交易 #,类型,日期和时间,信号,价格 USDT,大小（数量）,大小（价值）,净损益 USDT,净损益 %,有利波动 USDT,有利波动 %,不利波动 USDT,不利波动 %,累计P&L USDT,累计P&L %
1,多头出场,2025-10-28 19:00,short,4120.44,24.314,99999.59176,184.79,0.18,565.54,0.57,-209.34,-0.21,184.79,0.02
1,多头进场,2025-10-28 14:30,long,4112.84,24.314,99999.59176,184.79,0.18,565.54,0.57,-209.34,-0.21,184.79,0.02
2,空头出场,2025-10-28 20:30,long,4121.97,24.2737,100018.3244,-37.14,-0.04,549.8,0.55,-169.43,-0.17,147.65,0.01
2,空头进场,2025-10-28 19:00,short,4120.44,24.2737,100018.3244,-37.14,-0.04,549.8,0.55,-169.43,-0.17,147.65,0.01
3,多头出场,2025-10-28 22:00,short,4159.61,24.2638,100014.6557,913.29,0.91,1300.05,1.30,-2.43,0.00,1060.94,0.11
3,多头进场,2025-10-28 20:30,long,4121.97,24.2638,100014.6557,913.29,0.91,1300.05,1.30,-2.43,0.00,1060.94,0.11
4,空头出场,2025-10-29 01:00,long,4136.21,24.0662,100106.0062,563.15,0.56,2125.77,2.12,-142.95,-0.14,1624.09,0.16
4,空头进场,2025-10-28 22:00,short,4159.61,24.0662,100106.0062,563.15,0.56,2125.77,2.12,-142.95,-0.14,1624.09,0.16
5,多头出场,2025-10-29 16:00,short,4018.5,24.2159,100162.0477,-2850.45,-2.85,364.93,0.36,-4961.35,-4.95,-1226.37,-0.12
5,多头进场,2025-10-29 01:00,long,4136.21,24.2159,100162.0477,-2850.45,-2.85,364.93,0.36,-4961.35,-4.95,-1226.37,-0.12
6,空头出场,2025-10-29 19:00,long,4009.27,24.8543,99877.00455,229.41,0.23,867.42,0.87,-45.98,-0.05,-996.96,-0.10
6,空头进场,2025-10-29 16:00,short,4018.5,24.8543,99877.00455,229.41,0.23,867.42,0.87,-45.98,-0.05,-996.96,-0.10
7,多头出场,2025-10-29 22:00,short,3977.02,24.9173,99900.18337,-803.58,-0.80,501.83,0.50,-884.56,-0.89,-1800.55,-0.18
7,多头进场,2025-10-29 19:00,long,4009.27,24.9173,99900.18337,-803.58,-0.80,501.83,0.50,-884.56,-0.89,-1800.55,-0.18
8,空头出场,2025-10-30 01:00,long,3966.98,25.0991,99819.62268,251.99,0.25,1280.56,1.28,-578.79,-0.58,-1548.55,-0.15
8,空头进场,2025-10-29 22:00,short,3977.02,25.0991,99819.62268,251.99,0.25,1280.56,1.28,-578.79,-0.58,-1548.55,-0.15
9,多头出场,2025-10-30 02:30,short,3917.9,25.169,99844.91962,-1235.29,-1.24,1295.7,1.30,-3186.65,-3.19,-2783.84,-0.28
9,多头进场,2025-10-30 01:00,long,3966.98,25.169,99844.91962,-1235.29,-1.24,1295.7,1.30,-3186.65,-3.19,-2783.84,-0.28
10,空头出场,2025-10-30 10:00,long,3944.17,25.4528,99721.52512,-668.65,-0.67,1117.12,1.12,-1162.94,-1.17,-3452.49,-0.35
10,空头进场,2025-10-30 02:30,short,3917.9,25.4528,99721.52512,-668.65,-0.67,1117.12,1.12,-1162.94,-1.17,-3452.49,-0.35
11,多头出场,2025-10-30 11:30,short,3934.58,25.2663,99654.58247,-242.3,-0.24,115.47,0.12,-408.56,-0.41,-3694.79,-0.37
11,多头进场,2025-10-30 10:00,long,3944.17,25.2663,99654.58247,-242.3,-0.24,115.47,0.12,-408.56,-0.41,-3694.79,-0.37
12,空头出场,2025-10-30 13:00,long,3874.77,25.3217,99630.25439,1514.49,1.52,2407.59,2.42,-11.9,-0.01,-2180.3,-0.22
12,空头进场,2025-10-30 11:30,short,3934.58,25.3217,99630.25439,1514.49,1.52,2407.59,2.42,-11.9,-0.01,-2180.3,-0.22
13,多头出场,2025-10-30 17:30,short,3900.19,25.7517,99781.91461,654.61,0.66,1807,1.81,-109.96,-0.11,-1525.69,-0.15
13,多头进场,2025-10-30 13:00,long,3874.77,25.7517,99781.91461,654.61,0.66,1807,1.81,-109.96,-0.11,-1525.69,-0.15
14,空头出场,2025-10-31 05:30,long,3773.4,25.6006,99847.20411,3245.9,3.25,5637,5.65,-187.91,-0.19,1720.21,0.17
14,空头进场,2025-10-30 17:30,short,3900.19,25.6006,99847.20411,3245.9,3.25,5637,5.65,-187.91,-0.19,1720.21,0.17
15,多头出场,2025-11-02 01:00,short,3869.4,26.5468,100171.6951,2548.49,2.54,3610.1,3.60,-246.62,-0.25,4268.7,0.43
15,多头进场,2025-10-31 05:30,long,3773.4,26.5468,100171.6951,2548.49,2.54,3610.1,3.60,-246.62,-0.25,4268.7,0.43
16,空头出场,2025-11-02 19:00,long,3881.2,25.9541,100426.7945,-306.26,-0.30,405.92,0.40,-1267.34,-1.26,3962.44,0.40
16,空头进场,2025-11-02 01:00,short,3869.4,25.9541,100426.7945,-306.26,-0.30,405.92,0.40,-1267.34,-1.26,3962.44,0.40
17,多头出场,2025-11-02 20:30,short,3877.51,25.8673,100396.1648,-95.45,-0.10,427.85,0.43,-243.67,-0.24,3866.99,0.39
17,多头进场,2025-11-02 19:00,long,3881.2,25.8673,100396.1648,-95.45,-0.10,427.85,0.43,-243.67,-0.24,3866.99,0.39
18,空头出场,2025-11-03 05:30,long,3861.14,25.8894,100386.4074,423.81,0.42,993.89,0.99,-6.21,-0.01,4290.8,0.43
18,空头进场,2025-11-02 20:30,short,3877.51,25.8894,100386.4074,423.81,0.42,993.89,0.99,-6.21,-0.01,4290.8,0.43
19,多头出场,2025-11-03 23:30,short,3588.89,26.0102,100429.0236,-7081.28,-7.05,1433.94,1.43,-7252.94,-7.22,-2790.48,-0.28
19,多头进场,2025-11-03 05:30,long,3861.14,26.0102,100429.0236,-7081.28,-7.05,1433.94,1.43,-7252.94,-7.22,-2790.48,-0.28
20,空头出场,2025-11-04 08:30,long,3618.13,27.786,99720.89754,-812.46,-0.81,835.53,0.84,-2596.88,-2.60,-3602.94,-0.36
20,空头进场,2025-11-03 23:30,short,3588.89,27.786,99720.89754,-812.46,-0.81,835.53,0.84,-2596.88,-2.60,-3602.94,-0.36
21,多头出场,2025-11-04 13:00,short,3562.45,27.539,99639.68207,-1533.37,-1.54,1002.7,1.01,-1658.4,-1.66,-5136.31,-0.51
21,多头进场,2025-11-04 08:30,long,3618.13,27.539,99639.68207,-1533.37,-1.54,1002.7,1.01,-1658.4,-1.66,-5136.31,-0.51
22,空头出场,2025-11-04 19:00,long,3509.86,27.9263,99486.04744,1468.64,1.48,2852.67,2.87,0,0.00,-3667.67,-0.37
22,空头进场,2025-11-04 13:00,short,3562.45,27.9263,99486.04744,1468.64,1.48,2852.67,2.87,0,0.00,-3667.67,-0.37
23,多头出场,2025-11-04 20:30,short,3511.51,28.3866,99632.99188,46.84,0.05,685.25,0.69,-405.36,-0.41,-3620.83,-0.36
23,多头进场,2025-11-04 19:00,long,3509.86,28.3866,99632.99188,46.84,0.05,685.25,0.69,-405.36,-0.41,-3620.83,-0.36
24,空头出场,2025-11-04 22:00,long,3499.3,28.3746,99637.69165,346.45,0.35,511.31,0.51,-340.78,-0.34,-3274.38,-0.33
24,空头进场,2025-11-04 20:30,short,3511.51,28.3746,99637.69165,346.45,0.35,511.31,0.51,-340.78,-0.34,-3274.38,-0.33
25,多头出场,2025-11-04 23:30,short,3507.58,28.4835,99672.31155,235.84,0.24,2516.8,2.53,-720.63,-0.72,-3038.53,-0.30
25,多头进场,2025-11-04 22:00,long,3499.3,28.4835,99672.31155,235.84,0.24,2516.8,2.53,-720.63,-0.72,-3038.53,-0.30
26,空头出场,2025-11-05 10:00,long,3266.99,28.423,99695.94634,6838.29,6.86,12806.84,12.85,-369.5,-0.37,3799.76,0.38
26,空头进场,2025-11-04 23:30,short,3507.58,28.423,99695.94634,6838.29,6.86,12806.84,12.85,-369.5,-0.37,3799.76,0.38
27,多头出场,2025-11-05 17:30,short,3307.53,30.7255,100379.9012,1245.61,1.24,2691.86,2.68,-214.77,-0.21,5045.37,0.50
27,多头进场,2025-11-05 10:00,long,3266.99,30.7255,100379.9012,1245.61,1.24,2691.86,2.68,-214.77,-0.21,5045.37,0.50
28,空头出场,2025-11-05 19:00,long,3299.92,30.3865,100504.2603,231.24,0.23,1002.45,1.00,-44.67,-0.04,5276.61,0.53
28,空头进场,2025-11-05 17:30,short,3307.53,30.3865,100504.2603,231.24,0.23,1002.45,1.00,-44.67,-0.04,5276.61,0.53
29,多头出场,2025-11-06 08:30,short,3407.6,30.4636,100527.4429,3280.32,3.26,5499.9,5.47,-70.37,-0.07,8556.93,0.86
29,多头进场,2025-11-05 19:00,long,3299.92,30.4636,100527.4429,3280.32,3.26,5499.9,5.47,-70.37,-0.07,8556.93,0.86
30,空头出场,2025-11-06 10:00,long,3397.4,29.5972,100855.4187,301.89,0.30,961.02,0.95,-263.42,-0.26,8858.82,0.89
30,空头进场,2025-11-06 08:30,short,3407.6,29.5972,100855.4187,301.89,0.30,961.02,0.95,-263.42,-0.26,8858.82,0.89
31,多头出场,2025-11-06 13:00,short,3413.11,29.695,100885.793,466.51,0.46,1753.79,1.74,-39.49,-0.04,9325.33,0.93
31,多头进场,2025-11-06 10:00,long,3397.4,29.695,100885.793,466.51,0.46,1753.79,1.74,-39.49,-0.04,9325.33,0.93
32,空头出场,2025-11-06 19:00,long,3404.3,29.572,100932.4889,260.53,0.26,1541,1.53,-55.89,-0.06,9585.86,0.96
32,空头进场,2025-11-06 13:00,short,3413.11,29.572,100932.4889,260.53,0.26,1541,1.53,-55.89,-0.06,9585.86,0.96
33,多头出场,2025-11-06 20:30,short,3349.5,29.6561,100958.2612,-1625.15,-1.61,103.5,0.10,-1834.82,-1.82,7960.71,0.80
33,多头进场,2025-11-06 19:00,long,3404.3,29.6561,100958.2612,-1625.15,-1.61,103.5,0.10,-1834.82,-1.82,7960.71,0.80
34,空头出场,2025-11-07 08:30,long,3324.97,30.0928,100795.8336,738.18,0.73,3131.16,3.11,-1625.61,-1.61,8698.88,0.87
34,空头进场,2025-11-06 20:30,short,3349.5,30.0928,100795.8336,738.18,0.73,3131.16,3.11,-1625.61,-1.61,8698.88,0.87
35,多头出场,2025-11-08 13:00,short,3445.6,30.337,100869.6149,3659.55,3.63,4945.84,4.90,-3967.17,-3.93,12358.43,1.24
35,多头进场,2025-11-07 08:30,long,3324.97,30.337,100869.6149,3659.55,3.63,4945.84,4.90,-3967.17,-3.93,12358.43,1.24
36,空头出场,2025-11-08 16:00,long,3452.31,29.3811,101235.5182,-197.15,-0.19,793.29,0.78,-347.28,-0.34,12161.29,1.22
36,空头进场,2025-11-08 13:00,short,3445.6,29.3811,101235.5182,-197.15,-0.19,793.29,0.78,-347.28,-0.34,12161.29,1.22
37,多头出场,2025-11-09 08:30,short,3384.77,29.3183,101215.8603,-1980.16,-1.96,618.91,0.61,-2835.96,-2.80,10181.13,1.02
37,多头进场,2025-11-08 16:00,long,3452.31,29.3183,101215.8603,-1980.16,-1.96,618.91,0.61,-2835.96,-2.80,10181.13,1.02
38,空头出场,2025-11-09 13:00,long,3407.22,29.8448,101017.7837,-670.02,-0.66,779.25,0.77,-728.21,-0.72,9511.11,0.95
38,空头进场,2025-11-09 08:30,short,3384.77,29.8448,101017.7837,-670.02,-0.66,779.25,0.77,-728.21,-0.72,9511.11,0.95
39,多头出场,2025-11-09 17:30,short,3400.97,29.6285,100950.8178,-185.18,-0.18,826.93,0.82,-432.28,-0.43,9325.94,0.93
39,多头进场,2025-11-09 13:00,long,3407.22,29.6285,100950.8178,-185.18,-0.18,826.93,0.82,-432.28,-0.43,9325.94,0.93
40,空头出场,2025-11-10 14:30,long,3605.64,29.6775,100932.2872,-6074.09,-6.02,552.6,0.55,-7657.09,-7.59,3251.84,0.33
40,空头进场,2025-11-09 17:30,short,3400.97,29.6775,100932.2872,-6074.09,-6.02,552.6,0.55,-7657.09,-7.59,3251.84,0.33
41,多头出场,2025-11-10 16:00,short,3605.96,27.8245,100325.1302,8.9,0.01,478.86,0.48,-280.19,-0.28,3260.74,0.33
41,多头进场,2025-11-10 14:30,long,3605.64,27.8245,100325.1302,8.9,0.01,478.86,0.48,-280.19,-0.28,3260.74,0.33
42,空头出场,2025-11-10 17:30,long,3624.36,27.8222,100325.7403,-511.93,-0.51,554.77,0.55,-705.57,-0.70,2748.82,0.27
42,空头进场,2025-11-10 16:00,short,3605.96,27.8222,100325.7403,-511.93,-0.51,554.77,0.55,-705.57,-0.70,2748.82,0.27
43,多头出场,2025-11-10 19:00,short,3611.78,27.6669,100274.8057,-348.05,-0.35,100.71,0.10,-565.51,-0.56,2400.77,0.24
43,多头进场,2025-11-10 17:30,long,3624.36,27.6669,100274.8057,-348.05,-0.35,100.71,0.10,-565.51,-0.56,2400.77,0.24
44,空头出场,2025-11-11 04:00,long,3566.08,27.7536,100239.8974,1268.34,1.27,2899.7,2.89,-287.53,-0.29,3669.11,0.37
44,空头进场,2025-11-10 19:00,short,3611.78,27.7536,100239.8974,1268.34,1.27,2899.7,2.89,-287.53,-0.29,3669.11,0.37
45,多头出场,2025-11-11 05:30,short,3541.79,28.1448,100366.6084,-683.64,-0.68,505.48,0.50,-992.67,-0.99,2985.47,0.30
45,多头进场,2025-11-11 04:00,long,3566.08,28.1448,100366.6084,-683.64,-0.68,505.48,0.50,-992.67,-0.99,2985.47,0.30
46,空头出场,2025-11-12 11:30,long,3439.1,28.3186,100298.5343,2908.04,2.90,3866.9,3.86,-3015.36,-3.01,5893.51,0.59
46,空头进场,2025-11-11 05:30,short,3541.79,28.3186,100298.5343,2908.04,2.90,3866.9,3.86,-3015.36,-3.01,5893.51,0.59
47,多头出场,2025-11-12 22:00,short,3568.21,29.2487,100589.2042,3776.3,3.75,4360.69,4.34,-424.69,-0.42,9669.81,0.97
47,多头进场,2025-11-12 11:30,long,3439.1,29.2487,100589.2042,3776.3,3.75,4360.69,4.34,-424.69,-0.42,9669.81,0.97
48,空头出场,2025-11-13 08:30,long,3412.38,28.2962,100966.7838,4409.4,4.37,5561.9,5.51,-91.68,-0.09,14079.2,1.41
48,空头进场,2025-11-12 22:00,short,3568.21,28.2962,100966.7838,4409.4,4.37,5561.9,5.51,-91.68,-0.09,14079.2,1.41
49,多头出场,2025-11-14 11:30,short,3227.93,29.7176,101407.7439,-5481.41,-5.41,4560.46,4.50,-7671.9,-7.57,8597.79,0.86
49,多头进场,2025-11-13 08:30,long,3412.38,29.7176,101407.7439,-5481.41,-5.41,4560.46,4.50,-7671.9,-7.57,8597.79,0.86
50,空头出场,2025-11-14 14:30,long,3222.42,31.2459,100859.578,172.16,0.17,3851.68,3.82,-10.31,-0.01,8769.96,0.88
50,空头进场,2025-11-14 11:30,short,3227.93,31.2459,100859.578,172.16,0.17,3851.68,3.82,-10.31,-0.01,8769.96,0.88
51,多头出场,2025-11-14 16:00,short,3193.92,31.3047,100876.8914,-892.18,-0.88,591.66,0.59,-1077.51,-1.07,7877.77,0.79
51,多头进场,2025-11-14 14:30,long,3222.42,31.3047,100876.8914,-892.18,-0.88,591.66,0.59,-1077.51,-1.07,7877.77,0.79
52,空头出场,2025-11-14 22:00,long,3134.47,31.5561,100787.6589,1876.01,1.86,3910.43,3.88,-682.56,-0.68,9753.78,0.98
52,空头进场,2025-11-14 16:00,short,3193.92,31.5561,100787.6589,1876.01,1.86,3910.43,3.88,-682.56,-0.68,9753.78,0.98
53,多头出场,2025-11-15 01:00,short,3216.65,32.2144,100975.0704,2647.38,2.62,3937.89,3.90,-859.8,-0.85,12401.16,1.24
53,多头进场,2025-11-14 22:00,long,3134.47,32.2144,100975.0704,2647.38,2.62,3937.89,3.90,-859.8,-0.85,12401.16,1.24
54,空头出场,2025-11-15 02:30,long,3168.81,31.4737,101239.8771,1505.7,1.49,1940.35,1.92,-10.07,-0.01,13906.86,1.39
54,空头进场,2025-11-15 01:00,short,3216.65,31.4737,101239.8771,1505.7,1.49,1940.35,1.92,-10.07,-0.01,13906.86,1.39
55,多头出场,2025-11-15 04:00,short,3170.22,31.9964,101390.5123,45.11,0.04,1662.53,1.64,-280.93,-0.28,13951.98,1.40
55,多头进场,2025-11-15 02:30,long,3168.81,31.9964,101390.5123,45.11,0.04,1662.53,1.64,-280.93,-0.28,13951.98,1.40
56,空头出场,2025-11-15 10:00,long,3176.67,31.9836,101395.0484,-206.29,-0.20,2565.72,2.53,-532.53,-0.53,13745.69,1.37
56,空头进场,2025-11-15 04:00,short,3170.22,31.9836,101395.0484,-206.29,-0.20,2565.72,2.53,-532.53,-0.53,13745.69,1.37
57,多头出场,2025-11-15 16:00,short,3158.31,31.9122,101374.5284,-585.91,-0.58,553.04,0.55,-816.31,-0.81,13159.78,1.32
57,多头进场,2025-11-15 10:00,long,3176.67,31.9122,101374.5284,-585.91,-0.58,553.04,0.55,-816.31,-0.81,13159.78,1.32
58,空头出场,2025-11-15 20:30,long,3162.27,32.0791,101315.7423,-127.03,-0.13,772.46,0.76,-445.26,-0.44,13032.74,1.30
58,空头进场,2025-11-15 16:00,short,3158.31,32.0791,101315.7423,-127.03,-0.13,772.46,0.76,-445.26,-0.44,13032.74,1.30
59,多头出场,2025-11-16 19:00,short,3173.29,32.0349,101303.0032,353.02,0.35,2778.39,2.74,-976.74,-0.96,13385.77,1.34
59,多头进场,2025-11-15 20:30,long,3162.27,32.0349,101303.0032,353.02,0.35,2778.39,2.74,-976.74,-0.96,13385.77,1.34
60,空头出场,2025-11-17 08:30,long,3136.32,31.9348,101338.3815,1180.63,1.17,5406.24,5.33,-297.31,-0.29,14566.4,1.46
60,空头进场,2025-11-16 19:00,short,3173.29,31.9348,101338.3815,1180.63,1.17,5406.24,5.33,-297.31,-0.29,14566.4,1.46
61,多头出场,2025-11-21 07:00,short,2864.45,32.3489,101456.502,-8794.69,-8.67,2816.3,2.78,-11202.75,-11.04,5771.7,0.58
61,多头进场,2025-11-17 08:30,long,3136.32,32.3489,101456.502,-8794.69,-8.67,2816.3,2.78,-11202.75,-11.04,5771.7,0.58
62,空头出场,2025-11-21 08:30,long,2861.08,35.1122,100577.1413,118.33,0.12,1332.86,1.33,-194.87,-0.19,5890.03,0.59
62,空头进场,2025-11-21 07:00,short,2864.45,35.1122,100577.1413,118.33,0.12,1332.86,1.33,-194.87,-0.19,5890.03,0.59
63,多头出场,2025-11-21 10:00,short,2838.19,35.1577,100588.9923,-804.76,-0.80,901.8,0.90,-1366.23,-1.36,5085.27,0.51
63,多头进场,2025-11-21 08:30,long,2861.08,35.1577,100588.9923,-804.76,-0.80,901.8,0.90,-1366.23,-1.36,5085.27,0.51
64,空头出场,2025-11-21 20:30,long,2727.59,35.4128,100508.2548,3916.66,3.90,7600.3,7.56,-345.27,-0.34,9001.93,0.90
64,空头进场,2025-11-21 10:00,short,2838.19,35.4128,100508.2548,3916.66,3.90,7600.3,7.56,-345.27,-0.34,9001.93,0.90
65,多头出场,2025-11-21 23:30,short,2705.32,36.9924,100900.1003,-823.82,-0.82,2006.47,1.99,-1481.18,-1.47,8178.11,0.82
65,多头进场,2025-11-21 20:30,long,2727.59,36.9924,100900.1003,-823.82,-0.82,2006.47,1.99,-1481.18,-1.47,8178.11,0.82
66,空头出场,2025-11-22 01:00,long,2794.46,37.2665,100817.8078,-3321.94,-3.29,1129.92,1.12,-3783.3,-3.75,4856.17,0.49
66,空头进场,2025-11-21 23:30,short,2705.32,37.2665,100817.8078,-3321.94,-3.29,1129.92,1.12,-3783.3,-3.75,4856.17,0.49
67,多头出场,2025-11-22 04:00,short,2711.28,35.9588,100485.4282,-2991.05,-2.98,396.99,0.40,-3065.49,-3.05,1865.12,0.19
67,多头进场,2025-11-22 01:00,long,2794.46,35.9588,100485.4282,-2991.05,-2.98,396.99,0.40,-3065.49,-3.05,1865.12,0.19
68,空头出场,2025-11-22 05:30,long,2767.23,36.9517,100186.4052,-2067.45,-2.06,100.88,0.10,-2428.84,-2.42,-202.33,-0.02
68,空头进场,2025-11-22 04:00,short,2711.28,36.9517,100186.4052,-2067.45,-2.06,100.88,0.10,-2428.84,-2.42,-202.33,-0.02
69,多头出场,2025-11-22 10:00,short,2757.02,36.1299,99979.74318,-368.89,-0.37,610.23,0.61,-1953.9,-1.95,-571.22,-0.06
69,多头进场,2025-11-22 05:30,long,2767.23,36.1299,99979.74318,-368.89,-0.37,610.23,0.61,-1953.9,-1.95,-571.22,-0.06
70,空头出场,2025-11-22 14:30,long,2766.26,36.2503,99942.80211,-334.95,-0.34,1100.56,1.10,-417.24,-0.42,-906.17,-0.09
70,空头进场,2025-11-22 10:00,short,2757.02,36.2503,99942.80211,-334.95,-0.34,1100.56,1.10,-417.24,-0.42,-906.17,-0.09
71,多头出场,2025-11-22 16:00,short,2729.01,36.1171,99909.28905,-1345.36,-1.35,171.2,0.17,-1411.1,-1.41,-2251.53,-0.23
71,多头进场,2025-11-22 14:30,long,2766.26,36.1171,99909.28905,-1345.36,-1.35,171.2,0.17,-1411.1,-1.41,-2251.53,-0.23
72,空头出场,2025-11-22 19:00,long,2736.32,36.5608,99774.78881,-267.26,-0.27,902.32,0.90,-418.62,-0.42,-2518.79,-0.25
72,空头进场,2025-11-22 16:00,short,2729.01,36.5608,99774.78881,-267.26,-0.27,902.32,0.90,-418.62,-0.42,-2518.79,-0.25
73,多头出场,2025-11-22 20:30,short,2721.08,36.4533,99747.89386,-555.55,-0.56,243.51,0.24,-922.63,-0.92,-3074.34,-0.31
73,多头进场,2025-11-22 19:00,long,2736.32,36.4533,99747.89386,-555.55,-0.56,243.51,0.24,-922.63,-0.92,-3074.34,-0.31
74,空头出场,2025-11-22 22:00,long,2745.31,36.6371,99692.48007,-887.72,-0.89,332.66,0.33,-1222.58,-1.23,-3962.06,-0.40
74,空头进场,2025-11-22 20:30,short,2721.08,36.6371,99692.48007,-887.72,-0.89,332.66,0.33,-1222.58,-1.23,-3962.06,-0.40
75,多头出场,2025-11-23 14:30,short,2810.33,36.2814,99603.69023,2359.02,2.37,3877.03,3.89,-700.96,-0.70,-1603.04,-0.16
75,多头进场,2025-11-22 22:00,long,2745.31,36.2814,99603.69023,2359.02,2.37,3877.03,3.89,-700.96,-0.70,-1603.04,-0.16
76,空头出场,2025-11-23 16:00,long,2807.14,35.5259,99839.50255,113.33,0.11,1176.97,1.18,-71.41,-0.07,-1489.71,-0.15
76,空头进场,2025-11-23 14:30,short,2810.33,35.5259,99839.50255,113.33,0.11,1176.97,1.18,-71.41,-0.07,-1489.71,-0.15
77,多头出场,2025-11-23 22:00,short,2829.27,35.5703,99850.81194,787.17,0.79,1814.8,1.82,-151.53,-0.15,-702.54,-0.07
77,多头进场,2025-11-23 16:00,long,2807.14,35.5703,99850.81194,787.17,0.79,1814.8,1.82,-151.53,-0.15,-702.54,-0.07
78,空头出场,2025-11-23 23:30,long,2836.5,35.3199,99929.53347,-255.36,-0.26,676.38,0.68,-384.28,-0.38,-957.9,-0.10
78,空头进场,2025-11-23 22:00,short,2829.27,35.3199,99929.53347,-255.36,-0.26,676.38,0.68,-384.28,-0.38,-957.9,-0.10
79,多头出场,2025-11-24 01:00,short,2807.4,35.2209,99904.08285,-1024.93,-1.03,362.78,0.36,-1748.37,-1.75,-1982.83,-0.20
79,多头进场,2025-11-23 23:30,long,2836.5,35.2209,99904.08285,-1024.93,-1.03,362.78,0.36,-1748.37,-1.75,-1982.83,-0.20
80,空头出场,2025-11-24 02:30,long,2808.87,35.5495,99801.6663,-52.26,-0.05,738.36,0.74,-338.43,-0.34,-2035.09,-0.20
80,空头进场,2025-11-24 01:00,short,2807.4,35.5495,99801.6663,-52.26,-0.05,738.36,0.74,-338.43,-0.34,-2035.09,-0.20
81,多头出场,2025-11-24 07:00,short,2806.2,35.529,99796.34223,-94.86,-0.10,1283.66,1.29,-452.64,-0.45,-2129.95,-0.21
81,多头进场,2025-11-24 02:30,long,2808.87,35.529,99796.34223,-94.86,-0.10,1283.66,1.29,-452.64,-0.45,-2129.95,-0.21
82,空头出场,2025-11-24 10:00,long,2853.71,35.5594,99786.78828,-1689.43,-1.69,1536.17,1.54,-2178.37,-2.18,-3819.38,-0.38
82,空头进场,2025-11-24 07:00,short,2806.2,35.5594,99786.78828,-1689.43,-1.69,1536.17,1.54,-2178.37,-2.18,-3819.38,-0.38
83,多头出场,2025-11-24 11:30,short,2856.44,34.9082,99617.87942,95.3,0.10,446.48,0.45,-956.48,-0.96,-3724.08,-0.37
83,多头进场,2025-11-24 10:00,long,2853.71,34.9082,99617.87942,95.3,0.10,446.48,0.45,-956.48,-0.96,-3724.08,-0.37
84,空头出场,2025-11-24 13:00,long,2877.93,34.8782,99627.48561,-749.53,-0.75,1868.43,1.88,-1022.28,-1.03,-4473.61,-0.45
84,空头进场,2025-11-24 11:30,short,2856.44,34.8782,99627.48561,-749.53,-0.75,1868.43,1.88,-1022.28,-1.03,-4473.61,-0.45
85,多头出场,2025-11-24 14:30,short,2839.43,34.5917,99552.49118,-1331.78,-1.34,24.56,0.02,-1686,-1.69,-5805.39,-0.58
85,多头进场,2025-11-24 13:00,long,2877.93,34.5917,99552.49118,-1331.78,-1.34,24.56,0.02,-1686,-1.69,-5805.39,-0.58
86,空头出场,2025-11-25 20:30,long,2927.14,35.0138,99419.23413,-3071.06,-3.09,1904.4,1.92,-5166.99,-5.20,-8876.45,-0.89
86,空头进场,2025-11-24 14:30,short,2839.43,35.0138,99419.23413,-3071.06,-3.09,1904.4,1.92,-5166.99,-5.20,-8876.45,-0.89
87,多头出场,2025-11-27 13:00,short,3038.57,33.8597,99112.08226,3772.99,3.81,4883.58,4.93,-2364.08,-2.39,-5103.47,-0.51
87,多头进场,2025-11-25 20:30,long,2927.14,33.8597,99112.08226,3772.99,3.81,4883.58,4.93,-2364.08,-2.39,-5103.47,-0.51
88,空头出场,2025-11-27 14:30,long,3028.04,32.7422,99489.46665,344.78,0.35,691.52,0.70,0,0.00,-4758.69,-0.48
88,空头进场,2025-11-27 13:00,short,3038.57,32.7422,99489.46665,344.78,0.35,691.52,0.70,0,0.00,-4758.69,-0.48
89,多头出场,2025-11-27 16:00,short,3022.93,32.8675,99524.1047,-167.95,-0.17,272.8,0.27,-241.58,-0.24,-4926.65,-0.49
89,多头进场,2025-11-27 14:30,long,3028.04,32.8675,99524.1047,-167.95,-0.17,272.8,0.27,-241.58,-0.24,-4926.65,-0.49
90,空头出场,2025-11-27 23:30,long,3010.97,32.9175,99507.29827,393.69,0.40,1222.89,1.23,-717.6,-0.72,-4532.95,-0.45
90,空头进场,2025-11-27 16:00,short,3022.93,32.9175,99507.29827,393.69,0.40,1222.89,1.23,-717.6,-0.72,-4532.95,-0.45
91,多头出场,2025-11-28 19:00,short,3030.61,33.0613,99546.58246,649.32,0.65,2208.49,2.22,-549.15,-0.55,-3883.63,-0.39
91,多头进场,2025-11-27 23:30,long,3010.97,33.0613,99546.58246,649.32,0.65,2208.49,2.22,-549.15,-0.55,-3883.63,-0.39
92,空头出场,2025-11-28 22:00,long,3092.36,32.8685,99611.60479,-2029.63,-2.04,141.01,0.14,-2128.24,-2.14,-5913.26,-0.59
92,空头进场,2025-11-28 19:00,short,3030.61,32.8685,99611.60479,-2029.63,-2.04,141.01,0.14,-2128.24,-2.14,-5913.26,-0.59
93,多头出场,2025-11-28 23:30,short,3073.77,32.1465,99408.55074,-597.6,-0.60,213.45,0.21,-1296.79,-1.30,-6510.86,-0.65
93,多头进场,2025-11-28 22:00,long,3092.36,32.1465,99408.55074,-597.6,-0.60,213.45,0.21,-1296.79,-1.30,-6510.86,-0.65
94,空头出场,2025-11-29 23:30,long,3007.41,32.3215,99348.85706,2144.85,2.16,2833.95,2.85,-20.36,-0.02,-4366.01,-0.44
94,空头进场,2025-11-28 23:30,short,3073.77,32.3215,99348.85706,2144.85,2.16,2833.95,2.85,-20.36,-0.02,-4366.01,-0.44
95,多头出场,2025-11-30 01:00,short,2994.16,33.106,99563.31546,-438.65,-0.44,129.11,0.13,-485.66,-0.49,-4804.66,-0.48
95,多头进场,2025-11-29 23:30,long,3007.41,33.106,99563.31546,-438.65,-0.44,129.11,0.13,-485.66,-0.49,-4804.66,-0.48
96,空头出场,2025-11-30 02:30,long,2994.72,33.2378,99519.29125,-18.61,-0.02,1071.92,1.08,-142.59,-0.14,-4823.27,-0.48
96,空头进场,2025-11-30 01:00,short,2994.16,33.2378,99519.29125,-18.61,-0.02,1071.92,1.08,-142.59,-0.14,-4823.27,-0.48
97,多头出场,2025-11-30 05:30,short,2994.18,33.231,99517.54032,-17.94,-0.02,169.15,0.17,-406.42,-0.41,-4841.22,-0.48
97,多头进场,2025-11-30 02:30,long,2994.72,33.231,99517.54032,-17.94,-0.02,169.15,0.17,-406.42,-0.41,-4841.22,-0.48
98,空头出场,2025-11-30 08:30,long,2997.31,33.2364,99515.76415,-104.03,-0.10,335.36,0.34,-182.47,-0.18,-4945.25,-0.49
98,空头进场,2025-11-30 05:30,short,2994.18,33.2364,99515.76415,-104.03,-0.10,335.36,0.34,-182.47,-0.18,-4945.25,-0.49
99,多头出场,2025-11-30 10:00,short,3004.99,33.1982,99505.29684,254.96,0.26,497.31,0.50,-32.53,-0.03,-4690.29,-0.47
99,多头进场,2025-11-30 08:30,long,2997.31,33.1982,99505.29684,254.96,0.26,497.31,0.50,-32.53,-0.03,-4690.29,-0.47
100,空头出场,2025-11-30 11:30,long,3001.69,33.1218,99530.67778,109.3,0.11,983.39,0.99,-68.23,-0.07,-4580.99,-0.46
100,空头进场,2025-11-30 10:00,short,3004.99,33.1218,99530.67778,109.3,0.11,983.39,0.99,-68.23,-0.07,-4580.99,-0.46
101,多头出场,2025-11-30 13:00,short,2986.03,33.1619,99541.74361,-519.32,-0.52,58.36,0.06,-530.59,-0.53,-5100.3,-0.51
101,多头进场,2025-11-30 11:30,long,3001.69,33.1619,99541.74361,-519.32,-0.52,58.36,0.06,-530.59,-0.53,-5100.3,-0.51
102,空头出场,2025-11-30 14:30,long,2997.86,33.3184,99489.74195,-394.16,-0.40,0.33,0.00,-493.78,-0.50,-5494.46,-0.55
102,空头进场,2025-11-30 13:00,short,2986.03,33.3184,99489.74195,-394.16,-0.40,0.33,0.00,-493.78,-0.50,-5494.46,-0.55
103,多头出场,2025-12-01 02:30,short,3036.9,33.1738,99450.40807,1295.11,1.30,1829.87,1.84,-53.41,-0.05,-4199.35,-0.42
103,多头进场,2025-11-30 14:30,long,2997.86,33.1738,99450.40807,1295.11,1.30,1829.87,1.84,-53.41,-0.05,-4199.35,-0.42
104,空头出场,2025-12-01 19:00,long,2845.01,32.79,99579.951,6292.07,6.32,7547.93,7.58,-139.03,-0.14,2092.72,0.21
104,空头进场,2025-12-01 02:30,short,3036.9,32.79,99579.951,6292.07,6.32,7547.93,7.58,-139.03,-0.14,2092.72,0.21
105,多头出场,2025-12-01 20:30,short,2821.08,35.2228,100209.2182,-842.88,-0.84,36.98,0.04,-1775.93,-1.77,1249.84,0.12
105,多头进场,2025-12-01 19:00,long,2845.01,35.2228,100209.2182,-842.88,-0.84,36.98,0.04,-1775.93,-1.77,1249.84,0.12
106,空头出场,2025-12-02 05:30,long,2791.71,35.4917,100124.925,1042.39,1.04,3728.05,3.72,-665.47,-0.66,2292.23,0.23
106,空头进场,2025-12-01 20:30,short,2821.08,35.4917,100124.925,1042.39,1.04,3728.05,3.72,-665.47,-0.66,2292.23,0.23
107,多头出场,2025-12-04 13:00,short,3192.41,35.9024,100229.0891,14386.09,14.35,16107.25,16.07,-341.79,-0.34,16678.32,1.67
107,多头进场,2025-12-02 05:30,long,2791.71,35.9024,100229.0891,14386.09,14.35,16107.25,16.07,-341.79,-0.34,16678.32,1.67
108,空头出场,2025-12-04 17:30,long,3200.04,31.8467,101667.7235,-242.99,-0.24,698.72,0.69,-866.55,-0.85,16435.33,1.64
108,空头进场,2025-12-04 13:00,short,3192.41,31.8467,101667.7235,-242.99,-0.24,698.72,0.69,-866.55,-0.85,16435.33,1.64
109,多头出场,2025-12-04 19:00,short,3191.45,31.7632,101643.5105,-272.85,-0.27,124.51,0.12,-515.52,-0.51,16162.49,1.62
109,多头进场,2025-12-04 17:30,long,3200.04,31.7632,101643.5105,-272.85,-0.27,124.51,0.12,-515.52,-0.51,16162.49,1.62
110,空头出场,2025-12-04 23:30,long,3208.15,31.8401,101616.0871,-531.73,-0.52,1647.09,1.62,-1048.49,-1.03,15630.76,1.56
110,空头进场,2025-12-04 19:00,short,3191.45,31.8401,101616.0871,-531.73,-0.52,1647.09,1.62,-1048.49,-1.03,15630.76,1.56
111,多头出场,2025-12-05 01:00,short,3162.92,31.6578,101562.9711,-1431.88,-1.41,533.43,0.53,-1586.69,-1.56,14198.87,1.42
111,多头进场,2025-12-04 23:30,long,3208.15,31.6578,101562.9711,-1431.88,-1.41,533.43,0.53,-1586.69,-1.56,14198.87,1.42
112,空头出场,2025-12-05 08:30,long,3146.68,32.0652,101419.6624,520.74,0.51,3095.9,3.05,-106.78,-0.11,14719.61,1.47
112,空头进场,2025-12-05 01:00,short,3162.92,32.0652,101419.6624,520.74,0.51,3095.9,3.05,-106.78,-0.11,14719.61,1.47
113,多头出场,2025-12-05 13:00,short,3157.05,32.2473,101471.934,334.4,0.33,1504.34,1.48,-101.58,-0.10,15054.02,1.51
113,多头进场,2025-12-05 08:30,long,3146.68,32.2473,101471.934,334.4,0.33,1504.34,1.48,-101.58,-0.10,15054.02,1.51
114,空头出场,2025-12-06 10:00,long,3022.58,32.1519,101505.1559,4323.47,4.26,5593.47,5.51,-830.48,-0.82,19377.48,1.94
114,空头进场,2025-12-05 13:00,short,3157.05,32.1519,101505.1559,4323.47,4.26,5593.47,5.51,-830.48,-0.82,19377.48,1.94
115,多头出场,2025-12-06 16:00,short,3015.6,33.7254,101937.7195,-235.4,-0.23,799.97,0.78,-307.24,-0.30,19142.08,1.91
115,多头进场,2025-12-06 10:00,long,3022.58,33.7254,101937.7195,-235.4,-0.23,799.97,0.78,-307.24,-0.30,19142.08,1.91
116,空头出场,2025-12-06 17:30,long,3030,33.7956,101914.0114,-486.66,-0.48,79.42,0.08,-588.04,-0.58,18655.42,1.87
116,空头进场,2025-12-06 16:00,short,3015.6,33.7956,101914.0114,-486.66,-0.48,79.42,0.08,-588.04,-0.58,18655.42,1.87
117,多头出场,2025-12-08 05:30,short,3085.35,33.6189,101865.267,1860.81,1.83,4034.27,3.96,-4117.64,-4.04,20516.23,2.05
117,多头进场,2025-12-06 17:30,long,3030,33.6189,101865.267,1860.81,1.83,4034.27,3.96,-4117.64,-4.04,20516.23,2.05
118,空头出场,2025-12-08 08:30,long,3063.23,33.0761,102051.3451,731.64,0.72,2368.91,2.32,-33.74,-0.03,21247.87,2.12
118,空头进场,2025-12-08 05:30,short,3085.35,33.0761,102051.3451,731.64,0.72,2368.91,2.32,-33.74,-0.03,21247.87,2.12
119,多头出场,2025-12-08 22:00,short,3146.08,33.3389,102124.7186,2762.13,2.70,3909.99,3.83,-16.34,-0.02,24010,2.40
119,多头进场,2025-12-08 08:30,long,3063.23,33.3389,102124.7186,2762.13,2.70,3909.99,3.83,-16.34,-0.02,24010,2.40
120,空头出场,2025-12-10 13:00,long,3318.28,32.5487,102400.8141,-5604.89,-5.47,2301.19,2.25,-8194.79,-8.00,18405.12,1.84
120,空头进场,2025-12-08 22:00,short,3146.08,32.5487,102400.8141,-5604.89,-5.47,2301.19,2.25,-8194.79,-8.00,18405.12,1.84
121,多头出场,2025-12-10 14:30,short,3325.97,30.6907,101840.336,236.01,0.23,324.4,0.32,-100.67,-0.10,18641.13,1.86
121,多头进场,2025-12-10 13:00,long,3318.28,30.6907,101840.336,236.01,0.23,324.4,0.32,-100.67,-0.10,18641.13,1.86
122,空头出场,2025-12-10 16:00,long,3327.36,30.6268,101863.818,-42.57,-0.04,440.11,0.43,-245.93,-0.24,18598.56,1.86
122,空头进场,2025-12-10 14:30,short,3325.97,30.6268,101863.818,-42.57,-0.04,440.11,0.43,-245.93,-0.24,18598.56,1.86
123,多头出场,2025-12-10 19:00,short,3317.94,30.6128,101859.8062,-288.37,-0.28,1489.01,1.46,-520.11,-0.51,18310.18,1.83
123,多头进场,2025-12-10 16:00,long,3327.36,30.6128,101859.8062,-288.37,-0.28,1489.01,1.46,-520.11,-0.51,18310.18,1.83
124,空头出场,2025-12-10 20:30,long,3324.56,30.691,101830.8965,-203.17,-0.20,642.98,0.63,-287.57,-0.28,18107.01,1.81
124,空头进场,2025-12-10 19:00,short,3317.94,30.691,101830.8965,-203.17,-0.20,642.98,0.63,-287.57,-0.28,18107.01,1.81
125,多头出场,2025-12-10 22:00,short,3326.81,30.6238,101810.6605,68.9,0.07,439.76,0.43,-153.43,-0.15,18175.91,1.82
125,多头进场,2025-12-10 20:30,long,3324.56,30.6238,101810.6605,68.9,0.07,439.76,0.43,-153.43,-0.15,18175.91,1.82
126,空头出场,2025-12-10 23:30,long,3328.25,30.6051,101817.3527,-44.07,-0.04,684.33,0.67,-377.36,-0.37,18131.84,1.81
126,空头进场,2025-12-10 22:00,short,3326.81,30.6051,101817.3527,-44.07,-0.04,684.33,0.67,-377.36,-0.37,18131.84,1.81
127,多头出场,2025-12-11 04:00,short,3401.15,30.5906,101813.1644,2230.05,2.19,3646.09,3.58,-230.35,-0.23,20361.9,2.04
127,多头进场,2025-12-10 23:30,long,3328.25,30.5906,101813.1644,2230.05,2.19,3646.09,3.58,-230.35,-0.23,20361.9,2.04
128,空头出场,2025-12-11 20:30,long,3199.14,30.0004,102035.8605,6060.38,5.94,7022.49,6.88,-210.3,-0.21,26422.28,2.64
128,空头进场,2025-12-11 04:00,short,3401.15,30.0004,102035.8605,6060.38,5.94,7022.49,6.88,-210.3,-0.21,26422.28,2.64
129,多头出场,2025-12-11 22:00,short,3186.01,32.0843,102642.1675,-421.27,-0.41,152.4,0.15,-502.44,-0.49,26001.01,2.60
129,多头进场,2025-12-11 20:30,long,3199.14,32.0843,102642.1675,-421.27,-0.41,152.4,0.15,-502.44,-0.49,26001.01,2.60
130,空头出场,2025-12-12 01:00,long,3195.13,32.2033,102600.0358,-293.69,-0.29,1311.64,1.28,-772.56,-0.75,25707.31,2.57
130,空头进场,2025-12-11 22:00,short,3186.01,32.2033,102600.0358,-293.69,-0.29,1311.64,1.28,-772.56,-0.75,25707.31,2.57
131,多头出场,2025-12-13 20:30,short,3115.15,32.1022,102570.7023,-2567.53,-2.50,2512.64,2.45,-4809.55,-4.69,23139.78,2.31
131,多头进场,2025-12-12 01:00,long,3195.13,32.1022,102570.7023,-2567.53,-2.50,2512.64,2.45,-4809.55,-4.69,23139.78,2.31
132,空头出场,2025-12-13 22:00,long,3097.45,32.8439,102313.6751,581.34,0.57,657.86,0.64,-145.17,-0.14,23721.12,2.37
132,空头进场,2025-12-13 20:30,short,3115.15,32.8439,102313.6751,581.34,0.57,657.86,0.64,-145.17,-0.14,23721.12,2.37
133,多头出场,2025-12-13 23:30,short,3109.63,33.0504,102371.9615,402.55,0.39,877.82,0.86,-38.01,-0.04,24123.67,2.41
133,多头进场,2025-12-13 22:00,long,3097.45,33.0504,102371.9615,402.55,0.39,877.82,0.86,-38.01,-0.04,24123.67,2.41
134,空头出场,2025-12-14 23:30,long,3084.51,32.9339,102412.2435,827.3,0.81,1963.52,1.92,-655.71,-0.64,24950.97,2.50
134,空头进场,2025-12-13 23:30,short,3109.63,32.9339,102412.2435,827.3,0.81,1963.52,1.92,-655.71,-0.64,24950.97,2.50
135,多头出场,2025-12-15 01:00,short,3081.79,33.2289,102494.8743,-90.38,-0.09,776.89,0.76,-313.35,-0.31,24860.59,2.49
135,多头进场,2025-12-14 23:30,long,3084.51,33.2289,102494.8743,-90.38,-0.09,776.89,0.76,-313.35,-0.31,24860.59,2.49
136,空头出场,2025-12-15 02:30,long,3101.73,33.2553,102485.851,-663.11,-0.65,249.41,0.24,-778.17,-0.76,24197.48,2.42
136,空头进场,2025-12-15 01:00,short,3081.79,33.2553,102485.851,-663.11,-0.65,249.41,0.24,-778.17,-0.76,24197.48,2.42
137,多头出场,2025-12-15 04:00,short,3089.63,33.0202,102419.7449,-399.54,-0.39,5.94,0.01,-1273.92,-1.24,23797.93,2.38
137,多头进场,2025-12-15 02:30,long,3101.73,33.0202,102419.7449,-399.54,-0.39,5.94,0.01,-1273.92,-1.24,23797.93,2.38
138,空头出场,2025-12-15 10:00,long,3134.67,33.1365,102379.5245,-1492.47,-1.46,2160.17,2.11,-2030.94,-1.98,22305.47,2.23
138,空头进场,2025-12-15 04:00,short,3089.63,33.1365,102379.5245,-1492.47,-1.46,2160.17,2.11,-2030.94,-1.98,22305.47,2.23
139,多头出场,2025-12-15 20:30,short,3155.96,32.6128,102230.3658,694.33,0.68,1396.81,1.37,-999.58,-0.98,22999.79,2.30
139,多头进场,2025-12-15 10:00,long,3134.67,32.6128,102230.3658,694.33,0.68,1396.81,1.37,-999.58,-0.98,22999.79,2.30
140,空头出场,2025-12-16 07:00,long,2959.89,32.4148,102299.8122,6355.57,6.21,8472.9,8.28,-32.41,-0.03,29355.36,2.94
140,空头进场,2025-12-15 20:30,short,3155.96,32.4148,102299.8122,6355.57,6.21,8472.9,8.28,-32.41,-0.03,29355.36,2.94
141,多头出场,2025-12-16 08:30,short,2942.3,34.7768,102935.5026,-611.72,-0.59,638.85,0.62,-678.15,-0.66,28743.64,2.87
141,多头进场,2025-12-16 07:00,long,2959.89,34.7768,102935.5026,-611.72,-0.59,638.85,0.62,-678.15,-0.66,28743.64,2.87
142,空头出场,2025-12-16 14:30,long,2945.7,34.9639,102874.283,-118.88,-0.12,2318.11,2.25,-840.53,-0.82,28624.76,2.86
142,空头进场,2025-12-16 08:30,short,2942.3,34.9639,102874.283,-118.88,-0.12,2318.11,2.25,-840.53,-0.82,28624.76,2.86
143,多头出场,2025-12-16 22:00,short,2933.37,34.9195,102862.3711,-430.56,-0.42,1263.04,1.23,-2058.5,-2.00,28194.2,2.82
143,多头进场,2025-12-16 14:30,long,2945.7,34.9195,102862.3711,-430.56,-0.42,1263.04,1.23,-2058.5,-2.00,28194.2,2.82
144,空头出场,2025-12-16 23:30,long,2963.31,35.0516,102819.3119,-1049.44,-1.02,669.84,0.65,-1493.9,-1.45,27144.76,2.71
144,空头进场,2025-12-16 22:00,short,2933.37,35.0516,102819.3119,-1049.44,-1.02,669.84,0.65,-1493.9,-1.45,27144.76,2.71
145,多头出场,2025-12-17 01:00,short,2931.75,34.662,102714.2512,-1093.93,-1.07,30.5,0.03,-1317.85,-1.28,26050.83,2.61
145,多头进场,2025-12-16 23:30,long,2963.31,34.662,102714.2512,-1093.93,-1.07,30.5,0.03,-1317.85,-1.28,26050.83,2.61
146,空头出场,2025-12-18 10:00,long,2834.8,34.9978,102604.8001,3393.04,3.31,4925.24,4.80,-3470.73,-3.38,29443.86,2.94
146,空头进场,2025-12-17 01:00,short,2931.75,34.9978,102604.8001,3393.04,3.31,4925.24,4.80,-3470.73,-3.38,29443.86,2.94
147,多头出场,2025-12-18 13:00,short,2827.06,36.3145,102944.3446,-281.07,-0.27,334.09,0.32,-446.67,-0.43,29162.79,2.92
147,多头进场,2025-12-18 10:00,long,2834.8,36.3145,102944.3446,-281.07,-0.27,334.09,0.32,-446.67,-0.43,29162.79,2.92
148,空头出场,2025-12-18 14:30,long,2831.35,36.4039,102916.0095,-156.17,-0.15,148.53,0.14,-245.73,-0.24,29006.62,2.90
148,空头进场,2025-12-18 13:00,short,2827.06,36.4039,102916.0095,-156.17,-0.15,148.53,0.14,-245.73,-0.24,29006.62,2.90
149,多头出场,2025-12-19 01:00,short,2823.44,36.3433,102900.6025,-287.48,-0.28,6034.81,5.86,-1227.31,-1.19,28719.14,2.87
149,多头进场,2025-12-18 14:30,long,2831.35,36.3433,102900.6025,-287.48,-0.28,6034.81,5.86,-1227.31,-1.19,28719.14,2.87
150,空头出场,2025-12-19 10:00,long,2829.25,36.4349,102871.7541,-211.69,-0.21,1757.98,1.71,-1622.81,-1.58,28507.45,2.85
150,空头进场,2025-12-19 01:00,short,2823.44,36.4349,102871.7541,-211.69,-0.21,1757.98,1.71,-1622.81,-1.58,28507.45,2.85
151,多头出场,2025-12-20 01:00,short,2970.32,36.3526,102850.5936,5128.26,4.99,6934.26,6.74,-136.32,-0.13,33635.71,3.36
151,多头进场,2025-12-19 10:00,long,2829.25,36.3526,102850.5936,5128.26,4.99,6934.26,6.74,-136.32,-0.13,33635.71,3.36
152,空头出场,2025-12-20 02:30,long,2966.32,34.7987,103363.2746,139.19,0.13,1183.85,1.15,-259.25,-0.25,33774.91,3.38
152,空头进场,2025-12-20 01:00,short,2970.32,34.7987,103363.2746,139.19,0.13,1183.85,1.15,-259.25,-0.25,33774.91,3.38
153,多头出场,2025-12-20 07:00,short,2985.76,34.8504,103377.4385,677.49,0.66,1279.01,1.24,0,0.00,34452.4,3.45
153,多头进场,2025-12-20 02:30,long,2966.32,34.8504,103377.4385,677.49,0.66,1279.01,1.24,0,0.00,34452.4,3.45
154,空头出场,2025-12-20 11:30,long,2989.41,34.6462,103445.2381,-126.46,-0.12,512.07,0.50,-299.69,-0.29,34325.94,3.43
154,空头进场,2025-12-20 07:00,short,2985.76,34.6462,103445.2381,-126.46,-0.12,512.07,0.50,-299.69,-0.29,34325.94,3.43
155,多头出场,2025-12-20 13:00,short,2987.93,34.5996,103432.3902,-51.21,-0.05,48.09,0.05,-873.29,-0.84,34274.73,3.43
155,多头进场,2025-12-20 11:30,long,2989.41,34.5996,103432.3902,-51.21,-0.05,48.09,0.05,-873.29,-0.84,34274.73,3.43
156,空头出场,2025-12-21 04:00,long,2980.58,34.615,103427.1969,254.42,0.25,709.26,0.69,-203.19,-0.20,34529.16,3.45
156,空头进场,2025-12-20 13:00,short,2987.93,34.615,103427.1969,254.42,0.25,709.26,0.69,-203.19,-0.20,34529.16,3.45
157,多头出场,2025-12-21 13:00,short,2976.11,34.7089,103452.6532,-155.15,-0.15,186.04,0.18,-665.02,-0.64,34374.01,3.44
157,多头进场,2025-12-21 04:00,long,2980.58,34.7089,103452.6532,-155.15,-0.15,186.04,0.18,-665.02,-0.64,34374.01,3.44
158,空头出场,2025-12-22 01:00,long,2979.28,34.7559,103437.3815,-110.18,-0.11,1116.01,1.08,-1296.05,-1.25,34263.83,3.43
158,空头进场,2025-12-21 13:00,short,2976.11,34.7559,103437.3815,-110.18,-0.11,1116.01,1.08,-1296.05,-1.25,34263.83,3.43
159,多头出场,2025-12-23 01:00,short,3032.38,34.7152,103426.3011,1843.38,1.78,3405.91,3.29,-400.61,-0.39,36107.21,3.61
159,多头进场,2025-12-22 01:00,long,2979.28,34.7152,103426.3011,1843.38,1.78,3405.91,3.29,-400.61,-0.39,36107.21,3.61
160,空头出场,2025-12-23 07:00,long,3010.33,34.1681,103610.6631,753.41,0.73,2355.89,2.27,-290.77,-0.28,36860.61,3.69
160,空头进场,2025-12-23 01:00,short,3032.38,34.1681,103610.6631,753.41,0.73,2355.89,2.27,-290.77,-0.28,36860.61,3.69
161,多头出场,2025-12-23 10:00,short,3013.47,34.4434,103686.0003,108.15,0.10,876.93,0.85,-304.14,-0.29,36968.77,3.70
161,多头进场,2025-12-23 07:00,long,3010.33,34.4434,103686.0003,108.15,0.10,876.93,0.85,-304.14,-0.29,36968.77,3.70
162,空头出场,2025-12-23 19:00,long,2970.34,34.4111,103696.8175,1484.15,1.43,2363.35,2.28,-98.42,-0.09,38452.92,3.85
162,空头进场,2025-12-23 10:00,short,3013.47,34.4111,103696.8175,1484.15,1.43,2363.35,2.28,-98.42,-0.09,38452.92,3.85
163,多头出场,2025-12-23 20:30,short,2955.54,34.9607,103845.1656,-517.42,-0.50,144.39,0.14,-549.58,-0.53,37935.5,3.79
163,多头进场,2025-12-23 19:00,long,2970.34,34.9607,103845.1656,-517.42,-0.50,144.39,0.14,-549.58,-0.53,37935.5,3.79
164,空头出场,2025-12-23 23:30,long,2928.59,35.1183,103793.5404,946.44,0.91,1917.81,1.85,-271.11,-0.26,38881.94,3.89
164,空头进场,2025-12-23 20:30,short,2955.54,35.1183,103793.5404,946.44,0.91,1917.81,1.85,-271.11,-0.26,38881.94,3.89
165,多头出场,2025-12-24 01:00,short,2942.22,35.4737,103887.9231,483.51,0.47,1346.94,1.30,-219.58,-0.21,39365.45,3.94
165,多头进场,2025-12-23 23:30,long,2928.59,35.4737,103887.9231,483.51,0.47,1346.94,1.30,-219.58,-0.21,39365.45,3.94
166,空头出场,2025-12-24 04:00,long,2956.7,35.3258,103936.2753,-511.52,-0.49,1175.29,1.13,-674.02,-0.65,38853.93,3.89
166,空头进场,2025-12-24 01:00,short,2942.22,35.3258,103936.2753,-511.52,-0.49,1175.29,1.13,-674.02,-0.65,38853.93,3.89
167,多头出场,2025-12-24 10:00,short,2946.28,35.1355,103885.1328,-366.11,-0.35,1115.2,1.07,-466.25,-0.45,38487.81,3.85
167,多头进场,2025-12-24 04:00,long,2956.7,35.1355,103885.1328,-366.11,-0.35,1115.2,1.07,-466.25,-0.45,38487.81,3.85
168,空头出场,2025-12-24 20:30,long,2936.39,35.2474,103848.7097,348.6,0.34,1125.45,1.08,-438.83,-0.42,38836.41,3.88
168,空头进场,2025-12-24 10:00,short,2946.28,35.2474,103848.7097,348.6,0.34,1125.45,1.08,-438.83,-0.42,38836.41,3.88
169,多头出场,2025-12-24 22:00,short,2928.17,35.378,103883.6054,-290.81,-0.28,30.78,0.03,-417.11,-0.40,38545.61,3.85
169,多头进场,2025-12-24 20:30,long,2936.39,35.378,103883.6054,-290.81,-0.28,30.78,0.03,-417.11,-0.40,38545.61,3.85
170,空头出场,2025-12-25 01:00,long,2946.27,35.4673,103854.2838,-641.96,-0.62,1399.89,1.35,-734.53,-0.71,37903.64,3.79
170,空头进场,2025-12-24 22:00,short,2928.17,35.4673,103854.2838,-641.96,-0.62,1399.89,1.35,-734.53,-0.71,37903.64,3.79
171,多头出场,2025-12-26 05:30,short,2946.96,35.2277,103790.3157,24.31,0.02,887.39,0.85,-1207.25,-1.16,37927.95,3.79
171,多头进场,2025-12-25 01:00,long,2946.27,35.2277,103790.3157,24.31,0.02,887.39,0.85,-1207.25,-1.16,37927.95,3.79
172,空头出场,2025-12-26 10:00,long,2981.02,35.2202,103792.5206,-1199.6,-1.16,1963.88,1.89,-1657.46,-1.60,36728.35,3.67
172,空头进场,2025-12-26 05:30,short,2946.96,35.2202,103792.5206,-1199.6,-1.16,1963.88,1.89,-1657.46,-1.60,36728.35,3.67
173,多头出场,2025-12-26 16:00,short,2963.18,34.7776,103672.7212,-620.43,-0.60,464.63,0.45,-988.73,-0.95,36107.92,3.61
173,多头进场,2025-12-26 10:00,long,2981.02,34.7776,103672.7212,-620.43,-0.60,464.63,0.45,-988.73,-0.95,36107.92,3.61
174,空头出场,2025-12-26 17:30,long,2972.75,34.966,103610.5519,-334.62,-0.32,215.74,0.21,-466.8,-0.45,35773.3,3.58
174,空头进场,2025-12-26 16:00,short,2963.18,34.966,103610.5519,-334.62,-0.32,215.74,0.21,-466.8,-0.45,35773.3,3.58
175,多头出场,2025-12-26 19:00,short,2965.49,34.8422,103577.15,-252.95,-0.24,55.75,0.05,-348.77,-0.34,35520.34,3.55
175,多头进场,2025-12-26 17:30,long,2972.75,34.8422,103577.15,-252.95,-0.24,55.75,0.05,-348.77,-0.34,35520.34,3.55
176,空头出场,2025-12-26 20:30,long,2972.93,34.919,103551.9453,-259.8,-0.25,42.25,0.04,-293.67,-0.28,35260.54,3.53
176,空头进场,2025-12-26 19:00,short,2965.49,34.919,103551.9453,-259.8,-0.25,42.25,0.04,-293.67,-0.28,35260.54,3.53
177,多头出场,2025-12-26 22:00,short,2977.96,34.8229,103526.0441,175.16,0.17,451.3,0.44,-45.62,-0.04,35435.7,3.54
177,多头进场,2025-12-26 20:30,long,2972.93,34.8229,103526.0441,175.16,0.17,451.3,0.44,-45.62,-0.04,35435.7,3.54
178,空头出场,2025-12-27 10:00,long,2927.28,34.7699,103543.3714,1762.14,1.70,2902.24,2.80,-53.2,-0.05,37197.84,3.72
178,空头进场,2025-12-26 22:00,short,2977.96,34.7699,103543.3714,1762.14,1.70,2902.24,2.80,-53.2,-0.05,37197.84,3.72
179,多头出场,2025-12-28 13:00,short,2933.29,35.4321,103719.6777,212.95,0.21,1190.87,1.15,-359.64,-0.35,37410.79,3.74
179,多头进场,2025-12-27 10:00,long,2927.28,35.4321,103719.6777,212.95,0.21,1190.87,1.15,-359.64,-0.35,37410.79,3.74
180,空头出场,2025-12-28 17:30,long,2937.82,35.3667,103740.7874,-160.21,-0.15,134.04,0.13,-496.9,-0.48,37250.58,3.73
180,空头进场,2025-12-28 13:00,short,2933.29,35.3667,103740.7874,-160.21,-0.15,134.04,0.13,-496.9,-0.48,37250.58,3.73
181,多头出场,2025-12-28 23:30,short,2949.46,35.3068,103725.0232,410.97,0.40,826.53,0.80,-33.54,-0.03,37661.55,3.77
181,多头进场,2025-12-28 17:30,long,2937.82,35.3068,103725.0232,410.97,0.40,826.53,0.80,-33.54,-0.03,37661.55,3.77
182,空头出场,2025-12-29 01:00,long,2948.95,35.1814,103766.132,17.94,0.02,325.78,0.31,-185.05,-0.18,37679.49,3.77
182,空头进场,2025-12-28 23:30,short,2949.46,35.1814,103766.132,17.94,0.02,325.78,0.31,-185.05,-0.18,37679.49,3.77
183,多头出场,2025-12-29 02:30,short,2931.31,35.1881,103767.9475,-620.72,-0.60,26.04,0.03,-858.94,-0.83,37058.77,3.71
183,多头进场,2025-12-29 01:00,long,2948.95,35.1881,103767.9475,-620.72,-0.60,26.04,0.03,-858.94,-0.83,37058.77,3.71
184,空头出场,2025-12-29 05:30,long,2938.28,35.3786,103705.644,-246.59,-0.24,170.52,0.16,-307.44,-0.30,36812.18,3.68
184,空头进场,2025-12-29 02:30,short,2931.31,35.3786,103705.644,-246.59,-0.24,170.52,0.16,-307.44,-0.30,36812.18,3.68
185,多头出场,2025-12-29 17:30,short,2976.65,35.2863,103681.0296,1353.94,1.31,4216.71,4.07,-108.33,-0.10,38166.12,3.82
185,多头进场,2025-12-29 05:30,long,2938.28,35.2863,103681.0296,1353.94,1.31,4216.71,4.07,-108.33,-0.10,38166.12,3.82
186,空头出场,2025-12-30 05:30,long,2937.33,34.8769,103816.3244,1371.36,1.32,2315.83,2.23,-250.07,-0.24,39537.48,3.95
186,空头进场,2025-12-29 17:30,short,2976.65,34.8769,103816.3244,1371.36,1.32,2315.83,2.23,-250.07,-0.24,39537.48,3.95
187,多头出场,2025-12-30 08:30,short,2937.99,35.3905,103953.5774,23.36,0.02,244.55,0.24,-227.21,-0.22,39560.84,3.96
187,多头进场,2025-12-30 05:30,long,2937.33,35.3905,103953.5774,23.36,0.02,244.55,0.24,-227.21,-0.22,39560.84,3.96
188,空头出场,2025-12-30 11:30,long,2951.91,35.3834,103956.0754,-492.54,-0.47,656.36,0.63,-637.25,-0.61,39068.3,3.91
188,空头进场,2025-12-30 08:30,short,2937.99,35.3834,103956.0754,-492.54,-0.47,656.36,0.63,-637.25,-0.61,39068.3,3.91
189,多头出场,2025-12-31 01:00,short,2981.44,35.1998,103906.6416,1039.45,1.00,2037.72,1.96,-511.1,-0.49,40107.75,4.01
189,多头进场,2025-12-30 11:30,long,2951.91,35.1998,103906.6416,1039.45,1.00,2037.72,1.96,-511.1,-0.49,40107.75,4.01
190,空头出场,2025-12-31 07:00,long,2973.47,34.886,104010.5158,278.04,0.27,1279.62,1.23,-145.13,-0.14,40385.79,4.04
190,空头进场,2025-12-31 01:00,short,2981.44,34.886,104010.5158,278.04,0.27,1279.62,1.23,-145.13,-0.14,40385.79,4.04
191,多头出场,2025-12-31 11:30,short,2970.69,34.9889,104038.4445,-97.27,-0.09,398.52,0.38,-405.17,-0.39,40288.52,4.03
191,多头进场,2025-12-31 07:00,long,2973.47,34.9889,104038.4445,-97.27,-0.09,398.52,0.38,-405.17,-0.39,40288.52,4.03
192,空头出场,2026-01-04 17:30,long,3143.78,35.0184,104028.8107,-6061.33,-5.83,412.52,0.40,-6882.17,-6.62,34227.19,3.42
192,空头进场,2025-12-31 11:30,short,2970.69,35.0184,104028.8107,-6061.33,-5.83,412.52,0.40,-6882.17,-6.62,34227.19,3.42
193,多头出场,2026-01-04 19:00,short,3140.14,32.8975,103422.5026,-119.75,-0.12,148.7,0.14,-150.34,-0.15,34107.44,3.41
193,多头进场,2026-01-04 17:30,long,3143.78,32.8975,103422.5026,-119.75,-0.12,148.7,0.14,-150.34,-0.15,34107.44,3.41
194,空头出场,2026-01-05 04:00,long,3139.92,32.9318,103410.4625,7.24,0.01,704.41,0.68,-234.47,-0.23,34114.68,3.41
194,空头进场,2026-01-04 19:00,short,3140.14,32.9318,103410.4625,7.24,0.01,704.41,0.68,-234.47,-0.23,34114.68,3.41
195,多头出场,2026-01-05 11:30,short,3185.86,32.9344,103411.3812,1513.01,1.46,2664.39,2.58,-172.91,-0.17,35627.69,3.56
195,多头进场,2026-01-05 04:00,long,3139.92,32.9344,103411.3812,1513.01,1.46,2664.39,2.58,-172.91,-0.17,35627.69,3.56
196,空头出场,2026-01-05 16:00,long,3167,32.507,103562.751,613.08,0.59,1643.23,1.59,-80.94,-0.08,36240.77,3.62
196,空头进场,2026-01-05 11:30,short,3185.86,32.507,103562.751,613.08,0.59,1643.23,1.59,-80.94,-0.08,36240.77,3.62
197,多头出场,2026-01-05 20:30,short,3170.5,32.7199,103623.9233,114.52,0.11,553.29,0.53,-454.15,-0.44,36355.29,3.64
197,多头进场,2026-01-05 16:00,long,3167,32.7199,103623.9233,114.52,0.11,553.29,0.53,-454.15,-0.44,36355.29,3.64
198,空头出场,2026-01-06 17:30,long,3223,32.6874,103635.4017,-1716.09,-1.66,1159.75,1.12,-3110.53,-3.00,34639.2,3.46
198,空头进场,2026-01-05 20:30,short,3170.5,32.6874,103635.4017,-1716.09,-1.66,1159.75,1.12,-3110.53,-3.00,34639.2,3.46
199,多头出场,2026-01-07 01:00,short,3248.81,32.1017,103463.7791,828.54,0.80,2756.25,2.66,-50.72,-0.05,35467.75,3.55
199,多头进场,2026-01-06 17:30,long,3223,32.1017,103463.7791,828.54,0.80,2756.25,2.66,-50.72,-0.05,35467.75,3.55
200,空头出场,2026-01-07 04:00,long,3240.65,31.8722,103546.7221,260.08,0.25,2088.9,2.02,-344.54,-0.33,35727.83,3.57
200,空头进场,2026-01-07 01:00,short,3248.81,31.8722,103546.7221,260.08,0.25,2088.9,2.02,-344.54,-0.33,35727.83,3.57
201,多头出场,2026-01-07 08:30,short,3257.99,31.9604,103572.4703,554.19,0.54,1947.99,1.88,-69.67,-0.07,36282.02,3.63
201,多头进场,2026-01-07 04:00,long,3240.65,31.9604,103572.4703,554.19,0.54,1947.99,1.88,-69.67,-0.07,36282.02,3.63
202,空头出场,2026-01-07 10:00,long,3250.53,31.8074,103628.1911,237.28,0.23,590.03,0.57,-456.44,-0.44,36519.31,3.65
202,空头进场,2026-01-07 08:30,short,3257.99,31.8074,103628.1911,237.28,0.23,590.03,0.57,-456.44,-0.44,36519.31,3.65
203,多头出场,2026-01-07 11:30,short,3266.83,31.8877,103651.9255,519.77,0.50,1007.97,0.97,-109.37,-0.11,37039.07,3.70
203,多头进场,2026-01-07 10:00,long,3250.53,31.8877,103651.9255,519.77,0.50,1007.97,0.97,-109.37,-0.11,37039.07,3.70
204,空头出场,2026-01-08 07:00,long,3170.99,31.7445,103703.8849,3042.39,2.93,4488.99,4.33,-158.09,-0.15,40081.46,4.01
204,空头进场,2026-01-07 11:30,short,3266.83,31.7445,103703.8849,3042.39,2.93,4488.99,4.33,-158.09,-0.15,40081.46,4.01
205,多头出场,2026-01-08 10:00,short,3169.45,32.7998,104007.8378,-50.51,-0.05,439.52,0.42,-517.58,-0.50,40030.95,4.00
205,多头进场,2026-01-08 07:00,long,3170.99,32.7998,104007.8378,-50.51,-0.05,439.52,0.42,-517.58,-0.50,40030.95,4.00
206,空头出场,2026-01-09 01:00,long,3112.99,32.8142,104002.9662,1852.69,1.78,3767.07,3.62,0,0.00,41883.64,4.19
206,空头进场,2026-01-08 10:00,short,3169.45,32.8142,104002.9662,1852.69,1.78,3767.07,3.62,0,0.00,41883.64,4.19
207,多头出场,2026-01-09 04:00,short,3095.1,33.4689,104188.351,-598.76,-0.57,904,0.87,-789.87,-0.76,41284.89,4.13
207,多头进场,2026-01-09 01:00,long,3112.99,33.4689,104188.351,-598.76,-0.57,904,0.87,-789.87,-0.76,41284.89,4.13
208,空头出场,2026-01-09 05:30,long,3118.75,33.643,104128.4493,-795.66,-0.76,0,0.00,-946.71,-0.91,40489.23,4.05
208,空头进场,2026-01-09 04:00,short,3095.1,33.643,104128.4493,-795.66,-0.76,0,0.00,-946.71,-0.91,40489.23,4.05
209,多头出场,2026-01-09 07:00,short,3118.09,33.3623,104048.6731,-22.02,-0.02,388,0.37,-366.99,-0.35,40467.21,4.05
209,多头进场,2026-01-09 05:30,long,3118.75,33.3623,104048.6731,-22.02,-0.02,388,0.37,-366.99,-0.35,40467.21,4.05
210,空头出场,2026-01-09 08:30,long,3115.83,33.3687,104046.6098,75.41,0.07,455.15,0.44,-32.37,-0.03,40542.62,4.05
210,空头进场,2026-01-09 07:00,short,3118.09,33.3687,104046.6098,75.41,0.07,455.15,0.44,-32.37,-0.03,40542.62,4.05
211,多头出场,2026-01-09 10:00,short,3118.13,33.3953,104054.0776,76.81,0.07,1088.02,1.05,-1151.8,-1.11,40619.43,4.06
211,多头进场,2026-01-09 08:30,long,3115.83,33.3953,104054.0776,76.81,0.07,1088.02,1.05,-1151.8,-1.11,40619.43,4.06
212,空头出场,2026-01-09 11:30,long,3119.6,33.3731,104061.6643,-49.06,-0.05,504.6,0.48,-103.79,-0.10,40570.38,4.06
212,空头进场,2026-01-09 10:00,short,3118.13,33.3731,104061.6643,-49.06,-0.05,504.6,0.48,-103.79,-0.10,40570.38,4.06
213,多头出场,2026-01-09 22:00,short,3095.4,33.3558,104056.7537,-807.21,-0.78,203.8,0.20,-1739.84,-1.67,39763.16,3.98
213,多头进场,2026-01-09 11:30,long,3119.6,33.3558,104056.7537,-807.21,-0.78,203.8,0.20,-1739.84,-1.67,39763.16,3.98
214,空头出场,2026-01-09 23:30,long,3112.08,33.5905,103976.0337,-560.29,-0.54,1233.11,1.19,-1598.91,-1.54,39202.88,3.92
214,空头进场,2026-01-09 22:00,short,3095.4,33.5905,103976.0337,-560.29,-0.54,1233.11,1.19,-1598.91,-1.54,39202.88,3.92
215,多头出场,2026-01-10 02:30,short,3094.97,33.3925,103920.1314,-571.35,-0.55,1114.31,1.07,-1283.27,-1.23,38631.53,3.86
215,多头进场,2026-01-09 23:30,long,3112.08,33.3925,103920.1314,-571.35,-0.55,1114.31,1.07,-1283.27,-1.23,38631.53,3.86
216,空头出场,2026-01-10 07:00,long,3090.52,33.5586,103862.8602,149.34,0.14,998.03,0.96,0,0.00,38780.86,3.88
216,空头进场,2026-01-10 02:30,short,3094.97,33.5586,103862.8602,149.34,0.14,998.03,0.96,0,0.00,38780.86,3.88
217,多头出场,2026-01-10 11:30,short,3086.51,33.6118,103877.9401,-134.78,-0.13,137.47,0.13,-350.23,-0.34,38646.08,3.86
217,多头进场,2026-01-10 07:00,long,3090.52,33.6118,103877.9401,-134.78,-0.13,137.47,0.13,-350.23,-0.34,38646.08,3.86
218,空头出场,2026-01-10 13:00,long,3084.93,33.6511,103864.4567,53.17,0.05,286.71,0.28,-39.37,-0.04,38699.25,3.87
218,空头进场,2026-01-10 11:30,short,3086.51,33.6511,103864.4567,53.17,0.05,286.71,0.28,-39.37,-0.04,38699.25,3.87
219,多头出场,2026-01-12 04:00,short,3105.73,33.6701,103869.9016,700.34,0.67,2098.99,2.02,-209.43,-0.20,39399.59,3.94
219,多头进场,2026-01-10 13:00,long,3084.93,33.6701,103869.9016,700.34,0.67,2098.99,2.02,-209.43,-0.20,39399.59,3.94
220,空头出场,2026-01-12 07:00,long,3114,33.4671,103939.7765,-276.77,-0.27,439.76,0.42,-683.4,-0.66,39122.81,3.91
220,空头进场,2026-01-12 04:00,short,3105.73,33.4671,103939.7765,-276.77,-0.27,439.76,0.42,-683.4,-0.66,39122.81,3.91
221,多头出场,2026-01-12 16:00,short,3139.46,33.3693,103912.0002,849.58,0.82,1918.4,1.85,-559.27,-0.54,39972.39,4.00
221,多头进场,2026-01-12 07:00,long,3114,33.3693,103912.0002,849.58,0.82,1918.4,1.85,-559.27,-0.54,39972.39,4.00
222,空头出场,2026-01-12 23:30,long,3130.17,33.1258,103997.1241,307.74,0.30,2448.33,2.35,0,0.00,40280.14,4.03
222,空头进场,2026-01-12 16:00,short,3139.46,33.1258,103997.1241,307.74,0.30,2448.33,2.35,0,0.00,40280.14,4.03
223,多头出场,2026-01-13 01:00,short,3113.76,33.2339,104027.7568,-545.37,-0.52,548.03,0.53,-660.03,-0.63,39734.77,3.97
223,多头进场,2026-01-12 23:30,long,3130.17,33.2339,104027.7568,-545.37,-0.52,548.03,0.53,-660.03,-0.63,39734.77,3.97
224,空头出场,2026-01-13 08:30,long,3108.59,33.3916,103973.4284,172.63,0.17,1010.43,0.97,-467.15,-0.45,39907.4,3.99
224,空头进场,2026-01-13 01:00,short,3113.76,33.3916,103973.4284,172.63,0.17,1010.43,0.97,-467.15,-0.45,39907.4,3.99
225,多头出场,2026-01-13 10:00,short,3103.28,33.4527,103990.7287,-177.63,-0.17,194.03,0.19,-556.32,-0.53,39729.77,3.97
225,多头进场,2026-01-13 08:30,long,3108.59,33.4527,103990.7287,-177.63,-0.17,194.03,0.19,-556.32,-0.53,39729.77,3.97
226,空头出场,2026-01-13 11:30,long,3116.14,33.5042,103972.9138,-430.86,-0.41,152.78,0.15,-527.02,-0.51,39298.9,3.93
226,空头进场,2026-01-13 10:00,short,3103.28,33.5042,103972.9138,-430.86,-0.41,152.78,0.15,-527.02,-0.51,39298.9,3.93
227,多头出场,2026-01-14 16:00,short,3336.88,33.3521,103929.8129,7362.14,7.08,8393.06,8.08,-122.74,-0.12,46661.05,4.67
227,多头进场,2026-01-13 11:30,long,3116.14,33.3521,103929.8129,7362.14,7.08,8393.06,8.08,-122.74,-0.12,46661.05,4.67
228,空头出场,2026-01-14 22:00,long,3316.66,31.3664,104665.9128,634.23,0.61,1769.07,1.69,-10.04,-0.01,47295.27,4.73
228,空头进场,2026-01-14 16:00,short,3336.88,31.3664,104665.9128,634.23,0.61,1769.07,1.69,-10.04,-0.01,47295.27,4.73
229,多头出场,2026-01-15 01:00,short,3370.9,31.5768,104729.5095,1712.73,1.64,2722.87,2.60,-264.3,-0.25,49008,4.90
229,多头进场,2026-01-14 22:00,long,3316.66,31.5768,104729.5095,1712.73,1.64,2722.87,2.60,-264.3,-0.25,49008,4.90
230,空头出场,2026-01-15 02:30,long,3339.41,31.1195,104900.7225,979.95,0.93,1723.71,1.64,0,0.00,49987.95,5.00
230,空头进场,2026-01-15 01:00,short,3370.9,31.1195,104900.7225,979.95,0.93,1723.71,1.64,0,0.00,49987.95,5.00
231,多头出场,2026-01-15 05:30,short,3372.99,31.4423,104998.731,1055.83,1.01,1905.4,1.81,-232.36,-0.22,51043.79,5.10
231,多头进场,2026-01-15 02:30,long,3339.41,31.4423,104998.731,1055.83,1.01,1905.4,1.81,-232.36,-0.22,51043.79,5.10
232,空头出场,2026-01-15 14:30,long,3315.99,31.1605,105104.0549,1776.15,1.69,2959.94,2.82,-44.56,-0.04,52819.93,5.28
232,空头进场,2026-01-15 05:30,short,3372.99,31.1605,105104.0549,1776.15,1.69,2959.94,2.82,-44.56,-0.04,52819.93,5.28
233,多头出场,2026-01-15 22:00,short,3367.13,31.7497,105281.6877,1623.68,1.54,2165.33,2.06,-50.48,-0.05,54443.61,5.44
233,多头进场,2026-01-15 14:30,long,3315.99,31.7497,105281.6877,1623.68,1.54,2165.33,2.06,-50.48,-0.05,54443.61,5.44
234,空头出场,2026-01-16 05:30,long,3299.14,31.3157,105444.0329,2129.15,2.02,2925.2,2.77,-209.19,-0.20,56572.77,5.66
234,空头进场,2026-01-15 22:00,short,3367.13,31.3157,105444.0329,2129.15,2.02,2925.2,2.77,-209.19,-0.20,56572.77,5.66
235,多头出场,2026-01-16 10:00,short,3308.57,32.0257,105657.2679,302,0.29,885.51,0.84,-232.19,-0.22,56874.77,5.69
235,多头进场,2026-01-16 05:30,long,3299.14,32.0257,105657.2679,302,0.29,885.51,0.84,-232.19,-0.22,56874.77,5.69
236,空头出场,2026-01-16 13:00,long,3291.34,31.9435,105687.3058,550.39,0.52,1007.18,0.95,-0.32,0.00,57425.16,5.74
236,空头进场,2026-01-16 10:00,short,3308.57,31.9435,105687.3058,550.39,0.52,1007.18,0.95,-0.32,0.00,57425.16,5.74
237,多头出场,2026-01-17 11:30,short,3289.32,32.1274,105742.1967,-64.9,-0.06,919.81,0.87,-1231.44,-1.16,57360.26,5.74
237,多头进场,2026-01-16 13:00,long,3291.34,32.1274,105742.1967,-64.9,-0.06,919.81,0.87,-1231.44,-1.16,57360.26,5.74
238,空头出场,2026-01-17 13:00,long,3291.44,32.1452,105735.8493,-68.15,-0.06,107.04,0.10,-154.3,-0.15,57292.11,5.73
238,空头进场,2026-01-17 11:30,short,3289.32,32.1452,105735.8493,-68.15,-0.06,107.04,0.10,-154.3,-0.15,57292.11,5.73
239,多头出场,2026-01-18 05:30,short,3312.84,32.1224,105728.9523,687.42,0.65,1246.99,1.18,-142.94,-0.14,57979.53,5.80
239,多头进场,2026-01-17 13:00,long,3291.44,32.1224,105728.9523,687.42,0.65,1246.99,1.18,-142.94,-0.14,57979.53,5.80
240,空头出场,2026-01-18 11:30,long,3316.16,31.9357,105797.8644,-106.03,-0.10,526.94,0.50,-212.69,-0.20,57873.5,5.79
240,空头进场,2026-01-18 05:30,short,3312.84,31.9357,105797.8644,-106.03,-0.10,526.94,0.50,-212.69,-0.20,57873.5,5.79
241,多头出场,2026-01-19 07:00,short,3310.6,31.9005,105787.1621,-177.37,-0.17,1679.88,1.59,-403.22,-0.38,57696.14,5.77
241,多头进场,2026-01-18 11:30,long,3316.16,31.9005,105787.1621,-177.37,-0.17,1679.88,1.59,-403.22,-0.38,57696.14,5.77
242,空头出场,2026-01-19 19:00,long,3225.68,31.9487,105769.3662,2713.08,2.57,4246.62,4.01,-282.11,-0.27,60409.22,6.04
242,空头进场,2026-01-19 07:00,short,3310.6,31.9487,105769.3662,2713.08,2.57,4246.62,4.01,-282.11,-0.27,60409.22,6.04
243,多头出场,2026-01-20 04:00,short,3222.57,32.8739,106040.6818,-102.24,-0.10,347.81,0.33,-750.51,-0.71,60306.98,6.03
243,多头进场,2026-01-19 19:00,long,3225.68,32.8739,106040.6818,-102.24,-0.10,347.81,0.33,-750.51,-0.71,60306.98,6.03
244,空头出场,2026-01-21 11:30,long,2981.76,32.9025,106030.6094,7923.25,7.47,9955.31,9.39,-52.64,-0.05,68230.23,6.82
244,空头进场,2026-01-20 04:00,short,3222.57,32.9025,106030.6094,7923.25,7.47,9955.31,9.39,-52.64,-0.05,68230.23,6.82
245,多头出场,2026-01-21 16:00,short,2967.2,35.8254,106822.7447,-521.62,-0.49,725.11,0.68,-690.36,-0.65,67708.62,6.77
245,多头进场,2026-01-21 11:30,long,2981.76,35.8254,106822.7447,-521.62,-0.49,725.11,0.68,-690.36,-0.65,67708.62,6.77
246,空头出场,2026-01-21 22:00,long,2975.87,35.9837,106770.8346,-311.98,-0.29,2346.14,2.20,-486.5,-0.46,67396.64,6.74
246,空头进场,2026-01-21 16:00,short,2967.2,35.9837,106770.8346,-311.98,-0.29,2346.14,2.20,-486.5,-0.46,67396.64,6.74
247,多头出场,2026-01-22 01:00,short,2891.9,35.8683,106739.3979,-3011.86,-2.82,1827.85,1.71,-3936.9,-3.69,64384.78,6.44
247,多头进场,2026-01-21 22:00,long,2975.87,35.8683,106739.3979,-3011.86,-2.82,1827.85,1.71,-3936.9,-3.69,64384.78,6.44
248,空头出场,2026-01-22 02:30,long,2927.4,36.8057,106438.4038,-1306.6,-1.23,606.56,0.57,-1542.16,-1.45,63078.18,6.31
248,空头进场,2026-01-22 01:00,short,2891.9,36.8057,106438.4038,-1306.6,-1.23,606.56,0.57,-1542.16,-1.45,63078.18,6.31
249,多头出场,2026-01-22 07:00,short,3014.34,36.3147,106307.6528,3157.2,2.97,5144.7,4.84,-392.2,-0.37,66235.38,6.62
249,多头进场,2026-01-22 02:30,long,2927.4,36.3147,106307.6528,3157.2,2.97,5144.7,4.84,-392.2,-0.37,66235.38,6.62
250,空头出场,2026-01-22 08:30,long,3005.39,35.3721,106623.5359,316.58,0.30,1473.25,1.38,-0.35,0.00,66551.95,6.66
250,空头进场,2026-01-22 07:00,short,3014.34,35.3721,106623.5359,316.58,0.30,1473.25,1.38,-0.35,0.00,66551.95,6.66
251,多头出场,2026-01-23 20:30,short,2934.86,35.4879,106654.9798,-2502.96,-2.35,1168.97,1.10,-3526.43,-3.31,64048.99,6.40
251,多头进场,2026-01-22 08:30,long,3005.39,35.4879,106654.9798,-2502.96,-2.35,1168.97,1.10,-3526.43,-3.31,64048.99,6.40
252,空头出场,2026-01-23 23:30,long,2952.75,36.2555,106404.8167,-648.61,-0.61,1539.41,1.45,-1094.92,-1.03,63400.38,6.34
252,空头进场,2026-01-23 20:30,short,2934.86,36.2555,106404.8167,-648.61,-0.61,1539.41,1.45,-1094.92,-1.03,63400.38,6.34
253,多头出场,2026-01-24 04:00,short,2950.41,36.0138,106339.748,-84.27,-0.08,2395.28,2.25,-514.64,-0.48,63316.11,6.33
253,多头进场,2026-01-23 23:30,long,2952.75,36.0138,106339.748,-84.27,-0.08,2395.28,2.25,-514.64,-0.48,63316.11,6.33
254,空头出场,2026-01-25 17:30,long,2935.75,36.0396,106331.5962,528.34,0.50,1059.92,1.00,-720.79,-0.68,63844.45,6.38
254,空头进场,2026-01-24 04:00,short,2950.41,36.0396,106331.5962,528.34,0.50,1059.92,1.00,-720.79,-0.68,63844.45,6.38
255,多头出场,2026-01-25 19:00,short,2944.12,36.2375,106384.2406,303.31,0.29,447.9,0.42,-0.36,0.00,64147.76,6.41
255,多头进场,2026-01-25 17:30,long,2935.75,36.2375,106384.2406,303.31,0.29,447.9,0.42,-0.36,0.00,64147.76,6.41
256,空头出场,2026-01-26 08:30,long,2841.65,36.1448,106414.6286,3703.76,3.48,5679.07,5.34,-45.18,-0.04,67851.52,6.79
256,空头进场,2026-01-25 19:00,short,2944.12,36.1448,106414.6286,3703.76,3.48,5679.07,5.34,-45.18,-0.04,67851.52,6.79
257,多头出场,2026-01-27 04:00,short,2917.15,37.5785,106784.9445,2837.18,2.66,4117.1,3.86,-113.86,-0.11,70688.7,7.07
257,多头进场,2026-01-26 08:30,long,2841.65,37.5785,106784.9445,2837.18,2.66,4117.1,3.86,-113.86,-0.11,70688.7,7.07
258,空头出场,2026-01-28 02:30,long,2978.21,36.7032,107068.7399,-2241.1,-2.09,782.88,0.73,-2986.54,-2.79,68447.59,6.84
258,空头进场,2026-01-27 04:00,short,2917.15,36.7032,107068.7399,-2241.1,-2.09,782.88,0.73,-2986.54,-2.79,68447.59,6.84
259,多头出场,2026-01-28 11:30,short,3005.18,35.8754,106844.475,967.56,0.91,2040.23,1.91,-452.03,-0.42,69415.16,6.94
259,多头进场,2026-01-28 02:30,long,2978.21,35.8754,106844.475,967.56,0.91,2040.23,1.91,-452.03,-0.42,69415.16,6.94
260,空头出场,2026-01-28 14:30,long,3014.47,35.5857,106941.4339,-330.59,-0.31,437.35,0.41,-467.95,-0.44,69084.56,6.91
260,空头进场,2026-01-28 11:30,short,3005.18,35.5857,106941.4339,-330.59,-0.31,437.35,0.41,-467.95,-0.44,69084.56,6.91
261,多头出场,2026-01-28 16:00,short,2995.71,35.465,106908.1785,-665.32,-0.62,34.76,0.03,-760.72,-0.71,68419.24,6.84
261,多头进场,2026-01-28 14:30,long,3014.47,35.465,106908.1785,-665.32,-0.62,34.76,0.03,-760.72,-0.71,68419.24,6.84
262,空头出场,2026-01-28 17:30,long,3017.44,35.6649,106841.6976,-775,-0.73,325.26,0.30,-775.35,-0.73,67644.24,6.76
262,空头进场,2026-01-28 16:00,short,2995.71,35.6649,106841.6976,-775,-0.73,325.26,0.30,-775.35,-0.73,67644.24,6.76
263,多头出场,2026-01-28 22:00,short,3025.07,35.3824,106764.2691,269.97,0.25,1002.74,0.94,-153.21,-0.14,67914.21,6.79
263,多头进场,2026-01-28 17:30,long,3017.44,35.3824,106764.2691,269.97,0.25,1002.74,0.94,-153.21,-0.14,67914.21,6.79
264,空头出场,2026-01-30 07:00,long,2819.95,35.3021,106791.3236,7241.17,6.78,9550.63,8.94,-472.34,-0.44,75155.38,7.52
264,空头进场,2026-01-28 22:00,short,3025.07,35.3021,106791.3236,7241.17,6.78,9550.63,8.94,-472.34,-0.44,75155.38,7.52
265,多头出场,2026-01-30 08:30,short,2805,38.1267,107515.3877,-569.99,-0.53,331.7,0.31,-662.26,-0.62,74585.38,7.46
265,多头进场,2026-01-30 07:00,long,2819.95,38.1267,107515.3877,-569.99,-0.53,331.7,0.31,-662.26,-0.62,74585.38,7.46
266,空头出场,2026-01-30 19:00,long,2738.73,38.3096,107458.428,2538.78,2.36,4443.91,4.14,-318.35,-0.30,77124.16,7.71
266,空头进场,2026-01-30 08:30,short,2805,38.3096,107458.428,2538.78,2.36,4443.91,4.14,-318.35,-0.30,77124.16,7.71
267,多头出场,2026-01-30 20:30,short,2740.49,39.3293,107712.3338,69.22,0.06,1181.85,1.10,-130.18,-0.12,77193.38,7.72
267,多头进场,2026-01-30 19:00,long,2738.73,39.3293,107712.3338,69.22,0.06,1181.85,1.10,-130.18,-0.12,77193.38,7.72
268,空头出场,2026-01-31 02:30,long,2740.27,39.3065,107719.0702,8.65,0.01,4106.74,3.81,-956.33,-0.89,77202.02,7.72
268,空头进场,2026-01-30 20:30,short,2740.49,39.3065,107719.0702,8.65,0.01,4106.74,3.81,-956.33,-0.89,77202.02,7.72
269,多头出场,2026-01-31 04:00,short,2683.31,39.31,107720.0137,-2239.1,-2.08,832.98,0.77,-2537.85,-2.36,74962.93,7.50
269,多头进场,2026-01-31 02:30,long,2740.27,39.31,107720.0137,-2239.1,-2.08,832.98,0.77,-2537.85,-2.36,74962.93,7.50
270,空头出场,2026-01-31 07:00,long,2697.24,40.061,107496.0819,-558.05,-0.52,740.73,0.69,-1273.14,-1.18,74404.88,7.44
270,空头进场,2026-01-31 04:00,short,2683.31,40.061,107496.0819,-558.05,-0.52,740.73,0.69,-1273.14,-1.18,74404.88,7.44
271,多头出场,2026-01-31 10:00,short,2691.88,39.8334,107440.2398,-213.51,-0.20,693.1,0.65,-500.71,-0.47,74191.38,7.42
271,多头进场,2026-01-31 07:00,long,2697.24,39.8334,107440.2398,-213.51,-0.20,693.1,0.65,-500.71,-0.47,74191.38,7.42
272,空头出场,2026-01-31 11:30,long,2695.86,39.9048,107418.933,-158.82,-0.15,61.05,0.06,-668.8,-0.62,74032.55,7.40
272,空头进场,2026-01-31 10:00,short,2691.88,39.9048,107418.933,-158.82,-0.15,61.05,0.06,-668.8,-0.62,74032.55,7.40
273,多头出场,2026-01-31 13:00,short,2700.8,39.84,107403.0624,196.81,0.18,356.97,0.33,-201.59,-0.19,74229.36,7.42
273,多头进场,2026-01-31 11:30,long,2695.86,39.84,107403.0624,196.81,0.18,356.97,0.33,-201.59,-0.19,74229.36,7.42
274,空头出场,2026-02-01 07:00,long,2454.55,39.7744,107422.6995,9794.45,9.12,17930.3,16.69,-106.2,-0.10,84023.81,8.40
274,空头进场,2026-01-31 13:00,short,2700.8,39.7744,107422.6995,9794.45,9.12,17930.3,16.69,-106.2,-0.10,84023.81,8.40
275,多头出场,2026-02-01 13:00,short,2447.4,44.1638,108402.2553,-315.77,-0.29,946.43,0.87,-1121.76,-1.03,83708.04,8.37
275,多头进场,2026-02-01 07:00,long,2454.55,44.1638,108402.2553,-315.77,-0.29,946.43,0.87,-1121.76,-1.03,83708.04,8.37
276,空头出场,2026-02-01 17:30,long,2432.23,44.2799,108370.6273,671.73,0.62,2388.46,2.20,-33.21,-0.03,84379.77,8.44
276,空头进场,2026-02-01 13:00,short,2447.4,44.2799,108370.6273,671.73,0.62,2388.46,2.20,-33.21,-0.03,84379.77,8.44
277,多头出场,2026-02-01 19:00,short,2387.37,44.5837,108437.8127,-2000.02,-1.84,300.94,0.28,-2502.48,-2.31,82379.73,8.24
277,多头进场,2026-02-01 17:30,long,2432.23,44.5837,108437.8127,-2000.02,-1.84,300.94,0.28,-2502.48,-2.31,82379.73,8.24
278,空头出场,2026-02-02 08:30,long,2293.2,45.3377,108237.8648,4269.45,3.94,7497.5,6.93,-1656.19,-1.53,86649.19,8.66
278,空头进场,2026-02-01 19:00,short,2387.37,45.3377,108237.8648,4269.45,3.94,7497.5,6.93,-1656.19,-1.53,86649.19,8.66
279,多头出场,2026-02-02 10:00,short,2294.01,47.3857,108664.8872,38.38,0.04,1206.44,1.11,-2040.9,-1.88,86687.57,8.67
279,多头进场,2026-02-02 08:30,long,2293.2,47.3857,108664.8872,38.38,0.04,1206.44,1.11,-2040.9,-1.88,86687.57,8.67
280,空头出场,2026-02-02 16:00,long,2240.93,47.3706,108668.6301,2514.43,2.31,6483.61,5.97,-245.85,-0.23,89202,8.92
280,空头进场,2026-02-02 10:00,short,2294.01,47.3706,108668.6301,2514.43,2.31,6483.61,5.97,-245.85,-0.23,89202,8.92
281,多头出场,2026-02-03 22:00,short,2308.86,48.6049,108920.1786,3301.73,3.03,7567.3,6.95,-163.31,-0.15,92503.73,9.25
281,多头进场,2026-02-02 16:00,long,2240.93,48.6049,108920.1786,3301.73,3.03,7567.3,6.95,-163.31,-0.15,92503.73,9.25
282,空头出场,2026-02-04 04:00,long,2248.48,47.3178,109250.1757,2857.05,2.62,9409.62,8.61,-216.24,-0.20,95360.78,9.54
282,空头进场,2026-02-03 22:00,short,2308.86,47.3178,109250.1757,2857.05,2.62,9409.62,8.61,-216.24,-0.20,95360.78,9.54
283,多头出场,2026-02-04 07:00,short,2235.21,48.7156,109536.0523,-646.46,-0.59,4644.55,4.24,-1736.22,-1.59,94714.33,9.47
283,多头进场,2026-02-04 04:00,long,2248.48,48.7156,109536.0523,-646.46,-0.59,4644.55,4.24,-1736.22,-1.59,94714.33,9.47
284,空头出场,2026-02-04 08:30,long,2241.02,48.9759,109471.4214,-284.55,-0.26,862.96,0.79,-1048.57,-0.96,94429.77,9.44
284,空头进场,2026-02-04 07:00,short,2235.21,48.9759,109471.4214,-284.55,-0.26,862.96,0.79,-1048.57,-0.96,94429.77,9.44
285,多头出场,2026-02-04 10:00,short,2260.95,48.8362,109442.9009,973.31,0.89,1992.52,1.82,0,0.00,95403.08,9.54
285,多头进场,2026-02-04 08:30,long,2241.02,48.8362,109442.9009,973.31,0.89,1992.52,1.82,0,0.00,95403.08,9.54
286,空头出场,2026-02-04 11:30,long,2283.37,48.4487,109540.0883,-1086.22,-0.99,891.46,0.81,-1685.53,-1.54,94316.86,9.43
286,空头进场,2026-02-04 10:00,short,2260.95,48.4487,109540.0883,-1086.22,-0.99,891.46,0.81,-1685.53,-1.54,94316.86,9.43
287,多头出场,2026-02-05 07:00,short,2155.26,47.9255,109431.6489,-6139.74,-5.61,508.97,0.47,-9905.72,-9.05,88177.13,8.82
287,多头进场,2026-02-04 11:30,long,2283.37,47.9255,109431.6489,-6139.74,-5.61,508.97,0.47,-9905.72,-9.05,88177.13,8.82
288,空头出场,2026-02-05 08:30,long,2149.78,50.4893,108817.5687,276.68,0.25,931.53,0.86,-524.58,-0.48,88453.81,8.85
288,空头进场,2026-02-05 07:00,short,2155.26,50.4893,108817.5687,276.68,0.25,931.53,0.86,-524.58,-0.48,88453.81,8.85
289,多头出场,2026-02-05 10:00,short,2137.73,50.6309,108845.2962,-610.1,-0.56,1214.64,1.12,-1846,-1.70,87843.7,8.78
289,多头进场,2026-02-05 08:30,long,2149.78,50.6309,108845.2962,-610.1,-0.56,1214.64,1.12,-1846,-1.70,87843.7,8.78
290,空头出场,2026-02-05 17:30,long,2133.45,50.8877,108784.1629,217.8,0.20,3538.22,3.25,-1320.03,-1.21,88061.51,8.81
290,空头进场,2026-02-05 10:00,short,2137.73,50.8877,108784.1629,217.8,0.20,3538.22,3.25,-1320.03,-1.21,88061.51,8.81
291,多头出场,2026-02-05 19:00,short,2069,51,108805.95,-3286.95,-3.02,359.55,0.33,-3645.99,-3.35,84774.56,8.48
291,多头进场,2026-02-05 17:30,long,2133.45,51,108805.95,-3286.95,-3.02,359.55,0.33,-3645.99,-3.35,84774.56,8.48
292,空头出场,2026-02-06 08:30,long,1870.61,52.4298,108477.2562,10401.55,9.59,16840.45,15.52,-1966.64,-1.81,95176.1,9.52
292,空头进场,2026-02-05 19:00,short,2069,52.4298,108477.2562,10401.55,9.59,16840.45,15.52,-1966.64,-1.81,95176.1,9.52
293,多头出场,2026-02-06 14:30,short,1908.32,58.5464,109517.4813,2207.78,2.02,6155.57,5.62,-14.05,-0.01,97383.89,9.74
293,多头进场,2026-02-06 08:30,long,1870.61,58.5464,109517.4813,2207.78,2.02,6155.57,5.62,-14.05,-0.01,97383.89,9.74
294,空头出场,2026-02-06 17:30,long,1919,57.5052,109738.3233,-614.16,-0.56,2426.14,2.21,-1199.56,-1.09,96769.73,9.68
294,空头进场,2026-02-06 14:30,short,1908.32,57.5052,109738.3233,-614.16,-0.56,2426.14,2.21,-1199.56,-1.09,96769.73,9.68
295,多头出场,2026-02-07 08:30,short,2043.5,57.1531,109676.7989,7115.56,6.49,9998.36,9.12,-532.1,-0.49,103885.29,10.39
295,多头进场,2026-02-06 17:30,long,1919,57.1531,109676.7989,7115.56,6.49,9998.36,9.12,-532.1,-0.49,103885.29,10.39
296,空头出场,2026-02-07 10:00,long,2059.33,54.0193,110388.4395,-855.13,-0.77,588.81,0.53,-1250.01,-1.13,103030.16,10.30
296,空头进场,2026-02-07 08:30,short,2043.5,54.0193,110388.4395,-855.13,-0.77,588.81,0.53,-1250.01,-1.13,103030.16,10.30
297,多头出场,2026-02-07 14:30,short,2047.73,53.5625,110302.8631,-621.33,-0.56,3220.71,2.92,-649.71,-0.59,102408.84,10.24
297,多头进场,2026-02-07 10:00,long,2059.33,53.5625,110302.8631,-621.33,-0.56,3220.71,2.92,-649.71,-0.59,102408.84,10.24
298,空头出场,2026-02-07 20:30,long,2041.33,53.8356,110240.7732,344.55,0.31,2861.9,2.60,-1479.4,-1.34,102753.39,10.28
298,空头进场,2026-02-07 14:30,short,2047.73,53.8356,110240.7732,344.55,0.31,2861.9,2.60,-1479.4,-1.34,102753.39,10.28
299,多头出场,2026-02-07 22:00,short,2042.32,54.0213,110275.3003,53.48,0.05,491.59,0.45,-700.12,-0.63,102806.87,10.28
299,多头进场,2026-02-07 20:30,long,2041.33,54.0213,110275.3003,53.48,0.05,491.59,0.45,-700.12,-0.63,102806.87,10.28
300,空头出场,2026-02-07 23:30,long,2052.54,53.9977,110280.5827,-551.86,-0.50,1754.93,1.59,-1141.51,-1.04,102255.02,10.23
300,空头进场,2026-02-07 22:00,short,2042.32,53.9977,110280.5827,-551.86,-0.50,1754.93,1.59,-1141.51,-1.04,102255.02,10.23
301,多头出场,2026-02-08 08:30,short,2084.58,53.7019,110225.2978,1720.61,1.56,3714.02,3.37,-2309.18,-2.09,103975.63,10.40
301,多头进场,2026-02-07 23:30,long,2052.54,53.7019,110225.2978,1720.61,1.56,3714.02,3.37,-2309.18,-2.09,103975.63,10.40
302,空头出场,2026-02-08 10:00,long,2095.87,52.9591,110397.4807,-597.91,-0.54,124.45,0.11,-1210.64,-1.10,103377.72,10.34
302,空头进场,2026-02-08 08:30,short,2084.58,52.9591,110397.4807,-597.91,-0.54,124.45,0.11,-1210.64,-1.10,103377.72,10.34
303,多头出场,2026-02-08 11:30,short,2078.77,52.6453,110337.7049,-900.23,-0.82,175.84,0.16,-993.42,-0.90,102477.48,10.25
303,多头进场,2026-02-08 10:00,long,2095.87,52.6453,110337.7049,-900.23,-0.82,175.84,0.16,-993.42,-0.90,102477.48,10.25
304,空头出场,2026-02-08 16:00,long,2102.45,53.035,110247.5669,-1255.87,-1.14,778.02,0.71,-1508.32,-1.37,101221.61,10.12
304,空头进场,2026-02-08 11:30,short,2078.77,53.035,110247.5669,-1255.87,-1.14,778.02,0.71,-1508.32,-1.37,101221.61,10.12
305,多头出场,2026-02-08 17:30,short,2100.55,52.378,110122.1261,-99.52,-0.09,1157.55,1.05,-362.46,-0.33,101122.09,10.11
305,多头进场,2026-02-08 16:00,long,2102.45,52.378,110122.1261,-99.52,-0.09,1157.55,1.05,-362.46,-0.33,101122.09,10.11
306,空头出场,2026-02-08 19:00,long,2114.46,52.4206,110112.0913,-729.17,-0.66,898.49,0.82,-1036.36,-0.94,100392.92,10.04
306,空头进场,2026-02-08 17:30,short,2100.55,52.4206,110112.0913,-729.17,-0.66,898.49,0.82,-1036.36,-0.94,100392.92,10.04
307,多头出场,2026-02-08 23:30,short,2108.64,52.0413,110039.2472,-302.88,-0.28,1602.87,1.46,-878.98,-0.80,100090.04,10.01
307,多头进场,2026-02-08 19:00,long,2114.46,52.0413,110039.2472,-302.88,-0.28,1602.87,1.46,-878.98,-0.80,100090.04,10.01
308,空头出场,2026-02-09 02:30,long,2109.47,52.1705,110008.8031,-43.3,-0.04,1869.79,1.70,-703.78,-0.64,100046.74,10.00
308,空头进场,2026-02-08 23:30,short,2108.64,52.1705,110008.8031,-43.3,-0.04,1869.79,1.70,-703.78,-0.64,100046.74,10.00
309,多头出场,2026-02-10 07:00,short,2109.12,52.148,110004.6416,-18.25,-0.02,2219.42,2.02,-5259.13,-4.78,100028.49,10.00
309,多头进场,2026-02-09 02:30,long,2109.47,52.148,110004.6416,-18.25,-0.02,2219.42,2.02,-5259.13,-4.78,100028.49,10.00
310,空头出场,2026-02-10 08:30,long,2096.72,52.1558,110002.8409,646.73,0.59,658.73,0.60,-218.01,-0.20,100675.22,10.07
310,空头进场,2026-02-10 07:00,short,2109.12,52.1558,110002.8409,646.73,0.59,658.73,0.60,-218.01,-0.20,100675.22,10.07
311,多头出场,2026-02-10 10:00,short,2110.06,52.495,110067.3164,700.28,0.64,1469.34,1.33,-16.8,-0.02,101375.51,10.14
311,多头进场,2026-02-10 08:30,long,2096.72,52.495,110067.3164,700.28,0.64,1469.34,1.33,-16.8,-0.02,101375.51,10.14
312,空头出场,2026-02-10 23:30,long,2022.66,52.1964,110137.5358,4561.97,4.14,6299.06,5.72,-85.08,-0.08,105937.47,10.59
312,空头进场,2026-02-10 10:00,short,2110.06,52.1964,110137.5358,4561.97,4.14,6299.06,5.72,-85.08,-0.08,105937.47,10.59
313,多头出场,2026-02-11 02:30,short,2009.44,54.6773,110593.5876,-722.83,-0.65,1327.56,1.20,-1447.85,-1.31,105214.63,10.52
313,多头进场,2026-02-10 23:30,long,2022.66,54.6773,110593.5876,-722.83,-0.65,1327.56,1.20,-1447.85,-1.31,105214.63,10.52
314,空头出场,2026-02-11 07:00,long,2013.9,55.0011,110521.4104,-245.3,-0.22,684.21,0.62,-895.42,-0.81,104969.33,10.50
314,空头进场,2026-02-11 02:30,short,2009.44,55.0011,110521.4104,-245.3,-0.22,684.21,0.62,-895.42,-0.81,104969.33,10.50
315,多头出场,2026-02-11 11:30,short,2009.59,54.8671,110496.8527,-236.48,-0.21,1010.1,0.91,-872.39,-0.79,104732.85,10.47
315,多头进场,2026-02-11 07:00,long,2013.9,54.8671,110496.8527,-236.48,-0.21,1010.1,0.91,-872.39,-0.79,104732.85,10.47
316,空头出场,2026-02-12 02:30,long,1944.03,54.973,110473.1911,3604.03,3.26,5849.13,5.29,-341.93,-0.31,108336.88,10.83
316,空头进场,2026-02-11 11:30,short,2009.59,54.973,110473.1911,3604.03,3.26,5849.13,5.29,-341.93,-0.31,108336.88,10.83
317,多头出场,2026-02-12 07:00,short,1936.86,57.0123,110833.6216,-408.78,-0.37,2510.82,2.27,-660.77,-0.60,107928.1,10.79
317,多头进场,2026-02-12 02:30,long,1944.03,57.0123,110833.6216,-408.78,-0.37,2510.82,2.27,-660.77,-0.60,107928.1,10.79
318,空头出场,2026-02-13 07:00,long,1948.6,57.2022,110792.6531,-671.55,-0.61,2266.35,2.05,-3692.97,-3.33,107256.56,10.73
318,空头进场,2026-02-12 07:00,short,1936.86,57.2022,110792.6531,-671.55,-0.61,2266.35,2.05,-3692.97,-3.33,107256.56,10.73
319,多头出场,2026-02-14 10:00,short,2049.95,56.8231,110725.4927,5759.02,5.20,7107.43,6.42,-1356.94,-1.23,113015.57,11.30
319,多头进场,2026-02-13 07:00,long,1948.6,56.8231,110725.4927,5759.02,5.20,7107.43,6.42,-1356.94,-1.23,113015.57,11.30
320,空头出场,2026-02-14 11:30,long,2054.37,54.2947,111301.4203,-239.98,-0.22,79.81,0.07,-343.14,-0.31,112775.59,11.28
320,空头进场,2026-02-14 10:00,short,2049.95,54.2947,111301.4203,-239.98,-0.22,79.81,0.07,-343.14,-0.31,112775.59,11.28
321,多头出场,2026-02-14 13:00,short,2055.1,54.1662,111277.4163,39.54,0.04,196.62,0.18,-161.96,-0.15,112815.13,11.28
321,多头进场,2026-02-14 11:30,long,2054.37,54.1662,111277.4163,39.54,0.04,196.62,0.18,-161.96,-0.15,112815.13,11.28
322,空头出场,2026-02-14 16:00,long,2068,54.1489,111281.4044,-698.52,-0.63,357.38,0.32,-1961.27,-1.76,112116.61,11.21
322,空头进场,2026-02-14 13:00,short,2055.1,54.1489,111281.4044,-698.52,-0.63,357.38,0.32,-1961.27,-1.76,112116.61,11.21
323,多头出场,2026-02-14 20:30,short,2070.97,53.7773,111211.4564,159.72,0.14,2133.35,1.92,0,0.00,112276.33,11.23
323,多头进场,2026-02-14 16:00,long,2068,53.7773,111211.4564,159.72,0.14,2133.35,1.92,0,0.00,112276.33,11.23
324,空头出场,2026-02-14 22:00,long,2071.48,53.7079,111227.4497,-27.39,-0.02,343.19,0.31,-355.01,-0.32,112248.94,11.22
324,空头进场,2026-02-14 20:30,short,2070.97,53.7079,111227.4497,-27.39,-0.02,343.19,0.31,-355.01,-0.32,112248.94,11.22
325,多头出场,2026-02-14 23:30,short,2087.43,53.6934,111224.8042,856.41,0.77,1194.68,1.07,0,0.00,113105.35,11.31
325,多头进场,2026-02-14 22:00,long,2071.48,53.6934,111224.8042,856.41,0.77,1194.68,1.07,0,0.00,113105.35,11.31
326,空头出场,2026-02-15 01:00,long,2084.56,53.3241,111310.3261,153.04,0.14,1075.01,0.97,-98.65,-0.09,113258.39,11.33
326,空头进场,2026-02-14 23:30,short,2087.43,53.3241,111310.3261,153.04,0.14,1075.01,0.97,-98.65,-0.09,113258.39,11.33
327,多头出场,2026-02-15 07:00,short,2088.6,53.4049,111325.7183,215.76,0.19,765.29,0.69,-340.72,-0.31,113474.14,11.35
327,多头进场,2026-02-15 01:00,long,2084.56,53.4049,111325.7183,215.76,0.19,765.29,0.69,-340.72,-0.31,113474.14,11.35
328,空头出场,2026-02-15 13:00,long,2090.53,53.3119,111347.2343,-102.89,-0.09,3076.1,2.76,-274.56,-0.25,113371.25,11.34
328,空头进场,2026-02-15 07:00,short,2088.6,53.3119,111347.2343,-102.89,-0.09,3076.1,2.76,-274.56,-0.25,113371.25,11.34
329,多头出场,2026-02-16 10:00,short,1956.63,53.2578,111337.0286,-7131.22,-6.41,681.17,0.61,-8609.12,-7.73,106240.03,10.62
329,多头进场,2026-02-15 13:00,long,2090.53,53.2578,111337.0286,-7131.22,-6.41,681.17,0.61,-8609.12,-7.73,106240.03,10.62
330,空头出场,2026-02-16 11:30,long,1958.78,56.538,110623.9469,-121.56,-0.11,444.95,0.40,-295.13,-0.27,106118.48,10.61
330,空头进场,2026-02-16 10:00,short,1956.63,56.538,110623.9469,-121.56,-0.11,444.95,0.40,-295.13,-0.27,106118.48,10.61
331,多头出场,2026-02-16 13:00,short,1958.54,56.4697,110611.719,-13.55,-0.01,869.07,0.79,-229.83,-0.21,106104.92,10.61
331,多头进场,2026-02-16 11:30,long,1958.78,56.4697,110611.719,-13.55,-0.01,869.07,0.79,-229.83,-0.21,106104.92,10.61
332,空头出场,2026-02-16 14:30,long,1966.69,56.4759,110610.3092,-460.28,-0.42,317.96,0.29,-510.54,-0.46,105644.65,10.56
332,空头进场,2026-02-16 13:00,short,1958.54,56.4759,110610.3092,-460.28,-0.42,317.96,0.29,-510.54,-0.46,105644.65,10.56
333,多头出场,2026-02-16 22:00,short,1959.92,56.2185,110564.3618,-380.6,-0.34,3194.34,2.89,-658.88,-0.60,105264.05,10.53
333,多头进场,2026-02-16 14:30,long,1966.69,56.2185,110564.3618,-380.6,-0.34,3194.34,2.89,-658.88,-0.60,105264.05,10.53
334,空头出场,2026-02-17 23:30,long,1968.58,56.3933,110526.3565,-488.37,-0.44,1279,1.16,-2744.1,-2.48,104775.68,10.48
334,空头进场,2026-02-16 22:00,short,1959.92,56.3933,110526.3565,-488.37,-0.44,1279,1.16,-2744.1,-2.48,104775.68,10.48
335,多头出场,2026-02-18 19:00,short,1983.21,56.1204,110477.497,821.04,0.74,3954.8,3.58,-816.55,-0.74,105596.72,10.56
335,多头进场,2026-02-17 23:30,long,1968.58,56.1204,110477.497,821.04,0.74,3954.8,3.58,-816.55,-0.74,105596.72,10.56
336,空头出场,2026-02-19 07:00,long,1948.74,55.7478,110559.5944,1921.63,1.74,3313.09,3.00,-1510.21,-1.37,107518.34,10.75
336,空头进场,2026-02-18 19:00,short,1983.21,55.7478,110559.5944,1921.63,1.74,3313.09,3.00,-1510.21,-1.37,107518.34,10.75
337,多头出场,2026-02-19 16:00,short,1972.63,56.8325,110751.7661,1357.73,1.23,2205.67,1.99,-3.41,0.00,108876.08,10.89
337,多头进场,2026-02-19 07:00,long,1948.74,56.8325,110751.7661,1357.73,1.23,2205.67,1.99,-3.41,0.00,108876.08,10.89
338,空头出场,2026-02-20 02:30,long,1939.99,56.213,110887.4502,1834.79,1.65,3689.26,3.33,-442.96,-0.40,110710.87,11.07
338,空头进场,2026-02-19 16:00,short,1972.63,56.213,110887.4502,1834.79,1.65,3689.26,3.33,-442.96,-0.40,110710.87,11.07
339,多头出场,2026-02-22 04:00,short,1989.49,57.2534,111071.0235,2834.04,2.55,3181.57,2.86,-974.45,-0.88,113544.91,11.35
339,多头进场,2026-02-20 02:30,long,1939.99,57.2534,111071.0235,2834.04,2.55,3181.57,2.86,-974.45,-0.88,113544.91,11.35
340,空头出场,2026-02-22 14:30,long,1976.05,55.9713,111354.3416,752.25,0.68,1236.41,1.11,-37.5,-0.03,114297.16,11.43
340,空头进场,2026-02-22 04:00,short,1989.49,55.9713,111354.3416,752.25,0.68,1236.41,1.11,-37.5,-0.03,114297.16,11.43
341,多头出场,2026-02-23 08:30,short,1929.42,56.3901,111429.6571,-2629.47,-2.36,399.24,0.36,-2669.51,-2.40,111667.7,11.17
341,多头进场,2026-02-22 14:30,long,1976.05,56.3901,111429.6571,-2629.47,-2.36,399.24,0.36,-2669.51,-2.40,111667.7,11.17
342,空头出场,2026-02-23 16:00,long,1882.97,57.6166,111166.6204,2676.29,2.41,4722.26,4.25,0,0.00,114343.98,11.43
342,空头进场,2026-02-23 08:30,short,1929.42,57.6166,111166.6204,2676.29,2.41,4722.26,4.25,0,0.00,114343.98,11.43
343,多头出场,2026-02-23 23:30,short,1895.65,59.1801,111434.3529,750.4,0.67,3109.91,2.79,-339.69,-0.30,115094.39,11.51
343,多头进场,2026-02-23 16:00,long,1882.97,59.1801,111434.3529,750.4,0.67,3109.91,2.79,-339.69,-0.30,115094.39,11.51
344,空头出场,2026-02-24 22:00,long,1814.57,58.8238,111509.3365,4769.43,4.28,5626.5,5.05,-266.47,-0.24,119863.82,11.99
344,空头进场,2026-02-23 23:30,short,1895.65,58.8238,111509.3365,4769.43,4.28,5626.5,5.05,-266.47,-0.24,119863.82,11.99
345,多头出场,2026-02-25 13:00,short,1893.28,61.7151,111986.369,4857.6,4.34,8040.86,7.18,-684.42,-0.61,124721.42,12.47
345,多头进场,2026-02-24 22:00,long,1814.57,61.7151,111986.369,4857.6,4.34,8040.86,7.18,-684.42,-0.61,124721.42,12.47
346,空头出场,2026-02-26 11:30,long,2054.55,59.4059,112472.0024,-9580.39,-8.52,906.53,0.81,-15155.04,-13.47,115141.03,11.51
346,空头进场,2026-02-25 13:00,short,1893.28,59.4059,112472.0024,-9580.39,-8.52,906.53,0.81,-15155.04,-13.47,115141.03,11.51
347,多头出场,2026-02-26 13:00,short,2064.26,54.2766,111513.9885,527.03,0.47,1533.86,1.38,-142.75,-0.13,115668.06,11.57
347,多头进场,2026-02-26 11:30,long,2054.55,54.2766,111513.9885,527.03,0.47,1533.86,1.38,-142.75,-0.13,115668.06,11.57
348,空头出场,2026-02-26 17:30,long,2074.94,54.0468,111566.6474,-577.22,-0.52,1075.53,0.96,-755.57,-0.68,115090.84,11.51
348,空头进场,2026-02-26 13:00,short,2064.26,54.0468,111566.6474,-577.22,-0.52,1075.53,0.96,-755.57,-0.68,115090.84,11.51
349,多头出场,2026-02-26 19:00,short,2059.24,53.7408,111508.9356,-843.73,-0.76,450.89,0.40,-946.91,-0.85,114247.1,11.42
349,多头进场,2026-02-26 17:30,long,2074.94,53.7408,111508.9356,-843.73,-0.76,450.89,0.40,-946.91,-0.85,114247.1,11.42
350,空头出场,2026-02-26 20:30,long,2070,54.1096,111424.6527,-582.22,-0.52,312.75,0.28,-677.45,-0.61,113664.88,11.37
350,空头进场,2026-02-26 19:00,short,2059.24,54.1096,111424.6527,-582.22,-0.52,312.75,0.28,-677.45,-0.61,113664.88,11.37
351,多头出场,2026-02-26 22:00,short,2069.37,53.8002,111366.414,-33.89,-0.03,212.51,0.19,-638.07,-0.57,113630.99,11.36
351,多头进场,2026-02-26 20:30,long,2070,53.8002,111366.414,-33.89,-0.03,212.51,0.19,-638.07,-0.57,113630.99,11.36
352,空头出场,2026-02-27 05:30,long,2030.36,53.8149,111362.9396,2099.32,1.89,5059.68,4.54,-454.2,-0.41,115730.31,11.57
352,空头进场,2026-02-26 22:00,short,2069.37,53.8149,111362.9396,2099.32,1.89,5059.68,4.54,-454.2,-0.41,115730.31,11.57
353,多头出场,2026-02-27 08:30,short,2014.79,54.9523,111572.9518,-855.61,-0.77,392.91,0.35,-1210.05,-1.08,114874.7,11.49
353,多头进场,2026-02-27 05:30,long,2030.36,54.9523,111572.9518,-855.61,-0.77,392.91,0.35,-1210.05,-1.08,114874.7,11.49
354,空头出场,2026-02-27 10:00,long,2026.29,55.3345,111487.3973,-636.35,-0.57,817.29,0.73,-1062.98,-0.95,114238.36,11.42
354,空头进场,2026-02-27 08:30,short,2014.79,55.3345,111487.3973,-636.35,-0.57,817.29,0.73,-1062.98,-0.95,114238.36,11.42
355,多头出场,2026-02-28 11:30,short,1924.49,54.989,111423.6608,-5597.88,-5.02,2047.24,1.84,-7659.42,-6.87,108640.48,10.86
355,多头进场,2026-02-27 10:00,long,2026.29,54.989,111423.6608,-5597.88,-5.02,2047.24,1.84,-7659.42,-6.87,108640.48,10.86
356,空头出场,2026-02-28 20:30,long,1868.53,57.6069,110863.903,3223.68,2.91,5134.5,4.63,-410.74,-0.37,111864.16,11.19
356,空头进场,2026-02-28 11:30,short,1924.49,57.6069,110863.903,3223.68,2.91,5134.5,4.63,-410.74,-0.37,111864.16,11.19
357,多头出场,2026-03-01 16:00,short,2007.25,59.5047,111186.3171,8254.49,7.42,11083.94,9.97,-195.18,-0.18,120118.65,12.01
357,多头进场,2026-02-28 20:30,long,1868.53,59.5047,111186.3171,8254.49,7.42,11083.94,9.97,-195.18,-0.18,120118.65,12.01
358,空头出场,2026-03-01 22:00,long,2007.5,55.8036,112011.7761,-13.95,-0.01,2156.81,1.93,-1157.92,-1.03,120104.7,12.01
358,空头进场,2026-03-01 16:00,short,2007.25,55.8036,112011.7761,-13.95,-0.01,2156.81,1.93,-1157.92,-1.03,120104.7,12.01
359,多头出场,2026-03-03 07:00,short,2037.58,55.796,112010.47,1678.34,1.50,4603.17,4.11,-5584.62,-4.99,121783.05,12.18
359,多头进场,2026-03-01 22:00,long,2007.5,55.796,112010.47,1678.34,1.50,4603.17,4.11,-5584.62,-4.99,121783.05,12.18
360,空头出场,2026-03-03 23:30,long,1969.22,55.0546,112178.1519,3763.53,3.35,5947,5.30,-214.71,-0.19,125546.58,12.55
360,空头进场,2026-03-03 07:00,short,2037.58,55.0546,112178.1519,3763.53,3.35,5947,5.30,-214.71,-0.19,125546.58,12.55
361,多头出场,2026-03-05 07:00,short,2125.37,57.1569,112554.5106,8925.05,7.93,13133.51,11.67,-1379.77,-1.23,134471.62,13.45
361,多头进场,2026-03-03 23:30,long,1969.22,57.1569,112554.5106,8925.05,7.93,13133.51,11.67,-1379.77,-1.23,134471.62,13.45
362,空头出场,2026-03-06 04:00,long,2087.37,53.3776,113447.1497,2028.35,1.79,3769.53,3.32,-2043.83,-1.80,136499.97,13.65
362,空头进场,2026-03-05 07:00,short,2125.37,53.3776,113447.1497,2028.35,1.79,3769.53,3.32,-2043.83,-1.80,136499.97,13.65
363,多头出场,2026-03-06 05:30,short,2080.6,54.4465,113649.9907,-368.6,-0.32,652.81,0.57,-631.58,-0.56,136131.38,13.61
363,多头进场,2026-03-06 04:00,long,2087.37,54.4465,113649.9907,-368.6,-0.32,652.81,0.57,-631.58,-0.56,136131.38,13.61
364,空头出场,2026-03-06 14:30,long,2074.03,54.6059,113613.0355,358.76,0.32,1188.22,1.05,-695.13,-0.61,136490.14,13.65
364,空头进场,2026-03-06 05:30,short,2080.6,54.6059,113613.0355,358.76,0.32,1188.22,1.05,-695.13,-0.61,136490.14,13.65
365,多头出场,2026-03-06 16:00,short,2077.73,54.7962,113648.9627,202.75,0.18,746.87,0.66,-287.13,-0.25,136692.88,13.67
365,多头进场,2026-03-06 14:30,long,2074.03,54.7962,113648.9627,202.75,0.18,746.87,0.66,-287.13,-0.25,136692.88,13.67
366,空头出场,2026-03-07 10:00,long,1975.72,54.7084,113669.2839,5580.8,4.91,6662.39,5.86,-258.22,-0.23,142273.69,14.23
366,空头进场,2026-03-06 16:00,short,2077.73,54.7084,113669.2839,5580.8,4.91,6662.39,5.86,-258.22,-0.23,142273.69,14.23
367,多头出场,2026-03-07 11:30,short,1980.21,57.8155,114227.2397,259.59,0.23,1174.81,1.03,-227.21,-0.20,142533.28,14.25
367,多头进场,2026-03-07 10:00,long,1975.72,57.8155,114227.2397,259.59,0.23,1174.81,1.03,-227.21,-0.20,142533.28,14.25
368,空头出场,2026-03-07 13:00,long,1975.81,57.6975,114253.1665,253.87,0.22,915.66,0.80,-0.58,0.00,142787.14,14.28
368,空头进场,2026-03-07 11:30,short,1980.21,57.6975,114253.1665,253.87,0.22,915.66,0.80,-0.58,0.00,142787.14,14.28
369,多头出场,2026-03-07 14:30,short,1971.76,57.8389,114278.677,-234.25,-0.20,234.83,0.21,-404.87,-0.35,142552.89,14.26
369,多头进场,2026-03-07 13:00,long,1975.81,57.8389,114278.677,-234.25,-0.20,234.83,0.21,-404.87,-0.35,142552.89,14.26
370,空头出场,2026-03-07 16:00,long,1985.68,57.9458,114255.2106,-806.61,-0.71,271.77,0.24,-919.02,-0.80,141746.3,14.17
370,空头进场,2026-03-07 14:30,short,1971.76,57.9458,114255.2106,-806.61,-0.71,271.77,0.24,-919.02,-0.80,141746.3,14.17
371,多头出场,2026-03-07 23:30,short,1981.04,57.499,114174.6143,-266.8,-0.23,534.74,0.47,-874.56,-0.77,141479.5,14.15
371,多头进场,2026-03-07 16:00,long,1985.68,57.499,114174.6143,-266.8,-0.23,534.74,0.47,-874.56,-0.77,141479.5,14.15
372,空头出场,2026-03-08 07:00,long,1971.63,57.6202,114147.921,542.21,0.48,1898.59,1.66,-140.02,-0.12,142021.7,14.20
372,空头进场,2026-03-07 23:30,short,1981.04,57.6202,114147.921,542.21,0.48,1898.59,1.66,-140.02,-0.12,142021.7,14.20
373,多头出场,2026-03-08 08:30,short,1968.91,57.9227,114202.133,-157.55,-0.14,331.32,0.29,-287.88,-0.25,141864.16,14.19
373,多头进场,2026-03-08 07:00,long,1971.63,57.9227,114202.133,-157.55,-0.14,331.32,0.29,-287.88,-0.25,141864.16,14.19
374,空头出场,2026-03-08 14:30,long,1948.05,57.9947,114186.3448,1209.77,1.06,2256.57,1.98,-173.4,-0.15,143073.92,14.31
374,空头进场,2026-03-08 08:30,short,1968.91,57.9947,114186.3448,1209.77,1.06,2256.57,1.98,-173.4,-0.15,143073.92,14.31
375,多头出场,2026-03-08 19:00,short,1958.99,58.6778,114307.2883,641.94,0.56,1863.02,1.63,-50.46,-0.04,143715.86,14.37
375,多头进场,2026-03-08 14:30,long,1948.05,58.6778,114307.2883,641.94,0.56,1863.02,1.63,-50.46,-0.04,143715.86,14.37
376,空头出场,2026-03-09 02:30,long,1930.27,58.3829,114371.5173,1676.76,1.47,1980.93,1.73,-217.77,-0.19,145392.61,14.54
376,空头进场,2026-03-08 19:00,short,1958.99,58.3829,114371.5173,1676.76,1.47,1980.93,1.73,-217.77,-0.19,145392.61,14.54
377,多头出场,2026-03-09 05:30,short,1953.95,59.3384,114539.1334,1405.13,1.23,2473.22,2.16,-120.46,-0.11,146797.75,14.68
377,多头进场,2026-03-09 02:30,long,1930.27,59.3384,114539.1334,1405.13,1.23,2473.22,2.16,-120.46,-0.11,146797.75,14.68
378,空头出场,2026-03-09 08:30,long,1950.99,58.6912,114679.6702,173.73,0.15,2219.11,1.94,-715.45,-0.62,146971.47,14.70
378,空头进场,2026-03-09 05:30,short,1953.95,58.6912,114679.6702,173.73,0.15,2219.11,1.94,-715.45,-0.62,146971.47,14.70
379,多头出场,2026-03-09 14:30,short,1985,58.7892,114697.1413,1999.42,1.74,3719.59,3.24,-744.27,-0.65,148970.89,14.90
379,多头进场,2026-03-09 08:30,long,1950.99,58.7892,114697.1413,1999.42,1.74,3719.59,3.24,-744.27,-0.65,148970.89,14.90
380,空头出场,2026-03-09 16:00,long,1995.92,57.8826,114896.961,-632.08,-0.55,1247.37,1.09,-758.84,-0.66,148338.81,14.83
380,空头进场,2026-03-09 14:30,short,1985,57.8826,114896.961,-632.08,-0.55,1247.37,1.09,-758.84,-0.66,148338.81,14.83
381,多头出场,2026-03-10 04:00,short,2031.47,57.5343,114833.8601,2045.34,1.78,3313.98,2.89,-862.44,-0.75,150384.16,15.04
381,多头进场,2026-03-09 16:00,long,1995.92,57.5343,114833.8601,2045.34,1.78,3313.98,2.89,-862.44,-0.75,150384.16,15.04
382,空头出场,2026-03-10 10:00,long,2020.84,56.6281,115038.2863,601.96,0.52,2398.2,2.08,-221.98,-0.19,150986.11,15.10
382,空头进场,2026-03-10 04:00,short,2031.47,56.6281,115038.2863,601.96,0.52,2398.2,2.08,-221.98,-0.19,150986.11,15.10
383,多头出场,2026-03-10 20:30,short,2049.82,56.9558,115098.5589,1650.58,1.43,3027.77,2.63,0,0.00,152636.69,15.26
383,多头进场,2026-03-10 10:00,long,2020.84,56.9558,115098.5589,1650.58,1.43,3027.77,2.63,0,0.00,152636.69,15.26
384,空头出场,2026-03-10 22:00,long,2024.39,56.2311,115263.6334,1429.96,1.24,2315.03,2.01,-587.61,-0.51,154066.66,15.41
384,空头进场,2026-03-10 20:30,short,2049.82,56.2311,115263.6334,1429.96,1.24,2315.03,2.01,-587.61,-0.51,154066.66,15.41
385,多头出场,2026-03-11 02:30,short,2039.68,57.0081,115406.6276,871.65,0.76,3637.12,3.15,-6.84,-0.01,154938.31,15.49
385,多头进场,2026-03-10 22:00,long,2024.39,57.0081,115406.6276,871.65,0.76,3637.12,3.15,-6.84,-0.01,154938.31,15.49
386,空头出场,2026-03-12 16:00,long,2044.62,56.6235,115493.8205,-279.72,-0.24,1840.83,1.59,-2599.02,-2.25,154658.58,15.47
386,空头进场,2026-03-11 02:30,short,2039.68,56.6235,115493.8205,-279.72,-0.24,1840.83,1.59,-2599.02,-2.25,154658.58,15.47
387,多头出场,2026-03-12 22:00,short,2058.55,56.473,115465.8253,786.67,0.68,2845.11,2.46,-346.18,-0.30,155445.25,15.54
387,多头进场,2026-03-12 16:00,long,2044.62,56.473,115465.8253,786.67,0.68,2845.11,2.46,-346.18,-0.30,155445.25,15.54
388,空头出场,2026-03-12 23:30,long,2072.33,56.129,115544.353,-773.46,-0.67,1165.24,1.01,-1316.23,-1.14,154671.8,15.47
388,空头进场,2026-03-12 22:00,short,2058.55,56.129,115544.353,-773.46,-0.67,1165.24,1.01,-1316.23,-1.14,154671.8,15.47
389,多头出场,2026-03-13 14:30,short,2095.94,55.7185,115467.1191,1315.51,1.14,4260.79,3.69,-1499.38,-1.30,155987.31,15.60
389,多头进场,2026-03-12 23:30,long,2072.33,55.7185,115467.1191,1315.51,1.14,4260.79,3.69,-1499.38,-1.30,155987.31,15.60
390,空头出场,2026-03-13 17:30,long,2113.55,55.1536,115598.6364,-971.25,-0.84,247.64,0.21,-1161.53,-1.00,155016.06,15.50
390,空头进场,2026-03-13 14:30,short,2095.94,55.1536,115598.6364,-971.25,-0.84,247.64,0.21,-1161.53,-1.00,155016.06,15.50
391,多头出场,2026-03-13 23:30,short,2128.01,54.6481,115501.4918,790.21,0.68,5217.8,4.52,-39.35,-0.03,155806.27,15.58
391,多头进场,2026-03-13 17:30,long,2113.55,54.6481,115501.4918,790.21,0.68,5217.8,4.52,-39.35,-0.03,155806.27,15.58
392,空头出场,2026-03-14 11:30,long,2101.16,54.3139,115580.5223,1458.33,1.26,2689.08,2.33,-832.09,-0.72,157264.6,15.73
392,空头进场,2026-03-13 23:30,short,2128.01,54.3139,115580.5223,1458.33,1.26,2689.08,2.33,-832.09,-0.72,157264.6,15.73
393,多头出场,2026-03-14 13:00,short,2092.33,55.0774,115726.4298,-486.33,-0.42,271.53,0.23,-731.98,-0.63,156778.27,15.68
393,多头进场,2026-03-14 11:30,long,2101.16,55.0774,115726.4298,-486.33,-0.42,271.53,0.23,-731.98,-0.63,156778.27,15.68
394,空头出场,2026-03-14 20:30,long,2075.44,55.2866,115677.8118,933.79,0.81,1698.96,1.47,-31.51,-0.03,157712.05,15.77
394,空头进场,2026-03-14 13:00,short,2092.33,55.2866,115677.8118,933.79,0.81,1698.96,1.47,-31.51,-0.03,157712.05,15.77
395,多头出场,2026-03-14 22:00,short,2078.26,55.7815,115771.1564,157.3,0.14,290.62,0.25,-136.11,-0.12,157869.36,15.79
395,多头进场,2026-03-14 20:30,long,2075.44,55.7815,115771.1564,157.3,0.14,290.62,0.25,-136.11,-0.12,157869.36,15.79
396,空头出场,2026-03-14 23:30,long,2074.72,55.7134,115786.9307,197.23,0.17,471.34,0.41,-68.53,-0.06,158066.58,15.81
396,空头进场,2026-03-14 22:00,short,2078.26,55.7134,115786.9307,197.23,0.17,471.34,0.41,-68.53,-0.06,158066.58,15.81
397,多头出场,2026-03-15 20:30,short,2109.59,55.8179,115806.5135,1946.37,1.68,2719.45,2.35,-308.67,-0.27,160012.95,16.00
397,多头进场,2026-03-14 23:30,long,2074.72,55.8179,115806.5135,1946.37,1.68,2719.45,2.35,-308.67,-0.27,160012.95,16.00
398,空头出场,2026-03-16 01:00,long,2094.98,54.9876,116001.2911,803.37,0.69,1278.46,1.10,-174.31,-0.15,160816.33,16.08
398,空头进场,2026-03-15 20:30,short,2109.59,54.9876,116001.2911,803.37,0.69,1278.46,1.10,-174.31,-0.15,160816.33,16.08
399,多头出场,2026-03-17 10:00,short,2347.92,55.4094,116081.5848,14015.25,12.07,16126.35,13.89,-36.57,-0.03,174831.58,17.48
399,多头进场,2026-03-16 01:00,long,2094.98,55.4094,116081.5848,14015.25,12.07,16126.35,13.89,-36.57,-0.03,174831.58,17.48
400,空头出场,2026-03-17 14:30,long,2315.34,50.0371,117483.1078,1630.21,1.39,2690.49,2.29,-683.51,-0.58,176461.78,17.65
400,空头进场,2026-03-17 10:00,short,2347.92,50.0371,117483.1078,1630.21,1.39,2690.49,2.29,-683.51,-0.58,176461.78,17.65
401,多头出场,2026-03-17 16:00,short,2326.52,50.8116,117646.1299,568.07,0.48,1144.28,0.97,0,0.00,177029.86,17.70
401,多头进场,2026-03-17 14:30,long,2315.34,50.8116,117646.1299,568.07,0.48,1144.28,0.97,0,0.00,177029.86,17.70
402,空头出场,2026-03-17 19:00,long,2328.41,50.5918,117702.8345,-95.62,-0.08,1139.33,0.97,-327.33,-0.28,176934.23,17.69
402,空头进场,2026-03-17 16:00,short,2326.52,50.5918,117702.8345,-95.62,-0.08,1139.33,0.97,-327.33,-0.28,176934.23,17.69
403,多头出场,2026-03-17 20:30,short,2315.42,50.5466,117693.2089,-656.6,-0.56,333.1,0.28,-790.55,-0.67,176277.64,17.63
403,多头进场,2026-03-17 19:00,long,2328.41,50.5466,117693.2089,-656.6,-0.56,333.1,0.28,-790.55,-0.67,176277.64,17.63
404,空头出场,2026-03-19 07:00,long,2194.96,50.8019,117627.7353,6119.6,5.20,8240.58,7.01,-2149.43,-1.83,182397.23,18.24
404,空头进场,2026-03-17 20:30,short,2315.42,50.8019,117627.7353,6119.6,5.20,8240.58,7.01,-2149.43,-1.83,182397.23,18.24
405,多头出场,2026-03-19 08:30,short,2193.34,53.8687,118239.6418,-87.27,-0.07,717.53,0.61,-220.86,-0.19,182309.97,18.23
405,多头进场,2026-03-19 07:00,long,2194.96,53.8687,118239.6418,-87.27,-0.07,717.53,0.61,-220.86,-0.19,182309.97,18.23
406,空头出场,2026-03-19 10:00,long,2202.08,53.9045,118230.896,-471.13,-0.40,328.82,0.28,-557.91,-0.47,181838.84,18.18
406,空头进场,2026-03-19 08:30,short,2193.34,53.9045,118230.896,-471.13,-0.40,328.82,0.28,-557.91,-0.47,181838.84,18.18
407,多头出场,2026-03-19 13:00,short,2190.74,53.6692,118183.8719,-608.61,-0.51,1698.09,1.44,-672.48,-0.57,181230.23,18.12
407,多头进场,2026-03-19 10:00,long,2202.08,53.6692,118183.8719,-608.61,-0.51,1698.09,1.44,-672.48,-0.57,181230.23,18.12
408,空头出场,2026-03-19 17:30,long,2189.42,53.9192,118122.9482,71.17,0.06,2566.55,2.17,-267.44,-0.23,181301.4,18.13
408,空头进场,2026-03-19 13:00,short,2190.74,53.9192,118122.9482,71.17,0.06,2566.55,2.17,-267.44,-0.23,181301.4,18.13
409,多头出场,2026-03-19 19:00,short,2174.75,53.9549,118129.9372,-791.52,-0.67,142.98,0.12,-1179.45,-1.00,180509.89,18.05
409,多头进场,2026-03-19 17:30,long,2189.42,53.9549,118129.9372,-791.52,-0.67,142.98,0.12,-1179.45,-1.00,180509.89,18.05
410,空头出场,2026-03-20 02:30,long,2125.04,54.2825,118050.8669,2698.38,2.29,4091.27,3.47,-153.62,-0.13,183208.27,18.32
410,空头进场,2026-03-19 19:00,short,2174.75,54.2825,118050.8669,2698.38,2.29,4091.27,3.47,-153.62,-0.13,183208.27,18.32
411,多头出场,2026-03-20 07:00,short,2142.6,55.6793,118320.7397,977.73,0.83,1775.06,1.50,0,0.00,184186,18.42
411,多头进场,2026-03-20 02:30,long,2125.04,55.6793,118320.7397,977.73,0.83,1775.06,1.50,0,0.00,184186,18.42
412,空头出场,2026-03-20 08:30,long,2145.6,55.2686,118418.5024,-165.81,-0.14,664.88,0.56,-353.72,-0.30,184020.19,18.40
412,空头进场,2026-03-20 07:00,short,2142.6,55.2686,118418.5024,-165.81,-0.14,664.88,0.56,-353.72,-0.30,184020.19,18.40
413,多头出场,2026-03-21 16:00,short,2150.36,55.1836,118401.9322,262.67,0.22,1723.94,1.46,-1584.87,-1.34,184282.88,18.43
413,多头进场,2026-03-20 08:30,long,2145.6,55.1836,118401.9322,262.67,0.22,1723.94,1.46,-1584.87,-1.34,184282.88,18.43
414,空头出场,2026-03-21 17:30,long,2158.77,55.0737,118428.2815,-463.17,-0.39,43.51,0.04,-475.84,-0.40,183819.7,18.38
414,空头进场,2026-03-21 16:00,short,2150.36,55.0737,118428.2815,-463.17,-0.39,43.51,0.04,-475.84,-0.40,183819.7,18.38
415,多头出场,2026-03-21 20:30,short,2157.98,54.8376,118381.7658,-43.32,-0.04,101.45,0.09,-316.41,-0.27,183776.38,18.38
415,多头进场,2026-03-21 17:30,long,2158.77,54.8376,118381.7658,-43.32,-0.04,101.45,0.09,-316.41,-0.27,183776.38,18.38
416,空头出场,2026-03-22 11:30,long,2113.83,54.8557,118377.5035,2421.88,2.05,5916.74,5.00,-564.47,-0.48,186198.25,18.62
416,空头进场,2026-03-21 20:30,short,2157.98,54.8557,118377.5035,2421.88,2.05,5916.74,5.00,-564.47,-0.48,186198.25,18.62
417,多头出场,2026-03-22 16:00,short,2077.61,56.116,118619.6843,-2032.52,-1.71,511.22,0.43,-2214.9,-1.87,184165.73,18.42
417,多头进场,2026-03-22 11:30,long,2113.83,56.116,118619.6843,-2032.52,-1.71,511.22,0.43,-2214.9,-1.87,184165.73,18.42
418,空头出场,2026-03-23 10:00,long,2067.78,56.9965,118416.4984,560.28,0.47,2941.59,2.48,-1094.9,-0.92,184726.02,18.47
418,空头进场,2026-03-22 16:00,short,2077.61,56.9965,118416.4984,560.28,0.47,2941.59,2.48,-1094.9,-0.92,184726.02,18.47
419,多头出场,2026-03-23 11:30,short,2052.54,57.2945,118472.4212,-873.17,-0.74,260.69,0.22,-923.01,-0.78,183852.84,18.39
419,多头进场,2026-03-23 10:00,long,2067.78,57.2945,118472.4212,-873.17,-0.74,260.69,0.22,-923.01,-0.78,183852.84,18.39
420,空头出场,2026-03-23 13:00,long,2065.35,57.6774,118385.1706,-738.85,-0.62,109.59,0.09,-1128.75,-0.95,183114,18.31
420,空头进场,2026-03-23 11:30,short,2052.54,57.6774,118385.1706,-738.85,-0.62,109.59,0.09,-1128.75,-0.95,183114,18.31
421,多头出场,2026-03-23 14:30,short,2037.3,57.2839,118311.3029,-1606.81,-1.36,303.03,0.26,-2112.63,-1.79,181507.19,18.15
421,多头进场,2026-03-23 13:00,long,2065.35,57.2839,118311.3029,-1606.81,-1.36,303.03,0.26,-2112.63,-1.79,181507.19,18.15
422,空头出场,2026-03-23 19:00,long,2167.79,57.9937,118150.565,-7567.6,-6.41,826.99,0.70,-9352.64,-7.92,173939.58,17.39
422,空头进场,2026-03-23 14:30,short,2037.3,57.9937,118150.565,-7567.6,-6.41,826.99,0.70,-9352.64,-7.92,173939.58,17.39
423,多头出场,2026-03-23 23:30,short,2128.45,54.1537,117393.8493,-2130.41,-1.81,1334.89,1.14,-3268.72,-2.78,171809.17,17.18
423,多头进场,2026-03-23 19:00,long,2167.79,54.1537,117393.8493,-2130.41,-1.81,1334.89,1.14,-3268.72,-2.78,171809.17,17.18
424,空头出场,2026-03-24 01:00,long,2131.52,55.0545,117180.7505,-169.02,-0.14,587.98,0.50,-785.63,-0.67,171640.16,17.16
424,空头进场,2026-03-23 23:30,short,2128.45,55.0545,117180.7505,-169.02,-0.14,587.98,0.50,-785.63,-0.67,171640.16,17.16
425,多头出场,2026-03-24 05:30,short,2157.7,54.9673,117163.8993,1439.04,1.23,2595.56,2.22,-28.03,-0.02,173079.2,17.31
425,多头进场,2026-03-24 01:00,long,2131.52,54.9673,117163.8993,1439.04,1.23,2595.56,2.22,-28.03,-0.02,173079.2,17.31
426,空头出场,2026-03-25 04:00,long,2141.78,54.3671,117307.8917,865.52,0.74,2972.79,2.53,-949.25,-0.81,173944.73,17.39
426,空头进场,2026-03-24 05:30,short,2157.7,54.3671,117307.8917,865.52,0.74,2972.79,2.53,-949.25,-0.81,173944.73,17.39
427,多头出场,2026-03-25 22:00,short,2180.03,54.8116,117394.3886,2096.54,1.79,3137.42,2.67,-72.35,-0.06,176041.27,17.60
427,多头进场,2026-03-25 04:00,long,2141.78,54.8116,117394.3886,2096.54,1.79,3137.42,2.67,-72.35,-0.06,176041.27,17.60
428,空头出场,2026-03-27 04:00,long,2068.63,53.9461,117604.1164,6009.6,5.11,7848.62,6.67,-367.91,-0.31,182050.86,18.21
428,空头进场,2026-03-25 22:00,short,2180.03,53.9461,117604.1164,6009.6,5.11,7848.62,6.67,-367.91,-0.31,182050.86,18.21
429,多头出场,2026-03-27 11:30,short,2061.48,57.1417,118205.0349,-408.56,-0.35,526.28,0.45,-785.7,-0.66,181642.3,18.16
429,多头进场,2026-03-27 04:00,long,2068.63,57.1417,118205.0349,-408.56,-0.35,526.28,0.45,-785.7,-0.66,181642.3,18.16
430,空头出场,2026-03-27 13:00,long,2058.85,57.32,118164.0336,150.75,0.13,1031.19,0.87,-276.86,-0.23,181793.06,18.18
430,空头进场,2026-03-27 11:30,short,2061.48,57.32,118164.0336,150.75,0.13,1031.19,0.87,-276.86,-0.23,181793.06,18.18
431,多头出场,2026-03-28 17:30,short,1999.52,57.4006,118179.2253,-3405.58,-2.88,775.48,0.66,-5046.66,-4.27,178387.48,17.84
431,多头进场,2026-03-27 13:00,long,2058.85,57.4006,118179.2253,-3405.58,-2.88,775.48,0.66,-5046.66,-4.27,178387.48,17.84
432,空头出场,2026-03-28 19:00,long,1997.44,58.9335,117838.7119,122.58,0.10,397.8,0.34,-297.61,-0.25,178510.06,17.85
432,空头进场,2026-03-28 17:30,short,1999.52,58.9335,117838.7119,122.58,0.10,397.8,0.34,-297.61,-0.25,178510.06,17.85
433,多头出场,2026-03-29 05:30,short,2009.61,59.001,117850.9574,718.04,0.61,2950.64,2.50,-306.22,-0.26,179228.1,17.92
433,多头进场,2026-03-28 19:00,long,1997.44,59.001,117850.9574,718.04,0.61,2950.64,2.50,-306.22,-0.26,179228.1,17.92
434,空头出场,2026-03-29 10:00,long,2005.28,58.6794,117922.709,254.08,0.22,1171.83,0.99,-207.14,-0.18,179482.19,17.95
434,空头进场,2026-03-29 05:30,short,2009.61,58.6794,117922.709,254.08,0.22,1171.83,0.99,-207.14,-0.18,179482.19,17.95
435,多头出场,2026-03-29 11:30,short,2011.1,58.8188,117948.1633,342.33,0.29,845.23,0.72,-160.58,-0.14,179824.52,17.98
435,多头进场,2026-03-29 10:00,long,2005.28,58.8188,117948.1633,342.33,0.29,845.23,0.72,-160.58,-0.14,179824.52,17.98
436,空头出场,2026-03-30 08:30,long,1997.25,58.6656,117982.3882,812.52,0.69,4240.35,3.59,-740.95,-0.63,180637.03,18.06
436,空头进场,2026-03-29 11:30,short,2011.1,58.6656,117982.3882,812.52,0.69,4240.35,3.59,-740.95,-0.63,180637.03,18.06
437,多头出场,2026-03-30 23:30,short,2074.53,59.1131,118063.639,4568.26,3.87,5187.17,4.39,-3.55,0.00,185205.28,18.52
437,多头进场,2026-03-30 08:30,long,1997.25,59.1131,118063.639,4568.26,3.87,5187.17,4.39,-3.55,0.00,185205.28,18.52
438,空头出场,2026-03-31 08:30,long,2036.65,57.1312,118520.3883,2164.13,1.83,3496.43,2.95,-26.28,-0.02,187369.42,18.74
438,空头进场,2026-03-30 23:30,short,2074.53,57.1312,118520.3883,2164.13,1.83,3496.43,2.95,-26.28,-0.02,187369.42,18.74
439,多头出场,2026-03-31 14:30,short,2062.33,58.3001,118736.8987,1497.15,1.26,3246.73,2.73,-255.35,-0.22,188866.56,18.89
439,多头进场,2026-03-31 08:30,long,2036.65,58.3001,118736.8987,1497.15,1.26,3246.73,2.73,-255.35,-0.22,188866.56,18.89
440,空头出场,2026-03-31 20:30,long,2047.78,57.6467,118886.5188,838.76,0.71,2864.46,2.41,-33.44,-0.03,189705.33,18.97
440,空头进场,2026-03-31 14:30,short,2062.33,57.6467,118886.5188,838.76,0.71,2864.46,2.41,-33.44,-0.03,189705.33,18.97
441,多头出场,2026-03-31 22:00,short,2086.69,58.0973,118970.489,2260.57,1.90,2569.06,2.16,0,0.00,191965.89,19.20
441,多头进场,2026-03-31 20:30,long,2047.78,58.0973,118970.489,2260.57,1.90,2569.06,2.16,0,0.00,191965.89,19.20
442,空头出场,2026-04-01 11:30,long,2102.91,57.1223,119196.5322,-926.52,-0.78,2805.28,2.35,-2132.95,-1.79,191039.36,19.10
442,空头进场,2026-03-31 22:00,short,2086.69,57.1223,119196.5322,-926.52,-0.78,2805.28,2.35,-2132.95,-1.79,191039.36,19.10
443,多头出场,2026-04-01 22:00,short,2125.43,56.6376,119103.7754,1275.48,1.07,3120.17,2.62,-144.99,-0.12,192314.84,19.23
443,多头进场,2026-04-01 11:30,long,2102.91,56.6376,119103.7754,1275.48,1.07,3120.17,2.62,-144.99,-0.12,192314.84,19.23
444,空头出场,2026-04-01 23:30,long,2135.04,56.0975,119231.3094,-539.1,-0.45,564.34,0.47,-689.44,-0.58,191775.75,19.18
444,空头进场,2026-04-01 22:00,short,2125.43,56.0975,119231.3094,-539.1,-0.45,564.34,0.47,-689.44,-0.58,191775.75,19.18
445,多头出场,2026-04-02 07:00,short,2140.54,55.8198,119177.5058,307.01,0.26,1831.45,1.54,-639.69,-0.54,192082.75,19.21
445,多头进场,2026-04-01 23:30,long,2135.04,55.8198,119177.5058,307.01,0.26,1831.45,1.54,-639.69,-0.54,192082.75,19.21
446,空头出场,2026-04-02 22:00,long,2038.47,55.6907,119208.171,5684.35,4.77,6877.8,5.77,-1048.66,-0.88,197767.11,19.78
446,空头进场,2026-04-02 07:00,short,2140.54,55.6907,119208.171,5684.35,4.77,6877.8,5.77,-1048.66,-0.88,197767.11,19.78
447,多头出场,2026-04-03 01:00,short,2065.86,58.7581,119776.6241,1609.38,1.34,2301.55,1.92,-27.62,-0.02,199376.48,19.94
447,多头进场,2026-04-02 22:00,long,2038.47,58.7581,119776.6241,1609.38,1.34,2301.55,1.92,-27.62,-0.02,199376.48,19.94
448,空头出场,2026-04-03 02:30,long,2058.32,58.057,119937.634,437.75,0.36,1289.45,1.08,-16.84,-0.01,199814.23,19.98
448,空头进场,2026-04-03 01:00,short,2065.86,58.057,119937.634,437.75,0.36,1289.45,1.08,-16.84,-0.01,199814.23,19.98
449,多头出场,2026-04-05 08:30,short,2062.1,58.2909,119981.3253,220.34,0.18,1496.91,1.25,-1029.42,-0.86,200034.58,20.00
449,多头进场,2026-04-03 02:30,long,2058.32,58.2909,119981.3253,220.34,0.18,1496.91,1.25,-1029.42,-0.86,200034.58,20.00
450,空头出场,2026-04-05 23:30,long,2053.85,58.1947,120003.2909,480.11,0.40,2362.7,1.97,-453.34,-0.38,200514.69,20.05
450,空头进场,2026-04-05 08:30,short,2062.1,58.1947,120003.2909,480.11,0.40,2362.7,1.97,-453.34,-0.38,200514.69,20.05
451,多头出场,2026-04-06 05:30,short,2060.01,58.4519,120051.4348,360.06,0.30,1242.69,1.04,-301.61,-0.25,200874.75,20.09
451,多头进场,2026-04-05 23:30,long,2053.85,58.4519,120051.4348,360.06,0.30,1242.69,1.04,-301.61,-0.25,200874.75,20.09
452,空头出场,2026-04-06 07:00,long,2108.21,58.2946,120087.4589,-2809.8,-2.34,583.53,0.49,-3386.33,-2.82,198064.95,19.81
452,空头进场,2026-04-06 05:30,short,2060.01,58.2946,120087.4589,-2809.8,-2.34,583.53,0.49,-3386.33,-2.82,198064.95,19.81
453,多头出场,2026-04-06 20:30,short,2143.59,56.8285,119806.412,2010.59,1.68,3783.64,3.16,-21.59,-0.02,200075.55,20.01
453,多头进场,2026-04-06 07:00,long,2108.21,56.8285,119806.412,2010.59,1.68,3783.64,3.16,-21.59,-0.02,200075.55,20.01
454,空头出场,2026-04-06 22:00,long,2155.02,55.9843,120007.3856,-639.9,-0.53,326.39,0.27,-1240.05,-1.03,199435.64,19.94
454,空头进场,2026-04-06 20:30,short,2143.59,55.9843,120007.3856,-639.9,-0.53,326.39,0.27,-1240.05,-1.03,199435.64,19.94
455,多头出场,2026-04-07 01:00,short,2134.62,55.6577,119943.4567,-1135.42,-0.95,811.49,0.68,-1748.76,-1.46,198300.22,19.83
455,多头进场,2026-04-06 22:00,long,2155.02,55.6577,119943.4567,-1135.42,-0.95,811.49,0.68,-1748.76,-1.46,198300.22,19.83
456,空头出场,2026-04-07 04:00,long,2152.75,56.1364,119829.8822,-1017.75,-0.85,192.55,0.16,-1147.43,-0.96,197282.47,19.73
456,空头进场,2026-04-07 01:00,short,2134.62,56.1364,119829.8822,-1017.75,-0.85,192.55,0.16,-1147.43,-0.96,197282.47,19.73
457,多头出场,2026-04-07 05:30,short,2139.54,55.6164,119728.2051,-734.69,-0.61,51.17,0.04,-835.36,-0.70,196547.78,19.65
457,多头进场,2026-04-07 04:00,long,2152.75,55.6164,119728.2051,-734.69,-0.61,51.17,0.04,-835.36,-0.70,196547.78,19.65
458,空头出场,2026-04-07 16:00,long,2109.28,55.9254,119654.6303,1692.3,1.41,2910.36,2.43,-78.85,-0.07,198240.08,19.82
458,空头进场,2026-04-07 05:30,short,2139.54,55.9254,119654.6303,1692.3,1.41,2910.36,2.43,-78.85,-0.07,198240.08,19.82
459,多头出场,2026-04-07 17:30,short,2128.26,56.808,119823.9782,1078.22,0.90,1394.64,1.16,0,0.00,199318.3,19.93
459,多头进场,2026-04-07 16:00,long,2109.28,56.808,119823.9782,1078.22,0.90,1394.64,1.16,0,0.00,199318.3,19.93
460,空头出场,2026-04-08 01:00,long,2085.26,56.352,119931.7075,2423.14,2.02,3833.06,3.20,-175.82,-0.15,201741.44,20.17
460,空头进场,2026-04-07 17:30,short,2128.26,56.352,119931.7075,2423.14,2.02,3833.06,3.20,-175.82,-0.15,201741.44,20.17
461,多头出场,2026-04-08 19:00,short,2253.69,57.6302,120173.9509,9706.65,8.08,10869.63,9.04,-163.09,-0.14,211448.1,21.14
461,多头进场,2026-04-08 01:00,long,2085.26,57.6302,120173.9509,9706.65,8.08,10869.63,9.04,-163.09,-0.14,211448.1,21.14
462,空头出场,2026-04-08 20:30,long,2255.88,53.7539,121144.6269,-117.72,-0.10,890.7,0.74,-303.17,-0.25,211330.36,21.13
462,空头进场,2026-04-08 19:00,short,2253.69,53.7539,121144.6269,-117.72,-0.10,890.7,0.74,-303.17,-0.25,211330.36,21.13
463,多头出场,2026-04-08 22:00,short,2225.69,53.6965,121132.8604,-1621.1,-1.34,787.73,0.65,-1841.25,-1.52,209709.27,20.97
463,多头进场,2026-04-08 20:30,long,2255.88,53.6965,121132.8604,-1621.1,-1.34,787.73,0.65,-1841.25,-1.52,209709.27,20.97
464,空头出场,2026-04-09 16:00,long,2180.13,54.3521,120970.9254,2476.28,2.05,3461.69,2.86,-750.6,-0.62,212185.55,21.22
464,空头进场,2026-04-08 22:00,short,2225.69,54.3521,120970.9254,2476.28,2.05,3461.69,2.86,-750.6,-0.62,212185.55,21.22
465,多头出场,2026-04-09 19:00,short,2180.5,55.6015,121218.4982,20.57,0.02,976.92,0.81,-101.19,-0.08,212206.12,21.22
465,多头进场,2026-04-09 16:00,long,2180.13,55.6015,121218.4982,20.57,0.02,976.92,0.81,-101.19,-0.08,212206.12,21.22
466,空头出场,2026-04-09 23:30,long,2217.99,55.593,121220.5365,-2084.18,-1.72,1289.2,1.06,-2473.89,-2.04,210121.94,21.01
466,空头进场,2026-04-09 19:00,short,2180.5,55.593,121220.5365,-2084.18,-1.72,1289.2,1.06,-2473.89,-2.04,210121.94,21.01
467,多头出场,2026-04-10 07:00,short,2191.85,54.5593,121011.9818,-1426.18,-1.18,1528.21,1.26,-1888.84,-1.56,208695.77,20.87
467,多头进场,2026-04-09 23:30,long,2217.99,54.5593,121011.9818,-1426.18,-1.18,1528.21,1.26,-1888.84,-1.56,208695.77,20.87
468,空头出场,2026-04-11 17:30,long,2243.83,55.145,120869.5682,-2866.44,-2.37,868.53,0.72,-3647.29,-3.02,205829.33,20.58
468,空头进场,2026-04-10 07:00,short,2191.85,55.145,120869.5682,-2866.44,-2.37,868.53,0.72,-3647.29,-3.02,205829.33,20.58
469,多头出场,2026-04-12 07:00,short,2287.44,53.7397,120582.7511,2343.59,1.94,4626.99,3.84,-543.31,-0.45,208172.9,20.82
469,多头进场,2026-04-11 17:30,long,2243.83,53.7397,120582.7511,2343.59,1.94,4626.99,3.84,-543.31,-0.45,208172.9,20.82
470,空头出场,2026-04-13 01:00,long,2193.03,52.8176,120817.0909,4986.51,4.13,5938.81,4.92,-108.28,-0.09,213159.42,21.32
470,空头进场,2026-04-12 07:00,short,2287.44,52.8176,120817.0909,4986.51,4.13,5938.81,4.92,-108.28,-0.09,213159.42,21.32
471,多头出场,2026-04-13 05:30,short,2211.24,55.3188,121315.788,1007.36,0.83,1388.5,1.14,-47.57,-0.04,214166.78,21.42
471,多头进场,2026-04-13 01:00,long,2193.03,55.3188,121315.788,1007.36,0.83,1388.5,1.14,-47.57,-0.04,214166.78,21.42
472,空头出场,2026-04-13 08:30,long,2205.18,54.9088,121416.5349,332.75,0.27,1496.26,1.23,-1.1,0.00,214499.53,21.45
472,空头进场,2026-04-13 05:30,short,2211.24,54.9088,121416.5349,332.75,0.27,1496.26,1.23,-1.1,0.00,214499.53,21.45
473,多头出场,2026-04-13 10:00,short,2201.56,55.0748,121449.8475,-199.37,-0.16,213.14,0.18,-698.9,-0.58,214300.16,21.43
473,多头进场,2026-04-13 08:30,long,2205.18,55.0748,121449.8475,-199.37,-0.16,213.14,0.18,-698.9,-0.58,214300.16,21.43
474,空头出场,2026-04-15 08:30,long,2333.81,55.1563,121429.9038,-7294.42,-6.01,1427.45,1.18,-11800.14,-9.72,207005.73,20.70
474,空头进场,2026-04-13 10:00,short,2201.56,55.1563,121429.9038,-7294.42,-6.01,1427.45,1.18,-11800.14,-9.72,207005.73,20.70
475,多头出场,2026-04-15 10:00,short,2325.8,51.7182,120700.4523,-414.26,-0.34,454.6,0.38,-422.02,-0.35,206591.47,20.66
475,多头进场,2026-04-15 08:30,long,2333.81,51.7182,120700.4523,-414.26,-0.34,454.6,0.38,-422.02,-0.35,206591.47,20.66
476,空头出场,2026-04-15 11:30,long,2328.81,51.8785,120659.0153,-156.15,-0.13,427.48,0.35,-186.24,-0.15,206435.31,20.64
476,空头进场,2026-04-15 10:00,short,2325.8,51.8785,120659.0153,-156.15,-0.13,427.48,0.35,-186.24,-0.15,206435.31,20.64
477,多头出场,2026-04-16 08:30,short,2360.58,51.8047,120643.3034,1645.84,1.36,2942.51,2.44,-1052.15,-0.87,208081.16,20.81
477,多头进场,2026-04-15 11:30,long,2328.81,51.8047,120643.3034,1645.84,1.36,2942.51,2.44,-1052.15,-0.87,208081.16,20.81
478,空头出场,2026-04-16 11:30,long,2357.86,51.1773,120808.1108,139.2,0.12,795.3,0.66,-461.11,-0.38,208220.36,20.82
478,空头进场,2026-04-16 08:30,short,2360.58,51.1773,120808.1108,139.2,0.12,795.3,0.66,-461.11,-0.38,208220.36,20.82
479,多头出场,2026-04-16 22:00,short,2294.97,51.2422,120821.9337,-3222.62,-2.67,314.63,0.26,-3728.38,-3.09,204997.73,20.50
479,多头进场,2026-04-16 11:30,long,2357.86,51.2422,120821.9337,-3222.62,-2.67,314.63,0.26,-3728.38,-3.09,204997.73,20.50
480,空头出场,2026-04-18 23:30,long,2363.64,52.506,120499.6948,-3605.59,-2.99,50.93,0.04,-8922.87,-7.40,201392.14,20.14
480,空头进场,2026-04-16 22:00,short,2294.97,52.506,120499.6948,-3605.59,-2.99,50.93,0.04,-8922.87,-7.40,201392.14,20.14
481,多头出场,2026-04-19 01:00,short,2361.85,50.828,120139.0939,-90.98,-0.08,584.52,0.49,-439.15,-0.37,201301.16,20.13
481,多头进场,2026-04-18 23:30,long,2363.64,50.828,120139.0939,-90.98,-0.08,584.52,0.49,-439.15,-0.37,201301.16,20.13
482,空头出场,2026-04-19 19:00,long,2325.85,50.8627,120130.068,1831.06,1.52,3145.86,2.62,-153.61,-0.13,203132.22,20.31
482,空头进场,2026-04-19 01:00,short,2361.85,50.8627,120130.068,1831.06,1.52,3145.86,2.62,-153.61,-0.13,203132.22,20.31
483,多头出场,2026-04-19 23:30,short,2330.8,51.7287,120313.1969,256.06,0.21,1261.66,1.05,-546.26,-0.45,203388.28,20.34
483,多头进场,2026-04-19 19:00,long,2325.85,51.7287,120313.1969,256.06,0.21,1261.66,1.05,-546.26,-0.45,203388.28,20.34
484,空头出场,2026-04-20 08:30,long,2280.01,51.6298,120338.7378,2622.28,2.18,4031.26,3.35,-27.88,-0.02,206010.56,20.60
484,空头进场,2026-04-19 23:30,short,2330.8,51.6298,120338.7378,2622.28,2.18,4031.26,3.35,-27.88,-0.02,206010.56,20.60
485,多头出场,2026-04-20 10:00,short,2277.64,52.8949,120600.9009,-125.36,-0.10,755.87,0.63,-410.46,-0.34,205885.19,20.59
485,多头进场,2026-04-20 08:30,long,2280.01,52.8949,120600.9009,-125.36,-0.10,755.87,0.63,-410.46,-0.34,205885.19,20.59
486,空头出场,2026-04-20 11:30,long,2286.56,52.9445,120588.511,-472.26,-0.39,94.24,0.08,-579.21,-0.48,205412.92,20.54
486,空头进场,2026-04-20 10:00,short,2277.64,52.9445,120588.511,-472.26,-0.39,94.24,0.08,-579.21,-0.48,205412.92,20.54
487,多头出场,2026-04-20 13:00,short,2266.02,52.7173,120541.2695,-1082.81,-0.90,0,0.00,-1162.94,-0.96,204330.11,20.43
487,多头进场,2026-04-20 11:30,long,2286.56,52.7173,120541.2695,-1082.81,-0.90,0,0.00,-1162.94,-0.96,204330.11,20.43
488,空头出场,2026-04-20 14:30,long,2286.17,53.1473,120432.8447,-1070.92,-0.89,150.94,0.13,-1221.32,-1.01,203259.2,20.33
488,空头进场,2026-04-20 13:00,short,2266.02,53.1473,120432.8447,-1070.92,-0.89,150.94,0.13,-1221.32,-1.01,203259.2,20.33
489,多头出场,2026-04-20 22:00,short,2310.82,52.632,120325.6994,1297.38,1.08,2458.44,2.04,-165.79,-0.14,204556.58,20.46
489,多头进场,2026-04-20 14:30,long,2286.17,52.632,120325.6994,1297.38,1.08,2458.44,2.04,-165.79,-0.14,204556.58,20.46
490,空头出场,2026-04-20 23:30,long,2313.91,52.1268,120455.652,-161.07,-0.13,1690.99,1.40,-426.4,-0.35,204395.5,20.44
490,空头进场,2026-04-20 22:00,short,2310.82,52.1268,120455.652,-161.07,-0.13,1690.99,1.40,-426.4,-0.35,204395.5,20.44
491,多头出场,2026-04-21 05:30,short,2321.65,52.0502,120439.4783,402.87,0.33,1710.89,1.42,-829.68,-0.69,204798.38,20.48
491,多头进场,2026-04-20 23:30,long,2313.91,52.0502,120439.4783,402.87,0.33,1710.89,1.42,-829.68,-0.69,204798.38,20.48
492,空头出场,2026-04-21 08:30,long,2321.94,51.894,120479.7051,-15.05,-0.01,721.85,0.60,-356.51,-0.30,204783.33,20.48
492,空头进场,2026-04-21 05:30,short,2321.65,51.894,120479.7051,-15.05,-0.01,721.85,0.60,-356.51,-0.30,204783.33,20.48
493,多头出场,2026-04-21 19:00,short,2326.72,51.8869,120478.2686,248.02,0.21,872.22,0.72,-1137.88,-0.94,205031.34,20.50
493,多头进场,2026-04-21 08:30,long,2321.94,51.8869,120478.2686,248.02,0.21,872.22,0.72,-1137.88,-0.94,205031.34,20.50
494,空头出场,2026-04-23 02:30,long,2396.91,51.7909,120502.9228,-3635.2,-3.02,2202.67,1.83,-5025.27,-4.17,201396.14,20.14
494,空头进场,2026-04-21 19:00,short,2326.72,51.7909,120502.9228,-3635.2,-3.02,2202.67,1.83,-5025.27,-4.17,201396.14,20.14
495,多头出场,2026-04-23 04:00,short,2397.76,50.1227,120139.6009,42.6,0.04,517.77,0.43,-387.45,-0.32,201438.75,20.14
495,多头进场,2026-04-23 02:30,long,2396.91,50.1227,120139.6009,42.6,0.04,517.77,0.43,-387.45,-0.32,201438.75,20.14
496,空头出场,2026-04-23 22:00,long,2327.02,50.1067,120143.841,3544.55,2.95,4617.33,3.84,-418.39,-0.35,204983.3,20.50
496,空头进场,2026-04-23 04:00,short,2397.76,50.1067,120143.841,3544.55,2.95,4617.33,3.84,-418.39,-0.35,204983.3,20.50
497,多头出场,2026-04-24 01:00,short,2309.44,51.7822,120498.215,-910.33,-0.76,857.51,0.71,-1088.46,-0.90,204072.97,20.41
497,多头进场,2026-04-23 22:00,long,2327.02,51.7822,120498.215,-910.33,-0.76,857.51,0.71,-1088.46,-0.90,204072.97,20.41
498,空头出场,2026-04-24 04:00,long,2318.57,52.137,120407.2733,-476.01,-0.40,1252.33,1.04,-811.25,-0.67,203596.95,20.36
498,空头进场,2026-04-24 01:00,short,2309.44,52.137,120407.2733,-476.01,-0.40,1252.33,1.04,-811.25,-0.67,203596.95,20.36
499,多头出场,2026-04-24 08:30,short,2332.48,51.9111,120359.5191,722.08,0.60,1049.64,0.87,-76.83,-0.06,204319.03,20.43
499,多头进场,2026-04-24 04:00,long,2318.57,51.9111,120359.5191,722.08,0.60,1049.64,0.87,-76.83,-0.06,204319.03,20.43
500,空头出场,2026-04-24 16:00,long,2316.15,51.6325,120431.7736,843.16,0.70,1665.66,1.38,-150.25,-0.12,205162.19,20.52
500,空头进场,2026-04-24 08:30,short,2332.48,51.6325,120431.7736,843.16,0.70,1665.66,1.38,-150.25,-0.12,205162.19,20.52
501,多头出场,2026-04-24 17:30,short,2310.18,52.0329,120516.0013,-310.64,-0.26,97.3,0.08,-645.73,-0.54,204851.56,20.49
501,多头进场,2026-04-24 16:00,long,2316.15,52.0329,120516.0013,-310.64,-0.26,97.3,0.08,-645.73,-0.54,204851.56,20.49
502,空头出场,2026-04-24 19:00,long,2331.6,52.154,120485.1277,-1117.14,-0.93,218,0.18,-1118.7,-0.93,203734.42,20.37
502,空头进场,2026-04-24 17:30,short,2310.18,52.154,120485.1277,-1117.14,-0.93,218,0.18,-1118.7,-0.93,203734.42,20.37
503,多头出场,2026-04-26 20:30,short,2328.89,51.6269,120373.28,-139.91,-0.12,313.89,0.26,-1603.02,-1.33,203594.52,20.36
503,多头进场,2026-04-24 19:00,long,2331.6,51.6269,120373.28,-139.91,-0.12,313.89,0.26,-1603.02,-1.33,203594.52,20.36
504,空头出场,2026-04-26 22:00,long,2349.99,51.681,120359.3641,-1090.47,-0.91,40.31,0.03,-1217.09,-1.01,202504.05,20.25
504,空头进场,2026-04-26 20:30,short,2328.89,51.681,120359.3641,-1090.47,-0.91,40.31,0.03,-1217.09,-1.01,202504.05,20.25
505,多头出场,2026-04-27 13:00,short,2334.39,51.1706,120250.3983,-798.26,-0.66,2782.66,2.31,-1076.12,-0.89,201705.78,20.17
505,多头进场,2026-04-26 22:00,long,2349.99,51.1706,120250.3983,-798.26,-0.66,2782.66,2.31,-1076.12,-0.89,201705.78,20.17
506,空头出场,2026-04-28 04:00,long,2293.08,51.4783,120170.4287,2126.57,1.77,3515.97,2.93,-78.76,-0.07,203832.34,20.38
506,空头进场,2026-04-27 13:00,short,2334.39,51.4783,120170.4287,2126.57,1.77,3515.97,2.93,-78.76,-0.07,203832.34,20.38
507,多头出场,2026-04-28 10:00,short,2293.22,52.4984,120383.0311,7.35,0.01,934.47,0.78,-442.04,-0.37,203839.7,20.38
507,多头进场,2026-04-28 04:00,long,2293.08,52.4984,120383.0311,7.35,0.01,934.47,0.78,-442.04,-0.37,203839.7,20.38
508,空头出场,2026-04-28 16:00,long,2290.71,52.4956,120383.9598,131.76,0.11,1191.13,0.99,-193.71,-0.16,203971.47,20.40
508,空头进场,2026-04-28 10:00,short,2293.22,52.4956,120383.9598,131.76,0.11,1191.13,0.99,-193.71,-0.16,203971.47,20.40
509,多头出场,2026-04-28 17:30,short,2282.27,52.5588,120396.9687,-443.6,-0.37,48.88,0.04,-737.93,-0.61,203527.86,20.35
509,多头进场,2026-04-28 16:00,long,2290.71,52.5588,120396.9687,-443.6,-0.37,48.88,0.04,-737.93,-0.61,203527.86,20.35
510,空头出场,2026-04-28 23:30,long,2279.76,52.7338,120352.7697,132.36,0.11,1267.19,1.05,-282.65,-0.23,203660.22,20.37
510,空头进场,2026-04-28 17:30,short,2282.27,52.7338,120352.7697,132.36,0.11,1267.19,1.05,-282.65,-0.23,203660.22,20.37
511,多头出场,2026-04-29 20:30,short,2316.13,52.7976,120365.8566,1920.25,1.60,3547.47,2.95,-284.05,-0.24,205580.47,20.56
511,多头进场,2026-04-28 23:30,long,2279.76,52.7976,120365.8566,1920.25,1.60,3547.47,2.95,-284.05,-0.24,205580.47,20.56
512,空头出场,2026-04-30 08:30,long,2272.46,52.0515,120558.0407,2273.09,1.89,4984.97,4.13,-105.14,-0.09,207853.56,20.79
512,空头进场,2026-04-29 20:30,short,2316.13,52.0515,120558.0407,2273.09,1.89,4984.97,4.13,-105.14,-0.09,207853.56,20.79
513,多头出场,2026-04-30 10:00,short,2263.01,53.1518,120785.3394,-502.28,-0.42,347.61,0.29,-529.39,-0.44,207351.28,20.74
513,多头进场,2026-04-30 08:30,long,2272.46,53.1518,120785.3394,-502.28,-0.42,347.61,0.29,-529.39,-0.44,207351.28,20.74
514,空头出场,2026-04-30 14:30,long,2248.03,53.3515,120734.978,799.21,0.66,1673.64,1.39,-0.53,0.00,208150.48,20.82
514,空头进场,2026-04-30 10:00,short,2263.01,53.3515,120734.978,799.21,0.66,1673.64,1.39,-0.53,0.00,208150.48,20.82
515,多头出场,2026-05-02 04:00,short,2299.81,53.7426,120814.9771,2782.79,2.30,4151.62,3.44,-232.17,-0.19,210933.28,21.09
515,多头进场,2026-04-30 14:30,long,2248.03,53.7426,120814.9771,2782.79,2.30,4151.62,3.44,-232.17,-0.19,210933.28,21.09
516,空头出场,2026-05-02 10:00,long,2295.87,52.6536,121093.2758,207.46,0.17,1096.77,0.91,-61.6,-0.05,211140.73,21.11
516,空头进场,2026-05-02 04:00,short,2299.81,52.6536,121093.2758,207.46,0.17,1096.77,0.91,-61.6,-0.05,211140.73,21.11
517,多头出场,2026-05-02 13:00,short,2299.89,52.753,121114.0301,212.07,0.18,657.83,0.54,-23.21,-0.02,211352.8,21.14
517,多头进场,2026-05-02 10:00,long,2295.87,52.753,121114.0301,212.07,0.18,657.83,0.54,-23.21,-0.02,211352.8,21.14
518,空头出场,2026-05-04 10:00,long,2363.73,52.67,121135.2063,-3362.45,-2.78,147.48,0.12,-3795.4,-3.13,207990.34,20.80
518,空头进场,2026-05-02 13:00,short,2299.89,52.67,121135.2063,-3362.45,-2.78,147.48,0.12,-3795.4,-3.13,207990.34,20.80
519,多头出场,2026-05-04 16:00,short,2360.33,51.1052,120798.8944,-173.76,-0.14,1798.9,1.49,-487.03,-0.40,207816.6,20.78
519,多头进场,2026-05-04 10:00,long,2363.73,51.1052,120798.8944,-173.76,-0.14,1798.9,1.49,-487.03,-0.40,207816.6,20.78
520,空头出场,2026-05-04 22:00,long,2345.76,51.1715,120781.6266,745.57,0.62,2357.98,1.95,-550.61,-0.46,208562.16,20.86
520,空头进场,2026-05-04 16:00,short,2360.33,51.1715,120781.6266,745.57,0.62,2357.98,1.95,-550.61,-0.46,208562.16,20.86
521,多头出场,2026-05-05 02:30,short,2361.41,51.5211,120856.1355,806.31,0.67,1856.82,1.54,-502.33,-0.42,209368.47,20.94
521,多头进场,2026-05-04 22:00,long,2345.76,51.5211,120856.1355,806.31,0.67,1856.82,1.54,-502.33,-0.42,209368.47,20.94
522,空头出场,2026-05-05 19:00,long,2378.08,51.2138,120936.7795,-853.73,-0.71,849.12,0.70,-1502.1,-1.24,208514.73,20.85
522,空头进场,2026-05-05 02:30,short,2361.41,51.2138,120936.7795,-853.73,-0.71,849.12,0.70,-1502.1,-1.24,208514.73,20.85
523,多头出场,2026-05-05 22:00,short,2383.45,50.8189,120851.4097,272.9,0.23,1088.54,0.90,-452.8,-0.37,208787.62,20.88
523,多头进场,2026-05-05 19:00,long,2378.08,50.8189,120851.4097,272.9,0.23,1088.54,0.90,-452.8,-0.37,208787.62,20.88
524,空头出场,2026-05-07 14:30,long,2337.13,50.7158,120878.5735,2349.16,1.94,3527.79,2.92,-2043.34,-1.69,211136.78,21.11
524,空头进场,2026-05-05 22:00,short,2383.45,50.7158,120878.5735,2349.16,1.94,3527.79,2.92,-2043.34,-1.69,211136.78,21.11
525,多头出场,2026-05-07 17:30,short,2329.05,51.8215,121113.5823,-418.72,-0.35,505.78,0.42,-533.76,-0.44,210718.06,21.07
525,多头进场,2026-05-07 14:30,long,2337.13,51.8215,121113.5823,-418.72,-0.35,505.78,0.42,-533.76,-0.44,210718.06,21.07
526,空头出场,2026-05-07 19:00,long,2328.07,51.9833,121071.7049,50.94,0.04,608.2,0.50,-134.12,-0.11,210769.02,21.08
526,空头进场,2026-05-07 17:30,short,2329.05,51.9833,121071.7049,50.94,0.04,608.2,0.50,-134.12,-0.11,210769.02,21.08
527,多头出场,2026-05-07 20:30,short,2333.01,52.0074,121076.8677,256.92,0.21,471.19,0.39,-130.02,-0.11,211025.92,21.10
527,多头进场,2026-05-07 19:00,long,2328.07,52.0074,121076.8677,256.92,0.21,471.19,0.39,-130.02,-0.11,211025.92,21.10
528,空头出场,2026-05-08 16:00,long,2281.48,51.9083,121102.583,2674.83,2.21,3498.62,2.89,-0.52,0.00,213700.77,21.37
528,空头进场,2026-05-07 20:30,short,2333.01,51.9083,121102.583,2674.83,2.21,3498.62,2.89,-0.52,0.00,213700.77,21.37
529,多头出场,2026-05-08 20:30,short,2284.53,53.1979,121369.9449,162.25,0.13,1091.62,0.90,-60.11,-0.05,213863.02,21.39
529,多头进场,2026-05-08 16:00,long,2281.48,53.1979,121369.9449,162.25,0.13,1091.62,0.90,-60.11,-0.05,213863.02,21.39
530,空头出场,2026-05-08 22:00,long,2281.48,53.134,121386.217,162.06,0.13,774.16,0.64,-431.98,-0.36,214025.08,21.40
530,空头进场,2026-05-08 20:30,short,2284.53,53.134,121386.217,162.06,0.13,774.16,0.64,-431.98,-0.36,214025.08,21.40
531,多头出场,2026-05-09 17:30,short,2313.28,53.2121,121402.3419,1692.14,1.39,2333.35,1.92,-434.21,-0.36,215717.22,21.57
531,多头进场,2026-05-08 22:00,long,2281.48,53.2121,121402.3419,1692.14,1.39,2333.35,1.92,-434.21,-0.36,215717.22,21.57
532,空头出场,2026-05-10 10:00,long,2325.96,52.5538,121571.6545,-666.38,-0.55,697.91,0.57,-1318.57,-1.08,215050.83,21.51
532,空头进场,2026-05-09 17:30,short,2313.28,52.5538,121571.6545,-666.38,-0.55,697.91,0.57,-1318.57,-1.08,215050.83,21.51
533,多头出场,2026-05-10 13:00,short,2328.93,52.2386,121504.8941,155.15,0.13,363.06,0.30,-118.06,-0.10,215205.98,21.52
533,多头进场,2026-05-10 10:00,long,2325.96,52.2386,121504.8941,155.15,0.13,363.06,0.30,-118.06,-0.10,215205.98,21.52
534,空头出场,2026-05-10 14:30,long,2329.3,52.1787,121520.5398,-19.31,-0.02,126.27,0.10,-94.97,-0.08,215186.67,21.52
534,空头进场,2026-05-10 13:00,short,2328.93,52.1787,121520.5398,-19.31,-0.02,126.27,0.10,-94.97,-0.08,215186.67,21.52
535,多头出场,2026-05-10 17:30,short,2328.22,52.1696,121518.6493,-56.34,-0.05,223.81,0.18,-163.81,-0.13,215130.33,21.51
535,多头进场,2026-05-10 14:30,long,2329.3,52.1696,121518.6493,-56.34,-0.05,223.81,0.18,-163.81,-0.13,215130.33,21.51
536,空头出场,2026-05-10 20:30,long,2324.12,52.1913,121512.8285,213.98,0.18,481.2,0.40,-31.31,-0.03,215344.31,21.53
536,空头进场,2026-05-10 17:30,short,2328.22,52.1913,121512.8285,213.98,0.18,481.2,0.40,-31.31,-0.03,215344.31,21.53
537,多头出场,2026-05-11 04:00,short,2353.55,52.2926,121534.2775,1538.97,1.27,2391.86,1.97,-43.93,-0.04,216883.28,21.69
537,多头进场,2026-05-10 20:30,long,2324.12,52.2926,121534.2775,1538.97,1.27,2391.86,1.97,-43.93,-0.04,216883.28,21.69
538,空头出场,2026-05-11 05:30,long,2330.8,51.7041,121688.1846,1176.27,0.97,2157.09,1.77,0,0.00,218059.56,21.81
538,空头进场,2026-05-11 04:00,short,2353.55,51.7041,121688.1846,1176.27,0.97,2157.09,1.77,0,0.00,218059.56,21.81
539,多头出场,2026-05-11 10:00,short,2350.19,52.2592,121805.7434,1013.31,0.83,2703.37,2.22,-150.51,-0.12,219072.86,21.91
539,多头进场,2026-05-11 05:30,long,2330.8,52.2592,121805.7434,1013.31,0.83,2703.37,2.22,-150.51,-0.12,219072.86,21.91
540,空头出场,2026-05-11 17:30,long,2336.08,51.8712,121907.1755,731.9,0.60,1565.47,1.28,-26.97,-0.02,219804.77,21.98
540,空头进场,2026-05-11 10:00,short,2350.19,51.8712,121907.1755,731.9,0.60,1565.47,1.28,-26.97,-0.02,219804.77,21.98
541,多头出场,2026-05-11 19:00,short,2333.4,52.2158,121980.2861,-139.94,-0.11,199.46,0.16,-451.67,-0.37,219664.83,21.97
541,多头进场,2026-05-11 17:30,long,2336.08,52.2158,121980.2861,-139.94,-0.11,199.46,0.16,-451.67,-0.37,219664.83,21.97
542,空头出场,2026-05-11 23:30,long,2333.48,52.2698,121966.3513,-4.18,0.00,1536.73,1.26,-286.96,-0.24,219660.64,21.97
542,空头进场,2026-05-11 19:00,short,2333.4,52.2698,121966.3513,-4.18,0.00,1536.73,1.26,-286.96,-0.24,219660.64,21.97
543,多头出场,2026-05-13 07:00,short,2282.88,52.2678,121965.8659,-2644.75,-2.17,637.67,0.52,-4035.6,-3.31,217015.89,21.70
543,多头进场,2026-05-11 23:30,long,2333.48,52.2678,121965.8659,-2644.75,-2.17,637.67,0.52,-4035.6,-3.31,217015.89,21.70
544,空头出场,2026-05-13 08:30,long,2281.56,53.3105,121701.4742,70.37,0.06,508.58,0.42,-208.44,-0.17,217086.27,21.71
544,空头进场,2026-05-13 07:00,short,2282.88,53.3105,121701.4742,70.37,0.06,508.58,0.42,-208.44,-0.17,217086.27,21.71
545,多头出场,2026-05-13 19:00,short,2301.14,53.3444,121708.4493,1044.48,0.86,2229.8,1.83,-30.41,-0.02,218130.75,21.81
545,多头进场,2026-05-13 08:30,long,2281.56,53.3444,121708.4493,1044.48,0.86,2229.8,1.83,-30.41,-0.02,218130.75,21.81
546,空头出场,2026-05-14 04:00,long,2260.24,52.9359,121812.9169,2165.08,1.78,3547.23,2.91,-352.55,-0.29,220295.83,22.03
546,空头进场,2026-05-13 19:00,short,2301.14,52.9359,121812.9169,2165.08,1.78,3547.23,2.91,-352.55,-0.29,220295.83,22.03
547,多头出场,2026-05-14 05:30,short,2255.79,53.9896,122029.4535,-240.25,-0.20,227.84,0.19,-353.09,-0.29,220055.58,22.01
547,多头进场,2026-05-14 04:00,long,2260.24,53.9896,122029.4535,-240.25,-0.20,227.84,0.19,-353.09,-0.29,220055.58,22.01
548,空头出场,2026-05-14 08:30,long,2266.58,54.0855,122005.53,-583.58,-0.48,259.07,0.21,-734.48,-0.60,219471.98,21.95
548,空头进场,2026-05-14 05:30,short,2255.79,54.0855,122005.53,-583.58,-0.48,259.07,0.21,-734.48,-0.60,219471.98,21.95
549,多头出场,2026-05-14 10:00,short,2263.57,53.8022,121946.9905,-161.94,-0.13,150.11,0.12,-359.4,-0.29,219310.05,21.93
549,多头进场,2026-05-14 08:30,long,2266.58,53.8022,121946.9905,-161.94,-0.13,150.11,0.12,-359.4,-0.29,219310.05,21.93
550,空头出场,2026-05-14 13:00,long,2261.46,53.8666,121930.8198,113.66,0.09,1342.89,1.10,0,0.00,219423.7,21.94
550,空头进场,2026-05-14 10:00,short,2263.57,53.8666,121930.8198,113.66,0.09,1342.89,1.10,0,0.00,219423.7,21.94
551,多头出场,2026-05-14 19:00,short,2257,53.9219,121942.22,-240.49,-0.20,740.89,0.61,-469.12,-0.38,219183.22,21.92
551,多头进场,2026-05-14 13:00,long,2261.46,53.9219,121942.22,-240.49,-0.20,740.89,0.61,-469.12,-0.38,219183.22,21.92
552,空头出场,2026-05-14 20:30,long,2261.48,54.0178,121918.1746,-242,-0.20,486.16,0.40,-337.07,-0.28,218941.22,21.89
552,空头进场,2026-05-14 19:00,short,2257,54.0178,121918.1746,-242,-0.20,486.16,0.40,-337.07,-0.28,218941.22,21.89
553,多头出场,2026-05-15 07:00,short,2296.37,53.9001,121893.9981,1880.57,1.54,3118.12,2.56,-827.37,-0.68,220821.78,22.08
553,多头进场,2026-05-14 20:30,long,2261.48,53.9001,121893.9981,1880.57,1.54,3118.12,2.56,-827.37,-0.68,220821.78,22.08
554,空头出场,2026-05-16 07:00,long,2225.07,53.1631,122082.1479,3790.53,3.10,4851.66,3.97,-208.4,-0.17,224612.31,22.46
554,空头进场,2026-05-15 07:00,short,2296.37,53.1631,122082.1479,3790.53,3.10,4851.66,3.97,-208.4,-0.17,224612.31,22.46
555,多头出场,2026-05-16 14:30,short,2215.45,55.037,122461.1776,-529.46,-0.43,354.44,0.29,-845.92,-0.69,224082.86,22.41
555,多头进场,2026-05-16 07:00,long,2225.07,55.037,122461.1776,-529.46,-0.43,354.44,0.29,-845.92,-0.69,224082.86,22.41
556,空头出场,2026-05-17 01:00,long,2178.7,55.2521,122408.2649,2030.51,1.66,2922.84,2.39,-19.89,-0.02,226113.38,22.61
556,空头进场,2026-05-16 14:30,short,2215.45,55.2521,122408.2649,2030.51,1.66,2922.84,2.39,-19.89,-0.02,226113.38,22.61
557,多头出场,2026-05-17 08:30,short,2177.59,56.2772,122611.1356,-62.47,-0.05,388.31,0.32,-260,-0.21,226050.9,22.61
557,多头进场,2026-05-17 01:00,long,2178.7,56.2772,122611.1356,-62.47,-0.05,388.31,0.32,-260,-0.21,226050.9,22.61
558,空头出场,2026-05-17 11:30,long,2181.7,56.3031,122605.0675,-231.41,-0.19,541.07,0.44,-389.05,-0.32,225819.5,22.58
558,空头进场,2026-05-17 08:30,short,2177.59,56.3031,122605.0675,-231.41,-0.19,541.07,0.44,-389.05,-0.32,225819.5,22.58
559,多头出场,2026-05-17 22:00,short,2187.53,56.1864,122581.8689,327.57,0.27,923.7,0.75,-185.98,-0.15,226147.06,22.61
559,多头进场,2026-05-17 11:30,long,2181.7,56.1864,122581.8689,327.57,0.27,923.7,0.75,-185.98,-0.15,226147.06,22.61
560,空头出场,2026-05-18 02:30,long,2188.49,56.0516,122614.5565,-53.81,-0.04,610.96,0.50,-89.12,-0.07,226093.27,22.61
560,空头进场,2026-05-17 22:00,short,2187.53,56.0516,122614.5565,-53.81,-0.04,610.96,0.50,-89.12,-0.07,226093.27,22.61
561,多头出场,2026-05-18 22:00,short,2117.05,56.0246,122609.2769,-4002.4,-3.26,354.64,0.29,-5434.95,-4.43,222090.86,22.21
561,多头进场,2026-05-18 02:30,long,2188.49,56.0246,122609.2769,-4002.4,-3.26,354.64,0.29,-5434.95,-4.43,222090.86,22.21
562,空头出场,2026-05-19 04:00,long,2128.67,57.7261,122209.04,-670.78,-0.55,2298.65,1.88,-738.32,-0.60,221420.08,22.14
562,空头进场,2026-05-18 22:00,short,2117.05,57.7261,122209.04,-670.78,-0.55,2298.65,1.88,-738.32,-0.60,221420.08,22.14
563,多头出场,2026-05-20 02:30,short,2115.28,57.3794,122141.8074,-768.31,-0.63,1048.9,0.86,-1962.38,-1.61,220651.78,22.07
563,多头进场,2026-05-19 04:00,long,2128.67,57.3794,122141.8074,-768.31,-0.63,1048.9,0.86,-1962.38,-1.61,220651.78,22.07
564,空头出场,2026-05-21 23:30,long,2132.65,57.7063,122064.9823,-1002.36,-0.82,761.15,0.62,-2436.36,-2.00,219649.42,21.96
564,空头进场,2026-05-20 02:30,short,2115.28,57.7063,122064.9823,-1002.36,-0.82,761.15,0.62,-2436.36,-2.00,219649.42,21.96
565,多头出场,2026-05-24 16:00,short,2121.46,57.1893,121964.7606,-639.95,-0.52,1206.69,0.99,-7054.3,-5.78,219009.47,21.90
565,多头进场,2026-05-21 23:30,long,2132.65,57.1893,121964.7606,-639.95,-0.52,1206.69,0.99,-7054.3,-5.78,219009.47,21.90
566,空头出场,2026-05-24 17:30,long,2123.41,57.4608,121900.7888,-112.05,-0.09,138.48,0.11,-167.21,-0.14,218897.42,21.89
566,空头进场,2026-05-24 16:00,short,2121.46,57.4608,121900.7888,-112.05,-0.09,138.48,0.11,-167.21,-0.14,218897.42,21.89
567,多头出场,2026-05-24 20:37,开盘价,2119.13,57.4028,121889.6795,-245.68,-0.20,501.13,0.41,-349.58,-0.29,218651.73,21.87
567,多头进场,2026-05-24 17:30,long,2123.41,57.4028,121889.6795,-245.68,-0.20,501.13,0.41,-349.58,-0.29,218651.73,21.87