交易 #,类型,日期和时间,信号,价格 USD,大小（数量）,大小（价值）,净损益 USD,净损益 %,有利波动 USD,有利波动 %,不利波动 USD,不利波动 %,累计P&L USD,累计P&L %
1,多头出场,2025-04-04 10:00,short,1788.23,2,3597.1,-20.64,-0.57,47.42,1.32,-52.72,-1.47,-20.64,-0.02
1,多头进场,2025-04-04 04:00,long,1798.55,2,3597.1,-20.64,-0.57,47.42,1.32,-52.72,-1.47,-20.64,-0.02
2,空头出场,2025-04-04 13:00,long,1805.57,2,3576.46,-34.68,-0.97,12.12,0.34,-35.16,-0.98,-55.32,-0.06
2,空头进场,2025-04-04 10:00,short,1788.23,2,3576.46,-34.68,-0.97,12.12,0.34,-35.16,-0.98,-55.32,-0.06
3,多头出场,2025-04-04 19:00,short,1783.34,2,3611.14,-44.46,-1.23,58.26,1.61,-93.84,-2.60,-99.78,-0.10
3,多头进场,2025-04-04 13:00,long,1805.57,2,3611.14,-44.46,-1.23,58.26,1.61,-93.84,-2.60,-99.78,-0.10
4,空头出场,2025-04-05 01:00,long,1820.34,2,3566.68,-74,-2.07,28.82,0.81,-89.5,-2.51,-173.78,-0.17
4,空头进场,2025-04-04 19:00,short,1783.34,2,3566.68,-74,-2.07,28.82,0.81,-89.5,-2.51,-173.78,-0.17
5,多头出场,2025-04-05 13:00,short,1809.46,2,3640.68,-21.76,-0.60,12.72,0.35,-37.64,-1.03,-195.54,-0.20
5,多头进场,2025-04-05 01:00,long,1820.34,2,3640.68,-21.76,-0.60,12.72,0.35,-37.64,-1.03,-195.54,-0.20
6,空头出场,2025-04-05 16:00,long,1813.22,2,3618.92,-7.52,-0.21,11.42,0.32,-10.08,-0.28,-203.06,-0.20
6,空头进场,2025-04-05 13:00,short,1809.46,2,3618.92,-7.52,-0.21,11.42,0.32,-10.08,-0.28,-203.06,-0.20
7,多头出场,2025-04-05 19:00,short,1806.77,2,3626.44,-12.9,-0.36,16.38,0.45,-13.98,-0.39,-215.96,-0.22
7,多头进场,2025-04-05 16:00,long,1813.22,2,3626.44,-12.9,-0.36,16.38,0.45,-13.98,-0.39,-215.96,-0.22
8,空头出场,2025-04-06 07:00,long,1805.31,2,3613.54,2.92,0.08,79.74,2.21,-5.3,-0.15,-213.04,-0.21
8,空头进场,2025-04-05 19:00,short,1806.77,2,3613.54,2.92,0.08,79.74,2.21,-5.3,-0.15,-213.04,-0.21
9,多头出场,2025-04-06 16:00,short,1794.68,2,3610.62,-21.26,-0.59,21.34,0.59,-44.66,-1.24,-234.3,-0.23
9,多头进场,2025-04-06 07:00,long,1805.31,2,3610.62,-21.26,-0.59,21.34,0.59,-44.66,-1.24,-234.3,-0.23
10,空头出场,2025-04-07 22:00,long,1569.5,2,3589.36,450.36,12.55,762.52,21.24,-2.56,-0.07,216.06,0.22
10,空头进场,2025-04-06 16:00,short,1794.68,2,3589.36,450.36,12.55,762.52,21.24,-2.56,-0.07,216.06,0.22
11,多头出场,2025-04-08 16:00,short,1565.99,2,3139,-7.02,-0.22,96.14,3.06,-87.88,-2.80,209.04,0.21
11,多头进场,2025-04-07 22:00,long,1569.5,2,3139,-7.02,-0.22,96.14,3.06,-87.88,-2.80,209.04,0.21
12,空头出场,2025-04-08 19:00,long,1587.28,2,3131.98,-42.58,-1.36,4.3,0.14,-46.08,-1.47,166.46,0.17
12,空头进场,2025-04-08 16:00,short,1565.99,2,3131.98,-42.58,-1.36,4.3,0.14,-46.08,-1.47,166.46,0.17
13,多头出场,2025-04-08 22:00,short,1530.49,2,3174.56,-113.58,-3.58,10.78,0.34,-114.32,-3.60,52.88,0.05
13,多头进场,2025-04-08 19:00,long,1587.28,2,3174.56,-113.58,-3.58,10.78,0.34,-114.32,-3.60,52.88,0.05
14,空头出场,2025-04-09 16:00,long,1481.16,2,3060.98,98.66,3.22,289.96,9.47,-15.52,-0.51,151.54,0.15
14,空头进场,2025-04-08 22:00,short,1530.49,2,3060.98,98.66,3.22,289.96,9.47,-15.52,-0.51,151.54,0.15
15,多头出场,2025-04-09 19:00,short,1454.09,2,2962.32,-54.14,-1.83,27.68,0.93,-74.08,-2.50,97.4,0.10
15,多头进场,2025-04-09 16:00,long,1481.16,2,2962.32,-54.14,-1.83,27.68,0.93,-74.08,-2.50,97.4,0.10
16,空头出场,2025-04-09 22:00,long,1469.66,2,2908.18,-31.14,-1.07,28.12,0.97,-90.98,-3.13,66.26,0.07
16,空头进场,2025-04-09 19:00,short,1454.09,2,2908.18,-31.14,-1.07,28.12,0.97,-90.98,-3.13,66.26,0.07
17,多头出场,2025-04-10 13:00,short,1616.66,2,2939.32,294,10.00,433.5,14.75,-2.78,-0.09,360.26,0.36
17,多头进场,2025-04-09 22:00,long,1469.66,2,2939.32,294,10.00,433.5,14.75,-2.78,-0.09,360.26,0.36
18,空头出场,2025-04-11 13:00,long,1548.34,2,3233.32,136.64,4.23,286.68,8.87,-14.58,-0.45,496.9,0.50
18,空头进场,2025-04-10 13:00,short,1616.66,2,3233.32,136.64,4.23,286.68,8.87,-14.58,-0.45,496.9,0.50
19,多头出场,2025-04-12 07:00,short,1565.84,2,3096.68,35,1.13,80.96,2.61,-20.7,-0.67,531.9,0.53
19,多头进场,2025-04-11 13:00,long,1548.34,2,3096.68,35,1.13,80.96,2.61,-20.7,-0.67,531.9,0.53
20,空头出场,2025-04-12 13:00,long,1567.83,2,3131.68,-3.98,-0.13,39.48,1.26,-11.8,-0.38,527.92,0.53
20,空头进场,2025-04-12 07:00,short,1565.84,2,3131.68,-3.98,-0.13,39.48,1.26,-11.8,-0.38,527.92,0.53
21,多头出场,2025-04-13 10:00,short,1625.21,2,3135.66,114.76,3.66,199.38,6.36,0,0.00,642.68,0.64
21,多头进场,2025-04-12 13:00,long,1567.83,2,3135.66,114.76,3.66,199.38,6.36,0,0.00,642.68,0.64
22,空头出场,2025-04-14 01:00,long,1637.51,2,3250.42,-24.6,-0.76,118.24,3.64,-44,-1.35,618.08,0.62
22,空头进场,2025-04-13 10:00,short,1625.21,2,3250.42,-24.6,-0.76,118.24,3.64,-44,-1.35,618.08,0.62
23,多头出场,2025-04-14 04:00,short,1590.54,2,3275.02,-93.94,-2.87,17.56,0.54,-147.74,-4.51,524.14,0.52
23,多头进场,2025-04-14 01:00,long,1637.51,2,3275.02,-93.94,-2.87,17.56,0.54,-147.74,-4.51,524.14,0.52
24,空头出场,2025-04-14 10:00,long,1635.14,2,3181.08,-89.2,-2.80,35.56,1.12,-137.6,-4.33,434.94,0.43
24,空头进场,2025-04-14 04:00,short,1590.54,2,3181.08,-89.2,-2.80,35.56,1.12,-137.6,-4.33,434.94,0.43
25,多头出场,2025-04-15 01:00,short,1647.61,2,3270.28,24.94,0.76,110.48,3.38,-44.68,-1.37,459.88,0.46
25,多头进场,2025-04-14 10:00,long,1635.14,2,3270.28,24.94,0.76,110.48,3.38,-44.68,-1.37,459.88,0.46
26,空头出场,2025-04-15 13:00,long,1638.96,2,3295.22,17.3,0.53,79.68,2.42,-6.82,-0.21,477.18,0.48
26,空头进场,2025-04-15 01:00,short,1647.61,2,3295.22,17.3,0.53,79.68,2.42,-6.82,-0.21,477.18,0.48
27,多头出场,2025-04-15 19:00,short,1632,2,3277.92,-13.92,-0.42,24.86,0.76,-32.52,-0.99,463.26,0.46
27,多头进场,2025-04-15 13:00,long,1638.96,2,3277.92,-13.92,-0.42,24.86,0.76,-32.52,-0.99,463.26,0.46
28,空头出场,2025-04-16 19:00,long,1584.02,2,3264,95.96,2.94,154.32,4.73,-57,-1.75,559.22,0.56
28,空头进场,2025-04-15 19:00,short,1632,2,3264,95.96,2.94,154.32,4.73,-57,-1.75,559.22,0.56
29,多头出场,2025-04-17 01:00,short,1545.54,2,3168.04,-76.96,-2.43,55.84,1.76,-89.74,-2.83,482.26,0.48
29,多头进场,2025-04-16 19:00,long,1584.02,2,3168.04,-76.96,-2.43,55.84,1.76,-89.74,-2.83,482.26,0.48
30,空头出场,2025-04-17 04:00,long,1573.28,2,3091.08,-55.48,-1.79,3.8,0.12,-99.32,-3.21,426.78,0.43
30,空头进场,2025-04-17 01:00,short,1545.54,2,3091.08,-55.48,-1.79,3.8,0.12,-99.32,-3.21,426.78,0.43
31,多头出场,2025-04-17 22:00,short,1569.88,2,3146.56,-6.8,-0.22,74.18,2.36,-19.54,-0.62,419.98,0.42
31,多头进场,2025-04-17 04:00,long,1573.28,2,3146.56,-6.8,-0.22,74.18,2.36,-19.54,-0.62,419.98,0.42
32,空头出场,2025-04-18 01:00,long,1610.04,2,3139.76,-80.32,-2.56,0,0.00,-92.66,-2.95,339.66,0.34
32,空头进场,2025-04-17 22:00,short,1569.88,2,3139.76,-80.32,-2.56,0,0.00,-92.66,-2.95,339.66,0.34
33,多头出场,2025-04-18 04:00,short,1584.5,2,3220.08,-51.08,-1.59,11.2,0.35,-65.42,-2.03,288.58,0.29
33,多头进场,2025-04-18 01:00,long,1610.04,2,3220.08,-51.08,-1.59,11.2,0.35,-65.42,-2.03,288.58,0.29
34,空头出场,2025-04-18 16:00,long,1586.67,2,3169,-4.34,-0.14,21.64,0.68,-16.12,-0.51,284.24,0.28
34,空头进场,2025-04-18 04:00,short,1584.5,2,3169,-4.34,-0.14,21.64,0.68,-16.12,-0.51,284.24,0.28
35,多头出场,2025-04-19 07:00,short,1588.66,2,3173.34,3.98,0.13,27.66,0.87,-13.66,-0.43,288.22,0.29
35,多头进场,2025-04-18 16:00,long,1586.67,2,3173.34,3.98,0.13,27.66,0.87,-13.66,-0.43,288.22,0.29
36,空头出场,2025-04-19 10:00,long,1592.22,2,3177.32,-7.12,-0.22,7.08,0.22,-14.72,-0.46,281.1,0.28
36,空头进场,2025-04-19 07:00,short,1588.66,2,3177.32,-7.12,-0.22,7.08,0.22,-14.72,-0.46,281.1,0.28
37,多头出场,2025-04-19 19:00,short,1596.65,2,3184.44,8.86,0.28,41.68,1.31,-0.32,-0.01,289.96,0.29
37,多头进场,2025-04-19 10:00,long,1592.22,2,3184.44,8.86,0.28,41.68,1.31,-0.32,-0.01,289.96,0.29
38,空头出场,2025-04-19 22:00,long,1606,2,3193.3,-18.7,-0.59,3.24,0.10,-22.3,-0.70,271.26,0.27
38,空头进场,2025-04-19 19:00,short,1596.65,2,3193.3,-18.7,-0.59,3.24,0.10,-22.3,-0.70,271.26,0.27
39,多头出场,2025-04-20 13:00,short,1609.8,2,3212,7.6,0.24,47.48,1.48,-15.24,-0.47,278.86,0.28
39,多头进场,2025-04-19 22:00,long,1606,2,3212,7.6,0.24,47.48,1.48,-15.24,-0.47,278.86,0.28
40,空头出场,2025-04-21 04:00,long,1589.68,2,3219.6,40.24,1.25,88.02,2.73,-6.44,-0.20,319.1,0.32
40,空头进场,2025-04-20 13:00,short,1609.8,2,3219.6,40.24,1.25,88.02,2.73,-6.44,-0.20,319.1,0.32
41,多头出场,2025-04-21 19:00,short,1626.43,2,3179.36,73.5,2.31,136.18,4.28,-29.78,-0.94,392.6,0.39
41,多头进场,2025-04-21 04:00,long,1589.68,2,3179.36,73.5,2.31,136.18,4.28,-29.78,-0.94,392.6,0.39
42,空头出场,2025-04-21 22:00,long,1634.05,2,3252.86,-15.24,-0.47,35.22,1.08,-29.16,-0.90,377.36,0.38
42,空头进场,2025-04-21 19:00,short,1626.43,2,3252.86,-15.24,-0.47,35.22,1.08,-29.16,-0.90,377.36,0.38
43,多头出场,2025-04-22 01:00,short,1578.14,2,3268.1,-111.82,-3.42,1.72,0.05,-124.7,-3.82,265.54,0.27
43,多头进场,2025-04-21 22:00,long,1634.05,2,3268.1,-111.82,-3.42,1.72,0.05,-124.7,-3.82,265.54,0.27
44,空头出场,2025-04-22 13:00,long,1583.75,2,3156.28,-11.22,-0.36,73.44,2.33,-31.04,-0.98,254.32,0.25
44,空头进场,2025-04-22 01:00,short,1578.14,2,3156.28,-11.22,-0.36,73.44,2.33,-31.04,-0.98,254.32,0.25
45,多头出场,2025-04-23 22:00,short,1788.9,2,3167.5,410.3,12.95,499.28,15.76,-17.5,-0.55,664.62,0.66
45,多头进场,2025-04-22 13:00,long,1583.75,2,3167.5,410.3,12.95,499.28,15.76,-17.5,-0.55,664.62,0.66
46,空头出场,2025-04-24 01:00,long,1801.26,2,3577.8,-24.72,-0.69,53.14,1.49,-30.76,-0.86,639.9,0.64
46,空头进场,2025-04-23 22:00,short,1788.9,2,3577.8,-24.72,-0.69,53.14,1.49,-30.76,-0.86,639.9,0.64
47,多头出场,2025-04-24 04:00,short,1796.37,2,3602.52,-9.78,-0.27,18.6,0.52,-51.96,-1.44,630.12,0.63
47,多头进场,2025-04-24 01:00,long,1801.26,2,3602.52,-9.78,-0.27,18.6,0.52,-51.96,-1.44,630.12,0.63
48,空头出场,2025-04-24 22:00,long,1765.88,2,3592.74,60.98,1.70,144.64,4.03,-21.94,-0.61,691.1,0.69
48,空头进场,2025-04-24 04:00,short,1796.37,2,3592.74,60.98,1.70,144.64,4.03,-21.94,-0.61,691.1,0.69
49,多头出场,2025-04-25 01:00,short,1756.16,2,3531.76,-19.44,-0.55,24.98,0.71,-38.08,-1.08,671.66,0.67
49,多头进场,2025-04-24 22:00,long,1765.88,2,3531.76,-19.44,-0.55,24.98,0.71,-38.08,-1.08,671.66,0.67
50,空头出场,2025-04-25 04:00,long,1763.01,2,3512.32,-13.7,-0.39,0.58,0.02,-29,-0.83,657.96,0.66
50,空头进场,2025-04-25 01:00,short,1756.16,2,3512.32,-13.7,-0.39,0.58,0.02,-29,-0.83,657.96,0.66
51,多头出场,2025-04-25 10:00,short,1745.27,2,3526.02,-35.48,-1.01,55.64,1.58,-46.02,-1.31,622.48,0.62
51,多头进场,2025-04-25 04:00,long,1763.01,2,3526.02,-35.48,-1.01,55.64,1.58,-46.02,-1.31,622.48,0.62
52,空头出场,2025-04-25 13:00,long,1767.88,2,3490.54,-45.22,-1.30,8.84,0.25,-53.34,-1.53,577.26,0.58
52,空头进场,2025-04-25 10:00,short,1745.27,2,3490.54,-45.22,-1.30,8.84,0.25,-53.34,-1.53,577.26,0.58
53,多头出场,2025-04-26 01:00,short,1786.55,2,3535.76,37.34,1.06,118.62,3.35,-18.7,-0.53,614.6,0.61
53,多头进场,2025-04-25 13:00,long,1767.88,2,3535.76,37.34,1.06,118.62,3.35,-18.7,-0.53,614.6,0.61
54,空头出场,2025-04-26 04:00,long,1799.04,2,3573.1,-24.98,-0.70,0.02,0.00,-40.38,-1.13,589.62,0.59
54,空头进场,2025-04-26 01:00,short,1786.55,2,3573.1,-24.98,-0.70,0.02,0.00,-40.38,-1.13,589.62,0.59
55,多头出场,2025-04-26 07:00,short,1785.22,2,3598.08,-27.64,-0.77,21.76,0.60,-28.4,-0.79,561.98,0.56
55,多头进场,2025-04-26 04:00,long,1799.04,2,3598.08,-27.64,-0.77,21.76,0.60,-28.4,-0.79,561.98,0.56
56,空头出场,2025-04-26 10:00,long,1809.08,2,3570.44,-47.72,-1.34,0,0.00,-62.86,-1.76,514.26,0.51
56,空头进场,2025-04-26 07:00,short,1785.22,2,3570.44,-47.72,-1.34,0,0.00,-62.86,-1.76,514.26,0.51
57,多头出场,2025-04-26 13:00,short,1795.59,2,3618.16,-26.98,-0.75,4.14,0.11,-37.82,-1.05,487.28,0.49
57,多头进场,2025-04-26 10:00,long,1809.08,2,3618.16,-26.98,-0.75,4.14,0.11,-37.82,-1.05,487.28,0.49
58,空头出场,2025-04-26 16:00,long,1807.52,2,3591.18,-23.86,-0.66,0.9,0.03,-88.7,-2.47,463.42,0.46
58,空头进场,2025-04-26 13:00,short,1795.59,2,3591.18,-23.86,-0.66,0.9,0.03,-88.7,-2.47,463.42,0.46
59,多头出场,2025-04-26 19:00,short,1786.99,2,3615.04,-41.06,-1.14,17.78,0.49,-53.28,-1.47,422.36,0.42
59,多头进场,2025-04-26 16:00,long,1807.52,2,3615.04,-41.06,-1.14,17.78,0.49,-53.28,-1.47,422.36,0.42
60,空头出场,2025-04-27 01:00,long,1805.56,2,3573.98,-37.14,-1.04,10.58,0.30,-42.5,-1.19,385.22,0.39
60,空头进场,2025-04-26 19:00,short,1786.99,2,3573.98,-37.14,-1.04,10.58,0.30,-42.5,-1.19,385.22,0.39
61,多头出场,2025-04-27 13:00,short,1799.22,2,3611.12,-12.68,-0.35,103.48,2.87,-28.72,-0.80,372.54,0.37
61,多头进场,2025-04-27 01:00,long,1805.56,2,3611.12,-12.68,-0.35,103.48,2.87,-28.72,-0.80,372.54,0.37
62,空头出场,2025-04-27 16:00,long,1810.64,2,3598.44,-22.84,-0.63,2.84,0.08,-33.24,-0.92,349.7,0.35
62,空头进场,2025-04-27 13:00,short,1799.22,2,3598.44,-22.84,-0.63,2.84,0.08,-33.24,-0.92,349.7,0.35
63,多头出场,2025-04-27 19:00,short,1806.63,2,3621.28,-8.02,-0.22,5.7,0.16,-12.58,-0.35,341.68,0.34
63,多头进场,2025-04-27 16:00,long,1810.64,2,3621.28,-8.02,-0.22,5.7,0.16,-12.58,-0.35,341.68,0.34
64,空头出场,2025-04-28 04:00,long,1803.05,2,3613.26,7.16,0.20,43.96,1.22,-4.44,-0.12,348.84,0.35
64,空头进场,2025-04-27 19:00,short,1806.63,2,3613.26,7.16,0.20,43.96,1.22,-4.44,-0.12,348.84,0.35
65,多头出场,2025-04-28 07:00,short,1791.79,2,3606.1,-22.52,-0.62,9.44,0.26,-35.36,-0.98,326.32,0.33
65,多头进场,2025-04-28 04:00,long,1803.05,2,3606.1,-22.52,-0.62,9.44,0.26,-35.36,-0.98,326.32,0.33
66,空头出场,2025-04-28 13:00,long,1796.28,2,3583.58,-8.98,-0.25,75.94,2.12,-22.36,-0.62,317.34,0.32
66,空头进场,2025-04-28 07:00,short,1791.79,2,3583.58,-8.98,-0.25,75.94,2.12,-22.36,-0.62,317.34,0.32
67,多头出场,2025-04-28 22:00,short,1782.68,2,3592.56,-27.2,-0.76,61.9,1.72,-31.1,-0.87,290.14,0.29
67,多头进场,2025-04-28 13:00,long,1796.28,2,3592.56,-27.2,-0.76,61.9,1.72,-31.1,-0.87,290.14,0.29
68,空头出场,2025-04-29 04:00,long,1786.5,2,3565.36,-7.64,-0.21,72.66,2.04,-44.7,-1.25,282.5,0.28
68,空头进场,2025-04-28 22:00,short,1782.68,2,3565.36,-7.64,-0.21,72.66,2.04,-44.7,-1.25,282.5,0.28
69,多头出场,2025-04-30 04:00,short,1809.1,2,3573,45.2,1.27,111.9,3.13,-9.22,-0.26,327.7,0.33
69,多头进场,2025-04-29 04:00,long,1786.5,2,3573,45.2,1.27,111.9,3.13,-9.22,-0.26,327.7,0.33
70,空头出场,2025-04-30 19:00,long,1816.12,2,3618.2,-14.04,-0.39,55.12,1.52,-15.2,-0.42,313.66,0.31
70,空头进场,2025-04-30 04:00,short,1809.1,2,3618.2,-14.04,-0.39,55.12,1.52,-15.2,-0.42,313.66,0.31
71,多头出场,2025-04-30 22:00,short,1759.79,2,3632.24,-112.66,-3.10,1.34,0.04,-165.26,-4.55,201,0.20
71,多头进场,2025-04-30 19:00,long,1816.12,2,3632.24,-112.66,-3.10,1.34,0.04,-165.26,-4.55,201,0.20
72,空头出场,2025-05-01 04:00,long,1794.84,2,3519.58,-70.1,-1.99,5.96,0.17,-100.38,-2.85,130.9,0.13
72,空头进场,2025-04-30 22:00,short,1759.79,2,3519.58,-70.1,-1.99,5.96,0.17,-100.38,-2.85,130.9,0.13
73,多头出场,2025-05-02 04:00,short,1839.71,2,3589.68,89.74,2.50,155.94,4.34,-10.2,-0.28,220.64,0.22
73,多头进场,2025-05-01 04:00,long,1794.84,2,3589.68,89.74,2.50,155.94,4.34,-10.2,-0.28,220.64,0.22
74,空头出场,2025-05-02 10:00,long,1847.34,2,3679.42,-15.26,-0.41,10.62,0.29,-24.18,-0.66,205.38,0.21
74,空头进场,2025-05-02 04:00,short,1839.71,2,3679.42,-15.26,-0.41,10.62,0.29,-24.18,-0.66,205.38,0.21
75,多头出场,2025-05-02 13:00,short,1832.64,2,3694.68,-29.4,-0.80,9.2,0.25,-33.42,-0.90,175.98,0.18
75,多头进场,2025-05-02 10:00,long,1847.34,2,3694.68,-29.4,-0.80,9.2,0.25,-33.42,-0.90,175.98,0.18
76,空头出场,2025-05-02 22:00,long,1849.34,2,3665.28,-33.4,-0.91,37.04,1.01,-38.82,-1.06,142.58,0.14
76,空头进场,2025-05-02 13:00,short,1832.64,2,3665.28,-33.4,-0.91,37.04,1.01,-38.82,-1.06,142.58,0.14
77,多头出场,2025-05-03 07:00,short,1842.63,2,3698.68,-13.42,-0.36,41.52,1.12,-33.72,-0.91,129.16,0.13
77,多头进场,2025-05-02 22:00,long,1849.34,2,3698.68,-13.42,-0.36,41.52,1.12,-33.72,-0.91,129.16,0.13
78,空头出场,2025-05-03 22:00,long,1835.83,2,3685.26,13.6,0.37,48.14,1.31,-2.1,-0.06,142.76,0.14
78,空头进场,2025-05-03 07:00,short,1842.63,2,3685.26,13.6,0.37,48.14,1.31,-2.1,-0.06,142.76,0.14
79,多头出场,2025-05-04 01:00,short,1824.72,2,3671.66,-22.22,-0.61,9.04,0.25,-48.78,-1.33,120.54,0.12
79,多头进场,2025-05-03 22:00,long,1835.83,2,3671.66,-22.22,-0.61,9.04,0.25,-48.78,-1.33,120.54,0.12
80,空头出场,2025-05-04 04:00,long,1839.33,2,3649.44,-29.22,-0.80,2.68,0.07,-31.06,-0.85,91.32,0.09
80,空头进场,2025-05-04 01:00,short,1824.72,2,3649.44,-29.22,-0.80,2.68,0.07,-31.06,-0.85,91.32,0.09
81,多头出场,2025-05-04 16:00,short,1831.49,2,3678.66,-15.68,-0.43,21.72,0.59,-24.16,-0.66,75.64,0.08
81,多头进场,2025-05-04 04:00,long,1839.33,2,3678.66,-15.68,-0.43,21.72,0.59,-24.16,-0.66,75.64,0.08
82,空头出场,2025-05-05 04:00,long,1836.54,2,3662.98,-10.1,-0.28,24.3,0.66,-22.04,-0.60,65.54,0.07
82,空头进场,2025-05-04 16:00,short,1831.49,2,3662.98,-10.1,-0.28,24.3,0.66,-22.04,-0.60,65.54,0.07
83,多头出场,2025-05-05 07:00,short,1809.26,2,3673.08,-54.56,-1.49,1.82,0.05,-65.14,-1.77,10.98,0.01
83,多头进场,2025-05-05 04:00,long,1836.54,2,3673.08,-54.56,-1.49,1.82,0.05,-65.14,-1.77,10.98,0.01
84,空头出场,2025-05-05 13:00,long,1816.67,2,3618.52,-14.82,-0.41,53.7,1.48,-18.64,-0.52,-3.84,0.00
84,空头进场,2025-05-05 07:00,short,1809.26,2,3618.52,-14.82,-0.41,53.7,1.48,-18.64,-0.52,-3.84,0.00
85,多头出场,2025-05-05 19:00,short,1804.82,2,3633.34,-23.7,-0.65,29.34,0.81,-35.8,-0.99,-27.54,-0.03
85,多头进场,2025-05-05 13:00,long,1816.67,2,3633.34,-23.7,-0.65,29.34,0.81,-35.8,-0.99,-27.54,-0.03
86,空头出场,2025-05-06 01:00,long,1814.68,2,3609.64,-19.72,-0.55,19.76,0.55,-25.86,-0.72,-47.26,-0.05
86,空头进场,2025-05-05 19:00,short,1804.82,2,3609.64,-19.72,-0.55,19.76,0.55,-25.86,-0.72,-47.26,-0.05
87,多头出场,2025-05-06 04:00,short,1808.91,2,3629.36,-11.54,-0.32,27.9,0.77,-29.84,-0.82,-58.8,-0.06
87,多头进场,2025-05-06 01:00,long,1814.68,2,3629.36,-11.54,-0.32,27.9,0.77,-29.84,-0.82,-58.8,-0.06
88,空头出场,2025-05-06 07:00,long,1820.28,2,3617.82,-22.74,-0.63,0.68,0.02,-48.44,-1.34,-81.54,-0.08
88,空头进场,2025-05-06 04:00,short,1808.91,2,3617.82,-22.74,-0.63,0.68,0.02,-48.44,-1.34,-81.54,-0.08
89,多头出场,2025-05-06 10:00,short,1803.68,2,3640.56,-33.2,-0.91,0.98,0.03,-54.4,-1.49,-114.74,-0.11
89,多头进场,2025-05-06 07:00,long,1820.28,2,3640.56,-33.2,-0.91,0.98,0.03,-54.4,-1.49,-114.74,-0.11
90,空头出场,2025-05-07 04:00,long,1775.36,2,3607.36,56.64,1.57,102.48,2.84,-10.94,-0.30,-58.1,-0.06
90,空头进场,2025-05-06 10:00,short,1803.68,2,3607.36,56.64,1.57,102.48,2.84,-10.94,-0.30,-58.1,-0.06
91,多头出场,2025-05-07 22:00,short,1822.57,2,3550.72,94.42,2.66,148.84,4.19,-19.64,-0.55,36.32,0.04
91,多头进场,2025-05-07 04:00,long,1775.36,2,3550.72,94.42,2.66,148.84,4.19,-19.64,-0.55,36.32,0.04
92,空头出场,2025-05-08 07:00,long,1811.07,2,3645.14,23,0.63,70.72,1.94,-5.38,-0.15,59.32,0.06
92,空头进场,2025-05-07 22:00,short,1822.57,2,3645.14,23,0.63,70.72,1.94,-5.38,-0.15,59.32,0.06
93,多头出场,2025-05-09 22:00,short,2305.46,2,3622.14,988.78,27.30,1353.62,37.37,-3.84,-0.11,1048.1,1.05
93,多头进场,2025-05-08 07:00,long,1811.07,2,3622.14,988.78,27.30,1353.62,37.37,-3.84,-0.11,1048.1,1.05
94,空头出场,2025-05-10 01:00,long,2350.26,2,4610.92,-89.6,-1.94,60.32,1.31,-98.18,-2.13,958.5,0.96
94,空头进场,2025-05-09 22:00,short,2305.46,2,4610.92,-89.6,-1.94,60.32,1.31,-98.18,-2.13,958.5,0.96
95,多头出场,2025-05-10 04:00,short,2340.01,2,4700.52,-20.5,-0.44,4.2,0.09,-79.94,-1.70,938,0.94
95,多头进场,2025-05-10 01:00,long,2350.26,2,4700.52,-20.5,-0.44,4.2,0.09,-79.94,-1.70,938,0.94
96,空头出场,2025-05-10 16:00,long,2382.28,2,4680.02,-84.54,-1.81,40.16,0.86,-190.16,-4.06,853.46,0.85
96,空头进场,2025-05-10 04:00,short,2340.01,2,4680.02,-84.54,-1.81,40.16,0.86,-190.16,-4.06,853.46,0.85
97,多头出场,2025-05-11 16:00,short,2481.2,2,4764.56,197.84,4.15,443.58,9.31,-31.54,-0.66,1051.3,1.05
97,多头进场,2025-05-10 16:00,long,2382.28,2,4764.56,197.84,4.15,443.58,9.31,-31.54,-0.66,1051.3,1.05
98,空头出场,2025-05-11 19:00,long,2531.02,2,4962.4,-99.64,-2.01,0.02,0.00,-107.5,-2.17,951.66,0.95
98,空头进场,2025-05-11 16:00,short,2481.2,2,4962.4,-99.64,-2.01,0.02,0.00,-107.5,-2.17,951.66,0.95
99,多头出场,2025-05-11 22:00,short,2486.26,2,5062.04,-89.52,-1.77,1.72,0.03,-128.38,-2.54,862.14,0.86
99,多头进场,2025-05-11 19:00,long,2531.02,2,5062.04,-89.52,-1.77,1.72,0.03,-128.38,-2.54,862.14,0.86
100,空头出场,2025-05-12 04:00,long,2510.22,2,4972.52,-47.92,-0.96,93.94,1.89,-78.22,-1.57,814.22,0.81
100,空头进场,2025-05-11 22:00,short,2486.26,2,4972.52,-47.92,-0.96,93.94,1.89,-78.22,-1.57,814.22,0.81
101,多头出场,2025-05-12 13:00,short,2498.19,2,5020.44,-24.06,-0.48,75.58,1.51,-51.32,-1.02,790.16,0.79
101,多头进场,2025-05-12 04:00,long,2510.22,2,5020.44,-24.06,-0.48,75.58,1.51,-51.32,-1.02,790.16,0.79
102,空头出场,2025-05-12 16:00,long,2577.91,2,4996.38,-159.44,-3.19,20.44,0.41,-251.14,-5.03,630.72,0.63
102,空头进场,2025-05-12 13:00,short,2498.19,2,4996.38,-159.44,-3.19,20.44,0.41,-251.14,-5.03,630.72,0.63
103,多头出场,2025-05-12 19:00,short,2531.15,2,5155.82,-93.52,-1.81,9.76,0.19,-107.98,-2.09,537.2,0.54
103,多头进场,2025-05-12 16:00,long,2577.91,2,5155.82,-93.52,-1.81,9.76,0.19,-107.98,-2.09,537.2,0.54
104,空头出场,2025-05-13 19:00,long,2512.96,2,5062.3,36.38,0.72,243.36,4.81,-89.54,-1.77,573.58,0.57
104,空头进场,2025-05-12 19:00,short,2531.15,2,5062.3,36.38,0.72,243.36,4.81,-89.54,-1.77,573.58,0.57
105,多头出场,2025-05-14 10:00,short,2638.38,2,5025.92,250.84,4.99,448.42,8.92,-42.3,-0.84,824.42,0.82
105,多头进场,2025-05-13 19:00,long,2512.96,2,5025.92,250.84,4.99,448.42,8.92,-42.3,-0.84,824.42,0.82
106,空头出场,2025-05-14 13:00,long,2673.51,2,5276.76,-70.26,-1.33,26.56,0.50,-96.36,-1.83,754.16,0.75
106,空头进场,2025-05-14 10:00,short,2638.38,2,5276.76,-70.26,-1.33,26.56,0.50,-96.36,-1.83,754.16,0.75
107,多头出场,2025-05-14 16:00,short,2597.03,2,5347.02,-152.96,-2.86,8.6,0.16,-163.84,-3.06,601.2,0.60
107,多头进场,2025-05-14 13:00,long,2673.51,2,5347.02,-152.96,-2.86,8.6,0.16,-163.84,-3.06,601.2,0.60
108,空头出场,2025-05-15 07:00,long,2609.7,2,5194.06,-25.34,-0.49,97.14,1.87,-76.82,-1.48,575.86,0.58
108,空头进场,2025-05-14 16:00,short,2597.03,2,5194.06,-25.34,-0.49,97.14,1.87,-76.82,-1.48,575.86,0.58
109,多头出场,2025-05-15 10:00,short,2591.12,2,5219.4,-37.16,-0.71,73.1,1.40,-84.04,-1.61,538.7,0.54
109,多头进场,2025-05-15 07:00,long,2609.7,2,5219.4,-37.16,-0.71,73.1,1.40,-84.04,-1.61,538.7,0.54
110,空头出场,2025-05-16 01:00,long,2572.28,2,5182.24,37.68,0.73,221.98,4.28,-24.38,-0.47,576.38,0.58
110,空头进场,2025-05-15 10:00,short,2591.12,2,5182.24,37.68,0.73,221.98,4.28,-24.38,-0.47,576.38,0.58
111,多头出场,2025-05-16 04:00,short,2537.48,2,5144.56,-69.6,-1.35,12.56,0.24,-118.2,-2.30,506.78,0.51
111,多头进场,2025-05-16 01:00,long,2572.28,2,5144.56,-69.6,-1.35,12.56,0.24,-118.2,-2.30,506.78,0.51
112,空头出场,2025-05-16 07:00,long,2548.85,2,5074.96,-22.74,-0.45,50.02,0.99,-53.64,-1.06,484.04,0.48
112,空头进场,2025-05-16 04:00,short,2537.48,2,5074.96,-22.74,-0.45,50.02,0.99,-53.64,-1.06,484.04,0.48
113,多头出场,2025-05-16 22:00,short,2585.45,2,5097.7,73.2,1.44,197.96,3.88,-28.26,-0.55,557.24,0.56
113,多头进场,2025-05-16 07:00,long,2548.85,2,5097.7,73.2,1.44,197.96,3.88,-28.26,-0.55,557.24,0.56
114,空头出场,2025-05-18 04:00,long,2489.55,2,5170.9,191.8,3.71,273.2,5.28,-37.46,-0.72,749.04,0.75
114,空头进场,2025-05-16 22:00,short,2585.45,2,5170.9,191.8,3.71,273.2,5.28,-37.46,-0.72,749.04,0.75
115,多头出场,2025-05-18 07:00,short,2475.92,2,4979.1,-27.26,-0.55,9.96,0.20,-70.14,-1.41,721.78,0.72
115,多头进场,2025-05-18 04:00,long,2489.55,2,4979.1,-27.26,-0.55,9.96,0.20,-70.14,-1.41,721.78,0.72
116,空头出场,2025-05-18 10:00,long,2481.96,2,4951.84,-12.08,-0.24,5.92,0.12,-24.66,-0.50,709.7,0.71
116,空头进场,2025-05-18 07:00,short,2475.92,2,4951.84,-12.08,-0.24,5.92,0.12,-24.66,-0.50,709.7,0.71
117,多头出场,2025-05-19 01:00,short,2490.92,2,4963.92,17.92,0.36,210.9,4.25,-25.66,-0.52,727.62,0.73
117,多头进场,2025-05-18 10:00,long,2481.96,2,4963.92,17.92,0.36,210.9,4.25,-25.66,-0.52,727.62,0.73
118,空头出场,2025-05-19 07:00,long,2498.33,2,4981.84,-14.82,-0.30,325.64,6.54,-41.28,-0.83,712.8,0.71
118,空头进场,2025-05-19 01:00,short,2490.92,2,4981.84,-14.82,-0.30,325.64,6.54,-41.28,-0.83,712.8,0.71
119,多头出场,2025-05-19 10:00,short,2402.67,2,4996.66,-191.32,-3.83,29.96,0.60,-208.46,-4.17,521.48,0.52
119,多头进场,2025-05-19 07:00,long,2498.33,2,4996.66,-191.32,-3.83,29.96,0.60,-208.46,-4.17,521.48,0.52
120,空头出场,2025-05-19 19:00,long,2418.58,2,4805.34,-31.82,-0.66,104.26,2.17,-41.22,-0.86,489.66,0.49
120,空头进场,2025-05-19 10:00,short,2402.67,2,4805.34,-31.82,-0.66,104.26,2.17,-41.22,-0.86,489.66,0.49
121,多头出场,2025-05-20 16:00,short,2535.25,2,4837.16,233.34,4.82,339.24,7.01,-63.72,-1.32,723,0.72
121,多头进场,2025-05-19 19:00,long,2418.58,2,4837.16,233.34,4.82,339.24,7.01,-63.72,-1.32,723,0.72
122,空头出场,2025-05-21 04:00,long,2514.23,2,5070.5,42.04,0.83,178.66,3.52,-10.14,-0.20,765.04,0.77
122,空头进场,2025-05-20 16:00,short,2535.25,2,5070.5,42.04,0.83,178.66,3.52,-10.14,-0.20,765.04,0.77
123,多头出场,2025-05-21 16:00,short,2538.65,2,5028.46,48.84,0.97,202.46,4.03,-49.7,-0.99,813.88,0.81
123,多头进场,2025-05-21 04:00,long,2514.23,2,5028.46,48.84,0.97,202.46,4.03,-49.7,-0.99,813.88,0.81
124,空头出场,2025-05-21 22:00,long,2581.33,2,5077.3,-85.36,-1.68,43.42,0.86,-85.38,-1.68,728.52,0.73
124,空头进场,2025-05-21 16:00,short,2538.65,2,5077.3,-85.36,-1.68,43.42,0.86,-85.38,-1.68,728.52,0.73
125,多头出场,2025-05-22 01:00,short,2473.39,2,5162.66,-215.88,-4.18,68.02,1.32,-254,-4.92,512.64,0.51
125,多头进场,2025-05-21 22:00,long,2581.33,2,5162.66,-215.88,-4.18,68.02,1.32,-254,-4.92,512.64,0.51
126,空头出场,2025-05-22 07:00,long,2551.84,2,4946.78,-156.9,-3.17,25.4,0.51,-248.88,-5.03,355.74,0.36
126,空头进场,2025-05-22 01:00,short,2473.39,2,4946.78,-156.9,-3.17,25.4,0.51,-248.88,-5.03,355.74,0.36
127,多头出场,2025-05-23 04:00,short,2642.04,2,5103.68,180.4,3.53,283.02,5.55,-11.12,-0.22,536.14,0.54
127,多头进场,2025-05-22 07:00,long,2551.84,2,5103.68,180.4,3.53,283.02,5.55,-11.12,-0.22,536.14,0.54
128,空头出场,2025-05-23 07:00,long,2665.71,2,5284.08,-47.34,-0.90,25.34,0.48,-49.72,-0.94,488.8,0.49
128,空头进场,2025-05-23 04:00,short,2642.04,2,5284.08,-47.34,-0.90,25.34,0.48,-49.72,-0.94,488.8,0.49
129,多头出场,2025-05-23 16:00,short,2669.92,2,5331.42,8.42,0.16,135.12,2.53,-39.04,-0.73,497.22,0.50
129,多头进场,2025-05-23 07:00,long,2665.71,2,5331.42,8.42,0.16,135.12,2.53,-39.04,-0.73,497.22,0.50
130,空头出场,2025-05-24 13:00,long,2551.79,2,5339.84,236.26,4.42,334.6,6.27,-38.24,-0.72,733.48,0.73
130,空头进场,2025-05-23 16:00,short,2669.92,2,5339.84,236.26,4.42,334.6,6.27,-38.24,-0.72,733.48,0.73
131,多头出场,2025-05-25 04:00,short,2552.93,2,5103.58,2.28,0.04,49.2,0.96,-30.12,-0.59,735.76,0.74
131,多头进场,2025-05-24 13:00,long,2551.79,2,5103.58,2.28,0.04,49.2,0.96,-30.12,-0.59,735.76,0.74
132,空头出场,2025-05-25 22:00,long,2506.84,2,5105.86,92.18,1.81,173.3,3.39,-1,-0.02,827.94,0.83
132,空头进场,2025-05-25 04:00,short,2552.93,2,5105.86,92.18,1.81,173.3,3.39,-1,-0.02,827.94,0.83
133,多头出场,2025-05-26 22:00,short,2551.3,2,5013.68,88.92,1.77,185.42,3.70,-51.92,-1.04,916.86,0.92
133,多头进场,2025-05-25 22:00,long,2506.84,2,5013.68,88.92,1.77,185.42,3.70,-51.92,-1.04,916.86,0.92
134,空头出场,2025-05-27 04:00,long,2567.31,2,5102.6,-32.02,-0.63,45.88,0.90,-45.62,-0.89,884.84,0.88
134,空头进场,2025-05-26 22:00,short,2551.3,2,5102.6,-32.02,-0.63,45.88,0.90,-45.62,-0.89,884.84,0.88
135,多头出场,2025-05-27 10:00,short,2536.66,2,5134.62,-61.3,-1.19,34.58,0.67,-112.14,-2.18,823.54,0.82
135,多头进场,2025-05-27 04:00,long,2567.31,2,5134.62,-61.3,-1.19,34.58,0.67,-112.14,-2.18,823.54,0.82
136,空头出场,2025-05-27 13:00,long,2570.69,2,5073.32,-68.06,-1.34,0.22,0.00,-74,-1.46,755.48,0.76
136,空头进场,2025-05-27 10:00,short,2536.66,2,5073.32,-68.06,-1.34,0.22,0.00,-74,-1.46,755.48,0.76
137,多头出场,2025-05-28 07:00,short,2661.91,2,5141.38,182.44,3.55,284.42,5.53,-8.9,-0.17,937.92,0.94
137,多头进场,2025-05-27 13:00,long,2570.69,2,5141.38,182.44,3.55,284.42,5.53,-8.9,-0.17,937.92,0.94
138,空头出场,2025-05-28 19:00,long,2658.26,2,5323.82,7.3,0.14,102.22,1.92,-1.06,-0.02,945.22,0.95
138,空头进场,2025-05-28 07:00,short,2661.91,2,5323.82,7.3,0.14,102.22,1.92,-1.06,-0.02,945.22,0.95
139,多头出场,2025-05-28 22:00,short,2630.31,2,5316.52,-55.9,-1.05,63.86,1.20,-71.02,-1.34,889.32,0.89
139,多头进场,2025-05-28 19:00,long,2658.26,2,5316.52,-55.9,-1.05,63.86,1.20,-71.02,-1.34,889.32,0.89
140,空头出场,2025-05-29 01:00,long,2654.16,2,5260.62,-47.7,-0.91,29.48,0.56,-70.72,-1.34,841.62,0.84
140,空头进场,2025-05-28 22:00,short,2630.31,2,5260.62,-47.7,-0.91,29.48,0.56,-70.72,-1.34,841.62,0.84
141,多头出场,2025-05-29 04:00,short,2635.74,2,5308.32,-36.84,-0.69,9.82,0.18,-79.96,-1.51,804.78,0.80
141,多头进场,2025-05-29 01:00,long,2654.16,2,5308.32,-36.84,-0.69,9.82,0.18,-79.96,-1.51,804.78,0.80
142,空头出场,2025-05-29 07:00,long,2682.92,2,5271.48,-94.36,-1.79,6.8,0.13,-103.3,-1.96,710.42,0.71
142,空头进场,2025-05-29 04:00,short,2635.74,2,5271.48,-94.36,-1.79,6.8,0.13,-103.3,-1.96,710.42,0.71
143,多头出场,2025-05-29 19:00,short,2717.08,2,5365.84,68.32,1.27,210.4,3.92,-21.72,-0.40,778.74,0.78
143,多头进场,2025-05-29 07:00,long,2682.92,2,5365.84,68.32,1.27,210.4,3.92,-21.72,-0.40,778.74,0.78
144,空头出场,2025-05-30 13:00,long,2644.04,2,5434.16,146.08,2.69,313.38,5.77,-4.76,-0.09,924.82,0.92
144,空头进场,2025-05-29 19:00,short,2717.08,2,5434.16,146.08,2.69,313.38,5.77,-4.76,-0.09,924.82,0.92
145,多头出场,2025-05-30 16:00,short,2617.48,2,5288.08,-53.12,-1.00,1.62,0.03,-73.62,-1.39,871.7,0.87
145,多头进场,2025-05-30 13:00,long,2644.04,2,5288.08,-53.12,-1.00,1.62,0.03,-73.62,-1.39,871.7,0.87
146,空头出场,2025-05-31 16:00,long,2525.42,2,5234.96,184.12,3.52,274.52,5.24,-21.28,-0.41,1055.82,1.06
146,空头进场,2025-05-30 16:00,short,2617.48,2,5234.96,184.12,3.52,274.52,5.24,-21.28,-0.41,1055.82,1.06
147,多头出场,2025-06-01 07:00,short,2529.02,2,5050.84,7.2,0.14,51.14,1.01,-29.7,-0.59,1063.02,1.06
147,多头进场,2025-05-31 16:00,long,2525.42,2,5050.84,7.2,0.14,51.14,1.01,-29.7,-0.59,1063.02,1.06
148,空头出场,2025-06-01 22:00,long,2510.91,2,5058.04,36.22,0.72,114.68,2.27,-5.08,-0.10,1099.24,1.10
148,空头进场,2025-06-01 07:00,short,2529.02,2,5058.04,36.22,0.72,114.68,2.27,-5.08,-0.10,1099.24,1.10
149,多头出场,2025-06-02 10:00,short,2509.88,2,5021.82,-2.06,-0.04,75.64,1.51,-27.16,-0.54,1097.18,1.10
149,多头进场,2025-06-01 22:00,long,2510.91,2,5021.82,-2.06,-0.04,75.64,1.51,-27.16,-0.54,1097.18,1.10
150,空头出场,2025-06-02 22:00,long,2532.72,2,5019.76,-45.68,-0.91,66.08,1.32,-63.08,-1.26,1051.5,1.05
150,空头进场,2025-06-02 10:00,short,2509.88,2,5019.76,-45.68,-0.91,66.08,1.32,-63.08,-1.26,1051.5,1.05
151,多头出场,2025-06-03 19:00,short,2603.24,2,5065.44,141.04,2.78,236.52,4.67,-15.98,-0.32,1192.54,1.19
151,多头进场,2025-06-02 22:00,long,2532.72,2,5065.44,141.04,2.78,236.52,4.67,-15.98,-0.32,1192.54,1.19
152,空头出场,2025-06-03 22:00,long,2649.89,2,5206.48,-93.3,-1.79,7.68,0.15,-101.82,-1.96,1099.24,1.10
152,空头进场,2025-06-03 19:00,short,2603.24,2,5206.48,-93.3,-1.79,7.68,0.15,-101.82,-1.96,1099.24,1.10
153,多头出场,2025-06-04 01:00,short,2620.47,2,5299.78,-58.84,-1.11,5.38,0.10,-90.24,-1.70,1040.4,1.04
153,多头进场,2025-06-03 22:00,long,2649.89,2,5299.78,-58.84,-1.11,5.38,0.10,-90.24,-1.70,1040.4,1.04
154,空头出场,2025-06-04 13:00,long,2626.42,2,5240.94,-11.9,-0.23,76.34,1.46,-51.62,-0.98,1028.5,1.03
154,空头进场,2025-06-04 01:00,short,2620.47,2,5240.94,-11.9,-0.23,76.34,1.46,-51.62,-0.98,1028.5,1.03
155,多头出场,2025-06-04 19:00,short,2626.21,2,5252.84,-0.42,-0.01,50.8,0.97,-6.36,-0.12,1028.08,1.03
155,多头进场,2025-06-04 13:00,long,2626.42,2,5252.84,-0.42,-0.01,50.8,0.97,-6.36,-0.12,1028.08,1.03
156,空头出场,2025-06-04 22:00,long,2641.98,2,5252.42,-31.54,-0.60,59.48,1.13,-33.08,-0.63,996.54,1.00
156,空头进场,2025-06-04 19:00,short,2626.21,2,5252.42,-31.54,-0.60,59.48,1.13,-33.08,-0.63,996.54,1.00
157,多头出场,2025-06-05 04:00,short,2607.21,2,5283.96,-69.54,-1.32,76.9,1.46,-80.2,-1.52,927,0.93
157,多头进场,2025-06-04 22:00,long,2641.98,2,5283.96,-69.54,-1.32,76.9,1.46,-80.2,-1.52,927,0.93
158,空头出场,2025-06-05 10:00,long,2621.58,2,5214.42,-28.74,-0.55,11.4,0.22,-44.58,-0.85,898.26,0.90
158,空头进场,2025-06-05 04:00,short,2607.21,2,5214.42,-28.74,-0.55,11.4,0.22,-44.58,-0.85,898.26,0.90
159,多头出场,2025-06-05 13:00,short,2614.72,2,5243.16,-13.72,-0.26,28.44,0.54,-22.98,-0.44,884.54,0.88
159,多头进场,2025-06-05 10:00,long,2621.58,2,5243.16,-13.72,-0.26,28.44,0.54,-22.98,-0.44,884.54,0.88
160,空头出场,2025-06-06 13:00,long,2461.14,2,5229.44,307.16,5.87,455.32,8.71,-54.66,-1.05,1191.7,1.19
160,空头进场,2025-06-05 13:00,short,2614.72,2,5229.44,307.16,5.87,455.32,8.71,-54.66,-1.05,1191.7,1.19
161,多头出场,2025-06-07 07:00,short,2477.33,2,4922.28,32.38,0.66,140.7,2.86,-18.66,-0.38,1224.08,1.22
161,多头进场,2025-06-06 13:00,long,2461.14,2,4922.28,32.38,0.66,140.7,2.86,-18.66,-0.38,1224.08,1.22
162,空头出场,2025-06-07 13:00,long,2495.72,2,4954.66,-36.78,-0.74,37,0.75,-40.56,-0.82,1187.3,1.19
162,空头进场,2025-06-07 07:00,short,2477.33,2,4954.66,-36.78,-0.74,37,0.75,-40.56,-0.82,1187.3,1.19
163,多头出场,2025-06-07 16:00,short,2485.61,2,4991.44,-20.22,-0.41,15.12,0.30,-22.74,-0.46,1167.08,1.17
163,多头进场,2025-06-07 13:00,long,2495.72,2,4991.44,-20.22,-0.41,15.12,0.30,-22.74,-0.46,1167.08,1.17
164,空头出场,2025-06-07 19:00,long,2497.47,2,4971.22,-23.72,-0.48,1.32,0.03,-34.62,-0.70,1143.36,1.14
164,空头进场,2025-06-07 16:00,short,2485.61,2,4971.22,-23.72,-0.48,1.32,0.03,-34.62,-0.70,1143.36,1.14
165,多头出场,2025-06-08 10:00,short,2513.13,2,4994.94,31.32,0.63,92.9,1.86,-5.88,-0.12,1174.68,1.17
165,多头进场,2025-06-07 19:00,long,2497.47,2,4994.94,31.32,0.63,92.9,1.86,-5.88,-0.12,1174.68,1.17
166,空头出场,2025-06-08 16:00,long,2517.72,2,5026.26,-9.18,-0.18,6.28,0.12,-17.4,-0.35,1165.5,1.17
166,空头进场,2025-06-08 10:00,short,2513.13,2,5026.26,-9.18,-0.18,6.28,0.12,-17.4,-0.35,1165.5,1.17
167,多头出场,2025-06-08 19:00,short,2514.84,2,5035.44,-5.76,-0.11,1.76,0.03,-48.2,-0.96,1159.74,1.16
167,多头进场,2025-06-08 16:00,long,2517.72,2,5035.44,-5.76,-0.11,1.76,0.03,-48.2,-0.96,1159.74,1.16
168,空头出场,2025-06-09 01:00,long,2524.53,2,5029.68,-19.38,-0.39,26.46,0.53,-41.82,-0.83,1140.36,1.14
168,空头进场,2025-06-08 19:00,short,2514.84,2,5029.68,-19.38,-0.39,26.46,0.53,-41.82,-0.83,1140.36,1.14
169,多头出场,2025-06-09 07:00,short,2511.13,2,5049.06,-26.8,-0.53,49.96,0.99,-44.92,-0.89,1113.56,1.11
169,多头进场,2025-06-09 01:00,long,2524.53,2,5049.06,-26.8,-0.53,49.96,0.99,-44.92,-0.89,1113.56,1.11
170,空头出场,2025-06-09 19:00,long,2542.72,2,5022.26,-63.18,-1.26,63.74,1.27,-74.12,-1.48,1050.38,1.05
170,空头进场,2025-06-09 07:00,short,2511.13,2,5022.26,-63.18,-1.26,63.74,1.27,-74.12,-1.48,1050.38,1.05
171,多头出场,2025-06-11 10:00,short,2781.93,2,5085.44,478.42,9.41,583.12,11.47,-62.5,-1.23,1528.8,1.53
171,多头进场,2025-06-09 19:00,long,2542.72,2,5085.44,478.42,9.41,583.12,11.47,-62.5,-1.23,1528.8,1.53
172,空头出场,2025-06-11 13:00,long,2794.24,2,5563.86,-24.62,-0.44,1.48,0.03,-44.24,-0.80,1504.18,1.50
172,空头进场,2025-06-11 10:00,short,2781.93,2,5563.86,-24.62,-0.44,1.48,0.03,-44.24,-0.80,1504.18,1.50
173,多头出场,2025-06-11 16:00,short,2769.89,2,5588.48,-48.7,-0.87,15.76,0.28,-55.26,-0.99,1455.48,1.46
173,多头进场,2025-06-11 13:00,long,2794.24,2,5588.48,-48.7,-0.87,15.76,0.28,-55.26,-0.99,1455.48,1.46
174,空头出场,2025-06-11 22:00,long,2840.97,2,5539.78,-142.16,-2.57,30,0.54,-171.32,-3.09,1313.32,1.31
174,空头进场,2025-06-11 16:00,short,2769.89,2,5539.78,-142.16,-2.57,30,0.54,-171.32,-3.09,1313.32,1.31
175,多头出场,2025-06-12 04:00,short,2815.83,2,5681.94,-50.28,-0.88,76.96,1.35,-101,-1.78,1263.04,1.26
175,多头进场,2025-06-11 22:00,long,2840.97,2,5681.94,-50.28,-0.88,76.96,1.35,-101,-1.78,1263.04,1.26
176,空头出场,2025-06-12 22:00,long,2765.62,2,5631.66,100.42,1.78,204.28,3.63,-31.84,-0.57,1363.46,1.36
176,空头进场,2025-06-12 04:00,short,2815.83,2,5631.66,100.42,1.78,204.28,3.63,-31.84,-0.57,1363.46,1.36
177,多头出场,2025-06-13 04:00,short,2640.68,2,5531.24,-249.88,-4.52,15.56,0.28,-293.18,-5.30,1113.58,1.11
177,多头进场,2025-06-12 22:00,long,2765.62,2,5531.24,-249.88,-4.52,15.56,0.28,-293.18,-5.30,1113.58,1.11
178,空头出场,2025-06-13 19:00,long,2546.4,2,5281.36,188.56,3.57,398.2,7.54,-40.52,-0.77,1302.14,1.30
178,空头进场,2025-06-13 04:00,short,2640.68,2,5281.36,188.56,3.57,398.2,7.54,-40.52,-0.77,1302.14,1.30
179,多头出场,2025-06-14 16:00,short,2536.91,2,5092.8,-18.98,-0.37,78.58,1.54,-80.04,-1.57,1283.16,1.28
179,多头进场,2025-06-13 19:00,long,2546.4,2,5092.8,-18.98,-0.37,78.58,1.54,-80.04,-1.57,1283.16,1.28
180,空头出场,2025-06-15 07:00,long,2532.01,2,5073.82,9.8,0.19,92.84,1.83,-19.98,-0.39,1292.96,1.29
180,空头进场,2025-06-14 16:00,short,2536.91,2,5073.82,9.8,0.19,92.84,1.83,-19.98,-0.39,1292.96,1.29
181,多头出场,2025-06-15 16:00,short,2521.85,2,5064.02,-20.32,-0.40,43.36,0.86,-24.38,-0.48,1272.64,1.27
181,多头进场,2025-06-15 07:00,long,2532.01,2,5064.02,-20.32,-0.40,43.36,0.86,-24.38,-0.48,1272.64,1.27
182,空头出场,2025-06-15 22:00,long,2549.84,2,5043.7,-55.98,-1.11,23.9,0.47,-67.2,-1.33,1216.66,1.22
182,空头进场,2025-06-15 16:00,short,2521.85,2,5043.7,-55.98,-1.11,23.9,0.47,-67.2,-1.33,1216.66,1.22
183,多头出场,2025-06-16 04:00,short,2504.37,2,5099.68,-90.94,-1.78,19.46,0.38,-113.12,-2.22,1125.72,1.13
183,多头进场,2025-06-15 22:00,long,2549.84,2,5099.68,-90.94,-1.78,19.46,0.38,-113.12,-2.22,1125.72,1.13
184,空头出场,2025-06-16 07:00,long,2548.66,2,5008.74,-88.58,-1.77,11.06,0.22,-92.92,-1.86,1037.14,1.04
184,空头进场,2025-06-16 04:00,short,2504.37,2,5008.74,-88.58,-1.77,11.06,0.22,-92.92,-1.86,1037.14,1.04
185,多头出场,2025-06-17 07:00,short,2544.67,2,5097.32,-7.98,-0.16,263.32,5.17,-65.42,-1.28,1029.16,1.03
185,多头进场,2025-06-16 07:00,long,2548.66,2,5097.32,-7.98,-0.16,263.32,5.17,-65.42,-1.28,1029.16,1.03
186,空头出场,2025-06-18 10:00,long,2515.59,2,5089.34,58.16,1.14,177.88,3.50,-149.04,-2.93,1087.32,1.09
186,空头进场,2025-06-17 07:00,short,2544.67,2,5089.34,58.16,1.14,177.88,3.50,-149.04,-2.93,1087.32,1.09
187,多头出场,2025-06-18 19:00,short,2514.15,2,5031.18,-2.88,-0.06,65,1.29,-52.36,-1.04,1084.44,1.08
187,多头进场,2025-06-18 10:00,long,2515.59,2,5031.18,-2.88,-0.06,65,1.29,-52.36,-1.04,1084.44,1.08
188,空头出场,2025-06-19 04:00,long,2529.13,2,5028.3,-29.96,-0.60,92.54,1.84,-49.66,-0.99,1054.48,1.05
188,空头进场,2025-06-18 19:00,short,2514.15,2,5028.3,-29.96,-0.60,92.54,1.84,-49.66,-0.99,1054.48,1.05
189,多头出场,2025-06-19 10:00,short,2515.1,2,5058.26,-28.06,-0.55,36.22,0.72,-41.32,-0.82,1026.42,1.03
189,多头进场,2025-06-19 04:00,long,2529.13,2,5058.26,-28.06,-0.55,36.22,0.72,-41.32,-0.82,1026.42,1.03
190,空头出场,2025-06-19 13:00,long,2522.69,2,5030.2,-15.18,-0.30,0.24,0.00,-32.98,-0.66,1011.24,1.01
190,空头进场,2025-06-19 10:00,short,2515.1,2,5030.2,-15.18,-0.30,0.24,0.00,-32.98,-0.66,1011.24,1.01
191,多头出场,2025-06-19 22:00,short,2497.49,2,5045.38,-50.4,-1.00,44.8,0.89,-53.14,-1.05,960.84,0.96
191,多头进场,2025-06-19 13:00,long,2522.69,2,5045.38,-50.4,-1.00,44.8,0.89,-53.14,-1.05,960.84,0.96
192,空头出场,2025-06-20 07:00,long,2521.68,2,4994.98,-48.38,-0.97,23.58,0.47,-69.76,-1.40,912.46,0.91
192,空头进场,2025-06-19 22:00,short,2497.49,2,4994.98,-48.38,-0.97,23.58,0.47,-69.76,-1.40,912.46,0.91
193,多头出场,2025-06-20 22:00,short,2490.96,2,5043.36,-61.44,-1.22,94.58,1.88,-62.44,-1.24,851.02,0.85
193,多头进场,2025-06-20 07:00,long,2521.68,2,5043.36,-61.44,-1.22,94.58,1.88,-62.44,-1.24,851.02,0.85
194,空头出场,2025-06-21 16:00,long,2441.95,2,4981.92,98.02,1.97,241.64,4.85,-35.94,-0.72,949.04,0.95
194,空头进场,2025-06-20 22:00,short,2490.96,2,4981.92,98.02,1.97,241.64,4.85,-35.94,-0.72,949.04,0.95
195,多头出场,2025-06-21 22:00,short,2420.22,2,4883.9,-43.46,-0.89,13.46,0.28,-55.4,-1.13,905.58,0.91
195,多头进场,2025-06-21 16:00,long,2441.95,2,4883.9,-43.46,-0.89,13.46,0.28,-55.4,-1.13,905.58,0.91
196,空头出场,2025-06-23 07:00,long,2228.4,2,4840.44,383.64,7.93,609.34,12.59,-16.38,-0.34,1289.22,1.29
196,空头进场,2025-06-21 22:00,short,2420.22,2,4840.44,383.64,7.93,609.34,12.59,-16.38,-0.34,1289.22,1.29
197,多头出场,2025-06-25 07:00,short,2450.3,2,4456.8,443.8,9.96,508.34,11.41,-77.1,-1.73,1733.02,1.73
197,多头进场,2025-06-23 07:00,long,2228.4,2,4456.8,443.8,9.96,508.34,11.41,-77.1,-1.73,1733.02,1.73
198,空头出场,2025-06-26 04:00,long,2441.11,2,4900.6,18.38,0.38,116.56,2.38,-37.08,-0.76,1751.4,1.75
198,空头进场,2025-06-25 07:00,short,2450.3,2,4900.6,18.38,0.38,116.56,2.38,-37.08,-0.76,1751.4,1.75
199,多头出场,2025-06-26 07:00,short,2419.48,2,4882.22,-43.26,-0.89,27.06,0.55,-63.42,-1.30,1708.14,1.71
199,多头进场,2025-06-26 04:00,long,2441.11,2,4882.22,-43.26,-0.89,27.06,0.55,-63.42,-1.30,1708.14,1.71
200,空头出场,2025-06-26 10:00,long,2494.56,2,4838.96,-150.16,-3.10,1.9,0.04,-163,-3.37,1557.98,1.56
200,空头进场,2025-06-26 07:00,short,2419.48,2,4838.96,-150.16,-3.10,1.9,0.04,-163,-3.37,1557.98,1.56
201,多头出场,2025-06-26 19:00,short,2451.54,2,4989.12,-86.04,-1.72,52.62,1.05,-103.2,-2.07,1471.94,1.47
201,多头进场,2025-06-26 10:00,long,2494.56,2,4989.12,-86.04,-1.72,52.62,1.05,-103.2,-2.07,1471.94,1.47
202,空头出场,2025-06-27 04:00,long,2446.55,2,4903.08,9.98,0.20,81.06,1.65,-16.48,-0.34,1481.92,1.48
202,空头进场,2025-06-26 19:00,short,2451.54,2,4903.08,9.98,0.20,81.06,1.65,-16.48,-0.34,1481.92,1.48
203,多头出场,2025-06-27 07:00,short,2417.25,2,4893.1,-58.6,-1.20,0.46,0.01,-100.74,-2.06,1423.32,1.42
203,多头进场,2025-06-27 04:00,long,2446.55,2,4893.1,-58.6,-1.20,0.46,0.01,-100.74,-2.06,1423.32,1.42
204,空头出场,2025-06-27 10:00,long,2438.46,2,4834.5,-42.42,-0.88,65.34,1.35,-46.98,-0.97,1380.9,1.38
204,空头进场,2025-06-27 07:00,short,2417.25,2,4834.5,-42.42,-0.88,65.34,1.35,-46.98,-0.97,1380.9,1.38
205,多头出场,2025-06-27 22:00,short,2424.07,2,4876.92,-28.78,-0.59,50.08,1.03,-46.38,-0.95,1352.12,1.35
205,多头进场,2025-06-27 10:00,long,2438.46,2,4876.92,-28.78,-0.59,50.08,1.03,-46.38,-0.95,1352.12,1.35
206,空头出场,2025-06-28 04:00,long,2426.99,2,4848.14,-5.84,-0.12,69.62,1.44,-51.04,-1.05,1346.28,1.35
206,空头进场,2025-06-27 22:00,short,2424.07,2,4848.14,-5.84,-0.12,69.62,1.44,-51.04,-1.05,1346.28,1.35
207,多头出场,2025-06-28 10:00,short,2419.91,2,4853.98,-14.16,-0.29,6.42,0.13,-39.62,-0.82,1332.12,1.33
207,多头进场,2025-06-28 04:00,long,2426.99,2,4853.98,-14.16,-0.29,6.42,0.13,-39.62,-0.82,1332.12,1.33
208,空头出场,2025-06-28 13:00,long,2423.22,2,4839.82,-6.62,-0.14,4.1,0.08,-19.52,-0.40,1325.5,1.33
208,空头进场,2025-06-28 10:00,short,2419.91,2,4839.82,-6.62,-0.14,4.1,0.08,-19.52,-0.40,1325.5,1.33
209,多头出场,2025-06-29 04:00,short,2430.66,2,4846.44,14.88,0.31,51.02,1.05,-4.58,-0.09,1340.38,1.34
209,多头进场,2025-06-28 13:00,long,2423.22,2,4846.44,14.88,0.31,51.02,1.05,-4.58,-0.09,1340.38,1.34
210,空头出场,2025-06-29 07:00,long,2436.7,2,4861.32,-12.08,-0.25,0.76,0.02,-24.88,-0.51,1328.3,1.33
210,空头进场,2025-06-29 04:00,short,2430.66,2,4861.32,-12.08,-0.25,0.76,0.02,-24.88,-0.51,1328.3,1.33
211,多头出场,2025-06-29 10:00,short,2432.78,2,4873.4,-7.84,-0.16,14.08,0.29,-20.88,-0.43,1320.46,1.32
211,多头进场,2025-06-29 07:00,long,2436.7,2,4873.4,-7.84,-0.16,14.08,0.29,-20.88,-0.43,1320.46,1.32
212,空头出场,2025-06-29 13:00,long,2434.78,2,4865.56,-4,-0.08,10.32,0.21,-5.64,-0.12,1316.46,1.32
212,空头进场,2025-06-29 10:00,short,2432.78,2,4865.56,-4,-0.08,10.32,0.21,-5.64,-0.12,1316.46,1.32
213,多头出场,2025-06-29 22:00,short,2441.27,2,4869.56,12.98,0.27,58.96,1.21,-2.46,-0.05,1329.44,1.33
213,多头进场,2025-06-29 13:00,long,2434.78,2,4869.56,12.98,0.27,58.96,1.21,-2.46,-0.05,1329.44,1.33
214,空头出场,2025-06-30 07:00,long,2501.15,2,4882.54,-119.76,-2.45,52.1,1.07,-167.28,-3.43,1209.68,1.21
214,空头进场,2025-06-29 22:00,short,2441.27,2,4882.54,-119.76,-2.45,52.1,1.07,-167.28,-3.43,1209.68,1.21
215,多头出场,2025-06-30 16:00,short,2469.17,2,5002.3,-63.96,-1.28,43.56,0.87,-85.8,-1.72,1145.72,1.15
215,多头进场,2025-06-30 07:00,long,2501.15,2,5002.3,-63.96,-1.28,43.56,0.87,-85.8,-1.72,1145.72,1.15
216,空头出场,2025-07-01 01:00,long,2488.2,2,4938.34,-38.06,-0.77,66.04,1.34,-58.12,-1.18,1107.66,1.11
216,空头进场,2025-06-30 16:00,short,2469.17,2,4938.34,-38.06,-0.77,66.04,1.34,-58.12,-1.18,1107.66,1.11
217,多头出场,2025-07-01 10:00,short,2484.15,2,4976.4,-8.1,-0.16,68.56,1.38,-20.08,-0.40,1099.56,1.10
217,多头进场,2025-07-01 01:00,long,2488.2,2,4976.4,-8.1,-0.16,68.56,1.38,-20.08,-0.40,1099.56,1.10
218,空头出场,2025-07-02 10:00,long,2418.39,2,4968.3,131.52,2.65,215.28,4.33,-8.84,-0.18,1231.08,1.23
218,空头进场,2025-07-01 10:00,short,2484.15,2,4968.3,131.52,2.65,215.28,4.33,-8.84,-0.18,1231.08,1.23
219,多头出场,2025-07-03 22:00,short,2596.07,2,4836.78,355.36,7.35,434.78,8.99,-2.58,-0.05,1586.44,1.59
219,多头进场,2025-07-02 10:00,long,2418.39,2,4836.78,355.36,7.35,434.78,8.99,-2.58,-0.05,1586.44,1.59
220,空头出场,2025-07-04 04:00,long,2600.17,2,5192.14,-8.2,-0.16,57.88,1.11,-8.26,-0.16,1578.24,1.58
220,空头进场,2025-07-03 22:00,short,2596.07,2,5192.14,-8.2,-0.16,57.88,1.11,-8.26,-0.16,1578.24,1.58
221,多头出场,2025-07-04 07:00,short,2592.13,2,5200.34,-16.08,-0.31,8.9,0.17,-26.86,-0.52,1562.16,1.56
221,多头进场,2025-07-04 04:00,long,2600.17,2,5200.34,-16.08,-0.31,8.9,0.17,-26.86,-0.52,1562.16,1.56
222,空头出场,2025-07-05 07:00,long,2508.84,2,5184.26,166.58,3.21,233.02,4.49,-22.34,-0.43,1728.74,1.73
222,空头进场,2025-07-04 07:00,short,2592.13,2,5184.26,166.58,3.21,233.02,4.49,-22.34,-0.43,1728.74,1.73
223,多头出场,2025-07-06 01:00,short,2504.39,2,5017.68,-8.9,-0.18,43.04,0.86,-29.5,-0.59,1719.84,1.72
223,多头进场,2025-07-05 07:00,long,2508.84,2,5017.68,-8.9,-0.18,43.04,0.86,-29.5,-0.59,1719.84,1.72
224,空头出场,2025-07-06 07:00,long,2517.09,2,5008.78,-25.4,-0.51,31.64,0.63,-37.12,-0.74,1694.44,1.69
224,空头进场,2025-07-06 01:00,short,2504.39,2,5008.78,-25.4,-0.51,31.64,0.63,-37.12,-0.74,1694.44,1.69
225,多头出场,2025-07-06 13:00,short,2511.32,2,5034.18,-11.54,-0.23,8.74,0.17,-15.16,-0.30,1682.9,1.68
225,多头进场,2025-07-06 07:00,long,2517.09,2,5034.18,-11.54,-0.23,8.74,0.17,-15.16,-0.30,1682.9,1.68
226,空头出场,2025-07-06 16:00,long,2513.83,2,5022.64,-5.02,-0.10,3.1,0.06,-31.6,-0.63,1677.88,1.68
226,空头进场,2025-07-06 13:00,short,2511.32,2,5022.64,-5.02,-0.10,3.1,0.06,-31.6,-0.63,1677.88,1.68
227,多头出场,2025-07-07 19:00,short,2563.31,2,5027.66,98.96,1.97,182.48,3.63,-19.1,-0.38,1776.84,1.78
227,多头进场,2025-07-06 16:00,long,2513.83,2,5027.66,98.96,1.97,182.48,3.63,-19.1,-0.38,1776.84,1.78
228,空头出场,2025-07-08 07:00,long,2542.49,2,5126.62,41.64,0.81,96.2,1.88,-11.48,-0.22,1818.48,1.82
228,空头进场,2025-07-07 19:00,short,2563.31,2,5126.62,41.64,0.81,96.2,1.88,-11.48,-0.22,1818.48,1.82
229,多头出场,2025-07-08 10:00,short,2528.19,2,5084.98,-28.6,-0.56,23.52,0.46,-36.76,-0.72,1789.88,1.79
229,多头进场,2025-07-08 07:00,long,2542.49,2,5084.98,-28.6,-0.56,23.52,0.46,-36.76,-0.72,1789.88,1.79
230,空头出场,2025-07-08 13:00,long,2552.24,2,5056.38,-48.1,-0.95,1.26,0.02,-48.12,-0.95,1741.78,1.74
230,空头进场,2025-07-08 10:00,short,2528.19,2,5056.38,-48.1,-0.95,1.26,0.02,-48.12,-0.95,1741.78,1.74
231,多头出场,2025-07-09 16:00,short,2612.27,2,5104.48,120.06,2.35,183.98,3.60,-17.4,-0.34,1861.84,1.86
231,多头进场,2025-07-08 13:00,long,2552.24,2,5104.48,120.06,2.35,183.98,3.60,-17.4,-0.34,1861.84,1.86
232,空头出场,2025-07-09 19:00,long,2626.68,2,5224.54,-28.82,-0.55,12.68,0.24,-36.52,-0.70,1833.02,1.83
232,空头进场,2025-07-09 16:00,short,2612.27,2,5224.54,-28.82,-0.55,12.68,0.24,-36.52,-0.70,1833.02,1.83
233,多头出场,2025-07-10 19:00,short,2779.71,2,5253.36,306.06,5.83,393.54,7.49,-4.38,-0.08,2139.08,2.14
233,多头进场,2025-07-09 19:00,long,2626.68,2,5253.36,306.06,5.83,393.54,7.49,-4.38,-0.08,2139.08,2.14
234,空头出场,2025-07-11 01:00,long,2831.47,2,5559.42,-103.52,-1.86,38.04,0.68,-109.12,-1.96,2035.56,2.04
234,空头进场,2025-07-10 19:00,short,2779.71,2,5559.42,-103.52,-1.86,38.04,0.68,-109.12,-1.96,2035.56,2.04
235,多头出场,2025-07-11 19:00,short,2984.47,2,5662.94,306,5.40,414.46,7.32,-68.38,-1.21,2341.56,2.34
235,多头进场,2025-07-11 01:00,long,2831.47,2,5662.94,306,5.40,414.46,7.32,-68.38,-1.21,2341.56,2.34
236,空头出场,2025-07-12 16:00,long,2967.91,2,5968.94,33.12,0.55,121.56,2.04,-51.68,-0.87,2374.68,2.37
236,空头进场,2025-07-11 19:00,short,2984.47,2,5968.94,33.12,0.55,121.56,2.04,-51.68,-0.87,2374.68,2.37
237,多头出场,2025-07-12 19:00,short,2964.53,2,5935.82,-6.76,-0.11,25.22,0.42,-10.6,-0.18,2367.92,2.37
237,多头进场,2025-07-12 16:00,long,2967.91,2,5935.82,-6.76,-0.11,25.22,0.42,-10.6,-0.18,2367.92,2.37
238,空头出场,2025-07-13 07:00,long,2944.42,2,5929.06,40.22,0.68,117.1,1.98,-7.66,-0.13,2408.14,2.41
238,空头进场,2025-07-12 19:00,short,2964.53,2,5929.06,40.22,0.68,117.1,1.98,-7.66,-0.13,2408.14,2.41
239,多头出场,2025-07-14 07:00,short,2972.98,2,5888.84,57.12,0.97,151.24,2.57,-13.94,-0.24,2465.26,2.47
239,多头进场,2025-07-13 07:00,long,2944.42,2,5888.84,57.12,0.97,151.24,2.57,-13.94,-0.24,2465.26,2.47
240,空头出场,2025-07-14 10:00,long,3001.64,2,5945.96,-57.32,-0.96,16.98,0.29,-87.5,-1.47,2407.94,2.41
240,空头进场,2025-07-14 07:00,short,2972.98,2,5945.96,-57.32,-0.96,16.98,0.29,-87.5,-1.47,2407.94,2.41
241,多头出场,2025-07-14 22:00,short,3030.67,2,6003.28,58.06,0.97,162.38,2.70,-6.62,-0.11,2466,2.47
241,多头进场,2025-07-14 10:00,long,3001.64,2,6003.28,58.06,0.97,162.38,2.70,-6.62,-0.11,2466,2.47
242,空头出场,2025-07-16 01:00,long,3096.48,2,6061.34,-131.62,-2.17,193.88,3.20,-134.06,-2.21,2334.38,2.33
242,空头进场,2025-07-14 22:00,short,3030.67,2,6061.34,-131.62,-2.17,193.88,3.20,-134.06,-2.21,2334.38,2.33
243,多头出场,2025-07-17 22:00,short,3427.54,2,6192.96,662.12,10.69,766.88,12.38,-131.84,-2.13,2996.5,3.00
243,多头进场,2025-07-16 01:00,long,3096.48,2,6192.96,662.12,10.69,766.88,12.38,-131.84,-2.13,2996.5,3.00
244,空头出场,2025-07-18 07:00,long,3478.37,2,6855.08,-101.66,-1.48,119.24,1.74,-193.46,-2.82,2894.84,2.89
244,空头进场,2025-07-17 22:00,short,3427.54,2,6855.08,-101.66,-1.48,119.24,1.74,-193.46,-2.82,2894.84,2.89
245,多头出场,2025-07-18 22:00,short,3587.79,2,6956.74,218.84,3.15,394.8,5.68,-33.2,-0.48,3113.68,3.11
245,多头进场,2025-07-18 07:00,long,3478.37,2,6956.74,218.84,3.15,394.8,5.68,-33.2,-0.48,3113.68,3.11
246,空头出场,2025-07-19 10:00,long,3571.79,2,7175.58,32,0.45,214.34,2.99,-74.26,-1.03,3145.68,3.15
246,空头进场,2025-07-18 22:00,short,3587.79,2,7175.58,32,0.45,214.34,2.99,-74.26,-1.03,3145.68,3.15
247,多头出场,2025-07-19 16:00,short,3556.55,2,7143.58,-30.48,-0.43,77.26,1.08,-44.56,-0.62,3115.2,3.12
247,多头进场,2025-07-19 10:00,long,3571.79,2,7143.58,-30.48,-0.43,77.26,1.08,-44.56,-0.62,3115.2,3.12
248,空头出场,2025-07-20 04:00,long,3566.24,2,7113.1,-19.38,-0.27,53.78,0.76,-77.1,-1.08,3095.82,3.10
248,空头进场,2025-07-19 16:00,short,3556.55,2,7113.1,-19.38,-0.27,53.78,0.76,-77.1,-1.08,3095.82,3.10
249,多头出场,2025-07-21 04:00,short,3741.68,2,7132.48,350.88,4.92,513.68,7.20,-48.92,-0.69,3446.7,3.45
249,多头进场,2025-07-20 04:00,long,3566.24,2,7132.48,350.88,4.92,513.68,7.20,-48.92,-0.69,3446.7,3.45
250,空头出场,2025-07-21 07:00,long,3758.5,2,7483.36,-33.64,-0.45,113.1,1.51,-65.78,-0.88,3413.06,3.41
250,空头进场,2025-07-21 04:00,short,3741.68,2,7483.36,-33.64,-0.45,113.1,1.51,-65.78,-0.88,3413.06,3.41
251,多头出场,2025-07-21 10:00,short,3744.76,2,7517,-27.48,-0.37,0.22,0.00,-110.44,-1.47,3385.58,3.39
251,多头进场,2025-07-21 07:00,long,3758.5,2,7517,-27.48,-0.37,0.22,0.00,-110.44,-1.47,3385.58,3.39
252,空头出场,2025-07-21 13:00,long,3783.92,2,7489.52,-78.32,-1.05,0,0.00,-81.88,-1.09,3307.26,3.31
252,空头进场,2025-07-21 10:00,short,3744.76,2,7489.52,-78.32,-1.05,0,0.00,-81.88,-1.09,3307.26,3.31
253,多头出场,2025-07-22 01:00,short,3771.51,2,7567.84,-24.82,-0.33,148.66,1.96,-85.14,-1.13,3282.44,3.28
253,多头进场,2025-07-21 13:00,long,3783.92,2,7567.84,-24.82,-0.33,148.66,1.96,-85.14,-1.13,3282.44,3.28
254,空头出场,2025-07-22 19:00,long,3707.27,2,7543.02,128.48,1.70,302.36,4.01,-57.26,-0.76,3410.92,3.41
254,空头进场,2025-07-22 01:00,short,3771.51,2,7543.02,128.48,1.70,302.36,4.01,-57.26,-0.76,3410.92,3.41
255,多头出场,2025-07-23 13:00,short,3715.56,2,7414.54,16.58,0.22,116.34,1.57,-156.08,-2.11,3427.5,3.43
255,多头进场,2025-07-22 19:00,long,3707.27,2,7414.54,16.58,0.22,116.34,1.57,-156.08,-2.11,3427.5,3.43
256,空头出场,2025-07-24 07:00,long,3629.8,2,7431.12,171.52,2.31,370.7,4.99,-3.32,-0.04,3599.02,3.60
256,空头进场,2025-07-23 13:00,short,3715.56,2,7431.12,171.52,2.31,370.7,4.99,-3.32,-0.04,3599.02,3.60
257,多头出场,2025-07-24 13:00,short,3558.76,2,7259.6,-142.08,-1.96,74.22,1.02,-142.74,-1.97,3456.94,3.46
257,多头进场,2025-07-24 07:00,long,3629.8,2,7259.6,-142.08,-1.96,74.22,1.02,-142.74,-1.97,3456.94,3.46
258,空头出场,2025-07-24 16:00,long,3634.99,2,7117.52,-152.46,-2.14,99.48,1.40,-173.08,-2.43,3304.48,3.30
258,空头进场,2025-07-24 13:00,short,3558.76,2,7117.52,-152.46,-2.14,99.48,1.40,-173.08,-2.43,3304.48,3.30
259,多头出场,2025-07-25 07:00,short,3708.34,2,7269.98,146.7,2.02,273.46,3.76,-83.3,-1.15,3451.18,3.45
259,多头进场,2025-07-24 16:00,long,3634.99,2,7269.98,146.7,2.02,273.46,3.76,-83.3,-1.15,3451.18,3.45
260,空头出场,2025-07-25 16:00,long,3666.28,2,7416.68,84.12,1.13,261.82,3.53,-2.62,-0.04,3535.3,3.54
260,空头进场,2025-07-25 07:00,short,3708.34,2,7416.68,84.12,1.13,261.82,3.53,-2.62,-0.04,3535.3,3.54
261,多头出场,2025-07-25 22:00,short,3630.83,2,7332.56,-70.9,-0.97,162.1,2.21,-82.46,-1.12,3464.4,3.46
261,多头进场,2025-07-25 16:00,long,3666.28,2,7332.56,-70.9,-0.97,162.1,2.21,-82.46,-1.12,3464.4,3.46
262,空头出场,2025-07-26 04:00,long,3686.79,2,7261.66,-111.92,-1.54,54.36,0.75,-135.76,-1.87,3352.48,3.35
262,空头进场,2025-07-25 22:00,short,3630.83,2,7261.66,-111.92,-1.54,54.36,0.75,-135.76,-1.87,3352.48,3.35
263,多头出场,2025-07-26 19:00,short,3739.38,2,7373.58,105.18,1.43,190.48,2.58,0,0.00,3457.66,3.46
263,多头进场,2025-07-26 04:00,long,3686.79,2,7373.58,105.18,1.43,190.48,2.58,0,0.00,3457.66,3.46
264,空头出场,2025-07-27 04:00,long,3745.43,2,7478.76,-12.1,-0.16,56.4,0.75,-32.82,-0.44,3445.56,3.45
264,空头进场,2025-07-26 19:00,short,3739.38,2,7478.76,-12.1,-0.16,56.4,0.75,-32.82,-0.44,3445.56,3.45
265,多头出场,2025-07-27 16:00,short,3772.12,2,7490.86,53.38,0.71,130.68,1.74,-26.2,-0.35,3498.94,3.50
265,多头进场,2025-07-27 04:00,long,3745.43,2,7490.86,53.38,0.71,130.68,1.74,-26.2,-0.35,3498.94,3.50
266,空头出场,2025-07-27 19:00,long,3816.48,2,7544.24,-88.72,-1.18,36.52,0.48,-134.24,-1.78,3410.22,3.41
266,空头进场,2025-07-27 16:00,short,3772.12,2,7544.24,-88.72,-1.18,36.52,0.48,-134.24,-1.78,3410.22,3.41
267,多头出场,2025-07-28 16:00,short,3892.65,2,7632.96,152.34,2.00,249.2,3.26,-44.66,-0.59,3562.56,3.56
267,多头进场,2025-07-27 19:00,long,3816.48,2,7632.96,152.34,2.00,249.2,3.26,-44.66,-0.59,3562.56,3.56
268,空头出场,2025-07-29 13:00,long,3807.08,2,7785.3,171.14,2.20,321.64,4.13,-10.3,-0.13,3733.7,3.73
268,空头进场,2025-07-28 16:00,short,3892.65,2,7785.3,171.14,2.20,321.64,4.13,-10.3,-0.13,3733.7,3.73
269,多头出场,2025-07-29 22:00,short,3781.95,2,7614.16,-50.26,-0.66,155.82,2.05,-72.78,-0.96,3683.44,3.68
269,多头进场,2025-07-29 13:00,long,3807.08,2,7614.16,-50.26,-0.66,155.82,2.05,-72.78,-0.96,3683.44,3.68
270,空头出场,2025-07-30 07:00,long,3793.63,2,7563.9,-23.36,-0.31,129,1.71,-35.1,-0.46,3660.08,3.66
270,空头进场,2025-07-29 22:00,short,3781.95,2,7563.9,-23.36,-0.31,129,1.71,-35.1,-0.46,3660.08,3.66
271,多头出场,2025-07-30 19:00,short,3756.49,2,7587.26,-74.28,-0.98,78.98,1.04,-99.24,-1.31,3585.8,3.59
271,多头进场,2025-07-30 07:00,long,3793.63,2,7587.26,-74.28,-0.98,78.98,1.04,-99.24,-1.31,3585.8,3.59
272,空头出场,2025-07-30 22:00,long,3818.65,2,7512.98,-124.32,-1.65,14.56,0.19,-146.78,-1.95,3461.48,3.46
272,空头进场,2025-07-30 19:00,short,3756.49,2,7512.98,-124.32,-1.65,14.56,0.19,-146.78,-1.95,3461.48,3.46
273,多头出场,2025-07-31 04:00,short,3769.9,2,7637.3,-97.5,-1.28,4.88,0.06,-279.78,-3.66,3363.98,3.36
273,多头进场,2025-07-30 22:00,long,3818.65,2,7637.3,-97.5,-1.28,4.88,0.06,-279.78,-3.66,3363.98,3.36
274,空头出场,2025-07-31 07:00,long,3809.15,2,7539.8,-78.5,-1.04,55.62,0.74,-81.32,-1.08,3285.48,3.29
274,空头进场,2025-07-31 04:00,short,3769.9,2,7539.8,-78.5,-1.04,55.62,0.74,-81.32,-1.08,3285.48,3.29
275,多头出场,2025-07-31 19:00,short,3838.16,2,7618.3,58.02,0.76,137.62,1.81,-15.5,-0.20,3343.5,3.34
275,多头进场,2025-07-31 07:00,long,3809.15,2,7618.3,58.02,0.76,137.62,1.81,-15.5,-0.20,3343.5,3.34
276,空头出场,2025-08-02 19:00,long,3507.33,2,7676.32,661.66,8.62,811.74,10.57,-12.68,-0.17,4005.16,4.01
276,空头进场,2025-07-31 19:00,short,3838.16,2,7676.32,661.66,8.62,811.74,10.57,-12.68,-0.17,4005.16,4.01
277,多头出场,2025-08-02 22:00,short,3478.41,2,7014.66,-57.84,-0.82,17.22,0.25,-82.38,-1.17,3947.32,3.95
277,多头进场,2025-08-02 19:00,long,3507.33,2,7014.66,-57.84,-0.82,17.22,0.25,-82.38,-1.17,3947.32,3.95
278,空头出场,2025-08-03 10:00,long,3443.52,2,6956.82,69.78,1.00,243.52,3.50,-24.62,-0.35,4017.1,4.02
278,空头进场,2025-08-02 22:00,short,3478.41,2,6956.82,69.78,1.00,243.52,3.50,-24.62,-0.35,4017.1,4.02
279,多头出场,2025-08-05 10:00,short,3680.28,2,6887.04,473.52,6.88,586.54,8.52,-20.56,-0.30,4490.62,4.49
279,多头进场,2025-08-03 10:00,long,3443.52,2,6887.04,473.52,6.88,586.54,8.52,-20.56,-0.30,4490.62,4.49
280,空头出场,2025-08-05 19:00,long,3673.65,2,7360.56,13.26,0.18,156.3,2.12,-26.6,-0.36,4503.88,4.50
280,空头进场,2025-08-05 10:00,short,3680.28,2,7360.56,13.26,0.18,156.3,2.12,-26.6,-0.36,4503.88,4.50
281,多头出场,2025-08-05 22:00,short,3577.91,2,7347.3,-191.48,-2.61,11.72,0.16,-224.6,-3.06,4312.4,4.31
281,多头进场,2025-08-05 19:00,long,3673.65,2,7347.3,-191.48,-2.61,11.72,0.16,-224.6,-3.06,4312.4,4.31
282,空头出场,2025-08-06 07:00,long,3611.86,2,7155.82,-67.9,-0.95,61.74,0.86,-92.28,-1.29,4244.5,4.24
282,空头进场,2025-08-05 22:00,short,3577.91,2,7155.82,-67.9,-0.95,61.74,0.86,-92.28,-1.29,4244.5,4.24
283,多头出场,2025-08-06 10:00,short,3591.98,2,7223.72,-39.76,-0.55,3.42,0.05,-94.76,-1.31,4204.74,4.20
283,多头进场,2025-08-06 07:00,long,3611.86,2,7223.72,-39.76,-0.55,3.42,0.05,-94.76,-1.31,4204.74,4.20
284,空头出场,2025-08-06 13:00,long,3638.02,2,7183.96,-92.08,-1.28,45.58,0.63,-138.9,-1.93,4112.66,4.11
284,空头进场,2025-08-06 10:00,short,3591.98,2,7183.96,-92.08,-1.28,45.58,0.63,-138.9,-1.93,4112.66,4.11
285,多头出场,2025-08-07 10:00,short,3660,2,7276.04,43.96,0.60,157.04,2.16,-125.7,-1.73,4156.62,4.16
285,多头进场,2025-08-06 13:00,long,3638.02,2,7276.04,43.96,0.60,157.04,2.16,-125.7,-1.73,4156.62,4.16
286,空头出场,2025-08-07 13:00,long,3688.6,2,7320,-57.2,-0.78,22.94,0.31,-58.48,-0.80,4099.42,4.10
286,空头进场,2025-08-07 10:00,short,3660,2,7320,-57.2,-0.78,22.94,0.31,-58.48,-0.80,4099.42,4.10
287,多头出场,2025-08-08 16:00,short,3899.76,2,7377.2,422.32,5.72,555.08,7.52,-1.54,-0.02,4521.74,4.52
287,多头进场,2025-08-07 13:00,long,3688.6,2,7377.2,422.32,5.72,555.08,7.52,-1.54,-0.02,4521.74,4.52
288,空头出场,2025-08-08 19:00,long,3918.73,2,7799.52,-37.94,-0.49,28.22,0.36,-42.54,-0.55,4483.8,4.48
288,空头进场,2025-08-08 16:00,short,3899.76,2,7799.52,-37.94,-0.49,28.22,0.36,-42.54,-0.55,4483.8,4.48
289,多头出场,2025-08-09 07:00,short,4010.44,2,7837.46,183.42,2.34,301.64,3.85,-52.14,-0.67,4667.22,4.67
289,多头进场,2025-08-08 19:00,long,3918.73,2,7837.46,183.42,2.34,301.64,3.85,-52.14,-0.67,4667.22,4.67
290,空头出场,2025-08-09 10:00,long,4032.85,2,8020.88,-44.82,-0.56,6.3,0.08,-55.76,-0.70,4622.4,4.62
290,空头进场,2025-08-09 07:00,short,4010.44,2,8020.88,-44.82,-0.56,6.3,0.08,-55.76,-0.70,4622.4,4.62
291,多头出场,2025-08-10 10:00,short,4249.33,2,8065.7,432.96,5.37,597.3,7.41,-14.3,-0.18,5055.36,5.06
291,多头进场,2025-08-09 10:00,long,4032.85,2,8065.7,432.96,5.37,597.3,7.41,-14.3,-0.18,5055.36,5.06
292,空头出场,2025-08-10 22:00,long,4220.41,2,8498.66,57.84,0.68,172.76,2.03,-31.22,-0.37,5113.2,5.11
292,空头进场,2025-08-10 10:00,short,4249.33,2,8498.66,57.84,0.68,172.76,2.03,-31.22,-0.37,5113.2,5.11
293,多头出场,2025-08-11 04:00,short,4217.98,2,8440.82,-4.86,-0.06,79.4,0.94,-19.72,-0.23,5108.34,5.11
293,多头进场,2025-08-10 22:00,long,4220.41,2,8440.82,-4.86,-0.06,79.4,0.94,-19.72,-0.23,5108.34,5.11
294,空头出场,2025-08-11 07:00,long,4251.61,2,8435.96,-67.26,-0.80,59.72,0.71,-74.94,-0.89,5041.08,5.04
294,空头进场,2025-08-11 04:00,short,4217.98,2,8435.96,-67.26,-0.80,59.72,0.71,-74.94,-0.89,5041.08,5.04
295,多头出场,2025-08-11 16:00,short,4282.32,2,8503.22,61.42,0.72,195.88,2.30,-24.58,-0.29,5102.5,5.10
295,多头进场,2025-08-11 07:00,long,4251.61,2,8503.22,61.42,0.72,195.88,2.30,-24.58,-0.29,5102.5,5.10
296,空头出场,2025-08-11 22:00,long,4277.62,2,8564.64,9.4,0.11,229.5,2.68,-75.94,-0.89,5111.9,5.11
296,空头进场,2025-08-11 16:00,short,4282.32,2,8564.64,9.4,0.11,229.5,2.68,-75.94,-0.89,5111.9,5.11
297,多头出场,2025-08-12 04:00,short,4247.53,2,8555.24,-60.18,-0.70,170.56,1.99,-109.6,-1.28,5051.72,5.05
297,多头进场,2025-08-11 22:00,long,4277.62,2,8555.24,-60.18,-0.70,170.56,1.99,-109.6,-1.28,5051.72,5.05
298,空头出场,2025-08-12 10:00,long,4291.91,2,8495.06,-88.76,-1.04,113.64,1.34,-125.84,-1.48,4962.96,4.96
298,空头进场,2025-08-12 04:00,short,4247.53,2,8495.06,-88.76,-1.04,113.64,1.34,-125.84,-1.48,4962.96,4.96
299,多头出场,2025-08-13 22:00,short,4647.45,2,8583.82,711.08,8.28,886.14,10.32,-67.96,-0.79,5674.04,5.67
299,多头进场,2025-08-12 10:00,long,4291.91,2,8583.82,711.08,8.28,886.14,10.32,-67.96,-0.79,5674.04,5.67
300,空头出场,2025-08-14 01:00,long,4725.64,2,9294.9,-156.38,-1.68,61.08,0.66,-173.68,-1.87,5517.66,5.52
300,空头进场,2025-08-13 22:00,short,4647.45,2,9294.9,-156.38,-1.68,61.08,0.66,-173.68,-1.87,5517.66,5.52
301,多头出场,2025-08-14 13:00,short,4733.51,2,9451.28,15.74,0.17,123.48,1.31,-72.76,-0.77,5533.4,5.53
301,多头进场,2025-08-14 01:00,long,4725.64,2,9451.28,15.74,0.17,123.48,1.31,-72.76,-0.77,5533.4,5.53
302,空头出场,2025-08-15 10:00,long,4624.77,2,9467.02,217.48,2.30,552.48,5.84,-112.44,-1.19,5750.88,5.75
302,空头进场,2025-08-14 13:00,short,4733.51,2,9467.02,217.48,2.30,552.48,5.84,-112.44,-1.19,5750.88,5.75
303,多头出场,2025-08-15 22:00,short,4495.44,2,9249.54,-258.66,-2.80,87.8,0.95,-293.78,-3.18,5492.22,5.49
303,多头进场,2025-08-15 10:00,long,4624.77,2,9249.54,-258.66,-2.80,87.8,0.95,-293.78,-3.18,5492.22,5.49
304,空头出场,2025-08-16 16:00,long,4445.43,2,8990.88,100.02,1.11,247.68,2.75,-11.78,-0.13,5592.24,5.59
304,空头进场,2025-08-15 22:00,short,4495.44,2,8990.88,100.02,1.11,247.68,2.75,-11.78,-0.13,5592.24,5.59
305,多头出场,2025-08-16 19:00,short,4390.3,2,8890.86,-110.26,-1.24,32.84,0.37,-137.6,-1.55,5481.98,5.48
305,多头进场,2025-08-16 16:00,long,4445.43,2,8890.86,-110.26,-1.24,32.84,0.37,-137.6,-1.55,5481.98,5.48
306,空头出场,2025-08-16 22:00,long,4417.2,2,8780.6,-53.8,-0.61,23.26,0.26,-79.9,-0.91,5428.18,5.43
306,空头进场,2025-08-16 19:00,short,4390.3,2,8780.6,-53.8,-0.61,23.26,0.26,-79.9,-0.91,5428.18,5.43
307,多头出场,2025-08-17 01:00,short,4408.07,2,8834.4,-18.26,-0.21,9.24,0.10,-52.22,-0.59,5409.92,5.41
307,多头进场,2025-08-16 22:00,long,4417.2,2,8834.4,-18.26,-0.21,9.24,0.10,-52.22,-0.59,5409.92,5.41
308,空头出场,2025-08-17 04:00,long,4434.8,2,8816.14,-53.46,-0.61,11.72,0.13,-68.94,-0.78,5356.46,5.36
308,空头进场,2025-08-17 01:00,short,4408.07,2,8816.14,-53.46,-0.61,11.72,0.13,-68.94,-0.78,5356.46,5.36
309,多头出场,2025-08-18 01:00,short,4526.53,2,8869.6,183.46,2.07,284.92,3.21,-73.24,-0.83,5539.92,5.54
309,多头进场,2025-08-17 04:00,long,4434.8,2,8869.6,183.46,2.07,284.92,3.21,-73.24,-0.83,5539.92,5.54
310,空头出场,2025-08-18 22:00,long,4336.04,2,9053.06,380.98,4.21,594.16,6.56,-20.32,-0.22,5920.9,5.92
310,空头进场,2025-08-18 01:00,short,4526.53,2,9053.06,380.98,4.21,594.16,6.56,-20.32,-0.22,5920.9,5.92
311,多头出场,2025-08-19 07:00,short,4315.76,2,8672.08,-40.56,-0.47,107.2,1.24,-69.48,-0.80,5880.34,5.88
311,多头进场,2025-08-18 22:00,long,4336.04,2,8672.08,-40.56,-0.47,107.2,1.24,-69.48,-0.80,5880.34,5.88
312,空头出场,2025-08-19 19:00,long,4310.74,2,8631.52,10.04,0.12,238.6,2.76,-80.94,-0.94,5890.38,5.89
312,空头进场,2025-08-19 07:00,short,4315.76,2,8631.52,10.04,0.12,238.6,2.76,-80.94,-0.94,5890.38,5.89
313,多头出场,2025-08-19 22:00,short,4193.16,2,8621.48,-235.16,-2.73,56.04,0.65,-249.16,-2.89,5655.22,5.66
313,多头进场,2025-08-19 19:00,long,4310.74,2,8621.48,-235.16,-2.73,56.04,0.65,-249.16,-2.89,5655.22,5.66
314,空头出场,2025-08-20 13:00,long,4182.76,2,8386.32,20.8,0.25,259.02,3.09,-79,-0.94,5676.02,5.68
314,空头进场,2025-08-19 22:00,short,4193.16,2,8386.32,20.8,0.25,259.02,3.09,-79,-0.94,5676.02,5.68
315,多头出场,2025-08-21 10:00,short,4293.11,2,8365.52,220.7,2.64,387.74,4.63,-151.82,-1.81,5896.72,5.90
315,多头进场,2025-08-20 13:00,long,4182.76,2,8365.52,220.7,2.64,387.74,4.63,-151.82,-1.81,5896.72,5.90
316,空头出场,2025-08-21 13:00,long,4318.23,2,8586.22,-50.24,-0.59,19.04,0.22,-79.78,-0.93,5846.48,5.85
316,空头进场,2025-08-21 10:00,short,4293.11,2,8586.22,-50.24,-0.59,19.04,0.22,-79.78,-0.93,5846.48,5.85
317,多头出场,2025-08-21 16:00,short,4286.18,2,8636.46,-64.1,-0.74,0.3,0.00,-91.38,-1.06,5782.38,5.78
317,多头进场,2025-08-21 13:00,long,4318.23,2,8636.46,-64.1,-0.74,0.3,0.00,-91.38,-1.06,5782.38,5.78
318,空头出场,2025-08-22 10:00,long,4289.55,2,8572.36,-6.74,-0.08,162.86,1.90,-81.28,-0.95,5775.64,5.78
318,空头进场,2025-08-21 16:00,short,4286.18,2,8572.36,-6.74,-0.08,162.86,1.90,-81.28,-0.95,5775.64,5.78
319,多头出场,2025-08-22 19:00,short,4273.33,2,8579.1,-32.44,-0.38,124.62,1.45,-50.52,-0.59,5743.2,5.74
319,多头进场,2025-08-22 10:00,long,4289.55,2,8579.1,-32.44,-0.38,124.62,1.45,-50.52,-0.59,5743.2,5.74
320,空头出场,2025-08-22 22:00,long,4613.36,2,8546.66,-680.06,-7.96,132.32,1.55,-740.76,-8.67,5063.14,5.06
320,空头进场,2025-08-22 19:00,short,4273.33,2,8546.66,-680.06,-7.96,132.32,1.55,-740.76,-8.67,5063.14,5.06
321,多头出场,2025-08-23 10:00,short,4712.3,2,9226.72,197.88,2.14,541.26,5.87,-0.74,-0.01,5261.02,5.26
321,多头进场,2025-08-22 22:00,long,4613.36,2,9226.72,197.88,2.14,541.26,5.87,-0.74,-0.01,5261.02,5.26
322,空头出场,2025-08-24 01:00,long,4747.96,2,9424.6,-71.32,-0.76,77.68,0.82,-108.12,-1.15,5189.7,5.19
322,空头进场,2025-08-23 10:00,short,4712.3,2,9424.6,-71.32,-0.76,77.68,0.82,-108.12,-1.15,5189.7,5.19
323,多头出场,2025-08-24 16:00,short,4775.3,2,9495.92,54.68,0.58,134.88,1.42,-23.68,-0.25,5244.38,5.24
323,多头进场,2025-08-24 01:00,long,4747.96,2,9495.92,54.68,0.58,134.88,1.42,-23.68,-0.25,5244.38,5.24
324,空头出场,2025-08-24 22:00,long,4793.41,2,9550.6,-36.22,-0.38,111.9,1.17,-44.6,-0.47,5208.16,5.21
324,空头进场,2025-08-24 16:00,short,4775.3,2,9550.6,-36.22,-0.38,111.9,1.17,-44.6,-0.47,5208.16,5.21
325,多头出场,2025-08-25 04:00,short,4784.53,2,9586.82,-17.76,-0.19,321.5,3.35,-164.56,-1.72,5190.4,5.19
325,多头进场,2025-08-24 22:00,long,4793.41,2,9586.82,-17.76,-0.19,321.5,3.35,-164.56,-1.72,5190.4,5.19
326,空头出场,2025-08-25 22:00,long,4659.49,2,9569.06,250.08,2.61,527.44,5.51,-74.12,-0.77,5440.48,5.44
326,空头进场,2025-08-25 04:00,short,4784.53,2,9569.06,250.08,2.61,527.44,5.51,-74.12,-0.77,5440.48,5.44
327,多头出场,2025-08-26 01:00,short,4585.91,2,9318.98,-147.16,-1.58,17.16,0.18,-186.92,-2.01,5293.32,5.29
327,多头进场,2025-08-25 22:00,long,4659.49,2,9318.98,-147.16,-1.58,17.16,0.18,-186.92,-2.01,5293.32,5.29
328,空头出场,2025-08-26 13:00,long,4431.24,2,9171.82,309.34,3.37,540.18,5.89,-21.24,-0.23,5602.66,5.60
328,空头进场,2025-08-26 01:00,short,4585.91,2,9171.82,309.34,3.37,540.18,5.89,-21.24,-0.23,5602.66,5.60
329,多头出场,2025-08-28 04:00,short,4594.85,2,8862.48,327.22,3.69,460.66,5.20,-72.88,-0.82,5929.88,5.93
329,多头进场,2025-08-26 13:00,long,4431.24,2,8862.48,327.22,3.69,460.66,5.20,-72.88,-0.82,5929.88,5.93
330,空头出场,2025-08-28 13:00,long,4570.7,2,9189.7,48.3,0.53,252,2.74,-3.64,-0.04,5978.18,5.98
330,空头进场,2025-08-28 04:00,short,4594.85,2,9189.7,48.3,0.53,252,2.74,-3.64,-0.04,5978.18,5.98
331,多头出场,2025-08-28 22:00,short,4567.46,2,9141.4,-6.48,-0.07,122.32,1.34,-50.6,-0.55,5971.7,5.97
331,多头进场,2025-08-28 13:00,long,4570.7,2,9141.4,-6.48,-0.07,122.32,1.34,-50.6,-0.55,5971.7,5.97
332,空头出场,2025-08-29 07:00,long,4511.97,2,9134.92,110.98,1.21,272.42,2.98,-12.38,-0.14,6082.68,6.08
332,空头进场,2025-08-28 22:00,short,4567.46,2,9134.92,110.98,1.21,272.42,2.98,-12.38,-0.14,6082.68,6.08
333,多头出场,2025-08-29 10:00,short,4480.94,2,9023.94,-62.06,-0.69,9.56,0.11,-153.1,-1.70,6020.62,6.02
333,多头进场,2025-08-29 07:00,long,4511.97,2,9023.94,-62.06,-0.69,9.56,0.11,-153.1,-1.70,6020.62,6.02
334,空头出场,2025-08-30 07:00,long,4360.2,2,8961.88,241.48,2.69,419,4.68,-47.78,-0.53,6262.1,6.26
334,空头进场,2025-08-29 10:00,short,4480.94,2,8961.88,241.48,2.69,419,4.68,-47.78,-0.53,6262.1,6.26
335,多头出场,2025-08-30 10:00,short,4304.61,2,8720.4,-111.18,-1.27,5.54,0.06,-201.7,-2.31,6150.92,6.15
335,多头进场,2025-08-30 07:00,long,4360.2,2,8720.4,-111.18,-1.27,5.54,0.06,-201.7,-2.31,6150.92,6.15
336,空头出场,2025-08-30 13:00,long,4379.89,2,8609.22,-150.56,-1.75,1.22,0.01,-194.98,-2.26,6000.36,6.00
336,空头进场,2025-08-30 10:00,short,4304.61,2,8609.22,-150.56,-1.75,1.22,0.01,-194.98,-2.26,6000.36,6.00
337,多头出场,2025-08-30 22:00,short,4363.91,2,8759.78,-31.96,-0.36,69.8,0.80,-93.5,-1.07,5968.4,5.97
337,多头进场,2025-08-30 13:00,long,4379.89,2,8759.78,-31.96,-0.36,69.8,0.80,-93.5,-1.07,5968.4,5.97
338,空头出场,2025-08-31 07:00,long,4374.16,2,8727.82,-20.5,-0.23,56.12,0.64,-39.16,-0.45,5947.9,5.95
338,空头进场,2025-08-30 22:00,short,4363.91,2,8727.82,-20.5,-0.23,56.12,0.64,-39.16,-0.45,5947.9,5.95
339,多头出场,2025-08-31 22:00,short,4459.91,2,8748.32,171.5,1.96,248,2.83,-1.48,-0.02,6119.4,6.12
339,多头进场,2025-08-31 07:00,long,4374.16,2,8748.32,171.5,1.96,248,2.83,-1.48,-0.02,6119.4,6.12
340,空头出场,2025-09-01 01:00,long,4477.54,2,8919.82,-35.26,-0.40,2.58,0.03,-61.84,-0.69,6084.14,6.08
340,空头进场,2025-08-31 22:00,short,4459.91,2,8919.82,-35.26,-0.40,2.58,0.03,-61.84,-0.69,6084.14,6.08
341,多头出场,2025-09-01 04:00,short,4455.51,2,8955.08,-44.06,-0.49,27.42,0.31,-62.92,-0.70,6040.08,6.04
341,多头进场,2025-09-01 01:00,long,4477.54,2,8955.08,-44.06,-0.49,27.42,0.31,-62.92,-0.70,6040.08,6.04
342,空头出场,2025-09-01 16:00,long,4476.19,2,8911.02,-41.36,-0.46,189.48,2.13,-70.92,-0.80,5998.72,6.00
342,空头进场,2025-09-01 04:00,short,4455.51,2,8911.02,-41.36,-0.46,189.48,2.13,-70.92,-0.80,5998.72,6.00
343,多头出场,2025-09-01 19:00,short,4392.65,2,8952.38,-167.08,-1.87,13.26,0.15,-186.46,-2.08,5831.64,5.83
343,多头进场,2025-09-01 16:00,long,4476.19,2,8952.38,-167.08,-1.87,13.26,0.15,-186.46,-2.08,5831.64,5.83
344,空头出场,2025-09-02 10:00,long,4361.05,2,8785.3,63.2,0.72,355.66,4.05,-61.68,-0.70,5894.84,5.89
344,空头进场,2025-09-01 19:00,short,4392.65,2,8785.3,63.2,0.72,355.66,4.05,-61.68,-0.70,5894.84,5.89
345,多头出场,2025-09-02 19:00,short,4348.86,2,8722.1,-24.38,-0.28,110.8,1.27,-37.8,-0.43,5870.46,5.87
345,多头进场,2025-09-02 10:00,long,4361.05,2,8722.1,-24.38,-0.28,110.8,1.27,-37.8,-0.43,5870.46,5.87
346,空头出场,2025-09-03 10:00,long,4338.56,2,8697.72,20.6,0.24,180.28,2.07,-96.38,-1.11,5891.06,5.89
346,空头进场,2025-09-02 19:00,short,4348.86,2,8697.72,20.6,0.24,180.28,2.07,-96.38,-1.11,5891.06,5.89
347,多头出场,2025-09-03 13:00,short,4315.24,2,8677.12,-46.64,-0.54,9.98,0.12,-49.36,-0.57,5844.42,5.84
347,多头进场,2025-09-03 10:00,long,4338.56,2,8677.12,-46.64,-0.54,9.98,0.12,-49.36,-0.57,5844.42,5.84
348,空头出场,2025-09-03 19:00,long,4371.68,2,8630.48,-112.88,-1.31,48.34,0.56,-141.14,-1.64,5731.54,5.73
348,空头进场,2025-09-03 13:00,short,4315.24,2,8630.48,-112.88,-1.31,48.34,0.56,-141.14,-1.64,5731.54,5.73
349,多头出场,2025-09-04 10:00,short,4422.73,2,8743.36,102.1,1.17,236.46,2.70,-59.5,-0.68,5833.64,5.83
349,多头进场,2025-09-03 19:00,long,4371.68,2,8743.36,102.1,1.17,236.46,2.70,-59.5,-0.68,5833.64,5.83
350,空头出场,2025-09-04 19:00,long,4408.84,2,8845.46,27.78,0.31,130.54,1.48,-25.06,-0.28,5861.42,5.86
350,空头进场,2025-09-04 10:00,short,4422.73,2,8845.46,27.78,0.31,130.54,1.48,-25.06,-0.28,5861.42,5.86
351,多头出场,2025-09-04 22:00,short,4343.56,2,8817.68,-130.56,-1.48,42.2,0.48,-155.64,-1.77,5730.86,5.73
351,多头进场,2025-09-04 19:00,long,4408.84,2,8817.68,-130.56,-1.48,42.2,0.48,-155.64,-1.77,5730.86,5.73
352,空头出场,2025-09-05 10:00,long,4324.95,2,8687.12,37.22,0.43,150.76,1.74,-19.48,-0.22,5768.08,5.77
352,空头进场,2025-09-04 22:00,short,4343.56,2,8687.12,37.22,0.43,150.76,1.74,-19.48,-0.22,5768.08,5.77
353,多头出场,2025-09-05 22:00,short,4274.31,2,8649.9,-101.28,-1.17,324.62,3.75,-119.48,-1.38,5666.8,5.67
353,多头进场,2025-09-05 10:00,long,4324.95,2,8649.9,-101.28,-1.17,324.62,3.75,-119.48,-1.38,5666.8,5.67
354,空头出场,2025-09-06 04:00,long,4339.23,2,8548.62,-129.84,-1.52,33.2,0.39,-138.84,-1.62,5536.96,5.54
354,空头进场,2025-09-05 22:00,short,4274.31,2,8548.62,-129.84,-1.52,33.2,0.39,-138.84,-1.62,5536.96,5.54
355,多头出场,2025-09-06 07:00,short,4308.16,2,8678.46,-62.14,-0.72,1.12,0.01,-94.96,-1.09,5474.82,5.47
355,多头进场,2025-09-06 04:00,long,4339.23,2,8678.46,-62.14,-0.72,1.12,0.01,-94.96,-1.09,5474.82,5.47
356,空头出场,2025-09-06 10:00,long,4323.22,2,8616.32,-30.12,-0.35,9.9,0.11,-41.7,-0.48,5444.7,5.44
356,空头进场,2025-09-06 07:00,short,4308.16,2,8616.32,-30.12,-0.35,9.9,0.11,-41.7,-0.48,5444.7,5.44
357,多头出场,2025-09-06 13:00,short,4295.37,2,8646.44,-55.7,-0.64,3.54,0.04,-64.42,-0.75,5389,5.39
357,多头进场,2025-09-06 10:00,long,4323.22,2,8646.44,-55.7,-0.64,3.54,0.04,-64.42,-0.75,5389,5.39
358,空头出场,2025-09-06 16:00,long,4311.2,2,8590.74,-31.66,-0.37,4.32,0.05,-39.7,-0.46,5357.34,5.36
358,空头进场,2025-09-06 13:00,short,4295.37,2,8590.74,-31.66,-0.37,4.32,0.05,-39.7,-0.46,5357.34,5.36
359,多头出场,2025-09-06 19:00,short,4300.12,2,8622.4,-22.16,-0.26,0.02,0.00,-46.66,-0.54,5335.18,5.34
359,多头进场,2025-09-06 16:00,long,4311.2,2,8622.4,-22.16,-0.26,0.02,0.00,-46.66,-0.54,5335.18,5.34
360,空头出场,2025-09-07 10:00,long,4300.95,2,8600.24,-1.66,-0.02,117.16,1.36,-16.6,-0.19,5333.52,5.33
360,空头进场,2025-09-06 19:00,short,4300.12,2,8600.24,-1.66,-0.02,117.16,1.36,-16.6,-0.19,5333.52,5.33
361,多头出场,2025-09-07 22:00,short,4301.21,2,8601.9,0.52,0.01,30.4,0.35,-41.28,-0.48,5334.04,5.33
361,多头进场,2025-09-07 10:00,long,4300.95,2,8601.9,0.52,0.01,30.4,0.35,-41.28,-0.48,5334.04,5.33
362,空头出场,2025-09-08 04:00,long,4301.39,2,8602.42,-0.36,0.00,57.72,0.67,-10.48,-0.12,5333.68,5.33
362,空头进场,2025-09-07 22:00,short,4301.21,2,8602.42,-0.36,0.00,57.72,0.67,-10.48,-0.12,5333.68,5.33
363,多头出场,2025-09-08 13:00,short,4297.41,2,8602.78,-7.96,-0.09,69.26,0.81,-43.26,-0.50,5325.72,5.33
363,多头进场,2025-09-08 04:00,long,4301.39,2,8602.78,-7.96,-0.09,69.26,0.81,-43.26,-0.50,5325.72,5.33
364,空头出场,2025-09-08 16:00,long,4302.4,2,8594.82,-9.98,-0.12,18.56,0.22,-29.1,-0.34,5315.74,5.32
364,空头进场,2025-09-08 13:00,short,4297.41,2,8594.82,-9.98,-0.12,18.56,0.22,-29.1,-0.34,5315.74,5.32
365,多头出场,2025-09-09 01:00,short,4311.49,2,8604.8,18.18,0.21,163.24,1.90,-9.26,-0.11,5333.92,5.33
365,多头进场,2025-09-08 16:00,long,4302.4,2,8604.8,18.18,0.21,163.24,1.90,-9.26,-0.11,5333.92,5.33
366,空头出场,2025-09-09 13:00,long,4319.38,2,8622.98,-15.78,-0.18,67.34,0.78,-48.98,-0.57,5318.14,5.32
366,空头进场,2025-09-09 01:00,short,4311.49,2,8622.98,-15.78,-0.18,67.34,0.78,-48.98,-0.57,5318.14,5.32
367,多头出场,2025-09-09 22:00,short,4306.95,2,8638.76,-24.86,-0.29,125.38,1.45,-65.22,-0.75,5293.28,5.29
367,多头进场,2025-09-09 13:00,long,4319.38,2,8638.76,-24.86,-0.29,125.38,1.45,-65.22,-0.75,5293.28,5.29
368,空头出场,2025-09-10 07:00,long,4310.63,2,8613.9,-7.36,-0.09,57.36,0.67,-26.84,-0.31,5285.92,5.29
368,空头进场,2025-09-09 22:00,short,4306.95,2,8613.9,-7.36,-0.09,57.36,0.67,-26.84,-0.31,5285.92,5.29
369,多头出场,2025-09-10 13:00,short,4309.27,2,8621.26,-2.72,-0.03,31.1,0.36,-50.24,-0.58,5283.2,5.28
369,多头进场,2025-09-10 07:00,long,4310.63,2,8621.26,-2.72,-0.03,31.1,0.36,-50.24,-0.58,5283.2,5.28
370,空头出场,2025-09-10 16:00,long,4332.55,2,8618.54,-46.56,-0.54,22.12,0.26,-50.54,-0.59,5236.64,5.24
370,空头进场,2025-09-10 13:00,short,4309.27,2,8618.54,-46.56,-0.54,22.12,0.26,-50.54,-0.59,5236.64,5.24
371,多头出场,2025-09-11 04:00,short,4330.28,2,8665.1,-4.54,-0.05,239.3,2.76,-62.76,-0.72,5232.1,5.23
371,多头进场,2025-09-10 16:00,long,4332.55,2,8665.1,-4.54,-0.05,239.3,2.76,-62.76,-0.72,5232.1,5.23
372,空头出场,2025-09-11 10:00,long,4377.5,2,8660.56,-94.44,-1.09,1.78,0.02,-111.5,-1.29,5137.66,5.14
372,空头进场,2025-09-11 04:00,short,4330.28,2,8660.56,-94.44,-1.09,1.78,0.02,-111.5,-1.29,5137.66,5.14
373,多头出场,2025-09-12 04:00,short,4417.58,2,8755,80.16,0.92,197.86,2.26,-14.28,-0.16,5217.82,5.22
373,多头进场,2025-09-11 10:00,long,4377.5,2,8755,80.16,0.92,197.86,2.26,-14.28,-0.16,5217.82,5.22
374,空头出场,2025-09-12 07:00,long,4459.55,2,8835.16,-83.94,-0.95,2.42,0.03,-103.76,-1.17,5133.88,5.13
374,空头进场,2025-09-12 04:00,short,4417.58,2,8835.16,-83.94,-0.95,2.42,0.03,-103.76,-1.17,5133.88,5.13
375,多头出场,2025-09-13 19:00,short,4722.67,2,8919.1,526.24,5.90,616.22,6.91,-15.06,-0.17,5660.12,5.66
375,多头进场,2025-09-12 07:00,long,4459.55,2,8919.1,526.24,5.90,616.22,6.91,-15.06,-0.17,5660.12,5.66
376,空头出场,2025-09-14 10:00,long,4685.17,2,9445.34,75,0.79,226.7,2.40,-20.76,-0.22,5735.12,5.74
376,空头进场,2025-09-13 19:00,short,4722.67,2,9445.34,75,0.79,226.7,2.40,-20.76,-0.22,5735.12,5.74
377,多头出场,2025-09-14 13:00,short,4678.2,2,9370.34,-13.94,-0.15,6.96,0.07,-95.72,-1.02,5721.18,5.72
377,多头进场,2025-09-14 10:00,long,4685.17,2,9370.34,-13.94,-0.15,6.96,0.07,-95.72,-1.02,5721.18,5.72
378,空头出场,2025-09-15 10:00,long,4622.23,2,9356.4,111.94,1.20,196.56,2.10,-10.74,-0.11,5833.12,5.83
378,空头进场,2025-09-14 13:00,short,4678.2,2,9356.4,111.94,1.20,196.56,2.10,-10.74,-0.11,5833.12,5.83
379,多头出场,2025-09-15 16:00,short,4512.58,2,9244.46,-219.3,-2.37,99.36,1.07,-222.8,-2.41,5613.82,5.61
379,多头进场,2025-09-15 10:00,long,4622.23,2,9244.46,-219.3,-2.37,99.36,1.07,-222.8,-2.41,5613.82,5.61
380,空头出场,2025-09-16 07:00,long,4525.68,2,9025.16,-26.2,-0.29,88.48,0.98,-62.28,-0.69,5587.62,5.59
380,空头进场,2025-09-15 16:00,short,4512.58,2,9025.16,-26.2,-0.29,88.48,0.98,-62.28,-0.69,5587.62,5.59
381,多头出场,2025-09-16 10:00,short,4515.28,2,9051.36,-20.8,-0.23,25.34,0.28,-38.64,-0.43,5566.82,5.57
381,多头进场,2025-09-16 07:00,long,4525.68,2,9051.36,-20.8,-0.23,25.34,0.28,-38.64,-0.43,5566.82,5.57
382,空头出场,2025-09-16 13:00,long,4530.54,2,9030.56,-30.52,-0.34,48.76,0.54,-36.62,-0.41,5536.3,5.54
382,空头进场,2025-09-16 10:00,short,4515.28,2,9030.56,-30.52,-0.34,48.76,0.54,-36.62,-0.41,5536.3,5.54
383,多头出场,2025-09-16 16:00,short,4512.76,2,9061.08,-35.56,-0.39,12.62,0.14,-70.96,-0.78,5500.74,5.50
383,多头进场,2025-09-16 13:00,long,4530.54,2,9061.08,-35.56,-0.39,12.62,0.14,-70.96,-0.78,5500.74,5.50
384,空头出场,2025-09-17 01:00,long,4487.86,2,9025.52,49.8,0.55,172.04,1.91,-10.12,-0.11,5550.54,5.55
384,空头进场,2025-09-16 16:00,short,4512.76,2,9025.52,49.8,0.55,172.04,1.91,-10.12,-0.11,5550.54,5.55
385,多头出场,2025-09-17 19:00,short,4493.4,2,8975.72,11.08,0.12,138.02,1.54,-42.38,-0.47,5561.62,5.56
385,多头进场,2025-09-17 01:00,long,4487.86,2,8975.72,11.08,0.12,138.02,1.54,-42.38,-0.47,5561.62,5.56
386,空头出场,2025-09-18 04:00,long,4503.32,2,8986.8,-19.84,-0.22,130.54,1.45,-98.76,-1.10,5541.78,5.54
386,空头进场,2025-09-17 19:00,short,4493.4,2,8986.8,-19.84,-0.22,130.54,1.45,-98.76,-1.10,5541.78,5.54
387,多头出场,2025-09-18 19:00,short,4577.48,2,9006.64,148.32,1.65,284.76,3.16,-29.46,-0.33,5690.1,5.69
387,多头进场,2025-09-18 04:00,long,4503.32,2,9006.64,148.32,1.65,284.76,3.16,-29.46,-0.33,5690.1,5.69
388,空头出场,2025-09-18 22:00,long,4597.71,2,9154.96,-40.46,-0.44,32.44,0.35,-97.18,-1.06,5649.64,5.65
388,空头进场,2025-09-18 19:00,short,4577.48,2,9154.96,-40.46,-0.44,32.44,0.35,-97.18,-1.06,5649.64,5.65
389,多头出场,2025-09-19 07:00,short,4589.01,2,9195.42,-17.4,-0.19,79.92,0.87,-51.06,-0.56,5632.24,5.63
389,多头进场,2025-09-18 22:00,long,4597.71,2,9195.42,-17.4,-0.19,79.92,0.87,-51.06,-0.56,5632.24,5.63
390,空头出场,2025-09-20 13:00,long,4481.5,2,9178.02,215.02,2.34,298.94,3.26,-66.86,-0.73,5847.26,5.85
390,空头进场,2025-09-19 07:00,short,4589.01,2,9178.02,215.02,2.34,298.94,3.26,-66.86,-0.73,5847.26,5.85
391,多头出场,2025-09-20 16:00,short,4468.62,2,8963,-25.76,-0.29,9.1,0.10,-27.88,-0.31,5821.5,5.82
391,多头进场,2025-09-20 13:00,long,4481.5,2,8963,-25.76,-0.29,9.1,0.10,-27.88,-0.31,5821.5,5.82
392,空头出场,2025-09-20 19:00,long,4472.84,2,8937.24,-8.44,-0.09,18.32,0.20,-19.44,-0.22,5813.06,5.81
392,空头进场,2025-09-20 16:00,short,4468.62,2,8937.24,-8.44,-0.09,18.32,0.20,-19.44,-0.22,5813.06,5.81
393,多头出场,2025-09-21 10:00,short,4481.15,2,8945.68,16.62,0.19,76.56,0.86,-23.24,-0.26,5829.68,5.83
393,多头进场,2025-09-20 19:00,long,4472.84,2,8945.68,16.62,0.19,76.56,0.86,-23.24,-0.26,5829.68,5.83
394,空头出场,2025-09-21 22:00,long,4475.25,2,8962.3,11.8,0.13,67.08,0.75,-27.08,-0.30,5841.48,5.84
394,空头进场,2025-09-21 10:00,short,4481.15,2,8962.3,11.8,0.13,67.08,0.75,-27.08,-0.30,5841.48,5.84
395,多头出场,2025-09-22 04:00,short,4477.77,2,8950.5,5.04,0.06,50.76,0.57,-16.28,-0.18,5846.52,5.85
395,多头进场,2025-09-21 22:00,long,4475.25,2,8950.5,5.04,0.06,50.76,0.57,-16.28,-0.18,5846.52,5.85
396,空头出场,2025-09-23 04:00,long,4184.37,2,8955.54,586.8,6.55,789.62,8.82,-5.72,-0.06,6433.32,6.43
396,空头进场,2025-09-22 04:00,short,4477.77,2,8955.54,586.8,6.55,789.62,8.82,-5.72,-0.06,6433.32,6.43
397,多头出场,2025-09-23 10:00,short,4147.65,2,8368.74,-73.44,-0.88,61.36,0.73,-78.38,-0.94,6359.88,6.36
397,多头进场,2025-09-23 04:00,long,4184.37,2,8368.74,-73.44,-0.88,61.36,0.73,-78.38,-0.94,6359.88,6.36
398,空头出场,2025-09-23 13:00,long,4186.74,2,8295.3,-78.18,-0.94,56.3,0.68,-105.8,-1.28,6281.7,6.28
398,空头进场,2025-09-23 10:00,short,4147.65,2,8295.3,-78.18,-0.94,56.3,0.68,-105.8,-1.28,6281.7,6.28
399,多头出场,2025-09-23 22:00,short,4178.04,2,8373.48,-17.4,-0.21,87.44,1.04,-34.3,-0.41,6264.3,6.26
399,多头进场,2025-09-23 13:00,long,4186.74,2,8373.48,-17.4,-0.21,87.44,1.04,-34.3,-0.41,6264.3,6.26
400,空头出场,2025-09-24 04:00,long,4179.34,2,8356.08,-2.6,-0.03,73.94,0.88,-63.92,-0.76,6261.7,6.26
400,空头进场,2025-09-23 22:00,short,4178.04,2,8356.08,-2.6,-0.03,73.94,0.88,-63.92,-0.76,6261.7,6.26
401,多头出场,2025-09-24 07:00,short,4167.66,2,8358.68,-23.36,-0.28,30,0.36,-29.76,-0.36,6238.34,6.24
401,多头进场,2025-09-24 04:00,long,4179.34,2,8358.68,-23.36,-0.28,30,0.36,-29.76,-0.36,6238.34,6.24
402,空头出场,2025-09-24 10:00,long,4171.27,2,8335.32,-7.22,-0.09,14.98,0.18,-56.4,-0.68,6231.12,6.23
402,空头进场,2025-09-24 07:00,short,4167.66,2,8335.32,-7.22,-0.09,14.98,0.18,-56.4,-0.68,6231.12,6.23
403,多头出场,2025-09-25 01:00,short,4184.83,2,8342.54,27.12,0.33,73.48,0.88,-183.82,-2.20,6258.24,6.26
403,多头进场,2025-09-24 10:00,long,4171.27,2,8342.54,27.12,0.33,73.48,0.88,-183.82,-2.20,6258.24,6.26
404,空头出场,2025-09-26 10:00,long,3960.72,2,8369.66,448.22,5.36,716.16,8.56,-2.06,-0.02,6706.46,6.71
404,空头进场,2025-09-25 01:00,short,4184.83,2,8369.66,448.22,5.36,716.16,8.56,-2.06,-0.02,6706.46,6.71
405,多头出场,2025-09-26 19:00,short,3907.39,2,7921.44,-106.66,-1.35,34.5,0.44,-172.4,-2.18,6599.8,6.60
405,多头进场,2025-09-26 10:00,long,3960.72,2,7921.44,-106.66,-1.35,34.5,0.44,-172.4,-2.18,6599.8,6.60
406,空头出场,2025-09-26 22:00,long,3931.72,2,7814.78,-48.66,-0.62,60.5,0.77,-157.3,-2.01,6551.14,6.55
406,空头进场,2025-09-26 19:00,short,3907.39,2,7814.78,-48.66,-0.62,60.5,0.77,-157.3,-2.01,6551.14,6.55
407,多头出场,2025-09-27 16:00,short,3988.29,2,7863.44,113.14,1.44,275,3.50,-2.36,-0.03,6664.28,6.66
407,多头进场,2025-09-26 22:00,long,3931.72,2,7863.44,113.14,1.44,275,3.50,-2.36,-0.03,6664.28,6.66
408,空头出场,2025-09-27 22:00,long,4017.43,2,7976.58,-58.28,-0.73,25.34,0.32,-105.06,-1.32,6606,6.61
408,空头进场,2025-09-27 16:00,short,3988.29,2,7976.58,-58.28,-0.73,25.34,0.32,-105.06,-1.32,6606,6.61
409,多头出场,2025-09-28 01:00,short,4004.59,2,8034.86,-25.68,-0.32,14.4,0.18,-66.36,-0.83,6580.32,6.58
409,多头进场,2025-09-27 22:00,long,4017.43,2,8034.86,-25.68,-0.32,14.4,0.18,-66.36,-0.83,6580.32,6.58
410,空头出场,2025-09-28 07:00,long,4021.06,2,8009.18,-32.94,-0.41,30.54,0.38,-62.64,-0.78,6547.38,6.55
410,空头进场,2025-09-28 01:00,short,4004.59,2,8009.18,-32.94,-0.41,30.54,0.38,-62.64,-0.78,6547.38,6.55
411,多头出场,2025-09-28 10:00,short,4003.13,2,8042.12,-35.86,-0.45,25.28,0.31,-49.36,-0.61,6511.52,6.51
411,多头进场,2025-09-28 07:00,long,4021.06,2,8042.12,-35.86,-0.45,25.28,0.31,-49.36,-0.61,6511.52,6.51
412,空头出场,2025-09-28 13:00,long,4012.76,2,8006.26,-19.26,-0.24,9.46,0.12,-36.76,-0.46,6492.26,6.49
412,空头进场,2025-09-28 10:00,short,4003.13,2,8006.26,-19.26,-0.24,9.46,0.12,-36.76,-0.46,6492.26,6.49
413,多头出场,2025-09-28 16:00,short,4004.1,2,8025.52,-17.32,-0.22,12.46,0.16,-27.52,-0.34,6474.94,6.47
413,多头进场,2025-09-28 13:00,long,4012.76,2,8025.52,-17.32,-0.22,12.46,0.16,-27.52,-0.34,6474.94,6.47
414,空头出场,2025-09-28 22:00,long,4026.56,2,8008.2,-44.92,-0.56,70.8,0.88,-51.34,-0.64,6430.02,6.43
414,空头进场,2025-09-28 16:00,short,4004.1,2,8008.2,-44.92,-0.56,70.8,0.88,-51.34,-0.64,6430.02,6.43
415,多头出场,2025-09-29 19:00,short,4105.42,2,8053.12,157.72,1.96,241.9,3.00,-16.66,-0.21,6587.74,6.59
415,多头进场,2025-09-28 22:00,long,4026.56,2,8053.12,157.72,1.96,241.9,3.00,-16.66,-0.21,6587.74,6.59
416,空头出场,2025-09-29 22:00,long,4191,2,8210.84,-171.16,-2.08,37.46,0.46,-201.38,-2.45,6416.58,6.42
416,空头进场,2025-09-29 19:00,short,4105.42,2,8210.84,-171.16,-2.08,37.46,0.46,-201.38,-2.45,6416.58,6.42
417,多头出场,2025-09-30 10:00,short,4201.63,2,8382,21.26,0.25,106.88,1.28,-119.88,-1.43,6437.84,6.44
417,多头进场,2025-09-29 22:00,long,4191,2,8382,21.26,0.25,106.88,1.28,-119.88,-1.43,6437.84,6.44
418,空头出场,2025-10-01 04:00,long,4197.83,2,8403.26,7.6,0.09,212.06,2.52,-17.5,-0.21,6445.44,6.45
418,空头进场,2025-09-30 10:00,short,4201.63,2,8403.26,7.6,0.09,212.06,2.52,-17.5,-0.21,6445.44,6.45
419,多头出场,2025-10-01 07:00,short,4147.69,2,8395.66,-100.28,-1.19,12.32,0.15,-153.36,-1.83,6345.16,6.35
419,多头进场,2025-10-01 04:00,long,4197.83,2,8395.66,-100.28,-1.19,12.32,0.15,-153.36,-1.83,6345.16,6.35
420,空头出场,2025-10-01 16:00,long,4291.43,2,8295.38,-287.48,-3.47,47.7,0.58,-355.42,-4.28,6057.68,6.06
420,空头进场,2025-10-01 07:00,short,4147.69,2,8295.38,-287.48,-3.47,47.7,0.58,-355.42,-4.28,6057.68,6.06
421,多头出场,2025-10-02 19:00,short,4382.03,2,8582.86,181.2,2.11,267.96,3.12,-21.86,-0.25,6238.88,6.24
421,多头进场,2025-10-01 16:00,long,4291.43,2,8582.86,181.2,2.11,267.96,3.12,-21.86,-0.25,6238.88,6.24
422,空头出场,2025-10-03 01:00,long,4469.24,2,8764.06,-174.42,-1.99,78.32,0.89,-195.68,-2.23,6064.46,6.06
422,空头进场,2025-10-02 19:00,short,4382.03,2,8764.06,-174.42,-1.99,78.32,0.89,-195.68,-2.23,6064.46,6.06
423,多头出场,2025-10-03 13:00,short,4479.56,2,8938.48,20.64,0.23,183.8,2.06,-15.22,-0.17,6085.1,6.09
423,多头进场,2025-10-03 01:00,long,4469.24,2,8938.48,20.64,0.23,183.8,2.06,-15.22,-0.17,6085.1,6.09
424,空头出场,2025-10-04 04:00,long,4537.73,2,8959.12,-116.34,-1.30,96.36,1.08,-228.14,-2.55,5968.76,5.97
424,空头进场,2025-10-03 13:00,short,4479.56,2,8959.12,-116.34,-1.30,96.36,1.08,-228.14,-2.55,5968.76,5.97
425,多头出场,2025-10-04 10:00,short,4487.52,2,9075.46,-100.42,-1.11,5.64,0.06,-140.06,-1.54,5868.34,5.87
425,多头进场,2025-10-04 04:00,long,4537.73,2,9075.46,-100.42,-1.11,5.64,0.06,-140.06,-1.54,5868.34,5.87
426,空头出场,2025-10-04 13:00,long,4507.07,2,8975.04,-39.1,-0.44,26.7,0.30,-52.08,-0.58,5829.24,5.83
426,空头进场,2025-10-04 10:00,short,4487.52,2,8975.04,-39.1,-0.44,26.7,0.30,-52.08,-0.58,5829.24,5.83
427,多头出场,2025-10-04 16:00,short,4492.36,2,9014.14,-29.42,-0.33,27.68,0.31,-41.52,-0.46,5799.82,5.80
427,多头进场,2025-10-04 13:00,long,4507.07,2,9014.14,-29.42,-0.33,27.68,0.31,-41.52,-0.46,5799.82,5.80
428,空头出场,2025-10-05 04:00,long,4478.01,2,8984.72,28.7,0.32,97.56,1.09,-43.46,-0.48,5828.52,5.83
428,空头进场,2025-10-04 16:00,short,4492.36,2,8984.72,28.7,0.32,97.56,1.09,-43.46,-0.48,5828.52,5.83
429,多头出场,2025-10-05 19:00,short,4553.11,2,8956.02,150.2,1.68,282.4,3.15,-16.4,-0.18,5978.72,5.98
429,多头进场,2025-10-05 04:00,long,4478.01,2,8956.02,150.2,1.68,282.4,3.15,-16.4,-0.18,5978.72,5.98
430,空头出场,2025-10-06 10:00,long,4540.47,2,9106.22,25.28,0.28,149.66,1.64,-0.08,0.00,6004,6.00
430,空头进场,2025-10-05 19:00,short,4553.11,2,9106.22,25.28,0.28,149.66,1.64,-0.08,0.00,6004,6.00
431,多头出场,2025-10-07 16:00,short,4671.91,2,9080.94,262.88,2.89,392.8,4.33,-59.06,-0.65,6266.88,6.27
431,多头进场,2025-10-06 10:00,long,4540.47,2,9080.94,262.88,2.89,392.8,4.33,-59.06,-0.65,6266.88,6.27
432,空头出场,2025-10-07 19:00,long,4710.84,2,9343.82,-77.86,-0.83,3.82,0.04,-85.52,-0.92,6189.02,6.19
432,空头进场,2025-10-07 16:00,short,4671.91,2,9343.82,-77.86,-0.83,3.82,0.04,-85.52,-0.92,6189.02,6.19
433,多头出场,2025-10-07 22:00,short,4595.37,2,9421.68,-230.94,-2.45,91.5,0.97,-234.66,-2.49,5958.08,5.96
433,多头进场,2025-10-07 19:00,long,4710.84,2,9421.68,-230.94,-2.45,91.5,0.97,-234.66,-2.49,5958.08,5.96
434,空头出场,2025-10-08 16:00,long,4477.94,2,9190.74,234.86,2.56,360.68,3.92,-25.36,-0.28,6192.94,6.19
434,空头进场,2025-10-07 22:00,short,4595.37,2,9190.74,234.86,2.56,360.68,3.92,-25.36,-0.28,6192.94,6.19
435,多头出场,2025-10-08 22:00,short,4451.76,2,8955.88,-52.36,-0.58,91.54,1.02,-71.72,-0.80,6140.58,6.14
435,多头进场,2025-10-08 16:00,long,4477.94,2,8955.88,-52.36,-0.58,91.54,1.02,-71.72,-0.80,6140.58,6.14
436,空头出场,2025-10-09 01:00,long,4540.44,2,8903.52,-177.36,-1.99,23,0.26,-216.52,-2.43,5963.22,5.96
436,空头进场,2025-10-08 22:00,short,4451.76,2,8903.52,-177.36,-1.99,23,0.26,-216.52,-2.43,5963.22,5.96
437,多头出场,2025-10-09 10:00,short,4414.72,2,9080.88,-251.44,-2.77,11.64,0.13,-268.6,-2.96,5711.78,5.71
437,多头进场,2025-10-09 01:00,long,4540.44,2,9080.88,-251.44,-2.77,11.64,0.13,-268.6,-2.96,5711.78,5.71
438,空头出场,2025-10-10 07:00,long,4369.6,2,8829.44,90.24,1.02,289.68,3.28,-93.98,-1.06,5802.02,5.80
438,空头进场,2025-10-09 10:00,short,4414.72,2,8829.44,90.24,1.02,289.68,3.28,-93.98,-1.06,5802.02,5.80
439,多头出场,2025-10-10 16:00,short,4348.77,2,8739.2,-41.66,-0.48,53.1,0.61,-105.76,-1.21,5760.36,5.76
439,多头进场,2025-10-10 07:00,long,4369.6,2,8739.2,-41.66,-0.48,53.1,0.61,-105.76,-1.21,5760.36,5.76
440,空头出场,2025-10-11 19:00,long,3847,2,8697.54,1003.54,11.54,1803.26,20.73,-87.84,-1.01,6763.9,6.76
440,空头进场,2025-10-10 16:00,short,4348.77,2,8697.54,1003.54,11.54,1803.26,20.73,-87.84,-1.01,6763.9,6.76
441,多头出场,2025-10-12 04:00,short,3701.88,2,7694,-290.24,-3.77,28.76,0.37,-355,-4.61,6473.66,6.47
441,多头进场,2025-10-11 19:00,long,3847,2,7694,-290.24,-3.77,28.76,0.37,-355,-4.61,6473.66,6.47
442,空头出场,2025-10-12 13:00,long,3810.26,2,7403.76,-216.76,-2.93,99.38,1.34,-249.16,-3.37,6256.9,6.26
442,空头进场,2025-10-12 04:00,short,3701.88,2,7403.76,-216.76,-2.93,99.38,1.34,-249.16,-3.37,6256.9,6.26
443,多头出场,2025-10-13 13:00,short,4135.64,2,7620.52,650.76,8.54,823.88,10.81,-21.74,-0.29,6907.66,6.91
443,多头进场,2025-10-12 13:00,long,3810.26,2,7620.52,650.76,8.54,823.88,10.81,-21.74,-0.29,6907.66,6.91
444,空头出场,2025-10-13 16:00,long,4179.49,2,8271.28,-87.7,-1.06,28.34,0.34,-133.02,-1.61,6819.96,6.82
444,空头进场,2025-10-13 13:00,short,4135.64,2,8271.28,-87.7,-1.06,28.34,0.34,-133.02,-1.61,6819.96,6.82
445,多头出场,2025-10-13 19:00,short,4084.55,2,8358.98,-189.88,-2.27,2.54,0.03,-255.62,-3.06,6630.08,6.63
445,多头进场,2025-10-13 16:00,long,4179.49,2,8358.98,-189.88,-2.27,2.54,0.03,-255.62,-3.06,6630.08,6.63
446,空头出场,2025-10-14 01:00,long,4240.57,2,8169.1,-312.04,-3.82,46.58,0.57,-314.08,-3.84,6318.04,6.32
446,空头进场,2025-10-13 19:00,short,4084.55,2,8169.1,-312.04,-3.82,46.58,0.57,-314.08,-3.84,6318.04,6.32
447,多头出场,2025-10-14 10:00,short,4175.96,2,8481.14,-129.22,-1.52,106.92,1.26,-138.5,-1.63,6188.82,6.19
447,多头进场,2025-10-14 01:00,long,4240.57,2,8481.14,-129.22,-1.52,106.92,1.26,-138.5,-1.63,6188.82,6.19
448,空头出场,2025-10-15 01:00,long,4104.64,2,8351.92,142.64,1.71,562.4,6.73,-2.42,-0.03,6331.46,6.33
448,空头进场,2025-10-14 10:00,short,4175.96,2,8351.92,142.64,1.71,562.4,6.73,-2.42,-0.03,6331.46,6.33
449,多头出场,2025-10-15 19:00,short,4102.42,2,8209.28,-4.44,-0.05,224.64,2.74,-99.34,-1.21,6327.02,6.33
449,多头进场,2025-10-15 01:00,long,4104.64,2,8209.28,-4.44,-0.05,224.64,2.74,-99.34,-1.21,6327.02,6.33
450,空头出场,2025-10-16 10:00,long,4033.67,2,8204.84,137.5,1.68,339.28,4.14,-14.2,-0.17,6464.52,6.46
450,空头进场,2025-10-15 19:00,short,4102.42,2,8204.84,137.5,1.68,339.28,4.14,-14.2,-0.17,6464.52,6.46
451,多头出场,2025-10-16 13:00,short,3999.21,2,8067.34,-68.92,-0.85,10.52,0.13,-99.5,-1.23,6395.6,6.40
451,多头进场,2025-10-16 10:00,long,4033.67,2,8067.34,-68.92,-0.85,10.52,0.13,-99.5,-1.23,6395.6,6.40
452,空头出场,2025-10-16 19:00,long,4064.22,2,7998.42,-130.02,-1.63,107.68,1.35,-161.82,-2.02,6265.58,6.27
452,空头进场,2025-10-16 13:00,short,3999.21,2,7998.42,-130.02,-1.63,107.68,1.35,-161.82,-2.02,6265.58,6.27
453,多头出场,2025-10-16 22:00,short,4017.89,2,8128.44,-92.66,-1.14,42.7,0.53,-180.36,-2.22,6172.92,6.17
453,多头进场,2025-10-16 19:00,long,4064.22,2,8128.44,-92.66,-1.14,42.7,0.53,-180.36,-2.22,6172.92,6.17
454,空头出场,2025-10-17 10:00,long,3923.03,2,8035.78,189.72,2.36,378.28,4.71,-9.88,-0.12,6362.64,6.36
454,空头进场,2025-10-16 22:00,short,4017.89,2,8035.78,189.72,2.36,378.28,4.71,-9.88,-0.12,6362.64,6.36
455,多头出场,2025-10-17 13:00,short,3895.95,2,7846.06,-54.16,-0.69,26.74,0.34,-57.1,-0.73,6308.48,6.31
455,多头进场,2025-10-17 10:00,long,3923.03,2,7846.06,-54.16,-0.69,26.74,0.34,-57.1,-0.73,6308.48,6.31
456,空头出场,2025-10-18 01:00,long,3819.23,2,7791.9,153.44,1.97,435.76,5.59,-21.72,-0.28,6461.92,6.46
456,空头进场,2025-10-17 13:00,short,3895.95,2,7791.9,153.44,1.97,435.76,5.59,-21.72,-0.28,6461.92,6.46
457,多头出场,2025-10-19 10:00,short,3874.39,2,7638.46,110.32,1.44,219.68,2.88,-12.16,-0.16,6572.24,6.57
457,多头进场,2025-10-18 01:00,long,3819.23,2,7638.46,110.32,1.44,219.68,2.88,-12.16,-0.16,6572.24,6.57
458,空头出场,2025-10-19 13:00,long,3898.5,2,7748.78,-48.22,-0.62,8.4,0.11,-95.12,-1.23,6524.02,6.52
458,空头进场,2025-10-19 10:00,short,3874.39,2,7748.78,-48.22,-0.62,8.4,0.11,-95.12,-1.23,6524.02,6.52
459,多头出场,2025-10-19 16:00,short,3864.69,2,7797,-67.62,-0.87,109.4,1.40,-126.22,-1.62,6456.4,6.46
459,多头进场,2025-10-19 13:00,long,3898.5,2,7797,-67.62,-0.87,109.4,1.40,-126.22,-1.62,6456.4,6.46
460,空头出场,2025-10-19 19:00,long,3925.44,2,7729.38,-121.5,-1.57,26.36,0.34,-175.68,-2.27,6334.9,6.33
460,空头进场,2025-10-19 16:00,short,3864.69,2,7729.38,-121.5,-1.57,26.36,0.34,-175.68,-2.27,6334.9,6.33
461,多头出场,2025-10-20 07:00,short,3984.04,2,7850.88,117.2,1.49,209.88,2.67,-27.34,-0.35,6452.1,6.45
461,多头进场,2025-10-19 19:00,long,3925.44,2,7850.88,117.2,1.49,209.88,2.67,-27.34,-0.35,6452.1,6.45
462,空头出场,2025-10-20 13:00,long,4062.23,2,7968.08,-156.38,-1.96,147.24,1.85,-183.94,-2.31,6295.72,6.30
462,空头进场,2025-10-20 07:00,short,3984.04,2,7968.08,-156.38,-1.96,147.24,1.85,-183.94,-2.31,6295.72,6.30
463,多头出场,2025-10-21 01:00,short,3952.22,2,8124.46,-220.02,-2.71,46,0.57,-276.6,-3.40,6075.7,6.08
463,多头进场,2025-10-20 13:00,long,4062.23,2,8124.46,-220.02,-2.71,46,0.57,-276.6,-3.40,6075.7,6.08
464,空头出场,2025-10-21 22:00,long,4022.5,2,7904.44,-140.56,-1.78,219.48,2.78,-146.94,-1.86,5935.14,5.94
464,空头进场,2025-10-21 01:00,short,3952.22,2,7904.44,-140.56,-1.78,219.48,2.78,-146.94,-1.86,5935.14,5.94
465,多头出场,2025-10-22 04:00,short,3955.52,2,8045,-133.96,-1.67,177.86,2.21,-161.42,-2.01,5801.18,5.80
465,多头进场,2025-10-21 22:00,long,4022.5,2,8045,-133.96,-1.67,177.86,2.21,-161.42,-2.01,5801.18,5.80
466,空头出场,2025-10-22 22:00,long,3850.56,2,7911.04,209.92,2.65,348.76,4.41,-24.82,-0.31,6011.1,6.01
466,空头进场,2025-10-22 04:00,short,3955.52,2,7911.04,209.92,2.65,348.76,4.41,-24.82,-0.31,6011.1,6.01
467,多头出场,2025-10-23 01:00,short,3809.56,2,7701.12,-82,-1.06,27.8,0.36,-111.48,-1.45,5929.1,5.93
467,多头进场,2025-10-22 22:00,long,3850.56,2,7701.12,-82,-1.06,27.8,0.36,-111.48,-1.45,5929.1,5.93
468,空头出场,2025-10-23 07:00,long,3807.08,2,7619.12,4.96,0.07,183.72,2.41,-37.28,-0.49,5934.06,5.93
468,空头进场,2025-10-23 01:00,short,3809.56,2,7619.12,4.96,0.07,183.72,2.41,-37.28,-0.49,5934.06,5.93
469,多头出场,2025-10-23 22:00,short,3848.03,2,7614.16,81.9,1.08,197.1,2.59,-19.66,-0.26,6015.96,6.02
469,多头进场,2025-10-23 07:00,long,3807.08,2,7614.16,81.9,1.08,197.1,2.59,-19.66,-0.26,6015.96,6.02
470,空头出场,2025-10-24 01:00,long,3922.16,2,7696.06,-148.26,-1.93,8.6,0.11,-169.82,-2.21,5867.7,5.87
470,空头进场,2025-10-23 22:00,short,3848.03,2,7696.06,-148.26,-1.93,8.6,0.11,-169.82,-2.21,5867.7,5.87
471,多头出场,2025-10-24 04:00,short,3829.93,2,7844.32,-184.46,-2.35,2.26,0.03,-199.42,-2.54,5683.24,5.68
471,多头进场,2025-10-24 01:00,long,3922.16,2,7844.32,-184.46,-2.35,2.26,0.03,-199.42,-2.54,5683.24,5.68
472,空头出场,2025-10-24 10:00,long,3891.13,2,7659.86,-122.4,-1.60,14.74,0.19,-133.8,-1.75,5560.84,5.56
472,空头进场,2025-10-24 04:00,short,3829.93,2,7659.86,-122.4,-1.60,14.74,0.19,-133.8,-1.75,5560.84,5.56
473,多头出场,2025-10-24 22:00,short,3904.78,2,7782.26,27.3,0.35,260.24,3.34,-21.4,-0.27,5588.14,5.59
473,多头进场,2025-10-24 10:00,long,3891.13,2,7782.26,27.3,0.35,260.24,3.34,-21.4,-0.27,5588.14,5.59
474,空头出场,2025-10-25 04:00,long,3940.3,2,7809.56,-71.04,-0.91,73,0.93,-78.56,-1.01,5517.1,5.52
474,空头进场,2025-10-24 22:00,short,3904.78,2,7809.56,-71.04,-0.91,73,0.93,-78.56,-1.01,5517.1,5.52
475,多头出场,2025-10-25 13:00,short,3931.47,2,7880.6,-17.66,-0.22,12.66,0.16,-52.4,-0.66,5499.44,5.50
475,多头进场,2025-10-25 04:00,long,3940.3,2,7880.6,-17.66,-0.22,12.66,0.16,-52.4,-0.66,5499.44,5.50
476,空头出场,2025-10-25 16:00,long,3954.91,2,7862.94,-46.88,-0.60,8.98,0.11,-53.44,-0.68,5452.56,5.45
476,空头进场,2025-10-25 13:00,short,3931.47,2,7862.94,-46.88,-0.60,8.98,0.11,-53.44,-0.68,5452.56,5.45
477,多头出场,2025-10-25 19:00,short,3941.34,2,7909.82,-27.14,-0.34,5.02,0.06,-43.5,-0.55,5425.42,5.43
477,多头进场,2025-10-25 16:00,long,3954.91,2,7909.82,-27.14,-0.34,5.02,0.06,-43.5,-0.55,5425.42,5.43
478,空头出场,2025-10-26 04:00,long,3946.35,2,7882.68,-10.02,-0.13,29.28,0.37,-56.8,-0.72,5415.4,5.42
478,空头进场,2025-10-25 19:00,short,3941.34,2,7882.68,-10.02,-0.13,29.28,0.37,-56.8,-0.72,5415.4,5.42
479,多头出场,2025-10-26 10:00,short,3931.36,2,7892.7,-29.98,-0.38,38.7,0.49,-48.08,-0.61,5385.42,5.39
479,多头进场,2025-10-26 04:00,long,3946.35,2,7892.7,-29.98,-0.38,38.7,0.49,-48.08,-0.61,5385.42,5.39
480,空头出场,2025-10-26 13:00,long,3943.66,2,7862.72,-24.6,-0.31,13.36,0.17,-32.22,-0.41,5360.82,5.36
480,空头进场,2025-10-26 10:00,short,3931.36,2,7862.72,-24.6,-0.31,13.36,0.17,-32.22,-0.41,5360.82,5.36
481,多头出场,2025-10-27 16:00,short,4167.33,2,7887.32,447.34,5.67,618.66,7.84,-8.16,-0.10,5808.16,5.81
481,多头进场,2025-10-26 13:00,long,3943.66,2,7887.32,447.34,5.67,618.66,7.84,-8.16,-0.10,5808.16,5.81
482,空头出场,2025-10-28 01:00,long,4222.06,2,8334.66,-109.46,-1.31,83.88,1.01,-117.28,-1.41,5698.7,5.70
482,空头进场,2025-10-27 16:00,short,4167.33,2,8334.66,-109.46,-1.31,83.88,1.01,-117.28,-1.41,5698.7,5.70
483,多头出场,2025-10-28 04:00,short,4130.06,2,8444.12,-184,-2.18,24.06,0.28,-184,-2.18,5514.7,5.51
483,多头进场,2025-10-28 01:00,long,4222.06,2,8444.12,-184,-2.18,24.06,0.28,-184,-2.18,5514.7,5.51
484,空头出场,2025-10-28 16:00,long,4124.47,2,8260.12,11.18,0.14,124.88,1.51,-29.7,-0.36,5525.88,5.53
484,空头进场,2025-10-28 04:00,short,4130.06,2,8260.12,11.18,0.14,124.88,1.51,-29.7,-0.36,5525.88,5.53
485,多头出场,2025-10-29 04:00,short,3980.08,2,8248.94,-288.78,-3.50,102.98,1.25,-326.3,-3.96,5237.1,5.24
485,多头进场,2025-10-28 16:00,long,4124.47,2,8248.94,-288.78,-3.50,102.98,1.25,-326.3,-3.96,5237.1,5.24
486,空头出场,2025-10-29 13:00,long,4028.07,2,7960.16,-95.98,-1.21,86.58,1.09,-113.18,-1.42,5141.12,5.14
486,空头进场,2025-10-29 04:00,short,3980.08,2,7960.16,-95.98,-1.21,86.58,1.09,-113.18,-1.42,5141.12,5.14
487,多头出场,2025-10-29 16:00,short,4008.97,2,8056.14,-38.2,-0.47,17.4,0.22,-45.12,-0.56,5102.92,5.10
487,多头进场,2025-10-29 13:00,long,4028.07,2,8056.14,-38.2,-0.47,17.4,0.22,-45.12,-0.56,5102.92,5.10
488,空头出场,2025-10-29 19:00,long,4011.92,2,8017.94,-5.9,-0.07,47.46,0.59,-15.1,-0.19,5097.02,5.10
488,空头进场,2025-10-29 16:00,short,4008.97,2,8017.94,-5.9,-0.07,47.46,0.59,-15.1,-0.19,5097.02,5.10
489,多头出场,2025-10-29 22:00,short,3989.38,2,8023.84,-45.08,-0.56,36.72,0.46,-74.96,-0.93,5051.94,5.05
489,多头进场,2025-10-29 19:00,long,4011.92,2,8023.84,-45.08,-0.56,36.72,0.46,-74.96,-0.93,5051.94,5.05
490,空头出场,2025-10-30 01:00,long,4014.25,2,7978.76,-49.74,-0.62,120.96,1.52,-54.18,-0.68,5002.2,5.00
490,空头进场,2025-10-29 22:00,short,3989.38,2,7978.76,-49.74,-0.62,120.96,1.52,-54.18,-0.68,5002.2,5.00
491,多头出场,2025-10-30 04:00,short,3952.3,2,8028.5,-123.9,-1.54,8.26,0.10,-332.22,-4.14,4878.3,4.88
491,多头进场,2025-10-30 01:00,long,4014.25,2,8028.5,-123.9,-1.54,8.26,0.10,-332.22,-4.14,4878.3,4.88
492,空头出场,2025-10-31 07:00,long,3804.33,2,7904.6,295.94,3.74,543.6,6.88,-23.38,-0.30,5174.24,5.17
492,空头进场,2025-10-30 04:00,short,3952.3,2,7904.6,295.94,3.74,543.6,6.88,-23.38,-0.30,5174.24,5.17
493,多头出场,2025-11-01 01:00,short,3827.86,2,7608.66,47.06,0.62,163.78,2.15,-15.7,-0.21,5221.3,5.22
493,多头进场,2025-10-31 07:00,long,3804.33,2,7608.66,47.06,0.62,163.78,2.15,-15.7,-0.21,5221.3,5.22
494,空头出场,2025-11-01 04:00,long,3859.81,2,7655.72,-63.9,-0.83,37.12,0.48,-154.46,-2.02,5157.4,5.16
494,空头进场,2025-11-01 01:00,short,3827.86,2,7655.72,-63.9,-0.83,37.12,0.48,-154.46,-2.02,5157.4,5.16
495,多头出场,2025-11-01 07:00,short,3847.89,2,7719.62,-23.84,-0.31,12.98,0.17,-36.7,-0.48,5133.56,5.13
495,多头进场,2025-11-01 04:00,long,3859.81,2,7719.62,-23.84,-0.31,12.98,0.17,-36.7,-0.48,5133.56,5.13
496,空头出场,2025-11-01 10:00,long,3851.54,2,7695.78,-7.3,-0.09,32.54,0.42,-21.52,-0.28,5126.26,5.13
496,空头进场,2025-11-01 07:00,short,3847.89,2,7695.78,-7.3,-0.09,32.54,0.42,-21.52,-0.28,5126.26,5.13
497,多头出场,2025-11-02 01:00,short,3865.25,2,7703.08,27.42,0.36,111.16,1.44,-1.6,-0.02,5153.68,5.15
497,多头进场,2025-11-01 10:00,long,3851.54,2,7703.08,27.42,0.36,111.16,1.44,-1.6,-0.02,5153.68,5.15
498,空头出场,2025-11-02 04:00,long,3880.72,2,7730.5,-30.94,-0.40,3.68,0.05,-51,-0.66,5122.74,5.12
498,空头进场,2025-11-02 01:00,short,3865.25,2,7730.5,-30.94,-0.40,3.68,0.05,-51,-0.66,5122.74,5.12
499,多头出场,2025-11-02 07:00,short,3873,2,7761.44,-15.44,-0.20,6.04,0.08,-34.58,-0.45,5107.3,5.11
499,多头进场,2025-11-02 04:00,long,3880.72,2,7761.44,-15.44,-0.20,6.04,0.08,-34.58,-0.45,5107.3,5.11
500,空头出场,2025-11-02 10:00,long,3880.63,2,7746,-15.26,-0.20,24.1,0.31,-25.36,-0.33,5092.04,5.09
500,空头进场,2025-11-02 07:00,short,3873,2,7746,-15.26,-0.20,24.1,0.31,-25.36,-0.33,5092.04,5.09
501,多头出场,2025-11-02 19:00,short,3890.04,2,7761.26,18.82,0.24,71.9,0.93,-54.1,-0.70,5110.86,5.11
501,多头进场,2025-11-02 10:00,long,3880.63,2,7761.26,18.82,0.24,71.9,0.93,-54.1,-0.70,5110.86,5.11
502,空头出场,2025-11-03 07:00,long,3905.53,2,7780.08,-30.98,-0.40,101.24,1.30,-49.46,-0.64,5079.88,5.08
502,空头进场,2025-11-02 19:00,short,3890.04,2,7780.08,-30.98,-0.40,101.24,1.30,-49.46,-0.64,5079.88,5.08
503,多头出场,2025-11-03 10:00,short,3798.89,2,7811.06,-213.28,-2.73,17.1,0.22,-234.36,-3.00,4866.6,4.87
503,多头进场,2025-11-03 07:00,long,3905.53,2,7811.06,-213.28,-2.73,17.1,0.22,-234.36,-3.00,4866.6,4.87
504,空头出场,2025-11-04 10:00,long,3625.98,2,7597.78,345.82,4.55,476.02,6.27,-16.06,-0.21,5212.42,5.21
504,空头进场,2025-11-03 10:00,short,3798.89,2,7597.78,345.82,4.55,476.02,6.27,-16.06,-0.21,5212.42,5.21
505,多头出场,2025-11-04 13:00,short,3493.54,2,7251.96,-264.88,-3.65,49.98,0.69,-275.76,-3.80,4947.54,4.95
505,多头进场,2025-11-04 10:00,long,3625.98,2,7251.96,-264.88,-3.65,49.98,0.69,-275.76,-3.80,4947.54,4.95
506,空头出场,2025-11-04 19:00,long,3529.35,2,6987.08,-71.62,-1.03,64.02,0.92,-131.44,-1.88,4875.92,4.88
506,空头进场,2025-11-04 13:00,short,3493.54,2,6987.08,-71.62,-1.03,64.02,0.92,-131.44,-1.88,4875.92,4.88
507,多头出场,2025-11-05 01:00,short,3373.29,2,7058.7,-312.12,-4.42,114.6,1.62,-331.52,-4.70,4563.8,4.56
507,多头进场,2025-11-04 19:00,long,3529.35,2,7058.7,-312.12,-4.42,114.6,1.62,-331.52,-4.70,4563.8,4.56
508,空头出场,2025-11-05 10:00,long,3324.32,2,6746.58,97.94,1.45,626,9.28,-1.52,-0.02,4661.74,4.66
508,空头进场,2025-11-05 01:00,short,3373.29,2,6746.58,97.94,1.45,626,9.28,-1.52,-0.02,4661.74,4.66
509,多头出场,2025-11-05 16:00,short,3300.4,2,6648.64,-47.84,-0.72,55.8,0.84,-83.8,-1.26,4613.9,4.61
509,多头进场,2025-11-05 10:00,long,3324.32,2,6648.64,-47.84,-0.72,55.8,0.84,-83.8,-1.26,4613.9,4.61
510,空头出场,2025-11-05 19:00,long,3322.54,2,6600.8,-44.28,-0.67,49.78,0.75,-47.34,-0.72,4569.62,4.57
510,空头进场,2025-11-05 16:00,short,3300.4,2,6600.8,-44.28,-0.67,49.78,0.75,-47.34,-0.72,4569.62,4.57
511,多头出场,2025-11-06 13:00,short,3388.17,2,6645.08,131.26,1.98,314.38,4.73,-19.6,-0.29,4700.88,4.70
511,多头进场,2025-11-05 19:00,long,3322.54,2,6645.08,131.26,1.98,314.38,4.73,-19.6,-0.29,4700.88,4.70
512,空头出场,2025-11-07 10:00,long,3345.3,2,6776.34,85.74,1.27,283.16,4.18,-51.24,-0.76,4786.62,4.79
512,空头进场,2025-11-06 13:00,short,3388.17,2,6776.34,85.74,1.27,283.16,4.18,-51.24,-0.76,4786.62,4.79
513,多头出场,2025-11-07 16:00,short,3341.21,2,6690.6,-8.18,-0.12,46.18,0.69,-53.3,-0.80,4778.44,4.78
513,多头进场,2025-11-07 10:00,long,3345.3,2,6690.6,-8.18,-0.12,46.18,0.69,-53.3,-0.80,4778.44,4.78
514,空头出场,2025-11-08 01:00,long,3384.39,2,6682.42,-86.36,-1.29,292.34,4.37,-105.12,-1.57,4692.08,4.69
514,空头进场,2025-11-07 16:00,short,3341.21,2,6682.42,-86.36,-1.29,292.34,4.37,-105.12,-1.57,4692.08,4.69
515,多头出场,2025-11-08 19:00,short,3411.27,2,6768.78,53.76,0.79,196.76,2.91,-14.22,-0.21,4745.84,4.75
515,多头进场,2025-11-08 01:00,long,3384.39,2,6768.78,53.76,0.79,196.76,2.91,-14.22,-0.21,4745.84,4.75
516,空头出场,2025-11-09 13:00,long,3405.04,2,6822.54,12.46,0.18,113.02,1.66,-9.52,-0.14,4758.3,4.76
516,空头进场,2025-11-08 19:00,short,3411.27,2,6822.54,12.46,0.18,113.02,1.66,-9.52,-0.14,4758.3,4.76
517,多头出场,2025-11-10 16:00,short,3594.07,2,6810.08,378.06,5.55,506.18,7.43,-45.88,-0.67,5136.36,5.14
517,多头进场,2025-11-09 13:00,long,3405.04,2,6810.08,378.06,5.55,506.18,7.43,-45.88,-0.67,5136.36,5.14
518,空头出场,2025-11-10 19:00,long,3610.3,2,7188.14,-32.46,-0.45,15.38,0.21,-72.82,-1.01,5103.9,5.10
518,空头进场,2025-11-10 16:00,short,3594.07,2,7188.14,-32.46,-0.45,15.38,0.21,-72.82,-1.01,5103.9,5.10
519,多头出场,2025-11-10 22:00,short,3541.36,2,7220.6,-137.88,-1.91,23.08,0.32,-160.26,-2.22,4966.02,4.97
519,多头进场,2025-11-10 19:00,long,3610.3,2,7220.6,-137.88,-1.91,23.08,0.32,-160.26,-2.22,4966.02,4.97
520,空头出场,2025-11-11 10:00,long,3615.15,2,7082.72,-147.58,-2.08,66.86,0.94,-211.86,-2.99,4818.44,4.82
520,空头进场,2025-11-10 22:00,short,3541.36,2,7082.72,-147.58,-2.08,66.86,0.94,-211.86,-2.99,4818.44,4.82
521,多头出场,2025-11-11 13:00,short,3548.28,2,7230.3,-133.74,-1.85,35.94,0.50,-140.68,-1.95,4684.7,4.68
521,多头进场,2025-11-11 10:00,long,3615.15,2,7230.3,-133.74,-1.85,35.94,0.50,-140.68,-1.95,4684.7,4.68
522,空头出场,2025-11-11 19:00,long,3573.47,2,7096.56,-50.38,-0.71,29.14,0.41,-75.34,-1.06,4634.32,4.63
522,空头进场,2025-11-11 13:00,short,3548.28,2,7096.56,-50.38,-0.71,29.14,0.41,-75.34,-1.06,4634.32,4.63
523,多头出场,2025-11-11 22:00,short,3529.52,2,7146.94,-87.9,-1.23,38.24,0.54,-171.36,-2.40,4546.42,4.55
523,多头进场,2025-11-11 19:00,long,3573.47,2,7146.94,-87.9,-1.23,38.24,0.54,-171.36,-2.40,4546.42,4.55
524,空头出场,2025-11-12 13:00,long,3448.66,2,7059.04,161.72,2.29,249.04,3.53,-0.1,0.00,4708.14,4.71
524,空头进场,2025-11-11 22:00,short,3529.52,2,7059.04,161.72,2.29,249.04,3.53,-0.1,0.00,4708.14,4.71
525,多头出场,2025-11-13 01:00,short,3428.86,2,6897.32,-39.6,-0.57,276.66,4.01,-152.86,-2.22,4668.54,4.67
525,多头进场,2025-11-12 13:00,long,3448.66,2,6897.32,-39.6,-0.57,276.66,4.01,-152.86,-2.22,4668.54,4.67
526,空头出场,2025-11-13 10:00,long,3434.1,2,6857.72,-10.48,-0.15,113.08,1.65,-55.96,-0.82,4658.06,4.66
526,空头进场,2025-11-13 01:00,short,3428.86,2,6857.72,-10.48,-0.15,113.08,1.65,-55.96,-0.82,4658.06,4.66
527,多头出场,2025-11-13 22:00,short,3444.03,2,6868.2,19.86,0.29,261.88,3.81,-109.18,-1.59,4677.92,4.68
527,多头进场,2025-11-13 10:00,long,3434.1,2,6868.2,19.86,0.29,261.88,3.81,-109.18,-1.59,4677.92,4.68
528,空头出场,2025-11-14 22:00,long,3197.91,2,6888.06,492.24,7.15,748.84,10.87,-6.22,-0.09,5170.16,5.17
528,空头进场,2025-11-13 22:00,short,3444.03,2,6888.06,492.24,7.15,748.84,10.87,-6.22,-0.09,5170.16,5.17
529,多头出场,2025-11-15 04:00,short,3134.67,2,6395.82,-126.48,-1.98,113.98,1.78,-150.7,-2.36,5043.68,5.04
529,多头进场,2025-11-14 22:00,long,3197.91,2,6395.82,-126.48,-1.98,113.98,1.78,-150.7,-2.36,5043.68,5.04
530,空头出场,2025-11-15 10:00,long,3191.34,2,6269.34,-113.34,-1.81,90.9,1.45,-113.34,-1.81,4930.34,4.93
530,空头进场,2025-11-15 04:00,short,3134.67,2,6269.34,-113.34,-1.81,90.9,1.45,-113.34,-1.81,4930.34,4.93
531,多头出场,2025-11-15 16:00,short,3141.46,2,6382.68,-99.76,-1.56,0.62,0.01,-115.14,-1.80,4830.58,4.83
531,多头进场,2025-11-15 10:00,long,3191.34,2,6382.68,-99.76,-1.56,0.62,0.01,-115.14,-1.80,4830.58,4.83
532,空头出场,2025-11-15 22:00,long,3175.66,2,6282.92,-68.4,-1.09,9.02,0.14,-105.66,-1.68,4762.18,4.76
532,空头进场,2025-11-15 16:00,short,3141.46,2,6282.92,-68.4,-1.09,9.02,0.14,-105.66,-1.68,4762.18,4.76
533,多头出场,2025-11-16 04:00,short,3172.53,2,6351.32,-6.26,-0.10,104.84,1.65,-25.76,-0.41,4755.92,4.76
533,多头进场,2025-11-15 22:00,long,3175.66,2,6351.32,-6.26,-0.10,104.84,1.65,-25.76,-0.41,4755.92,4.76
534,空头出场,2025-11-16 10:00,long,3201.45,2,6345.06,-57.84,-0.91,82.86,1.31,-60.06,-0.95,4698.08,4.70
534,空头进场,2025-11-16 04:00,short,3172.53,2,6345.06,-57.84,-0.91,82.86,1.31,-60.06,-0.95,4698.08,4.70
535,多头出场,2025-11-16 19:00,short,3167.19,2,6402.9,-68.52,-1.07,91.52,1.43,-84.54,-1.32,4629.56,4.63
535,多头进场,2025-11-16 10:00,long,3201.45,2,6402.9,-68.52,-1.07,91.52,1.43,-84.54,-1.32,4629.56,4.63
536,空头出场,2025-11-17 10:00,long,3147.55,2,6334.38,39.28,0.62,321.28,5.07,-25.82,-0.41,4668.84,4.67
536,空头进场,2025-11-16 19:00,short,3167.19,2,6334.38,39.28,0.62,321.28,5.07,-25.82,-0.41,4668.84,4.67
537,多头出场,2025-11-17 22:00,short,3150.25,2,6295.1,5.4,0.09,144.48,2.30,-106.02,-1.68,4674.24,4.67
537,多头进场,2025-11-17 10:00,long,3147.55,2,6295.1,5.4,0.09,144.48,2.30,-106.02,-1.68,4674.24,4.67
538,空头出场,2025-11-18 16:00,long,3057.8,2,6300.5,184.9,2.93,407.22,6.46,-27.54,-0.44,4859.14,4.86
538,空头进场,2025-11-17 22:00,short,3150.25,2,6300.5,184.9,2.93,407.22,6.46,-27.54,-0.44,4859.14,4.86
539,多头出场,2025-11-19 13:00,short,3016.74,2,6115.6,-82.12,-1.34,218.22,3.57,-131.56,-2.15,4777.02,4.78
539,多头进场,2025-11-18 16:00,long,3057.8,2,6115.6,-82.12,-1.34,218.22,3.57,-131.56,-2.15,4777.02,4.78
540,空头出场,2025-11-19 16:00,long,3079.32,2,6033.48,-125.16,-2.07,13.14,0.22,-164.94,-2.73,4651.86,4.65
540,空头进场,2025-11-19 13:00,short,3016.74,2,6033.48,-125.16,-2.07,13.14,0.22,-164.94,-2.73,4651.86,4.65
541,多头出场,2025-11-19 22:00,short,3059.49,2,6158.64,-39.66,-0.64,63.16,1.03,-110.34,-1.79,4612.2,4.61
541,多头进场,2025-11-19 16:00,long,3079.32,2,6158.64,-39.66,-0.64,63.16,1.03,-110.34,-1.79,4612.2,4.61
542,空头出场,2025-11-20 07:00,long,3024.7,2,6118.98,69.58,1.14,372.6,6.09,-91.18,-1.49,4681.78,4.68
542,空头进场,2025-11-19 22:00,short,3059.49,2,6118.98,69.58,1.14,372.6,6.09,-91.18,-1.49,4681.78,4.68
543,多头出场,2025-11-20 19:00,short,3021.58,2,6049.4,-6.24,-0.10,71.26,1.18,-65.46,-1.08,4675.54,4.68
543,多头进场,2025-11-20 07:00,long,3024.7,2,6049.4,-6.24,-0.10,71.26,1.18,-65.46,-1.08,4675.54,4.68
544,空头出场,2025-11-21 22:00,long,2768.45,2,6043.16,506.26,8.38,798.3,13.21,-45.06,-0.75,5181.8,5.18
544,空头进场,2025-11-20 19:00,short,3021.58,2,6043.16,506.26,8.38,798.3,13.21,-45.06,-0.75,5181.8,5.18
545,多头出场,2025-11-22 04:00,short,2734.13,2,5536.9,-68.64,-1.24,69.34,1.25,-189.9,-3.43,5113.16,5.11
545,多头进场,2025-11-21 22:00,long,2768.45,2,5536.9,-68.64,-1.24,69.34,1.25,-189.9,-3.43,5113.16,5.11
546,空头出场,2025-11-22 07:00,long,2763.03,2,5468.26,-57.8,-1.06,45.88,0.84,-78,-1.43,5055.36,5.06
546,空头进场,2025-11-22 04:00,short,2734.13,2,5468.26,-57.8,-1.06,45.88,0.84,-78,-1.43,5055.36,5.06
547,多头出场,2025-11-22 13:00,short,2743.02,2,5526.06,-40.02,-0.72,38.96,0.71,-74.66,-1.35,5015.34,5.02
547,多头进场,2025-11-22 07:00,long,2763.03,2,5526.06,-40.02,-0.72,38.96,0.71,-74.66,-1.35,5015.34,5.02
548,空头出场,2025-11-22 22:00,long,2744.64,2,5486.04,-3.24,-0.06,79.08,1.44,-51.7,-0.94,5012.1,5.01
548,空头进场,2025-11-22 13:00,short,2743.02,2,5486.04,-3.24,-0.06,79.08,1.44,-51.7,-0.94,5012.1,5.01
549,多头出场,2025-11-23 04:00,short,2739.96,2,5489.28,-9.36,-0.17,25.42,0.46,-38.98,-0.71,5002.74,5.00
549,多头进场,2025-11-22 22:00,long,2744.64,2,5489.28,-9.36,-0.17,25.42,0.46,-38.98,-0.71,5002.74,5.00
550,空头出场,2025-11-23 07:00,long,2768.93,2,5479.92,-57.94,-1.06,8.16,0.15,-115.2,-2.10,4944.8,4.94
550,空头进场,2025-11-23 04:00,short,2739.96,2,5479.92,-57.94,-1.06,8.16,0.15,-115.2,-2.10,4944.8,4.94
551,多头出场,2025-11-24 01:00,short,2791.65,2,5537.86,45.44,0.82,175.98,3.18,-3.36,-0.06,4990.24,4.99
551,多头进场,2025-11-23 07:00,long,2768.93,2,5537.86,45.44,0.82,175.98,3.18,-3.36,-0.06,4990.24,4.99
552,空头出场,2025-11-24 04:00,long,2827.32,2,5583.3,-71.34,-1.28,0,0.00,-89.4,-1.60,4918.9,4.92
552,空头进场,2025-11-24 01:00,short,2791.65,2,5583.3,-71.34,-1.28,0,0.00,-89.4,-1.60,4918.9,4.92
553,多头出场,2025-11-24 07:00,short,2801.12,2,5654.64,-52.4,-0.93,32.72,0.58,-66.22,-1.17,4866.5,4.87
553,多头进场,2025-11-24 04:00,long,2827.32,2,5654.64,-52.4,-0.93,32.72,0.58,-66.22,-1.17,4866.5,4.87
554,空头出场,2025-11-24 10:00,long,2839.8,2,5602.24,-77.36,-1.38,76.1,1.36,-127.66,-2.28,4789.14,4.79
554,空头进场,2025-11-24 07:00,short,2801.12,2,5602.24,-77.36,-1.38,76.1,1.36,-127.66,-2.28,4789.14,4.79
555,多头出场,2025-11-24 16:00,short,2838.45,2,5679.6,-2.7,-0.05,89.68,1.58,-73.98,-1.30,4786.44,4.79
555,多头进场,2025-11-24 10:00,long,2839.8,2,5679.6,-2.7,-0.05,89.68,1.58,-73.98,-1.30,4786.44,4.79
556,空头出场,2025-11-24 22:00,long,2829.11,2,5676.9,18.68,0.33,104.38,1.84,-18.56,-0.33,4805.12,4.81
556,空头进场,2025-11-24 16:00,short,2838.45,2,5676.9,18.68,0.33,104.38,1.84,-18.56,-0.33,4805.12,4.81
557,多头出场,2025-11-25 10:00,short,2929.9,2,5658.22,201.58,3.56,308.62,5.45,-32.08,-0.57,5006.7,5.01
557,多头进场,2025-11-24 22:00,long,2829.11,2,5658.22,201.58,3.56,308.62,5.45,-32.08,-0.57,5006.7,5.01
558,空头出场,2025-11-26 01:00,long,2935.75,2,5859.8,-11.7,-0.20,145.88,2.49,-42.36,-0.72,4995,5.00
558,空头进场,2025-11-25 10:00,short,2929.9,2,5859.8,-11.7,-0.20,145.88,2.49,-42.36,-0.72,4995,5.00
559,多头出场,2025-11-26 13:00,short,2943.33,2,5871.5,15.16,0.26,91.88,1.56,-127.36,-2.17,5010.16,5.01
559,多头进场,2025-11-26 01:00,long,2935.75,2,5871.5,15.16,0.26,91.88,1.56,-127.36,-2.17,5010.16,5.01
560,空头出场,2025-11-27 01:00,long,3025.99,2,5886.66,-165.32,-2.81,110.4,1.88,-176.54,-3.00,4844.84,4.84
560,空头进场,2025-11-26 13:00,short,2943.33,2,5886.66,-165.32,-2.81,110.4,1.88,-176.54,-3.00,4844.84,4.84
561,多头出场,2025-11-27 19:00,short,3028.61,2,6051.98,5.24,0.09,90.48,1.50,-36.52,-0.60,4850.08,4.85
561,多头进场,2025-11-27 01:00,long,3025.99,2,6051.98,5.24,0.09,90.48,1.50,-36.52,-0.60,4850.08,4.85
562,空头出场,2025-11-28 01:00,long,3020.16,2,6057.22,16.9,0.28,84.1,1.39,-3.56,-0.06,4866.98,4.87
562,空头进场,2025-11-27 19:00,short,3028.61,2,6057.22,16.9,0.28,84.1,1.39,-3.56,-0.06,4866.98,4.87
563,多头出场,2025-11-28 07:00,short,3015.39,2,6040.32,-9.54,-0.16,47.78,0.79,-29.8,-0.49,4857.44,4.86
563,多头进场,2025-11-28 01:00,long,3020.16,2,6040.32,-9.54,-0.16,47.78,0.79,-29.8,-0.49,4857.44,4.86
564,空头出场,2025-11-28 13:00,long,3024.31,2,6030.78,-17.84,-0.30,42.12,0.70,-26.44,-0.44,4839.6,4.84
564,空头进场,2025-11-28 07:00,short,3015.39,2,6030.78,-17.84,-0.30,42.12,0.70,-26.44,-0.44,4839.6,4.84
565,多头出场,2025-11-28 19:00,short,3034.07,2,6048.62,19.52,0.32,98.54,1.63,-47.32,-0.78,4859.12,4.86
565,多头进场,2025-11-28 13:00,long,3024.31,2,6048.62,19.52,0.32,98.54,1.63,-47.32,-0.78,4859.12,4.86
566,空头出场,2025-11-28 22:00,long,3067.23,2,6068.14,-66.32,-1.09,15.24,0.25,-127.78,-2.11,4792.8,4.79
566,空头进场,2025-11-28 19:00,short,3034.07,2,6068.14,-66.32,-1.09,15.24,0.25,-127.78,-2.11,4792.8,4.79
567,多头出场,2025-11-29 01:00,short,3031.9,2,6134.46,-70.66,-1.15,48.48,0.79,-109.94,-1.79,4722.14,4.72
567,多头进场,2025-11-28 22:00,long,3067.23,2,6134.46,-70.66,-1.15,48.48,0.79,-109.94,-1.79,4722.14,4.72
568,空头出场,2025-11-29 04:00,long,3056.31,2,6063.8,-48.82,-0.81,13.44,0.22,-56.2,-0.93,4673.32,4.67
568,空头进场,2025-11-29 01:00,short,3031.9,2,6063.8,-48.82,-0.81,13.44,0.22,-56.2,-0.93,4673.32,4.67
569,多头出场,2025-11-29 07:00,short,3031.24,2,6112.62,-50.14,-0.82,5.72,0.09,-68.24,-1.12,4623.18,4.62
569,多头进场,2025-11-29 04:00,long,3056.31,2,6112.62,-50.14,-0.82,5.72,0.09,-68.24,-1.12,4623.18,4.62
570,空头出场,2025-11-30 04:00,long,2998.3,2,6062.48,65.88,1.09,133.32,2.20,-44.22,-0.73,4689.06,4.69
570,空头进场,2025-11-29 07:00,short,3031.24,2,6062.48,65.88,1.09,133.32,2.20,-44.22,-0.73,4689.06,4.69
571,多头出场,2025-11-30 07:00,short,2989.99,2,5996.6,-16.62,-0.28,3.44,0.06,-28.52,-0.48,4672.44,4.67
571,多头进场,2025-11-30 04:00,long,2998.3,2,5996.6,-16.62,-0.28,3.44,0.06,-28.52,-0.48,4672.44,4.67
572,空头出场,2025-11-30 10:00,long,2992.1,2,5979.98,-4.22,-0.07,1.6,0.03,-46.26,-0.77,4668.22,4.67
572,空头进场,2025-11-30 07:00,short,2989.99,2,5979.98,-4.22,-0.07,1.6,0.03,-46.26,-0.77,4668.22,4.67
573,多头出场,2025-12-01 07:00,short,2992.52,2,5984.2,0.84,0.01,122.46,2.05,-28.36,-0.47,4669.06,4.67
573,多头进场,2025-11-30 10:00,long,2992.1,2,5984.2,0.84,0.01,122.46,2.05,-28.36,-0.47,4669.06,4.67
574,空头出场,2025-12-02 07:00,long,2799.71,2,5985.04,385.62,6.44,544,9.09,-13.32,-0.22,5054.68,5.05
574,空头进场,2025-12-01 07:00,short,2992.52,2,5985.04,385.62,6.44,544,9.09,-13.32,-0.22,5054.68,5.05
575,多头出场,2025-12-04 13:00,short,3186.01,2,5599.42,772.6,13.80,882.1,15.75,-33.14,-0.59,5827.28,5.83
575,多头进场,2025-12-02 07:00,long,2799.71,2,5599.42,772.6,13.80,882.1,15.75,-33.14,-0.59,5827.28,5.83
576,空头出场,2025-12-05 10:00,long,3183.74,2,6372.02,4.54,0.07,233.68,3.67,-79.46,-1.25,5831.82,5.83
576,空头进场,2025-12-04 13:00,short,3186.01,2,6372.02,4.54,0.07,233.68,3.67,-79.46,-1.25,5831.82,5.83
577,多头出场,2025-12-05 13:00,short,3156.47,2,6367.48,-54.54,-0.86,18.36,0.29,-62.4,-0.98,5777.28,5.78
577,多头进场,2025-12-05 10:00,long,3183.74,2,6367.48,-54.54,-0.86,18.36,0.29,-62.4,-0.98,5777.28,5.78
578,空头出场,2025-12-06 13:00,long,3038.7,2,6312.94,235.54,3.73,340.14,5.39,-53.24,-0.84,6012.82,6.01
578,空头进场,2025-12-05 13:00,short,3156.47,2,6312.94,235.54,3.73,340.14,5.39,-53.24,-0.84,6012.82,6.01
579,多头出场,2025-12-06 16:00,short,3015.54,2,6077.4,-46.32,-0.76,7.86,0.13,-48.04,-0.79,5966.5,5.97
579,多头进场,2025-12-06 13:00,long,3038.7,2,6077.4,-46.32,-0.76,7.86,0.13,-48.04,-0.79,5966.5,5.97
580,空头出场,2025-12-06 19:00,long,3040.15,2,6031.08,-49.22,-0.82,0.98,0.02,-54.94,-0.91,5917.28,5.92
580,空头进场,2025-12-06 16:00,short,3015.54,2,6031.08,-49.22,-0.82,0.98,0.02,-54.94,-0.91,5917.28,5.92
581,多头出场,2025-12-07 04:00,short,3041.28,2,6080.3,2.26,0.04,58.14,0.96,-26.3,-0.43,5919.54,5.92
581,多头进场,2025-12-06 19:00,long,3040.15,2,6080.3,2.26,0.04,58.14,0.96,-26.3,-0.43,5919.54,5.92
582,空头出场,2025-12-07 10:00,long,3055.22,2,6082.56,-27.88,-0.46,24.66,0.41,-31.16,-0.51,5891.66,5.89
582,空头进场,2025-12-07 04:00,short,3041.28,2,6082.56,-27.88,-0.46,24.66,0.41,-31.16,-0.51,5891.66,5.89
583,多头出场,2025-12-07 13:00,short,3045.96,2,6110.44,-18.52,-0.30,7.52,0.12,-21.26,-0.35,5873.14,5.87
583,多头进场,2025-12-07 10:00,long,3055.22,2,6110.44,-18.52,-0.30,7.52,0.12,-21.26,-0.35,5873.14,5.87
584,空头出场,2025-12-08 01:00,long,3114.14,2,6091.92,-136.36,-2.24,241.26,3.96,-176.9,-2.90,5736.78,5.74
584,空头进场,2025-12-07 13:00,short,3045.96,2,6091.92,-136.36,-2.24,241.26,3.96,-176.9,-2.90,5736.78,5.74
585,多头出场,2025-12-08 07:00,short,3060.7,2,6228.28,-106.88,-1.72,72.46,1.16,-192.64,-3.09,5629.9,5.63
585,多头进场,2025-12-08 01:00,long,3114.14,2,6228.28,-106.88,-1.72,72.46,1.16,-192.64,-3.09,5629.9,5.63
586,空头出场,2025-12-08 10:00,long,3110.78,2,6121.4,-100.16,-1.64,37.16,0.61,-148.88,-2.43,5529.74,5.53
586,空头进场,2025-12-08 07:00,short,3060.7,2,6121.4,-100.16,-1.64,37.16,0.61,-148.88,-2.43,5529.74,5.53
587,多头出场,2025-12-08 22:00,short,3129.91,2,6221.56,38.26,0.61,140.66,2.26,-16.06,-0.26,5568,5.57
587,多头进场,2025-12-08 10:00,long,3110.78,2,6221.56,38.26,0.61,140.66,2.26,-16.06,-0.26,5568,5.57
588,空头出场,2025-12-09 04:00,long,3137.05,2,6259.82,-14.28,-0.23,95.02,1.52,-30.92,-0.49,5553.72,5.55
588,空头进场,2025-12-08 22:00,short,3129.91,2,6259.82,-14.28,-0.23,95.02,1.52,-30.92,-0.49,5553.72,5.55
589,多头出场,2025-12-09 07:00,short,3125.21,2,6274.1,-23.68,-0.38,32.74,0.52,-44.54,-0.71,5530.04,5.53
589,多头进场,2025-12-09 04:00,long,3137.05,2,6274.1,-23.68,-0.38,32.74,0.52,-44.54,-0.71,5530.04,5.53
590,空头出场,2025-12-09 16:00,long,3121.16,2,6250.42,8.1,0.13,67.04,1.07,-36.12,-0.58,5538.14,5.54
590,空头进场,2025-12-09 07:00,short,3125.21,2,6250.42,8.1,0.13,67.04,1.07,-36.12,-0.58,5538.14,5.54
591,多头出场,2025-12-10 19:00,short,3318.72,2,6242.32,395.12,6.33,551.58,8.84,-52.98,-0.85,5933.26,5.93
591,多头进场,2025-12-09 16:00,long,3121.16,2,6242.32,395.12,6.33,551.58,8.84,-52.98,-0.85,5933.26,5.93
592,空头出场,2025-12-11 01:00,long,3370.92,2,6637.44,-104.4,-1.57,26.68,0.40,-134.18,-2.02,5828.86,5.83
592,空头进场,2025-12-10 19:00,short,3318.72,2,6637.44,-104.4,-1.57,26.68,0.40,-134.18,-2.02,5828.86,5.83
593,多头出场,2025-12-11 07:00,short,3324.49,2,6741.84,-92.86,-1.38,152.18,2.26,-101.12,-1.50,5736,5.74
593,多头进场,2025-12-11 01:00,long,3370.92,2,6741.84,-92.86,-1.38,152.18,2.26,-101.12,-1.50,5736,5.74
594,空头出场,2025-12-12 04:00,long,3222.23,2,6648.98,204.52,3.08,354.26,5.33,-6.36,-0.10,5940.52,5.94
594,空头进场,2025-12-11 07:00,short,3324.49,2,6648.98,204.52,3.08,354.26,5.33,-6.36,-0.10,5940.52,5.94
595,多头出场,2025-12-12 22:00,short,3232.75,2,6444.46,21.04,0.33,102.06,1.58,-68.48,-1.06,5961.56,5.96
595,多头进场,2025-12-12 04:00,long,3222.23,2,6444.46,21.04,0.33,102.06,1.58,-68.48,-1.06,5961.56,5.96
596,空头出场,2025-12-13 16:00,long,3116.97,2,6465.5,231.56,3.58,369,5.71,0,0.00,6193.12,6.19
596,空头进场,2025-12-12 22:00,short,3232.75,2,6465.5,231.56,3.58,369,5.71,0,0.00,6193.12,6.19
597,多头出场,2025-12-14 01:00,short,3101.66,2,6233.94,-30.62,-0.49,37.38,0.60,-40.88,-0.66,6162.5,6.16
597,多头进场,2025-12-13 16:00,long,3116.97,2,6233.94,-30.62,-0.49,37.38,0.60,-40.88,-0.66,6162.5,6.16
598,空头出场,2025-12-14 04:00,long,3104.87,2,6203.32,-6.42,-0.10,3.68,0.06,-20.58,-0.33,6156.08,6.16
598,空头进场,2025-12-14 01:00,short,3101.66,2,6203.32,-6.42,-0.10,3.68,0.06,-20.58,-0.33,6156.08,6.16
599,多头出场,2025-12-14 13:00,short,3112.84,2,6209.74,15.94,0.26,51.14,0.82,-43.86,-0.71,6172.02,6.17
599,多头进场,2025-12-14 04:00,long,3104.87,2,6209.74,15.94,0.26,51.14,0.82,-43.86,-0.71,6172.02,6.17
600,空头出场,2025-12-15 10:00,long,3121.05,2,6225.68,-16.42,-0.26,164.94,2.65,-75.44,-1.21,6155.6,6.16
600,空头进场,2025-12-14 13:00,short,3112.84,2,6225.68,-16.42,-0.26,164.94,2.65,-75.44,-1.21,6155.6,6.16
601,多头出场,2025-12-15 22:00,short,3049.73,2,6242.1,-142.64,-2.29,111.56,1.79,-171.66,-2.75,6012.96,6.01
601,多头进场,2025-12-15 10:00,long,3121.05,2,6242.1,-142.64,-2.29,111.56,1.79,-171.66,-2.75,6012.96,6.01
602,空头出场,2025-12-16 19:00,long,2957.71,2,6099.46,184.04,3.02,335.06,5.49,-18.88,-0.31,6197,6.20
602,空头进场,2025-12-15 22:00,short,3049.73,2,6099.46,184.04,3.02,335.06,5.49,-18.88,-0.31,6197,6.20
603,多头出场,2025-12-17 01:00,short,2919.49,2,5915.42,-76.44,-1.29,43.12,0.73,-137.36,-2.32,6120.56,6.12
603,多头进场,2025-12-16 19:00,long,2957.71,2,5915.42,-76.44,-1.29,43.12,0.73,-137.36,-2.32,6120.56,6.12
604,空头出场,2025-12-17 04:00,long,2948.41,2,5838.98,-57.84,-0.99,13.7,0.23,-96.26,-1.65,6062.72,6.06
604,空头进场,2025-12-17 01:00,short,2919.49,2,5838.98,-57.84,-0.99,13.7,0.23,-96.26,-1.65,6062.72,6.06
605,多头出场,2025-12-17 13:00,short,2930.5,2,5896.82,-35.82,-0.61,50.8,0.86,-66.82,-1.13,6026.9,6.03
605,多头进场,2025-12-17 04:00,long,2948.41,2,5896.82,-35.82,-0.61,50.8,0.86,-66.82,-1.13,6026.9,6.03
606,空头出场,2025-12-17 22:00,long,2995.16,2,5861,-129.32,-2.21,84.86,1.45,-129.98,-2.22,5897.58,5.90
606,空头进场,2025-12-17 13:00,short,2930.5,2,5861,-129.32,-2.21,84.86,1.45,-129.98,-2.22,5897.58,5.90
607,多头出场,2025-12-18 01:00,short,2847.57,2,5990.32,-295.18,-4.93,68.6,1.15,-320.72,-5.35,5602.4,5.60
607,多头进场,2025-12-17 22:00,long,2995.16,2,5990.32,-295.18,-4.93,68.6,1.15,-320.72,-5.35,5602.4,5.60
608,空头出场,2025-12-18 16:00,long,2840.97,2,5695.14,13.2,0.23,112.2,1.97,-28.54,-0.50,5615.6,5.62
608,空头进场,2025-12-18 01:00,short,2847.57,2,5695.14,13.2,0.23,112.2,1.97,-28.54,-0.50,5615.6,5.62
609,多头出场,2025-12-19 01:00,short,2844.67,2,5681.94,7.4,0.13,309.12,5.44,-86.06,-1.51,5623,5.62
609,多头进场,2025-12-18 16:00,long,2840.97,2,5681.94,7.4,0.13,309.12,5.44,-86.06,-1.51,5623,5.62
610,空头出场,2025-12-19 10:00,long,2834.58,2,5689.34,20.18,0.35,135.84,2.39,-42.9,-0.75,5643.18,5.64
610,空头进场,2025-12-19 01:00,short,2844.67,2,5689.34,20.18,0.35,135.84,2.39,-42.9,-0.75,5643.18,5.64
611,多头出场,2025-12-20 01:00,short,2938.87,2,5669.16,208.58,3.68,364.58,6.43,-1.58,-0.03,5851.76,5.85
611,多头进场,2025-12-19 10:00,long,2834.58,2,5669.16,208.58,3.68,364.58,6.43,-1.58,-0.03,5851.76,5.85
612,空头出场,2025-12-20 04:00,long,2993.55,2,5877.74,-109.36,-1.86,3.54,0.06,-124.12,-2.11,5742.4,5.74
612,空头进场,2025-12-20 01:00,short,2938.87,2,5877.74,-109.36,-1.86,3.54,0.06,-124.12,-2.11,5742.4,5.74
613,多头出场,2025-12-20 13:00,short,2979.54,2,5987.1,-28.02,-0.47,1.36,0.02,-47.32,-0.79,5714.38,5.71
613,多头进场,2025-12-20 04:00,long,2993.55,2,5987.1,-28.02,-0.47,1.36,0.02,-47.32,-0.79,5714.38,5.71
614,空头出场,2025-12-21 04:00,long,2983.18,2,5959.08,-7.28,-0.12,25.2,0.42,-25.48,-0.43,5707.1,5.71
614,空头进场,2025-12-20 13:00,short,2979.54,2,5959.08,-7.28,-0.12,25.2,0.42,-25.48,-0.43,5707.1,5.71
615,多头出场,2025-12-21 07:00,short,2976.55,2,5966.36,-13.26,-0.22,2.7,0.05,-22.66,-0.38,5693.84,5.69
615,多头进场,2025-12-21 04:00,long,2983.18,2,5966.36,-13.26,-0.22,2.7,0.05,-22.66,-0.38,5693.84,5.69
616,空头出场,2025-12-21 16:00,long,2991.27,2,5953.1,-29.44,-0.49,29.8,0.50,-42.82,-0.72,5664.4,5.66
616,空头进场,2025-12-21 07:00,short,2976.55,2,5953.1,-29.44,-0.49,29.8,0.50,-42.82,-0.72,5664.4,5.66
617,多头出场,2025-12-21 22:00,short,2969.94,2,5982.54,-42.66,-0.71,40.26,0.67,-94.48,-1.58,5621.74,5.62
617,多头进场,2025-12-21 16:00,long,2991.27,2,5982.54,-42.66,-0.71,40.26,0.67,-94.48,-1.58,5621.74,5.62
618,空头出场,2025-12-22 01:00,long,2983.09,2,5939.88,-26.3,-0.44,16.36,0.28,-34.24,-0.58,5595.44,5.60
618,空头进场,2025-12-21 22:00,short,2969.94,2,5939.88,-26.3,-0.44,16.36,0.28,-34.24,-0.58,5595.44,5.60
619,多头出场,2025-12-23 01:00,short,3032.23,2,5966.18,98.28,1.65,184.5,3.09,-31.88,-0.53,5693.72,5.69
619,多头进场,2025-12-22 01:00,long,2983.09,2,5966.18,98.28,1.65,184.5,3.09,-31.88,-0.53,5693.72,5.69
620,空头出场,2025-12-24 04:00,long,2968.44,2,6064.46,127.58,2.10,262.96,4.34,-15.94,-0.26,5821.3,5.82
620,空头进场,2025-12-23 01:00,short,3032.23,2,6064.46,127.58,2.10,262.96,4.34,-15.94,-0.26,5821.3,5.82
621,多头出场,2025-12-24 10:00,short,2933.7,2,5936.88,-69.48,-1.17,20.12,0.34,-91.12,-1.53,5751.82,5.75
621,多头进场,2025-12-24 04:00,long,2968.44,2,5936.88,-69.48,-1.17,20.12,0.34,-91.12,-1.53,5751.82,5.75
622,空头出场,2025-12-25 01:00,long,2935.45,2,5867.4,-3.5,-0.06,91.12,1.55,-45.84,-0.78,5748.32,5.75
622,空头进场,2025-12-24 10:00,short,2933.7,2,5867.4,-3.5,-0.06,91.12,1.55,-45.84,-0.78,5748.32,5.75
623,多头出场,2025-12-25 13:00,short,2940.32,2,5870.9,9.74,0.17,51.16,0.87,-12.84,-0.22,5758.06,5.76
623,多头进场,2025-12-25 01:00,long,2935.45,2,5870.9,9.74,0.17,51.16,0.87,-12.84,-0.22,5758.06,5.76
624,空头出场,2025-12-26 01:00,long,2950.78,2,5880.64,-20.92,-0.36,57.44,0.98,-56.82,-0.97,5737.14,5.74
624,空头进场,2025-12-25 13:00,short,2940.32,2,5880.64,-20.92,-0.36,57.44,0.98,-56.82,-0.97,5737.14,5.74
625,多头出场,2025-12-26 07:00,short,2902.31,2,5901.56,-96.94,-1.64,24.88,0.42,-121.72,-2.06,5640.2,5.64
625,多头进场,2025-12-26 01:00,long,2950.78,2,5901.56,-96.94,-1.64,24.88,0.42,-121.72,-2.06,5640.2,5.64
626,空头出场,2025-12-26 10:00,long,2971.53,2,5804.62,-138.44,-2.38,17.52,0.30,-179.04,-3.08,5501.76,5.50
626,空头进场,2025-12-26 07:00,short,2902.31,2,5804.62,-138.44,-2.38,17.52,0.30,-179.04,-3.08,5501.76,5.50
627,多头出场,2025-12-26 22:00,short,2916.21,2,5943.06,-110.64,-1.86,38.38,0.65,-125.44,-2.11,5391.12,5.39
627,多头进场,2025-12-26 10:00,long,2971.53,2,5943.06,-110.64,-1.86,38.38,0.65,-125.44,-2.11,5391.12,5.39
628,空头出场,2025-12-27 13:00,long,2929.03,2,5832.42,-25.64,-0.44,45.1,0.77,-40.7,-0.70,5365.48,5.37
628,空头进场,2025-12-26 22:00,short,2916.21,2,5832.42,-25.64,-0.44,45.1,0.77,-40.7,-0.70,5365.48,5.37
629,多头出场,2025-12-27 22:00,short,2927.54,2,5858.06,-2.98,-0.05,17.78,0.30,-24.78,-0.42,5362.5,5.36
629,多头进场,2025-12-27 13:00,long,2929.03,2,5858.06,-2.98,-0.05,17.78,0.30,-24.78,-0.42,5362.5,5.36
630,空头出场,2025-12-28 04:00,long,2927.1,2,5855.08,0.88,0.02,23.74,0.41,-8.86,-0.15,5363.38,5.36
630,空头进场,2025-12-27 22:00,short,2927.54,2,5855.08,0.88,0.02,23.74,0.41,-8.86,-0.15,5363.38,5.36
631,多头出场,2025-12-28 13:00,short,2933.06,2,5854.2,11.92,0.20,61.32,1.05,-1.2,-0.02,5375.3,5.38
631,多头进场,2025-12-28 04:00,long,2927.1,2,5854.2,11.92,0.20,61.32,1.05,-1.2,-0.02,5375.3,5.38
632,空头出场,2025-12-28 16:00,long,2937.72,2,5866.12,-9.32,-0.16,0.42,0.01,-23.18,-0.40,5365.98,5.37
632,空头进场,2025-12-28 13:00,short,2933.06,2,5866.12,-9.32,-0.16,0.42,0.01,-23.18,-0.40,5365.98,5.37
633,多头出场,2025-12-29 04:00,short,2930.38,2,5875.44,-14.68,-0.25,41.12,0.70,-25.8,-0.44,5351.3,5.35
633,多头进场,2025-12-28 16:00,long,2937.72,2,5875.44,-14.68,-0.25,41.12,0.70,-25.8,-0.44,5351.3,5.35
634,空头出场,2025-12-29 07:00,long,2948.75,2,5860.76,-36.74,-0.63,6.52,0.11,-45.8,-0.78,5314.56,5.31
634,空头进场,2025-12-29 04:00,short,2930.38,2,5860.76,-36.74,-0.63,6.52,0.11,-45.8,-0.78,5314.56,5.31
635,多头出场,2025-12-29 19:00,short,2957.97,2,5897.5,18.44,0.31,209.72,3.56,-11.28,-0.19,5333,5.33
635,多头进场,2025-12-29 07:00,long,2948.75,2,5897.5,18.44,0.31,209.72,3.56,-11.28,-0.19,5333,5.33
636,空头出场,2025-12-30 13:00,long,2938.44,2,5915.94,39.06,0.66,97.72,1.65,-10.06,-0.17,5372.06,5.37
636,空头进场,2025-12-29 19:00,short,2957.97,2,5915.94,39.06,0.66,97.72,1.65,-10.06,-0.17,5372.06,5.37
637,多头出场,2025-12-31 01:00,short,2973.43,2,5876.88,69.98,1.19,133.24,2.27,-2.32,-0.04,5442.04,5.44
637,多头进场,2025-12-30 13:00,long,2938.44,2,5876.88,69.98,1.19,133.24,2.27,-2.32,-0.04,5442.04,5.44
638,空头出场,2025-12-31 07:00,long,2970.38,2,5946.86,6.1,0.10,60.4,1.02,-4.28,-0.07,5448.14,5.45
638,空头进场,2025-12-31 01:00,short,2973.43,2,5946.86,6.1,0.10,60.4,1.02,-4.28,-0.07,5448.14,5.45
639,多头出场,2025-12-31 13:00,short,2972.17,2,5940.76,3.58,0.06,22.52,0.38,-22.04,-0.37,5451.72,5.45
639,多头进场,2025-12-31 07:00,long,2970.38,2,5940.76,3.58,0.06,22.52,0.38,-22.04,-0.37,5451.72,5.45
640,空头出场,2025-12-31 19:00,long,2999.09,2,5944.34,-53.84,-0.91,21.78,0.37,-55.6,-0.94,5397.88,5.40
640,空头进场,2025-12-31 13:00,short,2972.17,2,5944.34,-53.84,-0.91,21.78,0.37,-55.6,-0.94,5397.88,5.40
641,多头出场,2026-01-01 01:00,short,2972.71,2,5998.18,-52.76,-0.88,48.56,0.81,-83.46,-1.39,5345.12,5.35
641,多头进场,2025-12-31 19:00,long,2999.09,2,5998.18,-52.76,-0.88,48.56,0.81,-83.46,-1.39,5345.12,5.35
642,空头出场,2026-01-01 10:00,long,2978.44,2,5945.42,-11.46,-0.19,24.36,0.41,-24.06,-0.40,5333.66,5.33
642,空头进场,2026-01-01 01:00,short,2972.71,2,5945.42,-11.46,-0.19,24.36,0.41,-24.06,-0.40,5333.66,5.33
643,多头出场,2026-01-03 13:00,short,3110.98,2,5956.88,265.08,4.45,334.36,5.61,-18.48,-0.31,5598.74,5.60
643,多头进场,2026-01-01 10:00,long,2978.44,2,5956.88,265.08,4.45,334.36,5.61,-18.48,-0.31,5598.74,5.60
644,空头出场,2026-01-04 04:00,long,3114.31,2,6221.96,-6.66,-0.11,70.64,1.14,-11.96,-0.19,5592.08,5.59
644,空头进场,2026-01-03 13:00,short,3110.98,2,6221.96,-6.66,-0.11,70.64,1.14,-11.96,-0.19,5592.08,5.59
645,多头出场,2026-01-04 16:00,short,3137.45,2,6228.62,46.28,0.74,99.86,1.60,-4.78,-0.08,5638.36,5.64
645,多头进场,2026-01-04 04:00,long,3114.31,2,6228.62,46.28,0.74,99.86,1.60,-4.78,-0.08,5638.36,5.64
646,空头出场,2026-01-05 04:00,long,3140.18,2,6274.9,-5.46,-0.09,37.6,0.60,-19.2,-0.31,5632.9,5.63
646,空头进场,2026-01-04 16:00,short,3137.45,2,6274.9,-5.46,-0.09,37.6,0.60,-19.2,-0.31,5632.9,5.63
647,多头出场,2026-01-05 13:00,short,3148.51,2,6280.36,16.66,0.27,153.52,2.44,-13.34,-0.21,5649.56,5.65
647,多头进场,2026-01-05 04:00,long,3140.18,2,6280.36,16.66,0.27,153.52,2.44,-13.34,-0.21,5649.56,5.65
648,空头出场,2026-01-05 16:00,long,3162.31,2,6297.02,-27.6,-0.44,23.82,0.38,-43.7,-0.69,5621.96,5.62
648,空头进场,2026-01-05 13:00,short,3148.51,2,6297.02,-27.6,-0.44,23.82,0.38,-43.7,-0.69,5621.96,5.62
649,多头出场,2026-01-05 22:00,short,3164.87,2,6324.62,5.12,0.08,39.96,0.63,-55.08,-0.87,5627.08,5.63
649,多头进场,2026-01-05 16:00,long,3162.31,2,6324.62,5.12,0.08,39.96,0.63,-55.08,-0.87,5627.08,5.63
650,空头出场,2026-01-06 01:00,long,3211.8,2,6329.74,-93.86,-1.48,24.92,0.39,-122.74,-1.94,5533.22,5.53
650,空头进场,2026-01-05 22:00,short,3164.87,2,6329.74,-93.86,-1.48,24.92,0.39,-122.74,-1.94,5533.22,5.53
651,多头出场,2026-01-06 10:00,short,3217,2,6423.6,10.4,0.16,101.16,1.57,-47.48,-0.74,5543.62,5.54
651,多头进场,2026-01-06 01:00,long,3211.8,2,6423.6,10.4,0.16,101.16,1.57,-47.48,-0.74,5543.62,5.54
652,空头出场,2026-01-06 19:00,long,3237.77,2,6434,-41.54,-0.65,11.12,0.17,-69.82,-1.09,5502.08,5.50
652,空头进场,2026-01-06 10:00,short,3217,2,6434,-41.54,-0.65,11.12,0.17,-69.82,-1.09,5502.08,5.50
653,多头出场,2026-01-07 01:00,short,3196.32,2,6475.54,-82.9,-1.28,138.02,2.13,-93.06,-1.44,5419.18,5.42
653,多头进场,2026-01-06 19:00,long,3237.77,2,6475.54,-82.9,-1.28,138.02,2.13,-93.06,-1.44,5419.18,5.42
654,空头出场,2026-01-07 04:00,long,3242.4,2,6392.64,-92.16,-1.44,25.2,0.39,-108.1,-1.69,5327.02,5.33
654,空头进场,2026-01-07 01:00,short,3196.32,2,6392.64,-92.16,-1.44,25.2,0.39,-108.1,-1.69,5327.02,5.33
655,多头出场,2026-01-07 13:00,short,3247.5,2,6484.8,10.2,0.16,115.76,1.79,-8.06,-0.12,5337.22,5.34
655,多头进场,2026-01-07 04:00,long,3242.4,2,6484.8,10.2,0.16,115.76,1.79,-8.06,-0.12,5337.22,5.34
656,空头出场,2026-01-08 07:00,long,3167.6,2,6495,159.8,2.46,242.04,3.73,-29.48,-0.45,5497.02,5.50
656,空头进场,2026-01-07 13:00,short,3247.5,2,6495,159.8,2.46,242.04,3.73,-29.48,-0.45,5497.02,5.50
657,多头出场,2026-01-08 10:00,short,3156.86,2,6335.2,-21.48,-0.34,27.7,0.44,-43.06,-0.68,5475.54,5.48
657,多头进场,2026-01-08 07:00,long,3167.6,2,6335.2,-21.48,-0.34,27.7,0.44,-43.06,-0.68,5475.54,5.48
658,空头出场,2026-01-09 01:00,long,3132.24,2,6313.72,49.24,0.78,208.4,3.30,-14.42,-0.23,5524.78,5.52
658,空头进场,2026-01-08 10:00,short,3156.86,2,6313.72,49.24,0.78,208.4,3.30,-14.42,-0.23,5524.78,5.52
659,多头出场,2026-01-09 04:00,short,3105.63,2,6264.48,-53.22,-0.85,1.32,0.02,-90.5,-1.44,5471.56,5.47
659,多头进场,2026-01-09 01:00,long,3132.24,2,6264.48,-53.22,-0.85,1.32,0.02,-90.5,-1.44,5471.56,5.47
660,空头出场,2026-01-09 10:00,long,3106.63,2,6211.26,-2,-0.03,49.08,0.79,-75,-1.21,5469.56,5.47
660,空头进场,2026-01-09 04:00,short,3105.63,2,6211.26,-2,-0.03,49.08,0.79,-75,-1.21,5469.56,5.47
661,多头出场,2026-01-09 16:00,short,3079.95,2,6213.26,-53.36,-0.86,32.22,0.52,-83.64,-1.35,5416.2,5.42
661,多头进场,2026-01-09 10:00,long,3106.63,2,6213.26,-53.36,-0.86,32.22,0.52,-83.64,-1.35,5416.2,5.42
662,空头出场,2026-01-10 01:00,long,3111.58,2,6159.9,-63.26,-1.03,44.86,0.73,-122.86,-1.99,5352.94,5.35
662,空头进场,2026-01-09 16:00,short,3079.95,2,6159.9,-63.26,-1.03,44.86,0.73,-122.86,-1.99,5352.94,5.35
663,多头出场,2026-01-10 04:00,short,3070.94,2,6223.16,-81.28,-1.31,8.36,0.13,-89.92,-1.44,5271.66,5.27
663,多头进场,2026-01-10 01:00,long,3111.58,2,6223.16,-81.28,-1.31,8.36,0.13,-89.92,-1.44,5271.66,5.27
664,空头出场,2026-01-10 07:00,long,3085.57,2,6141.88,-29.26,-0.48,13.9,0.23,-39.12,-0.64,5242.4,5.24
664,空头进场,2026-01-10 04:00,short,3070.94,2,6141.88,-29.26,-0.48,13.9,0.23,-39.12,-0.64,5242.4,5.24
665,多头出场,2026-01-10 13:00,short,3082.65,2,6171.14,-5.84,-0.09,9.38,0.15,-21.28,-0.34,5236.56,5.24
665,多头进场,2026-01-10 07:00,long,3085.57,2,6171.14,-5.84,-0.09,9.38,0.15,-21.28,-0.34,5236.56,5.24
666,空头出场,2026-01-10 16:00,long,3086.37,2,6165.3,-7.44,-0.12,6.22,0.10,-13.6,-0.22,5229.12,5.23
666,空头进场,2026-01-10 13:00,short,3082.65,2,6165.3,-7.44,-0.12,6.22,0.10,-13.6,-0.22,5229.12,5.23
667,多头出场,2026-01-11 04:00,short,3085.76,2,6172.74,-1.22,-0.02,26.56,0.43,-2.64,-0.04,5227.9,5.23
667,多头进场,2026-01-10 16:00,long,3086.37,2,6172.74,-1.22,-0.02,26.56,0.43,-2.64,-0.04,5227.9,5.23
668,空头出场,2026-01-11 10:00,long,3088.53,2,6171.52,-5.54,-0.09,21.72,0.35,-15,-0.24,5222.36,5.22
668,空头进场,2026-01-11 04:00,short,3085.76,2,6171.52,-5.54,-0.09,21.72,0.35,-15,-0.24,5222.36,5.22
669,多头出场,2026-01-12 04:00,short,3111.11,2,6177.06,45.16,0.73,108.86,1.76,-5.1,-0.08,5267.52,5.27
669,多头进场,2026-01-11 10:00,long,3088.53,2,6177.06,45.16,0.73,108.86,1.76,-5.1,-0.08,5267.52,5.27
670,空头出场,2026-01-12 07:00,long,3119.7,2,6222.22,-17.18,-0.28,44.64,0.72,-20.58,-0.33,5250.34,5.25
670,空头进场,2026-01-12 04:00,short,3111.11,2,6222.22,-17.18,-0.28,44.64,0.72,-20.58,-0.33,5250.34,5.25
671,多头出场,2026-01-12 16:00,short,3111.45,2,6239.4,-16.5,-0.26,94.88,1.52,-51.42,-0.82,5233.84,5.23
671,多头进场,2026-01-12 07:00,long,3119.7,2,6239.4,-16.5,-0.26,94.88,1.52,-51.42,-0.82,5233.84,5.23
672,空头出场,2026-01-13 13:00,long,3128.31,2,6222.9,-33.72,-0.54,96.36,1.55,-62.96,-1.01,5200.12,5.20
672,空头进场,2026-01-12 16:00,short,3111.45,2,6222.9,-33.72,-0.54,96.36,1.55,-62.96,-1.01,5200.12,5.20
673,多头出场,2026-01-14 19:00,short,3284.43,2,6256.62,312.24,4.99,465.22,7.44,-19.34,-0.31,5512.36,5.51
673,多头进场,2026-01-13 13:00,long,3128.31,2,6256.62,312.24,4.99,465.22,7.44,-19.34,-0.31,5512.36,5.51
674,空头出场,2026-01-14 22:00,long,3347.62,2,6568.86,-126.38,-1.92,9.64,0.15,-142.46,-2.17,5385.98,5.39
674,空头进场,2026-01-14 19:00,short,3284.43,2,6568.86,-126.38,-1.92,9.64,0.15,-142.46,-2.17,5385.98,5.39
675,多头出场,2026-01-15 07:00,short,3353.02,2,6695.24,10.8,0.16,103.02,1.54,-66.28,-0.99,5396.78,5.40
675,多头进场,2026-01-14 22:00,long,3347.62,2,6695.24,10.8,0.16,103.02,1.54,-66.28,-0.99,5396.78,5.40
676,空头出场,2026-01-15 16:00,long,3336.96,2,6706.04,32.12,0.48,148.84,2.22,-5.8,-0.09,5428.9,5.43
676,空头进场,2026-01-15 07:00,short,3353.02,2,6706.04,32.12,0.48,148.84,2.22,-5.8,-0.09,5428.9,5.43
677,多头出场,2026-01-16 01:00,short,3301.53,2,6673.92,-70.86,-1.06,94.74,1.42,-100.96,-1.51,5358.04,5.36
677,多头进场,2026-01-15 16:00,long,3336.96,2,6673.92,-70.86,-1.06,94.74,1.42,-100.96,-1.51,5358.04,5.36
678,空头出场,2026-01-16 07:00,long,3319.07,2,6603.06,-35.08,-0.53,51.82,0.78,-42.46,-0.64,5322.96,5.32
678,空头进场,2026-01-16 01:00,short,3301.53,2,6603.06,-35.08,-0.53,51.82,0.78,-42.46,-0.64,5322.96,5.32
679,多头出场,2026-01-16 10:00,short,3302.58,2,6638.14,-32.98,-0.50,13.42,0.20,-55.56,-0.84,5289.98,5.29
679,多头进场,2026-01-16 07:00,long,3319.07,2,6638.14,-32.98,-0.50,13.42,0.20,-55.56,-0.84,5289.98,5.29
680,空头出场,2026-01-16 13:00,long,3308.37,2,6605.16,-11.58,-0.18,51.52,0.78,-24.46,-0.37,5278.4,5.28
680,空头进场,2026-01-16 10:00,short,3302.58,2,6605.16,-11.58,-0.18,51.52,0.78,-24.46,-0.37,5278.4,5.28
681,多头出场,2026-01-16 19:00,short,3300.97,2,6616.74,-14.8,-0.22,20.96,0.32,-31.7,-0.48,5263.6,5.26
681,多头进场,2026-01-16 13:00,long,3308.37,2,6616.74,-14.8,-0.22,20.96,0.32,-31.7,-0.48,5263.6,5.26
682,空头出场,2026-01-17 07:00,long,3295.39,2,6601.94,11.16,0.17,97.26,1.47,-31.86,-0.48,5274.76,5.27
682,空头进场,2026-01-16 19:00,short,3300.97,2,6601.94,11.16,0.17,97.26,1.47,-31.86,-0.48,5274.76,5.27
683,多头出场,2026-01-17 10:00,short,3291.15,2,6590.78,-8.48,-0.13,1.88,0.03,-25.1,-0.38,5266.28,5.27
683,多头进场,2026-01-17 07:00,long,3295.39,2,6590.78,-8.48,-0.13,1.88,0.03,-25.1,-0.38,5266.28,5.27
684,空头出场,2026-01-17 16:00,long,3295.27,2,6582.3,-8.24,-0.13,12.46,0.19,-8.32,-0.13,5258.04,5.26
684,空头进场,2026-01-17 10:00,short,3291.15,2,6582.3,-8.24,-0.13,12.46,0.19,-8.32,-0.13,5258.04,5.26
685,多头出场,2026-01-18 07:00,short,3309.37,2,6590.54,28.2,0.43,66.86,1.01,-7.86,-0.12,5286.24,5.29
685,多头进场,2026-01-17 16:00,long,3295.27,2,6590.54,28.2,0.43,66.86,1.01,-7.86,-0.12,5286.24,5.29
686,空头出场,2026-01-18 13:00,long,3315.21,2,6618.74,-11.68,-0.18,27.88,0.42,-15.42,-0.23,5274.56,5.27
686,空头进场,2026-01-18 07:00,short,3309.37,2,6618.74,-11.68,-0.18,27.88,0.42,-15.42,-0.23,5274.56,5.27
687,多头出场,2026-01-19 07:00,short,3282.99,2,6630.42,-64.44,-0.97,104.62,1.58,-74.32,-1.12,5210.12,5.21
687,多头进场,2026-01-18 13:00,long,3315.21,2,6630.42,-64.44,-0.97,104.62,1.58,-74.32,-1.12,5210.12,5.21
688,空头出场,2026-01-20 01:00,long,3218.85,2,6565.98,128.28,1.95,209.8,3.20,-0.04,0.00,5338.4,5.34
688,空头进场,2026-01-19 07:00,short,3282.99,2,6565.98,128.28,1.95,209.8,3.20,-0.04,0.00,5338.4,5.34
689,多头出场,2026-01-20 07:00,short,3188.41,2,6437.7,-60.88,-0.95,10.86,0.17,-106.44,-1.65,5277.52,5.28
689,多头进场,2026-01-20 01:00,long,3218.85,2,6437.7,-60.88,-0.95,10.86,0.17,-106.44,-1.65,5277.52,5.28
690,空头出场,2026-01-21 13:00,long,2989.33,2,6376.82,398.16,6.24,538.04,8.44,-19.8,-0.31,5675.68,5.68
690,空头进场,2026-01-20 07:00,short,3188.41,2,6376.82,398.16,6.24,538.04,8.44,-19.8,-0.31,5675.68,5.68
691,多头出场,2026-01-21 16:00,short,2961.75,2,5978.66,-55.16,-0.92,1.06,0.02,-71.1,-1.19,5620.52,5.62
691,多头进场,2026-01-21 13:00,long,2989.33,2,5978.66,-55.16,-0.92,1.06,0.02,-71.1,-1.19,5620.52,5.62
692,空头出场,2026-01-21 22:00,long,2977.78,2,5923.5,-32.06,-0.54,124.2,2.10,-55.24,-0.93,5588.46,5.59
692,空头进场,2026-01-21 16:00,short,2961.75,2,5923.5,-32.06,-0.54,124.2,2.10,-55.24,-0.93,5588.46,5.59
693,多头出场,2026-01-22 01:00,short,2900.4,2,5955.56,-154.76,-2.60,86.38,1.45,-226.92,-3.81,5433.7,5.43
693,多头进场,2026-01-21 22:00,long,2977.78,2,5955.56,-154.76,-2.60,86.38,1.45,-226.92,-3.81,5433.7,5.43
694,空头出场,2026-01-22 04:00,long,3026.89,2,5800.8,-252.98,-4.36,31,0.53,-328.98,-5.67,5180.72,5.18
694,空头进场,2026-01-22 01:00,short,2900.4,2,5800.8,-252.98,-4.36,31,0.53,-328.98,-5.67,5180.72,5.18
695,多头出场,2026-01-22 19:00,short,2984.4,2,6053.78,-84.98,-1.40,28.6,0.47,-115.08,-1.90,5095.74,5.10
695,多头进场,2026-01-22 04:00,long,3026.89,2,6053.78,-84.98,-1.40,28.6,0.47,-115.08,-1.90,5095.74,5.10
696,空头出场,2026-01-23 13:00,long,2965.92,2,5968.8,36.96,0.62,158.06,2.65,-44.02,-0.74,5132.7,5.13
696,空头进场,2026-01-22 19:00,short,2984.4,2,5968.8,36.96,0.62,158.06,2.65,-44.02,-0.74,5132.7,5.13
697,多头出场,2026-01-23 16:00,short,2925.09,2,5931.84,-81.66,-1.38,12.84,0.22,-91.7,-1.55,5051.04,5.05
697,多头进场,2026-01-23 13:00,long,2965.92,2,5931.84,-81.66,-1.38,12.84,0.22,-91.7,-1.55,5051.04,5.05
698,空头出场,2026-01-24 01:00,long,2984.69,2,5850.18,-119.2,-2.04,68.54,1.17,-181.02,-3.09,4931.84,4.93
698,空头进场,2026-01-23 16:00,short,2925.09,2,5850.18,-119.2,-2.04,68.54,1.17,-181.02,-3.09,4931.84,4.93
699,多头出场,2026-01-24 04:00,short,2937.39,2,5969.38,-94.6,-1.58,39.08,0.65,-111.42,-1.87,4837.24,4.84
699,多头进场,2026-01-24 01:00,long,2984.69,2,5969.38,-94.6,-1.58,39.08,0.65,-111.42,-1.87,4837.24,4.84
700,空头出场,2026-01-24 07:00,long,2953.73,2,5874.78,-32.68,-0.56,3,0.05,-43.44,-0.74,4804.56,4.80
700,空头进场,2026-01-24 04:00,short,2937.39,2,5874.78,-32.68,-0.56,3,0.05,-43.44,-0.74,4804.56,4.80
701,多头出场,2026-01-24 22:00,short,2955.81,2,5907.46,4.16,0.07,25.64,0.43,-25.08,-0.42,4808.72,4.81
701,多头进场,2026-01-24 07:00,long,2953.73,2,5907.46,4.16,0.07,25.64,0.43,-25.08,-0.42,4808.72,4.81
702,空头出场,2026-01-25 01:00,long,2960.53,2,5911.62,-9.44,-0.16,14.2,0.24,-17.14,-0.29,4799.28,4.80
702,空头进场,2026-01-24 22:00,short,2955.81,2,5911.62,-9.44,-0.16,14.2,0.24,-17.14,-0.29,4799.28,4.80
703,多头出场,2026-01-25 04:00,short,2952.75,2,5921.06,-15.56,-0.26,8.5,0.14,-22.54,-0.38,4783.72,4.78
703,多头进场,2026-01-25 01:00,long,2960.53,2,5921.06,-15.56,-0.26,8.5,0.14,-22.54,-0.38,4783.72,4.78
704,空头出场,2026-01-26 10:00,long,2863.15,2,5905.5,179.2,3.03,339.14,5.74,-16.16,-0.27,4962.92,4.96
704,空头进场,2026-01-25 04:00,short,2952.75,2,5905.5,179.2,3.03,339.14,5.74,-16.16,-0.27,4962.92,4.96
705,多头出场,2026-01-27 04:00,short,2898.47,2,5726.3,70.64,1.23,168.26,2.94,-48.64,-0.85,5033.56,5.03
705,多头进场,2026-01-26 10:00,long,2863.15,2,5726.3,70.64,1.23,168.26,2.94,-48.64,-0.85,5033.56,5.03
706,空头出场,2026-01-27 07:00,long,2927.27,2,5796.94,-57.6,-0.99,9.86,0.17,-86.98,-1.50,4975.96,4.98
706,空头进场,2026-01-27 04:00,short,2898.47,2,5796.94,-57.6,-0.99,9.86,0.17,-86.98,-1.50,4975.96,4.98
707,多头出场,2026-01-27 16:00,short,2920.5,2,5854.54,-13.54,-0.23,51.82,0.89,-35.52,-0.61,4962.42,4.96
707,多头进场,2026-01-27 07:00,long,2927.27,2,5854.54,-13.54,-0.23,51.82,0.89,-35.52,-0.61,4962.42,4.96
708,空头出场,2026-01-28 01:00,long,2926.83,2,5841,-12.66,-0.22,44.8,0.77,-147.02,-2.52,4949.76,4.95
708,空头进场,2026-01-27 16:00,short,2920.5,2,5841,-12.66,-0.22,44.8,0.77,-147.02,-2.52,4949.76,4.95
709,多头出场,2026-01-28 13:00,short,3000.41,2,5853.66,147.16,2.51,210.08,3.59,-6.58,-0.11,5096.92,5.10
709,多头进场,2026-01-28 01:00,long,2926.83,2,5853.66,147.16,2.51,210.08,3.59,-6.58,-0.11,5096.92,5.10
710,空头出场,2026-01-28 19:00,long,3035.85,2,6000.82,-70.88,-1.18,35.16,0.59,-80.88,-1.35,5026.04,5.03
710,空头进场,2026-01-28 13:00,short,3000.41,2,6000.82,-70.88,-1.18,35.16,0.59,-80.88,-1.35,5026.04,5.03
711,多头出场,2026-01-28 22:00,short,3008.92,2,6071.7,-53.86,-0.89,9.62,0.16,-63.68,-1.05,4972.18,4.97
711,多头进场,2026-01-28 19:00,long,3035.85,2,6071.7,-53.86,-0.89,9.62,0.16,-63.68,-1.05,4972.18,4.97
712,空头出场,2026-01-30 19:00,long,2755.71,2,6017.84,506.42,8.42,631.7,10.50,-49.82,-0.83,5478.6,5.48
712,空头进场,2026-01-28 22:00,short,3008.92,2,6017.84,506.42,8.42,631.7,10.50,-49.82,-0.83,5478.6,5.48
713,多头出场,2026-01-30 22:00,short,2732.78,2,5511.42,-45.86,-0.83,12.82,0.23,-75.56,-1.37,5432.74,5.43
713,多头进场,2026-01-30 19:00,long,2755.71,2,5511.42,-45.86,-0.83,12.82,0.23,-75.56,-1.37,5432.74,5.43
714,空头出场,2026-01-31 07:00,long,2703.06,2,5465.56,59.44,1.09,197.44,3.61,-48.3,-0.88,5492.18,5.49
714,空头进场,2026-01-30 22:00,short,2732.78,2,5465.56,59.44,1.09,197.44,3.61,-48.3,-0.88,5492.18,5.49
715,多头出场,2026-01-31 16:00,short,2639.92,2,5406.12,-126.28,-2.34,14.68,0.27,-193.04,-3.57,5365.9,5.37
715,多头进场,2026-01-31 07:00,long,2703.06,2,5406.12,-126.28,-2.34,14.68,0.27,-193.04,-3.57,5365.9,5.37
716,空头出场,2026-02-01 10:00,long,2449.82,2,5279.84,380.2,7.20,783.94,14.85,-30.66,-0.58,5746.1,5.75
716,空头进场,2026-01-31 16:00,short,2639.92,2,5279.84,380.2,7.20,783.94,14.85,-30.66,-0.58,5746.1,5.75
717,多头出场,2026-02-01 13:00,short,2427.85,2,4899.64,-43.94,-0.90,7.72,0.16,-53.3,-1.09,5702.16,5.70
717,多头进场,2026-02-01 10:00,long,2449.82,2,4899.64,-43.94,-0.90,7.72,0.16,-53.3,-1.09,5702.16,5.70
718,空头出场,2026-02-02 16:00,long,2247.47,2,4855.7,360.76,7.43,539.74,11.12,-18.6,-0.38,6062.92,6.06
718,空头进场,2026-02-01 13:00,short,2427.85,2,4855.7,360.76,7.43,539.74,11.12,-18.6,-0.38,6062.92,6.06
719,多头出场,2026-02-03 10:00,short,2297.03,2,4494.94,99.12,2.21,291.74,6.49,-21.94,-0.49,6162.04,6.16
719,多头进场,2026-02-02 16:00,long,2247.47,2,4494.94,99.12,2.21,291.74,6.49,-21.94,-0.49,6162.04,6.16
720,空头出场,2026-02-04 04:00,long,2298.39,2,4594.06,-2.72,-0.06,374.94,8.16,-112.02,-2.44,6159.32,6.16
720,空头进场,2026-02-03 10:00,short,2297.03,2,4594.06,-2.72,-0.06,374.94,8.16,-112.02,-2.44,6159.32,6.16
721,多头出场,2026-02-04 07:00,short,2231.92,2,4596.78,-132.94,-2.89,71.08,1.55,-172.9,-3.76,6026.38,6.03
721,多头进场,2026-02-04 04:00,long,2298.39,2,4596.78,-132.94,-2.89,71.08,1.55,-172.9,-3.76,6026.38,6.03
722,空头出场,2026-02-04 13:00,long,2262.29,2,4463.84,-60.74,-1.36,20.88,0.47,-120.88,-2.71,5965.64,5.97
722,空头进场,2026-02-04 07:00,short,2231.92,2,4463.84,-60.74,-1.36,20.88,0.47,-120.88,-2.71,5965.64,5.97
723,多头出场,2026-02-04 19:00,short,2252.02,2,4524.58,-20.54,-0.45,53.88,1.19,-76.58,-1.69,5945.1,5.95
723,多头进场,2026-02-04 13:00,long,2262.29,2,4524.58,-20.54,-0.45,53.88,1.19,-76.58,-1.69,5945.1,5.95
724,空头出场,2026-02-06 10:00,long,1904.01,2,4504.04,696.02,15.45,1010.02,22.42,-14.86,-0.33,6641.12,6.64
724,空头进场,2026-02-04 19:00,short,2252.02,2,4504.04,696.02,15.45,1010.02,22.42,-14.86,-0.33,6641.12,6.64
725,多头出场,2026-02-06 16:00,short,1871.29,2,3808.02,-65.44,-1.72,135.54,3.56,-81.14,-2.13,6575.68,6.58
725,多头进场,2026-02-06 10:00,long,1904.01,2,3808.02,-65.44,-1.72,135.54,3.56,-81.14,-2.13,6575.68,6.58
726,空头出场,2026-02-06 19:00,long,1929.39,2,3742.58,-116.2,-3.10,6.22,0.17,-126.62,-3.38,6459.48,6.46
726,空头进场,2026-02-06 16:00,short,1871.29,2,3742.58,-116.2,-3.10,6.22,0.17,-126.62,-3.38,6459.48,6.46
727,多头出场,2026-02-07 16:00,short,2017.97,2,3858.78,177.16,4.59,374.86,9.71,-34.84,-0.90,6636.64,6.64
727,多头进场,2026-02-06 19:00,long,1929.39,2,3858.78,177.16,4.59,374.86,9.71,-34.84,-0.90,6636.64,6.64
728,空头出场,2026-02-08 01:00,long,2059.54,2,4035.94,-83.14,-2.06,38.92,0.96,-191.76,-4.75,6553.5,6.55
728,空头进场,2026-02-07 16:00,short,2017.97,2,4035.94,-83.14,-2.06,38.92,0.96,-191.76,-4.75,6553.5,6.55
729,多头出场,2026-02-08 13:00,short,2083.55,2,4119.08,48.02,1.17,99.74,2.42,-4.44,-0.11,6601.52,6.60
729,多头进场,2026-02-08 01:00,long,2059.54,2,4119.08,48.02,1.17,99.74,2.42,-4.44,-0.11,6601.52,6.60
730,空头出场,2026-02-08 16:00,long,2114.51,2,4167.1,-61.92,-1.49,32.4,0.78,-75.26,-1.81,6539.6,6.54
730,空头进场,2026-02-08 13:00,short,2083.55,2,4167.1,-61.92,-1.49,32.4,0.78,-75.26,-1.81,6539.6,6.54
731,多头出场,2026-02-09 01:00,short,2091.01,2,4229.02,-47,-1.11,57.98,1.37,-84.4,-2.00,6492.6,6.49
731,多头进场,2026-02-08 16:00,long,2114.51,2,4229.02,-47,-1.11,57.98,1.37,-84.4,-2.00,6492.6,6.49
732,空头出场,2026-02-09 13:00,long,2094.38,2,4182.02,-6.74,-0.16,74.54,1.78,-116.58,-2.79,6485.86,6.49
732,空头进场,2026-02-09 01:00,short,2091.01,2,4182.02,-6.74,-0.16,74.54,1.78,-116.58,-2.79,6485.86,6.49
733,多头出场,2026-02-09 16:00,short,2049.49,2,4188.76,-89.78,-2.14,0.08,0.00,-121.26,-2.89,6396.08,6.40
733,多头进场,2026-02-09 13:00,long,2094.38,2,4188.76,-89.78,-2.14,0.08,0.00,-121.26,-2.89,6396.08,6.40
734,空头出场,2026-02-10 01:00,long,2125.93,2,4098.98,-152.88,-3.73,82.7,2.02,-169.88,-4.14,6243.2,6.24
734,空头进场,2026-02-09 16:00,short,2049.49,2,4098.98,-152.88,-3.73,82.7,2.02,-169.88,-4.14,6243.2,6.24
735,多头出场,2026-02-10 13:00,short,2052.34,2,4251.86,-147.18,-3.46,38.1,0.90,-161.76,-3.80,6096.02,6.10
735,多头进场,2026-02-10 01:00,long,2125.93,2,4251.86,-147.18,-3.46,38.1,0.90,-161.76,-3.80,6096.02,6.10
736,空头出场,2026-02-11 01:00,long,2039.36,2,4104.68,25.96,0.63,123.58,3.01,-9.34,-0.23,6121.98,6.12
736,空头进场,2026-02-10 13:00,short,2052.34,2,4104.68,25.96,0.63,123.58,3.01,-9.34,-0.23,6121.98,6.12
737,多头出场,2026-02-11 04:00,short,2010.65,2,4078.72,-57.42,-1.41,4.2,0.10,-86.98,-2.13,6064.56,6.06
737,多头进场,2026-02-11 01:00,long,2039.36,2,4078.72,-57.42,-1.41,4.2,0.10,-86.98,-2.13,6064.56,6.06
738,空头出场,2026-02-11 07:00,long,2021.89,2,4021.3,-22.48,-0.56,27.12,0.67,-22.58,-0.56,6042.08,6.04
738,空头进场,2026-02-11 04:00,short,2010.65,2,4021.3,-22.48,-0.56,27.12,0.67,-22.58,-0.56,6042.08,6.04
739,多头出场,2026-02-11 10:00,short,2016.61,2,4043.78,-10.56,-0.26,18.04,0.45,-16.1,-0.40,6031.52,6.03
739,多头进场,2026-02-11 07:00,long,2021.89,2,4043.78,-10.56,-0.26,18.04,0.45,-16.1,-0.40,6031.52,6.03
740,空头出场,2026-02-12 04:00,long,1953.14,2,4033.22,126.94,3.15,228.22,5.66,-7.3,-0.18,6158.46,6.16
740,空头进场,2026-02-11 10:00,short,2016.61,2,4033.22,126.94,3.15,228.22,5.66,-7.3,-0.18,6158.46,6.16
741,多头出场,2026-02-12 07:00,short,1941.75,2,3906.28,-22.78,-0.58,67.48,1.73,-42.58,-1.09,6135.68,6.14
741,多头进场,2026-02-12 04:00,long,1953.14,2,3906.28,-22.78,-0.58,67.48,1.73,-42.58,-1.09,6135.68,6.14
742,空头出场,2026-02-12 10:00,long,1957.42,2,3883.5,-31.34,-0.81,2.96,0.08,-69.32,-1.78,6104.34,6.10
742,空头进场,2026-02-12 07:00,short,1941.75,2,3883.5,-31.34,-0.81,2.96,0.08,-69.32,-1.78,6104.34,6.10
743,多头出场,2026-02-13 01:00,short,1909.06,2,3914.84,-96.72,-2.47,83.64,2.14,-120.1,-3.07,6007.62,6.01
743,多头进场,2026-02-12 10:00,long,1957.42,2,3914.84,-96.72,-2.47,83.64,2.14,-120.1,-3.07,6007.62,6.01
744,空头出场,2026-02-13 07:00,long,1946.51,2,3818.12,-74.9,-1.96,15.96,0.42,-84.18,-2.20,5932.72,5.93
744,空头进场,2026-02-13 01:00,short,1909.06,2,3818.12,-74.9,-1.96,15.96,0.42,-84.18,-2.20,5932.72,5.93
745,多头出场,2026-02-13 13:00,short,1932.88,2,3893.02,-27.26,-0.70,20.32,0.52,-39.22,-1.01,5905.46,5.91
745,多头进场,2026-02-13 07:00,long,1946.51,2,3893.02,-27.26,-0.70,20.32,0.52,-39.22,-1.01,5905.46,5.91
746,空头出场,2026-02-13 16:00,long,1957.63,2,3865.76,-49.5,-1.28,18.44,0.48,-57.54,-1.49,5855.96,5.86
746,空头进场,2026-02-13 13:00,short,1932.88,2,3865.76,-49.5,-1.28,18.44,0.48,-57.54,-1.49,5855.96,5.86
747,多头出场,2026-02-15 01:00,short,2079.24,2,3915.26,243.22,6.21,295.46,7.55,-24.58,-0.63,6099.18,6.10
747,多头进场,2026-02-13 16:00,long,1957.63,2,3915.26,243.22,6.21,295.46,7.55,-24.58,-0.63,6099.18,6.10
748,空头出场,2026-02-15 04:00,long,2088.8,2,4158.48,-19.12,-0.46,3.32,0.08,-24.7,-0.59,6080.06,6.08
748,空头进场,2026-02-15 01:00,short,2079.24,2,4158.48,-19.12,-0.46,3.32,0.08,-24.7,-0.59,6080.06,6.08
749,多头出场,2026-02-15 07:00,short,2085.45,2,4177.6,-6.7,-0.16,17.6,0.42,-21.64,-0.52,6073.36,6.07
749,多头进场,2026-02-15 04:00,long,2088.8,2,4177.6,-6.7,-0.16,17.6,0.42,-21.64,-0.52,6073.36,6.07
750,空头出场,2026-02-15 13:00,long,2087.86,2,4170.9,-4.82,-0.12,99.34,2.38,-19.28,-0.46,6068.54,6.07
750,空头进场,2026-02-15 07:00,short,2085.45,2,4170.9,-4.82,-0.12,99.34,2.38,-19.28,-0.46,6068.54,6.07
751,多头出场,2026-02-15 16:00,short,2068.35,2,4175.72,-39.02,-0.93,28.08,0.67,-64.06,-1.53,6029.52,6.03
751,多头进场,2026-02-15 13:00,long,2087.86,2,4175.72,-39.02,-0.93,28.08,0.67,-64.06,-1.53,6029.52,6.03
752,空头出场,2026-02-16 16:00,long,1976.29,2,4136.7,184.12,4.45,279.3,6.75,-16.98,-0.41,6213.64,6.21
752,空头进场,2026-02-15 16:00,short,2068.35,2,4136.7,184.12,4.45,279.3,6.75,-16.98,-0.41,6213.64,6.21
753,多头出场,2026-02-17 13:00,short,1974.72,2,3952.58,-3.14,-0.08,90.54,2.29,-77.92,-1.97,6210.5,6.21
753,多头进场,2026-02-16 16:00,long,1976.29,2,3952.58,-3.14,-0.08,90.54,2.29,-77.92,-1.97,6210.5,6.21
754,空头出场,2026-02-18 01:00,long,1965.28,2,3949.44,18.88,0.48,67.3,1.70,-68.1,-1.72,6229.38,6.23
754,空头进场,2026-02-17 13:00,short,1974.72,2,3949.44,18.88,0.48,67.3,1.70,-68.1,-1.72,6229.38,6.23
755,多头出场,2026-02-18 19:00,short,1980.68,2,3930.56,30.8,0.78,145.06,3.69,-8.54,-0.22,6260.18,6.26
755,多头进场,2026-02-18 01:00,long,1965.28,2,3930.56,30.8,0.78,145.06,3.69,-8.54,-0.22,6260.18,6.26
756,空头出场,2026-02-19 10:00,long,1967.24,2,3961.36,26.88,0.68,114.36,2.89,-57.08,-1.44,6287.06,6.29
756,空头进场,2026-02-18 19:00,short,1980.68,2,3961.36,26.88,0.68,114.36,2.89,-57.08,-1.44,6287.06,6.29
757,多头出场,2026-02-19 19:00,short,1948.92,2,3934.48,-36.64,-0.93,38.88,0.99,-37.2,-0.95,6250.42,6.25
757,多头进场,2026-02-19 10:00,long,1967.24,2,3934.48,-36.64,-0.93,38.88,0.99,-37.2,-0.95,6250.42,6.25
758,空头出场,2026-02-20 04:00,long,1949.02,2,3897.84,-0.2,-0.01,84.48,2.17,-12.46,-0.32,6250.22,6.25
758,空头进场,2026-02-19 19:00,short,1948.92,2,3897.84,-0.2,-0.01,84.48,2.17,-12.46,-0.32,6250.22,6.25
759,多头出场,2026-02-20 19:00,short,1943.1,2,3898.04,-11.84,-0.30,47.44,1.22,-35.48,-0.91,6238.38,6.24
759,多头进场,2026-02-20 04:00,long,1949.02,2,3898.04,-11.84,-0.30,47.44,1.22,-35.48,-0.91,6238.38,6.24
760,空头出场,2026-02-21 01:00,long,1965.75,2,3886.2,-45.3,-1.17,40.2,1.03,-71.62,-1.84,6193.08,6.19
760,空头进场,2026-02-20 19:00,short,1943.1,2,3886.2,-45.3,-1.17,40.2,1.03,-71.62,-1.84,6193.08,6.19
761,多头出场,2026-02-21 13:00,short,1962.05,2,3931.5,-7.4,-0.19,28.7,0.73,-20.5,-0.52,6185.68,6.19
761,多头进场,2026-02-21 01:00,long,1965.75,2,3931.5,-7.4,-0.19,28.7,0.73,-20.5,-0.52,6185.68,6.19
762,空头出场,2026-02-21 16:00,long,1968.16,2,3924.1,-12.22,-0.31,5.62,0.14,-16.06,-0.41,6173.46,6.17
762,空头进场,2026-02-21 13:00,short,1962.05,2,3924.1,-12.22,-0.31,5.62,0.14,-16.06,-0.41,6173.46,6.17
763,多头出场,2026-02-22 04:00,short,1973.45,2,3936.32,10.58,0.27,52.74,1.34,-3.56,-0.09,6184.04,6.18
763,多头进场,2026-02-21 16:00,long,1968.16,2,3936.32,10.58,0.27,52.74,1.34,-3.56,-0.09,6184.04,6.18
764,空头出场,2026-02-22 19:00,long,1980.36,2,3946.9,-13.82,-0.35,11.96,0.30,-18.44,-0.47,6170.22,6.17
764,空头进场,2026-02-22 04:00,short,1973.45,2,3946.9,-13.82,-0.35,11.96,0.30,-18.44,-0.47,6170.22,6.17
765,多头出场,2026-02-22 22:00,short,1950.29,2,3960.72,-60.14,-1.52,1.58,0.04,-72.98,-1.84,6110.08,6.11
765,多头进场,2026-02-22 19:00,long,1980.36,2,3960.72,-60.14,-1.52,1.58,0.04,-72.98,-1.84,6110.08,6.11
766,空头出场,2026-02-23 07:00,long,1957.48,2,3900.58,-14.38,-0.37,30.54,0.78,-20.18,-0.52,6095.7,6.10
766,空头进场,2026-02-22 22:00,short,1950.29,2,3900.58,-14.38,-0.37,30.54,0.78,-20.18,-0.52,6095.7,6.10
767,多头出场,2026-02-23 10:00,short,1862.55,2,3914.96,-189.86,-4.85,0.22,0.01,-219.16,-5.60,5905.84,5.91
767,多头进场,2026-02-23 07:00,long,1957.48,2,3914.96,-189.86,-4.85,0.22,0.01,-219.16,-5.60,5905.84,5.91
768,空头出场,2026-02-23 19:00,long,1914.64,2,3725.1,-104.18,-2.80,16.78,0.45,-129.46,-3.48,5801.66,5.80
768,空头进场,2026-02-23 10:00,short,1862.55,2,3725.1,-104.18,-2.80,16.78,0.45,-129.46,-3.48,5801.66,5.80
769,多头出场,2026-02-24 01:00,short,1863.04,2,3829.28,-103.2,-2.70,39.68,1.04,-155.34,-4.06,5698.46,5.70
769,多头进场,2026-02-23 19:00,long,1914.64,2,3829.28,-103.2,-2.70,39.68,1.04,-155.34,-4.06,5698.46,5.70
770,空头出场,2026-02-24 22:00,long,1834.15,2,3726.08,57.78,1.55,118.8,3.19,-19.94,-0.54,5756.24,5.76
770,空头进场,2026-02-24 01:00,short,1863.04,2,3726.08,57.78,1.55,118.8,3.19,-19.94,-0.54,5756.24,5.76
771,多头出场,2026-02-26 10:00,short,2053.62,2,3668.3,438.94,11.97,621,16.93,-11.5,-0.31,6195.18,6.20
771,多头进场,2026-02-24 22:00,long,1834.15,2,3668.3,438.94,11.97,621,16.93,-11.5,-0.31,6195.18,6.20
772,空头出场,2026-02-26 13:00,long,2066.46,2,4107.24,-25.68,-0.63,11.32,0.28,-58.38,-1.42,6169.5,6.17
772,空头进场,2026-02-26 10:00,short,2053.62,2,4107.24,-25.68,-0.63,11.32,0.28,-58.38,-1.42,6169.5,6.17
773,多头出场,2026-02-26 16:00,short,2054.72,2,4132.92,-23.48,-0.57,19.18,0.46,-41.7,-1.01,6146.02,6.15
773,多头进场,2026-02-26 13:00,long,2066.46,2,4132.92,-23.48,-0.57,19.18,0.46,-41.7,-1.01,6146.02,6.15
774,空头出场,2026-02-27 13:00,long,2041.35,2,4109.44,26.74,0.65,156.28,3.80,-56.82,-1.38,6172.76,6.17
774,空头进场,2026-02-26 16:00,short,2054.72,2,4109.44,26.74,0.65,156.28,3.80,-56.82,-1.38,6172.76,6.17
775,多头出场,2026-02-27 19:00,short,1962.28,2,4082.7,-158.14,-3.87,7.7,0.19,-173.86,-4.26,6014.62,6.01
775,多头进场,2026-02-27 13:00,long,2041.35,2,4082.7,-158.14,-3.87,7.7,0.19,-173.86,-4.26,6014.62,6.01
776,空头出场,2026-02-28 22:00,long,1887.92,2,3924.56,148.72,3.79,252.46,6.43,-12.8,-0.33,6163.34,6.16
776,空头进场,2026-02-27 19:00,short,1962.28,2,3924.56,148.72,3.79,252.46,6.43,-12.8,-0.33,6163.34,6.16
777,多头出场,2026-03-01 16:00,short,1986.42,2,3775.84,197,5.22,332.92,8.82,-26.72,-0.71,6360.34,6.36
777,多头进场,2026-02-28 22:00,long,1887.92,2,3775.84,197,5.22,332.92,8.82,-26.72,-0.71,6360.34,6.36
778,空头出场,2026-03-01 22:00,long,2001.9,2,3972.84,-30.96,-0.78,33.22,0.84,-80.14,-2.02,6329.38,6.33
778,空头进场,2026-03-01 16:00,short,1986.42,2,3972.84,-30.96,-0.78,33.22,0.84,-80.14,-2.02,6329.38,6.33
779,多头出场,2026-03-02 01:00,short,1961.23,2,4003.8,-81.34,-2.03,28.38,0.71,-95.3,-2.38,6248.04,6.25
779,多头进场,2026-03-01 22:00,long,2001.9,2,4003.8,-81.34,-2.03,28.38,0.71,-95.3,-2.38,6248.04,6.25
780,空头出场,2026-03-02 10:00,long,1955.45,2,3922.46,11.56,0.29,106.46,2.71,-70.02,-1.79,6259.6,6.26
780,空头进场,2026-03-02 01:00,short,1961.23,2,3922.46,11.56,0.29,106.46,2.71,-70.02,-1.79,6259.6,6.26
781,多头出场,2026-03-02 16:00,short,1948.65,2,3910.9,-13.6,-0.35,54.2,1.39,-64.66,-1.65,6246,6.25
781,多头进场,2026-03-02 10:00,long,1955.45,2,3910.9,-13.6,-0.35,54.2,1.39,-64.66,-1.65,6246,6.25
782,空头出场,2026-03-02 22:00,long,1979.59,2,3897.3,-61.88,-1.59,53.56,1.37,-72.4,-1.86,6184.12,6.18
782,空头进场,2026-03-02 16:00,short,1948.65,2,3897.3,-61.88,-1.59,53.56,1.37,-72.4,-1.86,6184.12,6.18
783,多头出场,2026-03-03 10:00,short,2013.78,2,3959.18,68.38,1.73,213.86,5.40,-9.28,-0.23,6252.5,6.25
783,多头进场,2026-03-02 22:00,long,1979.59,2,3959.18,68.38,1.73,213.86,5.40,-9.28,-0.23,6252.5,6.25
784,空头出场,2026-03-04 01:00,long,1980.61,2,4027.56,66.34,1.65,167.5,4.16,-10.14,-0.25,6318.84,6.32
784,空头进场,2026-03-03 10:00,short,2013.78,2,4027.56,66.34,1.65,167.5,4.16,-10.14,-0.25,6318.84,6.32
785,多头出场,2026-03-04 13:00,short,1971.06,2,3961.22,-19.1,-0.48,41.58,1.05,-70.96,-1.79,6299.74,6.30
785,多头进场,2026-03-04 01:00,long,1980.61,2,3961.22,-19.1,-0.48,41.58,1.05,-70.96,-1.79,6299.74,6.30
786,空头出场,2026-03-04 16:00,long,2063.4,2,3942.12,-184.68,-4.68,15.54,0.39,-189.38,-4.80,6115.06,6.12
786,空头进场,2026-03-04 13:00,short,1971.06,2,3942.12,-184.68,-4.68,15.54,0.39,-189.38,-4.80,6115.06,6.12
787,多头出场,2026-03-05 10:00,short,2122.45,2,4126.8,118.1,2.86,269.92,6.54,-53.72,-1.30,6233.16,6.23
787,多头进场,2026-03-04 16:00,long,2063.4,2,4126.8,118.1,2.86,269.92,6.54,-53.72,-1.30,6233.16,6.23
788,空头出场,2026-03-05 19:00,long,2138.33,2,4244.9,-31.76,-0.75,55.5,1.31,-83.04,-1.96,6201.4,6.20
788,空头进场,2026-03-05 10:00,short,2122.45,2,4244.9,-31.76,-0.75,55.5,1.31,-83.04,-1.96,6201.4,6.20
789,多头出场,2026-03-05 22:00,short,2119.17,2,4276.66,-38.32,-0.90,9.58,0.22,-80.98,-1.89,6163.08,6.16
789,多头进场,2026-03-05 19:00,long,2138.33,2,4276.66,-38.32,-0.90,9.58,0.22,-80.98,-1.89,6163.08,6.16
790,空头出场,2026-03-07 10:00,long,1983.48,2,4238.34,271.38,6.40,325,7.67,-5.46,-0.13,6434.46,6.43
790,空头进场,2026-03-05 22:00,short,2119.17,2,4238.34,271.38,6.40,325,7.67,-5.46,-0.13,6434.46,6.43
791,多头出场,2026-03-08 01:00,short,1977.53,2,3966.96,-11.9,-0.30,24.92,0.63,-37.02,-0.93,6422.56,6.42
791,多头进场,2026-03-07 10:00,long,1983.48,2,3966.96,-11.9,-0.30,24.92,0.63,-37.02,-0.93,6422.56,6.42
792,空头出场,2026-03-08 16:00,long,1959.74,2,3955.06,35.58,0.90,93.18,2.36,0,0.00,6458.14,6.46
792,空头进场,2026-03-08 01:00,short,1977.53,2,3955.06,35.58,0.90,93.18,2.36,0,0.00,6458.14,6.46
793,多头出场,2026-03-08 19:00,short,1951.33,2,3919.48,-16.82,-0.43,39.76,1.01,-27.36,-0.70,6441.32,6.44
793,多头进场,2026-03-08 16:00,long,1959.74,2,3919.48,-16.82,-0.43,39.76,1.01,-27.36,-0.70,6441.32,6.44
794,空头出场,2026-03-09 04:00,long,1958.53,2,3902.66,-14.4,-0.37,51.22,1.31,-39.64,-1.02,6426.92,6.43
794,空头进场,2026-03-08 19:00,short,1951.33,2,3902.66,-14.4,-0.37,51.22,1.31,-39.64,-1.02,6426.92,6.43
795,多头出场,2026-03-09 07:00,short,1937.11,2,3917.06,-42.84,-1.09,6.52,0.17,-86.92,-2.22,6384.08,6.38
795,多头进场,2026-03-09 04:00,long,1958.53,2,3917.06,-42.84,-1.09,6.52,0.17,-86.92,-2.22,6384.08,6.38
796,空头出场,2026-03-09 10:00,long,1959.74,2,3874.22,-45.26,-1.17,14.16,0.37,-57.32,-1.48,6338.82,6.34
796,空头进场,2026-03-09 07:00,short,1937.11,2,3874.22,-45.26,-1.17,14.16,0.37,-57.32,-1.48,6338.82,6.34
797,多头出场,2026-03-10 07:00,short,1993.53,2,3919.48,67.58,1.72,186,4.75,-1.04,-0.03,6406.4,6.41
797,多头进场,2026-03-09 10:00,long,1959.74,2,3919.48,67.58,1.72,186,4.75,-1.04,-0.03,6406.4,6.41
798,空头出场,2026-03-10 10:00,long,2042.68,2,3987.06,-98.3,-2.47,4.34,0.11,-119.36,-2.99,6308.1,6.31
798,空头进场,2026-03-10 07:00,short,1993.53,2,3987.06,-98.3,-2.47,4.34,0.11,-119.36,-2.99,6308.1,6.31
799,多头出场,2026-03-11 04:00,short,2042.77,2,4085.36,0.18,0.00,90.26,2.21,-66.64,-1.63,6308.28,6.31
799,多头进场,2026-03-10 10:00,long,2042.68,2,4085.36,0.18,0.00,90.26,2.21,-66.64,-1.63,6308.28,6.31
800,空头出场,2026-03-11 22:00,long,2062.63,2,4085.54,-39.72,-0.97,70.8,1.73,-78.46,-1.92,6268.56,6.27
800,空头进场,2026-03-11 04:00,short,2042.77,2,4085.54,-39.72,-0.97,70.8,1.73,-78.46,-1.92,6268.56,6.27
801,多头出场,2026-03-12 07:00,short,2051.99,2,4125.26,-21.28,-0.52,45.68,1.11,-64.1,-1.55,6247.28,6.25
801,多头进场,2026-03-11 22:00,long,2062.63,2,4125.26,-21.28,-0.52,45.68,1.11,-64.1,-1.55,6247.28,6.25
802,空头出场,2026-03-12 16:00,long,2048.23,2,4103.98,7.52,0.18,66.38,1.62,-12.06,-0.29,6254.8,6.25
802,空头进场,2026-03-12 07:00,short,2051.99,2,4103.98,7.52,0.18,66.38,1.62,-12.06,-0.29,6254.8,6.25
803,多头出场,2026-03-12 22:00,short,2045.83,2,4096.46,-4.8,-0.12,93.16,2.27,-18.62,-0.45,6250,6.25
803,多头进场,2026-03-12 16:00,long,2048.23,2,4096.46,-4.8,-0.12,93.16,2.27,-18.62,-0.45,6250,6.25
804,空头出场,2026-03-13 01:00,long,2058.82,2,4091.66,-25.98,-0.63,12.34,0.30,-72.48,-1.77,6224.02,6.22
804,空头进场,2026-03-12 22:00,short,2045.83,2,4091.66,-25.98,-0.63,12.34,0.30,-72.48,-1.77,6224.02,6.22
805,多头出场,2026-03-14 01:00,short,2102.73,2,4117.64,87.82,2.13,295.52,7.18,-25.68,-0.62,6311.84,6.31
805,多头进场,2026-03-13 01:00,long,2058.82,2,4117.64,87.82,2.13,295.52,7.18,-25.68,-0.62,6311.84,6.31
806,空头出场,2026-03-15 04:00,long,2086.55,2,4205.46,32.36,0.77,80.68,1.92,-27.48,-0.65,6344.2,6.34
806,空头进场,2026-03-14 01:00,short,2102.73,2,4205.46,32.36,0.77,80.68,1.92,-27.48,-0.65,6344.2,6.34
807,多头出场,2026-03-15 22:00,short,2097.46,2,4173.1,21.82,0.52,74.68,1.79,-7.48,-0.18,6366.02,6.37
807,多头进场,2026-03-15 04:00,long,2086.55,2,4173.1,21.82,0.52,74.68,1.79,-7.48,-0.18,6366.02,6.37
808,空头出场,2026-03-16 01:00,long,2111.43,2,4194.92,-27.94,-0.67,16.1,0.38,-41.56,-0.99,6338.08,6.34
808,空头进场,2026-03-15 22:00,short,2097.46,2,4194.92,-27.94,-0.67,16.1,0.38,-41.56,-0.99,6338.08,6.34
809,多头出场,2026-03-17 13:00,short,2307.31,2,4222.86,391.76,9.28,547.9,12.97,-31.32,-0.74,6729.84,6.73
809,多头进场,2026-03-16 01:00,long,2111.43,2,4222.86,391.76,9.28,547.9,12.97,-31.32,-0.74,6729.84,6.73
810,空头出场,2026-03-17 22:00,long,2343.41,2,4614.62,-72.2,-1.56,17.46,0.38,-82.06,-1.78,6657.64,6.66
810,空头进场,2026-03-17 13:00,short,2307.31,2,4614.62,-72.2,-1.56,17.46,0.38,-82.06,-1.78,6657.64,6.66
811,多头出场,2026-03-18 04:00,short,2327.88,2,4686.82,-31.06,-0.66,28.04,0.60,-77.34,-1.65,6626.58,6.63
811,多头进场,2026-03-17 22:00,long,2343.41,2,4686.82,-31.06,-0.66,28.04,0.60,-77.34,-1.65,6626.58,6.63
812,空头出场,2026-03-18 10:00,long,2332.2,2,4655.76,-8.64,-0.19,38.8,0.83,-32.78,-0.70,6617.94,6.62
812,空头进场,2026-03-18 04:00,short,2327.88,2,4655.76,-8.64,-0.19,38.8,0.83,-32.78,-0.70,6617.94,6.62
813,多头出场,2026-03-18 13:00,short,2319.27,2,4664.4,-25.86,-0.55,35.08,0.75,-34.4,-0.74,6592.08,6.59
813,多头进场,2026-03-18 10:00,long,2332.2,2,4664.4,-25.86,-0.55,35.08,0.75,-34.4,-0.74,6592.08,6.59
814,空头出场,2026-03-20 04:00,long,2146.77,2,4638.54,345,7.44,437.98,9.44,-29.84,-0.64,6937.08,6.94
814,空头进场,2026-03-18 13:00,short,2319.27,2,4638.54,345,7.44,437.98,9.44,-29.84,-0.64,6937.08,6.94
815,多头出场,2026-03-20 19:00,short,2141.74,2,4293.54,-10.06,-0.23,59.28,1.38,-49.06,-1.14,6927.02,6.93
815,多头进场,2026-03-20 04:00,long,2146.77,2,4293.54,-10.06,-0.23,59.28,1.38,-49.06,-1.14,6927.02,6.93
816,空头出场,2026-03-21 07:00,long,2146.53,2,4283.48,-9.58,-0.22,48.1,1.12,-51.64,-1.21,6917.44,6.92
816,空头进场,2026-03-20 19:00,short,2141.74,2,4283.48,-9.58,-0.22,48.1,1.12,-51.64,-1.21,6917.44,6.92
817,多头出场,2026-03-21 22:00,short,2152.11,2,4293.06,11.16,0.26,42.24,0.98,-4.3,-0.10,6928.6,6.93
817,多头进场,2026-03-21 07:00,long,2146.53,2,4293.06,11.16,0.26,42.24,0.98,-4.3,-0.10,6928.6,6.93
818,空头出场,2026-03-22 04:00,long,2155.65,2,4304.22,-7.08,-0.16,17.78,0.41,-10.84,-0.25,6921.52,6.92
818,空头进场,2026-03-21 22:00,short,2152.11,2,4304.22,-7.08,-0.16,17.78,0.41,-10.84,-0.25,6921.52,6.92
819,多头出场,2026-03-22 07:00,short,2084.9,2,4311.3,-141.5,-3.28,2.66,0.06,-166.76,-3.87,6780.02,6.78
819,多头进场,2026-03-22 04:00,long,2155.65,2,4311.3,-141.5,-3.28,2.66,0.06,-166.76,-3.87,6780.02,6.78
820,空头出场,2026-03-23 10:00,long,2062.93,2,4169.8,43.94,1.05,117.34,2.81,-83.16,-1.99,6823.96,6.82
820,空头进场,2026-03-22 07:00,short,2084.9,2,4169.8,43.94,1.05,117.34,2.81,-83.16,-1.99,6823.96,6.82
821,多头出场,2026-03-23 16:00,short,2047.42,2,4125.86,-31.02,-0.75,17.18,0.42,-79.36,-1.92,6792.94,6.79
821,多头进场,2026-03-23 10:00,long,2062.93,2,4125.86,-31.02,-0.75,17.18,0.42,-79.36,-1.92,6792.94,6.79
822,空头出场,2026-03-23 19:00,long,2133.83,2,4094.84,-172.82,-4.22,37.6,0.92,-298,-7.28,6620.12,6.62
822,空头进场,2026-03-23 16:00,short,2047.42,2,4094.84,-172.82,-4.22,37.6,0.92,-298,-7.28,6620.12,6.62
823,多头出场,2026-03-24 10:00,short,2135.85,2,4267.66,4.04,0.09,115.14,2.70,-51.28,-1.20,6624.16,6.62
823,多头进场,2026-03-23 19:00,long,2133.83,2,4267.66,4.04,0.09,115.14,2.70,-51.28,-1.20,6624.16,6.62
824,空头出场,2026-03-24 16:00,long,2154.93,2,4271.7,-38.16,-0.89,14.16,0.33,-68.54,-1.60,6586,6.59
824,空头进场,2026-03-24 10:00,short,2135.85,2,4271.7,-38.16,-0.89,14.16,0.33,-68.54,-1.60,6586,6.59
825,多头出场,2026-03-24 22:00,short,2133.82,2,4309.86,-42.22,-0.98,40.1,0.93,-68.04,-1.58,6543.78,6.54
825,多头进场,2026-03-24 16:00,long,2154.93,2,4309.86,-42.22,-0.98,40.1,0.93,-68.04,-1.58,6543.78,6.54
826,空头出场,2026-03-25 04:00,long,2148.24,2,4267.64,-28.84,-0.68,60.52,1.42,-40.52,-0.95,6514.94,6.51
826,空头进场,2026-03-24 22:00,short,2133.82,2,4267.64,-28.84,-0.68,60.52,1.42,-40.52,-0.95,6514.94,6.51
827,多头出场,2026-03-25 22:00,short,2173.1,2,4296.48,49.72,1.16,99.62,2.32,-15.4,-0.36,6564.66,6.56
827,多头进场,2026-03-25 04:00,long,2148.24,2,4296.48,49.72,1.16,99.62,2.32,-15.4,-0.36,6564.66,6.56
828,空头出场,2026-03-27 10:00,long,2067.14,2,4346.2,211.92,4.88,278.02,6.40,-20.12,-0.46,6776.58,6.78
828,空头进场,2026-03-25 22:00,short,2173.1,2,4346.2,211.92,4.88,278.02,6.40,-20.12,-0.46,6776.58,6.78
829,多头出场,2026-03-27 16:00,short,2046.79,2,4134.28,-40.7,-0.98,6.82,0.16,-66.4,-1.61,6735.88,6.74
829,多头进场,2026-03-27 10:00,long,2067.14,2,4134.28,-40.7,-0.98,6.82,0.16,-66.4,-1.61,6735.88,6.74
830,空头出场,2026-03-28 07:00,long,1991.88,2,4093.58,109.82,2.68,151.3,3.70,-7.5,-0.18,6845.7,6.85
830,空头进场,2026-03-27 16:00,short,2046.79,2,4093.58,109.82,2.68,151.3,3.70,-7.5,-0.18,6845.7,6.85
831,多头出场,2026-03-29 07:00,short,1993.61,2,3983.76,3.46,0.09,90.34,2.27,-19.86,-0.50,6849.16,6.85
831,多头进场,2026-03-28 07:00,long,1991.88,2,3983.76,3.46,0.09,90.34,2.27,-19.86,-0.50,6849.16,6.85
832,空头出场,2026-03-30 04:00,long,2000.97,2,3987.22,-14.72,-0.37,21.14,0.53,-48.22,-1.21,6834.44,6.83
832,空头进场,2026-03-29 07:00,short,1993.61,2,3987.22,-14.72,-0.37,21.14,0.53,-48.22,-1.21,6834.44,6.83
833,多头出场,2026-03-30 07:00,short,1982.91,2,4001.94,-36.12,-0.90,9.18,0.23,-125.52,-3.14,6798.32,6.80
833,多头进场,2026-03-30 04:00,long,2000.97,2,4001.94,-36.12,-0.90,9.18,0.23,-125.52,-3.14,6798.32,6.80
834,空头出场,2026-03-30 10:00,long,2028.53,2,3965.82,-91.24,-2.30,7.84,0.20,-117.54,-2.96,6707.08,6.71
834,空头进场,2026-03-30 07:00,short,1982.91,2,3965.82,-91.24,-2.30,7.84,0.20,-117.54,-2.96,6707.08,6.71
835,多头出场,2026-03-31 01:00,short,2040.27,2,4057.06,23.48,0.58,107.74,2.66,-4.48,-0.11,6730.56,6.73
835,多头进场,2026-03-30 10:00,long,2028.53,2,4057.06,23.48,0.58,107.74,2.66,-4.48,-0.11,6730.56,6.73
836,空头出场,2026-03-31 10:00,long,2071.55,2,4080.54,-62.56,-1.53,56.14,1.38,-97.42,-2.39,6668,6.67
836,空头进场,2026-03-31 01:00,short,2040.27,2,4080.54,-62.56,-1.53,56.14,1.38,-97.42,-2.39,6668,6.67
837,多头出场,2026-03-31 16:00,short,2038.64,2,4143.1,-65.82,-1.59,6.82,0.16,-73,-1.76,6602.18,6.60
837,多头进场,2026-03-31 10:00,long,2071.55,2,4143.1,-65.82,-1.59,6.82,0.16,-73,-1.76,6602.18,6.60
838,空头出场,2026-04-01 01:00,long,2091.72,2,4077.28,-106.16,-2.60,53.78,1.32,-163.52,-4.01,6496.02,6.50
838,空头进场,2026-03-31 16:00,short,2038.64,2,4077.28,-106.16,-2.60,53.78,1.32,-163.52,-4.01,6496.02,6.50
839,多头出场,2026-04-01 10:00,short,2086.68,2,4183.44,-10.08,-0.24,45.54,1.09,-20.58,-0.49,6485.94,6.49
839,多头进场,2026-04-01 01:00,long,2091.72,2,4183.44,-10.08,-0.24,45.54,1.09,-20.58,-0.49,6485.94,6.49
840,空头出场,2026-04-01 13:00,long,2120.93,2,4173.36,-68.5,-1.64,0.02,0.00,-92.88,-2.23,6417.44,6.42
840,空头进场,2026-04-01 10:00,short,2086.68,2,4173.36,-68.5,-1.64,0.02,0.00,-92.88,-2.23,6417.44,6.42
841,多头出场,2026-04-01 22:00,short,2124.83,2,4241.86,7.8,0.18,67.34,1.59,-25.44,-0.60,6425.24,6.43
841,多头进场,2026-04-01 13:00,long,2120.93,2,4241.86,7.8,0.18,67.34,1.59,-25.44,-0.60,6425.24,6.43
842,空头出场,2026-04-02 01:00,long,2135.41,2,4249.66,-21.16,-0.50,8.88,0.21,-81.2,-1.91,6404.08,6.40
842,空头进场,2026-04-01 22:00,short,2124.83,2,4249.66,-21.16,-0.50,8.88,0.21,-81.2,-1.91,6404.08,6.40
843,多头出场,2026-04-02 10:00,short,2073.74,2,4270.82,-123.34,-2.89,55.54,1.30,-139.86,-3.27,6280.74,6.28
843,多头进场,2026-04-02 01:00,long,2135.41,2,4270.82,-123.34,-2.89,55.54,1.30,-139.86,-3.27,6280.74,6.28
844,空头出场,2026-04-02 22:00,long,2063.75,2,4147.48,19.98,0.48,112.68,2.72,-5.3,-0.13,6300.72,6.30
844,空头进场,2026-04-02 10:00,short,2073.74,2,4147.48,19.98,0.48,112.68,2.72,-5.3,-0.13,6300.72,6.30
845,多头出场,2026-04-03 01:00,short,2046.99,2,4127.5,-33.52,-0.81,19.42,0.47,-37.68,-0.91,6267.2,6.27
845,多头进场,2026-04-02 22:00,long,2063.75,2,4127.5,-33.52,-0.81,19.42,0.47,-37.68,-0.91,6267.2,6.27
846,空头出场,2026-04-03 04:00,long,2068.06,2,4093.98,-42.14,-1.03,6.92,0.17,-53.94,-1.32,6225.06,6.23
846,空头进场,2026-04-03 01:00,short,2046.99,2,4093.98,-42.14,-1.03,6.92,0.17,-53.94,-1.32,6225.06,6.23
847,多头出场,2026-04-03 10:00,short,2052.84,2,4136.12,-30.44,-0.74,4.46,0.11,-51,-1.23,6194.62,6.19
847,多头进场,2026-04-03 04:00,long,2068.06,2,4136.12,-30.44,-0.74,4.46,0.11,-51,-1.23,6194.62,6.19
848,空头出场,2026-04-03 13:00,long,2057.4,2,4105.68,-9.12,-0.22,9.44,0.23,-22.9,-0.56,6185.5,6.19
848,空头进场,2026-04-03 10:00,short,2052.84,2,4105.68,-9.12,-0.22,9.44,0.23,-22.9,-0.56,6185.5,6.19
849,多头出场,2026-04-03 22:00,short,2055.1,2,4114.8,-4.6,-0.11,41.18,1.00,-30.34,-0.74,6180.9,6.18
849,多头进场,2026-04-03 13:00,long,2057.4,2,4114.8,-4.6,-0.11,41.18,1.00,-30.34,-0.74,6180.9,6.18
850,空头出场,2026-04-04 07:00,long,2054.16,2,4110.2,1.88,0.05,21.14,0.51,-10.98,-0.27,6182.78,6.18
850,空头进场,2026-04-03 22:00,short,2055.1,2,4110.2,1.88,0.05,21.14,0.51,-10.98,-0.27,6182.78,6.18
851,多头出场,2026-04-04 10:00,short,2050,2,4108.32,-8.32,-0.20,0,0.00,-12.6,-0.31,6174.46,6.17
851,多头进场,2026-04-04 07:00,long,2054.16,2,4108.32,-8.32,-0.20,0,0.00,-12.6,-0.31,6174.46,6.17
852,空头出场,2026-04-04 13:00,long,2053.62,2,4100,-7.24,-0.18,3.32,0.08,-9.48,-0.23,6167.22,6.17
852,空头进场,2026-04-04 10:00,short,2050,2,4100,-7.24,-0.18,3.32,0.08,-9.48,-0.23,6167.22,6.17
853,多头出场,2026-04-04 16:00,short,2050.44,2,4107.24,-6.36,-0.15,8.2,0.20,-7.94,-0.19,6160.86,6.16
853,多头进场,2026-04-04 13:00,long,2053.62,2,4107.24,-6.36,-0.15,8.2,0.20,-7.94,-0.19,6160.86,6.16
854,空头出场,2026-04-04 19:00,long,2051.75,2,4100.88,-2.62,-0.06,5.44,0.13,-9,-0.22,6158.24,6.16
854,空头进场,2026-04-04 16:00,short,2050.44,2,4100.88,-2.62,-0.06,5.44,0.13,-9,-0.22,6158.24,6.16
855,多头出场,2026-04-05 10:00,short,2059.55,2,4103.5,15.6,0.38,62.68,1.53,-13.8,-0.34,6173.84,6.17
855,多头进场,2026-04-04 19:00,long,2051.75,2,4103.5,15.6,0.38,62.68,1.53,-13.8,-0.34,6173.84,6.17
856,空头出场,2026-04-06 01:00,long,2062.14,2,4119.1,-5.18,-0.13,74.48,1.81,-18.16,-0.44,6168.66,6.17
856,空头进场,2026-04-05 10:00,short,2059.55,2,4119.1,-5.18,-0.13,74.48,1.81,-18.16,-0.44,6168.66,6.17
857,多头出场,2026-04-07 01:00,short,2134.18,2,4124.28,144.08,3.49,220.12,5.34,-24.54,-0.60,6312.74,6.31
857,多头进场,2026-04-06 01:00,long,2062.14,2,4124.28,144.08,3.49,220.12,5.34,-24.54,-0.60,6312.74,6.31
858,空头出场,2026-04-07 04:00,long,2147.96,2,4268.36,-27.56,-0.65,6.72,0.16,-39.54,-0.93,6285.18,6.29
858,空头进场,2026-04-07 01:00,short,2134.18,2,4268.36,-27.56,-0.65,6.72,0.16,-39.54,-0.93,6285.18,6.29
859,多头出场,2026-04-07 07:00,short,2106.65,2,4295.92,-82.62,-1.92,0.04,0.00,-119.82,-2.79,6202.56,6.20
859,多头进场,2026-04-07 04:00,long,2147.96,2,4295.92,-82.62,-1.92,0.04,0.00,-119.82,-2.79,6202.56,6.20
860,空头出场,2026-04-08 01:00,long,2099.55,2,4213.3,14.2,0.34,90.28,2.14,-53.06,-1.26,6216.76,6.22
860,空头进场,2026-04-07 07:00,short,2106.65,2,4213.3,14.2,0.34,90.28,2.14,-53.06,-1.26,6216.76,6.22
861,多头出场,2026-04-08 22:00,short,2194.86,2,4199.1,190.62,4.54,347.02,8.26,-33.92,-0.81,6407.38,6.41
861,多头进场,2026-04-08 01:00,long,2099.55,2,4199.1,190.62,4.54,347.02,8.26,-33.92,-0.81,6407.38,6.41
862,空头出场,2026-04-09 01:00,long,2231.48,2,4389.72,-73.24,-1.67,3.42,0.08,-87.2,-1.99,6334.14,6.33
862,空头进场,2026-04-08 22:00,short,2194.86,2,4389.72,-73.24,-1.67,3.42,0.08,-87.2,-1.99,6334.14,6.33
863,多头出场,2026-04-09 04:00,short,2209.47,2,4462.96,-44.02,-0.99,1.38,0.03,-67.92,-1.52,6290.12,6.29
863,多头进场,2026-04-09 01:00,long,2231.48,2,4462.96,-44.02,-0.99,1.38,0.03,-67.92,-1.52,6290.12,6.29
864,空头出场,2026-04-10 01:00,long,2222.98,2,4418.94,-27.02,-0.61,102.88,2.33,-38.76,-0.88,6263.1,6.26
864,空头进场,2026-04-09 04:00,short,2209.47,2,4418.94,-27.02,-0.61,102.88,2.33,-38.76,-0.88,6263.1,6.26
865,多头出场,2026-04-10 07:00,short,2190.42,2,4445.96,-65.12,-1.46,44.06,0.99,-77.5,-1.74,6197.98,6.20
865,多头进场,2026-04-10 01:00,long,2222.98,2,4445.96,-65.12,-1.46,44.06,0.99,-77.5,-1.74,6197.98,6.20
866,空头出场,2026-04-10 13:00,long,2197.01,2,4380.84,-13.18,-0.30,23.96,0.55,-27.48,-0.63,6184.8,6.18
866,空头进场,2026-04-10 07:00,short,2190.42,2,4380.84,-13.18,-0.30,23.96,0.55,-27.48,-0.63,6184.8,6.18
867,多头出场,2026-04-10 16:00,short,2185.84,2,4394.02,-22.34,-0.51,2.72,0.06,-40.58,-0.92,6162.46,6.16
867,多头进场,2026-04-10 13:00,long,2197.01,2,4394.02,-22.34,-0.51,2.72,0.06,-40.58,-0.92,6162.46,6.16
868,空头出场,2026-04-10 19:00,long,2215.68,2,4371.68,-59.68,-1.37,0.06,0.00,-76.34,-1.75,6102.78,6.10
868,空头进场,2026-04-10 16:00,short,2185.84,2,4371.68,-59.68,-1.37,0.06,0.00,-76.34,-1.75,6102.78,6.10
869,多头出场,2026-04-11 13:00,short,2233.64,2,4431.36,35.92,0.81,82.7,1.87,-14.14,-0.32,6138.7,6.14
869,多头进场,2026-04-10 19:00,long,2215.68,2,4431.36,35.92,0.81,82.7,1.87,-14.14,-0.32,6138.7,6.14
870,空头出场,2026-04-11 19:00,long,2246.85,2,4467.28,-26.42,-0.59,5.94,0.13,-32.54,-0.73,6112.28,6.11
870,空头进场,2026-04-11 13:00,short,2233.64,2,4467.28,-26.42,-0.59,5.94,0.13,-32.54,-0.73,6112.28,6.11
871,多头出场,2026-04-11 22:00,short,2242.92,2,4493.7,-7.86,-0.17,1.1,0.02,-24.38,-0.54,6104.42,6.10
871,多头进场,2026-04-11 19:00,long,2246.85,2,4493.7,-7.86,-0.17,1.1,0.02,-24.38,-0.54,6104.42,6.10
872,空头出场,2026-04-12 01:00,long,2260.52,2,4485.84,-35.2,-0.78,1.54,0.03,-59.08,-1.32,6069.22,6.07
872,空头进场,2026-04-11 22:00,short,2242.92,2,4485.84,-35.2,-0.78,1.54,0.03,-59.08,-1.32,6069.22,6.07
873,多头出场,2026-04-12 10:00,short,2224.1,2,4521.04,-72.84,-1.61,138.42,3.06,-105.42,-2.33,5996.38,6.00
873,多头进场,2026-04-12 01:00,long,2260.52,2,4521.04,-72.84,-1.61,138.42,3.06,-105.42,-2.33,5996.38,6.00
874,空头出场,2026-04-13 01:00,long,2202.98,2,4448.2,42.24,0.95,94.38,2.12,-6.7,-0.15,6038.62,6.04
874,空头进场,2026-04-12 10:00,short,2224.1,2,4448.2,42.24,0.95,94.38,2.12,-6.7,-0.15,6038.62,6.04
875,多头出场,2026-04-13 07:00,short,2192.02,2,4405.96,-21.92,-0.50,30.38,0.69,-36.74,-0.83,6016.7,6.02
875,多头进场,2026-04-13 01:00,long,2202.98,2,4405.96,-21.92,-0.50,30.38,0.69,-36.74,-0.83,6016.7,6.02
876,空头出场,2026-04-13 22:00,long,2233.95,2,4384.04,-83.86,-1.91,32.58,0.74,-85.16,-1.94,5932.84,5.93
876,空头进场,2026-04-13 07:00,short,2192.02,2,4384.04,-83.86,-1.91,32.58,0.74,-85.16,-1.94,5932.84,5.93
877,多头出场,2026-04-14 22:00,short,2354.89,2,4467.9,241.88,5.41,362.86,8.12,-68.04,-1.52,6174.72,6.17
877,多头进场,2026-04-13 22:00,long,2233.95,2,4467.9,241.88,5.41,362.86,8.12,-68.04,-1.52,6174.72,6.17
878,空头出场,2026-04-15 16:00,long,2328.56,2,4709.78,52.66,1.12,101.9,2.16,-34.36,-0.73,6227.38,6.23
878,空头进场,2026-04-14 22:00,short,2354.89,2,4709.78,52.66,1.12,101.9,2.16,-34.36,-0.73,6227.38,6.23
879,多头出场,2026-04-16 16:00,short,2339.86,2,4657.12,22.6,0.49,115.62,2.48,-29.88,-0.64,6249.98,6.25
879,多头进场,2026-04-15 16:00,long,2328.56,2,4657.12,22.6,0.49,115.62,2.48,-29.88,-0.64,6249.98,6.25
880,空头出场,2026-04-17 04:00,long,2350.95,2,4679.72,-22.18,-0.47,107.2,2.29,-49.34,-1.05,6227.8,6.23
880,空头进场,2026-04-16 16:00,short,2339.86,2,4679.72,-22.18,-0.47,107.2,2.29,-49.34,-1.05,6227.8,6.23
881,多头出场,2026-04-17 10:00,short,2332.44,2,4701.9,-37.02,-0.79,12.7,0.27,-49.66,-1.06,6190.78,6.19
881,多头进场,2026-04-17 04:00,long,2350.95,2,4701.9,-37.02,-0.79,12.7,0.27,-49.66,-1.06,6190.78,6.19
882,空头出场,2026-04-17 16:00,long,2355.2,2,4664.88,-45.52,-0.98,28.08,0.60,-53.86,-1.15,6145.26,6.15
882,空头进场,2026-04-17 10:00,short,2332.44,2,4664.88,-45.52,-0.98,28.08,0.60,-53.86,-1.15,6145.26,6.15
883,多头出场,2026-04-18 07:00,short,2419.87,2,4710.4,129.34,2.75,219.26,4.65,-35.48,-0.75,6274.6,6.27
883,多头进场,2026-04-17 16:00,long,2355.2,2,4710.4,129.34,2.75,219.26,4.65,-35.48,-0.75,6274.6,6.27
884,空头出场,2026-04-19 19:00,long,2330.22,2,4839.74,179.3,3.70,237.76,4.91,-16.58,-0.34,6453.9,6.45
884,空头进场,2026-04-18 07:00,short,2419.87,2,4839.74,179.3,3.70,237.76,4.91,-16.58,-0.34,6453.9,6.45
885,多头出场,2026-04-20 01:00,short,2297.46,2,4660.44,-65.52,-1.41,40.92,0.88,-68.22,-1.46,6388.38,6.39
885,多头进场,2026-04-19 19:00,long,2330.22,2,4660.44,-65.52,-1.41,40.92,0.88,-68.22,-1.46,6388.38,6.39
886,空头出场,2026-04-20 16:00,long,2295.19,2,4594.92,4.54,0.10,86.42,1.88,-70.6,-1.54,6392.92,6.39
886,空头进场,2026-04-20 01:00,short,2297.46,2,4594.92,4.54,0.10,86.42,1.88,-70.6,-1.54,6392.92,6.39
887,多头出场,2026-04-21 07:00,short,2314.94,2,4590.38,39.5,0.86,104.8,2.28,-30.02,-0.65,6432.42,6.43
887,多头进场,2026-04-20 16:00,long,2295.19,2,4590.38,39.5,0.86,104.8,2.28,-30.02,-0.65,6432.42,6.43
888,空头出场,2026-04-21 16:00,long,2324.5,2,4629.88,-19.12,-0.41,27.32,0.59,-48.3,-1.04,6413.3,6.41
888,空头进场,2026-04-21 07:00,short,2314.94,2,4629.88,-19.12,-0.41,27.32,0.59,-48.3,-1.04,6413.3,6.41
889,多头出场,2026-04-21 22:00,short,2300.79,2,4649,-47.42,-1.02,27.24,0.59,-57.36,-1.23,6365.88,6.37
889,多头进场,2026-04-21 16:00,long,2324.5,2,4649,-47.42,-1.02,27.24,0.59,-57.36,-1.23,6365.88,6.37
890,空头出场,2026-04-22 04:00,long,2318.03,2,4601.58,-34.48,-0.75,27.26,0.59,-61.94,-1.35,6331.4,6.33
890,空头进场,2026-04-21 22:00,short,2300.79,2,4601.58,-34.48,-0.75,27.26,0.59,-61.94,-1.35,6331.4,6.33
891,多头出场,2026-04-23 04:00,short,2392.29,2,4636.06,148.52,3.20,211.28,4.56,-29.52,-0.64,6479.92,6.48
891,多头进场,2026-04-22 04:00,long,2318.03,2,4636.06,148.52,3.20,211.28,4.56,-29.52,-0.64,6479.92,6.48
892,空头出场,2026-04-24 04:00,long,2326.33,2,4784.58,131.92,2.76,211.42,4.42,-28.8,-0.60,6611.84,6.61
892,空头进场,2026-04-23 04:00,short,2392.29,2,4784.58,131.92,2.76,211.42,4.42,-28.8,-0.60,6611.84,6.61
893,多头出场,2026-04-24 10:00,short,2320.84,2,4652.66,-10.98,-0.24,26.46,0.57,-20.04,-0.43,6600.86,6.60
893,多头进场,2026-04-24 04:00,long,2326.33,2,4652.66,-10.98,-0.24,26.46,0.57,-20.04,-0.43,6600.86,6.60
894,空头出场,2026-04-24 19:00,long,2329.05,2,4641.68,-16.42,-0.35,39.34,0.85,-24.42,-0.53,6584.44,6.58
894,空头进场,2026-04-24 10:00,short,2320.84,2,4641.68,-16.42,-0.35,39.34,0.85,-24.42,-0.53,6584.44,6.58
895,多头出场,2026-04-24 22:00,short,2314.31,2,4658.1,-29.48,-0.63,7.02,0.15,-48,-1.03,6554.96,6.55
895,多头进场,2026-04-24 19:00,long,2329.05,2,4658.1,-29.48,-0.63,7.02,0.15,-48,-1.03,6554.96,6.55
896,空头出场,2026-04-25 01:00,long,2320.44,2,4628.62,-12.26,-0.26,23.2,0.50,-31.9,-0.69,6542.7,6.54
896,空头进场,2026-04-24 22:00,short,2314.31,2,4628.62,-12.26,-0.26,23.2,0.50,-31.9,-0.69,6542.7,6.54
897,多头出场,2026-04-25 07:00,short,2315.83,2,4640.88,-9.22,-0.20,16.94,0.37,-24.32,-0.52,6533.48,6.53
897,多头进场,2026-04-25 01:00,long,2320.44,2,4640.88,-9.22,-0.20,16.94,0.37,-24.32,-0.52,6533.48,6.53
898,空头出场,2026-04-25 16:00,long,2320.2,2,4631.66,-8.74,-0.19,7.38,0.16,-12.44,-0.27,6524.74,6.52
898,空头进场,2026-04-25 07:00,short,2315.83,2,4631.66,-8.74,-0.19,7.38,0.16,-12.44,-0.27,6524.74,6.52
899,多头出场,2026-04-25 19:00,short,2314.44,2,4640.4,-11.52,-0.25,7.52,0.16,-16.08,-0.35,6513.22,6.51
899,多头进场,2026-04-25 16:00,long,2320.2,2,4640.4,-11.52,-0.25,7.52,0.16,-16.08,-0.35,6513.22,6.51
900,空头出场,2026-04-25 22:00,long,2316.85,2,4628.88,-4.82,-0.10,3.62,0.08,-10.26,-0.22,6508.4,6.51
900,空头进场,2026-04-25 19:00,short,2314.44,2,4628.88,-4.82,-0.10,3.62,0.08,-10.26,-0.22,6508.4,6.51
901,多头出场,2026-04-26 01:00,short,2310.17,2,4633.7,-13.36,-0.29,4.96,0.11,-29.1,-0.63,6495.04,6.50
901,多头进场,2026-04-25 22:00,long,2316.85,2,4633.7,-13.36,-0.29,4.96,0.11,-29.1,-0.63,6495.04,6.50
902,空头出场,2026-04-26 04:00,long,2314.02,2,4620.34,-7.7,-0.17,4.32,0.09,-9.24,-0.20,6487.34,6.49
902,空头进场,2026-04-26 01:00,short,2310.17,2,4620.34,-7.7,-0.17,4.32,0.09,-9.24,-0.20,6487.34,6.49
903,多头出场,2026-04-26 10:00,short,2315.96,2,4628.04,3.88,0.08,14.46,0.31,-0.86,-0.02,6491.22,6.49
903,多头进场,2026-04-26 04:00,long,2314.02,2,4628.04,3.88,0.08,14.46,0.31,-0.86,-0.02,6491.22,6.49
904,空头出场,2026-04-26 13:00,long,2328.68,2,4631.92,-25.44,-0.55,16.74,0.36,-39.34,-0.85,6465.78,6.47
904,空头进场,2026-04-26 10:00,short,2315.96,2,4631.92,-25.44,-0.55,16.74,0.36,-39.34,-0.85,6465.78,6.47
905,多头出场,2026-04-27 13:00,short,2324.05,2,4657.36,-9.26,-0.20,152.06,3.26,-16.18,-0.35,6456.52,6.46
905,多头进场,2026-04-26 13:00,long,2328.68,2,4657.36,-9.26,-0.20,152.06,3.26,-16.18,-0.35,6456.52,6.46
906,空头出场,2026-04-28 07:00,long,2304.54,2,4648.1,39.02,0.84,113.06,2.43,-12.16,-0.26,6495.54,6.50
906,空头进场,2026-04-27 13:00,short,2324.05,2,4648.1,39.02,0.84,113.06,2.43,-12.16,-0.26,6495.54,6.50
907,多头出场,2026-04-28 10:00,short,2288.84,2,4609.08,-31.4,-0.68,11.76,0.26,-46.52,-1.01,6464.14,6.46
907,多头进场,2026-04-28 07:00,long,2304.54,2,4609.08,-31.4,-0.68,11.76,0.26,-46.52,-1.01,6464.14,6.46
908,空头出场,2026-04-29 01:00,long,2290.33,2,4577.68,-2.98,-0.07,60.98,1.33,-15.2,-0.33,6461.16,6.46
908,空头进场,2026-04-28 10:00,short,2288.84,2,4577.68,-2.98,-0.07,60.98,1.33,-15.2,-0.33,6461.16,6.46
909,多头出场,2026-04-29 22:00,short,2299.02,2,4580.66,17.38,0.38,111.6,2.44,-23.06,-0.50,6478.54,6.48
909,多头进场,2026-04-29 01:00,long,2290.33,2,4580.66,17.38,0.38,111.6,2.44,-23.06,-0.50,6478.54,6.48
910,空头出场,2026-04-30 16:00,long,2255.85,2,4598.04,86.34,1.88,156.42,3.40,-3.56,-0.08,6564.88,6.56
910,空头进场,2026-04-29 22:00,short,2299.02,2,4598.04,86.34,1.88,156.42,3.40,-3.56,-0.08,6564.88,6.56
911,多头出场,2026-05-01 07:00,short,2256.72,2,4511.7,1.74,0.04,36.52,0.81,-19.32,-0.43,6566.62,6.57
911,多头进场,2026-04-30 16:00,long,2255.85,2,4511.7,1.74,0.04,36.52,0.81,-19.32,-0.43,6566.62,6.57
912,空头出场,2026-05-01 10:00,long,2265.94,2,4513.44,-18.44,-0.41,0.04,0.00,-25.36,-0.56,6548.18,6.55
912,空头进场,2026-05-01 07:00,short,2256.72,2,4513.44,-18.44,-0.41,0.04,0.00,-25.36,-0.56,6548.18,6.55
913,多头出场,2026-05-02 04:00,short,2284.12,2,4531.88,36.36,0.80,115.82,2.56,-1.46,-0.03,6584.54,6.58
913,多头进场,2026-05-01 10:00,long,2265.94,2,4531.88,36.36,0.80,115.82,2.56,-1.46,-0.03,6584.54,6.58
914,空头出场,2026-05-02 10:00,long,2303.06,2,4568.24,-37.88,-0.83,2.26,0.05,-46.3,-1.01,6546.66,6.55
914,空头进场,2026-05-02 04:00,short,2284.12,2,4568.24,-37.88,-0.83,2.26,0.05,-46.3,-1.01,6546.66,6.55
915,多头出场,2026-05-02 13:00,short,2299.24,2,4606.12,-7.64,-0.17,9.86,0.21,-13.06,-0.28,6539.02,6.54
915,多头进场,2026-05-02 10:00,long,2303.06,2,4606.12,-7.64,-0.17,9.86,0.21,-13.06,-0.28,6539.02,6.54
916,空头出场,2026-05-02 16:00,long,2303.12,2,4598.48,-7.76,-0.17,4.58,0.10,-13.34,-0.29,6531.26,6.53
916,空头进场,2026-05-02 13:00,short,2299.24,2,4598.48,-7.76,-0.17,4.58,0.10,-13.34,-0.29,6531.26,6.53
917,多头出场,2026-05-02 19:00,short,2301.81,2,4606.24,-2.62,-0.06,8.72,0.19,-6.26,-0.14,6528.64,6.53
917,多头进场,2026-05-02 16:00,long,2303.12,2,4606.24,-2.62,-0.06,8.72,0.19,-6.26,-0.14,6528.64,6.53
918,空头出场,2026-05-02 22:00,long,2306.36,2,4603.62,-9.1,-0.20,1.5,0.03,-19.3,-0.42,6519.54,6.52
918,空头进场,2026-05-02 19:00,short,2301.81,2,4603.62,-9.1,-0.20,1.5,0.03,-19.3,-0.42,6519.54,6.52
919,多头出场,2026-05-03 10:00,short,2303.41,2,4612.72,-5.9,-0.13,69.68,1.51,-13.62,-0.30,6513.64,6.51
919,多头进场,2026-05-02 22:00,long,2306.36,2,4612.72,-5.9,-0.13,69.68,1.51,-13.62,-0.30,6513.64,6.51
920,空头出场,2026-05-03 16:00,long,2308.28,2,4606.82,-9.74,-0.21,11.46,0.25,-21.1,-0.46,6503.9,6.50
920,空头进场,2026-05-03 10:00,short,2303.41,2,4606.82,-9.74,-0.21,11.46,0.25,-21.1,-0.46,6503.9,6.50
921,多头出场,2026-05-04 07:00,short,2322.75,2,4616.56,28.94,0.63,95.48,2.07,-1.44,-0.03,6532.84,6.53
921,多头进场,2026-05-03 16:00,long,2308.28,2,4616.56,28.94,0.63,95.48,2.07,-1.44,-0.03,6532.84,6.53
922,空头出场,2026-05-04 10:00,long,2374.11,2,4645.5,-102.72,-2.21,27.08,0.58,-127.54,-2.75,6430.12,6.43
922,空头进场,2026-05-04 07:00,short,2322.75,2,4645.5,-102.72,-2.21,27.08,0.58,-127.54,-2.75,6430.12,6.43
923,多头出场,2026-05-04 16:00,short,2359.81,2,4748.22,-28.6,-0.60,48.24,1.02,-39.96,-0.84,6401.52,6.40
923,多头进场,2026-05-04 10:00,long,2374.11,2,4748.22,-28.6,-0.60,48.24,1.02,-39.96,-0.84,6401.52,6.40
924,空头出场,2026-05-04 22:00,long,2371.21,2,4719.62,-22.8,-0.48,91.04,1.93,-42.26,-0.90,6378.72,6.38
924,空头进场,2026-05-04 16:00,short,2359.81,2,4719.62,-22.8,-0.48,91.04,1.93,-42.26,-0.90,6378.72,6.38
925,多头出场,2026-05-05 04:00,short,2349.89,2,4742.42,-42.64,-0.90,15.58,0.33,-70.42,-1.48,6336.08,6.34
925,多头进场,2026-05-04 22:00,long,2371.21,2,4742.42,-42.64,-0.90,15.58,0.33,-70.42,-1.48,6336.08,6.34
926,空头出场,2026-05-05 10:00,long,2367.13,2,4699.78,-34.48,-0.73,10.76,0.23,-53.34,-1.13,6301.6,6.30
926,空头进场,2026-05-05 04:00,short,2349.89,2,4699.78,-34.48,-0.73,10.76,0.23,-53.34,-1.13,6301.6,6.30
927,多头出场,2026-05-06 01:00,short,2362.4,2,4734.26,-9.46,-0.20,62.82,1.33,-15.26,-0.32,6292.14,6.29
927,多头进场,2026-05-05 10:00,long,2367.13,2,4734.26,-9.46,-0.20,62.82,1.33,-15.26,-0.32,6292.14,6.29
928,空头出场,2026-05-06 04:00,long,2381.95,2,4724.8,-39.1,-0.83,0,0.00,-48.14,-1.02,6253.04,6.25
928,空头进场,2026-05-06 01:00,short,2362.4,2,4724.8,-39.1,-0.83,0,0.00,-48.14,-1.02,6253.04,6.25
929,多头出场,2026-05-06 07:00,short,2360.28,2,4763.9,-43.34,-0.91,11.4,0.24,-54.52,-1.14,6209.7,6.21
929,多头进场,2026-05-06 04:00,long,2381.95,2,4763.9,-43.34,-0.91,11.4,0.24,-54.52,-1.14,6209.7,6.21
930,空头出场,2026-05-06 16:00,long,2394.01,2,4720.56,-67.46,-1.43,11.08,0.23,-71.3,-1.51,6142.24,6.14
930,空头进场,2026-05-06 07:00,short,2360.28,2,4720.56,-67.46,-1.43,11.08,0.23,-71.3,-1.51,6142.24,6.14
931,多头出场,2026-05-06 22:00,short,2359.17,2,4788.02,-69.68,-1.46,58.76,1.23,-93.28,-1.95,6072.56,6.07
931,多头进场,2026-05-06 16:00,long,2394.01,2,4788.02,-69.68,-1.46,58.76,1.23,-93.28,-1.95,6072.56,6.07
932,空头出场,2026-05-08 16:00,long,2283.45,2,4718.34,151.44,3.21,186.66,3.96,-14.04,-0.30,6224,6.22
932,空头进场,2026-05-06 22:00,short,2359.17,2,4718.34,151.44,3.21,186.66,3.96,-14.04,-0.30,6224,6.22
933,多头出场,2026-05-09 19:00,short,2314.63,2,4566.9,62.36,1.37,82.84,1.81,-27.18,-0.60,6286.36,6.29
933,多头进场,2026-05-08 16:00,long,2283.45,2,4566.9,62.36,1.37,82.84,1.81,-27.18,-0.60,6286.36,6.29
934,空头出场,2026-05-10 01:00,long,2329.49,2,4629.26,-29.72,-0.64,29.14,0.63,-37.48,-0.81,6256.64,6.26
934,空头进场,2026-05-09 19:00,short,2314.63,2,4629.26,-29.72,-0.64,29.14,0.63,-37.48,-0.81,6256.64,6.26
935,多头出场,2026-05-10 13:00,short,2326.88,2,4658.98,-5.22,-0.11,17.04,0.37,-23.06,-0.49,6251.42,6.25
935,多头进场,2026-05-10 01:00,long,2329.49,2,4658.98,-5.22,-0.11,17.04,0.37,-23.06,-0.49,6251.42,6.25
936,空头出场,2026-05-10 16:00,long,2329.62,2,4653.76,-5.48,-0.12,2.16,0.05,-9.36,-0.20,6245.94,6.25
936,空头进场,2026-05-10 13:00,short,2326.88,2,4653.76,-5.48,-0.12,2.16,0.05,-9.36,-0.20,6245.94,6.25
937,多头出场,2026-05-10 19:00,short,2322.28,2,4659.24,-14.68,-0.32,6.82,0.15,-21.94,-0.47,6231.26,6.23
937,多头进场,2026-05-10 16:00,long,2329.62,2,4659.24,-14.68,-0.32,6.82,0.15,-21.94,-0.47,6231.26,6.23
938,空头出场,2026-05-10 22:00,long,2330.44,2,4644.56,-16.32,-0.35,3.6,0.08,-23.54,-0.51,6214.94,6.21
938,空头进场,2026-05-10 19:00,short,2322.28,2,4644.56,-16.32,-0.35,3.6,0.08,-23.54,-0.51,6214.94,6.21
939,多头出场,2026-05-11 04:00,short,2328.35,2,4660.88,-4.18,-0.09,77.66,1.67,-35.88,-0.77,6210.76,6.21
939,多头进场,2026-05-10 22:00,long,2330.44,2,4660.88,-4.18,-0.09,77.66,1.67,-35.88,-0.77,6210.76,6.21
940,空头出场,2026-05-11 07:00,long,2370.37,2,4656.7,-84.04,-1.80,9.18,0.20,-106.62,-2.29,6126.72,6.13
940,空头进场,2026-05-11 04:00,short,2328.35,2,4656.7,-84.04,-1.80,9.18,0.20,-106.62,-2.29,6126.72,6.13
941,多头出场,2026-05-11 10:00,short,2345.53,2,4740.74,-49.68,-1.05,8.2,0.17,-53.48,-1.13,6077.04,6.08
941,多头进场,2026-05-11 07:00,long,2370.37,2,4740.74,-49.68,-1.05,8.2,0.17,-53.48,-1.13,6077.04,6.08
942,空头出场,2026-05-12 01:00,long,2337.04,2,4691.06,16.98,0.36,80.96,1.73,-0.06,0.00,6094.02,6.09
942,空头进场,2026-05-11 10:00,short,2345.53,2,4691.06,16.98,0.36,80.96,1.73,-0.06,0.00,6094.02,6.09
943,多头出场,2026-05-12 10:00,short,2314.97,2,4674.08,-44.14,-0.94,17.42,0.37,-83.86,-1.79,6049.88,6.05
943,多头进场,2026-05-12 01:00,long,2337.04,2,4674.08,-44.14,-0.94,17.42,0.37,-83.86,-1.79,6049.88,6.05
944,空头出场,2026-05-13 04:00,long,2284.19,2,4629.94,61.56,1.33,117.86,2.55,-2.8,-0.06,6111.44,6.11
944,空头进场,2026-05-12 10:00,short,2314.97,2,4629.94,61.56,1.33,117.86,2.55,-2.8,-0.06,6111.44,6.11
945,多头出场,2026-05-13 07:00,short,2274.15,2,4568.38,-20.08,-0.44,12.24,0.27,-22.18,-0.49,6091.36,6.09
945,多头进场,2026-05-13 04:00,long,2284.19,2,4568.38,-20.08,-0.44,12.24,0.27,-22.18,-0.49,6091.36,6.09
946,空头出场,2026-05-13 10:00,long,2293.39,2,4548.3,-38.48,-0.85,2.5,0.05,-50.06,-1.10,6052.88,6.05
946,空头进场,2026-05-13 07:00,short,2274.15,2,4548.3,-38.48,-0.85,2.5,0.05,-50.06,-1.10,6052.88,6.05
947,多头出场,2026-05-13 22:00,short,2266.93,2,4586.78,-52.92,-1.15,58.72,1.28,-84.72,-1.85,5999.96,6.00
947,多头进场,2026-05-13 10:00,long,2293.39,2,4586.78,-52.92,-1.15,58.72,1.28,-84.72,-1.85,5999.96,6.00
948,空头出场,2026-05-14 13:00,long,2267.39,2,4533.86,-0.92,-0.02,66.08,1.46,-10.88,-0.24,5999.04,6.00
948,空头进场,2026-05-13 22:00,short,2266.93,2,4533.86,-0.92,-0.02,66.08,1.46,-10.88,-0.24,5999.04,6.00
949,多头出场,2026-05-14 19:00,short,2252.94,2,4534.78,-28.9,-0.64,12.42,0.27,-31.38,-0.69,5970.14,5.97
949,多头进场,2026-05-14 13:00,long,2267.39,2,4534.78,-28.9,-0.64,12.42,0.27,-31.38,-0.69,5970.14,5.97
950,空头出场,2026-05-14 22:00,long,2285.73,2,4505.88,-65.58,-1.46,14.7,0.33,-69.18,-1.54,5904.56,5.90
950,空头进场,2026-05-14 19:00,short,2252.94,2,4505.88,-65.58,-1.46,14.7,0.33,-69.18,-1.54,5904.56,5.90
951,多头出场,2026-05-15 07:00,short,2282.25,2,4571.46,-6.96,-0.15,64.9,1.42,-12.1,-0.26,5897.6,5.90
951,多头进场,2026-05-14 22:00,long,2285.73,2,4571.46,-6.96,-0.15,64.9,1.42,-12.1,-0.26,5897.6,5.90
952,空头出场,2026-05-16 10:00,long,2228.5,2,4564.5,107.5,2.36,154.7,3.39,-34.82,-0.76,6005.1,6.01
952,空头进场,2026-05-15 07:00,short,2282.25,2,4564.5,107.5,2.36,154.7,3.39,-34.82,-0.76,6005.1,6.01
953,多头出场,2026-05-16 13:00,short,2224.07,2,4457,-8.86,-0.20,1.48,0.03,-21.98,-0.49,5996.24,6.00
953,多头进场,2026-05-16 10:00,long,2228.5,2,4457,-8.86,-0.20,1.48,0.03,-21.98,-0.49,5996.24,6.00
954,空头出场,2026-05-17 07:00,long,2179.49,2,4448.14,89.16,2.00,124.76,2.80,-2.8,-0.06,6085.4,6.09
954,空头进场,2026-05-16 13:00,short,2224.07,2,4448.14,89.16,2.00,124.76,2.80,-2.8,-0.06,6085.4,6.09
955,多头出场,2026-05-17 10:00,short,2173.53,2,4358.98,-11.92,-0.27,10.36,0.24,-24.3,-0.56,6073.48,6.07
955,多头进场,2026-05-17 07:00,long,2179.49,2,4358.98,-11.92,-0.27,10.36,0.24,-24.3,-0.56,6073.48,6.07
956,空头出场,2026-05-17 13:00,long,2184.98,2,4347.06,-22.9,-0.53,0.46,0.01,-40.36,-0.93,6050.58,6.05
956,空头进场,2026-05-17 10:00,short,2173.53,2,4347.06,-22.9,-0.53,0.46,0.01,-40.36,-0.93,6050.58,6.05
957,多头出场,2026-05-18 01:00,short,2182.87,2,4369.96,-4.22,-0.10,24.4,0.56,-17.96,-0.41,6046.36,6.05
957,多头进场,2026-05-17 13:00,long,2184.98,2,4369.96,-4.22,-0.10,24.4,0.56,-17.96,-0.41,6046.36,6.05
958,空头出场,2026-05-18 04:00,long,2188.61,2,4365.74,-11.48,-0.26,9.1,0.21,-19.7,-0.45,6034.88,6.03
958,空头进场,2026-05-18 01:00,short,2182.87,2,4365.74,-11.48,-0.26,9.1,0.21,-19.7,-0.45,6034.88,6.03
959,多头出场,2026-05-18 07:00,short,2130.11,2,4377.22,-117,-2.67,10.4,0.24,-183.32,-4.19,5917.88,5.92
959,多头进场,2026-05-18 04:00,long,2188.61,2,4377.22,-117,-2.67,10.4,0.24,-183.32,-4.19,5917.88,5.92
960,空头出场,2026-05-18 19:00,long,2132.84,2,4260.22,-5.46,-0.13,51.44,1.21,-15.86,-0.37,5912.42,5.91
960,空头进场,2026-05-18 07:00,short,2130.11,2,4260.22,-5.46,-0.13,51.44,1.21,-15.86,-0.37,5912.42,5.91
961,多头出场,2026-05-18 22:00,short,2109.17,2,4265.68,-47.34,-1.11,46.54,1.09,-68.1,-1.60,5865.08,5.87
961,多头进场,2026-05-18 19:00,long,2132.84,2,4265.68,-47.34,-1.11,46.54,1.09,-68.1,-1.60,5865.08,5.87
962,空头出场,2026-05-19 04:00,long,2116.53,2,4218.34,-14.72,-0.35,61.18,1.45,-40.16,-0.95,5850.36,5.85
962,空头进场,2026-05-18 22:00,short,2109.17,2,4218.34,-14.72,-0.35,61.18,1.45,-40.16,-0.95,5850.36,5.85
963,多头出场,2026-05-19 19:00,short,2109.47,2,4233.06,-14.12,-0.33,56.14,1.33,-21.08,-0.50,5836.24,5.84
963,多头进场,2026-05-19 04:00,long,2116.53,2,4233.06,-14.12,-0.33,56.14,1.33,-21.08,-0.50,5836.24,5.84
964,空头出场,2026-05-20 01:00,long,2114.44,2,4218.94,-9.94,-0.24,31.36,0.74,-32.84,-0.78,5826.3,5.83
964,空头进场,2026-05-19 19:00,short,2109.47,2,4218.94,-9.94,-0.24,31.36,0.74,-32.84,-0.78,5826.3,5.83
965,多头出场,2026-05-20 07:00,short,2110.55,2,4228.88,-7.78,-0.18,14.34,0.34,-26.24,-0.62,5818.52,5.82
965,多头进场,2026-05-20 01:00,long,2114.44,2,4228.88,-7.78,-0.18,14.34,0.34,-26.24,-0.62,5818.52,5.82
966,空头出场,2026-05-20 13:00,long,2123.79,2,4221.1,-26.48,-0.63,17.94,0.43,-35.98,-0.85,5792.04,5.79
966,空头进场,2026-05-20 07:00,short,2110.55,2,4221.1,-26.48,-0.63,17.94,0.43,-35.98,-0.85,5792.04,5.79
967,多头出场,2026-05-21 07:00,short,2127.66,2,4247.58,7.74,0.18,46.08,1.08,-21.96,-0.52,5799.78,5.80
967,多头进场,2026-05-20 13:00,long,2123.79,2,4247.58,7.74,0.18,46.08,1.08,-21.96,-0.52,5799.78,5.80
968,空头出场,2026-05-21 10:00,long,2139.44,2,4255.32,-23.56,-0.55,2.14,0.05,-53.72,-1.26,5776.22,5.78
968,空头进场,2026-05-21 07:00,short,2127.66,2,4255.32,-23.56,-0.55,2.14,0.05,-53.72,-1.26,5776.22,5.78
969,多头出场,2026-05-21 13:00,short,2134.16,2,4278.88,-10.56,-0.25,14.32,0.33,-15.48,-0.36,5765.66,5.77
969,多头进场,2026-05-21 10:00,long,2139.44,2,4278.88,-10.56,-0.25,14.32,0.33,-15.48,-0.36,5765.66,5.77
970,空头出场,2026-05-21 16:00,long,2136.03,2,4268.32,-3.74,-0.09,23.38,0.55,-23.64,-0.55,5761.92,5.76
970,空头进场,2026-05-21 13:00,short,2134.16,2,4268.32,-3.74,-0.09,23.38,0.55,-23.64,-0.55,5761.92,5.76
971,多头出场,2026-05-21 19:00,short,2113.11,2,4272.06,-45.84,-1.07,5.36,0.13,-56.16,-1.31,5716.08,5.72
971,多头进场,2026-05-21 16:00,long,2136.03,2,4272.06,-45.84,-1.07,5.36,0.13,-56.16,-1.31,5716.08,5.72
972,空头出场,2026-05-22 01:00,long,2144.5,2,4226.22,-62.78,-1.49,19.72,0.47,-76.64,-1.81,5653.3,5.65
972,空头进场,2026-05-21 19:00,short,2113.11,2,4226.22,-62.78,-1.49,19.72,0.47,-76.64,-1.81,5653.3,5.65
973,多头出场,2026-05-22 07:00,short,2131.63,2,4289,-25.74,-0.60,2.58,0.06,-49.52,-1.15,5627.56,5.63
973,多头进场,2026-05-22 01:00,long,2144.5,2,4289,-25.74,-0.60,2.58,0.06,-49.52,-1.15,5627.56,5.63
974,空头出场,2026-05-22 10:00,long,2136.01,2,4263.26,-8.76,-0.21,15.32,0.36,-12.9,-0.30,5618.8,5.62
974,空头进场,2026-05-22 07:00,short,2131.63,2,4263.26,-8.76,-0.21,15.32,0.36,-12.9,-0.30,5618.8,5.62
975,多头出场,2026-05-22 13:00,short,2127.29,2,4272.02,-17.44,-0.41,6.76,0.16,-20.8,-0.49,5601.36,5.60
975,多头进场,2026-05-22 10:00,long,2136.01,2,4272.02,-17.44,-0.41,6.76,0.16,-20.8,-0.49,5601.36,5.60
976,空头出场,2026-05-22 19:00,long,2128.79,2,4254.58,-3,-0.07,19.92,0.47,-8.14,-0.19,5598.36,5.60
976,空头进场,2026-05-22 13:00,short,2127.29,2,4254.58,-3,-0.07,19.92,0.47,-8.14,-0.19,5598.36,5.60
977,多头出场,2026-05-22 22:00,short,2115.06,2,4257.58,-27.46,-0.64,13.88,0.33,-35.92,-0.84,5570.9,5.57
977,多头进场,2026-05-22 19:00,long,2128.79,2,4257.58,-27.46,-0.64,13.88,0.33,-35.92,-0.84,5570.9,5.57
978,空头出场,2026-05-23 22:00,long,2059.12,2,4230.12,111.88,2.64,210.14,4.97,-25.64,-0.61,5682.78,5.68
978,空头进场,2026-05-22 22:00,short,2115.06,2,4230.12,111.88,2.64,210.14,4.97,-25.64,-0.61,5682.78,5.68
979,多头出场,2026-05-24 22:00,short,2095.3,2,4118.24,72.36,1.76,174.86,4.25,-11.78,-0.29,5755.14,5.76
979,多头进场,2026-05-23 22:00,long,2059.12,2,4118.24,72.36,1.76,174.86,4.25,-11.78,-0.29,5755.14,5.76
980,空头出场,2026-05-25 10:15,开盘价,2104.42,2,4190.6,-18.24,-0.44,69.26,1.65,-29.1,-0.69,5736.9,5.74
980,空头进场,2026-05-24 22:00,short,2095.3,2,4190.6,-18.24,-0.44,69.26,1.65,-29.1,-0.69,5736.9,5.74