交易 #,类型,日期和时间,信号,价格 USD,大小（数量）,大小（价值）,净损益 USD,净损益 %,有利波动 USD,有利波动 %,不利波动 USD,不利波动 %,累计P&L USD,累计P&L %
1,空头出场,2025-10-29 19:00,long,4010.59,0.4976,1999.973824,4.3,0.22,16.92,0.85,-0.96,-0.05,4.3,0.00
1,空头进场,2025-10-29 16:00,short,4019.24,0.4976,1999.973824,4.3,0.22,16.92,0.85,-0.96,-0.05,4.3,0.00
2,多头出场,2025-10-29 20:00,short,4005.47,0.4986,1999.680174,-2.55,-0.13,3.59,0.18,-2.57,-0.13,1.75,0.00
2,多头进场,2025-10-29 19:00,long,4010.59,0.4986,1999.680174,-2.55,-0.13,3.59,0.18,-2.57,-0.13,1.75,0.00
3,空头出场,2025-10-29 20:30,long,4016.85,0.4993,1999.931171,-5.68,-0.28,0.17,0.01,-7.59,-0.38,-3.93,0.00
3,空头进场,2025-10-29 20:00,short,4005.47,0.4993,1999.931171,-5.68,-0.28,0.17,0.01,-7.59,-0.38,-3.93,0.00
4,多头出场,2025-10-29 21:30,short,3995.99,0.4979,1999.989615,-10.39,-0.52,6.69,0.33,-15.38,-0.77,-14.32,0.00
4,多头进场,2025-10-29 20:30,long,4016.85,0.4979,1999.989615,-10.39,-0.52,6.69,0.33,-15.38,-0.77,-14.32,0.00
5,空头出场,2025-10-30 01:30,long,4014.25,0.5005,1999.992995,-9.14,-0.46,33.58,1.68,-10.25,-0.51,-23.46,0.00
5,空头进场,2025-10-29 21:30,short,3995.99,0.5005,1999.992995,-9.14,-0.46,33.58,1.68,-10.25,-0.51,-23.46,0.00
6,多头出场,2025-10-30 02:30,short,3918.86,0.4982,1999.89935,-47.52,-2.38,2.06,0.10,-82.76,-4.14,-70.98,-0.01
6,多头进场,2025-10-30 01:30,long,4014.25,0.4982,1999.89935,-47.52,-2.38,2.06,0.10,-82.76,-4.14,-70.98,-0.01
7,空头出场,2025-10-30 04:30,long,3952.3,0.5103,1999.794258,-17.06,-0.85,14.83,0.74,-20.29,-1.01,-88.04,-0.01
7,空头进场,2025-10-30 02:30,short,3918.86,0.5103,1999.794258,-17.06,-0.85,14.83,0.74,-20.29,-1.01,-88.04,-0.01
8,多头出场,2025-10-30 06:00,short,3940.88,0.506,1999.8638,-5.78,-0.29,5.92,0.30,-10.02,-0.50,-93.82,-0.01
8,多头进场,2025-10-30 04:30,long,3952.3,0.506,1999.8638,-5.78,-0.29,5.92,0.30,-10.02,-0.50,-93.82,-0.01
9,空头出场,2025-10-30 08:30,long,3922.85,0.5075,1999.9966,9.15,0.46,33.06,1.65,-4.63,-0.23,-84.67,-0.01
9,空头进场,2025-10-30 06:00,short,3940.88,0.5075,1999.9966,9.15,0.46,33.06,1.65,-4.63,-0.23,-84.67,-0.01
10,多头出场,2025-10-30 09:00,short,3913.82,0.5098,1999.86893,-4.6,-0.23,1.33,0.07,-8.13,-0.41,-89.28,-0.01
10,多头进场,2025-10-30 08:30,long,3922.85,0.5098,1999.86893,-4.6,-0.23,1.33,0.07,-8.13,-0.41,-89.28,-0.01
11,空头出场,2025-10-30 09:30,long,3927.72,0.511,1999.96202,-7.1,-0.36,0.72,0.04,-11.11,-0.56,-96.38,-0.01
11,空头进场,2025-10-30 09:00,short,3913.82,0.511,1999.96202,-7.1,-0.36,0.72,0.04,-11.11,-0.56,-96.38,-0.01
12,多头出场,2025-10-30 12:00,short,3855.27,0.5092,1999.995024,-36.89,-1.84,10.9,0.55,-43.95,-2.20,-133.27,-0.01
12,多头进场,2025-10-30 09:30,long,3927.72,0.5092,1999.995024,-36.89,-1.84,10.9,0.55,-43.95,-2.20,-133.27,-0.01
13,空头出场,2025-10-30 13:30,long,3917.35,0.5187,1999.728549,-32.2,-1.61,4.43,0.22,-35.43,-1.77,-165.47,-0.02
13,空头进场,2025-10-30 12:00,short,3855.27,0.5187,1999.728549,-32.2,-1.61,4.43,0.22,-35.43,-1.77,-165.47,-0.02
14,多头出场,2025-10-30 16:30,short,3922.05,0.5105,1999.807175,2.4,0.12,14.05,0.70,-9.68,-0.48,-163.07,-0.02
14,多头进场,2025-10-30 13:30,long,3917.35,0.5105,1999.807175,2.4,0.12,14.05,0.70,-9.68,-0.48,-163.07,-0.02
15,空头出场,2025-10-31 00:00,long,3798.96,0.5099,1999.853295,62.76,3.14,82.99,4.15,-1.3,-0.06,-100.31,-0.01
15,空头进场,2025-10-30 16:30,short,3922.05,0.5099,1999.853295,62.76,3.14,82.99,4.15,-1.3,-0.06,-100.31,-0.01
16,多头出场,2025-10-31 00:30,short,3781.2,0.5264,1999.772544,-9.35,-0.47,0.21,0.01,-12.53,-0.63,-109.66,-0.01
16,多头进场,2025-10-31 00:00,long,3798.96,0.5264,1999.772544,-9.35,-0.47,0.21,0.01,-12.53,-0.63,-109.66,-0.01
17,空头出场,2025-10-31 01:30,long,3771.12,0.5289,1999.87668,5.33,0.27,28.04,1.40,-0.01,0.00,-104.33,-0.01
17,空头进场,2025-10-31 00:30,short,3781.2,0.5289,1999.87668,5.33,0.27,28.04,1.40,-0.01,0.00,-104.33,-0.01
18,多头出场,2025-10-31 02:00,short,3740.52,0.5303,1999.824936,-16.23,-0.81,0.87,0.04,-18.13,-0.91,-120.55,-0.01
18,多头进场,2025-10-31 01:30,long,3771.12,0.5303,1999.824936,-16.23,-0.81,0.87,0.04,-18.13,-0.91,-120.55,-0.01
19,空头出场,2025-10-31 04:30,long,3757.07,0.5346,1999.681992,-8.85,-0.44,32.09,1.60,-9.29,-0.46,-129.4,-0.01
19,空头进场,2025-10-31 02:00,short,3740.52,0.5346,1999.681992,-8.85,-0.44,32.09,1.60,-9.29,-0.46,-129.4,-0.01
20,多头出场,2025-10-31 10:30,short,3821.15,0.5323,1999.888361,34.11,1.71,54.78,2.74,-4.67,-0.23,-95.29,-0.01
20,多头进场,2025-10-31 04:30,long,3757.07,0.5323,1999.888361,34.11,1.71,54.78,2.74,-4.67,-0.23,-95.29,-0.01
21,空头出场,2025-10-31 12:00,long,3861.95,0.5234,1999.98991,-21.35,-1.07,4.77,0.24,-27.01,-1.35,-116.65,-0.01
21,空头进场,2025-10-31 10:30,short,3821.15,0.5234,1999.98991,-21.35,-1.07,4.77,0.24,-27.01,-1.35,-116.65,-0.01
22,多头出场,2025-10-31 13:30,short,3850.37,0.5178,1999.71771,-6,-0.30,5.3,0.27,-8.36,-0.42,-122.64,-0.01
22,多头进场,2025-10-31 12:00,long,3861.95,0.5178,1999.71771,-6,-0.30,5.3,0.27,-8.36,-0.42,-122.64,-0.01
23,空头出场,2025-10-31 16:30,long,3852.25,0.5194,1999.882178,-0.98,-0.05,16.4,0.82,-1.76,-0.09,-123.62,-0.01
23,空头进场,2025-10-31 13:30,short,3850.37,0.5194,1999.882178,-0.98,-0.05,16.4,0.82,-1.76,-0.09,-123.62,-0.01
24,多头出场,2025-10-31 17:00,short,3841.44,0.5191,1999.702975,-5.61,-0.28,5.34,0.27,-6.46,-0.32,-129.23,-0.01
24,多头进场,2025-10-31 16:30,long,3852.25,0.5191,1999.702975,-5.61,-0.28,5.34,0.27,-6.46,-0.32,-129.23,-0.01
25,空头出场,2025-10-31 17:30,long,3844.75,0.5206,1999.853664,-1.72,-0.09,0.67,0.03,-3.48,-0.17,-130.95,-0.01
25,空头进场,2025-10-31 17:00,short,3841.44,0.5206,1999.853664,-1.72,-0.09,0.67,0.03,-3.48,-0.17,-130.95,-0.01
26,多头出场,2025-10-31 18:00,short,3843.43,0.5201,1999.654475,-0.69,-0.03,2.02,0.10,-2.08,-0.10,-131.64,-0.01
26,多头进场,2025-10-31 17:30,long,3844.75,0.5201,1999.654475,-0.69,-0.03,2.02,0.10,-2.08,-0.10,-131.64,-0.01
27,空头出场,2025-10-31 19:30,long,3874.19,0.5203,1999.736629,-16,-0.80,8.18,0.41,-18.88,-0.94,-147.64,-0.01
27,空头进场,2025-10-31 18:00,short,3843.43,0.5203,1999.736629,-16,-0.80,8.18,0.41,-18.88,-0.94,-147.64,-0.01
28,多头出场,2025-10-31 20:30,short,3835.81,0.5162,1999.856878,-19.81,-0.99,6.21,0.31,-20.43,-1.02,-167.46,-0.02
28,多头进场,2025-10-31 19:30,long,3874.19,0.5162,1999.856878,-19.81,-0.99,6.21,0.31,-20.43,-1.02,-167.46,-0.02
29,空头出场,2025-10-31 21:00,long,3857.21,0.5214,1999.991334,-11.16,-0.56,0.04,0.00,-18.89,-0.94,-178.61,-0.02
29,空头进场,2025-10-31 20:30,short,3835.81,0.5214,1999.991334,-11.16,-0.56,0.04,0.00,-18.89,-0.94,-178.61,-0.02
30,多头出场,2025-10-31 22:00,short,3852.63,0.5185,1999.963385,-2.37,-0.12,7.9,0.40,-13.04,-0.65,-180.99,-0.02
30,多头进场,2025-10-31 21:00,long,3857.21,0.5185,1999.963385,-2.37,-0.12,7.9,0.40,-13.04,-0.65,-180.99,-0.02
31,空头出场,2025-10-31 22:30,long,3868.36,0.5191,1999.900233,-8.17,-0.41,3.32,0.17,-9.87,-0.49,-189.15,-0.02
31,空头进场,2025-10-31 22:00,short,3852.63,0.5191,1999.900233,-8.17,-0.41,3.32,0.17,-9.87,-0.49,-189.15,-0.02
32,多头出场,2025-11-01 00:30,short,3822.46,0.517,1999.94212,-23.73,-1.19,7.46,0.37,-27.47,-1.37,-212.88,-0.02
32,多头进场,2025-10-31 22:30,long,3868.36,0.517,1999.94212,-23.73,-1.19,7.46,0.37,-27.47,-1.37,-212.88,-0.02
33,空头出场,2025-11-01 02:30,long,3853.08,0.5232,1999.911072,-16.02,-0.80,8.28,0.41,-23.62,-1.18,-228.9,-0.02
33,空头进场,2025-11-01 00:30,short,3822.46,0.5232,1999.911072,-16.02,-0.80,8.28,0.41,-23.62,-1.18,-228.9,-0.02
34,多头出场,2025-11-01 04:30,short,3859.81,0.519,1999.74852,3.49,0.17,26.99,1.35,-8.5,-0.42,-225.41,-0.02
34,多头进场,2025-11-01 02:30,long,3853.08,0.519,1999.74852,3.49,0.17,26.99,1.35,-8.5,-0.42,-225.41,-0.02
35,空头出场,2025-11-01 09:00,long,3854.83,0.5181,1999.767561,2.58,0.13,14.61,0.73,-3.36,-0.17,-222.83,-0.02
35,空头进场,2025-11-01 04:30,short,3859.81,0.5181,1999.767561,2.58,0.13,14.61,0.73,-3.36,-0.17,-222.83,-0.02
36,多头出场,2025-11-01 09:30,short,3843.41,0.5188,1999.885804,-5.92,-0.30,1.98,0.10,-6.53,-0.33,-228.76,-0.02
36,多头进场,2025-11-01 09:00,long,3854.83,0.5188,1999.885804,-5.92,-0.30,1.98,0.10,-6.53,-0.33,-228.76,-0.02
37,空头出场,2025-11-01 10:30,long,3851.54,0.5203,1999.726223,-4.23,-0.21,3.78,0.19,-5.66,-0.28,-232.99,-0.02
37,空头进场,2025-11-01 09:30,short,3843.41,0.5203,1999.726223,-4.23,-0.21,3.78,0.19,-5.66,-0.28,-232.99,-0.02
38,多头出场,2025-11-01 13:30,short,3854.65,0.5192,1999.719568,1.61,0.08,8.71,0.44,-0.42,-0.02,-231.37,-0.02
38,多头进场,2025-11-01 10:30,long,3851.54,0.5192,1999.719568,1.61,0.08,8.71,0.44,-0.42,-0.02,-231.37,-0.02
39,空头出场,2025-11-01 14:30,long,3857.88,0.5188,1999.79242,-1.68,-0.08,1.21,0.06,-2.92,-0.15,-233.05,-0.02
39,空头进场,2025-11-01 13:30,short,3854.65,0.5188,1999.79242,-1.68,-0.08,1.21,0.06,-2.92,-0.15,-233.05,-0.02
40,多头出场,2025-11-01 19:00,short,3871.61,0.5184,1999.924992,7.12,0.36,12.52,0.63,-1.02,-0.05,-225.93,-0.02
40,多头进场,2025-11-01 14:30,long,3857.88,0.5184,1999.924992,7.12,0.36,12.52,0.63,-1.02,-0.05,-225.93,-0.02
41,空头出场,2025-11-01 19:30,long,3876.97,0.5165,1999.686565,-2.77,-0.14,1.74,0.09,-2.91,-0.15,-228.7,-0.02
41,空头进场,2025-11-01 19:00,short,3871.61,0.5165,1999.686565,-2.77,-0.14,1.74,0.09,-2.91,-0.15,-228.7,-0.02
42,多头出场,2025-11-01 20:30,short,3875.28,0.5158,1999.741126,-0.87,-0.04,1.64,0.08,-1.26,-0.06,-229.57,-0.02
42,多头进场,2025-11-01 19:30,long,3876.97,0.5158,1999.741126,-0.87,-0.04,1.64,0.08,-1.26,-0.06,-229.57,-0.02
43,空头出场,2025-11-01 22:30,long,3872.47,0.516,1999.64448,1.45,0.07,8.98,0.45,-1.55,-0.08,-228.12,-0.02
43,空头进场,2025-11-01 20:30,short,3875.28,0.516,1999.64448,1.45,0.07,8.98,0.45,-1.55,-0.08,-228.12,-0.02
44,多头出场,2025-11-02 01:00,short,3868.4,0.5164,1999.743508,-2.1,-0.11,17.89,0.89,-2.16,-0.11,-230.22,-0.02
44,多头进场,2025-11-01 22:30,long,3872.47,0.5164,1999.743508,-2.1,-0.11,17.89,0.89,-2.16,-0.11,-230.22,-0.02
45,空头出场,2025-11-02 02:30,long,3879.61,0.517,1999.9628,-5.8,-0.29,3.05,0.15,-5.96,-0.30,-236.02,-0.02
45,空头进场,2025-11-02 01:00,short,3868.4,0.517,1999.9628,-5.8,-0.29,3.05,0.15,-5.96,-0.30,-236.02,-0.02
46,多头出场,2025-11-02 03:00,short,3873.74,0.5155,1999.938955,-3.03,-0.15,0.01,0.00,-3.14,-0.16,-239.04,-0.02
46,多头进场,2025-11-02 02:30,long,3879.61,0.5155,1999.938955,-3.03,-0.15,0.01,0.00,-3.14,-0.16,-239.04,-0.02
47,空头出场,2025-11-02 03:30,long,3879.11,0.5162,1999.624588,-2.77,-0.14,1.55,0.08,-3.28,-0.16,-241.81,-0.02
47,空头进场,2025-11-02 03:00,short,3873.74,0.5162,1999.624588,-2.77,-0.14,1.55,0.08,-3.28,-0.16,-241.81,-0.02
48,多头出场,2025-11-02 05:30,short,3866.88,0.5155,1999.681205,-6.3,-0.32,6,0.30,-6.3,-0.32,-248.12,-0.02
48,多头进场,2025-11-02 03:30,long,3879.11,0.5155,1999.681205,-6.3,-0.32,6,0.30,-6.3,-0.32,-248.12,-0.02
49,空头出场,2025-11-02 09:00,long,3873.21,0.5172,1999.950336,-3.27,-0.16,3.07,0.15,-4.74,-0.24,-251.39,-0.03
49,空头进场,2025-11-02 05:30,short,3866.88,0.5172,1999.950336,-3.27,-0.16,3.07,0.15,-4.74,-0.24,-251.39,-0.03
50,多头出场,2025-11-02 15:00,short,3893.74,0.5163,1999.738323,10.6,0.53,18.95,0.95,-3.51,-0.18,-240.79,-0.02
50,多头进场,2025-11-02 09:00,long,3873.21,0.5163,1999.738323,10.6,0.53,18.95,0.95,-3.51,-0.18,-240.79,-0.02
51,空头出场,2025-11-02 15:30,long,3905.59,0.5136,1999.824864,-6.09,-0.30,1.21,0.06,-11.73,-0.59,-246.88,-0.02
51,空头进场,2025-11-02 15:00,short,3893.74,0.5136,1999.824864,-6.09,-0.30,1.21,0.06,-11.73,-0.59,-246.88,-0.02
52,多头出场,2025-11-02 16:00,short,3897.44,0.512,1999.66208,-4.17,-0.21,2.14,0.11,-4.77,-0.24,-251.05,-0.03
52,多头进场,2025-11-02 15:30,long,3905.59,0.512,1999.66208,-4.17,-0.21,2.14,0.11,-4.77,-0.24,-251.05,-0.03
53,空头出场,2025-11-02 17:00,long,3898.9,0.5131,1999.776464,-0.75,-0.04,3.01,0.15,-2.48,-0.12,-251.8,-0.03
53,空头进场,2025-11-02 16:00,short,3897.44,0.5131,1999.776464,-0.75,-0.04,3.01,0.15,-2.48,-0.12,-251.8,-0.03
54,多头出场,2025-11-02 17:30,short,3871.72,0.5129,1999.74581,-13.94,-0.70,0.01,0.00,-15.6,-0.78,-265.74,-0.03
54,多头进场,2025-11-02 17:00,long,3898.9,0.5129,1999.74581,-13.94,-0.70,0.01,0.00,-15.6,-0.78,-265.74,-0.03
55,空头出场,2025-11-02 19:00,long,3880.19,0.5165,1999.74338,-4.37,-0.22,9.37,0.47,-5.27,-0.26,-270.12,-0.03
55,空头进场,2025-11-02 17:30,short,3871.72,0.5165,1999.74338,-4.37,-0.22,9.37,0.47,-5.27,-0.26,-270.12,-0.03
56,多头出场,2025-11-02 20:30,short,3876.22,0.5154,1999.849926,-2.05,-0.10,8.21,0.41,-4.78,-0.24,-272.16,-0.03
56,多头进场,2025-11-02 19:00,long,3880.19,0.5154,1999.849926,-2.05,-0.10,8.21,0.41,-4.78,-0.24,-272.16,-0.03
57,空头出场,2025-11-02 23:00,long,3866.24,0.5159,1999.741898,5.15,0.26,18.99,0.95,-0.11,-0.01,-267.01,-0.03
57,空头进场,2025-11-02 20:30,short,3876.22,0.5159,1999.741898,5.15,0.26,18.99,0.95,-0.11,-0.01,-267.01,-0.03
58,多头出场,2025-11-02 23:30,short,3852.18,0.5172,1999.619328,-7.27,-0.36,1.97,0.10,-7.29,-0.36,-274.29,-0.03
58,多头进场,2025-11-02 23:00,long,3866.24,0.5172,1999.619328,-7.27,-0.36,1.97,0.10,-7.29,-0.36,-274.29,-0.03
59,空头出场,2025-11-03 00:00,long,3858.81,0.5191,1999.666638,-3.44,-0.17,6.34,0.32,-4.69,-0.23,-277.73,-0.03
59,空头进场,2025-11-02 23:30,short,3852.18,0.5191,1999.666638,-3.44,-0.17,6.34,0.32,-4.69,-0.23,-277.73,-0.03
60,多头出场,2025-11-03 03:00,short,3849.41,0.5182,1999.635342,-4.87,-0.24,3.53,0.18,-4.91,-0.25,-282.6,-0.03
60,多头进场,2025-11-03 00:00,long,3858.81,0.5182,1999.635342,-4.87,-0.24,3.53,0.18,-4.91,-0.25,-282.6,-0.03
61,空头出场,2025-11-03 04:30,long,3857.46,0.5195,1999.768495,-4.18,-0.21,3.6,0.18,-4.7,-0.24,-286.78,-0.03
61,空头进场,2025-11-03 03:00,short,3849.41,0.5195,1999.768495,-4.18,-0.21,3.6,0.18,-4.7,-0.24,-286.78,-0.03
62,多头出场,2025-11-03 05:00,short,3852.39,0.5184,1999.707264,-2.63,-0.13,2.41,0.12,-4.41,-0.22,-289.41,-0.03
62,多头进场,2025-11-03 04:30,long,3857.46,0.5184,1999.707264,-2.63,-0.13,2.41,0.12,-4.41,-0.22,-289.41,-0.03
63,空头出场,2025-11-03 05:30,long,3860.16,0.5191,1999.775649,-4.03,-0.20,0.03,0.00,-7.92,-0.40,-293.44,-0.03
63,空头进场,2025-11-03 05:00,short,3852.39,0.5191,1999.775649,-4.03,-0.20,0.03,0.00,-7.92,-0.40,-293.44,-0.03
64,多头出场,2025-11-03 06:30,short,3853.48,0.5181,1999.948896,-3.46,-0.17,1.19,0.06,-8.55,-0.43,-296.9,-0.03
64,多头进场,2025-11-03 05:30,long,3860.16,0.5181,1999.948896,-3.46,-0.17,1.19,0.06,-8.55,-0.43,-296.9,-0.03
65,空头出场,2025-11-03 07:00,long,3873.14,0.519,1999.95612,-10.2,-0.51,0.05,0.00,-14.3,-0.71,-307.11,-0.03
65,空头进场,2025-11-03 06:30,short,3853.48,0.519,1999.95612,-10.2,-0.51,0.05,0.00,-14.3,-0.71,-307.11,-0.03
66,多头出场,2025-11-03 08:30,short,3864.99,0.5163,1999.702182,-4.21,-0.21,21.49,1.07,-4.83,-0.24,-311.31,-0.03
66,多头进场,2025-11-03 07:00,long,3873.14,0.5163,1999.702182,-4.21,-0.21,21.49,1.07,-4.83,-0.24,-311.31,-0.03
67,空头出场,2025-11-03 16:30,long,3716.54,0.5174,1999.745826,76.81,3.84,92.67,4.63,-0.01,0.00,-234.51,-0.02
67,空头进场,2025-11-03 08:30,short,3864.99,0.5174,1999.745826,76.81,3.84,92.67,4.63,-0.01,0.00,-234.51,-0.02
68,多头出场,2025-11-03 17:30,short,3703.35,0.5381,1999.870174,-7.1,-0.35,12.53,0.63,-10.9,-0.54,-241.6,-0.02
68,多头进场,2025-11-03 16:30,long,3716.54,0.5381,1999.870174,-7.1,-0.35,12.53,0.63,-10.9,-0.54,-241.6,-0.02
69,空头出场,2025-11-03 18:00,long,3717.75,0.54,1999.809,-7.78,-0.39,0.05,0.00,-8.55,-0.43,-249.38,-0.02
69,空头进场,2025-11-03 17:30,short,3703.35,0.54,1999.809,-7.78,-0.39,0.05,0.00,-8.55,-0.43,-249.38,-0.02
70,多头出场,2025-11-03 18:30,short,3675.33,0.5379,1999.777725,-22.82,-1.14,0.01,0.00,-27.43,-1.37,-272.2,-0.03
70,多头进场,2025-11-03 18:00,long,3717.75,0.5379,1999.777725,-22.82,-1.14,0.01,0.00,-27.43,-1.37,-272.2,-0.03
71,空头出场,2025-11-03 19:00,long,3706.55,0.5441,1999.747053,-16.99,-0.85,0.73,0.04,-25.23,-1.26,-289.18,-0.03
71,空头进场,2025-11-03 18:30,short,3675.33,0.5441,1999.747053,-16.99,-0.85,0.73,0.04,-25.23,-1.26,-289.18,-0.03
72,多头出场,2025-11-03 21:00,short,3705.64,0.5395,1999.683725,-0.49,-0.02,11.87,0.59,-6.25,-0.31,-289.68,-0.03
72,多头进场,2025-11-03 19:00,long,3706.55,0.5395,1999.683725,-0.49,-0.02,11.87,0.59,-6.25,-0.31,-289.68,-0.03
73,空头出场,2025-11-03 21:30,long,3720.25,0.5397,1999.933908,-7.89,-0.39,0.03,0.00,-12.32,-0.62,-297.56,-0.03
73,空头进场,2025-11-03 21:00,short,3705.64,0.5397,1999.933908,-7.89,-0.39,0.03,0.00,-12.32,-0.62,-297.56,-0.03
74,多头出场,2025-11-03 23:00,short,3634.38,0.5375,1999.634375,-46.16,-2.31,14.86,0.74,-49.39,-2.47,-343.72,-0.03
74,多头进场,2025-11-03 21:30,long,3720.25,0.5375,1999.634375,-46.16,-2.31,14.86,0.74,-49.39,-2.47,-343.72,-0.03
75,空头出场,2025-11-04 01:00,long,3639.79,0.5503,1999.999314,-2.98,-0.15,38.22,1.91,-18.97,-0.95,-346.69,-0.03
75,空头进场,2025-11-03 23:00,short,3634.38,0.5503,1999.999314,-2.98,-0.15,38.22,1.91,-18.97,-0.95,-346.69,-0.03
76,多头出场,2025-11-04 02:30,short,3632.35,0.5494,1999.700626,-4.09,-0.20,22.38,1.12,-4.92,-0.25,-350.78,-0.04
76,多头进场,2025-11-04 01:00,long,3639.79,0.5494,1999.700626,-4.09,-0.20,22.38,1.12,-4.92,-0.25,-350.78,-0.04
77,空头出场,2025-11-04 07:00,long,3592.22,0.5506,1999.97191,22.1,1.10,39.35,1.97,-9.1,-0.45,-328.68,-0.03
77,空头进场,2025-11-04 02:30,short,3632.35,0.5506,1999.97191,22.1,1.10,39.35,1.97,-9.1,-0.45,-328.68,-0.03
78,多头出场,2025-11-04 08:00,short,3567.97,0.5567,1999.788874,-13.5,-0.68,7.81,0.39,-13.58,-0.68,-342.18,-0.03
78,多头进场,2025-11-04 07:00,long,3592.22,0.5567,1999.788874,-13.5,-0.68,7.81,0.39,-13.58,-0.68,-342.18,-0.03
79,空头出场,2025-11-04 08:30,long,3617.85,0.5605,1999.847185,-27.96,-1.40,0.1,0.01,-37.35,-1.87,-370.14,-0.04
79,空头进场,2025-11-04 08:00,short,3567.97,0.5605,1999.847185,-27.96,-1.40,0.1,0.01,-37.35,-1.87,-370.14,-0.04
80,多头出场,2025-11-04 12:30,short,3624.98,0.5528,1999.94748,3.94,0.20,19.81,0.99,-5.97,-0.30,-366.2,-0.04
80,多头进场,2025-11-04 08:30,long,3617.85,0.5528,1999.94748,3.94,0.20,19.81,0.99,-5.97,-0.30,-366.2,-0.04
81,空头出场,2025-11-04 19:00,long,3509.71,0.5517,1999.901466,63.59,3.18,90.18,4.51,-3.43,-0.17,-302.61,-0.03
81,空头进场,2025-11-04 12:30,short,3624.98,0.5517,1999.901466,63.59,3.18,90.18,4.51,-3.43,-0.17,-302.61,-0.03
82,多头出场,2025-11-04 21:00,short,3499.58,0.5698,1999.832758,-5.77,-0.29,13.07,0.65,-8.55,-0.43,-308.38,-0.03
82,多头进场,2025-11-04 19:00,long,3509.71,0.5698,1999.832758,-5.77,-0.29,13.07,0.65,-8.55,-0.43,-308.38,-0.03
83,空头出场,2025-11-04 21:30,long,3507.07,0.5714,1999.660012,-4.28,-0.21,1.07,0.05,-13.43,-0.67,-312.66,-0.03
83,空头进场,2025-11-04 21:00,short,3499.58,0.5714,1999.660012,-4.28,-0.21,1.07,0.05,-13.43,-0.67,-312.66,-0.03
84,多头出场,2025-11-04 22:00,short,3499.15,0.5702,1999.731314,-4.52,-0.23,3,0.15,-7.71,-0.39,-317.17,-0.03
84,多头进场,2025-11-04 21:30,long,3507.07,0.5702,1999.731314,-4.52,-0.23,3,0.15,-7.71,-0.39,-317.17,-0.03
85,空头出场,2025-11-04 22:30,long,3555.7,0.5715,1999.764225,-32.32,-1.62,14.29,0.71,-36.17,-1.81,-349.49,-0.03
85,空头进场,2025-11-04 22:00,short,3499.15,0.5715,1999.764225,-32.32,-1.62,14.29,0.71,-36.17,-1.81,-349.49,-0.03
86,多头出场,2025-11-04 23:30,short,3506.93,0.5624,1999.72568,-27.43,-1.37,17.41,0.87,-33.06,-1.65,-376.92,-0.04
86,多头进场,2025-11-04 22:30,long,3555.7,0.5624,1999.72568,-27.43,-1.37,17.41,0.87,-33.06,-1.65,-376.92,-0.04
87,空头出场,2025-11-05 05:30,long,3214.86,0.5702,1999.651486,166.54,8.33,254.67,12.74,-7.58,-0.38,-210.38,-0.02
87,空头进场,2025-11-04 23:30,short,3506.93,0.5702,1999.651486,166.54,8.33,254.67,12.74,-7.58,-0.38,-210.38,-0.02
88,多头出场,2025-11-05 08:30,short,3239.72,0.6221,1999.964406,15.47,0.77,54.94,2.75,-10,-0.50,-194.92,-0.02
88,多头进场,2025-11-05 05:30,long,3214.86,0.6221,1999.964406,15.47,0.77,54.94,2.75,-10,-0.50,-194.92,-0.02
89,空头出场,2025-11-05 09:30,long,3242.49,0.6173,1999.879156,-1.71,-0.09,44.47,2.22,-8.6,-0.43,-196.63,-0.02
89,空头进场,2025-11-05 08:30,short,3239.72,0.6173,1999.879156,-1.71,-0.09,44.47,2.22,-8.6,-0.43,-196.63,-0.02
90,多头出场,2025-11-05 14:00,short,3324.64,0.6168,1999.967832,50.67,2.53,67.68,3.38,0,0.00,-145.96,-0.01
90,多头进场,2025-11-05 09:30,long,3242.49,0.6168,1999.967832,50.67,2.53,67.68,3.38,0,0.00,-145.96,-0.01
91,空头出场,2025-11-05 14:30,long,3336.65,0.6015,1999.77096,-7.22,-0.36,2.5,0.12,-7.48,-0.37,-153.18,-0.02
91,空头进场,2025-11-05 14:00,short,3324.64,0.6015,1999.77096,-7.22,-0.36,2.5,0.12,-7.48,-0.37,-153.18,-0.02
92,多头出场,2025-11-05 15:00,short,3320.13,0.5994,1999.98801,-9.9,-0.50,0.66,0.03,-18.55,-0.93,-163.08,-0.02
92,多头进场,2025-11-05 14:30,long,3336.65,0.5994,1999.98801,-9.9,-0.50,0.66,0.03,-18.55,-0.93,-163.08,-0.02
93,空头出场,2025-11-05 15:30,long,3330.75,0.6023,1999.714299,-6.4,-0.32,1.71,0.09,-12.47,-0.62,-169.48,-0.02
93,空头进场,2025-11-05 15:00,short,3320.13,0.6023,1999.714299,-6.4,-0.32,1.71,0.09,-12.47,-0.62,-169.48,-0.02
94,多头出场,2025-11-05 16:00,short,3292.97,0.6004,1999.7823,-22.68,-1.13,0.02,0.00,-27.62,-1.38,-192.16,-0.02
94,多头进场,2025-11-05 15:30,long,3330.75,0.6004,1999.7823,-22.68,-1.13,0.02,0.00,-27.62,-1.38,-192.16,-0.02
95,空头出场,2025-11-05 19:30,long,3322.54,0.6073,1999.820681,-17.96,-0.90,10.6,0.53,-18.89,-0.94,-210.12,-0.02
95,空头进场,2025-11-05 16:00,short,3292.97,0.6073,1999.820681,-17.96,-0.90,10.6,0.53,-18.89,-0.94,-210.12,-0.02
96,多头出场,2025-11-06 04:30,short,3451.51,0.6019,1999.836826,77.63,3.88,94.61,4.73,-5.9,-0.29,-132.49,-0.01
96,多头进场,2025-11-05 19:30,long,3322.54,0.6019,1999.836826,77.63,3.88,94.61,4.73,-5.9,-0.29,-132.49,-0.01
97,空头出场,2025-11-06 10:30,long,3422.2,0.5794,1999.804894,16.98,0.85,44.08,2.20,-0.03,0.00,-115.51,-0.01
97,空头进场,2025-11-06 04:30,short,3451.51,0.5794,1999.804894,16.98,0.85,44.08,2.20,-0.03,0.00,-115.51,-0.01
98,多头出场,2025-11-06 13:00,short,3413.24,0.5844,1999.93368,-5.24,-0.26,19.67,0.98,-6.51,-0.33,-120.75,-0.01
98,多头进场,2025-11-06 10:30,long,3422.2,0.5844,1999.93368,-5.24,-0.26,19.67,0.98,-6.51,-0.33,-120.75,-0.01
99,空头出场,2025-11-06 18:00,long,3388.11,0.5859,1999.817316,14.72,0.74,27.16,1.36,-0.95,-0.05,-106.02,-0.01
99,空头进场,2025-11-06 13:00,short,3413.24,0.5859,1999.817316,14.72,0.74,27.16,1.36,-0.95,-0.05,-106.02,-0.01
100,多头出场,2025-11-06 20:00,short,3374.44,0.5902,1999.662522,-8.07,-0.40,15.16,0.76,-8.12,-0.41,-114.09,-0.01
100,多头进场,2025-11-06 18:00,long,3388.11,0.5902,1999.662522,-8.07,-0.40,15.16,0.76,-8.12,-0.41,-114.09,-0.01
101,空头出场,2025-11-06 21:00,long,3392.99,0.5926,1999.693144,-10.99,-0.55,18.41,0.92,-14.32,-0.72,-125.08,-0.01
101,空头进场,2025-11-06 20:00,short,3374.44,0.5926,1999.693144,-10.99,-0.55,18.41,0.92,-14.32,-0.72,-125.08,-0.01
102,多头出场,2025-11-06 22:00,short,3361.4,0.5894,1999.828306,-18.62,-0.93,5.94,0.30,-22.34,-1.12,-143.7,-0.01
102,多头进场,2025-11-06 21:00,long,3392.99,0.5894,1999.828306,-18.62,-0.93,5.94,0.30,-22.34,-1.12,-143.7,-0.01
103,空头出场,2025-11-07 01:30,long,3329.83,0.5949,1999.69686,18.78,0.94,68.3,3.42,-2.08,-0.10,-124.92,-0.01
103,空头进场,2025-11-06 22:00,short,3361.4,0.5949,1999.69686,18.78,0.94,68.3,3.42,-2.08,-0.10,-124.92,-0.01
104,多头出场,2025-11-07 02:00,short,3310.25,0.6006,1999.895898,-11.76,-0.59,3,0.15,-20.22,-1.01,-136.68,-0.01
104,多头进场,2025-11-07 01:30,long,3329.83,0.6006,1999.895898,-11.76,-0.59,3,0.15,-20.22,-1.01,-136.68,-0.01
105,空头出场,2025-11-07 02:30,long,3329.45,0.6041,1999.722025,-11.6,-0.58,0.19,0.01,-25.34,-1.27,-148.28,-0.01
105,空头进场,2025-11-07 02:00,short,3310.25,0.6041,1999.722025,-11.6,-0.58,0.19,0.01,-25.34,-1.27,-148.28,-0.01
106,多头出场,2025-11-07 04:00,short,3308.21,0.6006,1999.66767,-12.76,-0.64,8.5,0.43,-14.17,-0.71,-161.04,-0.02
106,多头进场,2025-11-07 02:30,long,3329.45,0.6006,1999.66767,-12.76,-0.64,8.5,0.43,-14.17,-0.71,-161.04,-0.02
107,空头出场,2025-11-07 05:00,long,3315.84,0.6045,1999.812945,-4.61,-0.23,12.25,0.61,-5.16,-0.26,-165.65,-0.02
107,空头进场,2025-11-07 04:00,short,3308.21,0.6045,1999.812945,-4.61,-0.23,12.25,0.61,-5.16,-0.26,-165.65,-0.02
108,多头出场,2025-11-07 06:00,short,3312.78,0.6031,1999.783104,-1.85,-0.09,11.73,0.59,-4.6,-0.23,-167.5,-0.02
108,多头进场,2025-11-07 05:00,long,3315.84,0.6031,1999.783104,-1.85,-0.09,11.73,0.59,-4.6,-0.23,-167.5,-0.02
109,空头出场,2025-11-07 06:30,long,3320.02,0.6037,1999.925286,-4.37,-0.22,10.21,0.51,-6.21,-0.31,-171.87,-0.02
109,空头进场,2025-11-07 06:00,short,3312.78,0.6037,1999.925286,-4.37,-0.22,10.21,0.51,-6.21,-0.31,-171.87,-0.02
110,多头出场,2025-11-07 07:00,short,3304.3,0.6024,1999.980048,-9.47,-0.47,0,0.00,-17.67,-0.88,-181.34,-0.02
110,多头进场,2025-11-07 06:30,long,3320.02,0.6024,1999.980048,-9.47,-0.47,0,0.00,-17.67,-0.88,-181.34,-0.02
111,空头出场,2025-11-07 07:30,long,3315.2,0.6052,1999.76236,-6.6,-0.33,7.54,0.38,-6.61,-0.33,-187.93,-0.02
111,空头进场,2025-11-07 07:00,short,3304.3,0.6052,1999.76236,-6.6,-0.33,7.54,0.38,-6.61,-0.33,-187.93,-0.02
112,多头出场,2025-11-07 08:00,short,3300.97,0.6032,1999.72864,-8.58,-0.43,7.75,0.39,-13.36,-0.67,-196.52,-0.02
112,多头进场,2025-11-07 07:30,long,3315.2,0.6032,1999.72864,-8.58,-0.43,7.75,0.39,-13.36,-0.67,-196.52,-0.02
113,空头出场,2025-11-07 08:30,long,3323.9,0.6058,1999.727626,-13.89,-0.69,4.3,0.22,-18.17,-0.91,-210.41,-0.02
113,空头进场,2025-11-07 08:00,short,3300.97,0.6058,1999.727626,-13.89,-0.69,4.3,0.22,-18.17,-0.91,-210.41,-0.02
114,多头出场,2025-11-07 10:00,short,3303.92,0.6017,1999.99063,-12.02,-0.60,3.48,0.17,-28.13,-1.41,-222.43,-0.02
114,多头进场,2025-11-07 08:30,long,3323.9,0.6017,1999.99063,-12.02,-0.60,3.48,0.17,-28.13,-1.41,-222.43,-0.02
115,空头出场,2025-11-07 10:30,long,3345.3,0.6053,1999.862776,-25.05,-1.25,0.01,0.00,-26.63,-1.33,-247.48,-0.02
115,空头进场,2025-11-07 10:00,short,3303.92,0.6053,1999.862776,-25.05,-1.25,0.01,0.00,-26.63,-1.33,-247.48,-0.02
116,多头出场,2025-11-07 12:30,short,3337.36,0.5978,1999.82034,-4.75,-0.24,11.17,0.56,-15.93,-0.80,-252.22,-0.03
116,多头进场,2025-11-07 10:30,long,3345.3,0.5978,1999.82034,-4.75,-0.24,11.17,0.56,-15.93,-0.80,-252.22,-0.03
117,空头出场,2025-11-07 13:00,long,3358.46,0.5992,1999.746112,-12.64,-0.63,0.31,0.02,-14.93,-0.75,-264.87,-0.03
117,空头进场,2025-11-07 12:30,short,3337.36,0.5992,1999.746112,-12.64,-0.63,0.31,0.02,-14.93,-0.75,-264.87,-0.03
118,多头出场,2025-11-07 14:30,short,3346.89,0.5955,1999.96293,-6.89,-0.34,5.91,0.30,-7.2,-0.36,-271.76,-0.03
118,多头进场,2025-11-07 13:00,long,3358.46,0.5955,1999.96293,-6.89,-0.34,5.91,0.30,-7.2,-0.36,-271.76,-0.03
119,空头出场,2025-11-07 15:30,long,3357.29,0.5975,1999.766775,-6.21,-0.31,7.05,0.35,-9.74,-0.49,-277.97,-0.03
119,空头进场,2025-11-07 14:30,short,3346.89,0.5975,1999.766775,-6.21,-0.31,7.05,0.35,-9.74,-0.49,-277.97,-0.03
120,多头出场,2025-11-07 16:00,short,3348.77,0.5957,1999.937653,-5.08,-0.25,1.3,0.06,-8.98,-0.45,-283.05,-0.03
120,多头进场,2025-11-07 15:30,long,3357.29,0.5957,1999.937653,-5.08,-0.25,1.3,0.06,-8.98,-0.45,-283.05,-0.03
121,空头出场,2025-11-07 21:30,long,3240.12,0.5972,1999.885444,64.89,3.24,91.05,4.55,-0.35,-0.02,-218.16,-0.02
121,空头进场,2025-11-07 16:00,short,3348.77,0.5972,1999.885444,64.89,3.24,91.05,4.55,-0.35,-0.02,-218.16,-0.02
122,多头出场,2025-11-07 22:00,short,3229.57,0.6172,1999.802064,-6.51,-0.33,4.35,0.22,-9.33,-0.47,-224.67,-0.02
122,多头进场,2025-11-07 21:30,long,3240.12,0.6172,1999.802064,-6.51,-0.33,4.35,0.22,-9.33,-0.47,-224.67,-0.02
123,空头出场,2025-11-07 22:30,long,3286.66,0.6192,1999.749744,-35.35,-1.77,21.38,1.07,-41.75,-2.09,-260.02,-0.03
123,空头进场,2025-11-07 22:00,short,3229.57,0.6192,1999.749744,-35.35,-1.77,21.38,1.07,-41.75,-2.09,-260.02,-0.03
124,多头出场,2025-11-08 06:00,short,3458.05,0.6085,1999.93261,104.29,5.21,112.69,5.63,-14.85,-0.74,-155.73,-0.02
124,多头进场,2025-11-07 22:30,long,3286.66,0.6085,1999.93261,104.29,5.21,112.69,5.63,-14.85,-0.74,-155.73,-0.02
125,空头出场,2025-11-08 10:00,long,3450.21,0.5783,1999.790315,4.53,0.23,28.63,1.43,-0.02,0.00,-151.2,-0.02
125,空头进场,2025-11-08 06:00,short,3458.05,0.5783,1999.790315,4.53,0.23,28.63,1.43,-0.02,0.00,-151.2,-0.02
126,多头出场,2025-11-08 10:30,short,3439.14,0.5796,1999.741716,-6.42,-0.32,4.55,0.23,-7.09,-0.35,-157.61,-0.02
126,多头进场,2025-11-08 10:00,long,3450.21,0.5796,1999.741716,-6.42,-0.32,4.55,0.23,-7.09,-0.35,-157.61,-0.02
127,空头出场,2025-11-08 11:00,long,3452.98,0.5815,1999.85991,-8.05,-0.40,0.62,0.03,-9.64,-0.48,-165.66,-0.02
127,空头进场,2025-11-08 10:30,short,3439.14,0.5815,1999.85991,-8.05,-0.40,0.62,0.03,-9.64,-0.48,-165.66,-0.02
128,多头出场,2025-11-08 13:00,short,3443.82,0.5792,1999.966016,-5.31,-0.27,17.25,0.86,-9.75,-0.49,-170.97,-0.02
128,多头进场,2025-11-08 11:00,long,3452.98,0.5792,1999.966016,-5.31,-0.27,17.25,0.86,-9.75,-0.49,-170.97,-0.02
129,空头出场,2025-11-08 14:30,long,3444.1,0.5807,1999.826274,-0.16,-0.01,14.59,0.73,-5.47,-0.27,-171.13,-0.02
129,空头进场,2025-11-08 13:00,short,3443.82,0.5807,1999.826274,-0.16,-0.01,14.59,0.73,-5.47,-0.27,-171.13,-0.02
130,多头出场,2025-11-08 15:00,short,3432.16,0.5807,1999.98887,-6.93,-0.35,0.12,0.01,-12.12,-0.61,-178.06,-0.02
130,多头进场,2025-11-08 14:30,long,3444.1,0.5807,1999.98887,-6.93,-0.35,0.12,0.01,-12.12,-0.61,-178.06,-0.02
131,空头出场,2025-11-08 15:30,long,3446.18,0.5827,1999.919632,-8.17,-0.41,2.25,0.11,-10.15,-0.51,-186.23,-0.02
131,空头进场,2025-11-08 15:00,short,3432.16,0.5827,1999.919632,-8.17,-0.41,2.25,0.11,-10.15,-0.51,-186.23,-0.02
132,多头出场,2025-11-08 17:30,short,3438.14,0.5803,1999.818254,-4.67,-0.23,12.11,0.61,-6.81,-0.34,-190.9,-0.02
132,多头进场,2025-11-08 15:30,long,3446.18,0.5803,1999.818254,-4.67,-0.23,12.11,0.61,-6.81,-0.34,-190.9,-0.02
133,空头出场,2025-11-08 19:00,long,3448.95,0.5817,1999.966038,-6.29,-0.31,3.56,0.18,-9.25,-0.46,-197.19,-0.02
133,空头进场,2025-11-08 17:30,short,3438.14,0.5817,1999.966038,-6.29,-0.31,3.56,0.18,-9.25,-0.46,-197.19,-0.02
134,多头出场,2025-11-08 19:30,short,3411.27,0.5798,1999.70121,-21.85,-1.09,0.32,0.02,-25.35,-1.27,-219.03,-0.02
134,多头进场,2025-11-08 19:00,long,3448.95,0.5798,1999.70121,-21.85,-1.09,0.32,0.02,-25.35,-1.27,-219.03,-0.02
135,空头出场,2025-11-09 01:00,long,3388.2,0.5862,1999.686474,13.52,0.68,33.13,1.66,-2.79,-0.14,-205.51,-0.02
135,空头进场,2025-11-08 19:30,short,3411.27,0.5862,1999.686474,13.52,0.68,33.13,1.66,-2.79,-0.14,-205.51,-0.02
136,多头出场,2025-11-09 03:00,short,3371.64,0.5902,1999.71564,-9.77,-0.49,10.25,0.51,-15.36,-0.77,-215.28,-0.02
136,多头进场,2025-11-09 01:00,long,3388.2,0.5902,1999.71564,-9.77,-0.49,10.25,0.51,-15.36,-0.77,-215.28,-0.02
137,空头出场,2025-11-09 03:30,long,3387.63,0.5931,1999.719684,-9.48,-0.47,1.09,0.05,-10.4,-0.52,-224.77,-0.02
137,空头进场,2025-11-09 03:00,short,3371.64,0.5931,1999.719684,-9.48,-0.47,1.09,0.05,-10.4,-0.52,-224.77,-0.02
138,多头出场,2025-11-09 07:30,short,3399.77,0.5903,1999.717989,7.17,0.36,14.85,0.74,-4.6,-0.23,-217.6,-0.02
138,多头进场,2025-11-09 03:30,long,3387.63,0.5903,1999.717989,7.17,0.36,14.85,0.74,-4.6,-0.23,-217.6,-0.02
139,空头出场,2025-11-09 09:30,long,3400.49,0.5882,1999.744714,-0.42,-0.02,15.58,0.78,-2.23,-0.11,-218.02,-0.02
139,空头进场,2025-11-09 07:30,short,3399.77,0.5882,1999.744714,-0.42,-0.02,15.58,0.78,-2.23,-0.11,-218.02,-0.02
140,多头出场,2025-11-09 10:00,short,3392.75,0.5881,1999.828169,-4.55,-0.23,0.01,0.00,-6.18,-0.31,-222.58,-0.02
140,多头进场,2025-11-09 09:30,long,3400.49,0.5881,1999.828169,-4.55,-0.23,0.01,0.00,-6.18,-0.31,-222.58,-0.02
141,空头出场,2025-11-09 12:00,long,3385.41,0.5894,1999.68685,4.33,0.22,20.22,1.01,-0.01,0.00,-218.25,-0.02
141,空头进场,2025-11-09 10:00,short,3392.75,0.5894,1999.68685,4.33,0.22,20.22,1.01,-0.01,0.00,-218.25,-0.02
142,多头出场,2025-11-09 12:30,short,3374.22,0.5907,1999.761687,-6.61,-0.33,0.44,0.02,-9.24,-0.46,-224.86,-0.02
142,多头进场,2025-11-09 12:00,long,3385.41,0.5907,1999.761687,-6.61,-0.33,0.44,0.02,-9.24,-0.46,-224.86,-0.02
143,空头出场,2025-11-09 13:00,long,3406.5,0.5927,1999.900194,-19.13,-0.96,1.24,0.06,-19.96,-1.00,-243.99,-0.02
143,空头进场,2025-11-09 12:30,short,3374.22,0.5927,1999.900194,-19.13,-0.96,1.24,0.06,-19.96,-1.00,-243.99,-0.02
144,多头出场,2025-11-09 17:30,short,3400.58,0.5871,1999.95615,-3.48,-0.17,16.53,0.83,-8.42,-0.42,-247.47,-0.02
144,多头进场,2025-11-09 13:00,long,3406.5,0.5871,1999.95615,-3.48,-0.17,16.53,0.83,-8.42,-0.42,-247.47,-0.02
145,空头出场,2025-11-09 19:00,long,3419.95,0.5881,1999.881098,-11.39,-0.57,10.87,0.54,-14.16,-0.71,-258.86,-0.03
145,空头进场,2025-11-09 17:30,short,3400.58,0.5881,1999.881098,-11.39,-0.57,10.87,0.54,-14.16,-0.71,-258.86,-0.03
146,多头出场,2025-11-10 01:00,short,3514.38,0.5848,1999.98676,55.22,2.76,83.18,4.16,-3.1,-0.15,-203.64,-0.02
146,多头进场,2025-11-09 19:00,long,3419.95,0.5848,1999.98676,55.22,2.76,83.18,4.16,-3.1,-0.15,-203.64,-0.02
147,空头出场,2025-11-10 02:30,long,3541.09,0.569,1999.68222,-15.2,-0.76,5.6,0.28,-16.94,-0.85,-218.83,-0.02
147,空头进场,2025-11-10 01:00,short,3514.38,0.569,1999.68222,-15.2,-0.76,5.6,0.28,-16.94,-0.85,-218.83,-0.02
148,多头出场,2025-11-10 06:00,short,3568.85,0.5647,1999.653523,15.68,0.78,31.48,1.57,-3.35,-0.17,-203.16,-0.02
148,多头进场,2025-11-10 02:30,long,3541.09,0.5647,1999.653523,15.68,0.78,31.48,1.57,-3.35,-0.17,-203.16,-0.02
149,空头出场,2025-11-10 06:30,long,3586.91,0.5604,1999.98354,-10.12,-0.51,2.3,0.12,-14.37,-0.72,-213.28,-0.02
149,空头进场,2025-11-10 06:00,short,3568.85,0.5604,1999.98354,-10.12,-0.51,2.3,0.12,-14.37,-0.72,-213.28,-0.02
150,多头出场,2025-11-10 07:00,short,3577.26,0.5575,1999.702325,-5.38,-0.27,17.91,0.90,-6.52,-0.33,-218.66,-0.02
150,多头进场,2025-11-10 06:30,long,3586.91,0.5575,1999.702325,-5.38,-0.27,17.91,0.90,-6.52,-0.33,-218.66,-0.02
151,空头出场,2025-11-10 07:30,long,3583.05,0.559,1999.68834,-3.24,-0.16,6.52,0.33,-4.41,-0.22,-221.9,-0.02
151,空头进场,2025-11-10 07:00,short,3577.26,0.559,1999.68834,-3.24,-0.16,6.52,0.33,-4.41,-0.22,-221.9,-0.02
152,多头出场,2025-11-10 11:30,short,3627.29,0.5581,1999.700205,24.69,1.23,41.9,2.10,-14.93,-0.75,-197.21,-0.02
152,多头进场,2025-11-10 07:30,long,3583.05,0.5581,1999.700205,24.69,1.23,41.9,2.10,-14.93,-0.75,-197.21,-0.02
153,空头出场,2025-11-10 15:00,long,3612.38,0.5513,1999.724977,8.22,0.41,20.73,1.04,-2.23,-0.11,-188.99,-0.02
153,空头进场,2025-11-10 11:30,short,3627.29,0.5513,1999.724977,8.22,0.41,20.73,1.04,-2.23,-0.11,-188.99,-0.02
154,多头出场,2025-11-10 15:30,short,3609.06,0.5536,1999.813568,-1.84,-0.09,3.45,0.17,-3.14,-0.16,-190.82,-0.02
154,多头进场,2025-11-10 15:00,long,3612.38,0.5536,1999.813568,-1.84,-0.09,3.45,0.17,-3.14,-0.16,-190.82,-0.02
155,空头出场,2025-11-10 17:00,long,3606.2,0.5541,1999.780146,1.58,0.08,12.57,0.63,-3.4,-0.17,-189.24,-0.02
155,空头进场,2025-11-10 15:30,short,3609.06,0.5541,1999.780146,1.58,0.08,12.57,0.63,-3.4,-0.17,-189.24,-0.02
156,多头出场,2025-11-10 18:30,short,3606.23,0.5546,1999.99852,0.02,0.00,13.47,0.67,-1.39,-0.07,-189.22,-0.02
156,多头进场,2025-11-10 17:00,long,3606.2,0.5546,1999.99852,0.02,0.00,13.47,0.67,-1.39,-0.07,-189.22,-0.02
157,空头出场,2025-11-10 19:00,long,3611.5,0.5545,1999.654535,-2.92,-0.15,1.22,0.06,-4.92,-0.25,-192.14,-0.02
157,空头进场,2025-11-10 18:30,short,3606.23,0.5545,1999.654535,-2.92,-0.15,1.22,0.06,-4.92,-0.25,-192.14,-0.02
158,多头出场,2025-11-10 20:00,short,3592.34,0.5537,1999.68755,-10.61,-0.53,5.06,0.25,-14.32,-0.72,-202.75,-0.02
158,多头进场,2025-11-10 19:00,long,3611.5,0.5537,1999.68755,-10.61,-0.53,5.06,0.25,-14.32,-0.72,-202.75,-0.02
159,空头出场,2025-11-10 21:00,long,3606.73,0.5567,1999.855678,-8.01,-0.40,2.25,0.11,-14.1,-0.70,-210.76,-0.02
159,空头进场,2025-11-10 20:00,short,3592.34,0.5567,1999.855678,-8.01,-0.40,2.25,0.11,-14.1,-0.70,-210.76,-0.02
160,多头出场,2025-11-10 22:00,short,3604.14,0.5545,1999.931785,-1.44,-0.07,8.38,0.42,-6.56,-0.33,-212.2,-0.02
160,多头进场,2025-11-10 21:00,long,3606.73,0.5545,1999.931785,-1.44,-0.07,8.38,0.42,-6.56,-0.33,-212.2,-0.02
161,空头出场,2025-11-11 01:30,long,3555.34,0.5549,1999.937286,27.08,1.35,53.39,2.67,-1.35,-0.07,-185.12,-0.02
161,空头进场,2025-11-10 22:00,short,3604.14,0.5549,1999.937286,27.08,1.35,53.39,2.67,-1.35,-0.07,-185.12,-0.02
162,多头出场,2025-11-11 02:30,short,3532.83,0.5625,1999.87875,-12.66,-0.63,1.27,0.06,-12.66,-0.63,-197.78,-0.02
162,多头进场,2025-11-11 01:30,long,3555.34,0.5625,1999.87875,-12.66,-0.63,1.27,0.06,-12.66,-0.63,-197.78,-0.02
163,空头出场,2025-11-11 03:00,long,3543.07,0.5661,1999.935063,-5.8,-0.29,2.04,0.10,-10.34,-0.52,-203.58,-0.02
163,空头进场,2025-11-11 02:30,short,3532.83,0.5661,1999.935063,-5.8,-0.29,2.04,0.10,-10.34,-0.52,-203.58,-0.02
164,多头出场,2025-11-11 05:00,short,3539.83,0.5644,1999.708708,-1.83,-0.09,22.97,1.15,-3.67,-0.18,-205.41,-0.02
164,多头进场,2025-11-11 03:00,long,3543.07,0.5644,1999.708708,-1.83,-0.09,22.97,1.15,-3.67,-0.18,-205.41,-0.02
165,空头出场,2025-11-11 06:00,long,3547.77,0.5649,1999.649967,-4.49,-0.22,5.74,0.29,-8.15,-0.41,-209.89,-0.02
165,空头进场,2025-11-11 05:00,short,3539.83,0.5649,1999.649967,-4.49,-0.22,5.74,0.29,-8.15,-0.41,-209.89,-0.02
166,多头出场,2025-11-11 08:00,short,3563.2,0.5637,1999.877949,8.7,0.43,18.73,0.94,-1.28,-0.06,-201.2,-0.02
166,多头进场,2025-11-11 06:00,long,3547.77,0.5637,1999.877949,8.7,0.43,18.73,0.94,-1.28,-0.06,-201.2,-0.02
167,空头出场,2025-11-11 08:30,long,3585.29,0.5612,1999.66784,-12.4,-0.62,5.6,0.28,-15.68,-0.78,-213.59,-0.02
167,空头进场,2025-11-11 08:00,short,3563.2,0.5612,1999.66784,-12.4,-0.62,5.6,0.28,-15.68,-0.78,-213.59,-0.02
168,多头出场,2025-11-11 09:30,short,3579.8,0.5578,1999.874762,-3.06,-0.15,34.58,1.73,-5.85,-0.29,-216.66,-0.02
168,多头进场,2025-11-11 08:30,long,3585.29,0.5578,1999.874762,-3.06,-0.15,34.58,1.73,-5.85,-0.29,-216.66,-0.02
169,空头出场,2025-11-11 10:00,long,3593.14,0.5586,1999.67628,-7.45,-0.37,11.4,0.57,-7.47,-0.37,-224.11,-0.02
169,空头进场,2025-11-11 09:30,short,3579.8,0.5586,1999.67628,-7.45,-0.37,11.4,0.57,-7.47,-0.37,-224.11,-0.02
170,多头出场,2025-11-11 12:00,short,3584.18,0.5566,1999.941724,-4.99,-0.25,23.43,1.17,-5,-0.25,-229.09,-0.02
170,多头进场,2025-11-11 10:00,long,3593.14,0.5566,1999.941724,-4.99,-0.25,23.43,1.17,-5,-0.25,-229.09,-0.02
171,空头出场,2025-11-11 16:30,long,3562.69,0.558,1999.97244,11.99,0.60,28.16,1.41,-2.68,-0.13,-217.1,-0.02
171,空头进场,2025-11-11 12:00,short,3584.18,0.558,1999.97244,11.99,0.60,28.16,1.41,-2.68,-0.13,-217.1,-0.02
172,多头出场,2025-11-11 17:30,short,3555.48,0.5613,1999.737897,-4.05,-0.20,13.06,0.65,-5.67,-0.28,-221.15,-0.02
172,多头进场,2025-11-11 16:30,long,3562.69,0.5613,1999.737897,-4.05,-0.20,13.06,0.65,-5.67,-0.28,-221.15,-0.02
173,空头出场,2025-11-11 18:00,long,3561.51,0.5625,1999.9575,-3.39,-0.17,1.94,0.10,-5.82,-0.29,-224.54,-0.02
173,空头进场,2025-11-11 17:30,short,3555.48,0.5625,1999.9575,-3.39,-0.17,1.94,0.10,-5.82,-0.29,-224.54,-0.02
174,多头出场,2025-11-11 20:00,short,3565.52,0.5615,1999.787865,2.25,0.11,17.45,0.87,-7.15,-0.36,-222.29,-0.02
174,多头进场,2025-11-11 18:00,long,3561.51,0.5615,1999.787865,2.25,0.11,17.45,0.87,-7.15,-0.36,-222.29,-0.02
175,空头出场,2025-11-12 08:00,long,3427.67,0.5609,1999.900168,77.32,3.87,90.04,4.50,-3.48,-0.17,-144.97,-0.01
175,空头进场,2025-11-11 20:00,short,3565.52,0.5609,1999.900168,77.32,3.87,90.04,4.50,-3.48,-0.17,-144.97,-0.01
176,多头出场,2025-11-12 08:30,short,3417.64,0.5834,1999.702678,-5.85,-0.29,1.11,0.06,-6.84,-0.34,-150.82,-0.02
176,多头进场,2025-11-12 08:00,long,3427.67,0.5834,1999.702678,-5.85,-0.29,1.11,0.06,-6.84,-0.34,-150.82,-0.02
177,空头出场,2025-11-12 09:00,long,3434.87,0.5851,1999.661164,-10.08,-0.50,3.35,0.17,-18.99,-0.95,-160.9,-0.02
177,空头进场,2025-11-12 08:30,short,3417.64,0.5851,1999.661164,-10.08,-0.50,3.35,0.17,-18.99,-0.95,-160.9,-0.02
178,多头出场,2025-11-12 10:30,short,3426.43,0.5822,1999.781314,-4.91,-0.25,11.67,0.58,-10.33,-0.52,-165.82,-0.02
178,多头进场,2025-11-12 09:00,long,3434.87,0.5822,1999.781314,-4.91,-0.25,11.67,0.58,-10.33,-0.52,-165.82,-0.02
179,空头出场,2025-11-12 11:00,long,3440.19,0.5836,1999.664548,-8.03,-0.40,2.26,0.11,-8.56,-0.43,-173.85,-0.02
179,空头进场,2025-11-12 10:30,short,3426.43,0.5836,1999.664548,-8.03,-0.40,2.26,0.11,-8.56,-0.43,-173.85,-0.02
180,多头出场,2025-11-12 12:00,short,3433.07,0.5813,1999.782447,-4.14,-0.21,2.96,0.15,-4.8,-0.24,-177.99,-0.02
180,多头进场,2025-11-12 11:00,long,3440.19,0.5813,1999.782447,-4.14,-0.21,2.96,0.15,-4.8,-0.24,-177.99,-0.02
181,空头出场,2025-11-12 12:30,long,3444.12,0.5825,1999.763275,-6.44,-0.32,0.88,0.04,-6.85,-0.34,-184.42,-0.02
181,空头进场,2025-11-12 12:00,short,3433.07,0.5825,1999.763275,-6.44,-0.32,0.88,0.04,-6.85,-0.34,-184.42,-0.02
182,多头出场,2025-11-12 14:30,short,3438.73,0.5806,1999.656072,-3.13,-0.16,7.32,0.37,-3.13,-0.16,-187.55,-0.02
182,多头进场,2025-11-12 12:30,long,3444.12,0.5806,1999.656072,-3.13,-0.16,7.32,0.37,-3.13,-0.16,-187.55,-0.02
183,空头出场,2025-11-12 16:00,long,3458.52,0.5816,1999.965368,-11.51,-0.58,8.35,0.42,-11.51,-0.58,-199.06,-0.02
183,空头进场,2025-11-12 14:30,short,3438.73,0.5816,1999.965368,-11.51,-0.58,8.35,0.42,-11.51,-0.58,-199.06,-0.02
184,多头出场,2025-11-12 22:30,short,3501.37,0.5782,1999.716264,24.78,1.24,74.28,3.71,-1.9,-0.10,-174.29,-0.02
184,多头进场,2025-11-12 16:00,long,3458.52,0.5782,1999.716264,24.78,1.24,74.28,3.71,-1.9,-0.10,-174.29,-0.02
185,空头出场,2025-11-13 02:00,long,3432.38,0.5712,1999.982544,39.41,1.97,73.76,3.69,-9.64,-0.48,-134.88,-0.01
185,空头进场,2025-11-12 22:30,short,3501.37,0.5712,1999.982544,39.41,1.97,73.76,3.69,-9.64,-0.48,-134.88,-0.01
186,多头出场,2025-11-13 02:30,short,3423.24,0.5826,1999.704588,-5.32,-0.27,7.17,0.36,-8.51,-0.43,-140.2,-0.01
186,多头进场,2025-11-13 02:00,long,3432.38,0.5826,1999.704588,-5.32,-0.27,7.17,0.36,-8.51,-0.43,-140.2,-0.01
187,空头出场,2025-11-13 04:00,long,3425.09,0.5842,1999.856808,-1.08,-0.05,29.75,1.49,-3.67,-0.18,-141.28,-0.01
187,空头进场,2025-11-13 02:30,short,3423.24,0.5842,1999.856808,-1.08,-0.05,29.75,1.49,-3.67,-0.18,-141.28,-0.01
188,多头出场,2025-11-13 06:00,short,3404,0.5839,1999.910051,-12.31,-0.62,7.87,0.39,-19.5,-0.97,-153.6,-0.02
188,多头进场,2025-11-13 04:00,long,3425.09,0.5839,1999.910051,-12.31,-0.62,7.87,0.39,-19.5,-0.97,-153.6,-0.02
189,空头出场,2025-11-13 06:30,long,3421.34,0.5875,1999.85,-10.19,-0.51,1.48,0.07,-10.33,-0.52,-163.79,-0.02
189,空头进场,2025-11-13 06:00,short,3404,0.5875,1999.85,-10.19,-0.51,1.48,0.07,-10.33,-0.52,-163.79,-0.02
190,多头出场,2025-11-13 07:00,short,3409.76,0.5845,1999.77323,-6.77,-0.34,0.55,0.03,-8.77,-0.44,-170.55,-0.02
190,多头进场,2025-11-13 06:30,long,3421.34,0.5845,1999.77323,-6.77,-0.34,0.55,0.03,-8.77,-0.44,-170.55,-0.02
191,空头出场,2025-11-13 07:30,long,3413.97,0.5865,1999.82424,-2.47,-0.12,3.94,0.20,-2.58,-0.13,-173.02,-0.02
191,空头进场,2025-11-13 07:00,short,3409.76,0.5865,1999.82424,-2.47,-0.12,3.94,0.20,-2.58,-0.13,-173.02,-0.02
192,多头出场,2025-11-13 08:00,short,3404.76,0.5858,1999.903626,-5.4,-0.27,5.69,0.28,-5.4,-0.27,-178.42,-0.02
192,多头进场,2025-11-13 07:30,long,3413.97,0.5858,1999.903626,-5.4,-0.27,5.69,0.28,-5.4,-0.27,-178.42,-0.02
193,空头出场,2025-11-13 08:30,long,3412.37,0.5874,1999.956024,-4.47,-0.22,0.04,0.00,-16.49,-0.82,-182.89,-0.02
193,空头进场,2025-11-13 08:00,short,3404.76,0.5874,1999.956024,-4.47,-0.22,0.04,0.00,-16.49,-0.82,-182.89,-0.02
194,多头出场,2025-11-13 16:30,short,3524.1,0.5861,1999.990057,65.48,3.27,89.48,4.47,-19.26,-0.96,-117.4,-0.01
194,多头进场,2025-11-13 08:30,long,3412.37,0.5861,1999.990057,65.48,3.27,89.48,4.47,-19.26,-0.96,-117.4,-0.01
195,空头出场,2025-11-14 05:30,long,3179.91,0.5675,1999.92675,195.33,9.77,209.42,10.47,-2.92,-0.15,77.92,0.01
195,空头进场,2025-11-13 16:30,short,3524.1,0.5675,1999.92675,195.33,9.77,209.42,10.47,-2.92,-0.15,77.92,0.01
196,多头出场,2025-11-14 08:30,short,3199.33,0.6289,1999.845399,12.21,0.61,57.65,2.88,-2.64,-0.13,90.14,0.01
196,多头进场,2025-11-14 05:30,long,3179.91,0.6289,1999.845399,12.21,0.61,57.65,2.88,-2.64,-0.13,90.14,0.01
197,空头出场,2025-11-14 09:30,long,3205.64,0.6251,1999.901183,-3.94,-0.20,8.18,0.41,-12.76,-0.64,86.19,0.01
197,空头进场,2025-11-14 08:30,short,3199.33,0.6251,1999.901183,-3.94,-0.20,8.18,0.41,-12.76,-0.64,86.19,0.01
198,多头出场,2025-11-14 12:00,short,3213.52,0.6239,1999.998796,4.92,0.25,27.65,1.38,-0.96,-0.05,91.11,0.01
198,多头进场,2025-11-14 09:30,long,3205.64,0.6239,1999.998796,4.92,0.25,27.65,1.38,-0.96,-0.05,91.11,0.01
199,空头出场,2025-11-14 14:30,long,3221.19,0.6223,1999.773496,-4.77,-0.24,64.53,3.23,-6.2,-0.31,86.34,0.01
199,空头进场,2025-11-14 12:00,short,3213.52,0.6223,1999.773496,-4.77,-0.24,64.53,3.23,-6.2,-0.31,86.34,0.01
200,多头出场,2025-11-14 16:00,short,3192.47,0.6208,1999.714752,-17.83,-0.89,11.19,0.56,-20.88,-1.04,68.51,0.01
200,多头进场,2025-11-14 14:30,long,3221.19,0.6208,1999.714752,-17.83,-0.89,11.19,0.56,-20.88,-1.04,68.51,0.01
201,空头出场,2025-11-14 16:30,long,3203.34,0.6264,1999.763208,-6.81,-0.34,5.8,0.29,-10.35,-0.52,61.7,0.01
201,空头进场,2025-11-14 16:00,short,3192.47,0.6264,1999.763208,-6.81,-0.34,5.8,0.29,-10.35,-0.52,61.7,0.01
202,多头出场,2025-11-14 17:00,short,3186.99,0.6243,1999.845162,-10.21,-0.51,6.42,0.32,-14.83,-0.74,51.49,0.01
202,多头进场,2025-11-14 16:30,long,3203.34,0.6243,1999.845162,-10.21,-0.51,6.42,0.32,-14.83,-0.74,51.49,0.01
203,空头出场,2025-11-14 22:00,long,3133.45,0.6275,1999.836225,33.6,1.68,73.66,3.68,-4.71,-0.24,85.09,0.01
203,空头进场,2025-11-14 17:00,short,3186.99,0.6275,1999.836225,33.6,1.68,73.66,3.68,-4.71,-0.24,85.09,0.01
204,多头出场,2025-11-15 01:30,short,3178.03,0.6382,1999.76779,28.45,1.42,77.51,3.88,-16.68,-0.83,113.54,0.01
204,多头进场,2025-11-14 22:00,long,3133.45,0.6382,1999.76779,28.45,1.42,77.51,3.88,-16.68,-0.83,113.54,0.01
205,空头出场,2025-11-15 03:00,long,3208.68,0.6293,1999.934279,-19.29,-0.96,15.25,0.76,-25.91,-1.30,94.25,0.01
205,空头进场,2025-11-15 01:30,short,3178.03,0.6293,1999.934279,-19.29,-0.96,15.25,0.76,-25.91,-1.30,94.25,0.01
206,多头出场,2025-11-15 04:00,short,3168.62,0.6233,1999.970244,-24.97,-1.25,3.54,0.18,-25.43,-1.27,69.28,0.01
206,多头进场,2025-11-15 03:00,long,3208.68,0.6233,1999.970244,-24.97,-1.25,3.54,0.18,-25.43,-1.27,69.28,0.01
207,空头出场,2025-11-15 08:00,long,3142.58,0.6311,1999.716082,16.43,0.82,50.11,2.51,-10.41,-0.52,85.71,0.01
207,空头进场,2025-11-15 04:00,short,3168.62,0.6311,1999.716082,16.43,0.82,50.11,2.51,-10.41,-0.52,85.71,0.01
208,多头出场,2025-11-15 12:00,short,3170.35,0.6364,1999.937912,17.67,0.88,31.23,1.56,-16.65,-0.83,103.39,0.01
208,多头进场,2025-11-15 08:00,long,3142.58,0.6364,1999.937912,17.67,0.88,31.23,1.56,-16.65,-0.83,103.39,0.01
209,空头出场,2025-11-15 13:30,long,3176.68,0.6308,1999.85678,-3.99,-0.20,7.71,0.39,-6.83,-0.34,99.39,0.01
209,空头进场,2025-11-15 12:00,short,3170.35,0.6308,1999.85678,-3.99,-0.20,7.71,0.39,-6.83,-0.34,99.39,0.01
210,多头出场,2025-11-15 14:30,short,3173.58,0.6295,1999.72006,-1.95,-0.10,5.54,0.28,-7.03,-0.35,97.44,0.01
210,多头进场,2025-11-15 13:30,long,3176.68,0.6295,1999.72006,-1.95,-0.10,5.54,0.28,-7.03,-0.35,97.44,0.01
211,空头出场,2025-11-15 15:00,long,3179.63,0.6302,1999.990116,-3.81,-0.19,3.37,0.17,-6.09,-0.30,93.63,0.01
211,空头进场,2025-11-15 14:30,short,3173.58,0.6302,1999.990116,-3.81,-0.19,3.37,0.17,-6.09,-0.30,93.63,0.01
212,多头出场,2025-11-15 15:30,short,3174.3,0.629,1999.98727,-3.35,-0.17,0.33,0.02,-7.67,-0.38,90.28,0.01
212,多头进场,2025-11-15 15:00,long,3179.63,0.629,1999.98727,-3.35,-0.17,0.33,0.02,-7.67,-0.38,90.28,0.01
213,空头出场,2025-11-15 18:30,long,3166.79,0.63,1999.809,4.73,0.24,25.53,1.28,-0.94,-0.05,95.01,0.01
213,空头进场,2025-11-15 15:30,short,3174.3,0.63,1999.809,4.73,0.24,25.53,1.28,-0.94,-0.05,95.01,0.01
214,多头出场,2025-11-15 19:30,short,3149.79,0.6315,1999.827885,-10.74,-0.54,2.02,0.10,-13.79,-0.69,84.27,0.01
214,多头进场,2025-11-15 18:30,long,3166.79,0.6315,1999.827885,-10.74,-0.54,2.02,0.10,-13.79,-0.69,84.27,0.01
215,空头出场,2025-11-15 20:00,long,3163.04,0.6349,1999.801671,-8.41,-0.42,2.86,0.14,-10.09,-0.50,75.86,0.01
215,空头进场,2025-11-15 19:30,short,3149.79,0.6349,1999.801671,-8.41,-0.42,2.86,0.14,-10.09,-0.50,75.86,0.01
216,多头出场,2025-11-16 00:00,short,3167.85,0.6323,1999.990192,3.04,0.15,19.76,0.99,-6.6,-0.33,78.9,0.01
216,多头进场,2025-11-15 20:00,long,3163.04,0.6323,1999.990192,3.04,0.15,19.76,0.99,-6.6,-0.33,78.9,0.01
217,空头出场,2025-11-16 00:30,long,3184.09,0.6313,1999.863705,-10.25,-0.51,1.61,0.08,-11.14,-0.56,68.65,0.01
217,空头进场,2025-11-16 00:00,short,3167.85,0.6313,1999.863705,-10.25,-0.51,1.61,0.08,-11.14,-0.56,68.65,0.01
218,多头出场,2025-11-16 03:00,short,3199.75,0.6281,1999.926929,9.84,0.49,27.63,1.38,-2.34,-0.12,78.49,0.01
218,多头进场,2025-11-16 00:30,long,3184.09,0.6281,1999.926929,9.84,0.49,27.63,1.38,-2.34,-0.12,78.49,0.01
219,空头出场,2025-11-16 10:00,long,3176.28,0.625,1999.84375,14.67,0.73,42.91,2.15,-0.01,0.00,93.15,0.01
219,空头进场,2025-11-16 03:00,short,3199.75,0.625,1999.84375,14.67,0.73,42.91,2.15,-0.01,0.00,93.15,0.01
220,多头出场,2025-11-16 14:30,short,3199.22,0.6296,1999.785888,14.44,0.72,24.2,1.21,-1.4,-0.07,107.6,0.01
220,多头进场,2025-11-16 10:00,long,3176.28,0.6296,1999.785888,14.44,0.72,24.2,1.21,-1.4,-0.07,107.6,0.01
221,空头出场,2025-11-16 15:00,long,3204.58,0.6251,1999.832422,-3.35,-0.17,0.88,0.04,-6.02,-0.30,104.25,0.01
221,空头进场,2025-11-16 14:30,short,3199.22,0.6251,1999.832422,-3.35,-0.17,0.88,0.04,-6.02,-0.30,104.25,0.01
222,多头出场,2025-11-16 19:00,short,3171.97,0.6241,1999.978378,-20.35,-1.02,26.61,1.33,-23.32,-1.17,83.9,0.01
222,多头进场,2025-11-16 15:00,long,3204.58,0.6241,1999.978378,-20.35,-1.02,26.61,1.33,-23.32,-1.17,83.9,0.01
223,空头出场,2025-11-16 22:30,long,3170.58,0.6305,1999.927085,0.88,0.04,20.98,1.05,-5.13,-0.26,84.77,0.01
223,空头进场,2025-11-16 19:00,short,3171.97,0.6305,1999.927085,0.88,0.04,20.98,1.05,-5.13,-0.26,84.77,0.01
224,多头出场,2025-11-16 23:30,short,3103.76,0.6307,1999.684806,-42.14,-2.11,5.21,0.26,-45.52,-2.28,42.63,0.00
224,多头进场,2025-11-16 22:30,long,3170.58,0.6307,1999.684806,-42.14,-2.11,5.21,0.26,-45.52,-2.28,42.63,0.00
225,空头出场,2025-11-17 02:00,long,3093.03,0.6443,1999.752568,6.91,0.35,49.98,2.50,-14.25,-0.71,49.54,0.00
225,空头进场,2025-11-16 23:30,short,3103.76,0.6443,1999.752568,6.91,0.35,49.98,2.50,-14.25,-0.71,49.54,0.00
226,多头出场,2025-11-17 02:30,short,3058.91,0.6466,1999.953198,-22.06,-1.10,0.06,0.00,-32.56,-1.63,27.48,0.00
226,多头进场,2025-11-17 02:00,long,3093.03,0.6466,1999.953198,-22.06,-1.10,0.06,0.00,-32.56,-1.63,27.48,0.00
227,空头出场,2025-11-17 03:00,long,3103.7,0.6538,1999.915358,-29.28,-1.46,1.39,0.07,-36.25,-1.81,-1.8,0.00
227,空头进场,2025-11-17 02:30,short,3058.91,0.6538,1999.915358,-29.28,-1.46,1.39,0.07,-36.25,-1.81,-1.8,0.00
228,多头出场,2025-11-17 05:00,short,3065.68,0.6443,1999.71391,-24.5,-1.22,7.28,0.36,-29.46,-1.47,-26.3,0.00
228,多头进场,2025-11-17 03:00,long,3103.7,0.6443,1999.71391,-24.5,-1.22,7.28,0.36,-29.46,-1.47,-26.3,0.00
229,空头出场,2025-11-17 06:30,long,3089.97,0.6523,1999.743064,-15.84,-0.79,14.91,0.75,-22.32,-1.12,-42.14,0.00
229,空头进场,2025-11-17 05:00,short,3065.68,0.6523,1999.743064,-15.84,-0.79,14.91,0.75,-22.32,-1.12,-42.14,0.00
230,多头出场,2025-11-17 09:30,short,3112.99,0.6472,1999.828584,14.9,0.74,34.82,1.74,-53.99,-2.70,-27.25,0.00
230,多头进场,2025-11-17 06:30,long,3089.97,0.6472,1999.828584,14.9,0.74,34.82,1.74,-53.99,-2.70,-27.25,0.00
231,空头出场,2025-11-17 10:00,long,3149.3,0.6424,1999.784776,-23.33,-1.17,1.46,0.07,-28.93,-1.45,-50.57,-0.01
231,空头进场,2025-11-17 09:30,short,3112.99,0.6424,1999.784776,-23.33,-1.17,1.46,0.07,-28.93,-1.45,-50.57,-0.01
232,多头出场,2025-11-17 16:30,short,3188.33,0.635,1999.8055,24.78,1.24,35.61,1.78,-7.07,-0.35,-25.79,0.00
232,多头进场,2025-11-17 10:00,long,3149.3,0.635,1999.8055,24.78,1.24,35.61,1.78,-7.07,-0.35,-25.79,0.00
233,空头出场,2025-11-17 17:00,long,3203.35,0.6272,1999.720576,-9.42,-0.47,6.05,0.30,-15.15,-0.76,-35.21,0.00
233,空头进场,2025-11-17 16:30,short,3188.33,0.6272,1999.720576,-9.42,-0.47,6.05,0.30,-15.15,-0.76,-35.21,0.00
234,多头出场,2025-11-17 17:30,short,3193.21,0.6243,1999.851405,-6.33,-0.32,0.51,0.03,-7.7,-0.38,-41.54,0.00
234,多头进场,2025-11-17 17:00,long,3203.35,0.6243,1999.851405,-6.33,-0.32,0.51,0.03,-7.7,-0.38,-41.54,0.00
235,空头出场,2025-11-17 19:00,long,3206.04,0.6263,1999.907423,-8.04,-0.40,2.09,0.10,-8.04,-0.40,-49.57,0.00
235,空头进场,2025-11-17 17:30,short,3193.21,0.6263,1999.907423,-8.04,-0.40,2.09,0.10,-8.04,-0.40,-49.57,0.00
236,多头出场,2025-11-17 20:00,short,3190.96,0.6238,1999.927752,-9.41,-0.47,8.58,0.43,-11.22,-0.56,-58.98,-0.01
236,多头进场,2025-11-17 19:00,long,3206.04,0.6238,1999.927752,-9.41,-0.47,8.58,0.43,-11.22,-0.56,-58.98,-0.01
237,空头出场,2025-11-17 22:30,long,3150.25,0.6267,1999.774632,25.51,1.28,60.43,3.02,-10.16,-0.51,-33.47,0.00
237,空头进场,2025-11-17 20:00,short,3190.96,0.6267,1999.774632,25.51,1.28,60.43,3.02,-10.16,-0.51,-33.47,0.00
238,多头出场,2025-11-17 23:30,short,3118.95,0.6348,1999.7787,-19.87,-0.99,8.74,0.44,-29.02,-1.45,-53.34,-0.01
238,多头进场,2025-11-17 22:30,long,3150.25,0.6348,1999.7787,-19.87,-0.99,8.74,0.44,-29.02,-1.45,-53.34,-0.01
239,空头出场,2025-11-18 00:30,long,3132.22,0.6412,1999.87074,-8.51,-0.43,35.66,1.78,-13.78,-0.69,-61.85,-0.01
239,空头进场,2025-11-17 23:30,short,3118.95,0.6412,1999.87074,-8.51,-0.43,35.66,1.78,-13.78,-0.69,-61.85,-0.01
240,多头出场,2025-11-18 01:00,short,3097.63,0.6385,1999.92247,-22.09,-1.10,2.02,0.10,-22.44,-1.12,-83.93,-0.01
240,多头进场,2025-11-18 00:30,long,3132.22,0.6385,1999.92247,-22.09,-1.10,2.02,0.10,-22.44,-1.12,-83.93,-0.01
241,空头出场,2025-11-18 05:30,long,3007.25,0.6456,1999.829928,58.35,2.92,90.2,4.51,-5.16,-0.26,-25.58,0.00
241,空头进场,2025-11-18 01:00,short,3097.63,0.6456,1999.829928,58.35,2.92,90.2,4.51,-5.16,-0.26,-25.58,0.00
242,多头出场,2025-11-18 09:30,short,3015.76,0.665,1999.82125,5.66,0.28,26.13,1.31,-11.79,-0.59,-19.92,0.00
242,多头进场,2025-11-18 05:30,long,3007.25,0.665,1999.82125,5.66,0.28,26.13,1.31,-11.79,-0.59,-19.92,0.00
243,空头出场,2025-11-18 10:00,long,3034.23,0.6631,1999.750456,-12.25,-0.61,25.34,1.27,-13.14,-0.66,-32.17,0.00
243,空头进场,2025-11-18 09:30,short,3015.76,0.6631,1999.750456,-12.25,-0.61,25.34,1.27,-13.14,-0.66,-32.17,0.00
244,多头出场,2025-11-18 10:30,short,2982.62,0.6591,1999.860993,-34.02,-1.70,5.11,0.26,-37.83,-1.89,-66.19,-0.01
244,多头进场,2025-11-18 10:00,long,3034.23,0.6591,1999.860993,-34.02,-1.70,5.11,0.26,-37.83,-1.89,-66.19,-0.01
245,空头出场,2025-11-18 11:30,long,3021.42,0.6705,1999.84671,-26.02,-1.30,24.12,1.21,-28.26,-1.41,-92.2,-0.01
245,空头进场,2025-11-18 10:30,short,2982.62,0.6705,1999.84671,-26.02,-1.30,24.12,1.21,-28.26,-1.41,-92.2,-0.01
246,多头出场,2025-11-18 12:00,short,2975.34,0.6619,1999.877898,-30.5,-1.53,0.39,0.02,-30.5,-1.53,-122.7,-0.01
246,多头进场,2025-11-18 11:30,long,3021.42,0.6619,1999.877898,-30.5,-1.53,0.39,0.02,-30.5,-1.53,-122.7,-0.01
247,空头出场,2025-11-18 12:30,long,3003.03,0.6721,1999.726014,-18.61,-0.93,11.84,0.59,-21.19,-1.06,-141.31,-0.01
247,空头进场,2025-11-18 12:00,short,2975.34,0.6721,1999.726014,-18.61,-0.93,11.84,0.59,-21.19,-1.06,-141.31,-0.01
248,多头出场,2025-11-18 14:00,short,3001.7,0.6659,1999.717677,-0.89,-0.04,11.64,0.58,-14.16,-0.71,-142.2,-0.01
248,多头进场,2025-11-18 12:30,long,3003.03,0.6659,1999.717677,-0.89,-0.04,11.64,0.58,-14.16,-0.71,-142.2,-0.01
249,空头出场,2025-11-18 15:00,long,3007.04,0.6662,1999.73254,-3.56,-0.18,20.1,1.01,-5.9,-0.29,-145.76,-0.01
249,空头进场,2025-11-18 14:00,short,3001.7,0.6662,1999.73254,-3.56,-0.18,20.1,1.01,-5.9,-0.29,-145.76,-0.01
250,多头出场,2025-11-18 19:30,short,3054.89,0.6651,1999.982304,31.83,1.59,41.99,2.10,-3.23,-0.16,-113.93,-0.01
250,多头进场,2025-11-18 15:00,long,3007.04,0.6651,1999.982304,31.83,1.59,41.99,2.10,-3.23,-0.16,-113.93,-0.01
251,空头出场,2025-11-18 22:00,long,3055.96,0.6546,1999.730994,-0.7,-0.04,22.69,1.13,-6.8,-0.34,-114.63,-0.01
251,空头进场,2025-11-18 19:30,short,3054.89,0.6546,1999.730994,-0.7,-0.04,22.69,1.13,-6.8,-0.34,-114.63,-0.01
252,多头出场,2025-11-19 03:30,short,3143.09,0.6544,1999.820224,57.02,2.85,72.61,3.63,-15.98,-0.80,-57.61,-0.01
252,多头进场,2025-11-18 22:00,long,3055.96,0.6544,1999.820224,57.02,2.85,72.61,3.63,-15.98,-0.80,-57.61,-0.01
253,空头出场,2025-11-19 09:00,long,3110.52,0.6363,1999.948167,20.72,1.04,40.91,2.05,-2.72,-0.14,-36.89,0.00
253,空头进场,2025-11-19 03:30,short,3143.09,0.6363,1999.948167,20.72,1.04,40.91,2.05,-2.72,-0.14,-36.89,0.00
254,多头出场,2025-11-19 09:30,short,3104.15,0.6429,1999.753308,-4.1,-0.20,0.2,0.01,-10.32,-0.52,-40.98,0.00
254,多头进场,2025-11-19 09:00,long,3110.52,0.6429,1999.753308,-4.1,-0.20,0.2,0.01,-10.32,-0.52,-40.98,0.00
255,空头出场,2025-11-19 10:00,long,3114.26,0.6442,1999.69343,-6.51,-0.33,4.32,0.22,-12.68,-0.63,-47.5,0.00
255,空头进场,2025-11-19 09:30,short,3104.15,0.6442,1999.69343,-6.51,-0.33,4.32,0.22,-12.68,-0.63,-47.5,0.00
256,多头出场,2025-11-19 11:00,short,3091.73,0.6422,1999.977772,-14.47,-0.72,6.34,0.32,-15.15,-0.76,-61.97,-0.01
256,多头进场,2025-11-19 10:00,long,3114.26,0.6422,1999.977772,-14.47,-0.72,6.34,0.32,-15.15,-0.76,-61.97,-0.01
257,空头出场,2025-11-19 14:30,long,3040.4,0.6468,1999.730964,33.2,1.66,64.49,3.23,-0.01,0.00,-28.77,0.00
257,空头进场,2025-11-19 11:00,short,3091.73,0.6468,1999.730964,33.2,1.66,64.49,3.23,-0.01,0.00,-28.77,0.00
258,多头出场,2025-11-19 17:00,short,3063.72,0.6578,1999.97512,15.34,0.77,38.69,1.93,-1.14,-0.06,-13.43,0.00
258,多头进场,2025-11-19 14:30,long,3040.4,0.6578,1999.97512,15.34,0.77,38.69,1.93,-1.14,-0.06,-13.43,0.00
259,空头出场,2025-11-19 17:30,long,3086.87,0.6528,1999.996416,-15.11,-0.76,0.03,0.00,-15.11,-0.76,-28.54,0.00
259,空头进场,2025-11-19 17:00,short,3063.72,0.6528,1999.996416,-15.11,-0.76,0.03,0.00,-15.11,-0.76,-28.54,0.00
260,多头出场,2025-11-19 19:30,short,3082.84,0.6479,1999.983073,-2.61,-0.13,15.57,0.78,-5.35,-0.27,-31.15,0.00
260,多头进场,2025-11-19 17:30,long,3086.87,0.6479,1999.983073,-2.61,-0.13,15.57,0.78,-5.35,-0.27,-31.15,0.00
261,空头出场,2025-11-19 20:00,long,3092.03,0.6487,1999.838308,-5.96,-0.30,1.56,0.08,-7.59,-0.38,-37.11,0.00
261,空头进场,2025-11-19 19:30,short,3082.84,0.6487,1999.838308,-5.96,-0.30,1.56,0.08,-7.59,-0.38,-37.11,0.00
262,多头出场,2025-11-19 21:30,short,3066.44,0.6468,1999.925004,-16.55,-0.83,9.31,0.47,-20.5,-1.03,-53.66,-0.01
262,多头进场,2025-11-19 20:00,long,3092.03,0.6468,1999.925004,-16.55,-0.83,9.31,0.47,-20.5,-1.03,-53.66,-0.01
263,空头出场,2025-11-20 04:00,long,2918.77,0.6522,1999.932168,96.31,4.82,126.04,6.30,-25.2,-1.26,42.65,0.00
263,空头进场,2025-11-19 21:30,short,3066.44,0.6522,1999.932168,96.31,4.82,126.04,6.30,-25.2,-1.26,42.65,0.00
264,多头出场,2025-11-20 11:00,short,3035.75,0.6852,1999.941204,80.15,4.01,93.74,4.69,-7.73,-0.39,122.8,0.01
264,多头进场,2025-11-20 04:00,long,2918.77,0.6852,1999.941204,80.15,4.01,93.74,4.69,-7.73,-0.39,122.8,0.01
265,空头出场,2025-11-20 12:30,long,3051.71,0.6588,1999.9521,-10.51,-0.53,13.37,0.67,-11.07,-0.55,112.29,0.01
265,空头进场,2025-11-20 11:00,short,3035.75,0.6588,1999.9521,-10.51,-0.53,13.37,0.67,-11.07,-0.55,112.29,0.01
266,多头出场,2025-11-20 13:00,short,3035.18,0.6553,1999.785563,-10.83,-0.54,5.65,0.28,-10.92,-0.55,101.46,0.01
266,多头进场,2025-11-20 12:30,long,3051.71,0.6553,1999.785563,-10.83,-0.54,5.65,0.28,-10.92,-0.55,101.46,0.01
267,空头出场,2025-11-20 15:30,long,3037.01,0.6589,1999.880102,-1.21,-0.06,19.64,0.98,-4.7,-0.23,100.25,0.01
267,空头进场,2025-11-20 13:00,short,3035.18,0.6589,1999.880102,-1.21,-0.06,19.64,0.98,-4.7,-0.23,100.25,0.01
268,多头出场,2025-11-20 16:30,short,3028.5,0.6585,1999.871085,-5.6,-0.28,3.53,0.18,-10.75,-0.54,94.65,0.01
268,多头进场,2025-11-20 15:30,long,3037.01,0.6585,1999.871085,-5.6,-0.28,3.53,0.18,-10.75,-0.54,94.65,0.01
269,空头出场,2025-11-20 19:30,long,3021.58,0.6603,1999.71855,4.57,0.23,24.12,1.21,-1.81,-0.09,99.22,0.01
269,空头进场,2025-11-20 16:30,short,3028.5,0.6603,1999.71855,4.57,0.23,24.12,1.21,-1.81,-0.09,99.22,0.01
270,多头出场,2025-11-20 21:30,short,2997.53,0.6619,1999.983802,-15.92,-0.80,14.91,0.75,-17.28,-0.86,83.3,0.01
270,多头进场,2025-11-20 19:30,long,3021.58,0.6619,1999.983802,-15.92,-0.80,14.91,0.75,-17.28,-0.86,83.3,0.01
271,空头出场,2025-11-21 03:00,long,2836.82,0.6672,1999.952016,107.23,5.36,137.58,6.88,-14.44,-0.72,190.52,0.02
271,空头进场,2025-11-20 21:30,short,2997.53,0.6672,1999.952016,107.23,5.36,137.58,6.88,-14.44,-0.72,190.52,0.02
272,多头出场,2025-11-21 07:00,short,2862.15,0.705,1999.9581,17.86,0.89,46.71,2.34,-13.1,-0.65,208.38,0.02
272,多头进场,2025-11-21 03:00,long,2836.82,0.705,1999.9581,17.86,0.89,46.71,2.34,-13.1,-0.65,208.38,0.02
273,空头出场,2025-11-21 08:30,long,2858.27,0.6987,1999.784205,2.71,0.14,25.44,1.27,-3.21,-0.16,211.09,0.02
273,空头进场,2025-11-21 07:00,short,2862.15,0.6987,1999.784205,2.71,0.14,25.44,1.27,-3.21,-0.16,211.09,0.02
274,多头出场,2025-11-21 09:30,short,2859.27,0.6997,1999.931519,0.7,0.03,17.15,0.86,-6.46,-0.32,211.79,0.02
274,多头进场,2025-11-21 08:30,long,2858.27,0.6997,1999.931519,0.7,0.03,17.15,0.86,-6.46,-0.32,211.79,0.02
275,空头出场,2025-11-21 12:30,long,2816.02,0.6994,1999.773438,30.25,1.51,60.51,3.03,-0.02,0.00,242.04,0.02
275,空头进场,2025-11-21 09:30,short,2859.27,0.6994,1999.773438,30.25,1.51,60.51,3.03,-0.02,0.00,242.04,0.02
276,多头出场,2025-11-21 13:30,short,2806.48,0.7102,1999.937404,-6.78,-0.34,9.46,0.47,-13.23,-0.66,235.26,0.02
276,多头进场,2025-11-21 12:30,long,2816.02,0.7102,1999.937404,-6.78,-0.34,9.46,0.47,-13.23,-0.66,235.26,0.02
277,空头出场,2025-11-21 19:00,long,2707.99,0.7126,1999.897648,70.18,3.51,103.1,5.16,-3.67,-0.18,305.45,0.03
277,空头进场,2025-11-21 13:30,short,2806.48,0.7126,1999.897648,70.18,3.51,103.1,5.16,-3.67,-0.18,305.45,0.03
278,多头出场,2025-11-21 19:30,short,2685.54,0.7385,1999.850615,-16.58,-0.83,5.66,0.28,-26.43,-1.32,288.87,0.03
278,多头进场,2025-11-21 19:00,long,2707.99,0.7385,1999.850615,-16.58,-0.83,5.66,0.28,-26.43,-1.32,288.87,0.03
279,空头出场,2025-11-21 20:30,long,2724.79,0.7447,1999.921638,-29.23,-1.46,47,2.35,-40.34,-2.02,259.64,0.03
279,空头进场,2025-11-21 19:30,short,2685.54,0.7447,1999.921638,-29.23,-1.46,47,2.35,-40.34,-2.02,259.64,0.03
280,多头出场,2025-11-21 23:00,short,2727.25,0.734,1999.99586,1.81,0.09,38.78,1.94,-11.35,-0.57,261.45,0.03
280,多头进场,2025-11-21 20:30,long,2724.79,0.734,1999.99586,1.81,0.09,38.78,1.94,-11.35,-0.57,261.45,0.03
281,空头出场,2025-11-22 00:30,long,2760.07,0.7333,1999.892425,-24.07,-1.20,39.41,1.97,-24.81,-1.24,237.38,0.02
281,空头进场,2025-11-21 23:00,short,2727.25,0.7333,1999.892425,-24.07,-1.20,39.41,1.97,-24.81,-1.24,237.38,0.02
282,多头出场,2025-11-22 02:00,short,2745.17,0.7246,1999.946722,-10.8,-0.54,31.19,1.56,-32.67,-1.63,226.58,0.02
282,多头进场,2025-11-22 00:30,long,2760.07,0.7246,1999.946722,-10.8,-0.54,31.19,1.56,-32.67,-1.63,226.58,0.02
283,空头出场,2025-11-22 02:30,long,2776.31,0.7285,1999.856345,-22.69,-1.13,1.63,0.08,-33.57,-1.68,203.9,0.02
283,空头进场,2025-11-22 02:00,short,2745.17,0.7285,1999.856345,-22.69,-1.13,1.63,0.08,-33.57,-1.68,203.9,0.02
284,多头出场,2025-11-22 03:30,short,2749.64,0.7203,1999.776093,-19.21,-0.96,5.53,0.28,-27.48,-1.37,184.69,0.02
284,多头进场,2025-11-22 02:30,long,2776.31,0.7203,1999.776093,-19.21,-0.96,5.53,0.28,-27.48,-1.37,184.69,0.02
285,空头出场,2025-11-22 05:00,long,2762.1,0.7273,1999.813172,-9.06,-0.45,30.9,1.55,-12.74,-0.64,175.62,0.02
285,空头进场,2025-11-22 03:30,short,2749.64,0.7273,1999.813172,-9.06,-0.45,30.9,1.55,-12.74,-0.64,175.62,0.02
286,多头出场,2025-11-22 06:00,short,2749.69,0.724,1999.7604,-8.98,-0.45,7.99,0.40,-11.29,-0.56,166.64,0.02
286,多头进场,2025-11-22 05:00,long,2762.1,0.724,1999.7604,-8.98,-0.45,7.99,0.40,-11.29,-0.56,166.64,0.02
287,空头出场,2025-11-22 07:00,long,2757.98,0.7273,1999.849537,-6.03,-0.30,28,1.40,-6.03,-0.30,160.61,0.02
287,空头进场,2025-11-22 06:00,short,2749.69,0.7273,1999.849537,-6.03,-0.30,28,1.40,-6.03,-0.30,160.61,0.02
288,多头出场,2025-11-22 10:00,short,2755.64,0.7251,1999.811298,-1.7,-0.08,17.79,0.89,-6.75,-0.34,158.91,0.02
288,多头进场,2025-11-22 07:00,long,2757.98,0.7251,1999.811298,-1.7,-0.08,17.79,0.89,-6.75,-0.34,158.91,0.02
289,空头出场,2025-11-22 14:00,long,2750.05,0.7257,1999.767948,4.06,0.20,21.73,1.09,-0.53,-0.03,162.97,0.02
289,空头进场,2025-11-22 10:00,short,2755.64,0.7257,1999.767948,4.06,0.20,21.73,1.09,-0.53,-0.03,162.97,0.02
290,多头出场,2025-11-22 16:00,short,2728.01,0.7272,1999.83636,-16.03,-0.80,13.69,0.68,-17.53,-0.88,146.94,0.01
290,多头进场,2025-11-22 14:00,long,2750.05,0.7272,1999.83636,-16.03,-0.80,13.69,0.68,-17.53,-0.88,146.94,0.01
291,空头出场,2025-11-22 19:00,long,2735.03,0.7331,1999.904131,-5.15,-0.26,17.98,0.90,-7.92,-0.40,141.8,0.01
291,空头进场,2025-11-22 16:00,short,2728.01,0.7331,1999.904131,-5.15,-0.26,17.98,0.90,-7.92,-0.40,141.8,0.01
292,多头出场,2025-11-22 20:00,short,2715.94,0.7312,1999.853936,-13.96,-0.70,4.56,0.23,-16.01,-0.80,127.84,0.01
292,多头进场,2025-11-22 19:00,long,2735.03,0.7312,1999.853936,-13.96,-0.70,4.56,0.23,-16.01,-0.80,127.84,0.01
293,空头出场,2025-11-22 22:00,long,2744.01,0.7363,1999.746622,-20.67,-1.03,4.33,0.22,-26.98,-1.35,107.17,0.01
293,空头进场,2025-11-22 20:00,short,2715.94,0.7363,1999.746622,-20.67,-1.03,4.33,0.22,-26.98,-1.35,107.17,0.01
294,多头出场,2025-11-23 03:00,short,2749.62,0.7288,1999.834488,4.09,0.20,9.72,0.49,-13.75,-0.69,111.26,0.01
294,多头进场,2025-11-22 22:00,long,2744.01,0.7288,1999.834488,4.09,0.20,9.72,0.49,-13.75,-0.69,111.26,0.01
295,空头出场,2025-11-23 04:00,long,2753.42,0.7273,1999.798626,-2.76,-0.14,4.13,0.21,-4.27,-0.21,108.49,0.01
295,空头进场,2025-11-23 03:00,short,2749.62,0.7273,1999.798626,-2.76,-0.14,4.13,0.21,-4.27,-0.21,108.49,0.01
296,多头出场,2025-11-23 04:30,short,2739.96,0.7263,1999.808946,-9.78,-0.49,0.02,0.00,-15.22,-0.76,98.72,0.01
296,多头进场,2025-11-23 04:00,long,2753.42,0.7263,1999.808946,-9.78,-0.49,0.02,0.00,-15.22,-0.76,98.72,0.01
297,空头出场,2025-11-23 06:00,long,2758.21,0.7299,1999.896804,-13.32,-0.67,2.98,0.15,-19.48,-0.97,85.4,0.01
297,空头进场,2025-11-23 04:30,short,2739.96,0.7299,1999.896804,-13.32,-0.67,2.98,0.15,-19.48,-0.97,85.4,0.01
298,多头出场,2025-11-23 08:30,short,2771.86,0.7251,1999.978071,9.9,0.49,28.53,1.43,-1.44,-0.07,95.29,0.01
298,多头进场,2025-11-23 06:00,long,2758.21,0.7251,1999.978071,9.9,0.49,28.53,1.43,-1.44,-0.07,95.29,0.01
299,空头出场,2025-11-23 09:00,long,2786.52,0.7215,1999.89699,-10.58,-0.53,0.74,0.04,-13.87,-0.69,84.72,0.01
299,空头进场,2025-11-23 08:30,short,2771.86,0.7215,1999.89699,-10.58,-0.53,0.74,0.04,-13.87,-0.69,84.72,0.01
300,多头出场,2025-11-23 13:30,short,2824.16,0.7177,1999.885404,27.01,1.35,45.98,2.30,-1.58,-0.08,111.73,0.01
300,多头进场,2025-11-23 09:00,long,2786.52,0.7177,1999.885404,27.01,1.35,45.98,2.30,-1.58,-0.08,111.73,0.01
301,空头出场,2025-11-23 16:00,long,2806.03,0.7081,1999.787696,12.84,0.64,33.49,1.67,-5.01,-0.25,124.57,0.01
301,空头进场,2025-11-23 13:30,short,2824.16,0.7081,1999.787696,12.84,0.64,33.49,1.67,-5.01,-0.25,124.57,0.01
302,多头出场,2025-11-23 18:00,short,2805.87,0.7127,1999.857581,-0.11,-0.01,11.24,0.56,-2.91,-0.15,124.46,0.01
302,多头进场,2025-11-23 16:00,long,2806.03,0.7127,1999.857581,-0.11,-0.01,11.24,0.56,-2.91,-0.15,124.46,0.01
303,空头出场,2025-11-23 19:00,long,2811.71,0.7127,1999.743549,-4.16,-0.21,2.21,0.11,-7.35,-0.37,120.29,0.01
303,空头进场,2025-11-23 18:00,short,2805.87,0.7127,1999.743549,-4.16,-0.21,2.21,0.11,-7.35,-0.37,120.29,0.01
304,多头出场,2025-11-23 22:00,short,2828.45,0.7113,1999.969323,11.91,0.60,32.16,1.61,-0.06,0.00,132.2,0.01
304,多头进场,2025-11-23 19:00,long,2811.71,0.7113,1999.969323,11.91,0.60,32.16,1.61,-0.06,0.00,132.2,0.01
305,空头出场,2025-11-23 23:30,long,2835.44,0.7071,1999.996995,-4.94,-0.25,13.39,0.67,-7.37,-0.37,127.26,0.01
305,空头进场,2025-11-23 22:00,short,2828.45,0.7071,1999.996995,-4.94,-0.25,13.39,0.67,-7.37,-0.37,127.26,0.01
306,多头出场,2025-11-24 00:00,short,2820.99,0.7053,1999.835832,-10.19,-0.51,7.07,0.35,-11.6,-0.58,117.07,0.01
306,多头进场,2025-11-23 23:30,long,2835.44,0.7053,1999.835832,-10.19,-0.51,7.07,0.35,-11.6,-0.58,117.07,0.01
307,空头出场,2025-11-24 02:30,long,2807.74,0.7089,1999.799811,9.39,0.47,24.25,1.21,-7.04,-0.35,126.46,0.01
307,空头进场,2025-11-24 00:00,short,2820.99,0.7089,1999.799811,9.39,0.47,24.25,1.21,-7.04,-0.35,126.46,0.01
308,多头出场,2025-11-24 07:00,short,2805.08,0.7123,1999.953202,-1.89,-0.09,25.6,1.28,-8.44,-0.42,124.56,0.01
308,多头进场,2025-11-24 02:30,long,2807.74,0.7123,1999.953202,-1.89,-0.09,25.6,1.28,-8.44,-0.42,124.56,0.01
309,空头出场,2025-11-24 09:30,long,2805.65,0.7129,1999.741532,-0.41,-0.02,29.95,1.50,-1.19,-0.06,124.16,0.01
309,空头进场,2025-11-24 07:00,short,2805.08,0.7129,1999.741532,-0.41,-0.02,29.95,1.50,-1.19,-0.06,124.16,0.01
310,多头出场,2025-11-24 12:00,short,2813.46,0.7128,1999.86732,5.57,0.28,45.28,2.26,-2.02,-0.10,129.73,0.01
310,多头进场,2025-11-24 09:30,long,2805.65,0.7128,1999.86732,5.57,0.28,45.28,2.26,-2.02,-0.10,129.73,0.01
311,空头出场,2025-11-24 13:00,long,2877.43,0.7108,1999.807368,-45.47,-2.27,0.28,0.01,-50.59,-2.53,84.26,0.01
311,空头进场,2025-11-24 12:00,short,2813.46,0.7108,1999.807368,-45.47,-2.27,0.28,0.01,-50.59,-2.53,84.26,0.01
312,多头出场,2025-11-24 14:00,short,2840.8,0.695,1999.81385,-25.46,-1.27,0.13,0.01,-29.68,-1.48,58.8,0.01
312,多头进场,2025-11-24 13:00,long,2877.43,0.695,1999.81385,-25.46,-1.27,0.13,0.01,-29.68,-1.48,58.8,0.01
313,空头出场,2025-11-24 16:30,long,2838.45,0.704,1999.9232,1.65,0.08,13.53,0.68,-2.71,-0.14,60.45,0.01
313,空头进场,2025-11-24 14:00,short,2840.8,0.704,1999.9232,1.65,0.08,13.53,0.68,-2.71,-0.14,60.45,0.01
314,多头出场,2025-11-24 17:00,short,2794.4,0.7046,1999.97187,-31.04,-1.55,0.01,0.00,-35.81,-1.79,29.41,0.00
314,多头进场,2025-11-24 16:30,long,2838.45,0.7046,1999.97187,-31.04,-1.55,0.01,0.00,-35.81,-1.79,29.41,0.00
315,空头出场,2025-11-24 19:30,long,2802.86,0.7157,1999.95208,-6.05,-0.30,3.26,0.16,-12.96,-0.65,23.36,0.00
315,空头进场,2025-11-24 17:00,short,2794.4,0.7157,1999.95208,-6.05,-0.30,3.26,0.16,-12.96,-0.65,23.36,0.00
316,多头出场,2025-11-24 22:00,short,2797.66,0.7135,1999.84061,-3.71,-0.19,17.47,0.87,-5.68,-0.28,19.65,0.00
316,多头进场,2025-11-24 19:30,long,2802.86,0.7135,1999.84061,-3.71,-0.19,17.47,0.87,-5.68,-0.28,19.65,0.00
317,空头出场,2025-11-24 22:30,long,2829.11,0.7148,1999.767368,-22.48,-1.12,8.15,0.41,-35.79,-1.79,-2.83,0.00
317,空头进场,2025-11-24 22:00,short,2797.66,0.7148,1999.767368,-22.48,-1.12,8.15,0.41,-35.79,-1.79,-2.83,0.00
318,多头出场,2025-11-25 05:00,short,2965.32,0.7069,1999.897859,96.29,4.81,109.08,5.45,-11.34,-0.57,93.46,0.01
318,多头进场,2025-11-24 22:30,long,2829.11,0.7069,1999.897859,96.29,4.81,109.08,5.45,-11.34,-0.57,93.46,0.01
319,空头出场,2025-11-25 12:00,long,2927.49,0.6744,1999.811808,25.51,1.28,41.2,2.06,-9.18,-0.46,118.97,0.01
319,空头进场,2025-11-25 05:00,short,2965.32,0.6744,1999.811808,25.51,1.28,41.2,2.06,-9.18,-0.46,118.97,0.01
320,多头出场,2025-11-25 13:00,short,2921.26,0.6831,1999.768419,-4.26,-0.21,10.02,0.50,-5.9,-0.30,114.71,0.01
320,多头进场,2025-11-25 12:00,long,2927.49,0.6831,1999.768419,-4.26,-0.21,10.02,0.50,-5.9,-0.30,114.71,0.01
321,空头出场,2025-11-25 13:30,long,2927.93,0.6846,1999.894596,-4.57,-0.23,0.34,0.02,-10.09,-0.50,110.15,0.01
321,空头进场,2025-11-25 13:00,short,2921.26,0.6846,1999.894596,-4.57,-0.23,0.34,0.02,-10.09,-0.50,110.15,0.01
322,多头出场,2025-11-25 14:00,short,2915.32,0.683,1999.77619,-8.61,-0.43,0.01,0.00,-8.97,-0.45,101.53,0.01
322,多头进场,2025-11-25 13:30,long,2927.93,0.683,1999.77619,-8.61,-0.43,0.01,0.00,-8.97,-0.45,101.53,0.01
323,空头出场,2025-11-25 14:30,long,2921.79,0.686,1999.90952,-4.44,-0.22,2.25,0.11,-6.98,-0.35,97.1,0.01
323,空头进场,2025-11-25 14:00,short,2915.32,0.686,1999.90952,-4.44,-0.22,2.25,0.11,-6.98,-0.35,97.1,0.01
324,多头出场,2025-11-25 15:00,short,2914.46,0.6845,1999.965255,-5.02,-0.25,2.07,0.10,-5.77,-0.29,92.08,0.01
324,多头进场,2025-11-25 14:30,long,2921.79,0.6845,1999.965255,-5.02,-0.25,2.07,0.10,-5.77,-0.29,92.08,0.01
325,空头出场,2025-11-25 17:30,long,2891.45,0.6862,1999.902452,15.79,0.79,33.85,1.69,-4.27,-0.21,107.87,0.01
325,空头进场,2025-11-25 15:00,short,2914.46,0.6862,1999.902452,15.79,0.79,33.85,1.69,-4.27,-0.21,107.87,0.01
326,多头出场,2025-11-25 21:30,short,2906.7,0.6916,1999.72682,10.55,0.53,28.7,1.44,-8.13,-0.41,118.41,0.01
326,多头进场,2025-11-25 17:30,long,2891.45,0.6916,1999.72682,10.55,0.53,28.7,1.44,-8.13,-0.41,118.41,0.01
327,空头出场,2025-11-25 22:00,long,2913.19,0.688,1999.8096,-4.47,-0.22,1.69,0.08,-9.65,-0.48,113.95,0.01
327,空头进场,2025-11-25 21:30,short,2906.7,0.688,1999.8096,-4.47,-0.22,1.69,0.08,-9.65,-0.48,113.95,0.01
328,多头出场,2025-11-25 22:30,short,2880.55,0.6865,1999.904935,-22.41,-1.12,0,0.00,-38.24,-1.91,91.54,0.01
328,多头进场,2025-11-25 22:00,long,2913.19,0.6865,1999.904935,-22.41,-1.12,0,0.00,-38.24,-1.91,91.54,0.01
329,空头出场,2025-11-26 00:00,long,2929.29,0.6943,1999.965865,-33.84,-1.69,16.38,0.82,-33.84,-1.69,57.7,0.01
329,空头进场,2025-11-25 22:30,short,2880.55,0.6943,1999.965865,-33.84,-1.69,16.38,0.82,-33.84,-1.69,57.7,0.01
330,多头出场,2025-11-26 02:30,short,2923.52,0.6827,1999.826283,-3.94,-0.20,19.11,0.96,-8.46,-0.42,53.76,0.01
330,多头进场,2025-11-26 00:00,long,2929.29,0.6827,1999.826283,-3.94,-0.20,19.11,0.96,-8.46,-0.42,53.76,0.01
331,空头出场,2025-11-26 03:30,long,2922.15,0.6841,1999.980032,0.94,0.05,35.2,1.76,-2.57,-0.13,54.7,0.01
331,空头进场,2025-11-26 02:30,short,2923.52,0.6841,1999.980032,0.94,0.05,35.2,1.76,-2.57,-0.13,54.7,0.01
332,多头出场,2025-11-26 08:30,short,2953.26,0.6844,1999.91946,21.29,1.06,39.05,1.95,-10.53,-0.53,75.99,0.01
332,多头进场,2025-11-26 03:30,long,2922.15,0.6844,1999.91946,21.29,1.06,39.05,1.95,-10.53,-0.53,75.99,0.01
333,空头出场,2025-11-26 09:00,long,2958.84,0.6772,1999.947672,-3.78,-0.19,5.8,0.29,-5.73,-0.29,72.21,0.01
333,空头进场,2025-11-26 08:30,short,2953.26,0.6772,1999.947672,-3.78,-0.19,5.8,0.29,-5.73,-0.29,72.21,0.01
334,多头出场,2025-11-26 10:30,short,2955.82,0.6759,1999.879956,-2.04,-0.10,15.44,0.77,-2.31,-0.12,70.17,0.01
334,多头进场,2025-11-26 09:00,long,2958.84,0.6759,1999.879956,-2.04,-0.10,15.44,0.77,-2.31,-0.12,70.17,0.01
335,空头出场,2025-11-26 13:30,long,2943.33,0.6766,1999.907812,8.45,0.42,24.11,1.21,-4.95,-0.25,78.62,0.01
335,空头进场,2025-11-26 10:30,short,2955.82,0.6766,1999.907812,8.45,0.42,24.11,1.21,-4.95,-0.25,78.62,0.01
336,多头出场,2025-11-26 14:00,short,2938.24,0.6795,1999.992735,-3.46,-0.17,6.73,0.34,-5.86,-0.29,75.16,0.01
336,多头进场,2025-11-26 13:30,long,2943.33,0.6795,1999.992735,-3.46,-0.17,6.73,0.34,-5.86,-0.29,75.16,0.01
337,空头出场,2025-11-26 14:30,long,2945.41,0.6806,1999.766144,-4.88,-0.24,4.15,0.21,-6.49,-0.32,70.28,0.01
337,空头进场,2025-11-26 14:00,short,2938.24,0.6806,1999.766144,-4.88,-0.24,4.15,0.21,-6.49,-0.32,70.28,0.01
338,多头出场,2025-11-26 16:00,short,2923.66,0.679,1999.93339,-14.77,-0.74,1.97,0.10,-15.56,-0.78,55.52,0.01
338,多头进场,2025-11-26 14:30,long,2945.41,0.679,1999.93339,-14.77,-0.74,1.97,0.10,-15.56,-0.78,55.52,0.01
339,空头出场,2025-11-26 19:30,long,2913.16,0.684,1999.78344,7.18,0.36,15.12,0.76,-2.11,-0.11,62.7,0.01
339,空头进场,2025-11-26 16:00,short,2923.66,0.684,1999.78344,7.18,0.36,15.12,0.76,-2.11,-0.11,62.7,0.01
340,多头出场,2025-11-26 20:00,short,2899.91,0.6865,1999.88434,-9.1,-0.45,2.53,0.13,-17.18,-0.86,53.6,0.01
340,多头进场,2025-11-26 19:30,long,2913.16,0.6865,1999.88434,-9.1,-0.45,2.53,0.13,-17.18,-0.86,53.6,0.01
341,空头出场,2025-11-26 21:00,long,2913.03,0.6896,1999.777936,-9.05,-0.45,2.31,0.12,-10.35,-0.52,44.55,0.00
341,空头进场,2025-11-26 20:00,short,2899.91,0.6896,1999.777936,-9.05,-0.45,2.31,0.12,-10.35,-0.52,44.55,0.00
342,多头出场,2025-11-26 22:30,short,2908.25,0.6865,1999.795095,-3.28,-0.16,22.41,1.12,-5.68,-0.28,41.27,0.00
342,多头进场,2025-11-26 21:00,long,2913.03,0.6865,1999.795095,-3.28,-0.16,22.41,1.12,-5.68,-0.28,41.27,0.00
343,空头出场,2025-11-26 23:00,long,2935.25,0.6876,1999.7127,-18.57,-0.93,0.52,0.03,-20.65,-1.03,22.71,0.00
343,空头进场,2025-11-26 22:30,short,2908.25,0.6876,1999.7127,-18.57,-0.93,0.52,0.03,-20.65,-1.03,22.71,0.00
344,多头出场,2025-11-27 04:00,short,3020.46,0.6813,1999.785825,58.05,2.90,73.5,3.68,-17.96,-0.90,80.76,0.01
344,多头进场,2025-11-26 23:00,long,2935.25,0.6813,1999.785825,58.05,2.90,73.5,3.68,-17.96,-0.90,80.76,0.01
345,空头出场,2025-11-27 05:00,long,3030.74,0.6621,1999.846566,-6.81,-0.34,8.43,0.42,-7.05,-0.35,73.95,0.01
345,空头进场,2025-11-27 04:00,short,3020.46,0.6621,1999.846566,-6.81,-0.34,8.43,0.42,-7.05,-0.35,73.95,0.01
346,多头出场,2025-11-27 05:30,short,3020.73,0.6599,1999.985326,-6.61,-0.33,2.55,0.13,-7.12,-0.36,67.35,0.01
346,多头进场,2025-11-27 05:00,long,3030.74,0.6599,1999.985326,-6.61,-0.33,2.55,0.13,-7.12,-0.36,67.35,0.01
347,空头出场,2025-11-27 08:30,long,3035.58,0.662,1999.72326,-9.83,-0.49,7.99,0.40,-17.66,-0.88,57.52,0.01
347,空头进场,2025-11-27 05:30,short,3020.73,0.662,1999.72326,-9.83,-0.49,7.99,0.40,-17.66,-0.88,57.52,0.01
348,多头出场,2025-11-27 10:30,short,3037.7,0.6588,1999.840104,1.4,0.07,23.49,1.17,-4.76,-0.24,58.91,0.01
348,多头进场,2025-11-27 08:30,long,3035.58,0.6588,1999.840104,1.4,0.07,23.49,1.17,-4.76,-0.24,58.91,0.01
349,空头出场,2025-11-27 11:00,long,3046.28,0.6583,1999.71791,-5.65,-0.28,0.95,0.05,-9.41,-0.47,53.27,0.01
349,空头进场,2025-11-27 10:30,short,3037.7,0.6583,1999.71791,-5.65,-0.28,0.95,0.05,-9.41,-0.47,53.27,0.01
350,多头出场,2025-11-27 11:30,short,3033.6,0.6565,1999.88282,-8.32,-0.42,0,0.00,-10.18,-0.51,44.94,0.00
350,多头进场,2025-11-27 11:00,long,3046.28,0.6565,1999.88282,-8.32,-0.42,0,0.00,-10.18,-0.51,44.94,0.00
351,空头出场,2025-11-27 15:00,long,3034.34,0.6592,1999.74912,-0.49,-0.02,10.24,0.51,-13.06,-0.65,44.45,0.00
351,空头进场,2025-11-27 11:30,short,3033.6,0.6592,1999.74912,-0.49,-0.02,10.24,0.51,-13.06,-0.65,44.45,0.00
352,多头出场,2025-11-27 16:00,short,3022.99,0.6591,1999.933494,-7.48,-0.37,0.69,0.03,-8.81,-0.44,36.97,0.00
352,多头进场,2025-11-27 15:00,long,3034.34,0.6591,1999.933494,-7.48,-0.37,0.69,0.03,-8.81,-0.44,36.97,0.00
353,空头出场,2025-11-27 17:00,long,3030.77,0.6615,1999.707885,-5.15,-0.26,3.17,0.16,-10.52,-0.53,31.83,0.00
353,空头进场,2025-11-27 16:00,short,3022.99,0.6615,1999.707885,-5.15,-0.26,3.17,0.16,-10.52,-0.53,31.83,0.00
354,多头出场,2025-11-27 17:30,short,3028.04,0.6598,1999.702046,-1.8,-0.09,8.92,0.45,-2.27,-0.11,30.03,0.00
354,多头进场,2025-11-27 17:00,long,3030.77,0.6598,1999.702046,-1.8,-0.09,8.92,0.45,-2.27,-0.11,30.03,0.00
355,空头出场,2025-11-27 18:00,long,3032.34,0.6604,1999.717616,-2.84,-0.14,0.72,0.04,-4.97,-0.25,27.19,0.00
355,空头进场,2025-11-27 17:30,short,3028.04,0.6604,1999.717616,-2.84,-0.14,0.72,0.04,-4.97,-0.25,27.19,0.00
356,多头出场,2025-11-27 19:00,short,3028.42,0.6595,1999.82823,-2.59,-0.13,2.51,0.13,-6.75,-0.34,24.6,0.00
356,多头进场,2025-11-27 18:00,long,3032.34,0.6595,1999.82823,-2.59,-0.13,2.51,0.13,-6.75,-0.34,24.6,0.00
357,空头出场,2025-11-27 23:00,long,3004.74,0.6604,1999.968568,15.64,0.78,27.64,1.38,-2.61,-0.13,40.24,0.00
357,空头进场,2025-11-27 19:00,short,3028.42,0.6604,1999.968568,15.64,0.78,27.64,1.38,-2.61,-0.13,40.24,0.00
358,多头出场,2025-11-28 05:30,short,3032.86,0.6656,1999.954944,18.72,0.94,26.16,1.31,-3.49,-0.17,58.96,0.01
358,多头进场,2025-11-27 23:00,long,3004.74,0.6656,1999.954944,18.72,0.94,26.16,1.31,-3.49,-0.17,58.96,0.01
359,空头出场,2025-11-28 10:30,long,3012.5,0.6594,1999.867884,13.43,0.67,25.41,1.27,-1.03,-0.05,72.38,0.01
359,空头进场,2025-11-28 05:30,short,3032.86,0.6594,1999.867884,13.43,0.67,25.41,1.27,-1.03,-0.05,72.38,0.01
360,多头出场,2025-11-28 14:00,short,3011.15,0.6639,1999.99875,-0.9,-0.04,10.7,0.53,-6.57,-0.33,71.48,0.01
360,多头进场,2025-11-28 10:30,long,3012.5,0.6639,1999.99875,-0.9,-0.04,10.7,0.53,-6.57,-0.33,71.48,0.01
361,空头出场,2025-11-28 15:00,long,3021.52,0.6641,1999.704715,-6.89,-0.34,4.24,0.21,-7.31,-0.37,64.6,0.01
361,空头进场,2025-11-28 14:00,short,3011.15,0.6641,1999.704715,-6.89,-0.34,4.24,0.21,-7.31,-0.37,64.6,0.01
362,多头出场,2025-11-28 15:30,short,3001.84,0.6619,1999.944088,-13.03,-0.65,0.03,0.00,-13.81,-0.69,51.57,0.01
362,多头进场,2025-11-28 15:00,long,3021.52,0.6619,1999.944088,-13.03,-0.65,0.03,0.00,-13.81,-0.69,51.57,0.01
363,空头出场,2025-11-28 16:00,long,3018.13,0.6662,1999.825808,-10.85,-0.54,0.18,0.01,-13.46,-0.67,40.72,0.00
363,空头进场,2025-11-28 15:30,short,3001.84,0.6662,1999.825808,-10.85,-0.54,0.18,0.01,-13.46,-0.67,40.72,0.00
364,多头出场,2025-11-28 19:00,short,3030.78,0.6626,1999.812938,8.38,0.42,36.74,1.84,-1.86,-0.09,49.1,0.00
364,多头进场,2025-11-28 16:00,long,3018.13,0.6626,1999.812938,8.38,0.42,36.74,1.84,-1.86,-0.09,49.1,0.00
365,空头出场,2025-11-28 21:30,long,3073.85,0.6598,1999.708644,-28.42,-1.42,2.86,0.14,-36.59,-1.83,20.68,0.00
365,空头进场,2025-11-28 19:00,short,3030.78,0.6598,1999.708644,-28.42,-1.42,2.86,0.14,-36.59,-1.83,20.68,0.00
366,多头出场,2025-11-29 00:00,short,3030.04,0.6506,1999.84681,-28.5,-1.43,15.69,0.78,-30.25,-1.51,-7.82,0.00
366,多头进场,2025-11-28 21:30,long,3073.85,0.6506,1999.84681,-28.5,-1.43,15.69,0.78,-30.25,-1.51,-7.82,0.00
367,空头出场,2025-11-29 02:30,long,3042.36,0.66,1999.8264,-8.13,-0.41,11.73,0.59,-12.31,-0.62,-15.95,0.00
367,空头进场,2025-11-29 00:00,short,3030.04,0.66,1999.8264,-8.13,-0.41,11.73,0.59,-12.31,-0.62,-15.95,0.00
368,多头出场,2025-11-29 05:00,short,3048.69,0.6573,1999.743228,4.16,0.21,11.59,0.58,-3.96,-0.20,-11.79,0.00
368,多头进场,2025-11-29 02:30,long,3042.36,0.6573,1999.743228,4.16,0.21,11.59,0.58,-3.96,-0.20,-11.79,0.00
369,空头出场,2025-11-29 08:00,long,3037.29,0.656,1999.94064,7.48,0.37,17.38,0.87,-2.94,-0.15,-4.31,0.00
369,空头进场,2025-11-29 05:00,short,3048.69,0.656,1999.94064,7.48,0.37,17.38,0.87,-2.94,-0.15,-4.31,0.00
370,多头出场,2025-11-29 10:00,short,3034.34,0.6584,1999.751736,-1.94,-0.10,10.57,0.53,-4.04,-0.20,-6.25,0.00
370,多头进场,2025-11-29 08:00,long,3037.29,0.6584,1999.751736,-1.94,-0.10,10.57,0.53,-4.04,-0.20,-6.25,0.00
371,空头出场,2025-11-29 12:00,long,3029.77,0.6591,1999.933494,3.01,0.15,10.23,0.51,-1.71,-0.09,-3.24,0.00
371,空头进场,2025-11-29 10:00,short,3034.34,0.6591,1999.933494,3.01,0.15,10.23,0.51,-1.71,-0.09,-3.24,0.00
372,多头出场,2025-11-29 13:30,short,3033.83,0.6601,1999.951177,2.68,0.13,10.36,0.52,0,0.00,-0.56,0.00
372,多头进场,2025-11-29 12:00,long,3029.77,0.6601,1999.951177,2.68,0.13,10.36,0.52,0,0.00,-0.56,0.00
373,空头出场,2025-11-29 18:00,long,3006.27,0.6592,1999.900736,18.17,0.91,29.97,1.50,-3.47,-0.17,17.61,0.00
373,空头进场,2025-11-29 13:30,short,3033.83,0.6592,1999.900736,18.17,0.91,29.97,1.50,-3.47,-0.17,17.61,0.00
374,多头出场,2025-11-29 18:30,short,2998.42,0.6652,1999.770804,-5.22,-0.26,1.59,0.08,-5.24,-0.26,12.38,0.00
374,多头进场,2025-11-29 18:00,long,3006.27,0.6652,1999.770804,-5.22,-0.26,1.59,0.08,-5.24,-0.26,12.38,0.00
375,空头出场,2025-11-29 19:30,long,3000.91,0.667,1999.94614,-1.66,-0.08,3.4,0.17,-2.87,-0.14,10.72,0.00
375,空头进场,2025-11-29 18:30,short,2998.42,0.667,1999.94614,-1.66,-0.08,3.4,0.17,-2.87,-0.14,10.72,0.00
376,多头出场,2025-11-29 20:00,short,2996.19,0.6664,1999.806424,-3.15,-0.16,1.65,0.08,-4.76,-0.24,7.58,0.00
376,多头进场,2025-11-29 19:30,long,3000.91,0.6664,1999.806424,-3.15,-0.16,1.65,0.08,-4.76,-0.24,7.58,0.00
377,空头出场,2025-11-29 21:00,long,3000.65,0.6675,1999.956825,-2.98,-0.15,1.63,0.08,-3.4,-0.17,4.6,0.00
377,空头进场,2025-11-29 20:00,short,2996.19,0.6675,1999.956825,-2.98,-0.15,1.63,0.08,-3.4,-0.17,4.6,0.00
378,多头出场,2025-11-29 22:00,short,2995.93,0.6665,1999.933225,-3.15,-0.16,1.47,0.07,-4.41,-0.22,1.46,0.00
378,多头进场,2025-11-29 21:00,long,3000.65,0.6665,1999.933225,-3.15,-0.16,1.47,0.07,-4.41,-0.22,1.46,0.00
379,空头出场,2025-11-29 23:00,long,3002.27,0.6675,1999.783275,-4.23,-0.21,5.51,0.28,-12.68,-0.63,-2.78,0.00
379,空头进场,2025-11-29 22:00,short,2995.93,0.6675,1999.783275,-4.23,-0.21,5.51,0.28,-12.68,-0.63,-2.78,0.00
380,多头出场,2025-11-30 01:00,short,2995.26,0.6661,1999.812047,-4.67,-0.23,6.63,0.33,-5.47,-0.27,-7.45,0.00
380,多头进场,2025-11-29 23:00,long,3002.27,0.6661,1999.812047,-4.67,-0.23,6.63,0.33,-5.47,-0.27,-7.45,0.00
381,空头出场,2025-11-30 02:30,long,2995.58,0.6677,1999.935102,-0.21,-0.01,20.49,1.02,-1.56,-0.08,-7.66,0.00
381,空头进场,2025-11-30 01:00,short,2995.26,0.6677,1999.935102,-0.21,-0.01,20.49,1.02,-1.56,-0.08,-7.66,0.00
382,多头出场,2025-11-30 03:30,short,2989.62,0.6676,1999.849208,-3.98,-0.20,3.32,0.17,-6.13,-0.31,-11.64,0.00
382,多头进场,2025-11-30 02:30,long,2995.58,0.6676,1999.849208,-3.98,-0.20,3.32,0.17,-6.13,-0.31,-11.64,0.00
383,空头出场,2025-11-30 04:00,long,2991.95,0.6689,1999.756818,-1.56,-0.08,3.57,0.18,-2.68,-0.13,-13.2,0.00
383,空头进场,2025-11-30 03:30,short,2989.62,0.6689,1999.756818,-1.56,-0.08,3.57,0.18,-2.68,-0.13,-13.2,0.00
384,多头出场,2025-11-30 06:00,short,2985.92,0.6684,1999.81938,-4.03,-0.20,5.39,0.27,-5.29,-0.26,-17.23,0.00
384,多头进场,2025-11-30 04:00,long,2991.95,0.6684,1999.81938,-4.03,-0.20,5.39,0.27,-5.29,-0.26,-17.23,0.00
385,空头出场,2025-11-30 07:00,long,2991.23,0.6698,1999.969216,-3.56,-0.18,0.29,0.01,-6.01,-0.30,-20.78,0.00
385,空头进场,2025-11-30 06:00,short,2985.92,0.6698,1999.969216,-3.56,-0.18,0.29,0.01,-6.01,-0.30,-20.78,0.00
386,多头出场,2025-11-30 07:30,short,2989.99,0.6686,1999.936378,-0.83,-0.04,1.88,0.09,-1.66,-0.08,-21.61,0.00
386,多头进场,2025-11-30 07:00,long,2991.23,0.6686,1999.936378,-0.83,-0.04,1.88,0.09,-1.66,-0.08,-21.61,0.00
387,空头出场,2025-11-30 08:00,long,2997.26,0.6688,1999.705312,-4.86,-0.24,0.54,0.03,-7.19,-0.36,-26.48,0.00
387,空头进场,2025-11-30 07:30,short,2989.99,0.6688,1999.705312,-4.86,-0.24,0.54,0.03,-7.19,-0.36,-26.48,0.00
388,多头出场,2025-11-30 10:30,short,2992.1,0.6672,1999.771872,-3.44,-0.17,10.58,0.53,-3.62,-0.18,-29.92,0.00
388,多头进场,2025-11-30 08:00,long,2997.26,0.6672,1999.771872,-3.44,-0.17,10.58,0.53,-3.62,-0.18,-29.92,0.00
389,空头出场,2025-11-30 11:30,long,3002.9,0.6684,1999.91964,-7.22,-0.36,9.48,0.47,-9.69,-0.48,-37.14,0.00
389,空头进场,2025-11-30 10:30,short,2992.1,0.6684,1999.91964,-7.22,-0.36,9.48,0.47,-9.69,-0.48,-37.14,0.00
390,多头出场,2025-11-30 13:00,short,2988.14,0.666,1999.9314,-9.83,-0.49,1.1,0.05,-10.54,-0.53,-46.97,0.00
390,多头进场,2025-11-30 11:30,long,3002.9,0.666,1999.9314,-9.83,-0.49,1.1,0.05,-10.54,-0.53,-46.97,0.00
391,空头出场,2025-11-30 14:00,long,2998.87,0.6693,1999.962102,-7.18,-0.36,0.52,0.03,-7.18,-0.36,-54.15,-0.01
391,空头进场,2025-11-30 13:00,short,2988.14,0.6693,1999.962102,-7.18,-0.36,0.52,0.03,-7.18,-0.36,-54.15,-0.01
392,多头出场,2025-11-30 19:00,short,3005.75,0.6669,1999.946403,4.59,0.23,13.61,0.68,-0.99,-0.05,-49.56,0.00
392,多头进场,2025-11-30 14:00,long,2998.87,0.6669,1999.946403,4.59,0.23,13.61,0.68,-0.99,-0.05,-49.56,0.00
393,空头出场,2025-11-30 20:00,long,3010.78,0.6653,1999.725475,-3.35,-0.17,2.94,0.15,-4.72,-0.24,-52.91,-0.01
393,空头进场,2025-11-30 19:00,short,3005.75,0.6653,1999.725475,-3.35,-0.17,2.94,0.15,-4.72,-0.24,-52.91,-0.01
394,多头出场,2025-11-30 23:00,short,3036.85,0.6642,1999.760076,17.32,0.87,28.26,1.41,-1.48,-0.07,-35.59,0.00
394,多头进场,2025-11-30 20:00,long,3010.78,0.6642,1999.760076,17.32,0.87,28.26,1.41,-1.48,-0.07,-35.59,0.00
395,空头出场,2025-12-01 00:00,long,3046.92,0.6585,1999.765725,-6.63,-0.33,5.95,0.30,-7.39,-0.37,-42.22,0.00
395,空头进场,2025-11-30 23:00,short,3036.85,0.6585,1999.765725,-6.63,-0.33,5.95,0.30,-7.39,-0.37,-42.22,0.00
396,多头出场,2025-12-01 01:00,short,3036.35,0.6564,1999.998288,-6.94,-0.35,2.33,0.12,-9.35,-0.47,-49.16,0.00
396,多头进场,2025-12-01 00:00,long,3046.92,0.6564,1999.998288,-6.94,-0.35,2.33,0.12,-9.35,-0.47,-49.16,0.00
397,空头出场,2025-12-01 01:30,long,3042.2,0.6586,1999.74011,-3.85,-0.19,1.73,0.09,-5.74,-0.29,-53.01,-0.01
397,空头进场,2025-12-01 01:00,short,3036.35,0.6586,1999.74011,-3.85,-0.19,1.73,0.09,-5.74,-0.29,-53.01,-0.01
398,多头出场,2025-12-01 02:00,short,3036.13,0.6574,1999.94228,-3.99,-0.20,0.17,0.01,-5.95,-0.30,-57,-0.01
398,多头进场,2025-12-01 01:30,long,3042.2,0.6574,1999.94228,-3.99,-0.20,0.17,0.01,-5.95,-0.30,-57,-0.01
399,空头出场,2025-12-01 06:00,long,3029.67,0.6587,1999.898831,4.26,0.21,13.05,0.65,-3.99,-0.20,-52.75,-0.01
399,空头进场,2025-12-01 02:00,short,3036.13,0.6587,1999.898831,4.26,0.21,13.05,0.65,-3.99,-0.20,-52.75,-0.01
400,多头出场,2025-12-01 07:00,short,3009.73,0.6601,1999.885167,-13.16,-0.66,4.7,0.24,-13.16,-0.66,-65.91,-0.01
400,多头进场,2025-12-01 06:00,long,3029.67,0.6601,1999.885167,-13.16,-0.66,4.7,0.24,-13.16,-0.66,-65.91,-0.01
401,空头出场,2025-12-01 13:00,long,2823,0.6645,1999.965585,124.08,6.20,134.32,6.72,-0.66,-0.03,58.17,0.01
401,空头进场,2025-12-01 07:00,short,3009.73,0.6645,1999.965585,124.08,6.20,134.32,6.72,-0.66,-0.03,58.17,0.01
402,多头出场,2025-12-01 19:30,short,2838.75,0.7084,1999.8132,11.16,0.56,21.14,1.06,-6.98,-0.35,69.33,0.01
402,多头进场,2025-12-01 13:00,long,2823,0.7084,1999.8132,11.16,0.56,21.14,1.06,-6.98,-0.35,69.33,0.01
403,空头出场,2025-12-02 02:00,long,2751.07,0.7045,1999.899375,61.77,3.09,83.29,4.16,-1.1,-0.05,131.1,0.01
403,空头进场,2025-12-01 19:30,short,2838.75,0.7045,1999.899375,61.77,3.09,83.29,4.16,-1.1,-0.05,131.1,0.01
404,多头出场,2025-12-02 03:00,short,2739.6,0.7269,1999.752783,-8.34,-0.42,4.26,0.21,-18.26,-0.91,122.76,0.01
404,多头进场,2025-12-02 02:00,long,2751.07,0.7269,1999.752783,-8.34,-0.42,4.26,0.21,-18.26,-0.91,122.76,0.01
405,空头出场,2025-12-02 04:00,long,2749.7,0.73,1999.908,-7.37,-0.37,6.1,0.30,-22.38,-1.12,115.39,0.01
405,空头进场,2025-12-02 03:00,short,2739.6,0.73,1999.908,-7.37,-0.37,6.1,0.30,-22.38,-1.12,115.39,0.01
406,多头出场,2025-12-02 08:00,short,2790.51,0.7273,1999.85681,29.68,1.48,50.05,2.50,-4.32,-0.22,145.07,0.01
406,多头进场,2025-12-02 04:00,long,2749.7,0.7273,1999.85681,29.68,1.48,50.05,2.50,-4.32,-0.22,145.07,0.01
407,空头出场,2025-12-02 09:00,long,2804.24,0.7167,1999.958517,-9.84,-0.49,2.15,0.11,-24.44,-1.22,135.23,0.01
407,空头进场,2025-12-02 08:00,short,2790.51,0.7167,1999.958517,-9.84,-0.49,2.15,0.11,-24.44,-1.22,135.23,0.01
408,多头出场,2025-12-02 09:30,short,2795.38,0.7132,1999.983968,-6.32,-0.32,2.47,0.12,-7.65,-0.38,128.91,0.01
408,多头进场,2025-12-02 09:00,long,2804.24,0.7132,1999.983968,-6.32,-0.32,2.47,0.12,-7.65,-0.38,128.91,0.01
409,空头出场,2025-12-02 10:00,long,2806.76,0.7154,1999.814852,-8.14,-0.41,6.87,0.34,-10.44,-0.52,120.77,0.01
409,空头进场,2025-12-02 09:30,short,2795.38,0.7154,1999.814852,-8.14,-0.41,6.87,0.34,-10.44,-0.52,120.77,0.01
410,多头出场,2025-12-02 10:30,short,2801.41,0.7125,1999.8165,-3.81,-0.19,5.43,0.27,-4.54,-0.23,116.96,0.01
410,多头进场,2025-12-02 10:00,long,2806.76,0.7125,1999.8165,-3.81,-0.19,5.43,0.27,-4.54,-0.23,116.96,0.01
411,空头出场,2025-12-02 11:30,long,2804.71,0.7139,1999.926599,-2.36,-0.12,11.02,0.55,-6.59,-0.33,114.6,0.01
411,空头进场,2025-12-02 10:30,short,2801.41,0.7139,1999.926599,-2.36,-0.12,11.02,0.55,-6.59,-0.33,114.6,0.01
412,多头出场,2025-12-02 13:00,short,2799.99,0.713,1999.75823,-3.37,-0.17,6.93,0.35,-4.88,-0.24,111.24,0.01
412,多头进场,2025-12-02 11:30,long,2804.71,0.713,1999.75823,-3.37,-0.17,6.93,0.35,-4.88,-0.24,111.24,0.01
413,空头出场,2025-12-02 14:30,long,2813.22,0.7142,1999.752858,-9.45,-0.47,1.48,0.07,-11.45,-0.57,101.79,0.01
413,空头进场,2025-12-02 13:00,short,2799.99,0.7142,1999.752858,-9.45,-0.47,1.48,0.07,-11.45,-0.57,101.79,0.01
414,多头出场,2025-12-02 15:00,short,2805.03,0.7109,1999.918098,-5.82,-0.29,1.11,0.06,-6.04,-0.30,95.96,0.01
414,多头进场,2025-12-02 14:30,long,2813.22,0.7109,1999.918098,-5.82,-0.29,1.11,0.06,-6.04,-0.30,95.96,0.01
415,空头出场,2025-12-02 17:00,long,2806.84,0.713,1999.98639,-1.29,-0.06,15.61,0.78,-4.56,-0.23,94.67,0.01
415,空头进场,2025-12-02 15:00,short,2805.03,0.713,1999.98639,-1.29,-0.06,15.61,0.78,-4.56,-0.23,94.67,0.01
416,多头出场,2025-12-02 17:30,short,2798.39,0.7125,1999.8735,-6.02,-0.30,0,0.00,-7.79,-0.39,88.65,0.01
416,多头进场,2025-12-02 17:00,long,2806.84,0.7125,1999.8735,-6.02,-0.30,0,0.00,-7.79,-0.39,88.65,0.01
417,空头出场,2025-12-02 18:00,long,2806.1,0.7146,1999.729494,-5.51,-0.28,0.36,0.02,-8.55,-0.43,83.14,0.01
417,空头进场,2025-12-02 17:30,short,2798.39,0.7146,1999.729494,-5.51,-0.28,0.36,0.02,-8.55,-0.43,83.14,0.01
418,多头出场,2025-12-03 03:30,short,3016.25,0.7127,1999.90747,149.77,7.49,161.93,8.10,-0.01,0.00,232.92,0.02
418,多头进场,2025-12-02 18:00,long,2806.1,0.7127,1999.90747,149.77,7.49,161.93,8.10,-0.01,0.00,232.92,0.02
419,空头出场,2025-12-03 06:00,long,3009.76,0.663,1999.77375,4.3,0.22,27.28,1.36,-1.54,-0.08,237.22,0.02
419,空头进场,2025-12-03 03:30,short,3016.25,0.663,1999.77375,4.3,0.22,27.28,1.36,-1.54,-0.08,237.22,0.02
420,多头出场,2025-12-03 07:00,short,3008.07,0.6645,1999.98552,-1.12,-0.06,7.41,0.37,-2.21,-0.11,236.1,0.02
420,多头进场,2025-12-03 06:00,long,3009.76,0.6645,1999.98552,-1.12,-0.06,7.41,0.37,-2.21,-0.11,236.1,0.02
421,空头出场,2025-12-03 08:30,long,3004.48,0.6648,1999.764936,2.39,0.12,13.87,0.69,-1.38,-0.07,238.48,0.02
421,空头进场,2025-12-03 07:00,short,3008.07,0.6648,1999.764936,2.39,0.12,13.87,0.69,-1.38,-0.07,238.48,0.02
422,多头出场,2025-12-03 15:00,short,3060.23,0.6656,1999.781888,37.11,1.86,54.65,2.73,-2.5,-0.13,275.59,0.03
422,多头进场,2025-12-03 08:30,long,3004.48,0.6656,1999.781888,37.11,1.86,54.65,2.73,-2.5,-0.13,275.59,0.03
423,空头出场,2025-12-03 17:30,long,3061.89,0.6535,1999.860305,-1.08,-0.05,9.4,0.47,-2.7,-0.13,274.51,0.03
423,空头进场,2025-12-03 15:00,short,3060.23,0.6535,1999.860305,-1.08,-0.05,9.4,0.47,-2.7,-0.13,274.51,0.03
424,多头出场,2025-12-03 18:30,short,3056.85,0.6531,1999.720359,-3.29,-0.16,11.63,0.58,-6.32,-0.32,271.22,0.03
424,多头进场,2025-12-03 17:30,long,3061.89,0.6531,1999.720359,-3.29,-0.16,11.63,0.58,-6.32,-0.32,271.22,0.03
425,空头出场,2025-12-03 19:00,long,3072.04,0.6542,1999.79127,-9.94,-0.50,3.32,0.17,-10.68,-0.53,261.28,0.03
425,空头进场,2025-12-03 18:30,short,3056.85,0.6542,1999.79127,-9.94,-0.50,3.32,0.17,-10.68,-0.53,261.28,0.03
426,多头出场,2025-12-03 22:00,short,3074.99,0.651,1999.89804,1.92,0.10,15.36,0.77,-24.95,-1.25,263.2,0.03
426,多头进场,2025-12-03 19:00,long,3072.04,0.651,1999.89804,1.92,0.10,15.36,0.77,-24.95,-1.25,263.2,0.03
427,空头出场,2025-12-03 23:30,long,3087.37,0.6504,1999.973496,-8.05,-0.40,11.66,0.58,-46.13,-2.31,255.15,0.03
427,空头进场,2025-12-03 22:00,short,3074.99,0.6504,1999.973496,-8.05,-0.40,11.66,0.58,-46.13,-2.31,255.15,0.03
428,多头出场,2025-12-04 11:30,short,3211.11,0.6478,1999.998286,80.16,4.01,99.37,4.97,-13.83,-0.69,335.31,0.03
428,多头进场,2025-12-03 23:30,long,3087.37,0.6478,1999.998286,80.16,4.01,99.37,4.97,-13.83,-0.69,335.31,0.03
429,空头出场,2025-12-04 14:00,long,3203.53,0.6228,1999.879308,4.72,0.24,23.09,1.15,-5.78,-0.29,340.03,0.03
429,空头进场,2025-12-04 11:30,short,3211.11,0.6228,1999.879308,4.72,0.24,23.09,1.15,-5.78,-0.29,340.03,0.03
430,多头出场,2025-12-04 15:00,short,3197.51,0.6243,1999.963779,-3.76,-0.19,9.88,0.49,-12.16,-0.61,336.27,0.03
430,多头进场,2025-12-04 14:00,long,3203.53,0.6243,1999.963779,-3.76,-0.19,9.88,0.49,-12.16,-0.61,336.27,0.03
431,空头出场,2025-12-04 17:00,long,3196.11,0.6254,1999.722754,0.88,0.04,12.75,0.64,-3.65,-0.18,337.14,0.03
431,空头进场,2025-12-04 15:00,short,3197.51,0.6254,1999.722754,0.88,0.04,12.75,0.64,-3.65,-0.18,337.14,0.03
432,多头出场,2025-12-04 18:30,short,3189.33,0.6257,1999.806027,-4.24,-0.21,8.23,0.41,-6.43,-0.32,332.9,0.03
432,多头进场,2025-12-04 17:00,long,3196.11,0.6257,1999.806027,-4.24,-0.21,8.23,0.41,-6.43,-0.32,332.9,0.03
433,空头出场,2025-12-04 21:00,long,3186.63,0.627,1999.70991,1.69,0.08,17.44,0.87,-3.79,-0.19,334.59,0.03
433,空头进场,2025-12-04 18:30,short,3189.33,0.627,1999.70991,1.69,0.08,17.44,0.87,-3.79,-0.19,334.59,0.03
434,多头出场,2025-12-04 21:30,short,3171.93,0.6276,1999.928988,-9.23,-0.46,2.02,0.10,-11.52,-0.58,325.37,0.03
434,多头进场,2025-12-04 21:00,long,3186.63,0.6276,1999.928988,-9.23,-0.46,2.02,0.10,-11.52,-0.58,325.37,0.03
435,空头出场,2025-12-04 22:00,long,3187.72,0.6305,1999.901865,-9.96,-0.50,1.15,0.06,-11.14,-0.56,315.41,0.03
435,空头进场,2025-12-04 21:30,short,3171.93,0.6305,1999.901865,-9.96,-0.50,1.15,0.06,-11.14,-0.56,315.41,0.03
436,多头出场,2025-12-04 22:30,short,3145.85,0.6274,1999.975528,-26.27,-1.31,0.04,0.00,-28.72,-1.44,289.14,0.03
436,多头进场,2025-12-04 22:00,long,3187.72,0.6274,1999.975528,-26.27,-1.31,0.04,0.00,-28.72,-1.44,289.14,0.03
437,空头出场,2025-12-04 23:00,long,3174.12,0.6357,1999.816845,-17.97,-0.90,0.27,0.01,-26.41,-1.32,271.17,0.03
437,空头进场,2025-12-04 22:30,short,3145.85,0.6357,1999.816845,-17.97,-0.90,0.27,0.01,-26.41,-1.32,271.17,0.03
438,多头出场,2025-12-05 00:30,short,3170.06,0.63,1999.6956,-2.56,-0.13,32.52,1.63,-7.01,-0.35,268.61,0.03
438,多头进场,2025-12-04 23:00,long,3174.12,0.63,1999.6956,-2.56,-0.13,32.52,1.63,-7.01,-0.35,268.61,0.03
439,空头出场,2025-12-05 04:30,long,3143.07,0.6309,1999.990854,17.03,0.85,63.65,3.18,-4.06,-0.20,285.64,0.03
439,空头进场,2025-12-05 00:30,short,3170.06,0.6309,1999.990854,17.03,0.85,63.65,3.18,-4.06,-0.20,285.64,0.03
440,多头出场,2025-12-05 05:30,short,3124.26,0.6363,1999.935441,-11.97,-0.60,6.04,0.30,-14.62,-0.73,273.67,0.03
440,多头进场,2025-12-05 04:30,long,3143.07,0.6363,1999.935441,-11.97,-0.60,6.04,0.30,-14.62,-0.73,273.67,0.03
441,空头出场,2025-12-05 06:00,long,3141.75,0.6401,1999.838826,-11.2,-0.56,0,0.00,-11.94,-0.60,262.48,0.03
441,空头进场,2025-12-05 05:30,short,3124.26,0.6401,1999.838826,-11.2,-0.56,0,0.00,-11.94,-0.60,262.48,0.03
442,多头出场,2025-12-05 07:30,short,3134.26,0.6365,1999.723875,-4.77,-0.24,5.05,0.25,-6.88,-0.34,257.71,0.03
442,多头进场,2025-12-05 06:00,long,3141.75,0.6365,1999.723875,-4.77,-0.24,5.05,0.25,-6.88,-0.34,257.71,0.03
443,空头出场,2025-12-05 08:00,long,3146.85,0.6381,1999.971306,-8.03,-0.40,0.2,0.01,-14.52,-0.73,249.68,0.02
443,空头进场,2025-12-05 07:30,short,3134.26,0.6381,1999.971306,-8.03,-0.40,0.2,0.01,-14.52,-0.73,249.68,0.02
444,多头出场,2025-12-05 12:00,short,3169.91,0.6355,1999.823175,14.65,0.73,29.28,1.46,-1.75,-0.09,264.33,0.03
444,多头进场,2025-12-05 08:00,long,3146.85,0.6355,1999.823175,14.65,0.73,29.28,1.46,-1.75,-0.09,264.33,0.03
445,空头出场,2025-12-05 14:00,long,3166.54,0.6309,1999.896219,2.13,0.11,10.96,0.55,-3.95,-0.20,266.46,0.03
445,空头进场,2025-12-05 12:00,short,3169.91,0.6309,1999.896219,2.13,0.11,10.96,0.55,-3.95,-0.20,266.46,0.03
446,多头出场,2025-12-05 16:00,short,3160.43,0.6316,1999.986664,-3.86,-0.19,10.45,0.52,-5.05,-0.25,262.6,0.03
446,多头进场,2025-12-05 14:00,long,3166.54,0.6316,1999.986664,-3.86,-0.19,10.45,0.52,-5.05,-0.25,262.6,0.03
447,空头出场,2025-12-05 23:00,long,3139.7,0.6328,1999.920104,13.12,0.66,47.28,2.36,-0.49,-0.02,275.72,0.03
447,空头进场,2025-12-05 16:00,short,3160.43,0.6328,1999.920104,13.12,0.66,47.28,2.36,-0.49,-0.02,275.72,0.03
448,多头出场,2025-12-05 23:30,short,3106.8,0.637,1999.9889,-20.96,-1.05,4.55,0.23,-27.94,-1.40,254.76,0.03
448,多头进场,2025-12-05 23:00,long,3139.7,0.637,1999.9889,-20.96,-1.05,4.55,0.23,-27.94,-1.40,254.76,0.03
449,空头出场,2025-12-06 03:30,long,3038.54,0.6437,1999.84716,43.94,2.20,77.5,3.88,-1.02,-0.05,298.7,0.03
449,空头进场,2025-12-05 23:30,short,3106.8,0.6437,1999.84716,43.94,2.20,77.5,3.88,-1.02,-0.05,298.7,0.03
450,多头出场,2025-12-06 04:30,short,3022.97,0.6582,1999.967028,-10.25,-0.51,7.31,0.37,-14.43,-0.72,288.45,0.03
450,多头进场,2025-12-06 03:30,long,3038.54,0.6582,1999.967028,-10.25,-0.51,7.31,0.37,-14.43,-0.72,288.45,0.03
451,空头出场,2025-12-06 05:00,long,3029.66,0.6616,1999.996952,-4.43,-0.22,0.34,0.02,-9.63,-0.48,284.02,0.03
451,空头进场,2025-12-06 04:30,short,3022.97,0.6616,1999.996952,-4.43,-0.22,0.34,0.02,-9.63,-0.48,284.02,0.03
452,多头出场,2025-12-06 05:30,short,3019.73,0.6601,1999.878566,-6.55,-0.33,1.73,0.09,-9.55,-0.48,277.47,0.03
452,多头进场,2025-12-06 05:00,long,3029.66,0.6601,1999.878566,-6.55,-0.33,1.73,0.09,-9.55,-0.48,277.47,0.03
453,空头出场,2025-12-06 06:00,long,3026.72,0.6623,1999.967179,-4.63,-0.23,5.43,0.27,-4.76,-0.24,272.84,0.03
453,空头进场,2025-12-06 05:30,short,3019.73,0.6623,1999.967179,-4.63,-0.23,5.43,0.27,-4.76,-0.24,272.84,0.03
454,多头出场,2025-12-06 07:00,short,3022.99,0.6607,1999.753904,-2.46,-0.12,4.11,0.21,-12.73,-0.64,270.38,0.03
454,多头进场,2025-12-06 06:00,long,3026.72,0.6607,1999.753904,-2.46,-0.12,4.11,0.21,-12.73,-0.64,270.38,0.03
455,空头出场,2025-12-06 07:30,long,3022.29,0.6615,1999.707885,0.46,0.02,3.06,0.15,-1.92,-0.10,270.84,0.03
455,空头进场,2025-12-06 07:00,short,3022.99,0.6615,1999.707885,0.46,0.02,3.06,0.15,-1.92,-0.10,270.84,0.03
456,多头出场,2025-12-06 08:00,short,3017.12,0.6617,1999.849293,-3.42,-0.17,1.54,0.08,-5.45,-0.27,267.42,0.03
456,多头进场,2025-12-06 07:30,long,3022.29,0.6617,1999.849293,-3.42,-0.17,1.54,0.08,-5.45,-0.27,267.42,0.03
457,空头出场,2025-12-06 08:30,long,3027.25,0.6628,1999.747136,-6.71,-0.34,0.46,0.02,-8.54,-0.43,260.7,0.03
457,空头进场,2025-12-06 08:00,short,3017.12,0.6628,1999.747136,-6.71,-0.34,0.46,0.02,-8.54,-0.43,260.7,0.03
458,多头出场,2025-12-06 10:00,short,3023.62,0.6606,1999.80135,-2.4,-0.12,4.48,0.22,-4.76,-0.24,258.31,0.03
458,多头进场,2025-12-06 08:30,long,3027.25,0.6606,1999.80135,-2.4,-0.12,4.48,0.22,-4.76,-0.24,258.31,0.03
459,空头出场,2025-12-06 10:30,long,3030.07,0.6614,1999.822268,-4.27,-0.21,0.72,0.04,-5.26,-0.26,254.04,0.03
459,空头进场,2025-12-06 10:00,short,3023.62,0.6614,1999.822268,-4.27,-0.21,0.72,0.04,-5.26,-0.26,254.04,0.03
460,多头出场,2025-12-06 15:00,short,3030.5,0.66,1999.8462,0.28,0.01,11.37,0.57,-0.55,-0.03,254.32,0.03
460,多头进场,2025-12-06 10:30,long,3030.07,0.66,1999.8462,0.28,0.01,11.37,0.57,-0.55,-0.03,254.32,0.03
461,空头出场,2025-12-06 17:00,long,3032.39,0.6599,1999.82695,-1.25,-0.06,10.44,0.52,-4.06,-0.20,253.08,0.03
461,空头进场,2025-12-06 15:00,short,3030.5,0.6599,1999.82695,-1.25,-0.06,10.44,0.52,-4.06,-0.20,253.08,0.03
462,多头出场,2025-12-06 20:30,short,3032.86,0.6595,1999.861205,0.31,0.02,7,0.35,-3.64,-0.18,253.39,0.03
462,多头进场,2025-12-06 17:00,long,3032.39,0.6595,1999.861205,0.31,0.02,7,0.35,-3.64,-0.18,253.39,0.03
463,空头出场,2025-12-06 21:00,long,3035.86,0.6594,1999.867884,-1.98,-0.10,1.02,0.05,-2.48,-0.12,251.41,0.03
463,空头进场,2025-12-06 20:30,short,3032.86,0.6594,1999.867884,-1.98,-0.10,1.02,0.05,-2.48,-0.12,251.41,0.03
464,多头出场,2025-12-06 23:00,short,3036.5,0.6587,1999.720982,0.42,0.02,21.97,1.10,-4.72,-0.24,251.83,0.03
464,多头进场,2025-12-06 21:00,long,3035.86,0.6587,1999.720982,0.42,0.02,21.97,1.10,-4.72,-0.24,251.83,0.03
465,空头出场,2025-12-07 00:00,long,3055.64,0.6586,1999.8389,-12.61,-0.63,3.04,0.15,-13.11,-0.66,239.22,0.02
465,空头进场,2025-12-06 23:00,short,3036.5,0.6586,1999.8389,-12.61,-0.63,3.04,0.15,-13.11,-0.66,239.22,0.02
466,多头出场,2025-12-07 02:00,short,3054,0.6545,1999.91638,-1.07,-0.05,7.88,0.39,-4.73,-0.24,238.15,0.02
466,多头进场,2025-12-07 00:00,long,3055.64,0.6545,1999.91638,-1.07,-0.05,7.88,0.39,-4.73,-0.24,238.15,0.02
467,空头出场,2025-12-07 05:30,long,3044.25,0.6548,1999.7592,6.38,0.32,17.68,0.88,-0.7,-0.04,244.53,0.02
467,空头进场,2025-12-07 02:00,short,3054,0.6548,1999.7592,6.38,0.32,17.68,0.88,-0.7,-0.04,244.53,0.02
468,多头出场,2025-12-07 06:30,short,3043.23,0.6569,1999.767825,-0.67,-0.03,7.23,0.36,-3.67,-0.18,243.86,0.02
468,多头进场,2025-12-07 05:30,long,3044.25,0.6569,1999.767825,-0.67,-0.03,7.23,0.36,-3.67,-0.18,243.86,0.02
469,空头出场,2025-12-07 08:00,long,3041.92,0.6571,1999.706433,0.86,0.04,9.38,0.47,-0.95,-0.05,244.73,0.02
469,空头进场,2025-12-07 06:30,short,3043.23,0.6571,1999.706433,0.86,0.04,9.38,0.47,-0.95,-0.05,244.73,0.02
470,多头出场,2025-12-07 12:00,short,3050.37,0.6574,1999.758208,5.56,0.28,11.22,0.56,-0.77,-0.04,250.28,0.03
470,多头进场,2025-12-07 08:00,long,3041.92,0.6574,1999.758208,5.56,0.28,11.22,0.56,-0.77,-0.04,250.28,0.03
471,空头出场,2025-12-07 14:30,long,3049.34,0.6556,1999.822572,0.68,0.03,3.79,0.19,-0.23,-0.01,250.96,0.03
471,空头进场,2025-12-07 12:00,short,3050.37,0.6556,1999.822572,0.68,0.03,3.79,0.19,-0.23,-0.01,250.96,0.03
472,多头出场,2025-12-07 15:00,short,3039.04,0.6558,1999.757172,-6.75,-0.34,1.71,0.09,-8.42,-0.42,244.2,0.02
472,多头进场,2025-12-07 14:30,long,3049.34,0.6558,1999.757172,-6.75,-0.34,1.71,0.09,-8.42,-0.42,244.2,0.02
473,空头出场,2025-12-07 18:00,long,3035.36,0.6581,1999.992224,2.42,0.12,8.61,0.43,-3.35,-0.17,246.62,0.02
473,空头进场,2025-12-07 15:00,short,3039.04,0.6581,1999.992224,2.42,0.12,8.61,0.43,-3.35,-0.17,246.62,0.02
474,多头出场,2025-12-07 21:00,short,3031.33,0.6589,1999.998704,-2.66,-0.13,12.28,0.61,-3.93,-0.20,243.97,0.02
474,多头进场,2025-12-07 18:00,long,3035.36,0.6589,1999.998704,-2.66,-0.13,12.28,0.61,-3.93,-0.20,243.97,0.02
475,空头出场,2025-12-07 23:30,long,3029.04,0.6597,1999.768401,1.51,0.08,69.93,3.50,-4.18,-0.21,245.48,0.02
475,空头进场,2025-12-07 21:00,short,3031.33,0.6597,1999.768401,1.51,0.08,69.93,3.50,-4.18,-0.21,245.48,0.02
476,多头出场,2025-12-08 05:00,short,3119.24,0.6602,1999.772208,59.55,2.98,80.1,4.01,-18.35,-0.92,305.03,0.03
476,多头进场,2025-12-07 23:30,long,3029.04,0.6602,1999.772208,59.55,2.98,80.1,4.01,-18.35,-0.92,305.03,0.03
477,空头出场,2025-12-08 09:00,long,3105.55,0.6411,1999.744764,8.78,0.44,65.02,3.25,-7.48,-0.37,313.8,0.03
477,空头进场,2025-12-08 05:00,short,3119.24,0.6411,1999.744764,8.78,0.44,65.02,3.25,-7.48,-0.37,313.8,0.03
478,多头出场,2025-12-08 14:00,short,3125.22,0.644,1999.9742,12.67,0.63,23.01,1.15,-7.75,-0.39,326.47,0.03
478,多头进场,2025-12-08 09:00,long,3105.55,0.644,1999.9742,12.67,0.63,23.01,1.15,-7.75,-0.39,326.47,0.03
479,空头出场,2025-12-08 14:30,long,3131.46,0.6399,1999.828278,-3.99,-0.20,0,0.00,-9.98,-0.50,322.48,0.03
479,空头进场,2025-12-08 14:00,short,3125.22,0.6399,1999.828278,-3.99,-0.20,0,0.00,-9.98,-0.50,322.48,0.03
480,多头出场,2025-12-08 16:00,short,3133.22,0.6386,1999.750356,1.12,0.06,4.92,0.25,-4.6,-0.23,323.6,0.03
480,多头进场,2025-12-08 14:30,long,3131.46,0.6386,1999.750356,1.12,0.06,4.92,0.25,-4.6,-0.23,323.6,0.03
481,空头出场,2025-12-08 16:30,long,3145.26,0.6383,1999.934326,-7.69,-0.38,4.23,0.21,-9.11,-0.46,315.92,0.03
481,空头进场,2025-12-08 16:00,short,3133.22,0.6383,1999.934326,-7.69,-0.38,4.23,0.21,-9.11,-0.46,315.92,0.03
482,多头出场,2025-12-08 19:30,short,3143.24,0.6358,1999.756308,-1.28,-0.06,22.79,1.14,-4.39,-0.22,314.63,0.03
482,多头进场,2025-12-08 16:30,long,3145.26,0.6358,1999.756308,-1.28,-0.06,22.79,1.14,-4.39,-0.22,314.63,0.03
483,空头出场,2025-12-08 21:30,long,3146.8,0.6362,1999.729288,-2.26,-0.11,11.71,0.59,-10.9,-0.54,312.37,0.03
483,空头进场,2025-12-08 19:30,short,3143.24,0.6362,1999.729288,-2.26,-0.11,11.71,0.59,-10.9,-0.54,312.37,0.03
484,多头出场,2025-12-08 22:30,short,3129.91,0.6355,1999.7914,-10.73,-0.54,20.18,1.01,-12.39,-0.62,301.64,0.03
484,多头进场,2025-12-08 21:30,long,3146.8,0.6355,1999.7914,-10.73,-0.54,20.18,1.01,-12.39,-0.62,301.64,0.03
485,空头出场,2025-12-09 00:00,long,3122.98,0.6389,1999.699499,4.43,0.22,24.21,1.21,-6.37,-0.32,306.06,0.03
485,空头进场,2025-12-08 22:30,short,3129.91,0.6389,1999.699499,4.43,0.22,24.21,1.21,-6.37,-0.32,306.06,0.03
486,多头出场,2025-12-09 00:30,short,3108.52,0.6404,1999.956392,-9.26,-0.46,6.99,0.35,-14.79,-0.74,296.8,0.03
486,多头进场,2025-12-09 00:00,long,3122.98,0.6404,1999.956392,-9.26,-0.46,6.99,0.35,-14.79,-0.74,296.8,0.03
487,空头出场,2025-12-09 01:30,long,3121.64,0.6433,1999.710916,-8.44,-0.42,5.31,0.27,-13.48,-0.67,288.36,0.03
487,空头进场,2025-12-09 00:30,short,3108.52,0.6433,1999.710916,-8.44,-0.42,5.31,0.27,-13.48,-0.67,288.36,0.03
488,多头出场,2025-12-09 02:30,short,3093.34,0.6406,1999.722584,-18.13,-0.91,7.96,0.40,-25.14,-1.26,270.23,0.03
488,多头进场,2025-12-09 01:30,long,3121.64,0.6406,1999.722584,-18.13,-0.91,7.96,0.40,-25.14,-1.26,270.23,0.03
489,空头出场,2025-12-09 03:00,long,3115.38,0.6465,1999.84431,-14.25,-0.71,1.09,0.05,-14.65,-0.73,255.98,0.03
489,空头进场,2025-12-09 02:30,short,3093.34,0.6465,1999.84431,-14.25,-0.71,1.09,0.05,-14.65,-0.73,255.98,0.03
490,多头出场,2025-12-09 06:00,short,3131.37,0.6419,1999.762422,10.26,0.51,24.42,1.22,-1.35,-0.07,266.25,0.03
490,多头进场,2025-12-09 03:00,long,3115.38,0.6419,1999.762422,10.26,0.51,24.42,1.22,-1.35,-0.07,266.25,0.03
491,空头出场,2025-12-09 08:00,long,3136,0.6386,1999.692882,-2.96,-0.15,10.59,0.53,-7.6,-0.38,263.29,0.03
491,空头进场,2025-12-09 06:00,short,3131.37,0.6386,1999.692882,-2.96,-0.15,10.59,0.53,-7.6,-0.38,263.29,0.03
492,多头出场,2025-12-09 08:30,short,3119.75,0.6377,1999.8272,-10.36,-0.52,0.06,0.00,-13.7,-0.69,252.93,0.03
492,多头进场,2025-12-09 08:00,long,3136,0.6377,1999.8272,-10.36,-0.52,0.06,0.00,-13.7,-0.69,252.93,0.03
493,空头出场,2025-12-09 11:30,long,3128.73,0.641,1999.75975,-5.76,-0.29,17.99,0.90,-5.76,-0.29,247.17,0.02
493,空头进场,2025-12-09 08:30,short,3119.75,0.641,1999.75975,-5.76,-0.29,17.99,0.90,-5.76,-0.29,247.17,0.02
494,多头出场,2025-12-09 12:30,short,3107.37,0.6392,1999.884216,-13.65,-0.68,1.45,0.07,-15.69,-0.78,233.52,0.02
494,多头进场,2025-12-09 11:30,long,3128.73,0.6392,1999.884216,-13.65,-0.68,1.45,0.07,-15.69,-0.78,233.52,0.02
495,空头出场,2025-12-09 14:30,long,3113.17,0.6436,1999.903332,-3.73,-0.19,6.85,0.34,-7.33,-0.37,229.79,0.02
495,空头进场,2025-12-09 12:30,short,3107.37,0.6436,1999.903332,-3.73,-0.19,6.85,0.34,-7.33,-0.37,229.79,0.02
496,多头出场,2025-12-09 17:00,short,3116.62,0.6424,1999.900408,2.22,0.11,10.87,0.54,-1.97,-0.10,232,0.02
496,多头进场,2025-12-09 14:30,long,3113.17,0.6424,1999.900408,2.22,0.11,10.87,0.54,-1.97,-0.10,232,0.02
497,空头出场,2025-12-09 19:30,long,3118.52,0.6417,1999.935054,-1.22,-0.06,14.09,0.70,-2.57,-0.13,230.78,0.02
497,空头进场,2025-12-09 17:00,short,3116.62,0.6417,1999.935054,-1.22,-0.06,14.09,0.70,-2.57,-0.13,230.78,0.02
498,多头出场,2025-12-09 21:30,short,3117.44,0.6413,1999.906876,-0.69,-0.03,14.7,0.73,-5.43,-0.27,230.09,0.02
498,多头进场,2025-12-09 19:30,long,3118.52,0.6413,1999.906876,-0.69,-0.03,14.7,0.73,-5.43,-0.27,230.09,0.02
499,空头出场,2025-12-09 23:00,long,3156.1,0.6415,1999.83776,-24.8,-1.24,11.54,0.58,-31.36,-1.57,205.29,0.02
499,空头进场,2025-12-09 21:30,short,3117.44,0.6415,1999.83776,-24.8,-1.24,11.54,0.58,-31.36,-1.57,205.29,0.02
500,多头出场,2025-12-10 03:30,short,3357.62,0.6336,1999.70496,127.68,6.39,152.6,7.63,-6.53,-0.33,332.97,0.03
500,多头进场,2025-12-09 23:00,long,3156.1,0.6336,1999.70496,127.68,6.39,152.6,7.63,-6.53,-0.33,332.97,0.03
501,空头出场,2025-12-10 10:30,long,3311.1,0.5956,1999.798472,27.71,1.39,43.11,2.16,-1.94,-0.10,360.68,0.04
501,空头进场,2025-12-10 03:30,short,3357.62,0.5956,1999.798472,27.71,1.39,43.11,2.16,-1.94,-0.10,360.68,0.04
502,多头出场,2025-12-10 15:00,short,3317.4,0.604,1999.9044,3.81,0.19,13.82,0.69,-3.18,-0.16,364.49,0.04
502,多头进场,2025-12-10 10:30,long,3311.1,0.604,1999.9044,3.81,0.19,13.82,0.69,-3.18,-0.16,364.49,0.04
503,空头出场,2025-12-10 15:30,long,3327.39,0.6028,1999.72872,-6.02,-0.30,1.81,0.09,-6.15,-0.31,358.46,0.04
503,空头进场,2025-12-10 15:00,short,3317.4,0.6028,1999.72872,-6.02,-0.30,1.81,0.09,-6.15,-0.31,358.46,0.04
504,多头出场,2025-12-10 16:30,short,3322.77,0.601,1999.76139,-2.78,-0.14,3.86,0.19,-2.78,-0.14,355.69,0.04
504,多头进场,2025-12-10 15:30,long,3327.39,0.601,1999.76139,-2.78,-0.14,3.86,0.19,-2.78,-0.14,355.69,0.04
505,空头出场,2025-12-10 17:30,long,3348.52,0.6019,1999.975263,-15.5,-0.77,4.49,0.22,-15.67,-0.78,340.19,0.03
505,空头进场,2025-12-10 16:30,short,3322.77,0.6019,1999.975263,-15.5,-0.77,4.49,0.22,-15.67,-0.78,340.19,0.03
506,多头出场,2025-12-10 18:00,short,3329.3,0.5972,1999.736144,-11.48,-0.57,15.81,0.79,-15.47,-0.77,328.71,0.03
506,多头进场,2025-12-10 17:30,long,3348.52,0.5972,1999.736144,-11.48,-0.57,15.81,0.79,-15.47,-0.77,328.71,0.03
507,空头出场,2025-12-10 20:30,long,3324.8,0.6007,1999.91051,2.7,0.14,18.5,0.93,-1.92,-0.10,331.41,0.03
507,空头进场,2025-12-10 18:00,short,3329.3,0.6007,1999.91051,2.7,0.14,18.5,0.93,-1.92,-0.10,331.41,0.03
508,多头出场,2025-12-10 22:00,short,3326.81,0.6015,1999.8672,1.21,0.06,8.62,0.43,-2.88,-0.14,332.62,0.03
508,多头进场,2025-12-10 20:30,long,3324.8,0.6015,1999.8672,1.21,0.06,8.62,0.43,-2.88,-0.14,332.62,0.03
509,空头出场,2025-12-10 23:30,long,3328.55,0.6011,1999.745491,-1.05,-0.05,12.88,0.64,-6.85,-0.34,331.58,0.03
509,空头进场,2025-12-10 22:00,short,3326.81,0.6011,1999.745491,-1.05,-0.05,12.88,0.64,-6.85,-0.34,331.58,0.03
510,多头出场,2025-12-11 04:30,short,3355.09,0.6008,1999.79284,15.95,0.80,71.17,3.56,-4.08,-0.20,347.52,0.03
510,多头进场,2025-12-10 23:30,long,3328.55,0.6008,1999.79284,15.95,0.80,71.17,3.56,-4.08,-0.20,347.52,0.03
511,空头出场,2025-12-11 12:30,long,3215.21,0.5961,1999.969149,83.38,4.17,111.17,5.56,-8.33,-0.42,430.9,0.04
511,空头进场,2025-12-11 04:30,short,3355.09,0.5961,1999.969149,83.38,4.17,111.17,5.56,-8.33,-0.42,430.9,0.04
512,多头出场,2025-12-11 14:00,short,3199.53,0.622,1999.86062,-9.75,-0.49,0.5,0.02,-12.64,-0.63,421.15,0.04
512,多头进场,2025-12-11 12:30,long,3215.21,0.622,1999.86062,-9.75,-0.49,0.5,0.02,-12.64,-0.63,421.15,0.04
513,空头出场,2025-12-11 14:30,long,3203.28,0.625,1999.70625,-2.34,-0.12,0.01,0.00,-9.35,-0.47,418.81,0.04
513,空头进场,2025-12-11 14:00,short,3199.53,0.625,1999.70625,-2.34,-0.12,0.01,0.00,-9.35,-0.47,418.81,0.04
514,多头出场,2025-12-11 16:00,short,3193.79,0.6243,1999.807704,-5.92,-0.30,2.2,0.11,-10.72,-0.54,412.88,0.04
514,多头进场,2025-12-11 14:30,long,3203.28,0.6243,1999.807704,-5.92,-0.30,2.2,0.11,-10.72,-0.54,412.88,0.04
515,空头出场,2025-12-11 16:30,long,3197.62,0.6262,1999.951298,-2.4,-0.12,8.52,0.43,-3.79,-0.19,410.49,0.04
515,空头进场,2025-12-11 16:00,short,3193.79,0.6262,1999.951298,-2.4,-0.12,8.52,0.43,-3.79,-0.19,410.49,0.04
516,多头出场,2025-12-11 18:00,short,3195.45,0.6254,1999.791548,-1.36,-0.07,9.76,0.49,-4.23,-0.21,409.13,0.04
516,多头进场,2025-12-11 16:30,long,3197.62,0.6254,1999.791548,-1.36,-0.07,9.76,0.49,-4.23,-0.21,409.13,0.04
517,空头出场,2025-12-11 18:30,long,3196.67,0.6258,1999.71261,-0.76,-0.04,3.94,0.20,-2.08,-0.10,408.36,0.04
517,空头进场,2025-12-11 18:00,short,3195.45,0.6258,1999.71261,-0.76,-0.04,3.94,0.20,-2.08,-0.10,408.36,0.04
518,多头出场,2025-12-11 19:30,short,3193.63,0.6256,1999.836752,-1.9,-0.10,3.92,0.20,-1.91,-0.10,406.46,0.04
518,多头进场,2025-12-11 18:30,long,3196.67,0.6256,1999.836752,-1.9,-0.10,3.92,0.20,-1.91,-0.10,406.46,0.04
519,空头出场,2025-12-11 20:00,long,3197.82,0.6262,1999.851106,-2.62,-0.13,3.63,0.18,-5.61,-0.28,403.84,0.04
519,空头进场,2025-12-11 19:30,short,3193.63,0.6262,1999.851106,-2.62,-0.13,3.63,0.18,-5.61,-0.28,403.84,0.04
520,多头出场,2025-12-11 21:30,short,3192.33,0.6254,1999.916628,-3.43,-0.17,6.26,0.31,-5.43,-0.27,400.41,0.04
520,多头进场,2025-12-11 20:00,long,3197.82,0.6254,1999.916628,-3.43,-0.17,6.26,0.31,-5.43,-0.27,400.41,0.04
521,空头出场,2025-12-11 23:00,long,3190.87,0.6265,1999.994745,0.91,0.05,28.17,1.41,-10.69,-0.53,401.32,0.04
521,空头进场,2025-12-11 21:30,short,3192.33,0.6265,1999.994745,0.91,0.05,28.17,1.41,-10.69,-0.53,401.32,0.04
522,多头出场,2025-12-11 23:30,short,3180.01,0.6267,1999.718229,-6.81,-0.34,0.65,0.03,-16.81,-0.84,394.51,0.04
522,多头进场,2025-12-11 23:00,long,3190.87,0.6267,1999.718229,-6.81,-0.34,0.65,0.03,-16.81,-0.84,394.51,0.04
523,空头出场,2025-12-12 01:00,long,3195.54,0.6289,1999.908289,-9.77,-0.49,15.09,0.75,-12.48,-0.62,384.75,0.04
523,空头进场,2025-12-11 23:30,short,3180.01,0.6289,1999.908289,-9.77,-0.49,15.09,0.75,-12.48,-0.62,384.75,0.04
524,多头出场,2025-12-12 01:30,short,3182.29,0.6258,1999.768932,-8.29,-0.41,5.43,0.27,-9.76,-0.49,376.46,0.04
524,多头进场,2025-12-12 01:00,long,3195.54,0.6258,1999.768932,-8.29,-0.41,5.43,0.27,-9.76,-0.49,376.46,0.04
525,空头出场,2025-12-12 02:00,long,3202.14,0.6284,1999.751036,-12.47,-0.62,1.31,0.07,-12.97,-0.65,363.98,0.04
525,空头进场,2025-12-12 01:30,short,3182.29,0.6284,1999.751036,-12.47,-0.62,1.31,0.07,-12.97,-0.65,363.98,0.04
526,多头出场,2025-12-12 03:30,short,3195.13,0.6245,1999.73643,-4.38,-0.22,20.2,1.01,-6.84,-0.34,359.6,0.04
526,多头进场,2025-12-12 02:00,long,3202.14,0.6245,1999.73643,-4.38,-0.22,20.2,1.01,-6.84,-0.34,359.6,0.04
527,空头出场,2025-12-12 04:00,long,3203.23,0.6259,1999.831867,-5.07,-0.25,0.98,0.05,-15.55,-0.78,354.53,0.04
527,空头进场,2025-12-12 03:30,short,3195.13,0.6259,1999.831867,-5.07,-0.25,0.98,0.05,-15.55,-0.78,354.53,0.04
528,多头出场,2025-12-12 07:00,short,3231.87,0.6243,1999.776489,17.88,0.89,43.72,2.19,-0.98,-0.05,372.41,0.04
528,多头进场,2025-12-12 04:00,long,3203.23,0.6243,1999.776489,17.88,0.89,43.72,2.19,-0.98,-0.05,372.41,0.04
529,空头出场,2025-12-12 07:30,long,3237.75,0.6188,1999.881156,-3.64,-0.18,1.46,0.07,-7.22,-0.36,368.78,0.04
529,空头进场,2025-12-12 07:00,short,3231.87,0.6188,1999.881156,-3.64,-0.18,1.46,0.07,-7.22,-0.36,368.78,0.04
530,多头出场,2025-12-12 08:00,short,3236.41,0.6177,1999.958175,-0.83,-0.04,5.67,0.28,-4.65,-0.23,367.95,0.04
530,多头进场,2025-12-12 07:30,long,3237.75,0.6177,1999.958175,-0.83,-0.04,5.67,0.28,-4.65,-0.23,367.95,0.04
531,空头出场,2025-12-12 09:00,long,3233.85,0.6179,1999.777739,1.58,0.08,29.92,1.50,-1.34,-0.07,369.53,0.04
531,空头进场,2025-12-12 08:00,short,3236.41,0.6179,1999.777739,1.58,0.08,29.92,1.50,-1.34,-0.07,369.53,0.04
532,多头出场,2025-12-12 11:00,short,3242.47,0.6184,1999.81284,5.33,0.27,19.84,0.99,-3.32,-0.17,374.86,0.04
532,多头进场,2025-12-12 09:00,long,3233.85,0.6184,1999.81284,5.33,0.27,19.84,0.99,-3.32,-0.17,374.86,0.04
533,空头出场,2025-12-12 11:30,long,3246.3,0.6168,1999.955496,-2.36,-0.12,1.61,0.08,-5.48,-0.27,372.5,0.04
533,空头进场,2025-12-12 11:00,short,3242.47,0.6168,1999.955496,-2.36,-0.12,1.61,0.08,-5.48,-0.27,372.5,0.04
534,多头出场,2025-12-12 12:00,short,3243.55,0.616,1999.7208,-1.69,-0.08,2.43,0.12,-2.83,-0.14,370.8,0.04
534,多头进场,2025-12-12 11:30,long,3246.3,0.616,1999.7208,-1.69,-0.08,2.43,0.12,-2.83,-0.14,370.8,0.04
535,空头出场,2025-12-12 12:30,long,3248.28,0.6166,1999.97293,-2.92,-0.15,1.52,0.08,-5.25,-0.26,367.89,0.04
535,空头进场,2025-12-12 12:00,short,3243.55,0.6166,1999.97293,-2.92,-0.15,1.52,0.08,-5.25,-0.26,367.89,0.04
536,多头出场,2025-12-12 13:00,short,3236.58,0.6157,1999.965996,-7.2,-0.36,2.55,0.13,-9.07,-0.45,360.68,0.04
536,多头进场,2025-12-12 12:30,long,3248.28,0.6157,1999.965996,-7.2,-0.36,2.55,0.13,-9.07,-0.45,360.68,0.04
537,空头出场,2025-12-12 13:30,long,3248.29,0.6179,1999.882782,-7.24,-0.36,0.41,0.02,-8.98,-0.45,353.45,0.04
537,空头进场,2025-12-12 13:00,short,3236.58,0.6179,1999.882782,-7.24,-0.36,0.41,0.02,-8.98,-0.45,353.45,0.04
538,多头出场,2025-12-12 15:30,short,3247.12,0.6157,1999.972153,-0.72,-0.04,10.54,0.53,-2.83,-0.14,352.73,0.04
538,多头进场,2025-12-12 13:30,long,3248.29,0.6157,1999.972153,-0.72,-0.04,10.54,0.53,-2.83,-0.14,352.73,0.04
539,空头出场,2025-12-12 17:30,long,3252.07,0.6159,1999.901208,-3.05,-0.15,7.3,0.36,-5.11,-0.26,349.68,0.03
539,空头进场,2025-12-12 15:30,short,3247.12,0.6159,1999.901208,-3.05,-0.15,7.3,0.36,-5.11,-0.26,349.68,0.03
540,多头出场,2025-12-12 18:30,short,3244.78,0.6149,1999.697843,-4.48,-0.22,2.63,0.13,-5.85,-0.29,345.2,0.03
540,多头进场,2025-12-12 17:30,long,3252.07,0.6149,1999.697843,-4.48,-0.22,2.63,0.13,-5.85,-0.29,345.2,0.03
541,空头出场,2025-12-12 19:30,long,3243.34,0.6163,1999.757914,0.89,0.04,10.36,0.52,-1.11,-0.06,346.08,0.03
541,空头进场,2025-12-12 18:30,short,3244.78,0.6163,1999.757914,0.89,0.04,10.36,0.52,-1.11,-0.06,346.08,0.03
542,多头出场,2025-12-12 20:00,short,3236.91,0.6166,1999.843444,-3.96,-0.20,0,0.00,-4.77,-0.24,342.12,0.03
542,多头进场,2025-12-12 19:30,long,3243.34,0.6166,1999.843444,-3.96,-0.20,0,0.00,-4.77,-0.24,342.12,0.03
543,空头出场,2025-12-12 20:30,long,3248.41,0.6178,1999.762998,-7.1,-0.36,1.57,0.08,-8.1,-0.41,335.01,0.03
543,空头进场,2025-12-12 20:00,short,3236.91,0.6178,1999.762998,-7.1,-0.36,1.57,0.08,-8.1,-0.41,335.01,0.03
544,多头出场,2025-12-12 21:00,short,3242.27,0.6156,1999.721196,-3.78,-0.19,2.17,0.11,-4.81,-0.24,331.23,0.03
544,多头进场,2025-12-12 20:30,long,3248.41,0.6156,1999.721196,-3.78,-0.19,2.17,0.11,-4.81,-0.24,331.23,0.03
545,空头出场,2025-12-12 21:30,long,3242.85,0.6168,1999.832136,-0.36,-0.02,1.89,0.09,-2.74,-0.14,330.88,0.03
545,空头进场,2025-12-12 21:00,short,3242.27,0.6168,1999.832136,-0.36,-0.02,1.89,0.09,-2.74,-0.14,330.88,0.03
546,多头出场,2025-12-12 22:00,short,3225.66,0.6167,1999.865595,-10.6,-0.53,0.21,0.01,-11.24,-0.56,320.28,0.03
546,多头进场,2025-12-12 21:30,long,3242.85,0.6167,1999.865595,-10.6,-0.53,0.21,0.01,-11.24,-0.56,320.28,0.03
547,空头出场,2025-12-13 02:00,long,3087.25,0.62,1999.9092,85.81,4.29,109.99,5.50,-13.96,-0.70,406.09,0.04
547,空头进场,2025-12-12 22:00,short,3225.66,0.62,1999.9092,85.81,4.29,109.99,5.50,-13.96,-0.70,406.09,0.04
548,多头出场,2025-12-13 02:30,short,3080.34,0.6478,1999.92055,-4.48,-0.22,7.23,0.36,-4.5,-0.23,401.61,0.04
548,多头进场,2025-12-13 02:00,long,3087.25,0.6478,1999.92055,-4.48,-0.22,7.23,0.36,-4.5,-0.23,401.61,0.04
549,空头出场,2025-12-13 03:30,long,3074.31,0.6492,1999.756728,3.91,0.20,10.37,0.52,-1.19,-0.06,405.53,0.04
549,空头进场,2025-12-13 02:30,short,3080.34,0.6492,1999.756728,3.91,0.20,10.37,0.52,-1.19,-0.06,405.53,0.04
550,多头出场,2025-12-13 09:30,short,3084.82,0.6505,1999.838655,6.84,0.34,14.6,0.73,-3.86,-0.19,412.37,0.04
550,多头进场,2025-12-13 03:30,long,3074.31,0.6505,1999.838655,6.84,0.34,14.6,0.73,-3.86,-0.19,412.37,0.04
551,空头出场,2025-12-13 10:00,long,3089.29,0.6483,1999.888806,-2.9,-0.14,0,0.00,-3.31,-0.17,409.47,0.04
551,空头进场,2025-12-13 09:30,short,3084.82,0.6483,1999.888806,-2.9,-0.14,0,0.00,-3.31,-0.17,409.47,0.04
552,多头出场,2025-12-13 10:30,short,3085.47,0.6473,1999.697417,-2.47,-0.12,0.01,0.00,-3.02,-0.15,406.99,0.04
552,多头进场,2025-12-13 10:00,long,3089.29,0.6473,1999.697417,-2.47,-0.12,0.01,0.00,-3.02,-0.15,406.99,0.04
553,空头出场,2025-12-13 11:00,long,3090.56,0.6481,1999.693107,-3.3,-0.16,0.17,0.01,-4.98,-0.25,403.7,0.04
553,空头进场,2025-12-13 10:30,short,3085.47,0.6481,1999.693107,-3.3,-0.16,0.17,0.01,-4.98,-0.25,403.7,0.04
554,多头出场,2025-12-13 14:00,short,3086.99,0.6471,1999.901376,-2.31,-0.12,2.03,0.10,-3.25,-0.16,401.39,0.04
554,多头进场,2025-12-13 11:00,long,3090.56,0.6471,1999.901376,-2.31,-0.12,2.03,0.10,-3.25,-0.16,401.39,0.04
555,空头出场,2025-12-13 14:30,long,3094.71,0.6478,1999.752122,-5,-0.25,0.03,0.00,-6.13,-0.31,396.38,0.04
555,空头进场,2025-12-13 14:00,short,3086.99,0.6478,1999.752122,-5,-0.25,0.03,0.00,-6.13,-0.31,396.38,0.04
556,多头出场,2025-12-13 19:30,short,3119.98,0.6462,1999.801602,16.33,0.82,26.46,1.32,-2.48,-0.12,412.71,0.04
556,多头进场,2025-12-13 14:30,long,3094.71,0.6462,1999.801602,16.33,0.82,26.46,1.32,-2.48,-0.12,412.71,0.04
557,空头出场,2025-12-13 22:30,long,3111.48,0.641,1999.90718,5.45,0.27,15.03,0.75,-5.27,-0.26,418.16,0.04
557,空头进场,2025-12-13 19:30,short,3119.98,0.641,1999.90718,5.45,0.27,15.03,0.75,-5.27,-0.26,418.16,0.04
558,多头出场,2025-12-13 23:30,short,3110.8,0.6427,1999.748196,-0.44,-0.02,8.35,0.42,-3.36,-0.17,417.73,0.04
558,多头进场,2025-12-13 22:30,long,3111.48,0.6427,1999.748196,-0.44,-0.02,8.35,0.42,-3.36,-0.17,417.73,0.04
559,空头出场,2025-12-14 02:00,long,3107.59,0.6429,1999.93332,2.06,0.10,8.91,0.45,-4.08,-0.20,419.79,0.04
559,空头进场,2025-12-13 23:30,short,3110.8,0.6429,1999.93332,2.06,0.10,8.91,0.45,-4.08,-0.20,419.79,0.04
560,多头出场,2025-12-14 02:30,short,3102.46,0.6435,1999.734165,-3.3,-0.17,1.2,0.06,-5,-0.25,416.49,0.04
560,多头进场,2025-12-14 02:00,long,3107.59,0.6435,1999.734165,-3.3,-0.17,1.2,0.06,-5,-0.25,416.49,0.04
561,空头出场,2025-12-14 03:00,long,3104.84,0.6446,1999.845716,-1.53,-0.08,0.62,0.03,-3.53,-0.18,414.95,0.04
561,空头进场,2025-12-14 02:30,short,3102.46,0.6446,1999.845716,-1.53,-0.08,0.62,0.03,-3.53,-0.18,414.95,0.04
562,多头出场,2025-12-14 04:30,short,3104.87,0.6441,1999.827444,0.02,0.00,4.58,0.23,-0.99,-0.05,414.97,0.04
562,多头进场,2025-12-14 03:00,long,3104.84,0.6441,1999.827444,0.02,0.00,4.58,0.23,-0.99,-0.05,414.97,0.04
563,空头出场,2025-12-14 05:30,long,3112.37,0.6441,1999.846767,-4.83,-0.24,14.13,0.71,-6.87,-0.34,410.14,0.04
563,空头进场,2025-12-14 04:30,short,3104.87,0.6441,1999.846767,-4.83,-0.24,14.13,0.71,-6.87,-0.34,410.14,0.04
564,多头出场,2025-12-14 08:00,short,3111.76,0.6425,1999.697725,-0.39,-0.02,4.89,0.24,-5.56,-0.28,409.75,0.04
564,多头进场,2025-12-14 05:30,long,3112.37,0.6425,1999.697725,-0.39,-0.02,4.89,0.24,-5.56,-0.28,409.75,0.04
565,空头出场,2025-12-14 08:30,long,3120.5,0.6427,1999.928152,-5.62,-0.28,0.21,0.01,-7.53,-0.38,404.13,0.04
565,空头进场,2025-12-14 08:00,short,3111.76,0.6427,1999.928152,-5.62,-0.28,0.21,0.01,-7.53,-0.38,404.13,0.04
566,多头出场,2025-12-14 11:00,short,3121.93,0.6409,1999.92845,0.92,0.05,6.37,0.32,-2.67,-0.13,405.05,0.04
566,多头进场,2025-12-14 08:30,long,3120.5,0.6409,1999.92845,0.92,0.05,6.37,0.32,-2.67,-0.13,405.05,0.04
567,空头出场,2025-12-14 15:30,long,3116.49,0.6406,1999.908358,3.48,0.17,10.07,0.50,-0.85,-0.04,408.53,0.04
567,空头进场,2025-12-14 11:00,short,3121.93,0.6406,1999.908358,3.48,0.17,10.07,0.50,-0.85,-0.04,408.53,0.04
568,多头出场,2025-12-14 16:30,short,3112.03,0.6417,1999.851633,-2.86,-0.14,2.91,0.15,-3.74,-0.19,405.67,0.04
568,多头进场,2025-12-14 15:30,long,3116.49,0.6417,1999.851633,-2.86,-0.14,2.91,0.15,-3.74,-0.19,405.67,0.04
569,空头出场,2025-12-14 20:30,long,3099.97,0.6426,1999.790478,7.75,0.39,37.98,1.90,-1.75,-0.09,413.42,0.04
569,空头进场,2025-12-14 16:30,short,3112.03,0.6426,1999.790478,7.75,0.39,37.98,1.90,-1.75,-0.09,413.42,0.04
570,多头出场,2025-12-14 21:00,short,3092.53,0.6451,1999.790647,-4.8,-0.24,0.01,0.00,-13.33,-0.67,408.62,0.04
570,多头进场,2025-12-14 20:30,long,3099.97,0.6451,1999.790647,-4.8,-0.24,0.01,0.00,-13.33,-0.67,408.62,0.04
571,空头出场,2025-12-14 21:30,long,3102.63,0.6467,1999.939151,-6.53,-0.33,2.78,0.14,-6.87,-0.34,402.09,0.04
571,空头进场,2025-12-14 21:00,short,3092.53,0.6467,1999.939151,-6.53,-0.33,2.78,0.14,-6.87,-0.34,402.09,0.04
572,多头出场,2025-12-14 22:00,short,3096.54,0.6446,1999.955298,-3.93,-0.20,3.56,0.18,-6.68,-0.33,398.17,0.04
572,多头进场,2025-12-14 21:30,long,3102.63,0.6446,1999.955298,-3.93,-0.20,3.56,0.18,-6.68,-0.33,398.17,0.04
573,空头出场,2025-12-15 00:00,long,3101.38,0.6458,1999.745532,-3.13,-0.16,15.73,0.79,-7.71,-0.39,395.04,0.04
573,空头进场,2025-12-14 22:00,short,3096.54,0.6458,1999.745532,-3.13,-0.16,15.73,0.79,-7.71,-0.39,395.04,0.04
574,多头出场,2025-12-15 01:00,short,3082.93,0.6448,1999.769824,-11.9,-0.59,2.12,0.11,-15.33,-0.77,383.14,0.04
574,多头进场,2025-12-15 00:00,long,3101.38,0.6448,1999.769824,-11.9,-0.59,2.12,0.11,-15.33,-0.77,383.14,0.04
575,空头出场,2025-12-15 02:30,long,3102.91,0.6487,1999.896691,-12.96,-0.65,4.83,0.24,-14.71,-0.74,370.18,0.04
575,空头进场,2025-12-15 01:00,short,3082.93,0.6487,1999.896691,-12.96,-0.65,4.83,0.24,-14.71,-0.74,370.18,0.04
576,多头出场,2025-12-15 04:00,short,3090.49,0.6445,1999.825495,-8,-0.40,0.02,0.00,-23.29,-1.16,362.18,0.04
576,多头进场,2025-12-15 02:30,long,3102.91,0.6445,1999.825495,-8,-0.40,0.02,0.00,-23.29,-1.16,362.18,0.04
577,空头出场,2025-12-15 08:00,long,3074.78,0.6471,1999.856079,10.17,0.51,38.9,1.95,-3.56,-0.18,372.34,0.04
577,空头进场,2025-12-15 04:00,short,3090.49,0.6471,1999.856079,10.17,0.51,38.9,1.95,-3.56,-0.18,372.34,0.04
578,多头出场,2025-12-15 11:30,short,3109.14,0.6504,1999.836912,22.35,1.12,49.29,2.46,-10.7,-0.53,394.69,0.04
578,多头进场,2025-12-15 08:00,long,3074.78,0.6504,1999.836912,22.35,1.12,49.29,2.46,-10.7,-0.53,394.69,0.04
579,空头出场,2025-12-15 12:30,long,3124.45,0.6432,1999.798848,-9.85,-0.49,2.75,0.14,-11.57,-0.58,384.84,0.04
579,空头进场,2025-12-15 11:30,short,3109.14,0.6432,1999.798848,-9.85,-0.49,2.75,0.14,-11.57,-0.58,384.84,0.04
580,多头出场,2025-12-15 19:30,short,3157.44,0.6401,1999.960445,21.12,1.06,33.53,1.68,-5.54,-0.28,405.96,0.04
580,多头进场,2025-12-15 12:30,long,3124.45,0.6401,1999.960445,21.12,1.06,33.53,1.68,-5.54,-0.28,405.96,0.04
581,空头出场,2025-12-16 05:00,long,2945.31,0.6334,1999.922496,134.36,6.72,164.05,8.20,-1.25,-0.06,540.32,0.05
581,空头进场,2025-12-15 19:30,short,3157.44,0.6334,1999.922496,134.36,6.72,164.05,8.20,-1.25,-0.06,540.32,0.05
582,多头出场,2025-12-16 08:30,short,2942.08,0.679,1999.86549,-2.19,-0.11,22.41,1.12,-5.82,-0.29,538.13,0.05
582,多头进场,2025-12-16 05:00,long,2945.31,0.679,1999.86549,-2.19,-0.11,22.41,1.12,-5.82,-0.29,538.13,0.05
583,空头出场,2025-12-16 10:00,long,2964.64,0.6797,1999.731776,-15.33,-0.77,3.72,0.19,-16.45,-0.82,522.8,0.05
583,空头进场,2025-12-16 08:30,short,2942.08,0.6797,1999.731776,-15.33,-0.77,3.72,0.19,-16.45,-0.82,522.8,0.05
584,多头出场,2025-12-16 10:30,short,2946.03,0.6746,1999.946144,-12.55,-0.63,0.29,0.01,-14.46,-0.72,510.24,0.05
584,多头进场,2025-12-16 10:00,long,2964.64,0.6746,1999.946144,-12.55,-0.63,0.29,0.01,-14.46,-0.72,510.24,0.05
585,空头出场,2025-12-16 14:00,long,2942.63,0.6788,1999.765164,2.31,0.12,43.33,2.17,-3.12,-0.16,512.55,0.05
585,空头进场,2025-12-16 10:30,short,2946.03,0.6788,1999.765164,2.31,0.12,43.33,2.17,-3.12,-0.16,512.55,0.05
586,多头出场,2025-12-16 15:00,short,2931.38,0.6796,1999.811348,-7.65,-0.38,5.76,0.29,-8.94,-0.45,504.91,0.05
586,多头进场,2025-12-16 14:00,long,2942.63,0.6796,1999.811348,-7.65,-0.38,5.76,0.29,-8.94,-0.45,504.91,0.05
587,空头出场,2025-12-16 16:30,long,2931.47,0.6822,1999.787436,-0.06,0.00,8.53,0.43,-6.17,-0.31,504.84,0.05
587,空头进场,2025-12-16 15:00,short,2931.38,0.6822,1999.787436,-0.06,0.00,8.53,0.43,-6.17,-0.31,504.84,0.05
588,多头出场,2025-12-16 17:00,short,2929.87,0.6822,1999.848834,-1.09,-0.05,0.49,0.02,-5.21,-0.26,503.75,0.05
588,多头进场,2025-12-16 16:30,long,2931.47,0.6822,1999.848834,-1.09,-0.05,0.49,0.02,-5.21,-0.26,503.75,0.05
589,空头出场,2025-12-16 18:30,long,2948.23,0.6826,1999.929262,-12.53,-0.63,5.51,0.28,-23.37,-1.17,491.22,0.05
589,空头进场,2025-12-16 17:00,short,2929.87,0.6826,1999.929262,-12.53,-0.63,5.51,0.28,-23.37,-1.17,491.22,0.05
590,多头出场,2025-12-16 21:30,short,2912.09,0.6783,1999.784409,-24.51,-1.23,21.05,1.05,-25.02,-1.25,466.71,0.05
590,多头进场,2025-12-16 18:30,long,2948.23,0.6783,1999.784409,-24.51,-1.23,21.05,1.05,-25.02,-1.25,466.71,0.05
591,空头出场,2025-12-16 22:30,long,2941.6,0.6867,1999.732203,-20.26,-1.01,15.84,0.79,-32.83,-1.64,446.44,0.04
591,空头进场,2025-12-16 21:30,short,2912.09,0.6867,1999.732203,-20.26,-1.01,15.84,0.79,-32.83,-1.64,446.44,0.04
592,多头出场,2025-12-16 23:00,short,2925.94,0.6799,1999.99384,-10.65,-0.53,4.53,0.23,-17.81,-0.89,435.79,0.04
592,多头进场,2025-12-16 22:30,long,2941.6,0.6799,1999.99384,-10.65,-0.53,4.53,0.23,-17.81,-0.89,435.79,0.04
593,空头出场,2025-12-16 23:30,long,2963.69,0.6835,1999.87999,-25.8,-1.29,0.63,0.03,-33.79,-1.69,409.99,0.04
593,空头进场,2025-12-16 23:00,short,2925.94,0.6835,1999.87999,-25.8,-1.29,0.63,0.03,-33.79,-1.69,409.99,0.04
594,多头出场,2025-12-17 00:30,short,2938.45,0.6748,1999.898012,-17.03,-0.85,0.28,0.01,-25.37,-1.27,392.96,0.04
594,多头进场,2025-12-16 23:30,long,2963.69,0.6748,1999.898012,-17.03,-0.85,0.28,0.01,-25.37,-1.27,392.96,0.04
595,空头出场,2025-12-17 02:30,long,2952.25,0.6806,1999.90907,-9.39,-0.47,17.57,0.88,-19.85,-0.99,383.57,0.04
595,空头进场,2025-12-17 00:30,short,2938.45,0.6806,1999.90907,-9.39,-0.47,17.57,0.88,-19.85,-0.99,383.57,0.04
596,多头出场,2025-12-17 03:00,short,2930.52,0.6774,1999.85415,-14.72,-0.74,0.12,0.01,-20.97,-1.05,368.85,0.04
596,多头进场,2025-12-17 02:30,long,2952.25,0.6774,1999.85415,-14.72,-0.74,0.12,0.01,-20.97,-1.05,368.85,0.04
597,空头出场,2025-12-17 03:30,long,2946.17,0.6824,1999.786848,-10.68,-0.53,0.14,0.01,-18.52,-0.93,358.17,0.04
597,空头进场,2025-12-17 03:00,short,2930.52,0.6824,1999.786848,-10.68,-0.53,0.14,0.01,-18.52,-0.93,358.17,0.04
598,多头出场,2025-12-17 08:00,short,2951.03,0.6788,1999.860196,3.3,0.16,13.26,0.66,-5.4,-0.27,361.47,0.04
598,多头进场,2025-12-17 03:30,long,2946.17,0.6788,1999.860196,3.3,0.16,13.26,0.66,-5.4,-0.27,361.47,0.04
599,空头出场,2025-12-17 09:00,long,2961.27,0.6777,1999.913031,-6.94,-0.35,4.47,0.22,-15.44,-0.77,354.53,0.04
599,空头进场,2025-12-17 08:00,short,2951.03,0.6777,1999.913031,-6.94,-0.35,4.47,0.22,-15.44,-0.77,354.53,0.04
600,多头出场,2025-12-17 09:30,short,2954.12,0.6753,1999.745631,-4.83,-0.24,3.62,0.18,-8.39,-0.42,349.7,0.03
600,多头进场,2025-12-17 09:00,long,2961.27,0.6753,1999.745631,-4.83,-0.24,3.62,0.18,-8.39,-0.42,349.7,0.03
601,空头出场,2025-12-17 10:30,long,2959.41,0.677,1999.93924,-3.58,-0.18,10.41,0.52,-7,-0.35,346.12,0.03
601,空头进场,2025-12-17 09:30,short,2954.12,0.677,1999.93924,-3.58,-0.18,10.41,0.52,-7,-0.35,346.12,0.03
602,多头出场,2025-12-17 11:00,short,2951.19,0.6758,1999.969278,-5.56,-0.28,1.72,0.09,-5.6,-0.28,340.56,0.03
602,多头进场,2025-12-17 10:30,long,2959.41,0.6758,1999.969278,-5.56,-0.28,1.72,0.09,-5.6,-0.28,340.56,0.03
603,空头出场,2025-12-17 14:00,long,2940.44,0.6776,1999.726344,7.28,0.36,24.52,1.23,-0.51,-0.03,347.85,0.03
603,空头进场,2025-12-17 11:00,short,2951.19,0.6776,1999.726344,7.28,0.36,24.52,1.23,-0.51,-0.03,347.85,0.03
604,多头出场,2025-12-17 16:00,short,2930.03,0.6801,1999.793244,-7.08,-0.35,9.15,0.46,-8.62,-0.43,340.77,0.03
604,多头进场,2025-12-17 14:00,long,2940.44,0.6801,1999.793244,-7.08,-0.35,9.15,0.46,-8.62,-0.43,340.77,0.03
605,空头出场,2025-12-17 19:00,long,2927.9,0.6825,1999.745475,1.45,0.07,14.41,0.72,-2.07,-0.10,342.22,0.03
605,空头进场,2025-12-17 16:00,short,2930.03,0.6825,1999.745475,1.45,0.07,14.41,0.72,-2.07,-0.10,342.22,0.03
606,多头出场,2025-12-17 23:30,short,2904.7,0.683,1999.7557,-15.85,-0.79,69.37,3.47,-27.2,-1.36,326.38,0.03
606,多头进场,2025-12-17 19:00,long,2927.9,0.683,1999.7557,-15.85,-0.79,69.37,3.47,-27.2,-1.36,326.38,0.03
607,空头出场,2025-12-18 04:00,long,2830.59,0.6885,1999.88595,51.02,2.55,77.96,3.90,-14.16,-0.71,377.4,0.04
607,空头进场,2025-12-17 23:30,short,2904.7,0.6885,1999.88595,51.02,2.55,77.96,3.90,-14.16,-0.71,377.4,0.04
608,多头出场,2025-12-18 04:30,short,2822.39,0.7065,1999.811835,-5.79,-0.29,0.96,0.05,-10.57,-0.53,371.61,0.04
608,多头进场,2025-12-18 04:00,long,2830.59,0.7065,1999.811835,-5.79,-0.29,0.96,0.05,-10.57,-0.53,371.61,0.04
609,空头出场,2025-12-18 06:00,long,2832.03,0.7086,1999.945554,-6.83,-0.34,7.43,0.37,-10.79,-0.54,364.78,0.04
609,空头进场,2025-12-18 04:30,short,2822.39,0.7086,1999.945554,-6.83,-0.34,7.43,0.37,-10.79,-0.54,364.78,0.04
610,多头出场,2025-12-18 09:00,short,2825.41,0.7062,1999.979586,-4.68,-0.23,3.84,0.19,-9.43,-0.47,360.1,0.04
610,多头进场,2025-12-18 06:00,long,2832.03,0.7062,1999.979586,-4.68,-0.23,3.84,0.19,-9.43,-0.47,360.1,0.04
611,空头出场,2025-12-18 10:00,long,2834.2,0.7078,1999.825198,-6.22,-0.31,2.92,0.15,-14.57,-0.73,353.88,0.04
611,空头进场,2025-12-18 09:00,short,2825.41,0.7078,1999.825198,-6.22,-0.31,2.92,0.15,-14.57,-0.73,353.88,0.04
612,多头出场,2025-12-18 11:00,short,2826.07,0.7056,1999.81152,-5.74,-0.29,6.48,0.32,-5.91,-0.30,348.14,0.03
612,多头进场,2025-12-18 10:00,long,2834.2,0.7056,1999.81152,-5.74,-0.29,6.48,0.32,-5.91,-0.30,348.14,0.03
613,空头出场,2025-12-18 11:30,long,2831.3,0.7076,1999.727132,-3.7,-0.19,2.8,0.14,-3.96,-0.20,344.44,0.03
613,空头进场,2025-12-18 11:00,short,2826.07,0.7076,1999.727132,-3.7,-0.19,2.8,0.14,-3.96,-0.20,344.44,0.03
614,多头出场,2025-12-18 13:00,short,2826.4,0.7063,1999.74719,-3.46,-0.17,6.89,0.34,-5.31,-0.27,340.98,0.03
614,多头进场,2025-12-18 11:30,long,2831.3,0.7063,1999.74719,-3.46,-0.17,6.89,0.34,-5.31,-0.27,340.98,0.03
615,空头出场,2025-12-18 14:30,long,2830.62,0.7076,1999.96064,-2.99,-0.15,2.75,0.14,-4.68,-0.23,338,0.03
615,空头进场,2025-12-18 13:00,short,2826.4,0.7076,1999.96064,-2.99,-0.15,2.75,0.14,-4.68,-0.23,338,0.03
616,多头出场,2025-12-19 00:00,short,2934.98,0.7065,1999.83303,73.73,3.69,116.51,5.83,-1.58,-0.08,411.73,0.04
616,多头进场,2025-12-18 14:30,long,2830.62,0.7065,1999.83303,73.73,3.69,116.51,5.83,-1.58,-0.08,411.73,0.04
617,空头出场,2025-12-19 05:00,long,2821.83,0.6814,1999.895372,77.1,3.86,107.82,5.39,-12.93,-0.65,488.83,0.05
617,空头进场,2025-12-19 00:00,short,2934.98,0.6814,1999.895372,77.1,3.86,107.82,5.39,-12.93,-0.65,488.83,0.05
618,多头出场,2025-12-19 09:00,short,2820.91,0.7087,1999.830921,-0.65,-0.03,12.27,0.61,-6.46,-0.32,488.17,0.05
618,多头进场,2025-12-19 05:00,long,2821.83,0.7087,1999.830921,-0.65,-0.03,12.27,0.61,-6.46,-0.32,488.17,0.05
619,空头出场,2025-12-19 10:00,long,2828.31,0.7089,1999.743099,-5.25,-0.26,8.32,0.42,-5.55,-0.28,482.93,0.05
619,空头进场,2025-12-19 09:00,short,2820.91,0.7089,1999.743099,-5.25,-0.26,8.32,0.42,-5.55,-0.28,482.93,0.05
620,多头出场,2025-12-19 16:00,short,2939.56,0.7071,1999.898001,78.66,3.93,108.74,5.44,-2.7,-0.14,561.59,0.06
620,多头进场,2025-12-19 10:00,long,2828.31,0.7071,1999.898001,78.66,3.93,108.74,5.44,-2.7,-0.14,561.59,0.06
621,空头出场,2025-12-19 16:30,long,2950.15,0.6803,1999.782668,-7.2,-0.36,1.58,0.08,-9.71,-0.49,554.39,0.06
621,空头进场,2025-12-19 16:00,short,2939.56,0.6803,1999.782668,-7.2,-0.36,1.58,0.08,-9.71,-0.49,554.39,0.06
622,多头出场,2025-12-19 18:00,short,2951.82,0.6779,1999.906685,1.13,0.06,7.62,0.38,-3.26,-0.16,555.52,0.06
622,多头进场,2025-12-19 16:30,long,2950.15,0.6779,1999.906685,1.13,0.06,7.62,0.38,-3.26,-0.16,555.52,0.06
623,空头出场,2025-12-19 19:00,long,2962.1,0.6775,1999.85805,-6.96,-0.35,2.62,0.13,-7.7,-0.39,548.56,0.05
623,空头进场,2025-12-19 18:00,short,2951.82,0.6775,1999.85805,-6.96,-0.35,2.62,0.13,-7.7,-0.39,548.56,0.05
624,多头出场,2025-12-19 20:00,short,2956.02,0.6751,1999.71371,-4.1,-0.21,5.15,0.26,-11.38,-0.57,544.45,0.05
624,多头进场,2025-12-19 19:00,long,2962.1,0.6751,1999.71371,-4.1,-0.21,5.15,0.26,-11.38,-0.57,544.45,0.05
625,空头出场,2025-12-19 21:00,long,2964.94,0.6765,1999.74753,-6.03,-0.30,3.16,0.16,-7.02,-0.35,538.42,0.05
625,空头进场,2025-12-19 20:00,short,2956.02,0.6765,1999.74753,-6.03,-0.30,3.16,0.16,-7.02,-0.35,538.42,0.05
626,多头出场,2025-12-19 21:30,short,2960.42,0.6745,1999.85203,-3.05,-0.15,1.09,0.05,-7.74,-0.39,535.37,0.05
626,多头进场,2025-12-19 21:00,long,2964.94,0.6745,1999.85203,-3.05,-0.15,1.09,0.05,-7.74,-0.39,535.37,0.05
627,空头出场,2025-12-19 22:30,long,2975.89,0.6755,1999.76371,-10.45,-0.52,11.26,0.56,-21.38,-1.07,524.92,0.05
627,空头进场,2025-12-19 21:30,short,2960.42,0.6755,1999.76371,-10.45,-0.52,11.26,0.56,-21.38,-1.07,524.92,0.05
628,多头出场,2025-12-19 23:00,short,2965.34,0.672,1999.79808,-7.09,-0.35,27.54,1.38,-13.72,-0.69,517.83,0.05
628,多头进场,2025-12-19 22:30,long,2975.89,0.672,1999.79808,-7.09,-0.35,27.54,1.38,-13.72,-0.69,517.83,0.05
629,空头出场,2025-12-20 00:00,long,2982.66,0.6744,1999.825296,-11.68,-0.58,6.72,0.34,-15.78,-0.79,506.15,0.05
629,空头进场,2025-12-19 23:00,short,2965.34,0.6744,1999.825296,-11.68,-0.58,6.72,0.34,-15.78,-0.79,506.15,0.05
630,多头出场,2025-12-20 00:30,short,2965.34,0.6705,1999.87353,-11.61,-0.58,15.27,0.76,-15.28,-0.76,494.53,0.05
630,多头进场,2025-12-20 00:00,long,2982.66,0.6705,1999.87353,-11.61,-0.58,15.27,0.76,-15.28,-0.76,494.53,0.05
631,空头出场,2025-12-20 02:00,long,2966.94,0.6744,1999.825296,-1.08,-0.05,19.2,0.96,-17.73,-0.89,493.46,0.05
631,空头进场,2025-12-20 00:30,short,2965.34,0.6744,1999.825296,-1.08,-0.05,19.2,0.96,-17.73,-0.89,493.46,0.05
632,多头出场,2025-12-20 05:00,short,2981.77,0.674,1999.71756,10,0.50,22.91,1.15,-11.16,-0.56,503.45,0.05
632,多头进场,2025-12-20 02:00,long,2966.94,0.674,1999.71756,10,0.50,22.91,1.15,-11.16,-0.56,503.45,0.05
633,空头出场,2025-12-20 06:00,long,2991.2,0.6707,1999.873139,-6.32,-0.32,5.29,0.26,-6.57,-0.33,497.13,0.05
633,空头进场,2025-12-20 05:00,short,2981.77,0.6707,1999.873139,-6.32,-0.32,5.29,0.26,-6.57,-0.33,497.13,0.05
634,多头出场,2025-12-20 07:00,short,2984.78,0.6686,1999.91632,-4.29,-0.21,0.25,0.01,-6.69,-0.33,492.83,0.05
634,多头进场,2025-12-20 06:00,long,2991.2,0.6686,1999.91632,-4.29,-0.21,0.25,0.01,-6.69,-0.33,492.83,0.05
635,空头出场,2025-12-20 10:30,long,2981.26,0.67,1999.8026,2.36,0.12,9.98,0.50,-2.26,-0.11,495.19,0.05
635,空头进场,2025-12-20 07:00,short,2984.78,0.67,1999.8026,2.36,0.12,9.98,0.50,-2.26,-0.11,495.19,0.05
636,多头出场,2025-12-20 12:30,short,2982.89,0.6708,1999.829208,1.09,0.05,7.72,0.39,-1.01,-0.05,496.29,0.05
636,多头进场,2025-12-20 10:30,long,2981.26,0.6708,1999.829208,1.09,0.05,7.72,0.39,-1.01,-0.05,496.29,0.05
637,空头出场,2025-12-20 13:00,long,2986.53,0.6704,1999.729456,-2.44,-0.12,1.4,0.07,-2.95,-0.15,493.85,0.05
637,空头进场,2025-12-20 12:30,short,2982.89,0.6704,1999.729456,-2.44,-0.12,1.4,0.07,-2.95,-0.15,493.85,0.05
638,多头出场,2025-12-20 13:30,short,2979.54,0.6696,1999.780488,-4.68,-0.23,1.06,0.05,-4.68,-0.23,489.17,0.05
638,多头进场,2025-12-20 13:00,long,2986.53,0.6696,1999.780488,-4.68,-0.23,1.06,0.05,-4.68,-0.23,489.17,0.05
639,空头出场,2025-12-20 16:00,long,2987.54,0.6712,1999.867248,-5.37,-0.27,3.9,0.19,-5.97,-0.30,483.8,0.05
639,空头进场,2025-12-20 13:30,short,2979.54,0.6712,1999.867248,-5.37,-0.27,3.9,0.19,-5.97,-0.30,483.8,0.05
640,多头出场,2025-12-20 16:30,short,2981.66,0.6694,1999.859276,-3.94,-0.20,0.09,0.00,-4.49,-0.22,479.86,0.05
640,多头进场,2025-12-20 16:00,long,2987.54,0.6694,1999.859276,-3.94,-0.20,0.09,0.00,-4.49,-0.22,479.86,0.05
641,空头出场,2025-12-20 17:00,long,2982.8,0.6707,1999.799362,-0.76,-0.04,0.44,0.02,-2.18,-0.11,479.09,0.05
641,空头进场,2025-12-20 16:30,short,2981.66,0.6707,1999.799362,-0.76,-0.04,0.44,0.02,-2.18,-0.11,479.09,0.05
642,多头出场,2025-12-20 17:30,short,2981.83,0.6705,1999.9674,-0.65,-0.03,1.8,0.09,-0.77,-0.04,478.44,0.05
642,多头进场,2025-12-20 17:00,long,2982.8,0.6705,1999.9674,-0.65,-0.03,1.8,0.09,-0.77,-0.04,478.44,0.05
643,空头出场,2025-12-20 19:00,long,2985.85,0.6707,1999.913381,-2.7,-0.13,5.35,0.27,-4.45,-0.22,475.75,0.05
643,空头进场,2025-12-20 17:30,short,2981.83,0.6707,1999.913381,-2.7,-0.13,5.35,0.27,-4.45,-0.22,475.75,0.05
644,多头出场,2025-12-20 21:00,short,2970.48,0.6698,1999.92233,-10.29,-0.51,4.31,0.22,-12.67,-0.63,465.45,0.05
644,多头进场,2025-12-20 19:00,long,2985.85,0.6698,1999.92233,-10.29,-0.51,4.31,0.22,-12.67,-0.63,465.45,0.05
645,空头出场,2025-12-20 22:30,long,2978.81,0.6732,1999.727136,-5.61,-0.28,1.58,0.08,-7.2,-0.36,459.85,0.05
645,空头进场,2025-12-20 21:00,short,2970.48,0.6732,1999.727136,-5.61,-0.28,1.58,0.08,-7.2,-0.36,459.85,0.05
646,多头出场,2025-12-20 23:00,short,2972.66,0.6714,1999.973034,-4.13,-0.21,0.08,0.00,-7.71,-0.39,455.72,0.05
646,多头进场,2025-12-20 22:30,long,2978.81,0.6714,1999.973034,-4.13,-0.21,0.08,0.00,-7.71,-0.39,455.72,0.05
647,空头出场,2025-12-21 00:30,long,2977.38,0.6727,1999.708382,-3.18,-0.16,0.03,0.00,-4,-0.20,452.54,0.05
647,空头进场,2025-12-20 23:00,short,2972.66,0.6727,1999.708382,-3.18,-0.16,0.03,0.00,-4,-0.20,452.54,0.05
648,多头出场,2025-12-21 02:00,short,2975.76,0.6717,1999.906146,-1.09,-0.05,1.73,0.09,-2.79,-0.14,451.45,0.05
648,多头进场,2025-12-21 00:30,long,2977.38,0.6717,1999.906146,-1.09,-0.05,1.73,0.09,-2.79,-0.14,451.45,0.05
649,空头出场,2025-12-21 02:30,long,2976.61,0.672,1999.71072,-0.57,-0.03,1.65,0.08,-2.18,-0.11,450.88,0.05
649,空头进场,2025-12-21 02:00,short,2975.76,0.672,1999.71072,-0.57,-0.03,1.65,0.08,-2.18,-0.11,450.88,0.05
650,多头出场,2025-12-21 05:30,short,2977.5,0.6719,1999.984259,0.6,0.03,5.32,0.27,-2.04,-0.10,451.48,0.05
650,多头进场,2025-12-21 02:30,long,2976.61,0.6719,1999.984259,0.6,0.03,5.32,0.27,-2.04,-0.10,451.48,0.05
651,空头出场,2025-12-21 07:30,long,2976.55,0.6717,1999.98675,0.64,0.03,3.8,0.19,-1.01,-0.05,452.12,0.05
651,空头进场,2025-12-21 05:30,short,2977.5,0.6717,1999.98675,0.64,0.03,3.8,0.19,-1.01,-0.05,452.12,0.05
652,多头出场,2025-12-21 09:00,short,2973.75,0.6719,1999.943945,-1.88,-0.09,2.6,0.13,-2.12,-0.11,450.24,0.05
652,多头进场,2025-12-21 07:30,long,2976.55,0.6719,1999.943945,-1.88,-0.09,2.6,0.13,-2.12,-0.11,450.24,0.05
653,空头出场,2025-12-21 11:00,long,2971.7,0.6725,1999.846875,1.38,0.07,8.14,0.41,-0.81,-0.04,451.62,0.05
653,空头进场,2025-12-21 09:00,short,2973.75,0.6725,1999.846875,1.38,0.07,8.14,0.41,-0.81,-0.04,451.62,0.05
654,多头出场,2025-12-21 13:30,short,2972.7,0.673,1999.9541,0.67,0.03,4.15,0.21,-1.18,-0.06,452.29,0.05
654,多头进场,2025-12-21 11:00,long,2971.7,0.673,1999.9541,0.67,0.03,4.15,0.21,-1.18,-0.06,452.29,0.05
655,空头出场,2025-12-21 14:00,long,2975.66,0.6727,1999.73529,-1.99,-0.10,0.29,0.01,-2.37,-0.12,450.3,0.05
655,空头进场,2025-12-21 13:30,short,2972.7,0.6727,1999.73529,-1.99,-0.10,0.29,0.01,-2.37,-0.12,450.3,0.05
656,多头出场,2025-12-21 19:30,short,2995.76,0.6721,1999.941086,13.51,0.68,24.02,1.20,-1.26,-0.06,463.81,0.05
656,多头进场,2025-12-21 14:00,long,2975.66,0.6721,1999.941086,13.51,0.68,24.02,1.20,-1.26,-0.06,463.81,0.05
657,空头出场,2025-12-21 20:00,long,2999.19,0.6676,1999.969376,-2.29,-0.11,0.11,0.01,-5.84,-0.29,461.52,0.05
657,空头进场,2025-12-21 19:30,short,2995.76,0.6676,1999.969376,-2.29,-0.11,0.11,0.01,-5.84,-0.29,461.52,0.05
658,多头出场,2025-12-21 20:30,short,2989.7,0.6668,1999.859892,-6.33,-0.32,0.92,0.05,-11.22,-0.56,455.19,0.05
658,多头进场,2025-12-21 20:00,long,2999.19,0.6668,1999.859892,-6.33,-0.32,0.92,0.05,-11.22,-0.56,455.19,0.05
659,空头出场,2025-12-21 23:30,long,2973.87,0.6689,1999.81033,10.59,0.53,30.55,1.53,-1.07,-0.05,465.78,0.05
659,空头进场,2025-12-21 20:30,short,2989.7,0.6689,1999.81033,10.59,0.53,30.55,1.53,-1.07,-0.05,465.78,0.05
660,多头出场,2025-12-22 02:00,short,2977.16,0.6725,1999.927575,2.21,0.11,8.87,0.44,-4.52,-0.23,467.99,0.05
660,多头进场,2025-12-21 23:30,long,2973.87,0.6725,1999.927575,2.21,0.11,8.87,0.44,-4.52,-0.23,467.99,0.05
661,空头出场,2025-12-22 02:30,long,2987.68,0.6717,1999.758372,-7.07,-0.35,0.14,0.01,-7.07,-0.35,460.92,0.05
661,空头进场,2025-12-22 02:00,short,2977.16,0.6717,1999.758372,-7.07,-0.35,0.14,0.01,-7.07,-0.35,460.92,0.05
662,多头出场,2025-12-22 04:30,short,2986.08,0.6694,1999.952992,-1.07,-0.05,5.73,0.29,-5.73,-0.29,459.85,0.05
662,多头进场,2025-12-22 02:30,long,2987.68,0.6694,1999.952992,-1.07,-0.05,5.73,0.29,-5.73,-0.29,459.85,0.05
663,空头出场,2025-12-22 06:00,long,2986.59,0.6697,1999.777776,-0.34,-0.02,10.41,0.52,-2.86,-0.14,459.51,0.05
663,空头进场,2025-12-22 04:30,short,2986.08,0.6697,1999.777776,-0.34,-0.02,10.41,0.52,-2.86,-0.14,459.51,0.05
664,多头出场,2025-12-22 09:30,short,3018.21,0.6696,1999.820664,21.17,1.06,48.02,2.40,-0.45,-0.02,480.68,0.05
664,多头进场,2025-12-22 06:00,long,2986.59,0.6696,1999.820664,21.17,1.06,48.02,2.40,-0.45,-0.02,480.68,0.05
665,空头出场,2025-12-22 11:00,long,3026.41,0.6626,1999.865946,-5.43,-0.27,28.51,1.43,-7.1,-0.36,475.25,0.05
665,空头进场,2025-12-22 09:30,short,3018.21,0.6626,1999.865946,-5.43,-0.27,28.51,1.43,-7.1,-0.36,475.25,0.05
666,多头出场,2025-12-22 13:00,short,3027.41,0.6608,1999.851728,0.66,0.03,10.33,0.52,-5.61,-0.28,475.91,0.05
666,多头进场,2025-12-22 11:00,long,3026.41,0.6608,1999.851728,0.66,0.03,10.33,0.52,-5.61,-0.28,475.91,0.05
667,空头出场,2025-12-22 15:00,long,3030.96,0.6606,1999.907046,-2.35,-0.12,3.28,0.16,-6.03,-0.30,473.57,0.05
667,空头进场,2025-12-22 13:00,short,3027.41,0.6606,1999.907046,-2.35,-0.12,3.28,0.16,-6.03,-0.30,473.57,0.05
668,多头出场,2025-12-22 16:30,short,3027.21,0.6598,1999.827408,-2.47,-0.12,15.66,0.78,-3.68,-0.18,471.09,0.05
668,多头进场,2025-12-22 15:00,long,3030.96,0.6598,1999.827408,-2.47,-0.12,15.66,0.78,-3.68,-0.18,471.09,0.05
669,空头出场,2025-12-22 17:00,long,3036.45,0.6606,1999.774926,-6.1,-0.31,1.06,0.05,-8.74,-0.44,464.99,0.05
669,空头进场,2025-12-22 16:30,short,3027.21,0.6606,1999.774926,-6.1,-0.31,1.06,0.05,-8.74,-0.44,464.99,0.05
670,多头出场,2025-12-22 18:00,short,3035.92,0.6586,1999.80597,-0.35,-0.02,3.75,0.19,-3.18,-0.16,464.64,0.05
670,多头进场,2025-12-22 17:00,long,3036.45,0.6586,1999.80597,-0.35,-0.02,3.75,0.19,-3.18,-0.16,464.64,0.05
671,空头出场,2025-12-22 18:30,long,3040.09,0.6587,1999.760504,-2.75,-0.14,0.01,0.00,-5.77,-0.29,461.89,0.05
671,空头进场,2025-12-22 18:00,short,3035.92,0.6587,1999.760504,-2.75,-0.14,0.01,0.00,-5.77,-0.29,461.89,0.05
672,多头出场,2025-12-22 23:00,short,3042.45,0.6578,1999.771202,1.55,0.08,23.19,1.16,-7.26,-0.36,463.44,0.05
672,多头进场,2025-12-22 18:30,long,3040.09,0.6578,1999.771202,1.55,0.08,23.19,1.16,-7.26,-0.36,463.44,0.05
673,空头出场,2025-12-23 00:00,long,3056.09,0.6573,1999.802385,-8.97,-0.45,13.39,0.67,-10.69,-0.53,454.48,0.05
673,空头进场,2025-12-22 23:00,short,3042.45,0.6573,1999.802385,-8.97,-0.45,13.39,0.67,-10.69,-0.53,454.48,0.05
674,多头出场,2025-12-23 00:30,short,3043.01,0.6544,1999.905296,-8.56,-0.43,0.01,0.00,-11.67,-0.58,445.92,0.04
674,多头进场,2025-12-23 00:00,long,3056.09,0.6544,1999.905296,-8.56,-0.43,0.01,0.00,-11.67,-0.58,445.92,0.04
675,空头出场,2025-12-23 05:00,long,2992.89,0.6572,1999.866172,32.94,1.65,51.93,2.60,-0.24,-0.01,478.86,0.05
675,空头进场,2025-12-23 00:30,short,3043.01,0.6572,1999.866172,32.94,1.65,51.93,2.60,-0.24,-0.01,478.86,0.05
676,多头出场,2025-12-23 10:00,short,3011.99,0.6682,1999.849098,12.76,0.64,27.64,1.38,-7.5,-0.38,491.62,0.05
676,多头进场,2025-12-23 05:00,long,2992.89,0.6682,1999.849098,12.76,0.64,27.64,1.38,-7.5,-0.38,491.62,0.05
677,空头出场,2025-12-23 16:00,long,2966.79,0.664,1999.96136,30.01,1.50,43.89,2.19,-1.85,-0.09,521.63,0.05
677,空头进场,2025-12-23 10:00,short,3011.99,0.664,1999.96136,30.01,1.50,43.89,2.19,-1.85,-0.09,521.63,0.05
678,多头出场,2025-12-23 16:30,short,2960.92,0.6741,1999.913139,-3.96,-0.20,3.01,0.15,-5,-0.25,517.68,0.05
678,多头进场,2025-12-23 16:00,long,2966.79,0.6741,1999.913139,-3.96,-0.20,3.01,0.15,-5,-0.25,517.68,0.05
679,空头出场,2025-12-23 17:30,long,2962.74,0.6754,1999.805368,-1.23,-0.06,6.25,0.31,-3.1,-0.16,516.45,0.05
679,空头进场,2025-12-23 16:30,short,2960.92,0.6754,1999.805368,-1.23,-0.06,6.25,0.31,-3.1,-0.16,516.45,0.05
680,多头出场,2025-12-23 20:00,short,2957.71,0.675,1999.8495,-3.4,-0.17,7.3,0.36,-4.5,-0.23,513.05,0.05
680,多头进场,2025-12-23 17:30,long,2962.74,0.675,1999.8495,-3.4,-0.17,7.3,0.36,-4.5,-0.23,513.05,0.05
681,空头出场,2025-12-24 00:00,long,2955.05,0.6761,1999.707731,1.8,0.09,38.51,1.93,-3.98,-0.20,514.85,0.05
681,空头进场,2025-12-23 20:00,short,2957.71,0.6761,1999.707731,1.8,0.09,38.51,1.93,-3.98,-0.20,514.85,0.05
682,多头出场,2025-12-24 01:00,short,2941.54,0.6768,1999.97784,-9.14,-0.46,6.31,0.32,-9.66,-0.48,505.71,0.05
682,多头进场,2025-12-24 00:00,long,2955.05,0.6768,1999.97784,-9.14,-0.46,6.31,0.32,-9.66,-0.48,505.71,0.05
683,空头出场,2025-12-24 02:00,long,2938.7,0.6799,1999.953046,1.93,0.10,22.67,1.13,-3.58,-0.18,507.64,0.05
683,空头进场,2025-12-24 01:00,short,2941.54,0.6799,1999.953046,1.93,0.10,22.67,1.13,-3.58,-0.18,507.64,0.05
684,多头出场,2025-12-24 03:00,short,2932.91,0.6805,1999.78535,-3.94,-0.20,9.49,0.47,-4.42,-0.22,503.7,0.05
684,多头进场,2025-12-24 02:00,long,2938.7,0.6805,1999.78535,-3.94,-0.20,9.49,0.47,-4.42,-0.22,503.7,0.05
685,空头出场,2025-12-24 03:30,long,2942.83,0.6819,1999.951329,-6.76,-0.34,2.05,0.10,-6.97,-0.35,496.93,0.05
685,空头进场,2025-12-24 03:00,short,2932.91,0.6819,1999.951329,-6.76,-0.34,2.05,0.10,-6.97,-0.35,496.93,0.05
686,多头出场,2025-12-24 06:00,short,2961.34,0.6796,1999.947268,12.58,0.63,29.49,1.47,-2.17,-0.11,509.51,0.05
686,多头进场,2025-12-24 03:30,long,2942.83,0.6796,1999.947268,12.58,0.63,29.49,1.47,-2.17,-0.11,509.51,0.05
687,空头出场,2025-12-24 07:30,long,2963.54,0.6753,1999.792902,-1.49,-0.07,7.49,0.37,-7.06,-0.35,508.03,0.05
687,空头进场,2025-12-24 06:00,short,2961.34,0.6753,1999.792902,-1.49,-0.07,7.49,0.37,-7.06,-0.35,508.03,0.05
688,多头出场,2025-12-24 08:00,short,2957.06,0.6748,1999.796792,-4.37,-0.22,2.56,0.13,-5.6,-0.28,503.65,0.05
688,多头进场,2025-12-24 07:30,long,2963.54,0.6748,1999.796792,-4.37,-0.22,2.56,0.13,-5.6,-0.28,503.65,0.05
689,空头出场,2025-12-24 08:30,long,2971.41,0.6763,1999.859678,-9.7,-0.49,1.66,0.08,-10.21,-0.51,493.95,0.05
689,空头进场,2025-12-24 08:00,short,2957.06,0.6763,1999.859678,-9.7,-0.49,1.66,0.08,-10.21,-0.51,493.95,0.05
690,多头出场,2025-12-24 09:30,short,2962.23,0.673,1999.75893,-6.18,-0.31,3.16,0.16,-8.28,-0.41,487.77,0.05
690,多头进场,2025-12-24 08:30,long,2971.41,0.673,1999.75893,-6.18,-0.31,3.16,0.16,-8.28,-0.41,487.77,0.05
691,空头出场,2025-12-24 16:00,long,2932.51,0.6751,1999.801473,20.06,1.00,30.85,1.54,-0.78,-0.04,507.84,0.05
691,空头进场,2025-12-24 09:30,short,2962.23,0.6751,1999.801473,20.06,1.00,30.85,1.54,-0.78,-0.04,507.84,0.05
692,多头出场,2025-12-24 16:30,short,2920.89,0.682,1999.97182,-7.92,-0.40,1.67,0.08,-8.66,-0.43,499.91,0.05
692,多头进场,2025-12-24 16:00,long,2932.51,0.682,1999.97182,-7.92,-0.40,1.67,0.08,-8.66,-0.43,499.91,0.05
693,空头出场,2025-12-24 18:00,long,2927.38,0.6847,1999.933383,-4.44,-0.22,4.39,0.22,-5.85,-0.29,495.47,0.05
693,空头进场,2025-12-24 16:30,short,2920.89,0.6847,1999.933383,-4.44,-0.22,4.39,0.22,-5.85,-0.29,495.47,0.05
694,多头出场,2025-12-24 19:30,short,2923.38,0.6832,1999.986016,-2.73,-0.14,5.81,0.29,-2.76,-0.14,492.73,0.05
694,多头进场,2025-12-24 18:00,long,2927.38,0.6832,1999.986016,-2.73,-0.14,5.81,0.29,-2.76,-0.14,492.73,0.05
695,空头出场,2025-12-24 20:00,long,2929.42,0.6841,1999.884258,-4.13,-0.21,1.12,0.06,-6.36,-0.32,488.6,0.05
695,空头进场,2025-12-24 19:30,short,2923.38,0.6841,1999.884258,-4.13,-0.21,1.12,0.06,-6.36,-0.32,488.6,0.05
696,多头出场,2025-12-24 22:00,short,2926.39,0.6827,1999.915034,-2.07,-0.10,5.14,0.26,-4.02,-0.20,486.53,0.05
696,多头进场,2025-12-24 20:00,long,2929.42,0.6827,1999.915034,-2.07,-0.10,5.14,0.26,-4.02,-0.20,486.53,0.05
697,空头出场,2025-12-24 23:30,long,2923.77,0.6834,1999.894926,1.79,0.09,26.14,1.31,-2.43,-0.12,488.32,0.05
697,空头进场,2025-12-24 22:00,short,2926.39,0.6834,1999.894926,1.79,0.09,26.14,1.31,-2.43,-0.12,488.32,0.05
698,多头出场,2025-12-25 00:00,short,2920.72,0.684,1999.85868,-2.09,-0.10,6.26,0.31,-2.75,-0.14,486.24,0.05
698,多头进场,2025-12-24 23:30,long,2923.77,0.684,1999.85868,-2.09,-0.10,6.26,0.31,-2.75,-0.14,486.24,0.05
699,空头出场,2025-12-25 00:30,long,2938.64,0.6847,1999.816984,-12.27,-0.61,0.01,0.00,-17.46,-0.87,473.97,0.05
699,空头进场,2025-12-25 00:00,short,2920.72,0.6847,1999.816984,-12.27,-0.61,0.01,0.00,-17.46,-0.87,473.97,0.05
700,多头出场,2025-12-25 04:30,short,2941.22,0.6805,1999.74452,1.76,0.09,8.6,0.43,-6.54,-0.33,475.72,0.05
700,多头进场,2025-12-25 00:30,long,2938.64,0.6805,1999.74452,1.76,0.09,8.6,0.43,-6.54,-0.33,475.72,0.05
701,空头出场,2025-12-25 05:00,long,2945.78,0.6799,1999.735478,-3.1,-0.16,0,0.00,-4.24,-0.21,472.62,0.05
701,空头进场,2025-12-25 04:30,short,2941.22,0.6799,1999.735478,-3.1,-0.16,0,0.00,-4.24,-0.21,472.62,0.05
702,多头出场,2025-12-25 07:00,short,2946.32,0.6789,1999.890042,0.37,0.02,10.35,0.52,-0.24,-0.01,472.99,0.05
702,多头进场,2025-12-25 05:00,long,2945.78,0.6789,1999.890042,0.37,0.02,10.35,0.52,-0.24,-0.01,472.99,0.05
703,空头出场,2025-12-25 09:30,long,2946.87,0.6788,1999.962016,-0.37,-0.02,7.44,0.37,-1.93,-0.10,472.62,0.05
703,空头进场,2025-12-25 07:00,short,2946.32,0.6788,1999.962016,-0.37,-0.02,7.44,0.37,-1.93,-0.10,472.62,0.05
704,多头出场,2025-12-25 11:00,short,2946.34,0.6786,1999.745982,-0.36,-0.02,5.5,0.27,-3.89,-0.19,472.26,0.05
704,多头进场,2025-12-25 09:30,long,2946.87,0.6786,1999.745982,-0.36,-0.02,5.5,0.27,-3.89,-0.19,472.26,0.05
705,空头出场,2025-12-25 14:30,long,2941.16,0.6788,1999.975592,3.52,0.18,6.85,0.34,-0.03,0.00,475.77,0.05
705,空头进场,2025-12-25 11:00,short,2946.34,0.6788,1999.975592,3.52,0.18,6.85,0.34,-0.03,0.00,475.77,0.05
706,多头出场,2025-12-25 15:00,short,2938.15,0.68,1999.9888,-2.05,-0.10,0.32,0.02,-2.07,-0.10,473.73,0.05
706,多头进场,2025-12-25 14:30,long,2941.16,0.68,1999.9888,-2.05,-0.10,0.32,0.02,-2.07,-0.10,473.73,0.05
707,空头出场,2025-12-25 15:30,long,2939.97,0.6807,1999.998705,-1.24,-0.06,0.56,0.03,-2.07,-0.10,472.49,0.05
707,空头进场,2025-12-25 15:00,short,2938.15,0.6807,1999.998705,-1.24,-0.06,0.56,0.03,-2.07,-0.10,472.49,0.05
708,多头出场,2025-12-25 16:00,short,2921.57,0.6802,1999.767594,-12.52,-0.63,3.22,0.16,-16.47,-0.82,459.97,0.05
708,多头进场,2025-12-25 15:30,long,2939.97,0.6802,1999.767594,-12.52,-0.63,3.22,0.16,-16.47,-0.82,459.97,0.05
709,空头出场,2025-12-25 19:00,long,2925.76,0.6845,1999.814665,-2.87,-0.14,6.82,0.34,-5.68,-0.28,457.1,0.05
709,空头进场,2025-12-25 16:00,short,2921.57,0.6845,1999.814665,-2.87,-0.14,6.82,0.34,-5.68,-0.28,457.1,0.05
710,多头出场,2025-12-25 19:30,short,2923.03,0.6835,1999.75696,-1.87,-0.09,0.39,0.02,-2.53,-0.13,455.24,0.05
710,多头进场,2025-12-25 19:00,long,2925.76,0.6835,1999.75696,-1.87,-0.09,0.39,0.02,-2.53,-0.13,455.24,0.05
711,空头出场,2025-12-25 20:00,long,2925.9,0.6842,1999.937126,-1.96,-0.10,0.64,0.03,-2.05,-0.10,453.27,0.05
711,空头进场,2025-12-25 19:30,short,2923.03,0.6842,1999.937126,-1.96,-0.10,0.64,0.03,-2.05,-0.10,453.27,0.05
712,多头出场,2025-12-25 21:00,short,2922.6,0.6835,1999.85265,-2.26,-0.11,1.34,0.07,-5.24,-0.26,451.02,0.05
712,多头进场,2025-12-25 20:00,long,2925.9,0.6835,1999.85265,-2.26,-0.11,1.34,0.07,-5.24,-0.26,451.02,0.05
713,空头出场,2025-12-25 21:30,long,2929.23,0.6843,1999.93518,-4.54,-0.23,1.91,0.10,-7.03,-0.35,446.48,0.04
713,空头进场,2025-12-25 21:00,short,2922.6,0.6843,1999.93518,-4.54,-0.23,1.91,0.10,-7.03,-0.35,446.48,0.04
714,多头出场,2025-12-25 22:00,short,2922.65,0.6827,1999.785321,-4.49,-0.22,4.92,0.25,-5.52,-0.28,441.99,0.04
714,多头进场,2025-12-25 21:30,long,2929.23,0.6827,1999.785321,-4.49,-0.22,4.92,0.25,-5.52,-0.28,441.99,0.04
715,空头出场,2025-12-25 22:30,long,2931.06,0.6843,1999.969395,-5.75,-0.29,0.02,0.00,-7.31,-0.37,436.23,0.04
715,空头进场,2025-12-25 22:00,short,2922.65,0.6843,1999.969395,-5.75,-0.29,0.02,0.00,-7.31,-0.37,436.23,0.04
716,多头出场,2025-12-26 00:30,short,2946.45,0.6823,1999.862238,10.5,0.53,25.7,1.29,-0.75,-0.04,446.74,0.04
716,多头进场,2025-12-25 22:30,long,2931.06,0.6823,1999.862238,10.5,0.53,25.7,1.29,-0.75,-0.04,446.74,0.04
717,空头出场,2025-12-26 01:30,long,2950.78,0.6787,1999.755615,-2.94,-0.15,2.84,0.14,-4.01,-0.20,443.8,0.04
717,空头进场,2025-12-26 00:30,short,2946.45,0.6787,1999.755615,-2.94,-0.15,2.84,0.14,-4.01,-0.20,443.8,0.04
718,多头出场,2025-12-26 03:00,short,2951.73,0.6777,1999.743606,0.64,0.03,8.43,0.42,-1.88,-0.09,444.44,0.04
718,多头进场,2025-12-26 01:30,long,2950.78,0.6777,1999.743606,0.64,0.03,8.43,0.42,-1.88,-0.09,444.44,0.04
719,空头出场,2025-12-26 03:30,long,2954.49,0.6775,1999.797075,-1.87,-0.09,1.06,0.05,-3.79,-0.19,442.57,0.04
719,空头进场,2025-12-26 03:00,short,2951.73,0.6775,1999.797075,-1.87,-0.09,1.06,0.05,-3.79,-0.19,442.57,0.04
720,多头出场,2025-12-26 04:00,short,2945.03,0.6769,1999.894281,-6.4,-0.32,0.15,0.01,-7.98,-0.40,436.17,0.04
720,多头进场,2025-12-26 03:30,long,2954.49,0.6769,1999.894281,-6.4,-0.32,0.15,0.01,-7.98,-0.40,436.17,0.04
721,空头出场,2025-12-26 09:00,long,2917.14,0.6791,1999.969873,18.94,0.95,37.43,1.87,-4.25,-0.21,455.11,0.05
721,空头进场,2025-12-26 04:00,short,2945.03,0.6791,1999.969873,18.94,0.95,37.43,1.87,-4.25,-0.21,455.11,0.05
722,多头出场,2025-12-26 15:30,short,2955.16,0.6856,1999.991184,26.07,1.30,51.21,2.56,-0.85,-0.04,481.17,0.05
722,多头进场,2025-12-26 09:00,long,2917.14,0.6856,1999.991184,26.07,1.30,51.21,2.56,-0.85,-0.04,481.17,0.05
723,空头出场,2025-12-26 17:30,long,2971.28,0.6767,1999.756772,-10.91,-0.55,1.11,0.06,-12.35,-0.62,470.27,0.05
723,空头进场,2025-12-26 15:30,short,2955.16,0.6767,1999.756772,-10.91,-0.55,1.11,0.06,-12.35,-0.62,470.27,0.05
724,多头出场,2025-12-26 19:00,short,2963.79,0.6731,1999.968568,-5.04,-0.25,0.9,0.04,-6.27,-0.31,465.22,0.05
724,多头进场,2025-12-26 17:30,long,2971.28,0.6731,1999.968568,-5.04,-0.25,0.9,0.04,-6.27,-0.31,465.22,0.05
725,空头出场,2025-12-26 20:00,long,2968.36,0.6748,1999.965492,-3.08,-0.15,0.76,0.04,-4,-0.20,462.14,0.05
725,空头进场,2025-12-26 19:00,short,2963.79,0.6748,1999.965492,-3.08,-0.15,0.76,0.04,-4,-0.20,462.14,0.05
726,多头出场,2025-12-26 22:30,short,2916.21,0.6737,1999.784132,-35.13,-1.76,10.44,0.52,-40.12,-2.01,427.01,0.04
726,多头进场,2025-12-26 20:00,long,2968.36,0.6737,1999.784132,-35.13,-1.76,10.44,0.52,-40.12,-2.01,427.01,0.04
727,空头出场,2025-12-27 01:00,long,2929.34,0.6858,1999.936818,-9,-0.45,15.46,0.77,-11.69,-0.58,418,0.04
727,空头进场,2025-12-26 22:30,short,2916.21,0.6858,1999.936818,-9,-0.45,15.46,0.77,-11.69,-0.58,418,0.04
728,多头出场,2025-12-27 01:30,short,2920.44,0.6827,1999.860418,-6.08,-0.30,2.46,0.12,-9.14,-0.46,411.93,0.04
728,多头进场,2025-12-27 01:00,long,2929.34,0.6827,1999.860418,-6.08,-0.30,2.46,0.12,-9.14,-0.46,411.93,0.04
729,空头出场,2025-12-27 02:30,long,2921.74,0.6848,1999.917312,-0.89,-0.04,1.44,0.07,-4.43,-0.22,411.04,0.04
729,空头进场,2025-12-27 01:30,short,2920.44,0.6848,1999.917312,-0.89,-0.04,1.44,0.07,-4.43,-0.22,411.04,0.04
730,多头出场,2025-12-27 05:30,short,2923.21,0.6845,1999.93103,1.01,0.05,10.14,0.51,-3.22,-0.16,412.04,0.04
730,多头进场,2025-12-27 02:30,long,2921.74,0.6845,1999.93103,1.01,0.05,10.14,0.51,-3.22,-0.16,412.04,0.04
731,空头出场,2025-12-27 06:30,long,2929.71,0.6841,1999.767961,-4.45,-0.22,2.04,0.10,-4.53,-0.23,407.6,0.04
731,空头进场,2025-12-27 05:30,short,2923.21,0.6841,1999.767961,-4.45,-0.22,2.04,0.10,-4.53,-0.23,407.6,0.04
732,多头出场,2025-12-27 08:00,short,2923.04,0.6826,1999.820046,-4.55,-0.23,1.85,0.09,-5.65,-0.28,403.04,0.04
732,多头进场,2025-12-27 06:30,long,2929.71,0.6826,1999.820046,-4.55,-0.23,1.85,0.09,-5.65,-0.28,403.04,0.04
733,空头出场,2025-12-27 08:30,long,2925.24,0.6842,1999.943968,-1.51,-0.08,0.25,0.01,-3.03,-0.15,401.54,0.04
733,空头进场,2025-12-27 08:00,short,2923.04,0.6842,1999.943968,-1.51,-0.08,0.25,0.01,-3.03,-0.15,401.54,0.04
734,多头出场,2025-12-27 09:00,short,2922.72,0.6837,1999.986588,-1.72,-0.09,0.43,0.02,-3.1,-0.15,399.81,0.04
734,多头进场,2025-12-27 08:30,long,2925.24,0.6837,1999.986588,-1.72,-0.09,0.43,0.02,-3.1,-0.15,399.81,0.04
735,空头出场,2025-12-27 09:30,long,2925.57,0.6842,1999.725024,-1.95,-0.10,0.01,0.00,-2.71,-0.14,397.86,0.04
735,空头进场,2025-12-27 09:00,short,2922.72,0.6842,1999.725024,-1.95,-0.10,0.01,0.00,-2.71,-0.14,397.86,0.04
736,多头出场,2025-12-27 13:00,short,2927.52,0.6836,1999.919652,1.33,0.07,4.18,0.21,-2.54,-0.13,399.2,0.04
736,多头进场,2025-12-27 09:30,long,2925.57,0.6836,1999.919652,1.33,0.07,4.18,0.21,-2.54,-0.13,399.2,0.04
737,空头出场,2025-12-27 13:30,long,2929.03,0.6831,1999.788912,-1.03,-0.05,0.04,0.00,-1.43,-0.07,398.17,0.04
737,空头进场,2025-12-27 13:00,short,2927.52,0.6831,1999.788912,-1.03,-0.05,0.04,0.00,-1.43,-0.07,398.17,0.04
738,多头出场,2025-12-27 14:00,short,2926.89,0.6828,1999.941684,-1.46,-0.07,0.05,0.00,-2.12,-0.11,396.7,0.04
738,多头进场,2025-12-27 13:30,long,2929.03,0.6828,1999.941684,-1.46,-0.07,0.05,0.00,-2.12,-0.11,396.7,0.04
739,空头出场,2025-12-27 15:00,long,2932.99,0.6833,1999.943937,-4.17,-0.21,0.68,0.03,-5.84,-0.29,392.54,0.04
739,空头进场,2025-12-27 14:00,short,2926.89,0.6833,1999.943937,-4.17,-0.21,0.68,0.03,-5.84,-0.29,392.54,0.04
740,多头出场,2025-12-27 17:00,short,2930.7,0.6818,1999.712582,-1.56,-0.08,3.36,0.17,-2.24,-0.11,390.97,0.04
740,多头进场,2025-12-27 15:00,long,2932.99,0.6818,1999.712582,-1.56,-0.08,3.36,0.17,-2.24,-0.11,390.97,0.04
741,空头出场,2025-12-27 17:30,long,2932.8,0.6824,1999.90968,-1.43,-0.07,0,0.00,-2.91,-0.15,389.54,0.04
741,空头进场,2025-12-27 17:00,short,2930.7,0.6824,1999.90968,-1.43,-0.07,0,0.00,-2.91,-0.15,389.54,0.04
742,多头出场,2025-12-27 18:00,short,2928.61,0.6819,1999.87632,-2.86,-0.14,0.1,0.01,-2.87,-0.14,386.68,0.04
742,多头进场,2025-12-27 17:30,long,2932.8,0.6819,1999.87632,-2.86,-0.14,0.1,0.01,-2.87,-0.14,386.68,0.04
743,空头出场,2025-12-27 19:30,long,2928.73,0.6829,1999.947769,-0.08,0.00,8.17,0.41,-1.74,-0.09,386.6,0.04
743,空头进场,2025-12-27 18:00,short,2928.61,0.6829,1999.947769,-0.08,0.00,8.17,0.41,-1.74,-0.09,386.6,0.04
744,多头出场,2025-12-27 21:00,short,2925.29,0.6828,1999.736844,-2.35,-0.12,2.02,0.10,-2.89,-0.14,384.25,0.04
744,多头进场,2025-12-27 19:30,long,2928.73,0.6828,1999.736844,-2.35,-0.12,2.02,0.10,-2.89,-0.14,384.25,0.04
745,空头出场,2025-12-27 22:30,long,2927.54,0.6836,1999.728244,-1.54,-0.08,1.07,0.05,-3.48,-0.17,382.72,0.04
745,空头进场,2025-12-27 21:00,short,2925.29,0.6836,1999.728244,-1.54,-0.08,1.07,0.05,-3.48,-0.17,382.72,0.04
746,多头出场,2025-12-27 23:00,short,2925.91,0.6831,1999.802574,-1.11,-0.06,0.33,0.02,-2.03,-0.10,381.6,0.04
746,多头进场,2025-12-27 22:30,long,2927.54,0.6831,1999.802574,-1.11,-0.06,0.33,0.02,-2.03,-0.10,381.6,0.04
747,空头出场,2025-12-28 01:00,long,2924.29,0.6835,1999.859485,1.11,0.06,7,0.35,-1.76,-0.09,382.71,0.04
747,空头进场,2025-12-27 23:00,short,2925.91,0.6835,1999.859485,1.11,0.06,7,0.35,-1.76,-0.09,382.71,0.04
748,多头出场,2025-12-28 06:30,short,2931.12,0.6839,1999.921931,4.67,0.23,18.34,0.92,-1.01,-0.05,387.38,0.04
748,多头进场,2025-12-28 01:00,long,2924.29,0.6839,1999.921931,4.67,0.23,18.34,0.92,-1.01,-0.05,387.38,0.04
749,空头出场,2025-12-28 07:00,long,2938.88,0.6823,1999.903176,-5.29,-0.26,0.16,0.01,-6.44,-0.32,382.09,0.04
749,空头进场,2025-12-28 06:30,short,2931.12,0.6823,1999.903176,-5.29,-0.26,0.16,0.01,-6.44,-0.32,382.09,0.04
750,多头出场,2025-12-28 11:00,short,2940.21,0.6805,1999.90784,0.91,0.05,12.85,0.64,-1.31,-0.07,382.99,0.04
750,多头进场,2025-12-28 07:00,long,2938.88,0.6805,1999.90784,0.91,0.05,12.85,0.64,-1.31,-0.07,382.99,0.04
751,空头出场,2025-12-28 14:30,long,2940.69,0.6802,1999.930842,-0.33,-0.02,7.75,0.39,-3.32,-0.17,382.66,0.04
751,空头进场,2025-12-28 11:00,short,2940.21,0.6802,1999.930842,-0.33,-0.02,7.75,0.39,-3.32,-0.17,382.66,0.04
752,多头出场,2025-12-28 15:00,short,2936.98,0.6801,1999.963269,-2.52,-0.13,0.19,0.01,-3.3,-0.16,380.14,0.04
752,多头进场,2025-12-28 14:30,long,2940.69,0.6801,1999.963269,-2.52,-0.13,0.19,0.01,-3.3,-0.16,380.14,0.04
753,空头出场,2025-12-28 16:00,long,2938.84,0.6809,1999.789682,-1.27,-0.06,1.42,0.07,-3.2,-0.16,378.87,0.04
753,空头进场,2025-12-28 15:00,short,2936.98,0.6809,1999.789682,-1.27,-0.06,1.42,0.07,-3.2,-0.16,378.87,0.04
754,多头出场,2025-12-28 17:30,short,2935.84,0.6805,1999.88062,-2.04,-0.10,3.95,0.20,-6.01,-0.30,376.83,0.04
754,多头进场,2025-12-28 16:00,long,2938.84,0.6805,1999.88062,-2.04,-0.10,3.95,0.20,-6.01,-0.30,376.83,0.04
755,空头出场,2025-12-28 18:00,long,2940.38,0.6812,1999.894208,-3.09,-0.15,0.5,0.03,-3.96,-0.20,373.74,0.04
755,空头进场,2025-12-28 17:30,short,2935.84,0.6812,1999.894208,-3.09,-0.15,0.5,0.03,-3.96,-0.20,373.74,0.04
756,多头出场,2025-12-28 20:30,short,2937.24,0.6801,1999.752438,-2.14,-0.11,3.19,0.16,-3.12,-0.16,371.61,0.04
756,多头进场,2025-12-28 18:00,long,2940.38,0.6801,1999.752438,-2.14,-0.11,3.19,0.16,-3.12,-0.16,371.61,0.04
757,空头出场,2025-12-28 21:00,long,2940.6,0.6809,1999.966716,-2.29,-0.11,0.19,0.01,-3.55,-0.18,369.32,0.04
757,空头进场,2025-12-28 20:30,short,2937.24,0.6809,1999.966716,-2.29,-0.11,0.19,0.01,-3.55,-0.18,369.32,0.04
758,多头出场,2025-12-28 21:30,short,2938.33,0.6801,1999.90206,-1.54,-0.08,1.67,0.08,-2.03,-0.10,367.77,0.04
758,多头进场,2025-12-28 21:00,long,2940.6,0.6801,1999.90206,-1.54,-0.08,1.67,0.08,-2.03,-0.10,367.77,0.04
759,空头出场,2025-12-28 22:00,long,2943.57,0.6806,1999.827398,-3.57,-0.18,0.22,0.01,-4.4,-0.22,364.21,0.04
759,空头进场,2025-12-28 21:30,short,2938.33,0.6806,1999.827398,-3.57,-0.18,0.22,0.01,-4.4,-0.22,364.21,0.04
760,多头出场,2025-12-29 00:00,short,2940.69,0.6794,1999.861458,-1.96,-0.10,9.99,0.50,-3.23,-0.16,362.25,0.04
760,多头进场,2025-12-28 22:00,long,2943.57,0.6794,1999.861458,-1.96,-0.10,9.99,0.50,-3.23,-0.16,362.25,0.04
761,空头出场,2025-12-29 01:00,long,2946.95,0.6801,1999.963269,-4.26,-0.21,0.68,0.03,-5.69,-0.28,357.99,0.04
761,空头进场,2025-12-29 00:00,short,2940.69,0.6801,1999.963269,-4.26,-0.21,0.68,0.03,-5.69,-0.28,357.99,0.04
762,多头出场,2025-12-29 01:30,short,2943.87,0.6786,1999.80027,-2.09,-0.10,0.49,0.02,-2.42,-0.12,355.9,0.04
762,多头进场,2025-12-29 01:00,long,2946.95,0.6786,1999.80027,-2.09,-0.10,0.49,0.02,-2.42,-0.12,355.9,0.04
763,空头出场,2025-12-29 05:30,long,2936.13,0.6793,1999.770891,5.26,0.26,12.94,0.65,-0.33,-0.02,361.16,0.04
763,空头进场,2025-12-29 01:30,short,2943.87,0.6793,1999.770891,5.26,0.26,12.94,0.65,-0.33,-0.02,361.16,0.04
764,多头出场,2025-12-29 14:30,short,3034.03,0.6811,1999.798143,66.68,3.33,80.02,4.00,-1.83,-0.09,427.84,0.04
764,多头进场,2025-12-29 05:30,long,2936.13,0.6811,1999.798143,66.68,3.33,80.02,4.00,-1.83,-0.09,427.84,0.04
765,空头出场,2025-12-29 23:00,long,2939.91,0.6591,1999.729173,62.03,3.10,82.33,4.12,-1.54,-0.08,489.88,0.05
765,空头进场,2025-12-29 14:30,short,3034.03,0.6591,1999.729173,62.03,3.10,82.33,4.12,-1.54,-0.08,489.88,0.05
766,多头出场,2025-12-30 00:00,short,2926.62,0.6802,1999.726782,-9.04,-0.45,2.56,0.13,-11.3,-0.56,480.84,0.05
766,多头进场,2025-12-29 23:00,long,2939.91,0.6802,1999.726782,-9.04,-0.45,2.56,0.13,-11.3,-0.56,480.84,0.05
767,空头出场,2025-12-30 00:30,long,2934.43,0.6833,1999.759446,-5.34,-0.27,0.61,0.03,-9.29,-0.46,475.5,0.05
767,空头进场,2025-12-30 00:00,short,2926.62,0.6833,1999.759446,-5.34,-0.27,0.61,0.03,-9.29,-0.46,475.5,0.05
768,多头出场,2025-12-30 02:30,short,2917.37,0.6815,1999.814045,-11.63,-0.58,6.32,0.32,-15.08,-0.75,463.87,0.05
768,多头进场,2025-12-30 00:30,long,2934.43,0.6815,1999.814045,-11.63,-0.58,6.32,0.32,-15.08,-0.75,463.87,0.05
769,空头出场,2025-12-30 03:00,long,2934.03,0.6855,1999.857135,-11.42,-0.57,0.89,0.04,-14.69,-0.73,452.45,0.05
769,空头进场,2025-12-30 02:30,short,2917.37,0.6855,1999.857135,-11.42,-0.57,0.89,0.04,-14.69,-0.73,452.45,0.05
770,多头出场,2025-12-30 04:30,short,2928.15,0.6816,1999.834848,-4.01,-0.20,4.21,0.21,-6.65,-0.33,448.44,0.04
770,多头进场,2025-12-30 03:00,long,2934.03,0.6816,1999.834848,-4.01,-0.20,4.21,0.21,-6.65,-0.33,448.44,0.04
771,空头出场,2025-12-30 05:00,long,2931.42,0.683,1999.92645,-2.23,-0.11,0.51,0.03,-4.94,-0.25,446.21,0.04
771,空头进场,2025-12-30 04:30,short,2928.15,0.683,1999.92645,-2.23,-0.11,0.51,0.03,-4.94,-0.25,446.21,0.04
772,多头出场,2025-12-30 07:00,short,2932.35,0.6822,1999.814724,0.63,0.03,7.37,0.37,-1.67,-0.08,446.84,0.04
772,多头进场,2025-12-30 05:00,long,2931.42,0.6822,1999.814724,0.63,0.03,7.37,0.37,-1.67,-0.08,446.84,0.04
773,空头出场,2025-12-30 07:30,long,2936.11,0.682,1999.8627,-2.56,-0.13,1.1,0.06,-3.19,-0.16,444.28,0.04
773,空头进场,2025-12-30 07:00,short,2932.35,0.682,1999.8627,-2.56,-0.13,1.1,0.06,-3.19,-0.16,444.28,0.04
774,多头出场,2025-12-30 08:00,short,2934.02,0.6811,1999.784521,-1.42,-0.07,1.75,0.09,-3.09,-0.15,442.86,0.04
774,多头进场,2025-12-30 07:30,long,2936.11,0.6811,1999.784521,-1.42,-0.07,1.75,0.09,-3.09,-0.15,442.86,0.04
775,空头出场,2025-12-30 08:30,long,2934.64,0.6816,1999.828032,-0.42,-0.02,3.72,0.19,-1.12,-0.06,442.43,0.04
775,空头进场,2025-12-30 08:00,short,2934.02,0.6816,1999.828032,-0.42,-0.02,3.72,0.19,-1.12,-0.06,442.43,0.04
776,多头出场,2025-12-30 09:00,short,2928.98,0.6815,1999.95716,-3.86,-0.19,0.14,0.01,-4.25,-0.21,438.58,0.04
776,多头进场,2025-12-30 08:30,long,2934.64,0.6815,1999.95716,-3.86,-0.19,0.14,0.01,-4.25,-0.21,438.58,0.04
777,空头出场,2025-12-30 09:30,long,2933.36,0.6828,1999.907544,-2.99,-0.15,4.78,0.24,-4.7,-0.24,435.59,0.04
777,空头进场,2025-12-30 09:00,short,2928.98,0.6828,1999.907544,-2.99,-0.15,4.78,0.24,-4.7,-0.24,435.59,0.04
778,多头出场,2025-12-30 10:00,short,2930.21,0.6818,1999.964848,-2.15,-0.11,1.99,0.10,-4.4,-0.22,433.44,0.04
778,多头进场,2025-12-30 09:30,long,2933.36,0.6818,1999.964848,-2.15,-0.11,1.99,0.10,-4.4,-0.22,433.44,0.04
779,空头出场,2025-12-30 11:00,long,2937.1,0.6825,1999.868325,-4.7,-0.24,9.38,0.47,-7.42,-0.37,428.74,0.04
779,空头进场,2025-12-30 10:00,short,2930.21,0.6825,1999.868325,-4.7,-0.24,9.38,0.47,-7.42,-0.37,428.74,0.04
780,多头出场,2025-12-30 13:00,short,2940.7,0.6809,1999.87139,2.45,0.12,12.26,0.61,-2.04,-0.10,431.19,0.04
780,多头进场,2025-12-30 11:00,long,2937.1,0.6809,1999.87139,2.45,0.12,12.26,0.61,-2.04,-0.10,431.19,0.04
781,空头出场,2025-12-30 14:00,long,2942.62,0.6801,1999.97007,-1.31,-0.07,4.5,0.23,-5.11,-0.26,429.88,0.04
781,空头进场,2025-12-30 13:00,short,2940.7,0.6801,1999.97007,-1.31,-0.07,4.5,0.23,-5.11,-0.26,429.88,0.04
782,多头出场,2025-12-30 19:00,short,2973.42,0.6796,1999.804552,20.93,1.05,38.55,1.93,-1.03,-0.05,450.81,0.05
782,多头进场,2025-12-30 14:00,long,2942.62,0.6796,1999.804552,20.93,1.05,38.55,1.93,-1.03,-0.05,450.81,0.05
783,空头出场,2025-12-30 19:30,long,2975.29,0.6726,1999.922292,-1.26,-0.06,1.86,0.09,-4.95,-0.25,449.56,0.04
783,空头进场,2025-12-30 19:00,short,2973.42,0.6726,1999.922292,-1.26,-0.06,1.86,0.09,-4.95,-0.25,449.56,0.04
784,多头出场,2025-12-30 20:30,short,2977.42,0.6722,1999.989938,1.43,0.07,4.75,0.24,-1.14,-0.06,450.99,0.05
784,多头进场,2025-12-30 19:30,long,2975.29,0.6722,1999.989938,1.43,0.07,4.75,0.24,-1.14,-0.06,450.99,0.05
785,空头出场,2025-12-30 21:00,long,2985.19,0.6717,1999.933014,-5.22,-0.26,1.1,0.06,-7.23,-0.36,445.77,0.04
785,空头进场,2025-12-30 20:30,short,2977.42,0.6717,1999.933014,-5.22,-0.26,1.1,0.06,-7.23,-0.36,445.77,0.04
786,多头出场,2025-12-30 22:00,short,2967.04,0.6699,1999.778781,-12.16,-0.61,1.59,0.08,-15.75,-0.79,433.61,0.04
786,多头进场,2025-12-30 21:00,long,2985.19,0.6699,1999.778781,-12.16,-0.61,1.59,0.08,-15.75,-0.79,433.61,0.04
787,空头出场,2025-12-30 22:30,long,2993.03,0.674,1999.78496,-17.52,-0.88,7.12,0.36,-25.63,-1.28,416.09,0.04
787,空头进场,2025-12-30 22:00,short,2967.04,0.674,1999.78496,-17.52,-0.88,7.12,0.36,-25.63,-1.28,416.09,0.04
788,多头出场,2025-12-30 23:00,short,2975.94,0.6682,1999.942646,-11.42,-0.57,3.87,0.19,-17.51,-0.88,404.67,0.04
788,多头进场,2025-12-30 22:30,long,2993.03,0.6682,1999.942646,-11.42,-0.57,3.87,0.19,-17.51,-0.88,404.67,0.04
789,空头出场,2025-12-30 23:30,long,2986.3,0.672,1999.83168,-6.96,-0.35,1.68,0.08,-12.08,-0.60,397.71,0.04
789,空头进场,2025-12-30 23:00,short,2975.94,0.672,1999.83168,-6.96,-0.35,1.68,0.08,-12.08,-0.60,397.71,0.04
790,多头出场,2025-12-31 00:30,short,2979.47,0.6697,1999.92511,-4.57,-0.23,2.84,0.14,-9.56,-0.48,393.14,0.04
790,多头进场,2025-12-30 23:30,long,2986.3,0.6697,1999.92511,-4.57,-0.23,2.84,0.14,-9.56,-0.48,393.14,0.04
791,空头出场,2025-12-31 05:30,long,2964.44,0.6712,1999.820264,10.09,0.50,24.32,1.22,-2.44,-0.12,403.23,0.04
791,空头进场,2025-12-31 00:30,short,2979.47,0.6712,1999.820264,10.09,0.50,24.32,1.22,-2.44,-0.12,403.23,0.04
792,多头出场,2025-12-31 08:00,short,2966.08,0.6746,1999.811224,1.11,0.06,5.06,0.25,-3.02,-0.15,404.33,0.04
792,多头进场,2025-12-31 05:30,long,2964.44,0.6746,1999.811224,1.11,0.06,5.06,0.25,-3.02,-0.15,404.33,0.04
793,空头出场,2025-12-31 09:00,long,2975.98,0.6742,1999.731136,-6.67,-0.33,4.53,0.23,-9.91,-0.50,397.66,0.04
793,空头进场,2025-12-31 08:00,short,2966.08,0.6742,1999.731136,-6.67,-0.33,4.53,0.23,-9.91,-0.50,397.66,0.04
794,多头出场,2025-12-31 11:00,short,2972.04,0.672,1999.85856,-2.65,-0.13,3.8,0.19,-3.08,-0.15,395.01,0.04
794,多头进场,2025-12-31 09:00,long,2975.98,0.672,1999.85856,-2.65,-0.13,3.8,0.19,-3.08,-0.15,395.01,0.04
795,空头出场,2025-12-31 13:00,long,2975.81,0.6729,1999.885716,-2.54,-0.13,5.79,0.29,-2.9,-0.15,392.47,0.04
795,空头进场,2025-12-31 11:00,short,2972.04,0.6729,1999.885716,-2.54,-0.13,5.79,0.29,-2.9,-0.15,392.47,0.04
796,多头出场,2025-12-31 14:30,short,2972.54,0.672,1999.74432,-2.2,-0.11,0.3,0.02,-2.76,-0.14,390.28,0.04
796,多头进场,2025-12-31 13:00,long,2975.81,0.672,1999.74432,-2.2,-0.11,0.3,0.02,-2.76,-0.14,390.28,0.04
797,空头出场,2025-12-31 15:30,long,2973.85,0.6728,1999.924912,-0.88,-0.04,2.77,0.14,-1.14,-0.06,389.39,0.04
797,空头进场,2025-12-31 14:30,short,2972.54,0.6728,1999.924912,-0.88,-0.04,2.77,0.14,-1.14,-0.06,389.39,0.04
798,多头出场,2025-12-31 16:30,short,2966.35,0.6725,1999.914125,-5.04,-0.25,1.98,0.10,-8.45,-0.42,384.35,0.04
798,多头进场,2025-12-31 15:30,long,2973.85,0.6725,1999.914125,-5.04,-0.25,1.98,0.10,-8.45,-0.42,384.35,0.04
799,空头出场,2025-12-31 17:30,long,2973.83,0.6742,1999.91317,-5.04,-0.25,0.01,0.00,-5.76,-0.29,379.31,0.04
799,空头进场,2025-12-31 16:30,short,2966.35,0.6742,1999.91317,-5.04,-0.25,0.01,0.00,-5.76,-0.29,379.31,0.04
800,多头出场,2025-12-31 20:30,short,2984.27,0.6725,1999.900675,7.02,0.35,17.58,0.88,-0.87,-0.04,386.33,0.04
800,多头进场,2025-12-31 17:30,long,2973.83,0.6725,1999.900675,7.02,0.35,17.58,0.88,-0.87,-0.04,386.33,0.04
801,空头出场,2025-12-31 21:00,long,2991.24,0.6701,1999.759327,-4.67,-0.23,0.53,0.03,-6.69,-0.33,381.66,0.04
801,空头进场,2025-12-31 20:30,short,2984.27,0.6701,1999.759327,-4.67,-0.23,0.53,0.03,-6.69,-0.33,381.66,0.04
802,多头出场,2025-12-31 22:30,short,2990.8,0.6686,1999.943064,-0.29,-0.01,21.48,1.07,-7.72,-0.39,381.36,0.04
802,多头进场,2025-12-31 21:00,long,2991.24,0.6686,1999.943064,-0.29,-0.01,21.48,1.07,-7.72,-0.39,381.36,0.04
803,空头出场,2026-01-01 02:00,long,2978.9,0.6687,1999.94796,7.96,0.40,22.36,1.12,-2.15,-0.11,389.32,0.04
803,空头进场,2025-12-31 22:30,short,2990.8,0.6687,1999.94796,7.96,0.40,22.36,1.12,-2.15,-0.11,389.32,0.04
804,多头出场,2026-01-01 02:30,short,2971.25,0.6713,1999.73557,-5.14,-0.26,0.01,0.00,-7.04,-0.35,384.19,0.04
804,多头进场,2026-01-01 02:00,long,2978.9,0.6713,1999.73557,-5.14,-0.26,0.01,0.00,-7.04,-0.35,384.19,0.04
805,空头出场,2026-01-01 04:30,long,2973.15,0.6731,1999.948375,-1.28,-0.06,7.22,0.36,-4.8,-0.24,382.91,0.04
805,空头进场,2026-01-01 02:30,short,2971.25,0.6731,1999.948375,-1.28,-0.06,7.22,0.36,-4.8,-0.24,382.91,0.04
806,多头出场,2026-01-01 06:30,short,2974.07,0.6726,1999.74069,0.62,0.03,5.77,0.29,-1.15,-0.06,383.53,0.04
806,多头进场,2026-01-01 04:30,long,2973.15,0.6726,1999.74069,0.62,0.03,5.77,0.29,-1.15,-0.06,383.53,0.04
807,空头出场,2026-01-01 08:00,long,2975.66,0.6724,1999.764668,-1.07,-0.05,4.66,0.23,-1.39,-0.07,382.46,0.04
807,空头进场,2026-01-01 06:30,short,2974.07,0.6724,1999.764668,-1.07,-0.05,4.66,0.23,-1.39,-0.07,382.46,0.04
808,多头出场,2026-01-01 11:30,short,2975.87,0.6721,1999.941086,0.14,0.01,6.1,0.31,-0.95,-0.05,382.6,0.04
808,多头进场,2026-01-01 08:00,long,2975.66,0.6721,1999.941086,0.14,0.01,6.1,0.31,-0.95,-0.05,382.6,0.04
809,空头出场,2026-01-01 13:00,long,2978.03,0.672,1999.78464,-1.45,-0.07,4.48,0.22,-1.53,-0.08,381.15,0.04
809,空头进场,2026-01-01 11:30,short,2975.87,0.672,1999.78464,-1.45,-0.07,4.48,0.22,-1.53,-0.08,381.15,0.04
810,多头出场,2026-01-01 14:00,short,2975.19,0.6715,1999.747145,-1.91,-0.10,0.99,0.05,-2.42,-0.12,379.24,0.04
810,多头进场,2026-01-01 13:00,long,2978.03,0.6715,1999.747145,-1.91,-0.10,0.99,0.05,-2.42,-0.12,379.24,0.04
811,空头出场,2026-01-01 16:00,long,2977.33,0.6722,1999.922718,-1.44,-0.07,2.22,0.11,-2.04,-0.10,377.8,0.04
811,空头进场,2026-01-01 14:00,short,2975.19,0.6722,1999.922718,-1.44,-0.07,2.22,0.11,-2.04,-0.10,377.8,0.04
812,多头出场,2026-01-01 20:00,short,2981.82,0.6717,1999.872561,3.02,0.15,7.14,0.36,-0.99,-0.05,380.82,0.04
812,多头进场,2026-01-01 16:00,long,2977.33,0.6717,1999.872561,3.02,0.15,7.14,0.36,-0.99,-0.05,380.82,0.04
813,空头出场,2026-01-01 20:30,long,2983.45,0.6707,1999.906674,-1.09,-0.05,1.73,0.09,-1.16,-0.06,379.72,0.04
813,空头进场,2026-01-01 20:00,short,2981.82,0.6707,1999.906674,-1.09,-0.05,1.73,0.09,-1.16,-0.06,379.72,0.04
814,多头出场,2026-01-01 21:00,short,2979.86,0.6703,1999.806535,-2.41,-0.12,1.57,0.08,-2.42,-0.12,377.32,0.04
814,多头进场,2026-01-01 20:30,long,2983.45,0.6703,1999.806535,-2.41,-0.12,1.57,0.08,-2.42,-0.12,377.32,0.04
815,空头出场,2026-01-01 22:30,long,2981.02,0.6711,1999.784046,-0.78,-0.04,4.11,0.21,-1.68,-0.08,376.54,0.04
815,空头进场,2026-01-01 21:00,short,2979.86,0.6711,1999.784046,-0.78,-0.04,4.11,0.21,-1.68,-0.08,376.54,0.04
816,多头出场,2026-01-02 00:00,short,2981.28,0.6709,1999.966318,0.17,0.01,6.36,0.32,-2.99,-0.15,376.71,0.04
816,多头进场,2026-01-01 22:30,long,2981.02,0.6709,1999.966318,0.17,0.01,6.36,0.32,-2.99,-0.15,376.71,0.04
817,空头出场,2026-01-02 01:00,long,2987.75,0.6708,1999.842624,-4.34,-0.22,2.95,0.15,-4.37,-0.22,372.37,0.04
817,空头进场,2026-01-02 00:00,short,2981.28,0.6708,1999.842624,-4.34,-0.22,2.95,0.15,-4.37,-0.22,372.37,0.04
818,多头出场,2026-01-02 02:00,short,2982.46,0.6694,1999.99985,-3.54,-0.18,8.84,0.44,-4.21,-0.21,368.83,0.04
818,多头进场,2026-01-02 01:00,long,2987.75,0.6694,1999.99985,-3.54,-0.18,8.84,0.44,-4.21,-0.21,368.83,0.04
819,空头出场,2026-01-02 02:30,long,2986.16,0.6705,1999.73943,-2.48,-0.12,0.01,0.00,-3.98,-0.20,366.35,0.04
819,空头进场,2026-01-02 02:00,short,2982.46,0.6705,1999.73943,-2.48,-0.12,0.01,0.00,-3.98,-0.20,366.35,0.04
820,多头出场,2026-01-02 03:00,short,2984.37,0.6697,1999.831352,-1.2,-0.06,0.09,0.00,-1.97,-0.10,365.15,0.04
820,多头进场,2026-01-02 02:30,long,2986.16,0.6697,1999.831352,-1.2,-0.06,0.09,0.00,-1.97,-0.10,365.15,0.04
821,空头出场,2026-01-02 03:30,long,2990.9,0.6701,1999.826337,-4.38,-0.22,0.46,0.02,-6.22,-0.31,360.78,0.04
821,空头进场,2026-01-02 03:00,short,2984.37,0.6701,1999.826337,-4.38,-0.22,0.46,0.02,-6.22,-0.31,360.78,0.04
822,多头出场,2026-01-02 04:30,short,2984.93,0.6686,1999.71574,-3.99,-0.20,1.09,0.05,-4.73,-0.24,356.78,0.04
822,多头进场,2026-01-02 03:30,long,2990.9,0.6686,1999.71574,-3.99,-0.20,1.09,0.05,-4.73,-0.24,356.78,0.04
823,空头出场,2026-01-02 05:00,long,2988.42,0.67,1999.9031,-2.34,-0.12,0.71,0.04,-2.69,-0.13,354.45,0.04
823,空头进场,2026-01-02 04:30,short,2984.93,0.67,1999.9031,-2.34,-0.12,0.71,0.04,-2.69,-0.13,354.45,0.04
824,多头出场,2026-01-02 05:30,short,2985.54,0.6692,1999.850664,-1.93,-0.10,0.02,0.00,-3.31,-0.17,352.52,0.04
824,多头进场,2026-01-02 05:00,long,2988.42,0.6692,1999.850664,-1.93,-0.10,0.02,0.00,-3.31,-0.17,352.52,0.04
825,空头出场,2026-01-02 06:00,long,2988.54,0.6698,1999.714692,-2.01,-0.10,0.05,0.00,-3,-0.15,350.51,0.04
825,空头进场,2026-01-02 05:30,short,2985.54,0.6698,1999.714692,-2.01,-0.10,0.05,0.00,-3,-0.15,350.51,0.04
826,多头出场,2026-01-02 10:00,short,2991.3,0.6692,1999.930968,1.85,0.09,11.48,0.57,-3.25,-0.16,352.36,0.04
826,多头进场,2026-01-02 06:00,long,2988.54,0.6692,1999.930968,1.85,0.09,11.48,0.57,-3.25,-0.16,352.36,0.04
827,空头出场,2026-01-02 10:30,long,2998.55,0.6686,1999.98318,-4.85,-0.24,0.22,0.01,-5.72,-0.29,347.51,0.03
827,空头进场,2026-01-02 10:00,short,2991.3,0.6686,1999.98318,-4.85,-0.24,0.22,0.01,-5.72,-0.29,347.51,0.03
828,多头出场,2026-01-02 12:30,short,3008.29,0.6669,1999.732995,6.5,0.32,20.58,1.03,-1.43,-0.07,354,0.04
828,多头进场,2026-01-02 10:30,long,2998.55,0.6669,1999.732995,6.5,0.32,20.58,1.03,-1.43,-0.07,354,0.04
829,空头出场,2026-01-02 13:30,long,3013.03,0.6648,1999.911192,-3.15,-0.16,1.66,0.08,-4.39,-0.22,350.85,0.04
829,空头进场,2026-01-02 12:30,short,3008.29,0.6648,1999.911192,-3.15,-0.16,1.66,0.08,-4.39,-0.22,350.85,0.04
830,多头出场,2026-01-02 15:30,short,3014.56,0.6637,1999.748011,1.02,0.05,14.48,0.72,-1.43,-0.07,351.87,0.04
830,多头进场,2026-01-02 13:30,long,3013.03,0.6637,1999.748011,1.02,0.05,14.48,0.72,-1.43,-0.07,351.87,0.04
831,空头出场,2026-01-02 16:00,long,3022.66,0.6634,1999.859104,-5.37,-0.27,1.49,0.07,-7.01,-0.35,346.5,0.03
831,空头进场,2026-01-02 15:30,short,3014.56,0.6634,1999.859104,-5.37,-0.27,1.49,0.07,-7.01,-0.35,346.5,0.03
832,多头出场,2026-01-02 19:00,short,3043.71,0.6616,1999.791856,13.93,0.70,27.93,1.40,-2.38,-0.12,360.42,0.04
832,多头进场,2026-01-02 16:00,long,3022.66,0.6616,1999.791856,13.93,0.70,27.93,1.40,-2.38,-0.12,360.42,0.04
833,空头出场,2026-01-02 20:00,long,3046.8,0.657,1999.71747,-2.03,-0.10,2.63,0.13,-3.55,-0.18,358.39,0.04
833,空头进场,2026-01-02 19:00,short,3043.71,0.657,1999.71747,-2.03,-0.10,2.63,0.13,-3.55,-0.18,358.39,0.04
834,多头出场,2026-01-02 20:30,short,3045.1,0.6564,1999.91952,-1.12,-0.06,4.56,0.23,-1.13,-0.06,357.28,0.04
834,多头进场,2026-01-02 20:00,long,3046.8,0.6564,1999.91952,-1.12,-0.06,4.56,0.23,-1.13,-0.06,357.28,0.04
835,空头出场,2026-01-02 21:00,long,3049.89,0.6567,1999.71717,-3.15,-0.16,1.25,0.06,-6.15,-0.31,354.13,0.04
835,空头进场,2026-01-02 20:30,short,3045.1,0.6567,1999.71717,-3.15,-0.16,1.25,0.06,-6.15,-0.31,354.13,0.04
836,多头出场,2026-01-02 21:30,short,3046.59,0.6557,1999.812873,-2.16,-0.11,1.72,0.09,-3.72,-0.19,351.97,0.04
836,多头进场,2026-01-02 21:00,long,3049.89,0.6557,1999.812873,-2.16,-0.11,1.72,0.09,-3.72,-0.19,351.97,0.04
837,空头出场,2026-01-02 22:30,long,3079.02,0.6564,1999.781676,-21.29,-1.06,18.79,0.94,-36.06,-1.80,330.68,0.03
837,空头进场,2026-01-02 21:30,short,3046.59,0.6564,1999.781676,-21.29,-1.06,18.79,0.94,-36.06,-1.80,330.68,0.03
838,多头出场,2026-01-03 02:30,short,3106.72,0.6495,1999.82349,17.99,0.90,43.26,2.16,-17.13,-0.86,348.67,0.03
838,多头进场,2026-01-02 22:30,long,3079.02,0.6495,1999.82349,17.99,0.90,43.26,2.16,-17.13,-0.86,348.67,0.03
839,空头出场,2026-01-03 03:00,long,3116.88,0.6437,1999.795664,-6.54,-0.33,1.59,0.08,-8.8,-0.44,342.13,0.03
839,空头进场,2026-01-03 02:30,short,3106.72,0.6437,1999.795664,-6.54,-0.33,1.59,0.08,-8.8,-0.44,342.13,0.03
840,多头出场,2026-01-03 04:00,short,3117.85,0.6416,1999.790208,0.62,0.03,5.7,0.29,-0.92,-0.05,342.75,0.03
840,多头进场,2026-01-03 03:00,long,3116.88,0.6416,1999.790208,0.62,0.03,5.7,0.29,-0.92,-0.05,342.75,0.03
841,空头出场,2026-01-03 05:00,long,3121.54,0.6414,1999.78899,-2.37,-0.12,6.43,0.32,-2.86,-0.14,340.39,0.03
841,空头进场,2026-01-03 04:00,short,3117.85,0.6414,1999.78899,-2.37,-0.12,6.43,0.32,-2.86,-0.14,340.39,0.03
842,多头出场,2026-01-03 07:00,short,3120.09,0.6407,1999.970678,-0.93,-0.05,11.76,0.59,-1.63,-0.08,339.46,0.03
842,多头进场,2026-01-03 05:00,long,3121.54,0.6407,1999.970678,-0.93,-0.05,11.76,0.59,-1.63,-0.08,339.46,0.03
843,空头出场,2026-01-03 08:00,long,3130.24,0.641,1999.97769,-6.51,-0.33,2.19,0.11,-6.63,-0.33,332.95,0.03
843,空头进场,2026-01-03 07:00,short,3120.09,0.641,1999.97769,-6.51,-0.33,2.19,0.11,-6.63,-0.33,332.95,0.03
844,多头出场,2026-01-03 09:00,short,3123.81,0.6389,1999.910336,-4.11,-0.21,3.31,0.17,-5.02,-0.25,328.84,0.03
844,多头进场,2026-01-03 08:00,long,3130.24,0.6389,1999.910336,-4.11,-0.21,3.31,0.17,-5.02,-0.25,328.84,0.03
845,空头出场,2026-01-03 09:30,long,3129.76,0.6402,1999.863162,-3.81,-0.19,0.03,0.00,-4.43,-0.22,325.03,0.03
845,空头进场,2026-01-03 09:00,short,3123.81,0.6402,1999.863162,-3.81,-0.19,0.03,0.00,-4.43,-0.22,325.03,0.03
846,多头出场,2026-01-03 10:00,short,3125.75,0.639,1999.91664,-2.56,-0.13,0.01,0.00,-6.78,-0.34,322.47,0.03
846,多头进场,2026-01-03 09:30,long,3129.76,0.639,1999.91664,-2.56,-0.13,0.01,0.00,-6.78,-0.34,322.47,0.03
847,空头出场,2026-01-03 16:00,long,3098.82,0.6398,1999.85485,17.23,0.86,32.05,1.60,-1.5,-0.08,339.7,0.03
847,空头进场,2026-01-03 10:00,short,3125.75,0.6398,1999.85485,17.23,0.86,32.05,1.60,-1.5,-0.08,339.7,0.03
848,多头出场,2026-01-03 16:30,short,3094.84,0.6454,1999.978428,-2.57,-0.13,1.94,0.10,-3.09,-0.15,337.13,0.03
848,多头进场,2026-01-03 16:00,long,3098.82,0.6454,1999.978428,-2.57,-0.13,1.94,0.10,-3.09,-0.15,337.13,0.03
849,空头出场,2026-01-03 17:00,long,3098.49,0.6462,1999.885608,-2.36,-0.12,2.38,0.12,-3.13,-0.16,334.77,0.03
849,空头进场,2026-01-03 16:30,short,3094.84,0.6462,1999.885608,-2.36,-0.12,2.38,0.12,-3.13,-0.16,334.77,0.03
850,多头出场,2026-01-03 18:30,short,3096.22,0.6454,1999.765446,-1.47,-0.07,6.84,0.34,-1.64,-0.08,333.31,0.03
850,多头进场,2026-01-03 17:00,long,3098.49,0.6454,1999.765446,-1.47,-0.07,6.84,0.34,-1.64,-0.08,333.31,0.03
851,空头出场,2026-01-03 19:30,long,3097.43,0.6459,1999.848498,-0.78,-0.04,3.3,0.17,-1.81,-0.09,332.53,0.03
851,空头进场,2026-01-03 18:30,short,3096.22,0.6459,1999.848498,-0.78,-0.04,3.3,0.17,-1.81,-0.09,332.53,0.03
852,多头出场,2026-01-03 23:30,short,3099.94,0.6456,1999.700808,1.62,0.08,9.94,0.50,-3.26,-0.16,334.15,0.03
852,多头进场,2026-01-03 19:30,long,3097.43,0.6456,1999.700808,1.62,0.08,9.94,0.50,-3.26,-0.16,334.15,0.03
853,空头出场,2026-01-04 00:30,long,3105.89,0.6451,1999.771294,-3.84,-0.19,1.7,0.08,-7.01,-0.35,330.31,0.03
853,空头进场,2026-01-03 23:30,short,3099.94,0.6451,1999.771294,-3.84,-0.19,1.7,0.08,-7.01,-0.35,330.31,0.03
854,多头出场,2026-01-04 04:00,short,3109.36,0.6439,1999.882571,2.23,0.11,7.13,0.36,-1.29,-0.06,332.54,0.03
854,多头进场,2026-01-04 00:30,long,3105.89,0.6439,1999.882571,2.23,0.11,7.13,0.36,-1.29,-0.06,332.54,0.03
855,空头出场,2026-01-04 04:30,long,3114.31,0.6432,1999.940352,-3.18,-0.16,0.06,0.00,-4.09,-0.20,329.36,0.03
855,空头进场,2026-01-04 04:00,short,3109.36,0.6432,1999.940352,-3.18,-0.16,0.06,0.00,-4.09,-0.20,329.36,0.03
856,多头出场,2026-01-04 10:30,short,3139.89,0.6421,1999.698451,16.42,0.82,32.06,1.60,-1.53,-0.08,345.78,0.03
856,多头进场,2026-01-04 04:30,long,3114.31,0.6421,1999.698451,16.42,0.82,32.06,1.60,-1.53,-0.08,345.78,0.03
857,空头出场,2026-01-04 11:30,long,3146.17,0.6369,1999.795941,-4,-0.20,0.62,0.03,-6.17,-0.31,341.78,0.03
857,空头进场,2026-01-04 10:30,short,3139.89,0.6369,1999.795941,-4,-0.20,0.62,0.03,-6.17,-0.31,341.78,0.03
858,多头出场,2026-01-04 14:00,short,3148.68,0.6356,1999.705652,1.6,0.08,9.39,0.47,-1.61,-0.08,343.38,0.03
858,多头进场,2026-01-04 11:30,long,3146.17,0.6356,1999.705652,1.6,0.08,9.39,0.47,-1.61,-0.08,343.38,0.03
859,空头出场,2026-01-04 17:30,long,3142.64,0.6351,1999.726668,3.84,0.19,14.6,0.73,-1.57,-0.08,347.22,0.03
859,空头进场,2026-01-04 14:00,short,3148.68,0.6351,1999.726668,3.84,0.19,14.6,0.73,-1.57,-0.08,347.22,0.03
860,多头出场,2026-01-04 19:00,short,3138.96,0.6364,1999.976096,-2.34,-0.12,2.81,0.14,-2.79,-0.14,344.87,0.03
860,多头进场,2026-01-04 17:30,long,3142.64,0.6364,1999.976096,-2.34,-0.12,2.81,0.14,-2.79,-0.14,344.87,0.03
861,空头出场,2026-01-04 20:00,long,3143.32,0.6371,1999.831416,-2.78,-0.14,3.09,0.15,-2.8,-0.14,342.1,0.03
861,空头进场,2026-01-04 19:00,short,3138.96,0.6371,1999.831416,-2.78,-0.14,3.09,0.15,-2.8,-0.14,342.1,0.03
862,多头出场,2026-01-04 20:30,short,3135.65,0.6362,1999.780184,-4.88,-0.24,1.66,0.08,-6.72,-0.34,337.22,0.03
862,多头进场,2026-01-04 20:00,long,3143.32,0.6362,1999.780184,-4.88,-0.24,1.66,0.08,-6.72,-0.34,337.22,0.03
863,空头出场,2026-01-04 21:30,long,3139.44,0.6378,1999.91757,-2.42,-0.12,2.91,0.15,-2.7,-0.14,334.8,0.03
863,空头进场,2026-01-04 20:30,short,3135.65,0.6378,1999.91757,-2.42,-0.12,2.91,0.15,-2.7,-0.14,334.8,0.03
864,多头出场,2026-01-04 22:00,short,3135.8,0.637,1999.82328,-2.32,-0.12,1.64,0.08,-4.12,-0.21,332.48,0.03
864,多头进场,2026-01-04 21:30,long,3139.44,0.637,1999.82328,-2.32,-0.12,1.64,0.08,-4.12,-0.21,332.48,0.03
865,空头出场,2026-01-05 00:30,long,3137.88,0.6377,1999.69966,-1.33,-0.07,10.8,0.54,-1.84,-0.09,331.15,0.03
865,空头进场,2026-01-04 22:00,short,3135.8,0.6377,1999.69966,-1.33,-0.07,10.8,0.54,-1.84,-0.09,331.15,0.03
866,多头出场,2026-01-05 02:00,short,3128.81,0.6373,1999.770924,-5.78,-0.29,2.62,0.13,-8.04,-0.40,325.37,0.03
866,多头进场,2026-01-05 00:30,long,3137.88,0.6373,1999.770924,-5.78,-0.29,2.62,0.13,-8.04,-0.40,325.37,0.03
867,空头出场,2026-01-05 02:30,long,3133.8,0.6392,1999.935352,-3.19,-0.16,4.3,0.22,-3.46,-0.17,322.18,0.03
867,空头进场,2026-01-05 02:00,short,3128.81,0.6392,1999.935352,-3.19,-0.16,4.3,0.22,-3.46,-0.17,322.18,0.03
868,多头出场,2026-01-05 03:00,short,3130.05,0.6382,1999.99116,-2.39,-0.12,0.01,0.00,-9.67,-0.48,319.79,0.03
868,多头进场,2026-01-05 02:30,long,3133.8,0.6382,1999.99116,-2.39,-0.12,0.01,0.00,-9.67,-0.48,319.79,0.03
869,空头出场,2026-01-05 04:00,long,3138.79,0.6389,1999.788945,-5.58,-0.28,1.85,0.09,-5.73,-0.29,314.21,0.03
869,空头进场,2026-01-05 03:00,short,3130.05,0.6389,1999.788945,-5.58,-0.28,1.85,0.09,-5.73,-0.29,314.21,0.03
870,多头出场,2026-01-05 06:30,short,3138.18,0.6371,1999.723109,-0.39,-0.02,9.27,0.46,-2.22,-0.11,313.82,0.03
870,多头进场,2026-01-05 04:00,long,3138.79,0.6371,1999.723109,-0.39,-0.02,9.27,0.46,-2.22,-0.11,313.82,0.03
871,空头出场,2026-01-05 07:00,long,3141.73,0.6373,1999.962114,-2.26,-0.11,1.63,0.08,-8.52,-0.43,311.56,0.03
871,空头进场,2026-01-05 06:30,short,3138.18,0.6373,1999.962114,-2.26,-0.11,1.63,0.08,-8.52,-0.43,311.56,0.03
872,多头出场,2026-01-05 11:30,short,3184.53,0.6365,1999.711145,27.24,1.36,47.87,2.39,-5.23,-0.26,338.8,0.03
872,多头进场,2026-01-05 07:00,long,3141.73,0.6365,1999.711145,27.24,1.36,47.87,2.39,-5.23,-0.26,338.8,0.03
873,空头出场,2026-01-05 16:00,long,3165.68,0.628,1999.88484,11.84,0.59,30.1,1.51,-1.52,-0.08,350.64,0.04
873,空头进场,2026-01-05 11:30,short,3184.53,0.628,1999.88484,11.84,0.59,30.1,1.51,-1.52,-0.08,350.64,0.04
874,多头出场,2026-01-05 20:30,short,3169.24,0.6317,1999.760056,2.25,0.11,10.49,0.52,-8.59,-0.43,352.89,0.04
874,多头进场,2026-01-05 16:00,long,3165.68,0.6317,1999.760056,2.25,0.11,10.49,0.52,-8.59,-0.43,352.89,0.04
875,空头出场,2026-01-05 22:30,long,3164.87,0.631,1999.79044,2.76,0.14,21.75,1.09,-3.98,-0.20,355.64,0.04
875,空头进场,2026-01-05 20:30,short,3169.24,0.631,1999.79044,2.76,0.14,21.75,1.09,-3.98,-0.20,355.64,0.04
876,多头出场,2026-01-06 01:00,short,3165.09,0.6319,1999.881353,0.14,0.01,23.96,1.20,-7.87,-0.39,355.78,0.04
876,多头进场,2026-01-05 22:30,long,3164.87,0.6319,1999.881353,0.14,0.01,23.96,1.20,-7.87,-0.39,355.78,0.04
877,空头出场,2026-01-06 01:30,long,3211.8,0.6318,1999.703862,-29.51,-1.48,0.05,0.00,-38.63,-1.93,326.27,0.03
877,空头进场,2026-01-06 01:00,short,3165.09,0.6318,1999.703862,-29.51,-1.48,0.05,0.00,-38.63,-1.93,326.27,0.03
878,多头出场,2026-01-06 05:00,short,3231.63,0.6227,1999.98786,12.35,0.62,31.5,1.57,-14.78,-0.74,338.62,0.03
878,多头进场,2026-01-06 01:30,long,3211.8,0.6227,1999.98786,12.35,0.62,31.5,1.57,-14.78,-0.74,338.62,0.03
879,空头出场,2026-01-06 05:30,long,3236.9,0.6188,1999.732644,-3.26,-0.16,0.77,0.04,-7.08,-0.35,335.36,0.03
879,空头进场,2026-01-06 05:00,short,3231.63,0.6188,1999.732644,-3.26,-0.16,0.77,0.04,-7.08,-0.35,335.36,0.03
880,多头出场,2026-01-06 06:30,short,3238.61,0.6178,1999.75682,1.06,0.05,6.77,0.34,-3.3,-0.16,336.41,0.03
880,多头进场,2026-01-06 05:30,long,3236.9,0.6178,1999.75682,1.06,0.05,6.77,0.34,-3.3,-0.16,336.41,0.03
881,空头出场,2026-01-06 09:00,long,3243.61,0.6175,1999.841675,-3.09,-0.15,21.7,1.09,-4.56,-0.23,333.33,0.03
881,空头进场,2026-01-06 06:30,short,3238.61,0.6175,1999.841675,-3.09,-0.15,21.7,1.09,-4.56,-0.23,333.33,0.03
882,多头出场,2026-01-06 09:30,short,3218.15,0.6165,1999.685565,-15.7,-0.78,0,0.00,-16.67,-0.83,317.63,0.03
882,多头进场,2026-01-06 09:00,long,3243.61,0.6165,1999.685565,-15.7,-0.78,0,0.00,-16.67,-0.83,317.63,0.03
883,空头出场,2026-01-06 11:00,long,3224.08,0.6214,1999.75841,-3.68,-0.18,5.67,0.28,-3.99,-0.20,313.95,0.03
883,空头进场,2026-01-06 09:30,short,3218.15,0.6214,1999.75841,-3.68,-0.18,5.67,0.28,-3.99,-0.20,313.95,0.03
884,多头出场,2026-01-06 12:30,short,3222.87,0.6203,1999.896824,-0.75,-0.04,5.69,0.28,-0.94,-0.05,313.19,0.03
884,多头进场,2026-01-06 11:00,long,3224.08,0.6203,1999.896824,-0.75,-0.04,5.69,0.28,-0.94,-0.05,313.19,0.03
885,空头出场,2026-01-06 14:00,long,3224.29,0.6205,1999.790835,-0.88,-0.04,3.76,0.19,-3.68,-0.18,312.31,0.03
885,空头进场,2026-01-06 12:30,short,3222.87,0.6205,1999.790835,-0.88,-0.04,3.76,0.19,-3.68,-0.18,312.31,0.03
886,多头出场,2026-01-06 15:00,short,3221.02,0.6202,1999.704658,-2.03,-0.10,17.13,0.86,-3.06,-0.15,310.29,0.03
886,多头进场,2026-01-06 14:00,long,3224.29,0.6202,1999.704658,-2.03,-0.10,17.13,0.86,-3.06,-0.15,310.29,0.03
887,空头出场,2026-01-06 17:00,long,3224.88,0.6209,1999.931318,-2.4,-0.12,5.95,0.30,-4.94,-0.25,307.89,0.03
887,空头进场,2026-01-06 15:00,short,3221.02,0.6209,1999.931318,-2.4,-0.12,5.95,0.30,-4.94,-0.25,307.89,0.03
888,多头出场,2026-01-06 21:00,short,3234.95,0.6201,1999.748088,6.24,0.31,12.14,0.61,-4.58,-0.23,314.13,0.03
888,多头进场,2026-01-06 17:00,long,3224.88,0.6201,1999.748088,6.24,0.31,12.14,0.61,-4.58,-0.23,314.13,0.03
889,空头出场,2026-01-06 21:30,long,3237.97,0.6182,1999.84609,-1.87,-0.09,2.7,0.14,-2.69,-0.13,312.27,0.03
889,空头进场,2026-01-06 21:00,short,3234.95,0.6182,1999.84609,-1.87,-0.09,2.7,0.14,-2.69,-0.13,312.27,0.03
890,多头出场,2026-01-06 23:30,short,3271.91,0.6176,1999.770272,20.96,1.05,42.5,2.13,0,0.00,333.23,0.03
890,多头进场,2026-01-06 21:30,long,3237.97,0.6176,1999.770272,20.96,1.05,42.5,2.13,0,0.00,333.23,0.03
891,空头出场,2026-01-07 04:00,long,3240.49,0.6112,1999.791392,19.2,0.96,53.9,2.70,-4.23,-0.21,352.43,0.04
891,空头进场,2026-01-06 23:30,short,3271.91,0.6112,1999.791392,19.2,0.96,53.9,2.70,-4.23,-0.21,352.43,0.04
892,多头出场,2026-01-07 08:00,short,3279.9,0.6171,1999.706379,24.32,1.22,36.9,1.85,-1.28,-0.06,376.75,0.04
892,多头进场,2026-01-07 04:00,long,3240.49,0.6171,1999.706379,24.32,1.22,36.9,1.85,-1.28,-0.06,376.75,0.04
893,空头出场,2026-01-07 10:30,long,3269.02,0.6097,1999.75503,6.63,0.33,25.32,1.27,-0.13,-0.01,383.39,0.04
893,空头进场,2026-01-07 08:00,short,3279.9,0.6097,1999.75503,6.63,0.33,25.32,1.27,-0.13,-0.01,383.39,0.04
894,多头出场,2026-01-07 12:00,short,3262,0.6118,1999.986436,-4.29,-0.21,7.08,0.35,-5.85,-0.29,379.09,0.04
894,多头进场,2026-01-07 10:30,long,3269.02,0.6118,1999.986436,-4.29,-0.21,7.08,0.35,-5.85,-0.29,379.09,0.04
895,空头出场,2026-01-07 14:00,long,3255.74,0.6131,1999.9322,3.84,0.19,9.71,0.49,-0.53,-0.03,382.93,0.04
895,空头进场,2026-01-07 12:00,short,3262,0.6131,1999.9322,3.84,0.19,9.71,0.49,-0.53,-0.03,382.93,0.04
896,多头出场,2026-01-07 14:30,short,3250.04,0.6142,1999.675508,-3.5,-0.18,1.84,0.09,-4.87,-0.24,379.43,0.04
896,多头进场,2026-01-07 14:00,long,3255.74,0.6142,1999.675508,-3.5,-0.18,1.84,0.09,-4.87,-0.24,379.43,0.04
897,空头出场,2026-01-07 15:00,long,3258.61,0.6153,1999.749612,-5.27,-0.26,0.08,0.00,-6.34,-0.32,374.15,0.04
897,空头进场,2026-01-07 14:30,short,3250.04,0.6153,1999.749612,-5.27,-0.26,0.08,0.00,-6.34,-0.32,374.15,0.04
898,多头出场,2026-01-07 15:30,short,3253.93,0.6137,1999.808957,-2.87,-0.14,1.79,0.09,-3.85,-0.19,371.28,0.04
898,多头进场,2026-01-07 15:00,long,3258.61,0.6137,1999.808957,-2.87,-0.14,1.79,0.09,-3.85,-0.19,371.28,0.04
899,空头出场,2026-01-07 16:00,long,3255.12,0.6146,1999.865378,-0.73,-0.04,1.21,0.06,-5.11,-0.26,370.55,0.04
899,空头进场,2026-01-07 15:30,short,3253.93,0.6146,1999.865378,-0.73,-0.04,1.21,0.06,-5.11,-0.26,370.55,0.04
900,多头出场,2026-01-07 16:30,short,3253.49,0.6144,1999.945728,-1,-0.05,2.83,0.14,-1.93,-0.10,369.55,0.04
900,多头进场,2026-01-07 16:00,long,3255.12,0.6144,1999.945728,-1,-0.05,2.83,0.14,-1.93,-0.10,369.55,0.04
901,空头出场,2026-01-07 19:00,long,3225.13,0.6147,1999.920303,17.43,0.87,35.7,1.78,-0.14,-0.01,386.98,0.04
901,空头进场,2026-01-07 16:30,short,3253.49,0.6147,1999.920303,17.43,0.87,35.7,1.78,-0.14,-0.01,386.98,0.04
902,多头出场,2026-01-07 19:30,short,3220.03,0.6201,1999.903113,-3.16,-0.16,1.04,0.05,-5.26,-0.26,383.82,0.04
902,多头进场,2026-01-07 19:00,long,3225.13,0.6201,1999.903113,-3.16,-0.16,1.04,0.05,-5.26,-0.26,383.82,0.04
903,空头出场,2026-01-07 21:00,long,3222.69,0.6211,1999.960633,-1.65,-0.08,11.47,0.57,-4.43,-0.22,382.17,0.04
903,空头进场,2026-01-07 19:30,short,3220.03,0.6211,1999.960633,-1.65,-0.08,11.47,0.57,-4.43,-0.22,382.17,0.04
904,多头出场,2026-01-07 21:30,short,3211.01,0.6205,1999.679145,-7.25,-0.36,0.42,0.02,-8.55,-0.43,374.92,0.04
904,多头进场,2026-01-07 21:00,long,3222.69,0.6205,1999.679145,-7.25,-0.36,0.42,0.02,-8.55,-0.43,374.92,0.04
905,空头出场,2026-01-08 01:00,long,3168.16,0.6228,1999.817028,26.69,1.33,40.66,2.03,-0.04,0.00,401.61,0.04
905,空头进场,2026-01-07 21:30,short,3211.01,0.6228,1999.817028,26.69,1.33,40.66,2.03,-0.04,0.00,401.61,0.04
906,多头出场,2026-01-08 01:30,short,3151.1,0.6312,1999.742592,-10.77,-0.54,1.29,0.06,-13.82,-0.69,390.84,0.04
906,多头进场,2026-01-08 01:00,long,3168.16,0.6312,1999.742592,-10.77,-0.54,1.29,0.06,-13.82,-0.69,390.84,0.04
907,空头出场,2026-01-08 05:00,long,3145.78,0.6346,1999.68806,3.38,0.17,15.62,0.78,-8.26,-0.41,394.21,0.04
907,空头进场,2026-01-08 01:30,short,3151.1,0.6346,1999.68806,3.38,0.17,15.62,0.78,-8.26,-0.41,394.21,0.04
908,多头出场,2026-01-08 08:00,short,3154.88,0.6357,1999.772346,5.78,0.29,21.64,1.08,-1.93,-0.10,400,0.04
908,多头进场,2026-01-08 05:00,long,3145.78,0.6357,1999.772346,5.78,0.29,21.64,1.08,-1.93,-0.10,400,0.04
909,空头出场,2026-01-08 08:30,long,3167.97,0.6339,1999.878432,-8.3,-0.41,1.42,0.07,-11.33,-0.57,391.7,0.04
909,空头进场,2026-01-08 08:00,short,3154.88,0.6339,1999.878432,-8.3,-0.41,1.42,0.07,-11.33,-0.57,391.7,0.04
910,多头出场,2026-01-08 10:00,short,3165.93,0.6313,1999.939461,-1.29,-0.06,8.51,0.43,-5.16,-0.26,390.41,0.04
910,多头进场,2026-01-08 08:30,long,3167.97,0.6313,1999.939461,-1.29,-0.06,8.51,0.43,-5.16,-0.26,390.41,0.04
911,空头出场,2026-01-08 15:30,long,3125.68,0.6317,1999.917981,25.43,1.27,48.21,2.41,-0.36,-0.02,415.84,0.04
911,空头进场,2026-01-08 10:00,short,3165.93,0.6317,1999.917981,25.43,1.27,48.21,2.41,-0.36,-0.02,415.84,0.04
912,多头出场,2026-01-08 16:30,short,3114.16,0.6398,1999.810064,-7.37,-0.37,4.89,0.24,-9.07,-0.45,408.47,0.04
912,多头进场,2026-01-08 15:30,long,3125.68,0.6398,1999.810064,-7.37,-0.37,4.89,0.24,-9.07,-0.45,408.47,0.04
913,空头出场,2026-01-08 18:00,long,3115.06,0.6422,1999.913552,-0.58,-0.03,12.24,0.61,-4.42,-0.22,407.89,0.04
913,空头进场,2026-01-08 16:30,short,3114.16,0.6422,1999.913552,-0.58,-0.03,12.24,0.61,-4.42,-0.22,407.89,0.04
914,多头出场,2026-01-08 20:00,short,3104.3,0.642,1999.86852,-6.91,-0.35,9.76,0.49,-13.76,-0.69,400.98,0.04
914,多头进场,2026-01-08 18:00,long,3115.06,0.642,1999.86852,-6.91,-0.35,9.76,0.49,-13.76,-0.69,400.98,0.04
915,空头出场,2026-01-08 23:00,long,3101.42,0.6442,1999.79006,1.86,0.09,33.27,1.66,-1.28,-0.06,402.84,0.04
915,空头进场,2026-01-08 20:00,short,3104.3,0.6442,1999.79006,1.86,0.09,33.27,1.66,-1.28,-0.06,402.84,0.04
916,多头出场,2026-01-09 03:00,short,3114.24,0.6448,1999.795616,8.27,0.41,22.46,1.12,-11.09,-0.55,411.11,0.04
916,多头进场,2026-01-08 23:00,long,3101.42,0.6448,1999.795616,8.27,0.41,22.46,1.12,-11.09,-0.55,411.11,0.04
917,空头出场,2026-01-09 05:30,long,3116.28,0.6422,1999.964928,-1.31,-0.07,17.5,0.88,-5.95,-0.30,409.8,0.04
917,空头进场,2026-01-09 03:00,short,3114.24,0.6422,1999.964928,-1.31,-0.07,17.5,0.88,-5.95,-0.30,409.8,0.04
918,多头出场,2026-01-09 07:30,short,3104.03,0.6417,1999.716876,-7.86,-0.39,7.01,0.35,-8.01,-0.40,401.93,0.04
918,多头进场,2026-01-09 05:30,long,3116.28,0.6417,1999.716876,-7.86,-0.39,7.01,0.35,-8.01,-0.40,401.93,0.04
919,空头出场,2026-01-09 08:30,long,3112.97,0.6443,1999.926529,-5.76,-0.29,1.53,0.08,-6.91,-0.35,396.17,0.04
919,空头进场,2026-01-09 07:30,short,3104.03,0.6443,1999.926529,-5.76,-0.29,1.53,0.08,-6.91,-0.35,396.17,0.04
920,多头出场,2026-01-09 09:30,short,3103.02,0.6424,1999.771928,-6.39,-0.32,19.37,0.97,-20.48,-1.02,389.78,0.04
920,多头进场,2026-01-09 08:30,long,3112.97,0.6424,1999.771928,-6.39,-0.32,19.37,0.97,-20.48,-1.02,389.78,0.04
921,空头出场,2026-01-09 10:00,long,3115.39,0.6445,1999.89639,-7.97,-0.40,1.48,0.07,-13.03,-0.65,381.81,0.04
921,空头进场,2026-01-09 09:30,short,3103.02,0.6445,1999.89639,-7.97,-0.40,1.48,0.07,-13.03,-0.65,381.81,0.04
922,多头出场,2026-01-09 10:30,short,3106.63,0.6419,1999.768841,-5.62,-0.28,1.78,0.09,-7.1,-0.36,376.19,0.04
922,多头进场,2026-01-09 10:00,long,3115.39,0.6419,1999.768841,-5.62,-0.28,1.78,0.09,-7.1,-0.36,376.19,0.04
923,空头出场,2026-01-09 11:30,long,3116.94,0.6437,1999.737731,-6.64,-0.33,3.84,0.19,-7.51,-0.38,369.55,0.04
923,空头进场,2026-01-09 10:30,short,3106.63,0.6437,1999.737731,-6.64,-0.33,3.84,0.19,-7.51,-0.38,369.55,0.04
924,多头出场,2026-01-09 12:30,short,3113.75,0.6416,1999.828704,-2.05,-0.10,2.79,0.14,-4.63,-0.23,367.5,0.04
924,多头进场,2026-01-09 11:30,long,3116.94,0.6416,1999.828704,-2.05,-0.10,2.79,0.14,-4.63,-0.23,367.5,0.04
925,空头出场,2026-01-09 13:00,long,3114.98,0.6423,1999.961625,-0.79,-0.04,1.33,0.07,-2.82,-0.14,366.71,0.04
925,空头进场,2026-01-09 12:30,short,3113.75,0.6423,1999.961625,-0.79,-0.04,1.33,0.07,-2.82,-0.14,366.71,0.04
926,多头出场,2026-01-09 15:00,short,3115.94,0.642,1999.81716,0.62,0.03,4.98,0.25,-2.52,-0.13,367.33,0.04
926,多头进场,2026-01-09 13:00,long,3114.98,0.642,1999.81716,0.62,0.03,4.98,0.25,-2.52,-0.13,367.33,0.04
927,空头出场,2026-01-09 19:00,long,3097.39,0.6418,1999.810292,11.91,0.60,32.82,1.64,-0.15,-0.01,379.24,0.04
927,空头进场,2026-01-09 15:00,short,3115.94,0.6418,1999.810292,11.91,0.60,32.82,1.64,-0.15,-0.01,379.24,0.04
928,多头出场,2026-01-09 19:30,short,3087.54,0.6457,1999.984723,-6.36,-0.32,1.8,0.09,-7.48,-0.37,372.88,0.04
928,多头进场,2026-01-09 19:00,long,3097.39,0.6457,1999.984723,-6.36,-0.32,1.8,0.09,-7.48,-0.37,372.88,0.04
929,空头出场,2026-01-09 21:00,long,3095.83,0.6477,1999.799658,-5.37,-0.27,5.08,0.25,-7.75,-0.39,367.51,0.04
929,空头进场,2026-01-09 19:30,short,3087.54,0.6477,1999.799658,-5.37,-0.27,5.08,0.25,-7.75,-0.39,367.51,0.04
930,多头出场,2026-01-09 22:30,short,3075.64,0.646,1999.90618,-13.04,-0.65,6.88,0.34,-22.82,-1.14,354.46,0.04
930,多头进场,2026-01-09 21:00,long,3095.83,0.646,1999.90618,-13.04,-0.65,6.88,0.34,-22.82,-1.14,354.46,0.04
931,空头出场,2026-01-09 23:00,long,3127.6,0.6502,1999.781128,-33.78,-1.69,11.78,0.59,-37.16,-1.86,320.68,0.03
931,空头进场,2026-01-09 22:30,short,3075.64,0.6502,1999.781128,-33.78,-1.69,11.78,0.59,-37.16,-1.86,320.68,0.03
932,多头出场,2026-01-10 01:00,short,3108.47,0.6394,1999.78744,-12.23,-0.61,8.81,0.44,-21.39,-1.07,308.45,0.03
932,多头进场,2026-01-09 23:00,long,3127.6,0.6394,1999.78744,-12.23,-0.61,8.81,0.44,-21.39,-1.07,308.45,0.03
933,空头出场,2026-01-10 05:00,long,3084.76,0.6434,1999.989598,15.26,0.76,28.62,1.43,-5.45,-0.27,323.7,0.03
933,空头进场,2026-01-10 01:00,short,3108.47,0.6434,1999.989598,15.26,0.76,28.62,1.43,-5.45,-0.27,323.7,0.03
934,多头出场,2026-01-10 06:00,short,3080.16,0.6483,1999.849908,-2.98,-0.15,3.44,0.17,-7.42,-0.37,320.72,0.03
934,多头进场,2026-01-10 05:00,long,3084.76,0.6483,1999.849908,-2.98,-0.15,3.44,0.17,-7.42,-0.37,320.72,0.03
935,空头出场,2026-01-10 06:30,long,3083.3,0.6493,1999.947888,-2.04,-0.10,0.88,0.04,-3.66,-0.18,318.68,0.03
935,空头进场,2026-01-10 06:00,short,3080.16,0.6493,1999.947888,-2.04,-0.10,0.88,0.04,-3.66,-0.18,318.68,0.03
936,多头出场,2026-01-10 08:30,short,3079.34,0.6486,1999.82838,-2.57,-0.13,4.67,0.23,-3.45,-0.17,316.11,0.03
936,多头进场,2026-01-10 06:30,long,3083.3,0.6486,1999.82838,-2.57,-0.13,4.67,0.23,-3.45,-0.17,316.11,0.03
937,空头出场,2026-01-10 09:00,long,3085.55,0.6494,1999.723396,-4.03,-0.20,0,0.00,-4.07,-0.20,312.08,0.03
937,空头进场,2026-01-10 08:30,short,3079.34,0.6494,1999.723396,-4.03,-0.20,0,0.00,-4.07,-0.20,312.08,0.03
938,多头出场,2026-01-10 10:30,short,3084.08,0.6481,1999.744955,-0.95,-0.05,3.05,0.15,-3.91,-0.20,311.13,0.03
938,多头进场,2026-01-10 09:00,long,3085.55,0.6481,1999.744955,-0.95,-0.05,3.05,0.15,-3.91,-0.20,311.13,0.03
939,空头出场,2026-01-10 13:00,long,3080.91,0.6484,1999.717472,2.06,0.10,5.93,0.30,-0.62,-0.03,313.18,0.03
939,空头进场,2026-01-10 10:30,short,3084.08,0.6484,1999.717472,2.06,0.10,5.93,0.30,-0.62,-0.03,313.18,0.03
940,多头出场,2026-01-10 19:30,short,3093.05,0.6491,1999.818681,7.88,0.39,12.16,0.61,-0.89,-0.04,321.06,0.03
940,多头进场,2026-01-10 13:00,long,3080.91,0.6491,1999.818681,7.88,0.39,12.16,0.61,-0.89,-0.04,321.06,0.03
941,空头出场,2026-01-10 20:30,long,3095.48,0.6466,1999.96613,-1.57,-0.08,2.02,0.10,-4.13,-0.21,319.49,0.03
941,空头进场,2026-01-10 19:30,short,3093.05,0.6466,1999.96613,-1.57,-0.08,2.02,0.10,-4.13,-0.21,319.49,0.03
942,多头出场,2026-01-10 21:00,short,3092.42,0.6461,1999.989628,-1.98,-0.10,0.04,0.00,-2.19,-0.11,317.51,0.03
942,多头进场,2026-01-10 20:30,long,3095.48,0.6461,1999.989628,-1.98,-0.10,0.04,0.00,-2.19,-0.11,317.51,0.03
943,空头出场,2026-01-10 23:30,long,3091.7,0.6467,1999.868014,0.47,0.02,4.18,0.21,-1.31,-0.07,317.98,0.03
943,空头进场,2026-01-10 21:00,short,3092.42,0.6467,1999.868014,0.47,0.02,4.18,0.21,-1.31,-0.07,317.98,0.03
944,多头出场,2026-01-11 00:00,short,3090.56,0.6468,1999.71156,-0.74,-0.04,1.26,0.06,-2.26,-0.11,317.24,0.03
944,多头进场,2026-01-10 23:30,long,3091.7,0.6468,1999.71156,-0.74,-0.04,1.26,0.06,-2.26,-0.11,317.24,0.03
945,空头出场,2026-01-11 00:30,long,3091.48,0.6471,1999.901376,-0.6,-0.03,0.49,0.02,-1.79,-0.09,316.65,0.03
945,空头进场,2026-01-11 00:00,short,3090.56,0.6471,1999.901376,-0.6,-0.03,0.49,0.02,-1.79,-0.09,316.65,0.03
946,多头出场,2026-01-11 01:30,short,3089.01,0.6469,1999.878412,-1.6,-0.08,2.44,0.12,-2.13,-0.11,315.05,0.03
946,多头进场,2026-01-11 00:30,long,3091.48,0.6469,1999.878412,-1.6,-0.08,2.44,0.12,-2.13,-0.11,315.05,0.03
947,空头出场,2026-01-11 07:00,long,3083.27,0.6474,1999.825074,3.72,0.19,9.13,0.46,-0.71,-0.04,318.77,0.03
947,空头进场,2026-01-11 01:30,short,3089.01,0.6474,1999.825074,3.72,0.19,9.13,0.46,-0.71,-0.04,318.77,0.03
948,多头出场,2026-01-11 14:00,short,3089.9,0.6486,1999.808922,4.3,0.22,9.61,0.48,-1.71,-0.09,323.07,0.03
948,多头进场,2026-01-11 07:00,long,3083.27,0.6486,1999.808922,4.3,0.22,9.61,0.48,-1.71,-0.09,323.07,0.03
949,空头出场,2026-01-11 14:30,long,3093.2,0.6472,1999.78328,-2.14,-0.11,0.7,0.03,-2.46,-0.12,320.93,0.03
949,空头进场,2026-01-11 14:00,short,3089.9,0.6472,1999.78328,-2.14,-0.11,0.7,0.03,-2.46,-0.12,320.93,0.03
950,多头出场,2026-01-11 15:00,short,3090.74,0.6465,1999.7538,-1.59,-0.08,0.76,0.04,-1.82,-0.09,319.34,0.03
950,多头进场,2026-01-11 14:30,long,3093.2,0.6465,1999.7538,-1.59,-0.08,0.76,0.04,-1.82,-0.09,319.34,0.03
951,空头出场,2026-01-11 16:00,long,3093.31,0.647,1999.70878,-1.66,-0.08,1.4,0.07,-2.02,-0.10,317.68,0.03
951,空头进场,2026-01-11 15:00,short,3090.74,0.647,1999.70878,-1.66,-0.08,1.4,0.07,-2.02,-0.10,317.68,0.03
952,多头出场,2026-01-11 19:30,short,3100.86,0.6465,1999.824915,4.88,0.24,7.67,0.38,0,0.00,322.56,0.03
952,多头进场,2026-01-11 16:00,long,3093.31,0.6465,1999.824915,4.88,0.24,7.67,0.38,0,0.00,322.56,0.03
953,空头出场,2026-01-11 20:00,long,3105.96,0.6449,1999.744614,-3.29,-0.16,0,0.00,-3.66,-0.18,319.27,0.03
953,空头进场,2026-01-11 19:30,short,3100.86,0.6449,1999.744614,-3.29,-0.16,0,0.00,-3.66,-0.18,319.27,0.03
954,多头出场,2026-01-11 21:30,short,3105.52,0.6439,1999.927644,-0.28,-0.01,4.1,0.20,-1.8,-0.09,318.99,0.03
954,多头进场,2026-01-11 20:00,long,3105.96,0.6439,1999.927644,-0.28,-0.01,4.1,0.20,-1.8,-0.09,318.99,0.03
955,空头出场,2026-01-11 22:00,long,3111.22,0.644,1999.95488,-3.67,-0.18,0.07,0.00,-3.7,-0.18,315.31,0.03
955,空头进场,2026-01-11 21:30,short,3105.52,0.644,1999.95488,-3.67,-0.18,0.07,0.00,-3.7,-0.18,315.31,0.03
956,多头出场,2026-01-11 23:30,short,3114.03,0.6428,1999.892216,1.81,0.09,9.71,0.49,-3,-0.15,317.12,0.03
956,多头进场,2026-01-11 22:00,long,3111.22,0.6428,1999.892216,1.81,0.09,9.71,0.49,-3,-0.15,317.12,0.03
957,空头出场,2026-01-12 00:00,long,3119.39,0.6422,1999.830066,-3.44,-0.17,1.3,0.06,-4.29,-0.21,313.68,0.03
957,空头进场,2026-01-11 23:30,short,3114.03,0.6422,1999.830066,-3.44,-0.17,1.3,0.06,-4.29,-0.21,313.68,0.03
958,多头出场,2026-01-12 02:00,short,3121.79,0.6411,1999.840929,1.54,0.08,15.11,0.76,-2.95,-0.15,315.22,0.03
958,多头进场,2026-01-12 00:00,long,3119.39,0.6411,1999.840929,1.54,0.08,15.11,0.76,-2.95,-0.15,315.22,0.03
959,空头出场,2026-01-12 02:30,long,3125.38,0.6406,1999.818674,-2.3,-0.11,3.33,0.17,-5.01,-0.25,312.92,0.03
959,空头进场,2026-01-12 02:00,short,3121.79,0.6406,1999.818674,-2.3,-0.11,3.33,0.17,-5.01,-0.25,312.92,0.03
960,多头出场,2026-01-12 03:00,short,3123.78,0.6399,1999.930662,-1.02,-0.05,2.23,0.11,-1.7,-0.09,311.89,0.03
960,多头进场,2026-01-12 02:30,long,3125.38,0.6399,1999.930662,-1.02,-0.05,2.23,0.11,-1.7,-0.09,311.89,0.03
961,空头出场,2026-01-12 05:30,long,3117.08,0.6402,1999.843956,4.29,0.21,16.59,0.83,-0.42,-0.02,316.18,0.03
961,空头进场,2026-01-12 03:00,short,3123.78,0.6402,1999.843956,4.29,0.21,16.59,0.83,-0.42,-0.02,316.18,0.03
962,多头出场,2026-01-12 06:00,short,3109.2,0.6416,1999.918528,-5.06,-0.25,0.01,0.00,-9.23,-0.46,311.13,0.03
962,多头进场,2026-01-12 05:30,long,3117.08,0.6416,1999.918528,-5.06,-0.25,0.01,0.00,-9.23,-0.46,311.13,0.03
963,空头出场,2026-01-12 07:30,long,3119.7,0.6432,1999.83744,-6.75,-0.34,13.13,0.66,-7.69,-0.38,304.37,0.03
963,空头进场,2026-01-12 06:00,short,3109.2,0.6432,1999.83744,-6.75,-0.34,13.13,0.66,-7.69,-0.38,304.37,0.03
964,多头出场,2026-01-12 13:30,short,3154.56,0.641,1999.7277,22.35,1.12,30.41,1.52,-16.48,-0.82,326.72,0.03
964,多头进场,2026-01-12 07:30,long,3119.7,0.641,1999.7277,22.35,1.12,30.41,1.52,-16.48,-0.82,326.72,0.03
965,空头出场,2026-01-12 19:00,long,3113.23,0.634,1999.99104,26.2,1.31,36.05,1.80,-4.4,-0.22,352.92,0.04
965,空头进场,2026-01-12 13:30,short,3154.56,0.634,1999.99104,26.2,1.31,36.05,1.80,-4.4,-0.22,352.92,0.04
966,多头出场,2026-01-12 19:30,short,3111.55,0.6424,1999.938952,-1.08,-0.05,1.46,0.07,-3.75,-0.19,351.84,0.04
966,多头进场,2026-01-12 19:00,long,3113.23,0.6424,1999.938952,-1.08,-0.05,1.46,0.07,-3.75,-0.19,351.84,0.04
967,空头出场,2026-01-12 20:00,long,3115.41,0.6427,1999.793185,-2.48,-0.12,0.69,0.03,-4.49,-0.22,349.36,0.03
967,空头进场,2026-01-12 19:30,short,3111.55,0.6427,1999.793185,-2.48,-0.12,0.69,0.03,-4.49,-0.22,349.36,0.03
968,多头出场,2026-01-12 21:00,short,3106.37,0.6419,1999.781679,-5.8,-0.29,0.42,0.02,-8.11,-0.41,343.56,0.03
968,多头进场,2026-01-12 20:00,long,3115.41,0.6419,1999.781679,-5.8,-0.29,0.42,0.02,-8.11,-0.41,343.56,0.03
969,空头出场,2026-01-12 22:30,long,3101.25,0.6438,1999.881006,3.3,0.16,27.75,1.39,-3.48,-0.17,346.86,0.03
969,空头进场,2026-01-12 21:00,short,3106.37,0.6438,1999.881006,3.3,0.16,27.75,1.39,-3.48,-0.17,346.86,0.03
970,多头出场,2026-01-13 01:00,short,3109.49,0.6449,1999.996125,5.31,0.27,26.1,1.30,-7.94,-0.40,352.17,0.04
970,多头进场,2026-01-12 22:30,long,3101.25,0.6449,1999.996125,5.31,0.27,26.1,1.30,-7.94,-0.40,352.17,0.04
971,空头出场,2026-01-13 02:00,long,3114.58,0.6431,1999.713019,-3.27,-0.16,17.92,0.90,-3.56,-0.18,348.9,0.03
971,空头进场,2026-01-13 01:00,short,3109.49,0.6431,1999.713019,-3.27,-0.16,17.92,0.90,-3.56,-0.18,348.9,0.03
972,多头出场,2026-01-13 02:30,short,3104.04,0.6421,1999.871818,-6.77,-0.34,0.02,0.00,-14.07,-0.70,342.13,0.03
972,多头进场,2026-01-13 02:00,long,3114.58,0.6421,1999.871818,-6.77,-0.34,0.02,0.00,-14.07,-0.70,342.13,0.03
973,空头出场,2026-01-13 03:30,long,3117.59,0.6443,1999.932972,-8.73,-0.44,7.06,0.35,-8.96,-0.45,333.4,0.03
973,空头进场,2026-01-13 02:30,short,3104.04,0.6443,1999.932972,-8.73,-0.44,7.06,0.35,-8.96,-0.45,333.4,0.03
974,多头出场,2026-01-13 04:00,short,3107.15,0.6415,1999.933985,-6.7,-0.33,3.77,0.19,-8,-0.40,326.7,0.03
974,多头进场,2026-01-13 03:30,long,3117.59,0.6415,1999.933985,-6.7,-0.33,3.77,0.19,-8,-0.40,326.7,0.03
975,空头出场,2026-01-13 08:00,long,3099.98,0.6436,1999.76174,4.61,0.23,16.74,0.84,-0.05,0.00,331.32,0.03
975,空头进场,2026-01-13 04:00,short,3107.15,0.6436,1999.76174,4.61,0.23,16.74,0.84,-0.05,0.00,331.32,0.03
976,多头出场,2026-01-13 09:30,short,3094.34,0.6451,1999.797098,-3.64,-0.18,6.99,0.35,-7.32,-0.37,327.68,0.03
976,多头进场,2026-01-13 08:00,long,3099.98,0.6451,1999.797098,-3.64,-0.18,6.99,0.35,-7.32,-0.37,327.68,0.03
977,空头出场,2026-01-13 10:00,long,3100.21,0.6463,1999.871942,-3.79,-0.19,0.02,0.00,-6.81,-0.34,323.88,0.03
977,空头进场,2026-01-13 09:30,short,3094.34,0.6463,1999.871942,-3.79,-0.19,0.02,0.00,-6.81,-0.34,323.88,0.03
978,多头出场,2026-01-13 15:00,short,3125.07,0.6451,1999.945471,16.04,0.80,27.56,1.38,-3.12,-0.16,339.92,0.03
978,多头进场,2026-01-13 10:00,long,3100.21,0.6451,1999.945471,16.04,0.80,27.56,1.38,-3.12,-0.16,339.92,0.03
979,空头出场,2026-01-13 16:30,long,3132.6,0.6399,1999.732293,-4.82,-0.24,4.11,0.21,-6.09,-0.30,335.1,0.03
979,空头进场,2026-01-13 15:00,short,3125.07,0.6399,1999.732293,-4.82,-0.24,4.11,0.21,-6.09,-0.30,335.1,0.03
980,多头出场,2026-01-13 18:30,short,3131.35,0.6384,1999.85184,-0.8,-0.04,7.53,0.38,-3.86,-0.19,334.3,0.03
980,多头进场,2026-01-13 16:30,long,3132.6,0.6384,1999.85184,-0.8,-0.04,7.53,0.38,-3.86,-0.19,334.3,0.03
981,空头出场,2026-01-13 21:00,long,3137.68,0.6387,1999.993245,-4.04,-0.20,2.98,0.15,-4.53,-0.23,330.26,0.03
981,空头进场,2026-01-13 18:30,short,3131.35,0.6387,1999.993245,-4.04,-0.20,2.98,0.15,-4.53,-0.23,330.26,0.03
982,多头出场,2026-01-13 23:00,short,3140.1,0.6374,1999.957232,1.54,0.08,15.13,0.76,-6.06,-0.30,331.8,0.03
982,多头进场,2026-01-13 21:00,long,3137.68,0.6374,1999.957232,1.54,0.08,15.13,0.76,-6.06,-0.30,331.8,0.03
983,空头出场,2026-01-13 23:30,long,3180.73,0.6369,1999.92969,-25.88,-1.29,0.75,0.04,-28.43,-1.42,305.93,0.03
983,空头进场,2026-01-13 23:00,short,3140.1,0.6369,1999.92969,-25.88,-1.29,0.75,0.04,-28.43,-1.42,305.93,0.03
984,多头出场,2026-01-14 04:30,short,3201.32,0.6287,1999.724951,12.94,0.65,21.52,1.08,-7.68,-0.38,318.87,0.03
984,多头进场,2026-01-13 23:30,long,3180.73,0.6287,1999.724951,12.94,0.65,21.52,1.08,-7.68,-0.38,318.87,0.03
985,空头出场,2026-01-14 05:00,long,3208,0.6247,1999.864604,-4.17,-0.21,1.41,0.07,-7.56,-0.38,314.7,0.03
985,空头进场,2026-01-14 04:30,short,3201.32,0.6247,1999.864604,-4.17,-0.21,1.41,0.07,-7.56,-0.38,314.7,0.03
986,多头出场,2026-01-14 10:30,short,3324.86,0.6234,1999.8672,72.85,3.64,93.95,4.70,-2.17,-0.11,387.55,0.04
986,多头进场,2026-01-14 05:00,long,3208,0.6234,1999.8672,72.85,3.64,93.95,4.70,-2.17,-0.11,387.55,0.04
987,空头出场,2026-01-14 11:30,long,3350.08,0.6015,1999.90329,-15.17,-0.76,3.26,0.16,-15.31,-0.77,372.38,0.04
987,空头进场,2026-01-14 10:30,short,3324.86,0.6015,1999.90329,-15.17,-0.76,3.26,0.16,-15.31,-0.77,372.38,0.04
988,多头出场,2026-01-14 12:30,short,3337.2,0.597,1999.99776,-7.69,-0.38,6.47,0.32,-9.36,-0.47,364.69,0.04
988,多头进场,2026-01-14 11:30,long,3350.08,0.597,1999.99776,-7.69,-0.38,6.47,0.32,-9.36,-0.47,364.69,0.04
989,空头出场,2026-01-14 15:30,long,3333.95,0.5993,1999.98396,1.95,0.10,9.96,0.50,-2.03,-0.10,366.64,0.04
989,空头进场,2026-01-14 12:30,short,3337.2,0.5993,1999.98396,1.95,0.10,9.96,0.50,-2.03,-0.10,366.64,0.04
990,多头出场,2026-01-14 16:30,short,3325.8,0.5998,1999.70321,-4.89,-0.24,4.09,0.20,-4.91,-0.25,361.75,0.04
990,多头进场,2026-01-14 15:30,long,3333.95,0.5998,1999.70321,-4.89,-0.24,4.09,0.20,-4.91,-0.25,361.75,0.04
991,空头出场,2026-01-14 21:00,long,3304.28,0.6013,1999.80354,12.94,0.65,27.77,1.39,-4.58,-0.23,374.69,0.04
991,空头进场,2026-01-14 16:30,short,3325.8,0.6013,1999.80354,12.94,0.65,27.77,1.39,-4.58,-0.23,374.69,0.04
992,多头出场,2026-01-15 01:30,short,3340.73,0.6052,1999.750256,22.06,1.10,57.4,2.87,-5.99,-0.30,396.75,0.04
992,多头进场,2026-01-14 21:00,long,3304.28,0.6052,1999.750256,22.06,1.10,57.4,2.87,-5.99,-0.30,396.75,0.04
993,空头出场,2026-01-15 03:00,long,3389.14,0.5986,1999.760978,-28.98,-1.45,15.71,0.79,-29.4,-1.47,367.77,0.04
993,空头进场,2026-01-15 01:30,short,3340.73,0.5986,1999.760978,-28.98,-1.45,15.71,0.79,-29.4,-1.47,367.77,0.04
994,多头出场,2026-01-15 05:30,short,3371.07,0.5901,1999.931514,-10.66,-0.53,4.69,0.23,-19.45,-0.97,357.11,0.04
994,多头进场,2026-01-15 03:00,long,3389.14,0.5901,1999.931514,-10.66,-0.53,4.69,0.23,-19.45,-0.97,357.11,0.04
995,空头出场,2026-01-15 12:30,long,3305.28,0.5932,1999.718724,39.03,1.95,54.85,2.74,-0.85,-0.04,396.13,0.04
995,空头进场,2026-01-15 05:30,short,3371.07,0.5932,1999.718724,39.03,1.95,54.85,2.74,-0.85,-0.04,396.13,0.04
996,多头出场,2026-01-15 19:30,short,3350.2,0.605,1999.6944,27.18,1.36,43.74,2.19,-1.25,-0.06,423.31,0.04
996,多头进场,2026-01-15 12:30,long,3305.28,0.605,1999.6944,27.18,1.36,43.74,2.19,-1.25,-0.06,423.31,0.04
997,空头出场,2026-01-15 20:30,long,3369.61,0.5969,1999.73438,-11.59,-0.58,3.37,0.17,-12.37,-0.62,411.72,0.04
997,空头进场,2026-01-15 19:30,short,3350.2,0.5969,1999.73438,-11.59,-0.58,3.37,0.17,-12.37,-0.62,411.72,0.04
998,多头出场,2026-01-15 22:30,short,3342.72,0.5935,1999.863535,-15.96,-0.80,8.74,0.44,-27.7,-1.39,395.77,0.04
998,多头进场,2026-01-15 20:30,long,3369.61,0.5935,1999.863535,-15.96,-0.80,8.74,0.44,-27.7,-1.39,395.77,0.04
999,空头出场,2026-01-16 05:00,long,3298.99,0.5983,1999.949376,26.16,1.31,40.15,2.01,-9.08,-0.45,421.93,0.04
999,空头进场,2026-01-15 22:30,short,3342.72,0.5983,1999.949376,26.16,1.31,40.15,2.01,-9.08,-0.45,421.93,0.04
1000,多头出场,2026-01-16 09:00,short,3310.1,0.6062,1999.847738,6.73,0.34,16.24,0.81,-1.51,-0.08,428.66,0.04
1000,多头进场,2026-01-16 05:00,long,3298.99,0.6062,1999.847738,6.73,0.34,16.24,0.81,-1.51,-0.08,428.66,0.04
1001,空头出场,2026-01-16 09:30,long,3313.08,0.6042,1999.96242,-1.8,-0.09,0.07,0.00,-5.98,-0.30,426.86,0.04
1001,空头进场,2026-01-16 09:00,short,3310.1,0.6042,1999.96242,-1.8,-0.09,0.07,0.00,-5.98,-0.30,426.86,0.04
1002,多头出场,2026-01-16 10:00,short,3307.74,0.6036,1999.775088,-3.22,-0.16,0,0.00,-13.15,-0.66,423.64,0.04
1002,多头进场,2026-01-16 09:30,long,3313.08,0.6036,1999.775088,-3.22,-0.16,0,0.00,-13.15,-0.66,423.64,0.04
1003,空头出场,2026-01-16 13:30,long,3308.37,0.6046,1999.859604,-0.38,-0.02,18.69,0.93,-4.27,-0.21,423.26,0.04
1003,空头进场,2026-01-16 10:00,short,3307.74,0.6046,1999.859604,-0.38,-0.02,18.69,0.93,-4.27,-0.21,423.26,0.04
1004,多头出场,2026-01-16 17:30,short,3306.58,0.6045,1999.909665,-1.08,-0.05,6.34,0.32,-3.91,-0.20,422.18,0.04
1004,多头进场,2026-01-16 13:30,long,3308.37,0.6045,1999.909665,-1.08,-0.05,6.34,0.32,-3.91,-0.20,422.18,0.04
1005,空头出场,2026-01-16 20:00,long,3310.75,0.6048,1999.819584,-2.52,-0.13,8.5,0.43,-3.39,-0.17,419.66,0.04
1005,空头进场,2026-01-16 17:30,short,3306.58,0.6048,1999.819584,-2.52,-0.13,8.5,0.43,-3.39,-0.17,419.66,0.04
1006,多头出场,2026-01-16 22:30,short,3293.21,0.604,1999.693,-10.59,-0.53,3.71,0.19,-12.61,-0.63,409.06,0.04
1006,多头进场,2026-01-16 20:00,long,3310.75,0.604,1999.693,-10.59,-0.53,3.71,0.19,-12.61,-0.63,409.06,0.04
1007,空头出场,2026-01-17 01:30,long,3283.48,0.6073,1999.966433,5.91,0.30,24.82,1.24,-10.3,-0.51,414.97,0.04
1007,空头进场,2026-01-16 22:30,short,3293.21,0.6073,1999.966433,5.91,0.30,24.82,1.24,-10.3,-0.51,414.97,0.04
1008,多头出场,2026-01-17 02:30,short,3278.01,0.6091,1999.967668,-3.33,-0.17,2.25,0.11,-3.86,-0.19,411.64,0.04
1008,多头进场,2026-01-17 01:30,long,3283.48,0.6091,1999.967668,-3.33,-0.17,2.25,0.11,-3.86,-0.19,411.64,0.04
1009,空头出场,2026-01-17 03:30,long,3275.56,0.6101,1999.913901,1.49,0.07,5.97,0.30,-0.24,-0.01,413.13,0.04
1009,空头进场,2026-01-17 02:30,short,3278.01,0.6101,1999.913901,1.49,0.07,5.97,0.30,-0.24,-0.01,413.13,0.04
1010,多头出场,2026-01-17 08:00,short,3291.19,0.6105,1999.72938,9.54,0.48,14.26,0.71,-7.31,-0.37,422.68,0.04
1010,多头进场,2026-01-17 03:30,long,3275.56,0.6105,1999.72938,9.54,0.48,14.26,0.71,-7.31,-0.37,422.68,0.04
1011,空头出场,2026-01-17 10:30,long,3291.15,0.6076,1999.727044,0.02,0.00,5.07,0.25,-2.08,-0.10,422.7,0.04
1011,空头进场,2026-01-17 08:00,short,3291.19,0.6076,1999.727044,0.02,0.00,5.07,0.25,-2.08,-0.10,422.7,0.04
1012,多头出场,2026-01-17 11:00,short,3289.68,0.6076,1999.70274,-0.89,-0.04,0.04,0.00,-1.37,-0.07,421.81,0.04
1012,多头进场,2026-01-17 10:30,long,3291.15,0.6076,1999.70274,-0.89,-0.04,0.04,0.00,-1.37,-0.07,421.81,0.04
1013,空头出场,2026-01-17 12:30,long,3290.98,0.6079,1999.796472,-0.79,-0.04,2.89,0.14,-1.04,-0.05,421.02,0.04
1013,空头进场,2026-01-17 11:00,short,3289.68,0.6079,1999.796472,-0.79,-0.04,2.89,0.14,-1.04,-0.05,421.02,0.04
1014,多头出场,2026-01-17 14:00,short,3287.65,0.6077,1999.928546,-2.02,-0.10,1.17,0.06,-2.88,-0.14,418.99,0.04
1014,多头进场,2026-01-17 12:30,long,3290.98,0.6077,1999.928546,-2.02,-0.10,1.17,0.06,-2.88,-0.14,418.99,0.04
1015,空头出场,2026-01-17 14:30,long,3290.17,0.6083,1999.877495,-1.53,-0.08,0.27,0.01,-2.74,-0.14,417.46,0.04
1015,空头进场,2026-01-17 14:00,short,3287.65,0.6083,1999.877495,-1.53,-0.08,0.27,0.01,-2.74,-0.14,417.46,0.04
1016,多头出场,2026-01-18 01:30,short,3318.24,0.6078,1999.765326,17.06,0.85,23.42,1.17,-2.36,-0.12,434.52,0.04
1016,多头进场,2026-01-17 14:30,long,3290.17,0.6078,1999.765326,17.06,0.85,23.42,1.17,-2.36,-0.12,434.52,0.04
1017,空头出场,2026-01-18 07:30,long,3309.37,0.6027,1999.903248,5.35,0.27,13.04,0.65,-1.05,-0.05,439.87,0.04
1017,空头进场,2026-01-18 01:30,short,3318.24,0.6027,1999.903248,5.35,0.27,13.04,0.65,-1.05,-0.05,439.87,0.04
1018,多头出场,2026-01-18 08:30,short,3303.54,0.6043,1999.852291,-3.52,-0.18,2.38,0.12,-4.35,-0.22,436.34,0.04
1018,多头进场,2026-01-18 07:30,long,3309.37,0.6043,1999.852291,-3.52,-0.18,2.38,0.12,-4.35,-0.22,436.34,0.04
1019,空头出场,2026-01-18 11:00,long,3310.64,0.6054,1999.963116,-4.3,-0.21,4.91,0.25,-4.49,-0.22,432.04,0.04
1019,空头进场,2026-01-18 08:30,short,3303.54,0.6054,1999.963116,-4.3,-0.21,4.91,0.25,-4.49,-0.22,432.04,0.04
1020,多头出场,2026-01-18 14:00,short,3312.11,0.6041,1999.957624,0.89,0.04,3.89,0.19,-1.13,-0.06,432.93,0.04
1020,多头进场,2026-01-18 11:00,long,3310.64,0.6041,1999.957624,0.89,0.04,3.89,0.19,-1.13,-0.06,432.93,0.04
1021,空头出场,2026-01-18 14:30,long,3314.72,0.6038,1999.852018,-1.58,-0.08,0.62,0.03,-1.58,-0.08,431.36,0.04
1021,空头进场,2026-01-18 14:00,short,3312.11,0.6038,1999.852018,-1.58,-0.08,0.62,0.03,-1.58,-0.08,431.36,0.04
1022,多头出场,2026-01-18 15:00,short,3309.82,0.6033,1999.770576,-2.96,-0.15,0.04,0.00,-5.62,-0.28,428.4,0.04
1022,多头进场,2026-01-18 14:30,long,3314.72,0.6033,1999.770576,-2.96,-0.15,0.04,0.00,-5.62,-0.28,428.4,0.04
1023,空头出场,2026-01-18 16:30,long,3314.44,0.6042,1999.793244,-2.79,-0.14,4.38,0.22,-3.56,-0.18,425.61,0.04
1023,空头进场,2026-01-18 15:00,short,3309.82,0.6042,1999.793244,-2.79,-0.14,4.38,0.22,-3.56,-0.18,425.61,0.04
1024,多头出场,2026-01-18 19:00,short,3318.43,0.6034,1999.933096,2.41,0.12,6.33,0.32,-0.68,-0.03,428.02,0.04
1024,多头进场,2026-01-18 16:30,long,3314.44,0.6034,1999.933096,2.41,0.12,6.33,0.32,-0.68,-0.03,428.02,0.04
1025,空头出场,2026-01-18 19:30,long,3320.99,0.6026,1999.685918,-1.54,-0.08,0.25,0.01,-2.16,-0.11,426.47,0.04
1025,空头进场,2026-01-18 19:00,short,3318.43,0.6026,1999.685918,-1.54,-0.08,0.25,0.01,-2.16,-0.11,426.47,0.04
1026,多头出场,2026-01-18 20:30,short,3321.48,0.6022,1999.900178,0.3,0.01,2.79,0.14,-2,-0.10,426.77,0.04
1026,多头进场,2026-01-18 19:30,long,3320.99,0.6022,1999.900178,0.3,0.01,2.79,0.14,-2,-0.10,426.77,0.04
1027,空头出场,2026-01-18 21:30,long,3324.95,0.6021,1999.863108,-2.09,-0.10,4.71,0.24,-4.22,-0.21,424.68,0.04
1027,空头进场,2026-01-18 20:30,short,3321.48,0.6021,1999.863108,-2.09,-0.10,4.71,0.24,-4.22,-0.21,424.68,0.04
1028,多头出场,2026-01-18 22:30,short,3323.97,0.6015,1999.957425,-0.59,-0.03,12.84,0.64,-1.9,-0.10,424.09,0.04
1028,多头进场,2026-01-18 21:30,long,3324.95,0.6015,1999.957425,-0.59,-0.03,12.84,0.64,-1.9,-0.10,424.09,0.04
1029,空头出场,2026-01-18 23:00,long,3330.89,0.6016,1999.700352,-4.16,-0.21,3.01,0.15,-4.78,-0.24,419.93,0.04
1029,空头进场,2026-01-18 22:30,short,3323.97,0.6016,1999.700352,-4.16,-0.21,3.01,0.15,-4.78,-0.24,419.93,0.04
1030,多头出场,2026-01-19 03:30,short,3345.52,0.6004,1999.866356,8.78,0.44,21.99,1.10,-1.54,-0.08,428.71,0.04
1030,多头进场,2026-01-18 23:00,long,3330.89,0.6004,1999.866356,8.78,0.44,21.99,1.10,-1.54,-0.08,428.71,0.04
1031,空头出场,2026-01-19 04:00,long,3350.95,0.5978,1999.951856,-3.25,-0.16,2.7,0.14,-3.56,-0.18,425.47,0.04
1031,空头进场,2026-01-19 03:30,short,3345.52,0.5978,1999.951856,-3.25,-0.16,2.7,0.14,-3.56,-0.18,425.47,0.04
1032,多头出场,2026-01-19 04:30,short,3340.06,0.5968,1999.84696,-6.5,-0.32,0.01,0.00,-7.76,-0.39,418.97,0.04
1032,多头进场,2026-01-19 04:00,long,3350.95,0.5968,1999.84696,-6.5,-0.32,0.01,0.00,-7.76,-0.39,418.97,0.04
1033,空头出场,2026-01-19 06:00,long,3345.7,0.5987,1999.693922,-3.38,-0.17,2.43,0.12,-8.7,-0.44,415.59,0.04
1033,空头进场,2026-01-19 04:30,short,3340.06,0.5987,1999.693922,-3.38,-0.17,2.43,0.12,-8.7,-0.44,415.59,0.04
1034,多头出场,2026-01-19 07:00,short,3309.63,0.5977,1999.72489,-21.56,-1.08,2.53,0.13,-21.74,-1.09,394.03,0.04
1034,多头进场,2026-01-19 06:00,long,3345.7,0.5977,1999.72489,-21.56,-1.08,2.53,0.13,-21.74,-1.09,394.03,0.04
1035,空头出场,2026-01-19 11:30,long,3211.19,0.6042,1999.678446,59.48,2.97,79.48,3.97,-4.92,-0.25,453.51,0.05
1035,空头进场,2026-01-19 07:00,short,3309.63,0.6042,1999.678446,59.48,2.97,79.48,3.97,-4.92,-0.25,453.51,0.05
1036,多头出场,2026-01-19 13:00,short,3200.27,0.6228,1999.929132,-6.8,-0.34,3.26,0.16,-9.71,-0.49,446.71,0.04
1036,多头进场,2026-01-19 11:30,long,3211.19,0.6228,1999.929132,-6.8,-0.34,3.26,0.16,-9.71,-0.49,446.71,0.04
1037,空头出场,2026-01-19 13:30,long,3201.77,0.6249,1999.848723,-0.94,-0.05,2.17,0.11,-6.49,-0.32,445.77,0.04
1037,空头进场,2026-01-19 13:00,short,3200.27,0.6249,1999.848723,-0.94,-0.05,2.17,0.11,-6.49,-0.32,445.77,0.04
1038,多头出场,2026-01-19 14:00,short,3195,0.6246,1999.825542,-4.23,-0.21,1.07,0.05,-8.49,-0.42,441.54,0.04
1038,多头进场,2026-01-19 13:30,long,3201.77,0.6246,1999.825542,-4.23,-0.21,1.07,0.05,-8.49,-0.42,441.54,0.04
1039,空头出场,2026-01-19 15:00,long,3199.35,0.6259,1999.7505,-2.72,-0.14,4.3,0.22,-4.4,-0.22,438.82,0.04
1039,空头进场,2026-01-19 14:00,short,3195,0.6259,1999.7505,-2.72,-0.14,4.3,0.22,-4.4,-0.22,438.82,0.04
1040,多头出场,2026-01-19 21:00,short,3213.97,0.6251,1999.913685,9.14,0.46,21.85,1.09,-1.71,-0.09,447.96,0.04
1040,多头进场,2026-01-19 15:00,long,3199.35,0.6251,1999.913685,9.14,0.46,21.85,1.09,-1.71,-0.09,447.96,0.04
1041,空头出场,2026-01-19 23:30,long,3215.01,0.6222,1999.732134,-0.65,-0.03,7.04,0.35,-4.06,-0.20,447.31,0.04
1041,空头进场,2026-01-19 21:00,short,3213.97,0.6222,1999.732134,-0.65,-0.03,7.04,0.35,-4.06,-0.20,447.31,0.04
1042,多头出场,2026-01-20 01:30,short,3218.85,0.622,1999.73622,2.39,0.12,6.52,0.33,-2.12,-0.11,449.7,0.04
1042,多头进场,2026-01-19 23:30,long,3215.01,0.622,1999.73622,2.39,0.12,6.52,0.33,-2.12,-0.11,449.7,0.04
1043,空头出场,2026-01-20 03:00,long,3217.06,0.6213,1999.871505,1.11,0.06,7.13,0.36,-2.8,-0.14,450.81,0.05
1043,空头进场,2026-01-20 01:30,short,3218.85,0.6213,1999.871505,1.11,0.06,7.13,0.36,-2.8,-0.14,450.81,0.05
1044,多头出场,2026-01-20 04:30,short,3212.72,0.6216,1999.724496,-2.7,-0.13,4.49,0.22,-3.52,-0.18,448.11,0.04
1044,多头进场,2026-01-20 03:00,long,3217.06,0.6216,1999.724496,-2.7,-0.13,4.49,0.22,-3.52,-0.18,448.11,0.04
1045,空头出场,2026-01-20 09:00,long,3196.03,0.6225,1999.9182,10.39,0.52,29.31,1.47,-4.2,-0.21,458.5,0.05
1045,空头进场,2026-01-20 04:30,short,3212.72,0.6225,1999.9182,10.39,0.52,29.31,1.47,-4.2,-0.21,458.5,0.05
1046,多头出场,2026-01-20 10:00,short,3182.54,0.6257,1999.755971,-8.44,-0.42,0.88,0.04,-11.55,-0.58,450.06,0.05
1046,多头进场,2026-01-20 09:00,long,3196.03,0.6257,1999.755971,-8.44,-0.42,0.88,0.04,-11.55,-0.58,450.06,0.05
1047,空头出场,2026-01-20 10:30,long,3191.02,0.6284,1999.908136,-5.33,-0.27,0,0.00,-9.51,-0.48,444.73,0.04
1047,空头进场,2026-01-20 10:00,short,3182.54,0.6284,1999.908136,-5.33,-0.27,0,0.00,-9.51,-0.48,444.73,0.04
1048,多头出场,2026-01-20 11:30,short,3186.64,0.6267,1999.812234,-2.74,-0.14,1.25,0.06,-5.44,-0.27,441.99,0.04
1048,多头进场,2026-01-20 10:30,long,3191.02,0.6267,1999.812234,-2.74,-0.14,1.25,0.06,-5.44,-0.27,441.99,0.04
1049,空头出场,2026-01-20 18:00,long,3106.43,0.6276,1999.935264,50.34,2.52,63.93,3.20,-0.4,-0.02,492.33,0.05
1049,空头进场,2026-01-20 11:30,short,3186.64,0.6276,1999.935264,50.34,2.52,63.93,3.20,-0.4,-0.02,492.33,0.05
1050,多头出场,2026-01-20 18:30,short,3101.18,0.6438,1999.919634,-3.38,-0.17,0.05,0.00,-4.96,-0.25,488.95,0.05
1050,多头进场,2026-01-20 18:00,long,3106.43,0.6438,1999.919634,-3.38,-0.17,0.05,0.00,-4.96,-0.25,488.95,0.05
1051,空头出场,2026-01-20 19:00,long,3107.38,0.6449,1999.950982,-4,-0.20,0.01,0.00,-5.16,-0.26,484.95,0.05
1051,空头进场,2026-01-20 18:30,short,3101.18,0.6449,1999.950982,-4,-0.20,0.01,0.00,-5.16,-0.26,484.95,0.05
1052,多头出场,2026-01-20 21:00,short,3086.9,0.6436,1999.909768,-13.18,-0.66,3.46,0.17,-13.56,-0.68,471.77,0.05
1052,多头进场,2026-01-20 19:00,long,3107.38,0.6436,1999.909768,-13.18,-0.66,3.46,0.17,-13.56,-0.68,471.77,0.05
1053,空头出场,2026-01-21 03:30,long,2994.81,0.6478,1999.69382,59.66,2.98,69.39,3.47,-3.97,-0.20,531.42,0.05
1053,空头进场,2026-01-20 21:00,short,3086.9,0.6478,1999.69382,59.66,2.98,69.39,3.47,-3.97,-0.20,531.42,0.05
1054,多头出场,2026-01-21 05:30,short,2992.34,0.6678,1999.934118,-1.65,-0.08,6.83,0.34,-6.81,-0.34,529.78,0.05
1054,多头进场,2026-01-21 03:30,long,2994.81,0.6678,1999.934118,-1.65,-0.08,6.83,0.34,-6.81,-0.34,529.78,0.05
1055,空头出场,2026-01-21 08:30,long,2956.43,0.6683,1999.780822,24,1.20,48.75,2.44,-3.05,-0.15,553.77,0.06
1055,空头进场,2026-01-21 05:30,short,2992.34,0.6683,1999.780822,24,1.20,48.75,2.44,-3.05,-0.15,553.77,0.06
1056,多头出场,2026-01-21 14:30,short,2976.62,0.6764,1999.729252,13.66,0.68,27.95,1.40,-2.75,-0.14,567.43,0.06
1056,多头进场,2026-01-21 08:30,long,2956.43,0.6764,1999.729252,13.66,0.68,27.95,1.40,-2.75,-0.14,567.43,0.06
1057,空头出场,2026-01-21 19:00,long,2965.02,0.6719,1999.990978,7.79,0.39,19.71,0.99,-3.57,-0.18,575.22,0.06
1057,空头进场,2026-01-21 14:30,short,2976.62,0.6719,1999.990978,7.79,0.39,19.71,0.99,-3.57,-0.18,575.22,0.06
1058,多头出场,2026-01-21 19:30,short,2940.38,0.6745,1999.90599,-16.62,-0.83,0.84,0.04,-19.74,-0.99,558.6,0.06
1058,多头进场,2026-01-21 19:00,long,2965.02,0.6745,1999.90599,-16.62,-0.83,0.84,0.04,-19.74,-0.99,558.6,0.06
1059,空头出场,2026-01-21 22:00,long,2972.71,0.6801,1999.752438,-21.99,-1.10,27.7,1.39,-23.91,-1.20,536.62,0.05
1059,空头进场,2026-01-21 19:30,short,2940.38,0.6801,1999.752438,-21.99,-1.10,27.7,1.39,-23.91,-1.20,536.62,0.05
1060,多头出场,2026-01-22 00:00,short,2958.55,0.6727,1999.742017,-9.53,-0.48,32.46,1.62,-17.6,-0.88,527.09,0.05
1060,多头进场,2026-01-21 22:00,long,2972.71,0.6727,1999.742017,-9.53,-0.48,32.46,1.62,-17.6,-0.88,527.09,0.05
1061,空头出场,2026-01-22 02:30,long,2923.97,0.676,1999.9798,23.38,1.17,63.7,3.19,-0.55,-0.03,550.47,0.06
1061,空头进场,2026-01-22 00:00,short,2958.55,0.676,1999.9798,23.38,1.17,63.7,3.19,-0.55,-0.03,550.47,0.06
1062,多头出场,2026-01-22 06:30,short,3007.28,0.684,1999.99548,56.98,2.85,96.39,4.82,-7.17,-0.36,607.45,0.06
1062,多头进场,2026-01-22 02:30,long,2923.97,0.684,1999.99548,56.98,2.85,96.39,4.82,-7.17,-0.36,607.45,0.06
1063,空头出场,2026-01-22 09:00,long,3020.86,0.665,1999.8412,-9.03,-0.45,25.22,1.26,-12.43,-0.62,598.42,0.06
1063,空头进场,2026-01-22 06:30,short,3007.28,0.665,1999.8412,-9.03,-0.45,25.22,1.26,-12.43,-0.62,598.42,0.06
1064,多头出场,2026-01-22 10:30,short,3015.23,0.662,1999.80932,-3.73,-0.19,9.73,0.49,-6.37,-0.32,594.69,0.06
1064,多头进场,2026-01-22 09:00,long,3020.86,0.662,1999.80932,-3.73,-0.19,9.73,0.49,-6.37,-0.32,594.69,0.06
1065,空头出场,2026-01-22 12:30,long,3020.52,0.6632,1999.700536,-3.51,-0.18,11.57,0.58,-8.77,-0.44,591.19,0.06
1065,空头进场,2026-01-22 10:30,short,3015.23,0.6632,1999.700536,-3.51,-0.18,11.57,0.58,-8.77,-0.44,591.19,0.06
1066,多头出场,2026-01-22 13:00,short,3014.45,0.6621,1999.886292,-4.02,-0.20,3.03,0.15,-4.03,-0.20,587.17,0.06
1066,多头进场,2026-01-22 12:30,long,3020.52,0.6621,1999.886292,-4.02,-0.20,3.03,0.15,-4.03,-0.20,587.17,0.06
1067,空头出场,2026-01-22 14:30,long,3016.69,0.6634,1999.78613,-1.49,-0.07,4.91,0.25,-6.85,-0.34,585.68,0.06
1067,空头进场,2026-01-22 13:00,short,3014.45,0.6634,1999.78613,-1.49,-0.07,4.91,0.25,-6.85,-0.34,585.68,0.06
1068,多头出场,2026-01-22 15:00,short,3007.93,0.6629,1999.763801,-5.81,-0.29,1.59,0.08,-8.2,-0.41,579.87,0.06
1068,多头进场,2026-01-22 14:30,long,3016.69,0.6629,1999.763801,-5.81,-0.29,1.59,0.08,-8.2,-0.41,579.87,0.06
1069,空头出场,2026-01-22 17:30,long,3011.19,0.6649,1999.972657,-2.17,-0.11,11.66,0.58,-3.95,-0.20,577.71,0.06
1069,空头进场,2026-01-22 15:00,short,3007.93,0.6649,1999.972657,-2.17,-0.11,11.66,0.58,-3.95,-0.20,577.71,0.06
1070,多头出场,2026-01-22 18:00,short,3004.82,0.6641,1999.731279,-4.23,-0.21,0.73,0.04,-5.57,-0.28,573.48,0.06
1070,多头进场,2026-01-22 17:30,long,3011.19,0.6641,1999.731279,-4.23,-0.21,0.73,0.04,-5.57,-0.28,573.48,0.06
1071,空头出场,2026-01-22 21:00,long,2997.51,0.6655,1999.70771,4.86,0.24,19.34,0.97,-0.79,-0.04,578.34,0.06
1071,空头进场,2026-01-22 18:00,short,3004.82,0.6655,1999.70771,4.86,0.24,19.34,0.97,-0.79,-0.04,578.34,0.06
1072,多头出场,2026-01-22 21:30,short,2970.81,0.6672,1999.938672,-17.81,-0.89,5.94,0.30,-24.88,-1.24,560.53,0.06
1072,多头进场,2026-01-22 21:00,long,2997.51,0.6672,1999.938672,-17.81,-0.89,5.94,0.30,-24.88,-1.24,560.53,0.06
1073,空头出场,2026-01-23 00:30,long,2943.99,0.6732,1999.949292,18.06,0.90,44.05,2.20,-6.01,-0.30,578.58,0.06
1073,空头进场,2026-01-22 21:30,short,2970.81,0.6732,1999.949292,18.06,0.90,44.05,2.20,-6.01,-0.30,578.58,0.06
1074,多头出场,2026-01-23 01:00,short,2936.47,0.6793,1999.852407,-5.11,-0.26,5.72,0.29,-7.46,-0.37,573.47,0.06
1074,多头进场,2026-01-23 00:30,long,2943.99,0.6793,1999.852407,-5.11,-0.26,5.72,0.29,-7.46,-0.37,573.47,0.06
1075,空头出场,2026-01-23 01:30,long,2959.87,0.681,1999.73607,-15.94,-0.80,0.15,0.01,-17,-0.85,557.54,0.06
1075,空头进场,2026-01-23 01:00,short,2936.47,0.681,1999.73607,-15.94,-0.80,0.15,0.01,-17,-0.85,557.54,0.06
1076,多头出场,2026-01-23 02:30,short,2937.29,0.6757,1999.984159,-15.26,-0.76,6.7,0.34,-16.01,-0.80,542.28,0.05
1076,多头进场,2026-01-23 01:30,long,2959.87,0.6757,1999.984159,-15.26,-0.76,6.7,0.34,-16.01,-0.80,542.28,0.05
1077,空头出场,2026-01-23 03:00,long,2944.47,0.6808,1999.707032,-4.89,-0.24,7.32,0.37,-6.82,-0.34,537.39,0.05
1077,空头进场,2026-01-23 02:30,short,2937.29,0.6808,1999.707032,-4.89,-0.24,7.32,0.37,-6.82,-0.34,537.39,0.05
1078,多头出场,2026-01-23 04:00,short,2935.81,0.6792,1999.884024,-5.88,-0.29,10.78,0.54,-7.1,-0.36,531.51,0.05
1078,多头进场,2026-01-23 03:00,long,2944.47,0.6792,1999.884024,-5.88,-0.29,10.78,0.54,-7.1,-0.36,531.51,0.05
1079,空头出场,2026-01-23 05:00,long,2947.36,0.6812,1999.873772,-7.87,-0.39,4.84,0.24,-8.99,-0.45,523.64,0.05
1079,空头进场,2026-01-23 04:00,short,2935.81,0.6812,1999.873772,-7.87,-0.39,4.84,0.24,-8.99,-0.45,523.64,0.05
1080,多头出场,2026-01-23 10:30,short,2950.29,0.6785,1999.78376,1.99,0.10,14.7,0.73,-5.98,-0.30,525.63,0.05
1080,多头进场,2026-01-23 05:00,long,2947.36,0.6785,1999.78376,1.99,0.10,14.7,0.73,-5.98,-0.30,525.63,0.05
1081,空头出场,2026-01-23 11:00,long,2961.12,0.6778,1999.706562,-7.34,-0.37,0.66,0.03,-8.37,-0.42,518.29,0.05
1081,空头进场,2026-01-23 10:30,short,2950.29,0.6778,1999.706562,-7.34,-0.37,0.66,0.03,-8.37,-0.42,518.29,0.05
1082,多头出场,2026-01-23 13:30,short,2965.92,0.6754,1999.940448,3.24,0.16,13.97,0.70,-4.07,-0.20,521.53,0.05
1082,多头进场,2026-01-23 11:00,long,2961.12,0.6754,1999.940448,3.24,0.16,13.97,0.70,-4.07,-0.20,521.53,0.05
1083,空头出场,2026-01-23 18:30,long,2928.23,0.6743,1999.919856,25.41,1.27,35.85,1.79,-4.33,-0.22,546.95,0.05
1083,空头进场,2026-01-23 13:30,short,2965.92,0.6743,1999.919856,25.41,1.27,35.85,1.79,-4.33,-0.22,546.95,0.05
1084,多头出场,2026-01-23 21:30,short,2928.07,0.683,1999.98109,-0.11,-0.01,10.4,0.52,-2.15,-0.11,546.84,0.05
1084,多头进场,2026-01-23 18:30,long,2928.23,0.683,1999.98109,-0.11,-0.01,10.4,0.52,-2.15,-0.11,546.84,0.05
1085,空头出场,2026-01-23 22:00,long,2937.88,0.683,1999.87181,-6.7,-0.34,3.38,0.17,-7.06,-0.35,540.14,0.05
1085,空头进场,2026-01-23 21:30,short,2928.07,0.683,1999.87181,-6.7,-0.34,3.38,0.17,-7.06,-0.35,540.14,0.05
1086,多头出场,2026-01-23 22:30,short,2912.64,0.6807,1999.814916,-17.18,-0.86,1.01,0.05,-32.03,-1.60,522.96,0.05
1086,多头进场,2026-01-23 22:00,long,2937.88,0.6807,1999.814916,-17.18,-0.86,1.01,0.05,-32.03,-1.60,522.96,0.05
1087,空头出场,2026-01-23 23:30,long,2949.77,0.6866,1999.818624,-25.49,-1.27,10.53,0.53,-32.76,-1.64,497.46,0.05
1087,空头进场,2026-01-23 22:30,short,2912.64,0.6866,1999.818624,-25.49,-1.27,10.53,0.53,-32.76,-1.64,497.46,0.05
1088,多头出场,2026-01-24 03:00,short,2959.31,0.678,1999.94406,6.47,0.32,44.63,2.23,-8.38,-0.42,503.93,0.05
1088,多头进场,2026-01-23 23:30,long,2949.77,0.678,1999.94406,6.47,0.32,44.63,2.23,-8.38,-0.42,503.93,0.05
1089,空头出场,2026-01-24 06:00,long,2954.92,0.6758,1999.901698,2.97,0.15,20.5,1.02,-0.9,-0.04,506.9,0.05
1089,空头进场,2026-01-24 03:00,short,2959.31,0.6758,1999.901698,2.97,0.15,20.5,1.02,-0.9,-0.04,506.9,0.05
1090,多头出场,2026-01-24 08:00,short,2948.39,0.6768,1999.889856,-4.42,-0.22,2.84,0.14,-4.56,-0.23,502.48,0.05
1090,多头进场,2026-01-24 06:00,long,2954.92,0.6768,1999.889856,-4.42,-0.22,2.84,0.14,-4.56,-0.23,502.48,0.05
1091,空头出场,2026-01-24 09:00,long,2955.13,0.6783,1999.892937,-4.57,-0.23,1.66,0.08,-4.99,-0.25,497.91,0.05
1091,空头进场,2026-01-24 08:00,short,2948.39,0.6783,1999.892937,-4.57,-0.23,1.66,0.08,-4.99,-0.25,497.91,0.05
1092,多头出场,2026-01-24 12:00,short,2956.95,0.6767,1999.736471,1.23,0.06,7.73,0.39,-4.64,-0.23,499.14,0.05
1092,多头进场,2026-01-24 09:00,long,2955.13,0.6767,1999.736471,1.23,0.06,7.73,0.39,-4.64,-0.23,499.14,0.05
1093,空头出场,2026-01-24 12:30,long,2959.65,0.6763,1999.785285,-1.83,-0.09,0.51,0.03,-1.98,-0.10,497.31,0.05
1093,空头进场,2026-01-24 12:00,short,2956.95,0.6763,1999.785285,-1.83,-0.09,0.51,0.03,-1.98,-0.10,497.31,0.05
1094,多头出场,2026-01-24 13:30,short,2957.51,0.6757,1999.835505,-1.45,-0.07,1.6,0.08,-3.98,-0.20,495.87,0.05
1094,多头进场,2026-01-24 12:30,long,2959.65,0.6757,1999.835505,-1.45,-0.07,1.6,0.08,-3.98,-0.20,495.87,0.05
1095,空头出场,2026-01-24 16:30,long,2959.46,0.6762,1999.868262,-1.32,-0.07,4.08,0.20,-1.78,-0.09,494.55,0.05
1095,空头进场,2026-01-24 13:30,short,2957.51,0.6762,1999.868262,-1.32,-0.07,4.08,0.20,-1.78,-0.09,494.55,0.05
1096,多头出场,2026-01-24 17:30,short,2956.84,0.6757,1999.707122,-1.77,-0.09,1.09,0.05,-2.02,-0.10,492.78,0.05
1096,多头进场,2026-01-24 16:30,long,2959.46,0.6757,1999.707122,-1.77,-0.09,1.09,0.05,-2.02,-0.10,492.78,0.05
1097,空头出场,2026-01-24 18:30,long,2958,0.6763,1999.710892,-0.78,-0.04,1.18,0.06,-1.11,-0.06,491.99,0.05
1097,空头进场,2026-01-24 17:30,short,2956.84,0.6763,1999.710892,-0.78,-0.04,1.18,0.06,-1.11,-0.06,491.99,0.05
1098,多头出场,2026-01-24 21:00,short,2957.16,0.6761,1999.9038,-0.57,-0.03,2.03,0.10,-1.49,-0.07,491.42,0.05
1098,多头进场,2026-01-24 18:30,long,2958,0.6761,1999.9038,-0.57,-0.03,2.03,0.10,-1.49,-0.07,491.42,0.05
1099,空头出场,2026-01-24 22:30,long,2955.81,0.6763,1999.927308,0.91,0.05,10.8,0.54,-0.53,-0.03,492.34,0.05
1099,空头进场,2026-01-24 21:00,short,2957.16,0.6763,1999.927308,0.91,0.05,10.8,0.54,-0.53,-0.03,492.34,0.05
1100,多头出场,2026-01-24 23:30,short,2953.62,0.6766,1999.901046,-1.48,-0.07,5.8,0.29,-2.42,-0.12,490.86,0.05
1100,多头进场,2026-01-24 22:30,long,2955.81,0.6766,1999.901046,-1.48,-0.07,5.8,0.29,-2.42,-0.12,490.86,0.05
1101,空头出场,2026-01-25 00:30,long,2955.24,0.6771,1999.896102,-1.1,-0.05,3.32,0.17,-2.92,-0.15,489.76,0.05
1101,空头进场,2026-01-24 23:30,short,2953.62,0.6771,1999.896102,-1.1,-0.05,3.32,0.17,-2.92,-0.15,489.76,0.05
1102,多头出场,2026-01-25 03:00,short,2954.06,0.6767,1999.810908,-0.8,-0.04,6.46,0.32,-1.63,-0.08,488.96,0.05
1102,多头进场,2026-01-25 00:30,long,2955.24,0.6767,1999.810908,-0.8,-0.04,6.46,0.32,-1.63,-0.08,488.96,0.05
1103,空头出场,2026-01-25 05:30,long,2954.36,0.677,1999.89862,-0.2,-0.01,5.59,0.28,-0.76,-0.04,488.76,0.05
1103,空头进场,2026-01-25 03:00,short,2954.06,0.677,1999.89862,-0.2,-0.01,5.59,0.28,-0.76,-0.04,488.76,0.05
1104,多头出场,2026-01-25 07:00,short,2953.77,0.6769,1999.806284,-0.4,-0.02,4.38,0.22,-2.19,-0.11,488.36,0.05
1104,多头进场,2026-01-25 05:30,long,2954.36,0.6769,1999.806284,-0.4,-0.02,4.38,0.22,-2.19,-0.11,488.36,0.05
1105,空头出场,2026-01-25 08:30,long,2954.4,0.6771,1999.997667,-0.43,-0.02,3.81,0.19,-0.43,-0.02,487.93,0.05
1105,空头进场,2026-01-25 07:00,short,2953.77,0.6771,1999.997667,-0.43,-0.02,3.81,0.19,-0.43,-0.02,487.93,0.05
1106,多头出场,2026-01-25 09:00,short,2948.81,0.6769,1999.83336,-3.78,-0.19,0.83,0.04,-3.78,-0.19,484.15,0.05
1106,多头进场,2026-01-25 08:30,long,2954.4,0.6769,1999.83336,-3.78,-0.19,0.83,0.04,-3.78,-0.19,484.15,0.05
1107,空头出场,2026-01-25 13:00,long,2942.89,0.6782,1999.882942,4.01,0.20,10.21,0.51,-3.14,-0.16,488.16,0.05
1107,空头进场,2026-01-25 09:00,short,2948.81,0.6782,1999.882942,4.01,0.20,10.21,0.51,-3.14,-0.16,488.16,0.05
1108,多头出场,2026-01-25 14:00,short,2934.67,0.6796,1999.988044,-5.59,-0.28,0.34,0.02,-8.23,-0.41,482.58,0.05
1108,多头进场,2026-01-25 13:00,long,2942.89,0.6796,1999.988044,-5.59,-0.28,0.34,0.02,-8.23,-0.41,482.58,0.05
1109,空头出场,2026-01-25 14:30,long,2939.75,0.6815,1999.977605,-3.46,-0.17,1.5,0.07,-5.55,-0.28,479.11,0.05
1109,空头进场,2026-01-25 14:00,short,2934.67,0.6815,1999.977605,-3.46,-0.17,1.5,0.07,-5.55,-0.28,479.11,0.05
1110,多头出场,2026-01-25 15:00,short,2939.23,0.6803,1999.911925,-0.35,-0.02,0.01,0.00,-3.74,-0.19,478.76,0.05
1110,多头进场,2026-01-25 14:30,long,2939.75,0.6803,1999.911925,-0.35,-0.02,0.01,0.00,-3.74,-0.19,478.76,0.05
1111,空头出场,2026-01-25 18:00,long,2942.12,0.6804,1999.852092,-1.97,-0.10,14.3,0.71,-2.05,-0.10,476.79,0.05
1111,空头进场,2026-01-25 15:00,short,2939.23,0.6804,1999.852092,-1.97,-0.10,14.3,0.71,-2.05,-0.10,476.79,0.05
1112,多头出场,2026-01-25 19:30,short,2933.14,0.6797,1999.758964,-6.1,-0.31,0.87,0.04,-9.53,-0.48,470.69,0.05
1112,多头进场,2026-01-25 18:00,long,2942.12,0.6797,1999.758964,-6.1,-0.31,0.87,0.04,-9.53,-0.48,470.69,0.05
1113,空头出场,2026-01-25 20:30,long,2938.06,0.6818,1999.814852,-3.35,-0.17,3.08,0.15,-4.68,-0.23,467.34,0.05
1113,空头进场,2026-01-25 19:30,short,2933.14,0.6818,1999.814852,-3.35,-0.17,3.08,0.15,-4.68,-0.23,467.34,0.05
1114,多头出场,2026-01-25 21:00,short,2932.12,0.6807,1999.937442,-4.04,-0.20,1.46,0.07,-4.32,-0.22,463.29,0.05
1114,多头进场,2026-01-25 20:30,long,2938.06,0.6807,1999.937442,-4.04,-0.20,1.46,0.07,-4.32,-0.22,463.29,0.05
1115,空头出场,2026-01-25 21:30,long,2937.55,0.6821,1999.999052,-3.7,-0.19,0.67,0.03,-5.87,-0.29,459.59,0.05
1115,空头进场,2026-01-25 21:00,short,2932.12,0.6821,1999.999052,-3.7,-0.19,0.67,0.03,-5.87,-0.29,459.59,0.05
1116,多头出场,2026-01-25 22:00,short,2925.37,0.6808,1999.88404,-8.29,-0.41,0.54,0.03,-11.59,-0.58,451.3,0.05
1116,多头进场,2026-01-25 21:30,long,2937.55,0.6808,1999.88404,-8.29,-0.41,0.54,0.03,-11.59,-0.58,451.3,0.05
1117,空头出场,2026-01-26 05:00,long,2817.4,0.6836,1999.782932,73.81,3.69,96.31,4.82,-4.36,-0.22,525.1,0.05
1117,空头进场,2026-01-25 22:00,short,2925.37,0.6836,1999.782932,73.81,3.69,96.31,4.82,-4.36,-0.22,525.1,0.05
1118,多头出场,2026-01-26 06:00,short,2793.67,0.7098,1999.79052,-16.84,-0.84,0.92,0.05,-17.69,-0.88,508.26,0.05
1118,多头进场,2026-01-26 05:00,long,2817.4,0.7098,1999.79052,-16.84,-0.84,0.92,0.05,-17.69,-0.88,508.26,0.05
1119,空头出场,2026-01-26 07:30,long,2813.3,0.7159,1999.988353,-14.05,-0.70,7.51,0.38,-16.66,-0.83,494.21,0.05
1119,空头进场,2026-01-26 06:00,short,2793.67,0.7159,1999.988353,-14.05,-0.70,7.51,0.38,-16.66,-0.83,494.21,0.05
1120,多头出场,2026-01-26 11:00,short,2851.14,0.7109,1999.97497,26.9,1.35,58.19,2.91,-2.08,-0.10,521.11,0.05
1120,多头进场,2026-01-26 07:30,long,2813.3,0.7109,1999.97497,26.9,1.35,58.19,2.91,-2.08,-0.10,521.11,0.05
1121,空头出场,2026-01-26 12:00,long,2869.22,0.7014,1999.789596,-12.68,-0.63,8.63,0.43,-14.99,-0.75,508.43,0.05
1121,空头进场,2026-01-26 11:00,short,2851.14,0.7014,1999.789596,-12.68,-0.63,8.63,0.43,-14.99,-0.75,508.43,0.05
1122,多头出场,2026-01-26 17:00,short,2887.26,0.697,1999.84634,12.57,0.63,42.91,2.15,-8.13,-0.41,521,0.05
1122,多头进场,2026-01-26 12:00,long,2869.22,0.697,1999.84634,12.57,0.63,42.91,2.15,-8.13,-0.41,521,0.05
1123,空头出场,2026-01-26 20:00,long,2901.86,0.6926,1999.716276,-10.11,-0.51,5.98,0.30,-16.3,-0.82,510.89,0.05
1123,空头进场,2026-01-26 17:00,short,2887.26,0.6926,1999.716276,-10.11,-0.51,5.98,0.30,-16.3,-0.82,510.89,0.05
1124,多头出场,2026-01-26 22:00,short,2884,0.6892,1999.961912,-12.31,-0.62,7.35,0.37,-15.13,-0.76,498.58,0.05
1124,多头进场,2026-01-26 20:00,long,2901.86,0.6892,1999.961912,-12.31,-0.62,7.35,0.37,-15.13,-0.76,498.58,0.05
1125,空头出场,2026-01-26 22:30,long,2920.03,0.6934,1999.7656,-24.98,-1.25,6.66,0.33,-31.82,-1.59,473.6,0.05
1125,空头进场,2026-01-26 22:00,short,2884,0.6934,1999.7656,-24.98,-1.25,6.66,0.33,-31.82,-1.59,473.6,0.05
1126,多头出场,2026-01-26 23:30,short,2896.5,0.6849,1999.928547,-16.12,-0.81,18.66,0.93,-23.76,-1.19,457.48,0.05
1126,多头进场,2026-01-26 22:30,long,2920.03,0.6849,1999.928547,-16.12,-0.81,18.66,0.93,-23.76,-1.19,457.48,0.05
1127,空头出场,2026-01-27 01:30,long,2906.61,0.6904,1999.7436,-6.98,-0.35,8.78,0.44,-12.52,-0.63,450.5,0.05
1127,空头进场,2026-01-26 23:30,short,2896.5,0.6904,1999.7436,-6.98,-0.35,8.78,0.44,-12.52,-0.63,450.5,0.05
1128,多头出场,2026-01-27 04:00,short,2914.18,0.688,1999.74768,5.21,0.26,18.17,0.91,-0.78,-0.04,455.71,0.05
1128,多头进场,2026-01-27 01:30,long,2906.61,0.688,1999.74768,5.21,0.26,18.17,0.91,-0.78,-0.04,455.71,0.05
1129,空头出场,2026-01-27 05:30,long,2926.1,0.6862,1999.710316,-8.18,-0.41,14.16,0.71,-17.53,-0.88,447.53,0.04
1129,空头进场,2026-01-27 04:00,short,2914.18,0.6862,1999.710316,-8.18,-0.41,14.16,0.71,-17.53,-0.88,447.53,0.04
1130,多头出场,2026-01-27 08:00,short,2922.07,0.6835,1999.98935,-2.75,-0.14,10.84,0.54,-7.12,-0.36,444.78,0.04
1130,多头进场,2026-01-27 05:30,long,2926.1,0.6835,1999.98935,-2.75,-0.14,10.84,0.54,-7.12,-0.36,444.78,0.04
1131,空头出场,2026-01-27 09:00,long,2928.85,0.6844,1999.864708,-4.64,-0.23,8.6,0.43,-5.39,-0.27,440.14,0.04
1131,空头进场,2026-01-27 08:00,short,2922.07,0.6844,1999.864708,-4.64,-0.23,8.6,0.43,-5.39,-0.27,440.14,0.04
1132,多头出场,2026-01-27 12:30,short,2937.7,0.6828,1999.81878,6.04,0.30,16.61,0.83,-1.56,-0.08,446.18,0.04
1132,多头进场,2026-01-27 09:00,long,2928.85,0.6828,1999.81878,6.04,0.30,16.61,0.83,-1.56,-0.08,446.18,0.04
1133,空头出场,2026-01-27 19:30,long,2914.15,0.6808,1999.98616,16.03,0.80,26.96,1.35,-1.33,-0.07,462.21,0.05
1133,空头进场,2026-01-27 12:30,short,2937.7,0.6808,1999.98616,16.03,0.80,26.96,1.35,-1.33,-0.07,462.21,0.05
1134,多头出场,2026-01-27 21:00,short,2905.31,0.6863,1999.981145,-6.07,-0.30,7.41,0.37,-6.98,-0.35,456.14,0.05
1134,多头进场,2026-01-27 19:30,long,2914.15,0.6863,1999.981145,-6.07,-0.30,7.41,0.37,-6.98,-0.35,456.14,0.05
1135,空头出场,2026-01-27 22:00,long,2925.86,0.6883,1999.724873,-14.14,-0.71,1.44,0.07,-23.75,-1.19,442,0.04
1135,空头进场,2026-01-27 21:00,short,2905.31,0.6883,1999.724873,-14.14,-0.71,1.44,0.07,-23.75,-1.19,442,0.04
1136,多头出场,2026-01-27 23:00,short,2913.57,0.6835,1999.82531,-8.4,-0.42,6.96,0.35,-14.33,-0.72,433.6,0.04
1136,多头进场,2026-01-27 22:00,long,2925.86,0.6835,1999.82531,-8.4,-0.42,6.96,0.35,-14.33,-0.72,433.6,0.04
1137,空头出场,2026-01-27 23:30,long,2934.59,0.6864,1999.874448,-14.43,-0.72,0.91,0.05,-16.95,-0.85,419.17,0.04
1137,空头进场,2026-01-27 23:00,short,2913.57,0.6864,1999.874448,-14.43,-0.72,0.91,0.05,-16.95,-0.85,419.17,0.04
1138,多头出场,2026-01-28 01:00,short,2945.22,0.6815,1999.923085,7.24,0.36,40.49,2.02,-4.48,-0.22,426.42,0.04
1138,多头进场,2026-01-27 23:30,long,2934.59,0.6815,1999.923085,7.24,0.36,40.49,2.02,-4.48,-0.22,426.42,0.04
1139,空头出场,2026-01-28 02:30,long,2975.28,0.679,1999.80438,-20.41,-1.02,20.06,1.00,-27.6,-1.38,406,0.04
1139,空头进场,2026-01-28 01:00,short,2945.22,0.679,1999.80438,-20.41,-1.02,20.06,1.00,-27.6,-1.38,406,0.04
1140,多头出场,2026-01-28 06:00,short,3005.75,0.6722,1999.983216,20.48,1.02,34.45,1.72,-8.29,-0.41,426.49,0.04
1140,多头进场,2026-01-28 02:30,long,2975.28,0.6722,1999.983216,20.48,1.02,34.45,1.72,-8.29,-0.41,426.49,0.04
1141,空头出场,2026-01-28 06:30,long,3016.66,0.6653,1999.725475,-7.26,-0.36,1.22,0.06,-8.69,-0.43,419.23,0.04
1141,空头进场,2026-01-28 06:00,short,3005.75,0.6653,1999.725475,-7.26,-0.36,1.22,0.06,-8.69,-0.43,419.23,0.04
1142,多头出场,2026-01-28 08:30,short,3020.05,0.6629,1999.743914,2.25,0.11,10.08,0.50,-5.39,-0.27,421.48,0.04
1142,多头进场,2026-01-28 06:30,long,3016.66,0.6629,1999.743914,2.25,0.11,10.08,0.50,-5.39,-0.27,421.48,0.04
1143,空头出场,2026-01-28 13:30,long,3000.41,0.6622,1999.87711,13.01,0.65,20.48,1.02,-1.65,-0.08,434.48,0.04
1143,空头进场,2026-01-28 08:30,short,3020.05,0.6622,1999.87711,13.01,0.65,20.48,1.02,-1.65,-0.08,434.48,0.04
1144,多头出场,2026-01-28 15:30,short,3000.95,0.6665,1999.773265,0.36,0.02,8.74,0.44,-1.35,-0.07,434.84,0.04
1144,多头进场,2026-01-28 13:30,long,3000.41,0.6665,1999.773265,0.36,0.02,8.74,0.44,-1.35,-0.07,434.84,0.04
1145,空头出场,2026-01-28 17:30,long,3013.08,0.6664,1999.83308,-8.08,-0.40,12.08,0.60,-8.08,-0.40,426.76,0.04
1145,空头进场,2026-01-28 15:30,short,3000.95,0.6664,1999.83308,-8.08,-0.40,12.08,0.60,-8.08,-0.40,426.76,0.04
1146,多头出场,2026-01-28 22:00,short,3021.11,0.6637,1999.781196,5.33,0.27,18.43,0.92,-2.6,-0.13,432.09,0.04
1146,多头进场,2026-01-28 17:30,long,3013.08,0.6637,1999.781196,5.33,0.27,18.43,0.92,-2.6,-0.13,432.09,0.04
1147,空头出场,2026-01-29 00:00,long,3011.5,0.662,1999.97482,6.36,0.32,26.84,1.34,-6.03,-0.30,438.45,0.04
1147,空头进场,2026-01-28 22:00,short,3021.11,0.662,1999.97482,6.36,0.32,26.84,1.34,-6.03,-0.30,438.45,0.04
1148,多头出场,2026-01-29 00:30,short,2995.76,0.6641,1999.93715,-10.45,-0.52,1.42,0.07,-12.26,-0.61,428,0.04
1148,多头进场,2026-01-29 00:00,long,3011.5,0.6641,1999.93715,-10.45,-0.52,1.42,0.07,-12.26,-0.61,428,0.04
1149,空头出场,2026-01-29 01:30,long,3011,0.6676,1999.969376,-10.17,-0.51,6.09,0.30,-21.02,-1.05,417.82,0.04
1149,空头进场,2026-01-29 00:30,short,2995.76,0.6676,1999.969376,-10.17,-0.51,6.09,0.30,-21.02,-1.05,417.82,0.04
1150,多头出场,2026-01-29 04:30,short,3006.56,0.6642,1999.9062,-2.95,-0.15,15.16,0.76,-11.48,-0.57,414.87,0.04
1150,多头进场,2026-01-29 01:30,long,3011,0.6642,1999.9062,-2.95,-0.15,15.16,0.76,-11.48,-0.57,414.87,0.04
1151,空头出场,2026-01-29 05:30,long,3016.91,0.6652,1999.963712,-6.88,-0.34,9.12,0.46,-8.41,-0.42,407.99,0.04
1151,空头进场,2026-01-29 04:30,short,3006.56,0.6652,1999.963712,-6.88,-0.34,9.12,0.46,-8.41,-0.42,407.99,0.04
1152,多头出场,2026-01-29 06:00,short,3011.86,0.6629,1999.909639,-3.35,-0.17,4.16,0.21,-8.07,-0.40,404.64,0.04
1152,多头进场,2026-01-29 05:30,long,3016.91,0.6629,1999.909639,-3.35,-0.17,4.16,0.21,-8.07,-0.40,404.64,0.04
1153,空头出场,2026-01-29 06:30,long,3014.76,0.664,1999.87504,-1.93,-0.10,4.2,0.21,-2.52,-0.13,402.71,0.04
1153,空头进场,2026-01-29 06:00,short,3011.86,0.664,1999.87504,-1.93,-0.10,4.2,0.21,-2.52,-0.13,402.71,0.04
1154,多头出场,2026-01-29 07:00,short,3009.4,0.6634,1999.991784,-3.56,-0.18,2.63,0.13,-4.64,-0.23,399.16,0.04
1154,多头进场,2026-01-29 06:30,long,3014.76,0.6634,1999.991784,-3.56,-0.18,2.63,0.13,-4.64,-0.23,399.16,0.04
1155,空头出场,2026-01-29 14:00,long,2952.74,0.6645,1999.7463,37.65,1.88,49.87,2.49,-1.67,-0.08,436.81,0.04
1155,空头进场,2026-01-29 07:00,short,3009.4,0.6645,1999.7463,37.65,1.88,49.87,2.49,-1.67,-0.08,436.81,0.04
1156,多头出场,2026-01-29 16:30,short,2948.66,0.6773,1999.890802,-2.76,-0.14,8.41,0.42,-8.76,-0.44,434.05,0.04
1156,多头进场,2026-01-29 14:00,long,2952.74,0.6773,1999.890802,-2.76,-0.14,8.41,0.42,-8.76,-0.44,434.05,0.04
1157,空头出场,2026-01-29 20:30,long,2932.61,0.6782,1999.781212,10.89,0.54,19.35,0.97,-1.74,-0.09,444.93,0.04
1157,空头进场,2026-01-29 16:30,short,2948.66,0.6782,1999.781212,10.89,0.54,19.35,0.97,-1.74,-0.09,444.93,0.04
1158,多头出场,2026-01-29 22:00,short,2914.84,0.6819,1999.746759,-12.12,-0.61,1.66,0.08,-12.61,-0.63,432.81,0.04
1158,多头进场,2026-01-29 20:30,long,2932.61,0.6819,1999.746759,-12.12,-0.61,1.66,0.08,-12.61,-0.63,432.81,0.04
1159,空头出场,2026-01-30 03:30,long,2793.58,0.6861,1999.871724,83.2,4.16,111.41,5.57,-3.69,-0.18,516.01,0.05
1159,空头进场,2026-01-29 22:00,short,2914.84,0.6861,1999.871724,83.2,4.16,111.41,5.57,-3.69,-0.18,516.01,0.05
1160,多头出场,2026-01-30 08:00,short,2802.72,0.7159,1999.923922,6.54,0.33,21.96,1.10,-5.46,-0.27,522.55,0.05
1160,多头进场,2026-01-30 03:30,long,2793.58,0.7159,1999.923922,6.54,0.33,21.96,1.10,-5.46,-0.27,522.55,0.05
1161,空头出场,2026-01-30 12:00,long,2758.18,0.7135,1999.74072,31.78,1.59,78.24,3.91,-6.97,-0.35,554.33,0.06
1161,空头进场,2026-01-30 08:00,short,2802.72,0.7135,1999.74072,31.78,1.59,78.24,3.91,-6.97,-0.35,554.33,0.06
1162,多头出场,2026-01-30 13:30,short,2743.3,0.7251,1999.956318,-10.79,-0.54,3.23,0.16,-11,-0.55,543.54,0.05
1162,多头进场,2026-01-30 12:00,long,2758.18,0.7251,1999.956318,-10.79,-0.54,3.23,0.16,-11,-0.55,543.54,0.05
1163,空头出场,2026-01-30 15:00,long,2734.78,0.729,1999.8657,6.21,0.31,35.55,1.78,-1.95,-0.10,549.75,0.05
1163,空头进场,2026-01-30 13:30,short,2743.3,0.729,1999.8657,6.21,0.31,35.55,1.78,-1.95,-0.10,549.75,0.05
1164,多头出场,2026-01-30 17:00,short,2721.14,0.7313,1999.944614,-9.97,-0.50,6.81,0.34,-12.34,-0.62,539.78,0.05
1164,多头进场,2026-01-30 15:00,long,2734.78,0.7313,1999.944614,-9.97,-0.50,6.81,0.34,-12.34,-0.62,539.78,0.05
1165,空头出场,2026-01-30 18:30,long,2731.94,0.7349,1999.765786,-7.94,-0.40,10.68,0.53,-8.46,-0.42,531.84,0.05
1165,空头进场,2026-01-30 17:00,short,2721.14,0.7349,1999.765786,-7.94,-0.40,10.68,0.53,-8.46,-0.42,531.84,0.05
1166,多头出场,2026-01-30 20:30,short,2736.46,0.732,1999.78008,3.31,0.17,23.64,1.18,-0.99,-0.05,535.15,0.05
1166,多头进场,2026-01-30 18:30,long,2731.94,0.732,1999.78008,3.31,0.17,23.64,1.18,-0.99,-0.05,535.15,0.05
1167,空头出场,2026-01-30 22:30,long,2732.78,0.7308,1999.804968,2.69,0.13,13.54,0.68,-17.07,-0.85,537.84,0.05
1167,空头进场,2026-01-30 20:30,short,2736.46,0.7308,1999.804968,2.69,0.13,13.54,0.68,-17.07,-0.85,537.84,0.05
1168,多头出场,2026-01-30 23:00,short,2706.15,0.7318,1999.848404,-19.49,-0.97,11.34,0.57,-20.46,-1.02,518.35,0.05
1168,多头进场,2026-01-30 22:30,long,2732.78,0.7318,1999.848404,-19.49,-0.97,11.34,0.57,-20.46,-1.02,518.35,0.05
1169,空头出场,2026-01-30 23:30,long,2725.43,0.739,1999.84485,-14.25,-0.71,10.12,0.51,-24.53,-1.23,504.1,0.05
1169,空头进场,2026-01-30 23:00,short,2706.15,0.739,1999.84485,-14.25,-0.71,10.12,0.51,-24.53,-1.23,504.1,0.05
1170,多头出场,2026-01-31 00:30,short,2722.55,0.7338,1999.920534,-2.11,-0.11,10.46,0.52,-16.7,-0.84,501.99,0.05
1170,多头进场,2026-01-30 23:30,long,2725.43,0.7338,1999.920534,-2.11,-0.11,10.46,0.52,-16.7,-0.84,501.99,0.05
1171,空头出场,2026-01-31 01:00,long,2729.78,0.7346,1999.98523,-5.31,-0.27,14.68,0.73,-10.25,-0.51,496.68,0.05
1171,空头进场,2026-01-31 00:30,short,2722.55,0.7346,1999.98523,-5.31,-0.27,14.68,0.73,-10.25,-0.51,496.68,0.05
1172,多头出场,2026-01-31 01:30,short,2708.29,0.7326,1999.836828,-15.74,-0.79,0,0.00,-16.14,-0.81,480.94,0.05
1172,多头进场,2026-01-31 01:00,long,2729.78,0.7326,1999.836828,-15.74,-0.79,0,0.00,-16.14,-0.81,480.94,0.05
1173,空头出场,2026-01-31 02:30,long,2735.87,0.7384,1999.801336,-20.37,-1.02,54.81,2.74,-26.9,-1.35,460.57,0.05
1173,空头进场,2026-01-31 01:30,short,2708.29,0.7384,1999.801336,-20.37,-1.02,54.81,2.74,-26.9,-1.35,460.57,0.05
1174,多头出场,2026-01-31 04:00,short,2679.82,0.731,1999.92097,-40.97,-2.05,15.39,0.77,-45.54,-2.28,419.6,0.04
1174,多头进场,2026-01-31 02:30,long,2735.87,0.731,1999.92097,-40.97,-2.05,15.39,0.77,-45.54,-2.28,419.6,0.04
1175,空头出场,2026-01-31 05:30,long,2704.61,0.7463,1999.949666,-18.5,-0.93,13.43,0.67,-22.31,-1.12,401.1,0.04
1175,空头进场,2026-01-31 04:00,short,2679.82,0.7463,1999.949666,-18.5,-0.93,13.43,0.67,-22.31,-1.12,401.1,0.04
1176,多头出场,2026-01-31 06:00,short,2690.43,0.7394,1999.788634,-10.48,-0.52,0,0.00,-11.48,-0.57,390.61,0.04
1176,多头进场,2026-01-31 05:30,long,2704.61,0.7394,1999.788634,-10.48,-0.52,0,0.00,-11.48,-0.57,390.61,0.04
1177,空头出场,2026-01-31 06:30,long,2705.62,0.7433,1999.796619,-11.29,-0.56,0,0.00,-11.29,-0.56,379.32,0.04
1177,空头进场,2026-01-31 06:00,short,2690.43,0.7433,1999.796619,-11.29,-0.56,0,0.00,-11.29,-0.56,379.32,0.04
1178,多头出场,2026-01-31 07:00,short,2692.97,0.7392,1999.994304,-9.35,-0.47,1.49,0.07,-11.2,-0.56,369.97,0.04
1178,多头进场,2026-01-31 06:30,long,2705.62,0.7392,1999.994304,-9.35,-0.47,1.49,0.07,-11.2,-0.56,369.97,0.04
1179,空头出场,2026-01-31 07:30,long,2703.06,0.7426,1999.799522,-7.49,-0.37,1.64,0.08,-9.09,-0.45,362.48,0.04
1179,空头进场,2026-01-31 07:00,short,2692.97,0.7426,1999.799522,-7.49,-0.37,1.64,0.08,-9.09,-0.45,362.48,0.04
1180,多头出场,2026-01-31 09:30,short,2695.77,0.7399,1999.994094,-5.39,-0.27,5.43,0.27,-5.99,-0.30,357.09,0.04
1180,多头进场,2026-01-31 07:30,long,2703.06,0.7399,1999.994094,-5.39,-0.27,5.43,0.27,-5.99,-0.30,357.09,0.04
1181,空头出场,2026-01-31 10:30,long,2697.82,0.7419,1999.991763,-1.52,-0.08,11.27,0.56,-6.34,-0.32,355.56,0.04
1181,空头进场,2026-01-31 09:30,short,2695.77,0.7419,1999.991763,-1.52,-0.08,11.27,0.56,-6.34,-0.32,355.56,0.04
1182,多头出场,2026-01-31 11:30,short,2691.72,0.7413,1999.893966,-4.52,-0.23,3.3,0.16,-5.37,-0.27,351.04,0.04
1182,多头进场,2026-01-31 10:30,long,2697.82,0.7413,1999.893966,-4.52,-0.23,3.3,0.16,-5.37,-0.27,351.04,0.04
1183,空头出场,2026-01-31 12:00,long,2700.6,0.743,1999.94796,-6.6,-0.33,0.51,0.03,-6.66,-0.33,344.44,0.03
1183,空头进场,2026-01-31 11:30,short,2691.72,0.743,1999.94796,-6.6,-0.33,0.51,0.03,-6.66,-0.33,344.44,0.03
1184,多头出场,2026-01-31 12:30,short,2691.56,0.7405,1999.7943,-6.69,-0.33,0.01,0.00,-8.43,-0.42,337.75,0.03
1184,多头进场,2026-01-31 12:00,long,2700.6,0.7405,1999.7943,-6.69,-0.33,0.01,0.00,-8.43,-0.42,337.75,0.03
1185,空头出场,2026-01-31 13:00,long,2696.59,0.743,1999.82908,-3.74,-0.19,3.49,0.17,-4.88,-0.24,334.01,0.03
1185,空头进场,2026-01-31 12:30,short,2691.56,0.743,1999.82908,-3.74,-0.19,3.49,0.17,-4.88,-0.24,334.01,0.03
1186,多头出场,2026-01-31 13:30,short,2693.74,0.7416,1999.791144,-2.11,-0.11,2,0.10,-2.79,-0.14,331.9,0.03
1186,多头进场,2026-01-31 13:00,long,2696.59,0.7416,1999.791144,-2.11,-0.11,2,0.10,-2.79,-0.14,331.9,0.03
1187,空头出场,2026-01-31 18:30,long,2647.47,0.7424,1999.832576,34.35,1.72,64.74,3.24,-2.23,-0.11,366.25,0.04
1187,空头进场,2026-01-31 13:30,short,2693.74,0.7424,1999.832576,34.35,1.72,64.74,3.24,-2.23,-0.11,366.25,0.04
1188,多头出场,2026-01-31 19:00,short,2644.28,0.7554,1999.898838,-2.41,-0.12,0.04,0.00,-7.2,-0.36,363.84,0.04
1188,多头进场,2026-01-31 18:30,long,2647.47,0.7554,1999.898838,-2.41,-0.12,0.04,0.00,-7.2,-0.36,363.84,0.04
1189,空头出场,2026-02-01 05:00,long,2404.6,0.7563,1999.868964,181.27,9.06,299.74,14.99,-0.93,-0.05,545.11,0.05
1189,空头进场,2026-01-31 19:00,short,2644.28,0.7563,1999.868964,181.27,9.06,299.74,14.99,-0.93,-0.05,545.11,0.05
1190,多头出场,2026-02-01 11:00,short,2440.34,0.8317,1999.90582,29.72,1.49,56.68,2.83,-8.75,-0.44,574.84,0.06
1190,多头进场,2026-02-01 05:00,long,2404.6,0.8317,1999.90582,29.72,1.49,56.68,2.83,-8.75,-0.44,574.84,0.06
1191,空头出场,2026-02-01 17:30,long,2429.33,0.8195,1999.85863,9.02,0.45,40.14,2.01,-9.3,-0.47,583.86,0.06
1191,空头进场,2026-02-01 11:00,short,2440.34,0.8195,1999.85863,9.02,0.45,40.14,2.01,-9.3,-0.47,583.86,0.06
1192,多头出场,2026-02-01 18:30,short,2378.57,0.8232,1999.824456,-41.79,-2.09,5.64,0.28,-45.24,-2.26,542.07,0.05
1192,多头进场,2026-02-01 17:30,long,2429.33,0.8232,1999.824456,-41.79,-2.09,5.64,0.28,-45.24,-2.26,542.07,0.05
1193,空头出场,2026-02-01 19:30,long,2409.09,0.8408,1999.901656,-25.66,-1.28,0.16,0.01,-35.13,-1.76,516.41,0.05
1193,空头进场,2026-02-01 18:30,short,2378.57,0.8408,1999.901656,-25.66,-1.28,0.16,0.01,-35.13,-1.76,516.41,0.05
1194,多头出场,2026-02-01 20:00,short,2391.76,0.8301,1999.785609,-14.39,-0.72,0.53,0.03,-22.65,-1.13,502.03,0.05
1194,多头进场,2026-02-01 19:30,long,2409.09,0.8301,1999.785609,-14.39,-0.72,0.53,0.03,-22.65,-1.13,502.03,0.05
1195,空头出场,2026-02-01 21:00,long,2396.89,0.8362,1999.989712,-4.29,-0.21,1.39,0.07,-13.22,-0.66,497.74,0.05
1195,空头进场,2026-02-01 20:00,short,2391.76,0.8362,1999.989712,-4.29,-0.21,1.39,0.07,-13.22,-0.66,497.74,0.05
1196,多头出场,2026-02-01 21:30,short,2378.48,0.8344,1999.965016,-15.36,-0.77,1.68,0.08,-24.16,-1.21,482.37,0.05
1196,多头进场,2026-02-01 21:00,long,2396.89,0.8344,1999.965016,-15.36,-0.77,1.68,0.08,-24.16,-1.21,482.37,0.05
1197,空头出场,2026-02-02 02:00,long,2358.13,0.8408,1999.825984,17.11,0.86,79.36,3.97,-6.51,-0.33,499.49,0.05
1197,空头进场,2026-02-01 21:30,short,2378.48,0.8408,1999.825984,17.11,0.86,79.36,3.97,-6.51,-0.33,499.49,0.05
1198,多头出场,2026-02-02 03:30,short,2317.81,0.8481,1999.930053,-34.2,-1.71,1.73,0.09,-45.21,-2.26,465.29,0.05
1198,多头进场,2026-02-02 02:00,long,2358.13,0.8481,1999.930053,-34.2,-1.71,1.73,0.09,-45.21,-2.26,465.29,0.05
1199,空头出场,2026-02-02 06:00,long,2312.6,0.8628,1999.806468,4.5,0.22,33.74,1.69,-24.2,-1.21,469.78,0.05
1199,空头进场,2026-02-02 03:30,short,2317.81,0.8628,1999.806468,4.5,0.22,33.74,1.69,-24.2,-1.21,469.78,0.05
1200,多头出场,2026-02-02 07:00,short,2256.25,0.8648,1999.93648,-48.73,-2.44,11.57,0.58,-79.09,-3.95,421.05,0.04
1200,多头进场,2026-02-02 06:00,long,2312.6,0.8648,1999.93648,-48.73,-2.44,11.57,0.58,-79.09,-3.95,421.05,0.04
1201,空头出场,2026-02-02 08:00,long,2312.16,0.8864,1999.94,-49.56,-2.48,13.15,0.66,-55.91,-2.80,371.49,0.04
1201,空头进场,2026-02-02 07:00,short,2256.25,0.8864,1999.94,-49.56,-2.48,13.15,0.66,-55.91,-2.80,371.49,0.04
1202,多头出场,2026-02-02 09:30,short,2289.73,0.8649,1999.787184,-19.4,-0.97,7.98,0.40,-54.69,-2.73,352.1,0.04
1202,多头进场,2026-02-02 08:00,long,2312.16,0.8649,1999.787184,-19.4,-0.97,7.98,0.40,-54.69,-2.73,352.1,0.04
1203,空头出场,2026-02-02 12:00,long,2261.06,0.8734,1999.850182,25.04,1.25,108.82,5.44,-7.04,-0.35,377.14,0.04
1203,空头进场,2026-02-02 09:30,short,2289.73,0.8734,1999.850182,25.04,1.25,108.82,5.44,-7.04,-0.35,377.14,0.04
1204,多头出场,2026-02-02 12:30,short,2238.58,0.8845,1999.90757,-19.88,-0.99,2.03,0.10,-19.91,-1.00,357.25,0.04
1204,多头进场,2026-02-02 12:00,long,2261.06,0.8845,1999.90757,-19.88,-0.99,2.03,0.10,-19.91,-1.00,357.25,0.04
1205,空头出场,2026-02-02 14:30,long,2224.5,0.8934,1999.947372,12.58,0.63,72.01,3.60,-2.06,-0.10,369.83,0.04
1205,空头进场,2026-02-02 12:30,short,2238.58,0.8934,1999.947372,12.58,0.63,72.01,3.60,-2.06,-0.10,369.83,0.04
1206,多头出场,2026-02-03 00:30,short,2356.91,0.899,1999.8255,119.04,5.95,151.79,7.59,-7.16,-0.36,488.87,0.05
1206,多头进场,2026-02-02 14:30,long,2224.5,0.899,1999.8255,119.04,5.95,151.79,7.59,-7.16,-0.36,488.87,0.05
1207,空头出场,2026-02-03 01:00,long,2364.83,0.8485,1999.838135,-6.72,-0.34,1.43,0.07,-18.56,-0.93,482.15,0.05
1207,空头进场,2026-02-03 00:30,short,2356.91,0.8485,1999.838135,-6.72,-0.34,1.43,0.07,-18.56,-0.93,482.15,0.05
1208,多头出场,2026-02-03 01:30,short,2354.55,0.8457,1999.936731,-8.69,-0.43,5.61,0.28,-16.78,-0.84,473.45,0.05
1208,多头进场,2026-02-03 01:00,long,2364.83,0.8457,1999.936731,-8.69,-0.43,5.61,0.28,-16.78,-0.84,473.45,0.05
1209,空头出场,2026-02-03 05:30,long,2339.89,0.8494,1999.95477,12.45,0.62,36.24,1.81,-2.17,-0.11,485.91,0.05
1209,空头进场,2026-02-03 01:30,short,2354.55,0.8494,1999.95477,12.45,0.62,36.24,1.81,-2.17,-0.11,485.91,0.05
1210,多头出场,2026-02-03 10:00,short,2328.51,0.8547,1999.903983,-9.73,-0.49,14.96,0.75,-13.79,-0.69,476.18,0.05
1210,多头进场,2026-02-03 05:30,long,2339.89,0.8547,1999.903983,-9.73,-0.49,14.96,0.75,-13.79,-0.69,476.18,0.05
1211,空头出场,2026-02-03 11:30,long,2341.63,0.8589,1999.957239,-11.27,-0.56,37.52,1.88,-12.3,-0.61,464.91,0.05
1211,空头进场,2026-02-03 10:00,short,2328.51,0.8589,1999.957239,-11.27,-0.56,37.52,1.88,-12.3,-0.61,464.91,0.05
1212,多头出场,2026-02-03 13:00,short,2327.25,0.8541,1999.986183,-12.28,-0.61,9.75,0.49,-21,-1.05,452.63,0.05
1212,多头进场,2026-02-03 11:30,long,2341.63,0.8541,1999.986183,-12.28,-0.61,9.75,0.49,-21,-1.05,452.63,0.05
1213,空头出场,2026-02-03 16:00,long,2325.78,0.8593,1999.805925,1.26,0.06,25.5,1.27,-3.39,-0.17,453.89,0.05
1213,空头进场,2026-02-03 13:00,short,2327.25,0.8593,1999.805925,1.26,0.06,25.5,1.27,-3.39,-0.17,453.89,0.05
1214,多头出场,2026-02-03 16:30,short,2314.15,0.8599,1999.938222,-10,-0.50,2.27,0.11,-11.1,-0.56,443.89,0.04
1214,多头进场,2026-02-03 16:00,long,2325.78,0.8599,1999.938222,-10,-0.50,2.27,0.11,-11.1,-0.56,443.89,0.04
1215,空头出场,2026-02-03 20:00,long,2293.28,0.8642,1999.88843,18.04,0.90,42.26,2.11,-2.35,-0.12,461.93,0.05
1215,空头进场,2026-02-03 16:30,short,2314.15,0.8642,1999.88843,18.04,0.90,42.26,2.11,-2.35,-0.12,461.93,0.05
1216,多头出场,2026-02-03 22:30,short,2255.54,0.8721,1999.969488,-32.91,-1.65,18.91,0.95,-33.61,-1.68,429.01,0.04
1216,多头进场,2026-02-03 20:00,long,2293.28,0.8721,1999.969488,-32.91,-1.65,18.91,0.95,-33.61,-1.68,429.01,0.04
1217,空头出场,2026-02-03 23:00,long,2292.26,0.8867,1999.987318,-32.56,-1.63,3.07,0.15,-45.06,-2.25,396.45,0.04
1217,空头进场,2026-02-03 22:30,short,2255.54,0.8867,1999.987318,-32.56,-1.63,3.07,0.15,-45.06,-2.25,396.45,0.04
1218,多头出场,2026-02-04 00:00,short,2251.74,0.8725,1999.99685,-35.35,-1.77,15.17,0.76,-35.35,-1.77,361.1,0.04
1218,多头进场,2026-02-03 23:00,long,2292.26,0.8725,1999.99685,-35.35,-1.77,15.17,0.76,-35.35,-1.77,361.1,0.04
1219,空头出场,2026-02-04 03:00,long,2187.11,0.8882,1999.995468,57.4,2.87,126.28,6.31,-5.58,-0.28,418.51,0.04
1219,空头进场,2026-02-04 00:00,short,2251.74,0.8882,1999.995468,57.4,2.87,126.28,6.31,-5.58,-0.28,418.51,0.04
1220,多头出场,2026-02-04 06:30,short,2234.85,0.9144,1999.893384,43.65,2.18,138.31,6.92,-0.88,-0.04,462.16,0.05
1220,多头进场,2026-02-04 03:00,long,2187.11,0.9144,1999.893384,43.65,2.18,138.31,6.92,-0.88,-0.04,462.16,0.05
1221,空头出场,2026-02-04 09:00,long,2268.76,0.8949,1999.967265,-30.35,-1.52,20.5,1.03,-34.76,-1.74,431.81,0.04
1221,空头进场,2026-02-04 06:30,short,2234.85,0.8949,1999.967265,-30.35,-1.52,20.5,1.03,-34.76,-1.74,431.81,0.04
1222,多头出场,2026-02-04 10:30,short,2249.52,0.8815,1999.91194,-16.96,-0.85,8.75,0.44,-25.56,-1.28,414.85,0.04
1222,多头进场,2026-02-04 09:00,long,2268.76,0.8815,1999.91194,-16.96,-0.85,8.75,0.44,-25.56,-1.28,414.85,0.04
1223,空头出场,2026-02-04 11:00,long,2264.63,0.889,1999.82328,-13.43,-0.67,2.92,0.15,-23.51,-1.18,401.42,0.04
1223,空头进场,2026-02-04 10:30,short,2249.52,0.889,1999.82328,-13.43,-0.67,2.92,0.15,-23.51,-1.18,401.42,0.04
1224,多头出场,2026-02-04 13:30,short,2262.29,0.8831,1999.894753,-2.07,-0.10,24.49,1.22,-9.59,-0.48,399.35,0.04
1224,多头进场,2026-02-04 11:00,long,2264.63,0.8831,1999.894753,-2.07,-0.10,24.49,1.22,-9.59,-0.48,399.35,0.04
1225,空头出场,2026-02-04 14:30,long,2274.57,0.884,1999.86436,-10.86,-0.54,5.69,0.28,-16.35,-0.82,388.5,0.04
1225,空头进场,2026-02-04 13:30,short,2262.29,0.884,1999.86436,-10.86,-0.54,5.69,0.28,-16.35,-0.82,388.5,0.04
1226,多头出场,2026-02-04 16:00,short,2267.15,0.8792,1999.801944,-6.52,-0.33,12.89,0.64,-11.75,-0.59,381.97,0.04
1226,多头进场,2026-02-04 14:30,long,2274.57,0.8792,1999.801944,-6.52,-0.33,12.89,0.64,-11.75,-0.59,381.97,0.04
1227,空头出场,2026-02-04 16:30,long,2276.86,0.8821,1999.853015,-8.57,-0.43,2.87,0.14,-12.53,-0.63,373.41,0.04
1227,空头进场,2026-02-04 16:00,short,2267.15,0.8821,1999.853015,-8.57,-0.43,2.87,0.14,-12.53,-0.63,373.41,0.04
1228,多头出场,2026-02-04 17:00,short,2257.77,0.8784,1999.993824,-16.77,-0.84,0,0.00,-19.11,-0.96,356.64,0.04
1228,多头进场,2026-02-04 16:30,long,2276.86,0.8784,1999.993824,-16.77,-0.84,0,0.00,-19.11,-0.96,356.64,0.04
1229,空头出场,2026-02-05 02:30,long,2144.88,0.8858,1999.932666,100,5.00,161.91,8.10,-4.67,-0.23,456.64,0.05
1229,空头进场,2026-02-04 17:00,short,2257.77,0.8858,1999.932666,100,5.00,161.91,8.10,-4.67,-0.23,456.64,0.05
1230,多头出场,2026-02-05 05:00,short,2140.47,0.9324,1999.886112,-4.11,-0.21,42.05,2.10,-13.17,-0.66,452.53,0.05
1230,多头进场,2026-02-05 02:30,long,2144.88,0.9324,1999.886112,-4.11,-0.21,42.05,2.10,-13.17,-0.66,452.53,0.05
1231,空头出场,2026-02-05 06:00,long,2161.01,0.9343,1999.841121,-19.19,-0.96,50.02,2.50,-22.05,-1.10,433.34,0.04
1231,空头进场,2026-02-05 05:00,short,2140.47,0.9343,1999.841121,-19.19,-0.96,50.02,2.50,-22.05,-1.10,433.34,0.04
1232,多头出场,2026-02-05 06:30,short,2118.3,0.9254,1999.798654,-39.52,-1.98,0.03,0.00,-43.85,-2.19,393.81,0.04
1232,多头进场,2026-02-05 06:00,long,2161.01,0.9254,1999.798654,-39.52,-1.98,0.03,0.00,-43.85,-2.19,393.81,0.04
1233,空头出场,2026-02-05 07:00,long,2152.33,0.9441,1999.88703,-32.13,-1.61,4.98,0.25,-32.46,-1.62,361.68,0.04
1233,空头进场,2026-02-05 06:30,short,2118.3,0.9441,1999.88703,-32.13,-1.61,4.98,0.25,-32.46,-1.62,361.68,0.04
1234,多头出场,2026-02-05 08:30,short,2145.79,0.9292,1999.945036,-6.08,-0.30,9.5,0.47,-18.41,-0.92,355.61,0.04
1234,多头进场,2026-02-05 07:00,long,2152.33,0.9292,1999.945036,-6.08,-0.30,9.5,0.47,-18.41,-0.92,355.61,0.04
1235,空头出场,2026-02-05 09:00,long,2158.22,0.932,1999.87628,-11.58,-0.58,24.01,1.20,-17.96,-0.90,344.02,0.03
1235,空头进场,2026-02-05 08:30,short,2145.79,0.932,1999.87628,-11.58,-0.58,24.01,1.20,-17.96,-0.90,344.02,0.03
1236,多头出场,2026-02-05 09:30,short,2143.96,0.9266,1999.806652,-13.21,-0.66,8.9,0.44,-17.15,-0.86,330.81,0.03
1236,多头进场,2026-02-05 09:00,long,2158.22,0.9266,1999.806652,-13.21,-0.66,8.9,0.44,-17.15,-0.86,330.81,0.03
1237,空头出场,2026-02-05 15:00,long,2111.96,0.9328,1999.885888,29.85,1.49,71.21,3.56,-13.59,-0.68,360.66,0.04
1237,空头进场,2026-02-05 09:30,short,2143.96,0.9328,1999.885888,29.85,1.49,71.21,3.56,-13.59,-0.68,360.66,0.04
1238,多头出场,2026-02-05 15:30,short,2087.01,0.9469,1999.814924,-23.63,-1.18,1.72,0.09,-26.7,-1.34,337.03,0.03
1238,多头进场,2026-02-05 15:00,long,2111.96,0.9469,1999.814924,-23.63,-1.18,1.72,0.09,-26.7,-1.34,337.03,0.03
1239,空头出场,2026-02-05 16:00,long,2108.33,0.9583,1999.981683,-20.43,-1.02,0,0.00,-26.59,-1.33,316.6,0.03
1239,空头进场,2026-02-05 15:30,short,2087.01,0.9583,1999.981683,-20.43,-1.02,0,0.00,-26.59,-1.33,316.6,0.03
1240,多头出场,2026-02-05 18:30,short,2093.35,0.9486,1999.961838,-14.21,-0.71,33.5,1.68,-23.95,-1.20,302.39,0.03
1240,多头进场,2026-02-05 16:00,long,2108.33,0.9486,1999.961838,-14.21,-0.71,33.5,1.68,-23.95,-1.20,302.39,0.03
1241,空头出场,2026-02-05 22:00,long,2072.44,0.9554,1999.98659,19.98,1.00,50.71,2.54,-6.98,-0.35,322.37,0.03
1241,空头进场,2026-02-05 18:30,short,2093.35,0.9554,1999.98659,19.98,1.00,50.71,2.54,-6.98,-0.35,322.37,0.03
1242,多头出场,2026-02-05 22:30,short,2042.43,0.965,1999.9046,-28.96,-1.45,26.97,1.35,-31.77,-1.59,293.41,0.03
1242,多头进场,2026-02-05 22:00,long,2072.44,0.965,1999.9046,-28.96,-1.45,26.97,1.35,-31.77,-1.59,293.41,0.03
1243,空头出场,2026-02-06 00:30,long,1994.48,0.9792,1999.947456,46.95,2.35,115.29,5.76,-5.36,-0.27,340.36,0.03
1243,空头进场,2026-02-05 22:30,short,2042.43,0.9792,1999.947456,46.95,2.35,115.29,5.76,-5.36,-0.27,340.36,0.03
1244,多头出场,2026-02-06 01:00,short,1977.69,1.0027,1999.865096,-16.84,-0.84,2.38,0.12,-53.03,-2.65,323.53,0.03
1244,多头进场,2026-02-06 00:30,long,1994.48,1.0027,1999.865096,-16.84,-0.84,2.38,0.12,-53.03,-2.65,323.53,0.03
1245,空头出场,2026-02-06 07:00,long,1878.27,1.0112,1999.840128,100.53,5.03,162.9,8.15,-4.07,-0.20,424.06,0.04
1245,空头进场,2026-02-06 01:00,short,1977.69,1.0112,1999.840128,100.53,5.03,162.9,8.15,-4.07,-0.20,424.06,0.04
1246,多头出场,2026-02-06 07:30,short,1823.4,1.0648,1999.981896,-58.43,-2.92,6.45,0.32,-64.97,-3.25,365.64,0.04
1246,多头进场,2026-02-06 07:00,long,1878.27,1.0648,1999.981896,-58.43,-2.92,6.45,0.32,-64.97,-3.25,365.64,0.04
1247,空头出场,2026-02-06 08:30,long,1868.04,1.0968,1999.90512,-48.96,-2.45,83.78,4.19,-70.71,-3.54,316.67,0.03
1247,空头进场,2026-02-06 07:30,short,1823.4,1.0968,1999.90512,-48.96,-2.45,83.78,4.19,-70.71,-3.54,316.67,0.03
1248,多头出场,2026-02-06 11:30,short,1888.42,1.0706,1999.923624,21.82,1.09,80.83,4.04,-0.37,-0.02,338.49,0.03
1248,多头进场,2026-02-06 08:30,long,1868.04,1.0706,1999.923624,21.82,1.09,80.83,4.04,-0.37,-0.02,338.49,0.03
1249,空头出场,2026-02-06 12:00,long,1908.77,1.059,1999.83678,-21.55,-1.08,5.78,0.29,-27.43,-1.37,316.94,0.03
1249,空头进场,2026-02-06 11:30,short,1888.42,1.059,1999.83678,-21.55,-1.08,5.78,0.29,-27.43,-1.37,316.94,0.03
1250,多头出场,2026-02-06 14:30,short,1904.98,1.0477,1999.818329,-3.97,-0.20,66.02,3.30,-12.02,-0.60,312.97,0.03
1250,多头进场,2026-02-06 12:00,long,1908.77,1.0477,1999.818329,-3.97,-0.20,66.02,3.30,-12.02,-0.60,312.97,0.03
1251,空头出场,2026-02-06 17:00,long,1900.98,1.0498,1999.848004,4.2,0.21,43.61,2.18,-6.57,-0.33,317.17,0.03
1251,空头进场,2026-02-06 14:30,short,1904.98,1.0498,1999.848004,4.2,0.21,43.61,2.18,-6.57,-0.33,317.17,0.03
1252,多头出场,2026-02-06 20:00,short,1918.6,1.052,1999.83096,18.54,0.93,35.37,1.77,-1.16,-0.06,335.71,0.03
1252,多头进场,2026-02-06 17:00,long,1900.98,1.052,1999.83096,18.54,0.93,35.37,1.77,-1.16,-0.06,335.71,0.03
1253,空头出场,2026-02-06 21:00,long,1939.78,1.0424,1999.94864,-22.08,-1.10,6.91,0.35,-36.01,-1.80,313.63,0.03
1253,空头进场,2026-02-06 20:00,short,1918.6,1.0424,1999.94864,-22.08,-1.10,6.91,0.35,-36.01,-1.80,313.63,0.03
1254,多头出场,2026-02-07 02:00,short,2034.85,1.031,1999.91318,98.02,4.90,150.89,7.54,-9.74,-0.49,411.65,0.04
1254,多头进场,2026-02-06 21:00,long,1939.78,1.031,1999.91318,98.02,4.90,150.89,7.54,-9.74,-0.49,411.65,0.04
1255,空头出场,2026-02-07 02:30,long,2040.91,0.9828,1999.85058,-5.96,-0.30,4.33,0.22,-22.49,-1.12,405.69,0.04
1255,空头进场,2026-02-07 02:00,short,2034.85,0.9828,1999.85058,-5.96,-0.30,4.33,0.22,-22.49,-1.12,405.69,0.04
1256,多头出场,2026-02-07 04:00,short,2050.1,0.9799,1999.887709,9.01,0.45,26.02,1.30,-10.19,-0.51,414.7,0.04
1256,多头进场,2026-02-07 02:30,long,2040.91,0.9799,1999.887709,9.01,0.45,26.02,1.30,-10.19,-0.51,414.7,0.04
1257,空头出场,2026-02-07 06:00,long,2060.65,0.9755,1999.87255,-10.29,-0.51,10.2,0.51,-38.27,-1.91,404.4,0.04
1257,空头进场,2026-02-07 04:00,short,2050.1,0.9755,1999.87255,-10.29,-0.51,10.2,0.51,-38.27,-1.91,404.4,0.04
1258,多头出场,2026-02-07 07:30,short,2059.47,0.9705,1999.860825,-1.15,-0.06,22.62,1.13,-12.19,-0.61,403.26,0.04
1258,多头进场,2026-02-07 06:00,long,2060.65,0.9705,1999.860825,-1.15,-0.06,22.62,1.13,-12.19,-0.61,403.26,0.04
1259,空头出场,2026-02-07 09:30,long,2060.57,0.9711,1999.951317,-1.07,-0.05,27.39,1.37,-5.07,-0.25,402.19,0.04
1259,空头进场,2026-02-07 07:30,short,2059.47,0.9711,1999.951317,-1.07,-0.05,27.39,1.37,-5.07,-0.25,402.19,0.04
1260,多头出场,2026-02-07 14:00,short,2077.55,0.9706,1999.989242,16.48,0.82,54.6,2.73,-12.62,-0.63,418.67,0.04
1260,多头进场,2026-02-07 09:30,long,2060.57,0.9706,1999.989242,16.48,0.82,54.6,2.73,-12.62,-0.63,418.67,0.04
1261,空头出场,2026-02-07 19:30,long,2017.15,0.9626,1999.84963,58.14,2.91,80.69,4.04,-5.57,-0.28,476.81,0.05
1261,空头进场,2026-02-07 14:00,short,2077.55,0.9626,1999.84963,58.14,2.91,80.69,4.04,-5.57,-0.28,476.81,0.05
1262,多头出场,2026-02-07 22:30,short,2018.65,0.9914,1999.80251,1.49,0.07,55.28,2.76,-6.98,-0.35,478.3,0.05
1262,多头进场,2026-02-07 19:30,long,2017.15,0.9914,1999.80251,1.49,0.07,55.28,2.76,-6.98,-0.35,478.3,0.05
1263,空头出场,2026-02-07 23:00,long,2044.84,0.9907,1999.876555,-25.95,-1.30,5.01,0.25,-31.71,-1.59,452.35,0.05
1263,空头进场,2026-02-07 22:30,short,2018.65,0.9907,1999.876555,-25.95,-1.30,5.01,0.25,-31.71,-1.59,452.35,0.05
1264,多头出场,2026-02-08 06:00,short,2097.26,0.978,1999.85352,51.27,2.56,67.49,3.37,-28.36,-1.42,503.62,0.05
1264,多头进场,2026-02-07 23:00,long,2044.84,0.978,1999.85352,51.27,2.56,67.49,3.37,-28.36,-1.42,503.62,0.05
1265,空头出场,2026-02-08 09:30,long,2095.05,0.9536,1999.947136,2.11,0.11,24.67,1.23,-0.16,-0.01,505.73,0.05
1265,空头进场,2026-02-08 06:00,short,2097.26,0.9536,1999.947136,2.11,0.11,24.67,1.23,-0.16,-0.01,505.73,0.05
1266,多头出场,2026-02-08 10:30,short,2087.63,0.9546,1999.93473,-7.08,-0.35,10.4,0.52,-12.83,-0.64,498.64,0.05
1266,多头进场,2026-02-08 09:30,long,2095.05,0.9546,1999.93473,-7.08,-0.35,10.4,0.52,-12.83,-0.64,498.64,0.05
1267,空头出场,2026-02-08 12:30,long,2086.63,0.958,1999.94954,0.96,0.05,20.8,1.04,-4.26,-0.21,499.6,0.05
1267,空头进场,2026-02-08 10:30,short,2087.63,0.958,1999.94954,0.96,0.05,20.8,1.04,-4.26,-0.21,499.6,0.05
1268,多头出场,2026-02-08 13:00,short,2083.9,0.9584,1999.826192,-2.62,-0.13,0.56,0.03,-7.33,-0.37,496.99,0.05
1268,多头进场,2026-02-08 12:30,long,2086.63,0.9584,1999.826192,-2.62,-0.13,0.56,0.03,-7.33,-0.37,496.99,0.05
1269,空头出场,2026-02-08 14:00,long,2086.01,0.9597,1999.91883,-2.02,-0.10,6.57,0.33,-3.66,-0.18,494.96,0.05
1269,空头进场,2026-02-08 13:00,short,2083.9,0.9597,1999.91883,-2.02,-0.10,6.57,0.33,-3.66,-0.18,494.96,0.05
1270,多头出场,2026-02-08 14:30,short,2078.19,0.9587,1999.857787,-7.5,-0.37,0.01,0.00,-9.54,-0.48,487.46,0.05
1270,多头进场,2026-02-08 14:00,long,2086.01,0.9587,1999.857787,-7.5,-0.37,0.01,0.00,-9.54,-0.48,487.46,0.05
1271,空头出场,2026-02-08 15:30,long,2083.2,0.9623,1999.842237,-4.82,-0.24,10.43,0.52,-4.82,-0.24,482.64,0.05
1271,空头进场,2026-02-08 14:30,short,2078.19,0.9623,1999.842237,-4.82,-0.24,10.43,0.52,-4.82,-0.24,482.64,0.05
1272,多头出场,2026-02-08 18:00,short,2089.38,0.96,1999.872,5.93,0.30,36.79,1.84,-5.94,-0.30,488.58,0.05
1272,多头进场,2026-02-08 15:30,long,2083.2,0.96,1999.872,5.93,0.30,36.79,1.84,-5.94,-0.30,488.58,0.05
1273,空头出场,2026-02-08 19:00,long,2113.44,0.9572,1999.954536,-23.03,-1.15,1.25,0.06,-27.72,-1.39,465.55,0.05
1273,空头进场,2026-02-08 18:00,short,2089.38,0.9572,1999.954536,-23.03,-1.15,1.25,0.06,-27.72,-1.39,465.55,0.05
1274,多头出场,2026-02-08 21:30,short,2125.39,0.9463,1999.948272,11.31,0.57,28.45,1.42,-0.84,-0.04,476.85,0.05
1274,多头进场,2026-02-08 19:00,long,2113.44,0.9463,1999.948272,11.31,0.57,28.45,1.42,-0.84,-0.04,476.85,0.05
1275,空头出场,2026-02-08 22:30,long,2127.3,0.941,1999.99199,-1.8,-0.09,9.28,0.46,-2.7,-0.14,475.06,0.05
1275,空头进场,2026-02-08 21:30,short,2125.39,0.941,1999.99199,-1.8,-0.09,9.28,0.46,-2.7,-0.14,475.06,0.05
1276,多头出场,2026-02-08 23:00,short,2102.07,0.9401,1999.87473,-23.72,-1.19,2.16,0.11,-28.56,-1.43,451.34,0.05
1276,多头进场,2026-02-08 22:30,long,2127.3,0.9401,1999.87473,-23.72,-1.19,2.16,0.11,-28.56,-1.43,451.34,0.05
1277,空头出场,2026-02-09 02:00,long,2097.16,0.9514,1999.909398,4.67,0.23,28.31,1.42,-12.2,-0.61,456.01,0.05
1277,空头进场,2026-02-08 23:00,short,2102.07,0.9514,1999.909398,4.67,0.23,28.31,1.42,-12.2,-0.61,456.01,0.05
1278,多头出场,2026-02-09 04:30,short,2103.49,0.9536,1999.851776,6.04,0.30,29.38,1.47,-0.01,0.00,462.05,0.05
1278,多头进场,2026-02-09 02:00,long,2097.16,0.9536,1999.851776,6.04,0.30,29.38,1.47,-0.01,0.00,462.05,0.05
1279,空头出场,2026-02-09 06:30,long,2106.88,0.9508,1999.998292,-3.22,-0.16,13.87,0.69,-9.54,-0.48,458.82,0.05
1279,空头进场,2026-02-09 04:30,short,2103.49,0.9508,1999.998292,-3.22,-0.16,13.87,0.69,-9.54,-0.48,458.82,0.05
1280,多头出场,2026-02-09 07:00,short,2092.16,0.9492,1999.850496,-13.97,-0.70,40.27,2.01,-24.17,-1.21,444.85,0.04
1280,多头进场,2026-02-09 06:30,long,2106.88,0.9492,1999.850496,-13.97,-0.70,40.27,2.01,-24.17,-1.21,444.85,0.04
1281,空头出场,2026-02-09 09:00,long,2090.22,0.9559,1999.895744,1.85,0.09,18.61,0.93,-11.18,-0.56,446.7,0.04
1281,空头进场,2026-02-09 07:00,short,2092.16,0.9559,1999.895744,1.85,0.09,18.61,0.93,-11.18,-0.56,446.7,0.04
1282,多头出场,2026-02-09 09:30,short,2069.48,0.9568,1999.922496,-19.84,-0.99,0.83,0.04,-34.9,-1.75,426.86,0.04
1282,多头进场,2026-02-09 09:00,long,2090.22,0.9568,1999.922496,-19.84,-0.99,0.83,0.04,-34.9,-1.75,426.86,0.04
1283,空头出场,2026-02-09 10:30,long,2079.87,0.9664,1999.945472,-10.04,-0.50,4.84,0.24,-23.54,-1.18,416.82,0.04
1283,空头进场,2026-02-09 09:30,short,2069.48,0.9664,1999.945472,-10.04,-0.50,4.84,0.24,-23.54,-1.18,416.82,0.04
1284,多头出场,2026-02-09 14:00,short,2073.36,0.9615,1999.795005,-6.26,-0.31,20.69,1.03,-8.45,-0.42,410.56,0.04
1284,多头进场,2026-02-09 10:30,long,2079.87,0.9615,1999.795005,-6.26,-0.31,20.69,1.03,-8.45,-0.42,410.56,0.04
1285,空头出场,2026-02-09 20:00,long,2031.6,0.9646,1999.963056,40.28,2.01,58.75,2.94,-12.2,-0.61,450.84,0.05
1285,空头进场,2026-02-09 14:00,short,2073.36,0.9646,1999.963056,40.28,2.01,58.75,2.94,-12.2,-0.61,450.84,0.05
1286,多头出场,2026-02-09 21:30,short,2021.52,0.9844,1999.90704,-9.92,-0.50,16.71,0.84,-9.92,-0.50,440.92,0.04
1286,多头进场,2026-02-09 20:00,long,2031.6,0.9844,1999.90704,-9.92,-0.50,16.71,0.84,-9.92,-0.50,440.92,0.04
1287,空头出场,2026-02-09 22:30,long,2042.4,0.9893,1999.889736,-20.66,-1.03,13.24,0.66,-25.91,-1.30,420.26,0.04
1287,空头进场,2026-02-09 21:30,short,2021.52,0.9893,1999.889736,-20.66,-1.03,13.24,0.66,-25.91,-1.30,420.26,0.04
1288,多头出场,2026-02-10 04:00,short,2118.28,0.9792,1999.91808,74.3,3.72,100.45,5.02,-10.86,-0.54,494.56,0.05
1288,多头进场,2026-02-09 22:30,long,2042.4,0.9792,1999.91808,74.3,3.72,100.45,5.02,-10.86,-0.54,494.56,0.05
1289,空头出场,2026-02-10 04:30,long,2124.24,0.9441,1999.868148,-5.63,-0.28,0.85,0.04,-11.76,-0.59,488.94,0.05
1289,空头进场,2026-02-10 04:00,short,2118.28,0.9441,1999.868148,-5.63,-0.28,0.85,0.04,-11.76,-0.59,488.94,0.05
1290,多头出场,2026-02-10 05:00,short,2111.75,0.9415,1999.97196,-11.76,-0.59,1.31,0.07,-13.76,-0.69,477.18,0.05
1290,多头进场,2026-02-10 04:30,long,2124.24,0.9415,1999.97196,-11.76,-0.59,1.31,0.07,-13.76,-0.69,477.18,0.05
1291,空头出场,2026-02-10 09:00,long,2115.91,0.947,1999.82725,-3.94,-0.20,21.76,1.09,-14.77,-0.74,473.24,0.05
1291,空头进场,2026-02-10 05:00,short,2111.75,0.947,1999.82725,-3.94,-0.20,21.76,1.09,-14.77,-0.74,473.24,0.05
1292,多头出场,2026-02-10 10:00,short,2109.23,0.9452,1999.958132,-6.31,-0.32,7.04,0.35,-6.57,-0.33,466.92,0.05
1292,多头进场,2026-02-10 09:00,long,2115.91,0.9452,1999.958132,-6.31,-0.32,7.04,0.35,-6.57,-0.33,466.92,0.05
1293,空头出场,2026-02-10 17:00,long,2022.15,0.9482,1999.971886,82.57,4.13,107.43,5.37,-1.4,-0.07,549.49,0.05
1293,空头进场,2026-02-10 10:00,short,2109.23,0.9482,1999.971886,82.57,4.13,107.43,5.37,-1.4,-0.07,549.49,0.05
1294,多头出场,2026-02-10 19:30,short,2002.41,0.989,1999.90635,-19.52,-0.98,0.95,0.05,-21.17,-1.06,529.97,0.05
1294,多头进场,2026-02-10 17:00,long,2022.15,0.989,1999.90635,-19.52,-0.98,0.95,0.05,-21.17,-1.06,529.97,0.05
1295,空头出场,2026-02-10 20:00,long,2013.79,0.9987,1999.806867,-11.37,-0.57,0,0.00,-13.82,-0.69,518.61,0.05
1295,空头进场,2026-02-10 19:30,short,2002.41,0.9987,1999.806867,-11.37,-0.57,0,0.00,-13.82,-0.69,518.61,0.05
1296,多头出场,2026-02-10 20:30,short,2007.47,0.9931,1999.894849,-6.28,-0.31,2.81,0.14,-11.22,-0.56,512.33,0.05
1296,多头进场,2026-02-10 20:00,long,2013.79,0.9931,1999.894849,-6.28,-0.31,2.81,0.14,-11.22,-0.56,512.33,0.05
1297,空头出场,2026-02-10 21:00,long,2012.88,0.9962,1999.841614,-5.39,-0.27,6.96,0.35,-8.09,-0.40,506.94,0.05
1297,空头进场,2026-02-10 20:30,short,2007.47,0.9962,1999.841614,-5.39,-0.27,6.96,0.35,-8.09,-0.40,506.94,0.05
1298,多头出场,2026-02-10 22:30,short,2009.19,0.9936,1999.997568,-3.67,-0.18,24.85,1.24,-22.19,-1.11,503.27,0.05
1298,多头进场,2026-02-10 21:00,long,2012.88,0.9936,1999.997568,-3.67,-0.18,24.85,1.24,-22.19,-1.11,503.27,0.05
1299,空头出场,2026-02-10 23:00,long,2021.03,0.9954,1999.947726,-11.79,-0.59,5.83,0.29,-17.67,-0.88,491.49,0.05
1299,空头进场,2026-02-10 22:30,short,2009.19,0.9954,1999.947726,-11.79,-0.59,5.83,0.29,-17.67,-0.88,491.49,0.05
1300,多头出场,2026-02-11 02:00,short,2006.78,0.9895,1999.809185,-14.1,-0.71,24.52,1.23,-17.5,-0.88,477.39,0.05
1300,多头进场,2026-02-10 23:00,long,2021.03,0.9895,1999.809185,-14.1,-0.71,24.52,1.23,-17.5,-0.88,477.39,0.05
1301,空头出场,2026-02-11 03:30,long,2017.18,0.9966,1999.956948,-10.36,-0.52,10.87,0.54,-17.68,-0.88,467.02,0.05
1301,空头进场,2026-02-11 02:00,short,2006.78,0.9966,1999.956948,-10.36,-0.52,10.87,0.54,-17.68,-0.88,467.02,0.05
1302,多头出场,2026-02-11 04:00,short,2009,0.9914,1999.832252,-8.11,-0.41,3.39,0.17,-10.42,-0.52,458.91,0.05
1302,多头进场,2026-02-11 03:30,long,2017.18,0.9914,1999.832252,-8.11,-0.41,3.39,0.17,-10.42,-0.52,458.91,0.05
1303,空头出场,2026-02-11 06:00,long,2013.85,0.9955,1999.9595,-4.83,-0.24,11.86,0.59,-8.04,-0.40,454.09,0.05
1303,空头进场,2026-02-11 04:00,short,2009,0.9955,1999.9595,-4.83,-0.24,11.86,0.59,-8.04,-0.40,454.09,0.05
1304,多头出场,2026-02-11 09:00,short,2017.89,0.9931,1999.954435,4.01,0.20,15.98,0.80,-2.41,-0.12,458.1,0.05
1304,多头进场,2026-02-11 06:00,long,2013.85,0.9931,1999.954435,4.01,0.20,15.98,0.80,-2.41,-0.12,458.1,0.05
1305,空头出场,2026-02-11 09:30,long,2023.22,0.9911,1999.930779,-5.28,-0.26,2.09,0.10,-9.39,-0.47,452.81,0.05
1305,空头进场,2026-02-11 09:00,short,2017.89,0.9911,1999.930779,-5.28,-0.26,2.09,0.10,-9.39,-0.47,452.81,0.05
1306,多头出场,2026-02-11 10:30,short,2016.61,0.9885,1999.95297,-6.53,-0.33,7.6,0.38,-9.27,-0.46,446.28,0.04
1306,多头进场,2026-02-11 09:30,long,2023.22,0.9885,1999.95297,-6.53,-0.33,7.6,0.38,-9.27,-0.46,446.28,0.04
1307,空头出场,2026-02-11 17:00,long,1950.24,0.9917,1999.872137,65.82,3.29,78.63,3.93,-3.62,-0.18,512.1,0.05
1307,空头进场,2026-02-11 10:30,short,2016.61,0.9917,1999.872137,65.82,3.29,78.63,3.93,-3.62,-0.18,512.1,0.05
1308,多头出场,2026-02-11 17:30,short,1946.12,1.0255,1999.97112,-4.23,-0.21,2.49,0.12,-7.75,-0.39,507.87,0.05
1308,多头进场,2026-02-11 17:00,long,1950.24,1.0255,1999.97112,-4.23,-0.21,2.49,0.12,-7.75,-0.39,507.87,0.05
1309,空头出场,2026-02-11 19:00,long,1950.67,1.0276,1999.832912,-4.68,-0.23,14.68,0.73,-7.06,-0.35,503.2,0.05
1309,空头进场,2026-02-11 17:30,short,1946.12,1.0276,1999.832912,-4.68,-0.23,14.68,0.73,-7.06,-0.35,503.2,0.05
1310,多头出场,2026-02-11 21:00,short,1947.09,1.0252,1999.826884,-3.67,-0.18,15.33,0.77,-8.72,-0.44,499.53,0.05
1310,多头进场,2026-02-11 19:00,long,1950.67,1.0252,1999.826884,-3.67,-0.18,15.33,0.77,-8.72,-0.44,499.53,0.05
1311,空头出场,2026-02-11 21:30,long,1959.64,1.0271,1999.856139,-12.89,-0.64,4.25,0.21,-20.45,-1.02,486.64,0.05
1311,空头进场,2026-02-11 21:00,short,1947.09,1.0271,1999.856139,-12.89,-0.64,4.25,0.21,-20.45,-1.02,486.64,0.05
1312,多头出场,2026-02-11 22:30,short,1942.66,1.0205,1999.81262,-17.33,-0.87,54.02,2.70,-22.19,-1.11,469.31,0.05
1312,多头进场,2026-02-11 21:30,long,1959.64,1.0205,1999.81262,-17.33,-0.87,54.02,2.70,-22.19,-1.11,469.31,0.05
1313,空头出场,2026-02-12 01:00,long,1931.68,1.0295,1999.96847,11.3,0.57,41.34,2.07,-12.35,-0.62,480.61,0.05
1313,空头进场,2026-02-11 22:30,short,1942.66,1.0295,1999.96847,11.3,0.57,41.34,2.07,-12.35,-0.62,480.61,0.05
1314,多头出场,2026-02-12 01:30,short,1929.09,1.0353,1999.868304,-2.68,-0.13,10.21,0.51,-2.73,-0.14,477.93,0.05
1314,多头进场,2026-02-12 01:00,long,1931.68,1.0353,1999.868304,-2.68,-0.13,10.21,0.51,-2.73,-0.14,477.93,0.05
1315,空头出场,2026-02-12 02:00,long,1937.31,1.0367,1999.887603,-8.52,-0.43,14.32,0.72,-13.55,-0.68,469.41,0.05
1315,空头进场,2026-02-12 01:30,short,1929.09,1.0367,1999.887603,-8.52,-0.43,14.32,0.72,-13.55,-0.68,469.41,0.05
1316,多头出场,2026-02-12 06:30,short,1950.61,1.0323,1999.885113,13.73,0.69,51.17,2.56,-4.14,-0.21,483.14,0.05
1316,多头进场,2026-02-12 02:00,long,1937.31,1.0323,1999.885113,13.73,0.69,51.17,2.56,-4.14,-0.21,483.14,0.05
1317,空头出场,2026-02-12 08:00,long,1950.6,1.0253,1999.960433,0.01,0.00,19.23,0.96,-5.49,-0.27,483.15,0.05
1317,空头进场,2026-02-12 06:30,short,1950.61,1.0253,1999.960433,0.01,0.00,19.23,0.96,-5.49,-0.27,483.15,0.05
1318,多头出场,2026-02-12 10:30,short,1957.42,1.0253,1999.95018,6.99,0.35,26.46,1.32,-0.39,-0.02,490.14,0.05
1318,多头进场,2026-02-12 08:00,long,1950.6,1.0253,1999.95018,6.99,0.35,26.46,1.32,-0.39,-0.02,490.14,0.05
1319,空头出场,2026-02-12 11:00,long,1961.07,1.0217,1999.896014,-3.73,-0.19,1.47,0.07,-6.61,-0.33,486.41,0.05
1319,空头进场,2026-02-12 10:30,short,1957.42,1.0217,1999.896014,-3.73,-0.19,1.47,0.07,-6.61,-0.33,486.41,0.05
1320,多头出场,2026-02-12 12:00,short,1962.79,1.0198,1999.899186,1.75,0.09,12.99,0.65,-1.65,-0.08,488.17,0.05
1320,多头进场,2026-02-12 11:00,long,1961.07,1.0198,1999.899186,1.75,0.09,12.99,0.65,-1.65,-0.08,488.17,0.05
1321,空头出场,2026-02-12 12:30,long,1964.7,1.0189,1999.886731,-1.95,-0.10,3.61,0.18,-11.5,-0.58,486.22,0.05
1321,空头进场,2026-02-12 12:00,short,1962.79,1.0189,1999.886731,-1.95,-0.10,3.61,0.18,-11.5,-0.58,486.22,0.05
1322,多头出场,2026-02-12 13:00,short,1960.45,1.0179,1999.86813,-4.33,-0.22,4.05,0.20,-12.87,-0.64,481.9,0.05
1322,多头进场,2026-02-12 12:30,long,1964.7,1.0179,1999.86813,-4.33,-0.22,4.05,0.20,-12.87,-0.64,481.9,0.05
1323,空头出场,2026-02-12 13:30,long,1968.84,1.0201,1999.855045,-8.56,-0.43,1.34,0.07,-10.29,-0.51,473.34,0.05
1323,空头进场,2026-02-12 13:00,short,1960.45,1.0201,1999.855045,-8.56,-0.43,1.34,0.07,-10.29,-0.51,473.34,0.05
1324,多头出场,2026-02-12 15:30,short,1968.04,1.0158,1999.947672,-0.81,-0.04,12.91,0.65,-4.14,-0.21,472.53,0.05
1324,多头进场,2026-02-12 13:30,long,1968.84,1.0158,1999.947672,-0.81,-0.04,12.91,0.65,-4.14,-0.21,472.53,0.05
1325,空头出场,2026-02-12 17:00,long,1975.11,1.0162,1999.922248,-7.18,-0.36,11.75,0.59,-7.72,-0.39,465.34,0.05
1325,空头进场,2026-02-12 15:30,short,1968.04,1.0162,1999.922248,-7.18,-0.36,11.75,0.59,-7.72,-0.39,465.34,0.05
1326,多头出场,2026-02-12 20:00,short,1983.58,1.0126,1999.996386,8.58,0.43,24.43,1.22,-2.03,-0.10,473.92,0.05
1326,多头进场,2026-02-12 17:00,long,1975.11,1.0126,1999.996386,8.58,0.43,24.43,1.22,-2.03,-0.10,473.92,0.05
1327,空头出场,2026-02-12 21:30,long,1993.71,1.0082,1999.845356,-10.21,-0.51,9.69,0.48,-11.41,-0.57,463.7,0.05
1327,空头进场,2026-02-12 20:00,short,1983.58,1.0082,1999.845356,-10.21,-0.51,9.69,0.48,-11.41,-0.57,463.7,0.05
1328,多头出场,2026-02-12 22:00,short,1985.36,1.0031,1999.890501,-8.38,-0.42,0.71,0.04,-14,-0.70,455.33,0.05
1328,多头进场,2026-02-12 21:30,long,1993.71,1.0031,1999.890501,-8.38,-0.42,0.71,0.04,-14,-0.70,455.33,0.05
1329,空头出场,2026-02-13 02:30,long,1917.43,1.0073,1999.853128,68.43,3.42,88.63,4.43,-7.84,-0.39,523.75,0.05
1329,空头进场,2026-02-12 22:00,short,1985.36,1.0073,1999.853128,68.43,3.42,88.63,4.43,-7.84,-0.39,523.75,0.05
1330,多头出场,2026-02-13 04:00,short,1917.27,1.043,1999.87949,-0.17,-0.01,23.14,1.16,-6.77,-0.34,523.59,0.05
1330,多头进场,2026-02-13 02:30,long,1917.43,1.043,1999.87949,-0.17,-0.01,23.14,1.16,-6.77,-0.34,523.59,0.05
1331,空头出场,2026-02-13 05:00,long,1919.71,1.0431,1999.904337,-2.55,-0.13,8.96,0.45,-7.21,-0.36,521.04,0.05
1331,空头进场,2026-02-13 04:00,short,1917.27,1.0431,1999.904337,-2.55,-0.13,8.96,0.45,-7.21,-0.36,521.04,0.05
1332,多头出场,2026-02-13 08:00,short,1933.78,1.0418,1999.953878,14.66,0.73,33.67,1.68,-1.8,-0.09,535.7,0.05
1332,多头进场,2026-02-13 05:00,long,1919.71,1.0418,1999.953878,14.66,0.73,33.67,1.68,-1.8,-0.09,535.7,0.05
1333,空头出场,2026-02-13 09:00,long,1939.79,1.0342,1999.915276,-6.22,-0.31,7.12,0.36,-11.26,-0.56,529.49,0.05
1333,空头进场,2026-02-13 08:00,short,1933.78,1.0342,1999.915276,-6.22,-0.31,7.12,0.36,-11.26,-0.56,529.49,0.05
1334,多头出场,2026-02-13 12:30,short,1943.35,1.031,1999.92349,3.67,0.18,17.4,0.87,-1.01,-0.05,533.16,0.05
1334,多头进场,2026-02-13 09:00,long,1939.79,1.031,1999.92349,3.67,0.18,17.4,0.87,-1.01,-0.05,533.16,0.05
1335,空头出场,2026-02-13 15:00,long,1944.78,1.0291,1999.901485,-1.47,-0.07,20.26,1.01,-3.9,-0.20,531.68,0.05
1335,空头进场,2026-02-13 12:30,short,1943.35,1.0291,1999.901485,-1.47,-0.07,20.26,1.01,-3.9,-0.20,531.68,0.05
1336,多头出场,2026-02-13 15:30,short,1934.53,1.0283,1999.817274,-10.54,-0.53,0.02,0.00,-13.49,-0.67,521.14,0.05
1336,多头进场,2026-02-13 15:00,long,1944.78,1.0283,1999.817274,-10.54,-0.53,0.02,0.00,-13.49,-0.67,521.14,0.05
1337,空头出场,2026-02-13 16:00,long,1943.95,1.0338,1999.917114,-9.74,-0.49,2.02,0.10,-12.01,-0.60,511.41,0.05
1337,空头进场,2026-02-13 15:30,short,1934.53,1.0338,1999.917114,-9.74,-0.49,2.02,0.10,-12.01,-0.60,511.41,0.05
1338,多头出场,2026-02-13 19:00,short,1954.79,1.0288,1999.93576,11.15,0.56,24.01,1.20,-1,-0.05,522.56,0.05
1338,多头进场,2026-02-13 16:00,long,1943.95,1.0288,1999.93576,11.15,0.56,24.01,1.20,-1,-0.05,522.56,0.05
1339,空头出场,2026-02-13 19:30,long,1958.81,1.0231,1999.945649,-4.11,-0.21,9.67,0.48,-5.83,-0.29,518.44,0.05
1339,空头进场,2026-02-13 19:00,short,1954.79,1.0231,1999.945649,-4.11,-0.21,9.67,0.48,-5.83,-0.29,518.44,0.05
1340,多头出场,2026-02-14 03:00,short,2053.03,1.021,1999.94501,96.2,4.81,113.92,5.70,-7.61,-0.38,614.64,0.06
1340,多头进场,2026-02-13 19:30,long,1958.81,1.021,1999.94501,96.2,4.81,113.92,5.70,-7.61,-0.38,614.64,0.06
1341,空头出场,2026-02-14 08:30,long,2053.83,0.9741,1999.856523,-0.78,-0.04,14.24,0.71,-7.01,-0.35,613.86,0.06
1341,空头进场,2026-02-14 03:00,short,2053.03,0.9741,1999.856523,-0.78,-0.04,14.24,0.71,-7.01,-0.35,613.86,0.06
1342,多头出场,2026-02-14 10:00,short,2048.93,0.9737,1999.814271,-4.77,-0.24,2.57,0.13,-6.52,-0.33,609.09,0.06
1342,多头进场,2026-02-14 08:30,long,2053.83,0.9737,1999.814271,-4.77,-0.24,2.57,0.13,-6.52,-0.33,609.09,0.06
1343,空头出场,2026-02-14 11:30,long,2053.33,0.9761,1999.960573,-4.29,-0.21,1.4,0.07,-5.67,-0.28,604.8,0.06
1343,空头进场,2026-02-14 10:00,short,2048.93,0.9761,1999.960573,-4.29,-0.21,1.4,0.07,-5.67,-0.28,604.8,0.06
1344,多头出场,2026-02-14 12:30,short,2052.52,0.974,1999.94342,-0.79,-0.04,3.47,0.17,-1.53,-0.08,604.01,0.06
1344,多头进场,2026-02-14 11:30,long,2053.33,0.974,1999.94342,-0.79,-0.04,3.47,0.17,-1.53,-0.08,604.01,0.06
1345,空头出场,2026-02-14 13:00,long,2053.9,0.9744,1999.975488,-1.34,-0.07,2.06,0.10,-2.68,-0.13,602.66,0.06
1345,空头进场,2026-02-14 12:30,short,2052.52,0.9744,1999.975488,-1.34,-0.07,2.06,0.10,-2.68,-0.13,602.66,0.06
1346,多头出场,2026-02-14 13:30,short,2050.23,0.9737,1999.88243,-3.57,-0.18,0.63,0.03,-3.85,-0.19,599.09,0.06
1346,多头进场,2026-02-14 13:00,long,2053.9,0.9737,1999.88243,-3.57,-0.18,0.63,0.03,-3.85,-0.19,599.09,0.06
1347,空头出场,2026-02-14 14:30,long,2052.4,0.9755,1999.999365,-2.12,-0.11,2.69,0.13,-3.21,-0.16,596.97,0.06
1347,空头进场,2026-02-14 13:30,short,2050.23,0.9755,1999.999365,-2.12,-0.11,2.69,0.13,-3.21,-0.16,596.97,0.06
1348,多头出场,2026-02-14 20:30,short,2069.98,0.9744,1999.85856,17.13,0.86,51.6,2.58,-2.58,-0.13,614.1,0.06
1348,多头进场,2026-02-14 14:30,long,2052.4,0.9744,1999.85856,17.13,0.86,51.6,2.58,-2.58,-0.13,614.1,0.06
1349,空头出场,2026-02-14 22:30,long,2084.13,0.9661,1999.807678,-13.67,-0.68,4.69,0.23,-16.9,-0.84,600.43,0.06
1349,空头进场,2026-02-14 20:30,short,2069.98,0.9661,1999.807678,-13.67,-0.68,4.69,0.23,-16.9,-0.84,600.43,0.06
1350,多头出场,2026-02-15 00:00,short,2071.58,0.9596,1999.931148,-12.04,-0.60,7.88,0.39,-16.4,-0.82,588.39,0.06
1350,多头进场,2026-02-14 22:30,long,2084.13,0.9596,1999.931148,-12.04,-0.60,7.88,0.39,-16.4,-0.82,588.39,0.06
1351,空头出场,2026-02-15 00:30,long,2081.72,0.9654,1999.903332,-9.79,-0.49,4.62,0.23,-11.63,-0.58,578.6,0.06
1351,空头进场,2026-02-15 00:00,short,2071.58,0.9654,1999.903332,-9.79,-0.49,4.62,0.23,-11.63,-0.58,578.6,0.06
1352,多头出场,2026-02-15 01:30,short,2079.24,0.9607,1999.908404,-2.38,-0.12,6.1,0.31,-4.8,-0.24,576.22,0.06
1352,多头进场,2026-02-15 00:30,long,2081.72,0.9607,1999.908404,-2.38,-0.12,6.1,0.31,-4.8,-0.24,576.22,0.06
1353,空头出场,2026-02-15 02:00,long,2081.34,0.9618,1999.813032,-2.02,-0.10,1.35,0.07,-4.94,-0.25,574.2,0.06
1353,空头进场,2026-02-15 01:30,short,2079.24,0.9618,1999.813032,-2.02,-0.10,1.35,0.07,-4.94,-0.25,574.2,0.06
1354,多头出场,2026-02-15 05:00,short,2083.74,0.9609,1999.959606,2.31,0.12,15.62,0.78,-3.61,-0.18,576.51,0.06
1354,多头进场,2026-02-15 02:00,long,2081.34,0.9609,1999.959606,2.31,0.12,15.62,0.78,-3.61,-0.18,576.51,0.06
1355,空头出场,2026-02-15 06:00,long,2088.25,0.9598,1999.973652,-4.33,-0.22,5.53,0.28,-7.88,-0.39,572.18,0.06
1355,空头进场,2026-02-15 05:00,short,2083.74,0.9598,1999.973652,-4.33,-0.22,5.53,0.28,-7.88,-0.39,572.18,0.06
1356,多头出场,2026-02-15 07:00,short,2087.32,0.9577,1999.917025,-0.89,-0.04,5.15,0.26,-5.22,-0.26,571.29,0.06
1356,多头进场,2026-02-15 06:00,long,2088.25,0.9577,1999.917025,-0.89,-0.04,5.15,0.26,-5.22,-0.26,571.29,0.06
1357,空头出场,2026-02-15 12:00,long,2071.85,0.9581,1999.861292,14.82,0.74,49.38,2.47,-1.95,-0.10,586.11,0.06
1357,空头进场,2026-02-15 07:00,short,2087.32,0.9581,1999.861292,14.82,0.74,49.38,2.47,-1.95,-0.10,586.11,0.06
1358,多头出场,2026-02-15 16:00,short,2075.76,0.9653,1999.956805,3.77,0.19,29.01,1.45,-0.57,-0.03,589.88,0.06
1358,多头进场,2026-02-15 12:00,long,2071.85,0.9653,1999.956805,3.77,0.19,29.01,1.45,-0.57,-0.03,589.88,0.06
1359,空头出场,2026-02-15 20:00,long,2065.49,0.9635,1999.99476,9.9,0.49,20.99,1.05,-1.04,-0.05,599.78,0.06
1359,空头进场,2026-02-15 16:00,short,2075.76,0.9635,1999.99476,9.9,0.49,20.99,1.05,-1.04,-0.05,599.78,0.06
1360,多头出场,2026-02-15 20:30,short,2010.66,0.9682,1999.807418,-53.09,-2.65,1.31,0.07,-53.09,-2.65,546.69,0.05
1360,多头进场,2026-02-15 20:00,long,2065.49,0.9682,1999.807418,-53.09,-2.65,1.31,0.07,-53.09,-2.65,546.69,0.05
1361,空头出场,2026-02-15 23:30,long,2010.68,0.9946,1999.802436,-0.02,0.00,17.29,0.86,-16.05,-0.80,546.67,0.05
1361,空头进场,2026-02-15 20:30,short,2010.66,0.9946,1999.802436,-0.02,0.00,17.29,0.86,-16.05,-0.80,546.67,0.05
1362,多头出场,2026-02-16 00:00,short,2006.83,0.9946,1999.822328,-3.83,-0.19,0.01,0.00,-15.66,-0.78,542.84,0.05
1362,多头进场,2026-02-15 23:30,long,2010.68,0.9946,1999.822328,-3.83,-0.19,0.01,0.00,-15.66,-0.78,542.84,0.05
1363,空头出场,2026-02-16 00:30,long,2005.76,0.9965,1999.806095,1.07,0.05,5.27,0.26,-2.43,-0.12,543.91,0.05
1363,空头进场,2026-02-16 00:00,short,2006.83,0.9965,1999.806095,1.07,0.05,5.27,0.26,-2.43,-0.12,543.91,0.05
1364,多头出场,2026-02-16 01:00,short,1997.38,0.9971,1999.943296,-8.36,-0.42,2.52,0.13,-10.19,-0.51,535.55,0.05
1364,多头进场,2026-02-16 00:30,long,2005.76,0.9971,1999.943296,-8.36,-0.42,2.52,0.13,-10.19,-0.51,535.55,0.05
1365,空头出场,2026-02-16 05:00,long,1954.34,1.0013,1999.976594,43.1,2.15,68.77,3.44,-2.12,-0.11,578.65,0.06
1365,空头进场,2026-02-16 01:00,short,1997.38,1.0013,1999.976594,43.1,2.15,68.77,3.44,-2.12,-0.11,578.65,0.06
1366,多头出场,2026-02-16 09:30,short,1962.02,1.0233,1999.876122,7.86,0.39,26.09,1.30,-9.84,-0.49,586.51,0.06
1366,多头进场,2026-02-16 05:00,long,1954.34,1.0233,1999.876122,7.86,0.39,26.09,1.30,-9.84,-0.49,586.51,0.06
1367,空头出场,2026-02-16 11:30,long,1957.73,1.0193,1999.886986,4.37,0.22,13.85,0.69,-3.73,-0.19,590.88,0.06
1367,空头进场,2026-02-16 09:30,short,1962.02,1.0193,1999.886986,4.37,0.22,13.85,0.69,-3.73,-0.19,590.88,0.06
1368,多头出场,2026-02-16 13:00,short,1957.47,1.0215,1999.821195,-0.27,-0.01,15.69,0.78,-3.81,-0.19,590.61,0.06
1368,多头进场,2026-02-16 11:30,long,1957.73,1.0215,1999.821195,-0.27,-0.01,15.69,0.78,-3.81,-0.19,590.61,0.06
1369,空头出场,2026-02-16 14:30,long,1965.81,1.0217,1999.947099,-8.52,-0.43,5.59,0.28,-9.29,-0.46,582.09,0.06
1369,空头进场,2026-02-16 13:00,short,1957.47,1.0217,1999.947099,-8.52,-0.43,5.59,0.28,-9.29,-0.46,582.09,0.06
1370,多头出场,2026-02-16 18:30,short,1977.86,1.0173,1999.818513,12.26,0.61,26.79,1.34,-2.32,-0.12,594.35,0.06
1370,多头进场,2026-02-16 14:30,long,1965.81,1.0173,1999.818513,12.26,0.61,26.79,1.34,-2.32,-0.12,594.35,0.06
1371,空头出场,2026-02-16 20:00,long,1991.38,1.0111,1999.814246,-13.67,-0.68,21.65,1.08,-17.12,-0.86,580.68,0.06
1371,空头进场,2026-02-16 18:30,short,1977.86,1.0111,1999.814246,-13.67,-0.68,21.65,1.08,-17.12,-0.86,580.68,0.06
1372,多头出场,2026-02-16 21:00,short,1977.7,1.0043,1999.942934,-13.74,-0.69,30.31,1.52,-20.17,-1.01,566.94,0.06
1372,多头进场,2026-02-16 20:00,long,1991.38,1.0043,1999.942934,-13.74,-0.69,30.31,1.52,-20.17,-1.01,566.94,0.06
1373,空头出场,2026-02-17 00:00,long,1970.39,1.0112,1999.85024,7.39,0.37,40.82,2.04,-8.03,-0.40,574.33,0.06
1373,空头进场,2026-02-16 21:00,short,1977.7,1.0112,1999.85024,7.39,0.37,40.82,2.04,-8.03,-0.40,574.33,0.06
1374,多头出场,2026-02-17 02:30,short,1967.85,1.015,1999.94585,-2.58,-0.13,16.73,0.84,-9.53,-0.48,571.76,0.06
1374,多头进场,2026-02-17 00:00,long,1970.39,1.015,1999.94585,-2.58,-0.13,16.73,0.84,-9.53,-0.48,571.76,0.06
1375,空头出场,2026-02-17 03:30,long,1972.93,1.0163,1999.925955,-5.16,-0.26,2.5,0.13,-10.95,-0.55,566.59,0.06
1375,空头进场,2026-02-17 02:30,short,1967.85,1.0163,1999.925955,-5.16,-0.26,2.5,0.13,-10.95,-0.55,566.59,0.06
1376,多头出场,2026-02-17 09:30,short,1990.97,1.0137,1999.959141,18.29,0.91,33.9,1.69,-2.46,-0.12,584.88,0.06
1376,多头进场,2026-02-17 03:30,long,1972.93,1.0137,1999.959141,18.29,0.91,33.9,1.69,-2.46,-0.12,584.88,0.06
1377,空头出场,2026-02-17 10:00,long,2003.36,1.0045,1999.929365,-12.45,-0.62,10.8,0.54,-15.92,-0.80,572.44,0.06
1377,空头进场,2026-02-17 09:30,short,1990.97,1.0045,1999.929365,-12.45,-0.62,10.8,0.54,-15.92,-0.80,572.44,0.06
1378,多头出场,2026-02-17 10:30,short,1997.68,0.9983,1999.954288,-5.67,-0.28,0.92,0.05,-5.67,-0.28,566.77,0.06
1378,多头进场,2026-02-17 10:00,long,2003.36,0.9983,1999.954288,-5.67,-0.28,0.92,0.05,-5.67,-0.28,566.77,0.06
1379,空头出场,2026-02-17 15:30,long,1984.94,1.0011,1999.877448,12.75,0.64,33.9,1.69,-0.43,-0.02,579.52,0.06
1379,空头进场,2026-02-17 10:30,short,1997.68,1.0011,1999.877448,12.75,0.64,33.9,1.69,-0.43,-0.02,579.52,0.06
1380,多头出场,2026-02-17 16:30,short,1976.05,1.0075,1999.82705,-8.96,-0.45,4.92,0.25,-12,-0.60,570.56,0.06
1380,多头进场,2026-02-17 15:30,long,1984.94,1.0075,1999.82705,-8.96,-0.45,4.92,0.25,-12,-0.60,570.56,0.06
1381,空头出场,2026-02-17 20:00,long,1971.48,1.0121,1999.960205,4.63,0.23,15.05,0.75,-2.86,-0.14,575.19,0.06
1381,空头进场,2026-02-17 16:30,short,1976.05,1.0121,1999.960205,4.63,0.23,15.05,0.75,-2.86,-0.14,575.19,0.06
1382,多头出场,2026-02-17 20:30,short,1968.77,1.0144,1999.869312,-2.75,-0.14,4.49,0.22,-5.11,-0.26,572.44,0.06
1382,多头进场,2026-02-17 20:00,long,1971.48,1.0144,1999.869312,-2.75,-0.14,4.49,0.22,-5.11,-0.26,572.44,0.06
1383,空头出场,2026-02-17 21:00,long,1983.17,1.0158,1999.876566,-14.63,-0.73,4.88,0.24,-20.43,-1.02,557.81,0.06
1383,空头进场,2026-02-17 20:30,short,1968.77,1.0158,1999.876566,-14.63,-0.73,4.88,0.24,-20.43,-1.02,557.81,0.06
1384,多头出场,2026-02-17 22:30,short,1947.6,1.0084,1999.828628,-35.87,-1.79,18.52,0.93,-39.67,-1.98,521.94,0.05
1384,多头进场,2026-02-17 21:00,long,1983.17,1.0084,1999.828628,-35.87,-1.79,18.52,0.93,-39.67,-1.98,521.94,0.05
1385,空头出场,2026-02-17 23:30,long,1967.28,1.0269,1999.99044,-20.21,-1.01,6.71,0.34,-21.41,-1.07,501.73,0.05
1385,空头进场,2026-02-17 22:30,short,1947.6,1.0269,1999.99044,-20.21,-1.01,6.71,0.34,-21.41,-1.07,501.73,0.05
1386,多头出场,2026-02-18 01:30,short,1965.28,1.0166,1999.936848,-2.03,-0.10,42.18,2.11,-14.17,-0.71,499.7,0.05
1386,多头进场,2026-02-17 23:30,long,1967.28,1.0166,1999.936848,-2.03,-0.10,42.18,2.11,-14.17,-0.71,499.7,0.05
1387,空头出场,2026-02-18 02:00,long,1988.2,1.0176,1999.868928,-23.32,-1.17,4.35,0.22,-24.95,-1.25,476.38,0.05
1387,空头进场,2026-02-18 01:30,short,1965.28,1.0176,1999.868928,-23.32,-1.17,4.35,0.22,-24.95,-1.25,476.38,0.05
1388,多头出场,2026-02-18 06:30,short,1993.07,1.0059,1999.93038,4.9,0.24,26.13,1.31,-1.18,-0.06,481.28,0.05
1388,多头进场,2026-02-18 02:00,long,1988.2,1.0059,1999.93038,4.9,0.24,26.13,1.31,-1.18,-0.06,481.28,0.05
1389,空头出场,2026-02-18 10:00,long,1983.15,1.0034,1999.846438,9.95,0.50,24.81,1.24,-4.2,-0.21,491.23,0.05
1389,空头进场,2026-02-18 06:30,short,1993.07,1.0034,1999.846438,9.95,0.50,24.81,1.24,-4.2,-0.21,491.23,0.05
1390,多头出场,2026-02-18 15:00,short,1999.08,1.0084,1999.80846,16.06,0.80,24.33,1.22,-0.68,-0.03,507.29,0.05
1390,多头进场,2026-02-18 10:00,long,1983.15,1.0084,1999.80846,16.06,0.80,24.33,1.22,-0.68,-0.03,507.29,0.05
1391,空头出场,2026-02-18 15:30,long,2017.25,1.0004,1999.879632,-18.18,-0.91,0.79,0.04,-22.3,-1.12,489.12,0.05
1391,空头进场,2026-02-18 15:00,short,1999.08,1.0004,1999.879632,-18.18,-0.91,0.79,0.04,-22.3,-1.12,489.12,0.05
1392,多头出场,2026-02-18 17:30,short,2015.88,0.9914,1999.90165,-1.36,-0.07,20.38,1.02,-1.79,-0.09,487.76,0.05
1392,多头进场,2026-02-18 15:30,long,2017.25,0.9914,1999.90165,-1.36,-0.07,20.38,1.02,-1.79,-0.09,487.76,0.05
1393,空头出场,2026-02-18 23:00,long,1981.13,0.9921,1999.954548,34.48,1.72,61.49,3.07,-1.61,-0.08,522.23,0.05
1393,空头进场,2026-02-18 17:30,short,2015.88,0.9921,1999.954548,34.48,1.72,61.49,3.07,-1.61,-0.08,522.23,0.05
1394,多头出场,2026-02-19 00:00,short,1975.48,1.0095,1999.950735,-5.7,-0.29,28.36,1.42,-16.96,-0.85,516.53,0.05
1394,多头进场,2026-02-18 23:00,long,1981.13,1.0095,1999.950735,-5.7,-0.29,28.36,1.42,-16.96,-0.85,516.53,0.05
1395,空头出场,2026-02-19 05:00,long,1946.41,1.0124,1999.975952,29.43,1.47,52.62,2.63,-11.29,-0.56,545.96,0.05
1395,空头进场,2026-02-19 00:00,short,1975.48,1.0124,1999.975952,29.43,1.47,52.62,2.63,-11.29,-0.56,545.96,0.05
1396,多头出场,2026-02-19 05:30,short,1941.29,1.0275,1999.936275,-5.26,-0.26,1.24,0.06,-7.95,-0.40,540.7,0.05
1396,多头进场,2026-02-19 05:00,long,1946.41,1.0275,1999.936275,-5.26,-0.26,1.24,0.06,-7.95,-0.40,540.7,0.05
1397,空头出场,2026-02-19 06:30,long,1947.21,1.0302,1999.916958,-6.1,-0.30,2.17,0.11,-8.39,-0.42,534.6,0.05
1397,空头进场,2026-02-19 05:30,short,1941.29,1.0302,1999.916958,-6.1,-0.30,2.17,0.11,-8.39,-0.42,534.6,0.05
1398,多头出场,2026-02-19 12:30,short,1968.91,1.0271,1999.979391,22.29,1.11,31.72,1.59,-3.35,-0.17,556.89,0.06
1398,多头进场,2026-02-19 06:30,long,1947.21,1.0271,1999.979391,22.29,1.11,31.72,1.59,-3.35,-0.17,556.89,0.06
1399,空头出场,2026-02-19 14:00,long,1980.6,1.0157,1999.821887,-11.87,-0.59,5.34,0.27,-13.88,-0.69,545.01,0.05
1399,空头进场,2026-02-19 12:30,short,1968.91,1.0157,1999.821887,-11.87,-0.59,5.34,0.27,-13.88,-0.69,545.01,0.05
1400,多头出场,2026-02-19 16:00,short,1971.98,1.0097,1999.81182,-8.7,-0.44,6.14,0.31,-10.34,-0.52,536.31,0.05
1400,多头进场,2026-02-19 14:00,long,1980.6,1.0097,1999.81182,-8.7,-0.44,6.14,0.31,-10.34,-0.52,536.31,0.05
1401,空头出场,2026-02-19 17:00,long,1976.68,1.0142,1999.982116,-4.77,-0.24,6.35,0.32,-7.68,-0.38,531.54,0.05
1401,空头进场,2026-02-19 16:00,short,1971.98,1.0142,1999.982116,-4.77,-0.24,6.35,0.32,-7.68,-0.38,531.54,0.05
1402,多头出场,2026-02-19 17:30,short,1963.12,1.0117,1999.807156,-13.72,-0.69,0.77,0.04,-15.48,-0.77,517.83,0.05
1402,多头进场,2026-02-19 17:00,long,1976.68,1.0117,1999.807156,-13.72,-0.69,0.77,0.04,-15.48,-0.77,517.83,0.05
1403,空头出场,2026-02-19 22:30,long,1936.01,1.0187,1999.830344,27.62,1.38,51.66,2.58,-4.9,-0.25,545.44,0.05
1403,空头进场,2026-02-19 17:30,short,1963.12,1.0187,1999.830344,27.62,1.38,51.66,2.58,-4.9,-0.25,545.44,0.05
1404,多头出场,2026-02-19 23:00,short,1917.1,1.033,1999.89833,-19.53,-0.98,10.93,0.55,-23.67,-1.18,525.91,0.05
1404,多头进场,2026-02-19 22:30,long,1936.01,1.033,1999.89833,-19.53,-0.98,10.93,0.55,-23.67,-1.18,525.91,0.05
1405,空头出场,2026-02-20 01:00,long,1928.77,1.0432,1999.91872,-12.17,-0.61,10.87,0.54,-27.46,-1.37,513.73,0.05
1405,空头进场,2026-02-19 23:00,short,1917.1,1.0432,1999.91872,-12.17,-0.61,10.87,0.54,-27.46,-1.37,513.73,0.05
1406,多头出场,2026-02-20 01:30,short,1920.05,1.0369,1999.941613,-9.04,-0.45,1.93,0.10,-18.71,-0.94,504.69,0.05
1406,多头进场,2026-02-20 01:00,long,1928.77,1.0369,1999.941613,-9.04,-0.45,1.93,0.10,-18.71,-0.94,504.69,0.05
1407,空头出场,2026-02-20 02:00,long,1937.34,1.0416,1999.92408,-18.01,-0.90,4,0.20,-20.6,-1.03,486.68,0.05
1407,空头进场,2026-02-20 01:30,short,1920.05,1.0416,1999.92408,-18.01,-0.90,4,0.20,-20.6,-1.03,486.68,0.05
1408,多头出场,2026-02-20 06:00,short,1939.03,1.0323,1999.916082,1.74,0.09,14.76,0.74,-10.09,-0.50,488.43,0.05
1408,多头进场,2026-02-20 02:00,long,1937.34,1.0323,1999.916082,1.74,0.09,14.76,0.74,-10.09,-0.50,488.43,0.05
1409,空头出场,2026-02-20 06:30,long,1943.52,1.0314,1999.915542,-4.63,-0.23,2.71,0.14,-5.93,-0.30,483.8,0.05
1409,空头进场,2026-02-20 06:00,short,1939.03,1.0314,1999.915542,-4.63,-0.23,2.71,0.14,-5.93,-0.30,483.8,0.05
1410,多头出场,2026-02-20 09:30,short,1952.83,1.029,1999.88208,9.58,0.48,20.44,1.02,-1.83,-0.09,493.38,0.05
1410,多头进场,2026-02-20 06:30,long,1943.52,1.029,1999.88208,9.58,0.48,20.44,1.02,-1.83,-0.09,493.38,0.05
1411,空头出场,2026-02-20 11:00,long,1957.32,1.0241,1999.893203,-4.6,-0.23,5.46,0.27,-6.79,-0.34,488.78,0.05
1411,空头进场,2026-02-20 09:30,short,1952.83,1.0241,1999.893203,-4.6,-0.23,5.46,0.27,-6.79,-0.34,488.78,0.05
1412,多头出场,2026-02-20 12:00,short,1937.14,1.0218,1999.989576,-20.62,-1.03,1.9,0.10,-26.61,-1.33,468.16,0.05
1412,多头进场,2026-02-20 11:00,long,1957.32,1.0218,1999.989576,-20.62,-1.03,1.9,0.10,-26.61,-1.33,468.16,0.05
1413,空头出场,2026-02-20 13:30,long,1954.44,1.0324,1999.903336,-17.86,-0.89,2.58,0.13,-27.82,-1.39,450.3,0.05
1413,空头进场,2026-02-20 12:00,short,1937.14,1.0324,1999.903336,-17.86,-0.89,2.58,0.13,-27.82,-1.39,450.3,0.05
1414,多头出场,2026-02-20 18:30,short,1956.71,1.0233,1999.978452,2.32,0.12,18.73,0.94,-5.34,-0.27,452.62,0.05
1414,多头进场,2026-02-20 13:30,long,1954.44,1.0233,1999.978452,2.32,0.12,18.73,0.94,-5.34,-0.27,452.62,0.05
1415,空头出场,2026-02-20 23:00,long,1955.81,1.0221,1999.953291,0.92,0.05,34.45,1.72,-22.69,-1.13,453.54,0.05
1415,空头进场,2026-02-20 18:30,short,1956.71,1.0221,1999.953291,0.92,0.05,34.45,1.72,-22.69,-1.13,453.54,0.05
1416,多头出场,2026-02-21 01:00,short,1943.59,1.0225,1999.815725,-12.49,-0.62,16.6,0.83,-17.52,-0.88,441.05,0.04
1416,多头进场,2026-02-20 23:00,long,1955.81,1.0225,1999.815725,-12.49,-0.62,16.6,0.83,-17.52,-0.88,441.05,0.04
1417,空头出场,2026-02-21 01:30,long,1965.75,1.029,1999.95411,-22.8,-1.14,0.4,0.02,-27.22,-1.36,418.24,0.04
1417,空头进场,2026-02-21 01:00,short,1943.59,1.029,1999.95411,-22.8,-1.14,0.4,0.02,-27.22,-1.36,418.24,0.04
1418,多头出场,2026-02-21 03:00,short,1963.56,1.0174,1999.95405,-2.23,-0.11,14.6,0.73,-6.52,-0.33,416.02,0.04
1418,多头进场,2026-02-21 01:30,long,1965.75,1.0174,1999.95405,-2.23,-0.11,14.6,0.73,-6.52,-0.33,416.02,0.04
1419,空头出场,2026-02-21 04:30,long,1970.26,1.0185,1999.88586,-6.82,-0.34,2.64,0.13,-7.34,-0.37,409.19,0.04
1419,空头进场,2026-02-21 03:00,short,1963.56,1.0185,1999.88586,-6.82,-0.34,2.64,0.13,-7.34,-0.37,409.19,0.04
1420,多头出场,2026-02-21 06:00,short,1969.68,1.015,1999.8139,-0.59,-0.03,4.11,0.21,-6.69,-0.33,408.6,0.04
1420,多头进场,2026-02-21 04:30,long,1970.26,1.015,1999.8139,-0.59,-0.03,4.11,0.21,-6.69,-0.33,408.6,0.04
1421,空头出场,2026-02-21 06:30,long,1970.72,1.0153,1999.816104,-1.06,-0.05,2.94,0.15,-2.77,-0.14,407.55,0.04
1421,空头进场,2026-02-21 06:00,short,1969.68,1.0153,1999.816104,-1.06,-0.05,2.94,0.15,-2.77,-0.14,407.55,0.04
1422,多头出场,2026-02-21 07:00,short,1966.64,1.0148,1999.886656,-4.14,-0.21,1.8,0.09,-4.27,-0.21,403.41,0.04
1422,多头进场,2026-02-21 06:30,long,1970.72,1.0148,1999.886656,-4.14,-0.21,1.8,0.09,-4.27,-0.21,403.41,0.04
1423,空头出场,2026-02-21 10:00,long,1968.58,1.0169,1999.876216,-1.97,-0.10,6.06,0.30,-2.61,-0.13,401.43,0.04
1423,空头进场,2026-02-21 07:00,short,1966.64,1.0169,1999.876216,-1.97,-0.10,6.06,0.30,-2.61,-0.13,401.43,0.04
1424,多头出场,2026-02-21 10:30,short,1965.05,1.0159,1999.880422,-3.59,-0.18,1.29,0.06,-4.12,-0.21,397.85,0.04
1424,多头进场,2026-02-21 10:00,long,1968.58,1.0159,1999.880422,-3.59,-0.18,1.29,0.06,-4.12,-0.21,397.85,0.04
1425,空头出场,2026-02-21 12:30,long,1961.59,1.0177,1999.831385,3.52,0.18,9.72,0.49,-0.12,-0.01,401.37,0.04
1425,空头进场,2026-02-21 10:30,short,1965.05,1.0177,1999.831385,3.52,0.18,9.72,0.49,-0.12,-0.01,401.37,0.04
1426,多头出场,2026-02-21 14:30,short,1960.66,1.0195,1999.841005,-0.95,-0.05,3.77,0.19,-1.81,-0.09,400.42,0.04
1426,多头进场,2026-02-21 12:30,long,1961.59,1.0195,1999.841005,-0.95,-0.05,3.77,0.19,-1.81,-0.09,400.42,0.04
1427,空头出场,2026-02-21 15:00,long,1962.51,1.02,1999.8732,-1.89,-0.09,1.45,0.07,-3.46,-0.17,398.53,0.04
1427,空头进场,2026-02-21 14:30,short,1960.66,1.02,1999.8732,-1.89,-0.09,1.45,0.07,-3.46,-0.17,398.53,0.04
1428,多头出场,2026-02-21 20:00,short,1970.19,1.0191,1999.993941,7.83,0.39,25.53,1.28,-2,-0.10,406.36,0.04
1428,多头进场,2026-02-21 15:00,long,1962.51,1.0191,1999.993941,7.83,0.39,25.53,1.28,-2,-0.10,406.36,0.04
1429,空头出场,2026-02-21 20:30,long,1975.16,1.0151,1999.939869,-5.05,-0.25,1.06,0.05,-5.18,-0.26,401.32,0.04
1429,空头进场,2026-02-21 20:00,short,1970.19,1.0151,1999.939869,-5.05,-0.25,1.06,0.05,-5.18,-0.26,401.32,0.04
1430,多头出场,2026-02-22 00:00,short,1983.18,1.0125,1999.8495,8.12,0.41,18.9,0.95,-3.25,-0.16,409.44,0.04
1430,多头进场,2026-02-21 20:30,long,1975.16,1.0125,1999.8495,8.12,0.41,18.9,0.95,-3.25,-0.16,409.44,0.04
1431,空头出场,2026-02-22 00:30,long,1985.44,1.0084,1999.838712,-2.28,-0.11,2.93,0.15,-5.66,-0.28,407.16,0.04
1431,空头进场,2026-02-22 00:00,short,1983.18,1.0084,1999.838712,-2.28,-0.11,2.93,0.15,-5.66,-0.28,407.16,0.04
1432,多头出场,2026-02-22 01:00,short,1985.28,1.0073,1999.933712,-0.16,-0.01,2.11,0.11,-1.87,-0.09,407,0.04
1432,多头进场,2026-02-22 00:30,long,1985.44,1.0073,1999.933712,-0.16,-0.01,2.11,0.11,-1.87,-0.09,407,0.04
1433,空头出场,2026-02-22 01:30,long,1987.77,1.0074,1999.971072,-2.51,-0.13,0.88,0.04,-5.76,-0.29,404.49,0.04
1433,空头进场,2026-02-22 01:00,short,1985.28,1.0074,1999.971072,-2.51,-0.13,0.88,0.04,-5.76,-0.29,404.49,0.04
1434,多头出场,2026-02-22 03:30,short,1987.59,1.0061,1999.895397,-0.18,-0.01,6.8,0.34,-0.79,-0.04,404.31,0.04
1434,多头进场,2026-02-22 01:30,long,1987.77,1.0061,1999.895397,-0.18,-0.01,6.8,0.34,-0.79,-0.04,404.31,0.04
1435,空头出场,2026-02-22 09:00,long,1977.49,1.0062,1999.913058,10.16,0.51,19.87,0.99,-2.06,-0.10,414.47,0.04
1435,空头进场,2026-02-22 03:30,short,1987.59,1.0062,1999.913058,10.16,0.51,19.87,0.99,-2.06,-0.10,414.47,0.04
1436,多头出场,2026-02-22 10:30,short,1971.87,1.0113,1999.835637,-5.68,-0.28,5.07,0.25,-5.71,-0.29,408.78,0.04
1436,多头进场,2026-02-22 09:00,long,1977.49,1.0113,1999.835637,-5.68,-0.28,5.07,0.25,-5.71,-0.29,408.78,0.04
1437,空头出场,2026-02-22 11:30,long,1974.31,1.0142,1999.870554,-2.47,-0.12,4.46,0.22,-3.94,-0.20,406.31,0.04
1437,空头进场,2026-02-22 10:30,short,1971.87,1.0142,1999.870554,-2.47,-0.12,4.46,0.22,-3.94,-0.20,406.31,0.04
1438,多头出场,2026-02-22 12:00,short,1972,1.013,1999.97603,-2.34,-0.12,1.52,0.08,-3.46,-0.17,403.97,0.04
1438,多头进场,2026-02-22 11:30,long,1974.31,1.013,1999.97603,-2.34,-0.12,1.52,0.08,-3.46,-0.17,403.97,0.04
1439,空头出场,2026-02-22 12:30,long,1973.28,1.0141,1999.8052,-1.3,-0.06,1.3,0.06,-2.28,-0.11,402.67,0.04
1439,空头进场,2026-02-22 12:00,short,1972,1.0141,1999.8052,-1.3,-0.06,1.3,0.06,-2.28,-0.11,402.67,0.04
1440,多头出场,2026-02-22 16:00,short,1972.79,1.0135,1999.91928,-0.5,-0.02,5.89,0.29,-2.4,-0.12,402.18,0.04
1440,多头进场,2026-02-22 12:30,long,1973.28,1.0135,1999.91928,-0.5,-0.02,5.89,0.29,-2.4,-0.12,402.18,0.04
1441,空头出场,2026-02-22 17:30,long,1975.41,1.0137,1999.817223,-2.66,-0.13,2.55,0.13,-3.15,-0.16,399.52,0.04
1441,空头进场,2026-02-22 16:00,short,1972.79,1.0137,1999.817223,-2.66,-0.13,2.55,0.13,-3.15,-0.16,399.52,0.04
1442,多头出场,2026-02-22 20:00,short,1974.1,1.0124,1999.905084,-1.33,-0.07,7.35,0.37,-4.22,-0.21,398.19,0.04
1442,多头进场,2026-02-22 17:30,long,1975.41,1.0124,1999.905084,-1.33,-0.07,7.35,0.37,-4.22,-0.21,398.19,0.04
1443,空头出场,2026-02-23 00:30,long,1952.15,1.0131,1999.96071,22.24,1.11,30.63,1.53,-0.01,0.00,420.43,0.04
1443,空头进场,2026-02-22 20:00,short,1974.1,1.0131,1999.96071,22.24,1.11,30.63,1.53,-0.01,0.00,420.43,0.04
1444,多头出场,2026-02-23 01:00,short,1947.94,1.0245,1999.977675,-4.31,-0.22,1.14,0.06,-6.3,-0.32,416.12,0.04
1444,多头进场,2026-02-23 00:30,long,1952.15,1.0245,1999.977675,-4.31,-0.22,1.14,0.06,-6.3,-0.32,416.12,0.04
1445,空头出场,2026-02-23 03:30,long,1943.3,1.0267,1999.949998,4.76,0.24,13.26,0.66,-0.77,-0.04,420.88,0.04
1445,空头进场,2026-02-23 01:00,short,1947.94,1.0267,1999.949998,4.76,0.24,13.26,0.66,-0.77,-0.04,420.88,0.04
1446,多头出场,2026-02-23 04:30,short,1940.43,1.0291,1999.85003,-2.95,-0.15,2.24,0.11,-3.63,-0.18,417.93,0.04
1446,多头进场,2026-02-23 03:30,long,1943.3,1.0291,1999.85003,-2.95,-0.15,2.24,0.11,-3.63,-0.18,417.93,0.04
1447,空头出场,2026-02-23 05:30,long,1950.09,1.0306,1999.807158,-9.96,-0.50,0,0.00,-11.84,-0.59,407.97,0.04
1447,空头进场,2026-02-23 04:30,short,1940.43,1.0306,1999.807158,-9.96,-0.50,0,0.00,-11.84,-0.59,407.97,0.04
1448,多头出场,2026-02-23 08:00,short,1947.7,1.0255,1999.817295,-2.45,-0.12,10.55,0.53,-4.02,-0.20,405.52,0.04
1448,多头进场,2026-02-23 05:30,long,1950.09,1.0255,1999.817295,-2.45,-0.12,10.55,0.53,-4.02,-0.20,405.52,0.04
1449,空头出场,2026-02-23 13:00,long,1866.46,1.0268,1999.89836,83.42,4.17,102.47,5.12,-0.05,0.00,488.94,0.05
1449,空头进场,2026-02-23 08:00,short,1947.7,1.0268,1999.89836,83.42,4.17,102.47,5.12,-0.05,0.00,488.94,0.05
1450,多头出场,2026-02-23 22:00,short,1916.04,1.0715,1999.91189,53.12,2.66,72.88,3.64,-4.17,-0.21,542.06,0.05
1450,多头进场,2026-02-23 13:00,long,1866.46,1.0715,1999.91189,53.12,2.66,72.88,3.64,-4.17,-0.21,542.06,0.05
1451,空头出场,2026-02-24 04:30,long,1859.99,1.0438,1999.962552,58.5,2.93,82.53,4.13,-3.13,-0.16,600.57,0.06
1451,空头进场,2026-02-23 22:00,short,1916.04,1.0438,1999.962552,58.5,2.93,82.53,4.13,-3.13,-0.16,600.57,0.06
1452,多头出场,2026-02-24 06:30,short,1859.3,1.0752,1999.861248,-0.74,-0.04,9.58,0.48,-2.05,-0.10,599.83,0.06
1452,多头进场,2026-02-24 04:30,long,1859.99,1.0752,1999.861248,-0.74,-0.04,9.58,0.48,-2.05,-0.10,599.83,0.06
1453,空头出场,2026-02-24 07:00,long,1860.77,1.0756,1999.86308,-1.58,-0.08,0.25,0.01,-7.27,-0.36,598.25,0.06
1453,空头进场,2026-02-24 06:30,short,1859.3,1.0756,1999.86308,-1.58,-0.08,0.25,0.01,-7.27,-0.36,598.25,0.06
1454,多头出场,2026-02-24 07:30,short,1855.84,1.0748,1999.955596,-5.3,-0.26,0.41,0.02,-11.22,-0.56,592.95,0.06
1454,多头进场,2026-02-24 07:00,long,1860.77,1.0748,1999.955596,-5.3,-0.26,0.41,0.02,-11.22,-0.56,592.95,0.06
1455,空头出场,2026-02-24 08:00,long,1862.72,1.0776,1999.853184,-7.41,-0.37,0.75,0.04,-12.04,-0.60,585.53,0.06
1455,空头进场,2026-02-24 07:30,short,1855.84,1.0776,1999.853184,-7.41,-0.37,0.75,0.04,-12.04,-0.60,585.53,0.06
1456,多头出场,2026-02-24 09:00,short,1849.1,1.0736,1999.816192,-14.62,-0.73,6.73,0.34,-54.33,-2.72,570.91,0.06
1456,多头进场,2026-02-24 08:00,long,1862.72,1.0736,1999.816192,-14.62,-0.73,6.73,0.34,-54.33,-2.72,570.91,0.06
1457,空头出场,2026-02-24 14:00,long,1828.33,1.0816,1999.98656,22.46,1.12,38,1.90,-7.98,-0.40,593.38,0.06
1457,空头进场,2026-02-24 09:00,short,1849.1,1.0816,1999.98656,22.46,1.12,38,1.90,-7.98,-0.40,593.38,0.06
1458,多头出场,2026-02-24 14:30,short,1820.32,1.0938,1999.827354,-8.76,-0.44,2.64,0.13,-11.17,-0.56,584.61,0.06
1458,多头进场,2026-02-24 14:00,long,1828.33,1.0938,1999.827354,-8.76,-0.44,2.64,0.13,-11.17,-0.56,584.61,0.06
1459,空头出场,2026-02-24 15:00,long,1829.51,1.0987,1999.985584,-10.1,-0.50,5.85,0.29,-10.65,-0.53,574.52,0.06
1459,空头进场,2026-02-24 14:30,short,1820.32,1.0987,1999.985584,-10.1,-0.50,5.85,0.29,-10.65,-0.53,574.52,0.06
1460,多头出场,2026-02-24 17:00,short,1823.66,1.0931,1999.837381,-6.39,-0.32,6.72,0.34,-12.32,-0.62,568.12,0.06
1460,多头进场,2026-02-24 15:00,long,1829.51,1.0931,1999.837381,-6.39,-0.32,6.72,0.34,-12.32,-0.62,568.12,0.06
1461,空头出场,2026-02-24 17:30,long,1826.59,1.0966,1999.825556,-3.21,-0.16,9.57,0.48,-3.21,-0.16,564.91,0.06
1461,空头进场,2026-02-24 17:00,short,1823.66,1.0966,1999.825556,-3.21,-0.16,9.57,0.48,-3.21,-0.16,564.91,0.06
1462,多头出场,2026-02-24 18:30,short,1825.44,1.0949,1999.933391,-1.26,-0.06,2.73,0.14,-7.01,-0.35,563.65,0.06
1462,多头进场,2026-02-24 17:30,long,1826.59,1.0949,1999.933391,-1.26,-0.06,2.73,0.14,-7.01,-0.35,563.65,0.06
1463,空头出场,2026-02-24 19:30,long,1826.21,1.0956,1999.952064,-0.84,-0.04,8.03,0.40,-1.52,-0.08,562.81,0.06
1463,空头进场,2026-02-24 18:30,short,1825.44,1.0956,1999.952064,-0.84,-0.04,8.03,0.40,-1.52,-0.08,562.81,0.06
1464,多头出场,2026-02-24 20:30,short,1823.43,1.0951,1999.882571,-3.04,-0.15,3.66,0.18,-5.85,-0.29,559.76,0.06
1464,多头进场,2026-02-24 19:30,long,1826.21,1.0951,1999.882571,-3.04,-0.15,3.66,0.18,-5.85,-0.29,559.76,0.06
1465,空头出场,2026-02-24 22:30,long,1834.15,1.0968,1999.938024,-11.76,-0.59,21.71,1.09,-26.05,-1.30,548,0.05
1465,空头进场,2026-02-24 20:30,short,1823.43,1.0968,1999.938024,-11.76,-0.59,21.71,1.09,-26.05,-1.30,548,0.05
1466,多头出场,2026-02-25 02:00,short,1850.18,1.0904,1999.95716,17.48,0.87,33.15,1.66,-6.27,-0.31,565.48,0.06
1466,多头进场,2026-02-24 22:30,long,1834.15,1.0904,1999.95716,17.48,0.87,33.15,1.66,-6.27,-0.31,565.48,0.06
1467,空头出场,2026-02-25 02:30,long,1854.48,1.0809,1999.859562,-4.65,-0.23,0.39,0.02,-10.24,-0.51,560.84,0.06
1467,空头进场,2026-02-25 02:00,short,1850.18,1.0809,1999.859562,-4.65,-0.23,0.39,0.02,-10.24,-0.51,560.84,0.06
1468,多头出场,2026-02-25 03:00,short,1849.25,1.0784,1999.871232,-5.64,-0.28,8,0.40,-8.5,-0.42,555.2,0.06
1468,多头进场,2026-02-25 02:30,long,1854.48,1.0784,1999.871232,-5.64,-0.28,8,0.40,-8.5,-0.42,555.2,0.06
1469,空头出场,2026-02-25 04:00,long,1856.32,1.0815,1999.963875,-7.65,-0.38,0.52,0.03,-9.66,-0.48,547.55,0.05
1469,空头进场,2026-02-25 03:00,short,1849.25,1.0815,1999.963875,-7.65,-0.38,0.52,0.03,-9.66,-0.48,547.55,0.05
1470,多头出场,2026-02-25 05:00,short,1847.2,1.0774,1999.999168,-9.83,-0.49,5.74,0.29,-11.84,-0.59,537.72,0.05
1470,多头进场,2026-02-25 04:00,long,1856.32,1.0774,1999.999168,-9.83,-0.49,5.74,0.29,-11.84,-0.59,537.72,0.05
1471,空头出场,2026-02-25 06:00,long,1858.56,1.0827,1999.96344,-12.3,-0.61,1.05,0.05,-17.37,-0.87,525.42,0.05
1471,空头进场,2026-02-25 05:00,short,1847.2,1.0827,1999.96344,-12.3,-0.61,1.05,0.05,-17.37,-0.87,525.42,0.05
1472,多头出场,2026-02-25 07:00,short,1857.17,1.0761,1999.996416,-1.5,-0.07,1.94,0.10,-7.43,-0.37,523.93,0.05
1472,多头进场,2026-02-25 06:00,long,1858.56,1.0761,1999.996416,-1.5,-0.07,1.94,0.10,-7.43,-0.37,523.93,0.05
1473,空头出场,2026-02-25 09:00,long,1910.31,1.0769,1999.986373,-57.23,-2.86,11.06,0.55,-71.15,-3.56,466.7,0.05
1473,空头进场,2026-02-25 07:00,short,1857.17,1.0769,1999.986373,-57.23,-2.86,11.06,0.55,-71.15,-3.56,466.7,0.05
1474,多头出场,2026-02-25 11:30,short,1906.36,1.0469,1999.903539,-4.14,-0.21,33.44,1.67,-6.67,-0.33,462.57,0.05
1474,多头进场,2026-02-25 09:00,long,1910.31,1.0469,1999.903539,-4.14,-0.21,33.44,1.67,-6.67,-0.33,462.57,0.05
1475,空头出场,2026-02-25 12:00,long,1912.18,1.0491,1999.962276,-6.11,-0.31,10.81,0.54,-7.15,-0.36,456.46,0.05
1475,空头进场,2026-02-25 11:30,short,1906.36,1.0491,1999.962276,-6.11,-0.31,10.81,0.54,-7.15,-0.36,456.46,0.05
1476,多头出场,2026-02-25 12:30,short,1906.58,1.0459,1999.949062,-5.86,-0.29,2.36,0.12,-6.16,-0.31,450.6,0.05
1476,多头进场,2026-02-25 12:00,long,1912.18,1.0459,1999.949062,-5.86,-0.29,2.36,0.12,-6.16,-0.31,450.6,0.05
1477,空头出场,2026-02-25 16:00,long,1896.48,1.0489,1999.811762,10.59,0.53,29.52,1.48,-1.87,-0.09,461.2,0.05
1477,空头进场,2026-02-25 12:30,short,1906.58,1.0489,1999.811762,10.59,0.53,29.52,1.48,-1.87,-0.09,461.2,0.05
1478,多头出场,2026-02-26 03:00,short,2067.84,1.0545,1999.83816,180.7,9.04,196.74,9.84,-0.03,0.00,641.9,0.06
1478,多头进场,2026-02-25 16:00,long,1896.48,1.0545,1999.83816,180.7,9.04,196.74,9.84,-0.03,0.00,641.9,0.06
1479,空头出场,2026-02-26 03:30,long,2071.33,0.9671,1999.808064,-3.38,-0.17,6.61,0.33,-5.32,-0.27,638.52,0.06
1479,空头进场,2026-02-26 03:00,short,2067.84,0.9671,1999.808064,-3.38,-0.17,6.61,0.33,-5.32,-0.27,638.52,0.06
1480,多头出场,2026-02-26 04:00,short,2060.36,0.9655,1999.869115,-10.59,-0.53,2.89,0.14,-10.59,-0.53,627.93,0.06
1480,多头进场,2026-02-26 03:30,long,2071.33,0.9655,1999.869115,-10.59,-0.53,2.89,0.14,-10.59,-0.53,627.93,0.06
1481,空头出场,2026-02-26 04:30,long,2076.7,0.9707,1999.991452,-15.86,-0.79,1.52,0.08,-22.14,-1.11,612.07,0.06
1481,空头进场,2026-02-26 04:00,short,2060.36,0.9707,1999.991452,-15.86,-0.79,1.52,0.08,-22.14,-1.11,612.07,0.06
1482,多头出场,2026-02-26 05:00,short,2068.04,0.963,1999.8621,-8.34,-0.42,1.3,0.07,-8.34,-0.42,603.73,0.06
1482,多头进场,2026-02-26 04:30,long,2076.7,0.963,1999.8621,-8.34,-0.42,1.3,0.07,-8.34,-0.42,603.73,0.06
1483,空头出场,2026-02-26 05:30,long,2100.21,0.967,1999.79468,-31.11,-1.56,1.02,0.05,-74.08,-3.70,572.62,0.06
1483,空头进场,2026-02-26 05:00,short,2068.04,0.967,1999.79468,-31.11,-1.56,1.02,0.05,-74.08,-3.70,572.62,0.06
1484,多头出场,2026-02-26 06:30,short,2083.8,0.9522,1999.819962,-15.63,-0.78,14.22,0.71,-24.6,-1.23,557,0.06
1484,多头进场,2026-02-26 05:30,long,2100.21,0.9522,1999.819962,-15.63,-0.78,14.22,0.71,-24.6,-1.23,557,0.06
1485,空头出场,2026-02-26 11:30,long,2054.8,0.9597,1999.82286,27.83,1.39,46.48,2.32,-3.27,-0.16,584.83,0.06
1485,空头进场,2026-02-26 06:30,short,2083.8,0.9597,1999.82286,27.83,1.39,46.48,2.32,-3.27,-0.16,584.83,0.06
1486,多头出场,2026-02-26 14:30,short,2062.94,0.9733,1999.93684,7.92,0.40,27.26,1.36,-2.53,-0.13,592.75,0.06
1486,多头进场,2026-02-26 11:30,long,2054.8,0.9733,1999.93684,7.92,0.40,27.26,1.36,-2.53,-0.13,592.75,0.06
1487,空头出场,2026-02-26 15:00,long,2063.75,0.9694,1999.814036,-0.79,-0.04,1.57,0.08,-5.34,-0.27,591.96,0.06
1487,空头进场,2026-02-26 14:30,short,2062.94,0.9694,1999.814036,-0.79,-0.04,1.57,0.08,-5.34,-0.27,591.96,0.06
1488,多头出场,2026-02-26 15:30,short,2053.57,0.9691,1999.980125,-9.87,-0.49,0.51,0.03,-11.16,-0.56,582.1,0.06
1488,多头进场,2026-02-26 15:00,long,2063.75,0.9691,1999.980125,-9.87,-0.49,0.51,0.03,-11.16,-0.56,582.1,0.06
1489,空头出场,2026-02-26 17:00,long,2065.91,0.9739,1999.971823,-12.02,-0.60,7.75,0.39,-18.84,-0.94,570.08,0.06
1489,空头进场,2026-02-26 15:30,short,2053.57,0.9739,1999.971823,-12.02,-0.60,7.75,0.39,-18.84,-0.94,570.08,0.06
1490,多头出场,2026-02-26 19:00,short,2059.59,0.968,1999.80088,-6.12,-0.31,16.67,0.83,-7.97,-0.40,563.96,0.06
1490,多头进场,2026-02-26 17:00,long,2065.91,0.968,1999.80088,-6.12,-0.31,16.67,0.83,-7.97,-0.40,563.96,0.06
1491,空头出场,2026-02-26 20:00,long,2065.28,0.971,1999.86189,-5.52,-0.28,5.39,0.27,-8.91,-0.45,558.44,0.06
1491,空头进场,2026-02-26 19:00,short,2059.59,0.971,1999.86189,-5.52,-0.28,5.39,0.27,-8.91,-0.45,558.44,0.06
1492,多头出场,2026-02-26 21:30,short,2065.45,0.9683,1999.810624,0.16,0.01,8.14,0.41,-3.49,-0.17,558.6,0.06
1492,多头进场,2026-02-26 20:00,long,2065.28,0.9683,1999.810624,0.16,0.01,8.14,0.41,-3.49,-0.17,558.6,0.06
1493,空头出场,2026-02-26 22:00,long,2069.58,0.9683,1999.975235,-4,-0.20,6.31,0.32,-5.91,-0.30,554.6,0.06
1493,空头进场,2026-02-26 21:30,short,2065.45,0.9683,1999.975235,-4,-0.20,6.31,0.32,-5.91,-0.30,554.6,0.06
1494,多头出场,2026-02-26 22:30,short,2051.9,0.9663,1999.835154,-17.08,-0.85,7.27,0.36,-32.9,-1.65,537.52,0.05
1494,多头进场,2026-02-26 22:00,long,2069.58,0.9663,1999.835154,-17.08,-0.85,7.27,0.36,-32.9,-1.65,537.52,0.05
1495,空头出场,2026-02-27 02:30,long,2004.39,0.9747,1999.98693,46.31,2.32,73.41,3.67,-1.22,-0.06,583.83,0.06
1495,空头进场,2026-02-26 22:30,short,2051.9,0.9747,1999.98693,46.31,2.32,73.41,3.67,-1.22,-0.06,583.83,0.06
1496,多头出场,2026-02-27 07:30,short,2027.88,0.9978,1999.980342,23.44,1.17,37.23,1.86,-0.28,-0.01,607.27,0.06
1496,多头进场,2026-02-27 02:30,long,2004.39,0.9978,1999.980342,23.44,1.17,37.23,1.86,-0.28,-0.01,607.27,0.06
1497,空头出场,2026-02-27 09:30,long,2021.41,0.9862,1999.895256,6.38,0.32,26.33,1.32,-2.51,-0.13,613.65,0.06
1497,空头进场,2026-02-27 07:30,short,2027.88,0.9862,1999.895256,6.38,0.32,26.33,1.32,-2.51,-0.13,613.65,0.06
1498,多头出场,2026-02-27 11:00,short,2020.56,0.9894,1999.983054,-0.84,-0.04,12.35,0.62,-2.17,-0.11,612.81,0.06
1498,多头进场,2026-02-27 09:30,long,2021.41,0.9894,1999.983054,-0.84,-0.04,12.35,0.62,-2.17,-0.11,612.81,0.06
1499,空头出场,2026-02-27 11:30,long,2045.16,0.9898,1999.950288,-24.35,-1.22,0,0.00,-27.87,-1.39,588.46,0.06
1499,空头进场,2026-02-27 11:00,short,2020.56,0.9898,1999.950288,-24.35,-1.22,0,0.00,-27.87,-1.39,588.46,0.06
1500,多头出场,2026-02-27 14:00,short,2032.52,0.9779,1999.961964,-12.36,-0.62,17.3,0.86,-16.19,-0.81,576.1,0.06
1500,多头进场,2026-02-27 11:30,long,2045.16,0.9779,1999.961964,-12.36,-0.62,17.3,0.86,-16.19,-0.81,576.1,0.06
1501,空头出场,2026-02-27 16:00,long,2037.12,0.984,1999.99968,-4.53,-0.23,9.97,0.50,-12.48,-0.62,571.57,0.06
1501,空头进场,2026-02-27 14:00,short,2032.52,0.984,1999.99968,-4.53,-0.23,9.97,0.50,-12.48,-0.62,571.57,0.06
1502,多头出场,2026-02-27 16:30,short,2033.53,0.9817,1999.840704,-3.52,-0.18,4.12,0.21,-8.71,-0.44,568.04,0.06
1502,多头进场,2026-02-27 16:00,long,2037.12,0.9817,1999.840704,-3.52,-0.18,4.12,0.21,-8.71,-0.44,568.04,0.06
1503,空头出场,2026-02-27 17:00,long,2037.6,0.9835,1999.976755,-4,-0.20,1.52,0.08,-8.19,-0.41,564.04,0.06
1503,空头进场,2026-02-27 16:30,short,2033.53,0.9835,1999.976755,-4,-0.20,1.52,0.08,-8.19,-0.41,564.04,0.06
1504,多头出场,2026-02-27 17:30,short,2010.73,0.9815,1999.9044,-26.37,-1.32,0.89,0.04,-28.06,-1.40,537.67,0.05
1504,多头进场,2026-02-27 17:00,long,2037.6,0.9815,1999.9044,-26.37,-1.32,0.89,0.04,-28.06,-1.40,537.67,0.05
1505,空头出场,2026-02-28 01:30,long,1932.34,0.9946,1999.872058,77.97,3.90,102.32,5.12,-2.61,-0.13,615.64,0.06
1505,空头进场,2026-02-27 17:30,short,2010.73,0.9946,1999.872058,77.97,3.90,102.32,5.12,-2.61,-0.13,615.64,0.06
1506,多头出场,2026-02-28 02:00,short,1925.05,1.035,1999.9719,-7.55,-0.38,0.5,0.02,-15.13,-0.76,608.09,0.06
1506,多头进场,2026-02-28 01:30,long,1932.34,1.035,1999.9719,-7.55,-0.38,0.5,0.02,-15.13,-0.76,608.09,0.06
1507,空头出场,2026-02-28 03:30,long,1920.77,1.0389,1999.934445,4.45,0.22,13.17,0.66,-3.85,-0.19,612.54,0.06
1507,空头进场,2026-02-28 02:00,short,1925.05,1.0389,1999.934445,4.45,0.22,13.17,0.66,-3.85,-0.19,612.54,0.06
1508,多头出场,2026-02-28 05:30,short,1921.12,1.0412,1999.905724,0.36,0.02,13.06,0.65,-3.75,-0.19,612.9,0.06
1508,多头进场,2026-02-28 03:30,long,1920.77,1.0412,1999.905724,0.36,0.02,13.06,0.65,-3.75,-0.19,612.9,0.06
1509,空头出场,2026-02-28 06:30,long,1921.12,1.041,1999.88592,0,0.00,34.12,1.71,-5.85,-0.29,612.9,0.06
1509,空头进场,2026-02-28 05:30,short,1921.12,1.041,1999.88592,0,0.00,34.12,1.71,-5.85,-0.29,612.9,0.06
1510,多头出场,2026-02-28 09:00,short,1925.05,1.041,1999.88592,4.09,0.20,16.32,0.82,-1.35,-0.07,616.99,0.06
1510,多头进场,2026-02-28 06:30,long,1921.12,1.041,1999.88592,4.09,0.20,16.32,0.82,-1.35,-0.07,616.99,0.06
1511,空头出场,2026-02-28 10:00,long,1929.4,1.0389,1999.934445,-4.52,-0.23,3.97,0.20,-5.53,-0.28,612.47,0.06
1511,空头进场,2026-02-28 09:00,short,1925.05,1.0389,1999.934445,-4.52,-0.23,3.97,0.20,-5.53,-0.28,612.47,0.06
1512,多头出场,2026-02-28 11:30,short,1924.4,1.0365,1999.8231,-5.18,-0.26,2.68,0.13,-8.84,-0.44,607.29,0.06
1512,多头进场,2026-02-28 10:00,long,1929.4,1.0365,1999.8231,-5.18,-0.26,2.68,0.13,-8.84,-0.44,607.29,0.06
1513,空头出场,2026-02-28 18:30,long,1865.05,1.0392,1999.83648,61.68,3.08,91.81,4.59,-6.25,-0.31,668.97,0.07
1513,空头进场,2026-02-28 11:30,short,1924.4,1.0392,1999.83648,61.68,3.08,91.81,4.59,-6.25,-0.31,668.97,0.07
1514,多头出场,2026-03-01 07:00,short,1960.71,1.0723,1999.893115,102.58,5.13,128.14,6.41,-3.52,-0.18,771.54,0.08
1514,多头进场,2026-02-28 18:30,long,1865.05,1.0723,1999.893115,102.58,5.13,128.14,6.41,-3.52,-0.18,771.54,0.08
1515,空头出场,2026-03-01 07:30,long,1964.65,1.02,1999.9242,-4.02,-0.20,3.59,0.18,-5.81,-0.29,767.53,0.08
1515,空头进场,2026-03-01 07:00,short,1960.71,1.02,1999.9242,-4.02,-0.20,3.59,0.18,-5.81,-0.29,767.53,0.08
1516,多头出场,2026-03-01 08:00,short,1958.82,1.0179,1999.817235,-5.93,-0.30,4.7,0.24,-6.73,-0.34,761.59,0.08
1516,多头进场,2026-03-01 07:30,long,1964.65,1.0179,1999.817235,-5.93,-0.30,4.7,0.24,-6.73,-0.34,761.59,0.08
1517,空头出场,2026-03-01 09:30,long,2012.81,1.021,1999.95522,-55.12,-2.76,14.03,0.70,-64.64,-3.23,706.47,0.07
1517,空头进场,2026-03-01 08:00,short,1958.82,1.021,1999.95522,-55.12,-2.76,14.03,0.70,-64.64,-3.23,706.47,0.07
1518,多头出场,2026-03-01 12:00,short,2012.23,0.9936,1999.928016,-0.58,-0.03,41.3,2.07,-12.97,-0.65,705.89,0.07
1518,多头进场,2026-03-01 09:30,long,2012.81,0.9936,1999.928016,-0.58,-0.03,41.3,2.07,-12.97,-0.65,705.89,0.07
1519,空头出场,2026-03-01 21:30,long,2006.74,0.9939,1999.955397,5.46,0.27,42.16,2.11,-10.82,-0.54,711.35,0.07
1519,空头进场,2026-03-01 12:00,short,2012.23,0.9939,1999.955397,5.46,0.27,42.16,2.11,-10.82,-0.54,711.35,0.07
1520,多头出场,2026-03-01 23:30,short,1993.19,0.9966,1999.917084,-13.5,-0.68,19.68,0.98,-13.78,-0.69,697.84,0.07
1520,多头进场,2026-03-01 21:30,long,2006.74,0.9966,1999.917084,-13.5,-0.68,19.68,0.98,-13.78,-0.69,697.84,0.07
1521,空头出场,2026-03-02 00:00,long,2005.88,1.0034,1999.966846,-12.73,-0.64,7.94,0.40,-15.49,-0.77,685.11,0.07
1521,空头进场,2026-03-01 23:30,short,1993.19,1.0034,1999.966846,-12.73,-0.64,7.94,0.40,-15.49,-0.77,685.11,0.07
1522,多头出场,2026-03-02 00:30,short,1974.18,0.997,1999.86236,-31.6,-1.58,1.27,0.06,-44.02,-2.20,653.51,0.07
1522,多头进场,2026-03-02 00:00,long,2005.88,0.997,1999.86236,-31.6,-1.58,1.27,0.06,-44.02,-2.20,653.51,0.07
1523,空头出场,2026-03-02 02:00,long,1980.62,1.013,1999.84434,-6.52,-0.33,20.19,1.01,-22.35,-1.12,646.98,0.06
1523,空头进场,2026-03-02 00:30,short,1974.18,1.013,1999.84434,-6.52,-0.33,20.19,1.01,-22.35,-1.12,646.98,0.06
1524,多头出场,2026-03-02 02:30,short,1975.95,1.0097,1999.832014,-4.72,-0.24,2.91,0.15,-6.51,-0.33,642.27,0.06
1524,多头进场,2026-03-02 02:00,long,1980.62,1.0097,1999.832014,-4.72,-0.24,2.91,0.15,-6.51,-0.33,642.27,0.06
1525,空头出场,2026-03-02 06:00,long,1936.34,1.0121,1999.858995,40.09,2.00,68.77,3.44,-0.54,-0.03,682.36,0.07
1525,空头进场,2026-03-02 02:30,short,1975.95,1.0121,1999.858995,40.09,2.00,68.77,3.44,-0.54,-0.03,682.36,0.07
1526,多头出场,2026-03-02 06:30,short,1924.85,1.0328,1999.851952,-11.87,-0.59,2.09,0.10,-21.68,-1.08,670.49,0.07
1526,多头进场,2026-03-02 06:00,long,1936.34,1.0328,1999.851952,-11.87,-0.59,2.09,0.10,-21.68,-1.08,670.49,0.07
1527,空头出场,2026-03-02 07:00,long,1932.6,1.039,1999.91915,-8.05,-0.40,6.03,0.30,-23.7,-1.19,662.44,0.07
1527,空头进场,2026-03-02 06:30,short,1924.85,1.039,1999.91915,-8.05,-0.40,6.03,0.30,-23.7,-1.19,662.44,0.07
1528,多头出场,2026-03-02 10:00,short,1948.43,1.0348,1999.85448,16.38,0.82,58.06,2.90,-0.83,-0.04,678.82,0.07
1528,多头进场,2026-03-02 07:00,long,1932.6,1.0348,1999.85448,16.38,0.82,58.06,2.90,-0.83,-0.04,678.82,0.07
1529,空头出场,2026-03-02 10:30,long,1955.45,1.0264,1999.868552,-7.21,-0.36,0.81,0.04,-14.73,-0.74,671.61,0.07
1529,空头进场,2026-03-02 10:00,short,1948.43,1.0264,1999.868552,-7.21,-0.36,0.81,0.04,-14.73,-0.74,671.61,0.07
1530,多头出场,2026-03-02 13:00,short,1967.92,1.0227,1999.838715,12.75,0.64,24.86,1.24,-7.07,-0.35,684.36,0.07
1530,多头进场,2026-03-02 10:30,long,1955.45,1.0227,1999.838715,12.75,0.64,24.86,1.24,-7.07,-0.35,684.36,0.07
1531,空头出场,2026-03-02 13:30,long,1970.8,1.0163,1999.997096,-2.93,-0.15,0,0.00,-14.87,-0.74,681.44,0.07
1531,空头进场,2026-03-02 13:00,short,1967.92,1.0163,1999.997096,-2.93,-0.15,0,0.00,-14.87,-0.74,681.44,0.07
1532,多头出场,2026-03-02 14:00,short,1950.21,1.0148,1999.96784,-20.89,-1.04,0.28,0.01,-28.76,-1.44,660.54,0.07
1532,多头进场,2026-03-02 13:30,long,1970.8,1.0148,1999.96784,-20.89,-1.04,0.28,0.01,-28.76,-1.44,660.54,0.07
1533,空头出场,2026-03-02 16:30,long,1948.65,1.0255,1999.940355,1.6,0.08,27.78,1.39,-1.36,-0.07,662.14,0.07
1533,空头进场,2026-03-02 14:00,short,1950.21,1.0255,1999.940355,1.6,0.08,27.78,1.39,-1.36,-0.07,662.14,0.07
1534,多头出场,2026-03-02 19:00,short,1938.46,1.0263,1999.899495,-10.46,-0.52,18.23,0.91,-13.15,-0.66,651.68,0.07
1534,多头进场,2026-03-02 16:30,long,1948.65,1.0263,1999.899495,-10.46,-0.52,18.23,0.91,-13.15,-0.66,651.68,0.07
1535,空头出场,2026-03-02 19:30,long,1947.62,1.0317,1999.909182,-9.45,-0.47,2.19,0.11,-16.02,-0.80,642.23,0.06
1535,空头进场,2026-03-02 19:00,short,1938.46,1.0317,1999.909182,-9.45,-0.47,2.19,0.11,-16.02,-0.80,642.23,0.06
1536,多头出场,2026-03-02 20:00,short,1938.4,1.0268,1999.816216,-9.47,-0.47,1.3,0.07,-11.65,-0.58,632.77,0.06
1536,多头进场,2026-03-02 19:30,long,1947.62,1.0268,1999.816216,-9.47,-0.47,1.3,0.07,-11.65,-0.58,632.77,0.06
1537,空头出场,2026-03-02 22:30,long,1979.59,1.0317,1999.84728,-42.5,-2.12,17.05,0.85,-47.92,-2.40,590.27,0.06
1537,空头进场,2026-03-02 20:00,short,1938.4,1.0317,1999.84728,-42.5,-2.12,17.05,0.85,-47.92,-2.40,590.27,0.06
1538,多头出场,2026-03-03 01:30,short,2041.01,1.0103,1999.979777,62.05,3.10,108.03,5.40,-4.69,-0.23,652.32,0.07
1538,多头进场,2026-03-02 22:30,long,1979.59,1.0103,1999.979777,62.05,3.10,108.03,5.40,-4.69,-0.23,652.32,0.07
1539,空头出场,2026-03-03 03:30,long,2043.45,0.9799,1999.985699,-2.39,-0.12,20.89,1.04,-5.68,-0.28,649.93,0.06
1539,空头进场,2026-03-03 01:30,short,2041.01,0.9799,1999.985699,-2.39,-0.12,20.89,1.04,-5.68,-0.28,649.93,0.06
1540,多头出场,2026-03-03 04:00,short,2037.77,0.9787,1999.924515,-5.56,-0.28,11.87,0.59,-17.68,-0.88,644.37,0.06
1540,多头进场,2026-03-03 03:30,long,2043.45,0.9787,1999.924515,-5.56,-0.28,11.87,0.59,-17.68,-0.88,644.37,0.06
1541,空头出场,2026-03-03 05:30,long,2042.77,0.9814,1999.867478,-4.91,-0.25,8.08,0.40,-11.72,-0.59,639.47,0.06
1541,空头进场,2026-03-03 04:00,short,2037.77,0.9814,1999.867478,-4.91,-0.25,8.08,0.40,-11.72,-0.59,639.47,0.06
1542,多头出场,2026-03-03 07:00,short,2037.63,0.979,1999.87183,-5.03,-0.25,14.97,0.75,-5.36,-0.27,634.44,0.06
1542,多头进场,2026-03-03 05:30,long,2042.77,0.979,1999.87183,-5.03,-0.25,14.97,0.75,-5.36,-0.27,634.44,0.06
1543,空头出场,2026-03-03 14:30,long,1999.37,0.9815,1999.933845,37.55,1.88,48.62,2.43,-3.33,-0.17,671.99,0.07
1543,空头进场,2026-03-03 07:00,short,2037.63,0.9815,1999.933845,37.55,1.88,48.62,2.43,-3.33,-0.17,671.99,0.07
1544,多头出场,2026-03-03 15:30,short,1996.25,1.0003,1999.969811,-3.12,-0.16,4.13,0.21,-5.7,-0.29,668.87,0.07
1544,多头进场,2026-03-03 14:30,long,1999.37,1.0003,1999.969811,-3.12,-0.16,4.13,0.21,-5.7,-0.29,668.87,0.07
1545,空头出场,2026-03-03 18:30,long,1958.03,1.0018,1999.84325,38.29,1.91,56.72,2.84,-4.05,-0.20,707.16,0.07
1545,空头进场,2026-03-03 15:30,short,1996.25,1.0018,1999.84325,38.29,1.91,56.72,2.84,-4.05,-0.20,707.16,0.07
1546,多头出场,2026-03-03 21:00,short,1957.32,1.0214,1999.931842,-0.73,-0.04,32.37,1.62,-8.18,-0.41,706.43,0.07
1546,多头进场,2026-03-03 18:30,long,1958.03,1.0214,1999.931842,-0.73,-0.04,32.37,1.62,-8.18,-0.41,706.43,0.07
1547,空头出场,2026-03-03 22:00,long,1962.11,1.0218,1999.989576,-4.89,-0.24,13.44,0.67,-14.7,-0.74,701.54,0.07
1547,空头进场,2026-03-03 21:00,short,1957.32,1.0218,1999.989576,-4.89,-0.24,13.44,0.67,-14.7,-0.74,701.54,0.07
1548,多头出场,2026-03-03 22:30,short,1942.8,1.0193,1999.978723,-19.68,-0.98,14.75,0.74,-32.7,-1.63,681.85,0.07
1548,多头进场,2026-03-03 22:00,long,1962.11,1.0193,1999.978723,-19.68,-0.98,14.75,0.74,-32.7,-1.63,681.85,0.07
1549,空头出场,2026-03-03 23:30,long,1969.05,1.0294,1999.91832,-27.02,-1.35,10.28,0.51,-30.51,-1.53,654.83,0.07
1549,空头进场,2026-03-03 22:30,short,1942.8,1.0294,1999.91832,-27.02,-1.35,10.28,0.51,-30.51,-1.53,654.83,0.07
1550,多头出场,2026-03-04 04:00,short,1983.46,1.0157,1999.964085,14.64,0.73,45.14,2.26,-10.06,-0.50,669.47,0.07
1550,多头进场,2026-03-03 23:30,long,1969.05,1.0157,1999.964085,14.64,0.73,45.14,2.26,-10.06,-0.50,669.47,0.07
1551,空头出场,2026-03-04 06:00,long,1980.32,1.0083,1999.922718,3.17,0.16,24.05,1.20,-5.75,-0.29,672.63,0.07
1551,空头进场,2026-03-04 04:00,short,1983.46,1.0083,1999.922718,3.17,0.16,24.05,1.20,-5.75,-0.29,672.63,0.07
1552,多头出场,2026-03-04 08:00,short,1980.75,1.0099,1999.925168,0.43,0.02,21.29,1.06,-2.68,-0.13,673.07,0.07
1552,多头进场,2026-03-04 06:00,long,1980.32,1.0099,1999.925168,0.43,0.02,21.29,1.06,-2.68,-0.13,673.07,0.07
1553,空头出场,2026-03-04 09:30,long,1981.27,1.0097,1999.963275,-0.53,-0.03,18.57,0.93,-17.68,-0.88,672.54,0.07
1553,空头进场,2026-03-04 08:00,short,1980.75,1.0097,1999.963275,-0.53,-0.03,18.57,0.93,-17.68,-0.88,672.54,0.07
1554,多头出场,2026-03-04 10:00,short,1972.95,1.0094,1999.893938,-8.4,-0.42,1.37,0.07,-9,-0.45,664.14,0.07
1554,多头进场,2026-03-04 09:30,long,1981.27,1.0094,1999.893938,-8.4,-0.42,1.37,0.07,-9,-0.45,664.14,0.07
1555,空头出场,2026-03-04 10:30,long,1979.19,1.0137,1999.979415,-6.33,-0.32,3.35,0.17,-9.75,-0.49,657.82,0.07
1555,空头进场,2026-03-04 10:00,short,1972.95,1.0137,1999.979415,-6.33,-0.32,3.35,0.17,-9.75,-0.49,657.82,0.07
1556,多头出场,2026-03-04 11:00,short,1964,1.0105,1999.971495,-15.35,-0.77,0.58,0.03,-16.37,-0.82,642.47,0.06
1556,多头进场,2026-03-04 10:30,long,1979.19,1.0105,1999.971495,-15.35,-0.77,0.58,0.03,-16.37,-0.82,642.47,0.06
1557,空头出场,2026-03-04 13:30,long,1971.06,1.0183,1999.9412,-7.19,-0.36,19.22,0.96,-12.73,-0.64,635.28,0.06
1557,空头进场,2026-03-04 11:00,short,1964,1.0183,1999.9412,-7.19,-0.36,19.22,0.96,-12.73,-0.64,635.28,0.06
1558,多头出场,2026-03-04 19:30,short,2054.91,1.0146,1999.837476,85.07,4.25,122.92,6.15,-7.88,-0.39,720.35,0.07
1558,多头进场,2026-03-04 13:30,long,1971.06,1.0146,1999.837476,85.07,4.25,122.92,6.15,-7.88,-0.39,720.35,0.07
1559,空头出场,2026-03-04 21:30,long,2064.5,0.9732,1999.838412,-9.33,-0.47,17.88,0.89,-13,-0.65,711.02,0.07
1559,空头进场,2026-03-04 19:30,short,2054.91,0.9732,1999.838412,-9.33,-0.47,17.88,0.89,-13,-0.65,711.02,0.07
1560,多头出场,2026-03-05 04:30,short,2151.3,0.9687,1999.88115,84.08,4.20,129.67,6.48,-1.63,-0.08,795.1,0.08
1560,多头进场,2026-03-04 21:30,long,2064.5,0.9687,1999.88115,84.08,4.20,129.67,6.48,-1.63,-0.08,795.1,0.08
1561,空头出场,2026-03-05 10:00,long,2127.19,0.9296,1999.84848,22.41,1.12,39.93,2.00,-11.65,-0.58,817.52,0.08
1561,空头进场,2026-03-05 04:30,short,2151.3,0.9296,1999.84848,22.41,1.12,39.93,2.00,-11.65,-0.58,817.52,0.08
1562,多头出场,2026-03-05 10:30,short,2122.45,0.9402,1999.984038,-4.46,-0.22,0.02,0.00,-10.36,-0.52,813.06,0.08
1562,多头进场,2026-03-05 10:00,long,2127.19,0.9402,1999.984038,-4.46,-0.22,0.02,0.00,-10.36,-0.52,813.06,0.08
1563,空头出场,2026-03-05 11:30,long,2120.41,0.9423,1999.984635,1.92,0.10,13.05,0.65,-3.71,-0.19,814.98,0.08
1563,空头进场,2026-03-05 10:30,short,2122.45,0.9423,1999.984635,1.92,0.10,13.05,0.65,-3.71,-0.19,814.98,0.08
1564,多头出场,2026-03-05 13:00,short,2119.91,0.9432,1999.970712,-0.47,-0.02,22.27,1.11,-2.95,-0.15,814.51,0.08
1564,多头进场,2026-03-05 11:30,long,2120.41,0.9432,1999.970712,-0.47,-0.02,22.27,1.11,-2.95,-0.15,814.51,0.08
1565,空头出场,2026-03-05 14:30,long,2128.61,0.9434,1999.923094,-8.21,-0.41,8.66,0.43,-10.44,-0.52,806.3,0.08
1565,空头进场,2026-03-05 13:00,short,2119.91,0.9434,1999.923094,-8.21,-0.41,8.66,0.43,-10.44,-0.52,806.3,0.08
1566,多头出场,2026-03-05 15:30,short,2105.43,0.9395,1999.829095,-21.78,-1.09,3.91,0.20,-30.18,-1.51,784.53,0.08
1566,多头进场,2026-03-05 14:30,long,2128.61,0.9395,1999.829095,-21.78,-1.09,3.91,0.20,-30.18,-1.51,784.53,0.08
1567,空头出场,2026-03-05 16:30,long,2117.9,0.9499,1999.947957,-11.85,-0.59,10.19,0.51,-12.42,-0.62,772.68,0.08
1567,空头进场,2026-03-05 15:30,short,2105.43,0.9499,1999.947957,-11.85,-0.59,10.19,0.51,-12.42,-0.62,772.68,0.08
1568,多头出场,2026-03-05 19:30,short,2138.33,0.9443,1999.93297,19.29,0.96,43.5,2.18,-0.7,-0.03,791.97,0.08
1568,多头进场,2026-03-05 16:30,long,2117.9,0.9443,1999.93297,19.29,0.96,43.5,2.18,-0.7,-0.03,791.97,0.08
1569,空头出场,2026-03-05 20:30,long,2138.67,0.9353,1999.980049,-0.32,-0.02,13.25,0.66,-4.48,-0.22,791.66,0.08
1569,空头进场,2026-03-05 19:30,short,2138.33,0.9353,1999.980049,-0.32,-0.02,13.25,0.66,-4.48,-0.22,791.66,0.08
1570,多头出场,2026-03-05 21:00,short,2123.42,0.9351,1999.870317,-14.26,-0.71,1.09,0.05,-22.51,-1.13,777.4,0.08
1570,多头进场,2026-03-05 20:30,long,2138.67,0.9351,1999.870317,-14.26,-0.71,1.09,0.05,-22.51,-1.13,777.4,0.08
1571,空头出场,2026-03-06 02:30,long,2077.04,0.9418,1999.836956,43.68,2.18,63.97,3.20,-6.85,-0.34,821.08,0.08
1571,空头进场,2026-03-05 21:00,short,2123.42,0.9418,1999.836956,43.68,2.18,63.97,3.20,-6.85,-0.34,821.08,0.08
1572,多头出场,2026-03-06 05:30,short,2081.03,0.9629,1999.981816,3.84,0.19,21.52,1.08,-5.42,-0.27,824.92,0.08
1572,多头进场,2026-03-06 02:30,long,2077.04,0.9629,1999.981816,3.84,0.19,21.52,1.08,-5.42,-0.27,824.92,0.08
1573,空头出场,2026-03-06 07:00,long,2083.28,0.961,1999.86983,-2.16,-0.11,2.9,0.15,-4.18,-0.21,822.76,0.08
1573,空头进场,2026-03-06 05:30,short,2081.03,0.961,1999.86983,-2.16,-0.11,2.9,0.15,-4.18,-0.21,822.76,0.08
1574,多头出场,2026-03-06 07:30,short,2073.25,0.96,1999.9488,-9.63,-0.48,0.1,0.00,-12.05,-0.60,813.13,0.08
1574,多头进场,2026-03-06 07:00,long,2083.28,0.96,1999.9488,-9.63,-0.48,0.1,0.00,-12.05,-0.60,813.13,0.08
1575,空头出场,2026-03-06 09:30,long,2087.97,0.9646,1999.85695,-14.2,-0.71,10.09,0.50,-17.29,-0.86,798.93,0.08
1575,空头进场,2026-03-06 07:30,short,2073.25,0.9646,1999.85695,-14.2,-0.71,10.09,0.50,-17.29,-0.86,798.93,0.08
1576,多头出场,2026-03-06 12:00,short,2075.9,0.9578,1999.857666,-11.56,-0.58,5,0.25,-11.76,-0.59,787.37,0.08
1576,多头进场,2026-03-06 09:30,long,2087.97,0.9578,1999.857666,-11.56,-0.58,5,0.25,-11.76,-0.59,787.37,0.08
1577,空头出场,2026-03-06 14:30,long,2074.55,0.9634,1999.92206,1.3,0.07,15.47,0.77,-4.23,-0.21,788.67,0.08
1577,空头进场,2026-03-06 12:00,short,2075.9,0.9634,1999.92206,1.3,0.07,15.47,0.77,-4.23,-0.21,788.67,0.08
1578,多头出场,2026-03-06 16:30,short,2076.26,0.964,1999.8662,1.65,0.08,12.46,0.62,-5.19,-0.26,790.32,0.08
1578,多头进场,2026-03-06 14:30,long,2074.55,0.964,1999.8662,1.65,0.08,12.46,0.62,-5.19,-0.26,790.32,0.08
1579,空头出场,2026-03-06 18:00,long,2068.92,0.9632,1999.853632,7.07,0.35,28.01,1.40,-1.3,-0.07,797.39,0.08
1579,空头进场,2026-03-06 16:30,short,2076.26,0.9632,1999.853632,7.07,0.35,28.01,1.40,-1.3,-0.07,797.39,0.08
1580,多头出场,2026-03-06 18:30,short,2063.69,0.9666,1999.818072,-5.06,-0.25,0.05,0.00,-6.74,-0.34,792.33,0.08
1580,多头进场,2026-03-06 18:00,long,2068.92,0.9666,1999.818072,-5.06,-0.25,0.05,0.00,-6.74,-0.34,792.33,0.08
1581,空头出场,2026-03-07 02:00,long,1977.16,0.9691,1999.921979,83.86,4.19,103.71,5.19,-3.44,-0.17,876.19,0.09
1581,空头进场,2026-03-06 18:30,short,2063.69,0.9691,1999.921979,83.86,4.19,103.71,5.19,-3.44,-0.17,876.19,0.09
1582,多头出场,2026-03-07 04:00,short,1973.84,1.0115,1999.89734,-3.36,-0.17,15.37,0.77,-4.43,-0.22,872.83,0.09
1582,多头进场,2026-03-07 02:00,long,1977.16,1.0115,1999.89734,-3.36,-0.17,15.37,0.77,-4.43,-0.22,872.83,0.09
1583,空头出场,2026-03-07 04:30,long,1979.61,1.0132,1999.894688,-5.85,-0.29,4.06,0.20,-9.38,-0.47,866.98,0.09
1583,空头进场,2026-03-07 04:00,short,1973.84,1.0132,1999.894688,-5.85,-0.29,4.06,0.20,-9.38,-0.47,866.98,0.09
1584,多头出场,2026-03-07 07:30,short,1979.09,1.0103,1999.999983,-0.53,-0.03,10.06,0.50,-7.74,-0.39,866.46,0.09
1584,多头进场,2026-03-07 04:30,long,1979.61,1.0103,1999.999983,-0.53,-0.03,10.06,0.50,-7.74,-0.39,866.46,0.09
1585,空头出场,2026-03-07 08:30,long,1981.42,1.0105,1999.870445,-2.35,-0.12,2.05,0.10,-4.11,-0.21,864.1,0.09
1585,空头进场,2026-03-07 07:30,short,1979.09,1.0105,1999.870445,-2.35,-0.12,2.05,0.10,-4.11,-0.21,864.1,0.09
1586,多头出场,2026-03-07 09:00,short,1979.15,1.0093,1999.847206,-2.29,-0.11,2.21,0.11,-4.74,-0.24,861.81,0.09
1586,多头进场,2026-03-07 08:30,long,1981.42,1.0093,1999.847206,-2.29,-0.11,2.21,0.11,-4.74,-0.24,861.81,0.09
1587,空头出场,2026-03-07 09:30,long,1980.64,1.0105,1999.931075,-1.51,-0.08,2.9,0.15,-3.74,-0.19,860.31,0.09
1587,空头进场,2026-03-07 09:00,short,1979.15,1.0105,1999.931075,-1.51,-0.08,2.9,0.15,-3.74,-0.19,860.31,0.09
1588,多头出场,2026-03-07 10:00,short,1975.65,1.0097,1999.852208,-5.04,-0.25,0.24,0.01,-5.06,-0.25,855.27,0.09
1588,多头进场,2026-03-07 09:30,long,1980.64,1.0097,1999.852208,-5.04,-0.25,0.24,0.01,-5.06,-0.25,855.27,0.09
1589,空头出场,2026-03-07 10:30,long,1983.48,1.0123,1999.950495,-7.93,-0.40,3.1,0.15,-8.98,-0.45,847.34,0.08
1589,空头进场,2026-03-07 10:00,short,1975.65,1.0123,1999.950495,-7.93,-0.40,3.1,0.15,-8.98,-0.45,847.34,0.08
1590,多头出场,2026-03-07 11:30,short,1980.31,1.0083,1999.942884,-3.2,-0.16,12.56,0.63,-3.63,-0.18,844.14,0.08
1590,多头进场,2026-03-07 10:30,long,1983.48,1.0083,1999.942884,-3.2,-0.16,12.56,0.63,-3.63,-0.18,844.14,0.08
1591,空头出场,2026-03-07 13:30,long,1978.7,1.0099,1999.915069,1.63,0.08,15.49,0.77,-0.01,0.00,845.77,0.08
1591,空头进场,2026-03-07 11:30,short,1980.31,1.0099,1999.915069,1.63,0.08,15.49,0.77,-0.01,0.00,845.77,0.08
1592,多头出场,2026-03-07 14:00,short,1974.56,1.0107,1999.87209,-4.18,-0.21,0.03,0.00,-4.39,-0.22,841.59,0.08
1592,多头进场,2026-03-07 13:30,long,1978.7,1.0107,1999.87209,-4.18,-0.21,0.03,0.00,-4.39,-0.22,841.59,0.08
1593,空头出场,2026-03-07 15:00,long,1975.7,1.0128,1999.834368,-1.15,-0.06,7.41,0.37,-2.66,-0.13,840.43,0.08
1593,空头进场,2026-03-07 14:00,short,1974.56,1.0128,1999.834368,-1.15,-0.06,7.41,0.37,-2.66,-0.13,840.43,0.08
1594,多头出场,2026-03-07 16:30,short,1977.93,1.0122,1999.80354,2.26,0.11,12.04,0.60,-0.66,-0.03,842.69,0.08
1594,多头进场,2026-03-07 15:00,long,1975.7,1.0122,1999.80354,2.26,0.11,12.04,0.60,-0.66,-0.03,842.69,0.08
1595,空头出场,2026-03-07 17:00,long,1983.75,1.0111,1999.885023,-5.88,-0.29,2.63,0.13,-11.36,-0.57,836.8,0.08
1595,空头进场,2026-03-07 16:30,short,1977.93,1.0111,1999.885023,-5.88,-0.29,2.63,0.13,-11.36,-0.57,836.8,0.08
1596,多头出场,2026-03-07 20:30,short,1982.41,1.0081,1999.818375,-1.35,-0.07,10.65,0.53,-3.9,-0.20,835.45,0.08
1596,多头进场,2026-03-07 17:00,long,1983.75,1.0081,1999.818375,-1.35,-0.07,10.65,0.53,-3.9,-0.20,835.45,0.08
1597,空头出场,2026-03-07 22:30,long,1986.9,1.0088,1999.855208,-4.53,-0.23,12,0.60,-7.71,-0.39,830.92,0.08
1597,空头进场,2026-03-07 20:30,short,1982.41,1.0088,1999.855208,-4.53,-0.23,12,0.60,-7.71,-0.39,830.92,0.08
1598,多头出场,2026-03-07 23:00,short,1982.65,1.0065,1999.81485,-4.28,-0.21,0.39,0.02,-4.9,-0.25,826.65,0.08
1598,多头进场,2026-03-07 22:30,long,1986.9,1.0065,1999.81485,-4.28,-0.21,0.39,0.02,-4.9,-0.25,826.65,0.08
1599,空头出场,2026-03-08 01:00,long,1981.08,1.0087,1999.899055,1.58,0.08,7.84,0.39,-3.09,-0.15,828.23,0.08
1599,空头进场,2026-03-07 23:00,short,1982.65,1.0087,1999.899055,1.58,0.08,7.84,0.39,-3.09,-0.15,828.23,0.08
1600,多头出场,2026-03-08 01:30,short,1977.53,1.0095,1999.90026,-3.58,-0.18,0.2,0.01,-4.69,-0.23,824.65,0.08
1600,多头进场,2026-03-08 01:00,long,1981.08,1.0095,1999.90026,-3.58,-0.18,0.2,0.01,-4.69,-0.23,824.65,0.08
1601,空头出场,2026-03-08 04:30,long,1966.35,1.0113,1999.876089,11.31,0.57,28.79,1.44,0,0.00,835.95,0.08
1601,空头进场,2026-03-08 01:30,short,1977.53,1.0113,1999.876089,11.31,0.57,28.79,1.44,0,0.00,835.95,0.08
1602,多头出场,2026-03-08 06:30,short,1966.22,1.0171,1999.974585,-0.13,-0.01,5.09,0.25,-6.94,-0.35,835.82,0.08
1602,多头进场,2026-03-08 04:30,long,1966.35,1.0171,1999.974585,-0.13,-0.01,5.09,0.25,-6.94,-0.35,835.82,0.08
1603,空头出场,2026-03-08 07:00,long,1971.33,1.0171,1999.842362,-5.2,-0.26,0.74,0.04,-6.63,-0.33,830.62,0.08
1603,空头进场,2026-03-08 06:30,short,1966.22,1.0171,1999.842362,-5.2,-0.26,0.74,0.04,-6.63,-0.33,830.62,0.08
1604,多头出场,2026-03-08 09:00,short,1968.5,1.0145,1999.914285,-2.87,-0.14,5.75,0.29,-4.93,-0.25,827.75,0.08
1604,多头进场,2026-03-08 07:00,long,1971.33,1.0145,1999.914285,-2.87,-0.14,5.75,0.29,-4.93,-0.25,827.75,0.08
1605,空头出场,2026-03-08 09:30,long,1968.96,1.016,1999.996,-0.47,-0.02,4.9,0.24,-3.04,-0.15,827.28,0.08
1605,空头进场,2026-03-08 09:00,short,1968.5,1.016,1999.996,-0.47,-0.02,4.9,0.24,-3.04,-0.15,827.28,0.08
1606,多头出场,2026-03-08 10:00,short,1964.12,1.0157,1999.872672,-4.92,-0.25,1.03,0.05,-5.28,-0.26,822.37,0.08
1606,多头进场,2026-03-08 09:30,long,1968.96,1.0157,1999.872672,-4.92,-0.25,1.03,0.05,-5.28,-0.26,822.37,0.08
1607,空头出场,2026-03-08 13:00,long,1948.52,1.0182,1999.866984,15.88,0.79,33.78,1.69,-5.74,-0.29,838.25,0.08
1607,空头进场,2026-03-08 10:00,short,1964.12,1.0182,1999.866984,15.88,0.79,33.78,1.69,-5.74,-0.29,838.25,0.08
1608,多头出场,2026-03-08 14:00,short,1943.99,1.0264,1999.960928,-4.65,-0.23,3.82,0.19,-4.8,-0.24,833.6,0.08
1608,多头进场,2026-03-08 13:00,long,1948.52,1.0264,1999.960928,-4.65,-0.23,3.82,0.19,-4.8,-0.24,833.6,0.08
1609,空头出场,2026-03-08 14:30,long,1947.92,1.0288,1999.976912,-4.04,-0.20,0.66,0.03,-5.24,-0.26,829.56,0.08
1609,空头进场,2026-03-08 14:00,short,1943.99,1.0288,1999.976912,-4.04,-0.20,0.66,0.03,-5.24,-0.26,829.56,0.08
1610,多头出场,2026-03-08 19:00,short,1959.17,1.0267,1999.929464,11.55,0.58,32.55,1.63,-0.76,-0.04,841.11,0.08
1610,多头进场,2026-03-08 14:30,long,1947.92,1.0267,1999.929464,11.55,0.58,32.55,1.63,-0.76,-0.04,841.11,0.08
1611,空头出场,2026-03-09 03:00,long,1959.45,1.0208,1999.920736,-0.29,-0.01,34.15,1.71,-3.3,-0.16,840.82,0.08
1611,空头进场,2026-03-08 19:00,short,1959.17,1.0208,1999.920736,-0.29,-0.01,34.15,1.71,-3.3,-0.16,840.82,0.08
1612,多头出场,2026-03-09 05:00,short,1951.22,1.0206,1999.81467,-8.4,-0.42,11.94,0.60,-14.48,-0.72,832.43,0.08
1612,多头进场,2026-03-09 03:00,long,1959.45,1.0206,1999.81467,-8.4,-0.42,11.94,0.60,-14.48,-0.72,832.43,0.08
1613,空头出场,2026-03-09 05:30,long,1953.57,1.0249,1999.805378,-2.41,-0.12,0.08,0.00,-4.94,-0.25,830.02,0.08
1613,空头进场,2026-03-09 05:00,short,1951.22,1.0249,1999.805378,-2.41,-0.12,0.08,0.00,-4.94,-0.25,830.02,0.08
1614,多头出场,2026-03-09 06:00,short,1929.77,1.0237,1999.869609,-24.36,-1.22,0.12,0.01,-39.41,-1.97,805.65,0.08
1614,多头进场,2026-03-09 05:30,long,1953.57,1.0237,1999.869609,-24.36,-1.22,0.12,0.01,-39.41,-1.97,805.65,0.08
1615,空头出场,2026-03-09 07:00,long,1951.59,1.0363,1999.820651,-22.61,-1.13,5.87,0.29,-25.76,-1.29,783.04,0.08
1615,空头进场,2026-03-09 06:00,short,1929.77,1.0363,1999.820651,-22.61,-1.13,5.87,0.29,-25.76,-1.29,783.04,0.08
1616,多头出场,2026-03-09 07:30,short,1937.11,1.0248,1999.989432,-14.84,-0.74,0.51,0.03,-16.41,-0.82,768.2,0.08
1616,多头进场,2026-03-09 07:00,long,1951.59,1.0248,1999.989432,-14.84,-0.74,0.51,0.03,-16.41,-0.82,768.2,0.08
1617,空头出场,2026-03-09 08:30,long,1951.02,1.0324,1999.872364,-14.36,-0.72,7.31,0.37,-29.59,-1.48,753.84,0.08
1617,空头进场,2026-03-09 07:30,short,1937.11,1.0324,1999.872364,-14.36,-0.72,7.31,0.37,-29.59,-1.48,753.84,0.08
1618,多头出场,2026-03-09 09:30,short,1945.96,1.0251,1999.990602,-5.19,-0.26,12.35,0.62,-7.97,-0.40,748.65,0.07
1618,多头进场,2026-03-09 08:30,long,1951.02,1.0251,1999.990602,-5.19,-0.26,12.35,0.62,-7.97,-0.40,748.65,0.07
1619,空头出场,2026-03-09 10:30,long,1959.74,1.0277,1999.863092,-14.16,-0.71,7.52,0.38,-17.64,-0.88,734.49,0.07
1619,空头进场,2026-03-09 09:30,short,1945.96,1.0277,1999.863092,-14.16,-0.71,7.52,0.38,-17.64,-0.88,734.49,0.07
1620,多头出场,2026-03-09 14:30,short,1984.72,1.0205,1999.91467,25.49,1.27,54.97,2.75,-0.53,-0.03,759.98,0.08
1620,多头进场,2026-03-09 10:30,long,1959.74,1.0205,1999.91467,25.49,1.27,54.97,2.75,-0.53,-0.03,759.98,0.08
1621,空头出场,2026-03-09 16:00,long,1995.99,1.0076,1999.803872,-11.36,-0.57,20.5,1.03,-13.33,-0.67,748.63,0.07
1621,空头进场,2026-03-09 14:30,short,1984.72,1.0076,1999.803872,-11.36,-0.57,20.5,1.03,-13.33,-0.67,748.63,0.07
1622,多头出场,2026-03-09 18:30,short,1995.42,1.002,1999.98198,-0.57,-0.03,24.82,1.24,-8.93,-0.45,748.06,0.07
1622,多头进场,2026-03-09 16:00,long,1995.99,1.002,1999.98198,-0.57,-0.03,24.82,1.24,-8.93,-0.45,748.06,0.07
1623,空头出场,2026-03-09 20:00,long,2007.88,1.0022,1999.809924,-12.49,-0.62,13.95,0.70,-13.04,-0.65,735.57,0.07
1623,空头进场,2026-03-09 18:30,short,1995.42,1.0022,1999.809924,-12.49,-0.62,13.95,0.70,-13.04,-0.65,735.57,0.07
1624,多头出场,2026-03-10 01:00,short,2020.64,0.996,1999.84848,12.71,0.64,30.13,1.51,-8.72,-0.44,748.28,0.07
1624,多头进场,2026-03-09 20:00,long,2007.88,0.996,1999.84848,12.71,0.64,30.13,1.51,-8.72,-0.44,748.28,0.07
1625,空头出场,2026-03-10 03:00,long,2049.98,0.9897,1999.827408,-29.04,-1.45,14.18,0.71,-29.05,-1.45,719.24,0.07
1625,空头进场,2026-03-10 01:00,short,2020.64,0.9897,1999.827408,-29.04,-1.45,14.18,0.71,-29.05,-1.45,719.24,0.07
1626,多头出场,2026-03-10 04:30,short,2025.93,0.9756,1999.960488,-23.46,-1.17,2.69,0.13,-30.26,-1.51,695.78,0.07
1626,多头进场,2026-03-10 03:00,long,2049.98,0.9756,1999.960488,-23.46,-1.17,2.69,0.13,-30.26,-1.51,695.78,0.07
1627,空头出场,2026-03-10 08:00,long,2013.96,0.9872,1999.998096,11.82,0.59,35.48,1.77,-9.31,-0.47,707.59,0.07
1627,空头进场,2026-03-10 04:30,short,2025.93,0.9872,1999.998096,11.82,0.59,35.48,1.77,-9.31,-0.47,707.59,0.07
1628,多头出场,2026-03-10 11:30,short,2027.08,0.993,1999.86228,13.03,0.65,38.98,1.95,-6.53,-0.33,720.62,0.07
1628,多头进场,2026-03-10 08:00,long,2013.96,0.993,1999.86228,13.03,0.65,38.98,1.95,-6.53,-0.33,720.62,0.07
1629,空头出场,2026-03-10 12:00,long,2036.48,0.9866,1999.917128,-9.27,-0.46,0.37,0.02,-11.63,-0.58,711.35,0.07
1629,空头进场,2026-03-10 11:30,short,2027.08,0.9866,1999.917128,-9.27,-0.46,0.37,0.02,-11.63,-0.58,711.35,0.07
1630,多头出场,2026-03-10 18:00,short,2061.68,0.982,1999.82336,24.75,1.24,34.67,1.73,-0.12,-0.01,736.1,0.07
1630,多头进场,2026-03-10 12:00,long,2036.48,0.982,1999.82336,24.75,1.24,34.67,1.73,-0.12,-0.01,736.1,0.07
1631,空头出场,2026-03-10 19:00,long,2064.99,0.97,1999.8296,-3.21,-0.16,5.48,0.27,-5.71,-0.29,732.88,0.07
1631,空头进场,2026-03-10 18:00,short,2061.68,0.97,1999.8296,-3.21,-0.16,5.48,0.27,-5.71,-0.29,732.88,0.07
1632,多头出场,2026-03-10 19:30,short,2061.99,0.9685,1999.942815,-2.91,-0.15,1.06,0.05,-4.22,-0.21,729.98,0.07
1632,多头进场,2026-03-10 19:00,long,2064.99,0.9685,1999.942815,-2.91,-0.15,1.06,0.05,-4.22,-0.21,729.98,0.07
1633,空头出场,2026-03-10 22:30,long,2075.74,0.9699,1999.924101,-13.34,-0.67,51.05,2.55,-17.09,-0.85,716.64,0.07
1633,空头进场,2026-03-10 19:30,short,2061.99,0.9699,1999.924101,-13.34,-0.67,51.05,2.55,-17.09,-0.85,716.64,0.07
1634,多头出场,2026-03-11 01:00,short,2073.02,0.9635,1999.97549,-2.62,-0.13,11.63,0.58,-13.47,-0.67,714.02,0.07
1634,多头进场,2026-03-10 22:30,long,2075.74,0.9635,1999.97549,-2.62,-0.13,11.63,0.58,-13.47,-0.67,714.02,0.07
1635,空头出场,2026-03-11 07:00,long,2033.61,0.9647,1999.842394,38.02,1.90,50.75,2.54,-6.42,-0.32,752.04,0.08
1635,空头进场,2026-03-11 01:00,short,2073.02,0.9647,1999.842394,38.02,1.90,50.75,2.54,-6.42,-0.32,752.04,0.08
1636,多头出场,2026-03-11 10:00,short,2033.36,0.9834,1999.852074,-0.25,-0.01,7.87,0.39,-4.59,-0.23,751.8,0.08
1636,多头进场,2026-03-11 07:00,long,2033.61,0.9834,1999.852074,-0.25,-0.01,7.87,0.39,-4.59,-0.23,751.8,0.08
1637,空头出场,2026-03-11 12:00,long,2034.7,0.9835,1999.80956,-1.32,-0.07,14.86,0.74,-3.28,-0.16,750.48,0.08
1637,空头进场,2026-03-11 10:00,short,2033.36,0.9835,1999.80956,-1.32,-0.07,14.86,0.74,-3.28,-0.16,750.48,0.08
1638,多头出场,2026-03-11 13:30,short,2014.61,0.9829,1999.90663,-19.75,-0.99,6.35,0.32,-21.9,-1.10,730.73,0.07
1638,多头进场,2026-03-11 12:00,long,2034.7,0.9829,1999.90663,-19.75,-0.99,6.35,0.32,-21.9,-1.10,730.73,0.07
1639,空头出场,2026-03-11 14:30,long,2024.28,0.9927,1999.903347,-9.6,-0.48,0.62,0.03,-11.01,-0.55,721.13,0.07
1639,空头进场,2026-03-11 13:30,short,2014.61,0.9927,1999.903347,-9.6,-0.48,0.62,0.03,-11.01,-0.55,721.13,0.07
1640,多头出场,2026-03-11 15:00,short,2019.58,0.988,1999.98864,-4.64,-0.23,1.35,0.07,-4.67,-0.23,716.49,0.07
1640,多头进场,2026-03-11 14:30,long,2024.28,0.988,1999.98864,-4.64,-0.23,1.35,0.07,-4.67,-0.23,716.49,0.07
1641,空头出场,2026-03-11 16:30,long,2024.11,0.9903,1999.990074,-4.49,-0.22,12.09,0.60,-5.88,-0.29,712,0.07
1641,空头进场,2026-03-11 15:00,short,2019.58,0.9903,1999.990074,-4.49,-0.22,12.09,0.60,-5.88,-0.29,712,0.07
1642,多头出场,2026-03-11 19:30,short,2017.9,0.988,1999.82068,-6.14,-0.31,9.39,0.47,-9.27,-0.46,705.87,0.07
1642,多头进场,2026-03-11 16:30,long,2024.11,0.988,1999.82068,-6.14,-0.31,9.39,0.47,-9.27,-0.46,705.87,0.07
1643,空头出场,2026-03-11 20:00,long,2025.79,0.9911,1999.94069,-7.82,-0.39,4.98,0.25,-8.56,-0.43,698.05,0.07
1643,空头进场,2026-03-11 19:30,short,2017.9,0.9911,1999.94069,-7.82,-0.39,4.98,0.25,-8.56,-0.43,698.05,0.07
1644,多头出场,2026-03-11 23:00,short,2049.5,0.9872,1999.859888,23.41,1.17,55.49,2.77,-6.22,-0.31,721.45,0.07
1644,多头进场,2026-03-11 20:00,long,2025.79,0.9872,1999.859888,23.41,1.17,55.49,2.77,-6.22,-0.31,721.45,0.07
1645,空头出场,2026-03-12 00:00,long,2055.94,0.9758,1999.9021,-6.28,-0.31,18.46,0.92,-11.85,-0.59,715.17,0.07
1645,空头进场,2026-03-11 23:00,short,2049.5,0.9758,1999.9021,-6.28,-0.31,18.46,0.92,-11.85,-0.59,715.17,0.07
1646,多头出场,2026-03-12 03:00,short,2072.03,0.9727,1999.812838,15.65,0.78,28.72,1.44,-0.08,0.00,730.82,0.07
1646,多头进场,2026-03-12 00:00,long,2055.94,0.9727,1999.812838,15.65,0.78,28.72,1.44,-0.08,0.00,730.82,0.07
1647,空头出场,2026-03-12 03:30,long,2076.18,0.9652,1999.923356,-4.01,-0.20,2.65,0.13,-5.54,-0.28,726.81,0.07
1647,空头进场,2026-03-12 03:00,short,2072.03,0.9652,1999.923356,-4.01,-0.20,2.65,0.13,-5.54,-0.28,726.81,0.07
1648,多头出场,2026-03-12 04:00,short,2069.53,0.9633,1999.984194,-6.41,-0.32,0.07,0.00,-7.82,-0.39,720.41,0.07
1648,多头进场,2026-03-12 03:30,long,2076.18,0.9633,1999.984194,-6.41,-0.32,0.07,0.00,-7.82,-0.39,720.41,0.07
1649,空头出场,2026-03-12 05:30,long,2073.01,0.9664,1999.993792,-3.36,-0.17,5.5,0.27,-5.12,-0.26,717.04,0.07
1649,空头进场,2026-03-12 04:00,short,2069.53,0.9664,1999.993792,-3.36,-0.17,5.5,0.27,-5.12,-0.26,717.04,0.07
1650,多头出场,2026-03-12 06:00,short,2068.59,0.9647,1999.832747,-4.26,-0.21,10.19,0.51,-4.71,-0.24,712.78,0.07
1650,多头进场,2026-03-12 05:30,long,2073.01,0.9647,1999.832747,-4.26,-0.21,10.19,0.51,-4.71,-0.24,712.78,0.07
1651,空头出场,2026-03-12 13:30,long,2027.31,0.9668,1999.912812,39.91,2.00,48.14,2.41,-1.87,-0.09,752.69,0.08
1651,空头进场,2026-03-12 06:00,short,2068.59,0.9668,1999.912812,39.91,2.00,48.14,2.41,-1.87,-0.09,752.69,0.08
1652,多头出场,2026-03-12 21:00,short,2057.32,0.9865,1999.941315,29.6,1.48,48.62,2.43,-2.16,-0.11,782.3,0.08
1652,多头进场,2026-03-12 13:30,long,2027.31,0.9865,1999.941315,29.6,1.48,48.62,2.43,-2.16,-0.11,782.3,0.08
1653,空头出场,2026-03-12 21:30,long,2065.79,0.9721,1999.920772,-8.23,-0.41,4.83,0.24,-21.73,-1.09,774.06,0.08
1653,空头进场,2026-03-12 21:00,short,2057.32,0.9721,1999.920772,-8.23,-0.41,4.83,0.24,-21.73,-1.09,774.06,0.08
1654,多头出场,2026-03-12 22:00,short,2059.48,0.9681,1999.891299,-6.11,-0.31,28.09,1.40,-7.1,-0.35,767.95,0.08
1654,多头进场,2026-03-12 21:30,long,2065.79,0.9681,1999.891299,-6.11,-0.31,28.09,1.40,-7.1,-0.35,767.95,0.08
1655,空头出场,2026-03-12 23:00,long,2068.73,0.9711,1999.961028,-8.98,-0.45,19.97,1.00,-10.92,-0.55,758.97,0.08
1655,空头进场,2026-03-12 22:00,short,2059.48,0.9711,1999.961028,-8.98,-0.45,19.97,1.00,-10.92,-0.55,758.97,0.08
1656,多头出场,2026-03-13 00:00,short,2063.88,0.9667,1999.841291,-4.69,-0.23,12.9,0.64,-11.43,-0.57,754.28,0.08
1656,多头进场,2026-03-12 23:00,long,2068.73,0.9667,1999.841291,-4.69,-0.23,12.9,0.64,-11.43,-0.57,754.28,0.08
1657,空头出场,2026-03-13 00:30,long,2070.06,0.969,1999.89972,-5.99,-0.30,0.65,0.03,-11.97,-0.60,748.29,0.07
1657,空头进场,2026-03-13 00:00,short,2063.88,0.969,1999.89972,-5.99,-0.30,0.65,0.03,-11.97,-0.60,748.29,0.07
1658,多头出场,2026-03-13 01:00,short,2062.04,0.9661,1999.884966,-7.75,-0.39,5.13,0.26,-9.14,-0.46,740.55,0.07
1658,多头进场,2026-03-13 00:30,long,2070.06,0.9661,1999.884966,-7.75,-0.39,5.13,0.26,-9.14,-0.46,740.55,0.07
1659,空头出场,2026-03-13 03:00,long,2062.21,0.9699,1999.972596,-0.16,-0.01,15.58,0.78,-5.96,-0.30,740.38,0.07
1659,空头进场,2026-03-13 01:00,short,2062.04,0.9699,1999.972596,-0.16,-0.01,15.58,0.78,-5.96,-0.30,740.38,0.07
1660,多头出场,2026-03-13 04:30,short,2062.94,0.9698,1999.931258,0.71,0.04,11.61,0.58,-1.24,-0.06,741.09,0.07
1660,多头进场,2026-03-13 03:00,long,2062.21,0.9698,1999.931258,0.71,0.04,11.61,0.58,-1.24,-0.06,741.09,0.07
1661,空头出场,2026-03-13 05:30,long,2063.2,0.9694,1999.814036,-0.25,-0.01,4.87,0.24,-6.36,-0.32,740.84,0.07
1661,空头进场,2026-03-13 04:30,short,2062.94,0.9694,1999.814036,-0.25,-0.01,4.87,0.24,-6.36,-0.32,740.84,0.07
1662,多头出场,2026-03-13 10:30,short,2105.92,0.9693,1999.85976,41.41,2.07,82.09,4.10,-6.85,-0.34,782.24,0.08
1662,多头进场,2026-03-13 05:30,long,2063.2,0.9693,1999.85976,41.41,2.07,82.09,4.10,-6.85,-0.34,782.24,0.08
1663,空头出场,2026-03-13 11:30,long,2118.92,0.9497,1999.992224,-12.35,-0.62,3.22,0.16,-16.33,-0.82,769.9,0.08
1663,空头进场,2026-03-13 10:30,short,2105.92,0.9497,1999.992224,-12.35,-0.62,3.22,0.16,-16.33,-0.82,769.9,0.08
1664,多头出场,2026-03-13 12:00,short,2112.17,0.9438,1999.836696,-6.37,-0.32,1.05,0.05,-7,-0.35,763.53,0.08
1664,多头进场,2026-03-13 11:30,long,2118.92,0.9438,1999.836696,-6.37,-0.32,1.05,0.05,-7,-0.35,763.53,0.08
1665,空头出场,2026-03-13 17:00,long,2103.33,0.9468,1999.802556,8.37,0.42,20.78,1.04,-3.22,-0.16,771.9,0.08
1665,空头进场,2026-03-13 12:00,short,2112.17,0.9468,1999.802556,8.37,0.42,20.78,1.04,-3.22,-0.16,771.9,0.08
1666,多头出场,2026-03-13 22:30,short,2150.58,0.9508,1999.846164,44.93,2.25,98.17,4.91,-0.75,-0.04,816.82,0.08
1666,多头进场,2026-03-13 17:00,long,2103.33,0.9508,1999.846164,44.93,2.25,98.17,4.91,-0.75,-0.04,816.82,0.08
1667,空头出场,2026-03-14 04:00,long,2110.39,0.9299,1999.824342,37.37,1.87,54.74,2.74,-13.6,-0.68,854.2,0.09
1667,空头进场,2026-03-13 22:30,short,2150.58,0.9299,1999.824342,37.37,1.87,54.74,2.74,-13.6,-0.68,854.2,0.09
1668,多头出场,2026-03-14 05:00,short,2105.68,0.9476,1999.805564,-4.46,-0.22,5.76,0.29,-5.38,-0.27,849.73,0.08
1668,多头进场,2026-03-14 04:00,long,2110.39,0.9476,1999.805564,-4.46,-0.22,5.76,0.29,-5.38,-0.27,849.73,0.08
1669,空头出场,2026-03-14 07:30,long,2092.7,0.9498,1999.974864,12.33,0.62,25.29,1.26,-3.34,-0.17,862.06,0.09
1669,空头进场,2026-03-14 05:00,short,2105.68,0.9498,1999.974864,12.33,0.62,25.29,1.26,-3.34,-0.17,862.06,0.09
1670,多头出场,2026-03-14 08:30,short,2086.21,0.9557,1999.99339,-6.2,-0.31,2.84,0.14,-8.84,-0.44,855.86,0.09
1670,多头进场,2026-03-14 07:30,long,2092.7,0.9557,1999.99339,-6.2,-0.31,2.84,0.14,-8.84,-0.44,855.86,0.09
1671,空头出场,2026-03-14 09:00,long,2093.12,0.9586,1999.840906,-6.62,-0.33,0.23,0.01,-7.51,-0.38,849.23,0.08
1671,空头进场,2026-03-14 08:30,short,2086.21,0.9586,1999.840906,-6.62,-0.33,0.23,0.01,-7.51,-0.38,849.23,0.08
1672,多头出场,2026-03-14 12:30,short,2090.97,0.9555,1999.97616,-2.05,-0.10,12.49,0.62,-10.41,-0.52,847.18,0.08
1672,多头进场,2026-03-14 09:00,long,2093.12,0.9555,1999.97616,-2.05,-0.10,12.49,0.62,-10.41,-0.52,847.18,0.08
1673,空头出场,2026-03-14 19:00,long,2074.23,0.9564,1999.803708,16.01,0.80,27.33,1.37,-3.84,-0.19,863.19,0.09
1673,空头进场,2026-03-14 12:30,short,2090.97,0.9564,1999.803708,16.01,0.80,27.33,1.37,-3.84,-0.19,863.19,0.09
1674,多头出场,2026-03-14 22:30,short,2071.66,0.9642,1999.972566,-2.48,-0.12,6.39,0.32,-3.73,-0.19,860.71,0.09
1674,多头进场,2026-03-14 19:00,long,2074.23,0.9642,1999.972566,-2.48,-0.12,6.39,0.32,-3.73,-0.19,860.71,0.09
1675,空头出场,2026-03-14 23:00,long,2076.72,0.9654,1999.980564,-4.88,-0.24,0.95,0.05,-6.4,-0.32,855.83,0.09
1675,空头进场,2026-03-14 22:30,short,2071.66,0.9654,1999.980564,-4.88,-0.24,0.95,0.05,-6.4,-0.32,855.83,0.09
1676,多头出场,2026-03-14 23:30,short,2075.27,0.963,1999.88136,-1.4,-0.07,0.01,0.00,-4.27,-0.21,854.43,0.09
1676,多头进场,2026-03-14 23:00,long,2076.72,0.963,1999.88136,-1.4,-0.07,0.01,0.00,-4.27,-0.21,854.43,0.09
1677,空头出场,2026-03-15 00:00,long,2076.11,0.9637,1999.937699,-0.81,-0.04,5.17,0.26,-1.11,-0.06,853.62,0.09
1677,空头进场,2026-03-14 23:30,short,2075.27,0.9637,1999.937699,-0.81,-0.04,5.17,0.26,-1.11,-0.06,853.62,0.09
1678,多头出场,2026-03-15 01:30,short,2075.67,0.9633,1999.916763,-0.42,-0.02,2.76,0.14,-1.98,-0.10,853.2,0.09
1678,多头进场,2026-03-15 00:00,long,2076.11,0.9633,1999.916763,-0.42,-0.02,2.76,0.14,-1.98,-0.10,853.2,0.09
1679,空头出场,2026-03-15 02:30,long,2077.53,0.9635,1999.908045,-1.79,-0.09,2.26,0.11,-2.64,-0.13,851.41,0.09
1679,空头进场,2026-03-15 01:30,short,2075.67,0.9635,1999.908045,-1.79,-0.09,2.26,0.11,-2.64,-0.13,851.41,0.09
1680,多头出场,2026-03-15 08:00,short,2090.12,0.9626,1999.830378,12.12,0.61,20.89,1.04,-1.93,-0.10,863.52,0.09
1680,多头进场,2026-03-15 02:30,long,2077.53,0.9626,1999.830378,12.12,0.61,20.89,1.04,-1.93,-0.10,863.52,0.09
1681,空头出场,2026-03-15 10:00,long,2093.76,0.9568,1999.826816,-3.48,-0.17,5.94,0.30,-7.91,-0.40,860.04,0.09
1681,空头进场,2026-03-15 08:00,short,2090.12,0.9568,1999.826816,-3.48,-0.17,5.94,0.30,-7.91,-0.40,860.04,0.09
1682,多头出场,2026-03-15 15:30,short,2106.15,0.9552,1999.959552,11.83,0.59,21.39,1.07,-2.83,-0.14,871.88,0.09
1682,多头进场,2026-03-15 10:00,long,2093.76,0.9552,1999.959552,11.83,0.59,21.39,1.07,-2.83,-0.14,871.88,0.09
1683,空头出场,2026-03-15 16:00,long,2109.6,0.9495,1999.789425,-3.28,-0.16,0.01,0.00,-5.92,-0.30,868.6,0.09
1683,空头进场,2026-03-15 15:30,short,2106.15,0.9495,1999.789425,-3.28,-0.16,0.01,0.00,-5.92,-0.30,868.6,0.09
1684,多头出场,2026-03-15 19:00,short,2116.84,0.948,1999.9008,6.86,0.34,13.55,0.68,-1.09,-0.05,875.46,0.09
1684,多头进场,2026-03-15 16:00,long,2109.6,0.948,1999.9008,6.86,0.34,13.55,0.68,-1.09,-0.05,875.46,0.09
1685,空头出场,2026-03-15 19:30,long,2120.19,0.9448,1999.990432,-3.17,-0.16,1.19,0.06,-4.66,-0.23,872.3,0.09
1685,空头进场,2026-03-15 19:00,short,2116.84,0.9448,1999.990432,-3.17,-0.16,1.19,0.06,-4.66,-0.23,872.3,0.09
1686,多头出场,2026-03-15 20:00,short,2117.62,0.9433,1999.975227,-2.42,-0.12,0.23,0.01,-4.43,-0.22,869.88,0.09
1686,多头进场,2026-03-15 19:30,long,2120.19,0.9433,1999.975227,-2.42,-0.12,0.23,0.01,-4.43,-0.22,869.88,0.09
1687,空头出场,2026-03-16 01:00,long,2095.58,0.9444,1999.880328,20.81,1.04,28.6,1.43,-0.37,-0.02,890.69,0.09
1687,空头进场,2026-03-15 20:00,short,2117.62,0.9444,1999.880328,20.81,1.04,28.6,1.43,-0.37,-0.02,890.69,0.09
1688,多头出场,2026-03-16 02:30,short,2099.7,0.9543,1999.811994,3.93,0.20,21.62,1.08,-0.62,-0.03,894.62,0.09
1688,多头进场,2026-03-16 01:00,long,2095.58,0.9543,1999.811994,3.93,0.20,21.62,1.08,-0.62,-0.03,894.62,0.09
1689,空头出场,2026-03-16 03:00,long,2112.37,0.9525,1999.96425,-12.07,-0.60,2,0.10,-12.95,-0.65,882.55,0.09
1689,空头进场,2026-03-16 02:30,short,2099.7,0.9525,1999.96425,-12.07,-0.60,2,0.10,-12.95,-0.65,882.55,0.09
1690,多头出场,2026-03-16 10:00,short,2174.18,0.9468,1999.991916,58.52,2.93,85.72,4.29,-2.42,-0.12,941.08,0.09
1690,多头进场,2026-03-16 03:00,long,2112.37,0.9468,1999.991916,58.52,2.93,85.72,4.29,-2.42,-0.12,941.08,0.09
1691,空头出场,2026-03-16 10:30,long,2181.2,0.9198,1999.810764,-6.46,-0.32,2.6,0.13,-8.98,-0.45,934.62,0.09
1691,空头进场,2026-03-16 10:00,short,2174.18,0.9198,1999.810764,-6.46,-0.32,2.6,0.13,-8.98,-0.45,934.62,0.09
1692,多头出场,2026-03-16 14:30,short,2262.06,0.9169,1999.94228,74.14,3.71,97.81,4.89,-2.9,-0.14,1008.76,0.10
1692,多头进场,2026-03-16 10:30,long,2181.2,0.9169,1999.94228,74.14,3.71,97.81,4.89,-2.9,-0.14,1008.76,0.10
1693,空头出场,2026-03-16 15:00,long,2267.43,0.8841,1999.887246,-4.75,-0.24,0.71,0.04,-6.49,-0.32,1004.01,0.10
1693,空头进场,2026-03-16 14:30,short,2262.06,0.8841,1999.887246,-4.75,-0.24,0.71,0.04,-6.49,-0.32,1004.01,0.10
1694,多头出场,2026-03-16 15:30,short,2249.41,0.882,1999.87326,-15.89,-0.79,0.29,0.01,-18.28,-0.91,988.12,0.10
1694,多头进场,2026-03-16 15:00,long,2267.43,0.882,1999.87326,-15.89,-0.79,0.29,0.01,-18.28,-0.91,988.12,0.10
1695,空头出场,2026-03-16 17:30,long,2261.02,0.8891,1999.950431,-10.32,-0.52,11.73,0.59,-13.8,-0.69,977.79,0.10
1695,空头进场,2026-03-16 15:30,short,2249.41,0.8891,1999.950431,-10.32,-0.52,11.73,0.59,-13.8,-0.69,977.79,0.10
1696,多头出场,2026-03-16 22:00,short,2281.77,0.8845,1999.87219,18.35,0.92,41.41,2.07,-3.77,-0.19,996.15,0.10
1696,多头进场,2026-03-16 17:30,long,2261.02,0.8845,1999.87219,18.35,0.92,41.41,2.07,-3.77,-0.19,996.15,0.10
1697,空头出场,2026-03-16 22:30,long,2288.39,0.8765,1999.971405,-5.8,-0.29,22.1,1.10,-5.81,-0.29,990.35,0.10
1697,空头进场,2026-03-16 22:00,short,2281.77,0.8765,1999.971405,-5.8,-0.29,22.1,1.10,-5.81,-0.29,990.35,0.10
1698,多头出场,2026-03-16 23:30,short,2274.35,0.8739,1999.824021,-12.27,-0.61,7.82,0.39,-15.41,-0.77,978.08,0.10
1698,多头进场,2026-03-16 22:30,long,2288.39,0.8739,1999.824021,-12.27,-0.61,7.82,0.39,-15.41,-0.77,978.08,0.10
1699,空头出场,2026-03-17 00:30,long,2297.62,0.8793,1999.835955,-20.46,-1.02,3.21,0.16,-22.84,-1.14,957.61,0.10
1699,空头进场,2026-03-16 23:30,short,2274.35,0.8793,1999.835955,-20.46,-1.02,3.21,0.16,-22.84,-1.14,957.61,0.10
1700,多头出场,2026-03-17 07:00,short,2351.85,0.8704,1999.848448,47.2,2.36,76.39,3.82,-3.12,-0.16,1004.82,0.10
1700,多头进场,2026-03-17 00:30,long,2297.62,0.8704,1999.848448,47.2,2.36,76.39,3.82,-3.12,-0.16,1004.82,0.10
1701,空头出场,2026-03-17 08:30,long,2357.32,0.8503,1999.778055,-4.65,-0.23,9.41,0.47,-20.28,-1.01,1000.17,0.10
1701,空头进场,2026-03-17 07:00,short,2351.85,0.8503,1999.778055,-4.65,-0.23,9.41,0.47,-20.28,-1.01,1000.17,0.10
1702,多头出场,2026-03-17 10:00,short,2347.3,0.8484,1999.950288,-8.5,-0.43,14.36,0.72,-10.53,-0.53,991.66,0.10
1702,多头进场,2026-03-17 08:30,long,2357.32,0.8484,1999.950288,-8.5,-0.43,14.36,0.72,-10.53,-0.53,991.66,0.10
1703,空头出场,2026-03-17 14:00,long,2321.64,0.852,1999.8996,21.86,1.09,42.89,2.14,-11.66,-0.58,1013.53,0.10
1703,空头进场,2026-03-17 10:00,short,2347.3,0.852,1999.8996,21.86,1.09,42.89,2.14,-11.66,-0.58,1013.53,0.10
1704,多头出场,2026-03-17 14:30,short,2315.26,0.8614,1999.860696,-5.5,-0.27,1.4,0.07,-11.09,-0.55,1008.03,0.10
1704,多头进场,2026-03-17 14:00,long,2321.64,0.8614,1999.860696,-5.5,-0.27,1.4,0.07,-11.09,-0.55,1008.03,0.10
1705,空头出场,2026-03-17 15:00,long,2335.39,0.8638,1999.921588,-17.39,-0.87,0.02,0.00,-19.44,-0.97,990.64,0.10
1705,空头进场,2026-03-17 14:30,short,2315.26,0.8638,1999.921588,-17.39,-0.87,0.02,0.00,-19.44,-0.97,990.64,0.10
1706,多头出场,2026-03-17 16:30,short,2320.53,0.8563,1999.794457,-12.72,-0.64,0.71,0.04,-16.1,-0.81,977.92,0.10
1706,多头进场,2026-03-17 15:00,long,2335.39,0.8563,1999.794457,-12.72,-0.64,0.71,0.04,-16.1,-0.81,977.92,0.10
1707,空头出场,2026-03-17 17:00,long,2325.04,0.8618,1999.832754,-3.89,-0.19,10.91,0.55,-7.06,-0.35,974.03,0.10
1707,空头进场,2026-03-17 16:30,short,2320.53,0.8618,1999.832754,-3.89,-0.19,10.91,0.55,-7.06,-0.35,974.03,0.10
1708,多头出场,2026-03-17 17:30,short,2315.71,0.8602,1999.999408,-8.03,-0.40,0.81,0.04,-11.78,-0.59,966.01,0.10
1708,多头进场,2026-03-17 17:00,long,2325.04,0.8602,1999.999408,-8.03,-0.40,0.81,0.04,-11.78,-0.59,966.01,0.10
1709,空头出场,2026-03-17 19:00,long,2328.43,0.8636,1999.847156,-10.98,-0.55,8.64,0.43,-14.04,-0.70,955.02,0.10
1709,空头进场,2026-03-17 17:30,short,2315.71,0.8636,1999.847156,-10.98,-0.55,8.64,0.43,-14.04,-0.70,955.02,0.10
1710,多头出场,2026-03-17 20:00,short,2320.22,0.8589,1999.888527,-7.05,-0.35,5.45,0.27,-9.65,-0.48,947.97,0.09
1710,多头进场,2026-03-17 19:00,long,2328.43,0.8589,1999.888527,-7.05,-0.35,5.45,0.27,-9.65,-0.48,947.97,0.09
1711,空头出场,2026-03-17 21:00,long,2320.62,0.8619,1999.797618,-0.34,-0.02,5.87,0.29,-3.16,-0.16,947.62,0.09
1711,空头进场,2026-03-17 20:00,short,2320.22,0.8619,1999.797618,-0.34,-0.02,5.87,0.29,-3.16,-0.16,947.62,0.09
1712,多头出场,2026-03-17 23:00,short,2323.43,0.8618,1999.910316,2.42,0.12,31.72,1.59,-2.46,-0.12,950.05,0.10
1712,多头进场,2026-03-17 21:00,long,2320.62,0.8618,1999.910316,2.42,0.12,31.72,1.59,-2.46,-0.12,950.05,0.10
1713,空头出场,2026-03-18 00:00,long,2331.21,0.8607,1999.776201,-6.7,-0.33,16.09,0.80,-11.22,-0.56,943.35,0.09
1713,空头进场,2026-03-17 23:00,short,2323.43,0.8607,1999.776201,-6.7,-0.33,16.09,0.80,-11.22,-0.56,943.35,0.09
1714,多头出场,2026-03-18 00:30,short,2326.81,0.8579,1999.945059,-3.77,-0.19,1.27,0.06,-8.68,-0.43,939.58,0.09
1714,多头进场,2026-03-18 00:00,long,2331.21,0.8579,1999.945059,-3.77,-0.19,1.27,0.06,-8.68,-0.43,939.58,0.09
1715,空头出场,2026-03-18 01:00,long,2329.18,0.8595,1999.893195,-2.04,-0.10,5.15,0.26,-7.01,-0.35,937.54,0.09
1715,空头进场,2026-03-18 00:30,short,2326.81,0.8595,1999.893195,-2.04,-0.10,5.15,0.26,-7.01,-0.35,937.54,0.09
1716,多头出场,2026-03-18 03:30,short,2320.46,0.8586,1999.833948,-7.49,-0.37,11.53,0.58,-10.08,-0.50,930.05,0.09
1716,多头进场,2026-03-18 01:00,long,2329.18,0.8586,1999.833948,-7.49,-0.37,11.53,0.58,-10.08,-0.50,930.05,0.09
1717,空头出场,2026-03-18 05:00,long,2336.56,0.8618,1999.772428,-13.87,-0.69,2.34,0.12,-20.52,-1.03,916.18,0.09
1717,空头进场,2026-03-18 03:30,short,2320.46,0.8618,1999.772428,-13.87,-0.69,2.34,0.12,-20.52,-1.03,916.18,0.09
1718,多头出场,2026-03-18 06:00,short,2328.73,0.8559,1999.861704,-6.7,-0.34,4.5,0.23,-6.7,-0.34,909.47,0.09
1718,多头进场,2026-03-18 05:00,long,2336.56,0.8559,1999.861704,-6.7,-0.34,4.5,0.23,-6.7,-0.34,909.47,0.09
1719,空头出场,2026-03-18 08:30,long,2325.02,0.8588,1999.913324,3.19,0.16,17.39,0.87,-3.66,-0.18,912.66,0.09
1719,空头进场,2026-03-18 06:00,short,2328.73,0.8588,1999.913324,3.19,0.16,17.39,0.87,-3.66,-0.18,912.66,0.09
1720,多头出场,2026-03-18 12:00,short,2333.5,0.8602,1999.982204,7.29,0.36,21.26,1.06,-0.85,-0.04,919.96,0.09
1720,多头进场,2026-03-18 08:30,long,2325.02,0.8602,1999.982204,7.29,0.36,21.26,1.06,-0.85,-0.04,919.96,0.09
1721,空头出场,2026-03-18 14:00,long,2329.74,0.857,1999.8095,3.22,0.16,15.85,0.79,-0.02,0.00,923.18,0.09
1721,空头进场,2026-03-18 12:00,short,2333.5,0.857,1999.8095,3.22,0.16,15.85,0.79,-0.02,0.00,923.18,0.09
1722,多头出场,2026-03-18 14:30,short,2323.42,0.8584,1999.848816,-5.43,-0.27,0.7,0.03,-5.56,-0.28,917.75,0.09
1722,多头进场,2026-03-18 14:00,long,2329.74,0.8584,1999.848816,-5.43,-0.27,0.7,0.03,-5.56,-0.28,917.75,0.09
1723,空头出场,2026-03-18 16:30,long,2323.29,0.8608,1999.999936,0.11,0.01,8.95,0.45,-2.41,-0.12,917.86,0.09
1723,空头进场,2026-03-18 14:30,short,2323.42,0.8608,1999.999936,0.11,0.01,8.95,0.45,-2.41,-0.12,917.86,0.09
1724,多头出场,2026-03-18 18:30,short,2313.48,0.8608,1999.888032,-8.44,-0.42,9.38,0.47,-11.37,-0.57,909.42,0.09
1724,多头进场,2026-03-18 16:30,long,2323.29,0.8608,1999.888032,-8.44,-0.42,9.38,0.47,-11.37,-0.57,909.42,0.09
1725,空头出场,2026-03-19 01:00,long,2199.07,0.8644,1999.772112,98.9,4.95,124.97,6.25,-4.69,-0.23,1008.32,0.10
1725,空头进场,2026-03-18 18:30,short,2313.48,0.8644,1999.772112,98.9,4.95,124.97,6.25,-4.69,-0.23,1008.32,0.10
1726,多头出场,2026-03-19 02:30,short,2181.8,0.9094,1999.834258,-15.71,-0.79,18.96,0.95,-20.23,-1.01,992.61,0.10
1726,多头进场,2026-03-19 01:00,long,2199.07,0.9094,1999.834258,-15.71,-0.79,18.96,0.95,-20.23,-1.01,992.61,0.10
1727,空头出场,2026-03-19 03:00,long,2193.82,0.9166,1999.83788,-11.02,-0.55,1.42,0.07,-14.07,-0.70,981.59,0.10
1727,空头进场,2026-03-19 02:30,short,2181.8,0.9166,1999.83788,-11.02,-0.55,1.42,0.07,-14.07,-0.70,981.59,0.10
1728,多头出场,2026-03-19 03:30,short,2186.22,0.9116,1999.886312,-6.93,-0.35,2.5,0.12,-12.01,-0.60,974.66,0.10
1728,多头进场,2026-03-19 03:00,long,2193.82,0.9116,1999.886312,-6.93,-0.35,2.5,0.12,-12.01,-0.60,974.66,0.10
1729,空头出场,2026-03-19 04:30,long,2188.56,0.9148,1999.954056,-2.14,-0.11,29.31,1.47,-5.96,-0.30,972.52,0.10
1729,空头进场,2026-03-19 03:30,short,2186.22,0.9148,1999.954056,-2.14,-0.11,29.31,1.47,-5.96,-0.30,972.52,0.10
1730,多头出场,2026-03-19 08:30,short,2193.88,0.9138,1999.906128,4.86,0.24,17.69,0.88,-1.77,-0.09,977.39,0.10
1730,多头进场,2026-03-19 04:30,long,2188.56,0.9138,1999.906128,4.86,0.24,17.69,0.88,-1.77,-0.09,977.39,0.10
1731,空头出场,2026-03-19 09:30,long,2197.37,0.9116,1999.941008,-3.18,-0.16,5.57,0.28,-7.67,-0.38,974.2,0.10
1731,空头进场,2026-03-19 08:30,short,2193.88,0.9116,1999.941008,-3.18,-0.16,5.57,0.28,-7.67,-0.38,974.2,0.10
1732,多头出场,2026-03-19 10:30,short,2197.16,0.9101,1999.826437,-0.19,-0.01,7.31,0.37,-7.13,-0.36,974.01,0.10
1732,多头进场,2026-03-19 09:30,long,2197.37,0.9101,1999.826437,-0.19,-0.01,7.31,0.37,-7.13,-0.36,974.01,0.10
1733,空头出场,2026-03-19 11:00,long,2228.77,0.9102,1999.855032,-28.77,-1.44,0.01,0.00,-33.18,-1.66,945.24,0.09
1733,空头进场,2026-03-19 10:30,short,2197.16,0.9102,1999.855032,-28.77,-1.44,0.01,0.00,-33.18,-1.66,945.24,0.09
1734,多头出场,2026-03-19 12:00,short,2195.1,0.8973,1999.875321,-30.21,-1.51,0.92,0.05,-31.93,-1.60,915.03,0.09
1734,多头进场,2026-03-19 11:00,long,2228.77,0.8973,1999.875321,-30.21,-1.51,0.92,0.05,-31.93,-1.60,915.03,0.09
1735,空头出场,2026-03-19 17:00,long,2180.15,0.9111,1999.95561,13.62,0.68,46.78,2.34,-3.64,-0.18,928.65,0.09
1735,空头进场,2026-03-19 12:00,short,2195.1,0.9111,1999.95561,13.62,0.68,46.78,2.34,-3.64,-0.18,928.65,0.09
1736,多头出场,2026-03-19 18:30,short,2173.17,0.9173,1999.851595,-6.4,-0.32,10.37,0.52,-6.46,-0.32,922.25,0.09
1736,多头进场,2026-03-19 17:00,long,2180.15,0.9173,1999.851595,-6.4,-0.32,10.37,0.52,-6.46,-0.32,922.25,0.09
1737,空头出场,2026-03-20 01:00,long,2125.8,0.9203,1999.968351,43.59,2.18,67.08,3.35,-4.26,-0.21,965.84,0.10
1737,空头进场,2026-03-19 18:30,short,2173.17,0.9203,1999.968351,43.59,2.18,67.08,3.35,-4.26,-0.21,965.84,0.10
1738,多头出场,2026-03-20 02:00,short,2119.22,0.9408,1999.95264,-6.19,-0.31,5.46,0.27,-9.58,-0.48,959.65,0.10
1738,多头进场,2026-03-20 01:00,long,2125.8,0.9408,1999.95264,-6.19,-0.31,5.46,0.27,-9.58,-0.48,959.65,0.10
1739,空头出场,2026-03-20 02:30,long,2125.46,0.9437,1999.907914,-5.89,-0.29,4.18,0.21,-6.75,-0.34,953.76,0.10
1739,空头进场,2026-03-20 02:00,short,2119.22,0.9437,1999.907914,-5.89,-0.29,4.18,0.21,-6.75,-0.34,953.76,0.10
1740,多头出场,2026-03-20 06:30,short,2140.5,0.9409,1999.845314,14.15,0.71,29.96,1.50,-0.03,0.00,967.91,0.10
1740,多头进场,2026-03-20 02:30,long,2125.46,0.9409,1999.845314,14.15,0.71,29.96,1.50,-0.03,0.00,967.91,0.10
1741,空头出场,2026-03-20 08:30,long,2145.75,0.9343,1999.86915,-4.91,-0.25,7.94,0.40,-7.99,-0.40,963.01,0.10
1741,空头进场,2026-03-20 06:30,short,2140.5,0.9343,1999.86915,-4.91,-0.25,7.94,0.40,-7.99,-0.40,963.01,0.10
1742,多头出场,2026-03-20 10:00,short,2139.29,0.932,1999.839,-6.02,-0.30,14.13,0.71,-7.75,-0.39,956.99,0.10
1742,多头进场,2026-03-20 08:30,long,2145.75,0.932,1999.839,-6.02,-0.30,14.13,0.71,-7.75,-0.39,956.99,0.10
1743,空头出场,2026-03-20 11:00,long,2153.12,0.9348,1999.808292,-12.93,-0.65,5.78,0.29,-12.93,-0.65,944.06,0.09
1743,空头进场,2026-03-20 10:00,short,2139.29,0.9348,1999.808292,-12.93,-0.65,5.78,0.29,-12.93,-0.65,944.06,0.09
1744,多头出场,2026-03-20 12:30,short,2148.78,0.9288,1999.817856,-4.03,-0.20,5.54,0.28,-12.02,-0.60,940.03,0.09
1744,多头进场,2026-03-20 11:00,long,2153.12,0.9288,1999.817856,-4.03,-0.20,5.54,0.28,-12.02,-0.60,940.03,0.09
1745,空头出场,2026-03-20 15:30,long,2150.83,0.9307,1999.869546,-1.91,-0.10,24.7,1.24,-4.45,-0.22,938.12,0.09
1745,空头进场,2026-03-20 12:30,short,2148.78,0.9307,1999.869546,-1.91,-0.10,24.7,1.24,-4.45,-0.22,938.12,0.09
1746,多头出场,2026-03-20 17:00,short,2142.69,0.9298,1999.841734,-7.57,-0.38,23.78,1.19,-10.32,-0.52,930.55,0.09
1746,多头进场,2026-03-20 15:30,long,2150.83,0.9298,1999.841734,-7.57,-0.38,23.78,1.19,-10.32,-0.52,930.55,0.09
1747,空头出场,2026-03-20 18:30,long,2148.64,0.9334,1999.986846,-5.55,-0.28,10.11,0.51,-7.65,-0.38,925,0.09
1747,空头进场,2026-03-20 17:00,short,2142.69,0.9334,1999.986846,-5.55,-0.28,10.11,0.51,-7.65,-0.38,925,0.09
1748,多头出场,2026-03-20 19:30,short,2141.74,0.9308,1999.954112,-6.42,-0.32,9.35,0.47,-12.49,-0.62,918.58,0.09
1748,多头进场,2026-03-20 18:30,long,2148.64,0.9308,1999.954112,-6.42,-0.32,9.35,0.47,-12.49,-0.62,918.58,0.09
1749,空头出场,2026-03-20 21:00,long,2146.68,0.9338,1999.956812,-4.61,-0.23,5.7,0.28,-10.32,-0.52,913.96,0.09
1749,空头进场,2026-03-20 19:30,short,2141.74,0.9338,1999.956812,-4.61,-0.23,5.7,0.28,-10.32,-0.52,913.96,0.09
1750,多头出场,2026-03-20 21:30,short,2127.7,0.9316,1999.847088,-17.68,-0.88,0.19,0.01,-20.79,-1.04,896.28,0.09
1750,多头进场,2026-03-20 21:00,long,2146.68,0.9316,1999.847088,-17.68,-0.88,0.19,0.01,-20.79,-1.04,896.28,0.09
1751,空头出场,2026-03-20 23:30,long,2134.2,0.9399,1999.82523,-6.11,-0.31,7.93,0.40,-18.63,-0.93,890.17,0.09
1751,空头进场,2026-03-20 21:30,short,2127.7,0.9399,1999.82523,-6.11,-0.31,7.93,0.40,-18.63,-0.93,890.17,0.09
1752,多头出场,2026-03-21 01:00,short,2131.09,0.9371,1999.95882,-2.91,-0.15,9.8,0.49,-3.14,-0.16,887.26,0.09
1752,多头进场,2026-03-20 23:30,long,2134.2,0.9371,1999.95882,-2.91,-0.15,9.8,0.49,-3.14,-0.16,887.26,0.09
1753,空头出场,2026-03-21 01:30,long,2136.84,0.9384,1999.814856,-5.4,-0.27,10.2,0.51,-8.46,-0.42,881.86,0.09
1753,空头进场,2026-03-21 01:00,short,2131.09,0.9384,1999.814856,-5.4,-0.27,10.2,0.51,-8.46,-0.42,881.86,0.09
1754,多头出场,2026-03-21 02:00,short,2125.63,0.9359,1999.868556,-10.49,-0.52,0.7,0.04,-11.51,-0.58,871.37,0.09
1754,多头进场,2026-03-21 01:30,long,2136.84,0.9359,1999.868556,-10.49,-0.52,0.7,0.04,-11.51,-0.58,871.37,0.09
1755,空头出场,2026-03-21 03:30,long,2132.92,0.9408,1999.792704,-6.86,-0.34,7.47,0.37,-8.75,-0.44,864.51,0.09
1755,空头进场,2026-03-21 02:00,short,2125.63,0.9408,1999.792704,-6.86,-0.34,7.47,0.37,-8.75,-0.44,864.51,0.09
1756,多头出场,2026-03-21 07:00,short,2147.07,0.9376,1999.825792,13.27,0.66,32.48,1.62,-8.15,-0.41,877.78,0.09
1756,多头进场,2026-03-21 03:30,long,2132.92,0.9376,1999.825792,13.27,0.66,32.48,1.62,-8.15,-0.41,877.78,0.09
1757,空头出场,2026-03-21 08:00,long,2150.68,0.9315,1999.995705,-3.36,-0.17,2.51,0.13,-8.77,-0.44,874.42,0.09
1757,空头进场,2026-03-21 07:00,short,2147.07,0.9315,1999.995705,-3.36,-0.17,2.51,0.13,-8.77,-0.44,874.42,0.09
1758,多头出场,2026-03-21 09:30,short,2147.59,0.9299,1999.917332,-2.87,-0.14,8.17,0.41,-2.89,-0.14,871.54,0.09
1758,多头进场,2026-03-21 08:00,long,2150.68,0.9299,1999.917332,-2.87,-0.14,8.17,0.41,-2.89,-0.14,871.54,0.09
1759,空头出场,2026-03-21 10:00,long,2151.95,0.9312,1999.835808,-4.06,-0.20,1.24,0.06,-5.13,-0.26,867.48,0.09
1759,空头进场,2026-03-21 09:30,short,2147.59,0.9312,1999.835808,-4.06,-0.20,1.24,0.06,-5.13,-0.26,867.48,0.09
1760,多头出场,2026-03-21 12:30,short,2151.75,0.9293,1999.807135,-0.19,-0.01,5.64,0.28,-1.95,-0.10,867.3,0.09
1760,多头进场,2026-03-21 10:00,long,2151.95,0.9293,1999.807135,-0.19,-0.01,5.64,0.28,-1.95,-0.10,867.3,0.09
1761,空头出场,2026-03-21 13:00,long,2155.95,0.9294,1999.83645,-3.9,-0.20,0,0.00,-4.32,-0.22,863.39,0.09
1761,空头进场,2026-03-21 12:30,short,2151.75,0.9294,1999.83645,-3.9,-0.20,0,0.00,-4.32,-0.22,863.39,0.09
1762,多头出场,2026-03-21 13:30,short,2153.37,0.9276,1999.85922,-2.39,-0.12,1.69,0.08,-3.06,-0.15,861,0.09
1762,多头进场,2026-03-21 13:00,long,2155.95,0.9276,1999.85922,-2.39,-0.12,1.69,0.08,-3.06,-0.15,861,0.09
1763,空头出场,2026-03-21 14:00,long,2154.75,0.9287,1999.834719,-1.28,-0.06,1.05,0.05,-1.46,-0.07,859.72,0.09
1763,空头进场,2026-03-21 13:30,short,2153.37,0.9287,1999.834719,-1.28,-0.06,1.05,0.05,-1.46,-0.07,859.72,0.09
1764,多头出场,2026-03-21 15:30,short,2155.51,0.9281,1999.823475,0.71,0.04,6.08,0.30,-0.91,-0.05,860.42,0.09
1764,多头进场,2026-03-21 14:00,long,2154.75,0.9281,1999.823475,0.71,0.04,6.08,0.30,-0.91,-0.05,860.42,0.09
1765,空头出场,2026-03-21 17:00,long,2155.1,0.9278,1999.882178,0.38,0.02,5.44,0.27,-2.68,-0.13,860.8,0.09
1765,空头进场,2026-03-21 15:30,short,2155.51,0.9278,1999.882178,0.38,0.02,5.44,0.27,-2.68,-0.13,860.8,0.09
1766,多头出场,2026-03-21 18:00,short,2155.08,0.928,1999.9328,-0.02,0.00,3.64,0.18,-1.11,-0.06,860.79,0.09
1766,多头进场,2026-03-21 17:00,long,2155.1,0.928,1999.9328,-0.02,0.00,3.64,0.18,-1.11,-0.06,860.79,0.09
1767,空头出场,2026-03-21 19:30,long,2157.29,0.928,1999.91424,-2.05,-0.10,1.99,0.10,-2.27,-0.11,858.74,0.09
1767,空头进场,2026-03-21 18:00,short,2155.08,0.928,1999.91424,-2.05,-0.10,1.99,0.10,-2.27,-0.11,858.74,0.09
1768,多头出场,2026-03-21 21:00,short,2156.01,0.927,1999.80783,-1.19,-0.06,3.1,0.15,-1.6,-0.08,857.55,0.09
1768,多头进场,2026-03-21 19:30,long,2157.29,0.927,1999.80783,-1.19,-0.06,3.1,0.15,-1.6,-0.08,857.55,0.09
1769,空头出场,2026-03-21 22:00,long,2161.91,0.9276,1999.914876,-5.47,-0.27,0.99,0.05,-10.8,-0.54,852.08,0.09
1769,空头进场,2026-03-21 21:00,short,2156.01,0.9276,1999.914876,-5.47,-0.27,0.99,0.05,-10.8,-0.54,852.08,0.09
1770,多头出场,2026-03-21 22:30,short,2152.11,0.9251,1999.982941,-9.07,-0.45,2.98,0.15,-10.33,-0.52,843.01,0.08
1770,多头进场,2026-03-21 22:00,long,2161.91,0.9251,1999.982941,-9.07,-0.45,2.98,0.15,-10.33,-0.52,843.01,0.08
1771,空头出场,2026-03-22 02:00,long,2151.52,0.9293,1999.955823,0.55,0.03,8.26,0.41,-5.04,-0.25,843.56,0.08
1771,空头进场,2026-03-21 22:30,short,2152.11,0.9293,1999.955823,0.55,0.03,8.26,0.41,-5.04,-0.25,843.56,0.08
1772,多头出场,2026-03-22 06:00,short,2150.64,0.9295,1999.83784,-0.82,-0.04,5.08,0.25,-2.18,-0.11,842.74,0.08
1772,多头进场,2026-03-22 02:00,long,2151.52,0.9295,1999.83784,-0.82,-0.04,5.08,0.25,-2.18,-0.11,842.74,0.08
1773,空头出场,2026-03-22 10:00,long,2105.25,0.9299,1999.880136,42.21,2.11,92.28,4.61,-2.49,-0.12,884.95,0.09
1773,空头进场,2026-03-22 06:00,short,2150.64,0.9299,1999.880136,42.21,2.11,92.28,4.61,-2.49,-0.12,884.95,0.09
1774,多头出场,2026-03-22 14:30,short,2108.41,0.95,1999.9875,3,0.15,20.17,1.01,-6.75,-0.34,887.95,0.09
1774,多头进场,2026-03-22 10:00,long,2105.25,0.95,1999.9875,3,0.15,20.17,1.01,-6.75,-0.34,887.95,0.09
1775,空头出场,2026-03-22 15:00,long,2110.68,0.9485,1999.826885,-2.15,-0.11,0.75,0.04,-3.17,-0.16,885.8,0.09
1775,空头进场,2026-03-22 14:30,short,2108.41,0.9485,1999.826885,-2.15,-0.11,0.75,0.04,-3.17,-0.16,885.8,0.09
1776,多头出场,2026-03-22 15:30,short,2093.45,0.9475,1999.8693,-16.33,-0.82,0,0.00,-16.86,-0.84,869.47,0.09
1776,多头进场,2026-03-22 15:00,long,2110.68,0.9475,1999.8693,-16.33,-0.82,0,0.00,-16.86,-0.84,869.47,0.09
1777,空头出场,2026-03-22 20:00,long,2084.44,0.9553,1999.872785,8.61,0.43,24.7,1.24,-1.94,-0.10,878.08,0.09
1777,空头进场,2026-03-22 15:30,short,2093.45,0.9553,1999.872785,8.61,0.43,24.7,1.24,-1.94,-0.10,878.08,0.09
1778,多头出场,2026-03-22 21:30,short,2078.47,0.9594,1999.811736,-5.73,-0.29,6.62,0.33,-10.94,-0.55,872.35,0.09
1778,多头进场,2026-03-22 20:00,long,2084.44,0.9594,1999.811736,-5.73,-0.29,6.62,0.33,-10.94,-0.55,872.35,0.09
1779,空头出场,2026-03-22 22:00,long,2080.58,0.9622,1999.903834,-2.03,-0.10,6.3,0.32,-6.22,-0.31,870.32,0.09
1779,空头进场,2026-03-22 21:30,short,2078.47,0.9622,1999.903834,-2.03,-0.10,6.3,0.32,-6.22,-0.31,870.32,0.09
1780,多头出场,2026-03-22 22:30,short,2077.99,0.9612,1999.853496,-2.49,-0.12,3.82,0.19,-4.67,-0.23,867.83,0.09
1780,多头进场,2026-03-22 22:00,long,2080.58,0.9612,1999.853496,-2.49,-0.12,3.82,0.19,-4.67,-0.23,867.83,0.09
1781,空头出场,2026-03-22 23:00,long,2079.79,0.9624,1999.857576,-1.73,-0.09,0.56,0.03,-5.6,-0.28,866.1,0.09
1781,空头进场,2026-03-22 22:30,short,2077.99,0.9624,1999.857576,-1.73,-0.09,0.56,0.03,-5.6,-0.28,866.1,0.09
1782,多头出场,2026-03-23 00:00,short,2078.95,0.9616,1999.926064,-0.81,-0.04,4.28,0.21,-3.74,-0.19,865.29,0.09
1782,多头进场,2026-03-22 23:00,long,2079.79,0.9616,1999.926064,-0.81,-0.04,4.28,0.21,-3.74,-0.19,865.29,0.09
1783,空头出场,2026-03-23 00:30,long,2081.95,0.962,1999.9499,-2.89,-0.14,1.21,0.06,-4.26,-0.21,862.41,0.09
1783,空头进场,2026-03-23 00:00,short,2078.95,0.962,1999.9499,-2.89,-0.14,1.21,0.06,-4.26,-0.21,862.41,0.09
1784,多头出场,2026-03-23 01:30,short,2079.5,0.9606,1999.92117,-2.35,-0.12,2.15,0.11,-4.51,-0.23,860.05,0.09
1784,多头进场,2026-03-23 00:30,long,2081.95,0.9606,1999.92117,-2.35,-0.12,2.15,0.11,-4.51,-0.23,860.05,0.09
1785,空头出场,2026-03-23 06:00,long,2059.48,0.9617,1999.85515,19.25,0.96,51.23,2.56,-0.65,-0.03,879.31,0.09
1785,空头进场,2026-03-23 01:30,short,2079.5,0.9617,1999.85515,19.25,0.96,51.23,2.56,-0.65,-0.03,879.31,0.09
1786,多头出场,2026-03-23 07:30,short,2053.6,0.9711,1999.961028,-5.71,-0.29,13.32,0.67,-8.21,-0.41,873.6,0.09
1786,多头进场,2026-03-23 06:00,long,2059.48,0.9711,1999.961028,-5.71,-0.29,13.32,0.67,-8.21,-0.41,873.6,0.09
1787,空头出场,2026-03-23 09:00,long,2058.99,0.9738,1999.79568,-5.25,-0.26,17.67,0.88,-8.68,-0.43,868.35,0.09
1787,空头进场,2026-03-23 07:30,short,2053.6,0.9738,1999.79568,-5.25,-0.26,17.67,0.88,-8.68,-0.43,868.35,0.09
1788,多头出场,2026-03-23 09:30,short,2047.13,0.9713,1999.896987,-11.52,-0.58,2,0.10,-11.56,-0.58,856.83,0.09
1788,多头进场,2026-03-23 09:00,long,2058.99,0.9713,1999.896987,-11.52,-0.58,2,0.10,-11.56,-0.58,856.83,0.09
1789,空头出场,2026-03-23 10:00,long,2067.23,0.9769,1999.841297,-19.64,-0.98,0.9,0.04,-21.25,-1.06,837.19,0.08
1789,空头进场,2026-03-23 09:30,short,2047.13,0.9769,1999.841297,-19.64,-0.98,0.9,0.04,-21.25,-1.06,837.19,0.08
1790,多头出场,2026-03-23 11:00,short,2056.17,0.9674,1999.838302,-10.7,-0.54,4.15,0.21,-11.55,-0.58,826.49,0.08
1790,多头进场,2026-03-23 10:00,long,2067.23,0.9674,1999.838302,-10.7,-0.54,4.15,0.21,-11.55,-0.58,826.49,0.08
1791,空头出场,2026-03-23 12:30,long,2064.97,0.9726,1999.830942,-8.56,-0.43,5.58,0.28,-8.7,-0.43,817.93,0.08
1791,空头进场,2026-03-23 11:00,short,2056.17,0.9726,1999.830942,-8.56,-0.43,5.58,0.28,-8.7,-0.43,817.93,0.08
1792,多头出场,2026-03-23 14:00,short,2058.33,0.9685,1999.923445,-6.43,-0.32,6.3,0.32,-9.99,-0.50,811.5,0.08
1792,多头进场,2026-03-23 12:30,long,2064.97,0.9685,1999.923445,-6.43,-0.32,6.3,0.32,-9.99,-0.50,811.5,0.08
1793,空头出场,2026-03-23 16:00,long,2052.95,0.9716,1999.873428,5.23,0.26,34.08,1.70,-0.28,-0.01,816.73,0.08
1793,空头进场,2026-03-23 14:00,short,2058.33,0.9716,1999.873428,5.23,0.26,34.08,1.70,-0.28,-0.01,816.73,0.08
1794,多头出场,2026-03-23 16:30,short,2047.42,0.9742,1999.98389,-5.39,-0.27,4,0.20,-8.09,-0.40,811.34,0.08
1794,多头进场,2026-03-23 16:00,long,2052.95,0.9742,1999.98389,-5.39,-0.27,4,0.20,-8.09,-0.40,811.34,0.08
1795,空头出场,2026-03-23 18:30,long,2048.48,0.9768,1999.919856,-1.04,-0.05,18.36,0.92,-5.81,-0.29,810.31,0.08
1795,空头进场,2026-03-23 16:30,short,2047.42,0.9768,1999.919856,-1.04,-0.05,18.36,0.92,-5.81,-0.29,810.31,0.08
1796,多头出场,2026-03-23 23:00,short,2163.9,0.9763,1999.931024,112.68,5.63,144.43,7.22,-0.01,0.00,922.99,0.09
1796,多头进场,2026-03-23 18:30,long,2048.48,0.9763,1999.931024,112.68,5.63,144.43,7.22,-0.01,0.00,922.99,0.09
1797,空头出场,2026-03-24 01:30,long,2152.06,0.9242,1999.87638,10.94,0.55,42.82,2.14,-2.02,-0.10,933.93,0.09
1797,空头进场,2026-03-23 23:00,short,2163.9,0.9242,1999.87638,10.94,0.55,42.82,2.14,-2.02,-0.10,933.93,0.09
1798,多头出场,2026-03-24 02:00,short,2145.74,0.9293,1999.909358,-5.87,-0.29,3.4,0.17,-6.23,-0.31,928.06,0.09
1798,多头进场,2026-03-24 01:30,long,2152.06,0.9293,1999.909358,-5.87,-0.29,3.4,0.17,-6.23,-0.31,928.06,0.09
1799,空头出场,2026-03-24 02:30,long,2168.69,0.932,1999.82968,-21.39,-1.07,0,0.00,-22.83,-1.14,906.67,0.09
1799,空头进场,2026-03-24 02:00,short,2145.74,0.932,1999.82968,-21.39,-1.07,0,0.00,-22.83,-1.14,906.67,0.09
1800,多头出场,2026-03-24 03:30,short,2154.05,0.9222,1999.965918,-13.5,-0.68,7.64,0.38,-15.52,-0.78,893.17,0.09
1800,多头进场,2026-03-24 02:30,long,2168.69,0.9222,1999.965918,-13.5,-0.68,7.64,0.38,-15.52,-0.78,893.17,0.09
1801,空头出场,2026-03-24 04:00,long,2159.71,0.9284,1999.82002,-5.25,-0.26,3.66,0.18,-6.76,-0.34,887.92,0.09
1801,空头进场,2026-03-24 03:30,short,2154.05,0.9284,1999.82002,-5.25,-0.26,3.66,0.18,-6.76,-0.34,887.92,0.09
1802,多头出场,2026-03-24 05:00,short,2155.96,0.926,1999.89146,-3.47,-0.17,5.55,0.28,-5.28,-0.26,884.44,0.09
1802,多头进场,2026-03-24 04:00,long,2159.71,0.926,1999.89146,-3.47,-0.17,5.55,0.28,-5.28,-0.26,884.44,0.09
1803,空头出场,2026-03-24 09:00,long,2147.52,0.9276,1999.868496,7.83,0.39,22.76,1.14,-6.13,-0.31,892.27,0.09
1803,空头进场,2026-03-24 05:00,short,2155.96,0.9276,1999.868496,7.83,0.39,22.76,1.14,-6.13,-0.31,892.27,0.09
1804,多头出场,2026-03-24 09:30,short,2137.39,0.9313,1999.985376,-9.43,-0.47,0.01,0.00,-20.52,-1.03,882.84,0.09
1804,多头进场,2026-03-24 09:00,long,2147.52,0.9313,1999.985376,-9.43,-0.47,0.01,0.00,-20.52,-1.03,882.84,0.09
1805,空头出场,2026-03-24 11:30,long,2141.48,0.9357,1999.955823,-3.83,-0.19,6.25,0.31,-7.2,-0.36,879.01,0.09
1805,空头进场,2026-03-24 09:30,short,2137.39,0.9357,1999.955823,-3.83,-0.19,6.25,0.31,-7.2,-0.36,879.01,0.09
1806,多头出场,2026-03-24 12:30,short,2135.85,0.9339,1999.928172,-5.26,-0.26,8.95,0.45,-9.09,-0.45,873.75,0.09
1806,多头进场,2026-03-24 11:30,long,2141.48,0.9339,1999.928172,-5.26,-0.26,8.95,0.45,-9.09,-0.45,873.75,0.09
1807,空头出场,2026-03-24 14:00,long,2137.41,0.9363,1999.796355,-1.46,-0.07,6.63,0.33,-4.21,-0.21,872.29,0.09
1807,空头进场,2026-03-24 12:30,short,2135.85,0.9363,1999.796355,-1.46,-0.07,6.63,0.33,-4.21,-0.21,872.29,0.09
1808,多头出场,2026-03-24 17:00,short,2152.8,0.9357,1999.974537,14.4,0.72,30.61,1.53,0,0.00,886.69,0.09
1808,多头进场,2026-03-24 14:00,long,2137.41,0.9357,1999.974537,14.4,0.72,30.61,1.53,0,0.00,886.69,0.09
1809,空头出场,2026-03-24 17:30,long,2164.78,0.929,1999.9512,-11.13,-0.56,1.33,0.07,-13.26,-0.66,875.56,0.09
1809,空头进场,2026-03-24 17:00,short,2152.8,0.929,1999.9512,-11.13,-0.56,1.33,0.07,-13.26,-0.66,875.56,0.09
1810,多头出场,2026-03-24 18:00,short,2156.01,0.9238,1999.823764,-8.1,-0.41,0.03,0.00,-8.38,-0.42,867.46,0.09
1810,多头进场,2026-03-24 17:30,long,2164.78,0.9238,1999.823764,-8.1,-0.41,0.03,0.00,-8.38,-0.42,867.46,0.09
1811,空头出场,2026-03-24 18:30,long,2161.17,0.9276,1999.914876,-4.79,-0.24,0.81,0.04,-5.45,-0.27,862.68,0.09
1811,空头进场,2026-03-24 18:00,short,2156.01,0.9276,1999.914876,-4.79,-0.24,0.81,0.04,-5.45,-0.27,862.68,0.09
1812,多头出场,2026-03-24 20:30,short,2162.34,0.9254,1999.946718,1.08,0.05,12.78,0.64,-8.49,-0.42,863.76,0.09
1812,多头进场,2026-03-24 18:30,long,2161.17,0.9254,1999.946718,1.08,0.05,12.78,0.64,-8.49,-0.42,863.76,0.09
1813,空头出场,2026-03-25 03:00,long,2120.33,0.9249,1999.948266,38.86,1.94,54.37,2.72,-2.86,-0.14,902.61,0.09
1813,空头进场,2026-03-24 20:30,short,2162.34,0.9249,1999.948266,38.86,1.94,54.37,2.72,-2.86,-0.14,902.61,0.09
1814,多头出场,2026-03-25 03:30,short,2116.55,0.9432,1999.895256,-3.57,-0.18,0.74,0.04,-5.63,-0.28,899.05,0.09
1814,多头进场,2026-03-25 03:00,long,2120.33,0.9432,1999.895256,-3.57,-0.18,0.74,0.04,-5.63,-0.28,899.05,0.09
1815,空头出场,2026-03-25 04:00,long,2141.23,0.9449,1999.928095,-23.32,-1.17,0.9,0.04,-35.32,-1.77,875.73,0.09
1815,空头进场,2026-03-25 03:30,short,2116.55,0.9449,1999.928095,-23.32,-1.17,0.9,0.04,-35.32,-1.77,875.73,0.09
1816,多头出场,2026-03-25 09:30,short,2156.14,0.934,1999.90882,13.93,0.70,24.65,1.23,-0.64,-0.03,889.65,0.09
1816,多头进场,2026-03-25 04:00,long,2141.23,0.934,1999.90882,13.93,0.70,24.65,1.23,-0.64,-0.03,889.65,0.09
1817,空头出场,2026-03-25 11:30,long,2157.64,0.9275,1999.81985,-1.39,-0.07,8.95,0.45,-4.14,-0.21,888.26,0.09
1817,空头进场,2026-03-25 09:30,short,2156.14,0.9275,1999.81985,-1.39,-0.07,8.95,0.45,-4.14,-0.21,888.26,0.09
1818,多头出场,2026-03-25 14:30,short,2162.78,0.9269,1999.916516,4.76,0.24,19.54,0.98,-1.57,-0.08,893.03,0.09
1818,多头进场,2026-03-25 11:30,long,2157.64,0.9269,1999.916516,4.76,0.24,19.54,0.98,-1.57,-0.08,893.03,0.09
1819,空头出场,2026-03-25 15:00,long,2167.19,0.9247,1999.922666,-4.08,-0.20,0.42,0.02,-8.07,-0.40,888.95,0.09
1819,空头进场,2026-03-25 14:30,short,2162.78,0.9247,1999.922666,-4.08,-0.20,0.42,0.02,-8.07,-0.40,888.95,0.09
1820,多头出场,2026-03-25 15:30,short,2163.84,0.9228,1999.882932,-3.09,-0.15,7.76,0.39,-7.15,-0.36,885.86,0.09
1820,多头进场,2026-03-25 15:00,long,2167.19,0.9228,1999.882932,-3.09,-0.15,7.76,0.39,-7.15,-0.36,885.86,0.09
1821,空头出场,2026-03-25 16:00,long,2179.19,0.9242,1999.820928,-14.19,-0.71,0.08,0.00,-16.47,-0.82,871.67,0.09
1821,空头进场,2026-03-25 15:30,short,2163.84,0.9242,1999.820928,-14.19,-0.71,0.08,0.00,-16.47,-0.82,871.67,0.09
1822,多头出场,2026-03-25 19:30,short,2185.43,0.9177,1999.842663,5.73,0.29,17.31,0.87,-4.49,-0.22,877.4,0.09
1822,多头进场,2026-03-25 16:00,long,2179.19,0.9177,1999.842663,5.73,0.29,17.31,0.87,-4.49,-0.22,877.4,0.09
1823,空头出场,2026-03-25 20:30,long,2182.75,0.9151,1999.886993,2.45,0.12,19.13,0.96,-6.95,-0.35,879.85,0.09
1823,空头进场,2026-03-25 19:30,short,2185.43,0.9151,1999.886993,2.45,0.12,19.13,0.96,-6.95,-0.35,879.85,0.09
1824,多头出场,2026-03-25 21:00,short,2181.69,0.9162,1999.83555,-0.97,-0.05,3.81,0.19,-3.27,-0.16,878.88,0.09
1824,多头进场,2026-03-25 20:30,long,2182.75,0.9162,1999.83555,-0.97,-0.05,3.81,0.19,-3.27,-0.16,878.88,0.09
1825,空头出场,2026-03-25 21:30,long,2183.7,0.9167,1999.955223,-1.84,-0.09,0.34,0.02,-13.75,-0.69,877.04,0.09
1825,空头进场,2026-03-25 21:00,short,2181.69,0.9167,1999.955223,-1.84,-0.09,0.34,0.02,-13.75,-0.69,877.04,0.09
1826,多头出场,2026-03-25 22:00,short,2179.07,0.9158,1999.83246,-4.24,-0.21,2.85,0.14,-8.34,-0.42,872.8,0.09
1826,多头进场,2026-03-25 21:30,long,2183.7,0.9158,1999.83246,-4.24,-0.21,2.85,0.14,-8.34,-0.42,872.8,0.09
1827,空头出场,2026-03-26 00:00,long,2174.52,0.9178,1999.950446,4.18,0.21,29.26,1.46,-4.99,-0.25,876.97,0.09
1827,空头进场,2026-03-25 22:00,short,2179.07,0.9178,1999.950446,4.18,0.21,29.26,1.46,-4.99,-0.25,876.97,0.09
1828,多头出场,2026-03-26 01:00,short,2167.81,0.9197,1999.906044,-6.17,-0.31,5.96,0.30,-9.49,-0.47,870.8,0.09
1828,多头进场,2026-03-26 00:00,long,2174.52,0.9197,1999.906044,-6.17,-0.31,5.96,0.30,-9.49,-0.47,870.8,0.09
1829,空头出场,2026-03-26 02:00,long,2168.64,0.9225,1999.804725,-0.77,-0.04,7.25,0.36,-4.25,-0.21,870.03,0.09
1829,空头进场,2026-03-26 01:00,short,2167.81,0.9225,1999.804725,-0.77,-0.04,7.25,0.36,-4.25,-0.21,870.03,0.09
1830,多头出场,2026-03-26 02:30,short,2161.39,0.9222,1999.919808,-6.69,-0.33,1.13,0.06,-10.11,-0.51,863.35,0.09
1830,多头进场,2026-03-26 02:00,long,2168.64,0.9222,1999.919808,-6.69,-0.33,1.13,0.06,-10.11,-0.51,863.35,0.09
1831,空头出场,2026-03-26 03:00,long,2169.74,0.9253,1999.934167,-7.73,-0.39,2.53,0.13,-10.1,-0.51,855.62,0.09
1831,空头进场,2026-03-26 02:30,short,2161.39,0.9253,1999.934167,-7.73,-0.39,2.53,0.13,-10.1,-0.51,855.62,0.09
1832,多头出场,2026-03-26 04:00,short,2160.55,0.9217,1999.849358,-8.47,-0.42,5.18,0.26,-10.2,-0.51,847.15,0.08
1832,多头进场,2026-03-26 03:00,long,2169.74,0.9217,1999.849358,-8.47,-0.42,5.18,0.26,-10.2,-0.51,847.15,0.08
1833,空头出场,2026-03-26 04:30,long,2165.75,0.9256,1999.80508,-4.81,-0.24,0.7,0.04,-5.66,-0.28,842.34,0.08
1833,空头进场,2026-03-26 04:00,short,2160.55,0.9256,1999.80508,-4.81,-0.24,0.7,0.04,-5.66,-0.28,842.34,0.08
1834,多头出场,2026-03-26 05:00,short,2163.08,0.9234,1999.85355,-2.47,-0.12,2.64,0.13,-3.87,-0.19,839.87,0.08
1834,多头进场,2026-03-26 04:30,long,2165.75,0.9234,1999.85355,-2.47,-0.12,2.64,0.13,-3.87,-0.19,839.87,0.08
1835,空头出场,2026-03-26 06:30,long,2173.64,0.9246,1999.983768,-9.76,-0.49,1.96,0.10,-15.51,-0.78,830.11,0.08
1835,空头进场,2026-03-26 05:00,short,2163.08,0.9246,1999.983768,-9.76,-0.49,1.96,0.10,-15.51,-0.78,830.11,0.08
1836,多头出场,2026-03-26 08:00,short,2165.37,0.9201,1999.966164,-7.61,-0.38,2.43,0.12,-9.03,-0.45,822.5,0.08
1836,多头进场,2026-03-26 06:30,long,2173.64,0.9201,1999.966164,-7.61,-0.38,2.43,0.12,-9.03,-0.45,822.5,0.08
1837,空头出场,2026-03-26 21:00,long,2076.23,0.9236,1999.935732,82.33,4.12,93.18,4.66,-5.76,-0.29,904.83,0.09
1837,空头进场,2026-03-26 08:00,short,2165.37,0.9236,1999.935732,82.33,4.12,93.18,4.66,-5.76,-0.29,904.83,0.09
1838,多头出场,2026-03-26 23:00,short,2065.19,0.9632,1999.824736,-10.63,-0.53,15.43,0.77,-21.07,-1.05,894.2,0.09
1838,多头进场,2026-03-26 21:00,long,2076.23,0.9632,1999.824736,-10.63,-0.53,15.43,0.77,-21.07,-1.05,894.2,0.09
1839,空头出场,2026-03-27 01:00,long,2067.72,0.9684,1999.929996,-2.45,-0.12,5.54,0.28,-8.9,-0.44,891.75,0.09
1839,空头进场,2026-03-26 23:00,short,2065.19,0.9684,1999.929996,-2.45,-0.12,5.54,0.28,-8.9,-0.44,891.75,0.09
1840,多头出场,2026-03-27 01:30,short,2048.25,0.9672,1999.898784,-18.83,-0.94,2.18,0.11,-19.97,-1.00,872.92,0.09
1840,多头进场,2026-03-27 01:00,long,2067.72,0.9672,1999.898784,-18.83,-0.94,2.18,0.11,-19.97,-1.00,872.92,0.09
1841,空头出场,2026-03-27 03:30,long,2048.6,0.9764,1999.9113,-0.34,-0.02,13.83,0.69,-6.57,-0.33,872.57,0.09
1841,空头进场,2026-03-27 01:30,short,2048.25,0.9764,1999.9113,-0.34,-0.02,13.83,0.69,-6.57,-0.33,872.57,0.09
1842,多头出场,2026-03-27 06:00,short,2062.04,0.9762,1999.84332,13.12,0.66,28.64,1.43,-2.51,-0.13,885.69,0.09
1842,多头进场,2026-03-27 03:30,long,2048.6,0.9762,1999.84332,13.12,0.66,28.64,1.43,-2.51,-0.13,885.69,0.09
1843,空头出场,2026-03-27 06:30,long,2065.2,0.9699,1999.972596,-3.06,-0.15,3.53,0.18,-3.08,-0.15,882.63,0.09
1843,空头进场,2026-03-27 06:00,short,2062.04,0.9699,1999.972596,-3.06,-0.15,3.53,0.18,-3.08,-0.15,882.63,0.09
1844,多头出场,2026-03-27 07:00,short,2061.25,0.9684,1999.93968,-3.83,-0.19,3.67,0.18,-6.81,-0.34,878.8,0.09
1844,多头进场,2026-03-27 06:30,long,2065.2,0.9684,1999.93968,-3.83,-0.19,3.67,0.18,-6.81,-0.34,878.8,0.09
1845,空头出场,2026-03-27 08:30,long,2064.04,0.9702,1999.82475,-2.71,-0.14,5.22,0.26,-5.24,-0.26,876.1,0.09
1845,空头进场,2026-03-27 07:00,short,2061.25,0.9702,1999.82475,-2.71,-0.14,5.22,0.26,-5.24,-0.26,876.1,0.09
1846,多头出场,2026-03-27 10:30,short,2067.14,0.9689,1999.848356,3,0.15,11.24,0.56,-1.53,-0.08,879.1,0.09
1846,多头进场,2026-03-27 08:30,long,2064.04,0.9689,1999.848356,3,0.15,11.24,0.56,-1.53,-0.08,879.1,0.09
1847,空头出场,2026-03-27 13:30,long,2060.13,0.9675,1999.95795,6.78,0.34,23.7,1.19,-0.74,-0.04,885.88,0.09
1847,空头进场,2026-03-27 10:30,short,2067.14,0.9675,1999.95795,6.78,0.34,23.7,1.19,-0.74,-0.04,885.88,0.09
1848,多头出场,2026-03-27 16:00,short,2053.58,0.9708,1999.974204,-6.36,-0.32,10.12,0.51,-6.37,-0.32,879.52,0.09
1848,多头进场,2026-03-27 13:30,long,2060.13,0.9708,1999.974204,-6.36,-0.32,10.12,0.51,-6.37,-0.32,879.52,0.09
1849,空头出场,2026-03-27 22:30,long,1988.31,0.9739,1999.981562,63.57,3.18,80.29,4.01,-2.79,-0.14,943.09,0.09
1849,空头进场,2026-03-27 16:00,short,2053.58,0.9739,1999.981562,63.57,3.18,80.29,4.01,-2.79,-0.14,943.09,0.09
1850,多头出场,2026-03-28 00:00,short,1984.05,1.0058,1999.842198,-4.28,-0.21,20.75,1.04,-7.73,-0.39,938.81,0.09
1850,多头进场,2026-03-27 22:30,long,1988.31,1.0058,1999.842198,-4.28,-0.21,20.75,1.04,-7.73,-0.39,938.81,0.09
1851,空头出场,2026-03-28 00:30,long,1985.64,1.008,1999.9224,-1.6,-0.08,4.71,0.24,-6.95,-0.35,937.2,0.09
1851,空头进场,2026-03-28 00:00,short,1984.05,1.008,1999.9224,-1.6,-0.08,4.71,0.24,-6.95,-0.35,937.2,0.09
1852,多头出场,2026-03-28 01:00,short,1982.47,1.0072,1999.936608,-3.19,-0.16,9.96,0.50,-3.91,-0.20,934.01,0.09
1852,多头进场,2026-03-28 00:30,long,1985.64,1.0072,1999.936608,-3.19,-0.16,9.96,0.50,-3.91,-0.20,934.01,0.09
1853,空头出场,2026-03-28 02:30,long,1983.37,1.0088,1999.915736,-0.91,-0.05,8.93,0.45,-2.73,-0.14,933.1,0.09
1853,空头进场,2026-03-28 01:00,short,1982.47,1.0088,1999.915736,-0.91,-0.05,8.93,0.45,-2.73,-0.14,933.1,0.09
1854,多头出场,2026-03-28 04:00,short,1982.4,1.0083,1999.831971,-0.98,-0.05,13.07,0.65,-5.52,-0.28,932.12,0.09
1854,多头进场,2026-03-28 02:30,long,1983.37,1.0083,1999.831971,-0.98,-0.05,13.07,0.65,-5.52,-0.28,932.12,0.09
1855,空头出场,2026-03-28 04:30,long,1984.72,1.0088,1999.84512,-2.34,-0.12,2.09,0.10,-4.64,-0.23,929.78,0.09
1855,空头进场,2026-03-28 04:00,short,1982.4,1.0088,1999.84512,-2.34,-0.12,2.09,0.10,-4.64,-0.23,929.78,0.09
1856,多头出场,2026-03-28 05:30,short,1984.56,1.0076,1999.803872,-0.16,-0.01,5.15,0.26,-1.33,-0.07,929.62,0.09
1856,多头进场,2026-03-28 04:30,long,1984.72,1.0076,1999.803872,-0.16,-0.01,5.15,0.26,-1.33,-0.07,929.62,0.09
1857,空头出场,2026-03-28 07:00,long,1987.02,1.0077,1999.841112,-2.48,-0.12,5.05,0.25,-3.5,-0.17,927.14,0.09
1857,空头进场,2026-03-28 05:30,short,1984.56,1.0077,1999.841112,-2.48,-0.12,5.05,0.25,-3.5,-0.17,927.14,0.09
1858,多头出场,2026-03-28 09:00,short,1987.05,1.0065,1999.93563,0.03,0.00,7.13,0.36,-2.6,-0.13,927.17,0.09
1858,多头进场,2026-03-28 07:00,long,1987.02,1.0065,1999.93563,0.03,0.00,7.13,0.36,-2.6,-0.13,927.17,0.09
1859,空头出场,2026-03-28 09:30,long,1989.27,1.0065,1999.965825,-2.23,-0.11,3.17,0.16,-2.79,-0.14,924.94,0.09
1859,空头进场,2026-03-28 09:00,short,1987.05,1.0065,1999.965825,-2.23,-0.11,3.17,0.16,-2.79,-0.14,924.94,0.09
1860,多头出场,2026-03-28 10:00,short,1984.31,1.0053,1999.813131,-4.99,-0.25,3.24,0.16,-5.35,-0.27,919.95,0.09
1860,多头进场,2026-03-28 09:30,long,1989.27,1.0053,1999.813131,-4.99,-0.25,3.24,0.16,-5.35,-0.27,919.95,0.09
1861,空头出场,2026-03-28 11:00,long,1989.17,1.0079,1999.986049,-4.9,-0.24,2.38,0.12,-4.9,-0.24,915.05,0.09
1861,空头进场,2026-03-28 10:00,short,1984.31,1.0079,1999.986049,-4.9,-0.24,2.38,0.12,-4.9,-0.24,915.05,0.09
1862,多头出场,2026-03-28 11:30,short,1987.96,1.0054,1999.911518,-1.22,-0.06,0.94,0.05,-1.91,-0.10,913.84,0.09
1862,多头进场,2026-03-28 11:00,long,1989.17,1.0054,1999.911518,-1.22,-0.06,0.94,0.05,-1.91,-0.10,913.84,0.09
1863,空头出场,2026-03-28 12:00,long,1989.91,1.006,1999.88776,-1.96,-0.10,1.82,0.09,-3.36,-0.17,911.88,0.09
1863,空头进场,2026-03-28 11:30,short,1987.96,1.006,1999.88776,-1.96,-0.10,1.82,0.09,-3.36,-0.17,911.88,0.09
1864,多头出场,2026-03-28 16:30,short,1998.01,1.005,1999.85955,8.14,0.41,17.35,0.87,-2.81,-0.14,920.02,0.09
1864,多头进场,2026-03-28 12:00,long,1989.91,1.005,1999.85955,8.14,0.41,17.35,0.87,-2.81,-0.14,920.02,0.09
1865,空头出场,2026-03-28 20:00,long,2000.84,1.0009,1999.808209,-2.83,-0.14,6.18,0.31,-5.41,-0.27,917.18,0.09
1865,空头进场,2026-03-28 16:30,short,1998.01,1.0009,1999.808209,-2.83,-0.14,6.18,0.31,-5.41,-0.27,917.18,0.09
1866,多头出场,2026-03-29 00:30,short,2023.64,0.9995,1999.83958,22.79,1.14,36.19,1.81,-9.34,-0.47,939.97,0.09
1866,多头进场,2026-03-28 20:00,long,2000.84,0.9995,1999.83958,22.79,1.14,36.19,1.81,-9.34,-0.47,939.97,0.09
1867,空头出场,2026-03-29 04:00,long,2022.28,0.9883,1999.963412,1.34,0.07,7.6,0.38,-2.22,-0.11,941.32,0.09
1867,空头进场,2026-03-29 00:30,short,2023.64,0.9883,1999.963412,1.34,0.07,7.6,0.38,-2.22,-0.11,941.32,0.09
1868,多头出场,2026-03-29 05:00,short,2018.4,0.9889,1999.832692,-3.84,-0.19,2.25,0.11,-4.68,-0.23,937.48,0.09
1868,多头进场,2026-03-29 04:00,long,2022.28,0.9889,1999.832692,-3.84,-0.19,2.25,0.11,-4.68,-0.23,937.48,0.09
1869,空头出场,2026-03-29 09:00,long,2002.63,0.9908,1999.83072,15.62,0.78,28.83,1.44,-0.29,-0.01,953.1,0.10
1869,空头进场,2026-03-29 05:00,short,2018.4,0.9908,1999.83072,15.62,0.78,28.83,1.44,-0.29,-0.01,953.1,0.10
1870,多头出场,2026-03-29 12:00,short,2004.58,0.9986,1999.826318,1.95,0.10,15.07,0.75,-4.92,-0.25,955.05,0.10
1870,多头进场,2026-03-29 09:00,long,2002.63,0.9986,1999.826318,1.95,0.10,15.07,0.75,-4.92,-0.25,955.05,0.10
1871,空头出场,2026-03-29 13:30,long,2003.88,0.9977,1999.969466,0.7,0.03,8.21,0.41,-1.43,-0.07,955.75,0.10
1871,空头进场,2026-03-29 12:00,short,2004.58,0.9977,1999.969466,0.7,0.03,8.21,0.41,-1.43,-0.07,955.75,0.10
1872,多头出场,2026-03-29 14:00,short,2000.38,0.998,1999.87224,-3.49,-0.17,2.87,0.14,-5.3,-0.26,952.26,0.10
1872,多头进场,2026-03-29 13:30,long,2003.88,0.998,1999.87224,-3.49,-0.17,2.87,0.14,-5.3,-0.26,952.26,0.10
1873,空头出场,2026-03-29 14:30,long,2003.43,0.9998,1999.979924,-3.05,-0.15,0.36,0.02,-5.01,-0.25,949.21,0.09
1873,空头进场,2026-03-29 14:00,short,2000.38,0.9998,1999.979924,-3.05,-0.15,0.36,0.02,-5.01,-0.25,949.21,0.09
1874,多头出场,2026-03-29 15:00,short,2002.6,0.9982,1999.823826,-0.83,-0.04,0,0.00,-4.76,-0.24,948.38,0.09
1874,多头进场,2026-03-29 14:30,long,2003.43,0.9982,1999.823826,-0.83,-0.04,0,0.00,-4.76,-0.24,948.38,0.09
1875,空头出场,2026-03-29 15:30,long,2004.5,0.9987,1999.99662,-1.9,-0.09,1.01,0.05,-5.17,-0.26,946.48,0.09
1875,空头进场,2026-03-29 15:00,short,2002.6,0.9987,1999.99662,-1.9,-0.09,1.01,0.05,-5.17,-0.26,946.48,0.09
1876,多头出场,2026-03-29 16:30,short,2002.72,0.9977,1999.88965,-1.78,-0.09,1.38,0.07,-3.35,-0.17,944.71,0.09
1876,多头进场,2026-03-29 15:30,long,2004.5,0.9977,1999.88965,-1.78,-0.09,1.38,0.07,-3.35,-0.17,944.71,0.09
1877,空头出场,2026-03-29 19:00,long,2002.33,0.9986,1999.916192,0.39,0.02,12.31,0.62,-2.84,-0.14,945.1,0.09
1877,空头进场,2026-03-29 16:30,short,2002.72,0.9986,1999.916192,0.39,0.02,12.31,0.62,-2.84,-0.14,945.1,0.09
1878,多头出场,2026-03-29 21:00,short,1989.65,0.9988,1999.927204,-12.66,-0.63,4.07,0.20,-19.06,-0.95,932.43,0.09
1878,多头进场,2026-03-29 19:00,long,2002.33,0.9988,1999.927204,-12.66,-0.63,4.07,0.20,-19.06,-0.95,932.43,0.09
1879,空头出场,2026-03-29 22:30,long,1992.61,1.0052,1999.99618,-2.98,-0.15,6.64,0.33,-10.66,-0.53,929.46,0.09
1879,空头进场,2026-03-29 21:00,short,1989.65,1.0052,1999.99618,-2.98,-0.15,6.64,0.33,-10.66,-0.53,929.46,0.09
1880,多头出场,2026-03-29 23:00,short,1988.08,1.0037,1999.982657,-4.55,-0.23,4.3,0.21,-7.16,-0.36,924.91,0.09
1880,多头进场,2026-03-29 22:30,long,1992.61,1.0037,1999.982657,-4.55,-0.23,4.3,0.21,-7.16,-0.36,924.91,0.09
1881,空头出场,2026-03-29 23:30,long,1991.27,1.0059,1999.809672,-3.21,-0.16,1.88,0.09,-4.56,-0.23,921.7,0.09
1881,空头进场,2026-03-29 23:00,short,1988.08,1.0059,1999.809672,-3.21,-0.16,1.88,0.09,-4.56,-0.23,921.7,0.09
1882,多头出场,2026-03-30 01:00,short,1988.86,1.0043,1999.832461,-2.42,-0.12,10.73,0.54,-4.62,-0.23,919.28,0.09
1882,多头进场,2026-03-29 23:30,long,1991.27,1.0043,1999.832461,-2.42,-0.12,10.73,0.54,-4.62,-0.23,919.28,0.09
1883,空头出场,2026-03-30 01:30,long,1993.54,1.0056,1999.997616,-4.71,-0.24,0.52,0.03,-7.02,-0.35,914.57,0.09
1883,空头进场,2026-03-30 01:00,short,1988.86,1.0056,1999.997616,-4.71,-0.24,0.52,0.03,-7.02,-0.35,914.57,0.09
1884,多头出场,2026-03-30 02:00,short,1992.16,1.0032,1999.919328,-1.38,-0.07,1.04,0.05,-3.53,-0.18,913.19,0.09
1884,多头进场,2026-03-30 01:30,long,1993.54,1.0032,1999.919328,-1.38,-0.07,1.04,0.05,-3.53,-0.18,913.19,0.09
1885,空头出场,2026-03-30 02:30,long,1995.75,1.0039,1999.929424,-3.6,-0.18,0.37,0.02,-7.15,-0.36,909.58,0.09
1885,空头进场,2026-03-30 02:00,short,1992.16,1.0039,1999.929424,-3.6,-0.18,0.37,0.02,-7.15,-0.36,909.58,0.09
1886,多头出场,2026-03-30 06:00,short,1993.08,1.0021,1999.941075,-2.68,-0.13,11.41,0.57,-8.9,-0.44,906.91,0.09
1886,多头进场,2026-03-30 02:30,long,1995.75,1.0021,1999.941075,-2.68,-0.13,11.41,0.57,-8.9,-0.44,906.91,0.09
1887,空头出场,2026-03-30 08:00,long,2006.24,1.0034,1999.856472,-13.2,-0.66,55.06,2.75,-28.27,-1.41,893.7,0.09
1887,空头进场,2026-03-30 06:00,short,1993.08,1.0034,1999.856472,-13.2,-0.66,55.06,2.75,-28.27,-1.41,893.7,0.09
1888,多头出场,2026-03-30 14:00,short,2044.02,0.9968,1999.820032,37.66,1.88,50.27,2.51,-15.39,-0.77,931.36,0.09
1888,多头进场,2026-03-30 08:00,long,2006.24,0.9968,1999.820032,37.66,1.88,50.27,2.51,-15.39,-0.77,931.36,0.09
1889,空头出场,2026-03-30 15:30,long,2058.02,0.9784,1999.869168,-13.7,-0.68,3.5,0.18,-19.49,-0.97,917.67,0.09
1889,空头进场,2026-03-30 14:00,short,2044.02,0.9784,1999.869168,-13.7,-0.68,3.5,0.18,-19.49,-0.97,917.67,0.09
1890,多头出场,2026-03-30 17:00,short,2055.05,0.9718,1999.983836,-2.89,-0.14,13.37,0.67,-3.1,-0.16,914.78,0.09
1890,多头进场,2026-03-30 15:30,long,2058.02,0.9718,1999.983836,-2.89,-0.14,13.37,0.67,-3.1,-0.16,914.78,0.09
1891,空头出场,2026-03-30 18:30,long,2056.35,0.9732,1999.97466,-1.27,-0.06,6.73,0.34,-1.76,-0.09,913.51,0.09
1891,空头进场,2026-03-30 17:00,short,2055.05,0.9732,1999.97466,-1.27,-0.06,6.73,0.34,-1.76,-0.09,913.51,0.09
1892,多头出场,2026-03-30 21:30,short,2059.37,0.9725,1999.800375,2.94,0.15,25.33,1.27,0,0.00,916.45,0.09
1892,多头进场,2026-03-30 18:30,long,2056.35,0.9725,1999.800375,2.94,0.15,25.33,1.27,0,0.00,916.45,0.09
1893,空头出场,2026-03-30 22:30,long,2070.41,0.9711,1999.854207,-10.72,-0.54,15.5,0.77,-14.23,-0.71,905.73,0.09
1893,空头进场,2026-03-30 21:30,short,2059.37,0.9711,1999.854207,-10.72,-0.54,15.5,0.77,-14.23,-0.71,905.73,0.09
1894,多头出场,2026-03-31 00:00,short,2062.94,0.9659,1999.809019,-7.22,-0.36,7.48,0.37,-9.32,-0.47,898.52,0.09
1894,多头进场,2026-03-30 22:30,long,2070.41,0.9659,1999.809019,-7.22,-0.36,7.48,0.37,-9.32,-0.47,898.52,0.09
1895,空头出场,2026-03-31 05:00,long,2040.52,0.9694,1999.814036,21.73,1.09,49.19,2.46,-7.31,-0.37,920.25,0.09
1895,空头进场,2026-03-31 00:00,short,2062.94,0.9694,1999.814036,21.73,1.09,49.19,2.46,-7.31,-0.37,920.25,0.09
1896,多头出场,2026-03-31 07:00,short,2023.57,0.9801,1999.913652,-16.61,-0.83,4.6,0.23,-27.23,-1.36,903.64,0.09
1896,多头进场,2026-03-31 05:00,long,2040.52,0.9801,1999.913652,-16.61,-0.83,4.6,0.23,-27.23,-1.36,903.64,0.09
1897,空头出场,2026-03-31 08:30,long,2034.92,0.9883,1999.894231,-11.22,-0.56,8.52,0.43,-15.25,-0.76,892.42,0.09
1897,空头进场,2026-03-31 07:00,short,2023.57,0.9883,1999.894231,-11.22,-0.56,8.52,0.43,-15.25,-0.76,892.42,0.09
1898,多头出场,2026-03-31 12:00,short,2058.99,0.9828,1999.919376,23.66,1.18,53.13,2.66,-3.94,-0.20,916.08,0.09
1898,多头进场,2026-03-31 08:30,long,2034.92,0.9828,1999.919376,23.66,1.18,53.13,2.66,-3.94,-0.20,916.08,0.09
1899,空头出场,2026-03-31 19:00,long,2036.35,0.9713,1999.896987,21.99,1.10,45.88,2.29,-8.15,-0.41,938.07,0.09
1899,空头进场,2026-03-31 12:00,short,2058.99,0.9713,1999.896987,21.99,1.10,45.88,2.29,-8.15,-0.41,938.07,0.09
1900,多头出场,2026-03-31 22:30,short,2044.4,0.9821,1999.899335,7.91,0.40,52.33,2.62,-2.03,-0.10,945.97,0.09
1900,多头进场,2026-03-31 19:00,long,2036.35,0.9821,1999.899335,7.91,0.40,52.33,2.62,-2.03,-0.10,945.97,0.09
1901,空头出场,2026-03-31 23:00,long,2058.93,0.9782,1999.83208,-14.21,-0.71,0.24,0.01,-30.83,-1.54,931.76,0.09
1901,空头进场,2026-03-31 22:30,short,2044.4,0.9782,1999.83208,-14.21,-0.71,0.24,0.01,-30.83,-1.54,931.76,0.09
1902,多头出场,2026-03-31 23:30,short,2053.13,0.9713,1999.838709,-5.63,-0.28,6.1,0.31,-6.31,-0.32,926.12,0.09
1902,多头进场,2026-03-31 23:00,long,2058.93,0.9713,1999.838709,-5.63,-0.28,6.1,0.31,-6.31,-0.32,926.12,0.09
1903,空头出场,2026-04-01 00:00,long,2064.74,0.9741,1999.953933,-11.31,-0.57,0.22,0.01,-15.27,-0.76,914.82,0.09
1903,空头进场,2026-03-31 23:30,short,2053.13,0.9741,1999.953933,-11.31,-0.57,0.22,0.01,-15.27,-0.76,914.82,0.09
1904,多头出场,2026-04-01 03:30,short,2095.48,0.9686,1999.907164,29.77,1.49,53.91,2.70,-4.46,-0.22,944.59,0.09
1904,多头进场,2026-04-01 00:00,long,2064.74,0.9686,1999.907164,29.77,1.49,53.91,2.70,-4.46,-0.22,944.59,0.09
1905,空头出场,2026-04-01 04:00,long,2102.11,0.9544,1999.926112,-6.33,-0.32,0.4,0.02,-9.27,-0.46,938.26,0.09
1905,空头进场,2026-04-01 03:30,short,2095.48,0.9544,1999.926112,-6.33,-0.32,0.4,0.02,-9.27,-0.46,938.26,0.09
1906,多头出场,2026-04-01 05:00,short,2098.49,0.9514,1999.947454,-3.44,-0.17,5.81,0.29,-9.35,-0.47,934.82,0.09
1906,多头进场,2026-04-01 04:00,long,2102.11,0.9514,1999.947454,-3.44,-0.17,5.81,0.29,-9.35,-0.47,934.82,0.09
1907,空头出场,2026-04-01 07:30,long,2103.8,0.953,1999.86097,-5.06,-0.25,10.01,0.50,-7.79,-0.39,929.76,0.09
1907,空头进场,2026-04-01 05:00,short,2098.49,0.953,1999.86097,-5.06,-0.25,10.01,0.50,-7.79,-0.39,929.76,0.09
1908,多头出场,2026-04-01 08:00,short,2099.31,0.9506,1999.87228,-4.27,-0.21,1.72,0.09,-7.52,-0.38,925.49,0.09
1908,多头进场,2026-04-01 07:30,long,2103.8,0.9506,1999.87228,-4.27,-0.21,1.72,0.09,-7.52,-0.38,925.49,0.09
1909,空头出场,2026-04-01 08:30,long,2112.57,0.9526,1999.802706,-12.63,-0.63,3.88,0.19,-14.46,-0.72,912.86,0.09
1909,空头进场,2026-04-01 08:00,short,2099.31,0.9526,1999.802706,-12.63,-0.63,3.88,0.19,-14.46,-0.72,912.86,0.09
1910,多头出场,2026-04-01 09:00,short,2098.28,0.9467,1999.970019,-13.53,-0.68,1.1,0.05,-13.76,-0.69,899.33,0.09
1910,多头进场,2026-04-01 08:30,long,2112.57,0.9467,1999.970019,-13.53,-0.68,1.1,0.05,-13.76,-0.69,899.33,0.09
1911,空头出场,2026-04-01 11:00,long,2096.47,0.9531,1999.870668,1.73,0.09,16.06,0.80,-5.97,-0.30,901.06,0.09
1911,空头进场,2026-04-01 09:00,short,2098.28,0.9531,1999.870668,1.73,0.09,16.06,0.80,-5.97,-0.30,901.06,0.09
1912,多头出场,2026-04-01 15:30,short,2129,0.9539,1999.822733,31.03,1.55,55.45,2.77,-2.18,-0.11,932.09,0.09
1912,多头进场,2026-04-01 11:00,long,2096.47,0.9539,1999.822733,31.03,1.55,55.45,2.77,-2.18,-0.11,932.09,0.09
1913,空头出场,2026-04-01 16:00,long,2134.36,0.9394,1999.9826,-5.04,-0.25,5.19,0.26,-5.91,-0.30,927.05,0.09
1913,空头进场,2026-04-01 15:30,short,2129,0.9394,1999.9826,-5.04,-0.25,5.19,0.26,-5.91,-0.30,927.05,0.09
1914,多头出场,2026-04-01 17:00,short,2131.69,0.937,1999.89532,-2.5,-0.13,6.01,0.30,-7.24,-0.36,924.55,0.09
1914,多头进场,2026-04-01 16:00,long,2134.36,0.937,1999.89532,-2.5,-0.13,6.01,0.30,-7.24,-0.36,924.55,0.09
1915,空头出场,2026-04-01 19:30,long,2133.66,0.9382,1999.951558,-1.85,-0.09,6.78,0.34,-4.81,-0.24,922.7,0.09
1915,空头进场,2026-04-01 17:00,short,2131.69,0.9382,1999.951558,-1.85,-0.09,6.78,0.34,-4.81,-0.24,922.7,0.09
1916,多头出场,2026-04-01 20:00,short,2130.97,0.9373,1999.879518,-2.52,-0.13,1.05,0.05,-5.52,-0.28,920.18,0.09
1916,多头进场,2026-04-01 19:30,long,2133.66,0.9373,1999.879518,-2.52,-0.13,1.05,0.05,-5.52,-0.28,920.18,0.09
1917,空头出场,2026-04-01 23:00,long,2129.58,0.9385,1999.915345,1.3,0.07,21.36,1.07,-8.47,-0.42,921.48,0.09
1917,空头进场,2026-04-01 20:00,short,2130.97,0.9385,1999.915345,1.3,0.07,21.36,1.07,-8.47,-0.42,921.48,0.09
1918,多头出场,2026-04-02 01:30,short,2135.41,0.9391,1999.888578,5.47,0.27,33.67,1.68,-5.79,-0.29,926.96,0.09
1918,多头进场,2026-04-01 23:00,long,2129.58,0.9391,1999.888578,5.47,0.27,33.67,1.68,-5.79,-0.29,926.96,0.09
1919,空头出场,2026-04-02 03:00,long,2139.82,0.9365,1999.811465,-4.13,-0.21,12.05,0.60,-4.13,-0.21,922.83,0.09
1919,空头进场,2026-04-02 01:30,short,2135.41,0.9365,1999.811465,-4.13,-0.21,12.05,0.60,-4.13,-0.21,922.83,0.09
1920,多头出场,2026-04-02 04:00,short,2131.95,0.9346,1999.875772,-7.36,-0.37,3.3,0.16,-9.93,-0.50,915.47,0.09
1920,多头进场,2026-04-02 03:00,long,2139.82,0.9346,1999.875772,-7.36,-0.37,3.3,0.16,-9.93,-0.50,915.47,0.09
1921,空头出场,2026-04-02 04:30,long,2142.06,0.9381,1999.982295,-9.48,-0.47,2.06,0.10,-12.8,-0.64,905.99,0.09
1921,空头进场,2026-04-02 04:00,short,2131.95,0.9381,1999.982295,-9.48,-0.47,2.06,0.10,-12.8,-0.64,905.99,0.09
1922,多头出场,2026-04-02 06:00,short,2145.48,0.9336,1999.827216,3.19,0.16,19.72,0.99,-0.95,-0.05,909.18,0.09
1922,多头进场,2026-04-02 04:30,long,2142.06,0.9336,1999.827216,3.19,0.16,19.72,0.99,-0.95,-0.05,909.18,0.09
1923,空头出场,2026-04-02 08:30,long,2155.93,0.9321,1999.801908,-9.74,-0.49,10.78,0.54,-12.42,-0.62,899.44,0.09
1923,空头进场,2026-04-02 06:00,short,2145.48,0.9321,1999.801908,-9.74,-0.49,10.78,0.54,-12.42,-0.62,899.44,0.09
1924,多头出场,2026-04-02 09:00,short,2113.4,0.9276,1999.840668,-39.45,-1.97,0,0.00,-45.98,-2.30,859.99,0.09
1924,多头进场,2026-04-02 08:30,long,2155.93,0.9276,1999.840668,-39.45,-1.97,0,0.00,-45.98,-2.30,859.99,0.09
1925,空头出场,2026-04-02 14:30,long,2049.98,0.9463,1999.91042,60.01,3.00,69.84,3.49,0,0.00,920,0.09
1925,空头进场,2026-04-02 09:00,short,2113.4,0.9463,1999.91042,60.01,3.00,69.84,3.49,0,0.00,920,0.09
1926,多头出场,2026-04-02 15:00,short,2046.89,0.9756,1999.960488,-3.01,-0.15,0.46,0.02,-5.66,-0.28,916.99,0.09
1926,多头进场,2026-04-02 14:30,long,2049.98,0.9756,1999.960488,-3.01,-0.15,0.46,0.02,-5.66,-0.28,916.99,0.09
1927,空头出场,2026-04-02 15:30,long,2055.9,0.977,1999.81153,-8.8,-0.44,0,0.00,-9.34,-0.47,908.19,0.09
1927,空头进场,2026-04-02 15:00,short,2046.89,0.977,1999.81153,-8.8,-0.44,0,0.00,-9.34,-0.47,908.19,0.09
1928,多头出场,2026-04-02 16:30,short,2046.08,0.9728,1999.97952,-9.55,-0.48,0,0.00,-9.68,-0.48,898.63,0.09
1928,多头进场,2026-04-02 15:30,long,2055.9,0.9728,1999.97952,-9.55,-0.48,0,0.00,-9.68,-0.48,898.63,0.09
1929,空头出场,2026-04-02 17:00,long,2046.47,0.9774,1999.838592,-0.38,-0.02,5.73,0.29,-1.71,-0.09,898.25,0.09
1929,空头进场,2026-04-02 16:30,short,2046.08,0.9774,1999.838592,-0.38,-0.02,5.73,0.29,-1.71,-0.09,898.25,0.09
1930,多头出场,2026-04-02 17:30,short,2043.84,0.9772,1999.810484,-2.57,-0.13,0.91,0.05,-3.99,-0.20,895.68,0.09
1930,多头进场,2026-04-02 17:00,long,2046.47,0.9772,1999.810484,-2.57,-0.13,0.91,0.05,-3.99,-0.20,895.68,0.09
1931,空头出场,2026-04-02 21:30,long,2038.64,0.9785,1999.89744,5.09,0.25,25.87,1.29,-0.92,-0.05,900.77,0.09
1931,空头进场,2026-04-02 17:30,short,2043.84,0.9785,1999.89744,5.09,0.25,25.87,1.29,-0.92,-0.05,900.77,0.09
1932,多头出场,2026-04-03 01:30,short,2046.99,0.981,1999.90584,8.19,0.41,34.16,1.71,-5.59,-0.28,908.96,0.09
1932,多头进场,2026-04-02 21:30,long,2038.64,0.981,1999.90584,8.19,0.41,34.16,1.71,-5.59,-0.28,908.96,0.09
1933,空头出场,2026-04-03 02:30,long,2058.18,0.977,1999.90923,-10.93,-0.55,3.38,0.17,-14.62,-0.73,898.03,0.09
1933,空头进场,2026-04-03 01:30,short,2046.99,0.977,1999.90923,-10.93,-0.55,3.38,0.17,-14.62,-0.73,898.03,0.09
1934,多头出场,2026-04-03 05:00,short,2059.34,0.9717,1999.933506,1.13,0.06,15.33,0.77,-3.22,-0.16,899.16,0.09
1934,多头进场,2026-04-03 02:30,long,2058.18,0.9717,1999.933506,1.13,0.06,15.33,0.77,-3.22,-0.16,899.16,0.09
1935,空头出场,2026-04-03 09:00,long,2059.61,0.9711,1999.825074,-0.26,-0.01,8.59,0.43,-5.21,-0.26,898.9,0.09
1935,空头进场,2026-04-03 05:00,short,2059.34,0.9711,1999.825074,-0.26,-0.01,8.59,0.43,-5.21,-0.26,898.9,0.09
1936,多头出场,2026-04-03 09:30,short,2050.8,0.971,1999.88131,-8.55,-0.43,3.08,0.15,-13.54,-0.68,890.34,0.09
1936,多头进场,2026-04-03 09:00,long,2059.61,0.971,1999.88131,-8.55,-0.43,3.08,0.15,-13.54,-0.68,890.34,0.09
1937,空头出场,2026-04-03 11:30,long,2054.54,0.9752,1999.94016,-3.65,-0.18,8.04,0.40,-9.01,-0.45,886.69,0.09
1937,空头进场,2026-04-03 09:30,short,2050.8,0.9752,1999.94016,-3.65,-0.18,8.04,0.40,-9.01,-0.45,886.69,0.09
1938,多头出场,2026-04-03 12:00,short,2051.53,0.9734,1999.889236,-2.93,-0.15,3.33,0.17,-2.93,-0.15,883.76,0.09
1938,多头进场,2026-04-03 11:30,long,2054.54,0.9734,1999.889236,-2.93,-0.15,3.33,0.17,-2.93,-0.15,883.76,0.09
1939,空头出场,2026-04-03 12:30,long,2054.72,0.9748,1999.831444,-3.11,-0.16,1.88,0.09,-4.85,-0.24,880.65,0.09
1939,空头进场,2026-04-03 12:00,short,2051.53,0.9748,1999.831444,-3.11,-0.16,1.88,0.09,-4.85,-0.24,880.65,0.09
1940,多头出场,2026-04-03 16:30,short,2061.25,0.9733,1999.858976,6.36,0.32,19.99,1.00,-6.42,-0.32,887.01,0.09
1940,多头进场,2026-04-03 12:30,long,2054.72,0.9733,1999.858976,6.36,0.32,19.99,1.00,-6.42,-0.32,887.01,0.09
1941,空头出场,2026-04-03 19:00,long,2061.04,0.9702,1999.82475,0.2,0.01,7.23,0.36,-2.99,-0.15,887.21,0.09
1941,空头进场,2026-04-03 16:30,short,2061.25,0.9702,1999.82475,0.2,0.01,7.23,0.36,-2.99,-0.15,887.21,0.09
1942,多头出场,2026-04-03 20:30,short,2050.22,0.9703,1999.827112,-10.5,-0.52,16.45,0.82,-14.41,-0.72,876.71,0.09
1942,多头进场,2026-04-03 19:00,long,2061.04,0.9703,1999.827112,-10.5,-0.52,16.45,0.82,-14.41,-0.72,876.71,0.09
1943,空头出场,2026-04-03 22:30,long,2055.1,0.9755,1999.98961,-4.76,-0.24,7.79,0.39,-6.69,-0.33,871.95,0.09
1943,空头进场,2026-04-03 20:30,short,2050.22,0.9755,1999.98961,-4.76,-0.24,7.79,0.39,-6.69,-0.33,871.95,0.09
1944,多头出场,2026-04-03 23:00,short,2053.85,0.9731,1999.81781,-1.22,-0.06,2.81,0.14,-3.45,-0.17,870.74,0.09
1944,多头进场,2026-04-03 22:30,long,2055.1,0.9731,1999.81781,-1.22,-0.06,2.81,0.14,-3.45,-0.17,870.74,0.09
1945,空头出场,2026-04-04 00:00,long,2056.14,0.9737,1999.833745,-2.23,-0.11,4.02,0.20,-2.4,-0.12,868.51,0.09
1945,空头进场,2026-04-03 23:00,short,2053.85,0.9737,1999.833745,-2.23,-0.11,4.02,0.20,-2.4,-0.12,868.51,0.09
1946,多头出场,2026-04-04 01:00,short,2047.96,0.9726,1999.801764,-7.96,-0.40,0.59,0.03,-11.29,-0.56,860.55,0.09
1946,多头进场,2026-04-04 00:00,long,2056.14,0.9726,1999.801764,-7.96,-0.40,0.59,0.03,-11.29,-0.56,860.55,0.09
1947,空头出场,2026-04-04 03:30,long,2053.2,0.9765,1999.83294,-5.12,-0.26,1.64,0.08,-6.32,-0.32,855.44,0.09
1947,空头进场,2026-04-04 01:00,short,2047.96,0.9765,1999.83294,-5.12,-0.26,1.64,0.08,-6.32,-0.32,855.44,0.09
1948,多头出场,2026-04-04 06:30,short,2052.22,0.974,1999.8168,-0.95,-0.05,7.2,0.36,-3.08,-0.15,854.48,0.09
1948,多头进场,2026-04-04 03:30,long,2053.2,0.974,1999.8168,-0.95,-0.05,7.2,0.36,-3.08,-0.15,854.48,0.09
1949,空头出场,2026-04-04 07:30,long,2054.16,0.9745,1999.88839,-1.89,-0.09,2.61,0.13,-2.13,-0.11,852.59,0.09
1949,空头进场,2026-04-04 06:30,short,2052.22,0.9745,1999.88839,-1.89,-0.09,2.61,0.13,-2.13,-0.11,852.59,0.09
1950,多头出场,2026-04-04 08:00,short,2052.32,0.9736,1999.930176,-1.79,-0.09,0,0.00,-2.69,-0.13,850.8,0.09
1950,多头进场,2026-04-04 07:30,long,2054.16,0.9736,1999.930176,-1.79,-0.09,0,0.00,-2.69,-0.13,850.8,0.09
1951,空头出场,2026-04-04 11:00,long,2050.79,0.9745,1999.98584,1.49,0.07,4.35,0.22,-1.42,-0.07,852.29,0.09
1951,空头进场,2026-04-04 08:00,short,2052.32,0.9745,1999.98584,1.49,0.07,4.35,0.22,-1.42,-0.07,852.29,0.09
1952,多头出场,2026-04-04 11:30,short,2049.94,0.9752,1999.930408,-0.83,-0.04,0.24,0.01,-1.11,-0.06,851.46,0.09
1952,多头进场,2026-04-04 11:00,long,2050.79,0.9752,1999.930408,-0.83,-0.04,0.24,0.01,-1.11,-0.06,851.46,0.09
1953,空头出场,2026-04-04 12:00,long,2050.64,0.9756,1999.921464,-0.68,-0.03,1.56,0.08,-0.7,-0.04,850.78,0.09
1953,空头进场,2026-04-04 11:30,short,2049.94,0.9756,1999.921464,-0.68,-0.03,1.56,0.08,-0.7,-0.04,850.78,0.09
1954,多头出场,2026-04-04 15:00,short,2052.81,0.9753,1999.989192,2.12,0.11,6.91,0.35,-0.49,-0.02,852.89,0.09
1954,多头进场,2026-04-04 12:00,long,2050.64,0.9753,1999.989192,2.12,0.11,6.91,0.35,-0.49,-0.02,852.89,0.09
1955,空头出场,2026-04-04 15:30,long,2053.69,0.9742,1999.847502,-0.86,-0.04,1.31,0.07,-1.07,-0.05,852.04,0.09
1955,空头进场,2026-04-04 15:00,short,2052.81,0.9742,1999.847502,-0.86,-0.04,1.31,0.07,-1.07,-0.05,852.04,0.09
1956,多头出场,2026-04-04 16:30,short,2050.44,0.9738,1999.883322,-3.16,-0.16,1.56,0.08,-3.93,-0.20,848.87,0.08
1956,多头进场,2026-04-04 15:30,long,2053.69,0.9738,1999.883322,-3.16,-0.16,1.56,0.08,-3.93,-0.20,848.87,0.08
1957,空头出场,2026-04-04 18:30,long,2054.19,0.9754,1999.999176,-3.66,-0.18,2.65,0.13,-4.18,-0.21,845.21,0.08
1957,空头进场,2026-04-04 16:30,short,2050.44,0.9754,1999.999176,-3.66,-0.18,2.65,0.13,-4.18,-0.21,845.21,0.08
1958,多头出场,2026-04-04 19:30,short,2051.75,0.9736,1999.959384,-2.38,-0.12,0.73,0.04,-2.93,-0.15,842.84,0.08
1958,多头进场,2026-04-04 18:30,long,2054.19,0.9736,1999.959384,-2.38,-0.12,0.73,0.04,-2.93,-0.15,842.84,0.08
1959,空头出场,2026-04-04 21:30,long,2053.49,0.9747,1999.840725,-1.7,-0.08,3.57,0.18,-2.69,-0.13,841.14,0.08
1959,空头进场,2026-04-04 19:30,short,2051.75,0.9747,1999.840725,-1.7,-0.08,3.57,0.18,-2.69,-0.13,841.14,0.08
1960,多头出场,2026-04-05 00:30,short,2055.61,0.9739,1999.893911,2.06,0.10,8.17,0.41,-8.41,-0.42,843.21,0.08
1960,多头进场,2026-04-04 21:30,long,2053.49,0.9739,1999.893911,2.06,0.10,8.17,0.41,-8.41,-0.42,843.21,0.08
1961,空头出场,2026-04-05 01:00,long,2057.56,0.9729,1999.902969,-1.9,-0.09,2.54,0.13,-2.36,-0.12,841.31,0.08
1961,空头进场,2026-04-05 00:30,short,2055.61,0.9729,1999.902969,-1.9,-0.09,2.54,0.13,-2.36,-0.12,841.31,0.08
1962,多头出场,2026-04-05 02:30,short,2055.1,0.972,1999.94832,-2.39,-0.12,0.67,0.03,-2.57,-0.13,838.92,0.08
1962,多头进场,2026-04-05 01:00,long,2057.56,0.972,1999.94832,-2.39,-0.12,0.67,0.03,-2.57,-0.13,838.92,0.08
1963,空头出场,2026-04-05 03:00,long,2068.42,0.9731,1999.81781,-12.96,-0.65,0.07,0.00,-27.24,-1.36,825.96,0.08
1963,空头进场,2026-04-05 02:30,short,2055.1,0.9731,1999.81781,-12.96,-0.65,0.07,0.00,-27.24,-1.36,825.96,0.08
1964,多头出场,2026-04-05 07:00,short,2064.1,0.9669,1999.955298,-4.18,-0.21,3.32,0.17,-8.25,-0.41,821.78,0.08
1964,多头进场,2026-04-05 03:00,long,2068.42,0.9669,1999.955298,-4.18,-0.21,3.32,0.17,-8.25,-0.41,821.78,0.08
1965,空头出场,2026-04-05 16:30,long,2039.17,0.9689,1999.90649,24.15,1.21,35.34,1.77,-1.8,-0.09,845.94,0.08
1965,空头进场,2026-04-05 07:00,short,2064.1,0.9689,1999.90649,24.15,1.21,35.34,1.77,-1.8,-0.09,845.94,0.08
1966,多头出场,2026-04-05 19:30,short,2041.97,0.9807,1999.814019,2.75,0.14,12.74,0.64,-0.48,-0.02,848.68,0.08
1966,多头进场,2026-04-05 16:30,long,2039.17,0.9807,1999.814019,2.75,0.14,12.74,0.64,-0.48,-0.02,848.68,0.08
1967,空头出场,2026-04-05 21:30,long,2036.36,0.9794,1999.905418,5.49,0.27,19.26,0.96,0,0.00,854.18,0.09
1967,空头进场,2026-04-05 19:30,short,2041.97,0.9794,1999.905418,5.49,0.27,19.26,0.96,0,0.00,854.18,0.09
1968,多头出场,2026-04-06 05:00,short,2060.13,0.9821,1999.909156,23.34,1.17,36.94,1.85,-2.06,-0.10,877.52,0.09
1968,多头进场,2026-04-05 21:30,long,2036.36,0.9821,1999.909156,23.34,1.17,36.94,1.85,-2.06,-0.10,877.52,0.09
1969,空头出场,2026-04-06 06:30,long,2085.34,0.9708,1999.974204,-24.47,-1.22,9.96,0.50,-26.37,-1.32,853.05,0.09
1969,空头进场,2026-04-06 05:00,short,2060.13,0.9708,1999.974204,-24.47,-1.22,9.96,0.50,-26.37,-1.32,853.05,0.09
1970,多头出场,2026-04-06 11:30,short,2128.35,0.959,1999.84106,41.25,2.06,55.73,2.79,-3,-0.15,894.29,0.09
1970,多头进场,2026-04-06 06:30,long,2085.34,0.959,1999.84106,41.25,2.06,55.73,2.79,-3,-0.15,894.29,0.09
1971,空头出场,2026-04-06 15:00,long,2133.52,0.9396,1999.79766,-4.86,-0.24,8.5,0.43,-8.92,-0.45,889.44,0.09
1971,空头进场,2026-04-06 11:30,short,2128.35,0.9396,1999.79766,-4.86,-0.24,8.5,0.43,-8.92,-0.45,889.44,0.09
1972,多头出场,2026-04-06 20:00,short,2147.5,0.9374,1999.961648,13.1,0.66,36.26,1.81,-3.4,-0.17,902.54,0.09
1972,多头进场,2026-04-06 15:00,long,2133.52,0.9374,1999.961648,13.1,0.66,36.26,1.81,-3.4,-0.17,902.54,0.09
1973,空头出场,2026-04-06 22:00,long,2154,0.9313,1999.96675,-6.05,-0.30,9.61,0.48,-14.88,-0.74,896.49,0.09
1973,空头进场,2026-04-06 20:00,short,2147.5,0.9313,1999.96675,-6.05,-0.30,9.61,0.48,-14.88,-0.74,896.49,0.09
1974,多头出场,2026-04-07 00:00,short,2157.67,0.9285,1999.989,3.41,0.17,13.13,0.66,-10.66,-0.53,899.89,0.09
1974,多头进场,2026-04-06 22:00,long,2154,0.9285,1999.989,3.41,0.17,13.13,0.66,-10.66,-0.53,899.89,0.09
1975,空头出场,2026-04-07 02:00,long,2145.5,0.9269,1999.944323,11.28,0.56,32.04,1.60,-8.84,-0.44,911.17,0.09
1975,空头进场,2026-04-07 00:00,short,2157.67,0.9269,1999.944323,11.28,0.56,32.04,1.60,-8.84,-0.44,911.17,0.09
1976,多头出场,2026-04-07 03:00,short,2142.96,0.9321,1999.82055,-2.37,-0.12,1.23,0.06,-9.53,-0.48,908.81,0.09
1976,多头进场,2026-04-07 02:00,long,2145.5,0.9321,1999.82055,-2.37,-0.12,1.23,0.06,-9.53,-0.48,908.81,0.09
1977,空头出场,2026-04-07 03:30,long,2143.57,0.9332,1999.810272,-0.57,-0.03,4.03,0.20,-1.86,-0.09,908.24,0.09
1977,空头进场,2026-04-07 03:00,short,2142.96,0.9332,1999.810272,-0.57,-0.03,4.03,0.20,-1.86,-0.09,908.24,0.09
1978,多头出场,2026-04-07 05:00,short,2144.64,0.933,1999.95081,1,0.05,9.68,0.48,-3.77,-0.19,909.24,0.09
1978,多头进场,2026-04-07 03:30,long,2143.57,0.933,1999.95081,1,0.05,9.68,0.48,-3.77,-0.19,909.24,0.09
1979,空头出场,2026-04-07 08:00,long,2114.82,0.9325,1999.8768,27.81,1.39,52.77,2.64,-0.14,-0.01,937.04,0.09
1979,空头进场,2026-04-07 05:00,short,2144.64,0.9325,1999.8768,27.81,1.39,52.77,2.64,-0.14,-0.01,937.04,0.09
1980,多头出场,2026-04-07 09:30,short,2099.72,0.9457,1999.985274,-14.28,-0.71,4.44,0.22,-15.52,-0.78,922.76,0.09
1980,多头进场,2026-04-07 08:00,long,2114.82,0.9457,1999.985274,-14.28,-0.71,4.44,0.22,-15.52,-0.78,922.76,0.09
1981,空头出场,2026-04-07 10:30,long,2107.04,0.9525,1999.9833,-6.97,-0.35,5.6,0.28,-11.29,-0.56,915.79,0.09
1981,空头进场,2026-04-07 09:30,short,2099.72,0.9525,1999.9833,-6.97,-0.35,5.6,0.28,-11.29,-0.56,915.79,0.09
1982,多头出场,2026-04-07 13:00,short,2106.9,0.9491,1999.791664,-0.13,-0.01,11.61,0.58,-2.99,-0.15,915.66,0.09
1982,多头进场,2026-04-07 10:30,long,2107.04,0.9491,1999.791664,-0.13,-0.01,11.61,0.58,-2.99,-0.15,915.66,0.09
1983,空头出场,2026-04-07 15:30,long,2104.21,0.9492,1999.86948,2.55,0.13,9.35,0.47,-0.14,-0.01,918.21,0.09
1983,空头进场,2026-04-07 13:00,short,2106.9,0.9492,1999.86948,2.55,0.13,9.35,0.47,-0.14,-0.01,918.21,0.09
1984,多头出场,2026-04-07 18:00,short,2106.58,0.9504,1999.841184,2.25,0.11,27.53,1.38,-0.69,-0.03,920.46,0.09
1984,多头进场,2026-04-07 15:30,long,2104.21,0.9504,1999.841184,2.25,0.11,27.53,1.38,-0.69,-0.03,920.46,0.09
1985,空头出场,2026-04-07 23:00,long,2080.72,0.9494,1999.987052,24.55,1.23,42.79,2.14,-1.96,-0.10,945.02,0.09
1985,空头进场,2026-04-07 18:00,short,2106.58,0.9494,1999.987052,24.55,1.23,42.79,2.14,-1.96,-0.10,945.02,0.09
1986,多头出场,2026-04-08 02:30,short,2086.44,0.9612,1999.988064,5.5,0.27,30.45,1.52,-4.39,-0.22,950.51,0.10
1986,多头进场,2026-04-07 23:00,long,2080.72,0.9612,1999.988064,5.5,0.27,30.45,1.52,-4.39,-0.22,950.51,0.10
1987,空头出场,2026-04-08 03:00,long,2096.75,0.9585,1999.85274,-9.88,-0.49,1.96,0.10,-17.5,-0.88,940.63,0.09
1987,空头进场,2026-04-08 02:30,short,2086.44,0.9585,1999.85274,-9.88,-0.49,1.96,0.10,-17.5,-0.88,940.63,0.09
1988,多头出场,2026-04-08 09:30,short,2233.52,0.9538,1999.88015,130.45,6.52,168.16,8.41,-5.77,-0.29,1071.08,0.11
1988,多头进场,2026-04-08 03:00,long,2096.75,0.9538,1999.88015,130.45,6.52,168.16,8.41,-5.77,-0.29,1071.08,0.11
1989,空头出场,2026-04-08 12:00,long,2245.23,0.8954,1999.893808,-10.49,-0.52,2.61,0.13,-12.7,-0.63,1060.6,0.11
1989,空头进场,2026-04-08 09:30,short,2233.52,0.8954,1999.893808,-10.49,-0.52,2.61,0.13,-12.7,-0.63,1060.6,0.11
1990,多头出场,2026-04-08 12:30,short,2242.37,0.8907,1999.826361,-2.55,-0.13,5.58,0.28,-2.66,-0.13,1058.05,0.11
1990,多头进场,2026-04-08 12:00,long,2245.23,0.8907,1999.826361,-2.55,-0.13,5.58,0.28,-2.66,-0.13,1058.05,0.11
1991,空头出场,2026-04-08 14:00,long,2250.48,0.8919,1999.969803,-7.23,-0.36,6.28,0.31,-9.22,-0.46,1050.82,0.11
1991,空头进场,2026-04-08 12:30,short,2242.37,0.8919,1999.969803,-7.23,-0.36,6.28,0.31,-9.22,-0.46,1050.82,0.11
1992,多头出场,2026-04-08 14:30,short,2245.49,0.8886,1999.776528,-4.43,-0.22,0.04,0.00,-4.91,-0.25,1046.38,0.10
1992,多头进场,2026-04-08 14:00,long,2250.48,0.8886,1999.776528,-4.43,-0.22,0.04,0.00,-4.91,-0.25,1046.38,0.10
1993,空头出场,2026-04-08 15:00,long,2256.57,0.8906,1999.833394,-9.87,-0.49,1.06,0.05,-12.73,-0.64,1036.51,0.10
1993,空头进场,2026-04-08 14:30,short,2245.49,0.8906,1999.833394,-9.87,-0.49,1.06,0.05,-12.73,-0.64,1036.51,0.10
1994,多头出场,2026-04-08 17:00,short,2250.26,0.8863,1999.997991,-5.59,-0.28,5.01,0.25,-8.42,-0.42,1030.92,0.10
1994,多头进场,2026-04-08 15:00,long,2256.57,0.8863,1999.997991,-5.59,-0.28,5.01,0.25,-8.42,-0.42,1030.92,0.10
1995,空头出场,2026-04-08 19:00,long,2253.34,0.8887,1999.806062,-2.74,-0.14,8.24,0.41,-3.48,-0.17,1028.18,0.10
1995,空头进场,2026-04-08 17:00,short,2250.26,0.8887,1999.806062,-2.74,-0.14,8.24,0.41,-3.48,-0.17,1028.18,0.10
1996,多头出场,2026-04-08 19:30,short,2246.9,0.8875,1999.83925,-5.72,-0.29,0,0.00,-13.2,-0.66,1022.47,0.10
1996,多头进场,2026-04-08 19:00,long,2253.34,0.8875,1999.83925,-5.72,-0.29,0,0.00,-13.2,-0.66,1022.47,0.10
1997,空头出场,2026-04-08 20:30,long,2255.47,0.8901,1999.96569,-7.63,-0.38,3.48,0.17,-9.92,-0.50,1014.84,0.10
1997,空头进场,2026-04-08 19:30,short,2246.9,0.8901,1999.96569,-7.63,-0.38,3.48,0.17,-9.92,-0.50,1014.84,0.10
1998,多头出场,2026-04-08 21:30,short,2236.28,0.8867,1999.925249,-17.02,-0.85,12.38,0.62,-21.23,-1.06,997.83,0.10
1998,多头进场,2026-04-08 20:30,long,2255.47,0.8867,1999.925249,-17.02,-0.85,12.38,0.62,-21.23,-1.06,997.83,0.10
1999,空头出场,2026-04-09 00:00,long,2219,0.8943,1999.905204,15.45,0.77,43.86,2.19,-3.74,-0.19,1013.28,0.10
1999,空头进场,2026-04-08 21:30,short,2236.28,0.8943,1999.905204,15.45,0.77,43.86,2.19,-3.74,-0.19,1013.28,0.10
2000,多头出场,2026-04-09 02:00,short,2212.66,0.9013,1999.9847,-5.71,-0.29,17.54,0.88,-6.95,-0.35,1007.56,0.10
2000,多头进场,2026-04-09 00:00,long,2219,0.9013,1999.9847,-5.71,-0.29,17.54,0.88,-6.95,-0.35,1007.56,0.10
2001,空头出场,2026-04-09 03:30,long,2210.84,0.9038,1999.802108,1.64,0.08,13.68,0.68,-6.04,-0.30,1009.21,0.10
2001,空头进场,2026-04-09 02:00,short,2212.66,0.9038,1999.802108,1.64,0.08,13.68,0.68,-6.04,-0.30,1009.21,0.10
2002,多头出场,2026-04-09 06:00,short,2193.16,0.9046,1999.925864,-15.99,-0.80,10.13,0.51,-16.82,-0.84,993.22,0.10
2002,多头进场,2026-04-09 03:30,long,2210.84,0.9046,1999.925864,-15.99,-0.80,10.13,0.51,-16.82,-0.84,993.22,0.10
2003,空头出场,2026-04-09 10:00,long,2182.23,0.9119,1999.942604,9.97,0.50,27.25,1.36,-7.17,-0.36,1003.18,0.10
2003,空头进场,2026-04-09 06:00,short,2193.16,0.9119,1999.942604,9.97,0.50,27.25,1.36,-7.17,-0.36,1003.18,0.10
2004,多头出场,2026-04-09 11:00,short,2178.79,0.9164,1999.795572,-3.15,-0.16,2.88,0.14,-4.88,-0.24,1000.03,0.10
2004,多头进场,2026-04-09 10:00,long,2182.23,0.9164,1999.795572,-3.15,-0.16,2.88,0.14,-4.88,-0.24,1000.03,0.10
2005,空头出场,2026-04-09 11:30,long,2182.78,0.9179,1999.911341,-3.66,-0.18,2.06,0.10,-4.93,-0.25,996.37,0.10
2005,空头进场,2026-04-09 11:00,short,2178.79,0.9179,1999.911341,-3.66,-0.18,2.06,0.10,-4.93,-0.25,996.37,0.10
2006,多头出场,2026-04-09 12:00,short,2178.46,0.9162,1999.863036,-3.96,-0.20,0.02,0.00,-5.34,-0.27,992.41,0.10
2006,多头进场,2026-04-09 11:30,long,2182.78,0.9162,1999.863036,-3.96,-0.20,0.02,0.00,-5.34,-0.27,992.41,0.10
2007,空头出场,2026-04-09 13:00,long,2181.85,0.918,1999.82628,-3.11,-0.16,2.33,0.12,-3.33,-0.17,989.3,0.10
2007,空头进场,2026-04-09 12:00,short,2178.46,0.918,1999.82628,-3.11,-0.16,2.33,0.12,-3.33,-0.17,989.3,0.10
2008,多头出场,2026-04-09 14:00,short,2177.76,0.9166,1999.88371,-3.75,-0.19,6.67,0.33,-4.69,-0.23,985.55,0.10
2008,多头进场,2026-04-09 13:00,long,2181.85,0.9166,1999.88371,-3.75,-0.19,6.67,0.33,-4.69,-0.23,985.55,0.10
2009,空头出场,2026-04-09 14:30,long,2181.75,0.9183,1999.837008,-3.66,-0.18,1.7,0.08,-3.66,-0.18,981.89,0.10
2009,空头进场,2026-04-09 14:00,short,2177.76,0.9183,1999.837008,-3.66,-0.18,1.7,0.08,-3.66,-0.18,981.89,0.10
2010,多头出场,2026-04-09 19:00,short,2180.67,0.9166,1999.79205,-0.99,-0.05,13.35,0.67,-4.37,-0.22,980.9,0.10
2010,多头进场,2026-04-09 14:30,long,2181.75,0.9166,1999.79205,-0.99,-0.05,13.35,0.67,-4.37,-0.22,980.9,0.10
2011,空头出场,2026-04-09 22:30,long,2177.85,0.9171,1999.892457,2.59,0.13,20.76,1.04,-5.7,-0.29,983.48,0.10
2011,空头进场,2026-04-09 19:00,short,2180.67,0.9171,1999.892457,2.59,0.13,20.76,1.04,-5.7,-0.29,983.48,0.10
2012,多头出场,2026-04-10 02:00,short,2209.34,0.9183,1999.919655,28.92,1.45,46.83,2.34,-7.17,-0.36,1012.4,0.10
2012,多头进场,2026-04-09 22:30,long,2177.85,0.9183,1999.919655,28.92,1.45,46.83,2.34,-7.17,-0.36,1012.4,0.10
2013,空头出场,2026-04-10 03:30,long,2216.92,0.9052,1999.894568,-6.86,-0.34,6.85,0.34,-13.72,-0.69,1005.54,0.10
2013,空头进场,2026-04-10 02:00,short,2209.34,0.9052,1999.894568,-6.86,-0.34,6.85,0.34,-13.72,-0.69,1005.54,0.10
2014,多头出场,2026-04-10 04:30,short,2213.39,0.9021,1999.883532,-3.18,-0.16,4.67,0.23,-5.09,-0.25,1002.35,0.10
2014,多头进场,2026-04-10 03:30,long,2216.92,0.9021,1999.883532,-3.18,-0.16,4.67,0.23,-5.09,-0.25,1002.35,0.10
2015,空头出场,2026-04-10 06:00,long,2222.04,0.9035,1999.797865,-7.82,-0.39,4.74,0.24,-28.57,-1.43,994.54,0.10
2015,空头进场,2026-04-10 04:30,short,2213.39,0.9035,1999.797865,-7.82,-0.39,4.74,0.24,-28.57,-1.43,994.54,0.10
2016,多头出场,2026-04-10 06:30,short,2197.98,0.9,1999.836,-21.65,-1.08,0.36,0.02,-21.65,-1.08,972.88,0.10
2016,多头进场,2026-04-10 06:00,long,2222.04,0.9,1999.836,-21.65,-1.08,0.36,0.02,-21.65,-1.08,972.88,0.10
2017,空头出场,2026-04-10 09:30,long,2194.68,0.9099,1999.942002,3,0.15,17.78,0.89,-5.62,-0.28,975.89,0.10
2017,空头进场,2026-04-10 06:30,short,2197.98,0.9099,1999.942002,3,0.15,17.78,0.89,-5.62,-0.28,975.89,0.10
2018,多头出场,2026-04-10 10:30,short,2189.09,0.9112,1999.792416,-5.09,-0.25,3.5,0.17,-6.81,-0.34,970.79,0.10
2018,多头进场,2026-04-10 09:30,long,2194.68,0.9112,1999.792416,-5.09,-0.25,3.5,0.17,-6.81,-0.34,970.79,0.10
2019,空头出场,2026-04-10 12:00,long,2190.65,0.9136,1999.952624,-1.43,-0.07,5.66,0.28,-2.87,-0.14,969.37,0.10
2019,空头进场,2026-04-10 10:30,short,2189.09,0.9136,1999.952624,-1.43,-0.07,5.66,0.28,-2.87,-0.14,969.37,0.10
2020,多头出场,2026-04-10 14:00,short,2190.72,0.9129,1999.844385,0.06,0.00,11.23,0.56,-1.62,-0.08,969.43,0.10
2020,多头进场,2026-04-10 12:00,long,2190.65,0.9129,1999.844385,0.06,0.00,11.23,0.56,-1.62,-0.08,969.43,0.10
2021,空头出场,2026-04-10 16:30,long,2185.84,0.9129,1999.908288,4.45,0.22,12.78,0.64,-0.74,-0.04,973.89,0.10
2021,空头进场,2026-04-10 14:00,short,2190.72,0.9129,1999.908288,4.45,0.22,12.78,0.64,-0.74,-0.04,973.89,0.10
2022,多头出场,2026-04-10 23:30,short,2223.87,0.9149,1999.825016,34.79,1.74,64.94,3.25,-0.03,0.00,1008.68,0.10
2022,多头进场,2026-04-10 16:30,long,2185.84,0.9149,1999.825016,34.79,1.74,64.94,3.25,-0.03,0.00,1008.68,0.10
2023,空头出场,2026-04-11 00:00,long,2241.42,0.8993,1999.926291,-15.78,-0.79,2.08,0.10,-17.63,-0.88,992.9,0.10
2023,空头进场,2026-04-10 23:30,short,2223.87,0.8993,1999.926291,-15.78,-0.79,2.08,0.10,-17.63,-0.88,992.9,0.10
2024,多头出场,2026-04-11 03:00,short,2247.97,0.8922,1999.794924,5.84,0.29,12.85,0.64,-5.5,-0.27,998.74,0.10
2024,多头进场,2026-04-11 00:00,long,2241.42,0.8922,1999.794924,5.84,0.29,12.85,0.64,-5.5,-0.27,998.74,0.10
2025,空头出场,2026-04-11 03:30,long,2253.43,0.8896,1999.794112,-4.86,-0.24,3.76,0.19,-6.02,-0.30,993.88,0.10
2025,空头进场,2026-04-11 03:00,short,2247.97,0.8896,1999.794112,-4.86,-0.24,3.76,0.19,-6.02,-0.30,993.88,0.10
2026,多头出场,2026-04-11 05:00,short,2247.49,0.8875,1999.919125,-5.27,-0.26,3.2,0.16,-9.14,-0.46,988.61,0.10
2026,多头进场,2026-04-11 03:30,long,2253.43,0.8875,1999.919125,-5.27,-0.26,3.2,0.16,-9.14,-0.46,988.61,0.10
2027,空头出场,2026-04-11 05:30,long,2254.9,0.8898,1999.816602,-6.59,-0.33,2.58,0.13,-7.14,-0.36,982.02,0.10
2027,空头进场,2026-04-11 05:00,short,2247.49,0.8898,1999.816602,-6.59,-0.33,2.58,0.13,-7.14,-0.36,982.02,0.10
2028,多头出场,2026-04-11 06:00,short,2247.67,0.8869,1999.87081,-6.41,-0.32,0.42,0.02,-6.73,-0.34,975.61,0.10
2028,多头进场,2026-04-11 05:30,long,2254.9,0.8869,1999.87081,-6.41,-0.32,0.42,0.02,-6.73,-0.34,975.61,0.10
2029,空头出场,2026-04-11 09:30,long,2244.75,0.8898,1999.976766,2.6,0.13,10.59,0.53,-0.02,0.00,978.21,0.10
2029,空头进场,2026-04-11 06:00,short,2247.67,0.8898,1999.976766,2.6,0.13,10.59,0.53,-0.02,0.00,978.21,0.10
2030,多头出场,2026-04-11 11:30,short,2237.87,0.8909,1999.847775,-6.13,-0.31,6.31,0.32,-7.05,-0.35,972.08,0.10
2030,多头进场,2026-04-11 09:30,long,2244.75,0.8909,1999.847775,-6.13,-0.31,6.31,0.32,-7.05,-0.35,972.08,0.10
2031,空头出场,2026-04-11 14:30,long,2236.59,0.8937,1999.984419,1.14,0.06,7,0.35,-5.22,-0.26,973.22,0.10
2031,空头进场,2026-04-11 11:30,short,2237.87,0.8937,1999.984419,1.14,0.06,7,0.35,-5.22,-0.26,973.22,0.10
2032,多头出场,2026-04-11 15:30,short,2233.37,0.8942,1999.958778,-2.88,-0.14,0.63,0.03,-4.33,-0.22,970.34,0.10
2032,多头进场,2026-04-11 14:30,long,2236.59,0.8942,1999.958778,-2.88,-0.14,0.63,0.03,-4.33,-0.22,970.34,0.10
2033,空头出场,2026-04-11 17:00,long,2246.49,0.8955,1999.982835,-11.75,-0.59,0.4,0.02,-14.81,-0.74,958.59,0.10
2033,空头进场,2026-04-11 15:30,short,2233.37,0.8955,1999.982835,-11.75,-0.59,0.4,0.02,-14.81,-0.74,958.59,0.10
2034,多头出场,2026-04-11 19:00,short,2239.99,0.8902,1999.825398,-5.79,-0.29,0.01,0.00,-7.16,-0.36,952.81,0.10
2034,多头进场,2026-04-11 17:00,long,2246.49,0.8902,1999.825398,-5.79,-0.29,0.01,0.00,-7.16,-0.36,952.81,0.10
2035,空头出场,2026-04-11 19:30,long,2246.85,0.8928,1999.863072,-6.12,-0.31,0.22,0.01,-6.85,-0.34,946.68,0.09
2035,空头进场,2026-04-11 19:00,short,2239.99,0.8928,1999.863072,-6.12,-0.31,0.22,0.01,-6.85,-0.34,946.68,0.09
2036,多头出场,2026-04-11 21:00,short,2238.35,0.8901,1999.921185,-7.57,-0.38,0.49,0.02,-10.85,-0.54,939.11,0.09
2036,多头进场,2026-04-11 19:30,long,2246.85,0.8901,1999.921185,-7.57,-0.38,0.49,0.02,-10.85,-0.54,939.11,0.09
2037,空头出场,2026-04-11 22:30,long,2242.92,0.8935,1999.965725,-4.08,-0.20,0.56,0.03,-5.75,-0.29,935.03,0.09
2037,空头进场,2026-04-11 21:00,short,2238.35,0.8935,1999.965725,-4.08,-0.20,0.56,0.03,-5.75,-0.29,935.03,0.09
2038,多头出场,2026-04-12 04:30,short,2299.06,0.8916,1999.787472,50.05,2.50,77.4,3.87,-0.69,-0.03,985.09,0.10
2038,多头进场,2026-04-11 22:30,long,2242.92,0.8916,1999.787472,50.05,2.50,77.4,3.87,-0.69,-0.03,985.09,0.10
2039,空头出场,2026-04-12 06:00,long,2306.63,0.8699,1999.952294,-6.59,-0.33,4.87,0.24,-8.18,-0.41,978.5,0.10
2039,空头进场,2026-04-12 04:30,short,2299.06,0.8699,1999.952294,-6.59,-0.33,4.87,0.24,-8.18,-0.41,978.5,0.10
2040,多头出场,2026-04-12 06:30,short,2297.58,0.867,1999.84821,-7.85,-0.39,0.29,0.01,-14.06,-0.70,970.65,0.10
2040,多头进场,2026-04-12 06:00,long,2306.63,0.867,1999.84821,-7.85,-0.39,0.29,0.01,-14.06,-0.70,970.65,0.10
2041,空头出场,2026-04-12 13:00,long,2219.36,0.8704,1999.813632,68.08,3.40,78.14,3.91,0,0.00,1038.74,0.10
2041,空头进场,2026-04-12 06:30,short,2297.58,0.8704,1999.813632,68.08,3.40,78.14,3.91,0,0.00,1038.74,0.10
2042,多头出场,2026-04-12 16:30,short,2214.63,0.9011,1999.865296,-4.26,-0.21,1.8,0.09,-6.06,-0.30,1034.47,0.10
2042,多头进场,2026-04-12 13:00,long,2219.36,0.9011,1999.865296,-4.26,-0.21,1.8,0.09,-6.06,-0.30,1034.47,0.10
2043,空头出场,2026-04-12 17:00,long,2215.16,0.903,1999.81089,-0.48,-0.02,2.35,0.12,-1.81,-0.09,1034,0.10
2043,空头进场,2026-04-12 16:30,short,2214.63,0.903,1999.81089,-0.48,-0.02,2.35,0.12,-1.81,-0.09,1034,0.10
2044,多头出场,2026-04-12 18:30,short,2202.11,0.9028,1999.846448,-11.78,-0.59,2.33,0.12,-17.93,-0.90,1022.21,0.10
2044,多头进场,2026-04-12 17:00,long,2215.16,0.9028,1999.846448,-11.78,-0.59,2.33,0.12,-17.93,-0.90,1022.21,0.10
2045,空头出场,2026-04-13 00:00,long,2187.33,0.9082,1999.956302,13.42,0.67,22.89,1.14,-5.86,-0.29,1035.64,0.10
2045,空头进场,2026-04-12 18:30,short,2202.11,0.9082,1999.956302,13.42,0.67,22.89,1.14,-5.86,-0.29,1035.64,0.10
2046,多头出场,2026-04-13 03:30,short,2198.73,0.9143,1999.875819,10.42,0.52,18.09,0.90,-2.66,-0.13,1046.06,0.10
2046,多头进场,2026-04-13 00:00,long,2187.33,0.9143,1999.875819,10.42,0.52,18.09,0.90,-2.66,-0.13,1046.06,0.10
2047,空头出场,2026-04-13 04:30,long,2214.01,0.9096,1999.964808,-13.9,-0.69,4.36,0.22,-17.68,-0.88,1032.16,0.10
2047,空头进场,2026-04-13 03:30,short,2198.73,0.9096,1999.964808,-13.9,-0.69,4.36,0.22,-17.68,-0.88,1032.16,0.10
2048,多头出场,2026-04-13 06:00,short,2188.6,0.9033,1999.915233,-22.95,-1.15,3.58,0.18,-24.7,-1.23,1009.21,0.10
2048,多头进场,2026-04-13 04:30,long,2214.01,0.9033,1999.915233,-22.95,-1.15,3.58,0.18,-24.7,-1.23,1009.21,0.10
2049,空头出场,2026-04-13 08:00,long,2200.51,0.9138,1999.94268,-10.88,-0.54,3.65,0.18,-14.55,-0.73,998.33,0.10
2049,空头进场,2026-04-13 06:00,short,2188.6,0.9138,1999.94268,-10.88,-0.54,3.65,0.18,-14.55,-0.73,998.33,0.10
2050,多头出场,2026-04-13 10:00,short,2201.35,0.9088,1999.823488,0.76,0.04,7.34,0.37,-7.06,-0.35,999.09,0.10
2050,多头进场,2026-04-13 08:00,long,2200.51,0.9088,1999.823488,0.76,0.04,7.34,0.37,-7.06,-0.35,999.09,0.10
2051,空头出场,2026-04-13 14:00,long,2196.38,0.9085,1999.926475,4.52,0.23,17.09,0.85,-1.81,-0.09,1003.6,0.10
2051,空头进场,2026-04-13 10:00,short,2201.35,0.9085,1999.926475,4.52,0.23,17.09,0.85,-1.81,-0.09,1003.6,0.10
2052,多头出场,2026-04-13 15:00,short,2184.33,0.9105,1999.80399,-10.97,-0.55,4.03,0.20,-12.08,-0.60,992.63,0.10
2052,多头进场,2026-04-13 14:00,long,2196.38,0.9105,1999.80399,-10.97,-0.55,4.03,0.20,-12.08,-0.60,992.63,0.10
2053,空头出场,2026-04-13 17:00,long,2190.24,0.9156,1999.972548,-5.41,-0.27,3.55,0.18,-9.71,-0.49,987.22,0.10
2053,空头进场,2026-04-13 15:00,short,2184.33,0.9156,1999.972548,-5.41,-0.27,3.55,0.18,-9.71,-0.49,987.22,0.10
2054,多头出场,2026-04-13 18:00,short,2182.47,0.9131,1999.908144,-7.09,-0.35,0.16,0.01,-7.14,-0.36,980.13,0.10
2054,多头进场,2026-04-13 17:00,long,2190.24,0.9131,1999.908144,-7.09,-0.35,0.16,0.01,-7.14,-0.36,980.13,0.10
2055,空头出场,2026-04-13 19:00,long,2186.4,0.9163,1999.797261,-3.6,-0.18,2.93,0.15,-4.55,-0.23,976.53,0.10
2055,空头进场,2026-04-13 18:00,short,2182.47,0.9163,1999.797261,-3.6,-0.18,2.93,0.15,-4.55,-0.23,976.53,0.10
2056,多头出场,2026-04-13 20:00,short,2180.29,0.9147,1999.90008,-5.59,-0.28,4.02,0.20,-5.59,-0.28,970.94,0.10
2056,多头进场,2026-04-13 19:00,long,2186.4,0.9147,1999.90008,-5.59,-0.28,4.02,0.20,-5.59,-0.28,970.94,0.10
2057,空头出场,2026-04-13 20:30,long,2192.18,0.9173,1999.980017,-10.91,-0.55,4.18,0.21,-16.61,-0.83,960.03,0.10
2057,空头进场,2026-04-13 20:00,short,2180.29,0.9173,1999.980017,-10.91,-0.55,4.18,0.21,-16.61,-0.83,960.03,0.10
2058,多头出场,2026-04-13 23:30,short,2209.13,0.9123,1999.925814,15.46,0.77,39.76,1.99,-9.28,-0.46,975.49,0.10
2058,多头进场,2026-04-13 20:30,long,2192.18,0.9123,1999.925814,15.46,0.77,39.76,1.99,-9.28,-0.46,975.49,0.10
2059,空头出场,2026-04-14 00:00,long,2226.11,0.9053,1999.925389,-15.37,-0.77,7.75,0.39,-16.08,-0.80,960.12,0.10
2059,空头进场,2026-04-13 23:30,short,2209.13,0.9053,1999.925389,-15.37,-0.77,7.75,0.39,-16.08,-0.80,960.12,0.10
2060,多头出场,2026-04-14 01:30,short,2224.79,0.8984,1999.937224,-1.19,-0.06,13.55,0.68,-3.61,-0.18,958.94,0.10
2060,多头进场,2026-04-14 00:00,long,2226.11,0.8984,1999.937224,-1.19,-0.06,13.55,0.68,-3.61,-0.18,958.94,0.10
2061,空头出场,2026-04-14 02:30,long,2232.06,0.8989,1999.863731,-6.54,-0.33,5.52,0.28,-7.75,-0.39,952.4,0.10
2061,空头进场,2026-04-14 01:30,short,2224.79,0.8989,1999.863731,-6.54,-0.33,5.52,0.28,-7.75,-0.39,952.4,0.10
2062,多头出场,2026-04-14 10:30,short,2368.07,0.896,1999.92576,121.86,6.09,144.1,7.21,-3.75,-0.19,1074.27,0.11
2062,多头进场,2026-04-14 02:30,long,2232.06,0.896,1999.92576,121.86,6.09,144.1,7.21,-3.75,-0.19,1074.27,0.11
2063,空头出场,2026-04-14 14:30,long,2373.49,0.8445,1999.835115,-4.58,-0.23,10.81,0.54,-6.72,-0.34,1069.69,0.11
2063,空头进场,2026-04-14 10:30,short,2368.07,0.8445,1999.835115,-4.58,-0.23,10.81,0.54,-6.72,-0.34,1069.69,0.11
2064,多头出场,2026-04-14 18:00,short,2383.77,0.8426,1999.902674,8.66,0.43,18.31,0.92,-1.72,-0.09,1078.35,0.11
2064,多头进场,2026-04-14 14:30,long,2373.49,0.8426,1999.902674,8.66,0.43,18.31,0.92,-1.72,-0.09,1078.35,0.11
2065,空头出场,2026-04-14 21:30,long,2391.87,0.839,1999.98303,-6.8,-0.34,13.09,0.65,-9.91,-0.50,1071.56,0.11
2065,空头进场,2026-04-14 18:00,short,2383.77,0.839,1999.98303,-6.8,-0.34,13.09,0.65,-9.91,-0.50,1071.56,0.11
2066,多头出场,2026-04-14 22:30,short,2354.89,0.8361,1999.842507,-30.92,-1.55,19.66,0.98,-30.92,-1.55,1040.64,0.10
2066,多头进场,2026-04-14 21:30,long,2391.87,0.8361,1999.842507,-30.92,-1.55,19.66,0.98,-30.92,-1.55,1040.64,0.10
2067,空头出场,2026-04-15 05:00,long,2322.04,0.8492,1999.772588,27.9,1.39,43.27,2.16,-14.59,-0.73,1068.53,0.11
2067,空头进场,2026-04-14 22:30,short,2354.89,0.8492,1999.772588,27.9,1.39,43.27,2.16,-14.59,-0.73,1068.53,0.11
2068,多头出场,2026-04-15 06:00,short,2314.91,0.8613,1999.973052,-6.14,-0.31,8.72,0.44,-6.37,-0.32,1062.39,0.11
2068,多头进场,2026-04-15 05:00,long,2322.04,0.8613,1999.973052,-6.14,-0.31,8.72,0.44,-6.37,-0.32,1062.39,0.11
2069,空头出场,2026-04-15 07:00,long,2319.94,0.8639,1999.850749,-4.35,-0.22,2.01,0.10,-6.71,-0.34,1058.05,0.11
2069,空头进场,2026-04-15 06:00,short,2314.91,0.8639,1999.850749,-4.35,-0.22,2.01,0.10,-6.71,-0.34,1058.05,0.11
2070,多头出场,2026-04-15 10:00,short,2326.95,0.862,1999.78828,6.04,0.30,20.59,1.03,-0.02,0.00,1064.09,0.11
2070,多头进场,2026-04-15 07:00,long,2319.94,0.862,1999.78828,6.04,0.30,20.59,1.03,-0.02,0.00,1064.09,0.11
2071,空头出场,2026-04-15 11:30,long,2329.89,0.8594,1999.78083,-2.53,-0.13,6.91,0.35,-3,-0.15,1061.56,0.11
2071,空头进场,2026-04-15 10:00,short,2326.95,0.8594,1999.78083,-2.53,-0.13,6.91,0.35,-3,-0.15,1061.56,0.11
2072,多头出场,2026-04-15 13:00,short,2323.2,0.8584,1999.977576,-5.74,-0.29,7.68,0.38,-6.94,-0.35,1055.82,0.11
2072,多头进场,2026-04-15 11:30,long,2329.89,0.8584,1999.977576,-5.74,-0.29,7.68,0.38,-6.94,-0.35,1055.82,0.11
2073,空头出场,2026-04-15 16:00,long,2325.07,0.8608,1999.81056,-1.61,-0.08,10.67,0.53,-1.82,-0.09,1054.21,0.11
2073,空头进场,2026-04-15 13:00,short,2323.2,0.8608,1999.81056,-1.61,-0.08,10.67,0.53,-1.82,-0.09,1054.21,0.11
2074,多头出场,2026-04-15 17:00,short,2321.36,0.8601,1999.792707,-3.19,-0.16,7.41,0.37,-4.07,-0.20,1051.02,0.11
2074,多头进场,2026-04-15 16:00,long,2325.07,0.8601,1999.792707,-3.19,-0.16,7.41,0.37,-4.07,-0.20,1051.02,0.11
2075,空头出场,2026-04-15 19:00,long,2326.11,0.8615,1999.85164,-4.09,-0.20,6.67,0.33,-8.52,-0.43,1046.93,0.10
2075,空头进场,2026-04-15 17:00,short,2321.36,0.8615,1999.85164,-4.09,-0.20,6.67,0.33,-8.52,-0.43,1046.93,0.10
2076,多头出场,2026-04-15 21:30,short,2328.04,0.8598,1999.989378,1.66,0.08,12.6,0.63,-6.18,-0.31,1048.59,0.10
2076,多头进场,2026-04-15 19:00,long,2326.11,0.8598,1999.989378,1.66,0.08,12.6,0.63,-6.18,-0.31,1048.59,0.10
2077,空头出场,2026-04-15 22:00,long,2341.07,0.859,1999.78636,-11.19,-0.56,4.15,0.21,-15.15,-0.76,1037.39,0.10
2077,空头进场,2026-04-15 21:30,short,2328.04,0.859,1999.78636,-11.19,-0.56,4.15,0.21,-15.15,-0.76,1037.39,0.10
2078,多头出场,2026-04-15 23:30,short,2333.3,0.8543,1999.976101,-6.64,-0.33,7.25,0.36,-16.13,-0.81,1030.76,0.10
2078,多头进场,2026-04-15 22:00,long,2341.07,0.8543,1999.976101,-6.64,-0.33,7.25,0.36,-16.13,-0.81,1030.76,0.10
2079,空头出场,2026-04-16 00:00,long,2345.58,0.8571,1999.87143,-10.53,-0.53,2.16,0.11,-12.77,-0.64,1020.23,0.10
2079,空头进场,2026-04-15 23:30,short,2333.3,0.8571,1999.87143,-10.53,-0.53,2.16,0.11,-12.77,-0.64,1020.23,0.10
2080,多头出场,2026-04-16 04:00,short,2361.75,0.8526,1999.841508,13.79,0.69,34.78,1.74,-7.56,-0.38,1034.02,0.10
2080,多头进场,2026-04-16 00:00,long,2345.58,0.8526,1999.841508,13.79,0.69,34.78,1.74,-7.56,-0.38,1034.02,0.10
2081,空头出场,2026-04-16 04:30,long,2364.04,0.8468,1999.9299,-1.94,-0.10,3.51,0.18,-4.84,-0.24,1032.08,0.10
2081,空头进场,2026-04-16 04:00,short,2361.75,0.8468,1999.9299,-1.94,-0.10,3.51,0.18,-4.84,-0.24,1032.08,0.10
2082,多头出场,2026-04-16 05:00,short,2354.13,0.846,1999.97784,-8.38,-0.42,0.36,0.02,-11.89,-0.59,1023.69,0.10
2082,多头进场,2026-04-16 04:30,long,2364.04,0.846,1999.97784,-8.38,-0.42,0.36,0.02,-11.89,-0.59,1023.69,0.10
2083,空头出场,2026-04-16 05:30,long,2362.34,0.8495,1999.833435,-6.97,-0.35,2.46,0.12,-8.72,-0.44,1016.72,0.10
2083,空头进场,2026-04-16 05:00,short,2354.13,0.8495,1999.833435,-6.97,-0.35,2.46,0.12,-8.72,-0.44,1016.72,0.10
2084,多头出场,2026-04-16 06:30,short,2364.34,0.8466,1999.957044,1.69,0.08,15.62,0.78,-0.77,-0.04,1018.41,0.10
2084,多头进场,2026-04-16 05:30,long,2362.34,0.8466,1999.957044,1.69,0.08,15.62,0.78,-0.77,-0.04,1018.41,0.10
2085,空头出场,2026-04-16 08:30,long,2361.35,0.8459,1999.995206,2.53,0.13,11.11,0.56,-0.1,-0.01,1020.94,0.10
2085,空头进场,2026-04-16 06:30,short,2364.34,0.8459,1999.995206,2.53,0.13,11.11,0.56,-0.1,-0.01,1020.94,0.10
2086,多头出场,2026-04-16 09:00,short,2352.17,0.8469,1999.827315,-7.77,-0.39,0,0.00,-11.88,-0.59,1013.17,0.10
2086,多头进场,2026-04-16 08:30,long,2361.35,0.8469,1999.827315,-7.77,-0.39,0,0.00,-11.88,-0.59,1013.17,0.10
2087,空头出场,2026-04-16 10:00,long,2359.75,0.8502,1999.814934,-6.44,-0.32,2.07,0.10,-6.55,-0.33,1006.72,0.10
2087,空头进场,2026-04-16 09:00,short,2352.17,0.8502,1999.814934,-6.44,-0.32,2.07,0.10,-6.55,-0.33,1006.72,0.10
2088,多头出场,2026-04-16 10:30,short,2357.53,0.8475,1999.888125,-1.88,-0.09,8.81,0.44,-3.51,-0.18,1004.84,0.10
2088,多头进场,2026-04-16 10:00,long,2359.75,0.8475,1999.888125,-1.88,-0.09,8.81,0.44,-3.51,-0.18,1004.84,0.10
2089,空头出场,2026-04-16 11:00,long,2362.21,0.8483,1999.892699,-3.97,-0.20,0.5,0.03,-7.47,-0.37,1000.87,0.10
2089,空头进场,2026-04-16 10:30,short,2357.53,0.8483,1999.892699,-3.97,-0.20,0.5,0.03,-7.47,-0.37,1000.87,0.10
2090,多头出场,2026-04-16 11:30,short,2358.64,0.8466,1999.846986,-3.02,-0.15,0.49,0.02,-3.35,-0.17,997.85,0.10
2090,多头进场,2026-04-16 11:00,long,2362.21,0.8466,1999.846986,-3.02,-0.15,0.49,0.02,-3.35,-0.17,997.85,0.10
2091,空头出场,2026-04-16 12:00,long,2359.18,0.8479,1999.890856,-0.46,-0.02,2.22,0.11,-2.79,-0.14,997.39,0.10
2091,空头进场,2026-04-16 11:30,short,2358.64,0.8479,1999.890856,-0.46,-0.02,2.22,0.11,-2.79,-0.14,997.39,0.10
2092,多头出场,2026-04-16 12:30,short,2354.92,0.8477,1999.876886,-3.61,-0.18,4.38,0.22,-8.12,-0.41,993.78,0.10
2092,多头进场,2026-04-16 12:00,long,2359.18,0.8477,1999.876886,-3.61,-0.18,4.38,0.22,-8.12,-0.41,993.78,0.10
2093,空头出场,2026-04-16 13:00,long,2358.11,0.8492,1999.798064,-2.71,-0.14,3.42,0.17,-4.37,-0.22,991.07,0.10
2093,空头进场,2026-04-16 12:30,short,2354.92,0.8492,1999.798064,-2.71,-0.14,3.42,0.17,-4.37,-0.22,991.07,0.10
2094,多头出场,2026-04-16 13:30,short,2357.28,0.8481,1999.913091,-0.7,-0.04,3.39,0.17,-1.63,-0.08,990.37,0.10
2094,多头进场,2026-04-16 13:00,long,2358.11,0.8481,1999.913091,-0.7,-0.04,3.39,0.17,-1.63,-0.08,990.37,0.10
2095,空头出场,2026-04-16 17:00,long,2347.15,0.8484,1999.916352,8.59,0.43,18.21,0.91,-3.35,-0.17,998.96,0.10
2095,空头进场,2026-04-16 13:30,short,2357.28,0.8484,1999.916352,8.59,0.43,18.21,0.91,-3.35,-0.17,998.96,0.10
2096,多头出场,2026-04-16 17:30,short,2338.9,0.852,1999.7718,-7.03,-0.35,0.52,0.03,-7.22,-0.36,991.93,0.10
2096,多头进场,2026-04-16 17:00,long,2347.15,0.852,1999.7718,-7.03,-0.35,0.52,0.03,-7.22,-0.36,991.93,0.10
2097,空头出场,2026-04-16 19:30,long,2336.52,0.8551,1999.99339,2.04,0.10,7.82,0.39,-1.68,-0.08,993.97,0.10
2097,空头进场,2026-04-16 17:30,short,2338.9,0.8551,1999.99339,2.04,0.10,7.82,0.39,-1.68,-0.08,993.97,0.10
2098,多头出场,2026-04-16 21:30,short,2309.06,0.8559,1999.827468,-23.5,-1.18,13.04,0.65,-36.12,-1.81,970.46,0.10
2098,多头进场,2026-04-16 19:30,long,2336.52,0.8559,1999.827468,-23.5,-1.18,13.04,0.65,-36.12,-1.81,970.46,0.10
2099,空头出场,2026-04-16 23:00,long,2320.41,0.8661,1999.876866,-9.83,-0.49,19.75,0.99,-18.73,-0.94,960.63,0.10
2099,空头进场,2026-04-16 21:30,short,2309.06,0.8661,1999.876866,-9.83,-0.49,19.75,0.99,-18.73,-0.94,960.63,0.10
2100,多头出场,2026-04-17 00:30,short,2317.45,0.8619,1999.961379,-2.55,-0.13,24.87,1.24,-8.12,-0.41,958.08,0.10
2100,多头进场,2026-04-16 23:00,long,2320.41,0.8619,1999.961379,-2.55,-0.13,24.87,1.24,-8.12,-0.41,958.08,0.10
2101,空头出场,2026-04-17 01:00,long,2325.72,0.863,1999.95935,-7.14,-0.36,5.59,0.28,-7.33,-0.37,950.95,0.10
2101,空头进场,2026-04-17 00:30,short,2317.45,0.863,1999.95935,-7.14,-0.36,5.59,0.28,-7.33,-0.37,950.95,0.10
2102,多头出场,2026-04-17 05:00,short,2341.51,0.8599,1999.886628,13.58,0.68,33.37,1.67,-5.62,-0.28,964.52,0.10
2102,多头进场,2026-04-17 01:00,long,2325.72,0.8599,1999.886628,13.58,0.68,33.37,1.67,-5.62,-0.28,964.52,0.10
2103,空头出场,2026-04-17 07:00,long,2349,0.8541,1999.883691,-6.4,-0.32,2.84,0.14,-10.07,-0.50,958.13,0.10
2103,空头进场,2026-04-17 05:00,short,2341.51,0.8541,1999.883691,-6.4,-0.32,2.84,0.14,-10.07,-0.50,958.13,0.10
2104,多头出场,2026-04-17 08:00,short,2346.59,0.8514,1999.9386,-2.05,-0.10,5.5,0.28,-6.1,-0.30,956.07,0.10
2104,多头进场,2026-04-17 07:00,long,2349,0.8514,1999.9386,-2.05,-0.10,5.5,0.28,-6.1,-0.30,956.07,0.10
2105,空头出场,2026-04-17 14:00,long,2326.57,0.8523,1999.998657,17.06,0.85,24.03,1.20,-3.87,-0.19,973.14,0.10
2105,空头进场,2026-04-17 08:00,short,2346.59,0.8523,1999.998657,17.06,0.85,24.03,1.20,-3.87,-0.19,973.14,0.10
2106,多头出场,2026-04-17 18:00,short,2343.48,0.8596,1999.919572,14.54,0.73,43.07,2.15,-1.4,-0.07,987.67,0.10
2106,多头进场,2026-04-17 14:00,long,2326.57,0.8596,1999.919572,14.54,0.73,43.07,2.15,-1.4,-0.07,987.67,0.10
2107,空头出场,2026-04-17 19:00,long,2352.64,0.8534,1999.925832,-7.82,-0.39,5.14,0.26,-9.65,-0.48,979.86,0.10
2107,空头进场,2026-04-17 18:00,short,2343.48,0.8534,1999.925832,-7.82,-0.39,5.14,0.26,-9.65,-0.48,979.86,0.10
2108,多头出场,2026-04-18 01:00,short,2429.26,0.8501,1999.979264,65.13,3.26,95.37,4.77,-2.36,-0.12,1044.99,0.10
2108,多头进场,2026-04-17 19:00,long,2352.64,0.8501,1999.979264,65.13,3.26,95.37,4.77,-2.36,-0.12,1044.99,0.10
2109,空头出场,2026-04-18 06:00,long,2432.23,0.8232,1999.766832,-2.44,-0.12,10.69,0.53,-12.89,-0.64,1042.55,0.10
2109,空头进场,2026-04-18 01:00,short,2429.26,0.8232,1999.766832,-2.44,-0.12,10.69,0.53,-12.89,-0.64,1042.55,0.10
2110,多头出场,2026-04-18 07:00,short,2422.24,0.8222,1999.779506,-8.21,-0.41,8.91,0.45,-12.68,-0.63,1034.33,0.10
2110,多头进场,2026-04-18 06:00,long,2432.23,0.8222,1999.779506,-8.21,-0.41,8.91,0.45,-12.68,-0.63,1034.33,0.10
2111,空头出场,2026-04-18 09:00,long,2424.59,0.8256,1999.801344,-1.94,-0.10,9.16,0.46,-4.89,-0.24,1032.39,0.10
2111,空头进场,2026-04-18 07:00,short,2422.24,0.8256,1999.801344,-1.94,-0.10,9.16,0.46,-4.89,-0.24,1032.39,0.10
2112,多头出场,2026-04-18 09:30,short,2421.79,0.8248,1999.801832,-2.31,-0.12,0.02,0.00,-4.47,-0.22,1030.08,0.10
2112,多头进场,2026-04-18 09:00,long,2424.59,0.8248,1999.801832,-2.31,-0.12,0.02,0.00,-4.47,-0.22,1030.08,0.10
2113,空头出场,2026-04-18 10:00,long,2422.81,0.8258,1999.914182,-0.84,-0.04,3.33,0.17,-3.06,-0.15,1029.24,0.10
2113,空头进场,2026-04-18 09:30,short,2421.79,0.8258,1999.914182,-0.84,-0.04,3.33,0.17,-3.06,-0.15,1029.24,0.10
2114,多头出场,2026-04-18 10:30,short,2420.03,0.8254,1999.787374,-2.29,-0.11,0.83,0.04,-2.36,-0.12,1026.95,0.10
2114,多头进场,2026-04-18 10:00,long,2422.81,0.8254,1999.787374,-2.29,-0.11,0.83,0.04,-2.36,-0.12,1026.95,0.10
2115,空头出场,2026-04-18 13:30,long,2409.65,0.8264,1999.912792,8.58,0.43,15.9,0.80,-0.14,-0.01,1035.52,0.10
2115,空头进场,2026-04-18 10:30,short,2420.03,0.8264,1999.912792,8.58,0.43,15.9,0.80,-0.14,-0.01,1035.52,0.10
2116,多头出场,2026-04-18 15:00,short,2406.99,0.8299,1999.768535,-2.21,-0.11,2.44,0.12,-2.8,-0.14,1033.32,0.10
2116,多头进场,2026-04-18 13:30,long,2409.65,0.8299,1999.768535,-2.21,-0.11,2.44,0.12,-2.8,-0.14,1033.32,0.10
2117,空头出场,2026-04-18 20:30,long,2358.73,0.8309,1999.967991,40.1,2.00,51,2.55,-0.67,-0.03,1073.42,0.11
2117,空头进场,2026-04-18 15:00,short,2406.99,0.8309,1999.967991,40.1,2.00,51,2.55,-0.67,-0.03,1073.42,0.11
2118,多头出场,2026-04-18 21:00,short,2354.53,0.8479,1999.967167,-3.56,-0.18,1.8,0.09,-5.23,-0.26,1069.85,0.11
2118,多头进场,2026-04-18 20:30,long,2358.73,0.8479,1999.967167,-3.56,-0.18,1.8,0.09,-5.23,-0.26,1069.85,0.11
2119,空头出场,2026-04-18 21:30,long,2355.95,0.8494,1999.937782,-1.21,-0.06,6.71,0.34,-3.23,-0.16,1068.65,0.11
2119,空头进场,2026-04-18 21:00,short,2354.53,0.8494,1999.937782,-1.21,-0.06,6.71,0.34,-3.23,-0.16,1068.65,0.11
2120,多头出场,2026-04-19 00:30,short,2361.62,0.8489,1999.965955,4.81,0.24,15.9,0.80,-4.3,-0.22,1073.46,0.11
2120,多头进场,2026-04-18 21:30,long,2355.95,0.8489,1999.965955,4.81,0.24,15.9,0.80,-4.3,-0.22,1073.46,0.11
2121,空头出场,2026-04-19 01:00,long,2362.59,0.8468,1999.819816,-0.82,-0.04,4.96,0.25,-1.47,-0.07,1072.64,0.11
2121,空头进场,2026-04-19 00:30,short,2361.62,0.8468,1999.819816,-0.82,-0.04,4.96,0.25,-1.47,-0.07,1072.64,0.11
2122,多头出场,2026-04-19 02:00,short,2356.09,0.8465,1999.932435,-5.5,-0.28,2.53,0.13,-6.32,-0.32,1067.14,0.11
2122,多头进场,2026-04-19 01:00,long,2362.59,0.8465,1999.932435,-5.5,-0.28,2.53,0.13,-6.32,-0.32,1067.14,0.11
2123,空头出场,2026-04-19 04:30,long,2353.33,0.8488,1999.849192,2.34,0.12,13.06,0.65,-0.3,-0.01,1069.48,0.11
2123,空头进场,2026-04-19 02:00,short,2356.09,0.8488,1999.849192,2.34,0.12,13.06,0.65,-0.3,-0.01,1069.48,0.11
2124,多头出场,2026-04-19 07:30,short,2351.04,0.8498,1999.859834,-1.95,-0.10,5.57,0.28,-4.06,-0.20,1067.53,0.11
2124,多头进场,2026-04-19 04:30,long,2353.33,0.8498,1999.859834,-1.95,-0.10,5.57,0.28,-4.06,-0.20,1067.53,0.11
2125,空头出场,2026-04-19 11:00,long,2344.36,0.8506,1999.794624,5.68,0.28,14.8,0.74,-4.58,-0.23,1073.22,0.11
2125,空头进场,2026-04-19 07:30,short,2351.04,0.8506,1999.794624,5.68,0.28,14.8,0.74,-4.58,-0.23,1073.22,0.11
2126,多头出场,2026-04-19 11:30,short,2340.86,0.8531,1999.973516,-2.99,-0.15,0.58,0.03,-3.68,-0.18,1070.23,0.11
2126,多头进场,2026-04-19 11:00,long,2344.36,0.8531,1999.973516,-2.99,-0.15,0.58,0.03,-3.68,-0.18,1070.23,0.11
2127,空头出场,2026-04-19 12:00,long,2342.95,0.8543,1999.796698,-1.79,-0.09,0.13,0.01,-5.39,-0.27,1068.44,0.11
2127,空头进场,2026-04-19 11:30,short,2340.86,0.8543,1999.796698,-1.79,-0.09,0.13,0.01,-5.39,-0.27,1068.44,0.11
2128,多头出场,2026-04-19 12:30,short,2334.41,0.8536,1999.94212,-7.29,-0.36,0.03,0.00,-16.59,-0.83,1061.16,0.11
2128,多头进场,2026-04-19 12:00,long,2342.95,0.8536,1999.94212,-7.29,-0.36,0.03,0.00,-16.59,-0.83,1061.16,0.11
2129,空头出场,2026-04-19 16:30,long,2319.74,0.8567,1999.889047,12.57,0.63,28.63,1.43,-4.49,-0.22,1073.72,0.11
2129,空头进场,2026-04-19 12:30,short,2334.41,0.8567,1999.889047,12.57,0.63,28.63,1.43,-4.49,-0.22,1073.72,0.11
2130,多头出场,2026-04-19 17:00,short,2316.28,0.8621,1999.847854,-2.98,-0.15,0.59,0.03,-7.41,-0.37,1070.74,0.11
2130,多头进场,2026-04-19 16:30,long,2319.74,0.8621,1999.847854,-2.98,-0.15,0.59,0.03,-7.41,-0.37,1070.74,0.11
2131,空头出场,2026-04-19 18:30,long,2319.04,0.8634,1999.876152,-2.38,-0.12,7.52,0.38,-4.11,-0.21,1068.36,0.11
2131,空头进场,2026-04-19 17:00,short,2316.28,0.8634,1999.876152,-2.38,-0.12,7.52,0.38,-4.11,-0.21,1068.36,0.11
2132,多头出场,2026-04-19 23:00,short,2336.16,0.8624,1999.940096,14.76,0.74,27.29,1.36,-0.36,-0.02,1083.12,0.11
2132,多头进场,2026-04-19 18:30,long,2319.04,0.8624,1999.940096,14.76,0.74,27.29,1.36,-0.36,-0.02,1083.12,0.11
2133,空头出场,2026-04-20 08:00,long,2277.6,0.8561,1999.986576,50.13,2.51,70.12,3.51,-0.7,-0.04,1133.25,0.11
2133,空头进场,2026-04-19 23:00,short,2336.16,0.8561,1999.986576,50.13,2.51,70.12,3.51,-0.7,-0.04,1133.25,0.11
2134,多头出场,2026-04-20 13:00,short,2267.11,0.8781,1999.96056,-9.21,-0.46,15.38,0.77,-10.19,-0.51,1124.04,0.11
2134,多头进场,2026-04-20 08:00,long,2277.6,0.8781,1999.96056,-9.21,-0.46,15.38,0.77,-10.19,-0.51,1124.04,0.11
2135,空头出场,2026-04-20 14:30,long,2286.86,0.8821,1999.817731,-17.42,-0.87,2.17,0.11,-20.12,-1.01,1106.62,0.11
2135,空头进场,2026-04-20 13:00,short,2267.11,0.8821,1999.817731,-17.42,-0.87,2.17,0.11,-20.12,-1.01,1106.62,0.11
2136,多头出场,2026-04-20 16:30,short,2295.19,0.8745,1999.85907,7.28,0.36,40.14,2.01,-2.38,-0.12,1113.91,0.11
2136,多头进场,2026-04-20 14:30,long,2286.86,0.8745,1999.85907,7.28,0.36,40.14,2.01,-2.38,-0.12,1113.91,0.11
2137,空头出场,2026-04-20 17:00,long,2305.57,0.8713,1999.799047,-9.04,-0.45,0.71,0.04,-11.31,-0.57,1104.86,0.11
2137,空头进场,2026-04-20 16:30,short,2295.19,0.8713,1999.799047,-9.04,-0.45,0.71,0.04,-11.31,-0.57,1104.86,0.11
2138,多头出场,2026-04-20 18:30,short,2304.45,0.8674,1999.851418,-0.97,-0.05,13.45,0.67,-1.08,-0.05,1103.89,0.11
2138,多头进场,2026-04-20 17:00,long,2305.57,0.8674,1999.851418,-0.97,-0.05,13.45,0.67,-1.08,-0.05,1103.89,0.11
2139,空头出场,2026-04-20 19:30,long,2309.64,0.8678,1999.80171,-4.5,-0.23,2.79,0.14,-7.65,-0.38,1099.39,0.11
2139,空头进场,2026-04-20 18:30,short,2304.45,0.8678,1999.80171,-4.5,-0.23,2.79,0.14,-7.65,-0.38,1099.39,0.11
2140,多头出场,2026-04-20 21:30,short,2312.06,0.8659,1999.917276,2.1,0.10,14.69,0.73,-5.33,-0.27,1101.48,0.11
2140,多头进场,2026-04-20 19:30,long,2309.64,0.8659,1999.917276,2.1,0.10,14.69,0.73,-5.33,-0.27,1101.48,0.11
2141,空头出场,2026-04-20 23:00,long,2318.74,0.865,1999.9319,-5.78,-0.29,27.58,1.38,-8.2,-0.41,1095.7,0.11
2141,空头进场,2026-04-20 21:30,short,2312.06,0.865,1999.9319,-5.78,-0.29,27.58,1.38,-8.2,-0.41,1095.7,0.11
2142,多头出场,2026-04-21 00:00,short,2304.97,0.8625,1999.91325,-11.88,-0.59,0,0.00,-14.87,-0.74,1083.83,0.11
2142,多头进场,2026-04-20 23:00,long,2318.74,0.8625,1999.91325,-11.88,-0.59,0,0.00,-14.87,-0.74,1083.83,0.11
2143,空头出场,2026-04-21 01:00,long,2315.44,0.8676,1999.791972,-9.08,-0.45,5.08,0.25,-15.92,-0.80,1074.74,0.11
2143,空头进场,2026-04-21 00:00,short,2304.97,0.8676,1999.791972,-9.08,-0.45,5.08,0.25,-15.92,-0.80,1074.74,0.11
2144,多头出场,2026-04-21 05:00,short,2320.94,0.8637,1999.845528,4.75,0.24,27.77,1.39,-5.47,-0.27,1079.49,0.11
2144,多头进场,2026-04-21 01:00,long,2315.44,0.8637,1999.845528,4.75,0.24,27.77,1.39,-5.47,-0.27,1079.49,0.11
2145,空头出场,2026-04-21 08:30,long,2322.99,0.8617,1999.953998,-1.77,-0.09,10.3,0.51,-7.35,-0.37,1077.73,0.11
2145,空头进场,2026-04-21 05:00,short,2320.94,0.8617,1999.953998,-1.77,-0.09,10.3,0.51,-7.35,-0.37,1077.73,0.11
2146,多头出场,2026-04-21 09:30,short,2316.15,0.8609,1999.862091,-5.89,-0.29,3.65,0.18,-7.89,-0.39,1071.84,0.11
2146,多头进场,2026-04-21 08:30,long,2322.99,0.8609,1999.862091,-5.89,-0.29,3.65,0.18,-7.89,-0.39,1071.84,0.11
2147,空头出场,2026-04-21 11:30,long,2312.69,0.8635,1999.995525,2.99,0.15,12.84,0.64,-0.47,-0.02,1074.83,0.11
2147,空头进场,2026-04-21 09:30,short,2316.15,0.8635,1999.995525,2.99,0.15,12.84,0.64,-0.47,-0.02,1074.83,0.11
2148,多头出场,2026-04-21 12:00,short,2309.28,0.8647,1999.783043,-2.95,-0.15,1.09,0.05,-6.5,-0.33,1071.88,0.11
2148,多头进场,2026-04-21 11:30,long,2312.69,0.8647,1999.783043,-2.95,-0.15,1.09,0.05,-6.5,-0.33,1071.88,0.11
2149,空头出场,2026-04-21 12:30,long,2315.65,0.866,1999.83648,-5.52,-0.28,2.75,0.14,-6.22,-0.31,1066.36,0.11
2149,空头进场,2026-04-21 12:00,short,2309.28,0.866,1999.83648,-5.52,-0.28,2.75,0.14,-6.22,-0.31,1066.36,0.11
2150,多头出场,2026-04-21 14:00,short,2310.97,0.8636,1999.79534,-4.04,-0.20,5.26,0.26,-5.67,-0.28,1062.32,0.11
2150,多头进场,2026-04-21 12:30,long,2315.65,0.8636,1999.79534,-4.04,-0.20,5.26,0.26,-5.67,-0.28,1062.32,0.11
2151,空头出场,2026-04-21 14:30,long,2318.46,0.8654,1999.913438,-6.48,-0.32,0,0.00,-14.58,-0.73,1055.84,0.11
2151,空头进场,2026-04-21 14:00,short,2310.97,0.8654,1999.913438,-6.48,-0.32,0,0.00,-14.58,-0.73,1055.84,0.11
2152,多头出场,2026-04-21 17:00,short,2320.79,0.8626,1999.903596,2.01,0.10,17.8,0.89,-4.67,-0.23,1057.85,0.11
2152,多头进场,2026-04-21 14:30,long,2318.46,0.8626,1999.903596,2.01,0.10,17.8,0.89,-4.67,-0.23,1057.85,0.11
2153,空头出场,2026-04-21 17:30,long,2326.44,0.8617,1999.824743,-4.87,-0.24,0.88,0.04,-5.41,-0.27,1052.98,0.11
2153,空头进场,2026-04-21 17:00,short,2320.79,0.8617,1999.824743,-4.87,-0.24,0.88,0.04,-5.41,-0.27,1052.98,0.11
2154,多头出场,2026-04-21 19:30,short,2321.42,0.8596,1999.807824,-4.32,-0.22,10.04,0.50,-7.8,-0.39,1048.66,0.10
2154,多头进场,2026-04-21 17:30,long,2326.44,0.8596,1999.807824,-4.32,-0.22,10.04,0.50,-7.8,-0.39,1048.66,0.10
2155,空头出场,2026-04-21 23:30,long,2311.23,0.8615,1999.90333,8.78,0.44,25.04,1.25,-5.71,-0.29,1057.44,0.11
2155,空头进场,2026-04-21 19:30,short,2321.42,0.8615,1999.90333,8.78,0.44,25.04,1.25,-5.71,-0.29,1057.44,0.11
2156,多头出场,2026-04-22 00:30,short,2308.62,0.8653,1999.907319,-2.26,-0.11,11.9,0.59,-2.92,-0.15,1055.18,0.11
2156,多头进场,2026-04-21 23:30,long,2311.23,0.8653,1999.907319,-2.26,-0.11,11.9,0.59,-2.92,-0.15,1055.18,0.11
2157,空头出场,2026-04-22 01:30,long,2307.26,0.8663,1999.957506,1.18,0.06,18.59,0.93,-9.11,-0.46,1056.36,0.11
2157,空头进场,2026-04-22 00:30,short,2308.62,0.8663,1999.957506,1.18,0.06,18.59,0.93,-9.11,-0.46,1056.36,0.11
2158,多头出场,2026-04-22 03:30,short,2299.18,0.8668,1999.932968,-7,-0.35,21.24,1.06,-16.22,-0.81,1049.36,0.10
2158,多头进场,2026-04-22 01:30,long,2307.26,0.8668,1999.932968,-7,-0.35,21.24,1.06,-16.22,-0.81,1049.36,0.10
2159,空头出场,2026-04-22 04:00,long,2319.13,0.8698,1999.826764,-17.35,-0.87,1.76,0.09,-23.08,-1.15,1032.01,0.10
2159,空头进场,2026-04-22 03:30,short,2299.18,0.8698,1999.826764,-17.35,-0.87,1.76,0.09,-23.08,-1.15,1032.01,0.10
2160,多头出场,2026-04-22 05:30,short,2313.6,0.8623,1999.785799,-4.77,-0.24,6.38,0.32,-6.92,-0.35,1027.24,0.10
2160,多头进场,2026-04-22 04:00,long,2319.13,0.8623,1999.785799,-4.77,-0.24,6.38,0.32,-6.92,-0.35,1027.24,0.10
2161,空头出场,2026-04-22 06:30,long,2312.5,0.8644,1999.87584,0.95,0.05,8.93,0.45,-3.56,-0.18,1028.19,0.10
2161,空头进场,2026-04-22 05:30,short,2313.6,0.8644,1999.87584,0.95,0.05,8.93,0.45,-3.56,-0.18,1028.19,0.10
2162,多头出场,2026-04-22 09:00,short,2315.04,0.8648,1999.85,2.2,0.11,16.02,0.80,-0.42,-0.02,1030.39,0.10
2162,多头进场,2026-04-22 06:30,long,2312.5,0.8648,1999.85,2.2,0.11,16.02,0.80,-0.42,-0.02,1030.39,0.10
2163,空头出场,2026-04-22 09:30,long,2323.13,0.8639,1999.963056,-6.99,-0.35,0.73,0.04,-9.55,-0.48,1023.4,0.10
2163,空头进场,2026-04-22 09:00,short,2315.04,0.8639,1999.963056,-6.99,-0.35,0.73,0.04,-9.55,-0.48,1023.4,0.10
2164,多头出场,2026-04-22 15:00,short,2387.79,0.8609,1999.982617,55.67,2.78,77.81,3.89,-1.89,-0.09,1079.06,0.11
2164,多头进场,2026-04-22 09:30,long,2323.13,0.8609,1999.982617,55.67,2.78,77.81,3.89,-1.89,-0.09,1079.06,0.11
2165,空头出场,2026-04-22 15:30,long,2390.6,0.8375,1999.774125,-2.35,-0.12,0.73,0.04,-5.93,-0.30,1076.71,0.11
2165,空头进场,2026-04-22 15:00,short,2387.79,0.8375,1999.774125,-2.35,-0.12,0.73,0.04,-5.93,-0.30,1076.71,0.11
2166,多头出场,2026-04-22 16:00,short,2386.58,0.8366,1999.97596,-3.36,-0.17,3.09,0.15,-3.46,-0.17,1073.35,0.11
2166,多头进场,2026-04-22 15:30,long,2390.6,0.8366,1999.97596,-3.36,-0.17,3.09,0.15,-3.46,-0.17,1073.35,0.11
2167,空头出场,2026-04-22 17:00,long,2394.31,0.838,1999.95404,-6.48,-0.32,2.39,0.12,-6.74,-0.34,1066.87,0.11
2167,空头进场,2026-04-22 16:00,short,2386.58,0.838,1999.95404,-6.48,-0.32,2.39,0.12,-6.74,-0.34,1066.87,0.11
2168,多头出场,2026-04-22 17:30,short,2388.32,0.8353,1999.967143,-5,-0.25,0.21,0.01,-7.18,-0.36,1061.86,0.11
2168,多头进场,2026-04-22 17:00,long,2394.31,0.8353,1999.967143,-5,-0.25,0.21,0.01,-7.18,-0.36,1061.86,0.11
2169,空头出场,2026-04-22 19:30,long,2399.13,0.8374,1999.979168,-9.05,-0.45,2.05,0.10,-10.72,-0.54,1052.81,0.11
2169,空头进场,2026-04-22 17:30,short,2388.32,0.8374,1999.979168,-9.05,-0.45,2.05,0.10,-10.72,-0.54,1052.81,0.11
2170,多头出场,2026-04-22 22:30,short,2404.03,0.8336,1999.914768,4.08,0.20,20.46,1.02,-5.13,-0.26,1056.9,0.11
2170,多头进场,2026-04-22 19:30,long,2399.13,0.8336,1999.914768,4.08,0.20,20.46,1.02,-5.13,-0.26,1056.9,0.11
2171,空头出场,2026-04-23 01:30,long,2399.78,0.8319,1999.912557,3.54,0.18,15.42,0.77,-8.48,-0.42,1060.43,0.11
2171,空头进场,2026-04-22 22:30,short,2404.03,0.8319,1999.912557,3.54,0.18,15.42,0.77,-8.48,-0.42,1060.43,0.11
2172,多头出场,2026-04-23 02:30,short,2397.56,0.8334,1999.976652,-1.85,-0.09,4.62,0.23,-3.33,-0.17,1058.58,0.11
2172,多头进场,2026-04-23 01:30,long,2399.78,0.8334,1999.976652,-1.85,-0.09,4.62,0.23,-3.33,-0.17,1058.58,0.11
2173,空头出场,2026-04-23 03:00,long,2405.61,0.8341,1999.804796,-6.71,-0.34,6.26,0.31,-8.59,-0.43,1051.87,0.11
2173,空头进场,2026-04-23 02:30,short,2397.56,0.8341,1999.804796,-6.71,-0.34,6.26,0.31,-8.59,-0.43,1051.87,0.11
2174,多头出场,2026-04-23 03:30,short,2398.36,0.8313,1999.783593,-6.03,-0.30,0.5,0.02,-10.21,-0.51,1045.84,0.10
2174,多头进场,2026-04-23 03:00,long,2405.61,0.8313,1999.783593,-6.03,-0.30,0.5,0.02,-10.21,-0.51,1045.84,0.10
2175,空头出场,2026-04-23 05:00,long,2397.65,0.8339,1999.992404,0.59,0.03,5.65,0.28,-3.8,-0.19,1046.43,0.10
2175,空头进场,2026-04-23 03:30,short,2398.36,0.8339,1999.992404,0.59,0.03,5.65,0.28,-3.8,-0.19,1046.43,0.10
2176,多头出场,2026-04-23 06:00,short,2397.75,0.8341,1999.879865,0.08,0.00,7.54,0.38,-0.68,-0.03,1046.52,0.10
2176,多头进场,2026-04-23 05:00,long,2397.65,0.8341,1999.879865,0.08,0.00,7.54,0.38,-0.68,-0.03,1046.52,0.10
2177,空头出场,2026-04-23 06:30,long,2401.09,0.8341,1999.963275,-2.79,-0.14,2.35,0.12,-2.84,-0.14,1043.73,0.10
2177,空头进场,2026-04-23 06:00,short,2397.75,0.8341,1999.963275,-2.79,-0.14,2.35,0.12,-2.84,-0.14,1043.73,0.10
2178,多头出场,2026-04-23 07:00,short,2387.15,0.8329,1999.867861,-11.61,-0.58,0,0.00,-16.04,-0.80,1032.12,0.10
2178,多头进场,2026-04-23 06:30,long,2401.09,0.8329,1999.867861,-11.61,-0.58,0,0.00,-16.04,-0.80,1032.12,0.10
2179,空头出场,2026-04-23 12:30,long,2348.78,0.8378,1999.95427,32.15,1.61,44.94,2.25,0,0.00,1064.27,0.11
2179,空头进场,2026-04-23 07:00,short,2387.15,0.8378,1999.95427,32.15,1.61,44.94,2.25,0,0.00,1064.27,0.11
2180,多头出场,2026-04-23 15:30,short,2345.32,0.8515,1999.98617,-2.95,-0.15,9.15,0.46,-6.16,-0.31,1061.32,0.11
2180,多头进场,2026-04-23 12:30,long,2348.78,0.8515,1999.98617,-2.95,-0.15,9.15,0.46,-6.16,-0.31,1061.32,0.11
2181,空头出场,2026-04-23 19:30,long,2330.04,0.8527,1999.854364,13.03,0.65,32.26,1.61,-0.5,-0.03,1074.35,0.11
2181,空头进场,2026-04-23 15:30,short,2345.32,0.8527,1999.854364,13.03,0.65,32.26,1.61,-0.5,-0.03,1074.35,0.11
2182,多头出场,2026-04-23 21:00,short,2324.18,0.8583,1999.873332,-5.03,-0.25,5.07,0.25,-7.06,-0.35,1069.32,0.11
2182,多头进场,2026-04-23 19:30,long,2330.04,0.8583,1999.873332,-5.03,-0.25,5.07,0.25,-7.06,-0.35,1069.32,0.11
2183,空头出场,2026-04-23 22:00,long,2328.07,0.8605,1999.95689,-3.35,-0.17,6.6,0.33,-9.14,-0.46,1065.97,0.11
2183,空头进场,2026-04-23 21:00,short,2324.18,0.8605,1999.95689,-3.35,-0.17,6.6,0.33,-9.14,-0.46,1065.97,0.11
2184,多头出场,2026-04-24 00:30,short,2327.27,0.859,1999.81213,-0.69,-0.03,13.53,0.68,-3.02,-0.15,1065.29,0.11
2184,多头进场,2026-04-23 22:00,long,2328.07,0.859,1999.81213,-0.69,-0.03,13.53,0.68,-3.02,-0.15,1065.29,0.11
2185,空头出场,2026-04-24 03:00,long,2314.66,0.8593,1999.823111,10.84,0.54,34.96,1.75,-2.5,-0.13,1076.12,0.11
2185,空头进场,2026-04-24 00:30,short,2327.27,0.8593,1999.823111,10.84,0.54,34.96,1.75,-2.5,-0.13,1076.12,0.11
2186,多头出场,2026-04-24 09:00,short,2322.43,0.864,1999.86624,6.71,0.34,21.51,1.08,-4.84,-0.24,1082.83,0.11
2186,多头进场,2026-04-24 03:00,long,2314.66,0.864,1999.86624,6.71,0.34,21.51,1.08,-4.84,-0.24,1082.83,0.11
2187,空头出场,2026-04-24 09:30,long,2333.69,0.8611,1999.844473,-9.7,-0.48,2.4,0.12,-10.57,-0.53,1073.14,0.11
2187,空头进场,2026-04-24 09:00,short,2322.43,0.8611,1999.844473,-9.7,-0.48,2.4,0.12,-10.57,-0.53,1073.14,0.11
2188,多头出场,2026-04-24 10:00,short,2325.8,0.857,1999.97233,-6.76,-0.34,1.82,0.09,-7.03,-0.35,1066.38,0.11
2188,多头进场,2026-04-24 09:30,long,2333.69,0.857,1999.97233,-6.76,-0.34,1.82,0.09,-7.03,-0.35,1066.38,0.11
2189,空头出场,2026-04-24 13:30,long,2315.66,0.8599,1999.95542,8.72,0.44,21.18,1.06,-4.53,-0.23,1075.1,0.11
2189,空头进场,2026-04-24 10:00,short,2325.8,0.8599,1999.95542,8.72,0.44,21.18,1.06,-4.53,-0.23,1075.1,0.11
2190,多头出场,2026-04-24 14:30,short,2309.98,0.8636,1999.803976,-4.91,-0.25,1.8,0.09,-5.17,-0.26,1070.19,0.11
2190,多头进场,2026-04-24 13:30,long,2315.66,0.8636,1999.803976,-4.91,-0.25,1.8,0.09,-5.17,-0.26,1070.19,0.11
2191,空头出场,2026-04-24 15:00,long,2314.98,0.8658,1999.980684,-4.33,-0.22,0.3,0.02,-6.3,-0.32,1065.86,0.11
2191,空头进场,2026-04-24 14:30,short,2309.98,0.8658,1999.980684,-4.33,-0.22,0.3,0.02,-6.3,-0.32,1065.86,0.11
2192,多头出场,2026-04-24 17:00,short,2309.24,0.8639,1999.911222,-4.96,-0.25,7.47,0.37,-8.62,-0.43,1060.9,0.11
2192,多头进场,2026-04-24 15:00,long,2314.98,0.8639,1999.911222,-4.96,-0.25,7.47,0.37,-8.62,-0.43,1060.9,0.11
2193,空头出场,2026-04-24 18:00,long,2314.64,0.866,1999.80184,-4.68,-0.23,2.09,0.10,-6.56,-0.33,1056.23,0.11
2193,空头进场,2026-04-24 17:00,short,2309.24,0.866,1999.80184,-4.68,-0.23,2.09,0.10,-6.56,-0.33,1056.23,0.11
2194,多头出场,2026-04-24 21:00,short,2324.32,0.864,1999.84896,8.36,0.42,15.91,0.80,-1.11,-0.06,1064.59,0.11
2194,多头进场,2026-04-24 18:00,long,2314.64,0.864,1999.84896,8.36,0.42,15.91,0.80,-1.11,-0.06,1064.59,0.11
2195,空头出场,2026-04-24 23:30,long,2324.67,0.8604,1999.844928,-0.3,-0.02,18.59,0.93,-5.11,-0.26,1064.29,0.11
2195,空头进场,2026-04-24 21:00,short,2324.32,0.8604,1999.844928,-0.3,-0.02,18.59,0.93,-5.11,-0.26,1064.29,0.11
2196,多头出场,2026-04-25 00:00,short,2316.27,0.8603,1999.913601,-7.23,-0.36,0.37,0.02,-10.14,-0.51,1057.06,0.11
2196,多头进场,2026-04-24 23:30,long,2324.67,0.8603,1999.913601,-7.23,-0.36,0.37,0.02,-10.14,-0.51,1057.06,0.11
2197,空头出场,2026-04-25 01:30,long,2320.44,0.8634,1999.867518,-3.6,-0.18,5.66,0.28,-5.34,-0.27,1053.46,0.11
2197,空头进场,2026-04-25 00:00,short,2316.27,0.8634,1999.867518,-3.6,-0.18,5.66,0.28,-5.34,-0.27,1053.46,0.11
2198,多头出场,2026-04-25 02:00,short,2315.43,0.8619,1999.987236,-4.32,-0.22,1.53,0.08,-8.3,-0.42,1049.14,0.10
2198,多头进场,2026-04-25 01:30,long,2320.44,0.8619,1999.987236,-4.32,-0.22,1.53,0.08,-8.3,-0.42,1049.14,0.10
2199,空头出场,2026-04-25 02:30,long,2320.75,0.8637,1999.836891,-4.59,-0.23,0.04,0.00,-4.91,-0.25,1044.55,0.10
2199,空头进场,2026-04-25 02:00,short,2315.43,0.8637,1999.836891,-4.59,-0.23,0.04,0.00,-4.91,-0.25,1044.55,0.10
2200,多头出场,2026-04-25 04:00,short,2317.69,0.8617,1999.790275,-2.64,-0.13,4.34,0.22,-3.79,-0.19,1041.91,0.10
2200,多头进场,2026-04-25 02:30,long,2320.75,0.8617,1999.790275,-2.64,-0.13,4.34,0.22,-3.79,-0.19,1041.91,0.10
2201,空头出场,2026-04-25 04:30,long,2327.34,0.8629,1999.934701,-8.33,-0.42,0.02,0.00,-9.68,-0.48,1033.59,0.10
2201,空头进场,2026-04-25 04:00,short,2317.69,0.8629,1999.934701,-8.33,-0.42,0.02,0.00,-9.68,-0.48,1033.59,0.10
2202,多头出场,2026-04-25 05:00,short,2318.19,0.8593,1999.883262,-7.86,-0.39,0.87,0.04,-9.71,-0.49,1025.72,0.10
2202,多头进场,2026-04-25 04:30,long,2327.34,0.8593,1999.883262,-7.86,-0.39,0.87,0.04,-9.71,-0.49,1025.72,0.10
2203,空头出场,2026-04-25 08:30,long,2316.56,0.8627,1999.902513,1.41,0.07,8.55,0.43,-1.03,-0.05,1027.13,0.10
2203,空头进场,2026-04-25 05:00,short,2318.19,0.8627,1999.902513,1.41,0.07,8.55,0.43,-1.03,-0.05,1027.13,0.10
2204,多头出场,2026-04-25 11:00,short,2317.16,0.8633,1999.886248,0.52,0.03,4.74,0.24,-0.85,-0.04,1027.65,0.10
2204,多头进场,2026-04-25 08:30,long,2316.56,0.8633,1999.886248,0.52,0.03,4.74,0.24,-0.85,-0.04,1027.65,0.10
2205,空头出场,2026-04-25 11:30,long,2319.26,0.8631,1999.940796,-1.81,-0.09,0.16,0.01,-2.61,-0.13,1025.83,0.10
2205,空头进场,2026-04-25 11:00,short,2317.16,0.8631,1999.940796,-1.81,-0.09,0.16,0.01,-2.61,-0.13,1025.83,0.10
2206,多头出场,2026-04-25 12:30,short,2317.58,0.8623,1999.897898,-1.45,-0.07,0.59,0.03,-1.98,-0.10,1024.39,0.10
2206,多头进场,2026-04-25 11:30,long,2319.26,0.8623,1999.897898,-1.45,-0.07,0.59,0.03,-1.98,-0.10,1024.39,0.10
2207,空头出场,2026-04-25 14:30,long,2316.89,0.8629,1999.839782,0.6,0.03,2.96,0.15,-0.71,-0.04,1024.98,0.10
2207,空头进场,2026-04-25 12:30,short,2317.58,0.8629,1999.839782,0.6,0.03,2.96,0.15,-0.71,-0.04,1024.98,0.10
2208,多头出场,2026-04-25 15:00,short,2316.66,0.8632,1999.939448,-0.2,-0.01,0.03,0.00,-1.56,-0.08,1024.78,0.10
2208,多头进场,2026-04-25 14:30,long,2316.89,0.8632,1999.939448,-0.2,-0.01,0.03,0.00,-1.56,-0.08,1024.78,0.10
2209,空头出场,2026-04-25 15:30,long,2317.43,0.8633,1999.972578,-0.66,-0.03,0.28,0.01,-2.36,-0.12,1024.12,0.10
2209,空头进场,2026-04-25 15:00,short,2316.66,0.8633,1999.972578,-0.66,-0.03,0.28,0.01,-2.36,-0.12,1024.12,0.10
2210,多头出场,2026-04-25 17:00,short,2318.14,0.863,1999.94209,0.61,0.03,3.72,0.19,-0.53,-0.03,1024.73,0.10
2210,多头进场,2026-04-25 15:30,long,2317.43,0.863,1999.94209,0.61,0.03,3.72,0.19,-0.53,-0.03,1024.73,0.10
2211,空头出场,2026-04-25 17:30,long,2319.91,0.8627,1999.859378,-1.53,-0.08,0.12,0.01,-5.02,-0.25,1023.2,0.10
2211,空头进场,2026-04-25 17:00,short,2318.14,0.8627,1999.859378,-1.53,-0.08,0.12,0.01,-5.02,-0.25,1023.2,0.10
2212,多头出场,2026-04-25 19:00,short,2315.93,0.8621,1999.994411,-3.43,-0.17,3.14,0.16,-4.72,-0.24,1019.77,0.10
2212,多头进场,2026-04-25 17:30,long,2319.91,0.8621,1999.994411,-3.43,-0.17,3.14,0.16,-4.72,-0.24,1019.77,0.10
2213,空头出场,2026-04-25 21:00,long,2317.3,0.8635,1999.805555,-1.18,-0.06,3.26,0.16,-1.93,-0.10,1018.59,0.10
2213,空头进场,2026-04-25 19:00,short,2315.93,0.8635,1999.805555,-1.18,-0.06,3.26,0.16,-1.93,-0.10,1018.59,0.10
2214,多头出场,2026-04-25 22:30,short,2316.85,0.863,1999.8299,-0.39,-0.02,1.96,0.10,-1.06,-0.05,1018.2,0.10
2214,多头进场,2026-04-25 21:00,long,2317.3,0.863,1999.8299,-0.39,-0.02,1.96,0.10,-1.06,-0.05,1018.2,0.10
2215,空头出场,2026-04-25 23:00,long,2318.64,0.8632,1999.90492,-1.55,-0.08,0.72,0.04,-1.8,-0.09,1016.66,0.10
2215,空头进场,2026-04-25 22:30,short,2316.85,0.8632,1999.90492,-1.55,-0.08,0.72,0.04,-1.8,-0.09,1016.66,0.10
2216,多头出场,2026-04-25 23:30,short,2308.98,0.8625,1999.827,-8.33,-0.42,0.6,0.03,-10.56,-0.53,1008.32,0.10
2216,多头进场,2026-04-25 23:00,long,2318.64,0.8625,1999.827,-8.33,-0.42,0.6,0.03,-10.56,-0.53,1008.32,0.10
2217,空头出场,2026-04-26 02:00,long,2312.88,0.8661,1999.807578,-3.38,-0.17,5.79,0.29,-4.57,-0.23,1004.95,0.10
2217,空头进场,2026-04-25 23:30,short,2308.98,0.8661,1999.807578,-3.38,-0.17,5.79,0.29,-4.57,-0.23,1004.95,0.10
2218,多头出场,2026-04-26 03:00,short,2309.85,0.8647,1999.947336,-2.62,-0.13,1.65,0.08,-2.64,-0.13,1002.33,0.10
2218,多头进场,2026-04-26 02:00,long,2312.88,0.8647,1999.947336,-2.62,-0.13,1.65,0.08,-2.64,-0.13,1002.33,0.10
2219,空头出场,2026-04-26 04:00,long,2312.3,0.8658,1999.86813,-2.12,-0.11,1.59,0.08,-2.59,-0.13,1000.2,0.10
2219,空头进场,2026-04-26 03:00,short,2309.85,0.8658,1999.86813,-2.12,-0.11,1.59,0.08,-2.59,-0.13,1000.2,0.10
2220,多头出场,2026-04-26 08:00,short,2316.04,0.8649,1999.90827,3.23,0.16,7.74,0.39,-0.61,-0.03,1003.44,0.10
2220,多头进场,2026-04-26 04:00,long,2312.3,0.8649,1999.90827,3.23,0.16,7.74,0.39,-0.61,-0.03,1003.44,0.10
2221,空头出场,2026-04-26 10:00,long,2318.26,0.8635,1999.90054,-1.92,-0.10,2.12,0.11,-2.54,-0.13,1001.52,0.10
2221,空头进场,2026-04-26 08:00,short,2316.04,0.8635,1999.90054,-1.92,-0.10,2.12,0.11,-2.54,-0.13,1001.52,0.10
2222,多头出场,2026-04-26 10:30,short,2315.96,0.8627,1999.962902,-1.98,-0.10,0.85,0.04,-2.45,-0.12,999.54,0.10
2222,多头进场,2026-04-26 10:00,long,2318.26,0.8627,1999.962902,-1.98,-0.10,0.85,0.04,-2.45,-0.12,999.54,0.10
2223,空头出场,2026-04-26 12:30,long,2318.53,0.8635,1999.83146,-2.22,-0.11,7.23,0.36,-3.94,-0.20,997.32,0.10
2223,空头进场,2026-04-26 10:30,short,2315.96,0.8635,1999.83146,-2.22,-0.11,7.23,0.36,-3.94,-0.20,997.32,0.10
2224,多头出场,2026-04-26 18:30,short,2333.71,0.8626,1999.963978,13.09,0.65,17.03,0.85,-0.08,0.00,1010.41,0.10
2224,多头进场,2026-04-26 12:30,long,2318.53,0.8626,1999.963978,13.09,0.65,17.03,0.85,-0.08,0.00,1010.41,0.10
2225,空头出场,2026-04-26 19:00,long,2337.12,0.857,1999.98947,-2.92,-0.15,0.12,0.01,-3.8,-0.19,1007.49,0.10
2225,空头进场,2026-04-26 18:30,short,2333.71,0.857,1999.98947,-2.92,-0.15,0.12,0.01,-3.8,-0.19,1007.49,0.10
2226,多头出场,2026-04-26 20:00,short,2332.11,0.8557,1999.873584,-4.29,-0.21,0.92,0.05,-5.54,-0.28,1003.2,0.10
2226,多头进场,2026-04-26 19:00,long,2337.12,0.8557,1999.873584,-4.29,-0.21,0.92,0.05,-5.54,-0.28,1003.2,0.10
2227,空头出场,2026-04-26 21:30,long,2335.98,0.8575,1999.784325,-3.32,-0.17,4.78,0.24,-3.88,-0.19,999.89,0.10
2227,空头进场,2026-04-26 20:00,short,2332.11,0.8575,1999.784325,-3.32,-0.17,4.78,0.24,-3.88,-0.19,999.89,0.10
2228,多头出场,2026-04-27 00:30,short,2343.74,0.8561,1999.832478,6.64,0.33,14.07,0.70,-1.33,-0.07,1006.53,0.10
2228,多头进场,2026-04-26 21:30,long,2335.98,0.8561,1999.832478,6.64,0.33,14.07,0.70,-1.33,-0.07,1006.53,0.10
2229,空头出场,2026-04-27 01:00,long,2347.1,0.8533,1999.913342,-2.87,-0.14,2.03,0.10,-3.79,-0.19,1003.66,0.10
2229,空头进场,2026-04-27 00:30,short,2343.74,0.8533,1999.913342,-2.87,-0.14,2.03,0.10,-3.79,-0.19,1003.66,0.10
2230,多头出场,2026-04-27 04:30,short,2363.96,0.8521,1999.96391,14.37,0.72,25.06,1.25,-1.88,-0.09,1018.03,0.10
2230,多头进场,2026-04-27 01:00,long,2347.1,0.8521,1999.96391,14.37,0.72,25.06,1.25,-1.88,-0.09,1018.03,0.10
2231,空头出场,2026-04-27 05:00,long,2366.26,0.846,1999.91016,-1.95,-0.10,0.51,0.03,-4.92,-0.25,1016.08,0.10
2231,空头进场,2026-04-27 04:30,short,2363.96,0.846,1999.91016,-1.95,-0.10,0.51,0.03,-4.92,-0.25,1016.08,0.10
2232,多头出场,2026-04-27 05:30,short,2365.57,0.8452,1999.962952,-0.58,-0.03,3.63,0.18,-13.62,-0.68,1015.5,0.10
2232,多头进场,2026-04-27 05:00,long,2366.26,0.8452,1999.962952,-0.58,-0.03,3.63,0.18,-13.62,-0.68,1015.5,0.10
2233,空头出场,2026-04-27 06:00,long,2368.91,0.8454,1999.852878,-2.82,-0.14,1.56,0.08,-12.38,-0.62,1012.68,0.10
2233,空头进场,2026-04-27 05:30,short,2365.57,0.8454,1999.852878,-2.82,-0.14,1.56,0.08,-12.38,-0.62,1012.68,0.10
2234,多头出场,2026-04-27 06:30,short,2362.69,0.8442,1999.833822,-5.25,-0.26,0,0.00,-12.07,-0.60,1007.42,0.10
2234,多头进场,2026-04-27 06:00,long,2368.91,0.8442,1999.833822,-5.25,-0.26,0,0.00,-12.07,-0.60,1007.42,0.10
2235,空头出场,2026-04-27 07:30,long,2370.3,0.8464,1999.780816,-6.44,-0.32,4.28,0.21,-13.87,-0.69,1000.98,0.10
2235,空头进场,2026-04-27 06:30,short,2362.69,0.8464,1999.780816,-6.44,-0.32,4.28,0.21,-13.87,-0.69,1000.98,0.10
2236,多头出场,2026-04-27 08:00,short,2363.92,0.8437,1999.82211,-5.38,-0.27,5.31,0.27,-8.15,-0.41,995.6,0.10
2236,多头进场,2026-04-27 07:30,long,2370.3,0.8437,1999.82211,-5.38,-0.27,5.31,0.27,-8.15,-0.41,995.6,0.10
2237,空头出场,2026-04-27 08:30,long,2389.84,0.846,1999.87632,-21.93,-1.10,1.91,0.10,-23.26,-1.16,973.67,0.10
2237,空头进场,2026-04-27 08:00,short,2363.92,0.846,1999.87632,-21.93,-1.10,1.91,0.10,-23.26,-1.16,973.67,0.10
2238,多头出场,2026-04-27 12:00,short,2392.12,0.8368,1999.818112,1.91,0.10,12.44,0.62,-9.31,-0.47,975.58,0.10
2238,多头进场,2026-04-27 08:30,long,2389.84,0.8368,1999.818112,1.91,0.10,12.44,0.62,-9.31,-0.47,975.58,0.10
2239,空头出场,2026-04-27 17:00,long,2320.1,0.836,1999.81232,60.21,3.01,68.4,3.42,-0.48,-0.02,1035.79,0.10
2239,空头进场,2026-04-27 12:00,short,2392.12,0.836,1999.81232,60.21,3.01,68.4,3.42,-0.48,-0.02,1035.79,0.10
2240,多头出场,2026-04-27 20:00,short,2317.21,0.862,1999.9262,-2.49,-0.12,5.33,0.27,-3.54,-0.18,1033.3,0.10
2240,多头进场,2026-04-27 17:00,long,2320.1,0.862,1999.9262,-2.49,-0.12,5.33,0.27,-3.54,-0.18,1033.3,0.10
2241,空头出场,2026-04-27 22:30,long,2315.4,0.8631,1999.983951,1.56,0.08,10.84,0.54,-11.15,-0.56,1034.86,0.10
2241,空头进场,2026-04-27 20:00,short,2317.21,0.8631,1999.983951,1.56,0.08,10.84,0.54,-11.15,-0.56,1034.86,0.10
2242,多头出场,2026-04-27 23:00,short,2276.93,0.8637,1999.81098,-33.23,-1.66,0.35,0.02,-41.35,-2.07,1001.63,0.10
2242,多头进场,2026-04-27 22:30,long,2315.4,0.8637,1999.81098,-33.23,-1.66,0.35,0.02,-41.35,-2.07,1001.63,0.10
2243,空头出场,2026-04-28 01:00,long,2288.92,0.8783,1999.827619,-10.53,-0.53,4.93,0.25,-12.25,-0.61,991.1,0.10
2243,空头进场,2026-04-27 23:00,short,2276.93,0.8783,1999.827619,-10.53,-0.53,4.93,0.25,-12.25,-0.61,991.1,0.10
2244,多头出场,2026-04-28 03:00,short,2281.4,0.8737,1999.829404,-6.57,-0.33,3.92,0.20,-6.76,-0.34,984.53,0.10
2244,多头进场,2026-04-28 01:00,long,2288.92,0.8737,1999.829404,-6.57,-0.33,3.92,0.20,-6.76,-0.34,984.53,0.10
2245,空头出场,2026-04-28 03:30,long,2289.86,0.8766,1999.87524,-7.42,-0.37,4.5,0.22,-7.42,-0.37,977.12,0.10
2245,空头进场,2026-04-28 03:00,short,2281.4,0.8766,1999.87524,-7.42,-0.37,4.5,0.22,-7.42,-0.37,977.12,0.10
2246,多头出场,2026-04-28 05:30,short,2288.2,0.8734,1999.963724,-1.45,-0.07,6.25,0.31,-1.76,-0.09,975.67,0.10
2246,多头进场,2026-04-28 03:30,long,2289.86,0.8734,1999.963724,-1.45,-0.07,6.25,0.31,-1.76,-0.09,975.67,0.10
2247,空头出场,2026-04-28 06:00,long,2292.66,0.874,1999.8868,-3.9,-0.19,2.19,0.11,-3.9,-0.19,971.77,0.10
2247,空头进场,2026-04-28 05:30,short,2288.2,0.874,1999.8868,-3.9,-0.19,2.19,0.11,-3.9,-0.19,971.77,0.10
2248,多头出场,2026-04-28 09:30,short,2298.25,0.8723,1999.887318,4.88,0.24,15.49,0.77,-0.67,-0.03,976.64,0.10
2248,多头进场,2026-04-28 06:00,long,2292.66,0.8723,1999.887318,4.88,0.24,15.49,0.77,-0.67,-0.03,976.64,0.10
2249,空头出场,2026-04-28 13:00,long,2294.16,0.8702,1999.93715,3.56,0.18,14.77,0.74,-1.99,-0.10,980.2,0.10
2249,空头进场,2026-04-28 09:30,short,2298.25,0.8702,1999.93715,3.56,0.18,14.77,0.74,-1.99,-0.10,980.2,0.10
2250,多头出场,2026-04-28 13:30,short,2287.8,0.8717,1999.819272,-5.54,-0.28,0.29,0.01,-6.68,-0.33,974.66,0.10
2250,多头进场,2026-04-28 13:00,long,2294.16,0.8717,1999.819272,-5.54,-0.28,0.29,0.01,-6.68,-0.33,974.66,0.10
2251,空头出场,2026-04-28 15:30,long,2287.61,0.8742,1999.99476,0.17,0.01,15.38,0.77,-2.48,-0.12,974.83,0.10
2251,空头进场,2026-04-28 13:30,short,2287.8,0.8742,1999.99476,0.17,0.01,15.38,0.77,-2.48,-0.12,974.83,0.10
2252,多头出场,2026-04-28 17:30,short,2281.95,0.8742,1999.828662,-4.95,-0.25,3.04,0.15,-9.64,-0.48,969.88,0.10
2252,多头进场,2026-04-28 15:30,long,2287.61,0.8742,1999.828662,-4.95,-0.25,3.04,0.15,-9.64,-0.48,969.88,0.10
2253,空头出场,2026-04-28 18:30,long,2284.1,0.8764,1999.90098,-1.88,-0.09,1.26,0.06,-4.44,-0.22,967.99,0.10
2253,空头进场,2026-04-28 17:30,short,2281.95,0.8764,1999.90098,-1.88,-0.09,1.26,0.06,-4.44,-0.22,967.99,0.10
2254,多头出场,2026-04-28 19:00,short,2276.28,0.8756,1999.95796,-6.85,-0.34,0.62,0.03,-9.54,-0.48,961.15,0.10
2254,多头进场,2026-04-28 18:30,long,2284.1,0.8756,1999.95796,-6.85,-0.34,0.62,0.03,-9.54,-0.48,961.15,0.10
2255,空头出场,2026-04-28 20:30,long,2277.82,0.8786,1999.939608,-1.35,-0.07,5.32,0.27,-3.38,-0.17,959.79,0.10
2255,空头进场,2026-04-28 19:00,short,2276.28,0.8786,1999.939608,-1.35,-0.07,5.32,0.27,-3.38,-0.17,959.79,0.10
2256,多头出场,2026-04-28 21:00,short,2271.9,0.878,1999.92596,-5.2,-0.26,0.04,0.00,-17.09,-0.85,954.6,0.10
2256,多头进场,2026-04-28 20:30,long,2277.82,0.878,1999.92596,-5.2,-0.26,0.04,0.00,-17.09,-0.85,954.6,0.10
2257,空头出场,2026-04-28 21:30,long,2276.02,0.8803,1999.95357,-3.63,-0.18,5.66,0.28,-11.79,-0.59,950.97,0.10
2257,空头进场,2026-04-28 21:00,short,2271.9,0.8803,1999.95357,-3.63,-0.18,5.66,0.28,-11.79,-0.59,950.97,0.10
2258,多头出场,2026-04-28 22:00,short,2266.7,0.8787,1999.938774,-8.19,-0.41,0.17,0.01,-10.9,-0.55,942.78,0.09
2258,多头进场,2026-04-28 21:30,long,2276.02,0.8787,1999.938774,-8.19,-0.41,0.17,0.01,-10.9,-0.55,942.78,0.09
2259,空头出场,2026-04-28 22:30,long,2273.05,0.8823,1999.90941,-5.6,-0.28,5.18,0.26,-5.6,-0.28,937.18,0.09
2259,空头进场,2026-04-28 22:00,short,2266.7,0.8823,1999.90941,-5.6,-0.28,5.18,0.26,-5.6,-0.28,937.18,0.09
2260,多头出场,2026-04-29 04:30,short,2295.2,0.8798,1999.82939,19.49,0.97,28.24,1.41,-3.38,-0.17,956.66,0.10
2260,多头进场,2026-04-28 22:30,long,2273.05,0.8798,1999.82939,19.49,0.97,28.24,1.41,-3.38,-0.17,956.66,0.10
2261,空头出场,2026-04-29 08:30,long,2292.04,0.8713,1999.80776,2.75,0.14,9.89,0.49,-1.45,-0.07,959.42,0.10
2261,空头进场,2026-04-29 04:30,short,2295.2,0.8713,1999.80776,2.75,0.14,9.89,0.49,-1.45,-0.07,959.42,0.10
2262,多头出场,2026-04-29 09:00,short,2281.69,0.8725,1999.8049,-9.03,-0.45,0.04,0.00,-10.28,-0.51,950.39,0.10
2262,多头进场,2026-04-29 08:30,long,2292.04,0.8725,1999.8049,-9.03,-0.45,0.04,0.00,-10.28,-0.51,950.39,0.10
2263,空头出场,2026-04-29 09:30,long,2292.11,0.8765,1999.901285,-9.13,-0.46,2.53,0.13,-13.04,-0.65,941.25,0.09
2263,空头进场,2026-04-29 09:00,short,2281.69,0.8765,1999.901285,-9.13,-0.46,2.53,0.13,-13.04,-0.65,941.25,0.09
2264,多头出场,2026-04-29 10:30,short,2288.33,0.8725,1999.865975,-3.3,-0.16,2.69,0.13,-6.73,-0.34,937.96,0.09
2264,多头进场,2026-04-29 09:30,long,2292.11,0.8725,1999.865975,-3.3,-0.16,2.69,0.13,-6.73,-0.34,937.96,0.09
2265,空头出场,2026-04-29 11:00,long,2300.43,0.8739,1999.771587,-10.57,-0.53,0.87,0.04,-11.64,-0.58,927.38,0.09
2265,空头进场,2026-04-29 10:30,short,2288.33,0.8739,1999.771587,-10.57,-0.53,0.87,0.04,-11.64,-0.58,927.38,0.09
2266,多头出场,2026-04-29 15:00,short,2322.96,0.8694,1999.993842,19.59,0.98,36.03,1.80,-2.09,-0.10,946.97,0.09
2266,多头进场,2026-04-29 11:00,long,2300.43,0.8694,1999.993842,19.59,0.98,36.03,1.80,-2.09,-0.10,946.97,0.09
2267,空头出场,2026-04-29 16:00,long,2325.93,0.8609,1999.836264,-2.56,-0.13,1.75,0.09,-6.01,-0.30,944.41,0.09
2267,空头进场,2026-04-29 15:00,short,2322.96,0.8609,1999.836264,-2.56,-0.13,1.75,0.09,-6.01,-0.30,944.41,0.09
2268,多头出场,2026-04-29 16:30,short,2325.01,0.8598,1999.834614,-0.79,-0.04,0,0.00,-3.96,-0.20,943.62,0.09
2268,多头进场,2026-04-29 16:00,long,2325.93,0.8598,1999.834614,-0.79,-0.04,0,0.00,-3.96,-0.20,943.62,0.09
2269,空头出场,2026-04-29 17:00,long,2327.38,0.8602,1999.973602,-2.04,-0.10,2.25,0.11,-4.34,-0.22,941.58,0.09
2269,空头进场,2026-04-29 16:30,short,2325.01,0.8602,1999.973602,-2.04,-0.10,2.25,0.11,-4.34,-0.22,941.58,0.09
2270,多头出场,2026-04-29 18:30,short,2333.23,0.8593,1999.917634,5.03,0.25,16.11,0.81,-0.12,-0.01,946.61,0.09
2270,多头进场,2026-04-29 17:00,long,2327.38,0.8593,1999.917634,5.03,0.25,16.11,0.81,-0.12,-0.01,946.61,0.09
2271,空头出场,2026-04-30 01:30,long,2282.23,0.8571,1999.811433,43.71,2.19,60.01,3.00,-1.95,-0.10,990.32,0.10
2271,空头进场,2026-04-29 18:30,short,2333.23,0.8571,1999.811433,43.71,2.19,60.01,3.00,-1.95,-0.10,990.32,0.10
2272,多头出场,2026-04-30 02:00,short,2231.76,0.8763,1999.918149,-44.23,-2.21,2.36,0.12,-48.76,-2.44,946.1,0.09
2272,多头进场,2026-04-30 01:30,long,2282.23,0.8763,1999.918149,-44.23,-2.21,2.36,0.12,-48.76,-2.44,946.1,0.09
2273,空头出场,2026-04-30 04:30,long,2240.35,0.8961,1999.880136,-7.7,-0.38,9.81,0.49,-14.76,-0.74,938.4,0.09
2273,空头进场,2026-04-30 02:00,short,2231.76,0.8961,1999.880136,-7.7,-0.38,9.81,0.49,-14.76,-0.74,938.4,0.09
2274,多头出场,2026-04-30 10:00,short,2262.23,0.8927,1999.960445,19.53,0.98,33.75,1.69,-1.64,-0.08,957.93,0.10
2274,多头进场,2026-04-30 04:30,long,2240.35,0.8927,1999.960445,19.53,0.98,33.75,1.69,-1.64,-0.08,957.93,0.10
2275,空头出场,2026-04-30 14:00,long,2245.93,0.884,1999.81132,14.41,0.72,27.46,1.37,0,0.00,972.34,0.10
2275,空头进场,2026-04-30 10:00,short,2262.23,0.884,1999.81132,14.41,0.72,27.46,1.37,0,0.00,972.34,0.10
2276,多头出场,2026-04-30 18:00,short,2255.92,0.8904,1999.776072,8.9,0.44,21.57,1.08,-2.23,-0.11,981.23,0.10
2276,多头进场,2026-04-30 14:00,long,2245.93,0.8904,1999.776072,8.9,0.44,21.57,1.08,-2.23,-0.11,981.23,0.10
2277,空头出场,2026-04-30 18:30,long,2260.98,0.8865,1999.87308,-4.49,-0.22,0,0.00,-5.85,-0.29,976.75,0.10
2277,空头进场,2026-04-30 18:00,short,2255.92,0.8865,1999.87308,-4.49,-0.22,0,0.00,-5.85,-0.29,976.75,0.10
2278,多头出场,2026-04-30 19:30,short,2257.34,0.8845,1999.83681,-3.22,-0.16,9.9,0.49,-8.16,-0.41,973.53,0.10
2278,多头进场,2026-04-30 18:30,long,2260.98,0.8845,1999.83681,-3.22,-0.16,9.9,0.49,-8.16,-0.41,973.53,0.10
2279,空头出场,2026-04-30 20:00,long,2266.17,0.8859,1999.777506,-7.82,-0.39,0.37,0.02,-11.27,-0.56,965.71,0.10
2279,空头进场,2026-04-30 19:30,short,2257.34,0.8859,1999.777506,-7.82,-0.39,0.37,0.02,-11.27,-0.56,965.71,0.10
2280,多头出场,2026-04-30 21:00,short,2258.17,0.8825,1999.895025,-7.06,-0.35,1.58,0.08,-8.3,-0.41,958.65,0.10
2280,多头进场,2026-04-30 20:00,long,2266.17,0.8825,1999.895025,-7.06,-0.35,1.58,0.08,-8.3,-0.41,958.65,0.10
2281,空头出场,2026-04-30 21:30,long,2263.09,0.8856,1999.835352,-4.36,-0.22,3.68,0.18,-11.65,-0.58,954.29,0.10
2281,空头进场,2026-04-30 21:00,short,2258.17,0.8856,1999.835352,-4.36,-0.22,3.68,0.18,-11.65,-0.58,954.29,0.10
2282,多头出场,2026-04-30 22:00,short,2257.55,0.8837,1999.892633,-4.9,-0.24,6.01,0.30,-14.93,-0.75,949.39,0.09
2282,多头进场,2026-04-30 21:30,long,2263.09,0.8837,1999.892633,-4.9,-0.24,6.01,0.30,-14.93,-0.75,949.39,0.09
2283,空头出场,2026-04-30 23:00,long,2266.58,0.8859,1999.963545,-8,-0.40,3.25,0.16,-8.32,-0.42,941.39,0.09
2283,空头进场,2026-04-30 22:00,short,2257.55,0.8859,1999.963545,-8,-0.40,3.25,0.16,-8.32,-0.42,941.39,0.09
2284,多头出场,2026-05-01 00:00,short,2261.06,0.8823,1999.803534,-4.87,-0.24,6.64,0.33,-7.01,-0.35,936.52,0.09
2284,多头进场,2026-04-30 23:00,long,2266.58,0.8823,1999.803534,-4.87,-0.24,6.64,0.33,-7.01,-0.35,936.52,0.09
2285,空头出场,2026-05-01 02:30,long,2259.02,0.8845,1999.90757,1.8,0.09,8.96,0.45,-2.94,-0.15,938.33,0.09
2285,空头进场,2026-05-01 00:00,short,2261.06,0.8845,1999.90757,1.8,0.09,8.96,0.45,-2.94,-0.15,938.33,0.09
2286,多头出场,2026-05-01 05:00,short,2256.63,0.8853,1999.910406,-2.12,-0.11,6.44,0.32,-2.29,-0.11,936.21,0.09
2286,多头进场,2026-05-01 02:30,long,2259.02,0.8853,1999.910406,-2.12,-0.11,6.44,0.32,-2.29,-0.11,936.21,0.09
2287,空头出场,2026-05-01 06:00,long,2259.95,0.8862,1999.825506,-2.94,-0.15,2.8,0.14,-3.43,-0.17,933.27,0.09
2287,空头进场,2026-05-01 05:00,short,2256.63,0.8862,1999.825506,-2.94,-0.15,2.8,0.14,-3.43,-0.17,933.27,0.09
2288,多头出场,2026-05-01 06:30,short,2253.28,0.8849,1999.829755,-5.9,-0.30,0.01,0.00,-7.24,-0.36,927.37,0.09
2288,多头进场,2026-05-01 06:00,long,2259.95,0.8849,1999.829755,-5.9,-0.30,0.01,0.00,-7.24,-0.36,927.37,0.09
2289,空头出场,2026-05-01 08:00,long,2261.16,0.8875,1999.786,-6.99,-0.35,0.12,0.01,-10.36,-0.52,920.37,0.09
2289,空头进场,2026-05-01 06:30,short,2253.28,0.8875,1999.786,-6.99,-0.35,0.12,0.01,-10.36,-0.52,920.37,0.09
2290,多头出场,2026-05-01 14:30,short,2276.77,0.8845,1999.99602,13.81,0.69,28.89,1.44,-2.97,-0.15,934.18,0.09
2290,多头进场,2026-05-01 08:00,long,2261.16,0.8845,1999.99602,13.81,0.69,28.89,1.44,-2.97,-0.15,934.18,0.09
2291,空头出场,2026-05-01 16:00,long,2285.34,0.8784,1999.914768,-7.53,-0.38,3.94,0.20,-9.39,-0.47,926.65,0.09
2291,空头进场,2026-05-01 14:30,short,2276.77,0.8784,1999.914768,-7.53,-0.38,3.94,0.20,-9.39,-0.47,926.65,0.09
2292,多头出场,2026-05-01 17:30,short,2281,0.8751,1999.901034,-3.8,-0.19,0.62,0.03,-5.64,-0.28,922.86,0.09
2292,多头进场,2026-05-01 16:00,long,2285.34,0.8751,1999.901034,-3.8,-0.19,0.62,0.03,-5.64,-0.28,922.86,0.09
2293,空头出场,2026-05-01 19:00,long,2283.84,0.8768,1999.9808,-2.49,-0.12,4.16,0.21,-9.36,-0.47,920.37,0.09
2293,空头进场,2026-05-01 17:30,short,2281,0.8768,1999.9808,-2.49,-0.12,4.16,0.21,-9.36,-0.47,920.37,0.09
2294,多头出场,2026-05-01 23:30,short,2306.83,0.8757,1999.958688,20.13,1.01,35.04,1.75,-1.33,-0.07,940.5,0.09
2294,多头进场,2026-05-01 19:00,long,2283.84,0.8757,1999.958688,20.13,1.01,35.04,1.75,-1.33,-0.07,940.5,0.09
2295,空头出场,2026-05-02 01:30,long,2310.81,0.8669,1999.790927,-3.45,-0.17,8.33,0.42,-5.48,-0.27,937.05,0.09
2295,空头进场,2026-05-01 23:30,short,2306.83,0.8669,1999.790927,-3.45,-0.17,8.33,0.42,-5.48,-0.27,937.05,0.09
2296,多头出场,2026-05-02 02:30,short,2303.63,0.8654,1999.774974,-6.21,-0.31,0.29,0.01,-6.95,-0.35,930.83,0.09
2296,多头进场,2026-05-02 01:30,long,2310.81,0.8654,1999.774974,-6.21,-0.31,0.29,0.01,-6.95,-0.35,930.83,0.09
2297,空头出场,2026-05-02 06:00,long,2295.93,0.8681,1999.781203,6.68,0.33,21.98,1.10,-2.7,-0.14,937.52,0.09
2297,空头进场,2026-05-02 02:30,short,2303.63,0.8681,1999.781203,6.68,0.33,21.98,1.10,-2.7,-0.14,937.52,0.09
2298,多头出场,2026-05-02 06:30,short,2292.43,0.8711,1999.984623,-3.05,-0.15,0.64,0.03,-5.22,-0.26,934.47,0.09
2298,多头进场,2026-05-02 06:00,long,2295.93,0.8711,1999.984623,-3.05,-0.15,0.64,0.03,-5.22,-0.26,934.47,0.09
2299,空头出场,2026-05-02 07:30,long,2294.65,0.8724,1999.915932,-1.94,-0.10,3.8,0.19,-2.22,-0.11,932.53,0.09
2299,空头进场,2026-05-02 06:30,short,2292.43,0.8724,1999.915932,-1.94,-0.10,3.8,0.19,-2.22,-0.11,932.53,0.09
2300,多头出场,2026-05-02 10:00,short,2295.33,0.8715,1999.787475,0.59,0.03,4.92,0.25,-1.77,-0.09,933.13,0.09
2300,多头进场,2026-05-02 07:30,long,2294.65,0.8715,1999.787475,0.59,0.03,4.92,0.25,-1.77,-0.09,933.13,0.09
2301,空头出场,2026-05-02 10:30,long,2303.06,0.8713,1999.921029,-6.74,-0.34,0.1,0.01,-10.4,-0.52,926.39,0.09
2301,空头进场,2026-05-02 10:00,short,2295.33,0.8713,1999.921029,-6.74,-0.34,0.1,0.01,-10.4,-0.52,926.39,0.09
2302,多头出场,2026-05-02 12:30,short,2300.98,0.8684,1999.977304,-1.81,-0.09,4.28,0.21,-3.25,-0.16,924.58,0.09
2302,多头进场,2026-05-02 10:30,long,2303.06,0.8684,1999.977304,-1.81,-0.09,4.28,0.21,-3.25,-0.16,924.58,0.09
2303,空头出场,2026-05-02 14:30,long,2305.31,0.8691,1999.781718,-3.76,-0.19,3.87,0.19,-4.02,-0.20,920.82,0.09
2303,空头进场,2026-05-02 12:30,short,2300.98,0.8691,1999.781718,-3.76,-0.19,3.87,0.19,-4.02,-0.20,920.82,0.09
2304,多头出场,2026-05-02 15:30,short,2300.73,0.8675,1999.856425,-3.97,-0.20,0.52,0.03,-4.01,-0.20,916.85,0.09
2304,多头进场,2026-05-02 14:30,long,2305.31,0.8675,1999.856425,-3.97,-0.20,0.52,0.03,-4.01,-0.20,916.85,0.09
2305,空头出场,2026-05-02 16:00,long,2302.54,0.8692,1999.794516,-1.57,-0.08,1.62,0.08,-2.01,-0.10,915.27,0.09
2305,空头进场,2026-05-02 15:30,short,2300.73,0.8692,1999.794516,-1.57,-0.08,1.62,0.08,-2.01,-0.10,915.27,0.09
2306,多头出场,2026-05-02 18:30,short,2303.28,0.8686,1999.986244,0.64,0.03,4.29,0.21,-0.26,-0.01,915.92,0.09
2306,多头进场,2026-05-02 16:00,long,2302.54,0.8686,1999.986244,0.64,0.03,4.29,0.21,-0.26,-0.01,915.92,0.09
2307,空头出场,2026-05-02 19:00,long,2304.38,0.8683,1999.938024,-0.96,-0.05,1.88,0.09,-1.26,-0.06,914.96,0.09
2307,空头进场,2026-05-02 18:30,short,2303.28,0.8683,1999.938024,-0.96,-0.05,1.88,0.09,-1.26,-0.06,914.96,0.09
2308,多头出场,2026-05-02 19:30,short,2301.81,0.8679,1999.971402,-2.23,-0.11,0.03,0.00,-3.81,-0.19,912.73,0.09
2308,多头进场,2026-05-02 19:00,long,2304.38,0.8679,1999.971402,-2.23,-0.11,0.03,0.00,-3.81,-0.19,912.73,0.09
2309,空头出场,2026-05-02 20:00,long,2304.74,0.8688,1999.812528,-2.55,-0.13,0.65,0.03,-2.87,-0.14,910.19,0.09
2309,空头进场,2026-05-02 19:30,short,2301.81,0.8688,1999.812528,-2.55,-0.13,0.65,0.03,-2.87,-0.14,910.19,0.09
2310,多头出场,2026-05-02 20:30,short,2303.24,0.8677,1999.822898,-1.3,-0.07,0.56,0.03,-1.76,-0.09,908.88,0.09
2310,多头进场,2026-05-02 20:00,long,2304.74,0.8677,1999.822898,-1.3,-0.07,0.56,0.03,-1.76,-0.09,908.88,0.09
2311,空头出场,2026-05-02 21:00,long,2307.44,0.8683,1999.903292,-3.65,-0.18,0,0.00,-7.14,-0.36,905.24,0.09
2311,空头进场,2026-05-02 20:30,short,2303.24,0.8683,1999.903292,-3.65,-0.18,0,0.00,-7.14,-0.36,905.24,0.09
2312,多头出场,2026-05-03 01:00,short,2307.15,0.8667,1999.858248,-0.25,-0.01,5.11,0.26,-2.16,-0.11,904.99,0.09
2312,多头进场,2026-05-02 21:00,long,2307.44,0.8667,1999.858248,-0.25,-0.01,5.11,0.26,-2.16,-0.11,904.99,0.09
2313,空头出场,2026-05-03 02:00,long,2308.97,0.8668,1999.83762,-1.58,-0.08,2.51,0.13,-2.46,-0.12,903.41,0.09
2313,空头进场,2026-05-03 01:00,short,2307.15,0.8668,1999.83762,-1.58,-0.08,2.51,0.13,-2.46,-0.12,903.41,0.09
2314,多头出场,2026-05-03 07:30,short,2316.67,0.8661,1999.798917,6.67,0.33,27.91,1.40,-0.29,-0.01,910.08,0.09
2314,多头进场,2026-05-03 02:00,long,2308.97,0.8661,1999.798917,6.67,0.33,27.91,1.40,-0.29,-0.01,910.08,0.09
2315,空头出场,2026-05-03 12:00,long,2303.77,0.8633,1999.981211,11.14,0.56,16.39,0.82,-0.66,-0.03,921.21,0.09
2315,空头进场,2026-05-03 07:30,short,2316.67,0.8633,1999.981211,11.14,0.56,16.39,0.82,-0.66,-0.03,921.21,0.09
2316,多头出场,2026-05-03 12:30,short,2301.55,0.8681,1999.902737,-1.93,-0.10,0.53,0.03,-2.51,-0.13,919.29,0.09
2316,多头进场,2026-05-03 12:00,long,2303.77,0.8681,1999.902737,-1.93,-0.10,0.53,0.03,-2.51,-0.13,919.29,0.09
2317,空头出场,2026-05-03 13:00,long,2303,0.8689,1999.816795,-1.26,-0.06,0.23,0.01,-2.9,-0.15,918.03,0.09
2317,空头进场,2026-05-03 12:30,short,2301.55,0.8689,1999.816795,-1.26,-0.06,0.23,0.01,-2.9,-0.15,918.03,0.09
2318,多头出场,2026-05-03 14:00,short,2301.03,0.8684,1999.9252,-1.71,-0.09,1.19,0.06,-2.81,-0.14,916.32,0.09
2318,多头进场,2026-05-03 13:00,long,2303,0.8684,1999.9252,-1.71,-0.09,1.19,0.06,-2.81,-0.14,916.32,0.09
2319,空头出场,2026-05-03 14:30,long,2304.45,0.8691,1999.825173,-2.97,-0.15,0.03,0.00,-4.58,-0.23,913.34,0.09
2319,空头进场,2026-05-03 14:00,short,2301.03,0.8691,1999.825173,-2.97,-0.15,0.03,0.00,-4.58,-0.23,913.34,0.09
2320,多头出场,2026-05-03 21:30,short,2322.15,0.8678,1999.80171,15.36,0.77,24.29,1.21,-0.01,0.00,928.7,0.09
2320,多头进场,2026-05-03 14:30,long,2304.45,0.8678,1999.80171,15.36,0.77,24.29,1.21,-0.01,0.00,928.7,0.09
2321,空头出场,2026-05-03 22:00,long,2324.58,0.8612,1999.83558,-2.09,-0.10,0.67,0.03,-3.81,-0.19,926.61,0.09
2321,空头进场,2026-05-03 21:30,short,2322.15,0.8612,1999.83558,-2.09,-0.10,0.67,0.03,-3.81,-0.19,926.61,0.09
2322,多头出场,2026-05-04 00:00,short,2328.01,0.8603,1999.836174,2.95,0.15,7.07,0.35,-1.89,-0.09,929.56,0.09
2322,多头进场,2026-05-03 22:00,long,2324.58,0.8603,1999.836174,2.95,0.15,7.07,0.35,-1.89,-0.09,929.56,0.09
2323,空头出场,2026-05-04 01:00,long,2332.41,0.8591,1999.993391,-3.78,-0.19,3.14,0.16,-5.74,-0.29,925.78,0.09
2323,空头进场,2026-05-04 00:00,short,2328.01,0.8591,1999.993391,-3.78,-0.19,3.14,0.16,-5.74,-0.29,925.78,0.09
2324,多头出场,2026-05-04 02:30,short,2330.96,0.8574,1999.808334,-1.24,-0.06,2.48,0.12,-3.5,-0.17,924.54,0.09
2324,多头进场,2026-05-04 01:00,long,2332.41,0.8574,1999.808334,-1.24,-0.06,2.48,0.12,-3.5,-0.17,924.54,0.09
2325,空头出场,2026-05-04 03:30,long,2335.6,0.858,1999.96368,-3.98,-0.20,2.14,0.11,-5.57,-0.28,920.56,0.09
2325,空头进场,2026-05-04 02:30,short,2330.96,0.858,1999.96368,-3.98,-0.20,2.14,0.11,-5.57,-0.28,920.56,0.09
2326,多头出场,2026-05-04 04:30,short,2329.56,0.8563,1999.97428,-5.17,-0.26,7.25,0.36,-6.17,-0.31,915.39,0.09
2326,多头进场,2026-05-04 03:30,long,2335.6,0.8563,1999.97428,-5.17,-0.26,7.25,0.36,-6.17,-0.31,915.39,0.09
2327,空头出场,2026-05-04 06:00,long,2338.51,0.8585,1999.92726,-7.68,-0.38,11.62,0.58,-22.72,-1.14,907.7,0.09
2327,空头进场,2026-05-04 04:30,short,2329.56,0.8585,1999.92726,-7.68,-0.38,11.62,0.58,-22.72,-1.14,907.7,0.09
2328,多头出场,2026-05-04 07:00,short,2326.2,0.8552,1999.893752,-10.53,-0.53,10.84,0.54,-13.85,-0.69,897.17,0.09
2328,多头进场,2026-05-04 06:00,long,2338.51,0.8552,1999.893752,-10.53,-0.53,10.84,0.54,-13.85,-0.69,897.17,0.09
2329,空头出场,2026-05-04 09:30,long,2350.43,0.8597,1999.83414,-20.83,-1.04,14.61,0.73,-23.36,-1.17,876.34,0.09
2329,空头进场,2026-05-04 07:00,short,2326.2,0.8597,1999.83414,-20.83,-1.04,14.61,0.73,-23.36,-1.17,876.34,0.09
2330,多头出场,2026-05-04 13:00,short,2377.53,0.8509,1999.980887,23.06,1.15,40.67,2.03,-4.35,-0.22,899.4,0.09
2330,多头进场,2026-05-04 09:30,long,2350.43,0.8509,1999.980887,23.06,1.15,40.67,2.03,-4.35,-0.22,899.4,0.09
2331,空头出场,2026-05-04 17:30,long,2368.34,0.8412,1999.978236,7.73,0.39,19.68,0.98,-3.06,-0.15,907.13,0.09
2331,空头进场,2026-05-04 13:00,short,2377.53,0.8412,1999.978236,7.73,0.39,19.68,0.98,-3.06,-0.15,907.13,0.09
2332,多头出场,2026-05-04 18:00,short,2323.63,0.8444,1999.826296,-37.75,-1.89,0.66,0.03,-45.64,-2.28,869.38,0.09
2332,多头进场,2026-05-04 17:30,long,2368.34,0.8444,1999.826296,-37.75,-1.89,0.66,0.03,-45.64,-2.28,869.38,0.09
2333,空头出场,2026-05-04 21:00,long,2338.67,0.8607,1999.948341,-12.94,-0.65,1.69,0.08,-18.73,-0.94,856.44,0.09
2333,空头进场,2026-05-04 18:00,short,2323.63,0.8607,1999.948341,-12.94,-0.65,1.69,0.08,-18.73,-0.94,856.44,0.09
2334,多头出场,2026-05-04 21:30,short,2336.36,0.8551,1999.796717,-1.98,-0.10,4.82,0.24,-4.13,-0.21,854.46,0.09
2334,多头进场,2026-05-04 21:00,long,2338.67,0.8551,1999.796717,-1.98,-0.10,4.82,0.24,-4.13,-0.21,854.46,0.09
2335,空头出场,2026-05-04 22:00,long,2345.76,0.856,1999.92416,-8.05,-0.40,7.38,0.37,-12.85,-0.64,846.41,0.08
2335,空头进场,2026-05-04 21:30,short,2336.36,0.856,1999.92416,-8.05,-0.40,7.38,0.37,-12.85,-0.64,846.41,0.08
2336,多头出场,2026-05-05 02:30,short,2361.17,0.8526,1999.994976,13.14,0.66,29.99,1.50,-8.32,-0.42,859.55,0.09
2336,多头进场,2026-05-04 22:00,long,2345.76,0.8526,1999.994976,13.14,0.66,29.99,1.50,-8.32,-0.42,859.55,0.09
2337,空头出场,2026-05-05 05:00,long,2358.93,0.847,1999.91099,1.9,0.09,11.54,0.58,-2.38,-0.12,861.45,0.09
2337,空头进场,2026-05-05 02:30,short,2361.17,0.847,1999.91099,1.9,0.09,11.54,0.58,-2.38,-0.12,861.45,0.09
2338,多头出场,2026-05-05 06:30,short,2354.38,0.8478,1999.900854,-3.86,-0.19,5.57,0.28,-4.41,-0.22,857.59,0.09
2338,多头进场,2026-05-05 05:00,long,2358.93,0.8478,1999.900854,-3.86,-0.19,5.57,0.28,-4.41,-0.22,857.59,0.09
2339,空头出场,2026-05-05 08:30,long,2358.31,0.8494,1999.810372,-3.34,-0.17,8.38,0.42,-3.53,-0.18,854.25,0.09
2339,空头进场,2026-05-05 06:30,short,2354.38,0.8494,1999.810372,-3.34,-0.17,8.38,0.42,-3.53,-0.18,854.25,0.09
2340,多头出场,2026-05-05 14:00,short,2370.8,0.848,1999.84688,10.59,0.53,26.63,1.33,-3.08,-0.15,864.85,0.09
2340,多头进场,2026-05-05 08:30,long,2358.31,0.848,1999.84688,10.59,0.53,26.63,1.33,-3.08,-0.15,864.85,0.09
2341,空头出场,2026-05-05 14:30,long,2378.45,0.8435,1999.7698,-6.45,-0.32,0.31,0.02,-6.49,-0.32,858.39,0.09
2341,空头进场,2026-05-05 14:00,short,2370.8,0.8435,1999.7698,-6.45,-0.32,0.31,0.02,-6.49,-0.32,858.39,0.09
2342,多头出场,2026-05-05 16:00,short,2377.81,0.8408,1999.80076,-0.54,-0.03,7.95,0.40,-2.56,-0.13,857.86,0.09
2342,多头进场,2026-05-05 14:30,long,2378.45,0.8408,1999.80076,-0.54,-0.03,7.95,0.40,-2.56,-0.13,857.86,0.09
2343,空头出场,2026-05-05 18:30,long,2377.7,0.8411,1999.975991,0.09,0.00,9.34,0.47,-1.35,-0.07,857.95,0.09
2343,空头进场,2026-05-05 16:00,short,2377.81,0.8411,1999.975991,0.09,0.00,9.34,0.47,-1.35,-0.07,857.95,0.09
2344,多头出场,2026-05-05 22:00,short,2382.94,0.8411,1999.88347,4.41,0.22,17.53,0.88,-7.26,-0.36,862.35,0.09
2344,多头进场,2026-05-05 18:30,long,2377.7,0.8411,1999.88347,4.41,0.22,17.53,0.88,-7.26,-0.36,862.35,0.09
2345,空头出场,2026-05-05 23:00,long,2384.18,0.8392,1999.763248,-1.04,-0.05,9.64,0.48,-3.18,-0.16,861.31,0.09
2345,空头进场,2026-05-05 22:00,short,2382.94,0.8392,1999.763248,-1.04,-0.05,9.64,0.48,-3.18,-0.16,861.31,0.09
2346,多头出场,2026-05-05 23:30,short,2380.62,0.8388,1999.850184,-2.99,-0.15,2.26,0.11,-3.1,-0.15,858.33,0.09
2346,多头进场,2026-05-05 23:00,long,2384.18,0.8388,1999.850184,-2.99,-0.15,2.26,0.11,-3.1,-0.15,858.33,0.09
2347,空头出场,2026-05-06 02:00,long,2372.04,0.8401,1999.958862,7.21,0.36,17.74,0.89,-1.79,-0.09,865.54,0.09
2347,空头进场,2026-05-05 23:30,short,2380.62,0.8401,1999.958862,7.21,0.36,17.74,0.89,-1.79,-0.09,865.54,0.09
2348,多头出场,2026-05-06 05:00,short,2375.1,0.8431,1999.866924,2.58,0.13,13.16,0.66,-2.64,-0.13,868.12,0.09
2348,多头进场,2026-05-06 02:00,long,2372.04,0.8431,1999.866924,2.58,0.13,13.16,0.66,-2.64,-0.13,868.12,0.09
2349,空头出场,2026-05-06 06:00,long,2376.15,0.842,1999.8342,-0.88,-0.04,5.62,0.28,-5.06,-0.25,867.23,0.09
2349,空头进场,2026-05-06 05:00,short,2375.1,0.842,1999.8342,-0.88,-0.04,5.62,0.28,-5.06,-0.25,867.23,0.09
2350,多头出场,2026-05-06 06:30,short,2367.03,0.8416,1999.76784,-7.68,-0.38,0.07,0.00,-18.01,-0.90,859.56,0.09
2350,多头进场,2026-05-06 06:00,long,2376.15,0.8416,1999.76784,-7.68,-0.38,0.07,0.00,-18.01,-0.90,859.56,0.09
2351,空头出场,2026-05-06 08:30,long,2364.42,0.8449,1999.903647,2.21,0.11,10.43,0.52,-1.93,-0.10,861.76,0.09
2351,空头进场,2026-05-06 06:30,short,2367.03,0.8449,1999.903647,2.21,0.11,10.43,0.52,-1.93,-0.10,861.76,0.09
2352,多头出场,2026-05-06 10:00,short,2363.24,0.8458,1999.826436,-1,-0.05,9.54,0.48,-1.55,-0.08,860.76,0.09
2352,多头进场,2026-05-06 08:30,long,2364.42,0.8458,1999.826436,-1,-0.05,9.54,0.48,-1.55,-0.08,860.76,0.09
2353,空头出场,2026-05-06 10:30,long,2369.48,0.8462,1999.773688,-5.28,-0.26,2.7,0.13,-5.73,-0.29,855.48,0.09
2353,空头进场,2026-05-06 10:00,short,2363.24,0.8462,1999.773688,-5.28,-0.26,2.7,0.13,-5.73,-0.29,855.48,0.09
2354,多头出场,2026-05-06 12:30,short,2366.08,0.844,1999.84112,-2.87,-0.14,9.33,0.47,-6.32,-0.32,852.61,0.09
2354,多头进场,2026-05-06 10:30,long,2369.48,0.844,1999.84112,-2.87,-0.14,9.33,0.47,-6.32,-0.32,852.61,0.09
2355,空头出场,2026-05-06 14:30,long,2370.44,0.8452,1999.810816,-3.69,-0.18,9.48,0.47,-4.26,-0.21,848.93,0.08
2355,空头进场,2026-05-06 12:30,short,2366.08,0.8452,1999.810816,-3.69,-0.18,9.48,0.47,-4.26,-0.21,848.93,0.08
2356,多头出场,2026-05-06 20:30,short,2405.01,0.8437,1999.940228,29.17,1.46,44.67,2.23,-1.58,-0.08,878.1,0.09
2356,多头进场,2026-05-06 14:30,long,2370.44,0.8437,1999.940228,29.17,1.46,44.67,2.23,-1.58,-0.08,878.1,0.09
2357,空头出场,2026-05-07 03:30,long,2348.63,0.8315,1999.765815,46.88,2.34,55.52,2.78,-0.01,0.00,924.98,0.09
2357,空头进场,2026-05-06 20:30,short,2405.01,0.8315,1999.765815,46.88,2.34,55.52,2.78,-0.01,0.00,924.98,0.09
2358,多头出场,2026-05-07 06:00,short,2345.31,0.8515,1999.858445,-2.83,-0.14,7.3,0.36,-3.12,-0.16,922.15,0.09
2358,多头进场,2026-05-07 03:30,long,2348.63,0.8515,1999.858445,-2.83,-0.14,7.3,0.36,-3.12,-0.16,922.15,0.09
2359,空头出场,2026-05-07 07:00,long,2349.34,0.8527,1999.845837,-3.44,-0.17,5.83,0.29,-3.57,-0.18,918.71,0.09
2359,空头进场,2026-05-07 06:00,short,2345.31,0.8527,1999.845837,-3.44,-0.17,5.83,0.29,-3.57,-0.18,918.71,0.09
2360,多头出场,2026-05-07 08:00,short,2344.54,0.8513,1999.993142,-4.09,-0.20,2.25,0.11,-4.09,-0.20,914.63,0.09
2360,多头进场,2026-05-07 07:00,long,2349.34,0.8513,1999.993142,-4.09,-0.20,2.25,0.11,-4.09,-0.20,914.63,0.09
2361,空头出场,2026-05-07 12:00,long,2325.84,0.853,1999.89262,15.95,0.80,26.13,1.31,-1.41,-0.07,930.58,0.09
2361,空头进场,2026-05-07 08:00,short,2344.54,0.853,1999.89262,15.95,0.80,26.13,1.31,-1.41,-0.07,930.58,0.09
2362,多头出场,2026-05-07 14:00,short,2323.1,0.8599,1999.989816,-2.36,-0.12,6.54,0.33,-5.25,-0.26,928.22,0.09
2362,多头进场,2026-05-07 12:00,long,2325.84,0.8599,1999.989816,-2.36,-0.12,6.54,0.33,-5.25,-0.26,928.22,0.09
2363,空头出场,2026-05-07 14:30,long,2336.86,0.8609,1999.95679,-11.85,-0.59,0,0.00,-12.52,-0.63,916.37,0.09
2363,空头进场,2026-05-07 14:00,short,2323.1,0.8609,1999.95679,-11.85,-0.59,0,0.00,-12.52,-0.63,916.37,0.09
2364,多头出场,2026-05-07 16:30,short,2333.38,0.8558,1999.884788,-2.98,-0.15,8.28,0.41,-4.3,-0.22,913.4,0.09
2364,多头进场,2026-05-07 14:30,long,2336.86,0.8558,1999.884788,-2.98,-0.15,8.28,0.41,-4.3,-0.22,913.4,0.09
2365,空头出场,2026-05-07 19:30,long,2329.68,0.8571,1999.939998,3.17,0.16,13.84,0.69,-2.96,-0.15,916.57,0.09
2365,空头进场,2026-05-07 16:30,short,2333.38,0.8571,1999.939998,3.17,0.16,13.84,0.69,-2.96,-0.15,916.57,0.09
2366,多头出场,2026-05-07 21:00,short,2324.74,0.8584,1999.797312,-4.24,-0.21,5.78,0.29,-6.14,-0.31,912.33,0.09
2366,多头进场,2026-05-07 19:30,long,2329.68,0.8584,1999.797312,-4.24,-0.21,5.78,0.29,-6.14,-0.31,912.33,0.09
2367,空头出场,2026-05-08 01:30,long,2299.44,0.8603,1999.973822,21.77,1.09,38.27,1.91,-0.01,0.00,934.09,0.09
2367,空头进场,2026-05-07 21:00,short,2324.74,0.8603,1999.973822,21.77,1.09,38.27,1.91,-0.01,0.00,934.09,0.09
2368,多头出场,2026-05-08 03:00,short,2290.48,0.8697,1999.822968,-7.79,-0.39,3.78,0.19,-8.44,-0.42,926.3,0.09
2368,多头进场,2026-05-08 01:30,long,2299.44,0.8697,1999.822968,-7.79,-0.39,3.78,0.19,-8.44,-0.42,926.3,0.09
2369,空头出场,2026-05-08 03:30,long,2295.37,0.8731,1999.818088,-4.27,-0.21,1.93,0.10,-5.33,-0.27,922.03,0.09
2369,空头进场,2026-05-08 03:00,short,2290.48,0.8731,1999.818088,-4.27,-0.21,1.93,0.10,-5.33,-0.27,922.03,0.09
2370,多头出场,2026-05-08 04:30,short,2288.86,0.8713,1999.955881,-5.67,-0.28,5.57,0.28,-6.41,-0.32,916.36,0.09
2370,多头进场,2026-05-08 03:30,long,2295.37,0.8713,1999.955881,-5.67,-0.28,5.57,0.28,-6.41,-0.32,916.36,0.09
2371,空头出场,2026-05-08 05:00,long,2293.54,0.8737,1999.776982,-4.09,-0.20,6.68,0.33,-4.09,-0.20,912.27,0.09
2371,空头进场,2026-05-08 04:30,short,2288.86,0.8737,1999.776982,-4.09,-0.20,6.68,0.33,-4.09,-0.20,912.27,0.09
2372,多头出场,2026-05-08 05:30,short,2287.55,0.872,1999.96688,-5.22,-0.26,0.3,0.01,-5.27,-0.26,907.05,0.09
2372,多头进场,2026-05-08 05:00,long,2293.54,0.872,1999.96688,-5.22,-0.26,0.3,0.01,-5.27,-0.26,907.05,0.09
2373,空头出场,2026-05-08 07:00,long,2289.21,0.8742,1999.77621,-1.45,-0.07,5.72,0.29,-3.27,-0.16,905.6,0.09
2373,空头进场,2026-05-08 05:30,short,2287.55,0.8742,1999.77621,-1.45,-0.07,5.72,0.29,-3.27,-0.16,905.6,0.09
2374,多头出场,2026-05-08 08:30,short,2286.34,0.8736,1999.853856,-2.51,-0.13,4.13,0.21,-4.9,-0.25,903.09,0.09
2374,多头进场,2026-05-08 07:00,long,2289.21,0.8736,1999.853856,-2.51,-0.13,4.13,0.21,-4.9,-0.25,903.09,0.09
2375,空头出场,2026-05-08 12:00,long,2282.41,0.8747,1999.861598,3.44,0.17,17.93,0.90,-2.41,-0.12,906.53,0.09
2375,空头进场,2026-05-08 08:30,short,2286.34,0.8747,1999.861598,3.44,0.17,17.93,0.90,-2.41,-0.12,906.53,0.09
2376,多头出场,2026-05-08 13:00,short,2280.23,0.8762,1999.847642,-1.91,-0.10,0.12,0.01,-5.35,-0.27,904.62,0.09
2376,多头进场,2026-05-08 12:00,long,2282.41,0.8762,1999.847642,-1.91,-0.10,0.12,0.01,-5.35,-0.27,904.62,0.09
2377,空头出场,2026-05-08 15:30,long,2281.31,0.8771,1999.989733,-0.95,-0.05,11.63,0.58,-3.19,-0.16,903.67,0.09
2377,空头进场,2026-05-08 13:00,short,2280.23,0.8771,1999.989733,-0.95,-0.05,11.63,0.58,-3.19,-0.16,903.67,0.09
2378,多头出场,2026-05-08 20:30,short,2284.38,0.8766,1999.796346,2.69,0.13,16.73,0.84,-1.2,-0.06,906.36,0.09
2378,多头进场,2026-05-08 15:30,long,2281.31,0.8766,1999.796346,2.69,0.13,16.73,0.84,-1.2,-0.06,906.36,0.09
2379,空头出场,2026-05-08 22:30,long,2285.52,0.8755,1999.97469,-1,-0.05,12.71,0.64,-6.59,-0.33,905.36,0.09
2379,空头进场,2026-05-08 20:30,short,2284.38,0.8755,1999.97469,-1,-0.05,12.71,0.64,-6.59,-0.33,905.36,0.09
2380,多头出场,2026-05-08 23:00,short,2277.38,0.875,1999.83,-7.12,-0.36,1.88,0.09,-9.28,-0.46,898.24,0.09
2380,多头进场,2026-05-08 22:30,long,2285.52,0.875,1999.83,-7.12,-0.36,1.88,0.09,-9.28,-0.46,898.24,0.09
2381,空头出场,2026-05-08 23:30,long,2292.71,0.8782,1999.995116,-13.46,-0.67,2.14,0.11,-14.73,-0.74,884.78,0.09
2381,空头进场,2026-05-08 23:00,short,2277.38,0.8782,1999.995116,-13.46,-0.67,2.14,0.11,-14.73,-0.74,884.78,0.09
2382,多头出场,2026-05-09 04:00,short,2312.19,0.8723,1999.930933,16.99,0.85,24.69,1.23,-5.68,-0.28,901.77,0.09
2382,多头进场,2026-05-08 23:30,long,2292.71,0.8723,1999.930933,16.99,0.85,24.69,1.23,-5.68,-0.28,901.77,0.09
2383,空头出场,2026-05-09 05:30,long,2314.59,0.8649,1999.813131,-2.08,-0.10,7,0.35,-2.26,-0.11,899.69,0.09
2383,空头进场,2026-05-09 04:00,short,2312.19,0.8649,1999.813131,-2.08,-0.10,7,0.35,-2.26,-0.11,899.69,0.09
2384,多头出场,2026-05-09 06:30,short,2310.86,0.864,1999.80576,-3.22,-0.16,3.35,0.17,-3.57,-0.18,896.47,0.09
2384,多头进场,2026-05-09 05:30,long,2314.59,0.864,1999.80576,-3.22,-0.16,3.35,0.17,-3.57,-0.18,896.47,0.09
2385,空头出场,2026-05-09 09:00,long,2311.36,0.8654,1999.818244,-0.43,-0.02,6.75,0.34,-2.99,-0.15,896.04,0.09
2385,空头进场,2026-05-09 06:30,short,2310.86,0.8654,1999.818244,-0.43,-0.02,6.75,0.34,-2.99,-0.15,896.04,0.09
2386,多头出场,2026-05-09 12:30,short,2312.37,0.8652,1999.788672,0.87,0.04,11.69,0.58,-0.21,-0.01,896.91,0.09
2386,多头进场,2026-05-09 09:00,long,2311.36,0.8652,1999.788672,0.87,0.04,11.69,0.58,-0.21,-0.01,896.91,0.09
2387,空头出场,2026-05-09 13:00,long,2315.56,0.8649,1999.968813,-2.76,-0.14,1.2,0.06,-4.14,-0.21,894.15,0.09
2387,空头进场,2026-05-09 12:30,short,2312.37,0.8649,1999.968813,-2.76,-0.14,1.2,0.06,-4.14,-0.21,894.15,0.09
2388,多头出场,2026-05-09 13:30,short,2314.77,0.8637,1999.949172,-0.68,-0.03,2.31,0.12,-0.89,-0.04,893.47,0.09
2388,多头进场,2026-05-09 13:00,long,2315.56,0.8637,1999.949172,-0.68,-0.03,2.31,0.12,-0.89,-0.04,893.47,0.09
2389,空头出场,2026-05-09 14:00,long,2316.88,0.864,1999.96128,-1.82,-0.09,0.04,0.00,-3.65,-0.18,891.65,0.09
2389,空头进场,2026-05-09 13:30,short,2314.77,0.864,1999.96128,-1.82,-0.09,0.04,0.00,-3.65,-0.18,891.65,0.09
2390,多头出场,2026-05-09 14:30,short,2314.26,0.8632,1999.930816,-2.26,-0.11,1.83,0.09,-3.57,-0.18,889.39,0.09
2390,多头进场,2026-05-09 14:00,long,2316.88,0.8632,1999.930816,-2.26,-0.11,1.83,0.09,-3.57,-0.18,889.39,0.09
2391,空头出场,2026-05-09 15:00,long,2316.08,0.8642,1999.983492,-1.57,-0.08,2.6,0.13,-3.59,-0.18,887.81,0.09
2391,空头进场,2026-05-09 14:30,short,2314.26,0.8642,1999.983492,-1.57,-0.08,2.6,0.13,-3.59,-0.18,887.81,0.09
2392,多头出场,2026-05-09 15:30,short,2314.56,0.8635,1999.93508,-1.31,-0.07,0.98,0.05,-1.8,-0.09,886.5,0.09
2392,多头进场,2026-05-09 15:00,long,2316.08,0.8635,1999.93508,-1.31,-0.07,0.98,0.05,-1.8,-0.09,886.5,0.09
2393,空头出场,2026-05-09 16:00,long,2318.89,0.864,1999.77984,-3.74,-0.19,0.39,0.02,-4.31,-0.22,882.76,0.09
2393,空头进场,2026-05-09 15:30,short,2314.56,0.864,1999.77984,-3.74,-0.19,0.39,0.02,-4.31,-0.22,882.76,0.09
2394,多头出场,2026-05-09 17:00,short,2313.15,0.8624,1999.810736,-4.95,-0.25,1.02,0.05,-6.54,-0.33,877.81,0.09
2394,多头进场,2026-05-09 16:00,long,2318.89,0.8624,1999.810736,-4.95,-0.25,1.02,0.05,-6.54,-0.33,877.81,0.09
2395,空头出场,2026-05-09 19:00,long,2315.11,0.8646,1999.94949,-1.69,-0.08,2.62,0.13,-1.95,-0.10,876.11,0.09
2395,空头进场,2026-05-09 17:00,short,2313.15,0.8646,1999.94949,-1.69,-0.08,2.62,0.13,-1.95,-0.10,876.11,0.09
2396,多头出场,2026-05-09 21:00,short,2314.07,0.8638,1999.792018,-0.9,-0.04,2.63,0.13,-1.85,-0.09,875.22,0.09
2396,多头进场,2026-05-09 19:00,long,2315.11,0.8638,1999.792018,-0.9,-0.04,2.63,0.13,-1.85,-0.09,875.22,0.09
2397,空头出场,2026-05-09 23:30,long,2317.49,0.8642,1999.819294,-2.96,-0.15,12.11,0.61,-2.98,-0.15,872.26,0.09
2397,空头进场,2026-05-09 21:00,short,2314.07,0.8642,1999.819294,-2.96,-0.15,12.11,0.61,-2.98,-0.15,872.26,0.09
2398,多头出场,2026-05-10 03:00,short,2328.43,0.863,1999.99387,9.44,0.47,17.71,0.89,-2.01,-0.10,881.7,0.09
2398,多头进场,2026-05-09 23:30,long,2317.49,0.863,1999.99387,9.44,0.47,17.71,0.89,-2.01,-0.10,881.7,0.09
2399,空头出场,2026-05-10 03:30,long,2331.89,0.8589,1999.888527,-2.97,-0.15,0.99,0.05,-3.8,-0.19,878.73,0.09
2399,空头进场,2026-05-10 03:00,short,2328.43,0.8589,1999.888527,-2.97,-0.15,0.99,0.05,-3.8,-0.19,878.73,0.09
2400,多头出场,2026-05-10 04:00,short,2328.63,0.8576,1999.828864,-2.8,-0.14,0.64,0.03,-3.66,-0.18,875.93,0.09
2400,多头进场,2026-05-10 03:30,long,2331.89,0.8576,1999.828864,-2.8,-0.14,0.64,0.03,-3.66,-0.18,875.93,0.09
2401,空头出场,2026-05-10 05:00,long,2330.43,0.8588,1999.827444,-1.55,-0.08,1.23,0.06,-2.34,-0.12,874.39,0.09
2401,空头进场,2026-05-10 04:00,short,2328.63,0.8588,1999.827444,-1.55,-0.08,1.23,0.06,-2.34,-0.12,874.39,0.09
2402,多头出场,2026-05-10 06:30,short,2329.73,0.8582,1999.975026,-0.6,-0.03,2.51,0.13,-2.75,-0.14,873.79,0.09
2402,多头进场,2026-05-10 05:00,long,2330.43,0.8582,1999.975026,-0.6,-0.03,2.51,0.13,-2.75,-0.14,873.79,0.09
2403,空头出场,2026-05-10 10:00,long,2325.57,0.8584,1999.840232,3.57,0.18,10.1,0.51,-1.73,-0.09,877.36,0.09
2403,空头进场,2026-05-10 06:30,short,2329.73,0.8584,1999.840232,3.57,0.18,10.1,0.51,-1.73,-0.09,877.36,0.09
2404,多头出场,2026-05-10 13:30,short,2326.88,0.86,1999.9902,1.13,0.06,5.89,0.29,-1.93,-0.10,878.48,0.09
2404,多头进场,2026-05-10 10:00,long,2325.57,0.86,1999.9902,1.13,0.06,5.89,0.29,-1.93,-0.10,878.48,0.09
2405,空头出场,2026-05-10 14:30,long,2328.9,0.8595,1999.95336,-1.74,-0.09,0.5,0.02,-2.61,-0.13,876.75,0.09
2405,空头进场,2026-05-10 13:30,short,2326.88,0.8595,1999.95336,-1.74,-0.09,0.5,0.02,-2.61,-0.13,876.75,0.09
2406,多头出场,2026-05-10 15:30,short,2327.01,0.8587,1999.82643,-1.62,-0.08,2.28,0.11,-1.65,-0.08,875.13,0.09
2406,多头进场,2026-05-10 14:30,long,2328.9,0.8587,1999.82643,-1.62,-0.08,2.28,0.11,-1.65,-0.08,875.13,0.09
2407,空头出场,2026-05-10 16:00,long,2330.04,0.8594,1999.832394,-2.6,-0.13,1.04,0.05,-3.68,-0.18,872.52,0.09
2407,空头进场,2026-05-10 15:30,short,2327.01,0.8594,1999.832394,-2.6,-0.13,1.04,0.05,-3.68,-0.18,872.52,0.09
2408,多头出场,2026-05-10 17:30,short,2327.82,0.8583,1999.873332,-1.91,-0.10,2.57,0.13,-3.02,-0.15,870.62,0.09
2408,多头进场,2026-05-10 16:00,long,2330.04,0.8583,1999.873332,-1.91,-0.10,2.57,0.13,-3.02,-0.15,870.62,0.09
2409,空头出场,2026-05-10 21:00,long,2329.15,0.8591,1999.830162,-1.14,-0.06,7.88,0.39,-3.12,-0.16,869.47,0.09
2409,空头进场,2026-05-10 17:30,short,2327.82,0.8591,1999.830162,-1.14,-0.06,7.88,0.39,-3.12,-0.16,869.47,0.09
2410,多头出场,2026-05-11 04:00,short,2353.23,0.8586,1999.80819,20.68,1.03,34.45,1.72,-2.19,-0.11,890.15,0.09
2410,多头进场,2026-05-10 21:00,long,2329.15,0.8586,1999.80819,20.68,1.03,34.45,1.72,-2.19,-0.11,890.15,0.09
2411,空头出场,2026-05-11 06:00,long,2354.9,0.8498,1999.774854,-1.42,-0.07,34.61,1.73,-6.87,-0.34,888.73,0.09
2411,空头进场,2026-05-11 04:00,short,2353.23,0.8498,1999.774854,-1.42,-0.07,34.61,1.73,-6.87,-0.34,888.73,0.09
2412,多头出场,2026-05-11 08:00,short,2355.73,0.8492,1999.78108,0.7,0.04,22.72,1.14,-3.36,-0.17,889.43,0.09
2412,多头进场,2026-05-11 06:00,long,2354.9,0.8492,1999.78108,0.7,0.04,22.72,1.14,-3.36,-0.17,889.43,0.09
2413,空头出场,2026-05-11 09:00,long,2362.27,0.8489,1999.779197,-5.55,-0.28,8.68,0.43,-8.46,-0.42,883.88,0.09
2413,空头进场,2026-05-11 08:00,short,2355.73,0.8489,1999.779197,-5.55,-0.28,8.68,0.43,-8.46,-0.42,883.88,0.09
2414,多头出场,2026-05-11 09:30,short,2358.89,0.8466,1999.897782,-2.86,-0.14,2.51,0.13,-5.71,-0.29,881.02,0.09
2414,多头进场,2026-05-11 09:00,long,2362.27,0.8466,1999.897782,-2.86,-0.14,2.51,0.13,-5.71,-0.29,881.02,0.09
2415,空头出场,2026-05-11 13:00,long,2337.91,0.8478,1999.866942,17.79,0.89,32.54,1.63,-1.7,-0.09,898.81,0.09
2415,空头进场,2026-05-11 09:30,short,2358.89,0.8478,1999.866942,17.79,0.89,32.54,1.63,-1.7,-0.09,898.81,0.09
2416,多头出场,2026-05-11 13:30,short,2335.52,0.8554,1999.848214,-2.04,-0.10,2.27,0.11,-3.37,-0.17,896.76,0.09
2416,多头进场,2026-05-11 13:00,long,2337.91,0.8554,1999.848214,-2.04,-0.10,2.27,0.11,-3.37,-0.17,896.76,0.09
2417,空头出场,2026-05-11 14:00,long,2339.67,0.8563,1999.905776,-3.55,-0.18,1.56,0.08,-4.62,-0.23,893.21,0.09
2417,空头进场,2026-05-11 13:30,short,2335.52,0.8563,1999.905776,-3.55,-0.18,1.56,0.08,-4.62,-0.23,893.21,0.09
2418,多头出场,2026-05-11 14:30,short,2333.81,0.8548,1999.949916,-5.01,-0.25,1.8,0.09,-7.87,-0.39,888.2,0.09
2418,多头进场,2026-05-11 14:00,long,2339.67,0.8548,1999.949916,-5.01,-0.25,1.8,0.09,-7.87,-0.39,888.2,0.09
2419,空头出场,2026-05-11 16:30,long,2330.87,0.8569,1999.841789,2.52,0.13,5.65,0.28,-0.92,-0.05,890.72,0.09
2419,空头进场,2026-05-11 14:30,short,2333.81,0.8569,1999.841789,2.52,0.13,5.65,0.28,-0.92,-0.05,890.72,0.09
2420,多头出场,2026-05-11 18:30,short,2330.14,0.858,1999.88646,-0.63,-0.03,7.8,0.39,-0.63,-0.03,890.09,0.09
2420,多头进场,2026-05-11 16:30,long,2330.87,0.858,1999.88646,-0.63,-0.03,7.8,0.39,-0.63,-0.03,890.09,0.09
2421,空头出场,2026-05-11 19:00,long,2333.62,0.8583,1999.959162,-2.99,-0.15,1.94,0.10,-4.33,-0.22,887.11,0.09
2421,空头进场,2026-05-11 18:30,short,2330.14,0.8583,1999.959162,-2.99,-0.15,1.94,0.10,-4.33,-0.22,887.11,0.09
2422,多头出场,2026-05-11 20:30,short,2329.76,0.857,1999.91234,-3.31,-0.17,4.72,0.24,-3.98,-0.20,883.8,0.09
2422,多头进场,2026-05-11 19:00,long,2333.62,0.857,1999.91234,-3.31,-0.17,4.72,0.24,-3.98,-0.20,883.8,0.09
2423,空头出场,2026-05-11 23:00,long,2332.94,0.8584,1999.865984,-2.73,-0.14,21.21,1.06,-4.01,-0.20,881.07,0.09
2423,空头进场,2026-05-11 20:30,short,2329.76,0.8584,1999.865984,-2.73,-0.14,21.21,1.06,-4.01,-0.20,881.07,0.09
2424,多头出场,2026-05-12 01:00,short,2329.74,0.8572,1999.796168,-2.74,-0.14,7.1,0.35,-7.65,-0.38,878.33,0.09
2424,多头进场,2026-05-11 23:00,long,2332.94,0.8572,1999.796168,-2.74,-0.14,7.1,0.35,-7.65,-0.38,878.33,0.09
2425,空头出场,2026-05-12 01:30,long,2337.04,0.8584,1999.848816,-6.27,-0.31,1.33,0.07,-11.73,-0.59,872.06,0.09
2425,空头进场,2026-05-12 01:00,short,2329.74,0.8584,1999.848816,-6.27,-0.31,1.33,0.07,-11.73,-0.59,872.06,0.09
2426,多头出场,2026-05-12 05:00,short,2337.5,0.8557,1999.805128,0.39,0.02,7.23,0.36,-4.06,-0.20,872.45,0.09
2426,多头进场,2026-05-12 01:30,long,2337.04,0.8557,1999.805128,0.39,0.02,7.23,0.36,-4.06,-0.20,872.45,0.09
2427,空头出场,2026-05-12 05:30,long,2340.91,0.8556,1999.965,-2.92,-0.15,0.15,0.01,-4.3,-0.22,869.54,0.09
2427,空头进场,2026-05-12 05:00,short,2337.5,0.8556,1999.965,-2.92,-0.15,0.15,0.01,-4.3,-0.22,869.54,0.09
2428,多头出场,2026-05-12 06:00,short,2338.92,0.8543,1999.839413,-1.7,-0.09,4.13,0.21,-3.48,-0.17,867.84,0.09
2428,多头进场,2026-05-12 05:30,long,2340.91,0.8543,1999.839413,-1.7,-0.09,4.13,0.21,-3.48,-0.17,867.84,0.09
2429,空头出场,2026-05-12 06:30,long,2341.57,0.855,1999.7766,-2.27,-0.11,0.04,0.00,-5.21,-0.26,865.57,0.09
2429,空头进场,2026-05-12 06:00,short,2338.92,0.855,1999.7766,-2.27,-0.11,0.04,0.00,-5.21,-0.26,865.57,0.09
2430,多头出场,2026-05-12 07:00,short,2336.4,0.8541,1999.934937,-4.42,-0.22,0,0.00,-4.81,-0.24,861.15,0.09
2430,多头进场,2026-05-12 06:30,long,2341.57,0.8541,1999.934937,-4.42,-0.22,0,0.00,-4.81,-0.24,861.15,0.09
2431,空头出场,2026-05-12 07:30,long,2340.01,0.856,1999.9584,-3.09,-0.15,0.89,0.04,-4.98,-0.25,858.06,0.09
2431,空头进场,2026-05-12 07:00,short,2336.4,0.856,1999.9584,-3.09,-0.15,0.89,0.04,-4.98,-0.25,858.06,0.09
2432,多头出场,2026-05-12 08:00,short,2334.22,0.8546,1999.772546,-4.95,-0.25,0,0.00,-6.19,-0.31,853.12,0.09
2432,多头进场,2026-05-12 07:30,long,2340.01,0.8546,1999.772546,-4.95,-0.25,0,0.00,-6.19,-0.31,853.12,0.09
2433,空头出场,2026-05-12 13:00,long,2312.35,0.8568,1999.959696,18.74,0.94,33.51,1.68,-0.87,-0.04,871.85,0.09
2433,空头进场,2026-05-12 08:00,short,2334.22,0.8568,1999.959696,18.74,0.94,33.51,1.68,-0.87,-0.04,871.85,0.09
2434,多头出场,2026-05-12 13:30,short,2309.53,0.8649,1999.951515,-2.44,-0.12,0.79,0.04,-2.74,-0.14,869.42,0.09
2434,多头进场,2026-05-12 13:00,long,2312.35,0.8649,1999.951515,-2.44,-0.12,0.79,0.04,-2.74,-0.14,869.42,0.09
2435,空头出场,2026-05-12 17:30,long,2291.96,0.8659,1999.822027,15.21,0.76,25,1.25,-3.1,-0.16,884.63,0.09
2435,空头进场,2026-05-12 13:30,short,2309.53,0.8659,1999.822027,15.21,0.76,25,1.25,-3.1,-0.16,884.63,0.09
2436,多头出场,2026-05-12 18:00,short,2288.43,0.8726,1999.964296,-3.08,-0.15,0.98,0.05,-3.72,-0.19,881.55,0.09
2436,多头进场,2026-05-12 17:30,long,2291.96,0.8726,1999.964296,-3.08,-0.15,0.98,0.05,-3.72,-0.19,881.55,0.09
2437,空头出场,2026-05-12 19:30,long,2286.21,0.8739,1999.858977,1.94,0.10,8.84,0.44,-0.79,-0.04,883.49,0.09
2437,空头进场,2026-05-12 18:00,short,2288.43,0.8739,1999.858977,1.94,0.10,8.84,0.44,-0.79,-0.04,883.49,0.09
2438,多头出场,2026-05-12 21:00,short,2284.28,0.8748,1999.976508,-1.69,-0.08,5.97,0.30,-4.93,-0.25,881.8,0.09
2438,多头进场,2026-05-12 19:30,long,2286.21,0.8748,1999.976508,-1.69,-0.08,5.97,0.30,-4.93,-0.25,881.8,0.09
2439,空头出场,2026-05-13 00:00,long,2267.22,0.8755,1999.88714,14.94,0.75,24.3,1.21,-0.3,-0.01,896.74,0.09
2439,空头进场,2026-05-12 21:00,short,2284.28,0.8755,1999.88714,14.94,0.75,24.3,1.21,-0.3,-0.01,896.74,0.09
2440,多头出场,2026-05-13 00:30,short,2263.12,0.8821,1999.914762,-3.62,-0.18,0.65,0.03,-9.86,-0.49,893.12,0.09
2440,多头进场,2026-05-13 00:00,long,2267.22,0.8821,1999.914762,-3.62,-0.18,0.65,0.03,-9.86,-0.49,893.12,0.09
2441,空头出场,2026-05-13 01:00,long,2274.47,0.8837,1999.919144,-10.03,-0.50,0,0.00,-10.49,-0.52,883.09,0.09
2441,空头进场,2026-05-13 00:30,short,2263.12,0.8837,1999.919144,-10.03,-0.50,0,0.00,-10.49,-0.52,883.09,0.09
2442,多头出场,2026-05-13 06:30,short,2281.56,0.8793,1999.941471,6.23,0.31,13.93,0.70,-0.89,-0.04,889.32,0.09
2442,多头进场,2026-05-13 01:00,long,2274.47,0.8793,1999.941471,6.23,0.31,13.93,0.70,-0.89,-0.04,889.32,0.09
2443,空头出场,2026-05-13 08:00,long,2282.73,0.8765,1999.78734,-1.03,-0.05,7.59,0.38,-3.89,-0.19,888.3,0.09
2443,空头进场,2026-05-13 06:30,short,2281.56,0.8765,1999.78734,-1.03,-0.05,7.59,0.38,-3.89,-0.19,888.3,0.09
2444,多头出场,2026-05-13 08:30,short,2281.01,0.8761,1999.899753,-1.51,-0.08,2.41,0.12,-2.51,-0.13,886.79,0.09
2444,多头进场,2026-05-13 08:00,long,2282.73,0.8761,1999.899753,-1.51,-0.08,2.41,0.12,-2.51,-0.13,886.79,0.09
2445,空头出场,2026-05-13 09:00,long,2291.22,0.8768,1999.989568,-8.95,-0.45,0.42,0.02,-10.6,-0.53,877.84,0.09
2445,空头进场,2026-05-13 08:30,short,2281.01,0.8768,1999.989568,-8.95,-0.45,0.42,0.02,-10.6,-0.53,877.84,0.09
2446,多头出场,2026-05-13 13:30,short,2297.2,0.8728,1999.776816,5.22,0.26,14.27,0.71,-3.95,-0.20,883.06,0.09
2446,多头进场,2026-05-13 09:00,long,2291.22,0.8728,1999.776816,5.22,0.26,14.27,0.71,-3.95,-0.20,883.06,0.09
2447,空头出场,2026-05-13 14:00,long,2302.86,0.8706,1999.94232,-4.93,-0.25,0.37,0.02,-6.34,-0.32,878.13,0.09
2447,空头进场,2026-05-13 13:30,short,2297.2,0.8706,1999.94232,-4.93,-0.25,0.37,0.02,-6.34,-0.32,878.13,0.09
2448,多头出场,2026-05-13 14:30,short,2301.18,0.8684,1999.803624,-1.46,-0.07,1.43,0.07,-1.98,-0.10,876.67,0.09
2448,多头进场,2026-05-13 14:00,long,2302.86,0.8684,1999.803624,-1.46,-0.07,1.43,0.07,-1.98,-0.10,876.67,0.09
2449,空头出场,2026-05-13 16:00,long,2302.46,0.8691,1999.955538,-1.11,-0.06,4.16,0.21,-3.49,-0.17,875.56,0.09
2449,空头进场,2026-05-13 14:30,short,2301.18,0.8691,1999.955538,-1.11,-0.06,4.16,0.21,-3.49,-0.17,875.56,0.09
2450,多头出场,2026-05-13 18:00,short,2309.25,0.8686,1999.916756,5.9,0.29,17.62,0.88,-2.01,-0.10,881.46,0.09
2450,多头进场,2026-05-13 16:00,long,2302.46,0.8686,1999.916756,5.9,0.29,17.62,0.88,-2.01,-0.10,881.46,0.09
2451,空头出场,2026-05-14 01:00,long,2256.91,0.866,1999.8105,45.33,2.27,65.26,3.26,-1.11,-0.06,926.78,0.09
2451,空头进场,2026-05-13 18:00,short,2309.25,0.866,1999.8105,45.33,2.27,65.26,3.26,-1.11,-0.06,926.78,0.09
2452,多头出场,2026-05-14 03:00,short,2253.59,0.8861,1999.847951,-2.94,-0.15,9.14,0.46,-5.58,-0.28,923.84,0.09
2452,多头进场,2026-05-14 01:00,long,2256.91,0.8861,1999.847951,-2.94,-0.15,9.14,0.46,-5.58,-0.28,923.84,0.09
2453,空头出场,2026-05-14 03:30,long,2255.99,0.8874,1999.835766,-2.13,-0.11,0.01,0.00,-4.37,-0.22,921.71,0.09
2453,空头进场,2026-05-14 03:00,short,2253.59,0.8874,1999.835766,-2.13,-0.11,0.01,0.00,-4.37,-0.22,921.71,0.09
2454,多头出场,2026-05-14 05:00,short,2254.9,0.8865,1999.935135,-0.97,-0.05,6.99,0.35,-2.33,-0.12,920.75,0.09
2454,多头进场,2026-05-14 03:30,long,2255.99,0.8865,1999.935135,-0.97,-0.05,6.99,0.35,-2.33,-0.12,920.75,0.09
2455,空头出场,2026-05-14 06:30,long,2258.9,0.8869,1999.87081,-3.55,-0.18,3.97,0.20,-4.51,-0.23,917.2,0.09
2455,空头进场,2026-05-14 05:00,short,2254.9,0.8869,1999.87081,-3.55,-0.18,3.97,0.20,-4.51,-0.23,917.2,0.09
2456,多头出场,2026-05-14 10:30,short,2250.53,0.8853,1999.80417,-7.41,-0.37,8.37,0.42,-10.66,-0.53,909.79,0.09
2456,多头进场,2026-05-14 06:30,long,2258.9,0.8853,1999.80417,-7.41,-0.37,8.37,0.42,-10.66,-0.53,909.79,0.09
2457,空头出场,2026-05-14 12:30,long,2255.72,0.8886,1999.820958,-4.61,-0.23,11.22,0.56,-5.99,-0.30,905.18,0.09
2457,空头进场,2026-05-14 10:30,short,2250.53,0.8886,1999.820958,-4.61,-0.23,11.22,0.56,-5.99,-0.30,905.18,0.09
2458,多头出场,2026-05-14 17:00,short,2260.23,0.8866,1999.921352,4,0.20,15.85,0.79,-0.98,-0.05,909.18,0.09
2458,多头进场,2026-05-14 12:30,long,2255.72,0.8866,1999.921352,4,0.20,15.85,0.79,-0.98,-0.05,909.18,0.09
2459,空头出场,2026-05-14 18:00,long,2262.9,0.8848,1999.851504,-2.36,-0.12,7.43,0.37,-3.81,-0.19,906.81,0.09
2459,空头进场,2026-05-14 17:00,short,2260.23,0.8848,1999.851504,-2.36,-0.12,7.43,0.37,-3.81,-0.19,906.81,0.09
2460,多头出场,2026-05-14 18:30,short,2261.15,0.8838,1999.95102,-1.55,-0.08,0.02,0.00,-7.16,-0.36,905.27,0.09
2460,多头进场,2026-05-14 18:00,long,2262.9,0.8838,1999.95102,-1.55,-0.08,0.02,0.00,-7.16,-0.36,905.27,0.09
2461,空头出场,2026-05-14 20:30,long,2260.46,0.8845,1999.987175,0.61,0.03,12.21,0.61,-1.71,-0.09,905.88,0.09
2461,空头进场,2026-05-14 18:30,short,2261.15,0.8845,1999.987175,0.61,0.03,12.21,0.61,-1.71,-0.09,905.88,0.09
2462,多头出场,2026-05-14 21:30,short,2248.87,0.8847,1999.828962,-10.25,-0.51,3.26,0.16,-10.99,-0.55,895.62,0.09
2462,多头进场,2026-05-14 20:30,long,2260.46,0.8847,1999.828962,-10.25,-0.51,3.26,0.16,-10.99,-0.55,895.62,0.09
2463,空头出场,2026-05-14 22:00,long,2263.88,0.8893,1999.920091,-13.35,-0.67,2.92,0.15,-16.9,-0.84,882.27,0.09
2463,空头进场,2026-05-14 21:30,short,2248.87,0.8893,1999.920091,-13.35,-0.67,2.92,0.15,-16.9,-0.84,882.27,0.09
2464,多头出场,2026-05-15 03:00,short,2296.94,0.8834,1999.911592,29.21,1.46,47.97,2.40,-1.32,-0.07,911.48,0.09
2464,多头进场,2026-05-14 22:00,long,2263.88,0.8834,1999.911592,29.21,1.46,47.97,2.40,-1.32,-0.07,911.48,0.09
2465,空头出场,2026-05-15 15:00,long,2266.55,0.8707,1999.945658,26.46,1.32,51.63,2.58,-4.38,-0.22,937.94,0.09
2465,空头进场,2026-05-15 03:00,short,2296.94,0.8707,1999.945658,26.46,1.32,51.63,2.58,-4.38,-0.22,937.94,0.09
2466,多头出场,2026-05-15 16:00,short,2253.37,0.8823,1999.777065,-11.63,-0.58,0.54,0.03,-12.27,-0.61,926.31,0.09
2466,多头进场,2026-05-15 15:00,long,2266.55,0.8823,1999.777065,-11.63,-0.58,0.54,0.03,-12.27,-0.61,926.31,0.09
2467,空头出场,2026-05-15 17:00,long,2257.28,0.8875,1999.865875,-3.47,-0.17,3.37,0.17,-5.4,-0.27,922.84,0.09
2467,空头进场,2026-05-15 16:00,short,2253.37,0.8875,1999.865875,-3.47,-0.17,3.37,0.17,-5.4,-0.27,922.84,0.09
2468,多头出场,2026-05-15 17:30,short,2253.97,0.886,1999.95008,-2.93,-0.15,1.44,0.07,-5.86,-0.29,919.91,0.09
2468,多头进场,2026-05-15 17:00,long,2257.28,0.886,1999.95008,-2.93,-0.15,1.44,0.07,-5.86,-0.29,919.91,0.09
2469,空头出场,2026-05-15 18:30,long,2261.81,0.8873,1999.947581,-6.96,-0.35,1.83,0.09,-8.82,-0.44,912.95,0.09
2469,空头进场,2026-05-15 17:30,short,2253.97,0.8873,1999.947581,-6.96,-0.35,1.83,0.09,-8.82,-0.44,912.95,0.09
2470,多头出场,2026-05-15 19:30,short,2257.02,0.8842,1999.892402,-4.24,-0.21,1.38,0.07,-4.29,-0.21,908.72,0.09
2470,多头进场,2026-05-15 18:30,long,2261.81,0.8842,1999.892402,-4.24,-0.21,1.38,0.07,-4.29,-0.21,908.72,0.09
2471,空头出场,2026-05-15 20:00,long,2258.32,0.8861,1999.945422,-1.15,-0.06,5.48,0.27,-2.68,-0.13,907.57,0.09
2471,空头进场,2026-05-15 19:30,short,2257.02,0.8861,1999.945422,-1.15,-0.06,5.48,0.27,-2.68,-0.13,907.57,0.09
2472,多头出场,2026-05-15 20:30,short,2253.68,0.8856,1999.968192,-4.11,-0.21,0.03,0.00,-6.08,-0.30,903.46,0.09
2472,多头进场,2026-05-15 20:00,long,2258.32,0.8856,1999.968192,-4.11,-0.21,0.03,0.00,-6.08,-0.30,903.46,0.09
2473,空头出场,2026-05-15 23:30,long,2222.31,0.8874,1999.915632,27.84,1.39,43.29,2.16,0,0.00,931.29,0.09
2473,空头进场,2026-05-15 20:30,short,2253.68,0.8874,1999.915632,27.84,1.39,43.29,2.16,0,0.00,931.29,0.09
2474,多头出场,2026-05-16 03:00,short,2224.49,0.8999,1999.856769,1.96,0.10,8.95,0.45,-3.47,-0.17,933.26,0.09
2474,多头进场,2026-05-15 23:30,long,2222.31,0.8999,1999.856769,1.96,0.10,8.95,0.45,-3.47,-0.17,933.26,0.09
2475,空头出场,2026-05-16 04:00,long,2224.58,0.899,1999.81651,-0.08,0.00,4.78,0.24,-2.91,-0.15,933.17,0.09
2475,空头进场,2026-05-16 03:00,short,2224.49,0.899,1999.81651,-0.08,0.00,4.78,0.24,-2.91,-0.15,933.17,0.09
2476,多头出场,2026-05-16 04:30,short,2219.52,0.899,1999.89742,-4.55,-0.23,0.33,0.02,-7.28,-0.36,928.63,0.09
2476,多头进场,2026-05-16 04:00,long,2224.58,0.899,1999.89742,-4.55,-0.23,0.33,0.02,-7.28,-0.36,928.63,0.09
2477,空头出场,2026-05-16 06:00,long,2220.28,0.901,1999.78752,-0.68,-0.03,4.28,0.21,-4.5,-0.22,927.94,0.09
2477,空头进场,2026-05-16 04:30,short,2219.52,0.901,1999.78752,-0.68,-0.03,4.28,0.21,-4.5,-0.22,927.94,0.09
2478,多头出场,2026-05-16 09:00,short,2222.96,0.9007,1999.806196,2.41,0.12,8.87,0.44,-0.01,0.00,930.35,0.09
2478,多头进场,2026-05-16 06:00,long,2220.28,0.9007,1999.806196,2.41,0.12,8.87,0.44,-0.01,0.00,930.35,0.09
2479,空头出场,2026-05-16 09:30,long,2228.28,0.8997,1999.997112,-4.79,-0.24,0.67,0.03,-5.83,-0.29,925.57,0.09
2479,空头进场,2026-05-16 09:00,short,2222.96,0.8997,1999.997112,-4.79,-0.24,0.67,0.03,-5.83,-0.29,925.57,0.09
2480,多头出场,2026-05-16 11:30,short,2226.86,0.8975,1999.8813,-1.27,-0.06,1.44,0.07,-2.34,-0.12,924.29,0.09
2480,多头进场,2026-05-16 09:30,long,2228.28,0.8975,1999.8813,-1.27,-0.06,1.44,0.07,-2.34,-0.12,924.29,0.09
2481,空头出场,2026-05-16 19:00,long,2177.27,0.8981,1999.942966,44.54,2.23,58.53,2.93,-0.52,-0.03,968.83,0.10
2481,空头进场,2026-05-16 11:30,short,2226.86,0.8981,1999.942966,44.54,2.23,58.53,2.93,-0.52,-0.03,968.83,0.10
2482,多头出场,2026-05-17 00:30,short,2172.88,0.9185,1999.822495,-4.03,-0.20,8.26,0.41,-7.16,-0.36,964.8,0.10
2482,多头进场,2026-05-16 19:00,long,2177.27,0.9185,1999.822495,-4.03,-0.20,8.26,0.41,-7.16,-0.36,964.8,0.10
2483,空头出场,2026-05-17 01:00,long,2177.49,0.9204,1999.918752,-4.24,-0.21,0.02,0.00,-4.38,-0.22,960.56,0.10
2483,空头进场,2026-05-17 00:30,short,2172.88,0.9204,1999.918752,-4.24,-0.21,0.02,0.00,-4.38,-0.22,960.56,0.10
2484,多头出场,2026-05-17 06:30,short,2179.18,0.9184,1999.806816,1.55,0.08,5.29,0.26,-2.21,-0.11,962.11,0.10
2484,多头进场,2026-05-17 01:00,long,2177.49,0.9184,1999.806816,1.55,0.08,5.29,0.26,-2.21,-0.11,962.11,0.10
2485,空头出场,2026-05-17 07:00,long,2180.78,0.9177,1999.833486,-1.47,-0.07,1.07,0.05,-2.17,-0.11,960.64,0.10
2485,空头进场,2026-05-17 06:30,short,2179.18,0.9177,1999.833486,-1.47,-0.07,1.07,0.05,-2.17,-0.11,960.64,0.10
2486,多头出场,2026-05-17 07:30,short,2179.49,0.9171,1999.993338,-1.18,-0.06,0.73,0.04,-1.79,-0.09,959.46,0.10
2486,多头进场,2026-05-17 07:00,long,2180.78,0.9171,1999.993338,-1.18,-0.06,0.73,0.04,-1.79,-0.09,959.46,0.10
2487,空头出场,2026-05-17 08:00,long,2182.8,0.9176,1999.900024,-3.04,-0.15,0.01,0.00,-4.75,-0.24,956.42,0.10
2487,空头进场,2026-05-17 07:30,short,2179.49,0.9176,1999.900024,-3.04,-0.15,0.01,0.00,-4.75,-0.24,956.42,0.10
2488,多头出场,2026-05-17 08:30,short,2176.43,0.9162,1999.88136,-5.84,-0.29,0.47,0.02,-8.85,-0.44,950.58,0.10
2488,多头进场,2026-05-17 08:00,long,2182.8,0.9162,1999.88136,-5.84,-0.29,0.47,0.02,-8.85,-0.44,950.58,0.10
2489,空头出场,2026-05-17 11:00,long,2177.39,0.9189,1999.921527,-0.88,-0.04,8.35,0.42,-5.6,-0.28,949.7,0.09
2489,空头进场,2026-05-17 08:30,short,2176.43,0.9189,1999.921527,-0.88,-0.04,8.35,0.42,-5.6,-0.28,949.7,0.09
2490,多头出场,2026-05-17 14:00,short,2183.07,0.9185,1999.932715,5.22,0.26,14.99,0.75,-0.1,-0.01,954.92,0.10
2490,多头进场,2026-05-17 11:00,long,2177.39,0.9185,1999.932715,5.22,0.26,14.99,0.75,-0.1,-0.01,954.92,0.10
2491,空头出场,2026-05-17 14:30,long,2184.09,0.9161,1999.910427,-0.93,-0.05,1.41,0.07,-1.38,-0.07,953.98,0.10
2491,空头进场,2026-05-17 14:00,short,2183.07,0.9161,1999.910427,-0.93,-0.05,1.41,0.07,-1.38,-0.07,953.98,0.10
2492,多头出场,2026-05-17 15:00,short,2183.97,0.9157,1999.971213,-0.11,-0.01,1.33,0.07,-2.33,-0.12,953.87,0.10
2492,多头进场,2026-05-17 14:30,long,2184.09,0.9157,1999.971213,-0.11,-0.01,1.33,0.07,-2.33,-0.12,953.87,0.10
2493,空头出场,2026-05-17 15:30,long,2185.75,0.9157,1999.861329,-1.63,-0.08,0.8,0.04,-3.09,-0.15,952.24,0.10
2493,空头进场,2026-05-17 15:00,short,2183.97,0.9157,1999.861329,-1.63,-0.08,0.8,0.04,-3.09,-0.15,952.24,0.10
2494,多头出场,2026-05-17 16:00,short,2183.65,0.915,1999.96125,-1.92,-0.10,0.35,0.02,-3.19,-0.16,950.32,0.10
2494,多头进场,2026-05-17 15:30,long,2185.75,0.915,1999.96125,-1.92,-0.10,0.35,0.02,-3.19,-0.16,950.32,0.10
2495,空头出场,2026-05-17 16:30,long,2185.07,0.9158,1999.78667,-1.3,-0.07,0.26,0.01,-1.88,-0.09,949.02,0.09
2495,空头进场,2026-05-17 16:00,short,2183.65,0.9158,1999.78667,-1.3,-0.07,0.26,0.01,-1.88,-0.09,949.02,0.09
2496,多头出场,2026-05-17 19:00,short,2187.81,0.9153,1999.994571,2.51,0.13,10.9,0.55,-0.08,0.00,951.53,0.10
2496,多头进场,2026-05-17 16:30,long,2185.07,0.9153,1999.994571,2.51,0.13,10.9,0.55,-0.08,0.00,951.53,0.10
2497,空头出场,2026-05-17 19:30,long,2191.18,0.9141,1999.877121,-3.08,-0.15,0.47,0.02,-4.99,-0.25,948.45,0.09
2497,空头进场,2026-05-17 19:00,short,2187.81,0.9141,1999.877121,-3.08,-0.15,0.47,0.02,-4.99,-0.25,948.45,0.09
2498,多头出场,2026-05-17 21:00,short,2191.04,0.9127,1999.889986,-0.13,-0.01,5.48,0.27,-4.04,-0.20,948.32,0.09
2498,多头进场,2026-05-17 19:30,long,2191.18,0.9127,1999.889986,-0.13,-0.01,5.48,0.27,-4.04,-0.20,948.32,0.09
2499,空头出场,2026-05-18 02:00,long,2182.98,0.9128,1999.981312,7.36,0.37,13.73,0.69,-2.56,-0.13,955.68,0.10
2499,空头进场,2026-05-17 21:00,short,2191.04,0.9128,1999.981312,7.36,0.37,13.73,0.69,-2.56,-0.13,955.68,0.10
2500,多头出场,2026-05-18 06:00,short,2180.57,0.9161,1999.827978,-2.21,-0.11,9.92,0.50,-5.84,-0.29,953.47,0.10
2500,多头进场,2026-05-18 02:00,long,2182.98,0.9161,1999.827978,-2.21,-0.11,9.92,0.50,-5.84,-0.29,953.47,0.10
2501,空头出场,2026-05-18 11:00,long,2119.02,0.9171,1999.800747,56.45,2.82,76.69,3.83,-2.83,-0.14,1009.92,0.10
2501,空头进场,2026-05-18 06:00,short,2180.57,0.9171,1999.800747,56.45,2.82,76.69,3.83,-2.83,-0.14,1009.92,0.10
2502,多头出场,2026-05-18 12:00,short,2114.76,0.9438,1999.931076,-4.02,-0.20,2.34,0.12,-5.3,-0.27,1005.9,0.10
2502,多头进场,2026-05-18 11:00,long,2119.02,0.9438,1999.931076,-4.02,-0.20,2.34,0.12,-5.3,-0.27,1005.9,0.10
2503,空头出场,2026-05-18 12:30,long,2123.8,0.9457,1999.928532,-8.55,-0.43,0.75,0.04,-9.16,-0.46,997.35,0.10
2503,空头进场,2026-05-18 12:00,short,2114.76,0.9457,1999.928532,-8.55,-0.43,0.75,0.04,-9.16,-0.46,997.35,0.10
2504,多头出场,2026-05-18 14:00,short,2112.37,0.9417,1999.98246,-10.76,-0.54,0.89,0.04,-13.55,-0.68,986.58,0.10
2504,多头进场,2026-05-18 12:30,long,2123.8,0.9417,1999.98246,-10.76,-0.54,0.89,0.04,-13.55,-0.68,986.58,0.10
2505,空头出场,2026-05-18 14:30,long,2117.92,0.9468,1999.991916,-5.25,-0.26,2.82,0.14,-6.11,-0.31,981.33,0.10
2505,空头进场,2026-05-18 14:00,short,2112.37,0.9468,1999.991916,-5.25,-0.26,2.82,0.14,-6.11,-0.31,981.33,0.10
2506,多头出场,2026-05-18 17:00,short,2116.85,0.9443,1999.951856,-1.01,-0.05,4.72,0.24,-6.48,-0.32,980.32,0.10
2506,多头进场,2026-05-18 14:30,long,2117.92,0.9443,1999.951856,-1.01,-0.05,4.72,0.24,-6.48,-0.32,980.32,0.10
2507,空头出场,2026-05-18 19:30,long,2132.84,0.9448,1999.99988,-15.11,-0.76,6.93,0.35,-20.02,-1.00,965.21,0.10
2507,空头进场,2026-05-18 17:00,short,2116.85,0.9448,1999.99988,-15.11,-0.76,6.93,0.35,-20.02,-1.00,965.21,0.10
2508,多头出场,2026-05-18 21:30,short,2129.87,0.9377,1999.964068,-2.78,-0.14,21.82,1.09,-12.03,-0.60,962.43,0.10
2508,多头进场,2026-05-18 19:30,long,2132.84,0.9377,1999.964068,-2.78,-0.14,21.82,1.09,-12.03,-0.60,962.43,0.10
2509,空头出场,2026-05-19 01:00,long,2106.2,0.939,1999.94793,22.23,1.11,37.64,1.88,-0.03,0.00,984.65,0.10
2509,空头进场,2026-05-18 21:30,short,2129.87,0.939,1999.94793,22.23,1.11,37.64,1.88,-0.03,0.00,984.65,0.10
2510,多头出场,2026-05-19 02:00,short,2087.49,0.9495,1999.8369,-17.77,-0.89,2.69,0.13,-26.08,-1.30,966.89,0.10
2510,多头进场,2026-05-19 01:00,long,2106.2,0.9495,1999.8369,-17.77,-0.89,2.69,0.13,-26.08,-1.30,966.89,0.10
2511,空头出场,2026-05-19 03:00,long,2104.73,0.958,1999.81542,-16.52,-0.83,8.54,0.43,-23.23,-1.16,950.37,0.10
2511,空头进场,2026-05-19 02:00,short,2087.49,0.958,1999.81542,-16.52,-0.83,8.54,0.43,-23.23,-1.16,950.37,0.10
2512,多头出场,2026-05-19 07:30,short,2128.99,0.9502,1999.914446,23.05,1.15,34.62,1.73,-0.71,-0.04,973.42,0.10
2512,多头进场,2026-05-19 03:00,long,2104.73,0.9502,1999.914446,23.05,1.15,34.62,1.73,-0.71,-0.04,973.42,0.10
2513,空头出场,2026-05-19 08:00,long,2138.37,0.9394,1999.973206,-8.81,-0.44,1.77,0.09,-14.66,-0.73,964.61,0.10
2513,空头进场,2026-05-19 07:30,short,2128.99,0.9394,1999.973206,-8.81,-0.44,1.77,0.09,-14.66,-0.73,964.61,0.10
2514,多头出场,2026-05-19 09:00,short,2124.36,0.9352,1999.803624,-13.1,-0.66,2.38,0.12,-14.94,-0.75,951.51,0.10
2514,多头进场,2026-05-19 08:00,long,2138.37,0.9352,1999.803624,-13.1,-0.66,2.38,0.12,-14.94,-0.75,951.51,0.10
2515,空头出场,2026-05-19 11:30,long,2129.96,0.9414,1999.872504,-5.27,-0.26,5.75,0.29,-9.35,-0.47,946.24,0.09
2515,空头进场,2026-05-19 09:00,short,2124.36,0.9414,1999.872504,-5.27,-0.26,5.75,0.29,-9.35,-0.47,946.24,0.09
2516,多头出场,2026-05-19 12:00,short,2128.35,0.9389,1999.819444,-1.51,-0.08,5.02,0.25,-2.9,-0.15,944.73,0.09
2516,多头进场,2026-05-19 11:30,long,2129.96,0.9389,1999.819444,-1.51,-0.08,5.02,0.25,-2.9,-0.15,944.73,0.09
2517,空头出场,2026-05-19 12:30,long,2132.56,0.9396,1999.79766,-3.96,-0.20,0.08,0.00,-5.24,-0.26,940.77,0.09
2517,空头进场,2026-05-19 12:00,short,2128.35,0.9396,1999.79766,-3.96,-0.20,0.08,0.00,-5.24,-0.26,940.77,0.09
2518,多头出场,2026-05-19 13:00,short,2128.74,0.9378,1999.914768,-3.58,-0.18,0.58,0.03,-9.57,-0.48,937.19,0.09
2518,多头进场,2026-05-19 12:30,long,2132.56,0.9378,1999.914768,-3.58,-0.18,0.58,0.03,-9.57,-0.48,937.19,0.09
2519,空头出场,2026-05-19 13:30,long,2133.91,0.9395,1999.95123,-4.86,-0.24,1.22,0.06,-6.91,-0.35,932.33,0.09
2519,空头进场,2026-05-19 13:00,short,2128.74,0.9395,1999.95123,-4.86,-0.24,1.22,0.06,-6.91,-0.35,932.33,0.09
2520,多头出场,2026-05-19 16:00,short,2132.87,0.9372,1999.900452,-0.97,-0.05,9.1,0.46,-3.77,-0.19,931.36,0.09
2520,多头进场,2026-05-19 13:30,long,2133.91,0.9372,1999.900452,-0.97,-0.05,9.1,0.46,-3.77,-0.19,931.36,0.09
2521,空头出场,2026-05-19 20:00,long,2115.72,0.9377,1999.992199,16.08,0.80,25.21,1.26,-6.55,-0.33,947.44,0.09
2521,空头进场,2026-05-19 16:00,short,2132.87,0.9377,1999.992199,16.08,0.80,25.21,1.26,-6.55,-0.33,947.44,0.09
2522,多头出场,2026-05-19 21:00,short,2106.79,0.9453,1999.990116,-8.44,-0.42,2.53,0.13,-8.78,-0.44,939,0.09
2522,多头进场,2026-05-19 20:00,long,2115.72,0.9453,1999.990116,-8.44,-0.42,2.53,0.13,-8.78,-0.44,939,0.09
2523,空头出场,2026-05-19 21:30,long,2117.63,0.9493,1999.975747,-10.29,-0.51,0.31,0.02,-18.13,-0.91,928.71,0.09
2523,空头进场,2026-05-19 21:00,short,2106.79,0.9493,1999.975747,-10.29,-0.51,0.31,0.02,-18.13,-0.91,928.71,0.09
2524,多头出场,2026-05-19 22:00,short,2105.87,0.9444,1999.889772,-11.11,-0.56,4.18,0.21,-18.91,-0.95,917.6,0.09
2524,多头进场,2026-05-19 21:30,long,2117.63,0.9444,1999.889772,-11.11,-0.56,4.18,0.21,-18.91,-0.95,917.6,0.09
2525,空头出场,2026-05-19 23:30,long,2108.7,0.9497,1999.944739,-2.69,-0.13,11.47,0.57,-5.57,-0.28,914.91,0.09
2525,空头进场,2026-05-19 22:00,short,2105.87,0.9497,1999.944739,-2.69,-0.13,11.47,0.57,-5.57,-0.28,914.91,0.09
2526,多头出场,2026-05-20 02:00,short,2111.39,0.9484,1999.89108,2.55,0.13,14.24,0.71,-2.67,-0.13,917.46,0.09
2526,多头进场,2026-05-19 23:30,long,2108.7,0.9484,1999.89108,2.55,0.13,14.24,0.71,-2.67,-0.13,917.46,0.09
2527,空头出场,2026-05-20 02:30,long,2113.95,0.9472,1999.908608,-2.42,-0.12,1.77,0.09,-4.6,-0.23,915.04,0.09
2527,空头进场,2026-05-20 02:00,short,2111.39,0.9472,1999.908608,-2.42,-0.12,1.77,0.09,-4.6,-0.23,915.04,0.09
2528,多头出场,2026-05-20 03:00,short,2111.22,0.946,1999.7967,-2.58,-0.13,7.25,0.36,-3.4,-0.17,912.46,0.09
2528,多头进场,2026-05-20 02:30,long,2113.95,0.946,1999.7967,-2.58,-0.13,7.25,0.36,-3.4,-0.17,912.46,0.09
2529,空头出场,2026-05-20 04:00,long,2114.32,0.9473,1999.958706,-2.94,-0.15,2.08,0.10,-4.05,-0.20,909.52,0.09
2529,空头进场,2026-05-20 03:00,short,2111.22,0.9473,1999.958706,-2.94,-0.15,2.08,0.10,-4.05,-0.20,909.52,0.09
2530,多头出场,2026-05-20 06:00,short,2103,0.9459,1999.935288,-10.71,-0.54,4.59,0.23,-11.5,-0.58,898.81,0.09
2530,多头进场,2026-05-20 04:00,long,2114.32,0.9459,1999.935288,-10.71,-0.54,4.59,0.23,-11.5,-0.58,898.81,0.09
2531,空头出场,2026-05-20 07:00,long,2114.48,0.951,1999.953,-10.92,-0.55,1.6,0.08,-11.3,-0.56,887.89,0.09
2531,空头进场,2026-05-20 06:00,short,2103,0.951,1999.953,-10.92,-0.55,1.6,0.08,-11.3,-0.56,887.89,0.09
2532,多头出场,2026-05-20 07:30,short,2110.55,0.9458,1999.875184,-3.72,-0.19,2.37,0.12,-4.07,-0.20,884.18,0.09
2532,多头进场,2026-05-20 07:00,long,2114.48,0.9458,1999.875184,-3.72,-0.19,2.37,0.12,-4.07,-0.20,884.18,0.09
2533,空头出场,2026-05-20 09:30,long,2113.48,0.9476,1999.95718,-2.78,-0.14,8.5,0.43,-5.43,-0.27,881.4,0.09
2533,空头进场,2026-05-20 07:30,short,2110.55,0.9476,1999.95718,-2.78,-0.14,8.5,0.43,-5.43,-0.27,881.4,0.09
2534,多头出场,2026-05-20 10:30,short,2107.37,0.9463,1999.986124,-5.78,-0.29,1.68,0.08,-8.39,-0.42,875.62,0.09
2534,多头进场,2026-05-20 09:30,long,2113.48,0.9463,1999.986124,-5.78,-0.29,1.68,0.08,-8.39,-0.42,875.62,0.09
2535,空头出场,2026-05-20 11:00,long,2113.55,0.949,1999.89413,-5.86,-0.29,2.84,0.14,-6.59,-0.33,869.75,0.09
2535,空头进场,2026-05-20 10:30,short,2107.37,0.949,1999.89413,-5.86,-0.29,2.84,0.14,-6.59,-0.33,869.75,0.09
2536,多头出场,2026-05-20 11:30,short,2109.8,0.9462,1999.84101,-3.55,-0.18,0,0.00,-4.62,-0.23,866.21,0.09
2536,多头进场,2026-05-20 11:00,long,2113.55,0.9462,1999.84101,-3.55,-0.18,0,0.00,-4.62,-0.23,866.21,0.09
2537,空头出场,2026-05-20 12:00,long,2110.98,0.9479,1999.87942,-1.12,-0.06,0,0.00,-3,-0.15,865.09,0.09
2537,空头进场,2026-05-20 11:30,short,2109.8,0.9479,1999.87942,-1.12,-0.06,0,0.00,-3,-0.15,865.09,0.09
2538,多头出场,2026-05-20 17:30,short,2127.53,0.9474,1999.942452,15.68,0.78,23.56,1.18,-5.21,-0.26,880.77,0.09
2538,多头进场,2026-05-20 12:00,long,2110.98,0.9474,1999.942452,15.68,0.78,23.56,1.18,-5.21,-0.26,880.77,0.09
2539,空头出场,2026-05-20 18:00,long,2131.26,0.94,1999.8782,-3.51,-0.18,0,0.00,-4.46,-0.22,877.26,0.09
2539,空头进场,2026-05-20 17:30,short,2127.53,0.94,1999.8782,-3.51,-0.18,0,0.00,-4.46,-0.22,877.26,0.09
2540,多头出场,2026-05-20 18:30,short,2128.95,0.9384,1999.974384,-2.17,-0.11,3.59,0.18,-2.18,-0.11,875.09,0.09
2540,多头进场,2026-05-20 18:00,long,2131.26,0.9384,1999.974384,-2.17,-0.11,3.59,0.18,-2.18,-0.11,875.09,0.09
2541,空头出场,2026-05-20 20:00,long,2129.29,0.9394,1999.93563,-0.32,-0.02,6.03,0.30,-1.92,-0.10,874.77,0.09
2541,空头进场,2026-05-20 18:30,short,2128.95,0.9394,1999.93563,-0.32,-0.02,6.03,0.30,-1.92,-0.10,874.77,0.09
2542,多头出场,2026-05-20 21:00,short,2124.89,0.9392,1999.829168,-4.13,-0.21,7.62,0.38,-5.05,-0.25,870.64,0.09
2542,多头进场,2026-05-20 20:00,long,2129.29,0.9392,1999.829168,-4.13,-0.21,7.62,0.38,-5.05,-0.25,870.64,0.09
2543,空头出场,2026-05-20 22:00,long,2129.24,0.9412,1999.946468,-4.09,-0.20,11.37,0.57,-11.66,-0.58,866.55,0.09
2543,空头进场,2026-05-20 21:00,short,2124.89,0.9412,1999.946468,-4.09,-0.20,11.37,0.57,-11.66,-0.58,866.55,0.09
2544,多头出场,2026-05-21 00:00,short,2125.16,0.9393,1999.995132,-3.83,-0.19,16.02,0.80,-6.42,-0.32,862.71,0.09
2544,多头进场,2026-05-20 22:00,long,2129.24,0.9393,1999.995132,-3.83,-0.19,16.02,0.80,-6.42,-0.32,862.71,0.09
2545,空头出场,2026-05-21 00:30,long,2133.64,0.9411,1999.988076,-7.98,-0.40,1.65,0.08,-10.06,-0.50,854.73,0.09
2545,空头进场,2026-05-21 00:00,short,2125.16,0.9411,1999.988076,-7.98,-0.40,1.65,0.08,-10.06,-0.50,854.73,0.09
2546,多头出场,2026-05-21 02:00,short,2133.89,0.9373,1999.860772,0.23,0.01,12.36,0.62,-3.02,-0.15,854.97,0.09
2546,多头进场,2026-05-21 00:30,long,2133.64,0.9373,1999.860772,0.23,0.01,12.36,0.62,-3.02,-0.15,854.97,0.09
2547,空头出场,2026-05-21 03:00,long,2135.85,0.9372,1999.881708,-1.84,-0.09,6.13,0.31,-1.89,-0.09,853.13,0.09
2547,空头进场,2026-05-21 02:00,short,2133.89,0.9372,1999.881708,-1.84,-0.09,6.13,0.31,-1.89,-0.09,853.13,0.09
2548,多头出场,2026-05-21 04:00,short,2134.71,0.9363,1999.796355,-1.07,-0.05,3.31,0.17,-7.55,-0.38,852.06,0.09
2548,多头进场,2026-05-21 03:00,long,2135.85,0.9363,1999.796355,-1.07,-0.05,3.31,0.17,-7.55,-0.38,852.06,0.09
2549,空头出场,2026-05-21 07:30,long,2127.66,0.9368,1999.796328,6.6,0.33,16.86,0.84,-1.83,-0.09,858.67,0.09
2549,空头进场,2026-05-21 04:00,short,2134.71,0.9368,1999.796328,6.6,0.33,16.86,0.84,-1.83,-0.09,858.67,0.09
2550,多头出场,2026-05-21 13:00,short,2139.55,0.9399,1999.787634,11.18,0.56,25.25,1.26,-1.01,-0.05,869.84,0.09
2550,多头进场,2026-05-21 07:30,long,2127.66,0.9399,1999.787634,11.18,0.56,25.25,1.26,-1.01,-0.05,869.84,0.09
2551,空头出场,2026-05-21 15:30,long,2132.98,0.9347,1999.837385,6.14,0.31,15.96,0.80,-0.11,-0.01,875.99,0.09
2551,空头进场,2026-05-21 13:00,short,2139.55,0.9347,1999.837385,6.14,0.31,15.96,0.80,-0.11,-0.01,875.99,0.09
2552,多头出场,2026-05-21 17:30,short,2125.9,0.9376,1999.882048,-6.64,-0.33,12.19,0.61,-6.69,-0.33,869.35,0.09
2552,多头进场,2026-05-21 15:30,long,2132.98,0.9376,1999.882048,-6.64,-0.33,12.19,0.61,-6.69,-0.33,869.35,0.09
2553,空头出场,2026-05-21 20:30,long,2115.07,0.9407,1999.83413,10.19,0.51,16.89,0.84,-1.71,-0.09,879.53,0.09
2553,空头进场,2026-05-21 17:30,short,2125.9,0.9407,1999.83413,10.19,0.51,16.89,0.84,-1.71,-0.09,879.53,0.09
2554,多头出场,2026-05-22 02:30,short,2124.46,0.9455,1999.798685,8.88,0.44,34.38,1.72,-11.18,-0.56,888.41,0.09
2554,多头进场,2026-05-21 20:30,long,2115.07,0.9455,1999.798685,8.88,0.44,34.38,1.72,-11.18,-0.56,888.41,0.09
2555,空头出场,2026-05-22 03:30,long,2140.63,0.9414,1999.966644,-15.22,-0.76,0.08,0.00,-17.72,-0.89,873.19,0.09
2555,空头进场,2026-05-22 02:30,short,2124.46,0.9414,1999.966644,-15.22,-0.76,0.08,0.00,-17.72,-0.89,873.19,0.09
2556,多头出场,2026-05-22 05:30,short,2133.08,0.9343,1999.990609,-7.05,-0.35,0.6,0.03,-8.02,-0.40,866.14,0.09
2556,多头进场,2026-05-22 03:30,long,2140.63,0.9343,1999.990609,-7.05,-0.35,0.6,0.03,-8.02,-0.40,866.14,0.09
2557,空头出场,2026-05-22 09:30,long,2133.94,0.9376,1999.975808,-0.81,-0.04,8.54,0.43,-1.83,-0.09,865.33,0.09
2557,空头进场,2026-05-22 05:30,short,2133.08,0.9376,1999.975808,-0.81,-0.04,8.54,0.43,-1.83,-0.09,865.33,0.09
2558,多头出场,2026-05-22 12:30,short,2132.08,0.9372,1999.928568,-1.74,-0.09,5.11,0.26,-2.99,-0.15,863.59,0.09
2558,多头进场,2026-05-22 09:30,long,2133.94,0.9372,1999.928568,-1.74,-0.09,5.11,0.26,-2.99,-0.15,863.59,0.09
2559,空头出场,2026-05-22 15:00,long,2129.43,0.938,1999.89104,2.49,0.12,10.97,0.55,-1.85,-0.09,866.07,0.09
2559,空头进场,2026-05-22 12:30,short,2132.08,0.938,1999.89104,2.49,0.12,10.97,0.55,-1.85,-0.09,866.07,0.09
2560,多头出场,2026-05-22 15:30,short,2126.82,0.9392,1999.960656,-2.45,-0.12,1.25,0.06,-2.53,-0.13,863.62,0.09
2560,多头进场,2026-05-22 15:00,long,2129.43,0.9392,1999.960656,-2.45,-0.12,1.25,0.06,-2.53,-0.13,863.62,0.09
2561,空头出场,2026-05-22 16:00,long,2129.91,0.9403,1999.848846,-2.91,-0.15,2.54,0.13,-4.27,-0.21,860.72,0.09
2561,空头进场,2026-05-22 15:30,short,2126.82,0.9403,1999.848846,-2.91,-0.15,2.54,0.13,-4.27,-0.21,860.72,0.09
2562,多头出场,2026-05-22 16:30,short,2120.39,0.939,1999.98549,-8.94,-0.45,0.52,0.03,-10.72,-0.54,851.78,0.09
2562,多头进场,2026-05-22 16:00,long,2129.91,0.939,1999.98549,-8.94,-0.45,0.52,0.03,-10.72,-0.54,851.78,0.09
2563,空头出场,2026-05-22 19:00,long,2122.51,0.9432,1999.951848,-2,-0.10,2.89,0.14,-2.86,-0.14,849.78,0.08
2563,空头进场,2026-05-22 16:30,short,2120.39,0.9432,1999.951848,-2,-0.10,2.89,0.14,-2.86,-0.14,849.78,0.08
2564,多头出场,2026-05-22 22:00,short,2116.26,0.9422,1999.828922,-5.89,-0.29,12.46,0.62,-11,-0.55,843.89,0.08
2564,多头进场,2026-05-22 19:00,long,2122.51,0.9422,1999.828922,-5.89,-0.29,12.46,0.62,-11,-0.55,843.89,0.08
2565,空头出场,2026-05-23 00:30,long,2120.89,0.945,1999.8657,-4.38,-0.22,5.07,0.25,-6.8,-0.34,839.51,0.08
2565,空头进场,2026-05-22 22:00,short,2116.26,0.945,1999.8657,-4.38,-0.22,5.07,0.25,-6.8,-0.34,839.51,0.08
2566,多头出场,2026-05-23 01:30,short,2117.7,0.943,1999.99927,-3.01,-0.15,6.59,0.33,-3.23,-0.16,836.5,0.08
2566,多头进场,2026-05-23 00:30,long,2120.89,0.943,1999.99927,-3.01,-0.15,6.59,0.33,-3.23,-0.16,836.5,0.08
2567,空头出场,2026-05-23 09:00,long,2066.06,0.9444,1999.95588,48.77,2.44,62.17,3.11,-1.74,-0.09,885.27,0.09
2567,空头进场,2026-05-23 01:30,short,2117.7,0.9444,1999.95588,48.77,2.44,62.17,3.11,-1.74,-0.09,885.27,0.09
2568,多头出场,2026-05-23 12:00,short,2064.75,0.968,1999.94608,-1.27,-0.06,3.37,0.17,-4.61,-0.23,884.01,0.09
2568,多头进场,2026-05-23 09:00,long,2066.06,0.968,1999.94608,-1.27,-0.06,3.37,0.17,-4.61,-0.23,884.01,0.09
2569,空头出场,2026-05-23 18:30,long,2029.08,0.9686,1999.91685,34.55,1.73,53.04,2.65,-2.31,-0.12,918.56,0.09
2569,空头进场,2026-05-23 12:00,short,2064.75,0.9686,1999.91685,34.55,1.73,53.04,2.65,-2.31,-0.12,918.56,0.09
2570,多头出场,2026-05-23 20:00,short,2026.84,0.9856,1999.861248,-2.21,-0.11,3.96,0.20,-4.09,-0.20,916.35,0.09
2570,多头进场,2026-05-23 18:30,long,2029.08,0.9856,1999.861248,-2.21,-0.11,3.96,0.20,-4.09,-0.20,916.35,0.09
2571,空头出场,2026-05-23 20:30,long,2028.64,0.9867,1999.883028,-1.78,-0.09,0,0.00,-2.15,-0.11,914.57,0.09
2571,空头进场,2026-05-23 20:00,short,2026.84,0.9867,1999.883028,-1.78,-0.09,0,0.00,-2.15,-0.11,914.57,0.09
2572,多头出场,2026-05-24 08:00,short,2112.92,0.9858,1999.833312,83.08,4.15,116.24,5.81,-0.04,0.00,997.66,0.10
2572,多头进场,2026-05-23 20:30,long,2028.64,0.9858,1999.833312,83.08,4.15,116.24,5.81,-0.04,0.00,997.66,0.10
2573,空头出场,2026-05-24 08:30,long,2116.51,0.9465,1999.87878,-3.4,-0.17,0.19,0.01,-5.2,-0.26,994.26,0.10
2573,空头进场,2026-05-24 08:00,short,2112.92,0.9465,1999.87878,-3.4,-0.17,0.19,0.01,-5.2,-0.26,994.26,0.10
2574,多头出场,2026-05-24 10:00,short,2117.39,0.9449,1999.890299,0.83,0.04,5.7,0.28,-0.88,-0.04,995.09,0.10
2574,多头进场,2026-05-24 08:30,long,2116.51,0.9449,1999.890299,0.83,0.04,5.7,0.28,-0.88,-0.04,995.09,0.10
2575,空头出场,2026-05-24 11:00,long,2121.05,0.9445,1999.874855,-3.46,-0.17,0.12,0.01,-6.2,-0.31,991.63,0.10
2575,空头进场,2026-05-24 10:00,short,2117.39,0.9445,1999.874855,-3.46,-0.17,0.12,0.01,-6.2,-0.31,991.63,0.10
2576,多头出场,2026-05-24 11:30,short,2116.44,0.9429,1999.938045,-4.35,-0.22,0.09,0.00,-6.39,-0.32,987.29,0.10
2576,多头进场,2026-05-24 11:00,long,2121.05,0.9429,1999.938045,-4.35,-0.22,0.09,0.00,-6.39,-0.32,987.29,0.10
2577,空头出场,2026-05-24 14:30,long,2125.37,0.9449,1999.824156,-8.44,-0.42,5.11,0.26,-10.12,-0.51,978.85,0.10
2577,空头进场,2026-05-24 11:30,short,2116.44,0.9449,1999.824156,-8.44,-0.42,5.11,0.26,-10.12,-0.51,978.85,0.10
2578,多头出场,2026-05-24 15:30,short,2118.28,0.941,1999.97317,-6.67,-0.33,1.2,0.06,-7.88,-0.39,972.18,0.10
2578,多头进场,2026-05-24 14:30,long,2125.37,0.941,1999.97317,-6.67,-0.33,1.2,0.06,-7.88,-0.39,972.18,0.10
2579,空头出场,2026-05-24 17:30,long,2120.75,0.9441,1999.868148,-2.33,-0.12,1.82,0.09,-2.95,-0.15,969.84,0.10
2579,空头进场,2026-05-24 15:30,short,2118.28,0.9441,1999.868148,-2.33,-0.12,1.82,0.09,-2.95,-0.15,969.84,0.10
2580,多头出场,2026-05-24 18:30,short,2119.59,0.943,1999.86725,-1.09,-0.05,6.15,0.31,-3.73,-0.19,968.75,0.10
2580,多头进场,2026-05-24 17:30,long,2120.75,0.943,1999.86725,-1.09,-0.05,6.15,0.31,-3.73,-0.19,968.75,0.10
2581,空头出场,2026-05-24 19:00,long,2122.37,0.9435,1999.833165,-2.62,-0.13,0.08,0.00,-4.91,-0.25,966.13,0.10
2581,空头进场,2026-05-24 18:30,short,2119.59,0.9435,1999.833165,-2.62,-0.13,0.08,0.00,-4.91,-0.25,966.13,0.10
2582,多头出场,2026-05-24 20:00,short,2116.18,0.9423,1999.909251,-5.83,-0.29,2.01,0.10,-5.94,-0.30,960.29,0.10
2582,多头进场,2026-05-24 19:00,long,2122.37,0.9423,1999.909251,-5.83,-0.29,2.01,0.10,-5.94,-0.30,960.29,0.10
2583,空头出场,2026-05-25 00:00,long,2099.42,0.945,1999.7901,15.84,0.79,36.36,1.82,-2.67,-0.13,976.13,0.10
2583,空头进场,2026-05-24 20:00,short,2116.18,0.945,1999.7901,15.84,0.79,36.36,1.82,-2.67,-0.13,976.13,0.10
2584,多头出场,2026-05-25 02:00,short,2097.92,0.9526,1999.907492,-1.43,-0.07,4.23,0.21,-6.01,-0.30,974.7,0.10
2584,多头进场,2026-05-25 00:00,long,2099.42,0.9526,1999.907492,-1.43,-0.07,4.23,0.21,-6.01,-0.30,974.7,0.10
2585,空头出场,2026-05-25 03:30,long,2098.15,0.9533,1999.947136,-0.22,-0.01,4.09,0.20,-1.83,-0.09,974.48,0.10
2585,空头进场,2026-05-25 02:00,short,2097.92,0.9533,1999.947136,-0.22,-0.01,4.09,0.20,-1.83,-0.09,974.48,0.10
2586,多头出场,2026-05-25 04:00,short,2092.07,0.9532,1999.95658,-5.8,-0.29,1.12,0.06,-7.83,-0.39,968.69,0.10
2586,多头进场,2026-05-25 03:30,long,2098.15,0.9532,1999.95658,-5.8,-0.29,1.12,0.06,-7.83,-0.39,968.69,0.10
2587,空头出场,2026-05-25 06:00,long,2093,0.9559,1999.809713,-0.89,-0.04,30.02,1.50,-4.36,-0.22,967.8,0.10
2587,空头进场,2026-05-25 04:00,short,2092.07,0.9559,1999.809713,-0.89,-0.04,30.02,1.50,-4.36,-0.22,967.8,0.10
2588,多头出场,2026-05-25 08:00,开盘价,2103.45,0.9555,1999.8615,9.98,0.50,11.27,0.56,-8.14,-0.41,977.78,0.10
2588,多头进场,2026-05-25 06:00,long,2093,0.9555,1999.8615,9.98,0.50,11.27,0.56,-8.14,-0.41,977.78,0.10