交易 #,类型,日期和时间,信号,价格 USD,大小（数量）,大小（价值）,净损益 USD,净损益 %,有利波动 USD,有利波动 %,不利波动 USD,不利波动 %,累计P&L USD,累计P&L %
1,多头出场,2025-10-29 16:30,XL,4007.86,0.497,1999.59998,-7.69,-0.38,6.67,0.33,-7.69,-0.38,-7.69,0.00
1,多头进场,2025-10-29 13:00,long,4023.34,0.497,1999.59998,-7.69,-0.38,6.67,0.33,-7.69,-0.38,-7.69,0.00
2,多头出场,2025-10-29 21:30,XL,4004.26,0.4979,1999.989615,-6.27,-0.31,6.69,0.33,-6.27,-0.31,-13.96,0.00
2,多头进场,2025-10-29 20:30,long,4016.85,0.4979,1999.989615,-6.27,-0.31,6.69,0.33,-6.27,-0.31,-13.96,0.00
3,多头出场,2025-10-30 02:30,XL,3980.93,0.4982,1999.89935,-16.6,-0.83,2.06,0.10,-16.6,-0.83,-30.56,0.00
3,多头进场,2025-10-30 01:30,long,4014.25,0.4982,1999.89935,-16.6,-0.83,2.06,0.10,-16.6,-0.83,-30.56,0.00
4,多头出场,2025-10-30 12:00,XL,3910.82,0.507,1999.96797,-17.18,-0.86,2.24,0.11,-17.18,-0.86,-47.74,0.00
4,多头进场,2025-10-30 10:00,long,3944.71,0.507,1999.96797,-17.18,-0.86,2.24,0.11,-17.18,-0.86,-47.74,0.00
5,多头出场,2025-10-30 17:00,XL,3898.91,0.5082,1999.726344,-18.3,-0.92,3.56,0.18,-18.3,-0.92,-66.04,-0.01
5,多头进场,2025-10-30 15:00,long,3934.92,0.5082,1999.726344,-18.3,-0.92,3.56,0.18,-18.3,-0.92,-66.04,-0.01
6,多头出场,2025-10-31 08:00,Close entry(s) order long,3809.31,0.5285,1999.764725,13.46,0.67,16.04,0.80,-5.12,-0.26,-52.59,-0.01
6,多头进场,2025-10-31 06:30,long,3783.85,0.5285,1999.764725,13.46,0.67,16.04,0.80,-5.12,-0.26,-52.59,-0.01
7,空头出场,2025-10-31 22:00,XS,3869.12,0.5214,1999.991334,-17.37,-0.87,1.95,0.10,-18.89,-0.94,-69.96,-0.01
7,空头进场,2025-10-31 20:30,short,3835.81,0.5214,1999.991334,-17.37,-0.87,1.95,0.10,-18.89,-0.94,-69.96,-0.01
8,空头出场,2025-11-01 02:30,XS,3845.44,0.5232,1999.911072,-12.02,-0.60,8.28,0.41,-12.02,-0.60,-81.98,-0.01
8,空头进场,2025-11-01 00:30,short,3822.46,0.5232,1999.911072,-12.02,-0.60,8.28,0.41,-12.02,-0.60,-81.98,-0.01
9,空头出场,2025-11-01 12:00,XS,3863.73,0.5191,1999.72893,-5.93,-0.30,10.73,0.54,-7.27,-0.36,-87.91,-0.01
9,空头进场,2025-11-01 05:00,short,3852.3,0.5191,1999.72893,-5.93,-0.30,10.73,0.54,-7.27,-0.36,-87.91,-0.01
10,空头出场,2025-11-01 16:30,XS,3873.59,0.5188,1999.79242,-9.83,-0.49,1.21,0.06,-9.83,-0.49,-97.74,-0.01
10,空头进场,2025-11-01 13:30,short,3854.65,0.5188,1999.79242,-9.83,-0.49,1.21,0.06,-9.83,-0.49,-97.74,-0.01
11,空头出场,2025-11-01 23:00,XS,3878.66,0.5175,1999.9512,-7.26,-0.36,1.78,0.09,-7.26,-0.36,-104.99,-0.01
11,空头进场,2025-11-01 22:00,short,3864.64,0.5175,1999.9512,-7.26,-0.36,1.78,0.09,-7.26,-0.36,-104.99,-0.01
12,空头出场,2025-11-02 04:00,XS,3882.31,0.517,1999.9628,-7.19,-0.36,3.05,0.15,-7.19,-0.36,-112.19,-0.01
12,空头进场,2025-11-02 01:00,short,3868.4,0.517,1999.9628,-7.19,-0.36,3.05,0.15,-7.19,-0.36,-112.19,-0.01
13,空头出场,2025-11-02 10:30,XS,3883.73,0.5172,1999.950336,-8.71,-0.44,3.07,0.15,-8.71,-0.44,-120.9,-0.01
13,空头进场,2025-11-02 05:30,short,3866.88,0.5172,1999.950336,-8.71,-0.44,3.07,0.15,-8.71,-0.44,-120.9,-0.01
14,空头出场,2025-11-02 18:00,Close entry(s) order short,3858.04,0.5165,1999.74338,7.07,0.35,7.61,0.38,-1.68,-0.08,-113.84,-0.01
14,空头进场,2025-11-02 17:30,short,3871.72,0.5165,1999.74338,7.07,0.35,7.61,0.38,-1.68,-0.08,-113.84,-0.01
15,多头出场,2025-11-02 20:30,XL,3872.05,0.5141,1999.869564,-9.25,-0.46,1.66,0.08,-9.25,-0.46,-123.08,-0.01
15,多头进场,2025-11-02 19:30,long,3890.04,0.5141,1999.869564,-9.25,-0.46,1.66,0.08,-9.25,-0.46,-123.08,-0.01
16,多头出场,2025-11-03 07:30,Close entry(s) order long,3905.53,0.5163,1999.702182,16.72,0.84,21.49,1.07,-0.9,-0.05,-106.36,-0.01
16,多头进场,2025-11-03 07:00,long,3873.14,0.5163,1999.702182,16.72,0.84,21.49,1.07,-0.9,-0.05,-106.36,-0.01
17,空头出场,2025-11-03 09:00,Close entry(s) order short,3848.53,0.5174,1999.745826,8.52,0.43,11.9,0.60,-0.01,0.00,-97.84,-0.01
17,空头进场,2025-11-03 08:30,short,3864.99,0.5174,1999.745826,8.52,0.43,11.9,0.60,-0.01,0.00,-97.84,-0.01
18,多头出场,2025-11-04 13:00,XL,3606.49,0.5511,1999.963944,-12.43,-0.62,13.58,0.68,-12.43,-0.62,-110.27,-0.01
18,多头进场,2025-11-04 09:00,long,3629.04,0.5511,1999.963944,-12.43,-0.62,13.58,0.68,-12.43,-0.62,-110.27,-0.01
19,多头出场,2025-11-04 23:30,XL,3535.34,0.5624,1999.72568,-11.45,-0.57,17.41,0.87,-11.45,-0.57,-121.72,-0.01
19,多头进场,2025-11-04 22:30,long,3555.7,0.5624,1999.72568,-11.45,-0.57,17.41,0.87,-11.45,-0.57,-121.72,-0.01
20,多头出场,2025-11-05 16:00,XL,3289.93,0.6016,1999.910912,-20.69,-1.03,16.78,0.84,-20.69,-1.03,-142.41,-0.01
20,多头进场,2025-11-05 10:30,long,3324.32,0.6016,1999.910912,-20.69,-1.03,16.78,0.84,-20.69,-1.03,-142.41,-0.01
21,多头出场,2025-11-05 20:00,Close entry(s) order long,3354.48,0.6019,1999.836826,19.22,0.96,21.11,1.06,-5.9,-0.29,-123.19,-0.01
21,多头进场,2025-11-05 19:30,long,3322.54,0.6019,1999.836826,19.22,0.96,21.11,1.06,-5.9,-0.29,-123.19,-0.01
22,空头出场,2025-11-06 10:30,XS,3415.17,0.5875,1999.867625,-6.54,-0.33,16.8,0.84,-6.68,-0.33,-129.73,-0.01
22,空头进场,2025-11-06 08:00,short,3404.03,0.5875,1999.867625,-6.54,-0.33,16.8,0.84,-6.68,-0.33,-129.73,-0.01
23,空头出场,2025-11-06 18:30,XS,3402.39,0.5859,1999.817316,6.36,0.32,27.16,1.36,-0.95,-0.05,-123.37,-0.01
23,空头进场,2025-11-06 13:00,short,3413.24,0.5859,1999.817316,6.36,0.32,27.16,1.36,-0.95,-0.05,-123.37,-0.01
24,多头出场,2025-11-07 12:30,XL,3319.11,0.5978,1999.82034,-15.66,-0.78,11.17,0.56,-15.66,-0.78,-139.03,-0.01
24,多头进场,2025-11-07 10:30,long,3345.3,0.5978,1999.82034,-15.66,-0.78,11.17,0.56,-15.66,-0.78,-139.03,-0.01
25,多头出场,2025-11-07 23:00,Close entry(s) order long,3308.55,0.6085,1999.93261,13.32,0.67,18.28,0.91,-14.85,-0.74,-125.71,-0.01
25,多头进场,2025-11-07 22:30,long,3286.66,0.6085,1999.93261,13.32,0.67,18.28,0.91,-14.85,-0.74,-125.71,-0.01
26,空头出场,2025-11-08 22:00,Close entry(s) order short,3383.99,0.5862,1999.686474,15.99,0.80,23.03,1.15,-2.79,-0.14,-109.72,-0.01
26,空头进场,2025-11-08 19:30,short,3411.27,0.5862,1999.686474,15.99,0.80,23.03,1.15,-2.79,-0.14,-109.72,-0.01
27,多头出场,2025-11-09 08:00,XL,3387.13,0.5881,1999.992837,-8.02,-0.40,7.06,0.35,-8.02,-0.40,-117.74,-0.01
27,多头进场,2025-11-09 05:00,long,3400.77,0.5881,1999.992837,-8.02,-0.40,7.06,0.35,-8.02,-0.40,-117.74,-0.01
28,多头出场,2025-11-09 10:30,XL,3374.04,0.5881,1999.828169,-15.56,-0.78,0.01,0.00,-15.56,-0.78,-133.3,-0.01
28,多头进场,2025-11-09 09:30,long,3400.49,0.5881,1999.828169,-15.56,-0.78,0.01,0.00,-15.56,-0.78,-133.3,-0.01
29,多头出场,2025-11-09 15:30,Close entry(s) order long,3422.35,0.5871,1999.95615,9.31,0.47,10.49,0.52,-8.42,-0.42,-123.99,-0.01
29,多头进场,2025-11-09 13:00,long,3406.5,0.5871,1999.95615,9.31,0.47,10.49,0.52,-8.42,-0.42,-123.99,-0.01
30,空头出场,2025-11-09 19:00,XS,3408.07,0.5881,1999.881098,-4.4,-0.22,10.87,0.54,-4.4,-0.22,-128.4,-0.01
30,空头进场,2025-11-09 17:30,short,3400.58,0.5881,1999.881098,-4.4,-0.22,10.87,0.54,-4.4,-0.22,-128.4,-0.01
31,空头出场,2025-11-10 17:30,XS,3618.85,0.5564,1999.740548,-13.79,-0.69,4.28,0.21,-13.79,-0.69,-142.18,-0.01
31,空头进场,2025-11-10 16:30,short,3594.07,0.5564,1999.740548,-13.79,-0.69,4.28,0.21,-13.79,-0.69,-142.18,-0.01
32,空头出场,2025-11-10 21:00,XS,3616.99,0.5567,1999.855678,-13.72,-0.69,2.25,0.11,-13.72,-0.69,-155.91,-0.02
32,空头进场,2025-11-10 20:00,short,3592.34,0.5567,1999.855678,-13.72,-0.69,2.25,0.11,-13.72,-0.69,-155.91,-0.02
33,多头出场,2025-11-11 05:00,XL,3544.76,0.5608,1999.650168,-11.75,-0.59,10.13,0.51,-11.75,-0.59,-167.65,-0.02
33,多头进场,2025-11-11 04:00,long,3565.71,0.5608,1999.650168,-11.75,-0.59,10.13,0.51,-11.75,-0.59,-167.65,-0.02
34,多头出场,2025-11-11 09:00,Close entry(s) order long,3618.94,0.5593,1999.83308,24.24,1.21,40.1,2.00,-12.52,-0.63,-143.41,-0.01
34,多头进场,2025-11-11 06:30,long,3575.6,0.5593,1999.83308,24.24,1.21,40.1,2.00,-12.52,-0.63,-143.41,-0.01
35,空头出场,2025-11-11 17:00,XS,3570.24,0.5595,1999.860015,2.31,0.12,22.75,1.14,-0.32,-0.02,-141.1,-0.01
35,空头进场,2025-11-11 12:30,short,3574.37,0.5595,1999.860015,2.31,0.12,22.75,1.14,-0.32,-0.02,-141.1,-0.01
36,空头出场,2025-11-11 20:00,XS,3582.47,0.5625,1999.9575,-15.18,-0.76,3.77,0.19,-15.18,-0.76,-156.29,-0.02
36,空头进场,2025-11-11 17:30,short,3555.48,0.5625,1999.9575,-15.18,-0.76,3.77,0.19,-15.18,-0.76,-156.29,-0.02
37,空头出场,2025-11-11 22:30,XS,3492.29,0.5609,1999.900168,41.07,2.05,41.07,2.05,-3.48,-0.17,-115.21,-0.01
37,空头进场,2025-11-11 20:00,short,3565.52,0.5609,1999.900168,41.07,2.05,41.07,2.05,-3.48,-0.17,-115.21,-0.01
38,多头出场,2025-11-12 15:30,XL,3426.52,0.5792,1999.925472,-15.29,-0.76,0,0.00,-15.29,-0.76,-130.5,-0.01
38,多头进场,2025-11-12 14:00,long,3452.91,0.5792,1999.925472,-15.29,-0.76,0,0.00,-15.29,-0.76,-130.5,-0.01
39,多头出场,2025-11-12 18:00,Close entry(s) order long,3509.19,0.5782,1999.716264,29.3,1.47,31.95,1.60,-1.9,-0.10,-101.2,-0.01
39,多头进场,2025-11-12 16:00,long,3458.52,0.5782,1999.716264,29.3,1.47,31.95,1.60,-1.9,-0.10,-101.2,-0.01
40,多头出场,2025-11-13 11:00,XL,3405.1,0.5824,1999.775232,-16.64,-0.83,13.49,0.67,-16.64,-0.83,-117.84,-0.01
40,多头进场,2025-11-13 09:00,long,3433.68,0.5824,1999.775232,-16.64,-0.83,13.49,0.67,-16.64,-0.83,-117.84,-0.01
41,空头出场,2025-11-13 21:30,Close entry(s) order short,3438.16,0.5737,1999.964096,27.49,1.37,33.28,1.66,-18.23,-0.91,-90.35,-0.01
41,空头进场,2025-11-13 17:30,short,3486.08,0.5737,1999.964096,27.49,1.37,33.28,1.66,-18.23,-0.91,-90.35,-0.01
42,多头出场,2025-11-15 00:00,Close entry(s) order long,3236.22,0.6254,1999.972914,23.96,1.20,31.55,1.58,-23.43,-1.17,-66.39,-0.01
42,多头进场,2025-11-14 22:30,long,3197.91,0.6254,1999.972914,23.96,1.20,31.55,1.58,-23.43,-1.17,-66.39,-0.01
43,空头出场,2025-11-15 09:30,XS,3152.24,0.6293,1999.934279,16.23,0.81,55.89,2.79,-25.91,-1.30,-50.16,-0.01
43,空头进场,2025-11-15 01:30,short,3178.03,0.6293,1999.934279,16.23,0.81,55.89,2.79,-25.91,-1.30,-50.16,-0.01
44,空头出场,2025-11-15 21:00,XS,3178.47,0.6336,1999.8,-14.08,-0.70,14.24,0.71,-14.08,-0.70,-64.24,-0.01
44,空头进场,2025-11-15 16:00,short,3156.25,0.6336,1999.8,-14.08,-0.70,14.24,0.71,-14.08,-0.70,-64.24,-0.01
45,空头出场,2025-11-16 01:00,XS,3195.9,0.6313,1999.863705,-17.71,-0.89,1.61,0.08,-17.71,-0.89,-81.95,-0.01
45,空头进场,2025-11-16 00:00,short,3167.85,0.6313,1999.863705,-17.71,-0.89,1.61,0.08,-17.71,-0.89,-81.95,-0.01
46,空头出场,2025-11-16 08:00,Close entry(s) order short,3149.19,0.6304,1999.962912,14.71,0.74,16.33,0.82,-8.61,-0.43,-67.24,-0.01
46,空头进场,2025-11-16 04:30,short,3172.53,0.6304,1999.962912,14.71,0.74,16.33,0.82,-8.61,-0.43,-67.24,-0.01
47,多头出场,2025-11-16 10:30,Close entry(s) order long,3201.45,0.6296,1999.785888,15.85,0.79,16.55,0.83,-1.4,-0.07,-51.39,-0.01
47,多头进场,2025-11-16 10:00,long,3176.28,0.6296,1999.785888,15.85,0.79,16.55,0.83,-1.4,-0.07,-51.39,-0.01
48,多头出场,2025-11-17 10:00,Close entry(s) order long,3149.3,0.6409,1999.787452,18.6,0.93,24.19,1.21,-7.61,-0.38,-32.79,0.00
48,多头进场,2025-11-17 08:00,long,3120.28,0.6409,1999.787452,18.6,0.93,24.19,1.21,-7.61,-0.38,-32.79,0.00
49,空头出场,2025-11-17 21:30,Close entry(s) order short,3119.95,0.6355,1999.95663,17.23,0.86,33.38,1.67,-4.08,-0.20,-15.56,0.00
49,空头进场,2025-11-17 21:00,short,3147.06,0.6355,1999.95663,17.23,0.86,33.38,1.67,-4.08,-0.20,-15.56,0.00
50,多头出场,2025-11-18 21:30,XL,3027.17,0.6616,1999.877864,2.9,0.14,31.35,1.57,-0.44,-0.02,-12.66,0.00
50,多头进场,2025-11-18 15:30,long,3022.79,0.6616,1999.877864,2.9,0.14,31.35,1.57,-0.44,-0.02,-12.66,0.00
51,多头出场,2025-11-18 23:00,XL,3043.54,0.6567,1999.894479,-1.2,-0.06,28.64,1.43,-10.13,-0.51,-13.87,0.00
51,多头进场,2025-11-18 21:30,long,3045.37,0.6567,1999.894479,-1.2,-0.06,28.64,1.43,-10.13,-0.51,-13.87,0.00
52,空头出场,2025-11-19 12:00,Close entry(s) order short,3068.94,0.6461,1999.918557,17.08,0.85,21.39,1.07,-20.06,-1.00,3.21,0.00
52,空头进场,2025-11-19 05:30,short,3095.37,0.6461,1999.918557,17.08,0.85,21.39,1.07,-20.06,-1.00,3.21,0.00
53,空头出场,2025-11-19 18:00,XS,3100.63,0.6528,1999.996416,-24.09,-1.20,0.03,0.00,-24.09,-1.20,-20.88,0.00
53,空头进场,2025-11-19 17:00,short,3063.72,0.6528,1999.996416,-24.09,-1.20,0.03,0.00,-24.09,-1.20,-20.88,0.00
54,空头出场,2025-11-19 22:00,Close entry(s) order short,3026.35,0.6522,1999.932168,26.15,1.31,26.97,1.35,-1.86,-0.09,5.26,0.00
54,空头进场,2025-11-19 21:30,short,3066.44,0.6522,1999.932168,26.15,1.31,26.97,1.35,-1.86,-0.09,5.26,0.00
55,空头出场,2025-11-20 19:30,XS,3024.6,0.6641,1999.970355,-8.67,-0.43,13,0.65,-8.67,-0.43,-3.4,0.00
55,空头进场,2025-11-20 17:00,short,3011.55,0.6641,1999.970355,-8.67,-0.43,13,0.65,-8.67,-0.43,-3.4,0.00
56,空头出场,2025-11-20 22:00,XS,3010.11,0.6628,1999.939348,4.84,0.24,35.88,1.79,-17.7,-0.88,1.43,0.00
56,空头进场,2025-11-20 20:00,short,3017.41,0.6628,1999.939348,4.84,0.24,35.88,1.79,-17.7,-0.88,1.43,0.00
57,多头出场,2025-11-21 23:30,XL,2707.85,0.7224,1999.92828,-43.78,-2.19,3.21,0.16,-43.78,-2.19,-42.34,0.00
57,多头进场,2025-11-21 22:30,long,2768.45,0.7224,1999.92828,-43.78,-2.19,3.21,0.16,-43.78,-2.19,-42.34,0.00
58,多头出场,2025-11-22 01:00,Close entry(s) order long,2791.51,0.7246,1999.946722,22.78,1.14,31.19,1.56,-5.11,-0.26,-19.56,0.00
58,多头进场,2025-11-22 00:30,long,2760.07,0.7246,1999.946722,22.78,1.14,31.19,1.56,-5.11,-0.26,-19.56,0.00
59,空头出场,2025-11-22 05:30,XS,2771.82,0.7285,1999.856345,-19.41,-0.97,27.7,1.38,-33.57,-1.68,-38.98,0.00
59,空头进场,2025-11-22 02:00,short,2745.17,0.7285,1999.856345,-19.41,-0.97,27.7,1.38,-33.57,-1.68,-38.98,0.00
60,空头出场,2025-11-22 08:00,XS,2768.52,0.7273,1999.849537,-13.7,-0.68,28,1.40,-13.7,-0.68,-52.67,-0.01
60,空头进场,2025-11-22 06:00,short,2749.69,0.7273,1999.849537,-13.7,-0.68,28,1.40,-13.7,-0.68,-52.67,-0.01
61,空头出场,2025-11-22 14:30,XS,2765.61,0.7268,1999.761128,-10.28,-0.51,18.72,0.94,-10.28,-0.51,-62.96,-0.01
61,空头进场,2025-11-22 10:30,short,2751.46,0.7268,1999.761128,-10.28,-0.51,18.72,0.94,-10.28,-0.51,-62.96,-0.01
62,空头出场,2025-11-22 19:00,XS,2737.63,0.7331,1999.904131,-7.05,-0.35,17.98,0.90,-7.55,-0.38,-70.01,-0.01
62,空头进场,2025-11-22 16:00,short,2728.01,0.7331,1999.904131,-7.05,-0.35,17.98,0.90,-7.55,-0.38,-70.01,-0.01
63,空头出场,2025-11-23 06:00,XS,2758.72,0.7299,1999.896804,-13.69,-0.68,2.98,0.15,-13.69,-0.68,-83.7,-0.01
63,空头进场,2025-11-23 04:30,short,2739.96,0.7299,1999.896804,-13.69,-0.68,2.98,0.15,-13.69,-0.68,-83.7,-0.01
64,空头出场,2025-11-23 16:00,XS,2806.13,0.7191,1999.845864,-18.04,-0.90,1.05,0.05,-18.04,-0.90,-101.74,-0.01
64,空头进场,2025-11-23 15:00,short,2781.04,0.7191,1999.845864,-18.04,-0.90,1.05,0.05,-18.04,-0.90,-101.74,-0.01
65,空头出场,2025-11-24 03:00,XS,2815.49,0.7146,1999.729494,-12.22,-0.61,8.3,0.41,-12.42,-0.62,-113.96,-0.01
65,空头进场,2025-11-24 00:30,short,2798.39,0.7146,1999.729494,-12.22,-0.61,8.3,0.41,-12.42,-0.62,-113.96,-0.01
66,空头出场,2025-11-24 08:00,Close entry(s) order short,2784.28,0.7129,1999.741532,14.83,0.74,29.95,1.50,-1.19,-0.06,-99.13,-0.01
66,空头进场,2025-11-24 07:00,short,2805.08,0.7129,1999.741532,14.83,0.74,29.95,1.50,-1.19,-0.06,-99.13,-0.01
67,空头出场,2025-11-24 13:00,XS,2853.06,0.7108,1999.807368,-28.15,-1.41,0.28,0.01,-28.15,-1.41,-127.28,-0.01
67,空头进场,2025-11-24 12:00,short,2813.46,0.7108,1999.807368,-28.15,-1.41,0.28,0.01,-28.15,-1.41,-127.28,-0.01
68,空头出场,2025-11-24 21:00,XS,2821.92,0.707,1999.8202,4.72,0.24,28.97,1.45,-11.07,-0.55,-122.56,-0.01
68,空头进场,2025-11-24 15:00,short,2828.6,0.707,1999.8202,4.72,0.24,28.97,1.45,-11.07,-0.55,-122.56,-0.01
69,空头出场,2025-11-24 22:30,XS,2828.07,0.7104,1999.825728,-9.24,-0.46,20.47,1.02,-9.24,-0.46,-131.79,-0.01
69,空头进场,2025-11-24 21:30,short,2815.07,0.7104,1999.825728,-9.24,-0.46,20.47,1.02,-9.24,-0.46,-131.79,-0.01
70,空头出场,2025-11-25 12:30,XS,2941.1,0.6853,1999.91099,-15.62,-0.78,9.64,0.48,-15.62,-0.78,-147.42,-0.01
70,空头进场,2025-11-25 09:30,short,2918.3,0.6853,1999.91099,-15.62,-0.78,9.64,0.48,-15.62,-0.78,-147.42,-0.01
71,空头出场,2025-11-25 16:30,Close entry(s) order short,2871.15,0.6846,1999.894596,34.31,1.72,35.82,1.79,-10.09,-0.50,-113.11,-0.01
71,空头进场,2025-11-25 13:00,short,2921.26,0.6846,1999.894596,34.31,1.72,35.82,1.79,-10.09,-0.50,-113.11,-0.01
72,多头出场,2025-11-25 20:30,Close entry(s) order long,2926.58,0.6848,1999.828288,4.29,0.21,8.02,0.40,-4.98,-0.25,-108.82,-0.01
72,多头进场,2025-11-25 20:00,long,2920.31,0.6848,1999.828288,4.29,0.21,8.02,0.40,-4.98,-0.25,-108.82,-0.01
73,空头出场,2025-11-25 23:00,XS,2890.12,0.688,1999.8096,11.41,0.57,33.86,1.69,-9.65,-0.48,-97.41,-0.01
73,空头进场,2025-11-25 21:30,short,2906.7,0.688,1999.8096,11.41,0.57,33.86,1.69,-9.65,-0.48,-97.41,-0.01
74,空头出场,2025-11-26 04:00,XS,2924.83,0.6933,1999.816917,-27.97,-1.40,1.53,0.08,-27.97,-1.40,-125.38,-0.01
74,空头进场,2025-11-26 03:00,short,2884.49,0.6933,1999.816917,-27.97,-1.40,1.53,0.08,-27.97,-1.40,-125.38,-0.01
75,空头出场,2025-11-26 14:00,XS,2950.78,0.6835,1999.97568,-16.88,-0.84,4.03,0.20,-17.37,-0.87,-142.26,-0.01
75,空头进场,2025-11-26 11:30,short,2926.08,0.6835,1999.97568,-16.88,-0.84,4.03,0.20,-17.37,-0.87,-142.26,-0.01
76,空头出场,2025-11-26 20:00,Close entry(s) order short,2899.91,0.6806,1999.766144,26.09,1.30,34.1,1.71,-6.85,-0.34,-116.18,-0.01
76,空头进场,2025-11-26 14:00,short,2938.24,0.6806,1999.766144,26.09,1.30,34.1,1.71,-6.85,-0.34,-116.18,-0.01
77,多头出场,2025-11-26 22:30,XL,2912.84,0.6818,1999.842124,-13.87,-0.69,8.52,0.43,-13.87,-0.69,-130.04,-0.01
77,多头进场,2025-11-26 21:30,long,2933.18,0.6818,1999.842124,-13.87,-0.69,8.52,0.43,-13.87,-0.69,-130.04,-0.01
78,多头出场,2025-11-27 00:30,Close entry(s) order long,2944.94,0.6813,1999.785825,6.6,0.33,15.66,0.78,-17.96,-0.90,-123.44,-0.01
78,多头进场,2025-11-26 23:00,long,2935.25,0.6813,1999.785825,6.6,0.33,15.66,0.78,-17.96,-0.90,-123.44,-0.01
79,空头出场,2025-11-27 17:30,XS,3042.64,0.6615,1999.707885,-13,-0.65,3.17,0.16,-13,-0.65,-136.44,-0.01
79,空头进场,2025-11-27 16:00,short,3022.99,0.6615,1999.707885,-13,-0.65,3.17,0.16,-13,-0.65,-136.44,-0.01
80,空头出场,2025-11-27 23:00,XS,3009.02,0.6635,1999.97478,3.49,0.17,18.39,0.92,-1.76,-0.09,-132.95,-0.01
80,空头进场,2025-11-27 20:00,short,3014.28,0.6635,1999.97478,3.49,0.17,18.39,0.92,-1.76,-0.09,-132.95,-0.01
81,空头出场,2025-11-28 09:00,Close entry(s) order short,3001.7,0.6642,1999.886274,6.16,0.31,10.49,0.52,-8.57,-0.43,-126.79,-0.01
81,空头进场,2025-11-28 06:30,short,3010.97,0.6642,1999.886274,6.16,0.31,10.49,0.52,-8.57,-0.43,-126.79,-0.01
82,多头出场,2025-11-28 14:30,XL,3009.91,0.6628,1999.992372,-5.02,-0.25,7.37,0.37,-5.02,-0.25,-131.82,-0.01
82,多头进场,2025-11-28 12:30,long,3017.49,0.6628,1999.992372,-5.02,-0.25,7.37,0.37,-5.02,-0.25,-131.82,-0.01
83,多头出场,2025-11-28 15:30,XL,3001.84,0.6619,1999.944088,-13.03,-0.65,0.03,0.00,-13.81,-0.69,-144.84,-0.01
83,多头进场,2025-11-28 15:00,long,3021.52,0.6619,1999.944088,-13.03,-0.65,0.03,0.00,-13.81,-0.69,-144.84,-0.01
84,多头出场,2025-11-28 16:30,Close entry(s) order long,3063.68,0.6626,1999.812938,30.18,1.51,36.74,1.84,-1.86,-0.09,-114.66,-0.01
84,多头进场,2025-11-28 16:00,long,3018.13,0.6626,1999.812938,30.18,1.51,36.74,1.84,-1.86,-0.09,-114.66,-0.01
85,空头出场,2025-11-29 01:00,Close entry(s) order short,3017.63,0.66,1999.8264,8.19,0.41,11.73,0.59,-6.04,-0.30,-106.47,-0.01
85,空头进场,2025-11-29 00:00,short,3030.04,0.66,1999.8264,8.19,0.41,11.73,0.59,-6.04,-0.30,-106.47,-0.01
86,多头出场,2025-11-29 06:00,XL,3029.94,0.6573,1999.743228,-8.16,-0.41,11.59,0.58,-8.16,-0.41,-114.64,-0.01
86,多头进场,2025-11-29 02:30,long,3042.36,0.6573,1999.743228,-8.16,-0.41,11.59,0.58,-8.16,-0.41,-114.64,-0.01
87,多头出场,2025-11-29 14:00,XL,3024.11,0.6574,1999.77793,-11.73,-0.59,1.3,0.07,-11.73,-0.59,-126.36,-0.01
87,多头进场,2025-11-29 12:30,long,3041.95,0.6574,1999.77793,-11.73,-0.59,1.3,0.07,-11.73,-0.59,-126.36,-0.01
88,多头出场,2025-11-30 01:00,XL,2995.66,0.6648,1999.858008,-8.34,-0.42,2.67,0.13,-8.34,-0.42,-134.71,-0.01
88,多头进场,2025-11-29 23:30,long,3008.21,0.6648,1999.858008,-8.34,-0.42,2.67,0.13,-8.34,-0.42,-134.71,-0.01
89,多头出场,2025-11-30 10:30,XL,2997.56,0.6672,1999.771872,0.2,0.01,10.58,0.53,-1.13,-0.06,-134.51,-0.01
89,多头进场,2025-11-30 08:00,long,2997.26,0.6672,1999.771872,0.2,0.01,10.58,0.53,-1.13,-0.06,-134.51,-0.01
90,多头出场,2025-11-30 13:00,XL,2988.28,0.666,1999.9314,-9.74,-0.49,1.1,0.05,-9.74,-0.49,-144.24,-0.01
90,多头进场,2025-11-30 11:30,long,3002.9,0.666,1999.9314,-9.74,-0.49,1.1,0.05,-9.74,-0.49,-144.24,-0.01
91,多头出场,2025-11-30 16:00,Close entry(s) order long,3010.25,0.6669,1999.946403,7.59,0.38,13.61,0.68,-0.99,-0.05,-136.65,-0.01
91,多头进场,2025-11-30 14:00,long,2998.87,0.6669,1999.946403,7.59,0.38,13.61,0.68,-0.99,-0.05,-136.65,-0.01
92,空头出场,2025-12-01 06:00,XS,3036.02,0.6614,1999.895022,-8.13,-0.41,2.61,0.13,-8.13,-0.41,-144.78,-0.01
92,空头进场,2025-12-01 05:00,short,3023.73,0.6614,1999.895022,-8.13,-0.41,2.61,0.13,-8.13,-0.41,-144.78,-0.01
93,多头出场,2025-12-02 07:00,Close entry(s) order long,2813.01,0.7182,1999.878174,20.43,1.02,20.82,1.04,-0.06,0.00,-124.36,-0.01
93,多头进场,2025-12-02 05:00,long,2784.57,0.7182,1999.878174,20.43,1.02,20.82,1.04,-0.06,0.00,-124.36,-0.01
94,空头出场,2025-12-02 14:30,XS,2811.11,0.7165,1999.873305,-14.29,-0.71,3.72,0.19,-16.67,-0.83,-138.64,-0.01
94,空头进场,2025-12-02 11:00,short,2791.17,0.7165,1999.873305,-14.29,-0.71,3.72,0.19,-16.67,-0.83,-138.64,-0.01
95,空头出场,2025-12-02 17:00,XS,2806.99,0.7171,1999.862822,-13.03,-0.65,4.07,0.20,-13.03,-0.65,-151.67,-0.02
95,空头进场,2025-12-02 16:00,short,2788.82,0.7171,1999.862822,-13.03,-0.65,4.07,0.20,-13.03,-0.65,-151.67,-0.02
96,空头出场,2025-12-02 18:30,XS,2820.67,0.7146,1999.729494,-15.92,-0.80,0.36,0.02,-15.92,-0.80,-167.59,-0.02
96,空头进场,2025-12-02 17:30,short,2798.39,0.7146,1999.729494,-15.92,-0.80,0.36,0.02,-15.92,-0.80,-167.59,-0.02
97,空头出场,2025-12-04 17:30,XS,3208.27,0.6287,1999.976431,-17.06,-0.85,2.51,0.13,-17.06,-0.85,-184.66,-0.02
97,空头进场,2025-12-04 16:00,short,3181.13,0.6287,1999.976431,-17.06,-0.85,2.51,0.13,-17.06,-0.85,-184.66,-0.02
98,空头出场,2025-12-04 21:30,XS,3189.4,0.6288,1999.716048,-5.78,-0.29,11.75,0.59,-6.99,-0.35,-190.44,-0.02
98,空头进场,2025-12-04 20:00,short,3180.21,0.6288,1999.716048,-5.78,-0.29,11.75,0.59,-6.99,-0.35,-190.44,-0.02
99,空头出场,2025-12-04 22:30,Close entry(s) order short,3145.85,0.6305,1999.901865,16.44,0.82,18.91,0.95,-11.14,-0.56,-173.99,-0.02
99,空头进场,2025-12-04 21:30,short,3171.93,0.6305,1999.901865,16.44,0.82,18.91,0.95,-11.14,-0.56,-173.99,-0.02
100,多头出场,2025-12-05 00:30,XL,3187.65,0.6231,1999.696137,-13.47,-0.67,10.26,0.51,-13.47,-0.67,-187.46,-0.02
100,多头进场,2025-12-04 23:30,long,3209.27,0.6231,1999.696137,-13.47,-0.67,10.26,0.51,-13.47,-0.67,-187.46,-0.02
101,多头出场,2025-12-05 12:30,XL,3162.38,0.6317,1999.703203,-2.03,-0.10,17.26,0.86,-5.39,-0.27,-189.49,-0.02
101,多头进场,2025-12-05 09:00,long,3165.59,0.6317,1999.703203,-2.03,-0.10,17.26,0.86,-5.39,-0.27,-189.49,-0.02
102,多头出场,2025-12-05 16:30,XL,3156.3,0.6316,1999.986664,-6.47,-0.32,10.45,0.52,-6.47,-0.32,-195.96,-0.02
102,多头进场,2025-12-05 14:00,long,3166.54,0.6316,1999.986664,-6.47,-0.32,10.45,0.52,-6.47,-0.32,-195.96,-0.02
103,多头出场,2025-12-05 23:30,XL,3106.8,0.637,1999.9889,-20.96,-1.05,4.55,0.23,-27.94,-1.40,-216.92,-0.02
103,多头进场,2025-12-05 23:00,long,3139.7,0.637,1999.9889,-20.96,-1.05,4.55,0.23,-27.94,-1.40,-216.92,-0.02
104,多头出场,2025-12-06 16:00,XL,3022.07,0.6576,1999.926,-12.61,-0.63,0.91,0.05,-12.61,-0.63,-229.53,-0.02
104,多头进场,2025-12-06 14:00,long,3041.25,0.6576,1999.926,-12.61,-0.63,0.91,0.05,-12.61,-0.63,-229.53,-0.02
105,多头出场,2025-12-06 22:00,XL,3048.23,0.6583,1999.84957,6.8,0.34,20.62,1.03,-4.45,-0.22,-222.73,-0.02
105,多头进场,2025-12-06 19:00,long,3037.9,0.6583,1999.84957,6.8,0.34,20.62,1.03,-4.45,-0.22,-222.73,-0.02
106,空头出场,2025-12-07 00:00,XS,3053.44,0.6586,1999.8389,-11.16,-0.56,3.04,0.15,-11.16,-0.56,-233.89,-0.02
106,空头进场,2025-12-06 23:00,short,3036.5,0.6586,1999.8389,-11.16,-0.56,3.04,0.15,-11.16,-0.56,-233.89,-0.02
107,空头出场,2025-12-07 05:30,XS,3045.66,0.6571,1999.969273,-1.33,-0.07,10.93,0.55,-3.39,-0.17,-235.22,-0.02
107,空头进场,2025-12-07 02:30,short,3043.63,0.6571,1999.969273,-1.33,-0.07,10.93,0.55,-3.39,-0.17,-235.22,-0.02
108,空头出场,2025-12-07 08:30,XS,3048.05,0.6597,1999.913535,-10.89,-0.54,0.75,0.04,-10.89,-0.54,-246.11,-0.02
108,空头进场,2025-12-07 07:00,short,3031.55,0.6597,1999.913535,-10.89,-0.54,0.75,0.04,-10.89,-0.54,-246.11,-0.02
109,空头出场,2025-12-07 16:30,XS,3042.53,0.6566,1999.977336,2.25,0.11,11.21,0.56,-3.93,-0.20,-243.85,-0.02
109,空头进场,2025-12-07 13:30,short,3045.96,0.6566,1999.977336,2.25,0.11,11.21,0.56,-3.93,-0.20,-243.85,-0.02
110,空头出场,2025-12-07 22:00,XS,3001.13,0.6597,1999.768401,19.92,1.00,19.92,1.00,-4.04,-0.20,-223.93,-0.02
110,空头进场,2025-12-07 21:00,short,3031.33,0.6597,1999.768401,19.92,1.00,19.92,1.00,-4.04,-0.20,-223.93,-0.02
111,空头出场,2025-12-08 01:00,XS,3048.41,0.6626,1999.832816,-20.04,-1.00,4.2,0.21,-20.04,-1.00,-243.97,-0.02
111,空头进场,2025-12-08 00:00,short,3018.16,0.6626,1999.832816,-20.04,-1.00,4.2,0.21,-20.04,-1.00,-243.97,-0.02
112,多头出场,2025-12-08 16:30,Close entry(s) order long,3145.26,0.644,1999.9742,25.57,1.28,27.01,1.35,-7.75,-0.39,-218.4,-0.02
112,多头进场,2025-12-08 09:00,long,3105.55,0.644,1999.9742,25.57,1.28,27.01,1.35,-7.75,-0.39,-218.4,-0.02
113,空头出场,2025-12-08 23:00,Close entry(s) order short,3108.97,0.6389,1999.699499,13.38,0.67,22.92,1.15,-6.37,-0.32,-205.02,-0.02
113,空头进场,2025-12-08 22:30,short,3129.91,0.6389,1999.699499,13.38,0.67,22.92,1.15,-6.37,-0.32,-205.02,-0.02
114,多头出场,2025-12-09 07:00,XL,3119.7,0.6391,1999.692772,-5.89,-0.29,15.66,0.78,-5.89,-0.29,-210.91,-0.02
114,多头进场,2025-12-09 04:00,long,3128.92,0.6391,1999.692772,-5.89,-0.29,15.66,0.78,-5.89,-0.29,-210.91,-0.02
115,多头出场,2025-12-09 09:30,XL,3104.7,0.6377,1999.8272,-19.96,-1.00,0.06,0.00,-19.96,-1.00,-230.87,-0.02
115,多头进场,2025-12-09 08:00,long,3136,0.6377,1999.8272,-19.96,-1.00,0.06,0.00,-19.96,-1.00,-230.87,-0.02
116,多头出场,2025-12-09 13:00,XL,3102.36,0.6392,1999.884216,-16.86,-0.84,1.45,0.07,-16.86,-0.84,-247.73,-0.02
116,多头进场,2025-12-09 11:30,long,3128.73,0.6392,1999.884216,-16.86,-0.84,1.45,0.07,-16.86,-0.84,-247.73,-0.02
117,多头出场,2025-12-09 17:30,XL,3106.71,0.6405,1999.71786,-9.87,-0.49,5.1,0.26,-9.87,-0.49,-257.6,-0.03
117,多头进场,2025-12-09 15:00,long,3122.12,0.6405,1999.71786,-9.87,-0.49,5.1,0.26,-9.87,-0.49,-257.6,-0.03
118,多头出场,2025-12-09 21:30,XL,3118.57,0.6413,1999.906876,0.03,0.00,14.7,0.73,-2.06,-0.10,-257.57,-0.03
118,多头进场,2025-12-09 19:30,long,3118.52,0.6413,1999.906876,0.03,0.00,14.7,0.73,-2.06,-0.10,-257.57,-0.03
119,空头出场,2025-12-10 21:00,XS,3338.22,0.6037,1999.870953,-15.41,-0.77,8.57,0.43,-15.41,-0.77,-272.98,-0.03
119,空头进场,2025-12-10 18:30,short,3312.69,0.6037,1999.870953,-15.41,-0.77,8.57,0.43,-15.41,-0.77,-272.98,-0.03
120,空头出场,2025-12-11 08:00,Close entry(s) order short,3311.15,0.5988,1999.878228,17.16,0.86,17.23,0.86,-9.17,-0.46,-255.82,-0.03
120,空头进场,2025-12-11 05:30,short,3339.81,0.5988,1999.878228,17.16,0.86,17.23,0.86,-9.17,-0.46,-255.82,-0.03
121,多头出场,2025-12-12 03:00,XL,3196.61,0.6245,1999.73643,-3.45,-0.17,20.2,1.01,-5.95,-0.30,-259.27,-0.03
121,多头进场,2025-12-12 02:00,long,3202.14,0.6245,1999.73643,-3.45,-0.17,20.2,1.01,-5.95,-0.30,-259.27,-0.03
122,多头出场,2025-12-12 05:00,Close entry(s) order long,3256.52,0.6243,1999.776489,33.27,1.66,38.51,1.93,-0.98,-0.05,-226,-0.02
122,多头进场,2025-12-12 04:00,long,3203.23,0.6243,1999.776489,33.27,1.66,38.51,1.93,-0.98,-0.05,-226,-0.02
123,空头出场,2025-12-12 09:00,XS,3233.85,0.627,1999.87293,-27.75,-1.39,0,0.00,-29.41,-1.47,-253.75,-0.03
123,空头进场,2025-12-12 08:30,short,3189.59,0.627,1999.87293,-27.75,-1.39,0,0.00,-29.41,-1.47,-253.75,-0.03
124,空头出场,2025-12-12 22:30,XS,3248.01,0.618,1999.79856,-7.47,-0.37,11.13,0.56,-12.62,-0.63,-261.23,-0.03
124,空头进场,2025-12-12 17:00,short,3235.92,0.618,1999.79856,-7.47,-0.37,11.13,0.56,-12.62,-0.63,-261.23,-0.03
125,空头出场,2025-12-13 22:00,XS,3114.34,0.6452,1999.70062,-9.67,-0.48,1.82,0.09,-9.67,-0.48,-270.9,-0.03
125,空头进场,2025-12-13 21:00,short,3099.35,0.6452,1999.70062,-9.67,-0.48,1.82,0.09,-9.67,-0.48,-270.9,-0.03
126,空头出场,2025-12-13 23:00,XS,3116.93,0.6455,1999.894555,-12.08,-0.60,0.3,0.01,-12.08,-0.60,-282.98,-0.03
126,空头进场,2025-12-13 22:00,short,3098.21,0.6455,1999.894555,-12.08,-0.60,0.3,0.01,-12.08,-0.60,-282.98,-0.03
127,空头出场,2025-12-14 05:30,XS,3114.56,0.644,1999.95488,-5.82,-0.29,5.53,0.28,-5.82,-0.29,-288.8,-0.03
127,空头进场,2025-12-14 00:00,short,3105.52,0.644,1999.95488,-5.82,-0.29,5.53,0.28,-5.82,-0.29,-288.8,-0.03
128,空头出场,2025-12-14 16:00,XS,3119.53,0.6425,1999.736275,-4.56,-0.23,4,0.20,-4.56,-0.23,-293.37,-0.03
128,空头进场,2025-12-14 12:30,short,3112.43,0.6425,1999.736275,-4.56,-0.23,4,0.20,-4.56,-0.23,-293.37,-0.03
129,空头出场,2025-12-14 19:00,XS,3109.19,0.6426,1999.790478,1.82,0.09,10.12,0.51,-1.75,-0.09,-291.54,-0.03
129,空头进场,2025-12-14 16:30,short,3112.03,0.6426,1999.790478,1.82,0.09,10.12,0.51,-1.75,-0.09,-291.54,-0.03
130,多头出场,2025-12-15 01:00,XL,3080.68,0.6448,1999.769824,-13.35,-0.67,2.12,0.11,-13.35,-0.67,-304.89,-0.03
130,多头进场,2025-12-15 00:00,long,3101.38,0.6448,1999.769824,-13.35,-0.67,2.12,0.11,-13.35,-0.67,-304.89,-0.03
131,多头出场,2025-12-15 04:00,XL,3079.23,0.6445,1999.825495,-15.26,-0.76,0.02,0.00,-15.26,-0.76,-320.15,-0.03
131,多头进场,2025-12-15 02:30,long,3102.91,0.6445,1999.825495,-15.26,-0.76,0.02,0.00,-15.26,-0.76,-320.15,-0.03
132,多头出场,2025-12-15 10:00,Close entry(s) order long,3134.99,0.6433,1999.95537,16.78,0.84,26.8,1.34,-0.78,-0.04,-303.37,-0.03
132,多头进场,2025-12-15 09:30,long,3108.9,0.6433,1999.95537,16.78,0.84,26.8,1.34,-0.78,-0.04,-303.37,-0.03
133,空头出场,2025-12-15 22:30,XS,3085.42,0.6383,1999.864113,30.44,1.52,30.44,1.52,-8.85,-0.44,-272.93,-0.03
133,空头进场,2025-12-15 21:30,short,3133.11,0.6383,1999.864113,30.44,1.52,30.44,1.52,-8.85,-0.44,-272.93,-0.03
134,多头出场,2025-12-16 21:30,XL,2947.11,0.6783,1999.784409,-0.76,-0.04,21.05,1.05,-6.4,-0.32,-273.68,-0.03
134,多头进场,2025-12-16 18:30,long,2948.23,0.6783,1999.784409,-0.76,-0.04,21.05,1.05,-6.4,-0.32,-273.68,-0.03
135,多头出场,2025-12-17 01:30,XL,2923.06,0.6748,1999.898012,-27.42,-1.37,0.28,0.01,-27.42,-1.37,-301.1,-0.03
135,多头进场,2025-12-16 23:30,long,2963.69,0.6748,1999.898012,-27.42,-1.37,0.28,0.01,-27.42,-1.37,-301.1,-0.03
136,多头出场,2025-12-17 10:00,XL,2945.03,0.6774,1999.85415,-4.89,-0.24,14.6,0.73,-20.97,-1.05,-305.99,-0.03
136,多头进场,2025-12-17 02:30,long,2952.25,0.6774,1999.85415,-4.89,-0.24,14.6,0.73,-20.97,-1.05,-305.99,-0.03
137,多头出场,2025-12-17 12:30,XL,2935.41,0.6758,1999.969278,-16.22,-0.81,1.72,0.09,-16.22,-0.81,-322.21,-0.03
137,多头进场,2025-12-17 10:30,long,2959.41,0.6758,1999.969278,-16.22,-0.81,1.72,0.09,-16.22,-0.81,-322.21,-0.03
138,多头出场,2025-12-17 17:00,XL,2923.63,0.6784,1999.902848,-16.51,-0.83,0,0.00,-16.98,-0.85,-338.72,-0.03
138,多头进场,2025-12-17 15:30,long,2947.97,0.6784,1999.902848,-16.51,-0.83,0,0.00,-16.98,-0.85,-338.72,-0.03
139,多头出场,2025-12-17 22:30,XL,2990.05,0.6792,1999.992696,30.85,1.54,30.85,1.54,-3.35,-0.17,-307.87,-0.03
139,多头进场,2025-12-17 21:30,long,2944.63,0.6792,1999.992696,30.85,1.54,30.85,1.54,-3.35,-0.17,-307.87,-0.03
140,多头出场,2025-12-18 20:30,Close entry(s) order long,2870.63,0.7034,1999.956118,19.25,0.96,21.62,1.08,-6.18,-0.31,-288.63,-0.03
140,多头进场,2025-12-18 16:00,long,2843.27,0.7034,1999.956118,19.25,0.96,21.62,1.08,-6.18,-0.31,-288.63,-0.03
141,空头出场,2025-12-20 03:00,XS,2977.94,0.6805,1999.901035,-26.59,-1.33,1.2,0.06,-26.59,-1.33,-315.22,-0.03
141,空头进场,2025-12-20 01:30,short,2938.87,0.6805,1999.901035,-26.59,-1.33,1.2,0.06,-26.59,-1.33,-315.22,-0.03
142,空头出场,2025-12-20 19:00,XS,2987.26,0.6719,1999.970821,-7.17,-0.36,1.84,0.09,-7.17,-0.36,-322.39,-0.03
142,空头进场,2025-12-20 18:00,short,2976.59,0.6719,1999.970821,-7.17,-0.36,1.84,0.09,-7.17,-0.36,-322.39,-0.03
143,空头出场,2025-12-21 03:00,XS,2978.86,0.6732,1999.727136,-5.64,-0.28,2.12,0.11,-7.2,-0.36,-328.03,-0.03
143,空头进场,2025-12-20 21:00,short,2970.48,0.6732,1999.727136,-5.64,-0.28,2.12,0.11,-7.2,-0.36,-328.03,-0.03
144,空头出场,2025-12-21 10:00,XS,2972.09,0.6717,1999.98675,3.63,0.18,10.65,0.53,-1.96,-0.10,-324.39,-0.03
144,空头进场,2025-12-21 05:30,short,2977.5,0.6717,1999.98675,3.63,0.18,10.65,0.53,-1.96,-0.10,-324.39,-0.03
145,多头出场,2025-12-21 16:30,XL,2993,0.6718,1999.773932,10.92,0.55,10.92,0.55,-3,-0.15,-313.47,-0.03
145,多头进场,2025-12-21 12:00,long,2976.74,0.6718,1999.773932,10.92,0.55,10.92,0.55,-3,-0.15,-313.47,-0.03
146,多头出场,2025-12-22 02:00,XL,2967.94,0.6699,1999.872567,-11.65,-0.58,1.16,0.06,-11.65,-0.58,-325.12,-0.03
146,多头进场,2025-12-22 00:30,long,2985.33,0.6699,1999.872567,-11.65,-0.58,1.16,0.06,-11.65,-0.58,-325.12,-0.03
147,多头出场,2025-12-22 05:30,XL,2979.43,0.6694,1999.952992,-5.52,-0.28,5.73,0.29,-5.73,-0.29,-330.64,-0.03
147,多头进场,2025-12-22 02:30,long,2987.68,0.6694,1999.952992,-5.52,-0.28,5.73,0.29,-5.73,-0.29,-330.64,-0.03
148,多头出场,2025-12-22 06:30,Close entry(s) order long,2995.58,0.6696,1999.820664,6.02,0.30,6.02,0.30,-0.45,-0.02,-324.62,-0.03
148,多头进场,2025-12-22 06:00,long,2986.59,0.6696,1999.820664,6.02,0.30,6.02,0.30,-0.45,-0.02,-324.62,-0.03
149,空头出场,2025-12-23 02:30,Close entry(s) order short,3015.38,0.6595,1999.768875,11.13,0.56,15.41,0.77,-5.24,-0.26,-313.5,-0.03
149,空头进场,2025-12-23 01:00,short,3032.25,0.6595,1999.768875,11.13,0.56,15.41,0.77,-5.24,-0.26,-313.5,-0.03
150,多头出场,2025-12-23 10:00,XL,3008.71,0.6626,1999.978588,-6.41,-0.32,10.52,0.53,-6.41,-0.32,-319.9,-0.03
150,多头进场,2025-12-23 08:00,long,3018.38,0.6626,1999.978588,-6.41,-0.32,10.52,0.53,-6.41,-0.32,-319.9,-0.03
151,多头出场,2025-12-24 06:00,XL,2956.56,0.6767,1999.790607,0.91,0.05,20.99,1.05,-2.24,-0.11,-318.99,-0.03
151,多头进场,2025-12-24 04:00,long,2955.21,0.6767,1999.790607,0.91,0.05,20.99,1.05,-2.24,-0.11,-318.99,-0.03
152,多头出场,2025-12-24 22:30,XL,2918.21,0.6815,1999.950345,-11.19,-0.56,0.56,0.03,-11.19,-0.56,-330.18,-0.03
152,多头进场,2025-12-24 20:30,long,2934.63,0.6815,1999.950345,-11.19,-0.56,0.56,0.03,-11.19,-0.56,-330.18,-0.03
153,多头出场,2025-12-25 02:00,XL,2929.23,0.6805,1999.74452,-6.4,-0.32,8.6,0.43,-6.4,-0.32,-336.58,-0.03
153,多头进场,2025-12-25 00:30,long,2938.64,0.6805,1999.74452,-6.4,-0.32,8.6,0.43,-6.4,-0.32,-336.58,-0.03
154,空头出场,2025-12-25 10:30,XS,2952.47,0.6808,1999.863616,-10.18,-0.51,0.01,0.00,-10.18,-0.51,-346.76,-0.03
154,空头进场,2025-12-25 08:30,short,2937.52,0.6808,1999.863616,-10.18,-0.51,0.01,0.00,-10.18,-0.51,-346.76,-0.03
155,空头出场,2025-12-25 16:00,XS,2918.89,0.6799,1999.837463,15.28,0.76,15.28,0.76,-2.26,-0.11,-331.48,-0.03
155,空头进场,2025-12-25 12:00,short,2941.37,0.6799,1999.837463,15.28,0.76,15.28,0.76,-2.26,-0.11,-331.48,-0.03
156,多头出场,2025-12-25 23:00,Close entry(s) order long,2948.08,0.6823,1999.862238,11.61,0.58,15.11,0.76,-0.75,-0.04,-319.87,-0.03
156,多头进场,2025-12-25 22:30,long,2931.06,0.6823,1999.862238,11.61,0.58,15.11,0.76,-0.75,-0.04,-319.87,-0.03
157,空头出场,2025-12-26 06:30,Close entry(s) order short,2919.79,0.6808,1999.965736,12.17,0.61,21.24,1.06,-1.33,-0.07,-307.69,-0.03
157,空头进场,2025-12-26 06:00,short,2937.67,0.6808,1999.965736,12.17,0.61,21.24,1.06,-1.33,-0.07,-307.69,-0.03
158,空头出场,2025-12-26 20:30,XS,2970.79,0.6767,1999.756772,-10.58,-0.53,1.11,0.06,-12.35,-0.62,-318.27,-0.03
158,空头进场,2025-12-26 15:30,short,2955.16,0.6767,1999.756772,-10.58,-0.53,1.11,0.06,-12.35,-0.62,-318.27,-0.03
159,多头出场,2025-12-27 18:00,XL,2929.14,0.6823,1999.909999,-1.36,-0.07,4.63,0.23,-3.57,-0.18,-319.63,-0.03
159,多头进场,2025-12-27 11:30,long,2931.13,0.6823,1999.909999,-1.36,-0.07,4.63,0.23,-3.57,-0.18,-319.63,-0.03
160,多头出场,2025-12-28 00:00,XL,2922.35,0.6826,1999.963392,-5.17,-0.26,0.31,0.02,-5.17,-0.26,-324.79,-0.03
160,多头进场,2025-12-27 20:30,long,2929.92,0.6826,1999.963392,-5.17,-0.26,0.31,0.02,-5.17,-0.26,-324.79,-0.03
161,多头出场,2025-12-28 06:00,XL,2941.99,0.6829,1999.899966,9.19,0.46,9.19,0.46,-1.39,-0.07,-315.61,-0.03
161,多头进场,2025-12-28 03:30,long,2928.54,0.6829,1999.899966,9.19,0.46,9.19,0.46,-1.39,-0.07,-315.61,-0.03
162,空头出场,2025-12-28 14:30,XS,2938.65,0.6809,1999.796491,-1.13,-0.06,5.57,0.28,-1.22,-0.06,-316.74,-0.03
162,空头进场,2025-12-28 12:30,short,2936.99,0.6809,1999.796491,-1.13,-0.06,5.57,0.28,-1.22,-0.06,-316.74,-0.03
163,空头出场,2025-12-28 19:00,XS,2944.55,0.6812,1999.894208,-5.93,-0.30,0.5,0.03,-5.93,-0.30,-322.67,-0.03
163,空头进场,2025-12-28 17:30,short,2935.84,0.6812,1999.894208,-5.93,-0.30,0.5,0.03,-5.93,-0.30,-322.67,-0.03
164,空头出场,2025-12-28 22:30,XS,2947.05,0.6809,1999.966716,-6.68,-0.33,0.19,0.01,-6.68,-0.33,-329.35,-0.03
164,空头进场,2025-12-28 20:30,short,2937.24,0.6809,1999.966716,-6.68,-0.33,0.19,0.01,-6.68,-0.33,-329.35,-0.03
165,空头出场,2025-12-29 02:30,Close entry(s) order short,2929.37,0.6801,1999.963269,7.7,0.38,10.49,0.52,-5.69,-0.28,-321.65,-0.03
165,空头进场,2025-12-29 00:00,short,2940.69,0.6801,1999.963269,7.7,0.38,10.49,0.52,-5.69,-0.28,-321.65,-0.03
166,多头出场,2025-12-29 07:00,XL,2940.88,0.6803,1999.80988,0.87,0.04,9.31,0.47,-1.77,-0.09,-320.78,-0.03
166,多头进场,2025-12-29 06:00,long,2939.6,0.6803,1999.80988,0.87,0.04,9.31,0.47,-1.77,-0.09,-320.78,-0.03
167,多头出场,2025-12-30 13:30,XL,2936.3,0.6809,1999.87139,-0.54,-0.03,12.26,0.61,-2.04,-0.10,-321.33,-0.03
167,多头进场,2025-12-30 11:00,long,2937.1,0.6809,1999.87139,-0.54,-0.03,12.26,0.61,-2.04,-0.10,-321.33,-0.03
168,多头出场,2025-12-30 16:00,XL,2975.93,0.6796,1999.804552,22.64,1.13,22.64,1.13,-1.03,-0.05,-298.69,-0.03
168,多头进场,2025-12-30 14:00,long,2942.62,0.6796,1999.804552,22.64,1.13,22.64,1.13,-1.03,-0.05,-298.69,-0.03
169,空头出场,2025-12-31 03:30,XS,2967.81,0.6729,1999.798239,2.76,0.14,19.3,0.97,-2.04,-0.10,-295.93,-0.03
169,空头进场,2025-12-31 02:00,short,2971.91,0.6729,1999.798239,2.76,0.14,19.3,0.97,-2.04,-0.10,-295.93,-0.03
170,空头出场,2025-12-31 09:00,XS,2977.73,0.6742,1999.731136,-7.85,-0.39,4.53,0.23,-7.85,-0.39,-303.79,-0.03
170,空头进场,2025-12-31 08:00,short,2966.08,0.6742,1999.731136,-7.85,-0.39,4.53,0.23,-7.85,-0.39,-303.79,-0.03
171,空头出场,2025-12-31 18:00,XS,2978.2,0.6739,1999.892596,-7.12,-0.36,4.29,0.21,-7.12,-0.36,-310.9,-0.03
171,空头进场,2025-12-31 11:30,short,2967.64,0.6739,1999.892596,-7.12,-0.36,4.29,0.21,-7.12,-0.36,-310.9,-0.03
172,多头出场,2026-01-01 04:00,XL,2965.56,0.6701,1999.893347,-12.67,-0.63,0.01,0.00,-18.17,-0.91,-323.57,-0.03
172,多头进场,2026-01-01 00:00,long,2984.47,0.6701,1999.893347,-12.67,-0.63,0.01,0.00,-18.17,-0.91,-323.57,-0.03
173,多头出场,2026-01-01 12:00,XL,2971.35,0.6717,1999.812108,-3.96,-0.20,5.04,0.25,-6.78,-0.34,-327.53,-0.03
173,多头进场,2026-01-01 05:00,long,2977.24,0.6717,1999.812108,-3.96,-0.20,5.04,0.25,-6.78,-0.34,-327.53,-0.03
174,多头出场,2026-01-01 20:30,XL,2979.58,0.6715,1999.747145,1.04,0.05,6.67,0.33,-4.12,-0.21,-326.49,-0.03
174,多头进场,2026-01-01 13:00,long,2978.03,0.6715,1999.747145,1.04,0.05,6.67,0.33,-4.12,-0.21,-326.49,-0.03
175,多头出场,2026-01-02 00:00,XL,2981.36,0.6709,1999.966318,0.23,0.01,6.36,0.32,-2.99,-0.15,-326.26,-0.03
175,多头进场,2026-01-01 22:30,long,2981.02,0.6709,1999.966318,0.23,0.01,6.36,0.32,-2.99,-0.15,-326.26,-0.03
176,多头出场,2026-01-02 01:30,XL,2986.23,0.6694,1999.99985,-1.02,-0.05,8.84,0.44,-3.23,-0.16,-327.28,-0.03
176,多头进场,2026-01-02 01:00,long,2987.75,0.6694,1999.99985,-1.02,-0.05,8.84,0.44,-3.23,-0.16,-327.28,-0.03
177,空头出场,2026-01-03 15:00,XS,3077.48,0.6428,1999.872932,21.67,1.08,21.67,1.08,-3.09,-0.15,-305.61,-0.03
177,空头进场,2026-01-03 13:00,short,3111.19,0.6428,1999.872932,21.67,1.08,21.67,1.08,-3.09,-0.15,-305.61,-0.03
178,多头出场,2026-01-04 06:00,XL,3115.62,0.6444,1999.83096,7.87,0.39,15.6,0.78,-3.92,-0.20,-297.74,-0.03
178,多头进场,2026-01-03 20:30,long,3103.4,0.6444,1999.83096,7.87,0.39,15.6,0.78,-3.92,-0.20,-297.74,-0.03
179,空头出场,2026-01-04 23:30,XS,3134.24,0.6385,1999.967165,-1.25,-0.06,8.57,0.43,-9.42,-0.47,-298.98,-0.03
179,空头进场,2026-01-04 16:00,short,3132.29,0.6385,1999.967165,-1.25,-0.06,8.57,0.43,-9.42,-0.47,-298.98,-0.03
180,空头出场,2026-01-05 03:30,XS,3132.94,0.6376,1999.775016,2.21,0.11,11.32,0.57,-2.7,-0.14,-296.77,-0.03
180,空头进场,2026-01-05 01:00,short,3136.41,0.6376,1999.775016,2.21,0.11,11.32,0.57,-2.7,-0.14,-296.77,-0.03
181,空头出场,2026-01-05 14:00,Close entry(s) order short,3143.71,0.6352,1999.933552,3.05,0.15,3.28,0.16,-4.27,-0.21,-293.72,-0.03
181,空头进场,2026-01-05 13:30,short,3148.51,0.6352,1999.933552,3.05,0.15,3.28,0.16,-4.27,-0.21,-293.72,-0.03
182,多头出场,2026-01-05 21:00,XL,3163.09,0.6317,1999.760056,-1.64,-0.08,10.49,0.52,-8.59,-0.43,-295.36,-0.03
182,多头进场,2026-01-05 16:00,long,3165.68,0.6317,1999.760056,-1.64,-0.08,10.49,0.52,-8.59,-0.43,-295.36,-0.03
183,多头出场,2026-01-05 23:30,Close entry(s) order long,3194.93,0.6319,1999.881353,18.99,0.95,23.96,1.20,-7.87,-0.39,-276.36,-0.03
183,多头进场,2026-01-05 22:30,long,3164.87,0.6319,1999.881353,18.99,0.95,23.96,1.20,-7.87,-0.39,-276.36,-0.03
184,空头出场,2026-01-06 01:30,XS,3211.8,0.6318,1999.703862,-29.51,-1.48,0.05,0.00,-38.63,-1.93,-305.87,-0.03
184,空头进场,2026-01-06 01:00,short,3165.09,0.6318,1999.703862,-29.51,-1.48,0.05,0.00,-38.63,-1.93,-305.87,-0.03
185,空头出场,2026-01-06 14:30,XS,3240.52,0.6214,1999.876476,-13.78,-0.69,0.22,0.01,-13.78,-0.69,-319.65,-0.03
185,空头进场,2026-01-06 13:30,short,3218.34,0.6214,1999.876476,-13.78,-0.69,0.22,0.01,-13.78,-0.69,-319.65,-0.03
186,空头出场,2026-01-06 19:00,XS,3234.58,0.6213,1999.970913,-9.67,-0.48,2.86,0.14,-9.67,-0.48,-329.33,-0.03
186,空头进场,2026-01-06 15:30,short,3219.01,0.6213,1999.970913,-9.67,-0.48,2.86,0.14,-9.67,-0.48,-329.33,-0.03
187,多头出场,2026-01-07 07:00,Close entry(s) order long,3288.08,0.6171,1999.706379,29.37,1.47,36.4,1.82,-1.28,-0.06,-299.96,-0.03
187,多头进场,2026-01-07 04:00,long,3240.49,0.6171,1999.706379,29.37,1.47,36.4,1.82,-1.28,-0.06,-299.96,-0.03
188,空头出场,2026-01-07 10:30,XS,3269.66,0.614,1999.86554,-7.71,-0.39,11.51,0.58,-8.17,-0.41,-307.67,-0.03
188,空头进场,2026-01-07 08:30,short,3257.11,0.614,1999.86554,-7.71,-0.39,11.51,0.58,-8.17,-0.41,-307.67,-0.03
189,空头出场,2026-01-07 17:00,Close entry(s) order short,3227.59,0.6143,1999.761505,17.05,0.85,21.01,1.05,-4.23,-0.21,-290.61,-0.03
189,空头进场,2026-01-07 12:30,short,3255.35,0.6143,1999.761505,17.05,0.85,21.01,1.05,-4.23,-0.21,-290.61,-0.03
190,多头出场,2026-01-08 10:30,XL,3155.52,0.6309,1999.820511,-9,-0.45,7.36,0.37,-10.82,-0.54,-299.62,-0.03
190,多头进场,2026-01-08 07:00,long,3169.79,0.6309,1999.820511,-9,-0.45,7.36,0.37,-10.82,-0.54,-299.62,-0.03
191,多头出场,2026-01-09 01:30,Close entry(s) order long,3132.24,0.641,1999.7918,7.97,0.40,10.55,0.53,-7.45,-0.37,-291.64,-0.03
191,多头进场,2026-01-09 00:30,long,3119.8,0.641,1999.7918,7.97,0.40,10.55,0.53,-7.45,-0.37,-291.64,-0.03
192,空头出场,2026-01-09 05:30,XS,3115.09,0.6422,1999.964928,-0.55,-0.03,17.5,0.88,-5.95,-0.30,-292.19,-0.03
192,空头进场,2026-01-09 03:00,short,3114.24,0.6422,1999.964928,-0.55,-0.03,17.5,0.88,-5.95,-0.30,-292.19,-0.03
193,空头出场,2026-01-09 09:00,XS,3125.28,0.6443,1999.926529,-13.69,-0.68,4.48,0.22,-13.69,-0.68,-305.88,-0.03
193,空头进场,2026-01-09 07:30,short,3104.03,0.6443,1999.926529,-13.69,-0.68,4.48,0.22,-13.69,-0.68,-305.88,-0.03
194,空头出场,2026-01-09 16:30,XS,3066.14,0.6445,1999.89639,23.77,1.19,23.77,1.19,-13.03,-0.65,-282.11,-0.03
194,空头进场,2026-01-09 09:30,short,3103.02,0.6445,1999.89639,23.77,1.19,23.77,1.19,-13.03,-0.65,-282.11,-0.03
195,空头出场,2026-01-10 10:00,XS,3086.63,0.6486,1999.86081,-2.13,-0.11,12.56,0.63,-8.08,-0.40,-284.24,-0.03
195,空头进场,2026-01-10 02:00,short,3083.35,0.6486,1999.86081,-2.13,-0.11,12.56,0.63,-8.08,-0.40,-284.24,-0.03
196,空头出场,2026-01-11 06:00,XS,3075.23,0.6476,1999.704612,8.19,0.41,8.19,0.41,-4.78,-0.24,-276.05,-0.03
196,空头进场,2026-01-10 22:30,short,3087.87,0.6476,1999.704612,8.19,0.41,8.19,0.41,-4.78,-0.24,-276.05,-0.03
197,多头出场,2026-01-11 11:30,Close entry(s) order long,3092.83,0.6478,1999.978852,3.56,0.18,4,0.20,-2.16,-0.11,-272.5,-0.03
197,多头进场,2026-01-11 08:00,long,3087.34,0.6478,1999.978852,3.56,0.18,4,0.20,-2.16,-0.11,-272.5,-0.03
198,多头出场,2026-01-12 07:00,XL,3101.75,0.6416,1999.918528,-9.84,-0.49,2.61,0.13,-9.84,-0.49,-282.33,-0.03
198,多头进场,2026-01-12 05:30,long,3117.08,0.6416,1999.918528,-9.84,-0.49,2.61,0.13,-9.84,-0.49,-282.33,-0.03
199,多头出场,2026-01-12 08:30,XL,3104.55,0.641,1999.7277,-9.71,-0.49,2.21,0.11,-9.71,-0.49,-292.04,-0.03
199,多头进场,2026-01-12 07:30,long,3119.7,0.641,1999.7277,-9.71,-0.49,2.21,0.11,-9.71,-0.49,-292.04,-0.03
200,空头出场,2026-01-12 16:30,Close entry(s) order short,3111.45,0.6387,1999.871892,12.59,0.63,21.37,1.07,-7.73,-0.39,-279.45,-0.03
200,空头进场,2026-01-12 15:30,short,3131.16,0.6387,1999.871892,12.59,0.63,21.37,1.07,-7.73,-0.39,-279.45,-0.03
201,多头出场,2026-01-13 00:00,Close entry(s) order long,3139.12,0.6419,1999.852288,15.15,0.76,15.97,0.80,-2.78,-0.14,-264.3,-0.03
201,多头进场,2026-01-12 23:00,long,3115.52,0.6419,1999.852288,15.15,0.76,15.97,0.80,-2.78,-0.14,-264.3,-0.03
202,空头出场,2026-01-13 02:00,XS,3110.93,0.6431,1999.713019,-0.93,-0.05,17.92,0.90,-0.93,-0.05,-265.23,-0.03
202,空头进场,2026-01-13 01:00,short,3109.49,0.6431,1999.713019,-0.93,-0.05,17.92,0.90,-0.93,-0.05,-265.23,-0.03
203,空头出场,2026-01-13 08:30,XS,3104.81,0.6436,1999.76174,1.51,0.08,16.74,0.84,-0.05,0.00,-263.72,-0.03
203,空头进场,2026-01-13 04:00,short,3107.15,0.6436,1999.76174,1.51,0.08,16.74,0.84,-0.05,0.00,-263.72,-0.03
204,空头出场,2026-01-13 11:00,XS,3109.8,0.6453,1999.887948,-6.87,-0.34,6.79,0.34,-6.87,-0.34,-270.59,-0.03
204,空头进场,2026-01-13 09:00,short,3099.16,0.6453,1999.887948,-6.87,-0.34,6.79,0.34,-6.87,-0.34,-270.59,-0.03
205,空头出场,2026-01-14 19:30,Close entry(s) order short,3284.43,0.6067,1999.671066,7.01,0.35,8.91,0.45,-1.07,-0.05,-263.58,-0.03
205,空头进场,2026-01-14 19:00,short,3295.98,0.6067,1999.671066,7.01,0.35,8.91,0.45,-1.07,-0.05,-263.58,-0.03
206,多头出场,2026-01-14 22:30,Close entry(s) order long,3347.62,0.6033,1999.933467,19.69,0.98,24.54,1.23,-5.05,-0.25,-243.9,-0.02
206,多头进场,2026-01-14 22:00,long,3314.99,0.6033,1999.933467,19.69,0.98,24.54,1.23,-5.05,-0.25,-243.9,-0.02
207,空头出场,2026-01-15 11:00,Close entry(s) order short,3291.97,0.5974,1999.760656,33.14,1.66,33.34,1.67,-12.04,-0.60,-210.76,-0.02
207,空头进场,2026-01-15 06:30,short,3347.44,0.5974,1999.760656,33.14,1.66,33.34,1.67,-12.04,-0.60,-210.76,-0.02
208,多头出场,2026-01-15 17:30,Close entry(s) order long,3366.25,0.6012,1999.957932,23.83,1.19,28.09,1.40,-3.54,-0.18,-186.93,-0.02
208,多头进场,2026-01-15 15:00,long,3326.61,0.6012,1999.957932,23.83,1.19,28.09,1.40,-3.54,-0.18,-186.93,-0.02
209,空头出场,2026-01-15 23:30,XS,3332.01,0.5983,1999.949376,6.41,0.32,33.65,1.68,-9.08,-0.45,-180.52,-0.02
209,空头进场,2026-01-15 22:30,short,3342.72,0.5983,1999.949376,6.41,0.32,33.65,1.68,-9.08,-0.45,-180.52,-0.02
210,多头出场,2026-01-16 10:00,XL,3300.13,0.6025,1999.739675,-11.41,-0.57,4.04,0.20,-11.41,-0.57,-191.93,-0.02
210,多头进场,2026-01-16 07:30,long,3319.07,0.6025,1999.739675,-11.41,-0.57,4.04,0.20,-11.41,-0.57,-191.93,-0.02
211,多头出场,2026-01-16 18:30,XL,3300.89,0.6045,1999.909665,-4.52,-0.23,6.34,0.32,-4.52,-0.23,-196.45,-0.02
211,多头进场,2026-01-16 13:30,long,3308.37,0.6045,1999.909665,-4.52,-0.23,6.34,0.32,-4.52,-0.23,-196.45,-0.02
212,多头出场,2026-01-16 21:30,XL,3296.74,0.604,1999.693,-8.46,-0.42,1.55,0.08,-8.46,-0.42,-204.92,-0.02
212,多头进场,2026-01-16 20:00,long,3310.75,0.604,1999.693,-8.46,-0.42,1.55,0.08,-8.46,-0.42,-204.92,-0.02
213,多头出场,2026-01-17 10:30,XL,3283.98,0.6076,1999.85464,-4.51,-0.23,4.57,0.23,-5.66,-0.28,-209.42,-0.02
213,多头进场,2026-01-17 04:30,long,3291.4,0.6076,1999.85464,-4.51,-0.23,4.57,0.23,-5.66,-0.28,-209.42,-0.02
214,多头出场,2026-01-17 19:00,XL,3293.46,0.6076,1999.70274,1.4,0.07,6.79,0.34,-3.79,-0.19,-208.02,-0.02
214,多头进场,2026-01-17 10:30,long,3291.15,0.6076,1999.70274,1.4,0.07,6.79,0.34,-3.79,-0.19,-208.02,-0.02
215,空头出场,2026-01-18 06:30,Close entry(s) order short,3300.85,0.6046,1999.696362,4,0.20,6.57,0.33,-0.05,0.00,-204.02,-0.02
215,空头进场,2026-01-18 06:00,short,3307.47,0.6046,1999.696362,4,0.20,6.57,0.33,-0.05,0.00,-204.02,-0.02
216,多头出场,2026-01-18 09:00,XL,3302.87,0.604,1999.86212,-4.93,-0.25,1.22,0.06,-5.35,-0.27,-208.95,-0.02
216,多头进场,2026-01-18 08:00,long,3311.03,0.604,1999.86212,-4.93,-0.25,1.22,0.06,-5.35,-0.27,-208.95,-0.02
217,多头出场,2026-01-18 15:00,XL,3307.74,0.6041,1999.957624,-1.75,-0.09,3.89,0.19,-1.75,-0.09,-210.7,-0.02
217,多头进场,2026-01-18 11:00,long,3310.64,0.6041,1999.957624,-1.75,-0.09,3.89,0.19,-1.75,-0.09,-210.7,-0.02
218,多头出场,2026-01-18 17:00,Close entry(s) order long,3321.28,0.6034,1999.933096,4.13,0.21,4.32,0.22,-0.68,-0.03,-206.57,-0.02
218,多头进场,2026-01-18 16:30,long,3314.44,0.6034,1999.933096,4.13,0.21,4.32,0.22,-0.68,-0.03,-206.57,-0.02
219,多头出场,2026-01-19 21:00,XL,3214.14,0.6199,1999.946176,-7.5,-0.38,5,0.25,-7.5,-0.38,-214.07,-0.02
219,多头进场,2026-01-19 20:00,long,3226.24,0.6199,1999.946176,-7.5,-0.38,5,0.25,-7.5,-0.38,-214.07,-0.02
220,多头出场,2026-01-20 02:30,XL,3208.14,0.6207,1999.901607,-8.61,-0.43,1.76,0.09,-8.61,-0.43,-222.68,-0.02
220,多头进场,2026-01-20 00:30,long,3222.01,0.6207,1999.901607,-8.61,-0.43,1.76,0.09,-8.61,-0.43,-222.68,-0.02
221,多头出场,2026-01-20 06:00,XL,3209.52,0.6213,1999.765884,-5.69,-0.28,3.48,0.17,-5.82,-0.29,-228.37,-0.02
221,多头进场,2026-01-20 03:30,long,3218.68,0.6213,1999.765884,-5.69,-0.28,3.48,0.17,-5.82,-0.29,-228.37,-0.02
222,多头出场,2026-01-21 15:30,XL,2966.9,0.669,1999.86177,-15.01,-0.75,0.35,0.02,-15.01,-0.75,-243.38,-0.02
222,多头进场,2026-01-21 13:30,long,2989.33,0.669,1999.86177,-15.01,-0.75,0.35,0.02,-15.01,-0.75,-243.38,-0.02
223,空头出场,2026-01-22 00:30,Close entry(s) order short,2888.01,0.676,1999.9798,47.69,2.38,50.8,2.54,-0.55,-0.03,-195.69,-0.02
223,空头进场,2026-01-22 00:00,short,2958.55,0.676,1999.9798,47.69,2.38,50.8,2.54,-0.55,-0.03,-195.69,-0.02
224,多头出场,2026-01-22 03:30,Close entry(s) order long,3051.2,0.671,1999.73433,47.62,2.38,56.81,2.84,-5.79,-0.29,-148.07,-0.01
224,多头进场,2026-01-22 03:00,long,2980.23,0.671,1999.73433,47.62,2.38,56.81,2.84,-5.79,-0.29,-148.07,-0.01
225,空头出场,2026-01-22 09:00,XS,3023.66,0.6714,1999.96632,-30.12,-1.51,0.08,0.00,-30.12,-1.51,-178.19,-0.02
225,空头进场,2026-01-22 07:30,short,2978.8,0.6714,1999.96632,-30.12,-1.51,0.08,0.00,-30.12,-1.51,-178.19,-0.02
226,空头出场,2026-01-22 21:30,XS,2998.87,0.6669,1999.826361,-0.12,-0.01,15.29,0.76,-10.12,-0.51,-178.31,-0.02
226,空头进场,2026-01-22 15:30,short,2998.69,0.6669,1999.826361,-0.12,-0.01,15.29,0.76,-10.12,-0.51,-178.31,-0.02
227,多头出场,2026-01-23 14:00,XL,2960.64,0.6765,1999.754295,3.12,0.16,17.43,0.87,-4.55,-0.23,-175.19,-0.02
227,多头进场,2026-01-23 09:00,long,2956.03,0.6765,1999.754295,3.12,0.16,17.43,0.87,-4.55,-0.23,-175.19,-0.02
228,多头出场,2026-01-24 00:30,Close entry(s) order long,2965.12,0.678,1999.94406,10.41,0.52,18.48,0.92,-8.38,-0.42,-164.78,-0.02
228,多头进场,2026-01-23 23:30,long,2949.77,0.678,1999.94406,10.41,0.52,18.48,0.92,-8.38,-0.42,-164.78,-0.02
229,空头出场,2026-01-24 06:30,XS,2958.58,0.6785,1999.77019,-7.63,-0.38,12.46,0.62,-7.63,-0.38,-172.41,-0.02
229,空头进场,2026-01-24 04:00,short,2947.34,0.6785,1999.77019,-7.63,-0.38,12.46,0.62,-7.63,-0.38,-172.41,-0.02
230,空头出场,2026-01-24 11:00,XS,2966.17,0.6783,1999.892937,-12.06,-0.60,1.66,0.08,-12.06,-0.60,-184.47,-0.02
230,空头进场,2026-01-24 08:00,short,2948.39,0.6783,1999.892937,-12.06,-0.60,1.66,0.08,-12.06,-0.60,-184.47,-0.02
231,空头出场,2026-01-24 22:30,XS,2951.91,0.677,1999.9257,1.48,0.07,8.74,0.44,-4.72,-0.24,-182.99,-0.02
231,空头进场,2026-01-24 15:00,short,2954.1,0.677,1999.9257,1.48,0.07,8.74,0.44,-4.72,-0.24,-182.99,-0.02
232,空头出场,2026-01-25 01:00,XS,2959.88,0.6771,1999.896102,-4.24,-0.21,3.32,0.17,-4.24,-0.21,-187.23,-0.02
232,空头进场,2026-01-24 23:30,short,2953.62,0.6771,1999.896102,-4.24,-0.21,3.32,0.17,-4.24,-0.21,-187.23,-0.02
233,空头出场,2026-01-25 06:00,XS,2955.35,0.677,1999.89862,-0.87,-0.04,5.59,0.28,-0.87,-0.04,-188.1,-0.02
233,空头进场,2026-01-25 03:00,short,2954.06,0.677,1999.89862,-0.87,-0.04,5.59,0.28,-0.87,-0.04,-188.1,-0.02
234,空头出场,2026-01-25 11:00,Close entry(s) order short,2940.89,0.6771,1999.997667,8.72,0.44,8.92,0.45,-1.26,-0.06,-179.38,-0.02
234,空头进场,2026-01-25 07:00,short,2953.77,0.6771,1999.997667,8.72,0.44,8.92,0.45,-1.26,-0.06,-179.38,-0.02
235,多头出场,2026-01-25 19:30,XL,2932.31,0.6797,1999.758964,-6.67,-0.33,0.87,0.04,-6.67,-0.33,-186.05,-0.02
235,多头进场,2026-01-25 18:00,long,2942.12,0.6797,1999.758964,-6.67,-0.33,0.87,0.04,-6.67,-0.33,-186.05,-0.02
236,空头出场,2026-01-26 12:00,XS,2869.99,0.7014,1999.789596,-13.22,-0.66,8.63,0.43,-13.22,-0.66,-199.27,-0.02
236,空头进场,2026-01-26 11:00,short,2851.14,0.7014,1999.789596,-13.22,-0.66,8.63,0.43,-13.22,-0.66,-199.27,-0.02
237,空头出场,2026-01-26 22:30,XS,2920.03,0.6934,1999.7656,-24.98,-1.25,6.66,0.33,-31.82,-1.59,-224.25,-0.02
237,空头进场,2026-01-26 22:00,short,2884,0.6934,1999.7656,-24.98,-1.25,6.66,0.33,-31.82,-1.59,-224.25,-0.02
238,空头出场,2026-01-27 05:30,XS,2922.61,0.69,1999.9443,-16.66,-0.83,3.4,0.17,-16.66,-0.83,-240.91,-0.02
238,空头进场,2026-01-27 04:30,short,2898.47,0.69,1999.9443,-16.66,-0.83,3.4,0.17,-16.66,-0.83,-240.91,-0.02
239,空头出场,2026-01-27 18:30,Close entry(s) order short,2900.46,0.6834,1999.717242,17.54,0.88,18.24,0.91,-5.71,-0.29,-223.37,-0.02
239,空头进场,2026-01-27 14:30,short,2926.13,0.6834,1999.717242,17.54,0.88,18.24,0.91,-5.71,-0.29,-223.37,-0.02
240,多头出场,2026-01-27 21:00,XL,2906.47,0.6845,1999.72568,-10.25,-0.51,1.26,0.06,-10.25,-0.51,-233.61,-0.02
240,多头进场,2026-01-27 20:00,long,2921.44,0.6845,1999.72568,-10.25,-0.51,1.26,0.06,-10.25,-0.51,-233.61,-0.02
241,多头出场,2026-01-27 23:00,XL,2910.76,0.6835,1999.82531,-10.32,-0.52,3.73,0.19,-14.33,-0.72,-243.93,-0.02
241,多头进场,2026-01-27 22:00,long,2925.86,0.6835,1999.82531,-10.32,-0.52,3.73,0.19,-14.33,-0.72,-243.93,-0.02
242,空头出场,2026-01-28 02:30,XS,2957.06,0.6833,1999.902939,-20.66,-1.03,2.25,0.11,-20.66,-1.03,-264.59,-0.03
242,空头进场,2026-01-28 01:30,short,2926.83,0.6833,1999.902939,-20.66,-1.03,2.25,0.11,-20.66,-1.03,-264.59,-0.03
243,空头出场,2026-01-28 17:30,XS,3002.43,0.668,1999.77156,-5.85,-0.29,7.24,0.36,-13.26,-0.66,-270.44,-0.03
243,空头进场,2026-01-28 12:00,short,2993.67,0.668,1999.77156,-5.85,-0.29,7.24,0.36,-13.26,-0.66,-270.44,-0.03
244,空头出场,2026-01-28 23:30,XS,3005.74,0.6646,1999.728232,2.11,0.11,18.85,0.94,-5.25,-0.26,-268.33,-0.03
244,空头进场,2026-01-28 22:30,short,3008.92,0.6646,1999.728232,2.11,0.11,18.85,0.94,-5.25,-0.26,-268.33,-0.03
245,空头出场,2026-01-29 01:30,XS,3019.95,0.6676,1999.969376,-16.15,-0.81,6.09,0.30,-16.15,-0.81,-284.48,-0.03
245,空头进场,2026-01-29 00:30,short,2995.76,0.6676,1999.969376,-16.15,-0.81,6.09,0.30,-16.15,-0.81,-284.48,-0.03
246,空头出场,2026-01-29 04:00,XS,3022.81,0.6648,1999.897896,-9.67,-0.48,9.68,0.48,-9.67,-0.48,-294.14,-0.03
246,空头进场,2026-01-29 03:00,short,3008.27,0.6648,1999.897896,-9.67,-0.48,9.68,0.48,-9.67,-0.48,-294.14,-0.03
247,空头出场,2026-01-29 06:00,XS,3022.64,0.6652,1999.963712,-10.7,-0.53,9.12,0.46,-10.7,-0.53,-304.84,-0.03
247,空头进场,2026-01-29 04:30,short,3006.56,0.6652,1999.963712,-10.7,-0.53,9.12,0.46,-10.7,-0.53,-304.84,-0.03
248,空头出场,2026-01-29 09:30,Close entry(s) order short,2988.74,0.6645,1999.7463,13.73,0.69,17.2,0.86,-1.67,-0.08,-291.11,-0.03
248,空头进场,2026-01-29 07:00,short,3009.4,0.6645,1999.7463,13.73,0.69,17.2,0.86,-1.67,-0.08,-291.11,-0.03
249,多头出场,2026-01-30 21:00,XL,2730.14,0.7257,1999.818747,-18.56,-0.93,4.65,0.23,-18.56,-0.93,-309.67,-0.03
249,多头进场,2026-01-30 19:30,long,2755.71,0.7257,1999.818747,-18.56,-0.93,4.65,0.23,-18.56,-0.93,-309.67,-0.03
250,多头出场,2026-01-31 04:00,XL,2708.32,0.731,1999.92097,-20.14,-1.01,15.39,0.77,-20.14,-1.01,-329.81,-0.03
250,多头进场,2026-01-31 02:30,long,2735.87,0.731,1999.92097,-20.14,-1.01,15.39,0.77,-20.14,-1.01,-329.81,-0.03
251,多头出场,2026-02-02 23:00,Close entry(s) order long,2365.91,0.8777,1999.971105,76.59,3.83,87.13,4.36,-5.82,-0.29,-253.22,-0.03
251,多头进场,2026-02-02 17:00,long,2278.65,0.8777,1999.971105,76.59,3.83,87.13,4.36,-5.82,-0.29,-253.22,-0.03
252,空头出场,2026-02-03 08:30,XS,2351.99,0.8622,1999.838412,-28.05,-1.40,1.78,0.09,-29.16,-1.46,-281.27,-0.03
252,空头进场,2026-02-03 04:30,short,2319.46,0.8622,1999.838412,-28.05,-1.40,1.78,0.09,-29.16,-1.46,-281.27,-0.03
253,空头出场,2026-02-03 11:30,XS,2319.84,0.8589,1999.957239,7.45,0.37,37.52,1.88,-0.01,0.00,-273.82,-0.03
253,空头进场,2026-02-03 10:00,short,2328.51,0.8589,1999.957239,7.45,0.37,37.52,1.88,-0.01,0.00,-273.82,-0.03
254,空头出场,2026-02-03 15:30,XS,2330.9,0.8577,1999.98486,0.77,0.04,29.35,1.47,-18.22,-0.91,-273.05,-0.03
254,空头进场,2026-02-03 12:00,short,2331.8,0.8577,1999.98486,0.77,0.04,29.35,1.47,-18.22,-0.91,-273.05,-0.03
255,多头出场,2026-02-03 22:30,XL,2285.14,0.8656,1999.856272,-21.84,-1.09,3.97,0.20,-21.84,-1.09,-294.89,-0.03
255,多头进场,2026-02-03 21:30,long,2310.37,0.8656,1999.856272,-21.84,-1.09,3.97,0.20,-21.84,-1.09,-294.89,-0.03
256,多头出场,2026-02-04 00:00,XL,2251.74,0.869,1999.9166,-43.15,-2.16,0.09,0.00,-43.15,-2.16,-338.04,-0.03
256,多头进场,2026-02-03 23:30,long,2301.4,0.869,1999.9166,-43.15,-2.16,0.09,0.00,-43.15,-2.16,-338.04,-0.03
257,空头出场,2026-02-04 09:00,XS,2265.47,0.8949,1999.967265,-27.4,-1.37,20.5,1.03,-27.4,-1.37,-365.44,-0.04
257,空头进场,2026-02-04 06:30,short,2234.85,0.8949,1999.967265,-27.4,-1.37,20.5,1.03,-27.4,-1.37,-365.44,-0.04
258,空头出场,2026-02-04 15:30,XS,2284.56,0.889,1999.82328,-31.15,-1.56,2.92,0.15,-38.08,-1.90,-396.59,-0.04
258,空头进场,2026-02-04 10:30,short,2249.52,0.889,1999.82328,-31.15,-1.56,2.92,0.15,-38.08,-1.90,-396.59,-0.04
259,空头出场,2026-02-04 19:30,XS,2256.89,0.8858,1999.932666,0.78,0.04,29.91,1.50,-3.63,-0.18,-395.81,-0.04
259,空头进场,2026-02-04 17:00,short,2257.77,0.8858,1999.932666,0.78,0.04,29.91,1.50,-3.63,-0.18,-395.81,-0.04
260,多头出场,2026-02-05 05:00,XL,2136.76,0.9152,1999.931648,-44.37,-2.22,3.67,0.18,-44.37,-2.22,-440.18,-0.04
260,多头进场,2026-02-05 03:30,long,2185.24,0.9152,1999.931648,-44.37,-2.22,3.67,0.18,-44.37,-2.22,-440.18,-0.04
261,多头出场,2026-02-05 18:30,XL,2093.04,0.9372,1999.816104,-38.22,-1.91,3.96,0.20,-38.22,-1.91,-478.4,-0.05
261,多头进场,2026-02-05 17:00,long,2133.82,0.9372,1999.816104,-38.22,-1.91,3.96,0.20,-38.22,-1.91,-478.4,-0.05
262,多头出场,2026-02-06 13:30,Close entry(s) order long,1954.86,1.0373,1999.924773,27.85,1.39,45.4,2.27,-53.15,-2.66,-450.55,-0.05
262,多头进场,2026-02-06 09:30,long,1928.01,1.0373,1999.924773,27.85,1.39,45.4,2.27,-53.15,-2.66,-450.55,-0.05
263,空头出场,2026-02-06 17:30,XS,1918.65,1.0498,1999.848004,-14.35,-0.72,43.61,2.18,-14.35,-0.72,-464.9,-0.05
263,空头进场,2026-02-06 14:30,short,1904.98,1.0498,1999.848004,-14.35,-0.72,43.61,2.18,-14.35,-0.72,-464.9,-0.05
264,空头出场,2026-02-07 15:00,Close entry(s) order short,2022.01,0.9774,1999.867914,23.56,1.18,51.21,2.56,-7.73,-0.39,-441.35,-0.04
264,空头进场,2026-02-07 14:30,short,2046.11,0.9774,1999.867914,23.56,1.18,51.21,2.56,-7.73,-0.39,-441.35,-0.04
265,多头出场,2026-02-07 21:30,XL,2031.99,0.974,1999.83628,-20.68,-1.03,13.15,0.66,-20.68,-1.03,-462.02,-0.05
265,多头进场,2026-02-07 20:00,long,2053.22,0.974,1999.83628,-20.68,-1.03,13.15,0.66,-20.68,-1.03,-462.02,-0.05
266,多头出场,2026-02-08 00:00,XL,2025.19,0.978,1999.85352,-19.22,-0.96,15.38,0.77,-19.22,-0.96,-481.24,-0.05
266,多头进场,2026-02-07 23:00,long,2044.84,0.978,1999.85352,-19.22,-0.96,15.38,0.77,-19.22,-0.96,-481.24,-0.05
267,空头出场,2026-02-08 16:00,XS,2089.17,0.9626,1999.859256,-11.18,-0.56,11.2,0.56,-11.18,-0.56,-492.42,-0.05
267,空头进场,2026-02-08 11:30,short,2077.56,0.9626,1999.859256,-11.18,-0.56,11.2,0.56,-11.18,-0.56,-492.42,-0.05
268,空头出场,2026-02-09 00:30,Close entry(s) order short,2079.78,0.9514,1999.909398,21.21,1.06,28.31,1.42,-12.2,-0.61,-471.21,-0.05
268,空头进场,2026-02-08 23:00,short,2102.07,0.9514,1999.909398,21.21,1.06,28.31,1.42,-12.2,-0.61,-471.21,-0.05
269,多头出场,2026-02-09 04:30,XL,2102.57,0.9485,1999.89328,-5.61,-0.28,18.49,0.92,-5.61,-0.28,-476.82,-0.05
269,多头进场,2026-02-09 02:30,long,2108.48,0.9485,1999.89328,-5.61,-0.28,18.49,0.92,-5.61,-0.28,-476.82,-0.05
270,多头出场,2026-02-09 07:00,XL,2084.69,0.9488,1999.823712,-21.87,-1.09,1.99,0.10,-21.87,-1.09,-498.69,-0.05
270,多头进场,2026-02-09 05:00,long,2107.74,0.9488,1999.823712,-21.87,-1.09,1.99,0.10,-21.87,-1.09,-498.69,-0.05
271,多头出场,2026-02-09 15:30,XL,2069.33,0.9528,1999.87956,-28.22,-1.41,1.42,0.07,-28.22,-1.41,-526.91,-0.05
271,多头进场,2026-02-09 11:30,long,2098.95,0.9528,1999.87956,-28.22,-1.41,1.42,0.07,-28.22,-1.41,-526.91,-0.05
272,多头出场,2026-02-10 00:30,Close entry(s) order long,2089.73,0.9705,1999.822005,28.26,1.41,45.11,2.26,-13.79,-0.69,-498.65,-0.05
272,多头进场,2026-02-09 23:30,long,2060.61,0.9705,1999.822005,28.26,1.41,45.11,2.26,-13.79,-0.69,-498.65,-0.05
273,空头出场,2026-02-10 13:30,Close entry(s) order short,2052.34,0.9535,1999.90904,43,2.15,49.95,2.50,-24.71,-1.24,-455.64,-0.05
273,空头进场,2026-02-10 08:30,short,2097.44,0.9535,1999.90904,43,2.15,49.95,2.50,-24.71,-1.24,-455.64,-0.05
274,多头出场,2026-02-11 02:00,XL,2018.41,0.9851,1999.831808,-11.5,-0.57,15.5,0.77,-11.5,-0.57,-467.14,-0.05
274,多头进场,2026-02-11 01:00,long,2030.08,0.9851,1999.831808,-11.5,-0.57,15.5,0.77,-11.5,-0.57,-467.14,-0.05
275,多头出场,2026-02-11 11:00,XL,2010.91,0.9891,1999.851399,-10.86,-0.54,8.92,0.45,-10.86,-0.54,-478,-0.05
275,多头进场,2026-02-11 07:30,long,2021.89,0.9891,1999.851399,-10.86,-0.54,8.92,0.45,-10.86,-0.54,-478,-0.05
276,空头出场,2026-02-11 23:00,Close entry(s) order short,1921.3,1.0295,1999.96847,21.99,1.10,41.34,2.07,-6.44,-0.32,-456.01,-0.05
276,空头进场,2026-02-11 22:30,short,1942.66,1.0295,1999.96847,21.99,1.10,41.34,2.07,-6.44,-0.32,-456.01,-0.05
277,多头出场,2026-02-12 06:00,XL,1955.23,1.0248,1999.856208,3.86,0.19,36.3,1.82,-11.86,-0.59,-452.15,-0.05
277,多头进场,2026-02-12 03:30,long,1951.46,1.0248,1999.856208,3.86,0.19,36.3,1.82,-11.86,-0.59,-452.15,-0.05
278,多头出场,2026-02-12 13:00,XL,1952.48,1.0253,1999.95018,1.93,0.10,26.46,1.32,-0.39,-0.02,-450.22,-0.05
278,多头进场,2026-02-12 08:00,long,1950.6,1.0253,1999.95018,1.93,0.10,26.46,1.32,-0.39,-0.02,-450.22,-0.05
279,多头出场,2026-02-12 19:00,Close entry(s) order long,1997.48,1.0182,1999.866984,33.97,1.70,35.72,1.79,-1.87,-0.09,-416.25,-0.04
279,多头进场,2026-02-12 16:30,long,1964.12,1.0182,1999.866984,33.97,1.70,35.72,1.79,-1.87,-0.09,-416.25,-0.04
280,空头出场,2026-02-12 23:30,Close entry(s) order short,1947.45,1.0136,1999.893616,25.96,1.30,29.15,1.46,-2.87,-0.14,-390.29,-0.04
280,空头进场,2026-02-12 23:00,short,1973.06,1.0136,1999.893616,25.96,1.30,29.15,1.46,-2.87,-0.14,-390.29,-0.04
281,多头出场,2026-02-13 08:30,XL,1927.95,1.0299,1999.921614,-14.33,-0.72,10.47,0.52,-14.33,-0.72,-404.62,-0.04
281,多头进场,2026-02-13 06:30,long,1941.86,1.0299,1999.921614,-14.33,-0.72,10.47,0.52,-14.33,-0.72,-404.62,-0.04
282,多头出场,2026-02-13 13:00,XL,1937.9,1.031,1999.92349,-1.95,-0.10,17.4,0.87,-1.95,-0.10,-406.57,-0.04
282,多头进场,2026-02-13 09:00,long,1939.79,1.031,1999.92349,-1.95,-0.10,17.4,0.87,-1.95,-0.10,-406.57,-0.04
283,多头出场,2026-02-13 19:30,XL,1950.28,1.0283,1999.817274,5.66,0.28,23.15,1.16,-13.49,-0.67,-400.91,-0.04
283,多头进场,2026-02-13 15:00,long,1944.78,1.0283,1999.817274,5.66,0.28,23.15,1.16,-13.49,-0.67,-400.91,-0.04
284,空头出场,2026-02-15 01:00,XS,2084.51,0.9654,1999.903332,-12.48,-0.62,4.62,0.23,-12.48,-0.62,-413.4,-0.04
284,空头进场,2026-02-15 00:00,short,2071.58,0.9654,1999.903332,-12.48,-0.62,4.62,0.23,-12.48,-0.62,-413.4,-0.04
285,空头出场,2026-02-15 09:00,Close entry(s) order short,2062.08,0.9609,1999.805862,18.35,0.92,21.85,1.09,-2.85,-0.14,-395.04,-0.04
285,空头进场,2026-02-15 08:00,short,2081.18,0.9609,1999.805862,18.35,0.92,21.85,1.09,-2.85,-0.14,-395.04,-0.04
286,多头出场,2026-02-15 13:00,Close entry(s) order long,2089.69,0.9636,1999.922892,13.7,0.69,14.95,0.75,-0.99,-0.05,-381.34,-0.04
286,多头进场,2026-02-15 12:30,long,2075.47,0.9636,1999.922892,13.7,0.69,14.95,0.75,-0.99,-0.05,-381.34,-0.04
287,空头出场,2026-02-15 17:00,XS,2076.37,0.9635,1999.99476,-0.59,-0.03,19.2,0.96,-0.93,-0.05,-381.93,-0.04
287,空头进场,2026-02-15 16:00,short,2075.76,0.9635,1999.99476,-0.59,-0.03,19.2,0.96,-0.93,-0.05,-381.93,-0.04
288,多头出场,2026-02-16 13:30,XL,1952.96,1.0141,1999.825482,-19.33,-0.97,1.09,0.05,-19.33,-0.97,-401.26,-0.04
288,多头进场,2026-02-16 12:30,long,1972.02,1.0141,1999.825482,-19.33,-0.97,1.09,0.05,-19.33,-0.97,-401.26,-0.04
289,多头出场,2026-02-16 19:00,XL,1975.69,1.0138,1999.994226,2.96,0.15,19.64,0.98,-8.17,-0.41,-398.3,-0.04
289,多头进场,2026-02-16 15:00,long,1972.77,1.0138,1999.994226,2.96,0.15,19.64,0.98,-8.17,-0.41,-398.3,-0.04
290,多头出场,2026-02-16 20:30,Close entry(s) order long,2005.17,1.0124,1999.986076,30.05,1.50,32.53,1.63,-3.97,-0.20,-368.25,-0.04
290,多头进场,2026-02-16 19:30,long,1975.49,1.0124,1999.986076,30.05,1.50,32.53,1.63,-3.97,-0.20,-368.25,-0.04
291,空头出场,2026-02-16 22:30,XS,1980.19,1.0167,1999.838733,-13.42,-0.67,12.3,0.62,-13.42,-0.67,-381.67,-0.04
291,空头进场,2026-02-16 21:30,short,1966.99,1.0167,1999.838733,-13.42,-0.67,12.3,0.62,-13.42,-0.67,-381.67,-0.04
292,空头出场,2026-02-17 04:30,XS,1987.98,1.0163,1999.925955,-20.46,-1.02,2.5,0.13,-20.46,-1.02,-402.13,-0.04
292,空头进场,2026-02-17 02:30,short,1967.85,1.0163,1999.925955,-20.46,-1.02,2.5,0.13,-20.46,-1.02,-402.13,-0.04
293,空头出场,2026-02-17 14:00,XS,1983.46,1.0076,1999.93486,1.4,0.07,21.19,1.06,-12.03,-0.60,-400.73,-0.04
293,空头进场,2026-02-17 11:30,short,1984.85,1.0076,1999.93486,1.4,0.07,21.19,1.06,-12.03,-0.60,-400.73,-0.04
294,空头出场,2026-02-17 21:00,XS,1976.57,1.0085,1999.946265,6.58,0.33,22.1,1.10,-1.92,-0.10,-394.15,-0.04
294,空头进场,2026-02-17 16:00,short,1983.09,1.0085,1999.946265,6.58,0.33,22.1,1.10,-1.92,-0.10,-394.15,-0.04
295,多头出场,2026-02-18 00:30,XL,1979.45,1.0084,1999.929468,-3.85,-0.19,25.71,1.29,-4.34,-0.22,-398,-0.04
295,多头进场,2026-02-18 00:00,long,1983.27,1.0084,1999.929468,-3.85,-0.19,25.71,1.29,-4.34,-0.22,-398,-0.04
296,多头出场,2026-02-18 02:30,Close entry(s) order long,1997.69,1.0059,1999.93038,9.55,0.48,17.72,0.89,-1.18,-0.06,-388.46,-0.04
296,多头进场,2026-02-18 02:00,long,1988.2,1.0059,1999.93038,9.55,0.48,17.72,0.89,-1.18,-0.06,-388.46,-0.04
297,空头出场,2026-02-18 10:00,XS,1988.58,1.0093,1999.857299,-7.22,-0.36,13.21,0.66,-7.22,-0.36,-395.67,-0.04
297,空头进场,2026-02-18 08:30,short,1981.43,1.0093,1999.857299,-7.22,-0.36,13.21,0.66,-7.22,-0.36,-395.67,-0.04
298,空头出场,2026-02-18 19:00,Close entry(s) order short,1982.42,1.0018,1999.99352,14.01,0.70,20.45,1.02,-1.01,-0.05,-381.67,-0.04
298,空头进场,2026-02-18 18:30,short,1996.4,1.0018,1999.99352,14.01,0.70,20.45,1.02,-1.01,-0.05,-381.67,-0.04
299,多头出场,2026-02-19 16:00,XL,1971.93,1.0192,1999.97616,9.81,0.49,24.85,1.24,-2.98,-0.15,-371.85,-0.04
299,多头进场,2026-02-19 09:00,long,1962.3,1.0192,1999.97616,9.81,0.49,24.85,1.24,-2.98,-0.15,-371.85,-0.04
300,多头出场,2026-02-19 18:00,XL,1961.97,1.0117,1999.807156,-14.88,-0.74,0.77,0.04,-15.48,-0.77,-386.74,-0.04
300,多头进场,2026-02-19 17:00,long,1976.68,1.0117,1999.807156,-14.88,-0.74,0.77,0.04,-15.48,-0.77,-386.74,-0.04
301,多头出场,2026-02-20 08:00,Close entry(s) order long,1962.4,1.0305,1999.85013,22.4,1.12,22.84,1.14,-6.71,-0.34,-364.33,-0.04
301,多头进场,2026-02-20 03:30,long,1940.66,1.0305,1999.85013,22.4,1.12,22.84,1.14,-6.71,-0.34,-364.33,-0.04
302,空头出场,2026-02-20 13:30,XS,1951.53,1.0324,1999.903336,-14.86,-0.74,2.58,0.13,-14.86,-0.74,-379.19,-0.04
302,空头进场,2026-02-20 12:00,short,1937.14,1.0324,1999.903336,-14.86,-0.74,2.58,0.13,-14.86,-0.74,-379.19,-0.04
303,空头出场,2026-02-20 21:30,XS,1924.01,1.024,1999.9232,29.74,1.49,29.74,1.49,-0.57,-0.03,-349.45,-0.03
303,空头进场,2026-02-20 19:00,short,1953.05,1.024,1999.9232,29.74,1.49,29.74,1.49,-0.57,-0.03,-349.45,-0.03
304,多头出场,2026-02-21 00:30,Close entry(s) order long,1968.19,1.0225,1999.815725,12.66,0.63,16.6,0.83,-12.89,-0.64,-336.79,-0.03
304,多头进场,2026-02-20 23:00,long,1955.81,1.0225,1999.815725,12.66,0.63,16.6,0.83,-12.89,-0.64,-336.79,-0.03
305,空头出场,2026-02-21 02:00,XS,1967.49,1.029,1999.95411,-24.59,-1.23,0.4,0.02,-27.22,-1.36,-361.39,-0.04
305,空头进场,2026-02-21 01:00,short,1943.59,1.029,1999.95411,-24.59,-1.23,0.4,0.02,-27.22,-1.36,-361.39,-0.04
306,空头出场,2026-02-21 16:30,XS,1968.63,1.0191,1999.820694,-6.41,-0.32,6.97,0.35,-7.65,-0.38,-367.8,-0.04
306,空头进场,2026-02-21 08:30,short,1962.34,1.0191,1999.820694,-6.41,-0.32,6.97,0.35,-7.65,-0.38,-367.8,-0.04
307,空头出场,2026-02-22 05:30,XS,1981.18,1.0134,1999.89423,-7.83,-0.39,2.96,0.15,-7.83,-0.39,-375.63,-0.04
307,空头进场,2026-02-22 04:30,short,1973.45,1.0134,1999.89423,-7.83,-0.39,2.96,0.15,-7.83,-0.39,-375.63,-0.04
308,空头出场,2026-02-22 08:00,Close entry(s) order short,1970.05,1.0122,1999.874394,5.79,0.29,8.03,0.40,-1.18,-0.06,-369.84,-0.04
308,空头进场,2026-02-22 06:00,short,1975.77,1.0122,1999.874394,5.79,0.29,8.03,0.40,-1.18,-0.06,-369.84,-0.04
309,多头出场,2026-02-22 16:00,XL,1971.61,1.0117,1999.948794,-5.27,-0.26,2.3,0.11,-5.27,-0.26,-375.11,-0.04
309,多头进场,2026-02-22 14:00,long,1976.82,1.0117,1999.948794,-5.27,-0.26,2.3,0.11,-5.27,-0.26,-375.11,-0.04
310,多头出场,2026-02-22 20:00,XL,1975.92,1.0124,1999.905084,0.52,0.03,7.35,0.37,-0.81,-0.04,-374.59,-0.04
310,多头进场,2026-02-22 17:30,long,1975.41,1.0124,1999.905084,0.52,0.03,7.35,0.37,-0.81,-0.04,-374.59,-0.04
311,多头出场,2026-02-23 07:00,XL,1950.37,1.0232,1999.905792,-4.29,-0.21,5.96,0.30,-4.29,-0.21,-378.88,-0.04
311,多头进场,2026-02-23 06:00,long,1954.56,1.0232,1999.905792,-4.29,-0.21,5.96,0.30,-4.29,-0.21,-378.88,-0.04
312,空头出场,2026-02-24 00:30,Close entry(s) order short,1883.89,1.0506,1999.92216,20.71,1.04,23.62,1.18,-5.27,-0.26,-358.17,-0.04
312,空头进场,2026-02-23 23:00,short,1903.6,1.0506,1999.92216,20.71,1.04,23.62,1.18,-5.27,-0.26,-358.17,-0.04
313,多头出场,2026-02-24 23:00,Close entry(s) order long,1848.84,1.0904,1999.95716,16.02,0.80,16.51,0.83,-6.27,-0.31,-342.16,-0.03
313,多头进场,2026-02-24 22:30,long,1834.15,1.0904,1999.95716,16.02,0.80,16.51,0.83,-6.27,-0.31,-342.16,-0.03
314,空头出场,2026-02-25 09:00,XS,1863.12,1.0828,1999.87746,-17.51,-0.88,0,0.00,-17.51,-0.88,-359.67,-0.04
314,空头进场,2026-02-25 08:00,short,1846.95,1.0828,1999.87746,-17.51,-0.88,0,0.00,-17.51,-0.88,-359.67,-0.04
315,空头出场,2026-02-26 12:30,XS,2074.1,0.9775,1999.818375,-27.61,-1.38,0,0.00,-27.61,-1.38,-387.28,-0.04
315,空头进场,2026-02-26 10:00,short,2045.85,0.9775,1999.818375,-27.61,-1.38,0,0.00,-27.61,-1.38,-387.28,-0.04
316,空头出场,2026-02-26 17:00,XS,2068.92,0.9739,1999.971823,-14.95,-0.75,7.75,0.39,-14.95,-0.75,-402.23,-0.04
316,空头进场,2026-02-26 15:30,short,2053.57,0.9739,1999.971823,-14.95,-0.75,7.75,0.39,-14.95,-0.75,-402.23,-0.04
317,空头出场,2026-02-26 22:30,XS,2076.05,0.9719,1999.927225,-17.79,-0.89,1.68,0.08,-17.79,-0.89,-420.01,-0.04
317,空头进场,2026-02-26 19:30,short,2057.75,0.9719,1999.927225,-17.79,-0.89,1.68,0.08,-17.79,-0.89,-420.01,-0.04
318,空头出场,2026-02-26 23:00,Close entry(s) order short,2023.06,0.9747,1999.98693,28.11,1.41,33.02,1.65,-1.22,-0.06,-391.9,-0.04
318,空头进场,2026-02-26 22:30,short,2051.9,0.9747,1999.98693,28.11,1.41,33.02,1.65,-1.22,-0.06,-391.9,-0.04
319,多头出场,2026-02-27 08:30,XL,2011.75,0.9842,1999.835348,-19.87,-0.99,5.73,0.29,-19.87,-0.99,-411.78,-0.04
319,多头进场,2026-02-27 05:00,long,2031.94,0.9842,1999.835348,-19.87,-0.99,5.73,0.29,-19.87,-0.99,-411.78,-0.04
320,多头出场,2026-02-27 12:00,Close entry(s) order long,2056.39,0.9779,1999.961964,10.98,0.55,17.3,0.86,-2.08,-0.10,-400.79,-0.04
320,多头进场,2026-02-27 11:30,long,2045.16,0.9779,1999.961964,10.98,0.55,17.3,0.86,-2.08,-0.10,-400.79,-0.04
321,空头出场,2026-02-27 16:00,XS,2042.42,0.984,1999.99968,-9.74,-0.49,9.97,0.50,-9.74,-0.49,-410.54,-0.04
321,空头进场,2026-02-27 14:00,short,2032.52,0.984,1999.99968,-9.74,-0.49,9.97,0.50,-9.74,-0.49,-410.54,-0.04
322,空头出场,2026-02-27 18:00,Close entry(s) order short,1991.33,0.9946,1999.872058,19.3,0.96,25.51,1.28,-2.61,-0.13,-391.24,-0.04
322,空头进场,2026-02-27 17:30,short,2010.73,0.9946,1999.872058,19.3,0.96,25.51,1.28,-2.61,-0.13,-391.24,-0.04
323,多头出场,2026-02-28 22:30,XL,1888.99,1.0498,1999.889996,-16.83,-0.84,10.69,0.53,-16.83,-0.84,-408.07,-0.04
323,多头进场,2026-02-28 21:30,long,1905.02,1.0498,1999.889996,-16.83,-0.84,10.69,0.53,-16.83,-0.84,-408.07,-0.04
324,空头出场,2026-03-01 21:30,XS,1991.49,1.0068,1999.927656,-5.1,-0.26,16.72,0.84,-8.71,-0.44,-413.17,-0.04
324,空头进场,2026-03-01 16:30,short,1986.42,1.0068,1999.927656,-5.1,-0.26,16.72,0.84,-8.71,-0.44,-413.17,-0.04
325,空头出场,2026-03-02 01:00,Close entry(s) order short,1965.37,1.013,1999.84434,8.92,0.45,20.19,1.01,-1.63,-0.08,-404.25,-0.04
325,空头进场,2026-03-02 00:30,short,1974.18,1.013,1999.84434,8.92,0.45,20.19,1.01,-1.63,-0.08,-404.25,-0.04
326,多头出场,2026-03-02 10:00,XL,1957.96,1.0199,1999.860716,-2.94,-0.15,28.42,1.42,-2.94,-0.15,-407.19,-0.04
326,多头进场,2026-03-02 08:30,long,1960.84,1.0199,1999.860716,-2.94,-0.15,28.42,1.42,-2.94,-0.15,-407.19,-0.04
327,多头出场,2026-03-02 14:00,XL,1955.75,1.0133,1999.940077,-18.18,-0.91,8.98,0.45,-18.18,-0.91,-425.36,-0.04
327,多头进场,2026-03-02 11:00,long,1973.69,1.0133,1999.940077,-18.18,-0.91,8.98,0.45,-18.18,-0.91,-425.36,-0.04
328,多头出场,2026-03-02 19:00,XL,1937.98,1.0213,1999.838169,-20.58,-1.03,5.22,0.26,-20.58,-1.03,-445.94,-0.04
328,多头进场,2026-03-02 17:00,long,1958.13,1.0213,1999.838169,-20.58,-1.03,5.22,0.26,-20.58,-1.03,-445.94,-0.04
329,空头出场,2026-03-03 13:30,Close entry(s) order short,1993.43,0.9901,1999.962396,26.27,1.31,31.55,1.58,-2.42,-0.12,-419.68,-0.04
329,空头进场,2026-03-03 09:30,short,2019.96,0.9901,1999.962396,26.27,1.31,31.55,1.58,-2.42,-0.12,-419.68,-0.04
330,空头出场,2026-03-04 07:00,XS,1988.05,1.0109,1999.823034,-9.9,-0.49,18.85,0.94,-9.9,-0.49,-429.57,-0.04
330,空头进场,2026-03-04 04:30,short,1978.26,1.0109,1999.823034,-9.9,-0.49,18.85,0.94,-9.9,-0.49,-429.57,-0.04
331,空头出场,2026-03-04 09:30,XS,1996.35,1.0117,1999.989262,-19.72,-0.99,6.81,0.34,-19.72,-0.99,-449.29,-0.04
331,空头进场,2026-03-04 08:30,short,1976.86,1.0117,1999.989262,-19.72,-0.99,6.81,0.34,-19.72,-0.99,-449.29,-0.04
332,空头出场,2026-03-04 13:30,XS,1968.99,1.0137,1999.979415,4.01,0.20,28.2,1.41,-9.75,-0.49,-445.28,-0.04
332,空头进场,2026-03-04 10:00,short,1972.95,1.0137,1999.979415,4.01,0.20,28.2,1.41,-9.75,-0.49,-445.28,-0.04
333,空头出场,2026-03-05 12:30,XS,2135.3,0.946,1999.9386,-20.06,-1.00,5.2,0.26,-20.19,-1.01,-465.33,-0.05
333,空头进场,2026-03-05 09:30,short,2114.1,0.946,1999.9386,-20.06,-1.00,5.2,0.26,-20.19,-1.01,-465.33,-0.05
334,空头出场,2026-03-05 15:30,Close entry(s) order short,2105.43,0.9434,1999.923094,13.66,0.68,22.09,1.10,-12.13,-0.61,-451.67,-0.05
334,空头进场,2026-03-05 13:00,short,2119.91,0.9434,1999.923094,13.66,0.68,22.09,1.10,-12.13,-0.61,-451.67,-0.05
335,多头出场,2026-03-05 18:30,Close entry(s) order long,2156.61,0.9392,1999.923088,25.57,1.28,32.48,1.62,-8.09,-0.40,-426.11,-0.04
335,多头进场,2026-03-05 17:00,long,2129.39,0.9392,1999.923088,25.57,1.28,32.48,1.62,-8.09,-0.40,-426.11,-0.04
336,空头出场,2026-03-05 23:00,Close entry(s) order short,2074.09,0.9418,1999.836956,46.46,2.32,47.32,2.37,-6.85,-0.34,-379.65,-0.04
336,空头进场,2026-03-05 21:00,short,2123.42,0.9418,1999.836956,46.46,2.32,47.32,2.37,-6.85,-0.34,-379.65,-0.04
337,多头出场,2026-03-06 12:30,XL,2068.48,0.9578,1999.857666,-18.67,-0.93,5,0.25,-18.67,-0.93,-398.31,-0.04
337,多头进场,2026-03-06 09:30,long,2087.97,0.9578,1999.857666,-18.67,-0.93,5,0.25,-18.67,-0.93,-398.31,-0.04
338,多头出场,2026-03-06 17:00,XL,2069.51,0.9594,1999.8693,-14.38,-0.72,2.86,0.14,-14.38,-0.72,-412.7,-0.04
338,多头进场,2026-03-06 15:00,long,2084.5,0.9594,1999.8693,-14.38,-0.72,2.86,0.14,-14.38,-0.72,-412.7,-0.04
339,多头出场,2026-03-07 20:30,XL,1982,1.0085,1999.83533,-0.99,-0.05,11.43,0.57,-7.72,-0.39,-413.68,-0.04
339,多头进场,2026-03-07 15:30,long,1982.98,1.0085,1999.83533,-0.99,-0.05,11.43,0.57,-7.72,-0.39,-413.68,-0.04
340,多头出场,2026-03-08 00:30,XL,1975.04,1.0065,1999.81485,-11.94,-0.60,0.39,0.02,-11.94,-0.60,-425.62,-0.04
340,多头进场,2026-03-07 22:30,long,1986.9,1.0065,1999.81485,-11.94,-0.60,0.39,0.02,-11.94,-0.60,-425.62,-0.04
341,多头出场,2026-03-08 18:00,Close entry(s) order long,1975.89,1.0205,1999.91467,16.48,0.82,20.29,1.01,-2.97,-0.15,-409.14,-0.04
341,多头进场,2026-03-08 16:30,long,1959.74,1.0205,1999.91467,16.48,0.82,20.29,1.01,-2.97,-0.15,-409.14,-0.04
342,空头出场,2026-03-08 20:00,XS,1927.86,1.0208,1999.920736,31.96,1.60,31.96,1.60,-3.3,-0.16,-377.18,-0.04
342,空头进场,2026-03-08 19:00,short,1959.17,1.0208,1999.920736,31.96,1.60,31.96,1.60,-3.3,-0.16,-377.18,-0.04
343,多头出场,2026-03-09 03:30,Close entry(s) order long,1964.77,1.0206,1999.81467,5.43,0.27,10.25,0.51,-1.15,-0.06,-371.75,-0.04
343,多头进场,2026-03-09 03:00,long,1959.45,1.0206,1999.81467,5.43,0.27,10.25,0.51,-1.15,-0.06,-371.75,-0.04
344,空头出场,2026-03-09 07:00,XS,1945.89,1.0363,1999.820651,-16.71,-0.84,5.87,0.29,-19.1,-0.96,-388.45,-0.04
344,空头进场,2026-03-09 06:00,short,1929.77,1.0363,1999.820651,-16.71,-0.84,5.87,0.29,-19.1,-0.96,-388.45,-0.04
345,空头出场,2026-03-09 08:30,XS,1952.66,1.0324,1999.872364,-16.05,-0.80,7.31,0.37,-16.05,-0.80,-404.51,-0.04
345,空头进场,2026-03-09 07:30,short,1937.11,1.0324,1999.872364,-16.05,-0.80,7.31,0.37,-16.05,-0.80,-404.51,-0.04
346,空头出场,2026-03-09 10:30,XS,1962.08,1.0277,1999.863092,-16.57,-0.83,7.52,0.38,-16.57,-0.83,-421.08,-0.04
346,空头进场,2026-03-09 09:30,short,1945.96,1.0277,1999.863092,-16.57,-0.83,7.52,0.38,-16.57,-0.83,-421.08,-0.04
347,空头出场,2026-03-10 08:00,XS,2013.11,0.9986,1999.866262,-10.43,-0.52,12.66,0.63,-10.43,-0.52,-431.5,-0.04
347,空头进场,2026-03-10 06:30,short,2002.67,0.9986,1999.866262,-10.43,-0.52,12.66,0.63,-10.43,-0.52,-431.5,-0.04
348,空头出场,2026-03-10 10:30,XS,2029.88,0.9935,1999.85589,-16.83,-0.84,5.52,0.28,-16.83,-0.84,-448.33,-0.04
348,空头进场,2026-03-10 09:00,short,2012.94,0.9935,1999.85589,-16.83,-0.84,5.52,0.28,-16.83,-0.84,-448.33,-0.04
349,空头出场,2026-03-10 22:00,Close entry(s) order short,2025.13,0.9833,1999.93387,8.62,0.43,24.13,1.21,-2.81,-0.14,-439.71,-0.04
349,空头进场,2026-03-10 21:30,short,2033.9,0.9833,1999.93387,8.62,0.43,24.13,1.21,-2.81,-0.14,-439.71,-0.04
350,空头出场,2026-03-11 06:30,Close entry(s) order short,2027.82,0.977,1999.87992,18.7,0.94,25.94,1.30,-7.67,-0.38,-421.01,-0.04
350,空头进场,2026-03-11 02:00,short,2046.96,0.977,1999.87992,18.7,0.94,25.94,1.30,-7.67,-0.38,-421.01,-0.04
351,多头出场,2026-03-11 13:30,XL,2023.42,0.9807,1999.833633,-15.47,-0.77,1.93,0.10,-15.47,-0.77,-436.47,-0.04
351,多头进场,2026-03-11 12:30,long,2039.19,0.9807,1999.833633,-15.47,-0.77,1.93,0.10,-15.47,-0.77,-436.47,-0.04
352,多头出场,2026-03-11 19:30,XL,2017.56,0.9858,1999.951608,-11.04,-0.55,4.78,0.24,-11.04,-0.55,-447.51,-0.04
352,多头进场,2026-03-11 18:30,long,2028.76,0.9858,1999.951608,-11.04,-0.55,4.78,0.24,-11.04,-0.55,-447.51,-0.04
353,多头出场,2026-03-11 21:00,Close entry(s) order long,2046.08,0.9872,1999.859888,20.03,1.00,22.87,1.14,-6.22,-0.31,-427.48,-0.04
353,多头进场,2026-03-11 20:00,long,2025.79,0.9872,1999.859888,20.03,1.00,22.87,1.14,-6.22,-0.31,-427.48,-0.04
354,空头出场,2026-03-12 10:30,XS,2023.47,0.9711,1999.863918,34.87,1.74,34.87,1.74,-0.78,-0.04,-392.61,-0.04
354,空头进场,2026-03-12 07:00,short,2059.38,0.9711,1999.863918,34.87,1.74,34.87,1.74,-0.78,-0.04,-392.61,-0.04
355,多头出场,2026-03-12 17:30,Close entry(s) order long,2056.14,0.9798,1999.948164,14.66,0.73,24.12,1.21,-2.15,-0.11,-377.95,-0.04
355,多头进场,2026-03-12 15:30,long,2041.18,0.9798,1999.948164,14.66,0.73,24.12,1.21,-2.15,-0.11,-377.95,-0.04
356,空头出场,2026-03-12 23:00,XS,2068.73,0.9775,1999.798825,-22.38,-1.12,6.03,0.30,-24.33,-1.22,-400.34,-0.04
356,空头进场,2026-03-12 22:30,short,2045.83,0.9775,1999.798825,-22.38,-1.12,6.03,0.30,-24.33,-1.22,-400.34,-0.04
357,空头出场,2026-03-13 03:30,XS,2069.18,0.9739,1999.874433,-15.3,-0.77,7.29,0.36,-15.3,-0.77,-415.64,-0.04
357,空头进场,2026-03-13 02:00,short,2053.47,0.9739,1999.874433,-15.3,-0.77,7.29,0.36,-15.3,-0.77,-415.64,-0.04
358,空头出场,2026-03-13 16:30,XS,2111.64,0.9541,1999.88901,-14.83,-0.74,4.26,0.21,-14.83,-0.74,-430.46,-0.04
358,空头进场,2026-03-13 14:30,short,2096.1,0.9541,1999.88901,-14.83,-0.74,4.26,0.21,-14.83,-0.74,-430.46,-0.04
359,多头出场,2026-03-14 01:30,XL,2108.97,0.9372,1999.862964,-23.34,-1.17,6.36,0.32,-23.34,-1.17,-453.8,-0.05
359,多头进场,2026-03-14 00:30,long,2133.87,0.9372,1999.862964,-23.34,-1.17,6.36,0.32,-23.34,-1.17,-453.8,-0.05
360,多头出场,2026-03-14 13:30,XL,2089.49,0.9515,1999.80561,-11.66,-0.58,4.23,0.21,-12.6,-0.63,-465.46,-0.05
360,多头进场,2026-03-14 11:30,long,2101.74,0.9515,1999.80561,-11.66,-0.58,4.23,0.21,-12.6,-0.63,-465.46,-0.05
361,多头出场,2026-03-15 07:00,XL,2096.47,0.9615,1999.871925,15.88,0.79,15.88,0.79,-0.57,-0.03,-449.57,-0.04
361,多头进场,2026-03-15 04:00,long,2079.95,0.9615,1999.871925,15.88,0.79,15.88,0.79,-0.57,-0.03,-449.57,-0.04
362,多头出场,2026-03-16 02:30,XL,2100.74,0.9472,1999.946496,-10.13,-0.51,2.35,0.12,-10.13,-0.51,-459.7,-0.05
362,多头进场,2026-03-16 01:30,long,2111.43,0.9472,1999.946496,-10.13,-0.51,2.35,0.12,-10.13,-0.51,-459.7,-0.05
363,多头出场,2026-03-16 04:30,Close entry(s) order long,2129.75,0.9468,1999.991916,16.46,0.82,25.11,1.26,-2.42,-0.12,-443.24,-0.04
363,多头进场,2026-03-16 03:00,long,2112.37,0.9468,1999.991916,16.46,0.82,25.11,1.26,-2.42,-0.12,-443.24,-0.04
364,空头出场,2026-03-17 13:30,Close entry(s) order short,2307.31,0.862,1999.9262,11.02,0.55,19.95,1.00,-8.46,-0.42,-432.22,-0.04
364,空头进场,2026-03-17 11:30,short,2320.1,0.862,1999.9262,11.02,0.55,19.95,1.00,-8.46,-0.42,-432.22,-0.04
365,多头出场,2026-03-17 18:00,XL,2307.78,0.8563,1999.794457,-23.64,-1.18,0.71,0.04,-23.64,-1.18,-455.86,-0.05
365,多头进场,2026-03-17 15:00,long,2335.39,0.8563,1999.794457,-23.64,-1.18,0.71,0.04,-23.64,-1.18,-455.86,-0.05
366,多头出场,2026-03-17 22:00,XL,2320.4,0.8589,1999.888527,-6.9,-0.34,15,0.75,-12.9,-0.65,-462.76,-0.05
366,多头进场,2026-03-17 19:00,long,2328.43,0.8589,1999.888527,-6.9,-0.34,15,0.75,-12.9,-0.65,-462.76,-0.05
367,多头出场,2026-03-18 03:30,XL,2317.87,0.8579,1999.945059,-11.44,-0.57,9.78,0.49,-11.44,-0.57,-474.2,-0.05
367,多头进场,2026-03-18 00:00,long,2331.21,0.8579,1999.945059,-11.44,-0.57,9.78,0.49,-11.44,-0.57,-474.2,-0.05
368,多头出场,2026-03-18 06:30,XL,2319.56,0.8586,1999.928394,-8.35,-0.42,12.86,0.64,-8.35,-0.42,-482.56,-0.05
368,多头进场,2026-03-18 04:00,long,2329.29,0.8586,1999.928394,-8.35,-0.42,12.86,0.64,-8.35,-0.42,-482.56,-0.05
369,多头出场,2026-03-18 08:00,XL,2312.11,0.8585,1999.91009,-14.96,-0.75,2.96,0.15,-14.96,-0.75,-497.52,-0.05
369,多头进场,2026-03-18 06:30,long,2329.54,0.8585,1999.91009,-14.96,-0.75,2.96,0.15,-14.96,-0.75,-497.52,-0.05
370,多头出场,2026-03-18 12:30,XL,2330.86,0.858,1999.97226,-0.09,0.00,16.1,0.81,-5.95,-0.30,-497.61,-0.05
370,多头进场,2026-03-18 09:00,long,2330.97,0.858,1999.97226,-0.09,0.00,16.1,0.81,-5.95,-0.30,-497.61,-0.05
371,多头出场,2026-03-18 15:30,XL,2313.62,0.8584,1999.848816,-13.84,-0.69,0.7,0.03,-13.84,-0.69,-511.45,-0.05
371,多头进场,2026-03-18 14:00,long,2329.74,0.8584,1999.848816,-13.84,-0.69,0.7,0.03,-13.84,-0.69,-511.45,-0.05
372,多头出场,2026-03-18 18:30,XL,2319.41,0.8585,1999.798485,-8.59,-0.43,4.1,0.21,-8.59,-0.43,-520.04,-0.05
372,多头进场,2026-03-18 17:00,long,2329.41,0.8585,1999.798485,-8.59,-0.43,4.1,0.21,-8.59,-0.43,-520.04,-0.05
373,多头出场,2026-03-19 12:00,XL,2204.38,0.8973,1999.875321,-21.89,-1.09,0.92,0.05,-21.89,-1.09,-541.92,-0.05
373,多头进场,2026-03-19 11:00,long,2228.77,0.8973,1999.875321,-21.89,-1.09,0.92,0.05,-21.89,-1.09,-541.92,-0.05
374,多头出场,2026-03-19 19:00,XL,2168.2,0.9135,1999.96209,-19.31,-0.97,1.94,0.10,-19.31,-0.97,-561.23,-0.06
374,多头进场,2026-03-19 17:30,long,2189.34,0.9135,1999.96209,-19.31,-0.97,1.94,0.10,-19.31,-0.97,-561.23,-0.06
375,多头出场,2026-03-20 07:30,XL,2132.77,0.9322,1999.932558,-11.76,-0.59,9.82,0.49,-11.76,-0.59,-573,-0.06
375,多头进场,2026-03-20 03:00,long,2145.39,0.9322,1999.932558,-11.76,-0.59,9.82,0.49,-11.76,-0.59,-573,-0.06
376,多头出场,2026-03-20 10:00,XL,2140.1,0.9332,1999.950252,-2.81,-0.14,16.61,0.83,-2.81,-0.14,-575.81,-0.06
376,多头进场,2026-03-20 08:00,long,2143.11,0.9332,1999.950252,-2.81,-0.14,16.61,0.83,-2.81,-0.14,-575.81,-0.06
377,多头出场,2026-03-20 13:30,XL,2139.73,0.9324,1999.988676,-4.9,-0.25,13.14,0.66,-4.9,-0.25,-580.71,-0.06
377,多头进场,2026-03-20 10:30,long,2144.99,0.9324,1999.988676,-4.9,-0.25,13.14,0.66,-4.9,-0.25,-580.71,-0.06
378,多头出场,2026-03-20 17:00,XL,2156.29,0.9298,1999.841734,5.08,0.25,23.78,1.19,-3.63,-0.18,-575.63,-0.06
378,多头进场,2026-03-20 15:30,long,2150.83,0.9298,1999.841734,5.08,0.25,23.78,1.19,-3.63,-0.18,-575.63,-0.06
379,多头出场,2026-03-20 19:30,XL,2138.07,0.9308,1999.954112,-9.84,-0.49,9.35,0.47,-9.84,-0.49,-585.47,-0.06
379,多头进场,2026-03-20 18:30,long,2148.64,0.9308,1999.954112,-9.84,-0.49,9.35,0.47,-9.84,-0.49,-585.47,-0.06
380,多头出场,2026-03-20 22:00,XL,2125.61,0.9316,1999.847088,-19.63,-0.98,0.19,0.01,-20.79,-1.04,-605.1,-0.06
380,多头进场,2026-03-20 21:00,long,2146.68,0.9316,1999.847088,-19.63,-0.98,0.19,0.01,-20.79,-1.04,-605.1,-0.06
381,多头出场,2026-03-21 07:00,XL,2146.99,0.9293,1999.965116,-4.77,-0.24,14.35,0.72,-7.72,-0.39,-609.87,-0.06
381,多头进场,2026-03-21 05:00,long,2152.12,0.9293,1999.965116,-4.77,-0.24,14.35,0.72,-7.72,-0.39,-609.87,-0.06
382,多头出场,2026-03-21 22:30,XL,2158.89,0.9285,1999.998285,4.53,0.23,12.66,0.63,-0.99,-0.05,-605.34,-0.06
382,多头进场,2026-03-21 16:30,long,2154.01,0.9285,1999.998285,4.53,0.23,12.66,0.63,-0.99,-0.05,-605.34,-0.06
383,多头出场,2026-03-22 00:30,XL,2145.77,0.9279,1999.81008,-8.75,-0.44,0.41,0.02,-8.75,-0.44,-614.09,-0.06
383,多头进场,2026-03-21 23:30,long,2155.2,0.9279,1999.81008,-8.75,-0.44,0.41,0.02,-8.75,-0.44,-614.09,-0.06
384,多头出场,2026-03-22 07:00,XL,2149.56,0.9285,1999.924005,-4.06,-0.20,2.83,0.14,-4.17,-0.21,-618.15,-0.06
384,多头进场,2026-03-22 04:00,long,2153.93,0.9285,1999.924005,-4.06,-0.20,2.83,0.14,-4.17,-0.21,-618.15,-0.06
385,多头出场,2026-03-23 12:00,XL,2050.54,0.9674,1999.838302,-16.15,-0.81,4.15,0.21,-16.15,-0.81,-634.29,-0.06
385,多头进场,2026-03-23 10:00,long,2067.23,0.9674,1999.838302,-16.15,-0.81,4.15,0.21,-16.15,-0.81,-634.29,-0.06
386,多头出场,2026-03-23 14:30,XL,2052.49,0.9685,1999.923445,-12.09,-0.60,6.3,0.32,-12.09,-0.60,-646.38,-0.06
386,多头进场,2026-03-23 12:30,long,2064.97,0.9685,1999.923445,-12.09,-0.60,6.3,0.32,-12.09,-0.60,-646.38,-0.06
387,空头出场,2026-03-24 15:00,XS,2147.96,0.9335,1999.865055,-5.26,-0.26,15.72,0.79,-8.15,-0.41,-651.63,-0.07
387,空头进场,2026-03-24 08:00,short,2142.33,0.9335,1999.865055,-5.26,-0.26,15.72,0.79,-8.15,-0.41,-651.63,-0.07
388,空头出场,2026-03-24 23:00,XS,2143.11,0.9301,1999.956826,6.65,0.33,27.3,1.36,-9.28,-0.46,-644.98,-0.06
388,空头进场,2026-03-24 21:00,short,2150.26,0.9301,1999.956826,6.65,0.33,27.3,1.36,-9.28,-0.46,-644.98,-0.06
389,多头出场,2026-03-25 07:00,Close entry(s) order long,2159.17,0.934,1999.90882,16.76,0.84,17.5,0.88,-0.64,-0.03,-628.23,-0.06
389,多头进场,2026-03-25 04:00,long,2141.23,0.934,1999.90882,16.76,0.84,17.5,0.88,-0.64,-0.03,-628.23,-0.06
390,空头出场,2026-03-26 00:00,XS,2167.91,0.9203,1999.90393,4.78,0.24,23.84,1.19,-2.62,-0.13,-623.45,-0.06
390,空头进场,2026-03-25 22:30,short,2173.1,0.9203,1999.90393,4.78,0.24,23.84,1.19,-2.62,-0.13,-623.45,-0.06
391,空头出场,2026-03-26 06:30,XS,2176.55,0.9225,1999.804725,-8.06,-0.40,9.34,0.47,-8.06,-0.40,-631.51,-0.06
391,空头进场,2026-03-26 01:00,short,2167.81,0.9225,1999.804725,-8.06,-0.40,9.34,0.47,-8.06,-0.40,-631.51,-0.06
392,空头出场,2026-03-26 10:00,Close entry(s) order short,2153.64,0.9224,1999.864664,13.35,0.67,14.64,0.73,-3.23,-0.16,-618.17,-0.06
392,空头进场,2026-03-26 07:30,short,2168.11,0.9224,1999.864664,13.35,0.67,14.64,0.73,-3.23,-0.16,-618.17,-0.06
393,多头出场,2026-03-27 11:00,XL,2059.3,0.9647,1999.832747,-13.23,-0.66,2.54,0.13,-17.43,-0.87,-631.39,-0.06
393,多头进场,2026-03-27 05:00,long,2073.01,0.9647,1999.832747,-13.23,-0.66,2.54,0.13,-17.43,-0.87,-631.39,-0.06
394,多头出场,2026-03-27 16:00,XL,2055.52,0.9688,1999.826024,-8.44,-0.42,6.12,0.31,-8.44,-0.42,-639.83,-0.06
394,多头进场,2026-03-27 14:00,long,2064.23,0.9688,1999.826024,-8.44,-0.42,6.12,0.31,-8.44,-0.42,-639.83,-0.06
395,多头出场,2026-03-28 16:30,XL,1997.36,1.0042,1999.834174,5.91,0.30,15.77,0.79,-0.5,-0.03,-633.92,-0.06
395,多头进场,2026-03-28 13:00,long,1991.47,1.0042,1999.834174,5.91,0.30,15.77,0.79,-0.5,-0.03,-633.92,-0.06
396,多头出场,2026-03-28 20:30,XL,1993.66,1.0021,1999.820823,-1.97,-0.10,7.05,0.35,-1.97,-0.10,-635.89,-0.06
396,多头进场,2026-03-28 18:30,long,1995.63,1.0021,1999.820823,-1.97,-0.10,7.05,0.35,-1.97,-0.10,-635.89,-0.06
397,空头出场,2026-03-29 07:00,Close entry(s) order short,1995.19,0.9956,1999.841808,13.43,0.67,19.29,0.96,-3.11,-0.16,-622.46,-0.06
397,空头进场,2026-03-29 05:30,short,2008.68,0.9956,1999.841808,13.43,0.67,19.29,0.96,-3.11,-0.16,-622.46,-0.06
398,多头出场,2026-03-29 12:00,XL,2006.52,0.9962,1999.861538,-0.97,-0.05,10.19,0.51,-1.86,-0.09,-623.43,-0.06
398,多头进场,2026-03-29 10:30,long,2007.49,0.9962,1999.861538,-0.97,-0.05,10.19,0.51,-1.86,-0.09,-623.43,-0.06
399,多头出场,2026-03-30 01:00,XL,1987.82,1.0002,1999.809882,-11.59,-0.58,0.03,0.00,-11.59,-0.58,-635.02,-0.06
399,多头进场,2026-03-30 00:00,long,1999.41,1.0002,1999.809882,-11.59,-0.58,0.03,0.00,-11.59,-0.58,-635.02,-0.06
400,多头出场,2026-03-30 06:00,XL,1995.05,1.0019,1999.852514,-1.01,-0.05,11.1,0.56,-3.23,-0.16,-636.03,-0.06
400,多头进场,2026-03-30 03:00,long,1996.06,1.0019,1999.852514,-1.01,-0.05,11.1,0.56,-3.23,-0.16,-636.03,-0.06
401,空头出场,2026-03-31 17:00,Close entry(s) order short,2024.64,0.9761,1999.970334,23.72,1.19,25.74,1.29,-8.4,-0.42,-612.31,-0.06
401,空头进场,2026-03-31 15:00,short,2048.94,0.9761,1999.970334,23.72,1.19,25.74,1.29,-8.4,-0.42,-612.31,-0.06
402,多头出场,2026-03-31 21:30,Close entry(s) order long,2073.25,0.9754,1999.823604,22.42,1.12,27.17,1.36,-5.85,-0.29,-589.89,-0.06
402,多头进场,2026-03-31 20:00,long,2050.26,0.9754,1999.823604,22.42,1.12,27.17,1.36,-5.85,-0.29,-589.89,-0.06
403,空头出场,2026-04-01 00:30,XS,2070.74,0.9782,1999.83208,-25.77,-1.29,0.24,0.01,-30.83,-1.54,-615.65,-0.06
403,空头进场,2026-03-31 22:30,short,2044.4,0.9782,1999.83208,-25.77,-1.29,0.24,0.01,-30.83,-1.54,-615.65,-0.06
404,空头出场,2026-04-01 11:00,XS,2102.16,0.9598,1999.992848,-17.66,-0.88,2.24,0.11,-17.66,-0.88,-633.31,-0.06
404,空头进场,2026-04-01 10:00,short,2083.76,0.9598,1999.992848,-17.66,-0.88,2.24,0.11,-17.66,-0.88,-633.31,-0.06
405,空头出场,2026-04-01 23:00,XS,2133.05,0.9446,1999.878782,-15,-0.75,4.24,0.21,-15,-0.75,-648.31,-0.06
405,空头进场,2026-04-01 21:30,short,2117.17,0.9446,1999.878782,-15,-0.75,4.24,0.21,-15,-0.75,-648.31,-0.06
406,空头出场,2026-04-02 04:30,XS,2144.07,0.9408,1999.896192,-17.24,-0.86,1.82,0.09,-17.24,-0.86,-665.56,-0.07
406,空头进场,2026-04-02 02:00,short,2125.74,0.9408,1999.896192,-17.24,-0.86,1.82,0.09,-17.24,-0.86,-665.56,-0.07
407,空头出场,2026-04-03 03:30,XS,2063.71,0.977,1999.90923,-16.34,-0.82,3.38,0.17,-16.34,-0.82,-681.89,-0.07
407,空头进场,2026-04-03 01:30,short,2046.99,0.977,1999.90923,-16.34,-0.82,3.38,0.17,-16.34,-0.82,-681.89,-0.07
408,空头出场,2026-04-03 13:30,XS,2057.12,0.9722,1999.795956,-0.14,-0.01,14.02,0.70,-5.64,-0.28,-682.03,-0.07
408,空头进场,2026-04-03 06:00,short,2056.98,0.9722,1999.795956,-0.14,-0.01,14.02,0.70,-5.64,-0.28,-682.03,-0.07
409,空头出场,2026-04-03 20:00,XS,2065.49,0.9727,1999.987924,-9.11,-0.46,2.26,0.11,-9.11,-0.46,-691.14,-0.07
409,空头进场,2026-04-03 18:00,short,2056.12,0.9727,1999.987924,-9.11,-0.46,2.26,0.11,-9.11,-0.46,-691.14,-0.07
410,空头出场,2026-04-03 22:00,XS,2056.28,0.9755,1999.98961,-5.91,-0.30,7.79,0.39,-5.91,-0.30,-697.06,-0.07
410,空头进场,2026-04-03 20:30,short,2050.22,0.9755,1999.98961,-5.91,-0.30,7.79,0.39,-5.91,-0.30,-697.06,-0.07
411,空头出场,2026-04-04 13:30,XS,2053.93,0.9745,1999.88839,-1.67,-0.08,4.25,0.21,-2.13,-0.11,-698.72,-0.07
411,空头进场,2026-04-04 06:30,short,2052.22,0.9745,1999.88839,-1.67,-0.08,4.25,0.21,-2.13,-0.11,-698.72,-0.07
412,空头出场,2026-04-04 18:30,XS,2053.07,0.9754,1999.999176,-2.57,-0.13,2.65,0.13,-2.57,-0.13,-701.29,-0.07
412,空头进场,2026-04-04 16:30,short,2050.44,0.9754,1999.999176,-2.57,-0.13,2.65,0.13,-2.57,-0.13,-701.29,-0.07
413,空头出场,2026-04-04 21:30,XS,2053.18,0.9746,1999.986406,-1.04,-0.05,3.92,0.20,-1.04,-0.05,-702.33,-0.07
413,空头进场,2026-04-04 19:00,short,2052.11,0.9746,1999.986406,-1.04,-0.05,3.92,0.20,-1.04,-0.05,-702.33,-0.07
414,空头出场,2026-04-05 13:00,Close entry(s) order short,2052.61,0.9713,1999.945552,6.25,0.31,7.87,0.39,-1.18,-0.06,-696.08,-0.07
414,空头进场,2026-04-05 09:00,short,2059.04,0.9713,1999.945552,6.25,0.31,7.87,0.39,-1.18,-0.06,-696.08,-0.07
415,空头出场,2026-04-06 06:30,XS,2085.34,0.9737,1999.804534,-30.69,-1.53,1.05,0.05,-32.59,-1.63,-726.78,-0.07
415,空头进场,2026-04-06 06:00,short,2053.82,0.9737,1999.804534,-30.69,-1.53,1.05,0.05,-32.59,-1.63,-726.78,-0.07
416,空头出场,2026-04-07 02:00,XS,2142.01,0.9346,1999.941194,-1.98,-0.10,15.69,0.78,-1.98,-0.10,-728.76,-0.07
416,空头进场,2026-04-07 00:30,short,2139.89,0.9346,1999.941194,-1.98,-0.10,15.69,0.78,-1.98,-0.10,-728.76,-0.07
417,空头出场,2026-04-07 06:30,XS,2106.56,0.9351,1999.870317,30.03,1.50,30.03,1.50,-1.24,-0.06,-698.73,-0.07
417,空头进场,2026-04-07 05:30,short,2138.67,0.9351,1999.870317,30.03,1.50,30.03,1.50,-1.24,-0.06,-698.73,-0.07
418,多头出场,2026-04-07 18:00,XL,2118.5,0.9456,1999.981824,3.27,0.16,17.15,0.86,-0.5,-0.03,-695.46,-0.07
418,多头进场,2026-04-07 16:30,long,2115.04,0.9456,1999.981824,3.27,0.16,17.15,0.86,-0.5,-0.03,-695.46,-0.07
419,多头出场,2026-04-08 02:30,XL,2083.34,0.9525,1999.821375,-15.44,-0.77,1.89,0.09,-15.44,-0.77,-710.9,-0.07
419,多头进场,2026-04-08 01:30,long,2099.55,0.9525,1999.821375,-15.44,-0.77,1.89,0.09,-15.44,-0.77,-710.9,-0.07
420,多头出场,2026-04-08 03:30,Close entry(s) order long,2114.13,0.9538,1999.88015,16.58,0.83,18.45,0.92,-5.77,-0.29,-694.32,-0.07
420,多头进场,2026-04-08 03:00,long,2096.75,0.9538,1999.88015,16.58,0.83,18.45,0.92,-5.77,-0.29,-694.32,-0.07
421,空头出场,2026-04-08 22:00,Close entry(s) order short,2225.32,0.8943,1999.905204,9.8,0.49,12.88,0.64,-3.74,-0.19,-684.52,-0.07
421,空头进场,2026-04-08 21:30,short,2236.28,0.8943,1999.905204,9.8,0.49,12.88,0.64,-3.74,-0.19,-684.52,-0.07
422,多头出场,2026-04-09 02:30,XL,2208.76,0.8962,1999.852376,-20.36,-1.02,0.62,0.03,-20.36,-1.02,-704.88,-0.07
422,多头进场,2026-04-09 01:30,long,2231.48,0.8962,1999.852376,-20.36,-1.02,0.62,0.03,-20.36,-1.02,-704.88,-0.07
423,多头出场,2026-04-09 19:00,XL,2182.54,0.9113,1999.793172,-10.84,-0.54,1.39,0.07,-10.84,-0.54,-715.73,-0.07
423,多头进场,2026-04-09 17:30,long,2194.44,0.9113,1999.793172,-10.84,-0.54,1.39,0.07,-10.84,-0.54,-715.73,-0.07
424,多头出场,2026-04-09 23:30,Close entry(s) order long,2218.19,0.9154,1999.87438,30.66,1.53,36.27,1.81,-2.16,-0.11,-685.07,-0.07
424,多头进场,2026-04-09 23:00,long,2184.7,0.9154,1999.87438,30.66,1.53,36.27,1.81,-2.16,-0.11,-685.07,-0.07
425,空头出场,2026-04-10 09:30,XS,2201.06,0.9099,1999.942002,-2.8,-0.14,17.78,0.89,-2.98,-0.15,-687.87,-0.07
425,空头进场,2026-04-10 06:30,short,2197.98,0.9099,1999.942002,-2.8,-0.14,17.78,0.89,-2.98,-0.15,-687.87,-0.07
426,空头出场,2026-04-10 17:00,XS,2192.64,0.9129,1999.908288,-1.75,-0.09,12.78,0.64,-1.75,-0.09,-689.62,-0.07
426,空头进场,2026-04-10 14:00,short,2190.72,0.9129,1999.908288,-1.75,-0.09,12.78,0.64,-1.75,-0.09,-689.62,-0.07
427,空头出场,2026-04-10 19:00,XS,2205.5,0.9126,1999.999404,-12.74,-0.64,0.52,0.03,-12.74,-0.64,-702.36,-0.07
427,空头进场,2026-04-10 18:00,short,2191.54,0.9126,1999.999404,-12.74,-0.64,0.52,0.03,-12.74,-0.64,-702.36,-0.07
428,空头出场,2026-04-11 17:00,XS,2240.61,0.8937,1999.984419,-2.45,-0.12,7,0.35,-5.22,-0.26,-704.81,-0.07
428,空头进场,2026-04-11 11:30,short,2237.87,0.8937,1999.984419,-2.45,-0.12,7,0.35,-5.22,-0.26,-704.81,-0.07
429,空头出场,2026-04-11 23:00,XS,2247.35,0.8935,1999.965725,-8.04,-0.40,0.56,0.03,-8.04,-0.40,-712.86,-0.07
429,空头进场,2026-04-11 21:00,short,2238.35,0.8935,1999.965725,-8.04,-0.40,0.56,0.03,-8.04,-0.40,-712.86,-0.07
430,多头出场,2026-04-13 04:30,Close entry(s) order long,2214.01,0.9078,1999.865244,10.01,0.50,13.79,0.69,-8.21,-0.41,-702.84,-0.07
430,多头进场,2026-04-13 01:30,long,2202.98,0.9078,1999.865244,10.01,0.50,13.79,0.69,-8.21,-0.41,-702.84,-0.07
431,空头出场,2026-04-13 08:00,XS,2200.39,0.9138,1999.94268,-10.77,-0.54,3.65,0.18,-11.84,-0.59,-713.62,-0.07
431,空头进场,2026-04-13 06:00,short,2188.6,0.9138,1999.94268,-10.77,-0.54,3.65,0.18,-11.84,-0.59,-713.62,-0.07
432,空头出场,2026-04-13 14:00,XS,2196.29,0.9085,1999.926475,4.6,0.23,17.09,0.85,-1.81,-0.09,-709.02,-0.07
432,空头进场,2026-04-13 10:00,short,2201.35,0.9085,1999.926475,4.6,0.23,17.09,0.85,-1.81,-0.09,-709.02,-0.07
433,多头出场,2026-04-13 21:30,XL,2188.36,0.9123,1999.925814,-3.48,-0.17,8.72,0.44,-3.48,-0.17,-712.5,-0.07
433,多头进场,2026-04-13 20:30,long,2192.18,0.9123,1999.925814,-3.48,-0.17,8.72,0.44,-3.48,-0.17,-712.5,-0.07
434,空头出场,2026-04-14 23:00,Close entry(s) order short,2341.9,0.8492,1999.772588,11.03,0.55,17.01,0.85,-2.46,-0.12,-701.47,-0.07
434,空头进场,2026-04-14 22:30,short,2354.89,0.8492,1999.772588,11.03,0.55,17.01,0.85,-2.46,-0.12,-701.47,-0.07
435,多头出场,2026-04-15 10:30,XL,2323.08,0.8551,1999.99339,-13.53,-0.68,3.81,0.19,-13.53,-0.68,-715,-0.07
435,多头进场,2026-04-15 08:00,long,2338.9,0.8551,1999.99339,-13.53,-0.68,3.81,0.19,-13.53,-0.68,-715,-0.07
436,多头出场,2026-04-15 13:30,XL,2321.04,0.8568,1999.89972,-11.23,-0.56,4.02,0.20,-11.23,-0.56,-726.23,-0.07
436,多头进场,2026-04-15 12:30,long,2334.15,0.8568,1999.89972,-11.23,-0.56,4.02,0.20,-11.23,-0.56,-726.23,-0.07
437,多头出场,2026-04-15 18:00,XL,2315.55,0.8588,1999.767328,-11.17,-0.56,1.87,0.09,-11.17,-0.56,-737.41,-0.07
437,多头进场,2026-04-15 16:30,long,2328.56,0.8588,1999.767328,-11.17,-0.56,1.87,0.09,-11.17,-0.56,-737.41,-0.07
438,多头出场,2026-04-15 21:30,XL,2325.14,0.8598,1999.989378,-0.83,-0.04,12.6,0.63,-0.83,-0.04,-738.24,-0.07
438,多头进场,2026-04-15 19:00,long,2326.11,0.8598,1999.989378,-0.83,-0.04,12.6,0.63,-0.83,-0.04,-738.24,-0.07
439,空头出场,2026-04-16 10:30,XS,2368.72,0.8502,1999.814934,-14.07,-0.70,2.07,0.10,-14.07,-0.70,-752.31,-0.08
439,空头进场,2026-04-16 09:00,short,2352.17,0.8502,1999.814934,-14.07,-0.70,2.07,0.10,-14.07,-0.70,-752.31,-0.08
440,空头出场,2026-04-16 18:30,Close entry(s) order short,2333.08,0.8492,1999.798064,18.55,0.93,21.37,1.07,-6.11,-0.31,-733.76,-0.07
440,空头进场,2026-04-16 12:30,short,2354.92,0.8492,1999.798064,18.55,0.93,21.37,1.07,-6.11,-0.31,-733.76,-0.07
441,多头出场,2026-04-16 21:30,XL,2309.06,0.8512,1999.988032,-34.52,-1.73,0.88,0.04,-47.06,-2.35,-768.28,-0.08
441,多头进场,2026-04-16 21:00,long,2349.61,0.8512,1999.988032,-34.52,-1.73,0.88,0.04,-47.06,-2.35,-768.28,-0.08
442,多头出场,2026-04-17 00:30,XL,2325.24,0.8547,1999.861248,-12.48,-0.62,7.93,0.40,-12.48,-0.62,-780.76,-0.08
442,多头进场,2026-04-16 23:30,long,2339.84,0.8547,1999.861248,-12.48,-0.62,7.93,0.40,-12.48,-0.62,-780.76,-0.08
443,多头出场,2026-04-17 03:00,Close entry(s) order long,2346.54,0.8532,1999.798416,2.27,0.11,3.61,0.18,-6.81,-0.34,-778.49,-0.08
443,多头进场,2026-04-17 02:30,long,2343.88,0.8532,1999.798416,2.27,0.11,3.61,0.18,-6.81,-0.34,-778.49,-0.08
444,空头出场,2026-04-17 15:00,XS,2333.65,0.8567,1999.923315,0.69,0.03,13.75,0.69,-4.31,-0.22,-777.8,-0.08
444,空头进场,2026-04-17 09:00,short,2334.45,0.8567,1999.923315,0.69,0.03,13.75,0.69,-4.31,-0.22,-777.8,-0.08
445,空头出场,2026-04-18 16:00,XS,2389.92,0.8273,1999.790925,22.61,1.13,22.61,1.13,-2.44,-0.12,-755.19,-0.08
445,空头进场,2026-04-18 11:00,short,2417.25,0.8273,1999.790925,22.61,1.13,22.61,1.13,-2.44,-0.12,-755.19,-0.08
446,多头出场,2026-04-19 21:00,Close entry(s) order long,2342.96,0.8582,1999.794804,10.93,0.55,17.56,0.88,-3.57,-0.18,-744.26,-0.07
446,多头进场,2026-04-19 19:30,long,2330.22,0.8582,1999.794804,10.93,0.55,17.56,0.88,-3.57,-0.18,-744.26,-0.07
447,空头出场,2026-04-20 01:30,XS,2316.92,0.8577,1999.950552,12.73,0.64,28.44,1.42,-0.29,-0.01,-731.53,-0.07
447,空头进场,2026-04-19 23:30,short,2331.76,0.8577,1999.950552,12.73,0.64,28.44,1.42,-0.29,-0.01,-731.53,-0.07
448,多头出场,2026-04-20 15:00,Close entry(s) order long,2315.78,0.8745,1999.85907,25.29,1.26,40.14,2.01,-2.38,-0.12,-706.24,-0.07
448,多头进场,2026-04-20 14:30,long,2286.86,0.8745,1999.85907,25.29,1.26,40.14,2.01,-2.38,-0.12,-706.24,-0.07
449,空头出场,2026-04-20 23:00,XS,2318.74,0.8726,1999.798502,-23.53,-1.18,10.11,0.51,-23.73,-1.19,-729.78,-0.07
449,空头进场,2026-04-20 22:30,short,2291.77,0.8726,1999.798502,-23.53,-1.18,10.11,0.51,-23.73,-1.19,-729.78,-0.07
450,空头出场,2026-04-21 02:00,XS,2324.17,0.8691,1999.903392,-20.03,-1.00,1.75,0.09,-20.03,-1.00,-749.81,-0.07
450,空头进场,2026-04-21 00:30,short,2301.12,0.8691,1999.903392,-20.03,-1.00,1.75,0.09,-20.03,-1.00,-749.81,-0.07
451,空头出场,2026-04-21 13:00,XS,2318.17,0.8654,1999.835552,-6.31,-0.32,8.31,0.42,-14.15,-0.71,-756.12,-0.08
451,空头进场,2026-04-21 07:00,short,2310.88,0.8654,1999.835552,-6.31,-0.32,8.31,0.42,-14.15,-0.71,-756.12,-0.08
452,空头出场,2026-04-21 14:30,XS,2324.38,0.8638,1999.774742,-8.02,-0.40,5.18,0.26,-8.02,-0.40,-764.14,-0.08
452,空头进场,2026-04-21 13:30,short,2315.09,0.8638,1999.774742,-8.02,-0.40,5.18,0.26,-8.02,-0.40,-764.14,-0.08
453,空头出场,2026-04-21 21:30,XS,2312.7,0.8624,1999.957344,5.48,0.27,20.04,1.00,-2.7,-0.13,-758.66,-0.08
453,空头进场,2026-04-21 20:00,short,2319.06,0.8624,1999.957344,5.48,0.27,20.04,1.00,-2.7,-0.13,-758.66,-0.08
454,多头出场,2026-04-22 03:30,XL,2309.8,0.8643,1999.800054,-3.44,-0.17,15.54,0.78,-3.44,-0.17,-762.1,-0.08
454,多头进场,2026-04-22 02:30,long,2313.78,0.8643,1999.800054,-3.44,-0.17,15.54,0.78,-3.44,-0.17,-762.1,-0.08
455,多头出场,2026-04-22 06:30,XL,2303.65,0.8623,1999.785799,-13.35,-0.67,6.38,0.32,-13.35,-0.67,-775.45,-0.08
455,多头进场,2026-04-22 04:00,long,2319.13,0.8623,1999.785799,-13.35,-0.67,6.38,0.32,-13.35,-0.67,-775.45,-0.08
456,多头出场,2026-04-22 10:00,Close entry(s) order long,2355.56,0.863,1999.77812,33.07,1.65,33.85,1.69,-2.62,-0.13,-742.38,-0.07
456,多头进场,2026-04-22 07:00,long,2317.24,0.863,1999.77812,33.07,1.65,33.85,1.69,-2.62,-0.13,-742.38,-0.07
457,空头出场,2026-04-23 03:00,XS,2405.18,0.8379,1999.765656,-15.53,-0.78,0,0.00,-15.65,-0.78,-757.91,-0.08
457,空头进场,2026-04-23 00:30,short,2386.64,0.8379,1999.765656,-15.53,-0.78,0,0.00,-15.65,-0.78,-757.91,-0.08
458,空头出场,2026-04-23 07:30,Close entry(s) order short,2374.87,0.836,1999.95444,14.56,0.73,14.57,0.73,-12.04,-0.60,-743.35,-0.07
458,空头进场,2026-04-23 04:30,short,2392.29,0.836,1999.95444,14.56,0.73,14.57,0.73,-12.04,-0.60,-743.35,-0.07
459,多头出场,2026-04-24 09:00,XL,2322.38,0.8597,1999.945901,-3.4,-0.17,11.37,0.57,-3.89,-0.19,-746.74,-0.07
459,多头进场,2026-04-24 04:30,long,2326.33,0.8597,1999.945901,-3.4,-0.17,11.37,0.57,-3.89,-0.19,-746.74,-0.07
460,多头出场,2026-04-24 10:30,XL,2319.43,0.857,1999.97233,-12.22,-0.61,1.82,0.09,-12.22,-0.61,-758.96,-0.08
460,多头进场,2026-04-24 09:30,long,2333.69,0.857,1999.97233,-12.22,-0.61,1.82,0.09,-12.22,-0.61,-758.96,-0.08
461,多头出场,2026-04-24 20:30,XL,2319.61,0.8632,1999.90492,2.38,0.12,13.98,0.70,-0.01,0.00,-756.58,-0.08
461,多头进场,2026-04-24 18:30,long,2316.85,0.8632,1999.90492,2.38,0.12,13.98,0.70,-0.01,0.00,-756.58,-0.08
462,多头出场,2026-04-25 05:30,XL,2313.96,0.8603,1999.913601,-9.21,-0.46,3.65,0.18,-12.86,-0.64,-765.79,-0.08
462,多头进场,2026-04-24 23:30,long,2324.67,0.8603,1999.913601,-9.21,-0.46,3.65,0.18,-12.86,-0.64,-765.79,-0.08
463,多头出场,2026-04-25 19:00,XL,2317.88,0.8625,1999.783875,-0.61,-0.03,4.63,0.23,-3.83,-0.19,-766.41,-0.08
463,多头进场,2026-04-25 09:00,long,2318.59,0.8625,1999.783875,-0.61,-0.03,4.63,0.23,-3.83,-0.19,-766.41,-0.08
464,多头出场,2026-04-25 23:30,XL,2313.22,0.8627,1999.99741,-4.38,-0.22,0.89,0.04,-4.38,-0.22,-770.79,-0.08
464,多头进场,2026-04-25 22:00,long,2318.3,0.8627,1999.99741,-4.38,-0.22,0.89,0.04,-4.38,-0.22,-770.79,-0.08
465,多头出场,2026-04-26 08:00,XL,2315.68,0.8642,1999.776084,1.43,0.07,6.25,0.31,-0.02,0.00,-769.36,-0.08
465,多头进场,2026-04-26 04:30,long,2314.02,0.8642,1999.776084,1.43,0.07,6.25,0.31,-0.02,0.00,-769.36,-0.08
466,多头出场,2026-04-26 11:00,XL,2313.35,0.8627,1999.962902,-4.24,-0.21,0.85,0.04,-4.24,-0.21,-773.59,-0.08
466,多头进场,2026-04-26 10:00,long,2318.26,0.8627,1999.962902,-4.24,-0.21,0.85,0.04,-4.24,-0.21,-773.59,-0.08
467,多头出场,2026-04-26 13:00,Close entry(s) order long,2331.76,0.8626,1999.963978,11.41,0.57,14.75,0.74,-0.08,0.00,-762.18,-0.08
467,多头进场,2026-04-26 12:30,long,2318.53,0.8626,1999.963978,11.41,0.57,14.75,0.74,-0.08,0.00,-762.18,-0.08
468,多头出场,2026-04-28 10:00,XL,2297.39,0.8678,1999.879812,-6.2,-0.31,5.1,0.26,-6.2,-0.31,-768.38,-0.08
468,多头进场,2026-04-28 07:30,long,2304.54,0.8678,1999.879812,-6.2,-0.31,5.1,0.26,-6.2,-0.31,-768.38,-0.08
469,多头出场,2026-04-29 02:30,Close entry(s) order long,2296.68,0.8749,1999.84642,9.52,0.48,10.45,0.52,-6.26,-0.31,-758.86,-0.08
469,多头进场,2026-04-29 00:30,long,2285.8,0.8749,1999.84642,9.52,0.48,10.45,0.52,-6.26,-0.31,-758.86,-0.08
470,空头出场,2026-04-29 09:30,XS,2292.34,0.8743,1999.96125,-4.23,-0.21,7.61,0.38,-5.85,-0.29,-763.1,-0.08
470,空头进场,2026-04-29 05:00,short,2287.5,0.8743,1999.96125,-4.23,-0.21,7.61,0.38,-5.85,-0.29,-763.1,-0.08
471,多头出场,2026-04-30 10:30,XL,2259.75,0.8803,1999.944767,-10.69,-0.53,5.52,0.28,-10.69,-0.53,-773.78,-0.08
471,多头进场,2026-04-30 08:30,long,2271.89,0.8803,1999.944767,-10.69,-0.53,5.52,0.28,-10.69,-0.53,-773.78,-0.08
472,多头出场,2026-04-30 19:30,XL,2257.24,0.8852,1999.985472,-1.88,-0.09,11.34,0.57,-4.32,-0.22,-775.66,-0.08
472,多头进场,2026-04-30 15:30,long,2259.36,0.8852,1999.985472,-1.88,-0.09,11.34,0.57,-4.32,-0.22,-775.66,-0.08
473,多头出场,2026-05-01 00:30,XL,2256.91,0.8837,1999.892633,-5.46,-0.27,9.74,0.49,-14.93,-0.75,-781.12,-0.08
473,多头进场,2026-04-30 21:30,long,2263.09,0.8837,1999.892633,-5.46,-0.27,9.74,0.49,-14.93,-0.75,-781.12,-0.08
474,多头出场,2026-05-01 11:00,XL,2282.41,0.8853,1999.910406,20.71,1.04,20.71,1.04,-6.42,-0.32,-760.41,-0.08
474,多头进场,2026-05-01 02:30,long,2259.02,0.8853,1999.910406,20.71,1.04,20.71,1.04,-6.42,-0.32,-760.41,-0.08
475,空头出场,2026-05-02 04:30,Close entry(s) order short,2284.12,0.87,1999.9386,12.75,0.64,17.81,0.89,-0.11,-0.01,-747.66,-0.07
475,空头进场,2026-05-02 04:00,short,2298.78,0.87,1999.9386,12.75,0.64,17.81,0.89,-0.11,-0.01,-747.66,-0.07
476,多头出场,2026-05-02 13:00,XL,2297.72,0.8712,1999.874448,1.9,0.09,10.85,0.54,-1.27,-0.06,-745.76,-0.07
476,多头进场,2026-05-02 08:00,long,2295.54,0.8712,1999.874448,1.9,0.09,10.85,0.54,-1.27,-0.06,-745.76,-0.07
477,多头出场,2026-05-02 19:30,XL,2300.35,0.8675,1999.856425,-4.3,-0.22,1.88,0.09,-5.59,-0.28,-750.06,-0.08
477,多头进场,2026-05-02 14:30,long,2305.31,0.8675,1999.856425,-4.3,-0.22,1.88,0.09,-5.59,-0.28,-750.06,-0.08
478,多头出场,2026-05-03 18:00,XL,2312.8,0.8653,1999.88136,1.38,0.07,8.7,0.43,-3.15,-0.16,-748.68,-0.07
478,多头进场,2026-05-03 15:00,long,2311.2,0.8653,1999.88136,1.38,0.07,8.7,0.43,-3.15,-0.16,-748.68,-0.07
479,空头出场,2026-05-04 06:00,XS,2338.51,0.8605,1999.78479,-12.5,-0.63,0.01,0.00,-27.57,-1.38,-761.18,-0.08
479,空头进场,2026-05-04 05:30,short,2323.98,0.8605,1999.78479,-12.5,-0.63,0.01,0.00,-27.57,-1.38,-761.18,-0.08
480,空头出场,2026-05-04 08:00,Close entry(s) order short,2312.75,0.8597,1999.83414,11.56,0.58,14.61,0.73,-2.3,-0.11,-749.62,-0.07
480,空头进场,2026-05-04 07:00,short,2326.2,0.8597,1999.83414,11.56,0.58,14.61,0.73,-2.3,-0.11,-749.62,-0.07
481,多头出场,2026-05-04 10:00,Close entry(s) order long,2363.2,0.8509,1999.980887,10.87,0.54,17.83,0.89,-4.35,-0.22,-738.75,-0.07
481,多头进场,2026-05-04 09:30,long,2350.43,0.8509,1999.980887,10.87,0.54,17.83,0.89,-4.35,-0.22,-738.75,-0.07
482,多头出场,2026-05-04 23:00,XL,2347.83,0.8434,1999.878514,-19.72,-0.99,2.29,0.11,-26.58,-1.33,-758.47,-0.08
482,多头进场,2026-05-04 22:30,long,2371.21,0.8434,1999.878514,-19.72,-0.99,2.29,0.11,-26.58,-1.33,-758.47,-0.08
483,多头出场,2026-05-05 03:30,XL,2355.52,0.8511,1999.957335,4.83,0.24,24.81,1.24,-11.04,-0.55,-753.65,-0.08
483,多头进场,2026-05-04 23:30,long,2349.85,0.8511,1999.957335,4.83,0.24,24.81,1.24,-11.04,-0.55,-753.65,-0.08
484,多头出场,2026-05-05 07:30,XL,2348.07,0.8478,1999.900854,-9.21,-0.46,5.57,0.28,-9.21,-0.46,-762.85,-0.08
484,多头进场,2026-05-05 05:00,long,2358.93,0.8478,1999.900854,-9.21,-0.46,5.57,0.28,-9.21,-0.46,-762.85,-0.08
485,多头出场,2026-05-05 11:00,Close entry(s) order long,2376.24,0.848,1999.84688,15.2,0.76,15.93,0.80,-3.08,-0.15,-747.65,-0.07
485,多头进场,2026-05-05 08:30,long,2358.31,0.848,1999.84688,15.2,0.76,15.93,0.80,-3.08,-0.15,-747.65,-0.07
486,空头出场,2026-05-05 19:30,XS,2380.35,0.8435,1999.95537,-7.87,-0.39,3.64,0.18,-7.87,-0.39,-755.52,-0.08
486,空头进场,2026-05-05 17:00,short,2371.02,0.8435,1999.95537,-7.87,-0.39,3.64,0.18,-7.87,-0.39,-755.52,-0.08
487,空头出场,2026-05-06 00:30,Close entry(s) order short,2365.4,0.8416,1999.784672,9.06,0.45,12.86,0.64,0,0.00,-746.45,-0.07
487,空头进场,2026-05-06 00:00,short,2376.17,0.8416,1999.784672,9.06,0.45,12.86,0.64,0,0.00,-746.45,-0.07
488,多头出场,2026-05-06 05:30,XL,2373.03,0.8402,1999.978472,-6.16,-0.31,6.13,0.31,-6.16,-0.31,-752.61,-0.08
488,多头进场,2026-05-06 04:00,long,2380.36,0.8402,1999.978472,-6.16,-0.31,6.13,0.31,-6.16,-0.31,-752.61,-0.08
489,多头出场,2026-05-06 07:00,XL,2360.55,0.8416,1999.76784,-13.13,-0.66,0.07,0.00,-18.01,-0.90,-765.74,-0.08
489,多头进场,2026-05-06 06:00,long,2376.15,0.8416,1999.76784,-13.13,-0.66,0.07,0.00,-18.01,-0.90,-765.74,-0.08
490,多头出场,2026-05-06 12:30,XL,2364.9,0.8428,1999.998112,-6.86,-0.34,6.31,0.32,-10.95,-0.55,-772.6,-0.08
490,多头进场,2026-05-06 09:30,long,2373.04,0.8428,1999.998112,-6.86,-0.34,6.31,0.32,-10.95,-0.55,-772.6,-0.08
491,多头出场,2026-05-06 16:30,Close entry(s) order long,2394.01,0.8437,1999.940228,19.89,0.99,21.51,1.08,-1.58,-0.08,-752.72,-0.08
491,多头进场,2026-05-06 14:30,long,2370.44,0.8437,1999.940228,19.89,0.99,21.51,1.08,-1.58,-0.08,-752.72,-0.08
492,空头出场,2026-05-06 21:30,Close entry(s) order short,2368.8,0.8391,1999.843812,12.18,0.61,15.42,0.77,-3.07,-0.15,-740.53,-0.07
492,空头进场,2026-05-06 21:00,short,2383.32,0.8391,1999.843812,12.18,0.61,15.42,0.77,-3.07,-0.15,-740.53,-0.07
493,多头出场,2026-05-07 16:30,XL,2332.6,0.8558,1999.884788,-3.65,-0.18,8.28,0.41,-3.65,-0.18,-744.18,-0.07
493,多头进场,2026-05-07 14:30,long,2336.86,0.8558,1999.884788,-3.65,-0.18,8.28,0.41,-3.65,-0.18,-744.18,-0.07
494,多头出场,2026-05-08 19:30,Close entry(s) order long,2295.24,0.8758,1999.84551,10.33,0.52,11.59,0.58,-2.84,-0.14,-733.85,-0.07
494,多头进场,2026-05-08 16:30,long,2283.45,0.8758,1999.84551,10.33,0.52,11.59,0.58,-2.84,-0.14,-733.85,-0.07
495,空头出场,2026-05-08 22:00,XS,2283.09,0.8755,1999.97469,1.13,0.06,12.71,0.64,-2.04,-0.10,-732.72,-0.07
495,空头进场,2026-05-08 20:30,short,2284.38,0.8755,1999.97469,1.13,0.06,12.71,0.64,-2.04,-0.10,-732.72,-0.07
496,空头出场,2026-05-08 23:30,XS,2292.71,0.8782,1999.995116,-13.46,-0.67,2.14,0.11,-14.73,-0.74,-746.19,-0.07
496,空头进场,2026-05-08 23:00,short,2277.38,0.8782,1999.995116,-13.46,-0.67,2.14,0.11,-14.73,-0.74,-746.19,-0.07
497,空头出场,2026-05-09 23:00,XS,2310.79,0.8651,1999.782462,0.72,0.04,10,0.50,-5.66,-0.28,-745.47,-0.07
497,空头进场,2026-05-09 18:00,short,2311.62,0.8651,1999.782462,0.72,0.04,10,0.50,-5.66,-0.28,-745.47,-0.07
498,空头出场,2026-05-10 10:00,XS,2326.21,0.8608,1999.922464,-2.48,-0.12,4.62,0.23,-2.48,-0.12,-747.95,-0.07
498,空头进场,2026-05-10 08:30,short,2323.33,0.8608,1999.922464,-2.48,-0.12,4.62,0.23,-2.48,-0.12,-747.95,-0.07
499,空头出场,2026-05-10 21:00,XS,2325.22,0.8598,1999.85181,0.63,0.03,6.28,0.31,-0.98,-0.05,-747.32,-0.07
499,空头进场,2026-05-10 18:00,short,2325.95,0.8598,1999.85181,0.63,0.03,6.28,0.31,-0.98,-0.05,-747.32,-0.07
500,多头出场,2026-05-11 06:30,Close entry(s) order long,2372.99,0.8492,1999.78108,15.36,0.77,18.65,0.93,-2.28,-0.11,-731.96,-0.07
500,多头进场,2026-05-11 06:00,long,2354.9,0.8492,1999.78108,15.36,0.77,18.65,0.93,-2.28,-0.11,-731.96,-0.07
501,空头出场,2026-05-11 11:00,Close entry(s) order short,2325.85,0.8508,1999.822416,20.99,1.05,23.37,1.17,-0.32,-0.02,-710.97,-0.07
501,空头进场,2026-05-11 10:00,short,2350.52,0.8508,1999.822416,20.99,1.05,23.37,1.17,-0.32,-0.02,-710.97,-0.07
502,多头出场,2026-05-12 01:00,XL,2325.49,0.8572,1999.796168,-6.39,-0.32,7.1,0.35,-6.39,-0.32,-717.35,-0.07
502,多头进场,2026-05-11 23:00,long,2332.94,0.8572,1999.796168,-6.39,-0.32,7.1,0.35,-6.39,-0.32,-717.35,-0.07
503,多头出场,2026-05-12 02:00,Close entry(s) order long,2341.46,0.8557,1999.805128,3.78,0.19,5.81,0.29,-0.52,-0.03,-713.57,-0.07
503,多头进场,2026-05-12 01:30,long,2337.04,0.8557,1999.805128,3.78,0.19,5.81,0.29,-0.52,-0.03,-713.57,-0.07
504,空头出场,2026-05-12 09:30,XS,2308.55,0.8568,1999.959696,21.99,1.10,21.99,1.10,-0.87,-0.04,-691.58,-0.07
504,空头进场,2026-05-12 08:00,short,2334.22,0.8568,1999.959696,21.99,1.10,21.99,1.10,-0.87,-0.04,-691.58,-0.07
505,多头出场,2026-05-13 07:00,XL,2279.52,0.8765,1999.83993,-1.84,-0.09,7.62,0.38,-1.84,-0.09,-693.42,-0.07
505,多头进场,2026-05-13 03:00,long,2281.62,0.8765,1999.83993,-1.84,-0.09,7.62,0.38,-1.84,-0.09,-693.42,-0.07
506,多头出场,2026-05-13 10:00,Close entry(s) order long,2294.45,0.8761,1999.899753,10.27,0.51,14.41,0.72,-2.51,-0.13,-683.15,-0.07
506,多头进场,2026-05-13 08:00,long,2282.73,0.8761,1999.899753,10.27,0.51,14.41,0.72,-2.51,-0.13,-683.15,-0.07
507,空头出场,2026-05-13 20:00,Close entry(s) order short,2297.59,0.8693,1999.902887,2.61,0.13,7.36,0.37,-5.66,-0.28,-680.54,-0.07
507,空头进场,2026-05-13 19:00,short,2300.59,0.8693,1999.902887,2.61,0.13,7.36,0.37,-5.66,-0.28,-680.54,-0.07
508,多头出场,2026-05-14 10:30,XL,2253.73,0.8827,1999.906909,-10.54,-0.53,2.36,0.12,-10.54,-0.53,-691.08,-0.07
508,多头进场,2026-05-14 08:30,long,2265.67,0.8827,1999.906909,-10.54,-0.53,2.36,0.12,-10.54,-0.53,-691.08,-0.07
509,多头出场,2026-05-14 17:00,XL,2261.31,0.8848,1999.8692,0.94,0.05,11.81,0.59,0,0.00,-690.14,-0.07
509,多头进场,2026-05-14 13:00,long,2260.25,0.8848,1999.8692,0.94,0.05,11.81,0.59,0,0.00,-690.14,-0.07
510,多头出场,2026-05-14 20:00,XL,2251.11,0.8838,1999.95102,-10.42,-0.52,0.16,0.01,-10.42,-0.52,-700.56,-0.07
510,多头进场,2026-05-14 18:00,long,2262.9,0.8838,1999.95102,-10.42,-0.52,0.16,0.01,-10.42,-0.52,-700.56,-0.07
511,多头出场,2026-05-14 21:30,XL,2252,0.8847,1999.828962,-7.48,-0.37,3.26,0.16,-7.48,-0.37,-708.05,-0.07
511,多头进场,2026-05-14 20:30,long,2260.46,0.8847,1999.828962,-7.48,-0.37,3.26,0.16,-7.48,-0.37,-708.05,-0.07
512,多头出场,2026-05-14 22:30,Close entry(s) order long,2285.73,0.8834,1999.911592,19.3,0.97,20.89,1.04,-1.32,-0.07,-688.75,-0.07
512,多头进场,2026-05-14 22:00,long,2263.88,0.8834,1999.911592,19.3,0.97,20.89,1.04,-1.32,-0.07,-688.75,-0.07
513,空头出场,2026-05-15 08:30,XS,2298.1,0.8763,1999.935675,-13.89,-0.69,0.45,0.02,-13.89,-0.69,-702.64,-0.07
513,空头进场,2026-05-15 07:30,short,2282.25,0.8763,1999.935675,-13.89,-0.69,0.45,0.02,-13.89,-0.69,-702.64,-0.07
514,空头出场,2026-05-15 10:00,Close entry(s) order short,2264.14,0.8748,1999.7928,19.12,0.96,19.68,0.98,-3.03,-0.15,-683.51,-0.07
514,空头进场,2026-05-15 09:00,short,2286,0.8748,1999.7928,19.12,0.96,19.68,0.98,-3.03,-0.15,-683.51,-0.07
515,多头出场,2026-05-16 12:30,XL,2220.53,0.8972,1999.99338,-7.73,-0.39,0.65,0.03,-7.73,-0.39,-691.25,-0.07
515,多头进场,2026-05-16 08:00,long,2229.15,0.8972,1999.99338,-7.73,-0.39,0.65,0.03,-7.73,-0.39,-691.25,-0.07
516,多头出场,2026-05-17 09:00,XL,2175.65,0.9162,1999.88136,-6.55,-0.33,0.47,0.02,-8.85,-0.44,-697.8,-0.07
516,多头进场,2026-05-17 08:00,long,2182.8,0.9162,1999.88136,-6.55,-0.33,0.47,0.02,-8.85,-0.44,-697.8,-0.07
517,多头出场,2026-05-17 13:30,XL,2185.09,0.9171,1999.965825,3.98,0.20,11.89,0.59,-0.44,-0.02,-693.82,-0.07
517,多头进场,2026-05-17 11:30,long,2180.75,0.9171,1999.965825,3.98,0.20,11.89,0.59,-0.44,-0.02,-693.82,-0.07
518,空头出场,2026-05-18 01:00,Close entry(s) order short,2178.7,0.9146,1999.974112,7.34,0.37,9.8,0.49,-1.07,-0.05,-686.48,-0.07
518,空头进场,2026-05-17 22:00,short,2186.72,0.9146,1999.974112,7.34,0.37,9.8,0.49,-1.07,-0.05,-686.48,-0.07
519,多头出场,2026-05-18 06:00,XL,2185.59,0.9142,1999.830784,-1.76,-0.09,5.75,0.29,-1.76,-0.09,-688.25,-0.07
519,多头进场,2026-05-18 02:30,long,2187.52,0.9142,1999.830784,-1.76,-0.09,5.75,0.29,-1.76,-0.09,-688.25,-0.07
520,多头出场,2026-05-18 20:00,Close entry(s) order long,2143.89,0.9377,1999.964068,10.36,0.52,15.42,0.77,0,0.00,-677.88,-0.07
520,多头进场,2026-05-18 19:30,long,2132.84,0.9377,1999.964068,10.36,0.52,15.42,0.77,0,0.00,-677.88,-0.07
521,空头出场,2026-05-18 22:00,Close entry(s) order short,2115.92,0.939,1999.94793,13.1,0.65,14.39,0.72,-0.03,0.00,-664.79,-0.07
521,空头进场,2026-05-18 21:30,short,2129.87,0.939,1999.94793,13.1,0.65,14.39,0.72,-0.03,0.00,-664.79,-0.07
522,多头出场,2026-05-19 04:00,Close entry(s) order long,2127.55,0.9417,1999.860039,3.65,0.18,4.51,0.23,-1.57,-0.08,-661.13,-0.07
522,多头进场,2026-05-19 03:30,long,2123.67,0.9417,1999.860039,3.65,0.18,4.51,0.23,-1.57,-0.08,-661.13,-0.07
523,空头出场,2026-05-19 14:30,XS,2136.69,0.9417,1999.822371,-12.3,-0.61,5.07,0.25,-12.3,-0.61,-673.43,-0.07
523,空头进场,2026-05-19 09:30,short,2123.63,0.9417,1999.822371,-12.3,-0.61,5.07,0.25,-12.3,-0.61,-673.43,-0.07
524,空头出场,2026-05-19 17:30,Close entry(s) order short,2113.15,0.9457,1999.805591,1.4,0.07,4.1,0.21,-2.82,-0.14,-672.03,-0.07
524,空头进场,2026-05-19 17:00,short,2114.63,0.9457,1999.805591,1.4,0.07,4.1,0.21,-2.82,-0.14,-672.03,-0.07
525,多头出场,2026-05-20 03:30,XL,2109.06,0.9434,1999.857056,-10.17,-0.51,3.65,0.18,-10.17,-0.51,-682.2,-0.07
525,多头进场,2026-05-20 00:30,long,2119.84,0.9434,1999.857056,-10.17,-0.51,3.65,0.18,-10.17,-0.51,-682.2,-0.07
526,多头出场,2026-05-20 06:00,XL,2107.15,0.9447,1999.986582,-9.36,-0.47,1.99,0.10,-9.36,-0.47,-691.56,-0.07
526,多头进场,2026-05-20 04:30,long,2117.06,0.9447,1999.986582,-9.36,-0.47,1.99,0.10,-9.36,-0.47,-691.56,-0.07
527,多头出场,2026-05-20 08:00,XL,2104.5,0.9458,1999.875184,-9.44,-0.47,2.37,0.12,-9.44,-0.47,-701,-0.07
527,多头进场,2026-05-20 07:00,long,2114.48,0.9458,1999.875184,-9.44,-0.47,2.37,0.12,-9.44,-0.47,-701,-0.07
528,多头出场,2026-05-20 14:00,Close entry(s) order long,2127.52,0.9463,1999.986124,13.29,0.66,16.69,0.83,-8.61,-0.43,-687.72,-0.07
528,多头进场,2026-05-20 09:30,long,2113.48,0.9463,1999.986124,13.29,0.66,16.69,0.83,-8.61,-0.43,-687.72,-0.07
529,空头出场,2026-05-20 22:00,XS,2129.24,0.9439,1999.963637,-9.83,-0.49,5.68,0.28,-17.41,-0.87,-697.54,-0.07
529,空头进场,2026-05-20 21:30,short,2118.83,0.9439,1999.963637,-9.83,-0.49,5.68,0.28,-17.41,-0.87,-697.54,-0.07
530,空头出场,2026-05-21 01:00,XS,2138.38,0.9411,1999.988076,-12.44,-0.62,1.65,0.08,-12.44,-0.62,-709.98,-0.07
530,空头进场,2026-05-21 00:00,short,2125.16,0.9411,1999.988076,-12.44,-0.62,1.65,0.08,-12.44,-0.62,-709.98,-0.07
531,空头出场,2026-05-21 08:00,XS,2128.71,0.9384,1999.946232,2.36,0.12,13.63,0.68,-0.92,-0.05,-707.62,-0.07
531,空头进场,2026-05-21 05:00,short,2131.23,0.9384,1999.946232,2.36,0.12,13.63,0.68,-0.92,-0.05,-707.62,-0.07
532,空头出场,2026-05-21 15:30,XS,2133.17,0.9371,1999.921336,0.93,0.05,10.95,0.55,-2.2,-0.11,-706.69,-0.07
532,空头进场,2026-05-21 13:30,short,2134.16,0.9371,1999.921336,0.93,0.05,10.95,0.55,-2.2,-0.11,-706.69,-0.07
533,空头出场,2026-05-21 18:00,Close entry(s) order short,2114.66,0.9407,1999.83413,10.57,0.53,14.78,0.74,-1.71,-0.09,-696.12,-0.07
533,空头进场,2026-05-21 17:30,short,2125.9,0.9407,1999.83413,10.57,0.53,14.78,0.74,-1.71,-0.09,-696.12,-0.07
534,多头出场,2026-05-22 00:30,XL,2121.53,0.9373,1999.879518,-11.37,-0.57,1.86,0.09,-11.37,-0.57,-707.49,-0.07
534,多头进场,2026-05-21 23:00,long,2133.66,0.9373,1999.879518,-11.37,-0.57,1.86,0.09,-11.37,-0.57,-707.49,-0.07
535,空头出场,2026-05-22 03:30,XS,2140.67,0.9414,1999.966644,-15.26,-0.76,0.08,0.00,-15.26,-0.76,-722.75,-0.07
535,空头进场,2026-05-22 02:30,short,2124.46,0.9414,1999.966644,-15.26,-0.76,0.08,0.00,-15.26,-0.76,-722.75,-0.07
536,空头出场,2026-05-22 10:00,XS,2135.79,0.939,1999.7883,-5.72,-0.29,5.38,0.27,-5.72,-0.29,-728.47,-0.07
536,空头进场,2026-05-22 06:30,short,2129.7,0.939,1999.7883,-5.72,-0.29,5.38,0.27,-5.72,-0.29,-728.47,-0.07
537,空头出场,2026-05-22 15:30,XS,2130.06,0.938,1999.89104,1.89,0.09,10.97,0.55,-1.85,-0.09,-726.57,-0.07
537,空头进场,2026-05-22 12:30,short,2132.08,0.938,1999.89104,1.89,0.09,10.97,0.55,-1.85,-0.09,-726.57,-0.07
538,多头出场,2026-05-23 02:00,XL,2116.86,0.9404,1999.958084,-9.26,-0.46,1.1,0.06,-9.26,-0.46,-735.83,-0.07
538,多头进场,2026-05-23 01:00,long,2126.71,0.9404,1999.958084,-9.26,-0.46,1.1,0.06,-9.26,-0.46,-735.83,-0.07
539,多头出场,2026-05-23 22:30,Close entry(s) order long,2059.12,0.9784,1999.927872,14.72,0.74,17.76,0.89,-0.44,-0.02,-721.12,-0.07
539,多头进场,2026-05-23 22:00,long,2044.08,0.9784,1999.927872,14.72,0.74,17.76,0.89,-0.44,-0.02,-721.12,-0.07
540,空头出场,2026-05-24 22:00,XS,2094.14,0.9455,1999.95942,19.95,1.00,19.95,1.00,-2.51,-0.13,-701.17,-0.07
540,空头进场,2026-05-24 21:00,short,2115.24,0.9455,1999.95942,19.95,1.00,19.95,1.00,-2.51,-0.13,-701.17,-0.07
541,多头出场,2026-05-25 08:00,Close entry(s) order long,2103.45,0.9537,1999.899363,6.16,0.31,7.44,0.37,0,0.00,-695.01,-0.07
541,多头进场,2026-05-25 07:30,long,2096.99,0.9537,1999.899363,6.16,0.31,7.44,0.37,0,0.00,-695.01,-0.07