交易 #,类型,日期和时间,信号,价格 USDT,大小（数量）,大小（价值）,净损益 USDT,净损益 %,有利波动 USDT,有利波动 %,不利波动 USDT,不利波动 %,累计P&L USDT,累计P&L %
1,空头出场,2025-10-29 19:30,long,4011.01,0.5004,1999.908648,-7.2,-0.36,6.52,0.33,-9.53,-0.48,-7.2,0.00
1,空头进场,2025-10-29 17:00,short,3996.62,0.5004,1999.908648,-7.2,-0.36,6.52,0.33,-9.53,-0.48,-7.2,0.00
2,多头出场,2025-10-29 21:30,longTP,3984.17,0.4986,1999.889586,-13.38,-0.67,9.17,0.46,-13.38,-0.67,-20.58,0.00
2,多头进场,2025-10-29 19:30,long,4011.01,0.4986,1999.889586,-13.38,-0.67,9.17,0.46,-13.38,-0.67,-20.58,0.00
3,空头出场,2025-10-30 00:30,shortTP,3977.02,0.5028,1999.645656,0,0.00,25.65,1.28,-11.59,-0.58,-20.58,0.00
3,空头进场,2025-10-29 22:00,short,3977.02,0.5028,1999.645656,0,0.00,25.65,1.28,-11.59,-0.58,-20.58,0.00
4,多头出场,2025-10-30 02:30,longTP,3974.34,0.4982,1999.67516,-19.66,-0.98,2.32,0.12,-19.66,-0.98,-40.24,0.00
4,多头进场,2025-10-30 01:30,long,4013.8,0.4982,1999.67516,-19.66,-0.98,2.32,0.12,-19.66,-0.98,-40.24,0.00
5,空头出场,2025-10-30 05:00,long,3944,0.5104,1999.69616,-13.32,-0.67,15.42,0.77,-20.78,-1.04,-53.56,-0.01
5,空头进场,2025-10-30 02:30,short,3917.9,0.5104,1999.69616,-13.32,-0.67,15.42,0.77,-20.78,-1.04,-53.56,-0.01
6,多头出场,2025-10-30 07:00,short,3912.09,0.507,1999.608,-16.18,-0.81,9.93,0.50,-17.15,-0.86,-69.74,-0.01
6,多头进场,2025-10-30 05:00,long,3944,0.507,1999.608,-16.18,-0.81,9.93,0.50,-17.15,-0.86,-69.74,-0.01
7,空头出场,2025-10-30 09:30,long,3927.55,0.5112,1999.860408,-7.9,-0.40,19.47,0.97,-11.87,-0.59,-77.65,-0.01
7,空头进场,2025-10-30 07:00,short,3912.09,0.5112,1999.860408,-7.9,-0.40,19.47,0.97,-11.87,-0.59,-77.65,-0.01
8,多头出场,2025-10-30 12:00,longTP,3887.58,0.5092,1999.90846,-20.35,-1.02,10.79,0.54,-20.35,-1.02,-98,-0.01
8,多头进场,2025-10-30 09:30,long,3927.55,0.5092,1999.90846,-20.35,-1.02,10.79,0.54,-20.35,-1.02,-98,-0.01
9,空头出场,2025-10-30 13:30,shortTP,3907.05,0.5186,1999.965342,-26.23,-1.31,6.3,0.32,-31.91,-1.60,-124.23,-0.01
9,空头进场,2025-10-30 12:00,short,3856.47,0.5186,1999.965342,-26.23,-1.31,6.3,0.32,-31.91,-1.60,-124.23,-0.01
10,多头出场,2025-10-30 17:30,short,3900.19,0.5119,1999.936991,-3.43,-0.17,19.48,0.97,-7.19,-0.36,-127.66,-0.01
10,多头进场,2025-10-30 14:00,long,3906.89,0.5119,1999.936991,-3.43,-0.17,19.48,0.97,-7.19,-0.36,-127.66,-0.01
11,空头出场,2025-10-30 20:30,shortTP,3816.72,0.5127,1999.627413,42.8,2.14,42.8,2.14,-3.76,-0.19,-84.86,-0.01
11,空头进场,2025-10-30 17:30,short,3900.19,0.5127,1999.627413,42.8,2.14,42.8,2.14,-3.76,-0.19,-84.86,-0.01
12,空头出场,2025-10-31 04:30,shortTP,3741.87,0.5344,1999.655328,0,0.00,33.06,1.65,-16.66,-0.83,-84.86,-0.01
12,空头进场,2025-10-31 01:00,short,3741.87,0.5344,1999.655328,0,0.00,33.06,1.65,-16.66,-0.83,-84.86,-0.01
13,多头出场,2025-10-31 09:00,longTP,3846.69,0.5323,1999.74464,47.85,2.39,47.85,2.39,-4.77,-0.24,-37.01,0.00
13,多头进场,2025-10-31 04:30,long,3756.8,0.5323,1999.74464,47.85,2.39,47.85,2.39,-4.77,-0.24,-37.01,0.00
14,空头出场,2025-10-31 19:30,shortTP,3865.7,0.5216,1999.965664,-16.38,-0.82,8.25,0.41,-16.38,-0.82,-53.4,-0.01
14,空头进场,2025-10-31 14:00,short,3834.29,0.5216,1999.965664,-16.38,-0.82,8.25,0.41,-16.38,-0.82,-53.4,-0.01
15,多头出场,2025-10-31 20:30,longTP,3839.66,0.5162,1999.763962,-17.73,-0.89,7.22,0.36,-17.73,-0.89,-71.13,-0.01
15,多头进场,2025-10-31 19:30,long,3874.01,0.5162,1999.763962,-17.73,-0.89,7.22,0.36,-17.73,-0.89,-71.13,-0.01
16,空头出场,2025-10-31 21:30,long,3860.44,0.5213,1999.800634,-12.65,-0.63,2.21,0.11,-19.9,-1.00,-83.78,-0.01
16,空头进场,2025-10-31 20:30,short,3836.18,0.5213,1999.800634,-12.65,-0.63,2.21,0.11,-19.9,-1.00,-83.78,-0.01
17,多头出场,2025-10-31 22:00,short,3853.12,0.518,1999.70792,-3.79,-0.19,6.94,0.35,-11.57,-0.58,-87.57,-0.01
17,多头进场,2025-10-31 21:30,long,3860.44,0.518,1999.70792,-3.79,-0.19,6.94,0.35,-11.57,-0.58,-87.57,-0.01
18,空头出场,2025-10-31 22:30,long,3868.87,0.519,1999.76928,-8.17,-0.41,3.76,0.19,-10.17,-0.51,-95.74,-0.01
18,空头进场,2025-10-31 22:00,short,3853.12,0.519,1999.76928,-8.17,-0.41,3.76,0.19,-10.17,-0.51,-95.74,-0.01
19,多头出场,2025-10-31 23:30,short,3860.99,0.5169,1999.818903,-4.07,-0.20,7.57,0.38,-7.75,-0.39,-99.82,-0.01
19,多头进场,2025-10-31 22:30,long,3868.87,0.5169,1999.818903,-4.07,-0.20,7.57,0.38,-7.75,-0.39,-99.82,-0.01
20,空头出场,2025-11-01 02:30,shortTP,3860.99,0.518,1999.99282,0,0.00,29.14,1.46,-4.02,-0.20,-99.82,-0.01
20,空头进场,2025-10-31 23:30,short,3860.99,0.518,1999.99282,0,0.00,29.14,1.46,-4.02,-0.20,-99.82,-0.01
21,多头出场,2025-11-01 05:30,short,3862.18,0.5161,1999.634611,-6.36,-0.32,16.3,0.82,-17.13,-0.86,-106.18,-0.01
21,多头进场,2025-11-01 03:00,long,3874.51,0.5161,1999.634611,-6.36,-0.32,16.3,0.82,-17.13,-0.86,-106.18,-0.01
22,空头出场,2025-11-01 11:00,long,3856.49,0.5178,1999.836804,2.95,0.15,16.15,0.81,-2.59,-0.13,-103.23,-0.01
22,空头进场,2025-11-01 05:30,short,3862.18,0.5178,1999.836804,2.95,0.15,16.15,0.81,-2.59,-0.13,-103.23,-0.01
23,多头出场,2025-11-01 14:00,short,3855.18,0.5186,1999.975714,-0.68,-0.03,6.77,0.34,-1.83,-0.09,-103.91,-0.01
23,多头进场,2025-11-01 11:00,long,3856.49,0.5186,1999.975714,-0.68,-0.03,6.77,0.34,-1.83,-0.09,-103.91,-0.01
24,空头出场,2025-11-01 15:00,long,3865.19,0.5187,1999.681866,-5.19,-0.26,1.07,0.05,-6.34,-0.32,-109.1,-0.01
24,空头进场,2025-11-01 14:00,short,3855.18,0.5187,1999.681866,-5.19,-0.26,1.07,0.05,-6.34,-0.32,-109.1,-0.01
25,多头出场,2025-11-01 20:30,short,3876.22,0.5174,1999.849306,5.71,0.29,9.18,0.46,-3.19,-0.16,-103.4,-0.01
25,多头进场,2025-11-01 15:00,long,3865.19,0.5174,1999.849306,5.71,0.29,9.18,0.46,-3.19,-0.16,-103.4,-0.01
26,空头出场,2025-11-01 23:00,shortTP,3876.22,0.5159,1999.741898,0,0.00,9.34,0.47,-1.54,-0.08,-103.4,-0.01
26,空头进场,2025-11-01 20:30,short,3876.22,0.5159,1999.741898,0,0.00,9.34,0.47,-1.54,-0.08,-103.4,-0.01
27,多头出场,2025-11-02 00:00,longTP,3886.22,0.5144,1999.827736,-0.76,-0.04,11.16,0.56,-2.63,-0.13,-104.15,-0.01
27,多头进场,2025-11-01 23:00,long,3887.69,0.5144,1999.827736,-0.76,-0.04,11.16,0.56,-2.63,-0.13,-104.15,-0.01
28,空头出场,2025-11-02 04:00,long,3889.21,0.5168,1999.70592,-10.24,-0.51,3.35,0.17,-10.24,-0.51,-114.39,-0.01
28,空头进场,2025-11-02 01:00,short,3869.4,0.5168,1999.70592,-10.24,-0.51,3.35,0.17,-10.24,-0.51,-114.39,-0.01
29,多头出场,2025-11-02 05:30,longTP,3870,0.5142,1999.831782,-9.88,-0.49,1.23,0.06,-9.88,-0.49,-124.27,-0.01
29,多头进场,2025-11-02 04:00,long,3889.21,0.5142,1999.831782,-9.88,-0.49,1.23,0.06,-9.88,-0.49,-124.27,-0.01
30,空头出场,2025-11-02 10:00,long,3875.28,0.5171,1999.977328,-3.93,-0.20,3.09,0.15,-5.2,-0.26,-128.2,-0.01
30,空头进场,2025-11-02 05:30,short,3867.68,0.5171,1999.977328,-3.93,-0.20,3.09,0.15,-5.2,-0.26,-128.2,-0.01
31,多头出场,2025-11-02 12:30,longTP,3906.92,0.516,1999.64448,16.33,0.82,16.33,0.82,-0.01,0.00,-111.87,-0.01
31,多头进场,2025-11-02 10:00,long,3875.28,0.516,1999.64448,16.33,0.82,16.33,0.82,-0.01,0.00,-111.87,-0.01
32,空头出场,2025-11-02 19:30,shortTP,3894.72,0.5135,1999.93872,0,0.00,21.03,1.05,-4.49,-0.22,-111.87,-0.01
32,空头进场,2025-11-02 16:30,short,3894.72,0.5135,1999.93872,0,0.00,21.03,1.05,-4.49,-0.22,-111.87,-0.01
33,多头出场,2025-11-03 07:30,longTP,3909.23,0.5175,1999.832175,23.19,1.16,23.19,1.16,-11.02,-0.55,-88.68,-0.01
33,多头进场,2025-11-03 00:30,long,3864.41,0.5175,1999.832175,23.19,1.16,23.19,1.16,-11.02,-0.55,-88.68,-0.01
34,空头出场,2025-11-03 10:30,shortTP,3788.42,0.5196,1999.685796,31.22,1.56,31.22,1.56,-2.11,-0.11,-57.46,-0.01
34,空头进场,2025-11-03 09:00,short,3848.51,0.5196,1999.685796,31.22,1.56,31.22,1.56,-2.11,-0.11,-57.46,-0.01
35,空头出场,2025-11-04 01:00,shortTP,3636.79,0.5499,1999.870821,0,0.00,39.96,2.00,-2.15,-0.11,-57.46,-0.01
35,空头进场,2025-11-03 23:00,short,3636.79,0.5499,1999.870821,0,0.00,39.96,2.00,-2.15,-0.11,-57.46,-0.01
36,多头出场,2025-11-04 04:00,longTP,3613.47,0.5454,1999.894536,-29.11,-1.46,3.63,0.18,-29.11,-1.46,-86.56,-0.01
36,多头进场,2025-11-04 01:30,long,3666.84,0.5454,1999.894536,-29.11,-1.46,3.63,0.18,-29.11,-1.46,-86.56,-0.01
37,空头出场,2025-11-04 22:30,shortTP,3562.45,0.5551,1999.725546,22.21,1.11,78.91,3.95,-28.91,-1.45,-64.35,-0.01
37,空头进场,2025-11-04 04:00,short,3602.46,0.5551,1999.725546,22.21,1.11,78.91,3.95,-28.91,-1.45,-64.35,-0.01
38,空头出场,2025-11-05 02:00,shortTP,3345.2,0.5751,1999.720467,75.9,3.80,75.9,3.80,-7.19,-0.36,11.54,0.00
38,空头进场,2025-11-05 00:00,short,3477.17,0.5751,1999.720467,75.9,3.80,75.9,3.80,-7.19,-0.36,11.54,0.00
39,空头出场,2025-11-05 19:30,long,3322.55,0.6073,1999.814608,-17.97,-0.90,11.19,0.56,-19.46,-0.97,-6.43,0.00
39,空头进场,2025-11-05 16:00,short,3292.96,0.6073,1999.814608,-17.97,-0.90,11.19,0.56,-19.46,-0.97,-6.43,0.00
40,多头出场,2025-11-06 00:30,longTP,3434.01,0.6019,1999.842845,67.09,3.35,67.09,3.35,-5.79,-0.29,60.66,0.01
40,多头进场,2025-11-05 19:30,long,3322.55,0.6019,1999.842845,67.09,3.35,67.09,3.35,-5.79,-0.29,60.66,0.01
41,多头出场,2025-11-06 13:30,longTP,3391.81,0.5827,1999.896324,-23.49,-1.17,14.18,0.71,-23.49,-1.17,37.17,0.00
41,多头进场,2025-11-06 11:00,long,3432.12,0.5827,1999.896324,-23.49,-1.17,14.18,0.71,-23.49,-1.17,37.17,0.00
42,空头出场,2025-11-06 18:30,long,3393.7,0.5902,1999.827778,-3.13,-0.16,16.17,0.81,-15.71,-0.79,34.04,0.00
42,空头进场,2025-11-06 13:30,short,3388.39,0.5902,1999.827778,-3.13,-0.16,16.17,0.81,-15.71,-0.79,34.04,0.00
43,多头出场,2025-11-06 20:00,short,3374.19,0.5893,1999.90741,-11.5,-0.57,8.3,0.42,-12.48,-0.62,22.54,0.00
43,多头进场,2025-11-06 18:30,long,3393.7,0.5893,1999.90741,-11.5,-0.57,8.3,0.42,-12.48,-0.62,22.54,0.00
44,空头出场,2025-11-06 21:30,long,3391.03,0.5927,1999.882413,-9.98,-0.50,18.82,0.94,-17.38,-0.87,12.56,0.00
44,空头进场,2025-11-06 20:00,short,3374.19,0.5927,1999.882413,-9.98,-0.50,18.82,0.94,-17.38,-0.87,12.56,0.00
45,多头出场,2025-11-06 22:00,short,3361.98,0.5897,1999.690391,-17.13,-0.86,5.51,0.28,-21.48,-1.07,-4.57,0.00
45,多头进场,2025-11-06 21:30,long,3391.03,0.5897,1999.690391,-17.13,-0.86,5.51,0.28,-21.48,-1.07,-4.57,0.00
46,空头出场,2025-11-07 00:30,shortTP,3261.64,0.5948,1999.705704,59.68,2.98,59.68,2.98,-2.19,-0.11,55.11,0.01
46,空头进场,2025-11-06 22:00,short,3361.98,0.5948,1999.705704,59.68,2.98,59.68,2.98,-2.19,-0.11,55.11,0.01
47,空头出场,2025-11-07 15:30,long,3358.42,0.5977,1999.766729,-7.56,-0.38,6.89,0.34,-8.21,-0.41,47.55,0.00
47,空头进场,2025-11-07 15:00,short,3345.77,0.5977,1999.766729,-7.56,-0.38,6.89,0.34,-8.21,-0.41,47.55,0.00
48,多头出场,2025-11-07 16:00,short,3349.89,0.5955,1999.93911,-5.08,-0.25,1.34,0.07,-9.11,-0.46,42.47,0.00
48,多头进场,2025-11-07 15:30,long,3358.42,0.5955,1999.93911,-5.08,-0.25,1.34,0.07,-9.11,-0.46,42.47,0.00
49,空头出场,2025-11-07 18:00,shortTP,3273.12,0.597,1999.88433,45.83,2.29,45.83,2.29,-0.48,-0.02,88.3,0.01
49,空头进场,2025-11-07 16:00,short,3349.89,0.597,1999.88433,45.83,2.29,45.83,2.29,-0.48,-0.02,88.3,0.01
50,多头出场,2025-11-08 02:00,longTP,3412.01,0.608,1999.97344,74.53,3.73,74.53,3.73,-16.18,-0.81,162.83,0.02
50,多头进场,2025-11-07 22:30,long,3289.43,0.608,1999.97344,74.53,3.73,74.53,3.73,-16.18,-0.81,162.83,0.02
51,多头出场,2025-11-08 17:30,short,3439.88,0.5779,1999.898077,-11.99,-0.60,2.4,0.12,-12.52,-0.63,150.84,0.02
51,多头进场,2025-11-08 17:00,long,3460.63,0.5779,1999.898077,-11.99,-0.60,2.4,0.12,-12.52,-0.63,150.84,0.02
52,空头出场,2025-11-08 22:00,shortTP,3374.1,0.5814,1999.946232,38.24,1.91,38.24,1.91,-9.41,-0.47,189.08,0.02
52,空头进场,2025-11-08 17:30,short,3439.88,0.5814,1999.946232,38.24,1.91,38.24,1.91,-9.41,-0.47,189.08,0.02
53,多头出场,2025-11-09 03:00,longTP,3366.74,0.5883,1999.802307,-19.15,-0.96,5.22,0.26,-19.15,-0.96,169.93,0.02
53,多头进场,2025-11-09 01:30,long,3399.29,0.5883,1999.802307,-19.15,-0.96,5.22,0.26,-19.15,-0.96,169.93,0.02
54,空头出场,2025-11-09 09:30,long,3400.92,0.5922,1999.871244,-14.15,-0.71,0.09,0.00,-15.96,-0.80,155.78,0.02
54,空头进场,2025-11-09 08:00,short,3377.02,0.5922,1999.871244,-14.15,-0.71,0.09,0.00,-15.96,-0.80,155.78,0.02
55,多头出场,2025-11-09 10:30,longTP,3373.39,0.588,1999.74096,-16.19,-0.81,0,0.00,-16.19,-0.81,139.59,0.01
55,多头进场,2025-11-09 09:30,long,3400.92,0.588,1999.74096,-16.19,-0.81,0,0.00,-16.19,-0.81,139.59,0.01
56,空头出场,2025-11-09 13:00,shortTP,3396.17,0.5938,1999.983718,-16.66,-0.83,5.61,0.28,-16.66,-0.83,122.93,0.01
56,空头进场,2025-11-09 10:30,short,3368.11,0.5938,1999.983718,-16.66,-0.83,5.61,0.28,-16.66,-0.83,122.93,0.01
57,多头出场,2025-11-09 17:30,longTP,3407.22,0.5869,1999.697418,0,0.00,16.38,0.82,-8.56,-0.43,122.93,0.01
57,多头进场,2025-11-09 13:00,long,3407.22,0.5869,1999.697418,0,0.00,16.38,0.82,-8.56,-0.43,122.93,0.01
58,空头出场,2025-11-09 19:00,shortTP,3422.34,0.589,1999.9495,-15.81,-0.79,6.21,0.31,-15.81,-0.79,107.12,0.01
58,空头进场,2025-11-09 18:00,short,3395.5,0.589,1999.9495,-15.81,-0.79,6.21,0.31,-15.81,-0.79,107.12,0.01
59,多头出场,2025-11-09 22:00,longTP,3486.4,0.5833,1999.768221,33.85,1.69,33.85,1.69,-2.18,-0.11,140.97,0.01
59,多头进场,2025-11-09 19:30,long,3428.37,0.5833,1999.768221,33.85,1.69,33.85,1.69,-2.18,-0.11,140.97,0.01
60,多头出场,2025-11-10 08:00,longTP,3557.8,0.5621,1999.83938,0,0.00,36.79,1.84,-1.93,-0.10,140.97,0.01
60,多头进场,2025-11-10 03:00,long,3557.8,0.5621,1999.83938,0,0.00,36.79,1.84,-1.93,-0.10,140.97,0.01
61,多头出场,2025-11-10 13:30,longTP,3597.33,0.55,1999.7835,-21.25,-1.06,12.66,0.63,-21.25,-1.06,119.72,0.01
61,多头进场,2025-11-10 08:30,long,3635.97,0.55,1999.7835,-21.25,-1.06,12.66,0.63,-21.25,-1.06,119.72,0.01
62,空头出场,2025-11-11 03:00,long,3542.87,0.5661,1999.969029,-5.65,-0.28,2.07,0.10,-10.8,-0.54,114.07,0.01
62,空头进场,2025-11-11 02:30,short,3532.89,0.5661,1999.969029,-5.65,-0.28,2.07,0.10,-10.8,-0.54,114.07,0.01
63,多头出场,2025-11-11 05:00,longTP,3542.87,0.5645,1999.950115,0,0.00,23.24,1.16,-3.43,-0.17,114.07,0.01
63,多头进场,2025-11-11 03:00,long,3542.87,0.5645,1999.950115,0,0.00,23.24,1.16,-3.43,-0.17,114.07,0.01
64,空头出场,2025-11-11 17:00,long,3578,0.5579,1999.909709,3.74,0.19,29.3,1.46,-2.73,-0.14,117.81,0.01
64,空头进场,2025-11-11 12:00,short,3584.71,0.5579,1999.909709,3.74,0.19,29.3,1.46,-2.73,-0.14,117.81,0.01
65,多头出场,2025-11-11 20:30,longTP,3542.58,0.5589,1999.7442,-19.8,-0.99,9.13,0.46,-19.8,-0.99,98.02,0.01
65,多头进场,2025-11-11 17:00,long,3578,0.5589,1999.7442,-19.8,-0.99,9.13,0.46,-19.8,-0.99,98.02,0.01
66,空头出场,2025-11-12 01:30,shortTP,3456.17,0.5649,1999.955013,47.56,2.38,47.56,2.38,-18.68,-0.93,145.58,0.01
66,空头进场,2025-11-11 20:30,short,3540.37,0.5649,1999.955013,47.56,2.38,47.56,2.38,-18.68,-0.93,145.58,0.01
67,空头出场,2025-11-13 00:00,shortTP,3404.02,0.571,1999.80188,56.11,2.81,56.11,2.81,-10.83,-0.54,201.69,0.02
67,空头进场,2025-11-12 22:30,short,3502.28,0.571,1999.80188,56.11,2.81,56.11,2.81,-10.83,-0.54,201.69,0.02
68,空头出场,2025-11-13 22:30,shortTP,3414.64,0.5707,1999.983908,51.25,2.56,51.25,2.56,-7.89,-0.39,252.94,0.03
68,空头进场,2025-11-13 17:00,short,3504.44,0.5707,1999.983908,51.25,2.56,51.25,2.56,-7.89,-0.39,252.94,0.03
69,空头出场,2025-11-14 14:30,shortTP,3224,0.6322,1999.686532,-38.53,-1.93,18.31,0.92,-38.53,-1.93,214.41,0.02
69,空头进场,2025-11-14 12:30,short,3163.06,0.6322,1999.686532,-38.53,-1.93,18.31,0.92,-38.53,-1.93,214.41,0.02
70,多头出场,2025-11-14 17:30,longTP,3160.21,0.6206,1999.833852,-38.61,-1.93,11.73,0.59,-38.61,-1.93,175.8,0.02
70,多头进场,2025-11-14 14:30,long,3222.42,0.6206,1999.833852,-38.61,-1.93,11.73,0.59,-38.61,-1.93,175.8,0.02
71,空头出场,2025-11-14 22:00,shortTP,3156.43,0.6336,1999.914048,0,0.00,54.76,2.74,-25.51,-1.28,175.8,0.02
71,空头进场,2025-11-14 17:30,short,3156.43,0.6336,1999.914048,0,0.00,54.76,2.74,-25.51,-1.28,175.8,0.02
72,多头出场,2025-11-15 02:30,short,3168.81,0.625,1999.6875,-19.18,-0.96,35.76,1.79,-27.81,-1.39,156.62,0.02
72,多头进场,2025-11-14 22:30,long,3199.5,0.625,1999.6875,-19.18,-0.96,35.76,1.79,-27.81,-1.39,156.62,0.02
73,空头出场,2025-11-15 03:00,long,3210.21,0.6311,1999.835991,-26.13,-1.31,5.54,0.28,-32.79,-1.64,130.49,0.01
73,空头进场,2025-11-15 02:30,short,3168.81,0.6311,1999.835991,-26.13,-1.31,5.54,0.28,-32.79,-1.64,130.49,0.01
74,多头出场,2025-11-15 04:00,short,3170.22,0.623,1999.96083,-24.91,-1.25,3.68,0.18,-25.69,-1.28,105.58,0.01
74,多头进场,2025-11-15 03:00,long,3210.21,0.623,1999.96083,-24.91,-1.25,3.68,0.18,-25.69,-1.28,105.58,0.01
75,空头出场,2025-11-15 09:00,long,3147.5,0.6308,1999.774776,14.33,0.72,50.6,2.53,-10.5,-0.53,119.91,0.01
75,空头进场,2025-11-15 04:00,short,3170.22,0.6308,1999.774776,14.33,0.72,50.6,2.53,-10.5,-0.53,119.91,0.01
76,多头出场,2025-11-15 16:00,short,3158.31,0.6354,1999.9215,6.87,0.34,29.55,1.48,-0.01,0.00,126.78,0.01
76,多头进场,2025-11-15 09:00,long,3147.5,0.6354,1999.9215,6.87,0.34,29.55,1.48,-0.01,0.00,126.78,0.01
77,空头出场,2025-11-15 19:00,long,3165.73,0.6332,1999.841892,-4.7,-0.23,15.25,0.76,-8.79,-0.44,122.08,0.01
77,空头进场,2025-11-15 16:00,short,3158.31,0.6332,1999.841892,-4.7,-0.23,15.25,0.76,-8.79,-0.44,122.08,0.01
78,多头出场,2025-11-15 19:30,short,3152.52,0.6317,1999.791641,-8.34,-0.42,0.61,0.03,-12.05,-0.60,113.74,0.01
78,多头进场,2025-11-15 19:00,long,3165.73,0.6317,1999.791641,-8.34,-0.42,0.61,0.03,-12.05,-0.60,113.74,0.01
79,空头出场,2025-11-15 20:00,long,3165.13,0.6344,1999.958688,-8,-0.40,3.27,0.16,-9.82,-0.49,105.74,0.01
79,空头进场,2025-11-15 19:30,short,3152.52,0.6344,1999.958688,-8,-0.40,3.27,0.16,-9.82,-0.49,105.74,0.01
80,多头出场,2025-11-16 00:00,longTP,3165.13,0.6318,1999.729134,0,0.00,20.37,1.02,-6.74,-0.34,105.74,0.01
80,多头进场,2025-11-15 20:00,long,3165.13,0.6318,1999.729134,0,0.00,20.37,1.02,-6.74,-0.34,105.74,0.01
81,空头出场,2025-11-16 10:00,long,3178,0.6272,1999.802112,6.56,0.33,35.55,1.78,-0.4,-0.02,112.3,0.01
81,空头进场,2025-11-16 04:00,short,3188.46,0.6272,1999.802112,6.56,0.33,35.55,1.78,-0.4,-0.02,112.3,0.01
82,多头出场,2025-11-16 17:30,longTP,3229.27,0.6293,1999.9154,32.26,1.61,32.26,1.61,-1.6,-0.08,144.56,0.01
82,多头进场,2025-11-16 10:00,long,3178,0.6293,1999.9154,32.26,1.61,32.26,1.61,-1.6,-0.08,144.56,0.01
83,空头出场,2025-11-16 22:30,shortTP,3173.29,0.6302,1999.807358,0,0.00,21.58,1.08,-5.87,-0.29,144.56,0.01
83,空头进场,2025-11-16 19:00,short,3173.29,0.6302,1999.807358,0,0.00,21.58,1.08,-5.87,-0.29,144.56,0.01
84,多头出场,2025-11-17 06:00,longTP,3056.25,0.6441,1999.936941,-31.41,-1.57,7.86,0.39,-31.41,-1.57,113.16,0.01
84,多头进场,2025-11-17 03:00,long,3105.01,0.6441,1999.936941,-31.41,-1.57,7.86,0.39,-31.41,-1.57,113.16,0.01
85,空头出场,2025-11-18 11:30,long,3023.97,0.6743,1999.710823,-39.35,-1.97,8.27,0.41,-42.03,-2.10,73.8,0.01
85,空头进场,2025-11-18 11:00,short,2965.61,0.6743,1999.710823,-39.35,-1.97,8.27,0.41,-42.03,-2.10,73.8,0.01
86,多头出场,2025-11-18 12:00,short,2978.14,0.6613,1999.751361,-30.31,-1.52,0.8,0.04,-30.33,-1.52,43.5,0.00
86,多头进场,2025-11-18 11:30,long,3023.97,0.6613,1999.751361,-30.31,-1.52,0.8,0.04,-30.33,-1.52,43.5,0.00
87,空头出场,2025-11-18 12:30,long,3005.88,0.6715,1999.82101,-18.63,-0.93,13.47,0.67,-21.72,-1.09,24.87,0.00
87,空头进场,2025-11-18 12:00,short,2978.14,0.6715,1999.82101,-18.63,-0.93,13.47,0.67,-21.72,-1.09,24.87,0.00
88,多头出场,2025-11-18 20:30,short,3049.76,0.6653,1999.811964,29.19,1.46,45.62,2.28,-21.52,-1.08,54.06,0.01
88,多头进场,2025-11-18 12:30,long,3005.88,0.6653,1999.811964,29.19,1.46,45.62,2.28,-21.52,-1.08,54.06,0.01
89,空头出场,2025-11-18 23:00,shortTP,3097.38,0.6557,1999.727632,-31.22,-1.56,18.14,0.91,-31.22,-1.56,22.84,0.00
89,空头进场,2025-11-18 20:30,short,3049.76,0.6557,1999.727632,-31.22,-1.56,18.14,0.91,-31.22,-1.56,22.84,0.00
90,多头出场,2025-11-19 05:30,longTP,3109.23,0.6432,1999.856736,0,0.00,39.06,1.95,-9.15,-0.46,22.84,0.00
90,多头进场,2025-11-18 23:00,long,3109.23,0.6432,1999.856736,0,0.00,39.06,1.95,-9.15,-0.46,22.84,0.00
91,多头出场,2025-11-19 21:30,short,3067.36,0.6483,1999.979568,-11.41,-0.57,17.89,0.89,-20.36,-1.02,11.43,0.00
91,多头进场,2025-11-19 15:30,long,3084.96,0.6483,1999.979568,-11.41,-0.57,17.89,0.89,-20.36,-1.02,11.43,0.00
92,空头出场,2025-11-19 22:30,shortTP,3067.36,0.652,1999.91872,0,0.00,28.34,1.42,-1.89,-0.09,11.43,0.00
92,空头进场,2025-11-19 21:30,short,3067.36,0.652,1999.91872,0,0.00,28.34,1.42,-1.89,-0.09,11.43,0.00
93,空头出场,2025-11-20 12:30,long,3054.01,0.6623,1999.920818,-22.75,-1.14,1.41,0.07,-23.41,-1.17,-11.32,0.00
93,空头进场,2025-11-20 12:00,short,3019.66,0.6623,1999.920818,-22.75,-1.14,1.41,0.07,-23.41,-1.17,-11.32,0.00
94,多头出场,2025-11-20 13:00,short,3037.37,0.6548,1999.765748,-10.9,-0.54,6.29,0.31,-11.11,-0.56,-22.22,0.00
94,多头进场,2025-11-20 12:30,long,3054.01,0.6548,1999.765748,-10.9,-0.54,6.29,0.31,-11.11,-0.56,-22.22,0.00
95,空头出场,2025-11-20 20:30,long,3028.86,0.6584,1999.804408,5.6,0.28,28.61,1.43,-4.86,-0.24,-16.62,0.00
95,空头进场,2025-11-20 13:00,short,3037.37,0.6584,1999.804408,5.6,0.28,28.61,1.43,-4.86,-0.24,-16.62,0.00
96,多头出场,2025-11-20 21:30,short,2999.81,0.6603,1999.956258,-19.18,-0.96,13.68,0.68,-21.51,-1.08,-35.8,0.00
96,多头进场,2025-11-20 20:30,long,3028.86,0.6603,1999.956258,-19.18,-0.96,13.68,0.68,-21.51,-1.08,-35.8,0.00
97,空头出场,2025-11-21 00:00,shortTP,2909.91,0.6667,1999.973327,59.94,3.00,59.94,3.00,-15.26,-0.76,24.14,0.00
97,空头进场,2025-11-20 21:30,short,2999.81,0.6667,1999.973327,59.94,3.00,59.94,3.00,-15.26,-0.76,24.14,0.00
98,空头出场,2025-11-21 15:30,shortTP,2692.14,0.7187,1999.904929,65.06,3.25,65.06,3.25,-35.93,-1.80,89.2,0.01
98,空头进场,2025-11-21 10:30,short,2782.67,0.7187,1999.904929,65.06,3.25,65.06,3.25,-35.93,-1.80,89.2,0.01
99,空头出场,2025-11-21 20:30,long,2727.59,0.7578,1999.8342,-67.13,-3.36,0,0.00,-78.94,-3.95,22.07,0.00
99,空头进场,2025-11-21 20:00,short,2639,0.7578,1999.8342,-67.13,-3.36,0,0.00,-78.94,-3.95,22.07,0.00
100,多头出场,2025-11-22 02:00,longTP,2727.59,0.7332,1999.868988,0,0.00,58.11,2.91,-38.56,-1.93,22.07,0.00
100,多头进场,2025-11-21 20:30,long,2727.59,0.7332,1999.868988,0,0.00,58.11,2.91,-38.56,-1.93,22.07,0.00
101,空头出场,2025-11-22 05:30,long,2767.23,0.7376,1999.840128,-41.27,-2.06,2.01,0.10,-48.48,-2.42,-19.2,0.00
101,空头进场,2025-11-22 04:00,short,2711.28,0.7376,1999.840128,-41.27,-2.06,2.01,0.10,-48.48,-2.42,-19.2,0.00
102,多头出场,2025-11-22 06:30,short,2721.88,0.7227,1999.877121,-32.77,-1.64,4.96,0.25,-33.61,-1.68,-51.97,-0.01
102,多头进场,2025-11-22 05:30,long,2767.23,0.7227,1999.877121,-32.77,-1.64,4.96,0.25,-33.61,-1.68,-51.97,-0.01
103,空头出场,2025-11-22 07:30,long,2765.85,0.7347,1999.765236,-32.3,-1.62,6.41,0.32,-35.21,-1.76,-84.28,-0.01
103,空头进场,2025-11-22 06:30,short,2721.88,0.7347,1999.765236,-32.3,-1.62,6.41,0.32,-35.21,-1.76,-84.28,-0.01
104,多头出场,2025-11-22 10:30,short,2752.84,0.7231,1999.986135,-9.41,-0.47,13.21,0.66,-18.87,-0.94,-93.69,-0.01
104,多头进场,2025-11-22 07:30,long,2765.85,0.7231,1999.986135,-9.41,-0.47,13.21,0.66,-18.87,-0.94,-93.69,-0.01
105,空头出场,2025-11-22 14:30,long,2766.26,0.7265,1999.93826,-9.75,-0.49,19.02,0.95,-11.4,-0.57,-103.44,-0.01
105,空头进场,2025-11-22 10:30,short,2752.84,0.7265,1999.93826,-9.75,-0.49,19.02,0.95,-11.4,-0.57,-103.44,-0.01
106,多头出场,2025-11-22 16:00,longTP,2729.29,0.7229,1999.729354,-26.73,-1.34,3.43,0.17,-26.73,-1.34,-130.16,-0.01
106,多头进场,2025-11-22 14:30,long,2766.26,0.7229,1999.729354,-26.73,-1.34,3.43,0.17,-26.73,-1.34,-130.16,-0.01
107,空头出场,2025-11-22 19:30,long,2735.16,0.7328,1999.818528,-4.51,-0.23,18.09,0.90,-10.25,-0.51,-134.67,-0.01
107,空头进场,2025-11-22 16:00,short,2729.01,0.7328,1999.818528,-4.51,-0.23,18.09,0.90,-10.25,-0.51,-134.67,-0.01
108,多头出场,2025-11-22 20:00,short,2717.22,0.7312,1999.948992,-13.12,-0.66,0.65,0.03,-15.66,-0.78,-147.79,-0.01
108,多头进场,2025-11-22 19:30,long,2735.16,0.7312,1999.948992,-13.12,-0.66,0.65,0.03,-15.66,-0.78,-147.79,-0.01
109,空头出场,2025-11-22 22:00,shortTP,2749.21,0.736,1999.87392,-23.54,-1.18,4.57,0.23,-23.54,-1.18,-171.33,-0.02
109,空头进场,2025-11-22 20:00,short,2717.22,0.736,1999.87392,-23.54,-1.18,4.57,0.23,-23.54,-1.18,-171.33,-0.02
110,多头出场,2025-11-23 04:30,short,2741.26,0.7285,1999.958335,-2.95,-0.15,9.99,0.50,-14.07,-0.70,-174.28,-0.02
110,多头进场,2025-11-22 22:00,long,2745.31,0.7285,1999.958335,-2.95,-0.15,9.99,0.50,-14.07,-0.70,-174.28,-0.02
111,空头出场,2025-11-23 06:00,shortTP,2764.76,0.7295,1999.74917,-17.14,-0.86,3.09,0.15,-17.14,-0.86,-191.42,-0.02
111,空头进场,2025-11-23 04:30,short,2741.26,0.7295,1999.74917,-17.14,-0.86,3.09,0.15,-17.14,-0.86,-191.42,-0.02
112,多头出场,2025-11-23 09:30,longTP,2814.5,0.7248,1999.998624,39.95,2.00,39.95,2.00,-1.38,-0.07,-151.47,-0.02
112,多头进场,2025-11-23 06:00,long,2759.38,0.7248,1999.998624,39.95,2.00,39.95,2.00,-1.38,-0.07,-151.47,-0.02
113,多头出场,2025-11-23 22:30,short,2814.88,0.7053,1999.849938,-14.52,-0.73,16.01,0.80,-16.2,-0.81,-165.99,-0.02
113,多头进场,2025-11-23 20:00,long,2835.46,0.7053,1999.849938,-14.52,-0.73,16.01,0.80,-16.2,-0.81,-165.99,-0.02
114,空头出场,2025-11-24 00:00,shortTP,2843.07,0.7105,1999.97224,-20.03,-1.00,3.38,0.17,-20.03,-1.00,-186.02,-0.02
114,空头进场,2025-11-23 22:30,short,2814.88,0.7105,1999.97224,-20.03,-1.00,3.38,0.17,-20.03,-1.00,-186.02,-0.02
115,多头出场,2025-11-24 07:00,short,2806.2,0.7085,1999.88295,-11.69,-0.58,15.8,0.79,-18.82,-0.94,-197.71,-0.02
115,多头进场,2025-11-24 03:30,long,2822.7,0.7085,1999.88295,-11.69,-0.58,15.8,0.79,-18.82,-0.94,-197.71,-0.02
116,空头出场,2025-11-24 09:30,shortTP,2806.2,0.7127,1999.97874,0,0.00,30.79,1.54,-1.28,-0.06,-197.71,-0.02
116,空头进场,2025-11-24 07:00,short,2806.2,0.7127,1999.97874,0,0.00,30.79,1.54,-1.28,-0.06,-197.71,-0.02
117,多头出场,2025-11-24 12:00,longTP,2815.72,0.7008,1999.879968,-26.62,-1.33,11.62,0.58,-26.62,-1.33,-224.33,-0.02
117,多头进场,2025-11-24 10:00,long,2853.71,0.7008,1999.879968,-26.62,-1.33,11.62,0.58,-26.62,-1.33,-224.33,-0.02
118,空头出场,2025-11-24 21:00,long,2820.36,0.7043,1999.810549,13.43,0.67,36.22,1.81,-3.88,-0.19,-210.9,-0.02
118,空头进场,2025-11-24 14:30,short,2839.43,0.7043,1999.810549,13.43,0.67,36.22,1.81,-3.88,-0.19,-210.9,-0.02
119,多头出场,2025-11-24 22:30,longTP,2788.39,0.7091,1999.917276,-22.67,-1.13,6.88,0.34,-22.67,-1.13,-233.57,-0.02
119,多头进场,2025-11-24 21:00,long,2820.36,0.7091,1999.917276,-22.67,-1.13,6.88,0.34,-22.67,-1.13,-233.57,-0.02
120,多头出场,2025-11-25 22:30,longTP,2893.88,0.6911,1999.960468,0,0.00,27.73,1.39,-3.66,-0.18,-233.57,-0.02
120,多头进场,2025-11-25 19:00,long,2893.88,0.6911,1999.960468,0,0.00,27.73,1.39,-3.66,-0.18,-233.57,-0.02
121,空头出场,2025-11-26 00:00,shortTP,2917.65,0.6941,1999.924212,-25.22,-1.26,16.66,0.83,-25.22,-1.26,-258.79,-0.03
121,空头进场,2025-11-25 22:30,short,2881.32,0.6941,1999.924212,-25.22,-1.26,16.66,0.83,-25.22,-1.26,-258.79,-0.03
122,多头出场,2025-11-26 03:00,longTP,2891.04,0.6826,1999.929262,-26.51,-1.33,19.56,0.98,-26.51,-1.33,-285.29,-0.03
122,多头进场,2025-11-26 00:00,long,2929.87,0.6826,1999.929262,-26.51,-1.33,19.56,0.98,-26.51,-1.33,-285.29,-0.03
123,空头出场,2025-11-26 04:00,shortTP,2928.71,0.6931,1999.752913,-30.14,-1.51,1.89,0.09,-30.14,-1.51,-315.43,-0.03
123,空头进场,2025-11-26 03:00,short,2885.23,0.6931,1999.752913,-30.14,-1.51,1.89,0.09,-30.14,-1.51,-315.43,-0.03
124,多头出场,2025-11-26 10:30,short,2956.8,0.6822,1999.780614,17.35,0.87,35.9,1.80,-16.34,-0.82,-298.08,-0.03
124,多头进场,2025-11-26 04:00,long,2931.37,0.6822,1999.780614,17.35,0.87,35.9,1.80,-16.34,-0.82,-298.08,-0.03
125,空头出场,2025-11-26 20:00,shortTP,2908.68,0.6764,1999.97952,32.55,1.63,36.99,1.85,-5.43,-0.27,-265.53,-0.03
125,空头进场,2025-11-26 10:30,short,2956.8,0.6764,1999.97952,32.55,1.63,36.99,1.85,-5.43,-0.27,-265.53,-0.03
126,多头出场,2025-11-26 22:30,longTP,2910.8,0.6863,1999.80957,-2.13,-0.11,22.99,1.15,-5.99,-0.30,-267.66,-0.03
126,多头进场,2025-11-26 21:00,long,2913.9,0.6863,1999.80957,-2.13,-0.11,22.99,1.15,-5.99,-0.30,-267.66,-0.03
127,多头出场,2025-11-27 11:30,longTP,3033.41,0.652,1999.99044,-22.21,-1.11,2.54,0.13,-22.21,-1.11,-289.87,-0.03
127,多头进场,2025-11-27 10:00,long,3067.47,0.652,1999.99044,-22.21,-1.11,2.54,0.13,-22.21,-1.11,-289.87,-0.03
128,多头出场,2025-11-28 06:30,longTP,3010.97,0.6642,1999.886274,0,0.00,22.23,1.11,-4.08,-0.20,-289.87,-0.03
128,多头进场,2025-11-27 23:30,long,3010.97,0.6642,1999.886274,0,0.00,22.23,1.11,-4.08,-0.20,-289.87,-0.03
129,空头出场,2025-11-28 12:00,long,3014.5,0.6642,1999.853064,-2.38,-0.12,11,0.55,-8.67,-0.43,-292.24,-0.03
129,空头进场,2025-11-28 06:30,short,3010.92,0.6642,1999.853064,-2.38,-0.12,11,0.55,-8.67,-0.43,-292.24,-0.03
130,多头出场,2025-11-28 15:30,short,3001.91,0.6634,1999.8193,-8.35,-0.42,9.58,0.48,-9.15,-0.46,-300.6,-0.03
130,多头进场,2025-11-28 12:00,long,3014.5,0.6634,1999.8193,-8.35,-0.42,9.58,0.48,-9.15,-0.46,-300.6,-0.03
131,空头出场,2025-11-28 16:00,long,3018.13,0.6662,1999.872442,-10.81,-0.54,0.21,0.01,-13.54,-0.68,-311.4,-0.03
131,空头进场,2025-11-28 15:30,short,3001.91,0.6662,1999.872442,-10.81,-0.54,0.21,0.01,-13.54,-0.68,-311.4,-0.03
132,多头出场,2025-11-28 17:00,longTP,3070.41,0.6626,1999.812938,34.64,1.73,39.52,1.98,-1.84,-0.09,-276.76,-0.03
132,多头进场,2025-11-28 16:00,long,3018.13,0.6626,1999.812938,34.64,1.73,39.52,1.98,-1.84,-0.09,-276.76,-0.03
133,空头出场,2025-11-28 21:30,shortTP,3058.55,0.6591,1999.722582,-16.17,-0.81,5.08,0.25,-16.17,-0.81,-292.93,-0.03
133,空头进场,2025-11-28 19:30,short,3034.02,0.6591,1999.722582,-16.17,-0.81,5.08,0.25,-16.17,-0.81,-292.93,-0.03
134,多头出场,2025-11-29 00:00,longTP,3039.31,0.6506,1999.885846,-22.51,-1.13,16.32,0.82,-22.51,-1.13,-315.44,-0.03
134,多头进场,2025-11-28 21:30,long,3073.91,0.6506,1999.885846,-22.51,-1.13,16.32,0.82,-22.51,-1.13,-315.44,-0.03
135,空头出场,2025-11-29 03:30,long,3050,0.6601,1999.786152,-13.52,-0.68,12.08,0.60,-20.12,-1.01,-328.96,-0.03
135,空头进场,2025-11-29 00:00,short,3029.52,0.6601,1999.786152,-13.52,-0.68,12.08,0.60,-20.12,-1.01,-328.96,-0.03
136,多头出场,2025-11-29 05:30,short,3036.55,0.6557,1999.885,-8.82,-0.44,6.22,0.31,-9.15,-0.46,-337.78,-0.03
136,多头进场,2025-11-29 03:30,long,3050,0.6557,1999.885,-8.82,-0.44,6.22,0.31,-9.15,-0.46,-337.78,-0.03
137,空头出场,2025-11-29 09:30,long,3038.51,0.6586,1999.87183,-1.29,-0.06,10.52,0.53,-10.6,-0.53,-339.07,-0.03
137,空头进场,2025-11-29 05:30,short,3036.55,0.6586,1999.87183,-1.29,-0.06,10.52,0.53,-10.6,-0.53,-339.07,-0.03
138,多头出场,2025-11-29 10:00,short,3033.46,0.6582,1999.947282,-3.32,-0.17,1.16,0.06,-3.32,-0.17,-342.39,-0.03
138,多头进场,2025-11-29 09:30,long,3038.51,0.6582,1999.947282,-3.32,-0.17,1.16,0.06,-3.32,-0.17,-342.39,-0.03
139,空头出场,2025-11-29 12:30,long,3041.04,0.6593,1999.960178,-5,-0.25,10.37,0.52,-8,-0.40,-347.39,-0.03
139,空头进场,2025-11-29 10:00,short,3033.46,0.6593,1999.960178,-5,-0.25,10.37,0.52,-8,-0.40,-347.39,-0.03
140,多头出场,2025-11-29 14:00,longTP,3020.46,0.6576,1999.787904,-13.53,-0.68,1.46,0.07,-13.53,-0.68,-360.92,-0.04
140,多头进场,2025-11-29 12:30,long,3041.04,0.6576,1999.787904,-13.53,-0.68,1.46,0.07,-13.53,-0.68,-360.92,-0.04
141,空头出场,2025-11-30 01:30,shortTP,2979.83,0.6634,1999.965248,23.15,1.16,23.15,1.16,-1.57,-0.08,-337.78,-0.03
141,空头进场,2025-11-29 14:00,short,3014.72,0.6634,1999.965248,23.15,1.16,23.15,1.16,-1.57,-0.08,-337.78,-0.03
142,空头出场,2025-11-30 02:30,shortTP,2989.64,0.6734,1999.984532,-13.24,-0.66,5.43,0.27,-13.24,-0.66,-351.02,-0.04
142,空头进场,2025-11-30 01:30,short,2969.98,0.6734,1999.984532,-13.24,-0.66,5.43,0.27,-13.24,-0.66,-351.02,-0.04
143,多头出场,2025-11-30 11:00,longTP,2979.29,0.6674,1999.703924,-11.33,-0.57,10.7,0.54,-11.33,-0.57,-362.34,-0.04
143,多头进场,2025-11-30 03:00,long,2996.26,0.6674,1999.703924,-11.33,-0.57,10.7,0.54,-11.33,-0.57,-362.34,-0.04
144,空头出场,2025-11-30 11:30,long,3001.69,0.6694,1999.76556,-9.57,-0.48,0.66,0.03,-12.07,-0.60,-371.91,-0.04
144,空头进场,2025-11-30 11:00,short,2987.4,0.6694,1999.76556,-9.57,-0.48,0.66,0.03,-12.07,-0.60,-371.91,-0.04
145,多头出场,2025-11-30 13:00,short,2986.03,0.6662,1999.725878,-10.43,-0.52,1.17,0.06,-10.66,-0.53,-382.34,-0.04
145,多头进场,2025-11-30 11:30,long,3001.69,0.6662,1999.725878,-10.43,-0.52,1.17,0.06,-10.66,-0.53,-382.34,-0.04
146,空头出场,2025-11-30 14:30,long,2997.86,0.6697,1999.744291,-7.92,-0.40,0.01,0.00,-9.92,-0.50,-390.26,-0.04
146,空头进场,2025-11-30 13:00,short,2986.03,0.6697,1999.744291,-7.92,-0.40,0.01,0.00,-9.92,-0.50,-390.26,-0.04
147,多头出场,2025-11-30 19:00,short,3004.85,0.6671,1999.872406,4.66,0.23,13.76,0.69,-1.07,-0.05,-385.6,-0.04
147,多头进场,2025-11-30 14:30,long,2997.86,0.6671,1999.872406,4.66,0.23,13.76,0.69,-1.07,-0.05,-385.6,-0.04
148,空头出场,2025-11-30 20:30,shortTP,3019.51,0.6655,1999.727675,-9.76,-0.49,3.27,0.16,-9.76,-0.49,-395.36,-0.04
148,空头进场,2025-11-30 19:00,short,3004.85,0.6655,1999.727675,-9.76,-0.49,3.27,0.16,-9.76,-0.49,-395.36,-0.04
149,多头出场,2025-11-30 23:00,longTP,3025.99,0.6609,1999.876791,0,0.00,17.86,0.89,-2.3,-0.12,-395.36,-0.04
149,多头进场,2025-11-30 20:30,long,3025.99,0.6609,1999.876791,0,0.00,17.86,0.89,-2.3,-0.12,-395.36,-0.04
150,多头出场,2025-12-01 04:30,longTP,3029.31,0.6564,1999.82106,-11.38,-0.57,1.77,0.09,-11.55,-0.58,-406.74,-0.04
150,多头进场,2025-12-01 00:00,long,3046.65,0.6564,1999.82106,-11.38,-0.57,1.77,0.09,-11.55,-0.58,-406.74,-0.04
151,空头出场,2025-12-02 05:00,shortTP,2770.42,0.7219,1999.966198,0,0.00,39.26,1.96,-0.87,-0.04,-406.74,-0.04
151,空头进场,2025-12-01 23:00,short,2770.42,0.7219,1999.966198,0,0.00,39.26,1.96,-0.87,-0.04,-406.74,-0.04
152,空头出场,2025-12-02 11:30,long,2804.55,0.7165,1999.730005,-9.73,-0.49,3.93,0.20,-13.94,-0.70,-416.47,-0.04
152,空头进场,2025-12-02 11:00,short,2790.97,0.7165,1999.730005,-9.73,-0.49,3.93,0.20,-13.94,-0.70,-416.47,-0.04
153,多头出场,2025-12-02 13:00,short,2799.8,0.7131,1999.924605,-3.39,-0.17,6.88,0.34,-5.03,-0.25,-419.85,-0.04
153,多头进场,2025-12-02 11:30,long,2804.55,0.7131,1999.924605,-3.39,-0.17,6.88,0.34,-5.03,-0.25,-419.85,-0.04
154,空头出场,2025-12-02 14:30,long,2812.92,0.7143,1999.89714,-9.37,-0.47,2.09,0.10,-11.49,-0.57,-429.23,-0.04
154,空头进场,2025-12-02 13:00,short,2799.8,0.7143,1999.89714,-9.37,-0.47,2.09,0.10,-11.49,-0.57,-429.23,-0.04
155,多头出场,2025-12-02 15:30,short,2805.65,0.711,1999.98612,-5.17,-0.26,1.07,0.05,-7.16,-0.36,-434.4,-0.04
155,多头进场,2025-12-02 14:30,long,2812.92,0.711,1999.98612,-5.17,-0.26,1.07,0.05,-7.16,-0.36,-434.4,-0.04
156,空头出场,2025-12-02 18:30,shortTP,2829.3,0.7128,1999.86732,-16.86,-0.84,16.72,0.84,-16.86,-0.84,-451.25,-0.05
156,空头进场,2025-12-02 15:30,short,2805.65,0.7128,1999.86732,-16.86,-0.84,16.72,0.84,-16.86,-0.84,-451.25,-0.05
157,多头出场,2025-12-02 22:00,longTP,2869.62,0.7084,1999.905292,32.93,1.65,32.93,1.65,-4.73,-0.24,-418.32,-0.04
157,多头进场,2025-12-02 18:30,long,2823.13,0.7084,1999.905292,32.93,1.65,32.93,1.65,-4.73,-0.24,-418.32,-0.04
158,多头出场,2025-12-03 17:00,longTP,3051.59,0.6585,1999.85133,9.62,0.48,31.99,1.60,-4.87,-0.24,-408.7,-0.04
158,多头进场,2025-12-03 11:00,long,3036.98,0.6585,1999.85133,9.62,0.48,31.99,1.60,-4.87,-0.24,-408.7,-0.04
159,多头出场,2025-12-03 22:00,longTP,3054.73,0.6491,1999.967974,-17.14,-0.86,8.97,0.45,-17.14,-0.86,-425.84,-0.04
159,多头进场,2025-12-03 20:30,long,3081.14,0.6491,1999.967974,-17.14,-0.86,8.97,0.45,-17.14,-0.86,-425.84,-0.04
160,多头出场,2025-12-04 06:30,longTP,3179.28,0.6456,1999.997784,52.55,2.63,52.55,2.63,0,0.00,-373.3,-0.04
160,多头进场,2025-12-04 01:00,long,3097.89,0.6456,1999.997784,52.55,2.63,52.55,2.63,0,0.00,-373.3,-0.04
161,多头出场,2025-12-05 00:30,longTP,3168.56,0.6234,1999.96071,-24.68,-1.23,10.5,0.53,-24.68,-1.23,-397.98,-0.04
161,多头进场,2025-12-04 23:30,long,3208.15,0.6234,1999.96071,-24.68,-1.23,10.5,0.53,-24.68,-1.23,-397.98,-0.04
162,空头出场,2025-12-05 03:00,shortTP,3081.25,0.6323,1999.914316,51.64,2.58,51.64,2.58,-2.11,-0.11,-346.34,-0.03
162,空头进场,2025-12-05 01:00,short,3162.92,0.6323,1999.914316,51.64,2.58,51.64,2.58,-2.11,-0.11,-346.34,-0.03
163,多头出场,2025-12-05 13:00,short,3157.05,0.6367,1999.734626,10.36,0.52,33.46,1.67,-7.58,-0.38,-335.98,-0.03
163,多头进场,2025-12-05 06:00,long,3140.78,0.6367,1999.734626,10.36,0.52,33.46,1.67,-7.58,-0.38,-335.98,-0.03
164,空头出场,2025-12-05 15:00,long,3180.14,0.6335,1999.991175,-14.63,-0.73,2.75,0.14,-16.36,-0.82,-350.61,-0.04
164,空头进场,2025-12-05 13:00,short,3157.05,0.6335,1999.991175,-14.63,-0.73,2.75,0.14,-16.36,-0.82,-350.61,-0.04
165,多头出场,2025-12-05 16:00,short,3159.84,0.6289,1999.990046,-12.77,-0.64,1.03,0.05,-14.58,-0.73,-363.37,-0.04
165,多头进场,2025-12-05 15:00,long,3180.14,0.6289,1999.990046,-12.77,-0.64,1.03,0.05,-14.58,-0.73,-363.37,-0.04
166,空头出场,2025-12-05 21:30,shortTP,3098.16,0.6329,1999.862736,39.04,1.95,39.04,1.95,-0.61,-0.03,-324.33,-0.03
166,空头进场,2025-12-05 16:00,short,3159.84,0.6329,1999.862736,39.04,1.95,39.04,1.95,-0.61,-0.03,-324.33,-0.03
167,多头出场,2025-12-06 00:00,longTP,3099.62,0.6371,1999.990691,-25.22,-1.26,5.06,0.25,-28.39,-1.42,-349.56,-0.03
167,多头进场,2025-12-05 23:00,long,3139.21,0.6371,1999.990691,-25.22,-1.26,5.06,0.25,-28.39,-1.42,-349.56,-0.03
168,空头出场,2025-12-06 02:00,shortTP,3061.5,0.6532,1999.7718,0,0.00,40,2.00,-0.85,-0.04,-349.56,-0.03
168,空头进场,2025-12-06 00:00,short,3061.5,0.6532,1999.7718,0,0.00,40,2.00,-0.85,-0.04,-349.56,-0.03
169,空头出场,2025-12-06 17:30,long,3030,0.6608,1999.746,-2.48,-0.12,8.59,0.43,-6.3,-0.31,-352.04,-0.04
169,空头进场,2025-12-06 15:30,short,3026.25,0.6608,1999.746,-2.48,-0.12,8.59,0.43,-6.3,-0.31,-352.04,-0.04
170,多头出场,2025-12-06 22:00,longTP,3064.8,0.66,1999.8,22.97,1.15,22.97,1.15,-3.22,-0.16,-329.07,-0.03
170,多头进场,2025-12-06 17:30,long,3030,0.66,1999.8,22.97,1.15,22.97,1.15,-3.22,-0.16,-329.07,-0.03
171,空头出场,2025-12-07 08:30,long,3044.8,0.6573,1999.776093,-1.57,-0.08,11.44,0.57,-7.82,-0.39,-330.64,-0.03
171,空头进场,2025-12-07 02:30,short,3042.41,0.6573,1999.776093,-1.57,-0.08,11.44,0.57,-7.82,-0.39,-330.64,-0.03
172,多头出场,2025-12-07 13:00,short,3045.28,0.6568,1999.82464,0.32,0.02,8.68,0.43,-2.06,-0.10,-330.32,-0.03
172,多头进场,2025-12-07 08:30,long,3044.8,0.6568,1999.82464,0.32,0.02,8.68,0.43,-2.06,-0.10,-330.32,-0.03
173,空头出场,2025-12-07 19:00,long,3036.31,0.6567,1999.835376,5.89,0.29,13.93,0.70,-3.76,-0.19,-324.43,-0.03
173,空头进场,2025-12-07 13:00,short,3045.28,0.6567,1999.835376,5.89,0.29,13.93,0.70,-3.76,-0.19,-324.43,-0.03
174,多头出场,2025-12-07 21:00,longTP,3036.31,0.6586,1999.713766,0,0.00,11.31,0.57,-0.98,-0.05,-324.43,-0.03
174,多头进场,2025-12-07 19:00,long,3036.31,0.6586,1999.713766,0,0.00,11.31,0.57,-0.98,-0.05,-324.43,-0.03
175,空头出场,2025-12-07 22:00,shortTP,2940,0.6597,1999.913535,60.4,3.02,81.82,4.09,-2.42,-0.12,-264.04,-0.03
175,空头进场,2025-12-07 21:30,short,3031.55,0.6597,1999.913535,60.4,3.02,81.82,4.09,-2.42,-0.12,-264.04,-0.03
176,多头出场,2025-12-08 01:00,longTP,3095.59,0.6628,1999.793532,51.96,2.60,51.96,2.60,-4.31,-0.22,-212.07,-0.02
176,多头进场,2025-12-08 00:00,long,3017.19,0.6628,1999.793532,51.96,2.60,51.96,2.60,-4.31,-0.22,-212.07,-0.02
177,空头出场,2025-12-08 09:00,shortTP,3085.35,0.6482,1999.92387,0,0.00,46.42,2.32,-0.66,-0.03,-212.07,-0.02
177,空头进场,2025-12-08 05:30,short,3085.35,0.6482,1999.92387,0,0.00,46.42,2.32,-0.66,-0.03,-212.07,-0.02
178,多头出场,2025-12-08 19:30,longTP,3143.77,0.6455,1999.920375,29.38,1.47,53.1,2.66,-3.78,-0.19,-182.69,-0.02
178,多头进场,2025-12-08 09:30,long,3098.25,0.6455,1999.920375,29.38,1.47,53.1,2.66,-3.78,-0.19,-182.69,-0.02
179,多头出场,2025-12-09 07:30,short,3124.16,0.6413,1999.983832,3.54,0.18,22.04,1.10,-3.69,-0.18,-179.15,-0.02
179,多头进场,2025-12-09 03:30,long,3118.64,0.6413,1999.983832,3.54,0.18,22.04,1.10,-3.69,-0.18,-179.15,-0.02
180,空头出场,2025-12-09 08:00,long,3135.38,0.6401,1999.774816,-7.18,-0.36,1.38,0.07,-12.38,-0.62,-186.33,-0.02
180,空头进场,2025-12-09 07:30,short,3124.16,0.6401,1999.774816,-7.18,-0.36,1.38,0.07,-12.38,-0.62,-186.33,-0.02
181,多头出场,2025-12-09 08:30,short,3119.57,0.6378,1999.745364,-10.08,-0.50,0,0.00,-13.53,-0.68,-196.42,-0.02
181,多头进场,2025-12-09 08:00,long,3135.38,0.6378,1999.745364,-10.08,-0.50,0,0.00,-13.53,-0.68,-196.42,-0.02
182,空头出场,2025-12-09 11:30,long,3129.26,0.6411,1999.956327,-6.21,-0.31,18.44,0.92,-6.22,-0.31,-202.63,-0.02
182,空头进场,2025-12-09 08:30,short,3119.57,0.6411,1999.956327,-6.21,-0.31,18.44,0.92,-6.22,-0.31,-202.63,-0.02
183,多头出场,2025-12-09 13:00,longTP,3099.12,0.6391,1999.910066,-19.26,-0.96,1.38,0.07,-19.26,-0.96,-221.89,-0.02
183,多头进场,2025-12-09 11:30,long,3129.26,0.6391,1999.910066,-19.26,-0.96,1.38,0.07,-19.26,-0.96,-221.89,-0.02
184,空头出场,2025-12-09 14:30,long,3113.06,0.644,1999.81964,-4.99,-0.25,5.29,0.26,-8.63,-0.43,-226.88,-0.02
184,空头进场,2025-12-09 13:00,short,3105.31,0.644,1999.81964,-4.99,-0.25,5.29,0.26,-8.63,-0.43,-226.88,-0.02
185,多头出场,2025-12-09 17:30,short,3106,0.6424,1999.829744,-4.54,-0.23,10.88,0.54,-5.48,-0.27,-231.42,-0.02
185,多头进场,2025-12-09 14:30,long,3113.06,0.6424,1999.829744,-4.54,-0.23,10.88,0.54,-5.48,-0.27,-231.42,-0.02
186,空头出场,2025-12-09 19:30,long,3118.35,0.6439,1999.9534,-7.95,-0.40,8.37,0.42,-9.66,-0.48,-239.37,-0.02
186,空头进场,2025-12-09 17:30,short,3106,0.6439,1999.9534,-7.95,-0.40,8.37,0.42,-9.66,-0.48,-239.37,-0.02
187,多头出场,2025-12-09 22:00,short,3111.86,0.6413,1999.797855,-4.16,-0.21,14.82,0.74,-10.38,-0.52,-243.53,-0.02
187,多头进场,2025-12-09 19:30,long,3118.35,0.6413,1999.797855,-4.16,-0.21,14.82,0.74,-10.38,-0.52,-243.53,-0.02
188,空头出场,2025-12-09 23:00,shortTP,3139.09,0.6427,1999.992422,-17.5,-0.88,8.54,0.43,-17.5,-0.88,-261.03,-0.03
188,空头进场,2025-12-09 22:00,short,3111.86,0.6427,1999.992422,-17.5,-0.88,8.54,0.43,-17.5,-0.88,-261.03,-0.03
189,多头出场,2025-12-09 23:30,longTP,3245.88,0.6338,1999.854492,57.38,2.87,64.36,3.22,-6.41,-0.32,-203.65,-0.02
189,多头进场,2025-12-09 23:00,long,3155.34,0.6338,1999.854492,57.38,2.87,64.36,3.22,-6.41,-0.32,-203.65,-0.02
190,多头出场,2025-12-10 18:30,longTP,3316.72,0.5973,1999.694697,-18.62,-0.93,16.79,0.84,-18.62,-0.93,-222.27,-0.02
190,多头进场,2025-12-10 17:30,long,3347.89,0.5973,1999.694697,-18.62,-0.93,16.79,0.84,-18.62,-0.93,-222.27,-0.02
191,空头出场,2025-12-10 21:00,long,3333.82,0.6037,1999.671732,-12.96,-0.65,9.28,0.46,-16.03,-0.80,-235.22,-0.02
191,空头进场,2025-12-10 18:30,short,3312.36,0.6037,1999.671732,-12.96,-0.65,9.28,0.46,-16.03,-0.80,-235.22,-0.02
192,多头出场,2025-12-10 22:30,longTP,3305.69,0.5999,1999.958618,-16.88,-0.84,3.19,0.16,-16.88,-0.84,-252.1,-0.03
192,多头进场,2025-12-10 21:00,long,3333.82,0.5999,1999.958618,-16.88,-0.84,3.19,0.16,-16.88,-0.84,-252.1,-0.03
193,空头出场,2025-12-11 00:00,shortTP,3349.84,0.6025,1999.944525,-18.33,-0.92,7.6,0.38,-18.33,-0.92,-270.43,-0.03
193,空头进场,2025-12-10 22:30,short,3319.41,0.6025,1999.944525,-18.33,-0.92,7.6,0.38,-18.33,-0.92,-270.43,-0.03
194,多头出场,2025-12-11 02:30,longTP,3424.44,0.5957,1999.88404,40.05,2.00,40.05,2.00,-8.29,-0.41,-230.38,-0.02
194,多头进场,2025-12-11 00:00,long,3357.2,0.5957,1999.88404,40.05,2.00,40.05,2.00,-8.29,-0.41,-230.38,-0.02
195,空头出场,2025-12-11 09:00,shortTP,3254.27,0.596,1999.84224,60.3,3.02,60.3,3.02,-8.11,-0.41,-170.08,-0.02
195,空头进场,2025-12-11 04:30,short,3355.44,0.596,1999.84224,60.3,3.02,60.3,3.02,-8.11,-0.41,-170.08,-0.02
196,空头出场,2025-12-12 02:30,shortTP,3207.23,0.6329,1999.812104,-30.04,-1.50,3.01,0.15,-31.8,-1.59,-200.12,-0.02
196,空头进场,2025-12-11 22:30,short,3159.76,0.6329,1999.812104,-30.04,-1.50,3.01,0.15,-31.8,-1.59,-200.12,-0.02
197,空头出场,2025-12-12 09:30,shortTP,3233.78,0.6271,1999.972404,-27.93,-1.40,0,0.00,-29.32,-1.47,-228.05,-0.02
197,空头进场,2025-12-12 08:30,short,3189.24,0.6271,1999.972404,-27.93,-1.40,0,0.00,-29.32,-1.47,-228.05,-0.02
198,多头出场,2025-12-12 12:00,short,3242.91,0.6156,1999.99206,-3.66,-0.18,10.25,0.51,-6.53,-0.33,-231.71,-0.02
198,多头进场,2025-12-12 10:00,long,3248.85,0.6156,1999.99206,-3.66,-0.18,10.25,0.51,-6.53,-0.33,-231.71,-0.02
199,空头出场,2025-12-12 14:00,long,3257.51,0.6167,1999.902597,-9,-0.45,6.24,0.31,-13.62,-0.68,-240.71,-0.02
199,空头进场,2025-12-12 12:00,short,3242.91,0.6167,1999.902597,-9,-0.45,6.24,0.31,-13.62,-0.68,-240.71,-0.02
200,多头出场,2025-12-12 15:30,short,3246.55,0.6139,1999.785389,-6.73,-0.34,0.95,0.05,-8.91,-0.45,-247.44,-0.02
200,多头进场,2025-12-12 14:00,long,3257.51,0.6139,1999.785389,-6.73,-0.34,0.95,0.05,-8.91,-0.45,-247.44,-0.02
201,空头出场,2025-12-12 23:00,shortTP,3194.15,0.616,1999.8748,32.28,1.61,32.28,1.61,-5.64,-0.28,-215.16,-0.02
201,空头进场,2025-12-12 15:30,short,3246.55,0.616,1999.8748,32.28,1.61,32.28,1.61,-5.64,-0.28,-215.16,-0.02
202,空头出场,2025-12-13 22:00,shortTP,3115.61,0.6419,1999.910059,0,0.00,13.15,0.66,-2.82,-0.14,-215.16,-0.02
202,空头进场,2025-12-13 20:00,short,3115.61,0.6419,1999.910059,0,0.00,13.15,0.66,-2.82,-0.14,-215.16,-0.02
203,多头出场,2025-12-14 05:00,short,3101.71,0.6434,1999.950994,-4.31,-0.22,1.07,0.05,-6.26,-0.31,-219.47,-0.02
203,多头进场,2025-12-14 03:30,long,3108.41,0.6434,1999.950994,-4.31,-0.22,1.07,0.05,-6.26,-0.31,-219.47,-0.02
204,空头出场,2025-12-14 05:30,long,3111.63,0.6448,1999.982608,-6.4,-0.32,14.64,0.73,-8.49,-0.42,-225.87,-0.02
204,空头进场,2025-12-14 05:00,short,3101.71,0.6448,1999.982608,-6.4,-0.32,14.64,0.73,-8.49,-0.42,-225.87,-0.02
205,多头出场,2025-12-14 11:30,short,3118.96,0.6427,1999.844601,4.71,0.24,11.51,0.58,-5.86,-0.29,-221.16,-0.02
205,多头进场,2025-12-14 05:30,long,3111.63,0.6427,1999.844601,4.71,0.24,11.51,0.58,-5.86,-0.29,-221.16,-0.02
206,空头出场,2025-12-14 16:00,shortTP,3118.96,0.6412,1999.877152,0,0.00,9.21,0.46,-2.01,-0.10,-221.16,-0.02
206,空头进场,2025-12-14 11:30,short,3118.96,0.6412,1999.877152,0,0.00,9.21,0.46,-2.01,-0.10,-221.16,-0.02
207,多头出场,2025-12-14 16:30,short,3111.02,0.6416,1999.93136,-3.9,-0.20,1.8,0.09,-4.98,-0.25,-225.06,-0.02
207,多头进场,2025-12-14 16:00,long,3117.1,0.6416,1999.93136,-3.9,-0.20,1.8,0.09,-4.98,-0.25,-225.06,-0.02
208,空头出场,2025-12-14 19:30,shortTP,3082.13,0.6428,1999.763656,18.57,0.93,18.57,0.93,-1.7,-0.09,-206.49,-0.02
208,空头进场,2025-12-14 16:30,short,3111.02,0.6428,1999.763656,18.57,0.93,18.57,0.93,-1.7,-0.09,-206.49,-0.02
209,多头出场,2025-12-15 01:00,longTP,3075.68,0.6451,1999.835804,-15.71,-0.79,2.52,0.13,-15.71,-0.79,-222.2,-0.02
209,多头进场,2025-12-15 00:00,long,3100.04,0.6451,1999.835804,-15.71,-0.79,2.52,0.13,-15.71,-0.79,-222.2,-0.02
210,空头出场,2025-12-15 02:00,long,3087.3,0.6483,1999.973085,-1.52,-0.08,2.73,0.14,-8.11,-0.41,-223.73,-0.02
210,空头进场,2025-12-15 01:30,short,3084.95,0.6483,1999.973085,-1.52,-0.08,2.73,0.14,-8.11,-0.41,-223.73,-0.02
211,多头出场,2025-12-15 04:30,short,3082.89,0.6478,1999.95294,-2.86,-0.14,11.59,0.58,-15.64,-0.78,-226.58,-0.02
211,多头进场,2025-12-15 02:00,long,3087.3,0.6478,1999.95294,-2.86,-0.14,11.59,0.58,-15.64,-0.78,-226.58,-0.02
212,空头出场,2025-12-15 07:00,shortTP,3082.89,0.6487,1999.870743,0,0.00,18.47,0.92,-5.38,-0.27,-226.58,-0.02
212,空头进场,2025-12-15 04:30,short,3082.89,0.6487,1999.870743,0,0.00,18.47,0.92,-5.38,-0.27,-226.58,-0.02
213,多头出场,2025-12-15 10:00,longTP,3142.99,0.6501,1999.863624,43.39,2.17,43.39,2.17,-1.77,-0.09,-183.19,-0.02
213,多头进场,2025-12-15 09:00,long,3076.24,0.6501,1999.863624,43.39,2.17,43.39,2.17,-1.77,-0.09,-183.19,-0.02
214,空头出场,2025-12-16 13:00,shortTP,2920.97,0.6847,1999.988159,0,0.00,30.79,1.54,-0.71,-0.04,-183.19,-0.02
214,空头进场,2025-12-16 12:00,short,2920.97,0.6847,1999.988159,0,0.00,30.79,1.54,-0.71,-0.04,-183.19,-0.02
215,多头出场,2025-12-16 21:30,longTP,2942.41,0.6797,1999.956077,0,0.00,26.82,1.34,-16.45,-0.82,-183.19,-0.02
215,多头进场,2025-12-16 14:00,long,2942.41,0.6797,1999.956077,0,0.00,26.82,1.34,-16.45,-0.82,-183.19,-0.02
216,空头出场,2025-12-16 22:30,shortTP,2949.32,0.6871,1999.921357,-26.56,-1.33,16.44,0.82,-26.56,-1.33,-209.75,-0.02
216,空头进场,2025-12-16 21:30,short,2910.67,0.6871,1999.921357,-26.56,-1.33,16.44,0.82,-26.56,-1.33,-209.75,-0.02
217,多头出场,2025-12-17 01:00,short,2931.75,0.6749,1999.937919,-21.3,-1.07,0.59,0.03,-25.66,-1.28,-231.05,-0.02
217,多头进场,2025-12-16 23:30,long,2963.31,0.6749,1999.937919,-21.3,-1.07,0.59,0.03,-25.66,-1.28,-231.05,-0.02
218,空头出场,2025-12-17 02:30,long,2952.13,0.6821,1999.746675,-13.9,-0.70,13.37,0.67,-24.73,-1.24,-244.95,-0.02
218,空头进场,2025-12-17 01:00,short,2931.75,0.6821,1999.746675,-13.9,-0.70,13.37,0.67,-24.73,-1.24,-244.95,-0.02
219,多头出场,2025-12-17 03:00,short,2930.91,0.6774,1999.772862,-14.37,-0.72,0.13,0.01,-21.33,-1.07,-259.32,-0.03
219,多头进场,2025-12-17 02:30,long,2952.13,0.6774,1999.772862,-14.37,-0.72,0.13,0.01,-21.33,-1.07,-259.32,-0.03
220,空头出场,2025-12-17 03:30,long,2945.58,0.6823,1999.759893,-10.01,-0.50,0.63,0.03,-20.79,-1.04,-269.33,-0.03
220,空头进场,2025-12-17 03:00,short,2930.91,0.6823,1999.759893,-10.01,-0.50,0.63,0.03,-20.79,-1.04,-269.33,-0.03
221,多头出场,2025-12-17 08:30,short,2949.68,0.6789,1999.754262,2.78,0.14,13.68,0.68,-5.09,-0.25,-266.55,-0.03
221,多头进场,2025-12-17 03:30,long,2945.58,0.6789,1999.754262,2.78,0.14,13.68,0.68,-5.09,-0.25,-266.55,-0.03
222,空头出场,2025-12-17 09:00,long,2961.28,0.678,1999.88304,-7.86,-0.39,0,0.00,-16.67,-0.83,-274.41,-0.03
222,空头进场,2025-12-17 08:30,short,2949.68,0.678,1999.88304,-7.86,-0.39,0,0.00,-16.67,-0.83,-274.41,-0.03
223,多头出场,2025-12-17 09:30,short,2954.11,0.6753,1999.752384,-4.84,-0.24,3.68,0.18,-8.43,-0.42,-279.25,-0.03
223,多头进场,2025-12-17 09:00,long,2961.28,0.6753,1999.752384,-4.84,-0.24,3.68,0.18,-8.43,-0.42,-279.25,-0.03
224,空头出场,2025-12-17 15:30,long,2947.92,0.677,1999.93247,4.19,0.21,27.19,1.36,-7.14,-0.36,-275.06,-0.03
224,空头进场,2025-12-17 09:30,short,2954.11,0.677,1999.93247,4.19,0.21,27.19,1.36,-7.14,-0.36,-275.06,-0.03
225,多头出场,2025-12-17 16:00,short,2929.99,0.6784,1999.868928,-12.16,-0.61,0,0.00,-13.93,-0.70,-287.23,-0.03
225,多头进场,2025-12-17 15:30,long,2947.92,0.6784,1999.868928,-12.16,-0.61,0,0.00,-13.93,-0.70,-287.23,-0.03
226,空头出场,2025-12-17 19:30,long,2928.71,0.6825,1999.718175,0.87,0.04,14.63,0.73,-3.02,-0.15,-286.35,-0.03
226,空头进场,2025-12-17 16:00,short,2929.99,0.6825,1999.718175,0.87,0.04,14.63,0.73,-3.02,-0.15,-286.35,-0.03
227,多头出场,2025-12-17 22:30,longTP,2975.65,0.6828,1999.723188,32.05,1.60,32.05,1.60,-7.17,-0.36,-254.3,-0.03
227,多头进场,2025-12-17 19:30,long,2928.71,0.6828,1999.723188,32.05,1.60,32.05,1.60,-7.17,-0.36,-254.3,-0.03
228,空头出场,2025-12-18 16:00,shortTP,2848.46,0.7021,1999.903766,0,0.00,40.33,2.02,-21.19,-1.06,-254.3,-0.03
228,空头进场,2025-12-18 00:00,short,2848.46,0.7021,1999.903766,0,0.00,40.33,2.02,-21.19,-1.06,-254.3,-0.03
229,空头出场,2025-12-19 06:00,long,2827.43,0.7083,1999.842552,-2.83,-0.14,34.18,1.71,-31.55,-1.58,-257.13,-0.03
229,空头进场,2025-12-19 01:00,short,2823.44,0.7083,1999.842552,-2.83,-0.14,34.18,1.71,-31.55,-1.58,-257.13,-0.03
230,多头出场,2025-12-19 11:00,longTP,2900.51,0.7073,1999.841239,51.69,2.58,51.69,2.58,-13.3,-0.66,-205.44,-0.02
230,多头进场,2025-12-19 06:00,long,2827.43,0.7073,1999.841239,51.69,2.58,51.69,2.58,-13.3,-0.66,-205.44,-0.02
231,多头出场,2025-12-20 05:30,short,2977.86,0.67,1999.9634,-4.8,-0.24,12.06,0.60,-6.9,-0.35,-210.24,-0.02
231,多头进场,2025-12-20 03:30,long,2985.02,0.67,1999.9634,-4.8,-0.24,12.06,0.60,-6.9,-0.35,-210.24,-0.02
232,空头出场,2025-12-20 11:30,long,2989.41,0.6716,1999.930776,-7.76,-0.39,4.62,0.23,-11.11,-0.56,-217.99,-0.02
232,空头进场,2025-12-20 05:30,short,2977.86,0.6716,1999.930776,-7.76,-0.39,4.62,0.23,-11.11,-0.56,-217.99,-0.02
233,多头出场,2025-12-20 12:00,short,2985.63,0.669,1999.91529,-2.53,-0.13,0.93,0.05,-16.89,-0.84,-220.52,-0.02
233,多头进场,2025-12-20 11:30,long,2989.41,0.669,1999.91529,-2.53,-0.13,0.93,0.05,-16.89,-0.84,-220.52,-0.02
234,空头出场,2025-12-20 19:30,long,2987.13,0.6698,1999.774974,-1,-0.05,7.12,0.36,-3.06,-0.15,-221.53,-0.02
234,空头进场,2025-12-20 12:00,short,2985.63,0.6698,1999.774974,-1,-0.05,7.12,0.36,-3.06,-0.15,-221.53,-0.02
235,多头出场,2025-12-20 21:00,longTP,2973.6,0.6695,1999.883535,-9.06,-0.45,4.47,0.22,-9.06,-0.45,-230.59,-0.02
235,多头进场,2025-12-20 19:30,long,2987.13,0.6695,1999.883535,-9.06,-0.45,4.47,0.22,-9.06,-0.45,-230.59,-0.02
236,空头出场,2025-12-21 01:00,long,2979.54,0.6729,1999.885716,-5.05,-0.25,2.27,0.11,-7.3,-0.37,-235.63,-0.02
236,空头进场,2025-12-20 21:00,short,2972.04,0.6729,1999.885716,-5.05,-0.25,2.27,0.11,-7.3,-0.37,-235.63,-0.02
237,多头出场,2025-12-21 06:00,short,2974.62,0.6712,1999.867248,-3.3,-0.17,4.3,0.21,-3.38,-0.17,-238.94,-0.02
237,多头进场,2025-12-21 01:00,long,2979.54,0.6712,1999.867248,-3.3,-0.17,4.3,0.21,-3.38,-0.17,-238.94,-0.02
238,空头出场,2025-12-21 08:00,long,2980.61,0.6723,1999.837026,-4.03,-0.20,1.19,0.06,-4.28,-0.21,-242.96,-0.02
238,空头进场,2025-12-21 06:00,short,2974.62,0.6723,1999.837026,-4.03,-0.20,1.19,0.06,-4.28,-0.21,-242.96,-0.02
239,多头出场,2025-12-21 09:00,short,2974.13,0.671,1999.98931,-4.35,-0.22,0.55,0.03,-5.11,-0.26,-247.31,-0.02
239,多头进场,2025-12-21 08:00,long,2980.61,0.671,1999.98931,-4.35,-0.22,0.55,0.03,-5.11,-0.26,-247.31,-0.02
240,空头出场,2025-12-21 10:00,shortTP,2974.13,0.6724,1999.805012,0,0.00,8.55,0.43,0,0.00,-247.31,-0.02
240,空头进场,2025-12-21 09:00,short,2974.13,0.6724,1999.805012,0,0.00,8.55,0.43,0,0.00,-247.31,-0.02
241,多头出场,2025-12-21 16:30,longTP,2995.58,0.6716,1999.715864,12.12,0.61,12.12,0.61,-3.05,-0.15,-235.2,-0.02
241,多头进场,2025-12-21 12:00,long,2977.54,0.6716,1999.715864,12.12,0.61,12.12,0.61,-3.05,-0.15,-235.2,-0.02
242,空头出场,2025-12-21 21:30,shortTP,2959.65,0.6687,1999.827594,20.71,1.04,20.71,1.04,-1.26,-0.06,-214.49,-0.02
242,空头进场,2025-12-21 20:30,short,2990.62,0.6687,1999.827594,20.71,1.04,20.71,1.04,-1.26,-0.06,-214.49,-0.02
243,多头出场,2025-12-22 05:30,short,2973.73,0.6697,1999.771079,-8.26,-0.41,7.96,0.40,-12.28,-0.61,-222.75,-0.02
243,多头进场,2025-12-22 00:30,long,2986.07,0.6697,1999.771079,-8.26,-0.41,7.96,0.40,-12.28,-0.61,-222.75,-0.02
244,空头出场,2025-12-22 06:30,shortTP,2992.53,0.6725,1999.833425,-12.64,-0.63,1.35,0.07,-12.64,-0.63,-235.39,-0.02
244,空头进场,2025-12-22 05:30,short,2973.73,0.6725,1999.833425,-12.64,-0.63,1.35,0.07,-12.64,-0.63,-235.39,-0.02
245,多头出场,2025-12-22 08:00,longTP,3034.35,0.6674,1999.743968,25.38,1.27,25.38,1.27,-2.89,-0.14,-210.01,-0.02
245,多头进场,2025-12-22 06:30,long,2996.32,0.6674,1999.743968,25.38,1.27,25.38,1.27,-2.89,-0.14,-210.01,-0.02
246,空头出场,2025-12-22 11:00,shortTP,3028.29,0.6669,1999.986417,-19.58,-0.98,0.81,0.04,-19.58,-0.98,-229.59,-0.02
246,空头进场,2025-12-22 10:00,short,2998.93,0.6669,1999.986417,-19.58,-0.98,0.81,0.04,-19.58,-0.98,-229.59,-0.02
247,多头出场,2025-12-22 16:30,longTP,3025.83,0.6607,1999.952114,-0.79,-0.04,18.97,0.95,-5.72,-0.29,-230.38,-0.02
247,多头进场,2025-12-22 11:00,long,3027.02,0.6607,1999.952114,-0.79,-0.04,18.97,0.95,-5.72,-0.29,-230.38,-0.02
248,空头出场,2025-12-22 19:30,shortTP,3051.45,0.6605,1999.88832,-15.59,-0.78,1.21,0.06,-15.59,-0.78,-245.97,-0.02
248,空头进场,2025-12-22 16:30,short,3027.84,0.6605,1999.88832,-15.59,-0.78,1.21,0.06,-15.59,-0.78,-245.97,-0.02
249,多头出场,2025-12-22 21:00,longTP,3049.04,0.6559,1999.865336,0,0.00,18.59,0.93,-3.5,-0.18,-245.97,-0.02
249,多头进场,2025-12-22 19:30,long,3049.04,0.6559,1999.865336,0,0.00,18.59,0.93,-3.5,-0.18,-245.97,-0.02
250,空头出场,2025-12-23 03:30,shortTP,2979.31,0.6574,1999.94228,41.34,2.07,41.34,2.07,-11.32,-0.57,-204.63,-0.02
250,空头进场,2025-12-22 23:00,short,3042.2,0.6574,1999.94228,41.34,2.07,41.34,2.07,-11.32,-0.57,-204.63,-0.02
251,多头出场,2025-12-23 10:30,short,2991.09,0.664,1999.98128,-13.9,-0.69,15.78,0.79,-15.95,-0.80,-218.53,-0.02
251,多头进场,2025-12-23 06:30,long,3012.02,0.664,1999.98128,-13.9,-0.69,15.78,0.79,-15.95,-0.80,-218.53,-0.02
252,空头出场,2025-12-23 21:30,shortTP,2952.04,0.6686,1999.842774,26.11,1.31,30.96,1.55,-5.94,-0.30,-192.42,-0.02
252,空头进场,2025-12-23 10:30,short,2991.09,0.6686,1999.842774,26.11,1.31,30.96,1.55,-5.94,-0.30,-192.42,-0.02
253,空头出场,2025-12-24 00:00,shortTP,2941.82,0.6798,1999.849236,0,0.00,27.8,1.39,-7.63,-0.38,-192.42,-0.02
253,空头进场,2025-12-23 21:30,short,2941.82,0.6798,1999.849236,0,0.00,27.8,1.39,-7.63,-0.38,-192.42,-0.02
254,多头出场,2025-12-24 01:30,longTP,2926.38,0.6765,1999.93695,-20.24,-1.01,6.94,0.35,-20.24,-1.01,-212.66,-0.02
254,多头进场,2025-12-24 00:00,long,2956.3,0.6765,1999.93695,-20.24,-1.01,6.94,0.35,-20.24,-1.01,-212.66,-0.02
255,空头出场,2025-12-24 02:00,long,2939.89,0.687,1999.82952,-19.87,-0.99,1.38,0.07,-22.98,-1.15,-232.53,-0.02
255,空头进场,2025-12-24 01:30,short,2910.96,0.687,1999.82952,-19.87,-0.99,1.38,0.07,-22.98,-1.15,-232.53,-0.02
256,多头出场,2025-12-24 10:00,short,2946.28,0.6802,1999.713178,4.35,0.22,33.02,1.65,-6.01,-0.30,-228.19,-0.02
256,多头进场,2025-12-24 02:00,long,2939.89,0.6802,1999.713178,4.35,0.22,33.02,1.65,-6.01,-0.30,-228.19,-0.02
257,空头出场,2025-12-24 16:00,long,2934.27,0.6788,1999.934864,8.15,0.41,19.79,0.99,-8.45,-0.42,-220.03,-0.02
257,空头进场,2025-12-24 10:00,short,2946.28,0.6788,1999.934864,8.15,0.41,19.79,0.99,-8.45,-0.42,-220.03,-0.02
258,多头出场,2025-12-24 16:30,short,2922.65,0.6816,1999.998432,-7.92,-0.40,1.78,0.09,-8.91,-0.45,-227.95,-0.02
258,多头进场,2025-12-24 16:00,long,2934.27,0.6816,1999.998432,-7.92,-0.40,1.78,0.09,-8.91,-0.45,-227.95,-0.02
259,空头出场,2025-12-24 18:00,long,2929.32,0.6843,1999.969395,-4.56,-0.23,5.68,0.28,-6.08,-0.30,-232.52,-0.02
259,空头进场,2025-12-24 16:30,short,2922.65,0.6843,1999.969395,-4.56,-0.23,5.68,0.28,-6.08,-0.30,-232.52,-0.02
260,多头出场,2025-12-24 22:30,longTP,2911.11,0.6827,1999.846764,-12.43,-0.62,6.42,0.32,-12.43,-0.62,-244.95,-0.02
260,多头进场,2025-12-24 18:00,long,2929.32,0.6827,1999.846764,-12.43,-0.62,6.42,0.32,-12.43,-0.62,-244.95,-0.02
261,空头出场,2025-12-25 00:30,shortTP,2936.95,0.6861,1999.782531,-15.26,-0.76,7.98,0.40,-15.26,-0.76,-260.21,-0.03
261,空头进场,2025-12-24 22:30,short,2914.71,0.6861,1999.782531,-15.26,-0.76,7.98,0.40,-15.26,-0.76,-260.21,-0.03
262,多头出场,2025-12-25 07:30,short,2947.47,0.6801,1999.800045,4.77,0.24,15.31,0.77,-6.78,-0.34,-255.43,-0.03
262,多头进场,2025-12-25 00:30,long,2940.45,0.6801,1999.800045,4.77,0.24,15.31,0.77,-6.78,-0.34,-255.43,-0.03
263,空头出场,2025-12-25 10:30,long,2952.7,0.6785,1999.858395,-3.55,-0.18,7.18,0.36,-6.39,-0.32,-258.98,-0.03
263,空头进场,2025-12-25 07:30,short,2947.47,0.6785,1999.858395,-3.55,-0.18,7.18,0.36,-6.39,-0.32,-258.98,-0.03
264,多头出场,2025-12-25 11:00,short,2948.2,0.6773,1999.86371,-3.05,-0.15,0.22,0.01,-7.13,-0.36,-262.03,-0.03
264,多头进场,2025-12-25 10:30,long,2952.7,0.6773,1999.86371,-3.05,-0.15,0.22,0.01,-7.13,-0.36,-262.03,-0.03
265,空头出场,2025-12-25 16:00,shortTP,2925.56,0.6783,1999.76406,15.36,0.77,15.36,0.77,0,0.00,-246.67,-0.02
265,空头进场,2025-12-25 11:00,short,2948.2,0.6783,1999.76406,15.36,0.77,15.36,0.77,0,0.00,-246.67,-0.02
266,多头出场,2025-12-25 23:00,longTP,2955.07,0.6831,1999.98018,18.63,0.93,18.63,0.93,-5.33,-0.27,-228.05,-0.02
266,多头进场,2025-12-25 20:00,long,2927.8,0.6831,1999.98018,18.63,0.93,18.63,0.93,-5.33,-0.27,-228.05,-0.02
267,空头出场,2025-12-26 06:30,shortTP,2915.81,0.6786,1999.739196,21.07,1.05,21.07,1.05,-4.37,-0.22,-206.98,-0.02
267,空头进场,2025-12-26 04:00,short,2946.86,0.6786,1999.739196,21.07,1.05,21.07,1.05,-4.37,-0.22,-206.98,-0.02
268,多头出场,2025-12-26 12:00,longTP,2954.88,0.6709,1999.966318,-17.54,-0.88,8.96,0.45,-17.54,-0.88,-224.51,-0.02
268,多头进场,2025-12-26 10:00,long,2981.02,0.6709,1999.966318,-17.54,-0.88,8.96,0.45,-17.54,-0.88,-224.51,-0.02
269,空头出场,2025-12-26 21:00,shortTP,2974.18,0.6764,1999.999812,-11.74,-0.59,1.4,0.07,-13.33,-0.67,-236.25,-0.02
269,空头进场,2025-12-26 15:30,short,2956.83,0.6764,1999.999812,-11.74,-0.59,1.4,0.07,-13.33,-0.67,-236.25,-0.02
270,多头出场,2025-12-26 22:30,longTP,2968.05,0.6701,1999.960357,-11.07,-0.55,0.4,0.02,-11.07,-0.55,-247.32,-0.02
270,多头进场,2025-12-26 21:30,long,2984.57,0.6701,1999.960357,-11.07,-0.55,0.4,0.02,-11.07,-0.55,-247.32,-0.02
271,空头出场,2025-12-27 03:00,shortTP,2922.48,0.6855,1999.857135,-3.5,-0.18,15.68,0.78,-12.17,-0.61,-250.82,-0.03
271,空头进场,2025-12-26 22:30,short,2917.37,0.6855,1999.857135,-3.5,-0.18,15.68,0.78,-12.17,-0.61,-250.82,-0.03
272,空头出场,2025-12-27 19:30,shortTP,2930.67,0.6824,1999.889208,0,0.00,9.16,0.46,-0.7,-0.04,-250.82,-0.03
272,空头进场,2025-12-27 18:00,short,2930.67,0.6824,1999.889208,0,0.00,9.16,0.46,-0.7,-0.04,-250.82,-0.03
273,多头出场,2025-12-28 06:00,longTP,2942.2,0.6829,1999.756557,9.47,0.47,9.47,0.47,-2.27,-0.11,-241.35,-0.02
273,多头进场,2025-12-28 01:30,long,2928.33,0.6829,1999.756557,9.47,0.47,9.47,0.47,-2.27,-0.11,-241.35,-0.02
274,空头出场,2025-12-28 14:30,shortTP,2942.19,0.6797,1999.806543,0,0.00,8.63,0.43,-3.32,-0.17,-241.35,-0.02
274,空头进场,2025-12-28 11:00,short,2942.19,0.6797,1999.806543,0,0.00,8.63,0.43,-3.32,-0.17,-241.35,-0.02
275,多头出场,2025-12-28 17:30,short,2937.82,0.6796,1999.872512,-3.33,-0.17,0.16,0.01,-7.58,-0.38,-244.68,-0.02
275,多头进场,2025-12-28 17:00,long,2942.72,0.6796,1999.872512,-3.33,-0.17,0.16,0.01,-7.58,-0.38,-244.68,-0.02
276,空头出场,2025-12-28 18:00,long,2942.4,0.6807,1999.774074,-3.12,-0.16,0.65,0.03,-3.99,-0.20,-247.8,-0.02
276,空头进场,2025-12-28 17:30,short,2937.82,0.6807,1999.774074,-3.12,-0.16,0.65,0.03,-3.99,-0.20,-247.8,-0.02
277,多头出场,2025-12-28 20:30,short,2939.44,0.6797,1999.94928,-2.01,-0.10,3.26,0.16,-3.14,-0.16,-249.81,-0.02
277,多头进场,2025-12-28 18:00,long,2942.4,0.6797,1999.94928,-2.01,-0.10,3.26,0.16,-3.14,-0.16,-249.81,-0.02
278,空头出场,2025-12-28 22:00,long,2945.54,0.6804,1999.994976,-4.15,-0.21,0.31,0.02,-5.63,-0.28,-253.96,-0.03
278,空头进场,2025-12-28 20:30,short,2939.44,0.6804,1999.994976,-4.15,-0.21,0.31,0.02,-5.63,-0.28,-253.96,-0.03
279,多头出场,2025-12-29 00:00,longTP,2945.54,0.6789,1999.727106,0,0.00,10.65,0.53,-0.26,-0.01,-253.96,-0.03
279,多头进场,2025-12-28 22:00,long,2945.54,0.6789,1999.727106,0,0.00,10.65,0.53,-0.26,-0.01,-253.96,-0.03
280,空头出场,2025-12-29 01:00,long,2948.95,0.6796,1999.872512,-4.23,-0.21,0.05,0.00,-5.63,-0.28,-258.19,-0.03
280,空头进场,2025-12-29 00:30,short,2942.72,0.6796,1999.872512,-4.23,-0.21,0.05,0.00,-5.63,-0.28,-258.19,-0.03
281,多头出场,2025-12-29 01:30,short,2945.89,0.6782,1999.97789,-2.08,-0.10,0.5,0.03,-2.43,-0.12,-260.27,-0.03
281,多头进场,2025-12-29 01:00,long,2948.95,0.6782,1999.97789,-2.08,-0.10,0.5,0.03,-2.43,-0.12,-260.27,-0.03
282,空头出场,2025-12-29 06:00,long,2941.38,0.6789,1999.964721,3.06,0.15,14.49,0.72,-0.29,-0.01,-257.21,-0.03
282,空头进场,2025-12-29 01:30,short,2945.89,0.6789,1999.964721,3.06,0.15,14.49,0.72,-0.29,-0.01,-257.21,-0.03
283,多头出场,2025-12-29 07:00,longTP,2941.38,0.6799,1999.844262,0,0.00,9.6,0.48,-1.64,-0.08,-257.21,-0.03
283,多头进场,2025-12-29 06:00,long,2941.38,0.6799,1999.844262,0,0.00,9.6,0.48,-1.64,-0.08,-257.21,-0.03
284,空头出场,2025-12-30 11:00,long,2940.49,0.683,1999.87864,-8.48,-0.42,5.9,0.30,-11.48,-0.57,-265.68,-0.03
284,空头进场,2025-12-30 10:30,short,2928.08,0.683,1999.87864,-8.48,-0.42,5.9,0.30,-11.48,-0.57,-265.68,-0.03
285,多头出场,2025-12-30 16:00,longTP,2975.29,0.6801,1999.827249,23.67,1.18,23.67,1.18,-2.24,-0.11,-242.02,-0.02
285,多头进场,2025-12-30 11:00,long,2940.49,0.6801,1999.827249,23.67,1.18,23.67,1.18,-2.24,-0.11,-242.02,-0.02
286,多头出场,2025-12-30 22:00,longTP,2970.74,0.6691,1999.832844,-12.11,-0.61,1.51,0.08,-12.11,-0.61,-254.13,-0.03
286,多头进场,2025-12-30 21:00,long,2988.84,0.6691,1999.832844,-12.11,-0.61,1.51,0.08,-12.11,-0.61,-254.13,-0.03
287,空头出场,2025-12-30 22:30,shortTP,2996.22,0.6731,1999.746445,-17.01,-0.85,8.12,0.41,-26.15,-1.31,-271.14,-0.03
287,空头进场,2025-12-30 22:00,short,2970.95,0.6731,1999.746445,-17.01,-0.85,8.12,0.41,-26.15,-1.31,-271.14,-0.03
288,多头出场,2025-12-31 08:30,short,2966.4,0.6726,1999.955922,-4.76,-0.24,1.03,0.05,-7.39,-0.37,-275.89,-0.03
288,多头进场,2025-12-31 07:00,long,2973.47,0.6726,1999.955922,-4.76,-0.24,1.03,0.05,-7.39,-0.37,-275.89,-0.03
289,空头出场,2025-12-31 09:00,long,2979,0.6742,1999.94688,-8.49,-0.42,3.04,0.15,-12.24,-0.61,-284.39,-0.03
289,空头进场,2025-12-31 08:30,short,2966.4,0.6742,1999.94688,-8.49,-0.42,3.04,0.15,-12.24,-0.61,-284.39,-0.03
290,多头出场,2025-12-31 11:30,short,2970.69,0.6713,1999.8027,-5.58,-0.28,3.93,0.20,-8.63,-0.43,-289.96,-0.03
290,多头进场,2025-12-31 09:00,long,2979,0.6713,1999.8027,-5.58,-0.28,3.93,0.20,-8.63,-0.43,-289.96,-0.03
291,空头出场,2025-12-31 13:00,long,2979.05,0.6732,1999.868508,-5.63,-0.28,1.19,0.06,-6.27,-0.31,-295.59,-0.03
291,空头进场,2025-12-31 11:30,short,2970.69,0.6732,1999.868508,-5.63,-0.28,1.19,0.06,-6.27,-0.31,-295.59,-0.03
292,多头出场,2025-12-31 16:30,longTP,2966.27,0.6713,1999.836265,-8.58,-0.43,0.64,0.03,-8.58,-0.43,-304.17,-0.03
292,多头进场,2025-12-31 13:00,long,2979.05,0.6713,1999.836265,-8.58,-0.43,0.64,0.03,-8.58,-0.43,-304.17,-0.03
293,空头出场,2025-12-31 18:00,shortTP,2981.96,0.6735,1999.8909,-8.46,-0.42,0.15,0.01,-8.46,-0.42,-312.63,-0.03
293,空头进场,2025-12-31 16:30,short,2969.4,0.6735,1999.8909,-8.46,-0.42,0.15,0.01,-8.46,-0.42,-312.63,-0.03
294,多头出场,2025-12-31 19:30,longTP,3003.16,0.6715,1999.841155,16.78,0.84,16.78,0.84,-1.76,-0.09,-295.85,-0.03
294,多头进场,2025-12-31 18:00,long,2978.17,0.6715,1999.841155,16.78,0.84,16.78,0.84,-1.76,-0.09,-295.85,-0.03
295,空头出场,2026-01-01 05:00,long,2980.48,0.6718,1999.935164,-2.35,-0.12,12.14,0.61,-13.72,-0.69,-298.2,-0.03
295,空头进场,2025-12-31 23:00,short,2976.98,0.6718,1999.935164,-2.35,-0.12,12.14,0.61,-13.72,-0.69,-298.2,-0.03
296,多头出场,2026-01-01 07:30,short,2971.64,0.671,1999.90208,-5.93,-0.30,2.94,0.15,-6.9,-0.35,-304.13,-0.03
296,多头进场,2026-01-01 05:00,long,2980.48,0.671,1999.90208,-5.93,-0.30,2.94,0.15,-6.9,-0.35,-304.13,-0.03
297,空头出场,2026-01-01 08:00,long,2979.75,0.673,1999.91372,-5.46,-0.27,0.33,0.02,-6.02,-0.30,-309.59,-0.03
297,空头进场,2026-01-01 07:30,short,2971.64,0.673,1999.91372,-5.46,-0.27,0.33,0.02,-6.02,-0.30,-309.59,-0.03
298,多头出场,2026-01-01 12:00,short,2977.86,0.6711,1999.710225,-1.27,-0.06,6.18,0.31,-3.53,-0.18,-310.86,-0.03
298,多头进场,2026-01-01 08:00,long,2979.75,0.6711,1999.710225,-1.27,-0.06,6.18,0.31,-3.53,-0.18,-310.86,-0.03
299,空头出场,2026-01-01 13:30,long,2981.49,0.6716,1999.930776,-2.44,-0.12,3.27,0.16,-3.98,-0.20,-313.3,-0.03
299,空头进场,2026-01-01 12:00,short,2977.86,0.6716,1999.930776,-2.44,-0.12,3.27,0.16,-3.98,-0.20,-313.3,-0.03
300,多头出场,2026-01-01 14:00,short,2979.3,0.6708,1999.983492,-1.47,-0.07,0,0.00,-2.34,-0.12,-314.77,-0.03
300,多头进场,2026-01-01 13:30,long,2981.49,0.6708,1999.983492,-1.47,-0.07,0,0.00,-2.34,-0.12,-314.77,-0.03
301,空头出场,2026-01-01 16:00,long,2981.44,0.6712,1999.70616,-1.44,-0.07,2.29,0.11,-2.01,-0.10,-316.2,-0.03
301,空头进场,2026-01-01 14:00,short,2979.3,0.6712,1999.70616,-1.44,-0.07,2.29,0.11,-2.01,-0.10,-316.2,-0.03
302,多头出场,2026-01-01 21:00,short,2983.8,0.6708,1999.949952,1.58,0.08,7.89,0.39,-0.97,-0.05,-314.62,-0.03
302,多头进场,2026-01-01 16:00,long,2981.44,0.6708,1999.949952,1.58,0.08,7.89,0.39,-0.97,-0.05,-314.62,-0.03
303,空头出场,2026-01-01 23:30,shortTP,2992.75,0.6702,1999.74276,-6,-0.30,4.06,0.20,-6,-0.30,-320.62,-0.03
303,空头进场,2026-01-01 21:00,short,2983.8,0.6702,1999.74276,-6,-0.30,4.06,0.20,-6,-0.30,-320.62,-0.03
304,多头出场,2026-01-02 00:30,short,2982.29,0.6689,1999.924043,-5.07,-0.25,0.65,0.03,-6.1,-0.31,-325.69,-0.03
304,多头进场,2026-01-01 23:30,long,2989.87,0.6689,1999.924043,-5.07,-0.25,0.65,0.03,-6.1,-0.31,-325.69,-0.03
305,空头出场,2026-01-02 01:00,long,2991.84,0.6706,1999.923674,-6.4,-0.32,0.94,0.05,-6.51,-0.33,-332.09,-0.03
305,空头进场,2026-01-02 00:30,short,2982.29,0.6706,1999.923674,-6.4,-0.32,0.94,0.05,-6.51,-0.33,-332.09,-0.03
306,多头出场,2026-01-02 01:30,longTP,2990.44,0.6684,1999.745856,-0.94,-0.05,9.45,0.47,-3.29,-0.16,-333.03,-0.03
306,多头进场,2026-01-02 01:00,long,2991.84,0.6684,1999.745856,-0.94,-0.05,9.45,0.47,-3.29,-0.16,-333.03,-0.03
307,空头出场,2026-01-02 06:30,shortTP,2999.85,0.6689,1999.783574,-6.82,-0.34,1.4,0.07,-6.82,-0.34,-339.84,-0.03
307,空头进场,2026-01-02 05:30,short,2989.66,0.6689,1999.783574,-6.82,-0.34,1.4,0.07,-6.82,-0.34,-339.84,-0.03
308,多头出场,2026-01-02 10:00,short,2994.92,0.6668,1999.93324,-2.92,-0.15,7.13,0.36,-5.55,-0.28,-342.76,-0.03
308,多头进场,2026-01-02 06:30,long,2999.3,0.6668,1999.93324,-2.92,-0.15,7.13,0.36,-5.55,-0.28,-342.76,-0.03
309,空头出场,2026-01-02 11:00,shortTP,3007.24,0.6677,1999.708084,-8.23,-0.41,0.44,0.02,-8.23,-0.41,-350.99,-0.04
309,空头进场,2026-01-02 10:00,short,2994.92,0.6677,1999.708084,-8.23,-0.41,0.44,0.02,-8.23,-0.41,-350.99,-0.04
310,多头出场,2026-01-02 12:00,longTP,3013.63,0.6636,1999.844868,0,0.00,14.18,0.71,-0.94,-0.05,-350.99,-0.04
310,多头进场,2026-01-02 11:00,long,3013.63,0.6636,1999.844868,0,0.00,14.18,0.71,-0.94,-0.05,-350.99,-0.04
311,多头出场,2026-01-03 06:00,longTP,3139.65,0.6487,1999.844795,36.85,1.84,43.57,2.18,-17.98,-0.90,-314.14,-0.03
311,多头进场,2026-01-02 22:30,long,3082.85,0.6487,1999.844795,36.85,1.84,43.57,2.18,-17.98,-0.90,-314.14,-0.03
312,多头出场,2026-01-04 05:30,longTP,3126.02,0.6448,1999.789168,15.87,0.79,15.87,0.79,-6.07,-0.30,-298.28,-0.03
312,多头进场,2026-01-03 18:00,long,3101.41,0.6448,1999.789168,15.87,0.79,15.87,0.79,-6.07,-0.30,-298.28,-0.03
313,多头出场,2026-01-05 02:00,short,3130.08,0.6374,1999.8425,-4.73,-0.24,0.24,0.01,-7.18,-0.36,-303.01,-0.03
313,多头进场,2026-01-05 01:30,long,3137.5,0.6374,1999.8425,-4.73,-0.24,0.24,0.01,-7.18,-0.36,-303.01,-0.03
314,空头出场,2026-01-05 04:00,long,3139.92,0.6389,1999.808112,-6.29,-0.31,7.09,0.35,-6.48,-0.32,-309.29,-0.03
314,空头进场,2026-01-05 02:00,short,3130.08,0.6389,1999.808112,-6.29,-0.31,7.09,0.35,-6.48,-0.32,-309.29,-0.03
315,多头出场,2026-01-05 05:30,longTP,3139.92,0.6369,1999.815048,0,0.00,10.15,0.51,-1.74,-0.09,-309.29,-0.03
315,多头进场,2026-01-05 04:00,long,3139.92,0.6369,1999.815048,0,0.00,10.15,0.51,-1.74,-0.09,-309.29,-0.03
316,空头出场,2026-01-05 16:00,shortTP,3165.25,0.6318,1999.80495,0,0.00,18.92,0.95,-2.77,-0.14,-309.29,-0.03
316,空头进场,2026-01-05 12:00,short,3165.25,0.6318,1999.80495,0,0.00,18.92,0.95,-2.77,-0.14,-309.29,-0.03
317,多头出场,2026-01-05 21:00,short,3160.31,0.6312,1999.755216,-4.97,-0.25,9.93,0.50,-7.37,-0.37,-314.26,-0.03
317,多头进场,2026-01-05 17:30,long,3168.18,0.6312,1999.755216,-4.97,-0.25,9.93,0.50,-7.37,-0.37,-314.26,-0.03
318,空头出场,2026-01-05 22:30,shortTP,3167,0.6328,1999.844168,-4.23,-0.21,16,0.80,-11.41,-0.57,-318.49,-0.03
318,空头进场,2026-01-05 21:00,short,3160.31,0.6328,1999.844168,-4.23,-0.21,16,0.80,-11.41,-0.57,-318.49,-0.03
319,多头出场,2026-01-06 01:00,longTP,3167.8,0.6258,1999.787706,-17.38,-0.87,4.45,0.22,-17.38,-0.87,-335.87,-0.03
319,多头进场,2026-01-05 23:30,long,3195.57,0.6258,1999.787706,-17.38,-0.87,4.45,0.22,-17.38,-0.87,-335.87,-0.03
320,多头出场,2026-01-06 15:00,short,3221.4,0.617,1999.78955,-12.19,-0.61,0.99,0.05,-13.55,-0.68,-348.06,-0.03
320,多头进场,2026-01-06 14:30,long,3241.15,0.617,1999.78955,-12.19,-0.61,0.99,0.05,-13.55,-0.68,-348.06,-0.03
321,空头出场,2026-01-06 18:00,long,3228.67,0.6208,1999.84512,-4.51,-0.23,6.23,0.31,-6.11,-0.31,-352.57,-0.04
321,空头进场,2026-01-06 15:00,short,3221.4,0.6208,1999.84512,-4.51,-0.23,6.23,0.31,-6.11,-0.31,-352.57,-0.04
322,多头出场,2026-01-06 22:00,longTP,3265.49,0.6194,1999.838198,22.81,1.14,22.81,1.14,-1.02,-0.05,-329.76,-0.03
322,多头进场,2026-01-06 18:00,long,3228.67,0.6194,1999.838198,22.81,1.14,22.81,1.14,-1.02,-0.05,-329.76,-0.03
323,空头出场,2026-01-07 04:30,shortTP,3248.82,0.6156,1999.973592,0,0.00,40.35,2.02,-6.65,-0.33,-329.76,-0.03
323,空头进场,2026-01-07 00:00,short,3248.82,0.6156,1999.973592,0,0.00,40.35,2.02,-6.65,-0.33,-329.76,-0.03
324,多头出场,2026-01-07 08:30,short,3257.99,0.6169,1999.810899,10.04,0.50,36.95,1.85,-2,-0.10,-319.72,-0.03
324,多头进场,2026-01-07 04:30,long,3241.71,0.6169,1999.810899,10.04,0.50,36.95,1.85,-2,-0.10,-319.72,-0.03
325,空头出场,2026-01-07 17:30,shortTP,3208.03,0.6138,1999.754262,30.67,1.53,30.67,1.53,-14.82,-0.74,-289.06,-0.03
325,空头进场,2026-01-07 08:30,short,3257.99,0.6138,1999.754262,30.67,1.53,30.67,1.53,-14.82,-0.74,-289.06,-0.03
326,多头出场,2026-01-07 22:00,longTP,3199.6,0.6204,1999.89042,-14.86,-0.74,0.54,0.03,-14.86,-0.74,-303.91,-0.03
326,多头进场,2026-01-07 21:00,long,3223.55,0.6204,1999.89042,-14.86,-0.74,0.54,0.03,-14.86,-0.74,-303.91,-0.03
327,空头出场,2026-01-08 03:00,shortTP,3131.12,0.6261,1999.832271,39.44,1.97,39.44,1.97,-6.17,-0.31,-264.48,-0.03
327,空头进场,2026-01-07 22:00,short,3194.11,0.6261,1999.832271,39.44,1.97,39.44,1.97,-6.17,-0.31,-264.48,-0.03
328,空头出场,2026-01-08 15:00,shortTP,3098.07,0.6343,1999.713209,34.61,1.73,34.61,1.73,-5.46,-0.27,-229.87,-0.02
328,空头进场,2026-01-08 11:00,short,3152.63,0.6343,1999.713209,34.61,1.73,34.61,1.73,-5.46,-0.27,-229.87,-0.02
329,多头出场,2026-01-08 20:00,longTP,3101.93,0.6393,1999.845474,-16.78,-0.84,2.15,0.11,-16.78,-0.84,-246.65,-0.02
329,多头进场,2026-01-08 18:30,long,3128.18,0.6393,1999.845474,-16.78,-0.84,2.15,0.11,-16.78,-0.84,-246.65,-0.02
330,空头出场,2026-01-08 23:00,shortTP,3095.76,0.646,1999.86096,0,0.00,26.56,1.33,-4.5,-0.23,-246.65,-0.02
330,空头进场,2026-01-08 20:30,short,3095.76,0.646,1999.86096,0,0.00,26.56,1.33,-4.5,-0.23,-246.65,-0.02
331,多头出场,2026-01-09 04:00,longTP,3103.76,0.6443,1999.752568,0,0.00,23.35,1.17,-11.28,-0.56,-246.65,-0.02
331,多头进场,2026-01-08 23:00,long,3103.76,0.6443,1999.752568,0,0.00,23.35,1.17,-11.28,-0.56,-246.65,-0.02
332,空头出场,2026-01-09 05:30,long,3118.75,0.6461,1999.74411,-15.28,-0.76,0,0.00,-18.18,-0.91,-261.93,-0.03
332,空头进场,2026-01-09 04:00,short,3095.1,0.6461,1999.74411,-15.28,-0.76,0,0.00,-18.18,-0.91,-261.93,-0.03
333,多头出场,2026-01-09 07:30,short,3106.65,0.6412,1999.7425,-7.76,-0.39,7.46,0.37,-8.26,-0.41,-269.69,-0.03
333,多头进场,2026-01-09 05:30,long,3118.75,0.6412,1999.7425,-7.76,-0.39,7.46,0.37,-8.26,-0.41,-269.69,-0.03
334,空头出场,2026-01-09 09:00,shortTP,3131.35,0.6437,1999.750605,-15.9,-0.80,4.63,0.23,-15.9,-0.80,-285.59,-0.03
334,空头进场,2026-01-09 07:30,short,3106.65,0.6437,1999.750605,-15.9,-0.80,4.63,0.23,-15.9,-0.80,-285.59,-0.03
335,多头出场,2026-01-09 09:30,longTP,3105.82,0.637,1999.78506,-21.38,-1.07,5.75,0.29,-36.97,-1.85,-306.97,-0.03
335,多头进场,2026-01-09 09:00,long,3139.38,0.637,1999.78506,-21.38,-1.07,5.75,0.29,-36.97,-1.85,-306.97,-0.03
336,空头出场,2026-01-09 12:00,long,3122.39,0.6431,1999.713019,-8.3,-0.41,4.17,0.21,-9.33,-0.47,-315.26,-0.03
336,空头进场,2026-01-09 10:30,short,3109.49,0.6431,1999.713019,-8.3,-0.41,4.17,0.21,-9.33,-0.47,-315.26,-0.03
337,多头出场,2026-01-09 15:30,short,3111.2,0.6405,1999.890795,-7.17,-0.36,2.13,0.11,-7.69,-0.38,-322.43,-0.03
337,多头进场,2026-01-09 12:00,long,3122.39,0.6405,1999.890795,-7.17,-0.36,2.13,0.11,-7.69,-0.38,-322.43,-0.03
338,空头出场,2026-01-09 21:00,long,3098.65,0.6428,1999.87936,8.07,0.40,28.13,1.41,-2.68,-0.13,-314.36,-0.03
338,空头进场,2026-01-09 15:30,short,3111.2,0.6428,1999.87936,8.07,0.40,28.13,1.41,-2.68,-0.13,-314.36,-0.03
339,多头出场,2026-01-09 22:30,longTP,3074.95,0.6454,1999.86871,-15.3,-0.76,8.08,0.40,-15.3,-0.76,-329.66,-0.03
339,多头进场,2026-01-09 21:00,long,3098.65,0.6454,1999.86871,-15.3,-0.76,8.08,0.40,-15.3,-0.76,-329.66,-0.03
340,空头出场,2026-01-09 23:00,long,3130,0.6495,1999.765035,-33.17,-1.66,13.15,0.66,-38.03,-1.90,-362.83,-0.04
340,空头进场,2026-01-09 22:30,short,3078.93,0.6495,1999.765035,-33.17,-1.66,13.15,0.66,-38.03,-1.90,-362.83,-0.04
341,多头出场,2026-01-10 02:00,longTP,3095.13,0.6389,1999.757,-22.28,-1.11,9.87,0.49,-22.28,-1.11,-385.11,-0.04
341,多头进场,2026-01-09 23:00,long,3130,0.6389,1999.757,-22.28,-1.11,9.87,0.49,-22.28,-1.11,-385.11,-0.04
342,空头出场,2026-01-10 06:30,long,3086.27,0.648,1999.76688,-0.14,-0.01,13.5,0.67,-8.38,-0.42,-385.24,-0.04
342,空头进场,2026-01-10 02:00,short,3086.06,0.648,1999.76688,-0.14,-0.01,13.5,0.67,-8.38,-0.42,-385.24,-0.04
343,多头出场,2026-01-10 12:00,short,3082.95,0.648,1999.90296,-2.15,-0.11,5.4,0.27,-4,-0.20,-387.39,-0.04
343,多头进场,2026-01-10 06:30,long,3086.27,0.648,1999.90296,-2.15,-0.11,5.4,0.27,-4,-0.20,-387.39,-0.04
344,空头出场,2026-01-10 13:30,long,3086.54,0.6487,1999.909665,-2.33,-0.12,3.22,0.16,-3.2,-0.16,-389.72,-0.04
344,空头进场,2026-01-10 12:00,short,3082.95,0.6487,1999.909665,-2.33,-0.12,3.22,0.16,-3.2,-0.16,-389.72,-0.04
345,多头出场,2026-01-10 21:30,short,3094.94,0.6479,1999.769266,5.44,0.27,11.39,0.57,-2.05,-0.10,-384.28,-0.04
345,多头进场,2026-01-10 13:30,long,3086.54,0.6479,1999.769266,5.44,0.27,11.39,0.57,-2.05,-0.10,-384.28,-0.04
346,空头出场,2026-01-11 01:00,long,3097.75,0.6462,1999.950228,-1.82,-0.09,3.96,0.20,-2.86,-0.14,-386.1,-0.04
346,空头进场,2026-01-10 21:30,short,3094.94,0.6462,1999.950228,-1.82,-0.09,3.96,0.20,-2.86,-0.14,-386.1,-0.04
347,多头出场,2026-01-11 01:30,short,3092.95,0.6456,1999.9074,-3.1,-0.15,0.01,0.00,-3.65,-0.18,-389.2,-0.04
347,多头进场,2026-01-11 01:00,long,3097.75,0.6456,1999.9074,-3.1,-0.15,0.01,0.00,-3.65,-0.18,-389.2,-0.04
348,空头出场,2026-01-11 08:00,long,3091.27,0.6466,1999.90147,1.09,0.05,9.21,0.46,-0.7,-0.03,-388.11,-0.04
348,空头进场,2026-01-11 01:30,short,3092.95,0.6466,1999.90147,1.09,0.05,9.21,0.46,-0.7,-0.03,-388.11,-0.04
349,多头出场,2026-01-11 14:00,longTP,3091.27,0.6469,1999.742563,0,0.00,7.21,0.36,-2.13,-0.11,-388.11,-0.04
349,多头进场,2026-01-11 08:00,long,3091.27,0.6469,1999.742563,0,0.00,7.21,0.36,-2.13,-0.11,-388.11,-0.04
350,空头出场,2026-01-11 16:30,shortTP,3102.25,0.6462,1999.840374,-4.83,-0.24,1.53,0.08,-4.83,-0.24,-392.94,-0.04
350,空头进场,2026-01-11 15:00,short,3094.77,0.6462,1999.840374,-4.83,-0.24,1.53,0.08,-4.83,-0.24,-392.94,-0.04
351,多头出场,2026-01-11 22:30,longTP,3120.79,0.6444,1999.818072,11.22,0.56,11.22,0.56,-1.66,-0.08,-381.72,-0.04
351,多头进场,2026-01-11 16:30,long,3103.38,0.6444,1999.818072,11.22,0.56,11.22,0.56,-1.66,-0.08,-381.72,-0.04
352,多头出场,2026-01-12 10:30,longTP,3167,0.6409,1999.857951,29.87,1.49,29.87,1.49,-14.84,-0.74,-351.85,-0.04
352,多头进场,2026-01-12 08:00,long,3120.39,0.6409,1999.857951,29.87,1.49,29.87,1.49,-14.84,-0.74,-351.85,-0.04
353,多头出场,2026-01-13 01:30,longTP,3090.36,0.641,1999.92,-19,-0.95,17.09,0.85,-19,-0.95,-370.85,-0.04
353,多头进场,2026-01-12 23:00,long,3120,0.641,1999.92,-19,-0.95,17.09,0.85,-19,-0.95,-370.85,-0.04
354,空头出场,2026-01-13 02:00,long,3118.66,0.6441,1999.853208,-8.88,-0.44,3.59,0.18,-9.26,-0.46,-379.73,-0.04
354,空头进场,2026-01-13 01:30,short,3104.88,0.6441,1999.853208,-8.88,-0.44,3.59,0.18,-9.26,-0.46,-379.73,-0.04
355,多头出场,2026-01-13 02:30,short,3108.28,0.6413,1999.996658,-6.66,-0.33,0.13,0.01,-14.83,-0.74,-386.38,-0.04
355,多头进场,2026-01-13 02:00,long,3118.66,0.6413,1999.996658,-6.66,-0.33,0.13,0.01,-14.83,-0.74,-386.38,-0.04
356,空头出场,2026-01-13 03:30,long,3121.83,0.6434,1999.867352,-8.72,-0.44,7.2,0.36,-8.8,-0.44,-395.1,-0.04
356,空头进场,2026-01-13 02:30,short,3108.28,0.6434,1999.867352,-8.72,-0.44,7.2,0.36,-8.8,-0.44,-395.1,-0.04
357,多头出场,2026-01-13 04:30,short,3102.57,0.6406,1999.844298,-12.34,-0.62,3.79,0.19,-13.98,-0.70,-407.44,-0.04
357,多头进场,2026-01-13 03:30,long,3121.83,0.6406,1999.844298,-12.34,-0.62,3.79,0.19,-13.98,-0.70,-407.44,-0.04
358,空头出场,2026-01-13 08:00,long,3103.33,0.6446,1999.916622,-0.49,-0.02,12.27,0.61,-3.44,-0.17,-407.93,-0.04
358,空头进场,2026-01-13 04:30,short,3102.57,0.6446,1999.916622,-0.49,-0.02,12.27,0.61,-3.44,-0.17,-407.93,-0.04
359,多头出场,2026-01-13 13:00,longTP,3144.53,0.6444,1999.785852,26.55,1.33,26.55,1.33,-7.33,-0.37,-381.38,-0.04
359,多头进场,2026-01-13 08:00,long,3103.33,0.6444,1999.785852,26.55,1.33,26.55,1.33,-7.33,-0.37,-381.38,-0.04
360,空头出场,2026-01-13 16:30,long,3135.99,0.6406,1999.959606,-8.96,-0.45,0.01,0.00,-10.21,-0.51,-390.34,-0.04
360,空头进场,2026-01-13 15:30,short,3122.01,0.6406,1999.959606,-8.96,-0.45,0.01,0.00,-10.21,-0.51,-390.34,-0.04
361,多头出场,2026-01-13 18:30,short,3134.73,0.6377,1999.820823,-0.8,-0.04,7.87,0.39,-4.42,-0.22,-391.14,-0.04
361,多头进场,2026-01-13 16:30,long,3135.99,0.6377,1999.820823,-0.8,-0.04,7.87,0.39,-4.42,-0.22,-391.14,-0.04
362,空头出场,2026-01-13 21:30,shortTP,3151.46,0.638,1999.95774,-10.67,-0.53,3.02,0.15,-10.67,-0.53,-401.81,-0.04
362,空头进场,2026-01-13 18:30,short,3134.73,0.638,1999.95774,-10.67,-0.53,3.02,0.15,-10.67,-0.53,-401.81,-0.04
363,多头出场,2026-01-13 23:00,longTP,3135.43,0.6336,1999.793664,-13.19,-0.66,6.15,0.31,-13.19,-0.66,-415,-0.04
363,多头进场,2026-01-13 22:00,long,3156.24,0.6336,1999.793664,-13.19,-0.66,6.15,0.31,-13.19,-0.66,-415,-0.04
364,多头出场,2026-01-14 18:00,longTP,3315.38,0.6032,1999.837216,0,0.00,29.71,1.49,-1,-0.05,-415,-0.04
364,多头进场,2026-01-14 06:00,long,3315.38,0.6032,1999.837216,0,0.00,29.71,1.49,-1,-0.05,-415,-0.04
365,多头出场,2026-01-15 01:30,longTP,3349.21,0.5971,1999.813291,0,0.00,32.05,1.60,-12.89,-0.64,-415,-0.04
365,多头进场,2026-01-14 22:30,long,3349.21,0.5971,1999.813291,0,0.00,32.05,1.60,-12.89,-0.64,-415,-0.04
366,空头出场,2026-01-15 03:00,long,3390.84,0.5989,1999.972649,-30.8,-1.54,4.43,0.22,-32.47,-1.62,-445.8,-0.04
366,空头进场,2026-01-15 02:30,short,3339.41,0.5989,1999.972649,-30.8,-1.54,4.43,0.22,-32.47,-1.62,-445.8,-0.04
367,多头出场,2026-01-15 06:30,longTP,3352.41,0.5898,1999.917432,-22.67,-1.13,5.41,0.27,-22.67,-1.13,-468.47,-0.05
367,多头进场,2026-01-15 03:00,long,3390.84,0.5898,1999.917432,-22.67,-1.13,5.41,0.27,-22.67,-1.13,-468.47,-0.05
368,多头出场,2026-01-15 17:30,longTP,3363.29,0.6041,1999.927419,31.84,1.59,31.84,1.59,-0.57,-0.03,-436.63,-0.04
368,多头进场,2026-01-15 13:30,long,3310.59,0.6041,1999.927419,31.84,1.59,31.84,1.59,-0.57,-0.03,-436.63,-0.04
369,空头出场,2026-01-16 13:30,shortTP,3303.22,0.5983,1999.704073,23.39,1.17,41.04,2.05,-9.51,-0.48,-413.24,-0.04
369,空头进场,2026-01-15 22:30,short,3342.31,0.5983,1999.704073,23.39,1.17,41.04,2.05,-9.51,-0.48,-413.24,-0.04
370,多头出场,2026-01-16 18:00,short,3304.48,0.6043,1999.767689,-2.87,-0.14,6.49,0.32,-4.24,-0.21,-416.11,-0.04
370,多头进场,2026-01-16 13:30,long,3309.23,0.6043,1999.767689,-2.87,-0.14,6.49,0.32,-4.24,-0.21,-416.11,-0.04
371,空头出场,2026-01-16 20:00,long,3311.67,0.6052,1999.871296,-4.35,-0.22,6.75,0.34,-5.36,-0.27,-420.46,-0.04
371,空头进场,2026-01-16 18:00,short,3304.48,0.6052,1999.871296,-4.35,-0.22,6.75,0.34,-5.36,-0.27,-420.46,-0.04
372,多头出场,2026-01-16 22:30,longTP,3294.02,0.6039,1999.917513,-10.66,-0.53,4.19,0.21,-10.66,-0.53,-431.12,-0.04
372,多头进场,2026-01-16 20:00,long,3311.67,0.6039,1999.917513,-10.66,-0.53,4.19,0.21,-10.66,-0.53,-431.12,-0.04
373,空头出场,2026-01-17 04:00,long,3285.27,0.6071,1999.860252,5.37,0.27,24.96,1.25,-10.47,-0.52,-425.75,-0.04
373,空头进场,2026-01-16 22:30,short,3294.12,0.6071,1999.860252,5.37,0.27,24.96,1.25,-10.47,-0.52,-425.75,-0.04
374,多头出场,2026-01-17 10:00,short,3285.39,0.6087,1999.743849,0.07,0.00,8.9,0.45,-1.57,-0.08,-425.68,-0.04
374,多头进场,2026-01-17 04:00,long,3285.27,0.6087,1999.743849,0.07,0.00,8.9,0.45,-1.57,-0.08,-425.68,-0.04
375,空头出场,2026-01-17 12:30,long,3292.14,0.6087,1999.816893,-4.11,-0.21,0.87,0.04,-4.41,-0.22,-429.79,-0.04
375,空头进场,2026-01-17 10:00,short,3285.39,0.6087,1999.816893,-4.11,-0.21,0.87,0.04,-4.41,-0.22,-429.79,-0.04
376,多头出场,2026-01-17 14:00,short,3288.82,0.6075,1999.97505,-2.02,-0.10,1.2,0.06,-3.13,-0.16,-431.8,-0.04
376,多头进场,2026-01-17 12:30,long,3292.14,0.6075,1999.97505,-2.02,-0.10,1.2,0.06,-3.13,-0.16,-431.8,-0.04
377,空头出场,2026-01-17 14:30,long,3291.4,0.6081,1999.931442,-1.57,-0.08,0.33,0.02,-2.74,-0.14,-433.37,-0.04
377,空头进场,2026-01-17 14:00,short,3288.82,0.6081,1999.931442,-1.57,-0.08,0.33,0.02,-2.74,-0.14,-433.37,-0.04
378,多头出场,2026-01-17 22:00,longTP,3308.6,0.6076,1999.85464,10.45,0.52,10.45,0.52,-2.44,-0.12,-422.92,-0.04
378,多头进场,2026-01-17 14:30,long,3291.4,0.6076,1999.85464,10.45,0.52,10.45,0.52,-2.44,-0.12,-422.92,-0.04
379,多头出场,2026-01-18 15:30,short,3307.3,0.6039,1999.917513,-2.64,-0.13,4.73,0.24,-3.18,-0.16,-425.56,-0.04
379,多头进场,2026-01-18 11:00,long,3311.67,0.6039,1999.917513,-2.64,-0.13,4.73,0.24,-3.18,-0.16,-425.56,-0.04
380,空头出场,2026-01-18 16:30,long,3315.47,0.6047,1999.92431,-4.94,-0.25,2.29,0.11,-5.74,-0.29,-430.5,-0.04
380,空头进场,2026-01-18 15:30,short,3307.3,0.6047,1999.92431,-4.94,-0.25,2.29,0.11,-5.74,-0.29,-430.5,-0.04
381,多头出场,2026-01-18 21:00,longTP,3315.47,0.6032,1999.891504,0,0.00,7.03,0.35,-0.61,-0.03,-430.5,-0.04
381,多头进场,2026-01-18 16:30,long,3315.47,0.6032,1999.891504,0,0.00,7.03,0.35,-0.61,-0.03,-430.5,-0.04
382,空头出场,2026-01-18 21:30,long,3325.92,0.6026,1999.722074,-4.48,-0.22,1.01,0.05,-7.28,-0.36,-434.98,-0.04
382,空头进场,2026-01-18 21:00,short,3318.49,0.6026,1999.722074,-4.48,-0.22,1.01,0.05,-7.28,-0.36,-434.98,-0.04
383,多头出场,2026-01-18 22:30,longTP,3325.92,0.6013,1999.875696,0,0.00,13.13,0.66,-1.2,-0.06,-434.98,-0.04
383,多头进场,2026-01-18 21:30,long,3325.92,0.6013,1999.875696,0,0.00,13.13,0.66,-1.2,-0.06,-434.98,-0.04
384,空头出场,2026-01-19 07:30,shortTP,3303.13,0.5986,1999.98246,22.73,1.14,22.73,1.14,-9.07,-0.45,-412.25,-0.04
384,空头进场,2026-01-19 04:30,short,3341.1,0.5986,1999.98246,22.73,1.14,22.73,1.14,-9.07,-0.45,-412.25,-0.04
385,空头出场,2026-01-20 07:00,shortTP,3178.77,0.6221,1999.684461,22.17,1.11,22.17,1.11,-1.49,-0.07,-390.08,-0.04
385,空头进场,2026-01-20 05:00,short,3214.41,0.6221,1999.684461,22.17,1.11,22.17,1.11,-1.49,-0.07,-390.08,-0.04
386,空头出场,2026-01-20 10:30,long,3192.96,0.628,1999.84088,-5.34,-0.27,0,0.00,-9.82,-0.49,-395.41,-0.04
386,空头进场,2026-01-20 10:00,short,3184.46,0.628,1999.84088,-5.34,-0.27,0,0.00,-9.82,-0.49,-395.41,-0.04
387,多头出场,2026-01-20 12:30,longTP,3173.38,0.6263,1999.750848,-12.26,-0.61,1.22,0.06,-12.26,-0.61,-407.68,-0.04
387,多头进场,2026-01-20 10:30,long,3192.96,0.6263,1999.750848,-12.26,-0.61,1.22,0.06,-12.26,-0.61,-407.68,-0.04
388,空头出场,2026-01-20 14:00,shortTP,3130.96,0.6303,1999.790628,26.35,1.32,26.35,1.32,-1.34,-0.07,-381.33,-0.04
388,空头进场,2026-01-20 12:30,short,3172.76,0.6303,1999.790628,26.35,1.32,26.35,1.32,-1.34,-0.07,-381.33,-0.04
389,空头出场,2026-01-20 23:00,shortTP,3019.43,0.6495,1999.804005,38.68,1.93,38.68,1.93,-6.51,-0.33,-342.65,-0.03
389,空头进场,2026-01-20 21:30,short,3078.99,0.6495,1999.804005,38.68,1.93,38.68,1.93,-6.51,-0.33,-342.65,-0.03
390,空头出场,2026-01-21 11:00,shortTP,2971.53,0.6776,1999.963504,-13.55,-0.68,20.09,1.00,-16.17,-0.81,-356.19,-0.04
390,空头进场,2026-01-21 06:30,short,2951.54,0.6776,1999.963504,-13.55,-0.68,20.09,1.00,-16.17,-0.81,-356.19,-0.04
391,空头出场,2026-01-21 19:00,long,2968.71,0.674,1999.8928,-1.02,-0.05,11.36,0.57,-5.17,-0.26,-357.21,-0.04
391,空头进场,2026-01-21 16:00,short,2967.2,0.674,1999.8928,-1.02,-0.05,11.36,0.57,-5.17,-0.26,-357.21,-0.04
392,多头出场,2026-01-21 19:30,short,2943,0.6736,1999.723056,-17.32,-0.87,0.92,0.05,-20.69,-1.03,-374.53,-0.04
392,多头进场,2026-01-21 19:00,long,2968.71,0.6736,1999.723056,-17.32,-0.87,0.92,0.05,-20.69,-1.03,-374.53,-0.04
393,空头出场,2026-01-21 21:00,shortTP,2943,0.6795,1999.7685,0,0.00,27.86,1.39,-2.36,-0.12,-374.53,-0.04
393,空头进场,2026-01-21 19:30,short,2943,0.6795,1999.7685,0,0.00,27.86,1.39,-2.36,-0.12,-374.53,-0.04
394,多头出场,2026-01-22 00:00,longTP,2975.87,0.672,1999.78464,0,0.00,34.25,1.71,-4.44,-0.22,-374.53,-0.04
394,多头进场,2026-01-21 22:00,long,2975.87,0.672,1999.78464,0,0.00,34.25,1.71,-4.44,-0.22,-374.53,-0.04
395,空头出场,2026-01-22 03:00,shortTP,2938.27,0.6916,1999.816728,-32.29,-1.61,17.62,0.88,-32.29,-1.61,-406.82,-0.04
395,空头进场,2026-01-22 00:30,short,2891.58,0.6916,1999.816728,-32.29,-1.61,17.62,0.88,-32.29,-1.61,-406.82,-0.04
396,多头出场,2026-01-22 07:30,longTP,2984.09,0.6702,1999.937118,0,0.00,56.95,2.85,-6.5,-0.33,-406.82,-0.04
396,多头进场,2026-01-22 03:00,long,2984.09,0.6702,1999.937118,0,0.00,56.95,2.85,-6.5,-0.33,-406.82,-0.04
397,空头出场,2026-01-22 09:00,shortTP,3028.69,0.6706,1999.910262,-31.13,-1.56,1.03,0.05,-31.13,-1.56,-437.95,-0.04
397,空头进场,2026-01-22 07:30,short,2982.27,0.6706,1999.910262,-31.13,-1.56,1.03,0.05,-31.13,-1.56,-437.95,-0.04
398,多头出场,2026-01-22 10:30,short,3017.72,0.6603,1999.731756,-7.13,-0.36,6.48,0.32,-8.83,-0.44,-445.08,-0.04
398,多头进场,2026-01-22 09:30,long,3028.52,0.6603,1999.731756,-7.13,-0.36,6.48,0.32,-8.83,-0.44,-445.08,-0.04
399,空头出场,2026-01-22 21:30,shortTP,2969.65,0.6627,1999.843044,31.86,1.59,31.86,1.59,-8.68,-0.43,-413.22,-0.04
399,空头进场,2026-01-22 10:30,short,3017.72,0.6627,1999.843044,31.86,1.59,31.86,1.59,-8.68,-0.43,-413.22,-0.04
400,多头出场,2026-01-23 14:00,longTP,2961.77,0.6752,1999.787104,0,0.00,15.49,0.77,-22.58,-1.13,-413.22,-0.04
400,多头进场,2026-01-23 01:30,long,2961.77,0.6752,1999.787104,0,0.00,15.49,0.77,-22.58,-1.13,-413.22,-0.04
401,空头出场,2026-01-23 19:00,long,2937.7,0.6788,1999.771952,5.66,0.28,21.12,1.06,-6.76,-0.34,-407.56,-0.04
401,空头进场,2026-01-23 14:00,short,2946.04,0.6788,1999.771952,5.66,0.28,21.12,1.06,-6.76,-0.34,-407.56,-0.04
402,多头出场,2026-01-23 22:30,longTP,2916.94,0.6808,1999.98616,-14.13,-0.71,6.1,0.31,-14.13,-0.71,-421.7,-0.04
402,多头进场,2026-01-23 19:00,long,2937.7,0.6808,1999.98616,-14.13,-0.71,6.1,0.31,-14.13,-0.71,-421.7,-0.04
403,空头出场,2026-01-23 23:30,shortTP,2943.19,0.6858,1999.840806,-18.6,-0.93,11.18,0.56,-18.6,-0.93,-440.29,-0.04
403,空头进场,2026-01-23 22:30,short,2916.07,0.6858,1999.840806,-18.6,-0.93,11.18,0.56,-18.6,-0.93,-440.29,-0.04
404,多头出场,2026-01-24 03:30,longTP,2952.75,0.6773,1999.897575,0,0.00,45.05,2.25,-9.68,-0.48,-440.29,-0.04
404,多头进场,2026-01-23 23:30,long,2952.75,0.6773,1999.897575,0,0.00,45.05,2.25,-9.68,-0.48,-440.29,-0.04
405,空头出场,2026-01-24 06:30,shortTP,2960.02,0.6757,1999.93686,-0.15,-0.01,19.85,0.99,-2.63,-0.13,-440.44,-0.04
405,空头进场,2026-01-24 03:30,short,2959.8,0.6757,1999.93686,-0.15,-0.01,19.85,0.99,-2.63,-0.13,-440.44,-0.04
406,多头出场,2026-01-24 14:00,short,2960.31,0.6757,1999.727393,0.55,0.03,7.38,0.37,-1.51,-0.08,-439.89,-0.04
406,多头进场,2026-01-24 10:00,long,2959.49,0.6757,1999.727393,0.55,0.03,7.38,0.37,-1.51,-0.08,-439.89,-0.04
407,空头出场,2026-01-24 19:00,long,2962.6,0.6756,1999.985436,-1.55,-0.08,4.27,0.21,-3.16,-0.16,-441.44,-0.04
407,空头进场,2026-01-24 14:00,short,2960.31,0.6756,1999.985436,-1.55,-0.08,4.27,0.21,-3.16,-0.16,-441.44,-0.04
408,多头出场,2026-01-24 19:30,short,2961.18,0.675,1999.755,-0.96,-0.05,1.27,0.06,-1.44,-0.07,-442.39,-0.04
408,多头进场,2026-01-24 19:00,long,2962.6,0.675,1999.755,-0.96,-0.05,1.27,0.06,-1.44,-0.07,-442.39,-0.04
409,空头出场,2026-01-24 20:00,long,2962,0.6754,1999.980972,-0.55,-0.03,1.14,0.06,-1.2,-0.06,-442.95,-0.04
409,空头进场,2026-01-24 19:30,short,2961.18,0.6754,1999.980972,-0.55,-0.03,1.14,0.06,-1.2,-0.06,-442.95,-0.04
410,多头出场,2026-01-24 21:00,short,2960.86,0.6752,1999.9424,-0.77,-0.04,2.03,0.10,-1.35,-0.07,-443.72,-0.04
410,多头进场,2026-01-24 20:00,long,2962,0.6752,1999.9424,-0.77,-0.04,2.03,0.10,-1.35,-0.07,-443.72,-0.04
411,空头出场,2026-01-24 23:00,shortTP,2960.86,0.6754,1999.764844,0,0.00,11.5,0.57,-0.49,-0.02,-443.72,-0.04
411,空头进场,2026-01-24 21:00,short,2960.86,0.6754,1999.764844,0,0.00,11.5,0.57,-0.49,-0.02,-443.72,-0.04
412,多头出场,2026-01-24 23:30,short,2957.25,0.6747,1999.831041,-4.57,-0.23,0.65,0.03,-5.71,-0.29,-448.29,-0.04
412,多头进场,2026-01-24 23:00,long,2964.03,0.6747,1999.831041,-4.57,-0.23,0.65,0.03,-5.71,-0.29,-448.29,-0.04
413,空头出场,2026-01-25 01:00,long,2964,0.6763,1999.988175,-4.57,-0.23,3.4,0.17,-5.99,-0.30,-452.86,-0.05
413,空头进场,2026-01-24 23:30,short,2957.25,0.6763,1999.988175,-4.57,-0.23,3.4,0.17,-5.99,-0.30,-452.86,-0.05
414,多头出场,2026-01-25 03:00,short,2957.72,0.6747,1999.8108,-4.24,-0.21,3.03,0.15,-5.06,-0.25,-457.09,-0.05
414,多头进场,2026-01-25 01:00,long,2964,0.6747,1999.8108,-4.24,-0.21,3.03,0.15,-5.06,-0.25,-457.09,-0.05
415,空头出场,2026-01-25 06:00,long,2961.12,0.6761,1999.714492,-2.3,-0.11,5.74,0.29,-4.62,-0.23,-459.39,-0.05
415,空头进场,2026-01-25 03:00,short,2957.72,0.6761,1999.714492,-2.3,-0.11,5.74,0.29,-4.62,-0.23,-459.39,-0.05
416,多头出场,2026-01-25 07:30,short,2953.22,0.6754,1999.940448,-5.34,-0.27,2.22,0.11,-5.79,-0.29,-464.73,-0.05
416,多头进场,2026-01-25 06:00,long,2961.12,0.6754,1999.940448,-5.34,-0.27,2.22,0.11,-5.79,-0.29,-464.73,-0.05
417,空头出场,2026-01-25 16:30,shortTP,2933.26,0.6772,1999.920584,13.52,0.68,13.52,0.68,-4.79,-0.24,-451.21,-0.05
417,空头进场,2026-01-25 07:30,short,2953.22,0.6772,1999.920584,13.52,0.68,13.52,0.68,-4.79,-0.24,-451.21,-0.05
418,多头出场,2026-01-25 19:30,longTP,2934.84,0.6787,1999.870994,-8,-0.40,1.01,0.05,-8,-0.40,-459.21,-0.05
418,多头进场,2026-01-25 18:00,long,2946.62,0.6787,1999.870994,-8,-0.40,1.01,0.05,-8,-0.40,-459.21,-0.05
419,空头出场,2026-01-26 00:00,shortTP,2902.06,0.6826,1999.751786,18.81,0.94,18.81,0.94,-4.44,-0.22,-440.4,-0.04
419,空头进场,2026-01-25 22:00,short,2929.61,0.6826,1999.751786,18.81,0.94,18.81,0.94,-4.44,-0.22,-440.4,-0.04
420,空头出场,2026-01-26 20:00,shortTP,2911.73,0.693,1999.90791,-17.92,-0.90,0.71,0.04,-17.92,-0.90,-458.32,-0.05
420,空头进场,2026-01-26 17:30,short,2885.87,0.693,1999.90791,-17.92,-0.90,0.71,0.04,-17.92,-0.90,-458.32,-0.05
421,多头出场,2026-01-26 22:00,short,2886.99,0.6873,1999.816191,-15.59,-0.78,4.02,0.20,-19.18,-0.96,-473.91,-0.05
421,多头进场,2026-01-26 21:30,long,2909.67,0.6873,1999.816191,-15.59,-0.78,4.02,0.20,-19.18,-0.96,-473.91,-0.05
422,空头出场,2026-01-26 22:30,long,2922.74,0.6927,1999.817973,-24.76,-1.24,7.77,0.39,-33.05,-1.65,-498.67,-0.05
422,空头进场,2026-01-26 22:00,short,2886.99,0.6927,1999.817973,-24.76,-1.24,7.77,0.39,-33.05,-1.65,-498.67,-0.05
423,多头出场,2026-01-26 23:30,longTP,2890.8,0.6842,1999.738708,-21.85,-1.09,19.48,0.97,-21.85,-1.09,-520.53,-0.05
423,多头进场,2026-01-26 22:30,long,2922.74,0.6842,1999.738708,-21.85,-1.09,19.48,0.97,-21.85,-1.09,-520.53,-0.05
424,空头出场,2026-01-27 02:00,long,2922.06,0.6898,1999.950936,-15.69,-0.78,9.21,0.46,-19.67,-0.98,-536.21,-0.05
424,空头进场,2026-01-26 23:30,short,2899.32,0.6898,1999.950936,-15.69,-0.78,9.21,0.46,-19.67,-0.98,-536.21,-0.05
425,多头出场,2026-01-27 04:30,short,2901.82,0.6844,1999.857864,-13.85,-0.69,9.58,0.48,-15.86,-0.79,-550.07,-0.06
425,多头进场,2026-01-27 02:00,long,2922.06,0.6844,1999.857864,-13.85,-0.69,9.58,0.48,-15.86,-0.79,-550.07,-0.06
426,空头出场,2026-01-27 05:30,shortTP,2932.27,0.6892,1999.934344,-20.99,-1.05,4.14,0.21,-20.99,-1.05,-571.05,-0.06
426,空头进场,2026-01-27 04:30,short,2901.82,0.6892,1999.934344,-20.99,-1.05,4.14,0.21,-20.99,-1.05,-571.05,-0.06
427,多头出场,2026-01-27 08:00,short,2925.03,0.6832,1999.876704,-1.5,-0.07,12.37,0.62,-6.09,-0.30,-572.55,-0.06
427,多头进场,2026-01-27 06:30,long,2927.22,0.6832,1999.876704,-1.5,-0.07,12.37,0.62,-6.09,-0.30,-572.55,-0.06
428,空头出场,2026-01-27 10:00,long,2935.04,0.6837,1999.843011,-6.84,-0.34,8.61,0.43,-12.53,-0.63,-579.39,-0.06
428,空头进场,2026-01-27 08:00,short,2925.03,0.6837,1999.843011,-6.84,-0.34,8.61,0.43,-12.53,-0.63,-579.39,-0.06
429,多头出场,2026-01-27 13:00,short,2936.51,0.6814,1999.936256,1,0.05,14.99,0.75,-0.99,-0.05,-578.39,-0.06
429,多头进场,2026-01-27 10:00,long,2935.04,0.6814,1999.936256,1,0.05,14.99,0.75,-0.99,-0.05,-578.39,-0.06
430,空头出场,2026-01-27 19:00,shortTP,2901.33,0.681,1999.76331,23.96,1.20,23.96,1.20,-4.1,-0.21,-554.43,-0.06
430,空头进场,2026-01-27 13:00,short,2936.51,0.681,1999.76331,23.96,1.20,23.96,1.20,-4.1,-0.21,-554.43,-0.06
431,多头出场,2026-01-27 21:00,longTP,2906.73,0.6839,1999.942448,-12.03,-0.60,1.33,0.07,-12.03,-0.60,-566.46,-0.06
431,多头进场,2026-01-27 20:00,long,2924.32,0.6839,1999.942448,-12.03,-0.60,1.33,0.07,-12.03,-0.60,-566.46,-0.06
432,多头出场,2026-01-28 22:00,longTP,3021.08,0.662,1999.95496,0,0.00,16.35,0.82,-4.08,-0.20,-566.46,-0.06
432,多头进场,2026-01-28 18:00,long,3021.08,0.662,1999.95496,0,0.00,16.35,0.82,-4.08,-0.20,-566.46,-0.06
433,空头出场,2026-01-29 01:30,shortTP,3025.07,0.6611,1999.873777,0,0.00,27.37,1.37,-6.17,-0.31,-566.46,-0.06
433,空头进场,2026-01-28 22:00,short,3025.07,0.6611,1999.873777,0,0.00,27.37,1.37,-6.17,-0.31,-566.46,-0.06
434,多头出场,2026-01-29 07:00,short,3013.5,0.6629,1999.70414,-2.05,-0.10,14.48,0.72,-13.22,-0.66,-568.52,-0.06
434,多头进场,2026-01-29 03:30,long,3016.6,0.6629,1999.70414,-2.05,-0.10,14.48,0.72,-13.22,-0.66,-568.52,-0.06
435,空头出场,2026-01-29 10:30,shortTP,2961.74,0.6636,1999.7586,34.35,1.72,34.35,1.72,-1.69,-0.08,-534.17,-0.05
435,空头进场,2026-01-29 07:00,short,3013.5,0.6636,1999.7586,34.35,1.72,34.35,1.72,-1.69,-0.08,-534.17,-0.05
436,空头出场,2026-01-29 22:30,shortTP,2879.84,0.6838,1999.80729,30.57,1.53,30.57,1.53,-9.88,-0.49,-503.6,-0.05
436,空头进场,2026-01-29 19:00,short,2924.55,0.6838,1999.80729,30.57,1.53,30.57,1.53,-9.88,-0.49,-503.6,-0.05
437,空头出场,2026-01-30 11:00,shortTP,2747.15,0.728,1999.9252,0,0.00,34.94,1.75,-3.01,-0.15,-503.6,-0.05
437,空头进场,2026-01-30 09:30,short,2747.15,0.728,1999.9252,0,0.00,34.94,1.75,-3.01,-0.15,-503.6,-0.05
438,空头出场,2026-01-30 19:30,shortTP,2751.63,0.7356,1999.772736,-24.33,-1.22,6.3,0.31,-24.33,-1.22,-527.92,-0.05
438,空头进场,2026-01-30 14:30,short,2718.56,0.7356,1999.772736,-24.33,-1.22,6.3,0.31,-24.33,-1.22,-527.92,-0.05
439,空头出场,2026-01-31 00:00,long,2733.76,0.7379,1999.967265,-17.27,-0.86,12.49,0.62,-25.37,-1.27,-545.2,-0.05
439,空头进场,2026-01-30 23:00,short,2710.35,0.7379,1999.967265,-17.27,-0.86,12.49,0.62,-25.37,-1.27,-545.2,-0.05
440,多头出场,2026-01-31 01:30,short,2712.53,0.7315,1999.74544,-15.53,-0.78,7.89,0.39,-19.82,-0.99,-560.73,-0.06
440,多头进场,2026-01-31 00:00,long,2733.76,0.7315,1999.74544,-15.53,-0.78,7.89,0.39,-19.82,-0.99,-560.73,-0.06
441,空头出场,2026-01-31 02:30,shortTP,2712.53,0.7373,1999.948369,0,0.00,56.42,2.82,-6.78,-0.34,-560.73,-0.06
441,空头进场,2026-01-31 01:30,short,2712.53,0.7373,1999.948369,0,0.00,56.42,2.82,-6.78,-0.34,-560.73,-0.06
442,多头出场,2026-01-31 04:00,longTP,2689.78,0.7298,1999.849046,-36.85,-1.84,15.46,0.77,-36.85,-1.84,-597.58,-0.06
442,多头进场,2026-01-31 02:30,long,2740.27,0.7298,1999.849046,-36.85,-1.84,15.46,0.77,-36.85,-1.84,-597.58,-0.06
443,空头出场,2026-01-31 06:30,long,2709.92,0.7453,1999.870943,-19.83,-0.99,13.78,0.69,-23.69,-1.18,-617.41,-0.06
443,空头进场,2026-01-31 04:00,short,2683.31,0.7453,1999.870943,-19.83,-0.99,13.78,0.69,-23.69,-1.18,-617.41,-0.06
444,多头出场,2026-01-31 10:00,short,2691.88,0.738,1999.92096,-13.31,-0.67,3.48,0.17,-18.63,-0.93,-630.72,-0.06
444,多头进场,2026-01-31 06:30,long,2709.92,0.738,1999.92096,-13.31,-0.67,3.48,0.17,-18.63,-0.93,-630.72,-0.06
445,空头出场,2026-01-31 10:30,long,2702.05,0.7429,1999.797652,-7.56,-0.38,1.14,0.06,-12.45,-0.62,-638.28,-0.06
445,空头进场,2026-01-31 10:00,short,2691.88,0.7429,1999.797652,-7.56,-0.38,1.14,0.06,-12.45,-0.62,-638.28,-0.06
446,多头出场,2026-01-31 14:00,short,2687.5,0.7401,1999.787205,-10.77,-0.54,3.27,0.16,-13.26,-0.66,-649.04,-0.06
446,多头进场,2026-01-31 10:30,long,2702.05,0.7401,1999.787205,-10.77,-0.54,3.27,0.16,-13.26,-0.66,-649.04,-0.06
447,空头出场,2026-01-31 16:30,shortTP,2633.27,0.7441,1999.76875,40.35,2.02,40.35,2.02,-4.73,-0.24,-608.69,-0.06
447,空头进场,2026-01-31 14:00,short,2687.5,0.7441,1999.76875,40.35,2.02,40.35,2.02,-4.73,-0.24,-608.69,-0.06
448,空头出场,2026-02-01 17:30,long,2432.23,0.8269,1999.981685,-11.23,-0.56,20.83,1.04,-16.65,-0.83,-619.92,-0.06
448,空头进场,2026-02-01 14:30,short,2418.65,0.8269,1999.981685,-11.23,-0.56,20.83,1.04,-16.65,-0.83,-619.92,-0.06
449,多头出场,2026-02-01 18:30,longTP,2396.34,0.8222,1999.779506,-29.51,-1.48,5.55,0.28,-29.51,-1.48,-649.43,-0.06
449,多头进场,2026-02-01 17:30,long,2432.23,0.8222,1999.779506,-29.51,-1.48,5.55,0.28,-29.51,-1.48,-649.43,-0.06
450,空头出场,2026-02-01 19:30,shortTP,2418.84,0.8399,1999.827097,-31.76,-1.59,0,0.00,-31.76,-1.59,-681.19,-0.07
450,空头进场,2026-02-01 18:30,short,2381.03,0.8399,1999.827097,-31.76,-1.59,0,0.00,-31.76,-1.59,-681.19,-0.07
451,空头出场,2026-02-02 02:00,long,2360.63,0.8399,1999.911087,17.22,0.86,81.44,4.07,-7.09,-0.35,-663.97,-0.07
451,空头进场,2026-02-01 21:30,short,2381.13,0.8399,1999.911087,17.22,0.86,81.44,4.07,-7.09,-0.35,-663.97,-0.07
452,多头出场,2026-02-02 03:30,longTP,2309.91,0.8472,1999.925736,-42.97,-2.15,2,0.10,-42.97,-2.15,-706.94,-0.07
452,多头进场,2026-02-02 02:00,long,2360.63,0.8472,1999.925736,-42.97,-2.15,2,0.10,-42.97,-2.15,-706.94,-0.07
453,空头出场,2026-02-02 08:00,shortTP,2318.98,0.8731,1999.905398,-24.8,-1.24,59.88,2.99,-38.7,-1.93,-731.74,-0.07
453,空头进场,2026-02-02 05:30,short,2290.58,0.8731,1999.905398,-24.8,-1.24,59.88,2.99,-38.7,-1.93,-731.74,-0.07
454,多头出场,2026-02-02 10:30,short,2262.27,0.8643,1999.929699,-44.65,-2.23,8.85,0.44,-55.14,-2.76,-776.38,-0.08
454,多头进场,2026-02-02 08:00,long,2313.93,0.8643,1999.929699,-44.65,-2.23,8.85,0.44,-55.14,-2.76,-776.38,-0.08
455,空头出场,2026-02-02 12:00,shortTP,2262.27,0.884,1999.84668,0,0.00,84.98,4.25,-4.77,-0.24,-776.38,-0.08
455,空头进场,2026-02-02 10:30,short,2262.27,0.884,1999.84668,0,0.00,84.98,4.25,-4.77,-0.24,-776.38,-0.08
456,多头出场,2026-02-02 21:30,longTP,2332.98,0.8978,1999.795632,94.75,4.74,94.75,4.74,-8.86,-0.44,-681.63,-0.07
456,多头进场,2026-02-02 14:30,long,2227.44,0.8978,1999.795632,94.75,4.74,94.75,4.74,-8.86,-0.44,-681.63,-0.07
457,多头出场,2026-02-03 10:00,short,2330.37,0.8496,1999.941408,-20.06,-1.00,5.01,0.25,-21.95,-1.10,-701.69,-0.07
457,多头进场,2026-02-03 08:30,long,2353.98,0.8496,1999.941408,-20.06,-1.00,5.01,0.25,-21.95,-1.10,-701.69,-0.07
458,空头出场,2026-02-03 11:30,shortTP,2330.37,0.8582,1999.923534,0,0.00,39.38,1.97,-0.03,0.00,-701.69,-0.07
458,空头进场,2026-02-03 10:00,short,2330.37,0.8582,1999.923534,0,0.00,39.38,1.97,-0.03,0.00,-701.69,-0.07
459,多头出场,2026-02-03 13:00,short,2329,0.8526,1999.832982,-14.13,-0.71,0.19,0.01,-22.99,-1.15,-715.82,-0.07
459,多头进场,2026-02-03 12:30,long,2345.57,0.8526,1999.832982,-14.13,-0.71,0.19,0.01,-22.99,-1.15,-715.82,-0.07
460,空头出场,2026-02-03 17:00,shortTP,2262.65,0.8587,1999.9123,56.97,2.85,56.97,2.85,-3.96,-0.20,-658.84,-0.07
460,空头进场,2026-02-03 13:00,short,2329,0.8587,1999.9123,56.97,2.85,56.97,2.85,-3.96,-0.20,-658.84,-0.07
461,多头出场,2026-02-03 22:30,longTP,2269.85,0.869,1999.84708,-27.35,-1.37,14.19,0.71,-27.35,-1.37,-686.19,-0.07
461,多头进场,2026-02-03 20:30,long,2301.32,0.869,1999.84708,-27.35,-1.37,14.19,0.71,-27.35,-1.37,-686.19,-0.07
462,空头出场,2026-02-03 23:00,long,2294.44,0.886,1999.8792,-32.99,-1.65,4.66,0.23,-46.65,-2.33,-719.19,-0.07
462,空头进场,2026-02-03 22:30,short,2257.2,0.886,1999.8792,-32.99,-1.65,4.66,0.23,-46.65,-2.33,-719.19,-0.07
463,多头出场,2026-02-04 00:00,longTP,2254.41,0.8716,1999.833904,-34.89,-1.74,16.55,0.83,-34.89,-1.74,-754.08,-0.08
463,多头进场,2026-02-03 23:00,long,2294.44,0.8716,1999.833904,-34.89,-1.74,16.55,0.83,-34.89,-1.74,-754.08,-0.08
464,空头出场,2026-02-04 02:00,shortTP,2165.39,0.8877,1999.9881,77.77,3.89,77.77,3.89,-6.74,-0.34,-676.3,-0.07
464,空头进场,2026-02-04 00:00,short,2253,0.8877,1999.9881,77.77,3.89,77.77,3.89,-6.74,-0.34,-676.3,-0.07
465,多头出场,2026-02-04 06:30,longTP,2248.48,0.8894,1999.798112,0,0.00,84.8,4.24,-2.2,-0.11,-676.3,-0.07
465,多头进场,2026-02-04 04:00,long,2248.48,0.8894,1999.798112,0,0.00,84.8,4.24,-2.2,-0.11,-676.3,-0.07
466,空头出场,2026-02-04 14:30,long,2277.54,0.8809,1999.775135,-6.51,-0.33,3.62,0.18,-12.46,-0.62,-682.81,-0.07
466,空头进场,2026-02-04 14:00,short,2270.15,0.8809,1999.775135,-6.51,-0.33,3.62,0.18,-12.46,-0.62,-682.81,-0.07
467,多头出场,2026-02-04 16:00,short,2270.07,0.8781,1999.907874,-6.56,-0.33,14.44,0.72,-12.12,-0.61,-689.37,-0.07
467,多头进场,2026-02-04 14:30,long,2277.54,0.8781,1999.907874,-6.56,-0.33,14.44,0.72,-12.12,-0.61,-689.37,-0.07
468,空头出场,2026-02-04 21:30,shortTP,2198.45,0.881,1999.93167,63.1,3.15,63.1,3.15,-12.7,-0.63,-626.28,-0.06
468,空头进场,2026-02-04 16:00,short,2270.07,0.881,1999.93167,63.1,3.15,63.1,3.15,-12.7,-0.63,-626.28,-0.06
469,空头出场,2026-02-05 15:00,shortTP,2124.31,0.9414,1999.825434,0,0.00,52.82,2.64,-11.65,-0.58,-626.28,-0.06
469,空头进场,2026-02-05 10:30,short,2124.31,0.9414,1999.825434,0,0.00,52.82,2.64,-11.65,-0.58,-626.28,-0.06
470,多头出场,2026-02-05 19:00,longTP,2066.42,0.945,1999.8657,-47.1,-2.36,31.65,1.58,-47.1,-2.36,-673.37,-0.07
470,多头进场,2026-02-05 15:00,long,2116.26,0.945,1999.8657,-47.1,-2.36,31.65,1.58,-47.1,-2.36,-673.37,-0.07
471,空头出场,2026-02-05 23:00,shortTP,1963.81,0.9666,1999.8954,101.68,5.08,101.68,5.08,-36.26,-1.81,-571.7,-0.06
471,空头进场,2026-02-05 19:00,short,2069,0.9666,1999.8954,101.68,5.08,101.68,5.08,-36.26,-1.81,-571.7,-0.06
472,空头出场,2026-02-06 08:30,shortTP,1870.61,1.1186,1999.844266,-92.62,-4.63,2.8,0.14,-117.27,-5.86,-664.32,-0.07
472,空头进场,2026-02-06 08:00,short,1787.81,1.1186,1999.844266,-92.62,-4.63,2.8,0.14,-117.27,-5.86,-664.32,-0.07
473,空头出场,2026-02-06 17:30,long,1919,1.0529,1999.899318,-20.62,-1.03,35.05,1.75,-31.33,-1.57,-684.93,-0.07
473,空头进场,2026-02-06 15:30,short,1899.42,1.0529,1999.899318,-20.62,-1.03,35.05,1.75,-31.33,-1.57,-684.93,-0.07
474,多头出场,2026-02-07 00:00,longTP,2009.92,1.0422,1999.9818,94.76,4.74,94.76,4.74,-9.7,-0.49,-590.18,-0.06
474,多头进场,2026-02-06 17:30,long,1919,1.0422,1999.9818,94.76,4.74,94.76,4.74,-9.7,-0.49,-590.18,-0.06
475,多头出场,2026-02-07 12:30,longTP,2080.81,0.9611,1999.866491,0,0.00,37.15,1.86,-1.9,-0.10,-590.18,-0.06
475,多头进场,2026-02-07 11:30,long,2080.81,0.9611,1999.866491,0,0.00,37.15,1.86,-1.9,-0.10,-590.18,-0.06
476,多头出场,2026-02-07 22:30,longTP,2020.1,0.9732,1999.809216,-33.85,-1.69,14.65,0.73,-33.85,-1.69,-624.02,-0.06
476,多头进场,2026-02-07 20:00,long,2054.88,0.9732,1999.809216,-33.85,-1.69,14.65,0.73,-33.85,-1.69,-624.02,-0.06
477,多头出场,2026-02-08 18:30,short,2096.08,0.9512,1999.85044,-6.06,-0.30,21.02,1.05,-18.11,-0.91,-630.08,-0.06
477,多头进场,2026-02-08 16:00,long,2102.45,0.9512,1999.85044,-6.06,-0.30,21.02,1.05,-18.11,-0.91,-630.08,-0.06
478,空头出场,2026-02-08 19:00,long,2114.46,0.9541,1999.869928,-17.54,-0.88,1.56,0.08,-23.13,-1.16,-647.62,-0.06
478,空头进场,2026-02-08 18:30,short,2096.08,0.9541,1999.869928,-17.54,-0.88,1.56,0.08,-23.13,-1.16,-647.62,-0.06
479,多头出场,2026-02-08 23:00,longTP,2114.46,0.9458,1999.856268,0,0.00,29.13,1.46,-0.86,-0.04,-647.62,-0.06
479,多头进场,2026-02-08 19:00,long,2114.46,0.9458,1999.856268,0,0.00,29.13,1.46,-0.86,-0.04,-647.62,-0.06
480,多头出场,2026-02-09 05:30,short,2093.9,0.9465,1999.963965,-18.09,-0.90,15.83,0.79,-21.78,-1.09,-665.71,-0.07
480,多头进场,2026-02-09 03:00,long,2113.01,0.9465,1999.963965,-18.09,-0.90,15.83,0.79,-21.78,-1.09,-665.71,-0.07
481,空头出场,2026-02-09 07:00,shortTP,2120,0.9551,1999.88389,-24.93,-1.25,11.46,0.57,-24.93,-1.25,-690.64,-0.07
481,空头进场,2026-02-09 05:30,short,2093.9,0.9551,1999.88389,-24.93,-1.25,11.46,0.57,-24.93,-1.25,-690.64,-0.07
482,多头出场,2026-02-09 14:00,longTP,2073.56,0.9522,1999.85805,-25.41,-1.27,1.69,0.08,-25.41,-1.27,-716.05,-0.07
482,多头进场,2026-02-09 11:30,long,2100.25,0.9522,1999.85805,-25.41,-1.27,1.69,0.08,-25.41,-1.27,-716.05,-0.07
483,空头出场,2026-02-09 18:30,shortTP,2020.97,0.9641,1999.822989,51.41,2.57,51.41,2.57,-12.93,-0.65,-664.64,-0.07
483,空头进场,2026-02-09 14:00,short,2074.29,0.9641,1999.822989,51.41,2.57,51.41,2.57,-12.93,-0.65,-664.64,-0.07
484,空头出场,2026-02-11 06:00,long,2014.64,0.9953,1999.995632,-5.18,-0.26,12.38,0.62,-16.2,-0.81,-669.82,-0.07
484,空头进场,2026-02-11 02:30,short,2009.44,0.9953,1999.995632,-5.18,-0.26,12.38,0.62,-16.2,-0.81,-669.82,-0.07
485,多头出场,2026-02-11 11:00,short,2011.07,0.9927,1999.933128,-3.54,-0.18,17.54,0.88,-16.52,-0.83,-673.36,-0.07
485,多头进场,2026-02-11 06:00,long,2014.64,0.9927,1999.933128,-3.54,-0.18,17.54,0.88,-16.52,-0.83,-673.36,-0.07
486,空头出场,2026-02-11 12:30,shortTP,1964.11,0.9944,1999.808008,46.7,2.34,46.7,2.34,-10.25,-0.51,-626.67,-0.06
486,空头进场,2026-02-11 11:00,short,2011.07,0.9944,1999.808008,46.7,2.34,46.7,2.34,-10.25,-0.51,-626.67,-0.06
487,空头出场,2026-02-12 00:00,shortTP,1956.22,1.0404,1999.96092,-35.29,-1.76,5.64,0.28,-35.29,-1.76,-661.96,-0.07
487,空头进场,2026-02-11 23:00,short,1922.3,1.0404,1999.96092,-35.29,-1.76,5.64,0.28,-35.29,-1.76,-661.96,-0.07
488,多头出场,2026-02-12 07:00,longTP,1938.17,1.0319,1999.997623,0,0.00,51.49,2.57,-4.44,-0.22,-661.96,-0.07
488,多头进场,2026-02-12 02:00,long,1938.17,1.0319,1999.997623,0,0.00,51.49,2.57,-4.44,-0.22,-661.96,-0.07
489,空头出场,2026-02-12 08:30,long,1958.8,1.0325,1999.80795,-22.65,-1.13,3.61,0.18,-27.54,-1.38,-684.61,-0.07
489,空头进场,2026-02-12 07:00,short,1936.86,1.0325,1999.80795,-22.65,-1.13,3.61,0.18,-27.54,-1.38,-684.61,-0.07
490,多头出场,2026-02-12 13:00,short,1961.64,1.021,1999.9348,2.9,0.14,19.35,0.97,-5.78,-0.29,-681.71,-0.07
490,多头进场,2026-02-12 08:30,long,1958.8,1.021,1999.9348,2.9,0.14,19.35,0.97,-5.78,-0.29,-681.71,-0.07
491,空头出场,2026-02-12 13:30,long,1970.69,1.0195,1999.89198,-9.23,-0.46,1.41,0.07,-10.51,-0.53,-690.94,-0.07
491,空头进场,2026-02-12 13:00,short,1961.64,1.0195,1999.89198,-9.23,-0.46,1.41,0.07,-10.51,-0.53,-690.94,-0.07
492,多头出场,2026-02-12 15:30,short,1968.07,1.0148,1999.856212,-2.66,-0.13,12.49,0.62,-5.26,-0.26,-693.6,-0.07
492,多头进场,2026-02-12 13:30,long,1970.69,1.0148,1999.856212,-2.66,-0.13,12.49,0.62,-5.26,-0.26,-693.6,-0.07
493,空头出场,2026-02-12 17:30,long,1982.43,1.0162,1999.952734,-14.59,-0.73,11,0.55,-21.95,-1.10,-708.19,-0.07
493,空头进场,2026-02-12 15:30,short,1968.07,1.0162,1999.952734,-14.59,-0.73,11,0.55,-21.95,-1.10,-708.19,-0.07
494,多头出场,2026-02-12 20:30,short,1980.85,1.0088,1999.875384,-1.59,-0.08,19.16,0.96,-7.65,-0.38,-709.78,-0.07
494,多头进场,2026-02-12 17:30,long,1982.43,1.0088,1999.875384,-1.59,-0.08,19.16,0.96,-7.65,-0.38,-709.78,-0.07
495,空头出场,2026-02-13 00:00,shortTP,1929.55,1.0096,1999.86616,51.79,2.59,51.79,2.59,-15.6,-0.78,-657.99,-0.07
495,空头进场,2026-02-12 20:30,short,1980.85,1.0096,1999.86616,51.79,2.59,51.79,2.59,-15.6,-0.78,-657.99,-0.07
496,空头出场,2026-02-13 16:00,long,1945.16,1.0313,1999.979464,-6.06,-0.30,15.02,0.75,-9.61,-0.48,-664.05,-0.07
496,空头进场,2026-02-13 13:00,short,1939.28,1.0313,1999.979464,-6.06,-0.30,15.02,0.75,-9.61,-0.48,-664.05,-0.07
497,多头出场,2026-02-13 22:30,longTP,1982.23,1.0281,1999.818996,38.11,1.91,38.11,1.91,-1.06,-0.05,-625.94,-0.06
497,多头进场,2026-02-13 16:00,long,1945.16,1.0281,1999.818996,38.11,1.91,38.11,1.91,-1.06,-0.05,-625.94,-0.06
498,多头出场,2026-02-14 19:00,longTP,2095.66,0.9671,1999.9628,26.75,1.34,26.75,1.34,0,0.00,-599.19,-0.06
498,多头进场,2026-02-14 16:00,long,2068,0.9671,1999.9628,26.75,1.34,26.75,1.34,0,0.00,-599.19,-0.06
499,空头出场,2026-02-14 22:30,shortTP,2087.82,0.9657,1999.935729,-16.27,-0.81,6.17,0.31,-16.27,-0.81,-615.46,-0.06
499,空头进场,2026-02-14 20:30,short,2070.97,0.9657,1999.935729,-16.27,-0.81,6.17,0.31,-16.27,-0.81,-615.46,-0.06
500,多头出场,2026-02-15 04:00,short,2085.21,0.9576,1999.966752,-3.17,-0.16,4.24,0.21,-6.97,-0.35,-618.63,-0.06
500,多头进场,2026-02-15 03:30,long,2088.52,0.9576,1999.966752,-3.17,-0.16,4.24,0.21,-6.97,-0.35,-618.63,-0.06
501,空头出场,2026-02-15 04:30,long,2089.82,0.9591,1999.924911,-4.42,-0.22,1.16,0.06,-4.64,-0.23,-623.06,-0.06
501,空头进场,2026-02-15 04:00,short,2085.21,0.9591,1999.924911,-4.42,-0.22,1.16,0.06,-4.64,-0.23,-623.06,-0.06
502,多头出场,2026-02-15 05:00,short,2084.74,0.957,1999.95774,-4.86,-0.24,8.68,0.43,-5.1,-0.26,-627.92,-0.06
502,多头进场,2026-02-15 04:30,long,2089.82,0.957,1999.95774,-4.86,-0.24,8.68,0.43,-5.1,-0.26,-627.92,-0.06
503,空头出场,2026-02-15 10:00,shortTP,2050.98,0.9593,1999.891082,32.39,1.62,32.39,1.62,-9.54,-0.48,-595.53,-0.06
503,空头进场,2026-02-15 05:00,short,2084.74,0.9593,1999.891082,32.39,1.62,32.39,1.62,-9.54,-0.48,-595.53,-0.06
504,多头出场,2026-02-15 16:00,longTP,2076.31,0.9632,1999.901792,0,0.00,26.02,1.30,-1.15,-0.06,-595.53,-0.06
504,多头进场,2026-02-15 12:30,long,2076.31,0.9632,1999.901792,0,0.00,26.02,1.30,-1.15,-0.06,-595.53,-0.06
505,空头出场,2026-02-15 20:30,shortTP,2031.49,0.9665,1999.8818,36.45,1.82,36.45,1.82,-9.34,-0.47,-559.08,-0.06
505,空头进场,2026-02-15 16:30,short,2069.2,0.9665,1999.8818,36.45,1.82,36.45,1.82,-9.34,-0.47,-559.08,-0.06
506,空头出场,2026-02-16 06:30,shortTP,1971.3,1.0145,1999.88385,0,0.00,43.04,2.15,-10.21,-0.51,-559.08,-0.06
506,空头进场,2026-02-16 01:30,short,1971.3,1.0145,1999.88385,0,0.00,43.04,2.15,-10.21,-0.51,-559.08,-0.06
507,空头出场,2026-02-16 20:00,long,1992.42,1.012,1999.8638,-16.47,-0.82,3.73,0.19,-20.1,-1.00,-575.55,-0.06
507,空头进场,2026-02-16 19:30,short,1976.15,1.012,1999.8638,-16.47,-0.82,3.73,0.19,-20.1,-1.00,-575.55,-0.06
508,多头出场,2026-02-16 21:00,longTP,1971.27,1.0038,1999.991196,-21.23,-1.06,31.21,1.56,-21.23,-1.06,-596.78,-0.06
508,多头进场,2026-02-16 20:00,long,1992.42,1.0038,1999.991196,-21.23,-1.06,31.21,1.56,-21.23,-1.06,-596.78,-0.06
509,空头出场,2026-02-17 00:00,shortTP,1967.7,1.0164,1999.97028,0,0.00,30.96,1.55,-18.72,-0.94,-596.78,-0.06
509,空头进场,2026-02-16 21:30,short,1967.7,1.0164,1999.97028,0,0.00,30.96,1.55,-18.72,-0.94,-596.78,-0.06
510,多头出场,2026-02-17 03:00,short,1971.7,1.0116,1999.9332,-5.36,-0.27,11.53,0.58,-10.91,-0.55,-602.14,-0.06
510,多头进场,2026-02-17 01:00,long,1977,1.0116,1999.9332,-5.36,-0.27,11.53,0.58,-10.91,-0.55,-602.14,-0.06
511,空头出场,2026-02-17 03:30,long,1974.04,1.0143,1999.89531,-2.37,-0.12,0.26,0.01,-8.15,-0.41,-604.52,-0.06
511,空头进场,2026-02-17 03:00,short,1971.7,1.0143,1999.89531,-2.37,-0.12,0.26,0.01,-8.15,-0.41,-604.52,-0.06
512,多头出场,2026-02-17 09:30,short,1991.82,1.0131,1999.899924,18.01,0.90,34.46,1.72,-2.98,-0.15,-586.5,-0.06
512,多头进场,2026-02-17 03:30,long,1974.04,1.0131,1999.899924,18.01,0.90,34.46,1.72,-2.98,-0.15,-586.5,-0.06
513,空头出场,2026-02-17 10:00,long,2004.87,1.0041,1999.986462,-13.1,-0.66,12.17,0.61,-16.83,-0.84,-599.61,-0.06
513,空头进场,2026-02-17 09:30,short,1991.82,1.0041,1999.986462,-13.1,-0.66,12.17,0.61,-16.83,-0.84,-599.61,-0.06
514,多头出场,2026-02-17 10:30,short,1998.59,0.9975,1999.857825,-6.26,-0.31,0.53,0.03,-6.26,-0.31,-605.87,-0.06
514,多头进场,2026-02-17 10:00,long,2004.87,0.9975,1999.857825,-6.26,-0.31,0.53,0.03,-6.26,-0.31,-605.87,-0.06
515,空头出场,2026-02-17 18:30,shortTP,1963.04,1.0007,1999.989013,35.57,1.78,35.57,1.78,-0.63,-0.03,-570.3,-0.06
515,空头进场,2026-02-17 10:30,short,1998.59,1.0007,1999.989013,35.57,1.78,35.57,1.78,-0.63,-0.03,-570.3,-0.06
516,多头出场,2026-02-17 22:30,longTP,1969.76,1.0153,1999.897328,0,0.00,33.44,1.67,-5.1,-0.25,-570.3,-0.06
516,多头进场,2026-02-17 20:30,long,1969.76,1.0153,1999.897328,0,0.00,33.44,1.67,-5.1,-0.25,-570.3,-0.06
517,空头出场,2026-02-18 00:00,shortTP,1973.28,1.0264,1999.930136,-25.44,-1.27,7.01,0.35,-25.44,-1.27,-595.74,-0.06
517,空头进场,2026-02-17 22:30,short,1948.49,1.0264,1999.930136,-25.44,-1.27,7.01,0.35,-25.44,-1.27,-595.74,-0.06
518,多头出场,2026-02-18 01:30,longTP,1956.2,1.0078,1999.82793,-28.37,-1.42,26.32,1.32,-28.37,-1.42,-624.11,-0.06
518,多头进场,2026-02-18 00:00,long,1984.35,1.0078,1999.82793,-28.37,-1.42,26.32,1.32,-28.37,-1.42,-624.11,-0.06
519,空头出场,2026-02-18 11:00,shortTP,1993.92,1.003,1999.90176,0,0.00,25.32,1.27,-4.28,-0.21,-624.11,-0.06
519,空头进场,2026-02-18 06:30,short,1993.92,1.003,1999.90176,0,0.00,25.32,1.27,-4.28,-0.21,-624.11,-0.06
520,多头出场,2026-02-18 16:00,longTP,2029.26,1.0028,1999.803816,35.14,1.76,35.14,1.76,-1.1,-0.06,-588.97,-0.06
520,多头进场,2026-02-18 11:00,long,1994.22,1.0028,1999.803816,35.14,1.76,35.14,1.76,-1.1,-0.06,-588.97,-0.06
521,空头出场,2026-02-18 19:00,shortTP,1977.21,0.9939,1999.856007,34.71,1.74,34.71,1.74,-0.17,-0.01,-554.26,-0.06
521,空头进场,2026-02-18 18:00,short,2012.13,0.9939,1999.856007,34.71,1.74,34.71,1.74,-0.17,-0.01,-554.26,-0.06
522,多头出场,2026-02-19 00:30,short,1971.78,1.0073,1999.974004,-13.8,-0.69,0.19,0.01,-20.63,-1.03,-568.06,-0.06
522,多头进场,2026-02-18 23:30,long,1985.48,1.0073,1999.974004,-13.8,-0.69,0.19,0.01,-20.63,-1.03,-568.06,-0.06
523,空头出场,2026-02-19 01:30,long,1974.57,1.0143,1999.976454,-2.83,-0.14,0.98,0.05,-16.34,-0.82,-570.89,-0.06
523,空头进场,2026-02-19 00:30,short,1971.78,1.0143,1999.976454,-2.83,-0.14,0.98,0.05,-16.34,-0.82,-570.89,-0.06
524,多头出场,2026-02-19 02:00,short,1968.63,1.0128,1999.844496,-6.02,-0.30,3.06,0.15,-19.01,-0.95,-576.91,-0.06
524,多头进场,2026-02-19 01:30,long,1974.57,1.0128,1999.844496,-6.02,-0.30,3.06,0.15,-19.01,-0.95,-576.91,-0.06
525,空头出场,2026-02-19 09:00,shortTP,1968.63,1.0159,1999.931217,0,0.00,45.56,2.28,-3.49,-0.17,-576.91,-0.06
525,空头进场,2026-02-19 02:00,short,1968.63,1.0159,1999.931217,0,0.00,45.56,2.28,-3.49,-0.17,-576.91,-0.06
526,空头出场,2026-02-19 21:00,shortTP,1941.81,1.0138,1999.852294,31.25,1.56,31.25,1.56,-7.99,-0.40,-545.66,-0.05
526,空头进场,2026-02-19 16:00,short,1972.63,1.0138,1999.852294,31.25,1.56,31.25,1.56,-7.99,-0.40,-545.66,-0.05
527,空头出场,2026-02-20 11:00,long,1958.26,1.0261,1999.848378,-9.52,-0.48,0.07,0.00,-11.96,-0.60,-555.19,-0.06
527,空头进场,2026-02-20 10:00,short,1948.98,1.0261,1999.848378,-9.52,-0.48,0.07,0.00,-11.96,-0.60,-555.19,-0.06
528,多头出场,2026-02-20 12:00,longTP,1941.76,1.0213,1999.970938,-16.85,-0.84,2.08,0.10,-16.85,-0.84,-572.04,-0.06
528,多头进场,2026-02-20 11:00,long,1958.26,1.0213,1999.970938,-16.85,-0.84,2.08,0.10,-16.85,-0.84,-572.04,-0.06
529,空头出场,2026-02-20 13:30,shortTP,1955.52,1.032,1999.94376,-18.15,-0.91,3.25,0.16,-18.15,-0.91,-590.19,-0.06
529,空头进场,2026-02-20 12:00,short,1937.93,1.032,1999.94376,-18.15,-0.91,3.25,0.16,-18.15,-0.91,-590.19,-0.06
530,多头出场,2026-02-20 18:30,short,1957.54,1.0235,1999.89853,3.64,0.18,20.35,1.02,-4.26,-0.21,-586.55,-0.06
530,多头进场,2026-02-20 14:00,long,1953.98,1.0235,1999.89853,3.64,0.18,20.35,1.02,-4.26,-0.21,-586.55,-0.06
531,空头出场,2026-02-20 21:30,shortTP,1926.99,1.0216,1999.822864,31.21,1.56,31.21,1.56,-0.04,0.00,-555.34,-0.06
531,空头进场,2026-02-20 18:30,short,1957.54,1.0216,1999.822864,31.21,1.56,31.21,1.56,-0.04,0.00,-555.34,-0.06
532,多头出场,2026-02-21 07:00,short,1967.41,1.0222,1999.995632,11.09,0.55,25.17,1.26,-17.74,-0.89,-544.25,-0.05
532,多头进场,2026-02-20 23:00,long,1956.56,1.0222,1999.995632,11.09,0.55,25.17,1.26,-17.74,-0.89,-544.25,-0.05
533,空头出场,2026-02-21 16:00,long,1964.54,1.0165,1999.872265,2.92,0.15,11.98,0.60,-3.34,-0.17,-541.33,-0.05
533,空头进场,2026-02-21 07:00,short,1967.41,1.0165,1999.872265,2.92,0.15,11.98,0.60,-3.34,-0.17,-541.33,-0.05
534,多头出场,2026-02-21 19:00,longTP,1983.75,1.018,1999.90172,19.56,0.98,19.56,0.98,-0.87,-0.04,-521.77,-0.05
534,多头进场,2026-02-21 16:00,long,1964.54,1.018,1999.90172,19.56,0.98,19.56,0.98,-0.87,-0.04,-521.77,-0.05
535,多头出场,2026-02-22 04:30,longTP,1982.1,1.004,1999.93788,-9.91,-0.50,2.81,0.14,-9.91,-0.50,-531.68,-0.05
535,多头进场,2026-02-22 02:30,long,1991.97,1.004,1999.93788,-9.91,-0.50,2.81,0.14,-9.91,-0.50,-531.68,-0.05
536,多头出场,2026-02-22 10:30,short,1972.23,1.0125,1999.89,-3.01,-0.15,1.07,0.05,-3.03,-0.15,-534.69,-0.05
536,多头进场,2026-02-22 10:00,long,1975.2,1.0125,1999.89,-3.01,-0.15,1.07,0.05,-3.03,-0.15,-534.69,-0.05
537,空头出场,2026-02-22 12:30,long,1973.62,1.014,1999.84122,-1.41,-0.07,4.9,0.24,-4.09,-0.20,-536.1,-0.05
537,空头进场,2026-02-22 10:30,short,1972.23,1.014,1999.84122,-1.41,-0.07,4.9,0.24,-4.09,-0.20,-536.1,-0.05
538,多头出场,2026-02-22 17:00,short,1973.32,1.0133,1999.869146,-0.3,-0.02,6,0.30,-3.08,-0.15,-536.4,-0.05
538,多头进场,2026-02-22 12:30,long,1973.62,1.0133,1999.869146,-0.3,-0.02,6,0.30,-3.08,-0.15,-536.4,-0.05
539,空头出场,2026-02-22 17:30,long,1975.83,1.0135,1999.95982,-2.54,-0.13,1.62,0.08,-2.98,-0.15,-538.95,-0.05
539,空头进场,2026-02-22 17:00,short,1973.32,1.0135,1999.95982,-2.54,-0.13,1.62,0.08,-2.98,-0.15,-538.95,-0.05
540,多头出场,2026-02-22 20:00,longTP,1975.83,1.0122,1999.935126,0,0.00,7.39,0.37,-0.82,-0.04,-538.95,-0.05
540,多头进场,2026-02-22 17:30,long,1975.83,1.0122,1999.935126,0,0.00,7.39,0.37,-0.82,-0.04,-538.95,-0.05
541,空头出场,2026-02-22 21:30,shortTP,1949.58,1.0171,1999.994927,17.08,0.85,17.08,0.85,-2.36,-0.12,-521.87,-0.05
541,空头进场,2026-02-22 20:30,short,1966.37,1.0171,1999.994927,17.08,0.85,17.08,0.85,-2.36,-0.12,-521.87,-0.05
542,空头出场,2026-02-23 09:00,shortTP,1873.62,1.0365,1999.84383,57.84,2.89,64.34,3.22,0,0.00,-464.03,-0.05
542,空头进场,2026-02-23 08:30,short,1929.42,1.0365,1999.84383,57.84,2.89,64.34,3.22,0,0.00,-464.03,-0.05
543,空头出场,2026-02-24 01:00,shortTP,1866.52,1.0488,1999.977696,42.37,2.12,42.37,2.12,-6.62,-0.33,-421.66,-0.04
543,空头进场,2026-02-23 22:30,short,1906.92,1.0488,1999.977696,42.37,2.12,42.37,2.12,-6.62,-0.33,-421.66,-0.04
544,空头出场,2026-02-24 22:30,shortTP,1834.34,1.0863,1999.823985,7.18,0.36,44.48,2.22,-14.68,-0.73,-414.48,-0.04
544,空头进场,2026-02-24 09:30,short,1840.95,1.0863,1999.823985,7.18,0.36,44.48,2.22,-14.68,-0.73,-414.48,-0.04
545,多头出场,2026-02-25 05:00,short,1847.81,1.09,1999.8557,14.26,0.71,33.41,1.67,-6.83,-0.34,-400.22,-0.04
545,多头进场,2026-02-24 22:30,long,1834.73,1.09,1999.8557,14.26,0.71,33.41,1.67,-6.83,-0.34,-400.22,-0.04
546,空头出场,2026-02-25 06:30,long,1860.56,1.0823,1999.884763,-13.8,-0.69,1.3,0.06,-17.64,-0.88,-414.02,-0.04
546,空头进场,2026-02-25 05:00,short,1847.81,1.0823,1999.884763,-13.8,-0.69,1.3,0.06,-17.64,-0.88,-414.02,-0.04
547,多头出场,2026-02-25 07:00,short,1857.72,1.0749,1999.915944,-3.05,-0.15,0.05,0.00,-9.12,-0.46,-417.08,-0.04
547,多头进场,2026-02-25 06:30,long,1860.56,1.0749,1999.915944,-3.05,-0.15,0.05,0.00,-9.12,-0.46,-417.08,-0.04
548,空头出场,2026-02-25 09:00,shortTP,1874.52,1.0765,1999.83558,-18.09,-0.90,11.82,0.59,-18.09,-0.90,-435.16,-0.04
548,空头进场,2026-02-25 07:00,short,1857.72,1.0765,1999.83558,-18.09,-0.90,11.82,0.59,-18.09,-0.90,-435.16,-0.04
549,多头出场,2026-02-25 11:00,longTP,1910.09,1.047,1999.86423,0,0.00,36.4,1.82,-1.58,-0.08,-435.16,-0.04
549,多头进场,2026-02-25 09:00,long,1910.09,1.047,1999.86423,0,0.00,36.4,1.82,-1.58,-0.08,-435.16,-0.04
550,多头出场,2026-02-25 20:30,longTP,1952.37,1.0454,1999.8502,41.16,2.06,41.16,2.06,-5.48,-0.27,-394,-0.04
550,多头进场,2026-02-25 17:00,long,1913,1.0454,1999.8502,41.16,2.06,41.16,2.06,-5.48,-0.27,-394,-0.04
551,多头出场,2026-02-26 19:00,short,2059.24,0.9638,1999.827172,-15.13,-0.76,8.09,0.40,-16.98,-0.85,-409.14,-0.04
551,多头进场,2026-02-26 17:30,long,2074.94,0.9638,1999.827172,-15.13,-0.76,8.09,0.40,-16.98,-0.85,-409.14,-0.04
552,空头出场,2026-02-26 20:30,long,2070,0.9712,1999.933888,-10.45,-0.52,5.61,0.28,-12.16,-0.61,-419.59,-0.04
552,空头进场,2026-02-26 19:00,short,2059.24,0.9712,1999.933888,-10.45,-0.52,5.61,0.28,-12.16,-0.61,-419.59,-0.04
553,多头出场,2026-02-26 22:30,longTP,2048.87,0.9661,1999.827,-20.41,-1.02,7.55,0.38,-20.41,-1.02,-440,-0.04
553,多头进场,2026-02-26 20:30,long,2070,0.9661,1999.827,-20.41,-1.02,7.55,0.38,-20.41,-1.02,-440,-0.04
554,空头出场,2026-02-27 00:30,shortTP,1996.67,0.975,1999.91025,53.16,2.66,53.16,2.66,-2.18,-0.11,-386.84,-0.04
554,空头进场,2026-02-26 22:30,short,2051.19,0.975,1999.91025,53.16,2.66,53.16,2.66,-2.18,-0.11,-386.84,-0.04
555,多头出场,2026-02-27 08:30,short,2014.79,0.9872,1999.899376,-10.9,-0.54,16.7,0.84,-17.27,-0.86,-397.74,-0.04
555,多头进场,2026-02-27 03:00,long,2025.83,0.9872,1999.899376,-10.9,-0.54,16.7,0.84,-17.27,-0.86,-397.74,-0.04
556,空头出场,2026-02-27 10:00,long,2026.29,0.9926,1999.880554,-11.41,-0.57,14.66,0.73,-19.07,-0.95,-409.16,-0.04
556,空头进场,2026-02-27 08:30,short,2014.79,0.9926,1999.880554,-11.41,-0.57,14.66,0.73,-19.07,-0.95,-409.16,-0.04
557,多头出场,2026-02-27 14:30,short,2035.91,0.987,1999.94823,9.49,0.47,36.75,1.84,-6.7,-0.34,-399.66,-0.04
557,多头进场,2026-02-27 10:00,long,2026.29,0.987,1999.94823,9.49,0.47,36.75,1.84,-6.7,-0.34,-399.66,-0.04
558,空头出场,2026-02-27 18:00,shortTP,1990.72,0.9823,1999.874393,44.39,2.22,44.39,2.22,-9.84,-0.49,-355.27,-0.04
558,空头进场,2026-02-27 14:30,short,2035.91,0.9823,1999.874393,44.39,2.22,44.39,2.22,-9.84,-0.49,-355.27,-0.04
559,空头出场,2026-02-28 15:30,shortTP,1880.56,1.0635,1999.97556,0,0.00,48.07,2.40,-0.41,-0.02,-355.27,-0.04
559,空头进场,2026-02-28 14:00,short,1880.56,1.0635,1999.97556,0,0.00,48.07,2.40,-0.41,-0.02,-355.27,-0.04
560,多头出场,2026-03-01 12:00,longTP,2012.36,0.9938,1999.883368,0,0.00,42.18,2.11,-3.73,-0.19,-355.27,-0.04
560,多头进场,2026-03-01 09:30,long,2012.36,0.9938,1999.883368,0,0.00,42.18,2.11,-3.73,-0.19,-355.27,-0.04
561,多头出场,2026-03-02 00:30,longTP,1977.82,0.9967,1999.958286,-28.67,-1.43,21.35,1.07,-28.67,-1.43,-383.94,-0.04
561,多头进场,2026-03-01 21:30,long,2006.58,0.9967,1999.958286,-28.67,-1.43,21.35,1.07,-28.67,-1.43,-383.94,-0.04
562,空头出场,2026-03-02 04:30,shortTP,1908.72,1.0131,1999.889793,66.17,3.31,66.17,3.31,-23.81,-1.19,-317.77,-0.03
562,空头进场,2026-03-02 00:30,short,1974.03,1.0131,1999.889793,66.17,3.31,66.17,3.31,-23.81,-1.19,-317.77,-0.03
563,空头出场,2026-03-02 16:30,shortTP,1950.22,1.0255,1999.95061,0,0.00,30.99,1.55,-1.52,-0.08,-317.77,-0.03
563,空头进场,2026-03-02 14:00,short,1950.22,1.0255,1999.95061,0,0.00,30.99,1.55,-1.52,-0.08,-317.77,-0.03
564,多头出场,2026-03-02 19:00,short,1938.48,1.0213,1999.827956,-20.06,-1.00,5.37,0.27,-23.06,-1.15,-337.83,-0.03
564,多头进场,2026-03-02 17:00,long,1958.12,1.0213,1999.827956,-20.06,-1.00,5.37,0.27,-23.06,-1.15,-337.83,-0.03
565,空头出场,2026-03-02 19:30,long,1947.81,1.0317,1999.929816,-9.63,-0.48,2.37,0.12,-16.85,-0.84,-347.46,-0.03
565,空头进场,2026-03-02 19:00,short,1938.48,1.0317,1999.929816,-9.63,-0.48,2.37,0.12,-16.85,-0.84,-347.46,-0.03
566,多头出场,2026-03-02 20:00,short,1938.47,1.0267,1999.816527,-9.59,-0.48,1.2,0.06,-12.25,-0.61,-357.04,-0.04
566,多头进场,2026-03-02 19:30,long,1947.81,1.0267,1999.816527,-9.59,-0.48,1.2,0.06,-12.25,-0.61,-357.04,-0.04
567,空头出场,2026-03-02 22:30,shortTP,1963.52,1.0317,1999.919499,-25.84,-1.29,17.3,0.87,-25.84,-1.29,-382.89,-0.04
567,空头进场,2026-03-02 20:00,short,1938.47,1.0317,1999.919499,-25.84,-1.29,17.3,0.87,-25.84,-1.29,-382.89,-0.04
568,多头出场,2026-03-02 23:30,longTP,2050.53,1.0102,1999.94345,71.5,3.58,71.5,3.58,-5.44,-0.27,-311.39,-0.03
568,多头进场,2026-03-02 22:30,long,1979.75,1.0102,1999.94345,71.5,3.58,71.5,3.58,-5.44,-0.27,-311.39,-0.03
569,空头出场,2026-03-03 23:30,long,1969.22,1.0295,1999.958175,-27.35,-1.37,0.26,0.01,-30.95,-1.55,-338.74,-0.03
569,空头进场,2026-03-03 23:00,short,1942.65,1.0295,1999.958175,-27.35,-1.37,0.26,0.01,-30.95,-1.55,-338.74,-0.03
570,多头出场,2026-03-04 00:30,longTP,1969.22,1.0156,1999.939832,0,0.00,45.6,2.28,-4.35,-0.22,-338.74,-0.03
570,多头进场,2026-03-03 23:30,long,1969.22,1.0156,1999.939832,0,0.00,45.6,2.28,-4.35,-0.22,-338.74,-0.03
571,空头出场,2026-03-04 06:30,long,1983.31,1.0187,1999.993336,-20.4,-1.02,1.6,0.08,-25.39,-1.27,-359.14,-0.04
571,空头进场,2026-03-04 05:00,short,1963.28,1.0187,1999.993336,-20.4,-1.02,1.6,0.08,-25.39,-1.27,-359.14,-0.04
572,多头出场,2026-03-04 08:30,short,1976.68,1.0084,1999.969804,-6.69,-0.33,18.47,0.92,-21.61,-1.08,-365.83,-0.04
572,多头进场,2026-03-04 06:30,long,1983.31,1.0084,1999.969804,-6.69,-0.33,18.47,0.92,-21.61,-1.08,-365.83,-0.04
573,空头出场,2026-03-04 13:30,shortTP,1976.68,1.0117,1999.807156,0,0.00,31.97,1.60,-22.24,-1.11,-365.83,-0.04
573,空头进场,2026-03-04 08:30,short,1976.68,1.0117,1999.807156,0,0.00,31.97,1.60,-22.24,-1.11,-365.83,-0.04
574,多头出场,2026-03-04 16:00,longTP,2017.25,1.0166,1999.886018,50.85,2.54,50.85,2.54,0,0.00,-314.98,-0.03
574,多头进场,2026-03-04 14:00,long,1967.23,1.0166,1999.886018,50.85,2.54,50.85,2.54,0,0.00,-314.98,-0.03
575,多头出场,2026-03-05 06:30,longTP,2139.02,0.935,1999.9837,0,0.00,56.08,2.80,-15.36,-0.77,-314.98,-0.03
575,多头进场,2026-03-04 23:00,long,2139.02,0.935,1999.9837,0,0.00,56.08,2.80,-15.36,-0.77,-314.98,-0.03
576,多头出场,2026-03-05 13:00,short,2119.45,0.9357,1999.927752,-16.76,-0.84,1.83,0.09,-19.35,-0.97,-331.74,-0.03
576,多头进场,2026-03-05 12:30,long,2137.36,0.9357,1999.927752,-16.76,-0.84,1.83,0.09,-19.35,-0.97,-331.74,-0.03
577,空头出场,2026-03-05 15:00,long,2126.43,0.9436,1999.91302,-6.59,-0.33,8.78,0.44,-12.34,-0.62,-338.33,-0.03
577,空头进场,2026-03-05 13:00,short,2119.45,0.9436,1999.91302,-6.59,-0.33,8.78,0.44,-12.34,-0.62,-338.33,-0.03
578,多头出场,2026-03-05 15:30,short,2104.96,0.9405,1999.907415,-20.19,-1.01,0,0.00,-28.89,-1.44,-358.52,-0.04
578,多头进场,2026-03-05 15:00,long,2126.43,0.9405,1999.907415,-20.19,-1.01,0,0.00,-28.89,-1.44,-358.52,-0.04
579,空头出场,2026-03-05 17:00,shortTP,2131.94,0.9501,1999.922496,-25.63,-1.28,10.76,0.54,-25.63,-1.28,-384.15,-0.04
579,空头进场,2026-03-05 15:30,short,2104.96,0.9501,1999.922496,-25.63,-1.28,10.76,0.54,-25.63,-1.28,-384.15,-0.04
580,多头出场,2026-03-05 20:00,longTP,2129.1,0.9393,1999.86363,0,0.00,32.46,1.62,-8.56,-0.43,-384.15,-0.04
580,多头进场,2026-03-05 17:00,long,2129.1,0.9393,1999.86363,0,0.00,32.46,1.62,-8.56,-0.43,-384.15,-0.04
581,空头出场,2026-03-06 00:00,shortTP,2059.42,0.942,1999.89426,59.92,3.00,59.92,3.00,-8.12,-0.41,-324.23,-0.03
581,空头进场,2026-03-05 21:00,short,2123.03,0.942,1999.89426,59.92,3.00,59.92,3.00,-8.12,-0.41,-324.23,-0.03
582,空头出场,2026-03-06 09:30,long,2087.65,0.9683,1999.888088,-21.58,-1.08,0,0.00,-25.2,-1.26,-345.81,-0.03
582,空头进场,2026-03-06 09:00,short,2065.36,0.9683,1999.888088,-21.58,-1.08,0,0.00,-25.2,-1.26,-345.81,-0.03
583,多头出场,2026-03-06 12:30,longTP,2066.37,0.958,1999.9687,-20.39,-1.02,5.44,0.27,-20.39,-1.02,-366.2,-0.04
583,多头进场,2026-03-06 09:30,long,2087.65,0.958,1999.9687,-20.39,-1.02,5.44,0.27,-20.39,-1.02,-366.2,-0.04
584,空头出场,2026-03-06 15:00,long,2084.15,0.9657,1999.829502,-12.83,-0.64,11.11,0.56,-13.11,-0.66,-379.03,-0.04
584,空头进场,2026-03-06 12:30,short,2070.86,0.9657,1999.829502,-12.83,-0.64,11.11,0.56,-13.11,-0.66,-379.03,-0.04
585,多头出场,2026-03-06 17:00,longTP,2065.47,0.9596,1999.95034,-17.93,-0.90,3.37,0.17,-17.93,-0.90,-396.96,-0.04
585,多头进场,2026-03-06 15:00,long,2084.15,0.9596,1999.95034,-17.93,-0.90,3.37,0.17,-17.93,-0.90,-396.96,-0.04
586,空头出场,2026-03-06 21:30,shortTP,2057.1,0.9722,1999.91262,0,0.00,19.33,0.97,-11.99,-0.60,-396.96,-0.04
586,空头进场,2026-03-06 17:00,short,2057.1,0.9722,1999.91262,0,0.00,19.33,0.97,-11.99,-0.60,-396.96,-0.04
587,空头出场,2026-03-08 03:00,shortTP,1957.98,1.0091,1999.83438,24.04,1.20,24.04,1.20,-8.53,-0.43,-372.92,-0.04
587,空头进场,2026-03-07 21:00,short,1981.8,1.0091,1999.83438,24.04,1.20,24.04,1.20,-8.53,-0.43,-372.92,-0.04
588,多头出场,2026-03-08 10:30,longTP,1959.11,1.0149,1999.992387,-11.69,-0.58,6.82,0.34,-12.45,-0.62,-384.61,-0.04
588,多头进场,2026-03-08 05:30,long,1970.63,1.0149,1999.992387,-11.69,-0.58,6.82,0.34,-12.45,-0.62,-384.61,-0.04
589,空头出场,2026-03-08 15:00,shortTP,1956.55,1.0296,1999.833264,-14.63,-0.73,12.71,0.64,-14.63,-0.73,-399.25,-0.04
589,空头进场,2026-03-08 10:30,short,1942.34,1.0296,1999.833264,-14.63,-0.73,12.71,0.64,-14.63,-0.73,-399.25,-0.04
590,空头出场,2026-03-08 20:30,shortTP,1951.38,1.0249,1999.969362,0,0.00,25.88,1.29,-3.37,-0.17,-399.25,-0.04
590,空头进场,2026-03-08 19:30,short,1951.38,1.0249,1999.969362,0,0.00,25.88,1.29,-3.37,-0.17,-399.25,-0.04
591,多头出场,2026-03-09 06:00,longTP,1940.7,1.0206,1999.906524,-19.23,-0.96,12.67,0.63,-19.23,-0.96,-418.47,-0.04
591,多头进场,2026-03-09 03:00,long,1959.54,1.0206,1999.906524,-19.23,-0.96,12.67,0.63,-19.23,-0.96,-418.47,-0.04
592,空头出场,2026-03-09 07:00,shortTP,1952.51,1.0363,1999.893192,-23.49,-1.17,5.95,0.30,-23.49,-1.17,-441.97,-0.04
592,空头进场,2026-03-09 06:00,short,1929.84,1.0363,1999.893192,-23.49,-1.17,5.95,0.30,-23.49,-1.17,-441.97,-0.04
593,多头出场,2026-03-09 11:00,longTP,2000.8,1.0251,1999.959849,51.06,2.55,51.06,2.55,-12.98,-0.65,-390.91,-0.04
593,多头进场,2026-03-09 08:30,long,1950.99,1.0251,1999.959849,51.06,2.55,51.06,2.55,-12.98,-0.65,-390.91,-0.04
594,空头出场,2026-03-09 17:00,shortTP,2002.4,1.0117,1999.817273,-26.01,-1.30,1.16,0.06,-26.01,-1.30,-416.92,-0.04
594,空头进场,2026-03-09 15:00,short,1976.69,1.0117,1999.817273,-26.01,-1.30,1.16,0.06,-26.01,-1.30,-416.92,-0.04
595,多头出场,2026-03-09 18:30,short,1995.41,0.9979,1999.831516,-8.61,-0.43,17.92,0.90,-11.46,-0.57,-425.53,-0.04
595,多头进场,2026-03-09 17:00,long,2004.04,0.9979,1999.831516,-8.61,-0.43,17.92,0.90,-11.46,-0.57,-425.53,-0.04
596,空头出场,2026-03-09 21:00,long,2018.22,1.0023,1999.999443,-22.86,-1.14,14.51,0.73,-23,-1.15,-448.39,-0.04
596,空头进场,2026-03-09 18:30,short,1995.41,1.0023,1999.999443,-22.86,-1.14,14.51,0.73,-23,-1.15,-448.39,-0.04
597,多头出场,2026-03-10 04:30,longTP,2023,0.9909,1999.854198,4.74,0.24,34.98,1.75,-12.35,-0.62,-443.65,-0.04
597,多头进场,2026-03-09 21:00,long,2018.22,0.9909,1999.854198,4.74,0.24,34.98,1.75,-12.35,-0.62,-443.65,-0.04
598,空头出场,2026-03-10 09:30,long,2019.21,0.9872,1999.958608,6.59,0.33,36.3,1.82,-9.38,-0.47,-437.06,-0.04
598,空头进场,2026-03-10 04:30,short,2025.89,0.9872,1999.958608,6.59,0.33,36.3,1.82,-9.38,-0.47,-437.06,-0.04
599,多头出场,2026-03-10 16:00,longTP,2062.3,0.9904,1999.825584,42.68,2.13,42.68,2.13,-5.15,-0.26,-394.38,-0.04
599,多头进场,2026-03-10 09:30,long,2019.21,0.9904,1999.825584,42.68,2.13,42.68,2.13,-5.15,-0.26,-394.38,-0.04
600,多头出场,2026-03-11 02:00,longTP,2042.22,0.9665,1999.80448,-26,-1.30,18.43,0.92,-26,-1.30,-420.38,-0.04
600,多头进场,2026-03-10 23:00,long,2069.12,0.9665,1999.80448,-26,-1.30,18.43,0.92,-26,-1.30,-420.38,-0.04
601,空头出场,2026-03-11 08:00,long,2037.79,0.9771,1999.869654,8.75,0.44,28.08,1.40,-8.39,-0.42,-411.64,-0.04
601,空头进场,2026-03-11 02:00,short,2046.74,0.9771,1999.869654,8.75,0.44,28.08,1.40,-8.39,-0.42,-411.64,-0.04
602,多头出场,2026-03-11 10:30,short,2026.71,0.9814,1999.887106,-10.87,-0.54,3.85,0.19,-18.73,-0.94,-422.51,-0.04
602,多头进场,2026-03-11 08:00,long,2037.79,0.9814,1999.887106,-10.87,-0.54,3.85,0.19,-18.73,-0.94,-422.51,-0.04
603,空头出场,2026-03-11 12:00,long,2034.66,0.9868,1999.957428,-7.85,-0.39,8.47,0.42,-10.21,-0.51,-430.36,-0.04
603,空头进场,2026-03-11 10:30,short,2026.71,0.9868,1999.957428,-7.85,-0.39,8.47,0.42,-10.21,-0.51,-430.36,-0.04
604,多头出场,2026-03-11 13:30,longTP,2016.01,0.9829,1999.867314,-18.33,-0.92,6.71,0.34,-18.33,-0.92,-448.69,-0.04
604,多头进场,2026-03-11 12:00,long,2034.66,0.9829,1999.867314,-18.33,-0.92,6.71,0.34,-18.33,-0.92,-448.69,-0.04
605,空头出场,2026-03-11 16:30,long,2023.76,0.9927,1999.923201,-9.06,-0.45,7.41,0.37,-11.29,-0.56,-457.75,-0.05
605,空头进场,2026-03-11 13:30,short,2014.63,0.9927,1999.923201,-9.06,-0.45,7.41,0.37,-11.29,-0.56,-457.75,-0.05
606,多头出场,2026-03-11 21:30,longTP,2062.08,0.9882,1999.879632,37.87,1.89,37.87,1.89,-10.82,-0.54,-419.88,-0.04
606,多头进场,2026-03-11 16:30,long,2023.76,0.9882,1999.879632,37.87,1.89,37.87,1.89,-10.82,-0.54,-419.88,-0.04
607,多头出场,2026-03-12 17:30,longTP,2062.21,0.9848,1999.8826,30.98,1.55,30.98,1.55,-5.01,-0.25,-388.9,-0.04
607,多头进场,2026-03-12 14:00,long,2030.75,0.9848,1999.8826,30.98,1.55,30.98,1.55,-5.01,-0.25,-388.9,-0.04
608,空头出场,2026-03-12 23:30,long,2072.33,0.9715,1999.881325,-13.39,-0.67,20.17,1.01,-22.78,-1.14,-402.29,-0.04
608,空头进场,2026-03-12 22:00,short,2058.55,0.9715,1999.881325,-13.39,-0.67,20.17,1.01,-22.78,-1.14,-402.29,-0.04
609,多头出场,2026-03-13 00:00,short,2063.59,0.965,1999.79845,-8.43,-0.42,5.56,0.28,-15.44,-0.77,-410.72,-0.04
609,多头进场,2026-03-12 23:30,long,2072.33,0.965,1999.79845,-8.43,-0.42,5.56,0.28,-15.44,-0.77,-410.72,-0.04
610,空头出场,2026-03-13 00:30,long,2069.63,0.9691,1999.825069,-5.85,-0.29,1.12,0.06,-11.89,-0.59,-416.58,-0.04
610,空头进场,2026-03-13 00:00,short,2063.59,0.9691,1999.825069,-5.85,-0.29,1.12,0.06,-11.89,-0.59,-416.58,-0.04
611,多头出场,2026-03-13 01:00,short,2061.53,0.9663,1999.883469,-7.83,-0.39,5.42,0.27,-11.45,-0.57,-424.4,-0.04
611,多头进场,2026-03-13 00:30,long,2069.63,0.9663,1999.883469,-7.83,-0.39,5.42,0.27,-11.45,-0.57,-424.4,-0.04
612,空头出场,2026-03-13 03:30,long,2069.59,0.9701,1999.890253,-7.82,-0.39,15.63,0.78,-11.61,-0.58,-432.22,-0.04
612,空头进场,2026-03-13 01:00,short,2061.53,0.9701,1999.890253,-7.82,-0.39,15.63,0.78,-11.61,-0.58,-432.22,-0.04
613,多头出场,2026-03-13 05:00,short,2060.91,0.9663,1999.844817,-8.39,-0.42,4.08,0.20,-9.18,-0.46,-440.61,-0.04
613,多头进场,2026-03-13 03:30,long,2069.59,0.9663,1999.844817,-8.39,-0.42,4.08,0.20,-9.18,-0.46,-440.61,-0.04
614,空头出场,2026-03-13 06:30,long,2065.3,0.9704,1999.907064,-4.26,-0.21,5.74,0.29,-6.43,-0.32,-444.87,-0.04
614,空头进场,2026-03-13 05:00,short,2060.91,0.9704,1999.907064,-4.26,-0.21,5.74,0.29,-6.43,-0.32,-444.87,-0.04
615,多头出场,2026-03-13 08:00,longTP,2107.49,0.9683,1999.82999,40.85,2.04,40.85,2.04,-0.64,-0.03,-404.02,-0.04
615,多头进场,2026-03-13 06:30,long,2065.3,0.9683,1999.82999,40.85,2.04,40.85,2.04,-0.64,-0.03,-404.02,-0.04
616,多头出场,2026-03-13 21:00,longTP,2168.77,0.941,1999.8132,41,2.05,41,2.05,-6.61,-0.33,-363.02,-0.04
616,多头进场,2026-03-13 18:00,long,2125.2,0.941,1999.8132,41,2.05,41,2.05,-6.61,-0.33,-363.02,-0.04
617,多头出场,2026-03-14 14:00,short,2085.06,0.9557,1999.821364,-7.13,-0.36,12.97,0.65,-10.64,-0.53,-370.15,-0.04
617,多头进场,2026-03-14 09:00,long,2092.52,0.9557,1999.821364,-7.13,-0.36,12.97,0.65,-10.64,-0.53,-370.15,-0.04
618,空头出场,2026-03-15 04:30,shortTP,2085.06,0.9592,1999.989552,0,0.00,22.5,1.13,-0.37,-0.02,-370.15,-0.04
618,空头进场,2026-03-14 14:00,short,2085.06,0.9592,1999.989552,0,0.00,22.5,1.13,-0.37,-0.02,-370.15,-0.04
619,空头出场,2026-03-15 10:00,shortTP,2095.67,0.9588,1999.980096,-9.35,-0.47,2.46,0.12,-9.35,-0.47,-379.5,-0.04
619,空头进场,2026-03-15 09:00,short,2085.92,0.9588,1999.980096,-9.35,-0.47,2.46,0.12,-9.35,-0.47,-379.5,-0.04
620,多头出场,2026-03-15 13:00,longTP,2115.8,0.9554,1999.833726,21.6,1.08,21.6,1.08,-2.86,-0.14,-357.89,-0.04
620,多头进场,2026-03-15 10:00,long,2093.19,0.9554,1999.833726,21.6,1.08,21.6,1.08,-2.86,-0.14,-357.89,-0.04
621,多头出场,2026-03-15 20:30,longTP,2112.93,0.9465,1999.888245,0,0.00,9.95,0.50,-0.09,0.00,-357.89,-0.04
621,多头进场,2026-03-15 16:30,long,2112.93,0.9465,1999.888245,0,0.00,9.95,0.50,-0.09,0.00,-357.89,-0.04
622,多头出场,2026-03-16 02:30,longTP,2097.59,0.9475,1999.954575,-12.49,-0.62,2.62,0.13,-12.49,-0.62,-370.38,-0.04
622,多头进场,2026-03-16 01:30,long,2110.77,0.9475,1999.954575,-12.49,-0.62,2.62,0.13,-12.49,-0.62,-370.38,-0.04
623,多头出场,2026-03-16 12:00,longTP,2260.49,0.9086,1999.901288,53.98,2.70,53.98,2.70,-0.23,-0.01,-316.4,-0.03
623,多头进场,2026-03-16 11:00,long,2201.08,0.9086,1999.901288,53.98,2.70,53.98,2.70,-0.23,-0.01,-316.4,-0.03
624,多头出场,2026-03-16 22:30,longTP,2270.27,0.8695,1999.85,-25.85,-1.29,7.43,0.37,-25.85,-1.29,-342.25,-0.03
624,多头进场,2026-03-16 20:00,long,2300,0.8695,1999.85,-25.85,-1.29,7.43,0.37,-25.85,-1.29,-342.25,-0.03
625,多头出场,2026-03-17 05:30,longTP,2375.06,0.864,1999.93536,52.12,2.61,52.12,2.61,-0.98,-0.05,-290.14,-0.03
625,多头进场,2026-03-17 01:30,long,2314.74,0.864,1999.93536,52.12,2.61,52.12,2.61,-0.98,-0.05,-290.14,-0.03
626,多头出场,2026-03-17 17:30,short,2315.79,0.8592,1999.95984,-10.23,-0.51,6.57,0.33,-17.79,-0.89,-300.37,-0.03
626,多头进场,2026-03-17 15:30,long,2327.7,0.8592,1999.95984,-10.23,-0.51,6.57,0.33,-17.79,-0.89,-300.37,-0.03
627,空头出场,2026-03-17 19:00,long,2328.41,0.8636,1999.916244,-10.9,-0.54,10.18,0.51,-14.5,-0.73,-311.27,-0.03
627,空头进场,2026-03-17 17:30,short,2315.79,0.8636,1999.916244,-10.9,-0.54,10.18,0.51,-14.5,-0.73,-311.27,-0.03
628,多头出场,2026-03-17 20:30,short,2315.42,0.8589,1999.871349,-11.16,-0.56,5.66,0.28,-13.43,-0.67,-322.42,-0.03
628,多头进场,2026-03-17 19:00,long,2328.41,0.8589,1999.871349,-11.16,-0.56,5.66,0.28,-13.43,-0.67,-322.42,-0.03
629,空头出场,2026-03-17 21:00,long,2320.57,0.8637,1999.828254,-4.45,-0.22,1.74,0.09,-6.02,-0.30,-326.87,-0.03
629,空头进场,2026-03-17 20:30,short,2315.42,0.8637,1999.828254,-4.45,-0.22,1.74,0.09,-6.02,-0.30,-326.87,-0.03
630,多头出场,2026-03-17 23:00,longTP,2320.57,0.8618,1999.867226,0,0.00,32.02,1.60,-3.29,-0.16,-326.87,-0.03
630,多头进场,2026-03-17 21:00,long,2320.57,0.8618,1999.867226,0,0.00,32.02,1.60,-3.29,-0.16,-326.87,-0.03
631,空头出场,2026-03-18 00:00,long,2331.41,0.8635,1999.84873,-13.32,-0.67,3.06,0.15,-18.12,-0.91,-340.2,-0.03
631,空头进场,2026-03-17 23:30,short,2315.98,0.8635,1999.84873,-13.32,-0.67,3.06,0.15,-18.12,-0.91,-340.2,-0.03
632,多头出场,2026-03-18 03:30,short,2320.22,0.8578,1999.883498,-9.6,-0.48,9.68,0.48,-12.36,-0.62,-349.8,-0.03
632,多头进场,2026-03-18 00:00,long,2331.41,0.8578,1999.883498,-9.6,-0.48,9.68,0.48,-12.36,-0.62,-349.8,-0.03
633,空头出场,2026-03-18 05:00,shortTP,2344.43,0.8619,1999.797618,-20.87,-1.04,2.19,0.11,-20.87,-1.04,-370.66,-0.04
633,空头进场,2026-03-18 03:30,short,2320.22,0.8619,1999.797618,-20.87,-1.04,2.19,0.11,-20.87,-1.04,-370.66,-0.04
634,多头出场,2026-03-18 06:00,short,2328.78,0.8559,1999.836027,-6.63,-0.33,4.78,0.24,-6.63,-0.33,-377.3,-0.04
634,多头进场,2026-03-18 05:00,long,2336.53,0.8559,1999.836027,-6.63,-0.33,4.78,0.24,-6.63,-0.33,-377.3,-0.04
635,空头出场,2026-03-18 09:00,shortTP,2330.16,0.8588,1999.956264,-1.19,-0.06,18.7,0.94,-3.72,-0.19,-378.48,-0.04
635,空头进场,2026-03-18 06:00,short,2328.78,0.8588,1999.956264,-1.19,-0.06,18.7,0.94,-3.72,-0.19,-378.48,-0.04
636,多头出场,2026-03-18 13:00,short,2326.41,0.8579,1999.824953,-4,-0.20,16.24,0.81,-5.21,-0.26,-382.48,-0.04
636,多头进场,2026-03-18 10:00,long,2331.07,0.8579,1999.824953,-4,-0.20,16.24,0.81,-5.21,-0.26,-382.48,-0.04
637,空头出场,2026-03-18 17:00,long,2328.66,0.8596,1999.782036,-1.93,-0.10,12.79,0.64,-4.93,-0.25,-384.41,-0.04
637,空头进场,2026-03-18 13:00,short,2326.41,0.8596,1999.782036,-1.93,-0.10,12.79,0.64,-4.93,-0.25,-384.41,-0.04
638,多头出场,2026-03-18 18:30,longTP,2313.32,0.8588,1999.853208,-13.17,-0.66,4.26,0.21,-13.17,-0.66,-397.59,-0.04
638,多头进场,2026-03-18 17:00,long,2328.66,0.8588,1999.853208,-13.17,-0.66,4.26,0.21,-13.17,-0.66,-397.59,-0.04
639,空头出场,2026-03-18 19:30,shortTP,2276.25,0.8647,1999.904101,31.63,1.58,31.63,1.58,-5.47,-0.27,-365.96,-0.04
639,空头进场,2026-03-18 18:30,short,2312.83,0.8647,1999.904101,31.63,1.58,31.63,1.58,-5.47,-0.27,-365.96,-0.04
640,空头出场,2026-03-19 15:00,shortTP,2144.52,0.9129,1999.926546,42.19,2.11,42.19,2.11,-4.53,-0.23,-323.76,-0.03
640,空头进场,2026-03-19 13:00,short,2190.74,0.9129,1999.926546,42.19,2.11,42.19,2.11,-4.53,-0.23,-323.76,-0.03
641,多头出场,2026-03-19 19:30,longTP,2165.94,0.9134,1999.816228,-21.45,-1.07,2.42,0.12,-21.45,-1.07,-345.21,-0.03
641,多头进场,2026-03-19 17:30,long,2189.42,0.9134,1999.816228,-21.45,-1.07,2.42,0.12,-21.45,-1.07,-345.21,-0.03
642,空头出场,2026-03-20 03:00,shortTP,2155.74,0.9277,1999.879998,0,0.00,52.29,2.61,-2.71,-0.14,-345.21,-0.03
642,空头进场,2026-03-19 20:00,short,2155.74,0.9277,1999.879998,0,0.00,52.29,2.61,-2.71,-0.14,-345.21,-0.03
643,空头出场,2026-03-20 15:30,shortTP,2143.31,0.9331,1999.922561,0,0.00,20.58,1.03,-2.46,-0.12,-345.21,-0.03
643,空头进场,2026-03-20 13:00,short,2143.31,0.9331,1999.922561,0,0.00,20.58,1.03,-2.46,-0.12,-345.21,-0.03
644,多头出场,2026-03-20 17:00,longTP,2150.54,0.9299,1999.787146,0,0.00,24.46,1.22,-3.56,-0.18,-345.21,-0.03
644,多头进场,2026-03-20 15:30,long,2150.54,0.9299,1999.787146,0,0.00,24.46,1.22,-3.56,-0.18,-345.21,-0.03
645,空头出场,2026-03-20 22:30,shortTP,2141.21,0.934,1999.89014,0,0.00,22.72,1.14,-16.33,-0.82,-345.21,-0.03
645,空头进场,2026-03-20 17:30,short,2141.21,0.934,1999.89014,0,0.00,22.72,1.14,-16.33,-0.82,-345.21,-0.03
646,多头出场,2026-03-21 01:00,short,2130.92,0.9344,1999.830912,-8.7,-0.43,0.87,0.04,-9.02,-0.45,-353.91,-0.04
646,多头进场,2026-03-21 00:00,long,2140.23,0.9344,1999.830912,-8.7,-0.43,0.87,0.04,-9.02,-0.45,-353.91,-0.04
647,空头出场,2026-03-21 01:30,long,2136.69,0.9385,1999.86842,-5.42,-0.27,10.51,0.53,-8.52,-0.43,-359.32,-0.04
647,空头进场,2026-03-21 01:00,short,2130.92,0.9385,1999.86842,-5.42,-0.27,10.51,0.53,-8.52,-0.43,-359.32,-0.04
648,多头出场,2026-03-21 02:00,short,2125.56,0.936,1999.94184,-10.42,-0.52,0.92,0.05,-11.71,-0.59,-369.74,-0.04
648,多头进场,2026-03-21 01:30,long,2136.69,0.936,1999.94184,-10.42,-0.52,0.92,0.05,-11.71,-0.59,-369.74,-0.04
649,空头出场,2026-03-21 03:30,long,2132.91,0.9409,1999.939404,-6.92,-0.35,7.67,0.38,-8.85,-0.44,-376.66,-0.04
649,空头进场,2026-03-21 02:00,short,2125.56,0.9409,1999.939404,-6.92,-0.35,7.67,0.38,-8.85,-0.44,-376.66,-0.04
650,多头出场,2026-03-21 10:00,short,2151.91,0.9376,1999.816416,17.81,0.89,32.9,1.65,-8.39,-0.42,-358.84,-0.04
650,多头进场,2026-03-21 03:30,long,2132.91,0.9376,1999.816416,17.81,0.89,32.9,1.65,-8.39,-0.42,-358.84,-0.04
651,空头出场,2026-03-21 10:30,long,2154.9,0.9294,1999.985154,-2.78,-0.14,1.98,0.10,-4.1,-0.20,-361.62,-0.04
651,空头进场,2026-03-21 10:00,short,2151.91,0.9294,1999.985154,-2.78,-0.14,1.98,0.10,-4.1,-0.20,-361.62,-0.04
652,多头出场,2026-03-21 11:30,short,2153.6,0.9281,1999.96269,-1.21,-0.06,0.97,0.05,-3.63,-0.18,-362.83,-0.04
652,多头进场,2026-03-21 10:30,long,2154.9,0.9281,1999.96269,-1.21,-0.06,0.97,0.05,-3.63,-0.18,-362.83,-0.04
653,空头出场,2026-03-21 12:00,long,2156.37,0.9286,1999.83296,-2.57,-0.13,0.28,0.01,-4.26,-0.21,-365.4,-0.04
653,空头进场,2026-03-21 11:30,short,2153.6,0.9286,1999.83296,-2.57,-0.13,0.28,0.01,-4.26,-0.21,-365.4,-0.04
654,多头出场,2026-03-21 12:30,short,2151.75,0.9274,1999.817538,-4.28,-0.21,0,0.00,-5.57,-0.28,-369.68,-0.04
654,多头进场,2026-03-21 12:00,long,2156.37,0.9274,1999.817538,-4.28,-0.21,0,0.00,-5.57,-0.28,-369.68,-0.04
655,空头出场,2026-03-21 15:00,long,2159.99,0.9294,1999.83645,-7.66,-0.38,0,0.00,-8.91,-0.45,-377.34,-0.04
655,空头进场,2026-03-21 12:30,short,2151.75,0.9294,1999.83645,-7.66,-0.38,0,0.00,-8.91,-0.45,-377.34,-0.04
656,多头出场,2026-03-21 15:30,short,2155.67,0.9259,1999.934741,-4,-0.20,0.01,0.00,-5.81,-0.29,-381.34,-0.04
656,多头进场,2026-03-21 15:00,long,2159.99,0.9259,1999.934741,-4,-0.20,0.01,0.00,-5.81,-0.29,-381.34,-0.04
657,空头出场,2026-03-21 20:00,long,2159.51,0.9277,1999.815059,-3.56,-0.18,5.66,0.28,-4.59,-0.23,-384.9,-0.04
657,空头进场,2026-03-21 15:30,short,2155.67,0.9277,1999.815059,-3.56,-0.18,5.66,0.28,-4.59,-0.23,-384.9,-0.04
658,多头出场,2026-03-21 21:00,short,2156.04,0.9261,1999.922211,-3.21,-0.16,0.26,0.01,-3.67,-0.18,-388.12,-0.04
658,多头进场,2026-03-21 20:00,long,2159.51,0.9261,1999.922211,-3.21,-0.16,0.26,0.01,-3.67,-0.18,-388.12,-0.04
659,空头出场,2026-03-21 22:00,shortTP,2164.46,0.9276,1999.942704,-7.81,-0.39,0.96,0.05,-7.81,-0.39,-395.93,-0.04
659,空头进场,2026-03-21 21:00,short,2156.04,0.9276,1999.942704,-7.81,-0.39,0.96,0.05,-7.81,-0.39,-395.93,-0.04
660,多头出场,2026-03-21 22:30,short,2152.13,0.9251,1999.945937,-9.01,-0.45,3.08,0.15,-10.42,-0.52,-404.94,-0.04
660,多头进场,2026-03-21 22:00,long,2161.87,0.9251,1999.945937,-9.01,-0.45,3.08,0.15,-10.42,-0.52,-404.94,-0.04
661,空头出场,2026-03-22 02:00,shortTP,2152.13,0.9293,1999.974409,0,0.00,9.4,0.47,-5.06,-0.25,-404.94,-0.04
661,空头进场,2026-03-21 22:30,short,2152.13,0.9293,1999.974409,0,0.00,9.4,0.47,-5.06,-0.25,-404.94,-0.04
662,多头出场,2026-03-22 06:30,short,2149.94,0.9291,1999.869168,-2.36,-0.12,4.2,0.21,-3.18,-0.16,-407.3,-0.04
662,多头进场,2026-03-22 03:00,long,2152.48,0.9291,1999.869168,-2.36,-0.12,4.2,0.21,-3.18,-0.16,-407.3,-0.04
663,空头出场,2026-03-22 07:30,shortTP,2134.43,0.9302,1999.874188,14.43,0.72,14.43,0.72,0,0.00,-392.87,-0.04
663,空头进场,2026-03-22 06:30,short,2149.94,0.9302,1999.874188,14.43,0.72,14.43,0.72,0,0.00,-392.87,-0.04
664,空头出场,2026-03-22 17:00,shortTP,2093.38,0.9553,1999.805914,0,0.00,18.17,0.91,-2.4,-0.12,-392.87,-0.04
664,空头进场,2026-03-22 15:30,short,2093.38,0.9553,1999.805914,0,0.00,18.17,0.91,-2.4,-0.12,-392.87,-0.04
665,空头出场,2026-03-23 05:00,shortTP,2028,0.9709,1999.820984,30.84,1.54,30.84,1.54,-12.13,-0.61,-362.04,-0.04
665,空头进场,2026-03-23 03:00,short,2059.76,0.9709,1999.820984,30.84,1.54,30.84,1.54,-12.13,-0.61,-362.04,-0.04
666,多头出场,2026-03-23 08:30,longTP,2042.22,0.9696,1999.964832,-19.83,-0.99,11.14,0.56,-19.83,-0.99,-381.86,-0.04
666,多头进场,2026-03-23 06:30,long,2062.67,0.9696,1999.964832,-19.83,-0.99,11.14,0.56,-19.83,-0.99,-381.86,-0.04
667,空头出场,2026-03-23 09:00,long,2059.48,0.9788,1999.991828,-15.83,-0.79,3.77,0.19,-18.67,-0.93,-397.69,-0.04
667,空头进场,2026-03-23 08:30,short,2043.31,0.9788,1999.991828,-15.83,-0.79,3.77,0.19,-18.67,-0.93,-397.69,-0.04
668,多头出场,2026-03-23 14:30,longTP,2039.79,0.9711,1999.961028,-19.12,-0.96,12.48,0.62,-19.12,-0.96,-416.81,-0.04
668,多头进场,2026-03-23 09:00,long,2059.48,0.9711,1999.961028,-19.12,-0.96,12.48,0.62,-19.12,-0.96,-416.81,-0.04
669,空头出场,2026-03-23 18:30,long,2049.04,0.9816,1999.81368,-11.52,-0.58,14,0.70,-21.46,-1.07,-428.34,-0.04
669,空头进场,2026-03-23 14:30,short,2037.3,0.9816,1999.81368,-11.52,-0.58,14,0.70,-21.46,-1.07,-428.34,-0.04
670,多头出场,2026-03-23 19:00,longTP,2167.79,0.976,1999.86304,115.9,5.80,145.94,7.30,0,0.00,-312.44,-0.03
670,多头进场,2026-03-23 18:30,long,2049.04,0.976,1999.86304,115.9,5.80,145.94,7.30,0,0.00,-312.44,-0.03
671,空头出场,2026-03-24 02:30,shortTP,2164.98,0.9396,1999.89162,-34.32,-1.72,10.03,0.50,-34.32,-1.72,-346.76,-0.03
671,空头进场,2026-03-23 23:30,short,2128.45,0.9396,1999.89162,-34.32,-1.72,10.03,0.50,-34.32,-1.72,-346.76,-0.03
672,多头出场,2026-03-24 21:00,short,2150.48,0.9322,1999.84866,4.83,0.24,27.84,1.39,-1.09,-0.05,-341.93,-0.03
672,多头进场,2026-03-24 14:30,long,2145.3,0.9322,1999.84866,4.83,0.24,27.84,1.39,-1.09,-0.05,-341.93,-0.03
673,空头出场,2026-03-25 01:30,shortTP,2105.59,0.93,1999.9464,41.75,2.09,41.75,2.09,-9.83,-0.49,-300.18,-0.03
673,空头进场,2026-03-24 21:00,short,2150.48,0.93,1999.9464,41.75,2.09,41.75,2.09,-9.83,-0.49,-300.18,-0.03
674,多头出场,2026-03-25 10:30,short,2155.5,0.9338,1999.994164,12.81,0.64,25.07,1.25,-1.23,-0.06,-287.37,-0.03
674,多头进场,2026-03-25 04:00,long,2141.78,0.9338,1999.994164,12.81,0.64,25.07,1.25,-1.23,-0.06,-287.37,-0.03
675,空头出场,2026-03-25 12:00,long,2163.67,0.9278,1999.8729,-7.58,-0.38,7.89,0.39,-8.52,-0.43,-294.95,-0.03
675,空头进场,2026-03-25 10:30,short,2155.5,0.9278,1999.8729,-7.58,-0.38,7.89,0.39,-8.52,-0.43,-294.95,-0.03
676,多头出场,2026-03-25 14:30,short,2163.81,0.9243,1999.880181,0.13,0.01,14.84,0.74,-3.39,-0.17,-294.82,-0.03
676,多头进场,2026-03-25 12:00,long,2163.67,0.9243,1999.880181,0.13,0.01,14.84,0.74,-3.39,-0.17,-294.82,-0.03
677,空头出场,2026-03-25 16:00,shortTP,2180.47,0.9242,1999.793202,-15.4,-0.77,3.7,0.18,-15.4,-0.77,-310.22,-0.03
677,空头进场,2026-03-25 14:30,short,2163.81,0.9242,1999.793202,-15.4,-0.77,3.7,0.18,-15.4,-0.77,-310.22,-0.03
678,多头出场,2026-03-25 20:00,longTP,2179.78,0.9175,1999.94815,0,0.00,17.65,0.88,-4.24,-0.21,-310.22,-0.03
678,多头进场,2026-03-25 16:00,long,2179.78,0.9175,1999.94815,0,0.00,17.65,0.88,-4.24,-0.21,-310.22,-0.03
679,空头出场,2026-03-25 21:30,shortTP,2192.47,0.9208,1999.922352,-18.9,-0.95,6.37,0.32,-21.32,-1.07,-329.12,-0.03
679,空头进场,2026-03-25 20:00,short,2171.94,0.9208,1999.922352,-18.9,-0.95,6.37,0.32,-21.32,-1.07,-329.12,-0.03
680,多头出场,2026-03-26 04:00,short,2161.38,0.9205,1999.961145,-10.41,-0.52,0.31,0.02,-12.22,-0.61,-339.53,-0.03
680,多头进场,2026-03-26 03:30,long,2172.69,0.9205,1999.961145,-10.41,-0.52,0.31,0.02,-12.22,-0.61,-339.53,-0.03
681,空头出场,2026-03-26 06:30,shortTP,2178.98,0.9253,1999.924914,-16.29,-0.81,0.66,0.03,-16.29,-0.81,-355.82,-0.04
681,空头进场,2026-03-26 04:00,short,2161.38,0.9253,1999.924914,-16.29,-0.81,0.66,0.03,-16.29,-0.81,-355.82,-0.04
682,多头出场,2026-03-26 09:30,short,2164.84,0.9197,1999.915241,-8.91,-0.45,2.4,0.12,-13.36,-0.67,-364.73,-0.04
682,多头进场,2026-03-26 06:30,long,2174.53,0.9197,1999.915241,-8.91,-0.45,2.4,0.12,-13.36,-0.67,-364.73,-0.04
683,空头出场,2026-03-26 13:30,shortTP,2134.36,0.9238,1999.879192,28.16,1.41,28.16,1.41,-0.88,-0.04,-336.57,-0.03
683,空头进场,2026-03-26 09:30,short,2164.84,0.9238,1999.879192,28.16,1.41,28.16,1.41,-0.88,-0.04,-336.57,-0.03
684,空头出场,2026-03-27 04:00,shortTP,2057.53,0.9816,1999.980552,-19.69,-0.98,0.29,0.01,-19.69,-0.98,-356.26,-0.04
684,空头进场,2026-03-27 02:00,short,2037.47,0.9816,1999.980552,-19.69,-0.98,0.29,0.01,-19.69,-0.98,-356.26,-0.04
685,空头出场,2026-03-27 13:00,shortTP,2061.48,0.9701,1999.841748,0,0.00,17.45,0.87,-0.51,-0.03,-356.26,-0.04
685,空头进场,2026-03-27 11:30,short,2061.48,0.9701,1999.841748,0,0.00,17.45,0.87,-0.51,-0.03,-356.26,-0.04
686,多头出场,2026-03-27 16:00,short,2054.71,0.9685,1999.83628,-9.85,-0.49,7.24,0.36,-9.85,-0.49,-366.11,-0.04
686,多头进场,2026-03-27 14:00,long,2064.88,0.9685,1999.83628,-9.85,-0.49,7.24,0.36,-9.85,-0.49,-366.11,-0.04
687,空头出场,2026-03-27 18:30,shortTP,2020.37,0.9733,1999.849243,33.42,1.67,33.42,1.67,-2.89,-0.14,-332.69,-0.03
687,空头进场,2026-03-27 16:00,short,2054.71,0.9733,1999.849243,33.42,1.67,33.42,1.67,-2.89,-0.14,-332.69,-0.03
688,空头出场,2026-03-28 21:00,long,2002.6,1.0004,1999.929652,-3.47,-0.17,6.88,0.34,-5.44,-0.27,-336.16,-0.03
688,空头进场,2026-03-28 17:00,short,1999.13,1.0004,1999.929652,-3.47,-0.17,6.88,0.34,-5.44,-0.27,-336.16,-0.03
689,多头出场,2026-03-28 23:00,longTP,2030.25,0.9987,1999.99662,27.61,1.38,44.79,2.24,-0.01,0.00,-308.55,-0.03
689,多头进场,2026-03-28 21:00,long,2002.6,0.9987,1999.99662,27.61,1.38,44.79,2.24,-0.01,0.00,-308.55,-0.03
690,多头出场,2026-03-29 12:30,longTP,2005.28,0.9973,1999.865744,0,0.00,14.33,0.72,-2.72,-0.14,-308.55,-0.03
690,多头进场,2026-03-29 10:00,long,2005.28,0.9973,1999.865744,0,0.00,14.33,0.72,-2.72,-0.14,-308.55,-0.03
691,空头出场,2026-03-29 14:30,long,2004.98,0.9998,1999.94993,-4.63,-0.23,0.33,0.02,-7.98,-0.40,-313.18,-0.03
691,空头进场,2026-03-29 13:00,short,2000.35,0.9998,1999.94993,-4.63,-0.23,0.33,0.02,-7.98,-0.40,-313.18,-0.03
692,多头出场,2026-03-29 17:30,longTP,1994.93,0.9975,1999.96755,-10.02,-0.50,4.92,0.25,-10.02,-0.50,-323.2,-0.03
692,多头进场,2026-03-29 14:30,long,2004.98,0.9975,1999.96755,-10.02,-0.50,4.92,0.25,-10.02,-0.50,-323.2,-0.03
693,空头出场,2026-03-29 19:30,long,2003.78,1.0003,1999.809763,-4.57,-0.23,7.31,0.37,-8.95,-0.45,-327.77,-0.03
693,空头进场,2026-03-29 17:30,short,1999.21,1.0003,1999.809763,-4.57,-0.23,7.31,0.37,-8.95,-0.45,-327.77,-0.03
694,多头出场,2026-03-29 21:00,longTP,1993.6,0.9981,1999.972818,-10.16,-0.51,1.12,0.06,-10.16,-0.51,-337.93,-0.03
694,多头进场,2026-03-29 19:30,long,2003.78,0.9981,1999.972818,-10.16,-0.51,1.12,0.06,-10.16,-0.51,-337.93,-0.03
695,空头出场,2026-03-30 00:00,shortTP,2003.57,1.0044,1999.931148,-12.45,-0.62,7.21,0.36,-12.45,-0.62,-350.39,-0.04
695,空头进场,2026-03-29 21:00,short,1991.17,1.0044,1999.931148,-12.45,-0.62,7.21,0.36,-12.45,-0.62,-350.39,-0.04
696,多头出场,2026-03-30 01:00,longTP,1988.7,0.9995,1999.9995,-12.29,-0.61,0,0.00,-12.29,-0.61,-362.68,-0.04
696,多头进场,2026-03-30 00:00,long,2001,0.9995,1999.9995,-12.29,-0.61,0,0.00,-12.29,-0.61,-362.68,-0.04
697,空头出场,2026-03-30 08:00,shortTP,1992.86,1.0131,1999.849269,-19.12,-0.96,0.36,0.02,-20.95,-1.05,-381.8,-0.04
697,空头进场,2026-03-30 06:30,short,1973.99,1.0131,1999.849269,-19.12,-0.96,0.36,0.02,-20.95,-1.05,-381.8,-0.04
698,多头出场,2026-03-30 13:00,longTP,2052.56,0.9961,1999.909814,44.65,2.23,45.08,2.25,-15.84,-0.79,-337.15,-0.03
698,多头进场,2026-03-30 08:00,long,2007.74,0.9961,1999.909814,44.65,2.23,45.08,2.25,-15.84,-0.79,-337.15,-0.03
699,多头出场,2026-03-30 22:00,longTP,2052.2,0.971,1999.85218,-7.17,-0.36,24.68,1.23,-11.11,-0.56,-344.32,-0.03
699,多头进场,2026-03-30 15:30,long,2059.58,0.971,1999.85218,-7.17,-0.36,24.68,1.23,-11.11,-0.56,-344.32,-0.03
700,多头出场,2026-03-31 07:00,longTP,2014.86,0.9823,1999.9628,-20.77,-1.04,8.07,0.40,-20.77,-1.04,-365.09,-0.04
700,多头进场,2026-03-31 05:30,long,2036,0.9823,1999.9628,-20.77,-1.04,8.07,0.40,-20.77,-1.04,-365.09,-0.04
701,空头出场,2026-03-31 08:00,long,2026.97,0.9869,1999.933112,-0.48,-0.02,10.06,0.50,-1.31,-0.07,-365.57,-0.04
701,空头进场,2026-03-31 07:30,short,2026.48,0.9869,1999.933112,-0.48,-0.02,10.06,0.50,-1.31,-0.07,-365.57,-0.04
702,多头出场,2026-03-31 09:30,longTP,2072.1,0.9866,1999.808602,44.53,2.23,44.53,2.23,-3.47,-0.17,-321.04,-0.03
702,多头进场,2026-03-31 08:00,long,2026.97,0.9866,1999.808602,44.53,2.23,44.53,2.23,-3.47,-0.17,-321.04,-0.03
703,空头出场,2026-03-31 17:00,shortTP,2025.19,0.9686,1999.96528,38.37,1.92,38.37,1.92,-4.07,-0.20,-282.68,-0.03
703,空头进场,2026-03-31 13:00,short,2064.8,0.9686,1999.96528,38.37,1.92,38.37,1.92,-4.07,-0.20,-282.68,-0.03
704,多头出场,2026-03-31 22:00,longTP,2085.26,0.9798,1999.96776,43.17,2.16,43.17,2.16,-6.06,-0.30,-239.51,-0.02
704,多头进场,2026-03-31 19:30,long,2041.2,0.9798,1999.96776,43.17,2.16,43.17,2.16,-6.06,-0.30,-239.51,-0.02
705,多头出场,2026-04-01 14:30,longTP,2156.03,0.9477,1999.921833,43.35,2.17,43.35,2.17,-3.67,-0.18,-196.16,-0.02
705,多头进场,2026-04-01 12:00,long,2110.29,0.9477,1999.921833,43.35,2.17,43.35,2.17,-3.67,-0.18,-196.16,-0.02
706,多头出场,2026-04-02 01:30,longTP,2136.05,0.9363,1999.983615,0,0.00,29.77,1.49,-2.93,-0.15,-196.16,-0.02
706,多头进场,2026-04-02 00:00,long,2136.05,0.9363,1999.983615,0,0.00,29.77,1.49,-2.93,-0.15,-196.16,-0.02
707,空头出场,2026-04-02 03:30,long,2141.43,0.94,1999.9064,-13.04,-0.65,1.82,0.09,-16.84,-0.84,-209.2,-0.02
707,空头进场,2026-04-02 02:00,short,2127.56,0.94,1999.9064,-13.04,-0.65,1.82,0.09,-16.84,-0.84,-209.2,-0.02
708,多头出场,2026-04-02 04:00,short,2133.89,0.9339,1999.881477,-7.04,-0.35,1.88,0.09,-10.02,-0.50,-216.24,-0.02
708,多头进场,2026-04-02 03:30,long,2141.43,0.9339,1999.881477,-7.04,-0.35,1.88,0.09,-10.02,-0.50,-216.24,-0.02
709,空头出场,2026-04-02 04:30,long,2143.92,0.9372,1999.881708,-9.4,-0.47,2.31,0.12,-12.91,-0.65,-225.64,-0.02
709,空头进场,2026-04-02 04:00,short,2133.89,0.9372,1999.881708,-9.4,-0.47,2.31,0.12,-12.91,-0.65,-225.64,-0.02
710,多头出场,2026-04-02 06:30,short,2139.95,0.9328,1999.848576,-3.7,-0.19,20.06,1.00,-6.08,-0.30,-229.34,-0.02
710,多头进场,2026-04-02 04:30,long,2143.92,0.9328,1999.848576,-3.7,-0.19,20.06,1.00,-6.08,-0.30,-229.34,-0.02
711,空头出场,2026-04-02 08:30,long,2156.14,0.9346,1999.99727,-15.13,-0.76,4.16,0.21,-18.15,-0.91,-244.47,-0.02
711,空头进场,2026-04-02 06:30,short,2139.95,0.9346,1999.99727,-15.13,-0.76,4.16,0.21,-18.15,-0.91,-244.47,-0.02
712,多头出场,2026-04-02 09:00,short,2112.43,0.9275,1999.81985,-40.54,-2.03,0.01,0.00,-46.62,-2.33,-285.02,-0.03
712,多头进场,2026-04-02 08:30,long,2156.14,0.9275,1999.81985,-40.54,-2.03,0.01,0.00,-46.62,-2.33,-285.02,-0.03
713,空头出场,2026-04-02 11:30,shortTP,2060.77,0.9467,1999.837481,48.91,2.45,48.91,2.45,0,0.00,-236.11,-0.02
713,空头进场,2026-04-02 09:00,short,2112.43,0.9467,1999.837481,48.91,2.45,48.91,2.45,0,0.00,-236.11,-0.02
714,空头出场,2026-04-03 12:00,shortTP,2057.15,0.9722,1999.96123,0,0.00,16.03,0.80,-5.19,-0.26,-236.11,-0.02
714,空头进场,2026-04-03 06:00,short,2057.15,0.9722,1999.96123,0,0.00,16.03,0.80,-5.19,-0.26,-236.11,-0.02
715,多头出场,2026-04-03 17:30,short,2061.35,0.9734,1999.879502,6.64,0.33,20.09,1.00,-6.99,-0.35,-229.47,-0.02
715,多头进场,2026-04-03 12:30,long,2054.53,0.9734,1999.879502,6.64,0.33,20.09,1.00,-6.99,-0.35,-229.47,-0.02
716,空头出场,2026-04-03 20:00,long,2067.34,0.9702,1999.92177,-5.81,-0.29,7.65,0.38,-6.56,-0.33,-235.28,-0.02
716,空头进场,2026-04-03 17:30,short,2061.35,0.9702,1999.92177,-5.81,-0.29,7.65,0.38,-6.56,-0.33,-235.28,-0.02
717,多头出场,2026-04-03 20:30,short,2049.84,0.9674,1999.944716,-16.93,-0.85,13.95,0.70,-21.53,-1.08,-252.21,-0.03
717,多头进场,2026-04-03 20:00,long,2067.34,0.9674,1999.944716,-16.93,-0.85,13.95,0.70,-21.53,-1.08,-252.21,-0.03
718,空头出场,2026-04-04 00:00,long,2055.7,0.9756,1999.823904,-5.72,-0.29,7.99,0.40,-7.74,-0.39,-257.93,-0.03
718,空头进场,2026-04-03 20:30,short,2049.84,0.9756,1999.823904,-5.72,-0.29,7.99,0.40,-7.74,-0.39,-257.93,-0.03
719,多头出场,2026-04-04 01:00,short,2047.65,0.9729,1999.99053,-7.83,-0.39,0.82,0.04,-11.6,-0.58,-265.76,-0.03
719,多头进场,2026-04-04 00:00,long,2055.7,0.9729,1999.99053,-7.83,-0.39,0.82,0.04,-11.6,-0.58,-265.76,-0.03
720,空头出场,2026-04-04 03:30,long,2052.68,0.9767,1999.939755,-4.91,-0.25,2.38,0.12,-6.31,-0.32,-270.67,-0.03
720,空头进场,2026-04-04 01:00,short,2047.65,0.9767,1999.939755,-4.91,-0.25,2.38,0.12,-6.31,-0.32,-270.67,-0.03
721,多头出场,2026-04-04 07:00,short,2050.08,0.9743,1999.926124,-2.53,-0.13,8.03,0.40,-3.35,-0.17,-273.21,-0.03
721,多头进场,2026-04-04 03:30,long,2052.68,0.9743,1999.926124,-2.53,-0.13,8.03,0.40,-3.35,-0.17,-273.21,-0.03
722,空头出场,2026-04-04 07:30,long,2053.83,0.9755,1999.85304,-3.66,-0.18,0.83,0.04,-3.92,-0.20,-276.86,-0.03
722,空头进场,2026-04-04 07:00,short,2050.08,0.9755,1999.85304,-3.66,-0.18,0.83,0.04,-3.92,-0.20,-276.86,-0.03
723,多头出场,2026-04-04 08:00,short,2052.25,0.9737,1999.814271,-1.54,-0.08,0.01,0.00,-2.27,-0.11,-278.4,-0.03
723,多头进场,2026-04-04 07:30,long,2053.83,0.9737,1999.814271,-1.54,-0.08,0.01,0.00,-2.27,-0.11,-278.4,-0.03
724,空头出场,2026-04-04 12:00,long,2050.78,0.9745,1999.917625,1.43,0.07,4.22,0.21,-1.57,-0.08,-276.97,-0.03
724,空头进场,2026-04-04 08:00,short,2052.25,0.9745,1999.917625,1.43,0.07,4.22,0.21,-1.57,-0.08,-276.97,-0.03
725,多头出场,2026-04-04 16:30,longTP,2050.78,0.9752,1999.920656,0,0.00,7.04,0.35,-0.47,-0.02,-276.97,-0.03
725,多头进场,2026-04-04 12:00,long,2050.78,0.9752,1999.920656,0,0.00,7.04,0.35,-0.47,-0.02,-276.97,-0.03
726,空头出场,2026-04-04 19:00,long,2052.15,0.9753,1999.920921,-1.54,-0.08,2.61,0.13,-4.35,-0.22,-278.51,-0.03
726,空头进场,2026-04-04 16:30,short,2050.57,0.9753,1999.920921,-1.54,-0.08,2.61,0.13,-4.35,-0.22,-278.51,-0.03
727,多头出场,2026-04-04 20:00,short,2051.45,0.9745,1999.820175,-0.68,-0.03,0.99,0.05,-2.32,-0.12,-279.19,-0.03
727,多头进场,2026-04-04 19:00,long,2052.15,0.9745,1999.820175,-0.68,-0.03,0.99,0.05,-2.32,-0.12,-279.19,-0.03
728,空头出场,2026-04-04 21:30,long,2053.59,0.9749,1999.958605,-2.09,-0.10,3.11,0.16,-3.46,-0.17,-281.28,-0.03
728,空头进场,2026-04-04 20:00,short,2051.45,0.9749,1999.958605,-2.09,-0.10,3.11,0.16,-3.46,-0.17,-281.28,-0.03
729,多头出场,2026-04-04 22:30,longTP,2048.34,0.9739,1999.991301,-5.11,-0.26,1.06,0.05,-5.11,-0.26,-286.39,-0.03
729,多头进场,2026-04-04 21:30,long,2053.59,0.9739,1999.991301,-5.11,-0.26,1.06,0.05,-5.11,-0.26,-286.39,-0.03
730,空头出场,2026-04-05 03:00,long,2068.56,0.9731,1999.866465,-13.05,-0.65,0.01,0.00,-28.07,-1.40,-299.44,-0.03
730,空头进场,2026-04-05 02:30,short,2055.15,0.9731,1999.866465,-13.05,-0.65,0.01,0.00,-28.07,-1.40,-299.44,-0.03
731,多头出场,2026-04-05 07:00,short,2064.26,0.9668,1999.883808,-4.16,-0.21,3.47,0.17,-8.66,-0.43,-303.6,-0.03
731,多头进场,2026-04-05 03:00,long,2068.56,0.9668,1999.883808,-4.16,-0.21,3.47,0.17,-8.66,-0.43,-303.6,-0.03
732,空头出场,2026-04-05 13:00,shortTP,2051.18,0.9688,1999.855088,12.67,0.63,12.67,0.63,-2.54,-0.13,-290.93,-0.03
732,空头进场,2026-04-05 07:00,short,2064.26,0.9688,1999.855088,12.67,0.63,12.67,0.63,-2.54,-0.13,-290.93,-0.03
733,空头出场,2026-04-05 21:30,shortTP,2037.2,0.986,1999.96296,-8.72,-0.44,2.61,0.13,-8.72,-0.44,-299.64,-0.03
733,空头进场,2026-04-05 20:30,short,2028.36,0.986,1999.96296,-8.72,-0.44,2.61,0.13,-8.72,-0.44,-299.64,-0.03
734,多头出场,2026-04-05 23:00,longTP,2058.8,0.9804,1999.96698,18.48,0.92,18.48,0.92,-5.26,-0.26,-281.16,-0.03
734,多头进场,2026-04-05 22:00,long,2039.95,0.9804,1999.96698,18.48,0.92,18.48,0.92,-5.26,-0.26,-281.16,-0.03
735,空头出场,2026-04-06 06:30,shortTP,2073.42,0.9708,1999.857708,-13.02,-0.65,9.72,0.49,-13.02,-0.65,-294.18,-0.03
735,空头进场,2026-04-06 05:30,short,2060.01,0.9708,1999.857708,-13.02,-0.65,9.72,0.49,-13.02,-0.65,-294.18,-0.03
736,多头出场,2026-04-06 08:00,longTP,2124.2,0.9588,1999.855452,36.83,1.84,36.83,1.84,-3.3,-0.16,-257.35,-0.03
736,多头进场,2026-04-06 06:30,long,2085.79,0.9588,1999.855452,36.83,1.84,36.83,1.84,-3.3,-0.16,-257.35,-0.03
737,多头出场,2026-04-06 21:00,longTP,2141.77,0.9264,1999.903056,-15.77,-0.79,3.83,0.19,-15.77,-0.79,-273.12,-0.03
737,多头进场,2026-04-06 17:00,long,2158.79,0.9264,1999.903056,-15.77,-0.79,3.83,0.19,-15.77,-0.79,-273.12,-0.03
738,多头出场,2026-04-07 00:30,longTP,2147.35,0.9233,1999.840101,-17.19,-0.86,3.35,0.17,-17.19,-0.86,-290.31,-0.03
738,多头进场,2026-04-06 23:00,long,2165.97,0.9233,1999.840101,-17.19,-0.86,3.35,0.17,-17.19,-0.86,-290.31,-0.03
739,空头出场,2026-04-08 00:00,shortTP,2089.32,0.9572,1999.897104,0,0.00,27.84,1.39,-4.51,-0.23,-290.31,-0.03
739,空头进场,2026-04-07 18:30,short,2089.32,0.9572,1999.897104,0,0.00,27.84,1.39,-4.51,-0.23,-290.31,-0.03
740,多头出场,2026-04-09 02:00,short,2213.03,0.8961,1999.987668,-16.89,-0.84,0.69,0.03,-17.95,-0.90,-307.2,-0.03
740,多头进场,2026-04-09 01:30,long,2231.88,0.8961,1999.987668,-16.89,-0.84,0.69,0.03,-17.95,-0.90,-307.2,-0.03
741,空头出场,2026-04-09 04:30,long,2209.81,0.9037,1999.915211,2.91,0.15,13.85,0.69,-6.19,-0.31,-304.29,-0.03
741,空头进场,2026-04-09 02:00,short,2213.03,0.9037,1999.915211,2.91,0.15,13.85,0.69,-6.19,-0.31,-304.29,-0.03
742,多头出场,2026-04-09 06:00,short,2193.51,0.905,1999.87805,-14.75,-0.74,11.53,0.58,-16.12,-0.81,-319.05,-0.03
742,多头进场,2026-04-09 04:30,long,2209.81,0.905,1999.87805,-14.75,-0.74,11.53,0.58,-16.12,-0.81,-319.05,-0.03
743,空头出场,2026-04-09 17:30,shortTP,2193.51,0.9117,1999.823067,0,0.00,28.73,1.44,-7.46,-0.37,-319.05,-0.03
743,空头进场,2026-04-09 06:00,short,2193.51,0.9117,1999.823067,0,0.00,28.73,1.44,-7.46,-0.37,-319.05,-0.03
744,空头出场,2026-04-09 20:00,long,2184.8,0.9173,1999.952498,-4.16,-0.21,5.49,0.27,-5.73,-0.29,-323.21,-0.03
744,空头进场,2026-04-09 19:30,short,2180.26,0.9173,1999.952498,-4.16,-0.21,5.49,0.27,-5.73,-0.29,-323.21,-0.03
745,多头出场,2026-04-09 21:00,short,2178.6,0.9154,1999.96592,-5.68,-0.28,2,0.10,-9.38,-0.47,-328.89,-0.03
745,多头进场,2026-04-09 20:00,long,2184.8,0.9154,1999.96592,-5.68,-0.28,2,0.10,-9.38,-0.47,-328.89,-0.03
746,空头出场,2026-04-09 22:30,shortTP,2178.6,0.918,1999.9548,0,0.00,19.54,0.98,-1.28,-0.06,-328.89,-0.03
746,空头进场,2026-04-09 21:00,short,2178.6,0.918,1999.9548,0,0.00,19.54,0.98,-1.28,-0.06,-328.89,-0.03
747,多头出场,2026-04-10 00:00,longTP,2229.18,0.9154,1999.78284,40.81,2.04,40.81,2.04,-2.65,-0.13,-288.08,-0.03
747,多头进场,2026-04-09 23:00,long,2184.6,0.9154,1999.78284,40.81,2.04,40.81,2.04,-2.65,-0.13,-288.08,-0.03
748,空头出场,2026-04-10 06:00,shortTP,2232.1,0.905,1999.9233,-20.13,-1.01,2.1,0.10,-20.13,-1.01,-308.21,-0.03
748,空头进场,2026-04-10 05:00,short,2209.86,0.905,1999.9233,-20.13,-1.01,2.1,0.10,-20.13,-1.01,-308.21,-0.03
749,多头出场,2026-04-10 14:30,short,2186.2,0.9108,1999.852668,-8.66,-0.43,6.74,0.34,-10.67,-0.53,-316.87,-0.03
749,多头进场,2026-04-10 12:30,long,2195.71,0.9108,1999.852668,-8.66,-0.43,6.74,0.34,-10.67,-0.53,-316.87,-0.03
750,空头出场,2026-04-10 17:00,long,2194.01,0.9148,1999.93576,-7.14,-0.36,8.97,0.45,-10.41,-0.52,-324.01,-0.03
750,空头进场,2026-04-10 14:30,short,2186.2,0.9148,1999.93576,-7.14,-0.36,8.97,0.45,-10.41,-0.52,-324.01,-0.03
751,多头出场,2026-04-10 20:30,longTP,2226.4,0.9115,1999.840115,29.52,1.48,29.52,1.48,-3.05,-0.15,-294.49,-0.03
751,多头进场,2026-04-10 17:00,long,2194.01,0.9115,1999.840115,29.52,1.48,29.52,1.48,-3.05,-0.15,-294.49,-0.03
752,多头出场,2026-04-11 21:00,longTP,2235.62,0.8905,1999.84928,-9.03,-0.45,1.1,0.06,-9.03,-0.45,-303.52,-0.03
752,多头进场,2026-04-11 17:00,long,2245.76,0.8905,1999.84928,-9.03,-0.45,1.1,0.06,-9.03,-0.45,-303.52,-0.03
753,空头出场,2026-04-11 23:00,shortTP,2247.64,0.8937,1999.787805,-8.93,-0.45,0.68,0.03,-8.93,-0.45,-312.45,-0.03
753,空头进场,2026-04-11 21:00,short,2237.65,0.8937,1999.787805,-8.93,-0.45,0.68,0.03,-8.93,-0.45,-312.45,-0.03
754,多头出场,2026-04-12 00:30,longTP,2269.03,0.8895,1999.98738,18.31,0.92,18.31,0.92,-2.62,-0.13,-294.13,-0.03
754,多头进场,2026-04-11 23:00,long,2248.44,0.8895,1999.98738,18.31,0.92,18.31,0.92,-2.62,-0.13,-294.13,-0.03
755,空头出场,2026-04-13 01:30,shortTP,2194.76,0.9112,1999.865312,0,0.00,18.01,0.90,-4.02,-0.20,-294.13,-0.03
755,空头进场,2026-04-12 20:30,short,2194.76,0.9112,1999.865312,0,0.00,18.01,0.90,-4.02,-0.20,-294.13,-0.03
756,空头出场,2026-04-13 08:30,long,2205.18,0.9093,1999.887141,-5.28,-0.26,11.84,0.59,-8.14,-0.41,-299.41,-0.03
756,空头进场,2026-04-13 06:30,short,2199.37,0.9093,1999.887141,-5.28,-0.26,11.84,0.59,-8.14,-0.41,-299.41,-0.03
757,多头出场,2026-04-13 10:30,short,2194.22,0.9069,1999.877742,-9.94,-0.50,3.51,0.18,-11.51,-0.58,-309.35,-0.03
757,多头进场,2026-04-13 08:30,long,2205.18,0.9069,1999.877742,-9.94,-0.50,3.51,0.18,-11.51,-0.58,-309.35,-0.03
758,空头出场,2026-04-13 14:00,long,2196.58,0.9114,1999.812108,-2.15,-0.11,10.94,0.55,-4.73,-0.24,-311.5,-0.03
758,空头进场,2026-04-13 10:30,short,2194.22,0.9114,1999.812108,-2.15,-0.11,10.94,0.55,-4.73,-0.24,-311.5,-0.03
759,多头出场,2026-04-13 15:00,short,2184.44,0.9105,1999.98609,-11.05,-0.55,4.43,0.22,-12.26,-0.61,-322.56,-0.03
759,多头进场,2026-04-13 14:00,long,2196.58,0.9105,1999.98609,-11.05,-0.55,4.43,0.22,-12.26,-0.61,-322.56,-0.03
760,空头出场,2026-04-13 17:30,long,2188.08,0.9155,1999.85482,-3.33,-0.17,4.06,0.20,-9.98,-0.50,-325.89,-0.03
760,空头进场,2026-04-13 15:00,short,2184.44,0.9155,1999.85482,-3.33,-0.17,4.06,0.20,-9.98,-0.50,-325.89,-0.03
761,多头出场,2026-04-13 18:00,short,2182.53,0.914,1999.90512,-5.07,-0.25,0.64,0.03,-5.45,-0.27,-330.96,-0.03
761,多头进场,2026-04-13 17:30,long,2188.08,0.914,1999.90512,-5.07,-0.25,0.64,0.03,-5.45,-0.27,-330.96,-0.03
762,空头出场,2026-04-13 19:00,long,2186.55,0.9163,1999.852239,-3.68,-0.18,3.23,0.16,-4.64,-0.23,-334.65,-0.03
762,空头进场,2026-04-13 18:00,short,2182.53,0.9163,1999.852239,-3.68,-0.18,3.23,0.16,-4.64,-0.23,-334.65,-0.03
763,多头出场,2026-04-13 20:00,short,2180.34,0.9146,1999.81863,-5.68,-0.28,4.03,0.20,-5.68,-0.28,-340.33,-0.03
763,多头进场,2026-04-13 19:00,long,2186.55,0.9146,1999.81863,-5.68,-0.28,4.03,0.20,-5.68,-0.28,-340.33,-0.03
764,空头出场,2026-04-13 20:30,long,2192.25,0.9172,1999.807848,-10.92,-0.55,4.27,0.21,-18.03,-0.90,-351.25,-0.04
764,空头进场,2026-04-13 20:00,short,2180.34,0.9172,1999.807848,-10.92,-0.55,4.27,0.21,-18.03,-0.90,-351.25,-0.04
765,多头出场,2026-04-13 22:30,longTP,2226.52,0.9123,1999.989675,31.26,1.56,31.26,1.56,-9.9,-0.49,-319.99,-0.03
765,多头进场,2026-04-13 20:30,long,2192.25,0.9123,1999.989675,31.26,1.56,31.26,1.56,-9.9,-0.49,-319.99,-0.03
766,空头出场,2026-04-15 16:00,long,2324.01,0.8622,1999.82979,-3.93,-0.20,9.44,0.47,-4.33,-0.22,-323.92,-0.03
766,空头进场,2026-04-15 13:30,short,2319.45,0.8622,1999.82979,-3.93,-0.20,9.44,0.47,-4.33,-0.22,-323.92,-0.03
767,多头出场,2026-04-15 18:00,short,2314.31,0.8605,1999.810605,-8.35,-0.42,7.74,0.39,-9.21,-0.46,-332.26,-0.03
767,多头进场,2026-04-15 16:00,long,2324.01,0.8605,1999.810605,-8.35,-0.42,7.74,0.39,-9.21,-0.46,-332.26,-0.03
768,空头出场,2026-04-15 19:00,shortTP,2331.12,0.8641,1999.795271,-14.53,-0.73,1.87,0.09,-14.53,-0.73,-346.79,-0.03
768,空头进场,2026-04-15 18:00,short,2314.31,0.8641,1999.795271,-14.53,-0.73,1.87,0.09,-14.53,-0.73,-346.79,-0.03
769,多头出场,2026-04-15 23:30,longTP,2325.01,0.8602,1999.973602,0,0.00,21.03,1.05,-6.43,-0.32,-346.79,-0.03
769,多头进场,2026-04-15 19:00,long,2325.01,0.8602,1999.973602,0,0.00,21.03,1.05,-6.43,-0.32,-346.79,-0.03
770,空头出场,2026-04-16 06:00,shortTP,2374.52,0.8499,1999.848696,-18.26,-0.91,2.46,0.12,-18.26,-0.91,-365.05,-0.04
770,空头进场,2026-04-16 05:00,short,2353.04,0.8499,1999.848696,-18.26,-0.91,2.46,0.12,-18.26,-0.91,-365.05,-0.04
771,多头出场,2026-04-16 21:30,longTP,2325.82,0.8544,1999.962432,-12.78,-0.64,9.42,0.47,-12.78,-0.64,-377.83,-0.04
771,多头进场,2026-04-16 20:00,long,2340.78,0.8544,1999.962432,-12.78,-0.64,9.42,0.47,-12.78,-0.64,-377.83,-0.04
772,空头出场,2026-04-16 22:30,shortTP,2308.29,0.8664,1999.902456,0,0.00,20.09,1.00,-3.8,-0.19,-377.83,-0.04
772,空头进场,2026-04-16 21:30,short,2308.29,0.8664,1999.902456,0,0.00,20.09,1.00,-3.8,-0.19,-377.83,-0.04
773,多头出场,2026-04-17 00:30,longTP,2313.88,0.855,1999.85355,-21.49,-1.07,8.28,0.41,-21.49,-1.07,-399.31,-0.04
773,多头进场,2026-04-16 23:30,long,2339.01,0.855,1999.85355,-21.49,-1.07,8.28,0.41,-21.49,-1.07,-399.31,-0.04
774,空头出场,2026-04-17 07:00,long,2348.28,0.8537,1999.87762,-4.85,-0.24,0.85,0.04,-8.88,-0.44,-404.16,-0.04
774,空头进场,2026-04-17 06:30,short,2342.6,0.8537,1999.87762,-4.85,-0.24,0.85,0.04,-8.88,-0.44,-404.16,-0.04
775,多头出场,2026-04-17 08:30,short,2344.4,0.8516,1999.795248,-3.3,-0.17,5.72,0.29,-6.2,-0.31,-407.47,-0.04
775,多头进场,2026-04-17 07:00,long,2348.28,0.8516,1999.795248,-3.3,-0.17,5.72,0.29,-6.2,-0.31,-407.47,-0.04
776,空头出场,2026-04-17 14:30,long,2331.09,0.853,1999.7732,11.35,0.57,23.01,1.15,-3.92,-0.20,-396.11,-0.04
776,空头进场,2026-04-17 08:30,short,2344.4,0.853,1999.7732,11.35,0.57,23.01,1.15,-3.92,-0.20,-396.11,-0.04
777,多头出场,2026-04-17 17:00,longTP,2364.27,0.8579,1999.842111,28.47,1.42,28.47,1.42,-0.86,-0.04,-367.65,-0.04
777,多头进场,2026-04-17 14:30,long,2331.09,0.8579,1999.842111,28.47,1.42,28.47,1.42,-0.86,-0.04,-367.65,-0.04
778,空头出场,2026-04-19 15:00,shortTP,2305.71,0.8519,1999.784136,35.55,1.78,35.55,1.78,-10.27,-0.51,-332.1,-0.03
778,空头进场,2026-04-19 02:30,short,2347.44,0.8519,1999.784136,35.55,1.78,35.55,1.78,-10.27,-0.51,-332.1,-0.03
779,空头出场,2026-04-20 04:30,shortTP,2282.95,0.8619,1999.771761,32.1,1.61,32.1,1.61,-4.72,-0.24,-300,-0.03
779,空头进场,2026-04-20 00:00,short,2320.19,0.8619,1999.771761,32.1,1.61,32.1,1.61,-4.72,-0.24,-300,-0.03
780,空头出场,2026-04-20 14:00,long,2274.36,0.8809,1999.827989,-3.66,-0.18,1.26,0.06,-5.42,-0.27,-303.66,-0.03
780,空头进场,2026-04-20 13:30,short,2270.21,0.8809,1999.827989,-3.66,-0.18,1.26,0.06,-5.42,-0.27,-303.66,-0.03
781,多头出场,2026-04-20 15:00,longTP,2308.98,0.8793,1999.844748,30.44,1.52,30.44,1.52,0,0.00,-273.22,-0.03
781,多头进场,2026-04-20 14:00,long,2274.36,0.8793,1999.844748,30.44,1.52,30.44,1.52,0,0.00,-273.22,-0.03
782,空头出场,2026-04-20 23:00,shortTP,2310.82,0.8654,1999.783628,0,0.00,28.07,1.40,-9.66,-0.48,-273.22,-0.03
782,空头进场,2026-04-20 21:30,short,2310.82,0.8654,1999.783628,0,0.00,28.07,1.40,-9.66,-0.48,-273.22,-0.03
783,多头出场,2026-04-21 05:00,longTP,2317.06,0.8631,1999.854486,0,0.00,25.65,1.28,0,0.00,-273.22,-0.03
783,多头进场,2026-04-21 01:30,long,2317.06,0.8631,1999.854486,0,0.00,25.65,1.28,0,0.00,-273.22,-0.03
784,空头出场,2026-04-21 13:00,shortTP,2319.75,0.8621,1999.856475,0,0.00,17.02,0.85,-7.56,-0.38,-273.22,-0.03
784,空头进场,2026-04-21 05:00,short,2319.75,0.8621,1999.856475,0,0.00,17.02,0.85,-7.56,-0.38,-273.22,-0.03
785,多头出场,2026-04-21 19:00,longTP,2317.81,0.8628,1999.806468,0,0.00,18.07,0.90,-8.46,-0.42,-273.22,-0.03
785,多头进场,2026-04-21 13:00,long,2317.81,0.8628,1999.806468,0,0.00,18.07,0.90,-8.46,-0.42,-273.22,-0.03
786,空头出场,2026-04-21 22:00,shortTP,2320.45,0.8619,1999.995855,0,0.00,22.46,1.12,-3.65,-0.18,-273.22,-0.03
786,空头进场,2026-04-21 19:30,short,2320.45,0.8619,1999.995855,0,0.00,22.46,1.12,-3.65,-0.18,-273.22,-0.03
787,多头出场,2026-04-22 03:30,longTP,2289.5,0.8647,1999.808984,-20.08,-1.00,16.67,0.83,-20.08,-1.00,-293.29,-0.03
787,多头进场,2026-04-22 02:30,long,2312.72,0.8647,1999.808984,-20.08,-1.00,16.67,0.83,-20.08,-1.00,-293.29,-0.03
788,多头出场,2026-04-23 00:30,longTP,2388.4,0.83,1999.8435,-17.47,-0.87,11.87,0.59,-17.47,-0.87,-310.77,-0.03
788,多头进场,2026-04-22 21:00,long,2409.45,0.83,1999.8435,-17.47,-0.87,11.87,0.59,-17.47,-0.87,-310.77,-0.03
789,空头出场,2026-04-23 23:00,shortTP,2339.42,0.8614,1999.86931,-15.31,-0.77,13.82,0.69,-15.31,-0.77,-326.07,-0.03
789,空头进场,2026-04-23 17:00,short,2321.65,0.8614,1999.86931,-15.31,-0.77,13.82,0.69,-15.31,-0.77,-326.07,-0.03
790,空头出场,2026-04-24 01:30,shortTP,2310.42,0.866,1999.97504,-0.85,-0.04,20.8,1.04,-2.64,-0.13,-326.92,-0.03
790,空头进场,2026-04-24 01:00,short,2309.44,0.866,1999.97504,-0.85,-0.04,20.8,1.04,-2.64,-0.13,-326.92,-0.03
791,多头出场,2026-04-24 10:00,short,2325,0.8626,1999.998482,5.55,0.28,17.44,0.87,-1.28,-0.06,-321.37,-0.03
791,多头进场,2026-04-24 04:00,long,2318.57,0.8626,1999.998482,5.55,0.28,17.44,0.87,-1.28,-0.06,-321.37,-0.03
792,空头出场,2026-04-24 15:00,long,2314.24,0.8602,1999.965,9.26,0.46,21.32,1.07,-4.5,-0.22,-312.12,-0.03
792,空头进场,2026-04-24 10:00,short,2325,0.8602,1999.965,9.26,0.46,21.32,1.07,-4.5,-0.22,-312.12,-0.03
793,多头出场,2026-04-24 21:30,longTP,2314.24,0.8642,1999.966208,0,0.00,15.57,0.78,-9.07,-0.45,-312.12,-0.03
793,多头进场,2026-04-24 15:00,long,2314.24,0.8642,1999.966208,0,0.00,15.57,0.78,-9.07,-0.45,-312.12,-0.03
794,空头出场,2026-04-24 23:30,shortTP,2322.4,0.867,1999.95225,-13.57,-0.68,4.46,0.22,-13.57,-0.68,-325.69,-0.03
794,空头进场,2026-04-24 22:00,short,2306.75,0.867,1999.95225,-13.57,-0.68,4.46,0.22,-13.57,-0.68,-325.69,-0.03
795,多头出场,2026-04-25 02:00,short,2314.68,0.8622,1999.95912,-4.24,-0.21,1.56,0.08,-8.27,-0.41,-329.93,-0.03
795,多头进场,2026-04-25 01:30,long,2319.6,0.8622,1999.95912,-4.24,-0.21,1.56,0.08,-8.27,-0.41,-329.93,-0.03
796,空头出场,2026-04-25 02:30,long,2319.92,0.864,1999.88352,-4.53,-0.23,0.19,0.01,-4.86,-0.24,-334.46,-0.03
796,空头进场,2026-04-25 02:00,short,2314.68,0.864,1999.88352,-4.53,-0.23,0.19,0.01,-4.86,-0.24,-334.46,-0.03
797,多头出场,2026-04-25 05:30,short,2315.18,0.862,1999.77104,-4.09,-0.20,7.1,0.36,-6.31,-0.32,-338.54,-0.03
797,多头进场,2026-04-25 02:30,long,2319.92,0.862,1999.77104,-4.09,-0.20,7.1,0.36,-6.31,-0.32,-338.54,-0.03
798,空头出场,2026-04-25 09:00,long,2317.76,0.8638,1999.852484,-2.23,-0.11,6.89,0.34,-4.37,-0.22,-340.77,-0.03
798,空头进场,2026-04-25 05:30,short,2315.18,0.8638,1999.852484,-2.23,-0.11,6.89,0.34,-4.37,-0.22,-340.77,-0.03
799,多头出场,2026-04-25 13:00,short,2314.45,0.8629,1999.995104,-2.86,-0.14,3.11,0.16,-3.85,-0.19,-343.63,-0.03
799,多头进场,2026-04-25 09:00,long,2317.76,0.8629,1999.995104,-2.86,-0.14,3.11,0.16,-3.85,-0.19,-343.63,-0.03
800,空头出场,2026-04-25 15:30,long,2316.48,0.8641,1999.916245,-1.75,-0.09,0.16,0.01,-3.77,-0.19,-345.38,-0.03
800,空头进场,2026-04-25 13:00,short,2314.45,0.8641,1999.916245,-1.75,-0.09,0.16,0.01,-3.77,-0.19,-345.38,-0.03
801,多头出场,2026-04-25 19:00,longTP,2316.48,0.8633,1999.817184,0,0.00,5.81,0.29,-0.48,-0.02,-345.38,-0.03
801,多头进场,2026-04-25 15:30,long,2316.48,0.8633,1999.817184,0,0.00,5.81,0.29,-0.48,-0.02,-345.38,-0.03
802,空头出场,2026-04-25 22:00,long,2317.48,0.8638,1999.817932,-2.02,-0.10,3.4,0.17,-3.28,-0.16,-347.4,-0.03
802,空头进场,2026-04-25 19:00,short,2315.14,0.8638,1999.817932,-2.02,-0.10,3.4,0.17,-3.28,-0.16,-347.4,-0.03
803,多头出场,2026-04-25 23:30,longTP,2311.64,0.863,1999.98524,-5.04,-0.25,1.04,0.05,-5.04,-0.25,-352.44,-0.04
803,多头进场,2026-04-25 22:00,long,2317.48,0.863,1999.98524,-5.04,-0.25,1.04,0.05,-5.04,-0.25,-352.44,-0.04
804,空头出场,2026-04-26 02:30,long,2311.55,0.8665,1999.959985,-3,-0.15,6.53,0.33,-5.1,-0.26,-355.44,-0.04
804,空头进场,2026-04-25 23:30,short,2308.09,0.8665,1999.959985,-3,-0.15,6.53,0.33,-5.1,-0.26,-355.44,-0.04
805,多头出场,2026-04-26 03:00,short,2309.02,0.8652,1999.95306,-2.19,-0.11,0.66,0.03,-2.19,-0.11,-357.63,-0.04
805,多头进场,2026-04-26 02:30,long,2311.55,0.8652,1999.95306,-2.19,-0.11,0.66,0.03,-2.19,-0.11,-357.63,-0.04
806,空头出场,2026-04-26 03:30,long,2310.06,0.8661,1999.842222,-0.9,-0.05,1.65,0.08,-1.44,-0.07,-358.53,-0.04
806,空头进场,2026-04-26 03:00,short,2309.02,0.8661,1999.842222,-0.9,-0.05,1.65,0.08,-1.44,-0.07,-358.53,-0.04
807,多头出场,2026-04-26 09:00,short,2315.88,0.8657,1999.818942,5.04,0.25,8.97,0.45,-1.05,-0.05,-353.49,-0.04
807,多头进场,2026-04-26 03:30,long,2310.06,0.8657,1999.818942,5.04,0.25,8.97,0.45,-1.05,-0.05,-353.49,-0.04
808,空头出场,2026-04-26 12:30,shortTP,2315.88,0.8636,1999.993968,0,0.00,7.91,0.40,-2.18,-0.11,-353.49,-0.04
808,空头进场,2026-04-26 09:00,short,2315.88,0.8636,1999.993968,0,0.00,7.91,0.40,-2.18,-0.11,-353.49,-0.04
809,多头出场,2026-04-26 20:30,longTP,2329.1,0.858,1999.9122,-1.54,-0.08,5.82,0.29,-3.08,-0.15,-355.04,-0.04
809,多头进场,2026-04-26 13:00,long,2330.9,0.858,1999.9122,-1.54,-0.08,5.82,0.29,-3.08,-0.15,-355.04,-0.04
810,多头出场,2026-04-27 01:00,longTP,2341.34,0.851,1999.84149,-7.36,-0.37,0.94,0.05,-7.36,-0.37,-362.4,-0.04
810,多头进场,2026-04-26 22:00,long,2349.99,0.851,1999.84149,-7.36,-0.37,0.94,0.05,-7.36,-0.37,-362.4,-0.04
811,多头出场,2026-04-27 03:00,longTP,2369.82,0.8512,1999.834816,17.36,0.87,17.36,0.87,-1.71,-0.09,-345.04,-0.03
811,多头进场,2026-04-27 01:30,long,2349.43,0.8512,1999.834816,17.36,0.87,17.36,0.87,-1.71,-0.09,-345.04,-0.03
812,多头出场,2026-04-27 13:00,longTP,2373.29,0.8365,1999.87074,-14.61,-0.73,11.38,0.57,-14.61,-0.73,-359.66,-0.04
812,多头进场,2026-04-27 08:30,long,2390.76,0.8365,1999.87074,-14.61,-0.73,11.38,0.57,-14.61,-0.73,-359.66,-0.04
813,空头出场,2026-04-28 04:00,shortTP,2293.19,0.8786,1999.91325,-14.88,-0.74,5.46,0.27,-14.88,-0.74,-374.54,-0.04
813,空头进场,2026-04-27 23:00,short,2276.25,0.8786,1999.91325,-14.88,-0.74,5.46,0.27,-14.88,-0.74,-374.54,-0.04
814,空头出场,2026-04-28 13:00,long,2294.47,0.8737,1999.995407,-4.68,-0.23,5.87,0.29,-6.81,-0.34,-379.22,-0.04
814,空头进场,2026-04-28 10:30,short,2289.11,0.8737,1999.995407,-4.68,-0.23,5.87,0.29,-6.81,-0.34,-379.22,-0.04
815,多头出场,2026-04-28 13:30,short,2288.13,0.8716,1999.860052,-5.53,-0.28,0.32,0.02,-6.76,-0.34,-384.75,-0.04
815,多头进场,2026-04-28 13:00,long,2294.47,0.8716,1999.860052,-5.53,-0.28,0.32,0.02,-6.76,-0.34,-384.75,-0.04
816,空头出场,2026-04-28 15:30,shortTP,2288.13,0.874,1999.82562,0,0.00,15.38,0.77,-2.51,-0.13,-384.75,-0.04
816,空头进场,2026-04-28 13:30,short,2288.13,0.874,1999.82562,0,0.00,15.38,0.77,-2.51,-0.13,-384.75,-0.04
817,多头出场,2026-04-28 17:30,longTP,2277.6,0.873,1999.78983,-11.45,-0.57,0.81,0.04,-11.45,-0.57,-396.19,-0.04
817,多头进场,2026-04-28 16:00,long,2290.71,0.873,1999.78983,-11.45,-0.57,0.81,0.04,-11.45,-0.57,-396.19,-0.04
818,空头出场,2026-04-28 21:30,shortTP,2276.59,0.8785,1999.984315,0,0.00,16.12,0.81,-4.13,-0.21,-396.19,-0.04
818,空头进场,2026-04-28 19:00,short,2276.59,0.8785,1999.984315,0,0.00,16.12,0.81,-4.13,-0.21,-396.19,-0.04
819,多头出场,2026-04-29 03:30,longTP,2302.38,0.8797,1999.865995,25.54,1.28,25.54,1.28,-2.77,-0.14,-370.66,-0.04
819,多头进场,2026-04-28 23:00,long,2273.35,0.8797,1999.865995,25.54,1.28,25.54,1.28,-2.77,-0.14,-370.66,-0.04
820,空头出场,2026-04-29 11:00,shortTP,2300.62,0.8741,1999.792203,-11.18,-0.56,7.86,0.39,-11.18,-0.56,-381.83,-0.04
820,空头进场,2026-04-29 05:00,short,2287.83,0.8741,1999.792203,-11.18,-0.56,7.86,0.39,-11.18,-0.56,-381.83,-0.04
821,多头出场,2026-04-29 12:30,longTP,2328.8,0.8693,1999.937659,24.49,1.22,24.49,1.22,-1.94,-0.10,-357.35,-0.04
821,多头进场,2026-04-29 11:00,long,2300.63,0.8693,1999.937659,24.49,1.22,24.49,1.22,-1.94,-0.10,-357.35,-0.04
822,多头出场,2026-04-29 20:00,longTP,2325.24,0.8548,1999.992656,-12.38,-0.62,6.18,0.31,-12.38,-0.62,-369.72,-0.04
822,多头进场,2026-04-29 17:30,long,2339.72,0.8548,1999.992656,-12.38,-0.62,6.18,0.31,-12.38,-0.62,-369.72,-0.04
823,空头出场,2026-04-30 14:30,shortTP,2250.46,0.8887,1999.983802,0,0.00,16.73,0.84,-5.65,-0.28,-369.72,-0.04
823,空头进场,2026-04-30 11:00,short,2250.46,0.8887,1999.983802,0,0.00,16.73,0.84,-5.65,-0.28,-369.72,-0.04
824,多头出场,2026-04-30 22:00,longTP,2248.03,0.8896,1999.847488,0,0.00,22.84,1.14,-3.84,-0.19,-369.72,-0.04
824,多头进场,2026-04-30 14:30,long,2248.03,0.8896,1999.847488,0,0.00,22.84,1.14,-3.84,-0.19,-369.72,-0.04
825,空头出场,2026-04-30 23:00,long,2267.56,0.8855,1999.804345,-8.12,-0.41,3.23,0.16,-8.51,-0.43,-377.84,-0.04
825,空头进场,2026-04-30 22:00,short,2258.39,0.8855,1999.804345,-8.12,-0.41,3.23,0.16,-8.51,-0.43,-377.84,-0.04
826,多头出场,2026-05-01 00:00,short,2262,0.882,1999.98792,-4.9,-0.25,6.68,0.33,-7.11,-0.36,-382.75,-0.04
826,多头进场,2026-04-30 23:00,long,2267.56,0.882,1999.98792,-4.9,-0.25,6.68,0.33,-7.11,-0.36,-382.75,-0.04
827,空头出场,2026-05-01 03:00,long,2265.17,0.8841,1999.8342,-2.8,-0.14,9.18,0.46,-3.76,-0.19,-385.55,-0.04
827,空头进场,2026-05-01 00:00,short,2262,0.8841,1999.8342,-2.8,-0.14,9.18,0.46,-3.76,-0.19,-385.55,-0.04
828,多头出场,2026-05-01 05:00,short,2257.85,0.8829,1999.918593,-6.46,-0.32,1.9,0.09,-6.97,-0.35,-392.01,-0.04
828,多头进场,2026-05-01 03:00,long,2265.17,0.8829,1999.918593,-6.46,-0.32,1.9,0.09,-6.97,-0.35,-392.01,-0.04
829,空头出场,2026-05-01 08:00,long,2262.09,0.8857,1999.777745,-3.76,-0.19,4.81,0.24,-7.22,-0.36,-395.77,-0.04
829,空头进场,2026-05-01 05:00,short,2257.85,0.8857,1999.777745,-3.76,-0.19,4.81,0.24,-7.22,-0.36,-395.77,-0.04
830,多头出场,2026-05-01 11:00,longTP,2283.88,0.8841,1999.913769,19.26,0.96,19.26,0.96,-2.96,-0.15,-376.5,-0.04
830,多头进场,2026-05-01 08:00,long,2262.09,0.8841,1999.913769,19.26,0.96,19.26,0.96,-2.96,-0.15,-376.5,-0.04
831,空头出场,2026-05-01 16:30,long,2286.92,0.8781,1999.828845,-8.32,-0.42,3.78,0.19,-9.7,-0.49,-384.82,-0.04
831,空头进场,2026-05-01 14:30,short,2277.45,0.8781,1999.828845,-8.32,-0.42,3.78,0.19,-9.7,-0.49,-384.82,-0.04
832,多头出场,2026-05-01 17:30,short,2282.07,0.8745,1999.91154,-4.24,-0.21,0.16,0.01,-6.17,-0.31,-389.06,-0.04
832,多头进场,2026-05-01 16:30,long,2286.92,0.8745,1999.91154,-4.24,-0.21,0.16,0.01,-6.17,-0.31,-389.06,-0.04
833,空头出场,2026-05-01 20:00,shortTP,2293.16,0.8763,1999.777941,-9.72,-0.49,4.39,0.22,-9.72,-0.49,-398.78,-0.04
833,空头进场,2026-05-01 17:30,short,2282.07,0.8763,1999.777941,-9.72,-0.49,4.39,0.22,-9.72,-0.49,-398.78,-0.04
834,多头出场,2026-05-01 22:30,longTP,2304.79,0.8677,1999.866283,0,0.00,17.78,0.89,-3.15,-0.16,-398.78,-0.04
834,多头进场,2026-05-01 20:00,long,2304.79,0.8677,1999.866283,0,0.00,17.78,0.89,-3.15,-0.16,-398.78,-0.04
835,多头出场,2026-05-02 13:00,longTP,2297.6,0.8704,1999.83104,0,0.00,9.35,0.47,-1.89,-0.09,-398.78,-0.04
835,多头进场,2026-05-02 08:30,long,2297.6,0.8704,1999.83104,0,0.00,9.35,0.47,-1.89,-0.09,-398.78,-0.04
836,空头出场,2026-05-02 14:30,long,2305.58,0.8697,1999.849059,-5.31,-0.27,2.07,0.10,-5.98,-0.30,-404.09,-0.04
836,空头进场,2026-05-02 13:30,short,2299.47,0.8697,1999.849059,-5.31,-0.27,2.07,0.10,-5.98,-0.30,-404.09,-0.04
837,多头出场,2026-05-02 18:30,short,2303.54,0.8674,1999.860092,-1.77,-0.09,1.91,0.10,-5.66,-0.28,-405.86,-0.04
837,多头进场,2026-05-02 14:30,long,2305.58,0.8674,1999.860092,-1.77,-0.09,1.91,0.10,-5.66,-0.28,-405.86,-0.04
838,空头出场,2026-05-02 21:00,shortTP,2310.54,0.8682,1999.933428,-6.08,-0.30,2.86,0.14,-6.08,-0.30,-411.94,-0.04
838,空头进场,2026-05-02 18:30,short,2303.54,0.8682,1999.933428,-6.08,-0.30,2.86,0.14,-6.08,-0.30,-411.94,-0.04
839,多头出场,2026-05-03 01:00,short,2307.28,0.8666,1999.792158,-0.3,-0.02,5.5,0.28,-2.08,-0.10,-412.24,-0.04
839,多头进场,2026-05-02 21:00,long,2307.63,0.8666,1999.792158,-0.3,-0.02,5.5,0.28,-2.08,-0.10,-412.24,-0.04
840,空头出场,2026-05-03 02:30,long,2310.3,0.8668,1999.950304,-2.62,-0.13,2.77,0.14,-3.72,-0.19,-414.86,-0.04
840,空头进场,2026-05-03 01:00,short,2307.28,0.8668,1999.950304,-2.62,-0.13,2.77,0.14,-3.72,-0.19,-414.86,-0.04
841,多头出场,2026-05-03 05:30,longTP,2321.3,0.8656,1999.79568,9.52,0.48,9.52,0.48,-0.98,-0.05,-405.34,-0.04
841,多头进场,2026-05-03 02:30,long,2310.3,0.8656,1999.79568,9.52,0.48,9.52,0.48,-0.98,-0.05,-405.34,-0.04
842,空头出场,2026-05-03 14:30,long,2304.49,0.8635,1999.805555,9.88,0.49,15.84,0.79,-1.1,-0.05,-395.46,-0.04
842,空头进场,2026-05-03 08:00,short,2315.93,0.8635,1999.805555,9.88,0.49,15.84,0.79,-1.1,-0.05,-395.46,-0.04
843,多头出场,2026-05-03 17:30,longTP,2320.86,0.8678,1999.836422,14.21,0.71,14.21,0.71,-0.06,0.00,-381.26,-0.04
843,多头进场,2026-05-03 14:30,long,2304.49,0.8678,1999.836422,14.21,0.71,14.21,0.71,-0.06,0.00,-381.26,-0.04
844,多头出场,2026-05-04 04:30,longTP,2329.58,0.8574,1999.808334,-2.43,-0.12,10.24,0.51,-3.54,-0.18,-383.68,-0.04
844,多头进场,2026-05-04 01:00,long,2332.41,0.8574,1999.808334,-2.43,-0.12,10.24,0.51,-3.54,-0.18,-383.68,-0.04
845,多头出场,2026-05-04 07:00,short,2326.65,0.8532,1999.806948,-14.71,-0.74,3.05,0.15,-18.99,-0.95,-398.39,-0.04
845,多头进场,2026-05-04 06:30,long,2343.89,0.8532,1999.806948,-14.71,-0.74,3.05,0.15,-18.99,-0.95,-398.39,-0.04
846,空头出场,2026-05-04 09:30,shortTP,2326.65,0.8596,1999.98834,0,0.00,14.97,0.75,-2.02,-0.10,-398.39,-0.04
846,空头进场,2026-05-04 07:00,short,2326.65,0.8596,1999.98834,0,0.00,14.97,0.75,-2.02,-0.10,-398.39,-0.04
847,多头出场,2026-05-04 12:00,longTP,2394.67,0.8506,1999.93072,36.98,1.85,36.98,1.85,-4.92,-0.25,-361.42,-0.04
847,多头进场,2026-05-04 09:30,long,2351.2,0.8506,1999.93072,36.98,1.85,36.98,1.85,-4.92,-0.25,-361.42,-0.04
848,空头出场,2026-05-04 18:00,shortTP,2326.87,0.8467,1999.956202,29.8,1.49,29.8,1.49,-10,-0.50,-331.62,-0.03
848,空头进场,2026-05-04 14:00,short,2362.06,0.8467,1999.956202,29.8,1.49,29.8,1.49,-10,-0.50,-331.62,-0.03
849,多头出场,2026-05-04 23:00,longTP,2345.76,0.8526,1999.994976,0,0.00,30.73,1.54,-0.51,-0.03,-331.62,-0.03
849,多头进场,2026-05-04 22:00,long,2345.76,0.8526,1999.994976,0,0.00,30.73,1.54,-0.51,-0.03,-331.62,-0.03
850,空头出场,2026-05-05 06:00,long,2359.89,0.8487,1999.978524,-2.86,-0.14,7.43,0.37,-7.97,-0.40,-334.48,-0.03
850,空头进场,2026-05-05 03:30,short,2356.52,0.8487,1999.978524,-2.86,-0.14,7.43,0.37,-7.97,-0.40,-334.48,-0.03
851,多头出场,2026-05-05 06:30,short,2354.58,0.8474,1999.770786,-4.5,-0.23,0.09,0.00,-5.03,-0.25,-338.98,-0.03
851,多头进场,2026-05-05 06:00,long,2359.89,0.8474,1999.770786,-4.5,-0.23,0.09,0.00,-5.03,-0.25,-338.98,-0.03
852,空头出场,2026-05-05 09:00,long,2361.07,0.8494,1999.980252,-5.51,-0.28,8.28,0.41,-6.3,-0.32,-344.49,-0.03
852,空头进场,2026-05-05 06:30,short,2354.58,0.8494,1999.980252,-5.51,-0.28,8.28,0.41,-6.3,-0.32,-344.49,-0.03
853,多头出场,2026-05-05 14:00,short,2371.2,0.847,1999.82629,8.58,0.43,25.13,1.26,-3.74,-0.19,-335.91,-0.03
853,多头进场,2026-05-05 09:00,long,2361.07,0.847,1999.82629,8.58,0.43,25.13,1.26,-3.74,-0.19,-335.91,-0.03
854,空头出场,2026-05-05 15:30,shortTP,2387.72,0.8434,1999.87008,-13.93,-0.70,0.33,0.02,-13.93,-0.70,-349.85,-0.03
854,空头进场,2026-05-05 14:00,short,2371.2,0.8434,1999.87008,-13.93,-0.70,0.33,0.02,-13.93,-0.70,-349.85,-0.03
855,多头出场,2026-05-05 22:00,longTP,2372.06,0.8379,1999.941615,-12.39,-0.62,10.6,0.53,-12.39,-0.62,-362.24,-0.04
855,多头进场,2026-05-05 20:00,long,2386.85,0.8379,1999.941615,-12.39,-0.62,10.6,0.53,-12.39,-0.62,-362.24,-0.04
856,空头出场,2026-05-06 04:00,shortTP,2378.78,0.8407,1999.840346,0,0.00,16.03,0.80,-7.69,-0.38,-362.24,-0.04
856,空头进场,2026-05-05 22:30,short,2378.78,0.8407,1999.840346,0,0.00,16.03,0.80,-7.69,-0.38,-362.24,-0.04
857,多头出场,2026-05-06 06:30,longTP,2365.97,0.84,1999.9812,-12.57,-0.63,6.39,0.32,-12.57,-0.63,-374.8,-0.04
857,多头进场,2026-05-06 04:00,long,2380.93,0.84,1999.9812,-12.57,-0.63,6.39,0.32,-12.57,-0.63,-374.8,-0.04
858,空头出场,2026-05-06 09:30,long,2373.19,0.8447,1999.835697,-4.8,-0.24,10.57,0.53,-8.01,-0.40,-379.6,-0.04
858,空头进场,2026-05-06 06:30,short,2367.51,0.8447,1999.835697,-4.8,-0.24,10.57,0.53,-8.01,-0.40,-379.6,-0.04
859,多头出场,2026-05-06 13:00,short,2365.42,0.8427,1999.887213,-6.55,-0.33,6.47,0.32,-11.12,-0.56,-386.15,-0.04
859,多头进场,2026-05-06 09:30,long,2373.19,0.8427,1999.887213,-6.55,-0.33,6.47,0.32,-11.12,-0.56,-386.15,-0.04
860,空头出场,2026-05-06 14:30,long,2370.52,0.8455,1999.96261,-4.31,-0.22,8.81,0.44,-4.96,-0.25,-390.46,-0.04
860,空头进场,2026-05-06 13:00,short,2365.42,0.8455,1999.96261,-4.31,-0.22,8.81,0.44,-4.96,-0.25,-390.46,-0.04
861,多头出场,2026-05-06 17:30,longTP,2399.81,0.8436,1999.770672,24.71,1.24,24.71,1.24,-1.65,-0.08,-365.75,-0.04
861,多头进场,2026-05-06 14:30,long,2370.52,0.8436,1999.770672,24.71,1.24,24.71,1.24,-1.65,-0.08,-365.75,-0.04
862,空头出场,2026-05-07 02:00,shortTP,2346.01,0.8391,1999.902549,31.37,1.57,31.37,1.57,-3.59,-0.18,-334.39,-0.03
862,空头进场,2026-05-06 21:00,short,2383.39,0.8391,1999.902549,31.37,1.57,31.37,1.57,-3.59,-0.18,-334.39,-0.03
863,空头出场,2026-05-07 13:00,shortTP,2329.65,0.8584,1999.77156,0,0.00,13.53,0.68,-4.59,-0.23,-334.39,-0.03
863,空头进场,2026-05-07 08:30,short,2329.65,0.8584,1999.77156,0,0.00,13.53,0.68,-4.59,-0.23,-334.39,-0.03
864,空头出场,2026-05-07 19:30,long,2329.94,0.8625,1999.7925,-9.78,-0.49,0.38,0.02,-11.2,-0.56,-344.17,-0.03
864,空头进场,2026-05-07 18:00,short,2318.6,0.8625,1999.7925,-9.78,-0.49,0.38,0.02,-11.2,-0.56,-344.17,-0.03
865,多头出场,2026-05-07 21:30,longTP,2316.46,0.8583,1999.787502,-11.57,-0.58,6.17,0.31,-11.57,-0.58,-355.74,-0.04
865,多头进场,2026-05-07 19:30,long,2329.94,0.8583,1999.787502,-11.57,-0.58,6.17,0.31,-11.57,-0.58,-355.74,-0.04
866,空头出场,2026-05-08 01:00,shortTP,2281.32,0.8641,1999.803912,28.52,1.43,28.52,1.43,-3.83,-0.19,-327.22,-0.03
866,空头进场,2026-05-07 21:30,short,2314.32,0.8641,1999.803912,28.52,1.43,28.52,1.43,-3.83,-0.19,-327.22,-0.03
867,空头出场,2026-05-08 15:30,long,2281.35,0.8785,1999.773475,-4.39,-0.22,9.44,0.47,-7.19,-0.36,-331.62,-0.03
867,空头进场,2026-05-08 10:00,short,2276.35,0.8785,1999.773475,-4.39,-0.22,9.44,0.47,-7.19,-0.36,-331.62,-0.03
868,多头出场,2026-05-08 21:00,longTP,2281.35,0.8766,1999.83141,0,0.00,18.1,0.91,-1.05,-0.05,-331.62,-0.03
868,多头进场,2026-05-08 15:30,long,2281.35,0.8766,1999.83141,0,0.00,18.1,0.91,-1.05,-0.05,-331.62,-0.03
869,空头出场,2026-05-08 22:00,shortTP,2287.6,0.8795,1999.851075,-12.09,-0.60,3.42,0.17,-12.09,-0.60,-343.71,-0.03
869,空头进场,2026-05-08 21:00,short,2273.85,0.8795,1999.851075,-12.09,-0.60,3.42,0.17,-12.09,-0.60,-343.71,-0.03
870,多头出场,2026-05-09 09:30,longTP,2316.57,0.8721,1999.89972,20.38,1.02,24.44,1.22,-5.91,-0.30,-323.33,-0.03
870,多头进场,2026-05-08 23:30,long,2293.2,0.8721,1999.89972,20.38,1.02,24.44,1.22,-5.91,-0.30,-323.33,-0.03
871,多头出场,2026-05-09 19:30,longTP,2314.57,0.8631,1999.863117,-2.16,-0.11,7.13,0.36,-5.89,-0.29,-325.49,-0.03
871,多头进场,2026-05-09 10:30,long,2317.07,0.8631,1999.863117,-2.16,-0.11,7.13,0.36,-5.89,-0.29,-325.49,-0.03
872,多头出场,2026-05-09 21:00,short,2314.05,0.8633,1999.868982,-2.15,-0.11,0.01,0.00,-3.04,-0.15,-327.63,-0.03
872,多头进场,2026-05-09 20:30,long,2316.54,0.8633,1999.868982,-2.15,-0.11,0.01,0.00,-3.04,-0.15,-327.63,-0.03
873,空头出场,2026-05-09 23:30,shortTP,2314.05,0.8642,1999.80201,0,0.00,12.14,0.61,-1.1,-0.05,-327.63,-0.03
873,空头进场,2026-05-09 21:00,short,2314.05,0.8642,1999.80201,0,0.00,12.14,0.61,-1.1,-0.05,-327.63,-0.03
874,多头出场,2026-05-10 02:00,longTP,2337.12,0.8629,1999.882927,16.82,0.84,16.82,0.84,-2.02,-0.10,-310.82,-0.03
874,多头进场,2026-05-09 23:30,long,2317.63,0.8629,1999.882927,16.82,0.84,16.82,0.84,-2.02,-0.10,-310.82,-0.03
875,多头出场,2026-05-10 14:00,short,2326.65,0.8586,1999.885464,-2.22,-0.11,1.49,0.07,-2.34,-0.12,-313.04,-0.03
875,多头进场,2026-05-10 12:00,long,2329.24,0.8586,1999.885464,-2.22,-0.11,1.49,0.07,-2.34,-0.12,-313.04,-0.03
876,空头出场,2026-05-10 14:30,long,2329.3,0.8596,1999.98834,-2.28,-0.11,0,0.00,-3.52,-0.18,-315.32,-0.03
876,空头进场,2026-05-10 14:00,short,2326.65,0.8596,1999.98834,-2.28,-0.11,0,0.00,-3.52,-0.18,-315.32,-0.03
877,多头出场,2026-05-10 15:30,short,2327.36,0.8586,1999.93698,-1.67,-0.08,2.4,0.12,-1.67,-0.08,-316.98,-0.03
877,多头进场,2026-05-10 14:30,long,2329.3,0.8586,1999.93698,-1.67,-0.08,2.4,0.12,-1.67,-0.08,-316.98,-0.03
878,空头出场,2026-05-10 16:00,long,2330.53,0.8593,1999.900448,-2.72,-0.14,1.03,0.05,-3.84,-0.19,-319.71,-0.03
878,空头进场,2026-05-10 15:30,short,2327.36,0.8593,1999.900448,-2.72,-0.14,1.03,0.05,-3.84,-0.19,-319.71,-0.03
879,多头出场,2026-05-10 17:30,short,2328.22,0.8581,1999.827793,-1.98,-0.10,2.63,0.13,-3.1,-0.15,-321.69,-0.03
879,多头进场,2026-05-10 16:00,long,2330.53,0.8581,1999.827793,-1.98,-0.10,2.63,0.13,-3.1,-0.15,-321.69,-0.03
880,空头出场,2026-05-10 21:00,shortTP,2328.22,0.859,1999.94098,0,0.00,7.92,0.40,-0.52,-0.03,-321.69,-0.03
880,空头进场,2026-05-10 17:30,short,2328.22,0.859,1999.94098,0,0.00,7.92,0.40,-0.52,-0.03,-321.69,-0.03
881,多头出场,2026-05-10 23:30,longTP,2344.41,0.8585,1999.849995,12.83,0.64,12.83,0.64,-2.17,-0.11,-308.86,-0.03
881,多头进场,2026-05-10 21:00,long,2329.47,0.8585,1999.849995,12.83,0.64,12.83,0.64,-2.17,-0.11,-308.86,-0.03
882,多头出场,2026-05-11 08:00,longTP,2353.85,0.8425,1999.90965,-16.79,-0.84,7.37,0.37,-16.79,-0.84,-325.66,-0.03
882,多头进场,2026-05-11 06:30,long,2373.78,0.8425,1999.90965,-16.79,-0.84,7.37,0.37,-16.79,-0.84,-325.66,-0.03
883,空头出场,2026-05-11 17:00,long,2336,0.8502,1999.96797,13.9,0.70,27.5,1.37,-11.25,-0.56,-311.75,-0.03
883,空头进场,2026-05-11 08:30,short,2352.35,0.8502,1999.96797,13.9,0.70,27.5,1.37,-11.25,-0.56,-311.75,-0.03
884,多头出场,2026-05-11 21:00,short,2327.57,0.8561,1999.8496,-7.22,-0.36,3.34,0.17,-8.94,-0.45,-318.97,-0.03
884,多头进场,2026-05-11 17:00,long,2336,0.8561,1999.8496,-7.22,-0.36,3.34,0.17,-8.94,-0.45,-318.97,-0.03
885,空头出场,2026-05-11 23:00,shortTP,2327.57,0.8592,1999.848144,0,0.00,20.25,1.01,-1.71,-0.09,-318.97,-0.03
885,空头进场,2026-05-11 21:00,short,2327.57,0.8592,1999.848144,0,0.00,20.25,1.01,-1.71,-0.09,-318.97,-0.03
886,多头出场,2026-05-12 07:00,short,2336.36,0.8573,1999.849429,3.11,0.16,11.1,0.56,-7.76,-0.39,-315.86,-0.03
886,多头进场,2026-05-11 23:00,long,2332.73,0.8573,1999.849429,3.11,0.16,11.1,0.56,-7.76,-0.39,-315.86,-0.03
887,空头出场,2026-05-12 09:30,shortTP,2309.81,0.856,1999.92416,22.73,1.14,22.73,1.14,-5.02,-0.25,-293.13,-0.03
887,空头进场,2026-05-12 07:00,short,2336.36,0.856,1999.92416,22.73,1.14,22.73,1.14,-5.02,-0.25,-293.13,-0.03
888,空头出场,2026-05-12 21:30,shortTP,2277.81,0.868,1999.77652,22.64,1.13,22.64,1.13,-0.81,-0.04,-270.5,-0.03
888,空头进场,2026-05-12 14:30,short,2303.89,0.868,1999.77652,22.64,1.13,22.64,1.13,-0.81,-0.04,-270.5,-0.03
889,空头出场,2026-05-13 01:30,shortTP,2276.59,0.8802,1999.805598,-4.05,-0.20,13.84,0.69,-8.71,-0.44,-274.54,-0.03
889,空头进场,2026-05-12 21:30,short,2271.99,0.8802,1999.805598,-4.05,-0.20,13.84,0.69,-8.71,-0.44,-274.54,-0.03
890,空头出场,2026-05-13 09:00,shortTP,2286.6,0.8791,1999.917336,-10.23,-0.51,1.42,0.07,-10.4,-0.52,-284.78,-0.03
890,空头进场,2026-05-13 07:30,short,2274.96,0.8791,1999.917336,-10.23,-0.51,1.42,0.07,-10.4,-0.52,-284.78,-0.03
891,多头出场,2026-05-13 16:30,longTP,2312.27,0.8726,1999.789776,17.9,0.89,17.9,0.89,-4.19,-0.21,-266.88,-0.03
891,多头进场,2026-05-13 09:00,long,2291.76,0.8726,1999.789776,17.9,0.89,17.9,0.89,-4.19,-0.21,-266.88,-0.03
892,多头出场,2026-05-13 18:30,short,2308.46,0.8633,1999.955312,-7.06,-0.35,5.8,0.29,-9.57,-0.48,-273.94,-0.03
892,多头进场,2026-05-13 16:30,long,2316.64,0.8633,1999.955312,-7.06,-0.35,5.8,0.29,-9.57,-0.48,-273.94,-0.03
893,空头出场,2026-05-13 20:30,shortTP,2283.66,0.8663,1999.818898,21.48,1.07,21.48,1.07,-0.39,-0.02,-252.46,-0.03
893,空头进场,2026-05-13 18:30,short,2308.46,0.8663,1999.818898,21.48,1.07,21.48,1.07,-0.39,-0.02,-252.46,-0.03
894,空头出场,2026-05-14 13:00,long,2261.46,0.8882,1999.808946,-8.82,-0.44,11.45,0.57,-8.86,-0.44,-261.28,-0.03
894,空头进场,2026-05-14 10:30,short,2251.53,0.8882,1999.808946,-8.82,-0.44,11.45,0.57,-8.86,-0.44,-261.28,-0.03
895,多头出场,2026-05-14 17:00,longTP,2261.46,0.8843,1999.809078,0,0.00,12.15,0.61,-0.01,0.00,-261.28,-0.03
895,多头进场,2026-05-14 13:00,long,2261.46,0.8843,1999.809078,0,0.00,12.15,0.61,-0.01,0.00,-261.28,-0.03
896,空头出场,2026-05-14 20:30,shortTP,2261.22,0.8844,1999.822968,0,0.00,11.69,0.58,-3.79,-0.19,-261.28,-0.03
896,空头进场,2026-05-14 17:00,short,2261.22,0.8844,1999.822968,0,0.00,11.69,0.58,-3.79,-0.19,-261.28,-0.03
897,多头出场,2026-05-14 23:30,longTP,2298.05,0.883,1999.89787,29.28,1.46,29.28,1.46,-1.37,-0.07,-232,-0.02
897,多头进场,2026-05-14 22:00,long,2264.89,0.883,1999.89787,29.28,1.46,29.28,1.46,-1.37,-0.07,-232,-0.02
898,空头出场,2026-05-15 08:30,shortTP,2297.69,0.8704,1999.909376,0,0.00,15.24,0.76,-4.67,-0.23,-232,-0.02
898,空头进场,2026-05-15 03:00,short,2297.69,0.8704,1999.909376,0,0.00,15.24,0.76,-4.67,-0.23,-232,-0.02
899,多头出场,2026-05-15 16:30,longTP,2250.09,0.8822,1999.965044,-14.94,-0.75,0.61,0.03,-14.94,-0.75,-246.93,-0.02
899,多头进场,2026-05-15 15:00,long,2267.02,0.8822,1999.965044,-14.94,-0.75,0.61,0.03,-14.94,-0.75,-246.93,-0.02
900,空头出场,2026-05-15 22:00,shortTP,2212.87,0.8898,1999.798806,30.79,1.54,33.06,1.65,-0.21,-0.01,-216.15,-0.02
900,空头进场,2026-05-15 21:00,short,2247.47,0.8898,1999.798806,30.79,1.54,33.06,1.65,-0.21,-0.01,-216.15,-0.02
901,空头出场,2026-05-16 15:00,shortTP,2206.05,0.8987,1999.940019,17.36,0.87,17.36,0.87,-1.37,-0.07,-198.78,-0.02
901,空头进场,2026-05-16 13:30,short,2225.37,0.8987,1999.940019,17.36,0.87,17.36,0.87,-1.37,-0.07,-198.78,-0.02
902,空头出场,2026-05-17 11:00,shortTP,2177.76,0.9183,1999.837008,0,0.00,8.98,0.45,-0.19,-0.01,-198.78,-0.02
902,空头进场,2026-05-17 09:00,short,2177.76,0.9183,1999.837008,0,0.00,8.98,0.45,-0.19,-0.01,-198.78,-0.02
903,多头出场,2026-05-17 14:00,longTP,2181.7,0.9167,1999.96439,0,0.00,12.19,0.61,-0.51,-0.03,-198.78,-0.02
903,多头进场,2026-05-17 11:30,long,2181.7,0.9167,1999.96439,0,0.00,12.19,0.61,-0.51,-0.03,-198.78,-0.02
904,空头出场,2026-05-18 02:30,long,2188.49,0.9124,1999.93518,3.16,0.16,13.98,0.70,-2.53,-0.13,-195.63,-0.02
904,空头进场,2026-05-17 21:00,short,2191.95,0.9124,1999.93518,3.16,0.16,13.98,0.70,-2.53,-0.13,-195.63,-0.02
905,多头出场,2026-05-18 06:00,longTP,2180.02,0.9138,1999.842162,-7.74,-0.39,5.78,0.29,-7.74,-0.39,-203.37,-0.02
905,多头进场,2026-05-18 02:30,long,2188.49,0.9138,1999.842162,-7.74,-0.39,5.78,0.29,-7.74,-0.39,-203.37,-0.02
906,空头出场,2026-05-18 07:30,shortTP,2160.29,0.9168,1999.889184,19.34,0.97,19.34,0.97,-2.98,-0.15,-184.03,-0.02
906,空头进场,2026-05-18 06:00,short,2181.38,0.9168,1999.889184,19.34,0.97,19.34,0.97,-2.98,-0.15,-184.03,-0.02
907,空头出场,2026-05-19 02:00,shortTP,2079.4,0.9447,1999.977135,35.57,1.78,35.57,1.78,-1.84,-0.09,-148.46,-0.01
907,空头进场,2026-05-18 22:00,short,2117.05,0.9447,1999.977135,35.57,1.78,35.57,1.78,-1.84,-0.09,-148.46,-0.01
908,多头出场,2026-05-19 09:00,longTP,2125.07,0.9411,1999.903377,0,0.00,20.59,1.03,-9.86,-0.49,-148.46,-0.01
908,多头进场,2026-05-19 03:30,long,2125.07,0.9411,1999.903377,0,0.00,20.59,1.03,-9.86,-0.49,-148.46,-0.01
909,空头出场,2026-05-19 13:30,long,2135.21,0.9408,1999.971456,-8.83,-0.44,6.79,0.34,-11.21,-0.56,-157.3,-0.02
909,空头进场,2026-05-19 09:00,short,2125.82,0.9408,1999.971456,-8.83,-0.44,6.79,0.34,-11.21,-0.56,-157.3,-0.02
910,多头出场,2026-05-19 16:30,short,2133.72,0.9366,1999.837686,-1.4,-0.07,9.17,0.46,-3.93,-0.20,-158.69,-0.02
910,多头进场,2026-05-19 13:30,long,2135.21,0.9366,1999.837686,-1.4,-0.07,9.17,0.46,-3.93,-0.20,-158.69,-0.02
911,空头出场,2026-05-19 22:00,shortTP,2102.63,0.9373,1999.935756,29.14,1.46,29.14,1.46,-0.73,-0.04,-129.55,-0.01
911,空头进场,2026-05-19 16:30,short,2133.72,0.9373,1999.935756,29.14,1.46,29.14,1.46,-0.73,-0.04,-129.55,-0.01
912,多头出场,2026-05-20 06:00,longTP,2112.16,0.9468,1999.793088,0,0.00,12.22,0.61,-1.91,-0.10,-129.55,-0.01
912,多头进场,2026-05-20 00:00,long,2112.16,0.9468,1999.793088,0,0.00,12.22,0.61,-1.91,-0.10,-129.55,-0.01
913,空头出场,2026-05-20 07:30,shortTP,2117.31,0.9504,1999.92672,-12.36,-0.62,2.1,0.11,-12.36,-0.62,-141.92,-0.01
913,空头进场,2026-05-20 06:00,short,2104.3,0.9504,1999.92672,-12.36,-0.62,2.1,0.11,-12.36,-0.62,-141.92,-0.01
914,多头出场,2026-05-20 18:30,longTP,2136.58,0.9455,1999.99724,20.14,1.01,21.48,1.07,-8.76,-0.44,-121.78,-0.01
914,多头进场,2026-05-20 09:30,long,2115.28,0.9455,1999.99724,20.14,1.01,21.48,1.07,-8.76,-0.44,-121.78,-0.01
915,多头出场,2026-05-21 00:00,longTP,2124.53,0.935,1999.95565,-13.52,-0.68,1.86,0.09,-13.52,-0.68,-135.3,-0.01
915,多头进场,2026-05-20 23:00,long,2138.99,0.935,1999.95565,-13.52,-0.68,1.86,0.09,-13.52,-0.68,-135.3,-0.01
916,空头出场,2026-05-21 01:00,shortTP,2142.45,0.9402,1999.8054,-14.53,-0.73,1.68,0.08,-14.53,-0.73,-149.82,-0.01
916,空头进场,2026-05-21 00:00,short,2127,0.9402,1999.8054,-14.53,-0.73,1.68,0.08,-14.53,-0.73,-149.82,-0.01
917,多头出场,2026-05-21 02:30,short,2132.1,0.9322,1999.84866,-12.31,-0.62,3.23,0.16,-13.05,-0.65,-162.13,-0.02
917,多头进场,2026-05-21 01:00,long,2145.3,0.9322,1999.84866,-12.31,-0.62,3.23,0.16,-13.05,-0.65,-162.13,-0.02
918,空头出场,2026-05-21 08:00,shortTP,2132.1,0.938,1999.9098,0,0.00,12.8,0.64,-8.77,-0.44,-162.13,-0.02
918,空头进场,2026-05-21 02:30,short,2132.1,0.938,1999.9098,0,0.00,12.8,0.64,-8.77,-0.44,-162.13,-0.02
919,多头出场,2026-05-21 09:30,longTP,2142.92,0.9333,1999.987236,0,0.00,13.61,0.68,-0.81,-0.04,-162.13,-0.02
919,多头进场,2026-05-21 08:30,long,2142.92,0.9333,1999.987236,0,0.00,13.61,0.68,-0.81,-0.04,-162.13,-0.02
920,空头出场,2026-05-21 16:00,shortTP,2141.7,0.9338,1999.91946,0,0.00,16.29,0.81,-0.08,0.00,-162.13,-0.02
920,空头进场,2026-05-21 13:00,short,2141.7,0.9338,1999.91946,0,0.00,16.29,0.81,-0.08,0.00,-162.13,-0.02
921,多头出场,2026-05-21 17:30,short,2127.98,0.9355,1999.790285,-9.06,-0.45,0.61,0.03,-9.08,-0.45,-171.19,-0.02
921,多头进场,2026-05-21 17:00,long,2137.67,0.9355,1999.790285,-9.06,-0.45,0.61,0.03,-9.08,-0.45,-171.19,-0.02
922,空头出场,2026-05-21 21:30,long,2120.46,0.9398,1999.875604,7.07,0.35,21.46,1.07,-1.98,-0.10,-164.13,-0.02
922,空头进场,2026-05-21 17:30,short,2127.98,0.9398,1999.875604,7.07,0.35,21.46,1.07,-1.98,-0.10,-164.13,-0.02
923,多头出场,2026-05-22 01:30,longTP,2152.38,0.9431,1999.805826,30.1,1.51,30.1,1.51,-9.22,-0.46,-134.02,-0.01
923,多头进场,2026-05-21 21:30,long,2120.46,0.9431,1999.805826,30.1,1.51,30.1,1.51,-9.22,-0.46,-134.02,-0.01
924,空头出场,2026-05-22 10:00,long,2136.87,0.9365,1999.82083,-1.36,-0.07,9.12,0.46,-4.3,-0.21,-135.38,-0.01
924,空头进场,2026-05-22 05:30,short,2135.42,0.9365,1999.82083,-1.36,-0.07,9.12,0.46,-4.3,-0.21,-135.38,-0.01
925,多头出场,2026-05-22 12:30,short,2134,0.9359,1999.896633,-2.69,-0.13,4.23,0.21,-4.03,-0.20,-138.07,-0.01
925,多头进场,2026-05-22 10:00,long,2136.87,0.9359,1999.896633,-2.69,-0.13,4.23,0.21,-4.03,-0.20,-138.07,-0.01
926,空头出场,2026-05-22 19:30,long,2130.78,0.9372,1999.9848,3.02,0.15,13.89,0.69,-1.83,-0.09,-135.05,-0.01
926,空头进场,2026-05-22 12:30,short,2134,0.9372,1999.9848,3.02,0.15,13.89,0.69,-1.83,-0.09,-135.05,-0.01
927,多头出场,2026-05-22 22:00,longTP,2121.11,0.9386,1999.950108,-9.08,-0.45,6.78,0.34,-9.08,-0.45,-144.12,-0.01
927,多头进场,2026-05-22 19:30,long,2130.78,0.9386,1999.950108,-9.08,-0.45,6.78,0.34,-9.08,-0.45,-144.12,-0.01
928,空头出场,2026-05-23 01:00,shortTP,2128.9,0.9441,1999.830384,-10.06,-0.50,5.45,0.27,-10.06,-0.50,-154.19,-0.02
928,空头进场,2026-05-22 22:00,short,2118.24,0.9441,1999.830384,-10.06,-0.50,5.45,0.27,-10.06,-0.50,-154.19,-0.02
929,多头出场,2026-05-23 02:00,longTP,2117.38,0.9395,1999.904255,-10.63,-0.53,1.23,0.06,-10.63,-0.53,-164.81,-0.02
929,多头进场,2026-05-23 01:00,long,2128.69,0.9395,1999.904255,-10.63,-0.53,1.23,0.06,-10.63,-0.53,-164.81,-0.02
930,空头出场,2026-05-23 03:00,shortTP,2090.47,0.944,1999.98672,26.58,1.33,32.21,1.61,-0.21,-0.01,-138.23,-0.01
930,空头进场,2026-05-23 02:00,short,2118.63,0.944,1999.98672,26.58,1.33,32.21,1.61,-0.21,-0.01,-138.23,-0.01
931,空头出场,2026-05-23 21:00,shortTP,2039.21,0.9859,1999.986881,-10.47,-0.52,7.41,0.37,-10.47,-0.52,-148.7,-0.01
931,空头进场,2026-05-23 15:30,short,2028.59,0.9859,1999.986881,-10.47,-0.52,7.41,0.37,-10.47,-0.52,-148.7,-0.01
932,多头出场,2026-05-25 03:00,short,2097.17,0.951,1999.83888,-5.43,-0.27,1.81,0.09,-5.99,-0.30,-154.13,-0.02
932,多头进场,2026-05-25 01:30,long,2102.88,0.951,1999.83888,-5.43,-0.27,1.81,0.09,-5.99,-0.30,-154.13,-0.02
933,空头出场,2026-05-25 03:30,long,2100.87,0.9536,1999.861312,-3.53,-0.18,0.79,0.04,-4.31,-0.22,-157.66,-0.02
933,空头进场,2026-05-25 03:00,short,2097.17,0.9536,1999.861312,-3.53,-0.18,0.79,0.04,-4.31,-0.22,-157.66,-0.02
934,多头出场,2026-05-25 04:00,short,2094.8,0.9519,1999.818153,-5.78,-0.29,1.18,0.06,-8.91,-0.45,-163.44,-0.02
934,多头进场,2026-05-25 03:30,long,2100.87,0.9519,1999.818153,-5.78,-0.29,1.18,0.06,-8.91,-0.45,-163.44,-0.02
935,空头出场,2026-05-25 05:30,shortTP,2071.38,0.9547,1999.90556,22.36,1.12,22.36,1.12,-3.66,-0.18,-141.08,-0.01
935,空头进场,2026-05-25 04:00,short,2094.8,0.9547,1999.90556,22.36,1.12,22.36,1.12,-3.66,-0.18,-141.08,-0.01
936,多头出场,2026-05-25 08:00,开盘价,2106.24,0.9558,1999.887246,13.26,0.66,14.87,0.74,-0.67,-0.03,-127.82,-0.01
936,多头进场,2026-05-25 06:30,long,2092.37,0.9558,1999.887246,13.26,0.66,14.87,0.74,-0.67,-0.03,-127.82,-0.01