Trade number,类型,日期和时间,信号,价格 USDT,大小（数量）,大小（价值）,Net PnL USDT,Net PnL %,有利波动 USDT,有利波动 %,不利波动 USDT,不利波动 %,Cumulative PnL USDT,Cumulative PnL %
1,空头出场,2025-11-01 10:15,VltClsLE,3846.6,1,3848.72,2.12,0.06,12.05,0.31,0,0.00,2.12,0.00
1,空头进场,2025-11-01 09:30,VltClsSE,3848.72,1,3848.72,2.12,0.06,12.05,0.31,0,0.00,2.12,0.00
2,多头出场,2025-11-01 10:30,VltClsSE,3839.54,1,3846.6,-7.06,-0.18,2,0.05,-7.06,-0.18,-4.94,0.00
2,多头进场,2025-11-01 10:15,VltClsLE,3846.6,1,3846.6,-7.06,-0.18,2,0.05,-7.06,-0.18,-4.94,0.00
3,空头出场,2025-11-01 10:45,VltClsLE,3853.92,1,3839.54,-14.38,-0.37,0.58,0.02,-14.38,-0.37,-19.32,0.00
3,空头进场,2025-11-01 10:30,VltClsSE,3839.54,1,3839.54,-14.38,-0.37,0.58,0.02,-14.38,-0.37,-19.32,0.00
4,多头出场,2025-11-01 12:15,VltClsSE,3855.98,1,3853.92,2.06,0.05,14.93,0.39,-2.4,-0.06,-17.26,0.00
4,多头进场,2025-11-01 10:45,VltClsLE,3853.92,1,3853.92,2.06,0.05,14.93,0.39,-2.4,-0.06,-17.26,0.00
5,空头出场,2025-11-01 14:30,VltClsLE,3859.95,1,3855.98,-3.97,-0.10,3.02,0.08,-13.57,-0.35,-21.23,0.00
5,空头进场,2025-11-01 12:15,VltClsSE,3855.98,1,3855.98,-3.97,-0.10,3.02,0.08,-13.57,-0.35,-21.23,0.00
6,多头出场,2025-11-01 15:30,VltClsSE,3860.24,1,3859.95,0.29,0.01,7.46,0.19,-6.83,-0.18,-20.94,0.00
6,多头进场,2025-11-01 14:30,VltClsLE,3859.95,1,3859.95,0.29,0.01,7.46,0.19,-6.83,-0.18,-20.94,0.00
7,空头出场,2025-11-01 16:00,VltClsLE,3865.8,1,3860.24,-5.56,-0.14,1.22,0.03,-5.56,-0.14,-26.5,0.00
7,空头进场,2025-11-01 15:30,VltClsSE,3860.24,1,3860.24,-5.56,-0.14,1.22,0.03,-5.56,-0.14,-26.5,0.00
8,多头出场,2025-11-01 17:00,VltClsSE,3876.12,1,3865.8,10.32,0.27,17.14,0.44,-4.47,-0.12,-16.18,0.00
8,多头进场,2025-11-01 16:00,VltClsLE,3865.8,1,3865.8,10.32,0.27,17.14,0.44,-4.47,-0.12,-16.18,0.00
9,空头出场,2025-11-01 18:30,VltClsLE,3878.48,1,3876.12,-2.36,-0.06,4.1,0.11,-5.74,-0.15,-18.54,0.00
9,空头进场,2025-11-01 17:00,VltClsSE,3876.12,1,3876.12,-2.36,-0.06,4.1,0.11,-5.74,-0.15,-18.54,0.00
10,多头出场,2025-11-01 19:15,VltClsSE,3874.27,1,3878.48,-4.21,-0.11,3.53,0.09,-4.21,-0.11,-22.75,0.00
10,多头进场,2025-11-01 18:30,VltClsLE,3878.48,1,3878.48,-4.21,-0.11,3.53,0.09,-4.21,-0.11,-22.75,0.00
11,空头出场,2025-11-01 19:30,VltClsLE,3876.83,1,3874.27,-2.56,-0.07,5.44,0.14,-2.56,-0.07,-25.31,0.00
11,空头进场,2025-11-01 19:15,VltClsSE,3874.27,1,3874.27,-2.56,-0.07,5.44,0.14,-2.56,-0.07,-25.31,0.00
12,多头出场,2025-11-01 20:45,VltClsSE,3876.02,1,3876.83,-0.81,-0.02,4.17,0.11,-2.34,-0.06,-26.12,0.00
12,多头进场,2025-11-01 19:30,VltClsLE,3876.83,1,3876.83,-0.81,-0.02,4.17,0.11,-2.34,-0.06,-26.12,0.00
13,空头出场,2025-11-01 21:45,VltClsLE,3868.41,1,3876.02,7.61,0.20,17.91,0.46,-3.18,-0.08,-18.51,0.00
13,空头进场,2025-11-01 20:45,VltClsSE,3876.02,1,3876.02,7.61,0.20,17.91,0.46,-3.18,-0.08,-18.51,0.00
14,多头出场,2025-11-01 22:00,VltClsSE,3863.85,1,3868.41,-4.56,-0.12,5.28,0.14,-4.56,-0.12,-23.07,0.00
14,多头进场,2025-11-01 21:45,VltClsLE,3868.41,1,3868.41,-4.56,-0.12,5.28,0.14,-4.56,-0.12,-23.07,0.00
15,空头出场,2025-11-01 22:30,VltClsLE,3874.04,1,3863.85,-10.19,-0.26,5.41,0.14,-10.19,-0.26,-33.26,0.00
15,空头进场,2025-11-01 22:00,VltClsSE,3863.85,1,3863.85,-10.19,-0.26,5.41,0.14,-10.19,-0.26,-33.26,0.00
16,多头出场,2025-11-01 23:15,VltClsSE,3882.07,1,3874.04,8.03,0.21,27.96,0.72,-5.61,-0.14,-25.23,0.00
16,多头进场,2025-11-01 22:30,VltClsLE,3874.04,1,3874.04,8.03,0.21,27.96,0.72,-5.61,-0.14,-25.23,0.00
17,空头出场,2025-11-02 00:00,VltClsLE,3906.69,1,3882.07,-24.62,-0.63,1.24,0.03,-24.62,-0.63,-49.85,0.00
17,空头进场,2025-11-01 23:15,VltClsSE,3882.07,1,3882.07,-24.62,-0.63,1.24,0.03,-24.62,-0.63,-49.85,0.00
18,多头出场,2025-11-02 01:00,VltClsSE,3882.71,1,3906.69,-23.98,-0.61,2.7,0.07,-23.98,-0.61,-73.83,-0.01
18,多头进场,2025-11-02 00:00,VltClsLE,3906.69,1,3906.69,-23.98,-0.61,2.7,0.07,-23.98,-0.61,-73.83,-0.01
19,空头出场,2025-11-02 02:30,VltClsLE,3877.33,1,3882.71,5.38,0.14,19.79,0.51,0,0.00,-68.45,-0.01
19,空头进场,2025-11-02 01:00,VltClsSE,3882.71,1,3882.71,5.38,0.14,19.79,0.51,0,0.00,-68.45,-0.01
20,多头出场,2025-11-02 04:45,VltClsSE,3882.93,1,3877.33,5.6,0.14,14.27,0.37,-6.12,-0.16,-62.85,-0.01
20,多头进场,2025-11-02 02:30,VltClsLE,3877.33,1,3877.33,5.6,0.14,14.27,0.37,-6.12,-0.16,-62.85,-0.01
21,空头出场,2025-11-02 05:15,VltClsLE,3882.2,1,3882.93,0.73,0.02,6.01,0.15,-0.04,0.00,-62.12,-0.01
21,空头进场,2025-11-02 04:45,VltClsSE,3882.93,1,3882.93,0.73,0.02,6.01,0.15,-0.04,0.00,-62.12,-0.01
22,多头出场,2025-11-02 05:30,VltClsSE,3877.7,1,3882.2,-4.5,-0.12,2.29,0.06,-4.5,-0.12,-66.62,-0.01
22,多头进场,2025-11-02 05:15,VltClsLE,3882.2,1,3882.2,-4.5,-0.12,2.29,0.06,-4.5,-0.12,-66.62,-0.01
23,空头出场,2025-11-02 06:00,VltClsLE,3873.37,1,3877.7,4.33,0.11,11.1,0.29,0,0.00,-62.29,-0.01
23,空头进场,2025-11-02 05:30,VltClsSE,3877.7,1,3877.7,4.33,0.11,11.1,0.29,0,0.00,-62.29,-0.01
24,多头出场,2025-11-02 07:00,VltClsSE,3869.57,1,3873.37,-3.8,-0.10,2.51,0.06,-9.06,-0.23,-66.09,-0.01
24,多头进场,2025-11-02 06:00,VltClsLE,3873.37,1,3873.37,-3.8,-0.10,2.51,0.06,-9.06,-0.23,-66.09,-0.01
25,空头出场,2025-11-02 08:30,VltClsLE,3870.34,1,3869.57,-0.77,-0.02,4.24,0.11,-7.35,-0.19,-66.86,-0.01
25,空头进场,2025-11-02 07:00,VltClsSE,3869.57,1,3869.57,-0.77,-0.02,4.24,0.11,-7.35,-0.19,-66.86,-0.01
26,多头出场,2025-11-02 09:45,VltClsSE,3868.29,1,3870.34,-2.05,-0.05,6.58,0.17,-8.63,-0.22,-68.91,-0.01
26,多头进场,2025-11-02 08:30,VltClsLE,3870.34,1,3870.34,-2.05,-0.05,6.58,0.17,-8.63,-0.22,-68.91,-0.01
27,空头出场,2025-11-02 10:30,VltClsLE,3880.5,1,3868.29,-12.21,-0.32,0.89,0.02,-12.21,-0.32,-81.12,-0.01
27,空头进场,2025-11-02 09:45,VltClsSE,3868.29,1,3868.29,-12.21,-0.32,0.89,0.02,-12.21,-0.32,-81.12,-0.01
28,多头出场,2025-11-02 12:00,VltClsSE,3876.75,1,3880.5,-3.75,-0.10,6.35,0.16,-3.75,-0.10,-84.87,-0.01
28,多头进场,2025-11-02 10:30,VltClsLE,3880.5,1,3880.5,-3.75,-0.10,6.35,0.16,-3.75,-0.10,-84.87,-0.01
29,空头出场,2025-11-02 12:15,VltClsLE,3887.36,1,3876.75,-10.61,-0.27,0.74,0.02,-10.61,-0.27,-95.48,-0.01
29,空头进场,2025-11-02 12:00,VltClsSE,3876.75,1,3876.75,-10.61,-0.27,0.74,0.02,-10.61,-0.27,-95.48,-0.01
30,多头出场,2025-11-02 13:00,VltClsSE,3899.92,1,3887.36,12.56,0.32,26.22,0.67,-4.01,-0.10,-82.92,-0.01
30,多头进场,2025-11-02 12:15,VltClsLE,3887.36,1,3887.36,12.56,0.32,26.22,0.67,-4.01,-0.10,-82.92,-0.01
31,空头出场,2025-11-02 14:45,VltClsLE,3906.64,1,3899.92,-6.72,-0.17,7.79,0.20,-6.72,-0.17,-89.64,-0.01
31,空头进场,2025-11-02 13:00,VltClsSE,3899.92,1,3899.92,-6.72,-0.17,7.79,0.20,-6.72,-0.17,-89.64,-0.01
32,多头出场,2025-11-02 15:00,VltClsSE,3896.43,1,3906.64,-10.21,-0.26,1.16,0.03,-10.21,-0.26,-99.85,-0.01
32,多头进场,2025-11-02 14:45,VltClsLE,3906.64,1,3906.64,-10.21,-0.26,1.16,0.03,-10.21,-0.26,-99.85,-0.01
33,空头出场,2025-11-02 15:45,VltClsLE,3904.33,1,3896.43,-7.9,-0.20,3.9,0.10,-7.9,-0.20,-107.75,-0.01
33,空头进场,2025-11-02 15:00,VltClsSE,3896.43,1,3896.43,-7.9,-0.20,3.9,0.10,-7.9,-0.20,-107.75,-0.01
34,多头出场,2025-11-02 17:30,VltClsSE,3894.95,1,3904.33,-9.38,-0.24,13.9,0.36,-11.78,-0.30,-117.13,-0.01
34,多头进场,2025-11-02 15:45,VltClsLE,3904.33,1,3904.33,-9.38,-0.24,13.9,0.36,-11.78,-0.30,-117.13,-0.01
35,空头出场,2025-11-02 19:00,VltClsLE,3871.26,1,3894.95,23.69,0.61,41.19,1.06,0,0.00,-93.44,-0.01
35,空头进场,2025-11-02 17:30,VltClsSE,3894.95,1,3894.95,23.69,0.61,41.19,1.06,0,0.00,-93.44,-0.01
36,多头出场,2025-11-02 20:15,VltClsSE,3880.32,1,3871.26,9.06,0.23,26.48,0.68,-4.25,-0.11,-84.38,-0.01
36,多头进场,2025-11-02 19:00,VltClsLE,3871.26,1,3871.26,9.06,0.23,26.48,0.68,-4.25,-0.11,-84.38,-0.01
37,空头出场,2025-11-02 22:30,VltClsLE,3853.49,1,3880.32,26.83,0.69,41.2,1.06,-6.84,-0.18,-57.55,-0.01
37,空头进场,2025-11-02 20:15,VltClsSE,3880.32,1,3880.32,26.83,0.69,41.2,1.06,-6.84,-0.18,-57.55,-0.01
38,多头出场,2025-11-03 01:45,VltClsSE,3849.93,1,3853.49,-3.56,-0.09,17.56,0.46,-12.85,-0.33,-61.11,-0.01
38,多头进场,2025-11-02 22:30,VltClsLE,3853.49,1,3853.49,-3.56,-0.09,17.56,0.46,-12.85,-0.33,-61.11,-0.01
39,空头出场,2025-11-03 02:30,VltClsLE,3866.47,1,3849.93,-16.54,-0.43,0.16,0.00,-16.54,-0.43,-77.65,-0.01
39,空头进场,2025-11-03 01:45,VltClsSE,3849.93,1,3849.93,-16.54,-0.43,0.16,0.00,-16.54,-0.43,-77.65,-0.01
40,多头出场,2025-11-03 03:00,VltClsSE,3858.51,1,3866.47,-7.96,-0.21,0.95,0.02,-7.96,-0.21,-85.61,-0.01
40,多头进场,2025-11-03 02:30,VltClsLE,3866.47,1,3866.47,-7.96,-0.21,0.95,0.02,-7.96,-0.21,-85.61,-0.01
41,空头出场,2025-11-03 03:30,VltClsLE,3856.21,1,3858.51,2.3,0.06,8.25,0.21,-3.25,-0.08,-83.31,-0.01
41,空头进场,2025-11-03 03:00,VltClsSE,3858.51,1,3858.51,2.3,0.06,8.25,0.21,-3.25,-0.08,-83.31,-0.01
42,多头出场,2025-11-03 04:00,VltClsSE,3848.32,1,3856.21,-7.89,-0.20,2.23,0.06,-13.09,-0.34,-91.2,-0.01
42,多头进场,2025-11-03 03:30,VltClsLE,3856.21,1,3856.21,-7.89,-0.20,2.23,0.06,-13.09,-0.34,-91.2,-0.01
43,空头出场,2025-11-03 05:30,VltClsLE,3858.55,1,3848.32,-10.23,-0.27,0.4,0.01,-14.79,-0.38,-101.43,-0.01
43,空头进场,2025-11-03 04:00,VltClsSE,3848.32,1,3848.32,-10.23,-0.27,0.4,0.01,-14.79,-0.38,-101.43,-0.01
44,多头出场,2025-11-03 06:30,VltClsSE,3854.63,1,3858.55,-3.92,-0.10,10.03,0.26,-3.92,-0.10,-105.35,-0.01
44,多头进场,2025-11-03 05:30,VltClsLE,3858.55,1,3858.55,-3.92,-0.10,10.03,0.26,-3.92,-0.10,-105.35,-0.01
45,空头出场,2025-11-03 07:00,VltClsLE,3861.3,1,3854.63,-6.67,-0.17,10.58,0.27,-6.67,-0.17,-112.02,-0.01
45,空头进场,2025-11-03 06:30,VltClsSE,3854.63,1,3854.63,-6.67,-0.17,10.58,0.27,-6.67,-0.17,-112.02,-0.01
46,多头出场,2025-11-03 08:45,VltClsSE,3873.24,1,3861.3,11.94,0.31,54.97,1.42,0,0.00,-100.08,-0.01
46,多头进场,2025-11-03 07:00,VltClsLE,3861.3,1,3861.3,11.94,0.31,54.97,1.42,0,0.00,-100.08,-0.01
47,空头出场,2025-11-03 10:45,VltClsLE,3810.16,1,3873.24,63.08,1.63,85.83,2.22,0,0.00,-37,0.00
47,空头进场,2025-11-03 08:45,VltClsSE,3873.24,1,3873.24,63.08,1.63,85.83,2.22,0,0.00,-37,0.00
48,多头出场,2025-11-03 11:00,VltClsSE,3784.07,1,3810.16,-26.09,-0.68,1.82,0.05,-26.09,-0.68,-63.09,-0.01
48,多头进场,2025-11-03 10:45,VltClsLE,3810.16,1,3810.16,-26.09,-0.68,1.82,0.05,-26.09,-0.68,-63.09,-0.01
49,空头出场,2025-11-03 12:45,VltClsLE,3745.58,1,3784.07,38.49,1.02,68.38,1.81,0,0.00,-24.6,0.00
49,空头进场,2025-11-03 11:00,VltClsSE,3784.07,1,3784.07,38.49,1.02,68.38,1.81,0,0.00,-24.6,0.00
50,多头出场,2025-11-03 13:30,VltClsSE,3744.35,1,3745.58,-1.23,-0.03,19.88,0.53,-1.23,-0.03,-25.83,0.00
50,多头进场,2025-11-03 12:45,VltClsLE,3745.58,1,3745.58,-1.23,-0.03,19.88,0.53,-1.23,-0.03,-25.83,0.00
51,空头出场,2025-11-03 16:45,VltClsLE,3712.82,1,3744.35,31.53,0.84,60.7,1.62,0,0.00,5.7,0.00
51,空头进场,2025-11-03 13:30,VltClsSE,3744.35,1,3744.35,31.53,0.84,60.7,1.62,0,0.00,5.7,0.00
52,多头出场,2025-11-03 17:15,VltClsSE,3719.05,1,3712.82,6.23,0.17,27.18,0.73,0,0.00,11.93,0.00
52,多头进场,2025-11-03 16:45,VltClsLE,3712.82,1,3712.82,6.23,0.17,27.18,0.73,0,0.00,11.93,0.00
53,空头出场,2025-11-03 19:00,VltClsLE,3690.1,1,3719.05,28.95,0.78,56.17,1.51,-0.95,-0.03,40.88,0.00
53,空头进场,2025-11-03 17:15,VltClsSE,3719.05,1,3719.05,28.95,0.78,56.17,1.51,-0.95,-0.03,40.88,0.00
54,多头出场,2025-11-03 20:30,VltClsSE,3713.27,1,3690.1,23.17,0.63,38.54,1.04,0,0.00,64.05,0.01
54,多头进场,2025-11-03 19:00,VltClsLE,3690.1,1,3690.1,23.17,0.63,38.54,1.04,0,0.00,64.05,0.01
55,空头出场,2025-11-03 21:15,VltClsLE,3712.99,1,3713.27,0.28,0.01,19.3,0.52,-5.83,-0.16,64.33,0.01
55,空头进场,2025-11-03 20:30,VltClsSE,3713.27,1,3713.27,0.28,0.01,19.3,0.52,-5.83,-0.16,64.33,0.01
56,多头出场,2025-11-03 22:30,VltClsSE,3709.08,1,3712.99,-3.91,-0.11,35.65,0.96,-7.36,-0.20,60.42,0.01
56,多头进场,2025-11-03 21:15,VltClsLE,3712.99,1,3712.99,-3.91,-0.11,35.65,0.96,-7.36,-0.20,60.42,0.01
57,空头出场,2025-11-03 22:45,VltClsLE,3729.94,1,3709.08,-20.86,-0.56,3.14,0.08,-20.86,-0.56,39.56,0.00
57,空头进场,2025-11-03 22:30,VltClsSE,3709.08,1,3709.08,-20.86,-0.56,3.14,0.08,-20.86,-0.56,39.56,0.00
58,多头出场,2025-11-03 23:00,VltClsSE,3719.84,1,3729.94,-10.1,-0.27,9.76,0.26,-10.1,-0.27,29.46,0.00
58,多头进场,2025-11-03 22:45,VltClsLE,3729.94,1,3729.94,-10.1,-0.27,9.76,0.26,-10.1,-0.27,29.46,0.00
59,空头出场,2025-11-04 01:15,VltClsLE,3653.49,1,3719.84,66.35,1.78,155.71,4.19,0,0.00,95.81,0.01
59,空头进场,2025-11-03 23:00,VltClsSE,3719.84,1,3719.84,66.35,1.78,155.71,4.19,0,0.00,95.81,0.01
60,多头出场,2025-11-04 04:00,VltClsSE,3617.6,1,3653.49,-35.89,-0.98,28.86,0.79,-35.89,-0.98,59.92,0.01
60,多头进场,2025-11-04 01:15,VltClsLE,3653.49,1,3653.49,-35.89,-0.98,28.86,0.79,-35.89,-0.98,59.92,0.01
61,空头出场,2025-11-04 05:00,VltClsLE,3607.23,1,3617.6,10.37,0.29,54.86,1.52,0,0.00,70.29,0.01
61,空头进场,2025-11-04 04:00,VltClsSE,3617.6,1,3617.6,10.37,0.29,54.86,1.52,0,0.00,70.29,0.01
62,多头出场,2025-11-04 05:15,VltClsSE,3572.52,1,3607.23,-34.71,-0.96,8.21,0.23,-34.71,-0.96,35.58,0.00
62,多头进场,2025-11-04 05:00,VltClsLE,3607.23,1,3607.23,-34.71,-0.96,8.21,0.23,-34.71,-0.96,35.58,0.00
63,空头出场,2025-11-04 08:30,VltClsLE,3581.58,1,3572.52,-9.06,-0.25,13.7,0.38,-34.24,-0.96,26.52,0.00
63,空头进场,2025-11-04 05:15,VltClsSE,3572.52,1,3572.52,-9.06,-0.25,13.7,0.38,-34.24,-0.96,26.52,0.00
64,多头出场,2025-11-04 12:15,VltClsSE,3635.47,1,3581.58,53.89,1.50,72.96,2.04,0,0.00,80.41,0.01
64,多头进场,2025-11-04 08:30,VltClsLE,3581.58,1,3581.58,53.89,1.50,72.96,2.04,0,0.00,80.41,0.01
65,空头出场,2025-11-04 14:00,VltClsLE,3519.01,1,3635.47,116.46,3.20,156.98,4.32,-8.71,-0.24,196.87,0.02
65,空头进场,2025-11-04 12:15,VltClsSE,3635.47,1,3635.47,116.46,3.20,156.98,4.32,-8.71,-0.24,196.87,0.02
66,多头出场,2025-11-04 15:00,VltClsSE,3486.05,1,3519.01,-32.96,-0.94,43.26,1.23,-32.96,-0.94,163.91,0.02
66,多头进场,2025-11-04 14:00,VltClsLE,3519.01,1,3519.01,-32.96,-0.94,43.26,1.23,-32.96,-0.94,163.91,0.02
67,空头出场,2025-11-04 15:15,VltClsLE,3518.65,1,3486.05,-32.6,-0.94,5.26,0.15,-32.6,-0.94,131.31,0.01
67,空头进场,2025-11-04 15:00,VltClsSE,3486.05,1,3486.05,-32.6,-0.94,5.26,0.15,-32.6,-0.94,131.31,0.01
68,多头出场,2025-11-04 16:00,VltClsSE,3473.96,1,3518.65,-44.69,-1.27,1.98,0.06,-44.69,-1.27,86.62,0.01
68,多头进场,2025-11-04 15:15,VltClsLE,3518.65,1,3518.65,-44.69,-1.27,1.98,0.06,-44.69,-1.27,86.62,0.01
69,空头出场,2025-11-04 16:15,VltClsLE,3492.74,1,3473.96,-18.78,-0.54,13.66,0.39,-18.78,-0.54,67.84,0.01
69,空头进场,2025-11-04 16:00,VltClsSE,3473.96,1,3473.96,-18.78,-0.54,13.66,0.39,-18.78,-0.54,67.84,0.01
70,多头出场,2025-11-04 20:00,VltClsSE,3515.32,1,3492.74,22.58,0.65,41.26,1.18,-19.24,-0.55,90.42,0.01
70,多头进场,2025-11-04 16:15,VltClsLE,3492.74,1,3492.74,22.58,0.65,41.26,1.18,-19.24,-0.55,90.42,0.01
71,空头出场,2025-11-04 21:30,VltClsLE,3512.15,1,3515.32,3.17,0.09,21.51,0.61,-5.3,-0.15,93.59,0.01
71,空头进场,2025-11-04 20:00,VltClsSE,3515.32,1,3515.32,3.17,0.09,21.51,0.61,-5.3,-0.15,93.59,0.01
72,多头出场,2025-11-04 22:30,VltClsSE,3484.33,1,3512.15,-27.82,-0.79,11.37,0.32,-27.82,-0.79,65.77,0.01
72,多头进场,2025-11-04 21:30,VltClsLE,3512.15,1,3512.15,-27.82,-0.79,11.37,0.32,-27.82,-0.79,65.77,0.01
73,空头出场,2025-11-04 22:45,VltClsLE,3545.4,1,3484.33,-61.07,-1.75,10.33,0.30,-61.07,-1.75,4.7,0.00
73,空头进场,2025-11-04 22:30,VltClsSE,3484.33,1,3484.33,-61.07,-1.75,10.33,0.30,-61.07,-1.75,4.7,0.00
74,多头出场,2025-11-04 23:45,VltClsSE,3521.14,1,3545.4,-24.26,-0.68,42.26,1.19,-24.26,-0.68,-19.56,0.00
74,多头进场,2025-11-04 22:45,VltClsLE,3545.4,1,3545.4,-24.26,-0.68,42.26,1.19,-24.26,-0.68,-19.56,0.00
75,空头出场,2025-11-05 01:30,VltClsLE,3417.02,1,3521.14,104.12,2.96,158.44,4.50,0,0.00,84.56,0.01
75,空头进场,2025-11-04 23:45,VltClsSE,3521.14,1,3521.14,104.12,2.96,158.44,4.50,0,0.00,84.56,0.01
76,多头出场,2025-11-05 02:00,VltClsSE,3343.42,1,3417.02,-73.6,-2.15,3.28,0.10,-73.6,-2.15,10.96,0.00
76,多头进场,2025-11-05 01:30,VltClsLE,3417.02,1,3417.02,-73.6,-2.15,3.28,0.10,-73.6,-2.15,10.96,0.00
77,空头出场,2025-11-05 04:30,VltClsLE,3221.93,1,3343.42,121.49,3.63,218.42,6.53,-11.08,-0.33,132.45,0.01
77,空头进场,2025-11-05 02:00,VltClsSE,3343.42,1,3343.42,121.49,3.63,218.42,6.53,-11.08,-0.33,132.45,0.01
78,多头出场,2025-11-05 05:30,VltClsSE,3120.59,1,3221.93,-101.34,-3.15,4.23,0.13,-101.34,-3.15,31.11,0.00
78,多头进场,2025-11-05 04:30,VltClsLE,3221.93,1,3221.93,-101.34,-3.15,4.23,0.13,-101.34,-3.15,31.11,0.00
79,空头出场,2025-11-05 05:45,VltClsLE,3152.31,1,3120.59,-31.72,-1.02,63.59,2.04,-31.72,-1.02,-0.61,0.00
79,空头进场,2025-11-05 05:30,VltClsSE,3120.59,1,3120.59,-31.72,-1.02,63.59,2.04,-31.72,-1.02,-0.61,0.00
80,多头出场,2025-11-05 08:30,VltClsSE,3236.51,1,3152.31,84.2,2.67,152.18,4.83,0,0.00,83.59,0.01
80,多头进场,2025-11-05 05:45,VltClsLE,3152.31,1,3152.31,84.2,2.67,152.18,4.83,0,0.00,83.59,0.01
81,空头出场,2025-11-05 08:45,VltClsLE,3249.7,1,3236.51,-13.19,-0.41,7.54,0.23,-13.19,-0.41,70.4,0.01
81,空头进场,2025-11-05 08:30,VltClsSE,3236.51,1,3236.51,-13.19,-0.41,7.54,0.23,-13.19,-0.41,70.4,0.01
82,多头出场,2025-11-05 09:00,VltClsSE,3220.26,1,3249.7,-29.44,-0.91,0.3,0.01,-29.44,-0.91,40.96,0.00
82,多头进场,2025-11-05 08:45,VltClsLE,3249.7,1,3249.7,-29.44,-0.91,0.3,0.01,-29.44,-0.91,40.96,0.00
83,空头出场,2025-11-05 09:45,VltClsLE,3210.2,1,3220.26,10.06,0.31,53.6,1.66,-5.95,-0.18,51.02,0.01
83,空头进场,2025-11-05 09:00,VltClsSE,3220.26,1,3220.26,10.06,0.31,53.6,1.66,-5.95,-0.18,51.02,0.01
84,多头出场,2025-11-05 12:45,VltClsSE,3322.67,1,3210.2,112.47,3.50,138.92,4.33,0,0.00,163.49,0.02
84,多头进场,2025-11-05 09:45,VltClsLE,3210.2,1,3210.2,112.47,3.50,138.92,4.33,0,0.00,163.49,0.02
85,空头出场,2025-11-05 13:00,VltClsLE,3345.49,1,3322.67,-22.82,-0.69,0.18,0.01,-22.82,-0.69,140.67,0.01
85,空头进场,2025-11-05 12:45,VltClsSE,3322.67,1,3322.67,-22.82,-0.69,0.18,0.01,-22.82,-0.69,140.67,0.01
86,多头出场,2025-11-05 13:15,VltClsSE,3330.7,1,3345.49,-14.79,-0.44,9.11,0.27,-14.79,-0.44,125.88,0.01
86,多头进场,2025-11-05 13:00,VltClsLE,3345.49,1,3345.49,-14.79,-0.44,9.11,0.27,-14.79,-0.44,125.88,0.01
87,空头出场,2025-11-05 14:15,VltClsLE,3329.93,1,3330.7,0.77,0.02,20.06,0.60,-14.42,-0.43,126.65,0.01
87,空头进场,2025-11-05 13:15,VltClsSE,3330.7,1,3330.7,0.77,0.02,20.06,0.60,-14.42,-0.43,126.65,0.01
88,多头出场,2025-11-05 15:00,VltClsSE,3324.87,1,3329.93,-5.06,-0.15,11.67,0.35,-8.93,-0.27,121.59,0.01
88,多头进场,2025-11-05 14:15,VltClsLE,3329.93,1,3329.93,-5.06,-0.15,11.67,0.35,-8.93,-0.27,121.59,0.01
89,空头出场,2025-11-05 16:30,VltClsLE,3308.79,1,3324.87,16.08,0.48,40.33,1.21,-17.19,-0.52,137.67,0.01
89,空头进场,2025-11-05 15:00,VltClsSE,3324.87,1,3324.87,16.08,0.48,40.33,1.21,-17.19,-0.52,137.67,0.01
90,多头出场,2025-11-05 18:00,VltClsSE,3292.77,1,3308.79,-16.02,-0.48,13.25,0.40,-26.01,-0.79,121.65,0.01
90,多头进场,2025-11-05 16:30,VltClsLE,3308.79,1,3308.79,-16.02,-0.48,13.25,0.40,-26.01,-0.79,121.65,0.01
91,空头出场,2025-11-05 19:00,VltClsLE,3288.48,1,3292.77,4.29,0.13,18.23,0.55,-9.26,-0.28,125.94,0.01
91,空头进场,2025-11-05 18:00,VltClsSE,3292.77,1,3292.77,4.29,0.13,18.23,0.55,-9.26,-0.28,125.94,0.01
92,多头出场,2025-11-05 20:30,VltClsSE,3338.52,1,3288.48,50.04,1.52,70.52,2.14,0,0.00,175.98,0.02
92,多头进场,2025-11-05 19:00,VltClsLE,3288.48,1,3288.48,50.04,1.52,70.52,2.14,0,0.00,175.98,0.02
93,空头出场,2025-11-05 21:30,VltClsLE,3347.65,1,3338.52,-9.13,-0.27,13.88,0.42,-11.53,-0.35,166.85,0.02
93,空头进场,2025-11-05 20:30,VltClsSE,3338.52,1,3338.52,-9.13,-0.27,13.88,0.42,-11.53,-0.35,166.85,0.02
94,多头出场,2025-11-05 22:15,VltClsSE,3332.09,1,3347.65,-15.56,-0.46,28.14,0.84,-15.56,-0.46,151.29,0.02
94,多头进场,2025-11-05 21:30,VltClsLE,3347.65,1,3347.65,-15.56,-0.46,28.14,0.84,-15.56,-0.46,151.29,0.02
95,空头出场,2025-11-05 22:45,VltClsLE,3354.32,1,3332.09,-22.23,-0.67,12.65,0.38,-22.23,-0.67,129.06,0.01
95,空头进场,2025-11-05 22:15,VltClsSE,3332.09,1,3332.09,-22.23,-0.67,12.65,0.38,-22.23,-0.67,129.06,0.01
96,多头出场,2025-11-06 01:00,VltClsSE,3418.89,1,3354.32,64.57,1.92,85.79,2.56,-20.13,-0.60,193.63,0.02
96,多头进场,2025-11-05 22:45,VltClsLE,3354.32,1,3354.32,64.57,1.92,85.79,2.56,-20.13,-0.60,193.63,0.02
97,空头出场,2025-11-06 01:15,VltClsLE,3438.97,1,3418.89,-20.08,-0.59,0.48,0.01,-20.08,-0.59,173.55,0.02
97,空头进场,2025-11-06 01:00,VltClsSE,3418.89,1,3418.89,-20.08,-0.59,0.48,0.01,-20.08,-0.59,173.55,0.02
98,多头出场,2025-11-06 03:00,VltClsSE,3449.49,1,3438.97,10.52,0.31,40.19,1.17,-15.91,-0.46,184.07,0.02
98,多头进场,2025-11-06 01:15,VltClsLE,3438.97,1,3438.97,10.52,0.31,40.19,1.17,-15.91,-0.46,184.07,0.02
99,空头出场,2025-11-06 03:15,VltClsLE,3461.56,1,3449.49,-12.07,-0.35,3.96,0.11,-12.07,-0.35,172,0.02
99,空头进场,2025-11-06 03:00,VltClsSE,3449.49,1,3449.49,-12.07,-0.35,3.96,0.11,-12.07,-0.35,172,0.02
100,多头出场,2025-11-06 03:45,VltClsSE,3452.64,1,3461.56,-8.92,-0.26,10.18,0.29,-8.92,-0.26,163.08,0.02
100,多头进场,2025-11-06 03:15,VltClsLE,3461.56,1,3461.56,-8.92,-0.26,10.18,0.29,-8.92,-0.26,163.08,0.02
101,空头出场,2025-11-06 04:00,VltClsLE,3469.08,1,3452.64,-16.44,-0.48,3.87,0.11,-16.44,-0.48,146.64,0.01
101,空头进场,2025-11-06 03:45,VltClsSE,3452.64,1,3452.64,-16.44,-0.48,3.87,0.11,-16.44,-0.48,146.64,0.01
102,多头出场,2025-11-06 04:15,VltClsSE,3464.67,1,3469.08,-4.41,-0.13,11.38,0.33,-4.41,-0.13,142.23,0.01
102,多头进场,2025-11-06 04:00,VltClsLE,3469.08,1,3469.08,-4.41,-0.13,11.38,0.33,-4.41,-0.13,142.23,0.01
103,空头出场,2025-11-06 05:45,VltClsLE,3450.73,1,3464.67,13.94,0.40,34.62,1.00,-3.24,-0.09,156.17,0.02
103,空头进场,2025-11-06 04:15,VltClsSE,3464.67,1,3464.67,13.94,0.40,34.62,1.00,-3.24,-0.09,156.17,0.02
104,多头出场,2025-11-06 06:00,VltClsSE,3430.19,1,3450.73,-20.54,-0.60,0.57,0.02,-20.54,-0.60,135.63,0.01
104,多头进场,2025-11-06 05:45,VltClsLE,3450.73,1,3450.73,-20.54,-0.60,0.57,0.02,-20.54,-0.60,135.63,0.01
105,空头出场,2025-11-06 06:30,VltClsLE,3432.53,1,3430.19,-2.34,-0.07,14.9,0.43,-2.34,-0.07,133.29,0.01
105,空头进场,2025-11-06 06:00,VltClsSE,3430.19,1,3430.19,-2.34,-0.07,14.9,0.43,-2.34,-0.07,133.29,0.01
106,多头出场,2025-11-06 07:45,VltClsSE,3426.56,1,3432.53,-5.97,-0.17,2.82,0.08,-17.07,-0.50,127.32,0.01
106,多头进场,2025-11-06 06:30,VltClsLE,3432.53,1,3432.53,-5.97,-0.17,2.82,0.08,-17.07,-0.50,127.32,0.01
107,空头出场,2025-11-06 08:45,VltClsLE,3409.38,1,3426.56,17.18,0.50,33.73,0.98,0,0.00,144.5,0.01
107,空头进场,2025-11-06 07:45,VltClsSE,3426.56,1,3426.56,17.18,0.50,33.73,0.98,0,0.00,144.5,0.01
108,多头出场,2025-11-06 09:00,VltClsSE,3395.31,1,3409.38,-14.07,-0.41,0.35,0.01,-14.07,-0.41,130.43,0.01
108,多头进场,2025-11-06 08:45,VltClsLE,3409.38,1,3409.38,-14.07,-0.41,0.35,0.01,-14.07,-0.41,130.43,0.01
109,空头出场,2025-11-06 09:30,VltClsLE,3395.14,1,3395.31,0.17,0.01,20.18,0.59,0,0.00,130.6,0.01
109,空头进场,2025-11-06 09:00,VltClsSE,3395.31,1,3395.31,0.17,0.01,20.18,0.59,0,0.00,130.6,0.01
110,多头出场,2025-11-06 13:00,VltClsSE,3444.51,1,3395.14,49.37,1.45,61.32,1.81,-2.84,-0.08,179.97,0.02
110,多头进场,2025-11-06 09:30,VltClsLE,3395.14,1,3395.14,49.37,1.45,61.32,1.81,-2.84,-0.08,179.97,0.02
111,空头出场,2025-11-06 18:15,VltClsLE,3387.25,1,3444.51,57.26,1.66,83.51,2.42,0,0.00,237.23,0.02
111,空头进场,2025-11-06 13:00,VltClsSE,3444.51,1,3444.51,57.26,1.66,83.51,2.42,0,0.00,237.23,0.02
112,多头出场,2025-11-06 20:15,VltClsSE,3378.41,1,3387.25,-8.84,-0.26,27.75,0.82,-8.84,-0.26,228.39,0.02
112,多头进场,2025-11-06 18:15,VltClsLE,3387.25,1,3387.25,-8.84,-0.26,27.75,0.82,-8.84,-0.26,228.39,0.02
113,空头出场,2025-11-06 21:00,VltClsLE,3363.42,1,3378.41,14.99,0.44,35.98,1.06,-3.95,-0.12,243.38,0.02
113,空头进场,2025-11-06 20:15,VltClsSE,3378.41,1,3378.41,14.99,0.44,35.98,1.06,-3.95,-0.12,243.38,0.02
114,多头出场,2025-11-06 22:00,VltClsSE,3376.22,1,3363.42,12.8,0.38,40.1,1.19,-1.76,-0.05,256.18,0.03
114,多头进场,2025-11-06 21:00,VltClsLE,3363.42,1,3363.42,12.8,0.38,40.1,1.19,-1.76,-0.05,256.18,0.03
115,空头出场,2025-11-06 23:15,VltClsLE,3361.92,1,3376.22,14.3,0.42,56.78,1.68,0,0.00,270.48,0.03
115,空头进场,2025-11-06 22:00,VltClsSE,3376.22,1,3376.22,14.3,0.42,56.78,1.68,0,0.00,270.48,0.03
116,多头出场,2025-11-06 23:30,VltClsSE,3320.69,1,3361.92,-41.23,-1.23,3.75,0.11,-41.23,-1.23,229.25,0.02
116,多头进场,2025-11-06 23:15,VltClsLE,3361.92,1,3361.92,-41.23,-1.23,3.75,0.11,-41.23,-1.23,229.25,0.02
117,空头出场,2025-11-07 01:00,VltClsLE,3303.68,1,3320.69,17.01,0.51,75.24,2.27,-2.2,-0.07,246.26,0.02
117,空头进场,2025-11-06 23:30,VltClsSE,3320.69,1,3320.69,17.01,0.51,75.24,2.27,-2.2,-0.07,246.26,0.02
118,多头出场,2025-11-07 03:30,VltClsSE,3321.82,1,3303.68,18.14,0.55,48.69,1.47,-32.98,-1.00,264.4,0.03
118,多头进场,2025-11-07 01:00,VltClsLE,3303.68,1,3303.68,18.14,0.55,48.69,1.47,-32.98,-1.00,264.4,0.03
119,空头出场,2025-11-07 05:15,VltClsLE,3315.11,1,3321.82,6.71,0.20,34.05,1.03,-15.48,-0.47,271.11,0.03
119,空头进场,2025-11-07 03:30,VltClsSE,3321.82,1,3321.82,6.71,0.20,34.05,1.03,-15.48,-0.47,271.11,0.03
120,多头出场,2025-11-07 07:00,VltClsSE,3304.35,1,3315.11,-10.76,-0.32,20.46,0.62,-19.82,-0.60,260.35,0.03
120,多头进场,2025-11-07 05:15,VltClsLE,3315.11,1,3315.11,-10.76,-0.32,20.46,0.62,-19.82,-0.60,260.35,0.03
121,空头出场,2025-11-07 08:30,VltClsLE,3317.55,1,3304.35,-13.2,-0.40,13.95,0.42,-25.06,-0.76,247.15,0.02
121,空头进场,2025-11-07 07:00,VltClsSE,3304.35,1,3304.35,-13.2,-0.40,13.95,0.42,-25.06,-0.76,247.15,0.02
122,多头出场,2025-11-07 09:00,VltClsSE,3307.2,1,3317.55,-10.35,-0.31,14.74,0.44,-10.35,-0.31,236.8,0.02
122,多头进场,2025-11-07 08:30,VltClsLE,3317.55,1,3317.55,-10.35,-0.31,14.74,0.44,-10.35,-0.31,236.8,0.02
123,空头出场,2025-11-07 09:45,VltClsLE,3316.14,1,3307.2,-8.94,-0.27,31.01,0.94,-20.98,-0.63,227.86,0.02
123,空头进场,2025-11-07 09:00,VltClsSE,3307.2,1,3307.2,-8.94,-0.27,31.01,0.94,-20.98,-0.63,227.86,0.02
124,多头出场,2025-11-07 12:00,VltClsSE,3333.27,1,3316.14,17.13,0.52,49.18,1.48,-11.88,-0.36,244.99,0.02
124,多头进场,2025-11-07 09:45,VltClsLE,3316.14,1,3316.14,17.13,0.52,49.18,1.48,-11.88,-0.36,244.99,0.02
125,空头出场,2025-11-07 12:15,VltClsLE,3339.87,1,3333.27,-6.6,-0.20,3.73,0.11,-6.6,-0.20,238.39,0.02
125,空头进场,2025-11-07 12:00,VltClsSE,3333.27,1,3333.27,-6.6,-0.20,3.73,0.11,-6.6,-0.20,238.39,0.02
126,多头出场,2025-11-07 12:30,VltClsSE,3331.19,1,3339.87,-8.68,-0.26,3.39,0.10,-8.68,-0.26,229.71,0.02
126,多头进场,2025-11-07 12:15,VltClsLE,3339.87,1,3339.87,-8.68,-0.26,3.39,0.10,-8.68,-0.26,229.71,0.02
127,空头出场,2025-11-07 13:00,VltClsLE,3349.64,1,3331.19,-18.45,-0.55,11.6,0.35,-18.45,-0.55,211.26,0.02
127,空头进场,2025-11-07 12:30,VltClsSE,3331.19,1,3331.19,-18.45,-0.55,11.6,0.35,-18.45,-0.55,211.26,0.02
128,多头出场,2025-11-07 14:30,VltClsSE,3353.07,1,3349.64,3.43,0.10,20.35,0.61,0,0.00,214.69,0.02
128,多头进场,2025-11-07 13:00,VltClsLE,3349.64,1,3349.64,3.43,0.10,20.35,0.61,0,0.00,214.69,0.02
129,空头出场,2025-11-07 15:00,VltClsLE,3355.25,1,3353.07,-2.18,-0.07,5.56,0.17,-3,-0.09,212.51,0.02
129,空头进场,2025-11-07 14:30,VltClsSE,3353.07,1,3353.07,-2.18,-0.07,5.56,0.17,-3,-0.09,212.51,0.02
130,多头出场,2025-11-07 15:15,VltClsSE,3347.47,1,3355.25,-7.78,-0.23,9,0.27,-7.78,-0.23,204.73,0.02
130,多头进场,2025-11-07 15:00,VltClsLE,3355.25,1,3355.25,-7.78,-0.23,9,0.27,-7.78,-0.23,204.73,0.02
131,空头出场,2025-11-07 15:45,VltClsLE,3357.26,1,3347.47,-9.79,-0.29,13.22,0.39,-9.79,-0.29,194.94,0.02
131,空头进场,2025-11-07 15:15,VltClsSE,3347.47,1,3347.47,-9.79,-0.29,13.22,0.39,-9.79,-0.29,194.94,0.02
132,多头出场,2025-11-07 16:15,VltClsSE,3347.45,1,3357.26,-9.81,-0.29,3.41,0.10,-9.81,-0.29,185.13,0.02
132,多头进场,2025-11-07 15:45,VltClsLE,3357.26,1,3357.26,-9.81,-0.29,3.41,0.10,-9.81,-0.29,185.13,0.02
133,空头出场,2025-11-07 19:45,VltClsLE,3255.25,1,3347.45,92.2,2.75,122.09,3.65,-3.25,-0.10,277.33,0.03
133,空头进场,2025-11-07 16:15,VltClsSE,3347.45,1,3347.45,92.2,2.75,122.09,3.65,-3.25,-0.10,277.33,0.03
134,多头出场,2025-11-07 20:15,VltClsSE,3228.06,1,3255.25,-27.19,-0.84,19.15,0.59,-27.19,-0.84,250.14,0.03
134,多头进场,2025-11-07 19:45,VltClsLE,3255.25,1,3255.25,-27.19,-0.84,19.15,0.59,-27.19,-0.84,250.14,0.03
135,空头出场,2025-11-07 22:30,VltClsLE,3245.2,1,3228.06,-17.14,-0.53,33.86,1.05,-21.7,-0.67,233,0.02
135,空头进场,2025-11-07 20:15,VltClsSE,3228.06,1,3228.06,-17.14,-0.53,33.86,1.05,-21.7,-0.67,233,0.02
136,多头出场,2025-11-08 02:45,VltClsSE,3411.41,1,3245.2,166.21,5.12,190.09,5.86,0,0.00,399.21,0.04
136,多头进场,2025-11-07 22:30,VltClsLE,3245.2,1,3245.2,166.21,5.12,190.09,5.86,0,0.00,399.21,0.04
137,空头出场,2025-11-08 03:30,VltClsLE,3444.46,1,3411.41,-33.05,-0.97,0.39,0.01,-33.05,-0.97,366.16,0.04
137,空头进场,2025-11-08 02:45,VltClsSE,3411.41,1,3411.41,-33.05,-0.97,0.39,0.01,-33.05,-0.97,366.16,0.04
138,多头出场,2025-11-08 05:00,VltClsSE,3451.76,1,3444.46,7.3,0.21,26.97,0.78,-14.23,-0.41,373.46,0.04
138,多头进场,2025-11-08 03:30,VltClsLE,3444.46,1,3444.46,7.3,0.21,26.97,0.78,-14.23,-0.41,373.46,0.04
139,空头出场,2025-11-08 06:15,VltClsLE,3459.5,1,3451.76,-7.74,-0.22,4.26,0.12,-21.24,-0.62,365.72,0.04
139,空头进场,2025-11-08 05:00,VltClsSE,3451.76,1,3451.76,-7.74,-0.22,4.26,0.12,-21.24,-0.62,365.72,0.04
140,多头出场,2025-11-08 06:30,VltClsSE,3449.84,1,3459.5,-9.66,-0.28,1.28,0.04,-9.66,-0.28,356.06,0.04
140,多头进场,2025-11-08 06:15,VltClsLE,3459.5,1,3459.5,-9.66,-0.28,1.28,0.04,-9.66,-0.28,356.06,0.04
141,空头出场,2025-11-08 07:30,VltClsLE,3445.92,1,3449.84,3.92,0.11,14.84,0.43,-6.19,-0.18,359.98,0.04
141,空头进场,2025-11-08 06:30,VltClsSE,3449.84,1,3449.84,3.92,0.11,14.84,0.43,-6.19,-0.18,359.98,0.04
142,多头出场,2025-11-08 08:00,VltClsSE,3427.85,1,3445.92,-18.07,-0.52,1.32,0.04,-18.07,-0.52,341.91,0.03
142,多头进场,2025-11-08 07:30,VltClsLE,3445.92,1,3445.92,-18.07,-0.52,1.32,0.04,-18.07,-0.52,341.91,0.03
143,空头出场,2025-11-08 08:45,VltClsLE,3444.78,1,3427.85,-16.93,-0.49,21.98,0.64,-16.93,-0.49,324.98,0.03
143,空头进场,2025-11-08 08:00,VltClsSE,3427.85,1,3427.85,-16.93,-0.49,21.98,0.64,-16.93,-0.49,324.98,0.03
144,多头出场,2025-11-08 10:45,VltClsSE,3443.48,1,3444.78,-1.3,-0.04,15.22,0.44,-22.65,-0.66,323.68,0.03
144,多头进场,2025-11-08 08:45,VltClsLE,3444.78,1,3444.78,-1.3,-0.04,15.22,0.44,-22.65,-0.66,323.68,0.03
145,空头出场,2025-11-08 11:00,VltClsLE,3452.46,1,3443.48,-8.98,-0.26,3.93,0.11,-8.98,-0.26,314.7,0.03
145,空头进场,2025-11-08 10:45,VltClsSE,3443.48,1,3443.48,-8.98,-0.26,3.93,0.11,-8.98,-0.26,314.7,0.03
146,多头出场,2025-11-08 12:45,VltClsSE,3457.8,1,3452.46,5.34,0.15,35.54,1.03,-8.03,-0.23,320.04,0.03
146,多头进场,2025-11-08 11:00,VltClsLE,3452.46,1,3452.46,5.34,0.15,35.54,1.03,-8.03,-0.23,320.04,0.03
147,空头出场,2025-11-08 14:15,VltClsLE,3435.4,1,3457.8,22.4,0.65,39.2,1.13,-9.19,-0.27,342.44,0.03
147,空头进场,2025-11-08 12:45,VltClsSE,3457.8,1,3457.8,22.4,0.65,39.2,1.13,-9.19,-0.27,342.44,0.03
148,多头出场,2025-11-08 15:15,VltClsSE,3428.71,1,3435.4,-6.69,-0.19,19.6,0.57,-6.69,-0.19,335.75,0.03
148,多头进场,2025-11-08 14:15,VltClsLE,3435.4,1,3435.4,-6.69,-0.19,19.6,0.57,-6.69,-0.19,335.75,0.03
149,空头出场,2025-11-08 16:30,VltClsLE,3463.71,1,3428.71,-35,-1.02,3.78,0.11,-35,-1.02,300.75,0.03
149,空头进场,2025-11-08 15:15,VltClsSE,3428.71,1,3428.71,-35,-1.02,3.78,0.11,-35,-1.02,300.75,0.03
150,多头出场,2025-11-08 17:45,VltClsSE,3448.99,1,3463.71,-14.72,-0.42,9.71,0.28,-15.06,-0.43,286.03,0.03
150,多头进场,2025-11-08 16:30,VltClsLE,3463.71,1,3463.71,-14.72,-0.42,9.71,0.28,-15.06,-0.43,286.03,0.03
151,空头出场,2025-11-08 18:15,VltClsLE,3445.36,1,3448.99,3.63,0.11,15.42,0.45,0,0.00,289.66,0.03
151,空头进场,2025-11-08 17:45,VltClsSE,3448.99,1,3448.99,3.63,0.11,15.42,0.45,0,0.00,289.66,0.03
152,多头出场,2025-11-08 19:30,VltClsSE,3444.11,1,3445.36,-1.25,-0.04,10.71,0.31,-1.88,-0.05,288.41,0.03
152,多头进场,2025-11-08 18:15,VltClsLE,3445.36,1,3445.36,-1.25,-0.04,10.71,0.31,-1.88,-0.05,288.41,0.03
153,空头出场,2025-11-08 20:15,VltClsLE,3413.62,1,3444.11,30.49,0.89,45.62,1.32,0,0.00,318.9,0.03
153,空头进场,2025-11-08 19:30,VltClsSE,3444.11,1,3444.11,30.49,0.89,45.62,1.32,0,0.00,318.9,0.03
154,多头出场,2025-11-08 21:00,VltClsSE,3398.76,1,3413.62,-14.86,-0.44,1.12,0.03,-14.86,-0.44,304.04,0.03
154,多头进场,2025-11-08 20:15,VltClsLE,3413.62,1,3413.62,-14.86,-0.44,1.12,0.03,-14.86,-0.44,304.04,0.03
155,空头出场,2025-11-08 21:30,VltClsLE,3410.96,1,3398.76,-12.2,-0.36,8.51,0.25,-12.2,-0.36,291.84,0.03
155,空头进场,2025-11-08 21:00,VltClsSE,3398.76,1,3398.76,-12.2,-0.36,8.51,0.25,-12.2,-0.36,291.84,0.03
156,多头出场,2025-11-08 21:45,VltClsSE,3396.88,1,3410.96,-14.08,-0.41,1.64,0.05,-14.08,-0.41,277.76,0.03
156,多头进场,2025-11-08 21:30,VltClsLE,3410.96,1,3410.96,-14.08,-0.41,1.64,0.05,-14.08,-0.41,277.76,0.03
157,空头出场,2025-11-08 22:30,VltClsLE,3399.01,1,3396.88,-2.13,-0.06,23.77,0.70,-4.37,-0.13,275.63,0.03
157,空头进场,2025-11-08 21:45,VltClsSE,3396.88,1,3396.88,-2.13,-0.06,23.77,0.70,-4.37,-0.13,275.63,0.03
158,多头出场,2025-11-08 23:15,VltClsSE,3384.03,1,3399.01,-14.98,-0.44,13.13,0.39,-14.98,-0.44,260.65,0.03
158,多头进场,2025-11-08 22:30,VltClsLE,3399.01,1,3399.01,-14.98,-0.44,13.13,0.39,-14.98,-0.44,260.65,0.03
159,空头出场,2025-11-09 01:15,VltClsLE,3379.78,1,3384.03,4.25,0.13,28.45,0.84,-4.41,-0.13,264.9,0.03
159,空头进场,2025-11-08 23:15,VltClsSE,3384.03,1,3384.03,4.25,0.13,28.45,0.84,-4.41,-0.13,264.9,0.03
160,多头出场,2025-11-09 02:15,VltClsSE,3388.68,1,3379.78,8.9,0.26,20.22,0.60,0,0.00,273.8,0.03
160,多头进场,2025-11-09 01:15,VltClsLE,3379.78,1,3379.78,8.9,0.26,20.22,0.60,0,0.00,273.8,0.03
161,空头出场,2025-11-09 02:45,VltClsLE,3402.73,1,3388.68,-14.05,-0.41,2.46,0.07,-14.05,-0.41,259.75,0.03
161,空头进场,2025-11-09 02:15,VltClsSE,3388.68,1,3388.68,-14.05,-0.41,2.46,0.07,-14.05,-0.41,259.75,0.03
162,多头出场,2025-11-09 03:15,VltClsSE,3393.52,1,3402.73,-9.21,-0.27,5.43,0.16,-9.21,-0.27,250.54,0.03
162,多头进场,2025-11-09 02:45,VltClsLE,3402.73,1,3402.73,-9.21,-0.27,5.43,0.16,-9.21,-0.27,250.54,0.03
163,空头出场,2025-11-09 03:30,VltClsLE,3384.67,1,3393.52,8.85,0.26,29.74,0.88,0,0.00,259.39,0.03
163,空头进场,2025-11-09 03:15,VltClsSE,3393.52,1,3393.52,8.85,0.26,29.74,0.88,0,0.00,259.39,0.03
164,多头出场,2025-11-09 06:00,VltClsSE,3400.49,1,3384.67,15.82,0.47,25.7,0.76,-3.58,-0.11,275.21,0.03
164,多头进场,2025-11-09 03:30,VltClsLE,3384.67,1,3384.67,15.82,0.47,25.7,0.76,-3.58,-0.11,275.21,0.03
165,空头出场,2025-11-09 06:15,VltClsLE,3405.05,1,3400.49,-4.56,-0.13,1.97,0.06,-4.56,-0.13,270.65,0.03
165,空头进场,2025-11-09 06:00,VltClsSE,3400.49,1,3400.49,-4.56,-0.13,1.97,0.06,-4.56,-0.13,270.65,0.03
166,多头出场,2025-11-09 07:45,VltClsSE,3401.16,1,3405.05,-3.89,-0.11,10.57,0.31,-14.41,-0.42,266.76,0.03
166,多头进场,2025-11-09 06:15,VltClsLE,3405.05,1,3405.05,-3.89,-0.11,10.57,0.31,-14.41,-0.42,266.76,0.03
167,空头出场,2025-11-09 08:30,VltClsLE,3384.73,1,3401.16,16.43,0.48,28.04,0.82,-1.45,-0.04,283.19,0.03
167,空头进场,2025-11-09 07:45,VltClsSE,3401.16,1,3401.16,16.43,0.48,28.04,0.82,-1.45,-0.04,283.19,0.03
168,多头出场,2025-11-09 08:45,VltClsSE,3382.86,1,3384.73,-1.87,-0.06,9.16,0.27,-1.87,-0.06,281.32,0.03
168,多头进场,2025-11-09 08:30,VltClsLE,3384.73,1,3384.73,-1.87,-0.06,9.16,0.27,-1.87,-0.06,281.32,0.03
169,空头出场,2025-11-09 09:00,VltClsLE,3394.67,1,3382.86,-11.81,-0.35,1.61,0.05,-11.81,-0.35,269.51,0.03
169,空头进场,2025-11-09 08:45,VltClsSE,3382.86,1,3382.86,-11.81,-0.35,1.61,0.05,-11.81,-0.35,269.51,0.03
170,多头出场,2025-11-09 10:00,VltClsSE,3391.76,1,3394.67,-2.91,-0.09,9.3,0.27,-14.81,-0.44,266.6,0.03
170,多头进场,2025-11-09 09:00,VltClsLE,3394.67,1,3394.67,-2.91,-0.09,9.3,0.27,-14.81,-0.44,266.6,0.03
171,空头出场,2025-11-09 12:15,VltClsLE,3388.75,1,3391.76,3.01,0.09,33.1,0.98,-7.78,-0.23,269.61,0.03
171,空头进场,2025-11-09 10:00,VltClsSE,3391.76,1,3391.76,3.01,0.09,33.1,0.98,-7.78,-0.23,269.61,0.03
172,多头出场,2025-11-09 12:30,VltClsSE,3375.89,1,3388.75,-12.86,-0.38,1.24,0.04,-12.86,-0.38,256.75,0.03
172,多头进场,2025-11-09 12:15,VltClsLE,3388.75,1,3388.75,-12.86,-0.38,1.24,0.04,-12.86,-0.38,256.75,0.03
173,空头出场,2025-11-09 13:00,VltClsLE,3382.36,1,3375.89,-6.47,-0.19,5.7,0.17,-6.47,-0.19,250.28,0.03
173,空头进场,2025-11-09 12:30,VltClsSE,3375.89,1,3375.89,-6.47,-0.19,5.7,0.17,-6.47,-0.19,250.28,0.03
174,多头出场,2025-11-09 13:30,VltClsSE,3396.79,1,3382.36,14.43,0.43,26.81,0.79,0,0.00,264.71,0.03
174,多头进场,2025-11-09 13:00,VltClsLE,3382.36,1,3382.36,14.43,0.43,26.81,0.79,0,0.00,264.71,0.03
175,空头出场,2025-11-09 14:30,VltClsLE,3416.86,1,3396.79,-20.07,-0.59,4.16,0.12,-20.07,-0.59,244.64,0.02
175,空头进场,2025-11-09 13:30,VltClsSE,3396.79,1,3396.79,-20.07,-0.59,4.16,0.12,-20.07,-0.59,244.64,0.02
176,多头出场,2025-11-09 14:45,VltClsSE,3406.82,1,3416.86,-10.04,-0.29,3.12,0.09,-10.04,-0.29,234.6,0.02
176,多头进场,2025-11-09 14:30,VltClsLE,3416.86,1,3416.86,-10.04,-0.29,3.12,0.09,-10.04,-0.29,234.6,0.02
177,空头出场,2025-11-09 15:00,VltClsLE,3412.75,1,3406.82,-5.93,-0.17,4.22,0.12,-5.93,-0.17,228.67,0.02
177,空头进场,2025-11-09 14:45,VltClsSE,3406.82,1,3406.82,-5.93,-0.17,4.22,0.12,-5.93,-0.17,228.67,0.02
178,多头出场,2025-11-09 16:15,VltClsSE,3414.66,1,3412.75,1.91,0.06,14.62,0.43,-3.99,-0.12,230.58,0.02
178,多头进场,2025-11-09 15:00,VltClsLE,3412.75,1,3412.75,1.91,0.06,14.62,0.43,-3.99,-0.12,230.58,0.02
179,空头出场,2025-11-09 17:00,VltClsLE,3428.86,1,3414.66,-14.2,-0.42,4.99,0.15,-14.2,-0.42,216.38,0.02
179,空头进场,2025-11-09 16:15,VltClsSE,3414.66,1,3414.66,-14.2,-0.42,4.99,0.15,-14.2,-0.42,216.38,0.02
180,多头出场,2025-11-09 17:30,VltClsSE,3416.32,1,3428.86,-12.54,-0.37,6.27,0.18,-12.54,-0.37,203.84,0.02
180,多头进场,2025-11-09 17:00,VltClsLE,3428.86,1,3428.86,-12.54,-0.37,6.27,0.18,-12.54,-0.37,203.84,0.02
181,空头出场,2025-11-09 19:00,VltClsLE,3410.87,1,3416.32,5.45,0.16,33.97,0.99,0,0.00,209.29,0.02
181,空头进场,2025-11-09 17:30,VltClsSE,3416.32,1,3416.32,5.45,0.16,33.97,0.99,0,0.00,209.29,0.02
182,多头出场,2025-11-09 22:30,VltClsSE,3532.64,1,3410.87,121.77,3.57,152.78,4.48,0,0.00,331.06,0.03
182,多头进场,2025-11-09 19:00,VltClsLE,3410.87,1,3410.87,121.77,3.57,152.78,4.48,0,0.00,331.06,0.03
183,空头出场,2025-11-10 00:15,VltClsLE,3518.85,1,3532.64,13.79,0.39,31.01,0.88,-4.89,-0.14,344.85,0.03
183,空头进场,2025-11-09 22:30,VltClsSE,3532.64,1,3532.64,13.79,0.39,31.01,0.88,-4.89,-0.14,344.85,0.03
184,多头出场,2025-11-10 01:15,VltClsSE,3513.57,1,3518.85,-5.28,-0.15,18.47,0.52,-7.76,-0.22,339.57,0.03
184,多头进场,2025-11-10 00:15,VltClsLE,3518.85,1,3518.85,-5.28,-0.15,18.47,0.52,-7.76,-0.22,339.57,0.03
185,空头出场,2025-11-10 02:30,VltClsLE,3523.74,1,3513.57,-10.17,-0.29,9.57,0.27,-10.17,-0.29,329.4,0.03
185,空头进场,2025-11-10 01:15,VltClsSE,3513.57,1,3513.57,-10.17,-0.29,9.57,0.27,-10.17,-0.29,329.4,0.03
186,多头出场,2025-11-10 04:00,VltClsSE,3567.41,1,3523.74,43.67,1.24,56.26,1.60,0,0.00,373.07,0.04
186,多头进场,2025-11-10 02:30,VltClsLE,3523.74,1,3523.74,43.67,1.24,56.26,1.60,0,0.00,373.07,0.04
187,空头出场,2025-11-10 04:15,VltClsLE,3580.17,1,3567.41,-12.76,-0.36,5.03,0.14,-30.35,-0.85,360.31,0.04
187,空头进场,2025-11-10 04:00,VltClsSE,3567.41,1,3567.41,-12.76,-0.36,5.03,0.14,-30.35,-0.85,360.31,0.04
188,多头出场,2025-11-10 05:30,VltClsSE,3579.98,1,3580.17,-0.19,-0.01,11.2,0.31,-6.57,-0.18,360.12,0.04
188,多头进场,2025-11-10 04:15,VltClsLE,3580.17,1,3580.17,-0.19,-0.01,11.2,0.31,-6.57,-0.18,360.12,0.04
189,空头出场,2025-11-10 05:45,VltClsLE,3595.54,1,3579.98,-15.56,-0.43,0.44,0.01,-15.56,-0.43,344.56,0.03
189,空头进场,2025-11-10 05:30,VltClsSE,3579.98,1,3579.98,-15.56,-0.43,0.44,0.01,-15.56,-0.43,344.56,0.03
190,多头出场,2025-11-10 06:00,VltClsSE,3570.32,1,3595.54,-25.22,-0.70,0.55,0.02,-25.22,-0.70,319.34,0.03
190,多头进场,2025-11-10 05:45,VltClsLE,3595.54,1,3595.54,-25.22,-0.70,0.55,0.02,-25.22,-0.70,319.34,0.03
191,空头出场,2025-11-10 06:45,VltClsLE,3583.71,1,3570.32,-13.39,-0.38,5.43,0.15,-13.39,-0.38,305.95,0.03
191,空头进场,2025-11-10 06:00,VltClsSE,3570.32,1,3570.32,-13.39,-0.38,5.43,0.15,-13.39,-0.38,305.95,0.03
192,多头出场,2025-11-10 08:00,VltClsSE,3566.03,1,3583.71,-17.68,-0.49,39.54,1.10,-17.73,-0.49,288.27,0.03
192,多头进场,2025-11-10 06:45,VltClsLE,3583.71,1,3583.71,-17.68,-0.49,39.54,1.10,-17.73,-0.49,288.27,0.03
193,空头出场,2025-11-10 08:15,VltClsLE,3598.53,1,3566.03,-32.5,-0.91,12.51,0.35,-32.5,-0.91,255.77,0.03
193,空头进场,2025-11-10 08:00,VltClsSE,3566.03,1,3566.03,-32.5,-0.91,12.51,0.35,-32.5,-0.91,255.77,0.03
194,多头出场,2025-11-10 12:15,VltClsSE,3616.13,1,3598.53,17.6,0.49,60.45,1.68,-5.98,-0.17,273.37,0.03
194,多头进场,2025-11-10 08:15,VltClsLE,3598.53,1,3598.53,17.6,0.49,60.45,1.68,-5.98,-0.17,273.37,0.03
195,空头出场,2025-11-10 12:45,VltClsLE,3620.45,1,3616.13,-4.32,-0.12,12.26,0.34,-4.32,-0.12,269.05,0.03
195,空头进场,2025-11-10 12:15,VltClsSE,3616.13,1,3616.13,-4.32,-0.12,12.26,0.34,-4.32,-0.12,269.05,0.03
196,多头出场,2025-11-10 13:15,VltClsSE,3610.65,1,3620.45,-9.8,-0.27,5.87,0.16,-9.8,-0.27,259.25,0.03
196,多头进场,2025-11-10 12:45,VltClsLE,3620.45,1,3620.45,-9.8,-0.27,5.87,0.16,-9.8,-0.27,259.25,0.03
197,空头出场,2025-11-10 15:00,VltClsLE,3614.16,1,3610.65,-3.51,-0.10,21.19,0.59,-3.51,-0.10,255.74,0.03
197,空头进场,2025-11-10 13:15,VltClsSE,3610.65,1,3610.65,-3.51,-0.10,21.19,0.59,-3.51,-0.10,255.74,0.03
198,多头出场,2025-11-10 16:00,VltClsSE,3600.45,1,3614.16,-13.71,-0.38,8.69,0.24,-13.71,-0.38,242.03,0.02
198,多头进场,2025-11-10 15:00,VltClsLE,3614.16,1,3614.16,-13.71,-0.38,8.69,0.24,-13.71,-0.38,242.03,0.02
199,空头出场,2025-11-10 16:15,VltClsLE,3610.55,1,3600.45,-10.1,-0.28,4.88,0.14,-10.1,-0.28,231.93,0.02
199,空头进场,2025-11-10 16:00,VltClsSE,3600.45,1,3600.45,-10.1,-0.28,4.88,0.14,-10.1,-0.28,231.93,0.02
200,多头出场,2025-11-10 16:30,VltClsSE,3596.61,1,3610.55,-13.94,-0.39,0.16,0.00,-13.94,-0.39,217.99,0.02
200,多头进场,2025-11-10 16:15,VltClsLE,3610.55,1,3610.55,-13.94,-0.39,0.16,0.00,-13.94,-0.39,217.99,0.02
201,空头出场,2025-11-10 17:15,VltClsLE,3601.71,1,3596.61,-5.1,-0.14,10.59,0.29,-5.1,-0.14,212.89,0.02
201,空头进场,2025-11-10 16:30,VltClsSE,3596.61,1,3596.61,-5.1,-0.14,10.59,0.29,-5.1,-0.14,212.89,0.02
202,多头出场,2025-11-10 19:45,VltClsSE,3611.8,1,3601.71,10.09,0.28,29.61,0.82,0,0.00,222.98,0.02
202,多头进场,2025-11-10 17:15,VltClsLE,3601.71,1,3601.71,10.09,0.28,29.61,0.82,0,0.00,222.98,0.02
203,空头出场,2025-11-10 21:00,VltClsLE,3600.92,1,3611.8,10.88,0.30,27.12,0.75,0,0.00,233.86,0.02
203,空头进场,2025-11-10 19:45,VltClsSE,3611.8,1,3611.8,10.88,0.30,27.12,0.75,0,0.00,233.86,0.02
204,多头出场,2025-11-10 22:00,VltClsSE,3604.69,1,3600.92,3.77,0.10,21.22,0.59,-7.32,-0.20,237.63,0.02
204,多头进场,2025-11-10 21:00,VltClsLE,3600.92,1,3600.92,3.77,0.10,21.22,0.59,-7.32,-0.20,237.63,0.02
205,空头出场,2025-11-11 01:30,VltClsLE,3545.23,1,3604.69,59.46,1.65,97.39,2.70,-6.88,-0.19,297.09,0.03
205,空头进场,2025-11-10 22:00,VltClsSE,3604.69,1,3604.69,59.46,1.65,97.39,2.70,-6.88,-0.19,297.09,0.03
206,多头出场,2025-11-11 02:00,VltClsSE,3541.03,1,3545.23,-4.2,-0.12,15.52,0.44,-4.2,-0.12,292.89,0.03
206,多头进场,2025-11-11 01:30,VltClsLE,3545.23,1,3545.23,-4.2,-0.12,15.52,0.44,-4.2,-0.12,292.89,0.03
207,空头出场,2025-11-11 02:15,VltClsLE,3550.59,1,3541.03,-9.56,-0.27,4.43,0.13,-9.56,-0.27,283.33,0.03
207,空头进场,2025-11-11 02:00,VltClsSE,3541.03,1,3541.03,-9.56,-0.27,4.43,0.13,-9.56,-0.27,283.33,0.03
208,多头出场,2025-11-11 02:45,VltClsSE,3537.85,1,3550.59,-12.74,-0.36,6.23,0.18,-12.74,-0.36,270.59,0.03
208,多头进场,2025-11-11 02:15,VltClsLE,3550.59,1,3550.59,-12.74,-0.36,6.23,0.18,-12.74,-0.36,270.59,0.03
209,空头出场,2025-11-11 03:00,VltClsLE,3545.79,1,3537.85,-7.94,-0.22,8.61,0.24,-7.94,-0.22,262.65,0.03
209,空头进场,2025-11-11 02:45,VltClsSE,3537.85,1,3537.85,-7.94,-0.22,8.61,0.24,-7.94,-0.22,262.65,0.03
210,多头出场,2025-11-11 05:00,VltClsSE,3557.4,1,3545.79,11.61,0.33,38.25,1.08,-8.99,-0.25,274.26,0.03
210,多头进场,2025-11-11 03:00,VltClsLE,3545.79,1,3545.79,11.61,0.33,38.25,1.08,-8.99,-0.25,274.26,0.03
211,空头出场,2025-11-11 06:00,VltClsLE,3554.4,1,3557.4,3,0.08,27.99,0.79,0,0.00,277.26,0.03
211,空头进场,2025-11-11 05:00,VltClsSE,3557.4,1,3557.4,3,0.08,27.99,0.79,0,0.00,277.26,0.03
212,多头出场,2025-11-11 07:30,VltClsSE,3565.54,1,3554.4,11.14,0.31,26.84,0.76,-23.17,-0.65,288.4,0.03
212,多头进场,2025-11-11 06:00,VltClsLE,3554.4,1,3554.4,11.14,0.31,26.84,0.76,-23.17,-0.65,288.4,0.03
213,空头出场,2025-11-11 08:15,VltClsLE,3579.59,1,3565.54,-14.05,-0.39,6.25,0.18,-14.05,-0.39,274.35,0.03
213,空头进场,2025-11-11 07:30,VltClsSE,3565.54,1,3565.54,-14.05,-0.39,6.25,0.18,-14.05,-0.39,274.35,0.03
214,多头出场,2025-11-11 09:30,VltClsSE,3597.85,1,3579.59,18.26,0.51,68.68,1.92,-26.75,-0.75,292.61,0.03
214,多头进场,2025-11-11 08:15,VltClsLE,3579.59,1,3579.59,18.26,0.51,68.68,1.92,-26.75,-0.75,292.61,0.03
215,空头出场,2025-11-11 10:30,VltClsLE,3620.06,1,3597.85,-22.21,-0.62,38.31,1.06,-22.21,-0.62,270.4,0.03
215,空头进场,2025-11-11 09:30,VltClsSE,3597.85,1,3597.85,-22.21,-0.62,38.31,1.06,-22.21,-0.62,270.4,0.03
216,多头出场,2025-11-11 12:00,VltClsSE,3592.01,1,3620.06,-28.05,-0.77,16.18,0.45,-28.05,-0.77,242.35,0.02
216,多头进场,2025-11-11 10:30,VltClsLE,3620.06,1,3620.06,-28.05,-0.77,16.18,0.45,-28.05,-0.77,242.35,0.02
217,空头出场,2025-11-11 14:15,VltClsLE,3556.27,1,3592.01,35.74,0.99,59.81,1.67,-5.99,-0.17,278.09,0.03
217,空头进场,2025-11-11 12:00,VltClsSE,3592.01,1,3592.01,35.74,0.99,59.81,1.67,-5.99,-0.17,278.09,0.03
218,多头出场,2025-11-11 14:45,VltClsSE,3541.17,1,3556.27,-15.1,-0.42,3.23,0.09,-15.1,-0.42,262.99,0.03
218,多头进场,2025-11-11 14:15,VltClsLE,3556.27,1,3556.27,-15.1,-0.42,3.23,0.09,-15.1,-0.42,262.99,0.03
219,空头出场,2025-11-11 16:00,VltClsLE,3557.05,1,3541.17,-15.88,-0.45,1.37,0.04,-25.74,-0.73,247.11,0.02
219,空头进场,2025-11-11 14:45,VltClsSE,3541.17,1,3541.17,-15.88,-0.45,1.37,0.04,-25.74,-0.73,247.11,0.02
220,多头出场,2025-11-11 17:30,VltClsSE,3568.02,1,3557.05,10.97,0.31,30,0.84,-12.05,-0.34,258.08,0.03
220,多头进场,2025-11-11 16:00,VltClsLE,3557.05,1,3557.05,10.97,0.31,30,0.84,-12.05,-0.34,258.08,0.03
221,空头出场,2025-11-11 19:00,VltClsLE,3570.19,1,3568.02,-2.17,-0.06,18.87,0.53,-2.17,-0.06,255.91,0.03
221,空头进场,2025-11-11 17:30,VltClsSE,3568.02,1,3568.02,-2.17,-0.06,18.87,0.53,-2.17,-0.06,255.91,0.03
222,多头出场,2025-11-11 19:45,VltClsSE,3572.88,1,3570.19,2.69,0.08,11.78,0.33,-1.02,-0.03,258.6,0.03
222,多头进场,2025-11-11 19:00,VltClsLE,3570.19,1,3570.19,2.69,0.08,11.78,0.33,-1.02,-0.03,258.6,0.03
223,空头出场,2025-11-11 20:00,VltClsLE,3582.36,1,3572.88,-9.48,-0.27,5.72,0.16,-9.48,-0.27,249.12,0.02
223,空头进场,2025-11-11 19:45,VltClsSE,3572.88,1,3572.88,-9.48,-0.27,5.72,0.16,-9.48,-0.27,249.12,0.02
224,多头出场,2025-11-11 20:15,VltClsSE,3570.3,1,3582.36,-12.06,-0.34,11.97,0.33,-12.06,-0.34,237.06,0.02
224,多头进场,2025-11-11 20:00,VltClsLE,3582.36,1,3582.36,-12.06,-0.34,11.97,0.33,-12.06,-0.34,237.06,0.02
225,空头出场,2025-11-11 22:15,VltClsLE,3547.53,1,3570.3,22.77,0.64,47.65,1.33,-3.13,-0.09,259.83,0.03
225,空头进场,2025-11-11 20:15,VltClsSE,3570.3,1,3570.3,22.77,0.64,47.65,1.33,-3.13,-0.09,259.83,0.03
226,多头出场,2025-11-11 22:30,VltClsSE,3515.63,1,3547.53,-31.9,-0.90,0.08,0.00,-31.9,-0.90,227.93,0.02
226,多头进场,2025-11-11 22:15,VltClsLE,3547.53,1,3547.53,-31.9,-0.90,0.08,0.00,-31.9,-0.90,227.93,0.02
227,空头出场,2025-11-11 22:45,VltClsLE,3528.1,1,3515.63,-12.47,-0.35,7.43,0.21,-12.47,-0.35,215.46,0.02
227,空头进场,2025-11-11 22:30,VltClsSE,3515.63,1,3515.63,-12.47,-0.35,7.43,0.21,-12.47,-0.35,215.46,0.02
228,多头出场,2025-11-11 23:00,VltClsSE,3506.65,1,3528.1,-21.45,-0.61,4.88,0.14,-41.71,-1.18,194.01,0.02
228,多头进场,2025-11-11 22:45,VltClsLE,3528.1,1,3528.1,-21.45,-0.61,4.88,0.14,-41.71,-1.18,194.01,0.02
229,空头出场,2025-11-12 00:30,VltClsLE,3493.12,1,3506.65,13.53,0.39,41.75,1.19,-10.3,-0.29,207.54,0.02
229,空头进场,2025-11-11 23:00,VltClsSE,3506.65,1,3506.65,13.53,0.39,41.75,1.19,-10.3,-0.29,207.54,0.02
230,多头出场,2025-11-12 01:15,VltClsSE,3474.81,1,3493.12,-18.31,-0.52,7.47,0.21,-18.31,-0.52,189.23,0.02
230,多头进场,2025-11-12 00:30,VltClsLE,3493.12,1,3493.12,-18.31,-0.52,7.47,0.21,-18.31,-0.52,189.23,0.02
231,空头出场,2025-11-12 03:45,VltClsLE,3466.02,1,3474.81,8.79,0.25,28.79,0.83,-11.45,-0.33,198.02,0.02
231,空头进场,2025-11-12 01:15,VltClsSE,3474.81,1,3474.81,8.79,0.25,28.79,0.83,-11.45,-0.33,198.02,0.02
232,多头出场,2025-11-12 04:00,VltClsSE,3445.41,1,3466.02,-20.61,-0.59,2.6,0.08,-20.61,-0.59,177.41,0.02
232,多头进场,2025-11-12 03:45,VltClsLE,3466.02,1,3466.02,-20.61,-0.59,2.6,0.08,-20.61,-0.59,177.41,0.02
233,空头出场,2025-11-12 04:15,VltClsLE,3461.63,1,3445.41,-16.22,-0.47,7.41,0.22,-16.22,-0.47,161.19,0.02
233,空头进场,2025-11-12 04:00,VltClsSE,3445.41,1,3445.41,-16.22,-0.47,7.41,0.22,-16.22,-0.47,161.19,0.02
234,多头出场,2025-11-12 04:30,VltClsSE,3435.18,1,3461.63,-26.45,-0.76,0.16,0.00,-26.45,-0.76,134.74,0.01
234,多头进场,2025-11-12 04:15,VltClsLE,3461.63,1,3461.63,-26.45,-0.76,0.16,0.00,-26.45,-0.76,134.74,0.01
235,空头出场,2025-11-12 04:45,VltClsLE,3446.68,1,3435.18,-11.5,-0.33,5.94,0.17,-11.5,-0.33,123.24,0.01
235,空头进场,2025-11-12 04:30,VltClsSE,3435.18,1,3435.18,-11.5,-0.33,5.94,0.17,-11.5,-0.33,123.24,0.01
236,多头出场,2025-11-12 05:30,VltClsSE,3426.82,1,3446.68,-19.86,-0.58,2.82,0.08,-19.86,-0.58,103.38,0.01
236,多头进场,2025-11-12 04:45,VltClsLE,3446.68,1,3446.68,-19.86,-0.58,2.82,0.08,-19.86,-0.58,103.38,0.01
237,空头出场,2025-11-12 07:15,VltClsLE,3436.63,1,3426.82,-9.81,-0.29,21.58,0.63,-10.86,-0.32,93.57,0.01
237,空头进场,2025-11-12 05:30,VltClsSE,3426.82,1,3426.82,-9.81,-0.29,21.58,0.63,-10.86,-0.32,93.57,0.01
238,多头出场,2025-11-12 07:30,VltClsSE,3418.68,1,3436.63,-17.95,-0.52,1.91,0.06,-17.95,-0.52,75.62,0.01
238,多头进场,2025-11-12 07:15,VltClsLE,3436.63,1,3436.63,-17.95,-0.52,1.91,0.06,-17.95,-0.52,75.62,0.01
239,空头出场,2025-11-12 08:00,VltClsLE,3428.6,1,3418.68,-9.92,-0.29,9.48,0.28,-9.92,-0.29,65.7,0.01
239,空头进场,2025-11-12 07:30,VltClsSE,3418.68,1,3418.68,-9.92,-0.29,9.48,0.28,-9.92,-0.29,65.7,0.01
240,多头出场,2025-11-12 10:15,VltClsSE,3438.37,1,3428.6,9.77,0.28,27.46,0.80,-16.69,-0.49,75.47,0.01
240,多头进场,2025-11-12 08:00,VltClsLE,3428.6,1,3428.6,9.77,0.28,27.46,0.80,-16.69,-0.49,75.47,0.01
241,空头出场,2025-11-12 12:30,VltClsLE,3440.37,1,3438.37,-2,-0.06,20.75,0.60,-7.8,-0.23,73.47,0.01
241,空头进场,2025-11-12 10:15,VltClsSE,3438.37,1,3438.37,-2,-0.06,20.75,0.60,-7.8,-0.23,73.47,0.01
242,多头出场,2025-11-12 14:30,VltClsSE,3446.76,1,3440.37,6.39,0.19,17.7,0.51,-8.01,-0.23,79.86,0.01
242,多头进场,2025-11-12 12:30,VltClsLE,3440.37,1,3440.37,6.39,0.19,17.7,0.51,-8.01,-0.23,79.86,0.01
243,空头出场,2025-11-12 15:00,VltClsLE,3444.81,1,3446.76,1.95,0.06,8.24,0.24,-1.34,-0.04,81.81,0.01
243,空头进场,2025-11-12 14:30,VltClsSE,3446.76,1,3446.76,1.95,0.06,8.24,0.24,-1.34,-0.04,81.81,0.01
244,多头出场,2025-11-12 15:45,VltClsSE,3441.01,1,3444.81,-3.8,-0.11,7.97,0.23,-3.8,-0.11,78.01,0.01
244,多头进场,2025-11-12 15:00,VltClsLE,3444.81,1,3444.81,-3.8,-0.11,7.97,0.23,-3.8,-0.11,78.01,0.01
245,空头出场,2025-11-12 16:00,VltClsLE,3437.69,1,3441.01,3.32,0.10,16.43,0.48,0,0.00,81.33,0.01
245,空头进场,2025-11-12 15:45,VltClsSE,3441.01,1,3441.01,3.32,0.10,16.43,0.48,0,0.00,81.33,0.01
246,多头出场,2025-11-12 22:00,VltClsSE,3564.77,1,3437.69,127.08,3.70,150.5,4.38,-0.12,0.00,208.41,0.02
246,多头进场,2025-11-12 16:00,VltClsLE,3437.69,1,3437.69,127.08,3.70,150.5,4.38,-0.12,0.00,208.41,0.02
247,空头出场,2025-11-13 01:30,VltClsLE,3419.17,1,3564.77,145.6,4.08,193.12,5.42,-15.14,-0.42,354.01,0.04
247,空头进场,2025-11-12 22:00,VltClsSE,3564.77,1,3564.77,145.6,4.08,193.12,5.42,-15.14,-0.42,354.01,0.04
248,多头出场,2025-11-13 03:00,VltClsSE,3410.42,1,3419.17,-8.75,-0.26,35.48,1.04,-8.75,-0.26,345.26,0.03
248,多头进场,2025-11-13 01:30,VltClsLE,3419.17,1,3419.17,-8.75,-0.26,35.48,1.04,-8.75,-0.26,345.26,0.03
249,空头出场,2025-11-13 03:30,VltClsLE,3402.52,1,3410.42,7.9,0.23,37.61,1.10,0,0.00,353.16,0.04
249,空头进场,2025-11-13 03:00,VltClsSE,3410.42,1,3410.42,7.9,0.23,37.61,1.10,0,0.00,353.16,0.04
250,多头出场,2025-11-13 06:00,VltClsSE,3412.25,1,3402.52,9.73,0.29,37.1,1.09,-1.82,-0.05,362.89,0.04
250,多头进场,2025-11-13 03:30,VltClsLE,3402.52,1,3402.52,9.73,0.29,37.1,1.09,-1.82,-0.05,362.89,0.04
251,空头出场,2025-11-13 06:15,VltClsLE,3409.46,1,3412.25,2.79,0.08,20.25,0.59,0,0.00,365.68,0.04
251,空头进场,2025-11-13 06:00,VltClsSE,3412.25,1,3412.25,2.79,0.08,20.25,0.59,0,0.00,365.68,0.04
252,多头出场,2025-11-13 07:00,VltClsSE,3409.07,1,3409.46,-0.39,-0.01,14.12,0.41,-7.18,-0.21,365.29,0.04
252,多头进场,2025-11-13 06:15,VltClsLE,3409.46,1,3409.46,-0.39,-0.01,14.12,0.41,-7.18,-0.21,365.29,0.04
253,空头出场,2025-11-13 07:45,VltClsLE,3414.46,1,3409.07,-5.39,-0.16,5.36,0.16,-13.02,-0.38,359.9,0.04
253,空头进场,2025-11-13 07:00,VltClsSE,3409.07,1,3409.07,-5.39,-0.16,5.36,0.16,-13.02,-0.38,359.9,0.04
254,多头出场,2025-11-13 08:15,VltClsSE,3406.54,1,3414.46,-7.92,-0.23,9.25,0.27,-7.92,-0.23,351.98,0.04
254,多头进场,2025-11-13 07:45,VltClsLE,3414.46,1,3414.46,-7.92,-0.23,9.25,0.27,-7.92,-0.23,351.98,0.04
255,空头出场,2025-11-13 08:30,VltClsLE,3414.6,1,3406.54,-8.06,-0.24,2.11,0.06,-8.06,-0.24,343.92,0.03
255,空头进场,2025-11-13 08:15,VltClsSE,3406.54,1,3406.54,-8.06,-0.24,2.11,0.06,-8.06,-0.24,343.92,0.03
256,多头出场,2025-11-13 09:15,VltClsSE,3428.14,1,3414.6,13.54,0.40,39.24,1.15,-4.76,-0.14,357.46,0.04
256,多头进场,2025-11-13 08:30,VltClsLE,3414.6,1,3414.6,13.54,0.40,39.24,1.15,-4.76,-0.14,357.46,0.04
257,空头出场,2025-11-13 09:30,VltClsLE,3453.96,1,3428.14,-25.82,-0.75,5.33,0.16,-25.82,-0.75,331.64,0.03
257,空头进场,2025-11-13 09:15,VltClsSE,3428.14,1,3428.14,-25.82,-0.75,5.33,0.16,-25.82,-0.75,331.64,0.03
258,多头出场,2025-11-13 09:45,VltClsSE,3434.15,1,3453.96,-19.81,-0.57,3.4,0.10,-19.81,-0.57,311.83,0.03
258,多头进场,2025-11-13 09:30,VltClsLE,3453.96,1,3453.96,-19.81,-0.57,3.4,0.10,-19.81,-0.57,311.83,0.03
259,空头出场,2025-11-13 10:30,VltClsLE,3445.04,1,3434.15,-10.89,-0.32,11.15,0.32,-10.89,-0.32,300.94,0.03
259,空头进场,2025-11-13 09:45,VltClsSE,3434.15,1,3434.15,-10.89,-0.32,11.15,0.32,-10.89,-0.32,300.94,0.03
260,多头出场,2025-11-13 11:00,VltClsSE,3420.89,1,3445.04,-24.15,-0.70,2.02,0.06,-24.15,-0.70,276.79,0.03
260,多头进场,2025-11-13 10:30,VltClsLE,3445.04,1,3445.04,-24.15,-0.70,2.02,0.06,-24.15,-0.70,276.79,0.03
261,空头出场,2025-11-13 11:15,VltClsLE,3415.84,1,3420.89,5.05,0.15,43.21,1.26,0,0.00,281.84,0.03
261,空头进场,2025-11-13 11:00,VltClsSE,3420.89,1,3420.89,5.05,0.15,43.21,1.26,0,0.00,281.84,0.03
262,多头出场,2025-11-13 15:30,VltClsSE,3539.03,1,3415.84,123.19,3.61,140.73,4.12,0,0.00,405.03,0.04
262,多头进场,2025-11-13 11:15,VltClsLE,3415.84,1,3415.84,123.19,3.61,140.73,4.12,0,0.00,405.03,0.04
263,空头出场,2025-11-13 18:15,VltClsLE,3515.04,1,3539.03,23.99,0.68,62.97,1.78,-26.81,-0.76,429.02,0.04
263,空头进场,2025-11-13 15:30,VltClsSE,3539.03,1,3539.03,23.99,0.68,62.97,1.78,-26.81,-0.76,429.02,0.04
264,多头出场,2025-11-13 19:15,VltClsSE,3500.38,1,3515.04,-14.66,-0.42,3.22,0.09,-20.04,-0.57,414.36,0.04
264,多头进场,2025-11-13 18:15,VltClsLE,3515.04,1,3515.04,-14.66,-0.42,3.22,0.09,-20.04,-0.57,414.36,0.04
265,空头出场,2025-11-13 20:30,VltClsLE,3498.35,1,3500.38,2.03,0.06,18.96,0.54,-10.71,-0.31,416.39,0.04
265,空头进场,2025-11-13 19:15,VltClsSE,3500.38,1,3500.38,2.03,0.06,18.96,0.54,-10.71,-0.31,416.39,0.04
266,多头出场,2025-11-13 21:15,VltClsSE,3479.28,1,3498.35,-19.07,-0.55,12.96,0.37,-19.07,-0.55,397.32,0.04
266,多头进场,2025-11-13 20:30,VltClsLE,3498.35,1,3498.35,-19.07,-0.55,12.96,0.37,-19.07,-0.55,397.32,0.04
267,空头出场,2025-11-13 22:45,VltClsLE,3430.35,1,3479.28,48.93,1.41,85.73,2.46,0,0.00,446.25,0.04
267,空头进场,2025-11-13 21:15,VltClsSE,3479.28,1,3479.28,48.93,1.41,85.73,2.46,0,0.00,446.25,0.04
268,多头出场,2025-11-13 23:00,VltClsSE,3416.46,1,3430.35,-13.89,-0.40,48.19,1.40,-13.89,-0.40,432.36,0.04
268,多头进场,2025-11-13 22:45,VltClsLE,3430.35,1,3430.35,-13.89,-0.40,48.19,1.40,-13.89,-0.40,432.36,0.04
269,空头出场,2025-11-14 03:15,VltClsLE,3236.66,1,3416.46,179.8,5.26,232.38,6.80,-31.29,-0.92,612.16,0.06
269,空头进场,2025-11-13 23:00,VltClsSE,3416.46,1,3416.46,179.8,5.26,232.38,6.80,-31.29,-0.92,612.16,0.06
270,多头出场,2025-11-14 03:30,VltClsSE,3204.05,1,3236.66,-32.61,-1.01,2.89,0.09,-32.61,-1.01,579.55,0.06
270,多头进场,2025-11-14 03:15,VltClsLE,3236.66,1,3236.66,-32.61,-1.01,2.89,0.09,-32.61,-1.01,579.55,0.06
271,空头出场,2025-11-14 04:30,VltClsLE,3204.23,1,3204.05,-0.18,-0.01,49.83,1.56,-10.04,-0.31,579.37,0.06
271,空头进场,2025-11-14 03:30,VltClsSE,3204.05,1,3204.05,-0.18,-0.01,49.83,1.56,-10.04,-0.31,579.37,0.06
272,多头出场,2025-11-14 05:15,VltClsSE,3168.97,1,3204.23,-35.26,-1.10,2.14,0.07,-41.69,-1.30,544.11,0.05
272,多头进场,2025-11-14 04:30,VltClsLE,3204.23,1,3204.23,-35.26,-1.10,2.14,0.07,-41.69,-1.30,544.11,0.05
273,空头出场,2025-11-14 06:00,VltClsLE,3196.63,1,3168.97,-27.66,-0.87,9,0.28,-27.66,-0.87,516.45,0.05
273,空头进场,2025-11-14 05:15,VltClsSE,3168.97,1,3168.97,-27.66,-0.87,9,0.28,-27.66,-0.87,516.45,0.05
274,多头出场,2025-11-14 07:45,VltClsSE,3250.04,1,3196.63,53.41,1.67,75.67,2.37,-2.62,-0.08,569.86,0.06
274,多头进场,2025-11-14 06:00,VltClsLE,3196.63,1,3196.63,53.41,1.67,75.67,2.37,-2.62,-0.08,569.86,0.06
275,空头出场,2025-11-14 10:00,VltClsLE,3228.29,1,3250.04,21.75,0.67,63.84,1.96,0,0.00,591.61,0.06
275,空头进场,2025-11-14 07:45,VltClsSE,3250.04,1,3250.04,21.75,0.67,63.84,1.96,0,0.00,591.61,0.06
276,多头出场,2025-11-14 11:00,VltClsSE,3221.82,1,3228.29,-6.47,-0.20,23.59,0.73,-6.47,-0.20,585.14,0.06
276,多头进场,2025-11-14 10:00,VltClsLE,3228.29,1,3228.29,-6.47,-0.20,23.59,0.73,-6.47,-0.20,585.14,0.06
277,空头出场,2025-11-14 11:45,VltClsLE,3227.31,1,3221.82,-5.49,-0.17,13.82,0.43,-12.4,-0.38,579.65,0.06
277,空头进场,2025-11-14 11:00,VltClsSE,3221.82,1,3221.82,-5.49,-0.17,13.82,0.43,-12.4,-0.38,579.65,0.06
278,多头出场,2025-11-14 12:00,VltClsSE,3213.95,1,3227.31,-13.36,-0.41,1.01,0.03,-13.36,-0.41,566.29,0.06
278,多头进场,2025-11-14 11:45,VltClsLE,3227.31,1,3227.31,-13.36,-0.41,1.01,0.03,-13.36,-0.41,566.29,0.06
279,空头出场,2025-11-14 14:45,VltClsLE,3175.06,1,3213.95,38.89,1.21,109.29,3.40,-8.32,-0.26,605.18,0.06
279,空头进场,2025-11-14 12:00,VltClsSE,3213.95,1,3213.95,38.89,1.21,109.29,3.40,-8.32,-0.26,605.18,0.06
280,多头出场,2025-11-14 17:15,VltClsSE,3182.78,1,3175.06,7.72,0.24,66.26,2.09,0,0.00,612.9,0.06
280,多头进场,2025-11-14 14:45,VltClsLE,3175.06,1,3175.06,7.72,0.24,66.26,2.09,0,0.00,612.9,0.06
281,空头出场,2025-11-14 20:45,VltClsLE,3109.51,1,3182.78,73.27,2.30,112.78,3.54,-13.91,-0.44,686.17,0.07
281,空头进场,2025-11-14 17:15,VltClsSE,3182.78,1,3182.78,73.27,2.30,112.78,3.54,-13.91,-0.44,686.17,0.07
282,多头出场,2025-11-14 21:15,VltClsSE,3090.16,1,3109.51,-19.35,-0.62,40.45,1.30,-19.35,-0.62,666.82,0.07
282,多头进场,2025-11-14 20:45,VltClsLE,3109.51,1,3109.51,-19.35,-0.62,40.45,1.30,-19.35,-0.62,666.82,0.07
283,空头出场,2025-11-14 21:45,VltClsLE,3121.04,1,3090.16,-30.88,-1.00,16.83,0.54,-30.88,-1.00,635.94,0.06
283,空头进场,2025-11-14 21:15,VltClsSE,3090.16,1,3090.16,-30.88,-1.00,16.83,0.54,-30.88,-1.00,635.94,0.06
284,多头出场,2025-11-14 23:00,VltClsSE,3162.52,1,3121.04,41.48,1.33,99.58,3.19,-13.26,-0.42,677.42,0.07
284,多头进场,2025-11-14 21:45,VltClsLE,3121.04,1,3121.04,41.48,1.33,99.58,3.19,-13.26,-0.42,677.42,0.07
285,空头出场,2025-11-14 23:15,VltClsLE,3204.55,1,3162.52,-42.03,-1.33,1.89,0.06,-42.03,-1.33,635.39,0.06
285,空头进场,2025-11-14 23:00,VltClsSE,3162.52,1,3162.52,-42.03,-1.33,1.89,0.06,-42.03,-1.33,635.39,0.06
286,多头出场,2025-11-15 01:15,VltClsSE,3216.36,1,3204.55,11.81,0.37,52.16,1.63,-21.65,-0.68,647.2,0.06
286,多头进场,2025-11-14 23:15,VltClsLE,3204.55,1,3204.55,11.81,0.37,52.16,1.63,-21.65,-0.68,647.2,0.06
287,空头出场,2025-11-15 02:00,VltClsLE,3198.39,1,3216.36,17.97,0.56,55.01,1.71,-0.61,-0.02,665.17,0.07
287,空头进场,2025-11-15 01:15,VltClsSE,3216.36,1,3216.36,17.97,0.56,55.01,1.71,-0.61,-0.02,665.17,0.07
288,多头出场,2025-11-15 02:15,VltClsSE,3181.16,1,3198.39,-17.23,-0.54,10.12,0.32,-17.23,-0.54,647.94,0.06
288,多头进场,2025-11-15 02:00,VltClsLE,3198.39,1,3198.39,-17.23,-0.54,10.12,0.32,-17.23,-0.54,647.94,0.06
289,空头出场,2025-11-15 03:15,VltClsLE,3217,1,3181.16,-35.84,-1.13,26.16,0.82,-35.84,-1.13,612.1,0.06
289,空头进场,2025-11-15 02:15,VltClsSE,3181.16,1,3181.16,-35.84,-1.13,26.16,0.82,-35.84,-1.13,612.1,0.06
290,多头出场,2025-11-15 04:00,VltClsSE,3187.37,1,3217,-29.63,-0.92,3.77,0.12,-31,-0.96,582.47,0.06
290,多头进场,2025-11-15 03:15,VltClsLE,3217,1,3217,-29.63,-0.92,3.77,0.12,-31,-0.96,582.47,0.06
291,空头出场,2025-11-15 05:00,VltClsLE,3161.89,1,3187.37,25.48,0.80,64.64,2.03,-8.63,-0.27,607.95,0.06
291,空头进场,2025-11-15 04:00,VltClsSE,3187.37,1,3187.37,25.48,0.80,64.64,2.03,-8.63,-0.27,607.95,0.06
292,多头出场,2025-11-15 06:00,VltClsSE,3150.54,1,3161.89,-11.35,-0.36,19.8,0.63,-11.48,-0.36,596.6,0.06
292,多头进场,2025-11-15 05:00,VltClsLE,3161.89,1,3161.89,-11.35,-0.36,19.8,0.63,-11.48,-0.36,596.6,0.06
293,空头出场,2025-11-15 06:15,VltClsLE,3165.92,1,3150.54,-15.38,-0.49,8.24,0.26,-15.38,-0.49,581.22,0.06
293,空头进场,2025-11-15 06:00,VltClsSE,3150.54,1,3150.54,-15.38,-0.49,8.24,0.26,-15.38,-0.49,581.22,0.06
294,多头出场,2025-11-15 06:45,VltClsSE,3156.87,1,3165.92,-9.05,-0.29,20.95,0.66,-9.05,-0.29,572.17,0.06
294,多头进场,2025-11-15 06:15,VltClsLE,3165.92,1,3165.92,-9.05,-0.29,20.95,0.66,-9.05,-0.29,572.17,0.06
295,空头出场,2025-11-15 08:00,VltClsLE,3140.42,1,3156.87,16.45,0.52,66.87,2.12,-1.99,-0.06,588.62,0.06
295,空头进场,2025-11-15 06:45,VltClsSE,3156.87,1,3156.87,16.45,0.52,66.87,2.12,-1.99,-0.06,588.62,0.06
296,多头出场,2025-11-15 08:30,VltClsSE,3123.97,1,3140.42,-16.45,-0.52,10.52,0.33,-16.45,-0.52,572.17,0.06
296,多头进场,2025-11-15 08:00,VltClsLE,3140.42,1,3140.42,-16.45,-0.52,10.52,0.33,-16.45,-0.52,572.17,0.06
297,空头出场,2025-11-15 09:45,VltClsLE,3176.8,1,3123.97,-52.83,-1.69,5.96,0.19,-52.83,-1.69,519.34,0.05
297,空头进场,2025-11-15 08:30,VltClsSE,3123.97,1,3123.97,-52.83,-1.69,5.96,0.19,-52.83,-1.69,519.34,0.05
298,多头出场,2025-11-15 11:30,VltClsSE,3174.73,1,3176.8,-2.07,-0.07,17.2,0.54,-13.82,-0.44,517.27,0.05
298,多头进场,2025-11-15 09:45,VltClsLE,3176.8,1,3176.8,-2.07,-0.07,17.2,0.54,-13.82,-0.44,517.27,0.05
299,空头出场,2025-11-15 12:15,VltClsLE,3189.59,1,3174.73,-14.86,-0.47,7.19,0.23,-14.86,-0.47,502.41,0.05
299,空头进场,2025-11-15 11:30,VltClsSE,3174.73,1,3174.73,-14.86,-0.47,7.19,0.23,-14.86,-0.47,502.41,0.05
300,多头出场,2025-11-15 12:30,VltClsSE,3163.49,1,3189.59,-26.1,-0.82,2.06,0.06,-26.1,-0.82,476.31,0.05
300,多头进场,2025-11-15 12:15,VltClsLE,3189.59,1,3189.59,-26.1,-0.82,2.06,0.06,-26.1,-0.82,476.31,0.05
301,空头出场,2025-11-15 12:45,VltClsLE,3172.56,1,3163.49,-9.07,-0.29,4.46,0.14,-9.07,-0.29,467.24,0.05
301,空头进场,2025-11-15 12:30,VltClsSE,3163.49,1,3163.49,-9.07,-0.29,4.46,0.14,-9.07,-0.29,467.24,0.05
302,多头出场,2025-11-15 13:00,VltClsSE,3162.61,1,3172.56,-9.95,-0.31,3.88,0.12,-9.95,-0.31,457.29,0.05
302,多头进场,2025-11-15 12:45,VltClsLE,3172.56,1,3172.56,-9.95,-0.31,3.88,0.12,-9.95,-0.31,457.29,0.05
303,空头出场,2025-11-15 13:15,VltClsLE,3173.66,1,3162.61,-11.05,-0.35,1.26,0.04,-11.05,-0.35,446.24,0.04
303,空头进场,2025-11-15 13:00,VltClsSE,3162.61,1,3162.61,-11.05,-0.35,1.26,0.04,-11.05,-0.35,446.24,0.04
304,多头出场,2025-11-15 14:30,VltClsSE,3172.27,1,3173.66,-1.39,-0.04,14.27,0.45,-5.12,-0.16,444.85,0.04
304,多头进场,2025-11-15 13:15,VltClsLE,3173.66,1,3173.66,-1.39,-0.04,14.27,0.45,-5.12,-0.16,444.85,0.04
305,空头出场,2025-11-15 14:45,VltClsLE,3178.05,1,3172.27,-5.78,-0.18,5.73,0.18,-5.78,-0.18,439.07,0.04
305,空头进场,2025-11-15 14:30,VltClsSE,3172.27,1,3172.27,-5.78,-0.18,5.73,0.18,-5.78,-0.18,439.07,0.04
306,多头出场,2025-11-15 16:00,VltClsSE,3168.19,1,3178.05,-9.86,-0.31,7.34,0.23,-9.86,-0.31,429.21,0.04
306,多头进场,2025-11-15 14:45,VltClsLE,3178.05,1,3178.05,-9.86,-0.31,7.34,0.23,-9.86,-0.31,429.21,0.04
307,空头出场,2025-11-15 16:30,VltClsLE,3167.07,1,3168.19,1.12,0.04,17.1,0.54,0,0.00,430.33,0.04
307,空头进场,2025-11-15 16:00,VltClsSE,3168.19,1,3168.19,1.12,0.04,17.1,0.54,0,0.00,430.33,0.04
308,多头出场,2025-11-15 16:45,VltClsSE,3138.66,1,3167.07,-28.41,-0.90,0.58,0.02,-28.41,-0.90,401.92,0.04
308,多头进场,2025-11-15 16:30,VltClsLE,3167.07,1,3167.07,-28.41,-0.90,0.58,0.02,-28.41,-0.90,401.92,0.04
309,空头出场,2025-11-15 17:00,VltClsLE,3154.84,1,3138.66,-16.18,-0.52,4.43,0.14,-16.18,-0.52,385.74,0.04
309,空头进场,2025-11-15 16:45,VltClsSE,3138.66,1,3138.66,-16.18,-0.52,4.43,0.14,-16.18,-0.52,385.74,0.04
310,多头出场,2025-11-15 17:45,VltClsSE,3149.62,1,3154.84,-5.22,-0.17,10.67,0.34,-5.22,-0.17,380.52,0.04
310,多头进场,2025-11-15 17:00,VltClsLE,3154.84,1,3154.84,-5.22,-0.17,10.67,0.34,-5.22,-0.17,380.52,0.04
311,空头出场,2025-11-15 18:30,VltClsLE,3168.19,1,3149.62,-18.57,-0.59,5.58,0.18,-18.57,-0.59,361.95,0.04
311,空头进场,2025-11-15 17:45,VltClsSE,3149.62,1,3149.62,-18.57,-0.59,5.58,0.18,-18.57,-0.59,361.95,0.04
312,多头出场,2025-11-15 19:45,VltClsSE,3151.87,1,3168.19,-16.32,-0.52,4,0.13,-16.32,-0.52,345.63,0.03
312,多头进场,2025-11-15 18:30,VltClsLE,3168.19,1,3168.19,-16.32,-0.52,4,0.13,-16.32,-0.52,345.63,0.03
313,空头出场,2025-11-15 20:15,VltClsLE,3167.01,1,3151.87,-15.14,-0.48,5.21,0.17,-15.14,-0.48,330.49,0.03
313,空头进场,2025-11-15 19:45,VltClsSE,3151.87,1,3151.87,-15.14,-0.48,5.21,0.17,-15.14,-0.48,330.49,0.03
314,多头出场,2025-11-15 20:30,VltClsSE,3156.97,1,3167.01,-10.04,-0.32,0.99,0.03,-10.04,-0.32,320.45,0.03
314,多头进场,2025-11-15 20:15,VltClsLE,3167.01,1,3167.01,-10.04,-0.32,0.99,0.03,-10.04,-0.32,320.45,0.03
315,空头出场,2025-11-15 21:00,VltClsLE,3171.18,1,3156.97,-14.21,-0.45,2.51,0.08,-14.21,-0.45,306.24,0.03
315,空头进场,2025-11-15 20:30,VltClsSE,3156.97,1,3156.97,-14.21,-0.45,2.51,0.08,-14.21,-0.45,306.24,0.03
316,多头出场,2025-11-15 22:15,VltClsSE,3180.29,1,3171.18,9.11,0.29,26.19,0.83,-4.57,-0.14,315.35,0.03
316,多头进场,2025-11-15 21:00,VltClsLE,3171.18,1,3171.18,9.11,0.29,26.19,0.83,-4.57,-0.14,315.35,0.03
317,空头出场,2025-11-15 23:45,VltClsLE,3188.58,1,3180.29,-8.29,-0.26,6.57,0.21,-8.29,-0.26,307.06,0.03
317,空头进场,2025-11-15 22:15,VltClsSE,3180.29,1,3180.29,-8.29,-0.26,6.57,0.21,-8.29,-0.26,307.06,0.03
318,多头出场,2025-11-16 00:00,VltClsSE,3178.45,1,3188.58,-10.13,-0.32,2.67,0.08,-10.13,-0.32,296.93,0.03
318,多头进场,2025-11-15 23:45,VltClsLE,3188.58,1,3188.58,-10.13,-0.32,2.67,0.08,-10.13,-0.32,296.93,0.03
319,空头出场,2025-11-16 00:30,VltClsLE,3180.8,1,3178.45,-2.35,-0.07,15.67,0.49,-2.35,-0.07,294.58,0.03
319,空头进场,2025-11-16 00:00,VltClsSE,3178.45,1,3178.45,-2.35,-0.07,15.67,0.49,-2.35,-0.07,294.58,0.03
320,多头出场,2025-11-16 02:15,VltClsSE,3216.84,1,3180.8,36.04,1.13,49.2,1.55,-3.26,-0.10,330.62,0.03
320,多头进场,2025-11-16 00:30,VltClsLE,3180.8,1,3180.8,36.04,1.13,49.2,1.55,-3.26,-0.10,330.62,0.03
321,空头出场,2025-11-16 05:00,VltClsLE,3183.26,1,3216.84,33.58,1.04,49.53,1.54,-1.03,-0.03,364.2,0.04
321,空头进场,2025-11-16 02:15,VltClsSE,3216.84,1,3216.84,33.58,1.04,49.53,1.54,-1.03,-0.03,364.2,0.04
322,多头出场,2025-11-16 05:30,VltClsSE,3168.21,1,3183.26,-15.05,-0.47,5.83,0.18,-15.05,-0.47,349.15,0.03
322,多头进场,2025-11-16 05:00,VltClsLE,3183.26,1,3183.26,-15.05,-0.47,5.83,0.18,-15.05,-0.47,349.15,0.03
323,空头出场,2025-11-16 06:00,VltClsLE,3169.09,1,3168.21,-0.88,-0.03,15.46,0.49,-0.88,-0.03,348.27,0.03
323,空头进场,2025-11-16 05:30,VltClsSE,3168.21,1,3168.21,-0.88,-0.03,15.46,0.49,-0.88,-0.03,348.27,0.03
324,多头出场,2025-11-16 08:00,VltClsSE,3162.24,1,3169.09,-6.85,-0.22,8.46,0.27,-11.09,-0.35,341.42,0.03
324,多头进场,2025-11-16 06:00,VltClsLE,3169.09,1,3169.09,-6.85,-0.22,8.46,0.27,-11.09,-0.35,341.42,0.03
325,空头出场,2025-11-16 08:30,VltClsLE,3157.93,1,3162.24,4.31,0.14,16.4,0.52,0,0.00,345.73,0.03
325,空头进场,2025-11-16 08:00,VltClsSE,3162.24,1,3162.24,4.31,0.14,16.4,0.52,0,0.00,345.73,0.03
326,多头出场,2025-11-16 09:00,VltClsSE,3142.96,1,3157.93,-14.97,-0.47,5.98,0.19,-14.97,-0.47,330.76,0.03
326,多头进场,2025-11-16 08:30,VltClsLE,3157.93,1,3157.93,-14.97,-0.47,5.98,0.19,-14.97,-0.47,330.76,0.03
327,空头出场,2025-11-16 10:00,VltClsLE,3164.41,1,3142.96,-21.45,-0.68,11.18,0.36,-21.45,-0.68,309.31,0.03
327,空头进场,2025-11-16 09:00,VltClsSE,3142.96,1,3142.96,-21.45,-0.68,11.18,0.36,-21.45,-0.68,309.31,0.03
328,多头出场,2025-11-16 12:30,VltClsSE,3189.87,1,3164.41,25.46,0.80,45.59,1.44,-7.82,-0.25,334.77,0.03
328,多头进场,2025-11-16 10:00,VltClsLE,3164.41,1,3164.41,25.46,0.80,45.59,1.44,-7.82,-0.25,334.77,0.03
329,空头出场,2025-11-16 13:00,VltClsLE,3201.33,1,3189.87,-11.46,-0.36,2.84,0.09,-11.46,-0.36,323.31,0.03
329,空头进场,2025-11-16 12:30,VltClsSE,3189.87,1,3189.87,-11.46,-0.36,2.84,0.09,-11.46,-0.36,323.31,0.03
330,多头出场,2025-11-16 14:45,VltClsSE,3203.16,1,3201.33,1.83,0.06,15.12,0.47,-0.36,-0.01,325.14,0.03
330,多头进场,2025-11-16 13:00,VltClsLE,3201.33,1,3201.33,1.83,0.06,15.12,0.47,-0.36,-0.01,325.14,0.03
331,空头出场,2025-11-16 15:00,VltClsLE,3208.95,1,3203.16,-5.79,-0.18,4.63,0.14,-5.79,-0.18,319.35,0.03
331,空头进场,2025-11-16 14:45,VltClsSE,3203.16,1,3203.16,-5.79,-0.18,4.63,0.14,-5.79,-0.18,319.35,0.03
332,多头出场,2025-11-16 16:00,VltClsSE,3212.05,1,3208.95,3.1,0.10,19.05,0.59,-7.91,-0.25,322.45,0.03
332,多头进场,2025-11-16 15:00,VltClsLE,3208.95,1,3208.95,3.1,0.10,19.05,0.59,-7.91,-0.25,322.45,0.03
333,空头出场,2025-11-16 17:30,VltClsLE,3222.37,1,3212.05,-10.32,-0.32,5.8,0.18,-10.32,-0.32,312.13,0.03
333,空头进场,2025-11-16 16:00,VltClsSE,3212.05,1,3212.05,-10.32,-0.32,5.8,0.18,-10.32,-0.32,312.13,0.03
334,多头出场,2025-11-16 18:00,VltClsSE,3238.22,1,3222.37,15.85,0.49,26.63,0.83,-2.25,-0.07,327.98,0.03
334,多头进场,2025-11-16 17:30,VltClsLE,3222.37,1,3222.37,15.85,0.49,26.63,0.83,-2.25,-0.07,327.98,0.03
335,空头出场,2025-11-16 22:30,VltClsLE,3167.33,1,3238.22,70.89,2.19,99.18,3.06,-2.78,-0.09,398.87,0.04
335,空头进场,2025-11-16 18:00,VltClsSE,3238.22,1,3238.22,70.89,2.19,99.18,3.06,-2.78,-0.09,398.87,0.04
336,多头出场,2025-11-16 23:45,VltClsSE,3161.01,1,3167.33,-6.32,-0.20,13.43,0.42,-6.32,-0.20,392.55,0.04
336,多头进场,2025-11-16 22:30,VltClsLE,3167.33,1,3167.33,-6.32,-0.20,13.43,0.42,-6.32,-0.20,392.55,0.04
337,空头出场,2025-11-17 00:00,VltClsLE,3123.07,1,3161.01,37.94,1.20,72.18,2.28,0,0.00,430.49,0.04
337,空头进场,2025-11-16 23:45,VltClsSE,3161.01,1,3161.01,37.94,1.20,72.18,2.28,0,0.00,430.49,0.04
338,多头出场,2025-11-17 00:15,VltClsSE,3073.55,1,3123.07,-49.52,-1.59,2.95,0.09,-49.52,-1.59,380.97,0.04
338,多头进场,2025-11-17 00:00,VltClsLE,3123.07,1,3123.07,-49.52,-1.59,2.95,0.09,-49.52,-1.59,380.97,0.04
339,空头出场,2025-11-17 01:15,VltClsLE,3078.67,1,3073.55,-5.12,-0.17,27.2,0.88,-12.56,-0.41,375.85,0.04
339,空头进场,2025-11-17 00:15,VltClsSE,3073.55,1,3073.55,-5.12,-0.17,27.2,0.88,-12.56,-0.41,375.85,0.04
340,多头出场,2025-11-17 01:45,VltClsSE,3034.36,1,3078.67,-44.31,-1.44,3.38,0.11,-44.31,-1.44,331.54,0.03
340,多头进场,2025-11-17 01:15,VltClsLE,3078.67,1,3078.67,-44.31,-1.44,3.38,0.11,-44.31,-1.44,331.54,0.03
341,空头出场,2025-11-17 02:00,VltClsLE,3103.32,1,3034.36,-68.96,-2.27,8.36,0.28,-68.96,-2.27,262.58,0.03
341,空头进场,2025-11-17 01:45,VltClsSE,3034.36,1,3034.36,-68.96,-2.27,8.36,0.28,-68.96,-2.27,262.58,0.03
342,多头出场,2025-11-17 02:30,VltClsSE,3061.98,1,3103.32,-41.34,-1.33,24.68,0.80,-41.34,-1.33,221.24,0.02
342,多头进场,2025-11-17 02:00,VltClsLE,3103.32,1,3103.32,-41.34,-1.33,24.68,0.80,-41.34,-1.33,221.24,0.02
343,空头出场,2025-11-17 03:00,VltClsLE,3092.92,1,3061.98,-30.94,-1.01,18.94,0.62,-30.94,-1.01,190.3,0.02
343,空头进场,2025-11-17 02:30,VltClsSE,3061.98,1,3061.98,-30.94,-1.01,18.94,0.62,-30.94,-1.01,190.3,0.02
344,多头出场,2025-11-17 05:00,VltClsSE,3074.76,1,3092.92,-18.16,-0.59,24.29,0.79,-18.16,-0.59,172.14,0.02
344,多头进场,2025-11-17 03:00,VltClsLE,3092.92,1,3092.92,-18.16,-0.59,24.29,0.79,-18.16,-0.59,172.14,0.02
345,空头出场,2025-11-17 06:45,VltClsLE,3082.94,1,3074.76,-8.18,-0.27,31,1.01,-10.91,-0.35,163.96,0.02
345,空头进场,2025-11-17 05:00,VltClsSE,3074.76,1,3074.76,-8.18,-0.27,31,1.01,-10.91,-0.35,163.96,0.02
346,多头出场,2025-11-17 07:00,VltClsSE,3071.61,1,3082.94,-11.33,-0.37,19.71,0.64,-11.33,-0.37,152.63,0.02
346,多头进场,2025-11-17 06:45,VltClsLE,3082.94,1,3082.94,-11.33,-0.37,19.71,0.64,-11.33,-0.37,152.63,0.02
347,空头出场,2025-11-17 07:15,VltClsLE,3097.27,1,3071.61,-25.66,-0.84,67.61,2.20,-25.66,-0.84,126.97,0.01
347,空头进场,2025-11-17 07:00,VltClsSE,3071.61,1,3071.61,-25.66,-0.84,67.61,2.20,-25.66,-0.84,126.97,0.01
348,多头出场,2025-11-17 13:30,VltClsSE,3178.81,1,3097.27,81.54,2.63,96.4,3.11,-28.27,-0.91,208.51,0.02
348,多头进场,2025-11-17 07:15,VltClsLE,3097.27,1,3097.27,81.54,2.63,96.4,3.11,-28.27,-0.91,208.51,0.02
349,空头出场,2025-11-17 14:15,VltClsLE,3187.57,1,3178.81,-8.76,-0.28,7.81,0.25,-12.15,-0.38,199.75,0.02
349,空头进场,2025-11-17 13:30,VltClsSE,3178.81,1,3178.81,-8.76,-0.28,7.81,0.25,-12.15,-0.38,199.75,0.02
350,多头出场,2025-11-17 16:30,VltClsSE,3188.96,1,3187.57,1.39,0.04,20.95,0.66,-5.55,-0.17,201.14,0.02
350,多头进场,2025-11-17 14:15,VltClsLE,3187.57,1,3187.57,1.39,0.04,20.95,0.66,-5.55,-0.17,201.14,0.02
351,空头出场,2025-11-17 17:00,VltClsLE,3198.43,1,3188.96,-9.47,-0.30,9.08,0.28,-9.47,-0.30,191.67,0.02
351,空头进场,2025-11-17 16:30,VltClsSE,3188.96,1,3188.96,-9.47,-0.30,9.08,0.28,-9.47,-0.30,191.67,0.02
352,多头出场,2025-11-17 17:30,VltClsSE,3194.63,1,3198.43,-3.8,-0.12,18.41,0.58,-3.8,-0.12,187.87,0.02
352,多头进场,2025-11-17 17:00,VltClsLE,3198.43,1,3198.43,-3.8,-0.12,18.41,0.58,-3.8,-0.12,187.87,0.02
353,空头出场,2025-11-17 18:00,VltClsLE,3205.08,1,3194.63,-10.45,-0.33,1.73,0.05,-10.45,-0.33,177.42,0.02
353,空头进场,2025-11-17 17:30,VltClsSE,3194.63,1,3194.63,-10.45,-0.33,1.73,0.05,-10.45,-0.33,177.42,0.02
354,多头出场,2025-11-17 18:15,VltClsSE,3195.53,1,3205.08,-9.55,-0.30,2.92,0.09,-9.55,-0.30,167.87,0.02
354,多头进场,2025-11-17 18:00,VltClsLE,3205.08,1,3205.08,-9.55,-0.30,2.92,0.09,-9.55,-0.30,167.87,0.02
355,空头出场,2025-11-17 19:30,VltClsLE,3215.2,1,3195.53,-19.67,-0.62,4.01,0.13,-19.67,-0.62,148.2,0.01
355,空头进场,2025-11-17 18:15,VltClsSE,3195.53,1,3195.53,-19.67,-0.62,4.01,0.13,-19.67,-0.62,148.2,0.01
356,多头出场,2025-11-17 20:00,VltClsSE,3195.24,1,3215.2,-19.96,-0.62,8.18,0.25,-20.18,-0.63,128.24,0.01
356,多头进场,2025-11-17 19:30,VltClsLE,3215.2,1,3215.2,-19.96,-0.62,8.18,0.25,-20.18,-0.63,128.24,0.01
357,空头出场,2025-11-17 22:30,VltClsLE,3142.26,1,3195.24,52.98,1.66,100.15,3.13,-1.56,-0.05,181.22,0.02
357,空头进场,2025-11-17 20:00,VltClsSE,3195.24,1,3195.24,52.98,1.66,100.15,3.13,-1.56,-0.05,181.22,0.02
358,多头出场,2025-11-17 22:45,VltClsSE,3146.6,1,3142.26,4.34,0.14,68.62,2.18,0,0.00,185.56,0.02
358,多头进场,2025-11-17 22:30,VltClsLE,3142.26,1,3142.26,4.34,0.14,68.62,2.18,0,0.00,185.56,0.02
359,空头出场,2025-11-18 00:45,VltClsLE,3130.12,1,3146.6,16.48,0.52,82.39,2.62,-20.05,-0.64,202.04,0.02
359,空头进场,2025-11-17 22:45,VltClsSE,3146.6,1,3146.6,16.48,0.52,82.39,2.62,-20.05,-0.64,202.04,0.02
360,多头出场,2025-11-18 01:30,VltClsSE,3076.01,1,3130.12,-54.11,-1.73,12.44,0.40,-54.11,-1.73,147.93,0.01
360,多头进场,2025-11-18 00:45,VltClsLE,3130.12,1,3130.12,-54.11,-1.73,12.44,0.40,-54.11,-1.73,147.93,0.01
361,空头出场,2025-11-18 03:30,VltClsLE,3031.71,1,3076.01,44.3,1.44,69.43,2.26,-5.03,-0.16,192.23,0.02
361,空头进场,2025-11-18 01:30,VltClsSE,3076.01,1,3076.01,44.3,1.44,69.43,2.26,-5.03,-0.16,192.23,0.02
362,多头出场,2025-11-18 05:15,VltClsSE,2997.05,1,3031.71,-34.66,-1.14,1.09,0.04,-72.25,-2.38,157.57,0.02
362,多头进场,2025-11-18 03:30,VltClsLE,3031.71,1,3031.71,-34.66,-1.14,1.09,0.04,-72.25,-2.38,157.57,0.02
363,空头出场,2025-11-18 07:45,VltClsLE,3031.03,1,2997.05,-33.98,-1.13,12.24,0.41,-35.48,-1.18,123.59,0.01
363,空头进场,2025-11-18 05:15,VltClsSE,2997.05,1,2997.05,-33.98,-1.13,12.24,0.41,-35.48,-1.18,123.59,0.01
364,多头出场,2025-11-18 08:15,VltClsSE,3023.34,1,3031.03,-7.69,-0.25,7.38,0.24,-7.69,-0.25,115.9,0.01
364,多头进场,2025-11-18 07:45,VltClsLE,3031.03,1,3031.03,-7.69,-0.25,7.38,0.24,-7.69,-0.25,115.9,0.01
365,空头出场,2025-11-18 08:45,VltClsLE,3011.89,1,3023.34,11.45,0.38,32.18,1.06,0,0.00,127.35,0.01
365,空头进场,2025-11-18 08:15,VltClsSE,3023.34,1,3023.34,11.45,0.38,32.18,1.06,0,0.00,127.35,0.01
366,多头出场,2025-11-18 10:15,VltClsSE,2992.41,1,3011.89,-19.48,-0.65,38.16,1.27,-19.48,-0.65,107.87,0.01
366,多头进场,2025-11-18 08:45,VltClsLE,3011.89,1,3011.89,-19.48,-0.65,38.16,1.27,-19.48,-0.65,107.87,0.01
367,空头出场,2025-11-18 11:30,VltClsLE,2998.03,1,2992.41,-5.62,-0.19,45.85,1.53,-52.63,-1.76,102.25,0.01
367,空头进场,2025-11-18 10:15,VltClsSE,2992.41,1,2992.41,-5.62,-0.19,45.85,1.53,-52.63,-1.76,102.25,0.01
368,多头出场,2025-11-18 13:00,VltClsSE,2984.27,1,2998.03,-13.76,-0.46,29.91,1.00,-39.95,-1.33,88.49,0.01
368,多头进场,2025-11-18 11:30,VltClsLE,2998.03,1,2998.03,-13.76,-0.46,29.91,1.00,-39.95,-1.33,88.49,0.01
369,空头出场,2025-11-18 14:45,VltClsLE,2991.88,1,2984.27,-7.61,-0.26,10.74,0.36,-39.57,-1.33,80.88,0.01
369,空头进场,2025-11-18 13:00,VltClsSE,2984.27,1,2984.27,-7.61,-0.26,10.74,0.36,-39.57,-1.33,80.88,0.01
370,多头出场,2025-11-18 17:00,VltClsSE,3047.05,1,2991.88,55.17,1.84,76.12,2.54,-14.55,-0.49,136.05,0.01
370,多头进场,2025-11-18 14:45,VltClsLE,2991.88,1,2991.88,55.17,1.84,76.12,2.54,-14.55,-0.49,136.05,0.01
371,空头出场,2025-11-18 17:45,VltClsLE,3062.68,1,3047.05,-15.63,-0.51,18.66,0.61,-15.63,-0.51,120.42,0.01
371,空头进场,2025-11-18 17:00,VltClsSE,3047.05,1,3047.05,-15.63,-0.51,18.66,0.61,-15.63,-0.51,120.42,0.01
372,多头出场,2025-11-18 19:45,VltClsSE,3058.65,1,3062.68,-4.03,-0.13,11.77,0.38,-12.15,-0.40,116.39,0.01
372,多头进场,2025-11-18 17:45,VltClsLE,3062.68,1,3062.68,-4.03,-0.13,11.77,0.38,-12.15,-0.40,116.39,0.01
373,空头出场,2025-11-18 20:15,VltClsLE,3053.19,1,3058.65,5.46,0.18,19.29,0.63,0,0.00,121.85,0.01
373,空头进场,2025-11-18 19:45,VltClsSE,3058.65,1,3058.65,5.46,0.18,19.29,0.63,0,0.00,121.85,0.01
374,多头出场,2025-11-18 20:45,VltClsSE,3050.07,1,3053.19,-3.12,-0.10,12.9,0.42,-6.66,-0.22,118.73,0.01
374,多头进场,2025-11-18 20:15,VltClsLE,3053.19,1,3053.19,-3.12,-0.10,12.9,0.42,-6.66,-0.22,118.73,0.01
375,空头出场,2025-11-18 22:15,VltClsLE,3049.26,1,3050.07,0.81,0.03,27.98,0.92,-1.41,-0.05,119.54,0.01
375,空头进场,2025-11-18 20:45,VltClsSE,3050.07,1,3050.07,0.81,0.03,27.98,0.92,-1.41,-0.05,119.54,0.01
376,多头出场,2025-11-18 23:00,VltClsSE,3037.74,1,3049.26,-11.52,-0.38,43.38,1.42,-11.52,-0.38,108.02,0.01
376,多头进场,2025-11-18 22:15,VltClsLE,3049.26,1,3049.26,-11.52,-0.38,43.38,1.42,-11.52,-0.38,108.02,0.01
377,空头出场,2025-11-18 23:15,VltClsLE,3107.32,1,3037.74,-69.58,-2.29,3.74,0.12,-69.58,-2.29,38.44,0.00
377,空头进场,2025-11-18 23:00,VltClsSE,3037.74,1,3037.74,-69.58,-2.29,3.74,0.12,-69.58,-2.29,38.44,0.00
378,多头出场,2025-11-19 03:30,VltClsSE,3151.03,1,3107.32,43.71,1.41,62.63,2.02,-12.31,-0.40,82.15,0.01
378,多头进场,2025-11-18 23:15,VltClsLE,3107.32,1,3107.32,43.71,1.41,62.63,2.02,-12.31,-0.40,82.15,0.01
379,空头出场,2025-11-19 06:00,VltClsLE,3108.19,1,3151.03,42.84,1.36,53.82,1.71,-0.39,-0.01,124.99,0.01
379,空头进场,2025-11-19 03:30,VltClsSE,3151.03,1,3151.03,42.84,1.36,53.82,1.71,-0.39,-0.01,124.99,0.01
380,多头出场,2025-11-19 07:00,VltClsSE,3115.99,1,3108.19,7.8,0.25,21.58,0.69,0,0.00,132.79,0.01
380,多头进场,2025-11-19 06:00,VltClsLE,3108.19,1,3108.19,7.8,0.25,21.58,0.69,0,0.00,132.79,0.01
381,空头出场,2025-11-19 08:30,VltClsLE,3104.44,1,3115.99,11.55,0.37,38.11,1.22,-10.09,-0.32,144.34,0.01
381,空头进场,2025-11-19 07:00,VltClsSE,3115.99,1,3115.99,11.55,0.37,38.11,1.22,-10.09,-0.32,144.34,0.01
382,多头出场,2025-11-19 09:00,VltClsSE,3086.5,1,3104.44,-17.94,-0.58,4.8,0.15,-17.94,-0.58,126.4,0.01
382,多头进场,2025-11-19 08:30,VltClsLE,3104.44,1,3104.44,-17.94,-0.58,4.8,0.15,-17.94,-0.58,126.4,0.01
383,空头出场,2025-11-19 09:15,VltClsLE,3104.18,1,3086.5,-17.68,-0.57,1.24,0.04,-17.68,-0.57,108.72,0.01
383,空头进场,2025-11-19 09:00,VltClsSE,3086.5,1,3086.5,-17.68,-0.57,1.24,0.04,-17.68,-0.57,108.72,0.01
384,多头出场,2025-11-19 11:15,VltClsSE,3093.51,1,3104.18,-10.67,-0.34,21.36,0.69,-10.67,-0.34,98.05,0.01
384,多头进场,2025-11-19 09:15,VltClsLE,3104.18,1,3104.18,-10.67,-0.34,21.36,0.69,-10.67,-0.34,98.05,0.01
385,空头出场,2025-11-19 13:45,VltClsLE,3012.2,1,3093.51,81.31,2.63,101.28,3.27,0,0.00,179.36,0.02
385,空头进场,2025-11-19 11:15,VltClsSE,3093.51,1,3093.51,81.31,2.63,101.28,3.27,0,0.00,179.36,0.02
386,多头出场,2025-11-19 16:30,VltClsSE,3084.54,1,3012.2,72.34,2.40,88.11,2.93,-1.6,-0.05,251.7,0.03
386,多头进场,2025-11-19 13:45,VltClsLE,3012.2,1,3012.2,72.34,2.40,88.11,2.93,-1.6,-0.05,251.7,0.03
387,空头出场,2025-11-19 17:30,VltClsLE,3079.75,1,3084.54,4.79,0.16,30.99,1.00,-5.45,-0.18,256.49,0.03
387,空头进场,2025-11-19 16:30,VltClsSE,3084.54,1,3084.54,4.79,0.16,30.99,1.00,-5.45,-0.18,256.49,0.03
388,多头出场,2025-11-19 18:45,VltClsSE,3086.66,1,3079.75,6.91,0.22,32.8,1.07,-10.75,-0.35,263.4,0.03
388,多头进场,2025-11-19 17:30,VltClsLE,3079.75,1,3079.75,6.91,0.22,32.8,1.07,-10.75,-0.35,263.4,0.03
389,空头出场,2025-11-19 20:00,VltClsLE,3094,1,3086.66,-7.34,-0.24,9.12,0.30,-15.62,-0.51,256.06,0.03
389,空头进场,2025-11-19 18:45,VltClsSE,3086.66,1,3086.66,-7.34,-0.24,9.12,0.30,-15.62,-0.51,256.06,0.03
390,多头出场,2025-11-19 21:00,VltClsSE,3090.13,1,3094,-3.87,-0.13,14.76,0.48,-11.88,-0.38,252.19,0.03
390,多头进场,2025-11-19 20:00,VltClsLE,3094,1,3094,-3.87,-0.13,14.76,0.48,-11.88,-0.38,252.19,0.03
391,空头出场,2025-11-19 22:30,VltClsLE,3047.45,1,3090.13,42.68,1.38,66.24,2.14,-8.97,-0.29,294.87,0.03
391,空头进场,2025-11-19 21:00,VltClsSE,3090.13,1,3090.13,42.68,1.38,66.24,2.14,-8.97,-0.29,294.87,0.03
392,多头出场,2025-11-19 23:15,VltClsSE,3059.64,1,3047.45,12.19,0.40,58.75,1.93,-1.9,-0.06,307.06,0.03
392,多头进场,2025-11-19 22:30,VltClsLE,3047.45,1,3047.45,12.19,0.40,58.75,1.93,-1.9,-0.06,307.06,0.03
393,空头出场,2025-11-20 03:45,VltClsLE,2889.57,1,3059.64,170.07,5.56,186,6.08,0,0.00,477.13,0.05
393,空头进场,2025-11-19 23:15,VltClsSE,3059.64,1,3059.64,170.07,5.56,186,6.08,0,0.00,477.13,0.05
394,多头出场,2025-11-20 06:00,VltClsSE,2966.32,1,2889.57,76.75,2.66,112.43,3.89,-14.57,-0.50,553.88,0.06
394,多头进场,2025-11-20 03:45,VltClsLE,2889.57,1,2889.57,76.75,2.66,112.43,3.89,-14.57,-0.50,553.88,0.06
395,空头出场,2025-11-20 07:00,VltClsLE,2999.26,1,2966.32,-32.94,-1.11,12.47,0.42,-32.94,-1.11,520.94,0.05
395,空头进场,2025-11-20 06:00,VltClsSE,2966.32,1,2966.32,-32.94,-1.11,12.47,0.42,-32.94,-1.11,520.94,0.05
396,多头出场,2025-11-20 08:00,VltClsSE,3010.86,1,2999.26,11.6,0.39,28.62,0.95,0,0.00,532.54,0.05
396,多头进场,2025-11-20 07:00,VltClsLE,2999.26,1,2999.26,11.6,0.39,28.62,0.95,0,0.00,532.54,0.05
397,空头出场,2025-11-20 08:15,VltClsLE,3031.43,1,3010.86,-20.57,-0.68,6.45,0.21,-20.57,-0.68,511.97,0.05
397,空头进场,2025-11-20 08:00,VltClsSE,3010.86,1,3010.86,-20.57,-0.68,6.45,0.21,-20.57,-0.68,511.97,0.05
398,多头出场,2025-11-20 08:45,VltClsSE,3028.29,1,3031.43,-3.14,-0.10,17.71,0.58,-3.14,-0.10,508.83,0.05
398,多头进场,2025-11-20 08:15,VltClsLE,3031.43,1,3031.43,-3.14,-0.10,17.71,0.58,-3.14,-0.10,508.83,0.05
399,空头出场,2025-11-20 09:00,VltClsLE,3035.39,1,3028.29,-7.1,-0.23,10.08,0.33,-7.1,-0.23,501.73,0.05
399,空头进场,2025-11-20 08:45,VltClsSE,3028.29,1,3028.29,-7.1,-0.23,10.08,0.33,-7.1,-0.23,501.73,0.05
400,多头出场,2025-11-20 10:00,VltClsSE,3032.87,1,3035.39,-2.52,-0.08,22.61,0.74,-9.99,-0.33,499.21,0.05
400,多头进场,2025-11-20 09:00,VltClsLE,3035.39,1,3035.39,-2.52,-0.08,22.61,0.74,-9.99,-0.33,499.21,0.05
401,空头出场,2025-11-20 10:45,VltClsLE,3047.88,1,3032.87,-15.01,-0.49,3.54,0.12,-15.01,-0.49,484.2,0.05
401,空头进场,2025-11-20 10:00,VltClsSE,3032.87,1,3032.87,-15.01,-0.49,3.54,0.12,-15.01,-0.49,484.2,0.05
402,多头出场,2025-11-20 12:00,VltClsSE,3029.06,1,3047.88,-18.82,-0.62,5.35,0.18,-18.82,-0.62,465.38,0.05
402,多头进场,2025-11-20 10:45,VltClsLE,3047.88,1,3047.88,-18.82,-0.62,5.35,0.18,-18.82,-0.62,465.38,0.05
403,空头出场,2025-11-20 12:45,VltClsLE,3036.21,1,3029.06,-7.15,-0.24,11.66,0.38,-7.15,-0.24,458.23,0.05
403,空头进场,2025-11-20 12:00,VltClsSE,3029.06,1,3029.06,-7.15,-0.24,11.66,0.38,-7.15,-0.24,458.23,0.05
404,多头出场,2025-11-20 14:15,VltClsSE,3029.09,1,3036.21,-7.12,-0.23,27.4,0.90,-7.12,-0.23,451.11,0.05
404,多头进场,2025-11-20 12:45,VltClsLE,3036.21,1,3036.21,-7.12,-0.23,27.4,0.90,-7.12,-0.23,451.11,0.05
405,空头出场,2025-11-20 15:00,VltClsLE,3030.35,1,3029.09,-1.26,-0.04,22.2,0.73,-1.36,-0.04,449.85,0.04
405,空头进场,2025-11-20 14:15,VltClsSE,3029.09,1,3029.09,-1.26,-0.04,22.2,0.73,-1.36,-0.04,449.85,0.04
406,多头出场,2025-11-20 15:15,VltClsSE,3021.76,1,3030.35,-8.59,-0.28,2.82,0.09,-8.59,-0.28,441.26,0.04
406,多头进场,2025-11-20 15:00,VltClsLE,3030.35,1,3030.35,-8.59,-0.28,2.82,0.09,-8.59,-0.28,441.26,0.04
407,空头出场,2025-11-20 16:15,VltClsLE,3038.42,1,3021.76,-16.66,-0.55,0.62,0.02,-22.99,-0.76,424.6,0.04
407,空头进场,2025-11-20 15:15,VltClsSE,3021.76,1,3021.76,-16.66,-0.55,0.62,0.02,-22.99,-0.76,424.6,0.04
408,多头出场,2025-11-20 17:15,VltClsSE,3021.53,1,3038.42,-16.89,-0.56,2.18,0.07,-16.89,-0.56,407.71,0.04
408,多头进场,2025-11-20 16:15,VltClsLE,3038.42,1,3038.42,-16.89,-0.56,2.18,0.07,-16.89,-0.56,407.71,0.04
409,空头出场,2025-11-20 18:15,VltClsLE,3010.42,1,3021.53,11.11,0.37,27.62,0.91,0,0.00,418.82,0.04
409,空头进场,2025-11-20 17:15,VltClsSE,3021.53,1,3021.53,11.11,0.37,27.62,0.91,0,0.00,418.82,0.04
410,多头出场,2025-11-20 19:15,VltClsSE,3002.34,1,3010.42,-8.08,-0.27,10.44,0.35,-8.08,-0.27,410.74,0.04
410,多头进场,2025-11-20 18:15,VltClsLE,3010.42,1,3010.42,-8.08,-0.27,10.44,0.35,-8.08,-0.27,410.74,0.04
411,空头出场,2025-11-20 19:30,VltClsLE,3014.92,1,3002.34,-12.58,-0.42,0.34,0.01,-12.58,-0.42,398.16,0.04
411,空头进场,2025-11-20 19:15,VltClsSE,3002.34,1,3002.34,-12.58,-0.42,0.34,0.01,-12.58,-0.42,398.16,0.04
412,多头出场,2025-11-20 20:00,VltClsSE,3014.37,1,3014.92,-0.55,-0.02,12.56,0.42,-0.55,-0.02,397.61,0.04
412,多头进场,2025-11-20 19:30,VltClsLE,3014.92,1,3014.92,-0.55,-0.02,12.56,0.42,-0.55,-0.02,397.61,0.04
413,空头出场,2025-11-20 20:45,VltClsLE,3028.76,1,3014.37,-14.39,-0.48,3.63,0.12,-15.42,-0.51,383.22,0.04
413,空头进场,2025-11-20 20:00,VltClsSE,3014.37,1,3014.37,-14.39,-0.48,3.63,0.12,-15.42,-0.51,383.22,0.04
414,多头出场,2025-11-20 21:15,VltClsSE,3025.4,1,3028.76,-3.36,-0.11,9.79,0.32,-6.51,-0.21,379.86,0.04
414,多头进场,2025-11-20 20:45,VltClsLE,3028.76,1,3028.76,-3.36,-0.11,9.79,0.32,-6.51,-0.21,379.86,0.04
415,空头出场,2025-11-20 21:30,VltClsLE,3034.88,1,3025.4,-9.48,-0.31,26.51,0.88,-9.48,-0.31,370.38,0.04
415,空头进场,2025-11-20 21:15,VltClsSE,3025.4,1,3025.4,-9.48,-0.31,26.51,0.88,-9.48,-0.31,370.38,0.04
416,多头出场,2025-11-20 22:00,VltClsSE,2980.13,1,3034.88,-54.75,-1.80,14.7,0.48,-54.75,-1.80,315.63,0.03
416,多头进场,2025-11-20 21:30,VltClsLE,3034.88,1,3034.88,-54.75,-1.80,14.7,0.48,-54.75,-1.80,315.63,0.03
417,空头出场,2025-11-20 22:15,VltClsLE,2992.51,1,2980.13,-12.38,-0.42,16.45,0.55,-12.38,-0.42,303.25,0.03
417,空头进场,2025-11-20 22:00,VltClsSE,2980.13,1,2980.13,-12.38,-0.42,16.45,0.55,-12.38,-0.42,303.25,0.03
418,多头出场,2025-11-20 22:30,VltClsSE,2984.88,1,2992.51,-7.63,-0.25,30.19,1.01,-7.63,-0.25,295.62,0.03
418,多头进场,2025-11-20 22:15,VltClsLE,2992.51,1,2992.51,-7.63,-0.25,30.19,1.01,-7.63,-0.25,295.62,0.03
419,空头出场,2025-11-21 02:00,VltClsLE,2859.71,1,2984.88,125.17,4.19,177.53,5.95,-25.86,-0.87,420.79,0.04
419,空头进场,2025-11-20 22:30,VltClsSE,2984.88,1,2984.88,125.17,4.19,177.53,5.95,-25.86,-0.87,420.79,0.04
420,多头出场,2025-11-21 02:15,VltClsSE,2830.1,1,2859.71,-29.61,-1.04,0.93,0.03,-29.61,-1.04,391.18,0.04
420,多头进场,2025-11-21 02:00,VltClsLE,2859.71,1,2859.71,-29.61,-1.04,0.93,0.03,-29.61,-1.04,391.18,0.04
421,空头出场,2025-11-21 03:15,VltClsLE,2834.28,1,2830.1,-4.18,-0.15,40.09,1.42,-4.18,-0.15,387,0.04
421,空头进场,2025-11-21 02:15,VltClsSE,2830.1,1,2830.1,-4.18,-0.15,40.09,1.42,-4.18,-0.15,387,0.04
422,多头出场,2025-11-21 04:00,VltClsSE,2828,1,2834.28,-6.28,-0.22,21,0.74,-11.78,-0.42,380.72,0.04
422,多头进场,2025-11-21 03:15,VltClsLE,2834.28,1,2834.28,-6.28,-0.22,21,0.74,-11.78,-0.42,380.72,0.04
423,空头出场,2025-11-21 04:15,VltClsLE,2844.02,1,2828,-16.02,-0.57,8.45,0.30,-16.02,-0.57,364.7,0.04
423,空头进场,2025-11-21 04:00,VltClsSE,2828,1,2828,-16.02,-0.57,8.45,0.30,-16.02,-0.57,364.7,0.04
424,多头出场,2025-11-21 06:30,VltClsSE,2883.37,1,2844.02,39.35,1.38,61.91,2.18,-14.18,-0.50,404.05,0.04
424,多头进场,2025-11-21 04:15,VltClsLE,2844.02,1,2844.02,39.35,1.38,61.91,2.18,-14.18,-0.50,404.05,0.04
425,空头出场,2025-11-21 08:00,VltClsLE,2852.34,1,2883.37,31.03,1.08,56.88,1.97,-11.8,-0.41,435.08,0.04
425,空头进场,2025-11-21 06:30,VltClsSE,2883.37,1,2883.37,31.03,1.08,56.88,1.97,-11.8,-0.41,435.08,0.04
426,多头出场,2025-11-21 09:30,VltClsSE,2867.02,1,2852.34,14.68,0.51,34.39,1.21,-5.08,-0.18,449.76,0.04
426,多头进场,2025-11-21 08:00,VltClsLE,2852.34,1,2852.34,14.68,0.51,34.39,1.21,-5.08,-0.18,449.76,0.04
427,空头出场,2025-11-21 10:15,VltClsLE,2853.43,1,2867.02,13.59,0.47,44.8,1.56,-5.98,-0.21,463.35,0.05
427,空头进场,2025-11-21 09:30,VltClsSE,2867.02,1,2867.02,13.59,0.47,44.8,1.56,-5.98,-0.21,463.35,0.05
428,多头出场,2025-11-21 10:30,VltClsSE,2818.15,1,2853.43,-35.28,-1.24,3.71,0.13,-35.28,-1.24,428.07,0.04
428,多头进场,2025-11-21 10:15,VltClsLE,2853.43,1,2853.43,-35.28,-1.24,3.71,0.13,-35.28,-1.24,428.07,0.04
429,空头出场,2025-11-21 10:45,VltClsLE,2832.42,1,2818.15,-14.27,-0.51,7.71,0.27,-14.27,-0.51,413.8,0.04
429,空头进场,2025-11-21 10:30,VltClsSE,2818.15,1,2818.15,-14.27,-0.51,7.71,0.27,-14.27,-0.51,413.8,0.04
430,多头出场,2025-11-21 12:30,VltClsSE,2795.03,1,2832.42,-37.39,-1.32,0.97,0.03,-59.58,-2.10,376.41,0.04
430,多头进场,2025-11-21 10:45,VltClsLE,2832.42,1,2832.42,-37.39,-1.32,0.97,0.03,-59.58,-2.10,376.41,0.04
431,空头出场,2025-11-21 16:00,VltClsLE,2748.33,1,2795.03,46.7,1.67,126.03,4.51,-37.63,-1.35,423.11,0.04
431,空头进场,2025-11-21 12:30,VltClsSE,2795.03,1,2795.03,46.7,1.67,126.03,4.51,-37.63,-1.35,423.11,0.04
432,多头出场,2025-11-21 17:15,VltClsSE,2717.35,1,2748.33,-30.98,-1.13,6.15,0.22,-30.98,-1.13,392.13,0.04
432,多头进场,2025-11-21 16:00,VltClsLE,2748.33,1,2748.33,-30.98,-1.13,6.15,0.22,-30.98,-1.13,392.13,0.04
433,空头出场,2025-11-21 18:00,VltClsLE,2698.13,1,2717.35,19.22,0.71,54.34,2.00,0,0.00,411.35,0.04
433,空头进场,2025-11-21 17:15,VltClsSE,2717.35,1,2717.35,19.22,0.71,54.34,2.00,0,0.00,411.35,0.04
434,多头出场,2025-11-21 19:30,VltClsSE,2694.22,1,2698.13,-3.91,-0.14,24.85,0.92,-19.3,-0.72,407.44,0.04
434,多头进场,2025-11-21 18:00,VltClsLE,2698.13,1,2698.13,-3.91,-0.14,24.85,0.92,-19.3,-0.72,407.44,0.04
435,空头出场,2025-11-21 20:30,VltClsLE,2661.4,1,2694.22,32.82,1.22,70.65,2.62,-0.78,-0.03,440.26,0.04
435,空头进场,2025-11-21 19:30,VltClsSE,2694.22,1,2694.22,32.82,1.22,70.65,2.62,-0.78,-0.03,440.26,0.04
436,多头出场,2025-11-21 23:00,VltClsSE,2747.46,1,2661.4,86.06,3.23,120.43,4.53,0,0.00,526.32,0.05
436,多头进场,2025-11-21 20:30,VltClsLE,2661.4,1,2661.4,86.06,3.23,120.43,4.53,0,0.00,526.32,0.05
437,空头出场,2025-11-22 00:45,VltClsLE,2742.73,1,2747.46,4.73,0.17,72.46,2.64,-7.53,-0.27,531.05,0.05
437,空头进场,2025-11-21 23:00,VltClsSE,2747.46,1,2747.46,4.73,0.17,72.46,2.64,-7.53,-0.27,531.05,0.05
438,多头出场,2025-11-22 02:00,VltClsSE,2754.95,1,2742.73,12.22,0.45,64.11,2.34,0,0.00,543.27,0.05
438,多头进场,2025-11-22 00:45,VltClsLE,2742.73,1,2742.73,12.22,0.45,64.11,2.34,0,0.00,543.27,0.05
439,空头出场,2025-11-22 02:30,VltClsLE,2772.09,1,2754.95,-17.14,-0.62,38.46,1.40,-17.14,-0.62,526.13,0.05
439,空头进场,2025-11-22 02:00,VltClsSE,2754.95,1,2754.95,-17.14,-0.62,38.46,1.40,-17.14,-0.62,526.13,0.05
440,多头出场,2025-11-22 03:30,VltClsSE,2756.82,1,2772.09,-15.27,-0.55,22.4,0.81,-15.27,-0.55,510.86,0.05
440,多头进场,2025-11-22 02:30,VltClsLE,2772.09,1,2772.09,-15.27,-0.55,22.4,0.81,-15.27,-0.55,510.86,0.05
441,空头出场,2025-11-22 04:30,VltClsLE,2731.82,1,2756.82,25,0.91,48.27,1.75,-0.68,-0.02,535.86,0.05
441,空头进场,2025-11-22 03:30,VltClsSE,2756.82,1,2756.82,25,0.91,48.27,1.75,-0.68,-0.02,535.86,0.05
442,多头出场,2025-11-22 06:15,VltClsSE,2753.33,1,2731.82,21.51,0.79,45.19,1.65,-1.82,-0.07,557.37,0.06
442,多头进场,2025-11-22 04:30,VltClsLE,2731.82,1,2731.82,21.51,0.79,45.19,1.65,-1.82,-0.07,557.37,0.06
443,空头出场,2025-11-22 07:15,VltClsLE,2746.18,1,2753.33,7.15,0.26,40.18,1.46,-1.24,-0.05,564.52,0.06
443,空头进场,2025-11-22 06:15,VltClsSE,2753.33,1,2753.33,7.15,0.26,40.18,1.46,-1.24,-0.05,564.52,0.06
444,多头出场,2025-11-22 08:15,VltClsSE,2764.68,1,2746.18,18.5,0.67,34.41,1.25,0,0.00,583.02,0.06
444,多头进场,2025-11-22 07:15,VltClsLE,2746.18,1,2746.18,18.5,0.67,34.41,1.25,0,0.00,583.02,0.06
445,空头出场,2025-11-22 08:30,VltClsLE,2771.98,1,2764.68,-7.3,-0.26,6.47,0.23,-7.3,-0.26,575.72,0.06
445,空头进场,2025-11-22 08:15,VltClsSE,2764.68,1,2764.68,-7.3,-0.26,6.47,0.23,-7.3,-0.26,575.72,0.06
446,多头出场,2025-11-22 10:00,VltClsSE,2765.42,1,2771.98,-6.56,-0.24,12.14,0.44,-12.74,-0.46,569.16,0.06
446,多头进场,2025-11-22 08:30,VltClsLE,2771.98,1,2771.98,-6.56,-0.24,12.14,0.44,-12.74,-0.46,569.16,0.06
447,空头出场,2025-11-22 10:45,VltClsLE,2753.93,1,2765.42,11.49,0.42,25.66,0.93,0,0.00,580.65,0.06
447,空头进场,2025-11-22 10:00,VltClsSE,2765.42,1,2765.42,11.49,0.42,25.66,0.93,0,0.00,580.65,0.06
448,多头出场,2025-11-22 11:15,VltClsSE,2746.03,1,2753.93,-7.9,-0.29,3.8,0.14,-8.11,-0.29,572.75,0.06
448,多头进场,2025-11-22 10:45,VltClsLE,2753.93,1,2753.93,-7.9,-0.29,3.8,0.14,-8.11,-0.29,572.75,0.06
449,空头出场,2025-11-22 12:45,VltClsLE,2745.35,1,2746.03,0.68,0.02,19.37,0.71,-9.75,-0.36,573.43,0.06
449,空头进场,2025-11-22 11:15,VltClsSE,2746.03,1,2746.03,0.68,0.02,19.37,0.71,-9.75,-0.36,573.43,0.06
450,多头出场,2025-11-22 13:15,VltClsSE,2732.53,1,2745.35,-12.82,-0.47,4.65,0.17,-12.82,-0.47,560.61,0.06
450,多头进场,2025-11-22 12:45,VltClsLE,2745.35,1,2745.35,-12.82,-0.47,4.65,0.17,-12.82,-0.47,560.61,0.06
451,空头出场,2025-11-22 13:45,VltClsLE,2741.54,1,2732.53,-9.01,-0.33,5.03,0.18,-9.01,-0.33,551.6,0.06
451,空头进场,2025-11-22 13:15,VltClsSE,2732.53,1,2732.53,-9.01,-0.33,5.03,0.18,-9.01,-0.33,551.6,0.06
452,多头出场,2025-11-22 14:00,VltClsSE,2734.44,1,2741.54,-7.1,-0.26,4.78,0.17,-7.1,-0.26,544.5,0.05
452,多头进场,2025-11-22 13:45,VltClsLE,2741.54,1,2741.54,-7.1,-0.26,4.78,0.17,-7.1,-0.26,544.5,0.05
453,空头出场,2025-11-22 14:15,VltClsLE,2752.29,1,2734.44,-17.85,-0.65,1.85,0.07,-17.85,-0.65,526.65,0.05
453,空头进场,2025-11-22 14:00,VltClsSE,2734.44,1,2734.44,-17.85,-0.65,1.85,0.07,-17.85,-0.65,526.65,0.05
454,多头出场,2025-11-22 16:00,VltClsSE,2748.51,1,2752.29,-3.78,-0.14,18.71,0.68,-3.78,-0.14,522.87,0.05
454,多头进场,2025-11-22 14:15,VltClsLE,2752.29,1,2752.29,-3.78,-0.14,18.71,0.68,-3.78,-0.14,522.87,0.05
455,空头出场,2025-11-22 17:30,VltClsLE,2738.39,1,2748.51,10.12,0.37,29.69,1.08,0,0.00,532.99,0.05
455,空头进场,2025-11-22 16:00,VltClsSE,2748.51,1,2748.51,10.12,0.37,29.69,1.08,0,0.00,532.99,0.05
456,多头出场,2025-11-22 18:15,VltClsSE,2719.77,1,2738.39,-18.62,-0.68,0.49,0.02,-18.62,-0.68,514.37,0.05
456,多头进场,2025-11-22 17:30,VltClsLE,2738.39,1,2738.39,-18.62,-0.68,0.49,0.02,-18.62,-0.68,514.37,0.05
457,空头出场,2025-11-22 19:00,VltClsLE,2721.37,1,2719.77,-1.6,-0.06,15.44,0.57,-1.6,-0.06,512.77,0.05
457,空头进场,2025-11-22 18:15,VltClsSE,2719.77,1,2719.77,-1.6,-0.06,15.44,0.57,-1.6,-0.06,512.77,0.05
458,多头出场,2025-11-22 20:00,VltClsSE,2724.17,1,2721.37,2.8,0.10,21.63,0.79,0,0.00,515.57,0.05
458,多头进场,2025-11-22 19:00,VltClsLE,2721.37,1,2721.37,2.8,0.10,21.63,0.79,0,0.00,515.57,0.05
459,空头出场,2025-11-22 21:00,VltClsLE,2730.08,1,2724.17,-5.91,-0.22,13.16,0.48,-5.91,-0.22,509.66,0.05
459,空头进场,2025-11-22 20:00,VltClsSE,2724.17,1,2724.17,-5.91,-0.22,13.16,0.48,-5.91,-0.22,509.66,0.05
460,多头出场,2025-11-22 21:15,VltClsSE,2717.75,1,2730.08,-12.33,-0.45,4.47,0.16,-12.33,-0.45,497.33,0.05
460,多头进场,2025-11-22 21:00,VltClsLE,2730.08,1,2730.08,-12.33,-0.45,4.47,0.16,-12.33,-0.45,497.33,0.05
461,空头出场,2025-11-22 22:00,VltClsLE,2730.03,1,2717.75,-12.28,-0.45,5.75,0.21,-12.28,-0.45,485.05,0.05
461,空头进场,2025-11-22 21:15,VltClsSE,2717.75,1,2717.75,-12.28,-0.45,5.75,0.21,-12.28,-0.45,485.05,0.05
462,多头出场,2025-11-22 23:30,VltClsSE,2737.03,1,2730.03,7,0.26,24.42,0.89,0,0.00,492.05,0.05
462,多头进场,2025-11-22 22:00,VltClsLE,2730.03,1,2730.03,7,0.26,24.42,0.89,0,0.00,492.05,0.05
463,空头出场,2025-11-22 23:45,VltClsLE,2741.19,1,2737.03,-4.16,-0.15,11.04,0.40,-4.16,-0.15,487.89,0.05
463,空头进场,2025-11-22 23:30,VltClsSE,2737.03,1,2737.03,-4.16,-0.15,11.04,0.40,-4.16,-0.15,487.89,0.05
464,多头出场,2025-11-23 01:00,VltClsSE,2746.32,1,2741.19,5.13,0.19,17.83,0.65,-5.99,-0.22,493.02,0.05
464,多头进场,2025-11-22 23:45,VltClsLE,2741.19,1,2741.19,5.13,0.19,17.83,0.65,-5.99,-0.22,493.02,0.05
465,空头出场,2025-11-23 03:45,VltClsLE,2753.55,1,2746.32,-7.23,-0.26,3.3,0.12,-12.12,-0.44,485.79,0.05
465,空头进场,2025-11-23 01:00,VltClsSE,2746.32,1,2746.32,-7.23,-0.26,3.3,0.12,-12.12,-0.44,485.79,0.05
466,多头出场,2025-11-23 04:30,VltClsSE,2749.46,1,2753.55,-4.09,-0.15,3.32,0.12,-4.09,-0.15,481.7,0.05
466,多头进场,2025-11-23 03:45,VltClsLE,2753.55,1,2753.55,-4.09,-0.15,3.32,0.12,-4.09,-0.15,481.7,0.05
467,空头出场,2025-11-23 05:15,VltClsLE,2746.44,1,2749.46,3.02,0.11,15.74,0.57,0,0.00,484.72,0.05
467,空头进场,2025-11-23 04:30,VltClsSE,2749.46,1,2749.46,3.02,0.11,15.74,0.57,0,0.00,484.72,0.05
468,多头出场,2025-11-23 07:00,VltClsSE,2777.69,1,2746.44,31.25,1.14,52.57,1.91,-4.59,-0.17,515.97,0.05
468,多头进场,2025-11-23 05:15,VltClsLE,2746.44,1,2746.44,31.25,1.14,52.57,1.91,-4.59,-0.17,515.97,0.05
469,空头出场,2025-11-23 08:15,VltClsLE,2788.82,1,2777.69,-11.13,-0.40,10.07,0.36,-11.13,-0.40,504.84,0.05
469,空头进场,2025-11-23 07:00,VltClsSE,2777.69,1,2777.69,-11.13,-0.40,10.07,0.36,-11.13,-0.40,504.84,0.05
470,多头出场,2025-11-23 08:30,VltClsSE,2771.53,1,2788.82,-17.29,-0.62,0.59,0.02,-17.29,-0.62,487.55,0.05
470,多头进场,2025-11-23 08:15,VltClsLE,2788.82,1,2788.82,-17.29,-0.62,0.59,0.02,-17.29,-0.62,487.55,0.05
471,空头出场,2025-11-23 09:00,VltClsLE,2780.62,1,2771.53,-9.09,-0.33,3.21,0.12,-9.09,-0.33,478.46,0.05
471,空头进场,2025-11-23 08:30,VltClsSE,2771.53,1,2771.53,-9.09,-0.33,3.21,0.12,-9.09,-0.33,478.46,0.05
472,多头出场,2025-11-23 13:30,VltClsSE,2814.91,1,2780.62,34.29,1.23,71.55,2.57,-0.09,0.00,512.75,0.05
472,多头进场,2025-11-23 09:00,VltClsLE,2780.62,1,2780.62,34.29,1.23,71.55,2.57,-0.09,0.00,512.75,0.05
473,空头出场,2025-11-23 13:45,VltClsLE,2825.02,1,2814.91,-10.11,-0.36,1.81,0.06,-10.11,-0.36,502.64,0.05
473,空头进场,2025-11-23 13:30,VltClsSE,2814.91,1,2814.91,-10.11,-0.36,1.81,0.06,-10.11,-0.36,502.64,0.05
474,多头出场,2025-11-23 14:30,VltClsSE,2813.96,1,2825.02,-11.06,-0.39,7.45,0.26,-11.06,-0.39,491.58,0.05
474,多头进场,2025-11-23 13:45,VltClsLE,2825.02,1,2825.02,-11.06,-0.39,7.45,0.26,-11.06,-0.39,491.58,0.05
475,空头出场,2025-11-23 16:00,VltClsLE,2804.54,1,2813.96,9.42,0.33,36.76,1.31,-1.13,-0.04,501,0.05
475,空头进场,2025-11-23 14:30,VltClsSE,2813.96,1,2813.96,9.42,0.33,36.76,1.31,-1.13,-0.04,501,0.05
476,多头出场,2025-11-23 18:00,VltClsSE,2808.99,1,2804.54,4.45,0.16,19.44,0.69,-5.48,-0.20,505.45,0.05
476,多头进场,2025-11-23 16:00,VltClsLE,2804.54,1,2804.54,4.45,0.16,19.44,0.69,-5.48,-0.20,505.45,0.05
477,空头出场,2025-11-23 19:15,VltClsLE,2816.48,1,2808.99,-7.49,-0.27,6.11,0.22,-7.49,-0.27,497.96,0.05
477,空头进场,2025-11-23 18:00,VltClsSE,2808.99,1,2808.99,-7.49,-0.27,6.11,0.22,-7.49,-0.27,497.96,0.05
478,多头出场,2025-11-23 21:00,VltClsSE,2825.05,1,2816.48,8.57,0.30,33.52,1.19,-3.75,-0.13,506.53,0.05
478,多头进场,2025-11-23 19:15,VltClsLE,2816.48,1,2816.48,8.57,0.30,33.52,1.19,-3.75,-0.13,506.53,0.05
479,空头出场,2025-11-23 22:00,VltClsLE,2851.29,1,2825.05,-26.24,-0.93,2.54,0.09,-26.24,-0.93,480.29,0.05
479,空头进场,2025-11-23 21:00,VltClsSE,2825.05,1,2825.05,-26.24,-0.93,2.54,0.09,-26.24,-0.93,480.29,0.05
480,多头出场,2025-11-23 22:45,VltClsSE,2817.7,1,2851.29,-33.59,-1.18,6.87,0.24,-33.59,-1.18,446.7,0.04
480,多头进场,2025-11-23 22:00,VltClsLE,2851.29,1,2851.29,-33.59,-1.18,6.87,0.24,-33.59,-1.18,446.7,0.04
481,空头出场,2025-11-23 23:30,VltClsLE,2829.46,1,2817.7,-11.76,-0.42,7.58,0.27,-11.76,-0.42,434.94,0.04
481,空头进场,2025-11-23 22:45,VltClsSE,2817.7,1,2817.7,-11.76,-0.42,7.58,0.27,-11.76,-0.42,434.94,0.04
482,多头出场,2025-11-24 00:15,VltClsSE,2820.84,1,2829.46,-8.62,-0.30,17.34,0.61,-8.62,-0.30,426.32,0.04
482,多头进场,2025-11-23 23:30,VltClsLE,2829.46,1,2829.46,-8.62,-0.30,17.34,0.61,-8.62,-0.30,426.32,0.04
483,空头出场,2025-11-24 02:15,VltClsLE,2808.04,1,2820.84,12.8,0.45,34.21,1.21,-11.2,-0.40,439.12,0.04
483,空头进场,2025-11-24 00:15,VltClsSE,2820.84,1,2820.84,12.8,0.45,34.21,1.21,-11.2,-0.40,439.12,0.04
484,多头出场,2025-11-24 03:45,VltClsSE,2820.8,1,2808.04,12.76,0.45,29.41,1.05,-6.42,-0.23,451.88,0.05
484,多头进场,2025-11-24 02:15,VltClsLE,2808.04,1,2808.04,12.76,0.45,29.41,1.05,-6.42,-0.23,451.88,0.05
485,空头出场,2025-11-24 04:00,VltClsLE,2832.09,1,2820.8,-11.29,-0.40,1.16,0.04,-11.29,-0.40,440.59,0.04
485,空头进场,2025-11-24 03:45,VltClsSE,2820.8,1,2820.8,-11.29,-0.40,1.16,0.04,-11.29,-0.40,440.59,0.04
486,多头出场,2025-11-24 05:00,VltClsSE,2821.2,1,2832.09,-10.89,-0.38,3.35,0.12,-10.89,-0.38,429.7,0.04
486,多头进场,2025-11-24 04:00,VltClsLE,2832.09,1,2832.09,-10.89,-0.38,3.35,0.12,-10.89,-0.38,429.7,0.04
487,空头出场,2025-11-24 05:15,VltClsLE,2830.6,1,2821.2,-9.4,-0.33,3.92,0.14,-9.4,-0.33,420.3,0.04
487,空头进场,2025-11-24 05:00,VltClsSE,2821.2,1,2821.2,-9.4,-0.33,3.92,0.14,-9.4,-0.33,420.3,0.04
488,多头出场,2025-11-24 05:30,VltClsSE,2830.53,1,2830.6,-0.07,0.00,9.83,0.35,-0.07,0.00,420.23,0.04
488,多头进场,2025-11-24 05:15,VltClsLE,2830.6,1,2830.6,-0.07,0.00,9.83,0.35,-0.07,0.00,420.23,0.04
489,空头出场,2025-11-24 05:45,VltClsLE,2837.87,1,2830.53,-7.34,-0.26,1.92,0.07,-7.34,-0.26,412.89,0.04
489,空头进场,2025-11-24 05:30,VltClsSE,2830.53,1,2830.53,-7.34,-0.26,1.92,0.07,-7.34,-0.26,412.89,0.04
490,多头出场,2025-11-24 06:00,VltClsSE,2831.76,1,2837.87,-6.11,-0.22,7.13,0.25,-6.11,-0.22,406.78,0.04
490,多头进场,2025-11-24 05:45,VltClsLE,2837.87,1,2837.87,-6.11,-0.22,7.13,0.25,-6.11,-0.22,406.78,0.04
491,空头出场,2025-11-24 08:45,VltClsLE,2803.41,1,2831.76,28.35,1.00,68.76,2.43,-11.73,-0.41,435.13,0.04
491,空头进场,2025-11-24 06:00,VltClsSE,2831.76,1,2831.76,28.35,1.00,68.76,2.43,-11.73,-0.41,435.13,0.04
492,多头出场,2025-11-24 12:15,VltClsSE,2846.3,1,2803.41,42.89,1.53,66.88,2.39,-25.05,-0.89,478.02,0.05
492,多头进场,2025-11-24 08:45,VltClsLE,2803.41,1,2803.41,42.89,1.53,66.88,2.39,-25.05,-0.89,478.02,0.05
493,空头出场,2025-11-24 13:00,VltClsLE,2841.26,1,2846.3,5.04,0.18,43.43,1.53,0,0.00,483.06,0.05
493,空头进场,2025-11-24 12:15,VltClsSE,2846.3,1,2846.3,5.04,0.18,43.43,1.53,0,0.00,483.06,0.05
494,多头出场,2025-11-24 14:00,VltClsSE,2850.24,1,2841.26,8.98,0.32,44.49,1.57,0,0.00,492.04,0.05
494,多头进场,2025-11-24 13:00,VltClsLE,2841.26,1,2841.26,8.98,0.32,44.49,1.57,0,0.00,492.04,0.05
495,空头出场,2025-11-24 15:30,VltClsLE,2838.47,1,2850.24,11.77,0.41,26.36,0.92,0,0.00,503.81,0.05
495,空头进场,2025-11-24 14:00,VltClsSE,2850.24,1,2850.24,11.77,0.41,26.36,0.92,0,0.00,503.81,0.05
496,多头出场,2025-11-24 15:45,VltClsSE,2833.3,1,2838.47,-5.17,-0.18,6.47,0.23,-5.17,-0.18,498.64,0.05
496,多头进场,2025-11-24 15:30,VltClsLE,2838.47,1,2838.47,-5.17,-0.18,6.47,0.23,-5.17,-0.18,498.64,0.05
497,空头出场,2025-11-24 16:45,VltClsLE,2837.98,1,2833.3,-4.68,-0.17,11.3,0.40,-4.68,-0.17,493.96,0.05
497,空头进场,2025-11-24 15:45,VltClsSE,2833.3,1,2833.3,-4.68,-0.17,11.3,0.40,-4.68,-0.17,493.96,0.05
498,多头出场,2025-11-24 17:00,VltClsSE,2829.6,1,2837.98,-8.38,-0.30,5.11,0.18,-8.38,-0.30,485.58,0.05
498,多头进场,2025-11-24 16:45,VltClsLE,2837.98,1,2837.98,-8.38,-0.30,5.11,0.18,-8.38,-0.30,485.58,0.05
499,空头出场,2025-11-24 17:30,VltClsLE,2808.23,1,2829.6,21.37,0.76,41.6,1.47,0,0.00,506.95,0.05
499,空头进场,2025-11-24 17:00,VltClsSE,2829.6,1,2829.6,21.37,0.76,41.6,1.47,0,0.00,506.95,0.05
500,多头出场,2025-11-24 19:00,VltClsSE,2791.21,1,2808.23,-17.02,-0.61,4.95,0.18,-17.02,-0.61,489.93,0.05
500,多头进场,2025-11-24 17:30,VltClsLE,2808.23,1,2808.23,-17.02,-0.61,4.95,0.18,-17.02,-0.61,489.93,0.05
501,空头出场,2025-11-24 19:30,VltClsLE,2802.8,1,2791.21,-11.59,-0.42,1.51,0.05,-11.59,-0.42,478.34,0.05
501,空头进场,2025-11-24 19:00,VltClsSE,2791.21,1,2791.21,-11.59,-0.42,1.51,0.05,-11.59,-0.42,478.34,0.05
502,多头出场,2025-11-24 20:00,VltClsSE,2796.42,1,2802.8,-6.38,-0.23,5.44,0.19,-6.38,-0.23,471.96,0.05
502,多头进场,2025-11-24 19:30,VltClsLE,2802.8,1,2802.8,-6.38,-0.23,5.44,0.19,-6.38,-0.23,471.96,0.05
503,空头出场,2025-11-24 20:15,VltClsLE,2804.15,1,2796.42,-7.73,-0.28,1.41,0.05,-7.73,-0.28,464.23,0.05
503,空头进场,2025-11-24 20:00,VltClsSE,2796.42,1,2796.42,-7.73,-0.28,1.41,0.05,-7.73,-0.28,464.23,0.05
504,多头出场,2025-11-24 20:30,VltClsSE,2800.31,1,2804.15,-3.84,-0.14,7.87,0.28,-3.84,-0.14,460.39,0.05
504,多头进场,2025-11-24 20:15,VltClsLE,2804.15,1,2804.15,-3.84,-0.14,7.87,0.28,-3.84,-0.14,460.39,0.05
505,空头出场,2025-11-24 21:00,VltClsLE,2811.72,1,2800.31,-11.41,-0.41,3.18,0.11,-11.41,-0.41,448.98,0.04
505,空头进场,2025-11-24 20:30,VltClsSE,2800.31,1,2800.31,-11.41,-0.41,3.18,0.11,-11.41,-0.41,448.98,0.04
506,多头出场,2025-11-24 21:45,VltClsSE,2816.45,1,2811.72,4.73,0.17,18.34,0.65,-1.05,-0.04,453.71,0.05
506,多头进场,2025-11-24 21:00,VltClsLE,2811.72,1,2811.72,4.73,0.17,18.34,0.65,-1.05,-0.04,453.71,0.05
507,空头出场,2025-11-24 22:30,VltClsLE,2808.11,1,2816.45,8.34,0.30,19.08,0.68,0,0.00,462.05,0.05
507,空头进场,2025-11-24 21:45,VltClsSE,2816.45,1,2816.45,8.34,0.30,19.08,0.68,0,0.00,462.05,0.05
508,多头出场,2025-11-24 22:45,VltClsSE,2787.75,1,2808.11,-20.36,-0.73,40.52,1.44,-20.36,-0.73,441.69,0.04
508,多头进场,2025-11-24 22:30,VltClsLE,2808.11,1,2808.11,-20.36,-0.73,40.52,1.44,-20.36,-0.73,441.69,0.04
509,空头出场,2025-11-24 23:30,VltClsLE,2845.66,1,2787.75,-57.91,-2.08,2.71,0.10,-57.91,-2.08,383.78,0.04
509,空头进场,2025-11-24 22:45,VltClsSE,2787.75,1,2787.75,-57.91,-2.08,2.71,0.10,-57.91,-2.08,383.78,0.04
510,多头出场,2025-11-25 03:30,VltClsSE,2959.73,1,2845.66,114.07,4.01,133.97,4.71,-7.95,-0.28,497.85,0.05
510,多头进场,2025-11-24 23:30,VltClsLE,2845.66,1,2845.66,114.07,4.01,133.97,4.71,-7.95,-0.28,497.85,0.05
511,空头出场,2025-11-25 04:00,VltClsLE,2972.46,1,2959.73,-12.73,-0.43,7.22,0.24,-12.73,-0.43,485.12,0.05
511,空头进场,2025-11-25 03:30,VltClsSE,2959.73,1,2959.73,-12.73,-0.43,7.22,0.24,-12.73,-0.43,485.12,0.05
512,多头出场,2025-11-25 05:30,VltClsSE,2957.44,1,2972.46,-15.02,-0.51,14.54,0.49,-15.02,-0.51,470.1,0.05
512,多头进场,2025-11-25 04:00,VltClsLE,2972.46,1,2972.46,-15.02,-0.51,14.54,0.49,-15.02,-0.51,470.1,0.05
513,空头出场,2025-11-25 06:00,VltClsLE,2969.06,1,2957.44,-11.62,-0.39,9.67,0.33,-11.62,-0.39,458.48,0.05
513,空头进场,2025-11-25 05:30,VltClsSE,2957.44,1,2957.44,-11.62,-0.39,9.67,0.33,-11.62,-0.39,458.48,0.05
514,多头出场,2025-11-25 06:15,VltClsSE,2958.12,1,2969.06,-10.94,-0.37,10.98,0.37,-10.94,-0.37,447.54,0.04
514,多头进场,2025-11-25 06:00,VltClsLE,2969.06,1,2969.06,-10.94,-0.37,10.98,0.37,-10.94,-0.37,447.54,0.04
515,空头出场,2025-11-25 08:30,VltClsLE,2942.04,1,2958.12,16.08,0.54,26.28,0.89,-10.64,-0.36,463.62,0.05
515,空头进场,2025-11-25 06:15,VltClsSE,2958.12,1,2958.12,16.08,0.54,26.28,0.89,-10.64,-0.36,463.62,0.05
516,多头出场,2025-11-25 09:45,VltClsSE,2927.55,1,2942.04,-14.49,-0.49,8.77,0.30,-14.49,-0.49,449.13,0.04
516,多头进场,2025-11-25 08:30,VltClsLE,2942.04,1,2942.04,-14.49,-0.49,8.77,0.30,-14.49,-0.49,449.13,0.04
517,空头出场,2025-11-25 10:30,VltClsLE,2924.86,1,2927.55,2.69,0.09,18.85,0.64,0,0.00,451.82,0.05
517,空头进场,2025-11-25 09:45,VltClsSE,2927.55,1,2927.55,2.69,0.09,18.85,0.64,0,0.00,451.82,0.05
518,多头出场,2025-11-25 11:30,VltClsSE,2917.56,1,2924.86,-7.3,-0.25,11.43,0.39,-7.3,-0.25,444.52,0.04
518,多头进场,2025-11-25 10:30,VltClsLE,2924.86,1,2924.86,-7.3,-0.25,11.43,0.39,-7.3,-0.25,444.52,0.04
519,空头出场,2025-11-25 12:00,VltClsLE,2921.39,1,2917.56,-3.83,-0.13,13.17,0.45,-3.83,-0.13,440.69,0.04
519,空头进场,2025-11-25 11:30,VltClsSE,2917.56,1,2917.56,-3.83,-0.13,13.17,0.45,-3.83,-0.13,440.69,0.04
520,多头出场,2025-11-25 13:00,VltClsSE,2928.56,1,2921.39,7.17,0.25,21.64,0.74,-2.4,-0.08,447.86,0.04
520,多头进场,2025-11-25 12:00,VltClsLE,2921.39,1,2921.39,7.17,0.25,21.64,0.74,-2.4,-0.08,447.86,0.04
521,空头出场,2025-11-25 13:30,VltClsLE,2930.55,1,2928.56,-1.99,-0.07,10.09,0.34,-3.2,-0.11,445.87,0.04
521,空头进场,2025-11-25 13:00,VltClsSE,2928.56,1,2928.56,-1.99,-0.07,10.09,0.34,-3.2,-0.11,445.87,0.04
522,多头出场,2025-11-25 14:00,VltClsSE,2920.26,1,2930.55,-10.29,-0.35,6.34,0.22,-10.29,-0.35,435.58,0.04
522,多头进场,2025-11-25 13:30,VltClsLE,2930.55,1,2930.55,-10.29,-0.35,6.34,0.22,-10.29,-0.35,435.58,0.04
523,空头出场,2025-11-25 14:45,VltClsLE,2924,1,2920.26,-3.74,-0.13,7.94,0.27,-4.74,-0.16,431.84,0.04
523,空头进场,2025-11-25 14:00,VltClsSE,2920.26,1,2920.26,-3.74,-0.13,7.94,0.27,-4.74,-0.16,431.84,0.04
524,多头出场,2025-11-25 15:15,VltClsSE,2914.51,1,2924,-9.49,-0.32,2.99,0.10,-9.49,-0.32,422.35,0.04
524,多头进场,2025-11-25 14:45,VltClsLE,2924,1,2924,-9.49,-0.32,2.99,0.10,-9.49,-0.32,422.35,0.04
525,空头出场,2025-11-25 16:15,VltClsLE,2905.87,1,2914.51,8.64,0.30,16.71,0.57,-6.9,-0.24,430.99,0.04
525,空头进场,2025-11-25 15:15,VltClsSE,2914.51,1,2914.51,8.64,0.30,16.71,0.57,-6.9,-0.24,430.99,0.04
526,多头出场,2025-11-25 16:30,VltClsSE,2897.26,1,2905.87,-8.61,-0.30,3.31,0.11,-8.61,-0.30,422.38,0.04
526,多头进场,2025-11-25 16:15,VltClsLE,2905.87,1,2905.87,-8.61,-0.30,3.31,0.11,-8.61,-0.30,422.38,0.04
527,空头出场,2025-11-25 17:30,VltClsLE,2881.67,1,2897.26,15.59,0.54,32.17,1.11,-2.74,-0.09,437.97,0.04
527,空头进场,2025-11-25 16:30,VltClsSE,2897.26,1,2897.26,15.59,0.54,32.17,1.11,-2.74,-0.09,437.97,0.04
528,多头出场,2025-11-25 19:00,VltClsSE,2891.19,1,2881.67,9.52,0.33,18.32,0.64,-1.68,-0.06,447.49,0.04
528,多头进场,2025-11-25 17:30,VltClsLE,2881.67,1,2881.67,9.52,0.33,18.32,0.64,-1.68,-0.06,447.49,0.04
529,空头出场,2025-11-25 20:00,VltClsLE,2897.43,1,2891.19,-6.24,-0.22,2.88,0.10,-8.2,-0.28,441.25,0.04
529,空头进场,2025-11-25 19:00,VltClsSE,2891.19,1,2891.19,-6.24,-0.22,2.88,0.10,-8.2,-0.28,441.25,0.04
530,多头出场,2025-11-25 20:15,VltClsSE,2911.42,1,2897.43,13.99,0.48,32.93,1.14,0,0.00,455.24,0.05
530,多头进场,2025-11-25 20:00,VltClsLE,2897.43,1,2897.43,13.99,0.48,32.93,1.14,0,0.00,455.24,0.05
531,空头出场,2025-11-25 20:30,VltClsLE,2932.83,1,2911.42,-21.41,-0.74,0.23,0.01,-21.41,-0.74,433.83,0.04
531,空头进场,2025-11-25 20:15,VltClsSE,2911.42,1,2911.42,-21.41,-0.74,0.23,0.01,-21.41,-0.74,433.83,0.04
532,多头出场,2025-11-25 21:30,VltClsSE,2917.82,1,2932.83,-15.01,-0.51,1.17,0.04,-15.01,-0.51,418.82,0.04
532,多头进场,2025-11-25 20:30,VltClsLE,2932.83,1,2932.83,-15.01,-0.51,1.17,0.04,-15.01,-0.51,418.82,0.04
533,空头出场,2025-11-25 22:00,VltClsLE,2918.81,1,2917.82,-0.99,-0.03,18.98,0.65,-0.99,-0.03,417.83,0.04
533,空头进场,2025-11-25 21:30,VltClsSE,2917.82,1,2917.82,-0.99,-0.03,18.98,0.65,-0.99,-0.03,417.83,0.04
534,多头出场,2025-11-25 22:30,VltClsSE,2901.09,1,2918.81,-17.72,-0.61,3.54,0.12,-17.72,-0.61,400.11,0.04
534,多头进场,2025-11-25 22:00,VltClsLE,2918.81,1,2918.81,-17.72,-0.61,3.54,0.12,-17.72,-0.61,400.11,0.04
535,空头出场,2025-11-25 23:00,VltClsLE,2897.3,1,2901.09,3.79,0.13,43.51,1.50,0,0.00,403.9,0.04
535,空头进场,2025-11-25 22:30,VltClsSE,2901.09,1,2901.09,3.79,0.13,43.51,1.50,0,0.00,403.9,0.04
536,多头出场,2025-11-26 01:15,VltClsSE,2930.53,1,2897.3,33.23,1.15,55,1.90,-39.98,-1.38,437.13,0.04
536,多头进场,2025-11-25 23:00,VltClsLE,2897.3,1,2897.3,33.23,1.15,55,1.90,-39.98,-1.38,437.13,0.04
537,空头出场,2025-11-26 01:30,VltClsLE,2950.06,1,2930.53,-19.53,-0.67,2.08,0.07,-19.53,-0.67,417.6,0.04
537,空头进场,2025-11-26 01:15,VltClsSE,2930.53,1,2930.53,-19.53,-0.67,2.08,0.07,-19.53,-0.67,417.6,0.04
538,多头出场,2025-11-26 02:30,VltClsSE,2937.03,1,2950.06,-13.03,-0.44,8.47,0.29,-14.8,-0.50,404.57,0.04
538,多头进场,2025-11-26 01:30,VltClsLE,2950.06,1,2950.06,-13.03,-0.44,8.47,0.29,-14.8,-0.50,404.57,0.04
539,空头出场,2025-11-26 03:30,VltClsLE,2903.06,1,2937.03,33.97,1.16,64.94,2.21,-6.47,-0.22,438.54,0.04
539,空头进场,2025-11-26 02:30,VltClsSE,2937.03,1,2937.03,33.97,1.16,64.94,2.21,-6.47,-0.22,438.54,0.04
540,多头出场,2025-11-26 05:45,VltClsSE,2930.88,1,2903.06,27.82,0.96,42.6,1.47,-0.87,-0.03,466.36,0.05
540,多头进场,2025-11-26 03:30,VltClsLE,2903.06,1,2903.06,27.82,0.96,42.6,1.47,-0.87,-0.03,466.36,0.05
541,空头出场,2025-11-26 06:15,VltClsLE,2922.55,1,2930.88,8.33,0.28,23.46,0.80,-0.43,-0.01,474.69,0.05
541,空头进场,2025-11-26 05:45,VltClsSE,2930.88,1,2930.88,8.33,0.28,23.46,0.80,-0.43,-0.01,474.69,0.05
542,多头出场,2025-11-26 08:30,VltClsSE,2951.51,1,2922.55,28.96,0.99,58.27,1.99,0,0.00,503.65,0.05
542,多头进场,2025-11-26 06:15,VltClsLE,2922.55,1,2922.55,28.96,0.99,58.27,1.99,0,0.00,503.65,0.05
543,空头出场,2025-11-26 09:15,VltClsLE,2961.35,1,2951.51,-9.84,-0.33,5.91,0.20,-9.84,-0.33,493.81,0.05
543,空头进场,2025-11-26 08:30,VltClsSE,2951.51,1,2951.51,-9.84,-0.33,5.91,0.20,-9.84,-0.33,493.81,0.05
544,多头出场,2025-11-26 09:45,VltClsSE,2967.04,1,2961.35,5.69,0.19,22.65,0.76,-3.37,-0.11,499.5,0.05
544,多头进场,2025-11-26 09:15,VltClsLE,2961.35,1,2961.35,5.69,0.19,22.65,0.76,-3.37,-0.11,499.5,0.05
545,空头出场,2025-11-26 11:15,VltClsLE,2963.32,1,2967.04,3.72,0.13,14.4,0.49,-9.46,-0.32,503.22,0.05
545,空头进场,2025-11-26 09:45,VltClsSE,2967.04,1,2967.04,3.72,0.13,14.4,0.49,-9.46,-0.32,503.22,0.05
546,多头出场,2025-11-26 11:30,VltClsSE,2952.27,1,2963.32,-11.05,-0.37,1.51,0.05,-11.05,-0.37,492.17,0.05
546,多头进场,2025-11-26 11:15,VltClsLE,2963.32,1,2963.32,-11.05,-0.37,1.51,0.05,-11.05,-0.37,492.17,0.05
547,空头出场,2025-11-26 12:15,VltClsLE,2933.87,1,2952.27,18.4,0.62,31.16,1.06,0,0.00,510.57,0.05
547,空头进场,2025-11-26 11:30,VltClsSE,2952.27,1,2952.27,18.4,0.62,31.16,1.06,0,0.00,510.57,0.05
548,多头出场,2025-11-26 14:15,VltClsSE,2941.97,1,2933.87,8.1,0.28,20.8,0.71,-3.6,-0.12,518.67,0.05
548,多头进场,2025-11-26 12:15,VltClsLE,2933.87,1,2933.87,8.1,0.28,20.8,0.71,-3.6,-0.12,518.67,0.05
549,空头出场,2025-11-26 18:00,VltClsLE,2913.89,1,2941.97,28.08,0.95,39.85,1.35,-7.63,-0.26,546.75,0.05
549,空头进场,2025-11-26 14:15,VltClsSE,2941.97,1,2941.97,28.08,0.95,39.85,1.35,-7.63,-0.26,546.75,0.05
550,多头出场,2025-11-26 18:15,VltClsSE,2906.04,1,2913.89,-7.85,-0.27,3.99,0.14,-7.85,-0.27,538.9,0.05
550,多头进场,2025-11-26 18:00,VltClsLE,2913.89,1,2913.89,-7.85,-0.27,3.99,0.14,-7.85,-0.27,538.9,0.05
551,空头出场,2025-11-26 20:15,VltClsLE,2901.27,1,2906.04,4.77,0.16,17.35,0.60,-11.95,-0.41,543.67,0.05
551,空头进场,2025-11-26 18:15,VltClsSE,2906.04,1,2906.04,4.77,0.16,17.35,0.60,-11.95,-0.41,543.67,0.05
552,多头出场,2025-11-26 22:00,VltClsSE,2924.81,1,2901.27,23.54,0.81,36.42,1.26,-3.76,-0.13,567.21,0.06
552,多头进场,2025-11-26 20:15,VltClsLE,2901.27,1,2901.27,23.54,0.81,36.42,1.26,-3.76,-0.13,567.21,0.06
553,空头出场,2025-11-26 22:30,VltClsLE,2946.87,1,2924.81,-22.06,-0.75,4.08,0.14,-22.06,-0.75,545.15,0.05
553,空头进场,2025-11-26 22:00,VltClsSE,2924.81,1,2924.81,-22.06,-0.75,4.08,0.14,-22.06,-0.75,545.15,0.05
554,多头出场,2025-11-26 22:45,VltClsSE,2918.99,1,2946.87,-27.88,-0.95,0.53,0.02,-27.88,-0.95,517.27,0.05
554,多头进场,2025-11-26 22:30,VltClsLE,2946.87,1,2946.87,-27.88,-0.95,0.53,0.02,-27.88,-0.95,517.27,0.05
555,空头出场,2025-11-26 23:00,VltClsLE,2927.46,1,2918.99,-8.47,-0.29,13.82,0.47,-8.47,-0.29,508.8,0.05
555,空头进场,2025-11-26 22:45,VltClsSE,2918.99,1,2918.99,-8.47,-0.29,13.82,0.47,-8.47,-0.29,508.8,0.05
556,多头出场,2025-11-27 00:45,VltClsSE,2935.83,1,2927.46,8.37,0.29,32.04,1.09,-17.87,-0.61,517.17,0.05
556,多头进场,2025-11-26 23:00,VltClsLE,2927.46,1,2927.46,8.37,0.29,32.04,1.09,-17.87,-0.61,517.17,0.05
557,空头出场,2025-11-27 01:15,VltClsLE,2956.32,1,2935.83,-20.49,-0.70,0.53,0.02,-20.49,-0.70,496.68,0.05
557,空头进场,2025-11-27 00:45,VltClsSE,2935.83,1,2935.83,-20.49,-0.70,0.53,0.02,-20.49,-0.70,496.68,0.05
558,多头出场,2025-11-27 02:30,VltClsSE,3017.14,1,2956.32,60.82,2.06,88.68,3.00,0,0.00,557.5,0.06
558,多头进场,2025-11-27 01:15,VltClsLE,2956.32,1,2956.32,60.82,2.06,88.68,3.00,0,0.00,557.5,0.06
559,空头出场,2025-11-27 04:45,VltClsLE,3021.52,1,3017.14,-4.38,-0.15,8.61,0.29,-21.27,-0.70,553.12,0.06
559,空头进场,2025-11-27 02:30,VltClsSE,3017.14,1,3017.14,-4.38,-0.15,8.61,0.29,-21.27,-0.70,553.12,0.06
560,多头出场,2025-11-27 07:15,VltClsSE,3018.72,1,3021.52,-2.8,-0.09,14.39,0.48,-5.62,-0.19,550.32,0.06
560,多头进场,2025-11-27 04:45,VltClsLE,3021.52,1,3021.52,-2.8,-0.09,14.39,0.48,-5.62,-0.19,550.32,0.06
561,空头出场,2025-11-27 07:45,VltClsLE,3028.06,1,3018.72,-9.34,-0.31,1.46,0.05,-9.34,-0.31,540.98,0.05
561,空头进场,2025-11-27 07:15,VltClsSE,3018.72,1,3018.72,-9.34,-0.31,1.46,0.05,-9.34,-0.31,540.98,0.05
562,多头出场,2025-11-27 08:00,VltClsSE,3020.26,1,3028.06,-7.8,-0.26,1.79,0.06,-7.8,-0.26,533.18,0.05
562,多头进场,2025-11-27 07:45,VltClsLE,3028.06,1,3028.06,-7.8,-0.26,1.79,0.06,-7.8,-0.26,533.18,0.05
563,空头出场,2025-11-27 08:45,VltClsLE,3031.73,1,3020.26,-11.47,-0.38,15.65,0.52,-11.47,-0.38,521.71,0.05
563,空头进场,2025-11-27 08:00,VltClsSE,3020.26,1,3020.26,-11.47,-0.38,15.65,0.52,-11.47,-0.38,521.71,0.05
564,多头出场,2025-11-27 10:45,VltClsSE,3055.04,1,3031.73,23.31,0.77,39.64,1.31,-3.67,-0.12,545.02,0.05
564,多头进场,2025-11-27 08:45,VltClsLE,3031.73,1,3031.73,23.31,0.77,39.64,1.31,-3.67,-0.12,545.02,0.05
565,空头出场,2025-11-27 12:00,VltClsLE,3045.19,1,3055.04,9.85,0.32,24.94,0.82,0,0.00,554.87,0.06
565,空头进场,2025-11-27 10:45,VltClsSE,3055.04,1,3055.04,9.85,0.32,24.94,0.82,0,0.00,554.87,0.06
566,多头出场,2025-11-27 12:15,VltClsSE,3039.02,1,3045.19,-6.17,-0.20,8.79,0.29,-6.17,-0.20,548.7,0.05
566,多头进场,2025-11-27 12:00,VltClsLE,3045.19,1,3045.19,-6.17,-0.20,8.79,0.29,-6.17,-0.20,548.7,0.05
567,空头出场,2025-11-27 15:15,VltClsLE,3035.63,1,3039.02,3.39,0.11,21.57,0.71,-6.84,-0.23,552.09,0.06
567,空头进场,2025-11-27 12:15,VltClsSE,3039.02,1,3039.02,3.39,0.11,21.57,0.71,-6.84,-0.23,552.09,0.06
568,多头出场,2025-11-27 15:30,VltClsSE,3028.62,1,3035.63,-7.01,-0.23,0.71,0.02,-7.01,-0.23,545.08,0.05
568,多头进场,2025-11-27 15:15,VltClsLE,3035.63,1,3035.63,-7.01,-0.23,0.71,0.02,-7.01,-0.23,545.08,0.05
569,空头出场,2025-11-27 15:45,VltClsLE,3034.8,1,3028.62,-6.18,-0.20,0.92,0.03,-6.18,-0.20,538.9,0.05
569,空头进场,2025-11-27 15:30,VltClsSE,3028.62,1,3028.62,-6.18,-0.20,0.92,0.03,-6.18,-0.20,538.9,0.05
570,多头出场,2025-11-27 16:00,VltClsSE,3028.51,1,3034.8,-6.29,-0.21,0.76,0.03,-6.29,-0.21,532.61,0.05
570,多头进场,2025-11-27 15:45,VltClsLE,3034.8,1,3034.8,-6.29,-0.21,0.76,0.03,-6.29,-0.21,532.61,0.05
571,空头出场,2025-11-27 17:15,VltClsLE,3032.91,1,3028.51,-4.4,-0.15,10.73,0.35,-4.4,-0.15,528.21,0.05
571,空头进场,2025-11-27 16:00,VltClsSE,3028.51,1,3028.51,-4.4,-0.15,10.73,0.35,-4.4,-0.15,528.21,0.05
572,多头出场,2025-11-27 17:45,VltClsSE,3028.7,1,3032.91,-4.21,-0.14,11.82,0.39,-4.21,-0.14,524,0.05
572,多头进场,2025-11-27 17:15,VltClsLE,3032.91,1,3032.91,-4.21,-0.14,11.82,0.39,-4.21,-0.14,524,0.05
573,空头出场,2025-11-27 21:00,VltClsLE,3000.05,1,3028.7,28.65,0.95,40.04,1.32,-7.47,-0.25,552.65,0.06
573,空头进场,2025-11-27 17:45,VltClsSE,3028.7,1,3028.7,28.65,0.95,40.04,1.32,-7.47,-0.25,552.65,0.06
574,多头出场,2025-11-27 22:15,VltClsSE,2987.88,1,3000.05,-12.17,-0.41,1.96,0.07,-12.17,-0.41,540.48,0.05
574,多头进场,2025-11-27 21:00,VltClsLE,3000.05,1,3000.05,-12.17,-0.41,1.96,0.07,-12.17,-0.41,540.48,0.05
575,空头出场,2025-11-27 23:00,VltClsLE,3003.59,1,2987.88,-15.71,-0.53,2.1,0.07,-15.71,-0.53,524.77,0.05
575,空头进场,2025-11-27 22:15,VltClsSE,2987.88,1,2987.88,-15.71,-0.53,2.1,0.07,-15.71,-0.53,524.77,0.05
576,多头出场,2025-11-28 03:00,VltClsSE,3030.93,1,3003.59,27.34,0.91,36.4,1.21,-10.94,-0.36,552.11,0.06
576,多头进场,2025-11-27 23:00,VltClsLE,3003.59,1,3003.59,27.34,0.91,36.4,1.21,-10.94,-0.36,552.11,0.06
577,空头出场,2025-11-28 04:00,VltClsLE,3037.9,1,3030.93,-6.97,-0.23,3.69,0.12,-6.97,-0.23,545.14,0.05
577,空头进场,2025-11-28 03:00,VltClsSE,3030.93,1,3030.93,-6.97,-0.23,3.69,0.12,-6.97,-0.23,545.14,0.05
578,多头出场,2025-11-28 05:00,VltClsSE,3033.38,1,3037.9,-4.52,-0.15,6.54,0.22,-4.52,-0.15,540.62,0.05
578,多头进场,2025-11-28 04:00,VltClsLE,3037.9,1,3037.9,-4.52,-0.15,6.54,0.22,-4.52,-0.15,540.62,0.05
579,空头出场,2025-11-28 05:15,VltClsLE,3043.6,1,3033.38,-10.22,-0.34,3.29,0.11,-10.22,-0.34,530.4,0.05
579,空头进场,2025-11-28 05:00,VltClsSE,3033.38,1,3033.38,-10.22,-0.34,3.29,0.11,-10.22,-0.34,530.4,0.05
580,多头出场,2025-11-28 05:45,VltClsSE,3032.45,1,3043.6,-11.15,-0.37,0.37,0.01,-11.15,-0.37,519.25,0.05
580,多头进场,2025-11-28 05:15,VltClsLE,3043.6,1,3043.6,-11.15,-0.37,0.37,0.01,-11.15,-0.37,519.25,0.05
581,空头出场,2025-11-28 07:00,VltClsLE,3019.74,1,3032.45,12.71,0.42,28.57,0.94,-2.05,-0.07,531.96,0.05
581,空头进场,2025-11-28 05:45,VltClsSE,3032.45,1,3032.45,12.71,0.42,28.57,0.94,-2.05,-0.07,531.96,0.05
582,多头出场,2025-11-28 07:15,VltClsSE,3011.09,1,3019.74,-8.65,-0.29,3.56,0.12,-8.65,-0.29,523.31,0.05
582,多头进场,2025-11-28 07:00,VltClsLE,3019.74,1,3019.74,-8.65,-0.29,3.56,0.12,-8.65,-0.29,523.31,0.05
583,空头出场,2025-11-28 08:30,VltClsLE,3022.32,1,3011.09,-11.23,-0.37,3.38,0.11,-11.23,-0.37,512.08,0.05
583,空头进场,2025-11-28 07:15,VltClsSE,3011.09,1,3011.09,-11.23,-0.37,3.38,0.11,-11.23,-0.37,512.08,0.05
584,多头出场,2025-11-28 09:00,VltClsSE,3009.31,1,3022.32,-13.01,-0.43,1.65,0.05,-13.01,-0.43,499.07,0.05
584,多头进场,2025-11-28 08:30,VltClsLE,3022.32,1,3022.32,-13.01,-0.43,1.65,0.05,-13.01,-0.43,499.07,0.05
585,空头出场,2025-11-28 10:45,VltClsLE,3012.07,1,3009.31,-2.76,-0.09,14.95,0.50,-2.76,-0.09,496.31,0.05
585,空头进场,2025-11-28 09:00,VltClsSE,3009.31,1,3009.31,-2.76,-0.09,14.95,0.50,-2.76,-0.09,496.31,0.05
586,多头出场,2025-11-28 11:00,VltClsSE,3005.52,1,3012.07,-6.55,-0.22,3.23,0.11,-6.55,-0.22,489.76,0.05
586,多头进场,2025-11-28 10:45,VltClsLE,3012.07,1,3012.07,-6.55,-0.22,3.23,0.11,-6.55,-0.22,489.76,0.05
587,空头出场,2025-11-28 12:00,VltClsLE,3014.83,1,3005.52,-9.31,-0.31,3.2,0.11,-9.31,-0.31,480.45,0.05
587,空头进场,2025-11-28 11:00,VltClsSE,3005.52,1,3005.52,-9.31,-0.31,3.2,0.11,-9.31,-0.31,480.45,0.05
588,多头出场,2025-11-28 13:15,VltClsSE,3021.92,1,3014.83,7.09,0.24,14.11,0.47,-1.83,-0.06,487.54,0.05
588,多头进场,2025-11-28 12:00,VltClsLE,3014.83,1,3014.83,7.09,0.24,14.11,0.47,-1.83,-0.06,487.54,0.05
589,空头出场,2025-11-28 15:00,VltClsLE,3015.89,1,3021.92,6.03,0.20,18.57,0.61,-6.55,-0.22,493.57,0.05
589,空头进场,2025-11-28 13:15,VltClsSE,3021.92,1,3021.92,6.03,0.20,18.57,0.61,-6.55,-0.22,493.57,0.05
590,多头出场,2025-11-28 15:30,VltClsSE,3014.87,1,3015.89,-1.02,-0.03,7.24,0.24,-2.46,-0.08,492.55,0.05
590,多头进场,2025-11-28 15:00,VltClsLE,3015.89,1,3015.89,-1.02,-0.03,7.24,0.24,-2.46,-0.08,492.55,0.05
591,空头出场,2025-11-28 16:00,VltClsLE,3009.4,1,3014.87,5.47,0.18,14.17,0.47,0,0.00,498.02,0.05
591,空头进场,2025-11-28 15:30,VltClsSE,3014.87,1,3014.87,5.47,0.18,14.17,0.47,0,0.00,498.02,0.05
592,多头出场,2025-11-28 19:00,VltClsSE,3054.61,1,3009.4,45.21,1.50,68.37,2.27,0,0.00,543.23,0.05
592,多头进场,2025-11-28 16:00,VltClsLE,3009.4,1,3009.4,45.21,1.50,68.37,2.27,0,0.00,543.23,0.05
593,空头出场,2025-11-28 20:00,VltClsLE,3045.09,1,3054.61,9.52,0.31,36.47,1.19,0,0.00,552.75,0.06
593,空头进场,2025-11-28 19:00,VltClsSE,3054.61,1,3054.61,9.52,0.31,36.47,1.19,0,0.00,552.75,0.06
594,多头出场,2025-11-28 21:00,VltClsSE,3029.92,1,3045.09,-15.17,-0.50,1.31,0.04,-15.17,-0.50,537.58,0.05
594,多头进场,2025-11-28 20:00,VltClsLE,3045.09,1,3045.09,-15.17,-0.50,1.31,0.04,-15.17,-0.50,537.58,0.05
595,空头出场,2025-11-28 21:30,VltClsLE,3041.41,1,3029.92,-11.49,-0.38,3.6,0.12,-11.49,-0.38,526.09,0.05
595,空头进场,2025-11-28 21:00,VltClsSE,3029.92,1,3029.92,-11.49,-0.38,3.6,0.12,-11.49,-0.38,526.09,0.05
596,多头出场,2025-11-28 22:30,VltClsSE,3076.29,1,3041.41,34.88,1.15,57.59,1.89,0,0.00,560.97,0.06
596,多头进场,2025-11-28 21:30,VltClsLE,3041.41,1,3041.41,34.88,1.15,57.59,1.89,0,0.00,560.97,0.06
597,空头出场,2025-11-28 23:15,VltClsLE,3085.29,1,3076.29,-9,-0.29,24.27,0.79,-9,-0.29,551.97,0.06
597,空头进场,2025-11-28 22:30,VltClsSE,3076.29,1,3076.29,-9,-0.29,24.27,0.79,-9,-0.29,551.97,0.06
598,多头出场,2025-11-29 00:00,VltClsSE,3059.33,1,3085.29,-25.96,-0.84,6.71,0.22,-25.96,-0.84,526.01,0.05
598,多头进场,2025-11-28 23:15,VltClsLE,3085.29,1,3085.29,-25.96,-0.84,6.71,0.22,-25.96,-0.84,526.01,0.05
599,空头出场,2025-11-29 01:45,VltClsLE,3033.22,1,3059.33,26.11,0.85,48.11,1.57,-1.67,-0.05,552.12,0.06
599,空头进场,2025-11-29 00:00,VltClsSE,3059.33,1,3059.33,26.11,0.85,48.11,1.57,-1.67,-0.05,552.12,0.06
600,多头出场,2025-11-29 02:15,VltClsSE,3034.1,1,3033.22,0.88,0.03,15.79,0.52,-8.81,-0.29,553,0.06
600,多头进场,2025-11-29 01:45,VltClsLE,3033.22,1,3033.22,0.88,0.03,15.79,0.52,-8.81,-0.29,553,0.06
601,空头出场,2025-11-29 03:15,VltClsLE,3053.32,1,3034.1,-19.22,-0.63,3.38,0.11,-19.22,-0.63,533.78,0.05
601,空头进场,2025-11-29 02:15,VltClsSE,3034.1,1,3034.1,-19.22,-0.63,3.38,0.11,-19.22,-0.63,533.78,0.05
602,多头出场,2025-11-29 04:00,VltClsSE,3042.18,1,3053.32,-11.14,-0.36,6.68,0.22,-11.14,-0.36,522.64,0.05
602,多头进场,2025-11-29 03:15,VltClsLE,3053.32,1,3053.32,-11.14,-0.36,6.68,0.22,-11.14,-0.36,522.64,0.05
603,空头出场,2025-11-29 04:15,VltClsLE,3051.97,1,3042.18,-9.79,-0.32,6.13,0.20,-9.79,-0.32,512.85,0.05
603,空头进场,2025-11-29 04:00,VltClsSE,3042.18,1,3042.18,-9.79,-0.32,6.13,0.20,-9.79,-0.32,512.85,0.05
604,多头出场,2025-11-29 05:15,VltClsSE,3045.4,1,3051.97,-6.57,-0.22,7.51,0.25,-6.57,-0.22,506.28,0.05
604,多头进场,2025-11-29 04:15,VltClsLE,3051.97,1,3051.97,-6.57,-0.22,7.51,0.25,-6.57,-0.22,506.28,0.05
605,空头出场,2025-11-29 08:00,VltClsLE,3035.98,1,3045.4,9.42,0.31,24.83,0.82,-7.79,-0.26,515.7,0.05
605,空头进场,2025-11-29 05:15,VltClsSE,3045.4,1,3045.4,9.42,0.31,24.83,0.82,-7.79,-0.26,515.7,0.05
606,多头出场,2025-11-29 08:30,VltClsSE,3031.96,1,3035.98,-4.02,-0.13,2.3,0.08,-6.04,-0.20,511.68,0.05
606,多头进场,2025-11-29 08:00,VltClsLE,3035.98,1,3035.98,-4.02,-0.13,2.3,0.08,-6.04,-0.20,511.68,0.05
607,空头出场,2025-11-29 09:00,VltClsLE,3041.01,1,3031.96,-9.05,-0.30,1.95,0.06,-9.05,-0.30,502.63,0.05
607,空头进场,2025-11-29 08:30,VltClsSE,3031.96,1,3031.96,-9.05,-0.30,1.95,0.06,-9.05,-0.30,502.63,0.05
608,多头出场,2025-11-29 09:15,VltClsSE,3041.65,1,3041.01,0.64,0.02,11.63,0.38,0,0.00,503.27,0.05
608,多头进场,2025-11-29 09:00,VltClsLE,3041.01,1,3041.01,0.64,0.02,11.63,0.38,0,0.00,503.27,0.05
609,空头出场,2025-11-29 12:15,VltClsLE,3025.45,1,3041.65,16.2,0.53,23.92,0.79,0,0.00,519.47,0.05
609,空头进场,2025-11-29 09:15,VltClsSE,3041.65,1,3041.65,16.2,0.53,23.92,0.79,0,0.00,519.47,0.05
610,多头出场,2025-11-29 14:15,VltClsSE,3032.19,1,3025.45,6.74,0.22,20.15,0.67,0,0.00,526.21,0.05
610,多头进场,2025-11-29 12:15,VltClsLE,3025.45,1,3025.45,6.74,0.22,20.15,0.67,0,0.00,526.21,0.05
611,空头出场,2025-11-29 18:15,VltClsLE,3005.74,1,3032.19,26.45,0.87,39.69,1.31,0,0.00,552.66,0.06
611,空头进场,2025-11-29 14:15,VltClsSE,3032.19,1,3032.19,26.45,0.87,39.69,1.31,0,0.00,552.66,0.06
612,多头出场,2025-11-29 20:00,VltClsSE,2995.09,1,3005.74,-10.65,-0.35,2.21,0.07,-19.65,-0.65,542.01,0.05
612,多头进场,2025-11-29 18:15,VltClsLE,3005.74,1,3005.74,-10.65,-0.35,2.21,0.07,-19.65,-0.65,542.01,0.05
613,空头出场,2025-11-29 21:15,VltClsLE,2998.43,1,2995.09,-3.34,-0.11,2.7,0.09,-5.27,-0.18,538.67,0.05
613,空头进场,2025-11-29 20:00,VltClsSE,2995.09,1,2995.09,-3.34,-0.11,2.7,0.09,-5.27,-0.18,538.67,0.05
614,多头出场,2025-11-29 22:00,VltClsSE,2994.72,1,2998.43,-3.71,-0.12,3.54,0.12,-3.71,-0.12,534.96,0.05
614,多头进场,2025-11-29 21:15,VltClsLE,2998.43,1,2998.43,-3.71,-0.12,3.54,0.12,-3.71,-0.12,534.96,0.05
615,空头出场,2025-11-29 22:45,VltClsLE,2995.76,1,2994.72,-1.04,-0.03,6.06,0.20,-2.03,-0.07,533.92,0.05
615,空头进场,2025-11-29 22:00,VltClsSE,2994.72,1,2994.72,-1.04,-0.03,6.06,0.20,-2.03,-0.07,533.92,0.05
616,多头出场,2025-11-30 01:00,VltClsSE,2996.86,1,2995.76,1.1,0.04,18.33,0.61,-9.36,-0.31,535.02,0.05
616,多头进场,2025-11-29 22:45,VltClsLE,2995.76,1,2995.76,1.1,0.04,18.33,0.61,-9.36,-0.31,535.02,0.05
617,空头出场,2025-11-30 02:30,VltClsLE,2986.01,1,2996.86,10.85,0.36,34.95,1.17,-2.05,-0.07,545.87,0.05
617,空头进场,2025-11-30 01:00,VltClsSE,2996.86,1,2996.86,10.85,0.36,34.95,1.17,-2.05,-0.07,545.87,0.05
618,多头出场,2025-11-30 05:00,VltClsSE,2991.93,1,2986.01,5.92,0.20,13.8,0.46,-2.91,-0.10,551.79,0.06
618,多头进场,2025-11-30 02:30,VltClsLE,2986.01,1,2986.01,5.92,0.20,13.8,0.46,-2.91,-0.10,551.79,0.06
619,空头出场,2025-11-30 06:30,VltClsLE,2990.22,1,2991.93,1.71,0.06,9.44,0.32,-3.95,-0.13,553.5,0.06
619,空头进场,2025-11-30 05:00,VltClsSE,2991.93,1,2991.93,1.71,0.06,9.44,0.32,-3.95,-0.13,553.5,0.06
620,多头出场,2025-11-30 10:30,VltClsSE,3001.15,1,2990.22,10.93,0.37,22.07,0.74,-4.48,-0.15,564.43,0.06
620,多头进场,2025-11-30 06:30,VltClsLE,2990.22,1,2990.22,10.93,0.37,22.07,0.74,-4.48,-0.15,564.43,0.06
621,空头出场,2025-11-30 11:30,VltClsLE,2994.32,1,3001.15,6.83,0.23,25.85,0.86,0,0.00,571.26,0.06
621,空头进场,2025-11-30 10:30,VltClsSE,3001.15,1,3001.15,6.83,0.23,25.85,0.86,0,0.00,571.26,0.06
622,多头出场,2025-11-30 13:00,VltClsSE,2995.2,1,2994.32,0.88,0.03,11.11,0.37,0,0.00,572.14,0.06
622,多头进场,2025-11-30 11:30,VltClsLE,2994.32,1,2994.32,0.88,0.03,11.11,0.37,0,0.00,572.14,0.06
623,空头出场,2025-11-30 13:15,VltClsLE,2998.47,1,2995.2,-3.27,-0.11,2.71,0.09,-3.27,-0.11,568.87,0.06
623,空头进场,2025-11-30 13:00,VltClsSE,2995.2,1,2995.2,-3.27,-0.11,2.71,0.09,-3.27,-0.11,568.87,0.06
624,多头出场,2025-11-30 19:15,VltClsSE,3005.37,1,2998.47,6.9,0.23,20.01,0.67,-12.78,-0.43,575.77,0.06
624,多头进场,2025-11-30 13:15,VltClsLE,2998.47,1,2998.47,6.9,0.23,20.01,0.67,-12.78,-0.43,575.77,0.06
625,空头出场,2025-11-30 20:00,VltClsLE,3008.3,1,3005.37,-2.93,-0.10,5.43,0.18,-2.93,-0.10,572.84,0.06
625,空头进场,2025-11-30 19:15,VltClsSE,3005.37,1,3005.37,-2.93,-0.10,5.43,0.18,-2.93,-0.10,572.84,0.06
626,多头出场,2025-11-30 22:15,VltClsSE,3037.09,1,3008.3,28.79,0.96,44.72,1.49,-0.95,-0.03,601.63,0.06
626,多头进场,2025-11-30 20:00,VltClsLE,3008.3,1,3008.3,28.79,0.96,44.72,1.49,-0.95,-0.03,601.63,0.06
627,空头出场,2025-11-30 22:45,VltClsLE,3036.56,1,3037.09,0.53,0.02,9.68,0.32,-2.91,-0.10,602.16,0.06
627,空头进场,2025-11-30 22:15,VltClsSE,3037.09,1,3037.09,0.53,0.02,9.68,0.32,-2.91,-0.10,602.16,0.06
628,多头出场,2025-11-30 23:00,VltClsSE,3030.18,1,3036.56,-6.38,-0.21,1.41,0.05,-6.38,-0.21,595.78,0.06
628,多头进场,2025-11-30 22:45,VltClsLE,3036.56,1,3036.56,-6.38,-0.21,1.41,0.05,-6.38,-0.21,595.78,0.06
629,空头出场,2025-12-01 00:15,VltClsLE,3042.57,1,3030.18,-12.39,-0.41,5.49,0.18,-12.39,-0.41,583.39,0.06
629,空头进场,2025-11-30 23:00,VltClsSE,3030.18,1,3030.18,-12.39,-0.41,5.49,0.18,-12.39,-0.41,583.39,0.06
630,多头出场,2025-12-01 01:00,VltClsSE,3037.96,1,3042.57,-4.61,-0.15,6.77,0.22,-4.61,-0.15,578.78,0.06
630,多头进场,2025-12-01 00:15,VltClsLE,3042.57,1,3042.57,-4.61,-0.15,6.77,0.22,-4.61,-0.15,578.78,0.06
631,空头出场,2025-12-01 01:30,VltClsLE,3041.75,1,3037.96,-3.79,-0.12,6.47,0.21,-3.79,-0.12,574.99,0.06
631,空头进场,2025-12-01 01:00,VltClsSE,3037.96,1,3037.96,-3.79,-0.12,6.47,0.21,-3.79,-0.12,574.99,0.06
632,多头出场,2025-12-01 02:00,VltClsSE,3034.88,1,3041.75,-6.87,-0.23,2.58,0.08,-6.87,-0.23,568.12,0.06
632,多头进场,2025-12-01 01:30,VltClsLE,3041.75,1,3041.75,-6.87,-0.23,2.58,0.08,-6.87,-0.23,568.12,0.06
633,空头出场,2025-12-01 02:45,VltClsLE,3036.8,1,3034.88,-1.92,-0.06,5.82,0.19,-3.22,-0.11,566.2,0.06
633,空头进场,2025-12-01 02:00,VltClsSE,3034.88,1,3034.88,-1.92,-0.06,5.82,0.19,-3.22,-0.11,566.2,0.06
634,多头出场,2025-12-01 03:00,VltClsSE,3031.56,1,3036.8,-5.24,-0.17,4.17,0.14,-5.24,-0.17,560.96,0.06
634,多头进场,2025-12-01 02:45,VltClsLE,3036.8,1,3036.8,-5.24,-0.17,4.17,0.14,-5.24,-0.17,560.96,0.06
635,空头出场,2025-12-01 04:00,VltClsLE,3039.97,1,3031.56,-8.41,-0.28,2.17,0.07,-8.41,-0.28,552.55,0.06
635,空头进场,2025-12-01 03:00,VltClsSE,3031.56,1,3031.56,-8.41,-0.28,2.17,0.07,-8.41,-0.28,552.55,0.06
636,多头出场,2025-12-01 04:15,VltClsSE,3035.4,1,3039.97,-4.57,-0.15,1.17,0.04,-4.57,-0.15,547.98,0.05
636,多头进场,2025-12-01 04:00,VltClsLE,3039.97,1,3039.97,-4.57,-0.15,1.17,0.04,-4.57,-0.15,547.98,0.05
637,空头出场,2025-12-01 06:00,VltClsLE,3028.6,1,3035.4,6.8,0.22,20.47,0.67,0,0.00,554.78,0.06
637,空头进场,2025-12-01 04:15,VltClsSE,3035.4,1,3035.4,6.8,0.22,20.47,0.67,0,0.00,554.78,0.06
638,多头出场,2025-12-01 06:30,VltClsSE,3022.28,1,3028.6,-6.32,-0.21,8.14,0.27,-6.32,-0.21,548.46,0.05
638,多头进场,2025-12-01 06:00,VltClsLE,3028.6,1,3028.6,-6.32,-0.21,8.14,0.27,-6.32,-0.21,548.46,0.05
639,空头出场,2025-12-01 06:45,VltClsLE,3032.61,1,3022.28,-10.33,-0.34,1.15,0.04,-10.33,-0.34,538.13,0.05
639,空头进场,2025-12-01 06:30,VltClsSE,3022.28,1,3022.28,-10.33,-0.34,1.15,0.04,-10.33,-0.34,538.13,0.05
640,多头出场,2025-12-01 07:00,VltClsSE,3026.38,1,3032.61,-6.23,-0.21,3.38,0.11,-6.23,-0.21,531.9,0.05
640,多头进场,2025-12-01 06:45,VltClsLE,3032.61,1,3032.61,-6.23,-0.21,3.38,0.11,-6.23,-0.21,531.9,0.05
641,空头出场,2025-12-01 10:00,VltClsLE,2866.28,1,3026.38,160.1,5.29,195.75,6.47,0,0.00,692,0.07
641,空头进场,2025-12-01 07:00,VltClsSE,3026.38,1,3026.38,160.1,5.29,195.75,6.47,0,0.00,692,0.07
642,多头出场,2025-12-01 10:30,VltClsSE,2841.17,1,2866.28,-25.11,-0.88,7.54,0.26,-25.11,-0.88,666.89,0.07
642,多头进场,2025-12-01 10:00,VltClsLE,2866.28,1,2866.28,-25.11,-0.88,7.54,0.26,-25.11,-0.88,666.89,0.07
643,空头出场,2025-12-01 13:45,VltClsLE,2824.14,1,2841.17,17.03,0.60,34.46,1.21,-11.35,-0.40,683.92,0.07
643,空头进场,2025-12-01 10:30,VltClsSE,2841.17,1,2841.17,17.03,0.60,34.46,1.21,-11.35,-0.40,683.92,0.07
644,多头出场,2025-12-01 16:45,VltClsSE,2835.15,1,2824.14,11.01,0.39,22.17,0.79,-4.12,-0.15,694.93,0.07
644,多头进场,2025-12-01 13:45,VltClsLE,2824.14,1,2824.14,11.01,0.39,22.17,0.79,-4.12,-0.15,694.93,0.07
645,空头出场,2025-12-01 17:00,VltClsLE,2847,1,2835.15,-11.85,-0.42,4.04,0.14,-11.85,-0.42,683.08,0.07
645,空头进场,2025-12-01 16:45,VltClsSE,2835.15,1,2835.15,-11.85,-0.42,4.04,0.14,-11.85,-0.42,683.08,0.07
646,多头出场,2025-12-01 19:00,VltClsSE,2839.97,1,2847,-7.03,-0.25,7.35,0.26,-18.38,-0.65,676.05,0.07
646,多头进场,2025-12-01 17:00,VltClsLE,2847,1,2847,-7.03,-0.25,7.35,0.26,-18.38,-0.65,676.05,0.07
647,空头出场,2025-12-01 19:15,VltClsLE,2842.64,1,2839.97,-2.67,-0.09,3.97,0.14,-2.67,-0.09,673.38,0.07
647,空头进场,2025-12-01 19:00,VltClsSE,2839.97,1,2839.97,-2.67,-0.09,3.97,0.14,-2.67,-0.09,673.38,0.07
648,多头出场,2025-12-01 19:30,VltClsSE,2840.17,1,2842.64,-2.47,-0.09,8.02,0.28,-2.47,-0.09,670.91,0.07
648,多头进场,2025-12-01 19:15,VltClsLE,2842.64,1,2842.64,-2.47,-0.09,8.02,0.28,-2.47,-0.09,670.91,0.07
649,空头出场,2025-12-01 20:45,VltClsLE,2827.22,1,2840.17,12.95,0.46,28.57,1.01,-3.02,-0.11,683.86,0.07
649,空头进场,2025-12-01 19:30,VltClsSE,2840.17,1,2840.17,12.95,0.46,28.57,1.01,-3.02,-0.11,683.86,0.07
650,多头出场,2025-12-01 21:30,VltClsSE,2810.49,1,2827.22,-16.73,-0.59,12.61,0.45,-32.63,-1.15,667.13,0.07
650,多头进场,2025-12-01 20:45,VltClsLE,2827.22,1,2827.22,-16.73,-0.59,12.61,0.45,-32.63,-1.15,667.13,0.07
651,空头出场,2025-12-01 22:30,VltClsLE,2829.56,1,2810.49,-19.07,-0.68,5.49,0.20,-19.07,-0.68,648.06,0.06
651,空头进场,2025-12-01 21:30,VltClsSE,2810.49,1,2810.49,-19.07,-0.68,5.49,0.20,-19.07,-0.68,648.06,0.06
652,多头出场,2025-12-01 23:00,VltClsSE,2805.91,1,2829.56,-23.65,-0.84,2.44,0.09,-23.68,-0.84,624.41,0.06
652,多头进场,2025-12-01 22:30,VltClsLE,2829.56,1,2829.56,-23.65,-0.84,2.44,0.09,-23.68,-0.84,624.41,0.06
653,空头出场,2025-12-01 23:45,VltClsLE,2750.52,1,2805.91,55.39,1.97,89.87,3.20,0,0.00,679.8,0.07
653,空头进场,2025-12-01 23:00,VltClsSE,2805.91,1,2805.91,55.39,1.97,89.87,3.20,0,0.00,679.8,0.07
654,多头出场,2025-12-02 02:30,VltClsSE,2739.32,1,2750.52,-11.2,-0.41,7.5,0.27,-30.79,-1.12,668.6,0.07
654,多头进场,2025-12-01 23:45,VltClsLE,2750.52,1,2750.52,-11.2,-0.41,7.5,0.27,-30.79,-1.12,668.6,0.07
655,空头出场,2025-12-02 02:45,VltClsLE,2740.6,1,2739.32,-1.28,-0.05,14.57,0.53,-1.28,-0.05,667.32,0.07
655,空头进场,2025-12-02 02:30,VltClsSE,2739.32,1,2739.32,-1.28,-0.05,14.57,0.53,-1.28,-0.05,667.32,0.07
656,多头出场,2025-12-02 08:15,VltClsSE,2784.54,1,2740.6,43.94,1.60,78.75,2.87,-10.01,-0.37,711.26,0.07
656,多头进场,2025-12-02 02:45,VltClsLE,2740.6,1,2740.6,43.94,1.60,78.75,2.87,-10.01,-0.37,711.26,0.07
657,空头出场,2025-12-02 08:30,VltClsLE,2800.37,1,2784.54,-15.83,-0.57,1.73,0.06,-15.83,-0.57,695.43,0.07
657,空头进场,2025-12-02 08:15,VltClsSE,2784.54,1,2784.54,-15.83,-0.57,1.73,0.06,-15.83,-0.57,695.43,0.07
658,多头出场,2025-12-02 10:45,VltClsSE,2804.04,1,2800.37,3.67,0.13,24.74,0.88,-15.3,-0.55,699.1,0.07
658,多头进场,2025-12-02 08:30,VltClsLE,2800.37,1,2800.37,3.67,0.13,24.74,0.88,-15.3,-0.55,699.1,0.07
659,空头出场,2025-12-02 11:30,VltClsLE,2799.86,1,2804.04,4.18,0.15,18.55,0.66,-0.06,0.00,703.28,0.07
659,空头进场,2025-12-02 10:45,VltClsSE,2804.04,1,2804.04,4.18,0.15,18.55,0.66,-0.06,0.00,703.28,0.07
660,多头出场,2025-12-02 13:00,VltClsSE,2800.07,1,2799.86,0.21,0.01,14.34,0.51,0,0.00,703.49,0.07
660,多头进场,2025-12-02 11:30,VltClsLE,2799.86,1,2799.86,0.21,0.01,14.34,0.51,0,0.00,703.49,0.07
661,空头出场,2025-12-02 13:45,VltClsLE,2805.06,1,2800.07,-4.99,-0.18,3.19,0.11,-7.25,-0.26,698.5,0.07
661,空头进场,2025-12-02 13:00,VltClsSE,2800.07,1,2800.07,-4.99,-0.18,3.19,0.11,-7.25,-0.26,698.5,0.07
662,多头出场,2025-12-02 14:00,VltClsSE,2798,1,2805.06,-7.06,-0.25,0.8,0.03,-7.06,-0.25,691.44,0.07
662,多头进场,2025-12-02 13:45,VltClsLE,2805.06,1,2805.06,-7.06,-0.25,0.8,0.03,-7.06,-0.25,691.44,0.07
663,空头出场,2025-12-02 14:30,VltClsLE,2807.63,1,2798,-9.63,-0.34,0.38,0.01,-9.63,-0.34,681.81,0.07
663,空头进场,2025-12-02 14:00,VltClsSE,2798,1,2798,-9.63,-0.34,0.38,0.01,-9.63,-0.34,681.81,0.07
664,多头出场,2025-12-02 15:00,VltClsSE,2807.39,1,2807.63,-0.24,-0.01,8.25,0.29,-0.24,-0.01,681.57,0.07
664,多头进场,2025-12-02 14:30,VltClsLE,2807.63,1,2807.63,-0.24,-0.01,8.25,0.29,-0.24,-0.01,681.57,0.07
665,空头出场,2025-12-02 16:30,VltClsLE,2793.77,1,2807.39,13.62,0.49,25.2,0.90,-2.49,-0.09,695.19,0.07
665,空头进场,2025-12-02 15:00,VltClsSE,2807.39,1,2807.39,13.62,0.49,25.2,0.90,-2.49,-0.09,695.19,0.07
666,多头出场,2025-12-02 17:30,VltClsSE,2797.22,1,2793.77,3.45,0.12,17.86,0.64,0,0.00,698.64,0.07
666,多头进场,2025-12-02 16:30,VltClsLE,2793.77,1,2793.77,3.45,0.12,17.86,0.64,0,0.00,698.64,0.07
667,空头出场,2025-12-02 18:00,VltClsLE,2805.65,1,2797.22,-8.43,-0.30,1.67,0.06,-8.43,-0.30,690.21,0.07
667,空头进场,2025-12-02 17:30,VltClsSE,2797.22,1,2797.22,-8.43,-0.30,1.67,0.06,-8.43,-0.30,690.21,0.07
668,多头出场,2025-12-02 20:30,VltClsSE,2817.19,1,2805.65,11.54,0.41,28.85,1.03,-1.16,-0.04,701.75,0.07
668,多头进场,2025-12-02 18:00,VltClsLE,2805.65,1,2805.65,11.54,0.41,28.85,1.03,-1.16,-0.04,701.75,0.07
669,空头出场,2025-12-02 20:45,VltClsLE,2827.32,1,2817.19,-10.13,-0.36,0.37,0.01,-10.13,-0.36,691.62,0.07
669,空头进场,2025-12-02 20:30,VltClsSE,2817.19,1,2817.19,-10.13,-0.36,0.37,0.01,-10.13,-0.36,691.62,0.07
670,多头出场,2025-12-03 02:45,VltClsSE,3008.13,1,2827.32,180.81,6.40,206.44,7.30,-5.12,-0.18,872.43,0.09
670,多头进场,2025-12-02 20:45,VltClsLE,2827.32,1,2827.32,180.81,6.40,206.44,7.30,-5.12,-0.18,872.43,0.09
671,空头出场,2025-12-03 03:00,VltClsLE,3023.17,1,3008.13,-15.04,-0.50,0.14,0.00,-15.04,-0.50,857.39,0.09
671,空头进场,2025-12-03 02:45,VltClsSE,3008.13,1,3008.13,-15.04,-0.50,0.14,0.00,-15.04,-0.50,857.39,0.09
672,多头出场,2025-12-03 03:45,VltClsSE,3014.25,1,3023.17,-8.92,-0.30,6.3,0.21,-8.92,-0.30,848.47,0.08
672,多头进场,2025-12-03 03:00,VltClsLE,3023.17,1,3023.17,-8.92,-0.30,6.3,0.21,-8.92,-0.30,848.47,0.08
673,空头出场,2025-12-03 06:00,VltClsLE,3004.29,1,3014.25,9.96,0.33,41.9,1.39,-2.7,-0.09,858.43,0.09
673,空头进场,2025-12-03 03:45,VltClsSE,3014.25,1,3014.25,9.96,0.33,41.9,1.39,-2.7,-0.09,858.43,0.09
674,多头出场,2025-12-03 07:30,VltClsSE,3001.48,1,3004.29,-2.81,-0.09,16.98,0.57,-2.81,-0.09,855.62,0.09
674,多头进场,2025-12-03 06:00,VltClsLE,3004.29,1,3004.29,-2.81,-0.09,16.98,0.57,-2.81,-0.09,855.62,0.09
675,空头出场,2025-12-03 08:00,VltClsLE,3002.91,1,3001.48,-1.43,-0.05,9.61,0.32,-1.43,-0.05,854.19,0.09
675,空头进场,2025-12-03 07:30,VltClsSE,3001.48,1,3001.48,-1.43,-0.05,9.61,0.32,-1.43,-0.05,854.19,0.09
676,多头出场,2025-12-03 08:15,VltClsSE,2991.1,1,3002.91,-11.81,-0.39,2.7,0.09,-11.81,-0.39,842.38,0.08
676,多头进场,2025-12-03 08:00,VltClsLE,3002.91,1,3002.91,-11.81,-0.39,2.7,0.09,-11.81,-0.39,842.38,0.08
677,空头出场,2025-12-03 08:30,VltClsLE,2999.52,1,2991.1,-8.42,-0.28,5.52,0.18,-8.42,-0.28,833.96,0.08
677,空头进场,2025-12-03 08:15,VltClsSE,2991.1,1,2991.1,-8.42,-0.28,5.52,0.18,-8.42,-0.28,833.96,0.08
678,多头出场,2025-12-03 14:30,VltClsSE,3073.01,1,2999.52,73.49,2.45,86.04,2.87,-0.22,-0.01,907.45,0.09
678,多头进场,2025-12-03 08:30,VltClsLE,2999.52,1,2999.52,73.49,2.45,86.04,2.87,-0.22,-0.01,907.45,0.09
679,空头出场,2025-12-03 17:45,VltClsLE,3058.55,1,3073.01,14.46,0.47,29.26,0.95,0,0.00,921.91,0.09
679,空头进场,2025-12-03 14:30,VltClsSE,3073.01,1,3073.01,14.46,0.47,29.26,0.95,0,0.00,921.91,0.09
680,多头出场,2025-12-03 18:30,VltClsSE,3062.48,1,3058.55,3.93,0.13,21.45,0.70,0,0.00,925.84,0.09
680,多头进场,2025-12-03 17:45,VltClsLE,3058.55,1,3058.55,3.93,0.13,21.45,0.70,0,0.00,925.84,0.09
681,空头出场,2025-12-03 19:15,VltClsLE,3066.58,1,3062.48,-4.1,-0.13,12.97,0.42,-4.1,-0.13,921.74,0.09
681,空头进场,2025-12-03 18:30,VltClsSE,3062.48,1,3062.48,-4.1,-0.13,12.97,0.42,-4.1,-0.13,921.74,0.09
682,多头出场,2025-12-03 22:00,VltClsSE,3082.63,1,3066.58,16.05,0.52,28.38,0.93,-1,-0.03,937.79,0.09
682,多头进场,2025-12-03 19:15,VltClsLE,3066.58,1,3066.58,16.05,0.52,28.38,0.93,-1,-0.03,937.79,0.09
683,空头出场,2025-12-03 22:15,VltClsLE,3063.96,1,3082.63,18.67,0.61,52.21,1.69,0,0.00,956.46,0.10
683,空头进场,2025-12-03 22:00,VltClsSE,3082.63,1,3082.63,18.67,0.61,52.21,1.69,0,0.00,956.46,0.10
684,多头出场,2025-12-03 22:30,VltClsSE,3056.2,1,3063.96,-7.76,-0.25,10.54,0.34,-7.76,-0.25,948.7,0.09
684,多头进场,2025-12-03 22:15,VltClsLE,3063.96,1,3063.96,-7.76,-0.25,10.54,0.34,-7.76,-0.25,948.7,0.09
685,空头出场,2025-12-04 00:30,VltClsLE,3099.97,1,3056.2,-43.77,-1.43,1.44,0.05,-89.48,-2.93,904.93,0.09
685,空头进场,2025-12-03 22:30,VltClsSE,3056.2,1,3056.2,-43.77,-1.43,1.44,0.05,-89.48,-2.93,904.93,0.09
686,多头出场,2025-12-04 00:45,VltClsSE,3090.23,1,3099.97,-9.74,-0.31,7.31,0.24,-9.74,-0.31,895.19,0.09
686,多头进场,2025-12-04 00:30,VltClsLE,3099.97,1,3099.97,-9.74,-0.31,7.31,0.24,-9.74,-0.31,895.19,0.09
687,空头出场,2025-12-04 01:00,VltClsLE,3103.9,1,3090.23,-13.67,-0.44,6.17,0.20,-13.67,-0.44,881.52,0.09
687,空头进场,2025-12-04 00:45,VltClsSE,3090.23,1,3090.23,-13.67,-0.44,6.17,0.20,-13.67,-0.44,881.52,0.09
688,多头出场,2025-12-04 02:15,VltClsSE,3121.09,1,3103.9,17.19,0.55,35.36,1.14,-10.29,-0.33,898.71,0.09
688,多头进场,2025-12-04 01:00,VltClsLE,3103.9,1,3103.9,17.19,0.55,35.36,1.14,-10.29,-0.33,898.71,0.09
689,空头出场,2025-12-04 04:45,VltClsLE,3140.23,1,3121.09,-19.14,-0.61,16.75,0.54,-21.06,-0.67,879.57,0.09
689,空头进场,2025-12-04 02:15,VltClsSE,3121.09,1,3121.09,-19.14,-0.61,16.75,0.54,-21.06,-0.67,879.57,0.09
690,多头出场,2025-12-04 06:00,VltClsSE,3149.93,1,3140.23,9.7,0.31,36.61,1.17,-11.73,-0.37,889.27,0.09
690,多头进场,2025-12-04 04:45,VltClsLE,3140.23,1,3140.23,9.7,0.31,36.61,1.17,-11.73,-0.37,889.27,0.09
691,空头出场,2025-12-04 06:30,VltClsLE,3174.26,1,3149.93,-24.33,-0.77,5.67,0.18,-24.33,-0.77,864.94,0.09
691,空头进场,2025-12-04 06:00,VltClsSE,3149.93,1,3149.93,-24.33,-0.77,5.67,0.18,-24.33,-0.77,864.94,0.09
692,多头出场,2025-12-04 09:15,VltClsSE,3217.96,1,3174.26,43.7,1.38,66.09,2.08,-6.95,-0.22,908.64,0.09
692,多头进场,2025-12-04 06:30,VltClsLE,3174.26,1,3174.26,43.7,1.38,66.09,2.08,-6.95,-0.22,908.64,0.09
693,空头出场,2025-12-04 12:00,VltClsLE,3216.92,1,3217.96,1.04,0.03,19.28,0.60,-10.72,-0.33,909.68,0.09
693,空头进场,2025-12-04 09:15,VltClsSE,3217.96,1,3217.96,1.04,0.03,19.28,0.60,-10.72,-0.33,909.68,0.09
694,多头出场,2025-12-04 12:15,VltClsSE,3204.5,1,3216.92,-12.42,-0.39,2.56,0.08,-12.42,-0.39,897.26,0.09
694,多头进场,2025-12-04 12:00,VltClsLE,3216.92,1,3216.92,-12.42,-0.39,2.56,0.08,-12.42,-0.39,897.26,0.09
695,空头出场,2025-12-04 14:15,VltClsLE,3194.99,1,3204.5,9.51,0.30,34.03,1.06,-6.24,-0.19,906.77,0.09
695,空头进场,2025-12-04 12:15,VltClsSE,3204.5,1,3204.5,9.51,0.30,34.03,1.06,-6.24,-0.19,906.77,0.09
696,多头出场,2025-12-04 15:00,VltClsSE,3195.41,1,3194.99,0.42,0.01,24.63,0.77,0,0.00,907.19,0.09
696,多头进场,2025-12-04 14:15,VltClsLE,3194.99,1,3194.99,0.42,0.01,24.63,0.77,0,0.00,907.19,0.09
697,空头出场,2025-12-04 15:15,VltClsLE,3200.87,1,3195.41,-5.46,-0.17,14.51,0.45,-5.46,-0.17,901.73,0.09
697,空头进场,2025-12-04 15:00,VltClsSE,3195.41,1,3195.41,-5.46,-0.17,14.51,0.45,-5.46,-0.17,901.73,0.09
698,多头出场,2025-12-04 16:00,VltClsSE,3179.95,1,3200.87,-20.92,-0.65,3.13,0.10,-20.92,-0.65,880.81,0.09
698,多头进场,2025-12-04 15:15,VltClsLE,3200.87,1,3200.87,-20.92,-0.65,3.13,0.10,-20.92,-0.65,880.81,0.09
699,空头出场,2025-12-04 16:30,VltClsLE,3189.87,1,3179.95,-9.92,-0.31,4.44,0.14,-9.92,-0.31,870.89,0.09
699,空头进场,2025-12-04 16:00,VltClsSE,3179.95,1,3179.95,-9.92,-0.31,4.44,0.14,-9.92,-0.31,870.89,0.09
700,多头出场,2025-12-04 18:45,VltClsSE,3186.18,1,3189.87,-3.69,-0.12,18.76,0.59,-9.77,-0.31,867.2,0.09
700,多头进场,2025-12-04 16:30,VltClsLE,3189.87,1,3189.87,-3.69,-0.12,18.76,0.59,-9.77,-0.31,867.2,0.09
701,空头出场,2025-12-04 21:15,VltClsLE,3174.05,1,3186.18,12.13,0.38,27.62,0.87,-8.7,-0.27,879.33,0.09
701,空头进场,2025-12-04 18:45,VltClsSE,3186.18,1,3186.18,12.13,0.38,27.62,0.87,-8.7,-0.27,879.33,0.09
702,多头出场,2025-12-04 21:30,VltClsSE,3172.76,1,3174.05,-1.29,-0.04,16.54,0.52,-1.29,-0.04,878.04,0.09
702,多头进场,2025-12-04 21:15,VltClsLE,3174.05,1,3174.05,-1.29,-0.04,16.54,0.52,-1.29,-0.04,878.04,0.09
703,空头出场,2025-12-04 23:00,VltClsLE,3159.07,1,3172.76,13.69,0.43,33.04,1.04,-15.91,-0.50,891.73,0.09
703,空头进场,2025-12-04 21:30,VltClsSE,3172.76,1,3172.76,13.69,0.43,33.04,1.04,-15.91,-0.50,891.73,0.09
704,多头出场,2025-12-05 00:30,VltClsSE,3186.9,1,3159.07,27.83,0.88,65.93,2.09,0,0.00,919.56,0.09
704,多头进场,2025-12-04 23:00,VltClsLE,3159.07,1,3159.07,27.83,0.88,65.93,2.09,0,0.00,919.56,0.09
705,空头出场,2025-12-05 03:30,VltClsLE,3115.85,1,3186.9,71.05,2.23,120.53,3.78,-2.7,-0.08,990.61,0.10
705,空头进场,2025-12-05 00:30,VltClsSE,3186.9,1,3186.9,71.05,2.23,120.53,3.78,-2.7,-0.08,990.61,0.10
706,多头出场,2025-12-05 05:45,VltClsSE,3122.74,1,3115.85,6.89,0.22,36.22,1.16,-9.95,-0.32,997.5,0.10
706,多头进场,2025-12-05 03:30,VltClsLE,3115.85,1,3115.85,6.89,0.22,36.22,1.16,-9.95,-0.32,997.5,0.10
707,空头出场,2025-12-05 06:00,VltClsLE,3134.7,1,3122.74,-11.96,-0.38,4,0.13,-11.96,-0.38,985.54,0.10
707,空头进场,2025-12-05 05:45,VltClsSE,3122.74,1,3122.74,-11.96,-0.38,4,0.13,-11.96,-0.38,985.54,0.10
708,多头出场,2025-12-05 07:00,VltClsSE,3134.96,1,3134.7,0.26,0.01,14.3,0.46,-1.91,-0.06,985.8,0.10
708,多头进场,2025-12-05 06:00,VltClsLE,3134.7,1,3134.7,0.26,0.01,14.3,0.46,-1.91,-0.06,985.8,0.10
709,空头出场,2025-12-05 08:00,VltClsLE,3139.46,1,3134.96,-4.5,-0.14,6.08,0.19,-7.03,-0.22,981.3,0.10
709,空头进场,2025-12-05 07:00,VltClsSE,3134.96,1,3134.96,-4.5,-0.14,6.08,0.19,-7.03,-0.22,981.3,0.10
710,多头出场,2025-12-05 10:45,VltClsSE,3180.64,1,3139.46,41.18,1.31,49.75,1.58,-6.01,-0.19,1022.48,0.10
710,多头进场,2025-12-05 08:00,VltClsLE,3139.46,1,3139.46,41.18,1.31,49.75,1.58,-6.01,-0.19,1022.48,0.10
711,空头出场,2025-12-05 11:00,VltClsLE,3191.31,1,3180.64,-10.67,-0.34,0.63,0.02,-10.67,-0.34,1011.81,0.10
711,空头进场,2025-12-05 10:45,VltClsSE,3180.64,1,3180.64,-10.67,-0.34,0.63,0.02,-10.67,-0.34,1011.81,0.10
712,多头出场,2025-12-05 11:15,VltClsSE,3175.03,1,3191.31,-16.28,-0.51,2.02,0.06,-16.28,-0.51,995.53,0.10
712,多头进场,2025-12-05 11:00,VltClsLE,3191.31,1,3191.31,-16.28,-0.51,2.02,0.06,-16.28,-0.51,995.53,0.10
713,空头出场,2025-12-05 12:00,VltClsLE,3177.79,1,3175.03,-2.76,-0.09,9.01,0.28,-2.76,-0.09,992.77,0.10
713,空头进场,2025-12-05 11:15,VltClsSE,3175.03,1,3175.03,-2.76,-0.09,9.01,0.28,-2.76,-0.09,992.77,0.10
714,多头出场,2025-12-05 12:15,VltClsSE,3171.53,1,3177.79,-6.26,-0.20,4.09,0.13,-6.26,-0.20,986.51,0.10
714,多头进场,2025-12-05 12:00,VltClsLE,3177.79,1,3177.79,-6.26,-0.20,4.09,0.13,-6.26,-0.20,986.51,0.10
715,空头出场,2025-12-05 12:45,VltClsLE,3164.65,1,3171.53,6.88,0.22,19.53,0.62,0,0.00,993.39,0.10
715,空头进场,2025-12-05 12:15,VltClsSE,3171.53,1,3171.53,6.88,0.22,19.53,0.62,0,0.00,993.39,0.10
716,多头出场,2025-12-05 14:30,VltClsSE,3158.77,1,3164.65,-5.88,-0.19,11.85,0.37,-11.94,-0.38,987.51,0.10
716,多头进场,2025-12-05 12:45,VltClsLE,3164.65,1,3164.65,-5.88,-0.19,11.85,0.37,-11.94,-0.38,987.51,0.10
717,空头出场,2025-12-05 15:00,VltClsLE,3176.53,1,3158.77,-17.76,-0.56,0.37,0.01,-17.76,-0.56,969.75,0.10
717,空头进场,2025-12-05 14:30,VltClsSE,3158.77,1,3158.77,-17.76,-0.56,0.37,0.01,-17.76,-0.56,969.75,0.10
718,多头出场,2025-12-05 16:00,VltClsSE,3167.27,1,3176.53,-9.26,-0.29,6.35,0.20,-9.26,-0.29,960.49,0.10
718,多头进场,2025-12-05 15:00,VltClsLE,3176.53,1,3176.53,-9.26,-0.29,6.35,0.20,-9.26,-0.29,960.49,0.10
719,空头出场,2025-12-05 16:45,VltClsLE,3158.01,1,3167.27,9.26,0.29,23.91,0.75,0,0.00,969.75,0.10
719,空头进场,2025-12-05 16:00,VltClsSE,3167.27,1,3167.27,9.26,0.29,23.91,0.75,0,0.00,969.75,0.10
720,多头出场,2025-12-05 17:00,VltClsSE,3147.23,1,3158.01,-10.78,-0.34,0.2,0.01,-10.78,-0.34,958.97,0.10
720,多头进场,2025-12-05 16:45,VltClsLE,3158.01,1,3158.01,-10.78,-0.34,0.2,0.01,-10.78,-0.34,958.97,0.10
721,空头出场,2025-12-05 18:00,VltClsLE,3134.9,1,3147.23,12.33,0.39,39.41,1.25,0,0.00,971.3,0.10
721,空头进场,2025-12-05 17:00,VltClsSE,3147.23,1,3147.23,12.33,0.39,39.41,1.25,0,0.00,971.3,0.10
722,多头出场,2025-12-05 18:45,VltClsSE,3133.09,1,3134.9,-1.81,-0.06,13.54,0.43,-7.49,-0.24,969.49,0.10
722,多头进场,2025-12-05 18:00,VltClsLE,3134.9,1,3134.9,-1.81,-0.06,13.54,0.43,-7.49,-0.24,969.49,0.10
723,空头出场,2025-12-05 19:45,VltClsLE,3129.5,1,3133.09,3.59,0.11,22.73,0.73,-10.37,-0.33,973.08,0.10
723,空头进场,2025-12-05 18:45,VltClsSE,3133.09,1,3133.09,3.59,0.11,22.73,0.73,-10.37,-0.33,973.08,0.10
724,多头出场,2025-12-05 21:00,VltClsSE,3118.52,1,3129.5,-10.98,-0.35,10.35,0.33,-11.66,-0.37,962.1,0.10
724,多头进场,2025-12-05 19:45,VltClsLE,3129.5,1,3129.5,-10.98,-0.35,10.35,0.33,-11.66,-0.37,962.1,0.10
725,空头出场,2025-12-05 23:00,VltClsLE,3118.37,1,3118.52,0.15,0.00,35.77,1.15,-13.14,-0.42,962.25,0.10
725,空头进场,2025-12-05 21:00,VltClsSE,3118.52,1,3118.52,0.15,0.00,35.77,1.15,-13.14,-0.42,962.25,0.10
726,多头出场,2025-12-05 23:45,VltClsSE,3109.93,1,3118.37,-8.44,-0.27,39.62,1.27,-8.44,-0.27,953.81,0.10
726,多头进场,2025-12-05 23:00,VltClsLE,3118.37,1,3118.37,-8.44,-0.27,39.62,1.27,-8.44,-0.27,953.81,0.10
727,空头出场,2025-12-06 02:00,VltClsLE,3051.76,1,3109.93,58.17,1.87,109.66,3.53,0,0.00,1011.98,0.10
727,空头进场,2025-12-05 23:45,VltClsSE,3109.93,1,3109.93,58.17,1.87,109.66,3.53,0,0.00,1011.98,0.10
728,多头出场,2025-12-06 02:15,VltClsSE,3032.86,1,3051.76,-18.9,-0.62,11.55,0.38,-18.9,-0.62,993.08,0.10
728,多头进场,2025-12-06 02:00,VltClsLE,3051.76,1,3051.76,-18.9,-0.62,11.55,0.38,-18.9,-0.62,993.08,0.10
729,空头出场,2025-12-06 03:45,VltClsLE,3046.77,1,3032.86,-13.91,-0.46,49.78,1.64,-13.91,-0.46,979.17,0.10
729,空头进场,2025-12-06 02:15,VltClsSE,3032.86,1,3032.86,-13.91,-0.46,49.78,1.64,-13.91,-0.46,979.17,0.10
730,多头出场,2025-12-06 04:30,VltClsSE,3028.33,1,3046.77,-18.44,-0.61,2.57,0.08,-19.05,-0.63,960.73,0.10
730,多头进场,2025-12-06 03:45,VltClsLE,3046.77,1,3046.77,-18.44,-0.61,2.57,0.08,-19.05,-0.63,960.73,0.10
731,空头出场,2025-12-06 05:00,VltClsLE,3034.01,1,3028.33,-5.68,-0.19,12.91,0.43,-5.68,-0.19,955.05,0.10
731,空头进场,2025-12-06 04:30,VltClsSE,3028.33,1,3028.33,-5.68,-0.19,12.91,0.43,-5.68,-0.19,955.05,0.10
732,多头出场,2025-12-06 05:45,VltClsSE,3014.92,1,3034.01,-19.09,-0.63,4.63,0.15,-19.09,-0.63,935.96,0.09
732,多头进场,2025-12-06 05:00,VltClsLE,3034.01,1,3034.01,-19.09,-0.63,4.63,0.15,-19.09,-0.63,935.96,0.09
733,空头出场,2025-12-06 06:15,VltClsLE,3020.97,1,3014.92,-6.05,-0.20,4.79,0.16,-7.93,-0.26,929.91,0.09
733,空头进场,2025-12-06 05:45,VltClsSE,3014.92,1,3014.92,-6.05,-0.20,4.79,0.16,-7.93,-0.26,929.91,0.09
734,多头出场,2025-12-06 07:00,VltClsSE,3018.54,1,3020.97,-2.43,-0.08,11.49,0.38,-2.43,-0.08,927.48,0.09
734,多头进场,2025-12-06 06:15,VltClsLE,3020.97,1,3020.97,-2.43,-0.08,11.49,0.38,-2.43,-0.08,927.48,0.09
735,空头出场,2025-12-06 07:15,VltClsLE,3021.18,1,3018.54,-2.64,-0.09,11.76,0.39,-2.64,-0.09,924.84,0.09
735,空头进场,2025-12-06 07:00,VltClsSE,3018.54,1,3018.54,-2.64,-0.09,11.76,0.39,-2.64,-0.09,924.84,0.09
736,多头出场,2025-12-06 09:30,VltClsSE,3020.91,1,3021.18,-0.27,-0.01,12.32,0.41,-8.6,-0.28,924.57,0.09
736,多头进场,2025-12-06 07:15,VltClsLE,3021.18,1,3021.18,-0.27,-0.01,12.32,0.41,-8.6,-0.28,924.57,0.09
737,空头出场,2025-12-06 10:30,VltClsLE,3028.69,1,3020.91,-7.78,-0.26,2.43,0.08,-8.41,-0.28,916.79,0.09
737,空头进场,2025-12-06 09:30,VltClsSE,3020.91,1,3020.91,-7.78,-0.26,2.43,0.08,-8.41,-0.28,916.79,0.09
738,多头出场,2025-12-06 11:15,VltClsSE,3036.14,1,3028.69,7.45,0.25,17.61,0.58,-2.71,-0.09,924.24,0.09
738,多头进场,2025-12-06 10:30,VltClsLE,3028.69,1,3028.69,7.45,0.25,17.61,0.58,-2.71,-0.09,924.24,0.09
739,空头出场,2025-12-06 13:45,VltClsLE,3038.98,1,3036.14,-2.84,-0.09,5.98,0.20,-6.64,-0.22,921.4,0.09
739,空头进场,2025-12-06 11:15,VltClsSE,3036.14,1,3036.14,-2.84,-0.09,5.98,0.20,-6.64,-0.22,921.4,0.09
740,多头出场,2025-12-06 14:00,VltClsSE,3033.96,1,3038.98,-5.02,-0.17,1.79,0.06,-5.02,-0.17,916.38,0.09
740,多头进场,2025-12-06 13:45,VltClsLE,3038.98,1,3038.98,-5.02,-0.17,1.79,0.06,-5.02,-0.17,916.38,0.09
741,空头出场,2025-12-06 17:00,VltClsLE,3022.69,1,3033.96,11.27,0.37,20.71,0.68,-7.76,-0.26,927.65,0.09
741,空头进场,2025-12-06 14:00,VltClsSE,3033.96,1,3033.96,11.27,0.37,20.71,0.68,-7.76,-0.26,927.65,0.09
742,多头出场,2025-12-06 18:45,VltClsSE,3030.27,1,3022.69,7.58,0.25,15.5,0.51,0,0.00,935.23,0.09
742,多头进场,2025-12-06 17:00,VltClsLE,3022.69,1,3022.69,7.58,0.25,15.5,0.51,0,0.00,935.23,0.09
743,空头出场,2025-12-06 19:00,VltClsLE,3034.92,1,3030.27,-4.65,-0.15,1.77,0.06,-4.65,-0.15,930.58,0.09
743,空头进场,2025-12-06 18:45,VltClsSE,3030.27,1,3030.27,-4.65,-0.15,1.77,0.06,-4.65,-0.15,930.58,0.09
744,多头出场,2025-12-06 23:00,VltClsSE,3046.26,1,3034.92,11.34,0.37,34.08,1.12,-5,-0.16,941.92,0.09
744,多头进场,2025-12-06 19:00,VltClsLE,3034.92,1,3034.92,11.34,0.37,34.08,1.12,-5,-0.16,941.92,0.09
745,空头出场,2025-12-06 23:30,VltClsLE,3047.66,1,3046.26,-1.4,-0.05,19.76,0.65,-1.86,-0.06,940.52,0.09
745,空头进场,2025-12-06 23:00,VltClsSE,3046.26,1,3046.26,-1.4,-0.05,19.76,0.65,-1.86,-0.06,940.52,0.09
746,多头出场,2025-12-07 00:45,VltClsSE,3052.3,1,3047.66,4.64,0.15,18.96,0.62,-7.66,-0.25,945.16,0.09
746,多头进场,2025-12-06 23:30,VltClsLE,3047.66,1,3047.66,4.64,0.15,18.96,0.62,-7.66,-0.25,945.16,0.09
747,空头出场,2025-12-07 01:15,VltClsLE,3059.16,1,3052.3,-6.86,-0.22,5.3,0.17,-6.86,-0.22,938.3,0.09
747,空头进场,2025-12-07 00:45,VltClsSE,3052.3,1,3052.3,-6.86,-0.22,5.3,0.17,-6.86,-0.22,938.3,0.09
748,多头出场,2025-12-07 01:30,VltClsSE,3051.61,1,3059.16,-7.55,-0.25,0.84,0.03,-7.55,-0.25,930.75,0.09
748,多头进场,2025-12-07 01:15,VltClsLE,3059.16,1,3059.16,-7.55,-0.25,0.84,0.03,-7.55,-0.25,930.75,0.09
749,空头出场,2025-12-07 03:00,VltClsLE,3047.81,1,3051.61,3.8,0.12,13.24,0.43,-4.56,-0.15,934.55,0.09
749,空头进场,2025-12-07 01:30,VltClsSE,3051.61,1,3051.61,3.8,0.12,13.24,0.43,-4.56,-0.15,934.55,0.09
750,多头出场,2025-12-07 03:30,VltClsSE,3030.57,1,3047.81,-17.24,-0.57,0.26,0.01,-18.24,-0.60,917.31,0.09
750,多头进场,2025-12-07 03:00,VltClsLE,3047.81,1,3047.81,-17.24,-0.57,0.26,0.01,-18.24,-0.60,917.31,0.09
751,空头出场,2025-12-07 05:00,VltClsLE,3043.43,1,3030.57,-12.86,-0.42,5.57,0.18,-12.86,-0.42,904.45,0.09
751,空头进场,2025-12-07 03:30,VltClsSE,3030.57,1,3030.57,-12.86,-0.42,5.57,0.18,-12.86,-0.42,904.45,0.09
752,多头出场,2025-12-07 06:00,VltClsSE,3039.08,1,3043.43,-4.35,-0.14,1.41,0.05,-6.68,-0.22,900.1,0.09
752,多头进场,2025-12-07 05:00,VltClsLE,3043.43,1,3043.43,-4.35,-0.14,1.41,0.05,-6.68,-0.22,900.1,0.09
753,空头出场,2025-12-07 06:15,VltClsLE,3054.01,1,3039.08,-14.93,-0.49,1.66,0.05,-14.93,-0.49,885.17,0.09
753,空头进场,2025-12-07 06:00,VltClsSE,3039.08,1,3039.08,-14.93,-0.49,1.66,0.05,-14.93,-0.49,885.17,0.09
754,多头出场,2025-12-07 07:00,VltClsSE,3036.96,1,3054.01,-17.05,-0.56,0.3,0.01,-17.05,-0.56,868.12,0.09
754,多头进场,2025-12-07 06:15,VltClsLE,3054.01,1,3054.01,-17.05,-0.56,0.3,0.01,-17.05,-0.56,868.12,0.09
755,空头出场,2025-12-07 07:45,VltClsLE,3039.65,1,3036.96,-2.69,-0.09,10.8,0.36,-2.69,-0.09,865.43,0.09
755,空头进场,2025-12-07 07:00,VltClsSE,3036.96,1,3036.96,-2.69,-0.09,10.8,0.36,-2.69,-0.09,865.43,0.09
756,多头出场,2025-12-07 09:45,VltClsSE,3043.29,1,3039.65,3.64,0.12,12.35,0.41,-7.18,-0.24,869.07,0.09
756,多头进场,2025-12-07 07:45,VltClsLE,3039.65,1,3039.65,3.64,0.12,12.35,0.41,-7.18,-0.24,869.07,0.09
757,空头出场,2025-12-07 10:15,VltClsLE,3048.15,1,3043.29,-4.86,-0.16,0.73,0.02,-4.86,-0.16,864.21,0.09
757,空头进场,2025-12-07 09:45,VltClsSE,3043.29,1,3043.29,-4.86,-0.16,0.73,0.02,-4.86,-0.16,864.21,0.09
758,多头出场,2025-12-07 12:15,VltClsSE,3051.65,1,3048.15,3.5,0.11,9.86,0.32,-5.63,-0.18,867.71,0.09
758,多头进场,2025-12-07 10:15,VltClsLE,3048.15,1,3048.15,3.5,0.11,9.86,0.32,-5.63,-0.18,867.71,0.09
759,空头出场,2025-12-07 13:30,VltClsLE,3048.77,1,3051.65,2.88,0.09,8.03,0.26,0,0.00,870.59,0.09
759,空头进场,2025-12-07 12:15,VltClsSE,3051.65,1,3051.65,2.88,0.09,8.03,0.26,0,0.00,870.59,0.09
760,多头出场,2025-12-07 15:00,VltClsSE,3045.54,1,3048.77,-3.23,-0.11,2.24,0.07,-5.03,-0.16,867.36,0.09
760,多头进场,2025-12-07 13:30,VltClsLE,3048.77,1,3048.77,-3.23,-0.11,2.24,0.07,-5.03,-0.16,867.36,0.09
761,空头出场,2025-12-07 15:45,VltClsLE,3037.79,1,3045.54,7.75,0.25,14.33,0.47,0,0.00,875.11,0.09
761,空头进场,2025-12-07 15:00,VltClsSE,3045.54,1,3045.54,7.75,0.25,14.33,0.47,0,0.00,875.11,0.09
762,多头出场,2025-12-07 16:00,VltClsSE,3031.75,1,3037.79,-6.04,-0.20,1.11,0.04,-6.04,-0.20,869.07,0.09
762,多头进场,2025-12-07 15:45,VltClsLE,3037.79,1,3037.79,-6.04,-0.20,1.11,0.04,-6.04,-0.20,869.07,0.09
763,空头出场,2025-12-07 16:15,VltClsLE,3035.61,1,3031.75,-3.86,-0.13,4.04,0.13,-3.86,-0.13,865.21,0.09
763,空头进场,2025-12-07 16:00,VltClsSE,3031.75,1,3031.75,-3.86,-0.13,4.04,0.13,-3.86,-0.13,865.21,0.09
764,多头出场,2025-12-07 16:45,VltClsSE,3034.77,1,3035.61,-0.84,-0.03,7.47,0.25,-2.73,-0.09,864.37,0.09
764,多头进场,2025-12-07 16:15,VltClsLE,3035.61,1,3035.61,-0.84,-0.03,7.47,0.25,-2.73,-0.09,864.37,0.09
765,空头出场,2025-12-07 18:00,VltClsLE,3036.43,1,3034.77,-1.66,-0.05,10.7,0.35,-4.19,-0.14,862.71,0.09
765,空头进场,2025-12-07 16:45,VltClsSE,3034.77,1,3034.77,-1.66,-0.05,10.7,0.35,-4.19,-0.14,862.71,0.09
766,多头出场,2025-12-07 19:15,VltClsSE,3035.62,1,3036.43,-0.81,-0.03,7.26,0.24,-5.57,-0.18,861.9,0.09
766,多头进场,2025-12-07 18:00,VltClsLE,3036.43,1,3036.43,-0.81,-0.03,7.26,0.24,-5.57,-0.18,861.9,0.09
767,空头出场,2025-12-07 19:30,VltClsLE,3041.29,1,3035.62,-5.67,-0.19,0.11,0.00,-5.67,-0.19,856.23,0.09
767,空头进场,2025-12-07 19:15,VltClsSE,3035.62,1,3035.62,-5.67,-0.19,0.11,0.00,-5.67,-0.19,856.23,0.09
768,多头出场,2025-12-07 21:00,VltClsSE,3044.71,1,3041.29,3.42,0.11,12.2,0.40,-6.47,-0.21,859.65,0.09
768,多头进场,2025-12-07 19:30,VltClsLE,3041.29,1,3041.29,3.42,0.11,12.2,0.40,-6.47,-0.21,859.65,0.09
769,空头出场,2025-12-07 23:00,VltClsLE,2970.56,1,3044.71,74.15,2.44,137.19,4.51,-1.11,-0.04,933.8,0.09
769,空头进场,2025-12-07 21:00,VltClsSE,3044.71,1,3044.71,74.15,2.44,137.19,4.51,-1.11,-0.04,933.8,0.09
770,多头出场,2025-12-08 00:00,VltClsSE,3001.02,1,2970.56,30.46,1.03,68.36,2.30,-19.65,-0.66,964.26,0.10
770,多头进场,2025-12-07 23:00,VltClsLE,2970.56,1,2970.56,30.46,1.03,68.36,2.30,-19.65,-0.66,964.26,0.10
771,空头出场,2025-12-08 01:15,VltClsLE,3056.02,1,3001.02,-55,-1.83,1.39,0.05,-55,-1.83,909.26,0.09
771,空头进场,2025-12-08 00:00,VltClsSE,3001.02,1,3001.02,-55,-1.83,1.39,0.05,-55,-1.83,909.26,0.09
772,多头出场,2025-12-08 05:00,VltClsSE,3134.93,1,3056.02,78.91,2.58,93.98,3.08,0,0.00,988.17,0.10
772,多头进场,2025-12-08 01:15,VltClsLE,3056.02,1,3056.02,78.91,2.58,93.98,3.08,0,0.00,988.17,0.10
773,空头出场,2025-12-08 05:30,VltClsLE,3126.28,1,3134.93,8.65,0.28,18.38,0.59,0,0.00,996.82,0.10
773,空头进场,2025-12-08 05:00,VltClsSE,3134.93,1,3134.93,8.65,0.28,18.38,0.59,0,0.00,996.82,0.10
774,多头出场,2025-12-08 05:45,VltClsSE,3096.71,1,3126.28,-29.57,-0.95,3.61,0.12,-29.57,-0.95,967.25,0.10
774,多头进场,2025-12-08 05:30,VltClsLE,3126.28,1,3126.28,-29.57,-0.95,3.61,0.12,-29.57,-0.95,967.25,0.10
775,空头出场,2025-12-08 07:45,VltClsLE,3059.45,1,3096.71,37.26,1.20,82.98,2.68,0,0.00,1004.51,0.10
775,空头进场,2025-12-08 05:45,VltClsSE,3096.71,1,3096.71,37.26,1.20,82.98,2.68,0,0.00,1004.51,0.10
776,多头出场,2025-12-08 09:45,VltClsSE,3098.84,1,3059.45,39.39,1.29,75.28,2.46,-18.58,-0.61,1043.9,0.10
776,多头进场,2025-12-08 07:45,VltClsLE,3059.45,1,3059.45,39.39,1.29,75.28,2.46,-18.58,-0.61,1043.9,0.10
777,空头出场,2025-12-08 10:45,VltClsLE,3113.47,1,3098.84,-14.63,-0.47,6.44,0.21,-14.63,-0.47,1029.27,0.10
777,空头进场,2025-12-08 09:45,VltClsSE,3098.84,1,3098.84,-14.63,-0.47,6.44,0.21,-14.63,-0.47,1029.27,0.10
778,多头出场,2025-12-08 11:30,VltClsSE,3105.05,1,3113.47,-8.42,-0.27,7.03,0.23,-11.92,-0.38,1020.85,0.10
778,多头进场,2025-12-08 10:45,VltClsLE,3113.47,1,3113.47,-8.42,-0.27,7.03,0.23,-11.92,-0.38,1020.85,0.10
779,空头出场,2025-12-08 12:15,VltClsLE,3122.32,1,3105.05,-17.27,-0.56,2.02,0.07,-17.27,-0.56,1003.58,0.10
779,空头进场,2025-12-08 11:30,VltClsSE,3105.05,1,3105.05,-17.27,-0.56,2.02,0.07,-17.27,-0.56,1003.58,0.10
780,多头出场,2025-12-08 16:30,VltClsSE,3126.08,1,3122.32,3.76,0.12,18.18,0.58,-3.53,-0.11,1007.34,0.10
780,多头进场,2025-12-08 12:15,VltClsLE,3122.32,1,3122.32,3.76,0.12,18.18,0.58,-3.53,-0.11,1007.34,0.10
781,空头出场,2025-12-08 16:45,VltClsLE,3141.5,1,3126.08,-15.42,-0.49,0.98,0.03,-15.42,-0.49,991.92,0.10
781,空头进场,2025-12-08 16:30,VltClsSE,3126.08,1,3126.08,-15.42,-0.49,0.98,0.03,-15.42,-0.49,991.92,0.10
782,多头出场,2025-12-08 19:00,VltClsSE,3155.24,1,3141.5,13.74,0.44,39.01,1.24,-0.42,-0.01,1005.66,0.10
782,多头进场,2025-12-08 16:45,VltClsLE,3141.5,1,3141.5,13.74,0.44,39.01,1.24,-0.42,-0.01,1005.66,0.10
783,空头出场,2025-12-08 21:00,VltClsLE,3139.6,1,3155.24,15.64,0.50,31.94,1.01,-8.78,-0.28,1021.3,0.10
783,空头进场,2025-12-08 19:00,VltClsSE,3155.24,1,3155.24,15.64,0.50,31.94,1.01,-8.78,-0.28,1021.3,0.10
784,多头出场,2025-12-08 22:15,VltClsSE,3139.55,1,3139.6,-0.05,0.00,21.05,0.67,-7.8,-0.25,1021.25,0.10
784,多头进场,2025-12-08 21:00,VltClsLE,3139.6,1,3139.6,-0.05,0.00,21.05,0.67,-7.8,-0.25,1021.25,0.10
785,空头出场,2025-12-08 22:30,VltClsLE,3158.38,1,3139.55,-18.83,-0.60,14.01,0.45,-18.83,-0.60,1002.42,0.10
785,空头进场,2025-12-08 22:15,VltClsSE,3139.55,1,3139.55,-18.83,-0.60,14.01,0.45,-18.83,-0.60,1002.42,0.10
786,多头出场,2025-12-08 22:45,VltClsSE,3150.8,1,3158.38,-7.58,-0.24,20.04,0.63,-7.58,-0.24,994.84,0.10
786,多头进场,2025-12-08 22:30,VltClsLE,3158.38,1,3158.38,-7.58,-0.24,20.04,0.63,-7.58,-0.24,994.84,0.10
787,空头出场,2025-12-09 00:15,VltClsLE,3121.55,1,3150.8,29.25,0.93,61.97,1.97,0,0.00,1024.09,0.10
787,空头进场,2025-12-08 22:45,VltClsSE,3150.8,1,3150.8,29.25,0.93,61.97,1.97,0,0.00,1024.09,0.10
788,多头出场,2025-12-09 00:45,VltClsSE,3106.82,1,3121.55,-14.73,-0.47,11.45,0.37,-14.73,-0.47,1009.36,0.10
788,多头进场,2025-12-09 00:15,VltClsLE,3121.55,1,3121.55,-14.73,-0.47,11.45,0.37,-14.73,-0.47,1009.36,0.10
789,空头出场,2025-12-09 01:45,VltClsLE,3121.36,1,3106.82,-14.54,-0.47,8.4,0.27,-16.75,-0.54,994.82,0.10
789,空头进场,2025-12-09 00:45,VltClsSE,3106.82,1,3106.82,-14.54,-0.47,8.4,0.27,-16.75,-0.54,994.82,0.10
790,多头出场,2025-12-09 02:45,VltClsSE,3105.37,1,3121.36,-15.99,-0.51,11.64,0.37,-17.08,-0.55,978.83,0.10
790,多头进场,2025-12-09 01:45,VltClsLE,3121.36,1,3121.36,-15.99,-0.51,11.64,0.37,-17.08,-0.55,978.83,0.10
791,空头出场,2025-12-09 04:45,VltClsLE,3138.18,1,3105.37,-32.81,-1.06,29.99,0.97,-32.81,-1.06,946.02,0.09
791,空头进场,2025-12-09 02:45,VltClsSE,3105.37,1,3105.37,-32.81,-1.06,29.99,0.97,-32.81,-1.06,946.02,0.09
792,多头出场,2025-12-09 06:00,VltClsSE,3134.69,1,3138.18,-3.49,-0.11,14.82,0.47,-11.49,-0.37,942.53,0.09
792,多头进场,2025-12-09 04:45,VltClsLE,3138.18,1,3138.18,-3.49,-0.11,14.82,0.47,-11.49,-0.37,942.53,0.09
793,空头出场,2025-12-09 06:45,VltClsLE,3134.32,1,3134.69,0.37,0.01,14.62,0.47,-1.28,-0.04,942.9,0.09
793,空头进场,2025-12-09 06:00,VltClsSE,3134.69,1,3134.69,0.37,0.01,14.62,0.47,-1.28,-0.04,942.9,0.09
794,多头出场,2025-12-09 07:15,VltClsSE,3118.5,1,3134.32,-15.82,-0.50,2.55,0.08,-15.82,-0.50,927.08,0.09
794,多头进场,2025-12-09 06:45,VltClsLE,3134.32,1,3134.32,-15.82,-0.50,2.55,0.08,-15.82,-0.50,927.08,0.09
795,空头出场,2025-12-09 08:15,VltClsLE,3138.13,1,3118.5,-19.63,-0.63,5.62,0.18,-19.63,-0.63,907.45,0.09
795,空头进场,2025-12-09 07:15,VltClsSE,3118.5,1,3118.5,-19.63,-0.63,5.62,0.18,-19.63,-0.63,907.45,0.09
796,多头出场,2025-12-09 08:30,VltClsSE,3127.76,1,3138.13,-10.37,-0.33,5.37,0.17,-10.37,-0.33,897.08,0.09
796,多头进场,2025-12-09 08:15,VltClsLE,3138.13,1,3138.13,-10.37,-0.33,5.37,0.17,-10.37,-0.33,897.08,0.09
797,空头出场,2025-12-09 11:30,VltClsLE,3110.3,1,3127.76,17.46,0.56,36.96,1.18,0,0.00,914.54,0.09
797,空头进场,2025-12-09 08:30,VltClsSE,3127.76,1,3127.76,17.46,0.56,36.96,1.18,0,0.00,914.54,0.09
798,多头出场,2025-12-09 12:30,VltClsSE,3117.44,1,3110.3,7.14,0.23,21.12,0.68,0,0.00,921.68,0.09
798,多头进场,2025-12-09 11:30,VltClsLE,3110.3,1,3110.3,7.14,0.23,21.12,0.68,0,0.00,921.68,0.09
799,空头出场,2025-12-09 13:30,VltClsLE,3114.06,1,3117.44,3.38,0.11,22.32,0.72,0,0.00,925.06,0.09
799,空头进场,2025-12-09 12:30,VltClsSE,3117.44,1,3117.44,3.38,0.11,22.32,0.72,0,0.00,925.06,0.09
800,多头出场,2025-12-09 17:00,VltClsSE,3115.6,1,3114.06,1.54,0.05,15.94,0.51,-16.97,-0.54,926.6,0.09
800,多头进场,2025-12-09 13:30,VltClsLE,3114.06,1,3114.06,1.54,0.05,15.94,0.51,-16.97,-0.54,926.6,0.09
801,空头出场,2025-12-09 18:00,VltClsLE,3112.05,1,3115.6,3.55,0.11,15.6,0.50,-7.74,-0.25,930.15,0.09
801,空头进场,2025-12-09 17:00,VltClsSE,3115.6,1,3115.6,3.55,0.11,15.6,0.50,-7.74,-0.25,930.15,0.09
802,多头出场,2025-12-09 18:30,VltClsSE,3104.62,1,3112.05,-7.43,-0.24,2.35,0.08,-7.43,-0.24,922.72,0.09
802,多头进场,2025-12-09 18:00,VltClsLE,3112.05,1,3112.05,-7.43,-0.24,2.35,0.08,-7.43,-0.24,922.72,0.09
803,空头出场,2025-12-09 19:45,VltClsLE,3116.22,1,3104.62,-11.6,-0.37,11.62,0.37,-11.6,-0.37,911.12,0.09
803,空头进场,2025-12-09 18:30,VltClsSE,3104.62,1,3104.62,-11.6,-0.37,11.62,0.37,-11.6,-0.37,911.12,0.09
804,多头出场,2025-12-09 21:30,VltClsSE,3128.2,1,3116.22,11.98,0.38,25.24,0.81,-1.43,-0.05,923.1,0.09
804,多头进场,2025-12-09 19:45,VltClsLE,3116.22,1,3116.22,11.98,0.38,25.24,0.81,-1.43,-0.05,923.1,0.09
805,空头出场,2025-12-09 22:00,VltClsLE,3127.04,1,3128.2,1.16,0.04,18.62,0.60,0,0.00,924.26,0.09
805,空头进场,2025-12-09 21:30,VltClsSE,3128.2,1,3128.2,1.16,0.04,18.62,0.60,0,0.00,924.26,0.09
806,多头出场,2025-12-09 22:15,VltClsSE,3106,1,3127.04,-21.04,-0.67,2.03,0.06,-21.04,-0.67,903.22,0.09
806,多头进场,2025-12-09 22:00,VltClsLE,3127.04,1,3127.04,-21.04,-0.67,2.03,0.06,-21.04,-0.67,903.22,0.09
807,空头出场,2025-12-09 23:00,VltClsLE,3128.35,1,3106,-22.35,-0.72,7.42,0.24,-22.35,-0.72,880.87,0.09
807,空头进场,2025-12-09 22:15,VltClsSE,3106,1,3106,-22.35,-0.72,7.42,0.24,-22.35,-0.72,880.87,0.09
808,多头出场,2025-12-10 01:15,VltClsSE,3357.71,1,3128.35,229.36,7.33,269.5,8.61,-8.34,-0.27,1110.23,0.11
808,多头进场,2025-12-09 23:00,VltClsLE,3128.35,1,3128.35,229.36,7.33,269.5,8.61,-8.34,-0.27,1110.23,0.11
809,空头出场,2025-12-10 03:45,VltClsLE,3366.17,1,3357.71,-8.46,-0.25,12.23,0.36,-29.77,-0.89,1101.77,0.11
809,空头进场,2025-12-10 01:15,VltClsSE,3357.71,1,3357.71,-8.46,-0.25,12.23,0.36,-29.77,-0.89,1101.77,0.11
810,多头出场,2025-12-10 04:15,VltClsSE,3340.84,1,3366.17,-25.33,-0.75,1.82,0.05,-25.33,-0.75,1076.44,0.11
810,多头进场,2025-12-10 03:45,VltClsLE,3366.17,1,3366.17,-25.33,-0.75,1.82,0.05,-25.33,-0.75,1076.44,0.11
811,空头出场,2025-12-10 06:00,VltClsLE,3316.77,1,3340.84,24.07,0.72,55.84,1.67,0,0.00,1100.51,0.11
811,空头进场,2025-12-10 04:15,VltClsSE,3340.84,1,3340.84,24.07,0.72,55.84,1.67,0,0.00,1100.51,0.11
812,多头出场,2025-12-10 07:45,VltClsSE,3319.89,1,3316.77,3.12,0.09,26.35,0.79,-5.01,-0.15,1103.63,0.11
812,多头进场,2025-12-10 06:00,VltClsLE,3316.77,1,3316.77,3.12,0.09,26.35,0.79,-5.01,-0.15,1103.63,0.11
813,空头出场,2025-12-10 08:00,VltClsLE,3326.98,1,3319.89,-7.09,-0.21,3.36,0.10,-7.09,-0.21,1096.54,0.11
813,空头进场,2025-12-10 07:45,VltClsSE,3319.89,1,3319.89,-7.09,-0.21,3.36,0.10,-7.09,-0.21,1096.54,0.11
814,多头出场,2025-12-10 08:15,VltClsSE,3315.06,1,3326.98,-11.92,-0.36,1.22,0.04,-11.92,-0.36,1084.62,0.11
814,多头进场,2025-12-10 08:00,VltClsLE,3326.98,1,3326.98,-11.92,-0.36,1.22,0.04,-11.92,-0.36,1084.62,0.11
815,空头出场,2025-12-10 09:45,VltClsLE,3306.09,1,3315.06,8.97,0.27,26.96,0.81,-9.94,-0.30,1093.59,0.11
815,空头进场,2025-12-10 08:15,VltClsSE,3315.06,1,3315.06,8.97,0.27,26.96,0.81,-9.94,-0.30,1093.59,0.11
816,多头出场,2025-12-10 10:00,VltClsSE,3293.06,1,3306.09,-13.03,-0.39,0.76,0.02,-13.03,-0.39,1080.56,0.11
816,多头进场,2025-12-10 09:45,VltClsLE,3306.09,1,3306.09,-13.03,-0.39,0.76,0.02,-13.03,-0.39,1080.56,0.11
817,空头出场,2025-12-10 10:15,VltClsLE,3308.06,1,3293.06,-15,-0.46,0.71,0.02,-15,-0.46,1065.56,0.11
817,空头进场,2025-12-10 10:00,VltClsSE,3293.06,1,3293.06,-15,-0.46,0.71,0.02,-15,-0.46,1065.56,0.11
818,多头出场,2025-12-10 14:00,VltClsSE,3315.63,1,3308.06,7.57,0.23,26.6,0.80,-9.94,-0.30,1073.13,0.11
818,多头进场,2025-12-10 10:15,VltClsLE,3308.06,1,3308.06,7.57,0.23,26.6,0.80,-9.94,-0.30,1073.13,0.11
819,空头出场,2025-12-10 14:45,VltClsLE,3327.77,1,3315.63,-12.14,-0.37,0.63,0.02,-12.14,-0.37,1060.99,0.11
819,空头进场,2025-12-10 14:00,VltClsSE,3315.63,1,3315.63,-12.14,-0.37,0.63,0.02,-12.14,-0.37,1060.99,0.11
820,多头出场,2025-12-10 15:00,VltClsSE,3320.88,1,3327.77,-6.89,-0.21,1.08,0.03,-6.89,-0.21,1054.1,0.11
820,多头进场,2025-12-10 14:45,VltClsLE,3327.77,1,3327.77,-6.89,-0.21,1.08,0.03,-6.89,-0.21,1054.1,0.11
821,空头出场,2025-12-10 15:45,VltClsLE,3326.48,1,3320.88,-5.6,-0.17,9.28,0.28,-5.6,-0.17,1048.5,0.10
821,空头进场,2025-12-10 15:00,VltClsSE,3320.88,1,3320.88,-5.6,-0.17,9.28,0.28,-5.6,-0.17,1048.5,0.10
822,多头出场,2025-12-10 18:15,VltClsSE,3332.91,1,3326.48,6.43,0.19,49.52,1.49,-11.48,-0.35,1054.93,0.11
822,多头进场,2025-12-10 15:45,VltClsLE,3326.48,1,3326.48,6.43,0.19,49.52,1.49,-11.48,-0.35,1054.93,0.11
823,空头出场,2025-12-10 19:45,VltClsLE,3317.49,1,3332.91,15.42,0.46,35.92,1.08,0,0.00,1070.35,0.11
823,空头进场,2025-12-10 18:15,VltClsSE,3332.91,1,3332.91,15.42,0.46,35.92,1.08,0,0.00,1070.35,0.11
824,多头出场,2025-12-10 21:30,VltClsSE,3324.28,1,3317.49,6.79,0.20,21.43,0.65,-8.43,-0.25,1077.14,0.11
824,多头进场,2025-12-10 19:45,VltClsLE,3317.49,1,3317.49,6.79,0.20,21.43,0.65,-8.43,-0.25,1077.14,0.11
825,空头出场,2025-12-10 22:30,VltClsLE,3336.68,1,3324.28,-12.4,-0.37,2.28,0.07,-12.4,-0.37,1064.74,0.11
825,空头进场,2025-12-10 21:30,VltClsSE,3324.28,1,3324.28,-12.4,-0.37,2.28,0.07,-12.4,-0.37,1064.74,0.11
826,多头出场,2025-12-10 22:45,VltClsSE,3309.86,1,3336.68,-26.82,-0.80,2.46,0.07,-26.82,-0.80,1037.92,0.10
826,多头进场,2025-12-10 22:30,VltClsLE,3336.68,1,3336.68,-26.82,-0.80,2.46,0.07,-26.82,-0.80,1037.92,0.10
827,空头出场,2025-12-10 23:00,VltClsLE,3331.34,1,3309.86,-21.48,-0.65,5.41,0.16,-21.48,-0.65,1016.44,0.10
827,空头进场,2025-12-10 22:45,VltClsSE,3309.86,1,3309.86,-21.48,-0.65,5.41,0.16,-21.48,-0.65,1016.44,0.10
828,多头出场,2025-12-10 23:15,VltClsSE,3321.21,1,3331.34,-10.13,-0.30,6.66,0.20,-10.13,-0.30,1006.31,0.10
828,多头进场,2025-12-10 23:00,VltClsLE,3331.34,1,3331.34,-10.13,-0.30,6.66,0.20,-10.13,-0.30,1006.31,0.10
829,空头出场,2025-12-11 00:00,VltClsLE,3342.18,1,3321.21,-20.97,-0.63,14.41,0.43,-20.97,-0.63,985.34,0.10
829,空头进场,2025-12-10 23:15,VltClsSE,3321.21,1,3321.21,-20.97,-0.63,14.41,0.43,-20.97,-0.63,985.34,0.10
830,多头出场,2025-12-11 02:45,VltClsSE,3377.7,1,3342.18,35.52,1.06,87.33,2.61,-4.81,-0.14,1020.86,0.10
830,多头进场,2025-12-11 00:00,VltClsLE,3342.18,1,3342.18,35.52,1.06,87.33,2.61,-4.81,-0.14,1020.86,0.10
831,空头出场,2025-12-11 03:00,VltClsLE,3402.99,1,3377.7,-25.29,-0.75,30.9,0.91,-25.29,-0.75,995.57,0.10
831,空头进场,2025-12-11 02:45,VltClsSE,3377.7,1,3377.7,-25.29,-0.75,30.9,0.91,-25.29,-0.75,995.57,0.10
832,多头出场,2025-12-11 04:15,VltClsSE,3399.43,1,3402.99,-3.56,-0.10,44.45,1.31,-42.13,-1.24,992.01,0.10
832,多头进场,2025-12-11 03:00,VltClsLE,3402.99,1,3402.99,-3.56,-0.10,44.45,1.31,-42.13,-1.24,992.01,0.10
833,空头出场,2025-12-11 12:45,VltClsLE,3206.82,1,3399.43,192.61,5.67,232.36,6.84,-8.73,-0.26,1184.62,0.12
833,空头进场,2025-12-11 04:15,VltClsSE,3399.43,1,3399.43,192.61,5.67,232.36,6.84,-8.73,-0.26,1184.62,0.12
834,多头出场,2025-12-11 13:00,VltClsSE,3202.27,1,3206.82,-4.55,-0.14,9.34,0.29,-4.55,-0.14,1180.07,0.12
834,多头进场,2025-12-11 12:45,VltClsLE,3206.82,1,3206.82,-4.55,-0.14,9.34,0.29,-4.55,-0.14,1180.07,0.12
835,空头出场,2025-12-11 13:15,VltClsLE,3209.31,1,3202.27,-7.04,-0.22,7.76,0.24,-7.04,-0.22,1173.03,0.12
835,空头进场,2025-12-11 13:00,VltClsSE,3202.27,1,3202.27,-7.04,-0.22,7.76,0.24,-7.04,-0.22,1173.03,0.12
836,多头出场,2025-12-11 14:15,VltClsSE,3199.69,1,3209.31,-9.62,-0.30,6.33,0.20,-9.62,-0.30,1163.41,0.12
836,多头进场,2025-12-11 13:15,VltClsLE,3209.31,1,3209.31,-9.62,-0.30,6.33,0.20,-9.62,-0.30,1163.41,0.12
837,空头出场,2025-12-11 14:30,VltClsLE,3207.05,1,3199.69,-7.36,-0.23,5.36,0.17,-7.36,-0.23,1156.05,0.12
837,空头进场,2025-12-11 14:15,VltClsSE,3199.69,1,3199.69,-7.36,-0.23,5.36,0.17,-7.36,-0.23,1156.05,0.12
838,多头出场,2025-12-11 15:15,VltClsSE,3195.83,1,3207.05,-11.22,-0.35,6.9,0.22,-11.22,-0.35,1144.83,0.11
838,多头进场,2025-12-11 14:30,VltClsLE,3207.05,1,3207.05,-11.22,-0.35,6.9,0.22,-11.22,-0.35,1144.83,0.11
839,空头出场,2025-12-11 16:45,VltClsLE,3194.78,1,3195.83,1.05,0.03,17.83,0.56,-9.94,-0.31,1145.88,0.11
839,空头进场,2025-12-11 15:15,VltClsSE,3195.83,1,3195.83,1.05,0.03,17.83,0.56,-9.94,-0.31,1145.88,0.11
840,多头出场,2025-12-11 18:15,VltClsSE,3192.34,1,3194.78,-2.44,-0.08,18.22,0.57,-2.44,-0.08,1143.44,0.11
840,多头进场,2025-12-11 16:45,VltClsLE,3194.78,1,3194.78,-2.44,-0.08,18.22,0.57,-2.44,-0.08,1143.44,0.11
841,空头出场,2025-12-11 18:45,VltClsLE,3196.52,1,3192.34,-4.18,-0.13,4.11,0.13,-4.18,-0.13,1139.26,0.11
841,空头进场,2025-12-11 18:15,VltClsSE,3192.34,1,3192.34,-4.18,-0.13,4.11,0.13,-4.18,-0.13,1139.26,0.11
842,多头出场,2025-12-11 20:00,VltClsSE,3187.73,1,3196.52,-8.79,-0.27,6.06,0.19,-8.79,-0.27,1130.47,0.11
842,多头进场,2025-12-11 18:45,VltClsLE,3196.52,1,3196.52,-8.79,-0.27,6.06,0.19,-8.79,-0.27,1130.47,0.11
843,空头出场,2025-12-11 20:15,VltClsLE,3195.76,1,3187.73,-8.03,-0.25,0.5,0.02,-8.03,-0.25,1122.44,0.11
843,空头进场,2025-12-11 20:00,VltClsSE,3187.73,1,3187.73,-8.03,-0.25,0.5,0.02,-8.03,-0.25,1122.44,0.11
844,多头出场,2025-12-11 20:45,VltClsSE,3198.12,1,3195.76,2.36,0.07,11.56,0.36,0,0.00,1124.8,0.11
844,多头进场,2025-12-11 20:15,VltClsLE,3195.76,1,3195.76,2.36,0.07,11.56,0.36,0,0.00,1124.8,0.11
845,空头出场,2025-12-11 22:30,VltClsLE,3193.09,1,3198.12,5.03,0.16,14.64,0.46,-5.77,-0.18,1129.83,0.11
845,空头进场,2025-12-11 20:45,VltClsSE,3198.12,1,3198.12,5.03,0.16,14.64,0.46,-5.77,-0.18,1129.83,0.11
846,多头出场,2025-12-11 22:45,VltClsSE,3175.7,1,3193.09,-17.39,-0.54,2.89,0.09,-40.89,-1.28,1112.44,0.11
846,多头进场,2025-12-11 22:30,VltClsLE,3193.09,1,3193.09,-17.39,-0.54,2.89,0.09,-40.89,-1.28,1112.44,0.11
847,空头出场,2025-12-11 23:00,VltClsLE,3177.27,1,3175.7,-1.57,-0.05,30.42,0.96,-1.57,-0.05,1110.87,0.11
847,空头进场,2025-12-11 22:45,VltClsSE,3175.7,1,3175.7,-1.57,-0.05,30.42,0.96,-1.57,-0.05,1110.87,0.11
848,多头出场,2025-12-11 23:30,VltClsSE,3164.08,1,3177.27,-13.19,-0.42,32.73,1.03,-13.19,-0.42,1097.68,0.11
848,多头进场,2025-12-11 23:00,VltClsLE,3177.27,1,3177.27,-13.19,-0.42,32.73,1.03,-13.19,-0.42,1097.68,0.11
849,空头出场,2025-12-12 00:30,VltClsLE,3190.59,1,3164.08,-26.51,-0.84,9.08,0.29,-26.51,-0.84,1071.17,0.11
849,空头进场,2025-12-11 23:30,VltClsSE,3164.08,1,3164.08,-26.51,-0.84,9.08,0.29,-26.51,-0.84,1071.17,0.11
850,多头出场,2025-12-12 02:45,VltClsSE,3216.86,1,3190.59,26.27,0.82,43.66,1.37,-22.36,-0.70,1097.44,0.11
850,多头进场,2025-12-12 00:30,VltClsLE,3190.59,1,3190.59,26.27,0.82,43.66,1.37,-22.36,-0.70,1097.44,0.11
851,空头出场,2025-12-12 04:00,VltClsLE,3215.38,1,3216.86,1.48,0.05,26.75,0.83,-12.49,-0.39,1098.92,0.11
851,空头进场,2025-12-12 02:45,VltClsSE,3216.86,1,3216.86,1.48,0.05,26.75,0.83,-12.49,-0.39,1098.92,0.11
852,多头出场,2025-12-12 04:15,VltClsSE,3197.03,1,3215.38,-18.35,-0.57,4.25,0.13,-18.35,-0.57,1080.57,0.11
852,多头进场,2025-12-12 04:00,VltClsLE,3215.38,1,3215.38,-18.35,-0.57,4.25,0.13,-18.35,-0.57,1080.57,0.11
853,空头出场,2025-12-12 04:30,VltClsLE,3221.97,1,3197.03,-24.94,-0.78,10.67,0.33,-24.94,-0.78,1055.63,0.11
853,空头进场,2025-12-12 04:15,VltClsSE,3197.03,1,3197.03,-24.94,-0.78,10.67,0.33,-24.94,-0.78,1055.63,0.11
854,多头出场,2025-12-12 06:15,VltClsSE,3243.59,1,3221.97,21.62,0.67,51.43,1.60,-11.97,-0.37,1077.25,0.11
854,多头进场,2025-12-12 04:30,VltClsLE,3221.97,1,3221.97,21.62,0.67,51.43,1.60,-11.97,-0.37,1077.25,0.11
855,空头出场,2025-12-12 08:15,VltClsLE,3240.42,1,3243.59,3.17,0.10,20.11,0.62,-5.4,-0.17,1080.42,0.11
855,空头进场,2025-12-12 06:15,VltClsSE,3243.59,1,3243.59,3.17,0.10,20.11,0.62,-5.4,-0.17,1080.42,0.11
856,多头出场,2025-12-12 08:45,VltClsSE,3221.69,1,3240.42,-18.73,-0.58,6.58,0.20,-18.73,-0.58,1061.69,0.11
856,多头进场,2025-12-12 08:15,VltClsLE,3240.42,1,3240.42,-18.73,-0.58,6.58,0.20,-18.73,-0.58,1061.69,0.11
857,空头出场,2025-12-12 09:00,VltClsLE,3203.19,1,3221.69,18.5,0.57,36.49,1.13,0,0.00,1080.19,0.11
857,空头进场,2025-12-12 08:45,VltClsSE,3221.69,1,3221.69,18.5,0.57,36.49,1.13,0,0.00,1080.19,0.11
858,多头出场,2025-12-12 11:15,VltClsSE,3242.08,1,3203.19,38.89,1.21,62.31,1.95,0,0.00,1119.08,0.11
858,多头进场,2025-12-12 09:00,VltClsLE,3203.19,1,3203.19,38.89,1.21,62.31,1.95,0,0.00,1119.08,0.11
859,空头出场,2025-12-12 12:45,VltClsLE,3250.01,1,3242.08,-7.93,-0.24,3.83,0.12,-8.69,-0.27,1111.15,0.11
859,空头进场,2025-12-12 11:15,VltClsSE,3242.08,1,3242.08,-7.93,-0.24,3.83,0.12,-8.69,-0.27,1111.15,0.11
860,多头出场,2025-12-12 13:00,VltClsSE,3243.25,1,3250.01,-6.76,-0.21,1.75,0.05,-6.76,-0.21,1104.39,0.11
860,多头进场,2025-12-12 12:45,VltClsLE,3250.01,1,3250.01,-6.76,-0.21,1.75,0.05,-6.76,-0.21,1104.39,0.11
861,空头出场,2025-12-12 13:30,VltClsLE,3241.84,1,3243.25,1.41,0.04,10.46,0.32,-0.65,-0.02,1105.8,0.11
861,空头进场,2025-12-12 13:00,VltClsSE,3243.25,1,3243.25,1.41,0.04,10.46,0.32,-0.65,-0.02,1105.8,0.11
862,多头出场,2025-12-12 15:30,VltClsSE,3250.04,1,3241.84,8.2,0.25,23.16,0.71,0,0.00,1114,0.11
862,多头进场,2025-12-12 13:30,VltClsLE,3241.84,1,3241.84,8.2,0.25,23.16,0.71,0,0.00,1114,0.11
863,空头出场,2025-12-12 16:45,VltClsLE,3246.15,1,3250.04,3.89,0.12,15.44,0.48,-1.96,-0.06,1117.89,0.11
863,空头进场,2025-12-12 15:30,VltClsSE,3250.04,1,3250.04,3.89,0.12,15.44,0.48,-1.96,-0.06,1117.89,0.11
864,多头出场,2025-12-12 17:15,VltClsSE,3238.95,1,3246.15,-7.2,-0.22,4.54,0.14,-7.2,-0.22,1110.69,0.11
864,多头进场,2025-12-12 16:45,VltClsLE,3246.15,1,3246.15,-7.2,-0.22,4.54,0.14,-7.2,-0.22,1110.69,0.11
865,空头出场,2025-12-12 17:30,VltClsLE,3242.9,1,3238.95,-3.95,-0.12,6.17,0.19,-3.95,-0.12,1106.74,0.11
865,空头进场,2025-12-12 17:15,VltClsSE,3238.95,1,3238.95,-3.95,-0.12,6.17,0.19,-3.95,-0.12,1106.74,0.11
866,多头出场,2025-12-12 19:15,VltClsSE,3234.18,1,3242.9,-8.72,-0.27,12.8,0.39,-8.72,-0.27,1098.02,0.11
866,多头进场,2025-12-12 17:30,VltClsLE,3242.9,1,3242.9,-8.72,-0.27,12.8,0.39,-8.72,-0.27,1098.02,0.11
867,空头出场,2025-12-12 19:30,VltClsLE,3240.1,1,3234.18,-5.92,-0.18,8.26,0.26,-5.92,-0.18,1092.1,0.11
867,空头进场,2025-12-12 19:15,VltClsSE,3234.18,1,3234.18,-5.92,-0.18,8.26,0.26,-5.92,-0.18,1092.1,0.11
868,多头出场,2025-12-12 20:00,VltClsSE,3236.23,1,3240.1,-3.87,-0.12,3.4,0.10,-3.87,-0.12,1088.23,0.11
868,多头进场,2025-12-12 19:30,VltClsLE,3240.1,1,3240.1,-3.87,-0.12,3.4,0.10,-3.87,-0.12,1088.23,0.11
869,空头出场,2025-12-12 20:45,VltClsLE,3241.28,1,3236.23,-5.05,-0.16,2.59,0.08,-5.12,-0.16,1083.18,0.11
869,空头进场,2025-12-12 20:00,VltClsSE,3236.23,1,3236.23,-5.05,-0.16,2.59,0.08,-5.12,-0.16,1083.18,0.11
870,多头出场,2025-12-12 21:15,VltClsSE,3240.57,1,3241.28,-0.71,-0.02,10.03,0.31,-0.71,-0.02,1082.47,0.11
870,多头进场,2025-12-12 20:45,VltClsLE,3241.28,1,3241.28,-0.71,-0.02,10.03,0.31,-0.71,-0.02,1082.47,0.11
871,空头出场,2025-12-12 22:30,VltClsLE,3232.26,1,3240.57,8.31,0.26,24.43,0.75,-5.71,-0.18,1090.78,0.11
871,空头进场,2025-12-12 21:15,VltClsSE,3240.57,1,3240.57,8.31,0.26,24.43,0.75,-5.71,-0.18,1090.78,0.11
872,多头出场,2025-12-12 22:45,VltClsSE,3220.4,1,3232.26,-11.86,-0.37,15.74,0.49,-11.86,-0.37,1078.92,0.11
872,多头进场,2025-12-12 22:30,VltClsLE,3232.26,1,3232.26,-11.86,-0.37,15.74,0.49,-11.86,-0.37,1078.92,0.11
873,空头出场,2025-12-13 02:00,VltClsLE,3084.93,1,3220.4,135.47,4.21,175.09,5.44,-11.28,-0.35,1214.39,0.12
873,空头进场,2025-12-12 22:45,VltClsSE,3220.4,1,3220.4,135.47,4.21,175.09,5.44,-11.28,-0.35,1214.39,0.12
874,多头出场,2025-12-13 07:45,VltClsSE,3083.97,1,3084.93,-0.96,-0.03,12.9,0.42,-21.36,-0.69,1213.43,0.12
874,多头进场,2025-12-13 02:00,VltClsLE,3084.93,1,3084.93,-0.96,-0.03,12.9,0.42,-21.36,-0.69,1213.43,0.12
875,空头出场,2025-12-13 08:00,VltClsLE,3088.69,1,3083.97,-4.72,-0.15,0.97,0.03,-4.72,-0.15,1208.71,0.12
875,空头进场,2025-12-13 07:45,VltClsSE,3083.97,1,3083.97,-4.72,-0.15,0.97,0.03,-4.72,-0.15,1208.71,0.12
876,多头出场,2025-12-13 09:30,VltClsSE,3086.6,1,3088.69,-2.09,-0.07,6.55,0.21,-6.51,-0.21,1206.62,0.12
876,多头进场,2025-12-13 08:00,VltClsLE,3088.69,1,3088.69,-2.09,-0.07,6.55,0.21,-6.51,-0.21,1206.62,0.12
877,空头出场,2025-12-13 10:00,VltClsLE,3088.67,1,3086.6,-2.07,-0.07,8,0.26,-2.07,-0.07,1204.55,0.12
877,空头进场,2025-12-13 09:30,VltClsSE,3086.6,1,3086.6,-2.07,-0.07,8,0.26,-2.07,-0.07,1204.55,0.12
878,多头出场,2025-12-13 10:30,VltClsSE,3084.73,1,3088.67,-3.94,-0.13,0.72,0.02,-3.94,-0.13,1200.61,0.12
878,多头进场,2025-12-13 10:00,VltClsLE,3088.67,1,3088.67,-3.94,-0.13,0.72,0.02,-3.94,-0.13,1200.61,0.12
879,空头出场,2025-12-13 11:00,VltClsLE,3087.9,1,3084.73,-3.17,-0.10,1.1,0.04,-3.17,-0.10,1197.44,0.12
879,空头进场,2025-12-13 10:30,VltClsSE,3084.73,1,3084.73,-3.17,-0.10,1.1,0.04,-3.17,-0.10,1197.44,0.12
880,多头出场,2025-12-13 13:30,VltClsSE,3086.5,1,3087.9,-1.4,-0.05,5.41,0.18,-1.91,-0.06,1196.04,0.12
880,多头进场,2025-12-13 11:00,VltClsLE,3087.9,1,3087.9,-1.4,-0.05,5.41,0.18,-1.91,-0.06,1196.04,0.12
881,空头出场,2025-12-13 13:45,VltClsLE,3089.55,1,3086.5,-3.05,-0.10,2.39,0.08,-3.05,-0.10,1192.99,0.12
881,空头进场,2025-12-13 13:30,VltClsSE,3086.5,1,3086.5,-3.05,-0.10,2.39,0.08,-3.05,-0.10,1192.99,0.12
882,多头出场,2025-12-13 14:00,VltClsSE,3086.85,1,3089.55,-2.7,-0.09,0.05,0.00,-2.7,-0.09,1190.29,0.12
882,多头进场,2025-12-13 13:45,VltClsLE,3089.55,1,3089.55,-2.7,-0.09,0.05,0.00,-2.7,-0.09,1190.29,0.12
883,空头出场,2025-12-13 14:30,VltClsLE,3089.15,1,3086.85,-2.3,-0.07,2.25,0.07,-2.3,-0.07,1187.99,0.12
883,空头进场,2025-12-13 14:00,VltClsSE,3086.85,1,3086.85,-2.3,-0.07,2.25,0.07,-2.3,-0.07,1187.99,0.12
884,多头出场,2025-12-13 15:00,VltClsSE,3090.58,1,3089.15,1.43,0.05,6.7,0.22,0,0.00,1189.42,0.12
884,多头进场,2025-12-13 14:30,VltClsLE,3089.15,1,3089.15,1.43,0.05,6.7,0.22,0,0.00,1189.42,0.12
885,空头出场,2025-12-13 15:15,VltClsLE,3093.99,1,3090.58,-3.41,-0.11,0.39,0.01,-3.41,-0.11,1186.01,0.12
885,空头进场,2025-12-13 15:00,VltClsSE,3090.58,1,3090.58,-3.41,-0.11,0.39,0.01,-3.41,-0.11,1186.01,0.12
886,多头出场,2025-12-13 16:30,VltClsSE,3115.75,1,3093.99,21.76,0.70,38.65,1.25,-1.4,-0.05,1207.77,0.12
886,多头进场,2025-12-13 15:15,VltClsLE,3093.99,1,3093.99,21.76,0.70,38.65,1.25,-1.4,-0.05,1207.77,0.12
887,空头出场,2025-12-13 18:15,VltClsLE,3125.93,1,3115.75,-10.18,-0.33,6.4,0.21,-10.18,-0.33,1197.59,0.12
887,空头进场,2025-12-13 16:30,VltClsSE,3115.75,1,3115.75,-10.18,-0.33,6.4,0.21,-10.18,-0.33,1197.59,0.12
888,多头出场,2025-12-13 18:45,VltClsSE,3127.78,1,3125.93,1.85,0.06,9.75,0.31,0,0.00,1199.44,0.12
888,多头进场,2025-12-13 18:15,VltClsLE,3125.93,1,3125.93,1.85,0.06,9.75,0.31,0,0.00,1199.44,0.12
889,空头出场,2025-12-13 20:00,VltClsLE,3124.29,1,3127.78,3.49,0.11,12.39,0.40,-1.27,-0.04,1202.93,0.12
889,空头进场,2025-12-13 18:45,VltClsSE,3127.78,1,3127.78,3.49,0.11,12.39,0.40,-1.27,-0.04,1202.93,0.12
890,多头出场,2025-12-13 20:15,VltClsSE,3118.6,1,3124.29,-5.69,-0.18,3.51,0.11,-5.69,-0.18,1197.24,0.12
890,多头进场,2025-12-13 20:00,VltClsLE,3124.29,1,3124.29,-5.69,-0.18,3.51,0.11,-5.69,-0.18,1197.24,0.12
891,空头出场,2025-12-13 21:30,VltClsLE,3106.15,1,3118.6,12.45,0.40,23.48,0.75,-1.4,-0.04,1209.69,0.12
891,空头进场,2025-12-13 20:15,VltClsSE,3118.6,1,3118.6,12.45,0.40,23.48,0.75,-1.4,-0.04,1209.69,0.12
892,多头出场,2025-12-13 22:15,VltClsSE,3107.86,1,3106.15,1.71,0.06,9.95,0.32,-1.66,-0.05,1211.4,0.12
892,多头进场,2025-12-13 21:30,VltClsLE,3106.15,1,3106.15,1.71,0.06,9.95,0.32,-1.66,-0.05,1211.4,0.12
893,空头出场,2025-12-13 22:30,VltClsLE,3106.89,1,3107.86,0.97,0.03,11.57,0.37,0,0.00,1212.37,0.12
893,空头进场,2025-12-13 22:15,VltClsSE,3107.86,1,3107.86,0.97,0.03,11.57,0.37,0,0.00,1212.37,0.12
894,多头出场,2025-12-13 23:45,VltClsSE,3105.4,1,3106.89,-1.49,-0.05,17.12,0.55,-1.49,-0.05,1210.88,0.12
894,多头进场,2025-12-13 22:30,VltClsLE,3106.89,1,3106.89,-1.49,-0.05,17.12,0.55,-1.49,-0.05,1210.88,0.12
895,空头出场,2025-12-14 00:00,VltClsLE,3116.37,1,3105.4,-10.97,-0.35,0.44,0.01,-10.97,-0.35,1199.91,0.12
895,空头进场,2025-12-13 23:45,VltClsSE,3105.4,1,3105.4,-10.97,-0.35,0.44,0.01,-10.97,-0.35,1199.91,0.12
896,多头出场,2025-12-14 00:15,VltClsSE,3102.53,1,3116.37,-13.84,-0.44,0,0.00,-13.84,-0.44,1186.07,0.12
896,多头进场,2025-12-14 00:00,VltClsLE,3116.37,1,3116.37,-13.84,-0.44,0,0.00,-13.84,-0.44,1186.07,0.12
897,空头出场,2025-12-14 01:30,VltClsLE,3103.08,1,3102.53,-0.55,-0.02,6.48,0.21,-5.34,-0.17,1185.52,0.12
897,空头进场,2025-12-14 00:15,VltClsSE,3102.53,1,3102.53,-0.55,-0.02,6.48,0.21,-5.34,-0.17,1185.52,0.12
898,多头出场,2025-12-14 02:45,VltClsSE,3102.34,1,3103.08,-0.74,-0.02,7.94,0.26,-4.58,-0.15,1184.78,0.12
898,多头进场,2025-12-14 01:30,VltClsLE,3103.08,1,3103.08,-0.74,-0.02,7.94,0.26,-4.58,-0.15,1184.78,0.12
899,空头出场,2025-12-14 03:30,VltClsLE,3107.89,1,3102.34,-5.55,-0.18,3.4,0.11,-5.55,-0.18,1179.23,0.12
899,空头进场,2025-12-14 02:45,VltClsSE,3102.34,1,3102.34,-5.55,-0.18,3.4,0.11,-5.55,-0.18,1179.23,0.12
900,多头出场,2025-12-14 04:45,VltClsSE,3103.58,1,3107.89,-4.31,-0.14,3.33,0.11,-4.31,-0.14,1174.92,0.12
900,多头进场,2025-12-14 03:30,VltClsLE,3107.89,1,3107.89,-4.31,-0.14,3.33,0.11,-4.31,-0.14,1174.92,0.12
901,空头出场,2025-12-14 05:30,VltClsLE,3105.01,1,3103.58,-1.43,-0.05,4.9,0.16,-1.43,-0.05,1173.49,0.12
901,空头进场,2025-12-14 04:45,VltClsSE,3103.58,1,3103.58,-1.43,-0.05,4.9,0.16,-1.43,-0.05,1173.49,0.12
902,多头出场,2025-12-14 06:00,VltClsSE,3102.82,1,3105.01,-2.19,-0.07,14.78,0.48,-26.01,-0.84,1171.3,0.12
902,多头进场,2025-12-14 05:30,VltClsLE,3105.01,1,3105.01,-2.19,-0.07,14.78,0.48,-26.01,-0.84,1171.3,0.12
903,空头出场,2025-12-14 08:30,VltClsLE,3115.33,1,3102.82,-12.51,-0.40,0.31,0.01,-15.09,-0.49,1158.79,0.12
903,空头进场,2025-12-14 06:00,VltClsSE,3102.82,1,3102.82,-12.51,-0.40,0.31,0.01,-15.09,-0.49,1158.79,0.12
904,多头出场,2025-12-14 09:30,VltClsSE,3121.28,1,3115.33,5.95,0.19,14.21,0.46,0,0.00,1164.74,0.12
904,多头进场,2025-12-14 08:30,VltClsLE,3115.33,1,3115.33,5.95,0.19,14.21,0.46,0,0.00,1164.74,0.12
905,空头出场,2025-12-14 13:30,VltClsLE,3111.43,1,3121.28,9.85,0.32,16.69,0.53,-4.63,-0.15,1174.59,0.12
905,空头进场,2025-12-14 09:30,VltClsSE,3121.28,1,3121.28,9.85,0.32,16.69,0.53,-4.63,-0.15,1174.59,0.12
906,多头出场,2025-12-14 14:15,VltClsSE,3107.8,1,3111.43,-3.63,-0.12,3.69,0.12,-3.63,-0.12,1170.96,0.12
906,多头进场,2025-12-14 13:30,VltClsLE,3111.43,1,3111.43,-3.63,-0.12,3.69,0.12,-3.63,-0.12,1170.96,0.12
907,空头出场,2025-12-14 14:30,VltClsLE,3112.09,1,3107.8,-4.29,-0.14,2.59,0.08,-4.29,-0.14,1166.67,0.12
907,空头进场,2025-12-14 14:15,VltClsSE,3107.8,1,3107.8,-4.29,-0.14,2.59,0.08,-4.29,-0.14,1166.67,0.12
908,多头出场,2025-12-14 16:45,VltClsSE,3113.26,1,3112.09,1.17,0.04,7.81,0.25,-3.48,-0.11,1167.84,0.12
908,多头进场,2025-12-14 14:30,VltClsLE,3112.09,1,3112.09,1.17,0.04,7.81,0.25,-3.48,-0.11,1167.84,0.12
909,空头出场,2025-12-14 18:15,VltClsLE,3103.47,1,3113.26,9.79,0.31,19.46,0.63,-0.41,-0.01,1177.63,0.12
909,空头进场,2025-12-14 16:45,VltClsSE,3113.26,1,3113.26,9.79,0.31,19.46,0.63,-0.41,-0.01,1177.63,0.12
910,多头出场,2025-12-14 19:00,VltClsSE,3100.66,1,3103.47,-2.81,-0.09,9.3,0.30,-2.81,-0.09,1174.82,0.12
910,多头进场,2025-12-14 18:15,VltClsLE,3103.47,1,3103.47,-2.81,-0.09,9.3,0.30,-2.81,-0.09,1174.82,0.12
911,空头出场,2025-12-14 19:45,VltClsLE,3075.49,1,3100.66,25.17,0.81,50.65,1.63,-2.82,-0.09,1199.99,0.12
911,空头进场,2025-12-14 19:00,VltClsSE,3100.66,1,3100.66,25.17,0.81,50.65,1.63,-2.82,-0.09,1199.99,0.12
912,多头出场,2025-12-14 21:00,VltClsSE,3083.7,1,3075.49,8.21,0.27,32.69,1.06,-5.07,-0.16,1208.2,0.12
912,多头进场,2025-12-14 19:45,VltClsLE,3075.49,1,3075.49,8.21,0.27,32.69,1.06,-5.07,-0.16,1208.2,0.12
913,空头出场,2025-12-14 21:45,VltClsLE,3099.28,1,3083.7,-15.58,-0.51,6.18,0.20,-15.58,-0.51,1192.62,0.12
913,空头进场,2025-12-14 21:00,VltClsSE,3083.7,1,3083.7,-15.58,-0.51,6.18,0.20,-15.58,-0.51,1192.62,0.12
914,多头出场,2025-12-14 22:30,VltClsSE,3087.38,1,3099.28,-11.9,-0.38,8.35,0.27,-11.9,-0.38,1180.72,0.12
914,多头进场,2025-12-14 21:45,VltClsLE,3099.28,1,3099.28,-11.9,-0.38,8.35,0.27,-11.9,-0.38,1180.72,0.12
915,空头出场,2025-12-14 22:45,VltClsLE,3086.95,1,3087.38,0.43,0.01,12.74,0.41,0,0.00,1181.15,0.12
915,空头进场,2025-12-14 22:30,VltClsSE,3087.38,1,3087.38,0.43,0.01,12.74,0.41,0,0.00,1181.15,0.12
916,多头出场,2025-12-14 23:00,VltClsSE,3075.68,1,3086.95,-11.27,-0.37,1.28,0.04,-11.27,-0.37,1169.88,0.12
916,多头进场,2025-12-14 22:45,VltClsLE,3086.95,1,3086.95,-11.27,-0.37,1.28,0.04,-11.27,-0.37,1169.88,0.12
917,空头出场,2025-12-15 00:15,VltClsLE,3091.01,1,3075.68,-15.33,-0.50,5.18,0.17,-15.33,-0.50,1154.55,0.12
917,空头进场,2025-12-14 23:00,VltClsSE,3075.68,1,3075.68,-15.33,-0.50,5.18,0.17,-15.33,-0.50,1154.55,0.12
918,多头出场,2025-12-15 00:30,VltClsSE,3090.64,1,3091.01,-0.37,-0.01,16.88,0.55,-0.37,-0.01,1154.18,0.12
918,多头进场,2025-12-15 00:15,VltClsLE,3091.01,1,3091.01,-0.37,-0.01,16.88,0.55,-0.37,-0.01,1154.18,0.12
919,空头出场,2025-12-15 00:45,VltClsLE,3096.88,1,3090.64,-6.24,-0.20,6.96,0.23,-6.24,-0.20,1147.94,0.11
919,空头进场,2025-12-15 00:30,VltClsSE,3090.64,1,3090.64,-6.24,-0.20,6.96,0.23,-6.24,-0.20,1147.94,0.11
920,多头出场,2025-12-15 01:00,VltClsSE,3087.06,1,3096.88,-9.82,-0.32,7.06,0.23,-9.82,-0.32,1138.12,0.11
920,多头进场,2025-12-15 00:45,VltClsLE,3096.88,1,3096.88,-9.82,-0.32,7.06,0.23,-9.82,-0.32,1138.12,0.11
921,空头出场,2025-12-15 02:30,VltClsLE,3097.09,1,3087.06,-10.03,-0.32,12.77,0.41,-10.4,-0.34,1128.09,0.11
921,空头进场,2025-12-15 01:00,VltClsSE,3087.06,1,3087.06,-10.03,-0.32,12.77,0.41,-10.4,-0.34,1128.09,0.11
922,多头出场,2025-12-15 03:00,VltClsSE,3091.91,1,3097.09,-5.18,-0.17,8.1,0.26,-6.76,-0.22,1122.91,0.11
922,多头进场,2025-12-15 02:30,VltClsLE,3097.09,1,3097.09,-5.18,-0.17,8.1,0.26,-6.76,-0.22,1122.91,0.11
923,空头出场,2025-12-15 06:00,VltClsLE,3088.23,1,3091.91,3.68,0.12,28.76,0.93,-6.1,-0.20,1126.59,0.11
923,空头进场,2025-12-15 03:00,VltClsSE,3091.91,1,3091.91,3.68,0.12,28.76,0.93,-6.1,-0.20,1126.59,0.11
924,多头出场,2025-12-15 06:15,VltClsSE,3073.83,1,3088.23,-14.4,-0.47,1.24,0.04,-14.4,-0.47,1112.19,0.11
924,多头进场,2025-12-15 06:00,VltClsLE,3088.23,1,3088.23,-14.4,-0.47,1.24,0.04,-14.4,-0.47,1112.19,0.11
925,空头出场,2025-12-15 06:45,VltClsLE,3073.6,1,3073.83,0.23,0.01,19.42,0.63,-1.41,-0.05,1112.42,0.11
925,空头进场,2025-12-15 06:15,VltClsSE,3073.83,1,3073.83,0.23,0.01,19.42,0.63,-1.41,-0.05,1112.42,0.11
926,多头出场,2025-12-15 07:30,VltClsSE,3047.57,1,3073.6,-26.03,-0.85,17.6,0.57,-26.03,-0.85,1086.39,0.11
926,多头进场,2025-12-15 06:45,VltClsLE,3073.6,1,3073.6,-26.03,-0.85,17.6,0.57,-26.03,-0.85,1086.39,0.11
927,空头出场,2025-12-15 08:00,VltClsLE,3082.34,1,3047.57,-34.77,-1.14,23.13,0.76,-34.77,-1.14,1051.62,0.11
927,空头进场,2025-12-15 07:30,VltClsSE,3047.57,1,3047.57,-34.77,-1.14,23.13,0.76,-34.77,-1.14,1051.62,0.11
928,多头出场,2025-12-15 12:15,VltClsSE,3107.65,1,3082.34,25.31,0.82,68.58,2.22,-25.64,-0.83,1076.93,0.11
928,多头进场,2025-12-15 08:00,VltClsLE,3082.34,1,3082.34,25.31,0.82,68.58,2.22,-25.64,-0.83,1076.93,0.11
929,空头出场,2025-12-15 12:30,VltClsLE,3116.27,1,3107.65,-8.62,-0.28,3.63,0.12,-8.62,-0.28,1068.31,0.11
929,空头进场,2025-12-15 12:15,VltClsSE,3107.65,1,3107.65,-8.62,-0.28,3.63,0.12,-8.62,-0.28,1068.31,0.11
930,多头出场,2025-12-15 14:00,VltClsSE,3116.05,1,3116.27,-0.22,-0.01,10.86,0.35,-1.26,-0.04,1068.09,0.11
930,多头进场,2025-12-15 12:30,VltClsLE,3116.27,1,3116.27,-0.22,-0.01,10.86,0.35,-1.26,-0.04,1068.09,0.11
931,空头出场,2025-12-15 14:15,VltClsLE,3121.37,1,3116.05,-5.32,-0.17,0.58,0.02,-5.32,-0.17,1062.77,0.11
931,空头进场,2025-12-15 14:00,VltClsSE,3116.05,1,3116.05,-5.32,-0.17,0.58,0.02,-5.32,-0.17,1062.77,0.11
932,多头出场,2025-12-15 15:00,VltClsSE,3130.92,1,3121.37,9.55,0.31,23.63,0.76,-0.87,-0.03,1072.32,0.11
932,多头进场,2025-12-15 14:15,VltClsLE,3121.37,1,3121.37,9.55,0.31,23.63,0.76,-0.87,-0.03,1072.32,0.11
933,空头出场,2025-12-15 16:15,VltClsLE,3135.31,1,3130.92,-4.39,-0.14,8.05,0.26,-4.39,-0.14,1067.93,0.11
933,空头进场,2025-12-15 15:00,VltClsSE,3130.92,1,3130.92,-4.39,-0.14,8.05,0.26,-4.39,-0.14,1067.93,0.11
934,多头出场,2025-12-15 18:30,VltClsSE,3158.56,1,3135.31,23.25,0.74,42.19,1.35,0,0.00,1091.18,0.11
934,多头进场,2025-12-15 16:15,VltClsLE,3135.31,1,3135.31,23.25,0.74,42.19,1.35,0,0.00,1091.18,0.11
935,空头出场,2025-12-15 19:45,VltClsLE,3154.9,1,3158.56,3.66,0.12,12.56,0.40,-4.19,-0.13,1094.84,0.11
935,空头进场,2025-12-15 18:30,VltClsSE,3158.56,1,3158.56,3.66,0.12,12.56,0.40,-4.19,-0.13,1094.84,0.11
936,多头出场,2025-12-15 20:00,VltClsSE,3150.48,1,3154.9,-4.42,-0.14,2.93,0.09,-4.42,-0.14,1090.42,0.11
936,多头进场,2025-12-15 19:45,VltClsLE,3154.9,1,3154.9,-4.42,-0.14,2.93,0.09,-4.42,-0.14,1090.42,0.11
937,空头出场,2025-12-15 22:30,VltClsLE,3139.74,1,3150.48,10.74,0.34,35.35,1.12,-8.66,-0.27,1101.16,0.11
937,空头进场,2025-12-15 20:00,VltClsSE,3150.48,1,3150.48,10.74,0.34,35.35,1.12,-8.66,-0.27,1101.16,0.11
938,多头出场,2025-12-15 22:45,VltClsSE,3110.11,1,3139.74,-29.63,-0.94,7.17,0.23,-29.63,-0.94,1071.53,0.11
938,多头进场,2025-12-15 22:30,VltClsLE,3139.74,1,3139.74,-29.63,-0.94,7.17,0.23,-29.63,-0.94,1071.53,0.11
939,空头出场,2025-12-16 00:45,VltClsLE,2992.71,1,3110.11,117.4,3.77,142.83,4.59,0,0.00,1188.93,0.12
939,空头进场,2025-12-15 22:45,VltClsSE,3110.11,1,3110.11,117.4,3.77,142.83,4.59,0,0.00,1188.93,0.12
940,多头出场,2025-12-16 01:30,VltClsSE,2957.32,1,2992.71,-35.39,-1.18,0.91,0.03,-35.39,-1.18,1153.54,0.12
940,多头进场,2025-12-16 00:45,VltClsLE,2992.71,1,2992.71,-35.39,-1.18,0.91,0.03,-35.39,-1.18,1153.54,0.12
941,空头出场,2025-12-16 02:45,VltClsLE,2937.8,1,2957.32,19.52,0.66,62.75,2.12,-0.06,0.00,1173.06,0.12
941,空头进场,2025-12-16 01:30,VltClsSE,2957.32,1,2957.32,19.52,0.66,62.75,2.12,-0.06,0.00,1173.06,0.12
942,多头出场,2025-12-16 04:00,VltClsSE,2922.98,1,2937.8,-14.82,-0.50,26.7,0.91,-14.82,-0.50,1158.24,0.12
942,多头进场,2025-12-16 02:45,VltClsLE,2937.8,1,2937.8,-14.82,-0.50,26.7,0.91,-14.82,-0.50,1158.24,0.12
943,空头出场,2025-12-16 04:30,VltClsLE,2936.8,1,2922.98,-13.82,-0.47,6.31,0.22,-13.82,-0.47,1144.42,0.11
943,空头进场,2025-12-16 04:00,VltClsSE,2922.98,1,2922.98,-13.82,-0.47,6.31,0.22,-13.82,-0.47,1144.42,0.11
944,多头出场,2025-12-16 07:15,VltClsSE,2960.28,1,2936.8,23.48,0.80,32.49,1.11,-17.55,-0.60,1167.9,0.12
944,多头进场,2025-12-16 04:30,VltClsLE,2936.8,1,2936.8,23.48,0.80,32.49,1.11,-17.55,-0.60,1167.9,0.12
945,空头出场,2025-12-16 09:00,VltClsLE,2953.86,1,2960.28,6.42,0.22,22.87,0.77,-17.98,-0.61,1174.32,0.12
945,空头进场,2025-12-16 07:15,VltClsSE,2960.28,1,2960.28,6.42,0.22,22.87,0.77,-17.98,-0.61,1174.32,0.12
946,多头出场,2025-12-16 09:30,VltClsSE,2935.53,1,2953.86,-18.33,-0.62,8.08,0.27,-18.33,-0.62,1155.99,0.12
946,多头进场,2025-12-16 09:00,VltClsLE,2953.86,1,2953.86,-18.33,-0.62,8.08,0.27,-18.33,-0.62,1155.99,0.12
947,空头出场,2025-12-16 10:15,VltClsLE,2959.29,1,2935.53,-23.76,-0.81,0.28,0.01,-23.76,-0.81,1132.23,0.11
947,空头进场,2025-12-16 09:30,VltClsSE,2935.53,1,2935.53,-23.76,-0.81,0.28,0.01,-23.76,-0.81,1132.23,0.11
948,多头出场,2025-12-16 10:45,VltClsSE,2943.22,1,2959.29,-16.07,-0.54,7.05,0.24,-16.07,-0.54,1116.16,0.11
948,多头进场,2025-12-16 10:15,VltClsLE,2959.29,1,2959.29,-16.07,-0.54,7.05,0.24,-16.07,-0.54,1116.16,0.11
949,空头出场,2025-12-16 14:00,VltClsLE,2935.78,1,2943.22,7.44,0.25,67.22,2.28,-7.28,-0.25,1123.6,0.11
949,空头进场,2025-12-16 10:45,VltClsSE,2943.22,1,2943.22,7.44,0.25,67.22,2.28,-7.28,-0.25,1123.6,0.11
950,多头出场,2025-12-16 15:00,VltClsSE,2937.78,1,2935.78,2,0.07,15.67,0.53,-2.28,-0.08,1125.6,0.11
950,多头进场,2025-12-16 14:00,VltClsLE,2935.78,1,2935.78,2,0.07,15.67,0.53,-2.28,-0.08,1125.6,0.11
951,空头出场,2025-12-16 15:45,VltClsLE,2928.32,1,2937.78,9.46,0.32,19.57,0.67,-0.34,-0.01,1135.06,0.11
951,空头进场,2025-12-16 15:00,VltClsSE,2937.78,1,2937.78,9.46,0.32,19.57,0.67,-0.34,-0.01,1135.06,0.11
952,多头出场,2025-12-16 16:15,VltClsSE,2921.4,1,2928.32,-6.92,-0.24,5.89,0.20,-6.92,-0.24,1128.14,0.11
952,多头进场,2025-12-16 15:45,VltClsLE,2928.32,1,2928.32,-6.92,-0.24,5.89,0.20,-6.92,-0.24,1128.14,0.11
953,空头出场,2025-12-16 18:30,VltClsLE,2935.26,1,2921.4,-13.86,-0.47,1.38,0.05,-18.92,-0.65,1114.28,0.11
953,空头进场,2025-12-16 16:15,VltClsSE,2921.4,1,2921.4,-13.86,-0.47,1.38,0.05,-18.92,-0.65,1114.28,0.11
954,多头出场,2025-12-16 18:45,VltClsSE,2945.21,1,2935.26,9.95,0.34,28.88,0.98,0,0.00,1124.23,0.11
954,多头进场,2025-12-16 18:30,VltClsLE,2935.26,1,2935.26,9.95,0.34,28.88,0.98,0,0.00,1124.23,0.11
955,空头出场,2025-12-16 21:15,VltClsLE,2960.4,1,2945.21,-15.19,-0.52,7.2,0.24,-18.96,-0.64,1109.04,0.11
955,空头进场,2025-12-16 18:45,VltClsSE,2945.21,1,2945.21,-15.19,-0.52,7.2,0.24,-18.96,-0.64,1109.04,0.11
956,多头出场,2025-12-16 21:30,VltClsSE,2955.72,1,2960.4,-4.68,-0.16,21.47,0.73,-4.68,-0.16,1104.36,0.11
956,多头进场,2025-12-16 21:15,VltClsLE,2960.4,1,2960.4,-4.68,-0.16,21.47,0.73,-4.68,-0.16,1104.36,0.11
957,空头出场,2025-12-16 23:45,VltClsLE,2959.7,1,2955.72,-3.98,-0.13,68.97,2.33,-4.44,-0.15,1100.38,0.11
957,空头进场,2025-12-16 21:30,VltClsSE,2955.72,1,2955.72,-3.98,-0.13,68.97,2.33,-4.44,-0.15,1100.38,0.11
958,多头出场,2025-12-17 00:00,VltClsSE,2941.89,1,2959.7,-17.81,-0.60,16.29,0.55,-17.81,-0.60,1082.57,0.11
958,多头进场,2025-12-16 23:45,VltClsLE,2959.7,1,2959.7,-17.81,-0.60,16.29,0.55,-17.81,-0.60,1082.57,0.11
959,空头出场,2025-12-17 02:30,VltClsLE,2943.2,1,2941.89,-1.31,-0.04,29.74,1.01,-15.9,-0.54,1081.26,0.11
959,空头进场,2025-12-17 00:00,VltClsSE,2941.89,1,2941.89,-1.31,-0.04,29.74,1.01,-15.9,-0.54,1081.26,0.11
960,多头出场,2025-12-17 03:00,VltClsSE,2939.11,1,2943.2,-4.09,-0.14,24.8,0.84,-4.09,-0.14,1077.17,0.11
960,多头进场,2025-12-17 02:30,VltClsLE,2943.2,1,2943.2,-4.09,-0.14,24.8,0.84,-4.09,-0.14,1077.17,0.11
961,空头出场,2025-12-17 03:30,VltClsLE,2944.67,1,2939.11,-5.56,-0.19,18.47,0.63,-5.56,-0.19,1071.61,0.11
961,空头进场,2025-12-17 03:00,VltClsSE,2939.11,1,2939.11,-5.56,-0.19,18.47,0.63,-5.56,-0.19,1071.61,0.11
962,多头出场,2025-12-17 04:45,VltClsSE,2950.19,1,2944.67,5.52,0.19,18.66,0.63,-2.53,-0.09,1077.13,0.11
962,多头进场,2025-12-17 03:30,VltClsLE,2944.67,1,2944.67,5.52,0.19,18.66,0.63,-2.53,-0.09,1077.13,0.11
963,空头出场,2025-12-17 05:30,VltClsLE,2957.85,1,2950.19,-7.66,-0.26,12.11,0.41,-7.66,-0.26,1069.47,0.11
963,空头进场,2025-12-17 04:45,VltClsSE,2950.19,1,2950.19,-7.66,-0.26,12.11,0.41,-7.66,-0.26,1069.47,0.11
964,多头出场,2025-12-17 07:00,VltClsSE,2948.07,1,2957.85,-9.78,-0.33,3.15,0.11,-13.5,-0.46,1059.69,0.11
964,多头进场,2025-12-17 05:30,VltClsLE,2957.85,1,2957.85,-9.78,-0.33,3.15,0.11,-13.5,-0.46,1059.69,0.11
965,空头出场,2025-12-17 07:30,VltClsLE,2958.91,1,2948.07,-10.84,-0.37,0,0.00,-10.84,-0.37,1048.85,0.10
965,空头进场,2025-12-17 07:00,VltClsSE,2948.07,1,2948.07,-10.84,-0.37,0,0.00,-10.84,-0.37,1048.85,0.10
966,多头出场,2025-12-17 08:00,VltClsSE,2956.85,1,2958.91,-2.06,-0.07,6.82,0.23,-2.06,-0.07,1046.79,0.10
966,多头进场,2025-12-17 07:30,VltClsLE,2958.91,1,2958.91,-2.06,-0.07,6.82,0.23,-2.06,-0.07,1046.79,0.10
967,空头出场,2025-12-17 09:00,VltClsLE,2955.78,1,2956.85,1.07,0.04,12.69,0.43,0,0.00,1047.86,0.10
967,空头进场,2025-12-17 08:00,VltClsSE,2956.85,1,2956.85,1.07,0.04,12.69,0.43,0,0.00,1047.86,0.10
968,多头出场,2025-12-17 10:00,VltClsSE,2945.6,1,2955.78,-10.18,-0.34,18.49,0.63,-10.18,-0.34,1037.68,0.10
968,多头进场,2025-12-17 09:00,VltClsLE,2955.78,1,2955.78,-10.18,-0.34,18.49,0.63,-10.18,-0.34,1037.68,0.10
969,空头出场,2025-12-17 14:00,VltClsLE,2940.71,1,2945.6,4.89,0.17,31.65,1.07,-19.06,-0.65,1042.57,0.10
969,空头进场,2025-12-17 10:00,VltClsSE,2945.6,1,2945.6,4.89,0.17,31.65,1.07,-19.06,-0.65,1042.57,0.10
970,多头出场,2025-12-17 16:00,VltClsSE,2941.62,1,2940.71,0.91,0.03,13.27,0.45,-8.62,-0.29,1043.48,0.10
970,多头进场,2025-12-17 14:00,VltClsLE,2940.71,1,2940.71,0.91,0.03,13.27,0.45,-8.62,-0.29,1043.48,0.10
971,空头出场,2025-12-17 19:00,VltClsLE,2928.22,1,2941.62,13.4,0.46,33.06,1.12,-2.42,-0.08,1056.88,0.11
971,空头进场,2025-12-17 16:00,VltClsSE,2941.62,1,2941.62,13.4,0.46,33.06,1.12,-2.42,-0.08,1056.88,0.11
972,多头出场,2025-12-17 20:15,VltClsSE,2928.45,1,2928.22,0.23,0.01,7.74,0.26,-2.02,-0.07,1057.11,0.11
972,多头进场,2025-12-17 19:00,VltClsLE,2928.22,1,2928.22,0.23,0.01,7.74,0.26,-2.02,-0.07,1057.11,0.11
973,空头出场,2025-12-17 20:30,VltClsLE,2931.66,1,2928.45,-3.21,-0.11,8.41,0.29,-3.21,-0.11,1053.9,0.11
973,空头进场,2025-12-17 20:15,VltClsSE,2928.45,1,2928.45,-3.21,-0.11,8.41,0.29,-3.21,-0.11,1053.9,0.11
974,多头出场,2025-12-17 22:30,VltClsSE,2933.1,1,2931.66,1.44,0.05,22.34,0.76,-13.45,-0.46,1055.34,0.11
974,多头进场,2025-12-17 20:30,VltClsLE,2931.66,1,2931.66,1.44,0.05,22.34,0.76,-13.45,-0.46,1055.34,0.11
975,空头出场,2025-12-17 22:45,VltClsLE,2939.11,1,2933.1,-6.01,-0.20,46.3,1.58,-6.01,-0.20,1049.33,0.10
975,空头进场,2025-12-17 22:30,VltClsSE,2933.1,1,2933.1,-6.01,-0.20,46.3,1.58,-6.01,-0.20,1049.33,0.10
976,多头出场,2025-12-17 23:30,VltClsSE,2980.02,1,2939.11,40.91,1.39,91.81,3.12,0,0.00,1090.24,0.11
976,多头进场,2025-12-17 22:45,VltClsLE,2939.11,1,2939.11,40.91,1.39,91.81,3.12,0,0.00,1090.24,0.11
977,空头出场,2025-12-18 03:15,VltClsLE,2815.89,1,2980.02,164.13,5.51,189,6.34,0,0.00,1254.37,0.13
977,空头进场,2025-12-17 23:30,VltClsSE,2980.02,1,2980.02,164.13,5.51,189,6.34,0,0.00,1254.37,0.13
978,多头出场,2025-12-18 04:00,VltClsSE,2805.35,1,2815.89,-10.54,-0.37,5.71,0.20,-19.34,-0.69,1243.83,0.12
978,多头进场,2025-12-18 03:15,VltClsLE,2815.89,1,2815.89,-10.54,-0.37,5.71,0.20,-19.34,-0.69,1243.83,0.12
979,空头出场,2025-12-18 04:15,VltClsLE,2822.12,1,2805.35,-16.77,-0.60,7.35,0.26,-16.77,-0.60,1227.06,0.12
979,空头进场,2025-12-18 04:00,VltClsSE,2805.35,1,2805.35,-16.77,-0.60,7.35,0.26,-16.77,-0.60,1227.06,0.12
980,多头出场,2025-12-18 07:00,VltClsSE,2825.64,1,2822.12,3.52,0.12,15.68,0.56,-10.46,-0.37,1230.58,0.12
980,多头进场,2025-12-18 04:15,VltClsLE,2822.12,1,2822.12,3.52,0.12,15.68,0.56,-10.46,-0.37,1230.58,0.12
981,空头出场,2025-12-18 10:00,VltClsLE,2834.43,1,2825.64,-8.79,-0.31,7.45,0.26,-12.8,-0.45,1221.79,0.12
981,空头进场,2025-12-18 07:00,VltClsSE,2825.64,1,2825.64,-8.79,-0.31,7.45,0.26,-12.8,-0.45,1221.79,0.12
982,多头出场,2025-12-18 11:15,VltClsSE,2827.11,1,2834.43,-7.32,-0.26,13.22,0.47,-7.32,-0.26,1214.47,0.12
982,多头进场,2025-12-18 10:00,VltClsLE,2834.43,1,2834.43,-7.32,-0.26,13.22,0.47,-7.32,-0.26,1214.47,0.12
983,空头出场,2025-12-18 12:00,VltClsLE,2837.85,1,2827.11,-10.74,-0.38,4.61,0.16,-10.74,-0.38,1203.73,0.12
983,空头进场,2025-12-18 11:15,VltClsSE,2827.11,1,2827.11,-10.74,-0.38,4.61,0.16,-10.74,-0.38,1203.73,0.12
984,多头出场,2025-12-18 13:00,VltClsSE,2833.82,1,2837.85,-4.03,-0.14,3.91,0.14,-5.12,-0.18,1199.7,0.12
984,多头进场,2025-12-18 12:00,VltClsLE,2837.85,1,2837.85,-4.03,-0.14,3.91,0.14,-5.12,-0.18,1199.7,0.12
985,空头出场,2025-12-18 13:30,VltClsLE,2831.75,1,2833.82,2.07,0.07,9.6,0.34,0,0.00,1201.77,0.12
985,空头进场,2025-12-18 13:00,VltClsSE,2833.82,1,2833.82,2.07,0.07,9.6,0.34,0,0.00,1201.77,0.12
986,多头出场,2025-12-18 13:45,VltClsSE,2826.32,1,2831.75,-5.43,-0.19,2.06,0.07,-5.43,-0.19,1196.34,0.12
986,多头进场,2025-12-18 13:30,VltClsLE,2831.75,1,2831.75,-5.43,-0.19,2.06,0.07,-5.43,-0.19,1196.34,0.12
987,空头出场,2025-12-18 14:00,VltClsLE,2831.1,1,2826.32,-4.78,-0.17,3.34,0.12,-4.78,-0.17,1191.56,0.12
987,空头进场,2025-12-18 13:45,VltClsSE,2826.32,1,2826.32,-4.78,-0.17,3.34,0.12,-4.78,-0.17,1191.56,0.12
988,多头出场,2025-12-18 16:00,VltClsSE,2832.88,1,2831.1,1.78,0.06,8.9,0.31,-5.56,-0.20,1193.34,0.12
988,多头进场,2025-12-18 14:00,VltClsLE,2831.1,1,2831.1,1.78,0.06,8.9,0.31,-5.56,-0.20,1193.34,0.12
989,空头出场,2025-12-18 16:15,VltClsLE,2842.83,1,2832.88,-9.95,-0.35,0.89,0.03,-9.95,-0.35,1183.39,0.12
989,空头进场,2025-12-18 16:00,VltClsSE,2832.88,1,2832.88,-9.95,-0.35,0.89,0.03,-9.95,-0.35,1183.39,0.12
990,多头出场,2025-12-18 17:00,VltClsSE,2836.07,1,2842.83,-6.76,-0.24,9.33,0.33,-6.76,-0.24,1176.63,0.12
990,多头进场,2025-12-18 16:15,VltClsLE,2842.83,1,2842.83,-6.76,-0.24,9.33,0.33,-6.76,-0.24,1176.63,0.12
991,空头出场,2025-12-18 17:15,VltClsLE,2845.1,1,2836.07,-9.03,-0.32,1.35,0.05,-9.03,-0.32,1167.6,0.12
991,空头进场,2025-12-18 17:00,VltClsSE,2836.07,1,2836.07,-9.03,-0.32,1.35,0.05,-9.03,-0.32,1167.6,0.12
992,多头出场,2025-12-18 19:00,VltClsSE,2854.61,1,2845.1,9.51,0.33,19.36,0.68,0,0.00,1177.11,0.12
992,多头进场,2025-12-18 17:15,VltClsLE,2845.1,1,2845.1,9.51,0.33,19.36,0.68,0,0.00,1177.11,0.12
993,空头出场,2025-12-18 20:15,VltClsLE,2859.54,1,2854.61,-4.93,-0.17,4.36,0.15,-7.98,-0.28,1172.18,0.12
993,空头进场,2025-12-18 19:00,VltClsSE,2854.61,1,2854.61,-4.93,-0.17,4.36,0.15,-7.98,-0.28,1172.18,0.12
994,多头出场,2025-12-18 20:45,VltClsSE,2865.92,1,2859.54,6.38,0.22,15.45,0.54,-1.21,-0.04,1178.56,0.12
994,多头进场,2025-12-18 20:15,VltClsLE,2859.54,1,2859.54,6.38,0.22,15.45,0.54,-1.21,-0.04,1178.56,0.12
995,空头出场,2025-12-18 21:00,VltClsLE,2878.11,1,2865.92,-12.19,-0.43,1.04,0.04,-12.19,-0.43,1166.37,0.12
995,空头进场,2025-12-18 20:45,VltClsSE,2865.92,1,2865.92,-12.19,-0.43,1.04,0.04,-12.19,-0.43,1166.37,0.12
996,多头出场,2025-12-18 21:15,VltClsSE,2892.44,1,2878.11,14.33,0.50,32.2,1.12,0,0.00,1180.7,0.12
996,多头进场,2025-12-18 21:00,VltClsLE,2878.11,1,2878.11,14.33,0.50,32.2,1.12,0,0.00,1180.7,0.12
997,空头出场,2025-12-18 21:30,VltClsLE,2904.72,1,2892.44,-12.28,-0.42,5.22,0.18,-12.28,-0.42,1168.42,0.12
997,空头进场,2025-12-18 21:15,VltClsSE,2892.44,1,2892.44,-12.28,-0.42,5.22,0.18,-12.28,-0.42,1168.42,0.12
998,多头出场,2025-12-18 22:00,VltClsSE,2938.49,1,2904.72,33.77,1.16,87.28,3.00,0,0.00,1202.19,0.12
998,多头进场,2025-12-18 21:30,VltClsLE,2904.72,1,2904.72,33.77,1.16,87.28,3.00,0,0.00,1202.19,0.12
999,空头出场,2025-12-18 22:15,VltClsLE,2968.54,1,2938.49,-30.05,-1.02,4.26,0.14,-30.05,-1.02,1172.14,0.12
999,空头进场,2025-12-18 22:00,VltClsSE,2938.49,1,2938.49,-30.05,-1.02,4.26,0.14,-30.05,-1.02,1172.14,0.12
1000,多头出场,2025-12-18 22:30,VltClsSE,2928.39,1,2968.54,-40.15,-1.35,19.46,0.66,-40.15,-1.35,1131.99,0.11
1000,多头进场,2025-12-18 22:15,VltClsLE,2968.54,1,2968.54,-40.15,-1.35,19.46,0.66,-40.15,-1.35,1131.99,0.11
1001,空头出场,2025-12-18 23:15,VltClsLE,2972.85,1,2928.39,-44.46,-1.52,5.08,0.17,-44.46,-1.52,1087.53,0.11
1001,空头进场,2025-12-18 22:30,VltClsSE,2928.39,1,2928.39,-44.46,-1.52,5.08,0.17,-44.46,-1.52,1087.53,0.11
1002,多头出场,2025-12-19 01:00,VltClsSE,2929.51,1,2972.85,-43.34,-1.46,24.55,0.83,-43.74,-1.47,1044.19,0.10
1002,多头进场,2025-12-18 23:15,VltClsLE,2972.85,1,2972.85,-43.34,-1.46,24.55,0.83,-43.74,-1.47,1044.19,0.10
1003,空头出场,2025-12-19 04:00,VltClsLE,2802.2,1,2929.51,127.31,4.35,154.32,5.27,0,0.00,1171.5,0.12
1003,空头进场,2025-12-19 01:00,VltClsSE,2929.51,1,2929.51,127.31,4.35,154.32,5.27,0,0.00,1171.5,0.12
1004,多头出场,2025-12-19 07:15,VltClsSE,2825.08,1,2802.2,22.88,0.82,36.05,1.29,-22.04,-0.79,1194.38,0.12
1004,多头进场,2025-12-19 04:00,VltClsLE,2802.2,1,2802.2,22.88,0.82,36.05,1.29,-22.04,-0.79,1194.38,0.12
1005,空头出场,2025-12-19 08:00,VltClsLE,2834.55,1,2825.08,-9.47,-0.34,1.28,0.05,-9.47,-0.34,1184.91,0.12
1005,空头进场,2025-12-19 07:15,VltClsSE,2825.08,1,2825.08,-9.47,-0.34,1.28,0.05,-9.47,-0.34,1184.91,0.12
1006,多头出场,2025-12-19 08:30,VltClsSE,2817.43,1,2834.55,-17.12,-0.60,6.56,0.23,-17.12,-0.60,1167.79,0.12
1006,多头进场,2025-12-19 08:00,VltClsLE,2834.55,1,2834.55,-17.12,-0.60,6.56,0.23,-17.12,-0.60,1167.79,0.12
1007,空头出场,2025-12-19 08:45,VltClsLE,2823.25,1,2817.43,-5.82,-0.21,2.94,0.10,-5.82,-0.21,1161.97,0.12
1007,空头进场,2025-12-19 08:30,VltClsSE,2817.43,1,2817.43,-5.82,-0.21,2.94,0.10,-5.82,-0.21,1161.97,0.12
1008,多头出场,2025-12-19 09:45,VltClsSE,2812.42,1,2823.25,-10.83,-0.38,10.25,0.36,-10.83,-0.38,1151.14,0.12
1008,多头进场,2025-12-19 08:45,VltClsLE,2823.25,1,2823.25,-10.83,-0.38,10.25,0.36,-10.83,-0.38,1151.14,0.12
1009,空头出场,2025-12-19 10:15,VltClsLE,2827.02,1,2812.42,-14.6,-0.52,3.79,0.13,-14.6,-0.52,1136.54,0.11
1009,空头进场,2025-12-19 09:45,VltClsSE,2812.42,1,2812.42,-14.6,-0.52,3.79,0.13,-14.6,-0.52,1136.54,0.11
1010,多头出场,2025-12-19 11:15,VltClsSE,2856.66,1,2827.02,29.64,1.05,46.4,1.64,-1.52,-0.05,1166.18,0.12
1010,多头进场,2025-12-19 10:15,VltClsLE,2827.02,1,2827.02,29.64,1.05,46.4,1.64,-1.52,-0.05,1166.18,0.12
1011,空头出场,2025-12-19 11:30,VltClsLE,2932.52,1,2856.66,-75.86,-2.66,12.7,0.44,-75.86,-2.66,1090.32,0.11
1011,空头进场,2025-12-19 11:15,VltClsSE,2856.66,1,2856.66,-75.86,-2.66,12.7,0.44,-75.86,-2.66,1090.32,0.11
1012,多头出场,2025-12-19 13:15,VltClsSE,2914.65,1,2932.52,-17.87,-0.61,4.34,0.15,-47.82,-1.63,1072.45,0.11
1012,多头进场,2025-12-19 11:30,VltClsLE,2932.52,1,2932.52,-17.87,-0.61,4.34,0.15,-47.82,-1.63,1072.45,0.11
1013,空头出场,2025-12-19 14:45,VltClsLE,2934.32,1,2914.65,-19.67,-0.67,2.93,0.10,-19.67,-0.67,1052.78,0.11
1013,空头进场,2025-12-19 13:15,VltClsSE,2914.65,1,2914.65,-19.67,-0.67,2.93,0.10,-19.67,-0.67,1052.78,0.11
1014,多头出场,2025-12-19 15:15,VltClsSE,2955.6,1,2934.32,21.28,0.73,50.01,1.70,0,0.00,1074.06,0.11
1014,多头进场,2025-12-19 14:45,VltClsLE,2934.32,1,2934.32,21.28,0.73,50.01,1.70,0,0.00,1074.06,0.11
1015,空头出场,2025-12-19 16:30,VltClsLE,2951.64,1,2955.6,3.96,0.13,17.59,0.60,-9.05,-0.31,1078.02,0.11
1015,空头进场,2025-12-19 15:15,VltClsSE,2955.6,1,2955.6,3.96,0.13,17.59,0.60,-9.05,-0.31,1078.02,0.11
1016,多头出场,2025-12-19 19:45,VltClsSE,2963.95,1,2951.64,12.31,0.42,19.93,0.68,-5.4,-0.18,1090.33,0.11
1016,多头进场,2025-12-19 16:30,VltClsLE,2951.64,1,2951.64,12.31,0.42,19.93,0.68,-5.4,-0.18,1090.33,0.11
1017,空头出场,2025-12-19 22:00,VltClsLE,2968.95,1,2963.95,-5,-0.17,17.81,0.60,-5,-0.17,1085.33,0.11
1017,空头进场,2025-12-19 19:45,VltClsSE,2963.95,1,2963.95,-5,-0.17,17.81,0.60,-5,-0.17,1085.33,0.11
1018,多头出场,2025-12-19 22:15,VltClsSE,2964.47,1,2968.95,-4.48,-0.15,19.57,0.66,-4.48,-0.15,1080.85,0.11
1018,多头进场,2025-12-19 22:00,VltClsLE,2968.95,1,2968.95,-4.48,-0.15,19.57,0.66,-4.48,-0.15,1080.85,0.11
1019,空头出场,2025-12-19 22:30,VltClsLE,2974.45,1,2964.47,-9.98,-0.34,21.34,0.72,-9.98,-0.34,1070.87,0.11
1019,空头进场,2025-12-19 22:15,VltClsSE,2964.47,1,2964.47,-9.98,-0.34,21.34,0.72,-9.98,-0.34,1070.87,0.11
1020,多头出场,2025-12-19 22:45,VltClsSE,2973.46,1,2974.45,-0.99,-0.03,19.87,0.67,-0.99,-0.03,1069.88,0.11
1020,多头进场,2025-12-19 22:30,VltClsLE,2974.45,1,2974.45,-0.99,-0.03,19.87,0.67,-0.99,-0.03,1069.88,0.11
1021,空头出场,2025-12-19 23:15,VltClsLE,3013.36,1,2973.46,-39.9,-1.34,12.5,0.42,-39.9,-1.34,1029.98,0.10
1021,空头进场,2025-12-19 22:45,VltClsSE,2973.46,1,2973.46,-39.9,-1.34,12.5,0.42,-39.9,-1.34,1029.98,0.10
1022,多头出场,2025-12-20 00:45,VltClsSE,2965.8,1,3013.36,-47.56,-1.58,6.64,0.22,-59.46,-1.97,982.42,0.10
1022,多头进场,2025-12-19 23:15,VltClsLE,3013.36,1,3013.36,-47.56,-1.58,6.64,0.22,-59.46,-1.97,982.42,0.10
1023,空头出场,2025-12-20 01:00,VltClsLE,2982.16,1,2965.8,-16.36,-0.55,5.54,0.19,-16.36,-0.55,966.06,0.10
1023,空头进场,2025-12-20 00:45,VltClsSE,2965.8,1,2965.8,-16.36,-0.55,5.54,0.19,-16.36,-0.55,966.06,0.10
1024,多头出场,2025-12-20 01:30,VltClsSE,2954.58,1,2982.16,-27.58,-0.92,11.17,0.37,-27.58,-0.92,938.48,0.09
1024,多头进场,2025-12-20 01:00,VltClsLE,2982.16,1,2982.16,-27.58,-0.92,11.17,0.37,-27.58,-0.92,938.48,0.09
1025,空头出场,2025-12-20 02:15,VltClsLE,2968.28,1,2954.58,-13.7,-0.46,18.28,0.62,-19.17,-0.65,924.78,0.09
1025,空头进场,2025-12-20 01:30,VltClsSE,2954.58,1,2954.58,-13.7,-0.46,18.28,0.62,-19.17,-0.65,924.78,0.09
1026,多头出场,2025-12-20 07:00,VltClsSE,2981.73,1,2968.28,13.45,0.45,34.74,1.17,-17.01,-0.57,938.23,0.09
1026,多头进场,2025-12-20 02:15,VltClsLE,2968.28,1,2968.28,13.45,0.45,34.74,1.17,-17.01,-0.57,938.23,0.09
1027,空头出场,2025-12-20 09:00,VltClsLE,2979.61,1,2981.73,2.12,0.07,10.75,0.36,-5.47,-0.18,940.35,0.09
1027,空头进场,2025-12-20 07:00,VltClsSE,2981.73,1,2981.73,2.12,0.07,10.75,0.36,-5.47,-0.18,940.35,0.09
1028,多头出场,2025-12-20 10:45,VltClsSE,2985.11,1,2979.61,5.5,0.18,10.39,0.35,-5.85,-0.20,945.85,0.09
1028,多头进场,2025-12-20 09:00,VltClsLE,2979.61,1,2979.61,5.5,0.18,10.39,0.35,-5.85,-0.20,945.85,0.09
1029,空头出场,2025-12-20 11:15,VltClsLE,2987.06,1,2985.11,-1.95,-0.07,3.2,0.11,-1.95,-0.07,943.9,0.09
1029,空头进场,2025-12-20 10:45,VltClsSE,2985.11,1,2985.11,-1.95,-0.07,3.2,0.11,-1.95,-0.07,943.9,0.09
1030,多头出场,2025-12-20 12:00,VltClsSE,2985.41,1,2987.06,-1.65,-0.06,7.35,0.25,-1.65,-0.06,942.25,0.09
1030,多头进场,2025-12-20 11:15,VltClsLE,2987.06,1,2987.06,-1.65,-0.06,7.35,0.25,-1.65,-0.06,942.25,0.09
1031,空头出场,2025-12-20 15:15,VltClsLE,2979.9,1,2985.41,5.51,0.18,21.24,0.71,-4.09,-0.14,947.76,0.09
1031,空头进场,2025-12-20 12:00,VltClsSE,2985.41,1,2985.41,5.51,0.18,21.24,0.71,-4.09,-0.14,947.76,0.09
1032,多头出场,2025-12-20 17:45,VltClsSE,2984.09,1,2979.9,4.19,0.14,10.1,0.34,-1.17,-0.04,951.95,0.10
1032,多头进场,2025-12-20 15:15,VltClsLE,2979.9,1,2979.9,4.19,0.14,10.1,0.34,-1.17,-0.04,951.95,0.10
1033,空头出场,2025-12-20 18:30,VltClsLE,2980.53,1,2984.09,3.56,0.12,7.5,0.25,0,0.00,955.51,0.10
1033,空头进场,2025-12-20 17:45,VltClsSE,2984.09,1,2984.09,3.56,0.12,7.5,0.25,0,0.00,955.51,0.10
1034,多头出场,2025-12-20 18:45,VltClsSE,2977.36,1,2980.53,-3.17,-0.11,0.22,0.01,-5.39,-0.18,952.34,0.10
1034,多头进场,2025-12-20 18:30,VltClsLE,2980.53,1,2980.53,-3.17,-0.11,0.22,0.01,-5.39,-0.18,952.34,0.10
1035,空头出场,2025-12-20 19:15,VltClsLE,2980.45,1,2977.36,-3.09,-0.10,0.84,0.03,-3.09,-0.10,949.25,0.09
1035,空头进场,2025-12-20 18:45,VltClsSE,2977.36,1,2977.36,-3.09,-0.10,0.84,0.03,-3.09,-0.10,949.25,0.09
1036,多头出场,2025-12-20 21:00,VltClsSE,2986.84,1,2980.45,6.39,0.21,13.35,0.45,0,0.00,955.64,0.10
1036,多头进场,2025-12-20 19:15,VltClsLE,2980.45,1,2980.45,6.39,0.21,13.35,0.45,0,0.00,955.64,0.10
1037,空头出场,2025-12-20 21:30,VltClsLE,2977,1,2986.84,9.84,0.33,19.4,0.65,0,0.00,965.48,0.10
1037,空头进场,2025-12-20 21:00,VltClsSE,2986.84,1,2986.84,9.84,0.33,19.4,0.65,0,0.00,965.48,0.10
1038,多头出场,2025-12-20 22:00,VltClsSE,2973.8,1,2977,-3.2,-0.11,5.89,0.20,-3.2,-0.11,962.28,0.10
1038,多头进场,2025-12-20 21:30,VltClsLE,2977,1,2977,-3.2,-0.11,5.89,0.20,-3.2,-0.11,962.28,0.10
1039,空头出场,2025-12-21 00:45,VltClsLE,2978.39,1,2973.8,-4.59,-0.15,5.14,0.17,-7.54,-0.25,957.69,0.10
1039,空头进场,2025-12-20 22:00,VltClsSE,2973.8,1,2973.8,-4.59,-0.15,5.14,0.17,-7.54,-0.25,957.69,0.10
1040,多头出场,2025-12-21 01:00,VltClsSE,2976.6,1,2978.39,-1.79,-0.06,2.61,0.09,-1.79,-0.06,955.9,0.10
1040,多头进场,2025-12-21 00:45,VltClsLE,2978.39,1,2978.39,-1.79,-0.06,2.61,0.09,-1.79,-0.06,955.9,0.10
1041,空头出场,2025-12-21 01:15,VltClsLE,2980.89,1,2976.6,-4.29,-0.14,2.04,0.07,-4.29,-0.14,951.61,0.10
1041,空头进场,2025-12-21 01:00,VltClsSE,2976.6,1,2976.6,-4.29,-0.14,2.04,0.07,-4.29,-0.14,951.61,0.10
1042,多头出场,2025-12-21 02:30,VltClsSE,2974.97,1,2980.89,-5.92,-0.20,0.51,0.02,-5.92,-0.20,945.69,0.09
1042,多头进场,2025-12-21 01:15,VltClsLE,2980.89,1,2980.89,-5.92,-0.20,0.51,0.02,-5.92,-0.20,945.69,0.09
1043,空头出场,2025-12-21 02:45,VltClsLE,2977.07,1,2974.97,-2.1,-0.07,0.31,0.01,-2.1,-0.07,943.59,0.09
1043,空头进场,2025-12-21 02:30,VltClsSE,2974.97,1,2974.97,-2.1,-0.07,0.31,0.01,-2.1,-0.07,943.59,0.09
1044,多头出场,2025-12-21 03:00,VltClsSE,2975.45,1,2977.07,-1.62,-0.05,3.43,0.12,-1.62,-0.05,941.97,0.09
1044,多头进场,2025-12-21 02:45,VltClsLE,2977.07,1,2977.07,-1.62,-0.05,3.43,0.12,-1.62,-0.05,941.97,0.09
1045,空头出场,2025-12-21 04:30,VltClsLE,2982.05,1,2975.45,-6.6,-0.22,0.66,0.02,-6.6,-0.22,935.37,0.09
1045,空头进场,2025-12-21 03:00,VltClsSE,2975.45,1,2975.45,-6.6,-0.22,0.66,0.02,-6.6,-0.22,935.37,0.09
1046,多头出场,2025-12-21 05:45,VltClsSE,2980.04,1,2982.05,-2.01,-0.07,3.89,0.13,-2.01,-0.07,933.36,0.09
1046,多头进场,2025-12-21 04:30,VltClsLE,2982.05,1,2982.05,-2.01,-0.07,3.89,0.13,-2.01,-0.07,933.36,0.09
1047,空头出场,2025-12-21 06:30,VltClsLE,2976.99,1,2980.04,3.05,0.10,5.54,0.19,0,0.00,936.41,0.09
1047,空头进场,2025-12-21 05:45,VltClsSE,2980.04,1,2980.04,3.05,0.10,5.54,0.19,0,0.00,936.41,0.09
1048,多头出场,2025-12-21 07:30,VltClsSE,2973.25,1,2976.99,-3.74,-0.13,3.47,0.12,-3.74,-0.13,932.67,0.09
1048,多头进场,2025-12-21 06:30,VltClsLE,2976.99,1,2976.99,-3.74,-0.13,3.47,0.12,-3.74,-0.13,932.67,0.09
1049,空头出场,2025-12-21 07:45,VltClsLE,2977.99,1,2973.25,-4.74,-0.16,0.4,0.01,-4.74,-0.16,927.93,0.09
1049,空头进场,2025-12-21 07:30,VltClsSE,2973.25,1,2973.25,-4.74,-0.16,0.4,0.01,-4.74,-0.16,927.93,0.09
1050,多头出场,2025-12-21 08:30,VltClsSE,2977.72,1,2977.99,-0.27,-0.01,3.44,0.12,-2.16,-0.07,927.66,0.09
1050,多头进场,2025-12-21 07:45,VltClsLE,2977.99,1,2977.99,-0.27,-0.01,3.44,0.12,-2.16,-0.07,927.66,0.09
1051,空头出场,2025-12-21 09:45,VltClsLE,2969.81,1,2977.72,7.91,0.27,15.38,0.52,-2.28,-0.08,935.57,0.09
1051,空头进场,2025-12-21 08:30,VltClsSE,2977.72,1,2977.72,7.91,0.27,15.38,0.52,-2.28,-0.08,935.57,0.09
1052,多头出场,2025-12-21 10:15,VltClsSE,2965.1,1,2969.81,-4.71,-0.16,5.52,0.19,-4.71,-0.16,930.86,0.09
1052,多头进场,2025-12-21 09:45,VltClsLE,2969.81,1,2969.81,-4.71,-0.16,5.52,0.19,-4.71,-0.16,930.86,0.09
1053,空头出场,2025-12-21 11:00,VltClsLE,2971.08,1,2965.1,-5.98,-0.20,3.68,0.12,-5.98,-0.20,924.88,0.09
1053,空头进场,2025-12-21 10:15,VltClsSE,2965.1,1,2965.1,-5.98,-0.20,3.68,0.12,-5.98,-0.20,924.88,0.09
1054,多头出场,2025-12-21 13:30,VltClsSE,2974.2,1,2971.08,3.12,0.11,7.64,0.26,-0.59,-0.02,928,0.09
1054,多头进场,2025-12-21 11:00,VltClsLE,2971.08,1,2971.08,3.12,0.11,7.64,0.26,-0.59,-0.02,928,0.09
1055,空头出场,2025-12-21 14:00,VltClsLE,2975.22,1,2974.2,-1.02,-0.03,1.2,0.04,-1.02,-0.03,926.98,0.09
1055,空头进场,2025-12-21 13:30,VltClsSE,2974.2,1,2974.2,-1.02,-0.03,1.2,0.04,-1.02,-0.03,926.98,0.09
1056,多头出场,2025-12-21 16:00,VltClsSE,2978.92,1,2975.22,3.7,0.12,7.32,0.25,-0.72,-0.02,930.68,0.09
1056,多头进场,2025-12-21 14:00,VltClsLE,2975.22,1,2975.22,3.7,0.12,7.32,0.25,-0.72,-0.02,930.68,0.09
1057,空头出场,2025-12-21 16:15,VltClsLE,2981.85,1,2978.92,-2.93,-0.10,1.31,0.04,-2.93,-0.10,927.75,0.09
1057,空头进场,2025-12-21 16:00,VltClsSE,2978.92,1,2978.92,-2.93,-0.10,1.31,0.04,-2.93,-0.10,927.75,0.09
1058,多头出场,2025-12-21 17:00,VltClsSE,2986.57,1,2981.85,4.72,0.16,17.62,0.59,0,0.00,932.47,0.09
1058,多头进场,2025-12-21 16:15,VltClsLE,2981.85,1,2981.85,4.72,0.16,17.62,0.59,0,0.00,932.47,0.09
1059,空头出场,2025-12-21 17:30,VltClsLE,3000.92,1,2986.57,-14.35,-0.48,1.63,0.05,-14.35,-0.48,918.12,0.09
1059,空头进场,2025-12-21 17:00,VltClsSE,2986.57,1,2986.57,-14.35,-0.48,1.63,0.05,-14.35,-0.48,918.12,0.09
1060,多头出场,2025-12-21 18:30,VltClsSE,2994.48,1,3000.92,-6.44,-0.21,12.48,0.42,-6.44,-0.21,911.68,0.09
1060,多头进场,2025-12-21 17:30,VltClsLE,3000.92,1,3000.92,-6.44,-0.21,12.48,0.42,-6.44,-0.21,911.68,0.09
1061,空头出场,2025-12-21 19:15,VltClsLE,3000.04,1,2994.48,-5.56,-0.19,1.87,0.06,-5.56,-0.19,906.12,0.09
1061,空头进场,2025-12-21 18:30,VltClsSE,2994.48,1,2994.48,-5.56,-0.19,1.87,0.06,-5.56,-0.19,906.12,0.09
1062,多头出场,2025-12-21 20:30,VltClsSE,2996.29,1,3000.04,-3.75,-0.12,5.42,0.18,-4.5,-0.15,902.37,0.09
1062,多头进场,2025-12-21 19:15,VltClsLE,3000.04,1,3000.04,-3.75,-0.12,5.42,0.18,-4.5,-0.15,902.37,0.09
1063,空头出场,2025-12-21 22:00,VltClsLE,2963.01,1,2996.29,33.28,1.11,52.29,1.75,0,0.00,935.65,0.09
1063,空头进场,2025-12-21 20:30,VltClsSE,2996.29,1,2996.29,33.28,1.11,52.29,1.75,0,0.00,935.65,0.09
1064,多头出场,2025-12-22 01:15,VltClsSE,2977.8,1,2963.01,14.79,0.50,25.72,0.87,-7.69,-0.26,950.44,0.10
1064,多头进场,2025-12-21 22:00,VltClsLE,2963.01,1,2963.01,14.79,0.50,25.72,0.87,-7.69,-0.26,950.44,0.10
1065,空头出场,2025-12-22 01:30,VltClsLE,2986.51,1,2977.8,-8.71,-0.29,0.81,0.03,-8.71,-0.29,941.73,0.09
1065,空头进场,2025-12-22 01:15,VltClsSE,2977.8,1,2977.8,-8.71,-0.29,0.81,0.03,-8.71,-0.29,941.73,0.09
1066,多头出场,2025-12-22 02:00,VltClsSE,2977.62,1,2986.51,-8.89,-0.30,0.21,0.01,-8.89,-0.30,932.84,0.09
1066,多头进场,2025-12-22 01:30,VltClsLE,2986.51,1,2986.51,-8.89,-0.30,0.21,0.01,-8.89,-0.30,932.84,0.09
1067,空头出场,2025-12-22 02:15,VltClsLE,2977.58,1,2977.62,0.04,0.00,9.88,0.33,0,0.00,932.88,0.09
1067,空头进场,2025-12-22 02:00,VltClsSE,2977.62,1,2977.62,0.04,0.00,9.88,0.33,0,0.00,932.88,0.09
1068,多头出场,2025-12-22 03:30,VltClsSE,2985.82,1,2977.58,8.24,0.28,20.38,0.68,0,0.00,941.12,0.09
1068,多头进场,2025-12-22 02:15,VltClsLE,2977.58,1,2977.58,8.24,0.28,20.38,0.68,0,0.00,941.12,0.09
1069,空头出场,2025-12-22 03:45,VltClsLE,2994.2,1,2985.82,-8.38,-0.28,7.82,0.26,-8.38,-0.28,932.74,0.09
1069,空头进场,2025-12-22 03:30,VltClsSE,2985.82,1,2985.82,-8.38,-0.28,7.82,0.26,-8.38,-0.28,932.74,0.09
1070,多头出场,2025-12-22 04:45,VltClsSE,2986.13,1,2994.2,-8.07,-0.27,2.18,0.07,-8.07,-0.27,924.67,0.09
1070,多头进场,2025-12-22 03:45,VltClsLE,2994.2,1,2994.2,-8.07,-0.27,2.18,0.07,-8.07,-0.27,924.67,0.09
1071,空头出场,2025-12-22 06:00,VltClsLE,2978.99,1,2986.13,7.14,0.24,15.38,0.52,-4.87,-0.16,931.81,0.09
1071,空头进场,2025-12-22 04:45,VltClsSE,2986.13,1,2986.13,7.14,0.24,15.38,0.52,-4.87,-0.16,931.81,0.09
1072,多头出场,2025-12-22 08:15,VltClsSE,3032.19,1,2978.99,53.2,1.79,81.56,2.74,0,0.00,985.01,0.10
1072,多头进场,2025-12-22 06:00,VltClsLE,2978.99,1,2978.99,53.2,1.79,81.56,2.74,0,0.00,985.01,0.10
1073,空头出场,2025-12-22 12:15,VltClsLE,3031.17,1,3032.19,1.02,0.03,59.71,1.97,-15.81,-0.52,986.03,0.10
1073,空头进场,2025-12-22 08:15,VltClsSE,3032.19,1,3032.19,1.02,0.03,59.71,1.97,-15.81,-0.52,986.03,0.10
1074,多头出场,2025-12-22 13:00,VltClsSE,3032.56,1,3031.17,1.39,0.05,11.7,0.39,-3.47,-0.11,987.42,0.10
1074,多头进场,2025-12-22 12:15,VltClsLE,3031.17,1,3031.17,1.39,0.05,11.7,0.39,-3.47,-0.11,987.42,0.10
1075,空头出场,2025-12-22 13:30,VltClsLE,3036.43,1,3032.56,-3.87,-0.13,7.42,0.24,-4.19,-0.14,983.55,0.10
1075,空头进场,2025-12-22 13:00,VltClsSE,3032.56,1,3032.56,-3.87,-0.13,7.42,0.24,-4.19,-0.14,983.55,0.10
1076,多头出场,2025-12-22 16:30,VltClsSE,3044.16,1,3036.43,7.73,0.25,19.3,0.64,-13.83,-0.46,991.28,0.10
1076,多头进场,2025-12-22 13:30,VltClsLE,3036.43,1,3036.43,7.73,0.25,19.3,0.64,-13.83,-0.46,991.28,0.10
1077,空头出场,2025-12-22 17:15,VltClsLE,3041.65,1,3044.16,2.51,0.08,19.05,0.63,-0.19,-0.01,993.79,0.10
1077,空头进场,2025-12-22 16:30,VltClsSE,3044.16,1,3044.16,2.51,0.08,19.05,0.63,-0.19,-0.01,993.79,0.10
1078,多头出场,2025-12-22 18:00,VltClsSE,3032.56,1,3041.65,-9.09,-0.30,1.55,0.05,-9.65,-0.32,984.7,0.10
1078,多头进场,2025-12-22 17:15,VltClsLE,3041.65,1,3041.65,-9.09,-0.30,1.55,0.05,-9.65,-0.32,984.7,0.10
1079,空头出场,2025-12-22 19:15,VltClsLE,3046.84,1,3032.56,-14.28,-0.47,0.38,0.01,-14.28,-0.47,970.42,0.10
1079,空头进场,2025-12-22 18:00,VltClsSE,3032.56,1,3032.56,-14.28,-0.47,0.38,0.01,-14.28,-0.47,970.42,0.10
1080,多头出场,2025-12-22 21:30,VltClsSE,3052.85,1,3046.84,6.01,0.20,30.55,1.00,-4.84,-0.16,976.43,0.10
1080,多头进场,2025-12-22 19:15,VltClsLE,3046.84,1,3046.84,6.01,0.20,30.55,1.00,-4.84,-0.16,976.43,0.10
1081,空头出场,2025-12-22 22:15,VltClsLE,3067.3,1,3052.85,-14.45,-0.47,4.74,0.16,-14.45,-0.47,961.98,0.10
1081,空头进场,2025-12-22 21:30,VltClsSE,3052.85,1,3052.85,-14.45,-0.47,4.74,0.16,-14.45,-0.47,961.98,0.10
1082,多头出场,2025-12-22 22:30,VltClsSE,3050.74,1,3067.3,-16.56,-0.54,0.63,0.02,-16.56,-0.54,945.42,0.09
1082,多头进场,2025-12-22 22:15,VltClsLE,3067.3,1,3067.3,-16.56,-0.54,0.63,0.02,-16.56,-0.54,945.42,0.09
1083,空头出场,2025-12-22 22:45,VltClsLE,3059.34,1,3050.74,-8.6,-0.28,20.93,0.69,-8.6,-0.28,936.82,0.09
1083,空头进场,2025-12-22 22:30,VltClsSE,3050.74,1,3050.74,-8.6,-0.28,20.93,0.69,-8.6,-0.28,936.82,0.09
1084,多头出场,2025-12-22 23:00,VltClsSE,3047.76,1,3059.34,-11.58,-0.38,15.12,0.49,-11.58,-0.38,925.24,0.09
1084,多头进场,2025-12-22 22:45,VltClsLE,3059.34,1,3059.34,-11.58,-0.38,15.12,0.49,-11.58,-0.38,925.24,0.09
1085,空头出场,2025-12-23 05:00,VltClsLE,2986.17,1,3047.76,61.59,2.02,84.33,2.77,-11.66,-0.38,986.83,0.10
1085,空头进场,2025-12-22 23:00,VltClsSE,3047.76,1,3047.76,61.59,2.02,84.33,2.77,-11.66,-0.38,986.83,0.10
1086,多头出场,2025-12-23 05:45,VltClsSE,2988.09,1,2986.17,1.92,0.06,11.84,0.40,-1.77,-0.06,988.75,0.10
1086,多头进场,2025-12-23 05:00,VltClsLE,2986.17,1,2986.17,1.92,0.06,11.84,0.40,-1.77,-0.06,988.75,0.10
1087,空头出场,2025-12-23 06:15,VltClsLE,2990.74,1,2988.09,-2.65,-0.09,6.01,0.20,-2.65,-0.09,986.1,0.10
1087,空头进场,2025-12-23 05:45,VltClsSE,2988.09,1,2988.09,-2.65,-0.09,6.01,0.20,-2.65,-0.09,986.1,0.10
1088,多头出场,2025-12-23 10:00,VltClsSE,3011.47,1,2990.74,20.73,0.69,45.05,1.51,-2.47,-0.08,1006.83,0.10
1088,多头进场,2025-12-23 06:15,VltClsLE,2990.74,1,2990.74,20.73,0.69,45.05,1.51,-2.47,-0.08,1006.83,0.10
1089,空头出场,2025-12-23 12:00,VltClsLE,2999.75,1,3011.47,11.72,0.39,39.91,1.33,-14.63,-0.49,1018.55,0.10
1089,空头进场,2025-12-23 10:00,VltClsSE,3011.47,1,3011.47,11.72,0.39,39.91,1.33,-14.63,-0.49,1018.55,0.10
1090,多头出场,2025-12-23 12:30,VltClsSE,2989.23,1,2999.75,-10.52,-0.35,0.22,0.01,-10.52,-0.35,1008.03,0.10
1090,多头进场,2025-12-23 12:00,VltClsLE,2999.75,1,2999.75,-10.52,-0.35,0.22,0.01,-10.52,-0.35,1008.03,0.10
1091,空头出场,2025-12-23 16:30,VltClsLE,2972.94,1,2989.23,16.29,0.54,44.44,1.49,-1.77,-0.06,1024.32,0.10
1091,空头进场,2025-12-23 12:30,VltClsSE,2989.23,1,2989.23,16.29,0.54,44.44,1.49,-1.77,-0.06,1024.32,0.10
1092,多头出场,2025-12-23 16:45,VltClsSE,2964,1,2972.94,-8.94,-0.30,0,0.00,-8.94,-0.30,1015.38,0.10
1092,多头进场,2025-12-23 16:30,VltClsLE,2972.94,1,2972.94,-8.94,-0.30,0,0.00,-8.94,-0.30,1015.38,0.10
1093,空头出场,2025-12-23 17:00,VltClsLE,2966.51,1,2964,-2.51,-0.08,4.07,0.14,-2.51,-0.08,1012.87,0.10
1093,空头进场,2025-12-23 16:45,VltClsSE,2964,1,2964,-2.51,-0.08,4.07,0.14,-2.51,-0.08,1012.87,0.10
1094,多头出场,2025-12-23 17:15,VltClsSE,2957.66,1,2966.51,-8.85,-0.30,0.34,0.01,-8.85,-0.30,1004.02,0.10
1094,多头进场,2025-12-23 17:00,VltClsLE,2966.51,1,2966.51,-8.85,-0.30,0.34,0.01,-8.85,-0.30,1004.02,0.10
1095,空头出场,2025-12-23 18:00,VltClsLE,2969.29,1,2957.66,-11.63,-0.39,5.4,0.18,-11.63,-0.39,992.39,0.10
1095,空头进场,2025-12-23 17:15,VltClsSE,2957.66,1,2957.66,-11.63,-0.39,5.4,0.18,-11.63,-0.39,992.39,0.10
1096,多头出场,2025-12-23 19:00,VltClsSE,2963.51,1,2969.29,-5.78,-0.19,2.4,0.08,-5.78,-0.19,986.61,0.10
1096,多头进场,2025-12-23 18:00,VltClsLE,2969.29,1,2969.29,-5.78,-0.19,2.4,0.08,-5.78,-0.19,986.61,0.10
1097,空头出场,2025-12-23 19:15,VltClsLE,2971.73,1,2963.51,-8.22,-0.28,0.06,0.00,-8.22,-0.28,978.39,0.10
1097,空头进场,2025-12-23 19:00,VltClsSE,2963.51,1,2963.51,-8.22,-0.28,0.06,0.00,-8.22,-0.28,978.39,0.10
1098,多头出场,2025-12-23 20:00,VltClsSE,2969.4,1,2971.73,-2.33,-0.08,3.62,0.12,-3.08,-0.10,976.06,0.10
1098,多头进场,2025-12-23 19:15,VltClsLE,2971.73,1,2971.73,-2.33,-0.08,3.62,0.12,-3.08,-0.10,976.06,0.10
1099,空头出场,2025-12-23 23:15,VltClsLE,2931.81,1,2969.4,37.59,1.27,68.47,2.31,0,0.00,1013.65,0.10
1099,空头进场,2025-12-23 20:00,VltClsSE,2969.4,1,2969.4,37.59,1.27,68.47,2.31,0,0.00,1013.65,0.10
1100,多头出场,2025-12-24 01:45,VltClsSE,2927.98,1,2931.81,-3.83,-0.13,34.75,1.19,-13.37,-0.46,1009.82,0.10
1100,多头进场,2025-12-23 23:15,VltClsLE,2931.81,1,2931.81,-3.83,-0.13,34.75,1.19,-13.37,-0.46,1009.82,0.10
1101,空头出场,2025-12-24 02:00,VltClsLE,2924.72,1,2927.98,3.26,0.11,19.03,0.65,0,0.00,1013.08,0.10
1101,空头进场,2025-12-24 01:45,VltClsSE,2927.98,1,2927.98,3.26,0.11,19.03,0.65,0,0.00,1013.08,0.10
1102,多头出场,2025-12-24 04:45,VltClsSE,2968.93,1,2924.72,44.21,1.51,63.72,2.18,0,0.00,1057.29,0.11
1102,多头进场,2025-12-24 02:00,VltClsLE,2924.72,1,2924.72,44.21,1.51,63.72,2.18,0,0.00,1057.29,0.11
1103,空头出场,2025-12-24 07:30,VltClsLE,2968.77,1,2968.93,0.16,0.01,18.38,0.62,-11.87,-0.40,1057.45,0.11
1103,空头进场,2025-12-24 04:45,VltClsSE,2968.93,1,2968.93,0.16,0.01,18.38,0.62,-11.87,-0.40,1057.45,0.11
1104,多头出场,2025-12-24 07:45,VltClsSE,2964.6,1,2968.77,-4.17,-0.14,4.49,0.15,-4.17,-0.14,1053.28,0.11
1104,多头进场,2025-12-24 07:30,VltClsLE,2968.77,1,2968.77,-4.17,-0.14,4.49,0.15,-4.17,-0.14,1053.28,0.11
1105,空头出场,2025-12-24 08:30,VltClsLE,2965.32,1,2964.6,-0.72,-0.02,8.19,0.28,-4.59,-0.15,1052.56,0.11
1105,空头进场,2025-12-24 07:45,VltClsSE,2964.6,1,2964.6,-0.72,-0.02,8.19,0.28,-4.59,-0.15,1052.56,0.11
1106,多头出场,2025-12-24 09:30,VltClsSE,2964.25,1,2965.32,-1.07,-0.04,12.83,0.43,-1.62,-0.05,1051.49,0.11
1106,多头进场,2025-12-24 08:30,VltClsLE,2965.32,1,2965.32,-1.07,-0.04,12.83,0.43,-1.62,-0.05,1051.49,0.11
1107,空头出场,2025-12-24 11:15,VltClsLE,2939.56,1,2964.25,24.69,0.83,43.22,1.46,-2.83,-0.10,1076.18,0.11
1107,空头进场,2025-12-24 09:30,VltClsSE,2964.25,1,2964.25,24.69,0.83,43.22,1.46,-2.83,-0.10,1076.18,0.11
1108,多头出场,2025-12-24 12:15,VltClsSE,2945.47,1,2939.56,5.91,0.20,19.17,0.65,-3.34,-0.11,1082.09,0.11
1108,多头进场,2025-12-24 11:15,VltClsLE,2939.56,1,2939.56,5.91,0.20,19.17,0.65,-3.34,-0.11,1082.09,0.11
1109,空头出场,2025-12-24 14:15,VltClsLE,2934.26,1,2945.47,11.21,0.38,28.35,0.96,-2.33,-0.08,1093.3,0.11
1109,空头进场,2025-12-24 12:15,VltClsSE,2945.47,1,2945.47,11.21,0.38,28.35,0.96,-2.33,-0.08,1093.3,0.11
1110,多头出场,2025-12-24 15:45,VltClsSE,2936.64,1,2934.26,2.38,0.08,9.44,0.32,-4.32,-0.15,1095.68,0.11
1110,多头进场,2025-12-24 14:15,VltClsLE,2934.26,1,2934.26,2.38,0.08,9.44,0.32,-4.32,-0.15,1095.68,0.11
1111,空头出场,2025-12-24 18:00,VltClsLE,2925.61,1,2936.64,11.03,0.38,22.29,0.76,-3.2,-0.11,1106.71,0.11
1111,空头进场,2025-12-24 15:45,VltClsSE,2936.64,1,2936.64,11.03,0.38,22.29,0.76,-3.2,-0.11,1106.71,0.11
1112,多头出场,2025-12-24 19:45,VltClsSE,2926.55,1,2925.61,0.94,0.03,12.09,0.41,0,0.00,1107.65,0.11
1112,多头进场,2025-12-24 18:00,VltClsLE,2925.61,1,2925.61,0.94,0.03,12.09,0.41,0,0.00,1107.65,0.11
1113,空头出场,2025-12-24 20:00,VltClsLE,2929.53,1,2926.55,-2.98,-0.10,3.06,0.10,-2.98,-0.10,1104.67,0.11
1113,空头进场,2025-12-24 19:45,VltClsSE,2926.55,1,2926.55,-2.98,-0.10,3.06,0.10,-2.98,-0.10,1104.67,0.11
1114,多头出场,2025-12-24 21:00,VltClsSE,2931.5,1,2929.53,1.97,0.07,9.2,0.31,-0.82,-0.03,1106.64,0.11
1114,多头进场,2025-12-24 20:00,VltClsLE,2929.53,1,2929.53,1.97,0.07,9.2,0.31,-0.82,-0.03,1106.64,0.11
1115,空头出场,2025-12-24 22:00,VltClsLE,2936.16,1,2931.5,-4.66,-0.16,6.9,0.24,-4.66,-0.16,1101.98,0.11
1115,空头进场,2025-12-24 21:00,VltClsSE,2931.5,1,2931.5,-4.66,-0.16,6.9,0.24,-4.66,-0.16,1101.98,0.11
1116,多头出场,2025-12-24 22:15,VltClsSE,2929.58,1,2936.16,-6.58,-0.22,0.26,0.01,-6.58,-0.22,1095.4,0.11
1116,多头进场,2025-12-24 22:00,VltClsLE,2936.16,1,2936.16,-6.58,-0.22,0.26,0.01,-6.58,-0.22,1095.4,0.11
1117,空头出场,2025-12-24 22:45,VltClsLE,2920.91,1,2929.58,8.67,0.30,40.88,1.40,-2.41,-0.08,1104.07,0.11
1117,空头进场,2025-12-24 22:15,VltClsSE,2929.58,1,2929.58,8.67,0.30,40.88,1.40,-2.41,-0.08,1104.07,0.11
1118,多头出场,2025-12-25 00:15,VltClsSE,2922.03,1,2920.91,1.12,0.04,14.31,0.49,-17.83,-0.61,1105.19,0.11
1118,多头进场,2025-12-24 22:45,VltClsLE,2920.91,1,2920.91,1.12,0.04,14.31,0.49,-17.83,-0.61,1105.19,0.11
1119,空头出场,2025-12-25 00:30,VltClsLE,2932.18,1,2922.03,-10.15,-0.35,0.66,0.02,-10.15,-0.35,1095.04,0.11
1119,空头进场,2025-12-25 00:15,VltClsSE,2922.03,1,2922.03,-10.15,-0.35,0.66,0.02,-10.15,-0.35,1095.04,0.11
1120,多头出场,2025-12-25 04:45,VltClsSE,2943.43,1,2932.18,11.25,0.38,22.21,0.76,-1.7,-0.06,1106.29,0.11
1120,多头进场,2025-12-25 00:30,VltClsLE,2932.18,1,2932.18,11.25,0.38,22.21,0.76,-1.7,-0.06,1106.29,0.11
1121,空头出场,2025-12-25 05:00,VltClsLE,2946.73,1,2943.43,-3.3,-0.11,1.7,0.06,-3.3,-0.11,1102.99,0.11
1121,空头进场,2025-12-25 04:45,VltClsSE,2943.43,1,2943.43,-3.3,-0.11,1.7,0.06,-3.3,-0.11,1102.99,0.11
1122,多头出场,2025-12-25 07:00,VltClsSE,2953.85,1,2946.73,7.12,0.24,16.23,0.55,-1.25,-0.04,1110.11,0.11
1122,多头进场,2025-12-25 05:00,VltClsLE,2946.73,1,2946.73,7.12,0.24,16.23,0.55,-1.25,-0.04,1110.11,0.11
1123,空头出场,2025-12-25 08:30,VltClsLE,2947.73,1,2953.85,6.12,0.21,12.96,0.44,-1.91,-0.06,1116.23,0.11
1123,空头进场,2025-12-25 07:00,VltClsSE,2953.85,1,2953.85,6.12,0.21,12.96,0.44,-1.91,-0.06,1116.23,0.11
1124,多头出场,2025-12-25 08:45,VltClsSE,2938.26,1,2947.73,-9.47,-0.32,0.71,0.02,-9.47,-0.32,1106.76,0.11
1124,多头进场,2025-12-25 08:30,VltClsLE,2947.73,1,2947.73,-9.47,-0.32,0.71,0.02,-9.47,-0.32,1106.76,0.11
1125,空头出场,2025-12-25 09:00,VltClsLE,2943.86,1,2938.26,-5.6,-0.19,1.37,0.05,-5.6,-0.19,1101.16,0.11
1125,空头进场,2025-12-25 08:45,VltClsSE,2938.26,1,2938.26,-5.6,-0.19,1.37,0.05,-5.6,-0.19,1101.16,0.11
1126,多头出场,2025-12-25 10:00,VltClsSE,2944.85,1,2943.86,0.99,0.03,7.19,0.24,-1.52,-0.05,1102.15,0.11
1126,多头进场,2025-12-25 09:00,VltClsLE,2943.86,1,2943.86,0.99,0.03,7.19,0.24,-1.52,-0.05,1102.15,0.11
1127,空头出场,2025-12-25 10:30,VltClsLE,2950.63,1,2944.85,-5.78,-0.20,1.85,0.06,-5.78,-0.20,1096.37,0.11
1127,空头进场,2025-12-25 10:00,VltClsSE,2944.85,1,2944.85,-5.78,-0.20,1.85,0.06,-5.78,-0.20,1096.37,0.11
1128,多头出场,2025-12-25 11:00,VltClsSE,2948.87,1,2950.63,-1.76,-0.06,6.26,0.21,-1.76,-0.06,1094.61,0.11
1128,多头进场,2025-12-25 10:30,VltClsLE,2950.63,1,2950.63,-1.76,-0.06,6.26,0.21,-1.76,-0.06,1094.61,0.11
1129,空头出场,2025-12-25 13:15,VltClsLE,2942.53,1,2948.87,6.34,0.21,10.66,0.36,-2.01,-0.07,1100.95,0.11
1129,空头进场,2025-12-25 11:00,VltClsSE,2948.87,1,2948.87,6.34,0.21,10.66,0.36,-2.01,-0.07,1100.95,0.11
1130,多头出场,2025-12-25 14:00,VltClsSE,2939.41,1,2942.53,-3.12,-0.11,1.47,0.05,-3.12,-0.11,1097.83,0.11
1130,多头进场,2025-12-25 13:15,VltClsLE,2942.53,1,2942.53,-3.12,-0.11,1.47,0.05,-3.12,-0.11,1097.83,0.11
1131,空头出场,2025-12-25 14:30,VltClsLE,2941.43,1,2939.41,-2.02,-0.07,1.29,0.04,-2.02,-0.07,1095.81,0.11
1131,空头进场,2025-12-25 14:00,VltClsSE,2939.41,1,2939.41,-2.02,-0.07,1.29,0.04,-2.02,-0.07,1095.81,0.11
1132,多头出场,2025-12-25 15:00,VltClsSE,2940.7,1,2941.43,-0.73,-0.02,2.07,0.07,-0.73,-0.02,1095.08,0.11
1132,多头进场,2025-12-25 14:30,VltClsLE,2941.43,1,2941.43,-0.73,-0.02,2.07,0.07,-0.73,-0.02,1095.08,0.11
1133,空头出场,2025-12-25 15:45,VltClsLE,2941.64,1,2940.7,-0.94,-0.03,1.77,0.06,-0.94,-0.03,1094.14,0.11
1133,空头进场,2025-12-25 15:00,VltClsSE,2940.7,1,2940.7,-0.94,-0.03,1.77,0.06,-0.94,-0.03,1094.14,0.11
1134,多头出场,2025-12-25 16:00,VltClsSE,2939.88,1,2941.64,-1.76,-0.06,1.28,0.04,-1.76,-0.06,1092.38,0.11
1134,多头进场,2025-12-25 15:45,VltClsLE,2941.64,1,2941.64,-1.76,-0.06,1.28,0.04,-1.76,-0.06,1092.38,0.11
1135,空头出场,2025-12-25 19:00,VltClsLE,2926.04,1,2939.88,13.84,0.47,27.88,0.95,-6.94,-0.24,1106.22,0.11
1135,空头进场,2025-12-25 16:00,VltClsSE,2939.88,1,2939.88,13.84,0.47,27.88,0.95,-6.94,-0.24,1106.22,0.11
1136,多头出场,2025-12-25 21:00,VltClsSE,2925.34,1,2926.04,-0.7,-0.02,3.75,0.13,-2.17,-0.07,1105.52,0.11
1136,多头进场,2025-12-25 19:00,VltClsLE,2926.04,1,2926.04,-0.7,-0.02,3.75,0.13,-2.17,-0.07,1105.52,0.11
1137,空头出场,2025-12-25 21:30,VltClsLE,2927.58,1,2925.34,-2.24,-0.08,5.34,0.18,-2.24,-0.08,1103.28,0.11
1137,空头进场,2025-12-25 21:00,VltClsSE,2925.34,1,2925.34,-2.24,-0.08,5.34,0.18,-2.24,-0.08,1103.28,0.11
1138,多头出场,2025-12-25 22:15,VltClsSE,2928.11,1,2927.58,0.53,0.02,11.08,0.38,0,0.00,1103.81,0.11
1138,多头进场,2025-12-25 21:30,VltClsLE,2927.58,1,2927.58,0.53,0.02,11.08,0.38,0,0.00,1103.81,0.11
1139,空头出场,2025-12-25 22:45,VltClsLE,2935.06,1,2928.11,-6.95,-0.24,5.18,0.18,-6.95,-0.24,1096.86,0.11
1139,空头进场,2025-12-25 22:15,VltClsSE,2928.11,1,2928.11,-6.95,-0.24,5.18,0.18,-6.95,-0.24,1096.86,0.11
1140,多头出场,2025-12-26 00:45,VltClsSE,2951.43,1,2935.06,16.37,0.56,36.4,1.24,-3.44,-0.12,1113.23,0.11
1140,多头进场,2025-12-25 22:45,VltClsLE,2935.06,1,2935.06,16.37,0.56,36.4,1.24,-3.44,-0.12,1113.23,0.11
1141,空头出场,2025-12-26 02:00,VltClsLE,2959.18,1,2951.43,-7.75,-0.26,7.68,0.26,-7.75,-0.26,1105.48,0.11
1141,空头进场,2025-12-26 00:45,VltClsSE,2951.43,1,2951.43,-7.75,-0.26,7.68,0.26,-7.75,-0.26,1105.48,0.11
1142,多头出场,2025-12-26 02:15,VltClsSE,2952.36,1,2959.18,-6.82,-0.23,0.53,0.02,-6.82,-0.23,1098.66,0.11
1142,多头进场,2025-12-26 02:00,VltClsLE,2959.18,1,2959.18,-6.82,-0.23,0.53,0.02,-6.82,-0.23,1098.66,0.11
1143,空头出场,2025-12-26 02:30,VltClsLE,2958.94,1,2952.36,-6.58,-0.22,2.19,0.07,-6.58,-0.22,1092.08,0.11
1143,空头进场,2025-12-26 02:15,VltClsSE,2952.36,1,2952.36,-6.58,-0.22,2.19,0.07,-6.58,-0.22,1092.08,0.11
1144,多头出场,2025-12-26 04:00,VltClsSE,2952.43,1,2958.94,-6.51,-0.22,6.42,0.22,-9.19,-0.31,1085.57,0.11
1144,多头进场,2025-12-26 02:30,VltClsLE,2958.94,1,2958.94,-6.51,-0.22,6.42,0.22,-9.19,-0.31,1085.57,0.11
1145,空头出场,2025-12-26 10:00,VltClsLE,2923.72,1,2952.43,28.71,0.97,61.23,2.07,-4.15,-0.14,1114.28,0.11
1145,空头进场,2025-12-26 04:00,VltClsSE,2952.43,1,2952.43,28.71,0.97,61.23,2.07,-4.15,-0.14,1114.28,0.11
1146,多头出场,2025-12-26 12:00,VltClsSE,2958.35,1,2923.72,34.63,1.18,70.66,2.42,0,0.00,1148.91,0.11
1146,多头进场,2025-12-26 10:00,VltClsLE,2923.72,1,2923.72,34.63,1.18,70.66,2.42,0,0.00,1148.91,0.11
1147,空头出场,2025-12-26 12:30,VltClsLE,2964.98,1,2958.35,-6.63,-0.22,5.76,0.19,-6.63,-0.22,1142.28,0.11
1147,空头进场,2025-12-26 12:00,VltClsSE,2958.35,1,2958.35,-6.63,-0.22,5.76,0.19,-6.63,-0.22,1142.28,0.11
1148,多头出场,2025-12-26 14:45,VltClsSE,2975.68,1,2964.98,10.7,0.36,17.49,0.59,0,0.00,1152.98,0.12
1148,多头进场,2025-12-26 12:30,VltClsLE,2964.98,1,2964.98,10.7,0.36,17.49,0.59,0,0.00,1152.98,0.12
1149,空头出场,2025-12-26 15:00,VltClsLE,2981.73,1,2975.68,-6.05,-0.20,0.73,0.02,-6.05,-0.20,1146.93,0.11
1149,空头进场,2025-12-26 14:45,VltClsSE,2975.68,1,2975.68,-6.05,-0.20,0.73,0.02,-6.05,-0.20,1146.93,0.11
1150,多头出场,2025-12-26 15:30,VltClsSE,2980.46,1,2981.73,-1.27,-0.04,11.54,0.39,-1.27,-0.04,1145.66,0.11
1150,多头进场,2025-12-26 15:00,VltClsLE,2981.73,1,2981.73,-1.27,-0.04,11.54,0.39,-1.27,-0.04,1145.66,0.11
1151,空头出场,2025-12-26 16:00,VltClsLE,2966.03,1,2980.46,14.43,0.48,27.67,0.93,0,0.00,1160.09,0.12
1151,空头进场,2025-12-26 15:30,VltClsSE,2980.46,1,2980.46,14.43,0.48,27.67,0.93,0,0.00,1160.09,0.12
1152,多头出场,2025-12-26 18:00,VltClsSE,2968.79,1,2966.03,2.76,0.09,10.5,0.35,-9.02,-0.30,1162.85,0.12
1152,多头进场,2025-12-26 16:00,VltClsLE,2966.03,1,2966.03,2.76,0.09,10.5,0.35,-9.02,-0.30,1162.85,0.12
1153,空头出场,2025-12-26 20:00,VltClsLE,2967.81,1,2968.79,0.98,0.03,6.05,0.20,-5.56,-0.19,1163.83,0.12
1153,空头进场,2025-12-26 18:00,VltClsSE,2968.79,1,2968.79,0.98,0.03,6.05,0.20,-5.56,-0.19,1163.83,0.12
1154,多头出场,2025-12-26 22:30,VltClsSE,2973.41,1,2967.81,5.6,0.19,18.08,0.61,0,0.00,1169.43,0.12
1154,多头进场,2025-12-26 20:00,VltClsLE,2967.81,1,2967.81,5.6,0.19,18.08,0.61,0,0.00,1169.43,0.12
1155,空头出场,2025-12-27 01:00,VltClsLE,2918.27,1,2973.41,55.14,1.85,78.92,2.65,0,0.00,1224.57,0.12
1155,空头进场,2025-12-26 22:30,VltClsSE,2973.41,1,2973.41,55.14,1.85,78.92,2.65,0,0.00,1224.57,0.12
1156,多头出场,2025-12-27 05:30,VltClsSE,2928.38,1,2918.27,10.11,0.35,20.56,0.70,-1.92,-0.07,1234.68,0.12
1156,多头进场,2025-12-27 01:00,VltClsLE,2918.27,1,2918.27,10.11,0.35,20.56,0.70,-1.92,-0.07,1234.68,0.12
1157,空头出场,2025-12-27 06:00,VltClsLE,2929.25,1,2928.38,-0.87,-0.03,4.14,0.14,-2.38,-0.08,1233.81,0.12
1157,空头进场,2025-12-27 05:30,VltClsSE,2928.38,1,2928.38,-0.87,-0.03,4.14,0.14,-2.38,-0.08,1233.81,0.12
1158,多头出场,2025-12-27 06:15,VltClsSE,2921.68,1,2929.25,-7.57,-0.26,0.07,0.00,-7.57,-0.26,1226.24,0.12
1158,多头进场,2025-12-27 06:00,VltClsLE,2929.25,1,2929.25,-7.57,-0.26,0.07,0.00,-7.57,-0.26,1226.24,0.12
1159,空头出场,2025-12-27 06:30,VltClsLE,2927.95,1,2921.68,-6.27,-0.21,0.19,0.01,-6.27,-0.21,1219.97,0.12
1159,空头进场,2025-12-27 06:15,VltClsSE,2921.68,1,2921.68,-6.27,-0.21,0.19,0.01,-6.27,-0.21,1219.97,0.12
1160,多头出场,2025-12-27 08:15,VltClsSE,2925.33,1,2927.95,-2.62,-0.09,6.11,0.21,-2.87,-0.10,1217.35,0.12
1160,多头进场,2025-12-27 06:30,VltClsLE,2927.95,1,2927.95,-2.62,-0.09,6.11,0.21,-2.87,-0.10,1217.35,0.12
1161,空头出场,2025-12-27 08:30,VltClsLE,2928.4,1,2925.33,-3.07,-0.10,1.96,0.07,-3.07,-0.10,1214.28,0.12
1161,空头进场,2025-12-27 08:15,VltClsSE,2925.33,1,2925.33,-3.07,-0.10,1.96,0.07,-3.07,-0.10,1214.28,0.12
1162,多头出场,2025-12-27 09:15,VltClsSE,2923.8,1,2928.4,-4.6,-0.16,1.42,0.05,-4.6,-0.16,1209.68,0.12
1162,多头进场,2025-12-27 08:30,VltClsLE,2928.4,1,2928.4,-4.6,-0.16,1.42,0.05,-4.6,-0.16,1209.68,0.12
1163,空头出场,2025-12-27 09:30,VltClsLE,2927.98,1,2923.8,-4.18,-0.14,2.47,0.08,-4.18,-0.14,1205.5,0.12
1163,空头进场,2025-12-27 09:15,VltClsSE,2923.8,1,2923.8,-4.18,-0.14,2.47,0.08,-4.18,-0.14,1205.5,0.12
1164,多头出场,2025-12-27 10:00,VltClsSE,2925.43,1,2927.98,-2.55,-0.09,0.91,0.03,-2.55,-0.09,1202.95,0.12
1164,多头进场,2025-12-27 09:30,VltClsLE,2927.98,1,2927.98,-2.55,-0.09,0.91,0.03,-2.55,-0.09,1202.95,0.12
1165,空头出场,2025-12-27 11:15,VltClsLE,2928.73,1,2925.43,-3.3,-0.11,1.43,0.05,-4.57,-0.16,1199.65,0.12
1165,空头进场,2025-12-27 10:00,VltClsSE,2925.43,1,2925.43,-3.3,-0.11,1.43,0.05,-4.57,-0.16,1199.65,0.12
1166,多头出场,2025-12-27 12:00,VltClsSE,2930.67,1,2928.73,1.94,0.07,5.27,0.18,0,0.00,1201.59,0.12
1166,多头进场,2025-12-27 11:15,VltClsLE,2928.73,1,2928.73,1.94,0.07,5.27,0.18,0,0.00,1201.59,0.12
1167,空头出场,2025-12-27 13:30,VltClsLE,2931.08,1,2930.67,-0.41,-0.01,2.44,0.08,-0.7,-0.02,1201.18,0.12
1167,空头进场,2025-12-27 12:00,VltClsSE,2930.67,1,2930.67,-0.41,-0.01,2.44,0.08,-0.7,-0.02,1201.18,0.12
1168,多头出场,2025-12-27 14:00,VltClsSE,2930.18,1,2931.08,-0.9,-0.03,0.8,0.03,-0.9,-0.03,1200.28,0.12
1168,多头进场,2025-12-27 13:30,VltClsLE,2931.08,1,2931.08,-0.9,-0.03,0.8,0.03,-0.9,-0.03,1200.28,0.12
1169,空头出场,2025-12-27 14:30,VltClsLE,2930.33,1,2930.18,-0.15,-0.01,2.07,0.07,-0.15,-0.01,1200.13,0.12
1169,空头进场,2025-12-27 14:00,VltClsSE,2930.18,1,2930.18,-0.15,-0.01,2.07,0.07,-0.15,-0.01,1200.13,0.12
1170,多头出场,2025-12-27 15:30,VltClsSE,2933.07,1,2930.33,2.74,0.09,7.67,0.26,-1.5,-0.05,1202.87,0.12
1170,多头进场,2025-12-27 14:30,VltClsLE,2930.33,1,2930.33,2.74,0.09,7.67,0.26,-1.5,-0.05,1202.87,0.12
1171,空头出场,2025-12-27 16:00,VltClsLE,2935.61,1,2933.07,-2.54,-0.09,0.26,0.01,-4.83,-0.16,1200.33,0.12
1171,空头进场,2025-12-27 15:30,VltClsSE,2933.07,1,2933.07,-2.54,-0.09,0.26,0.01,-4.83,-0.16,1200.33,0.12
1172,多头出场,2025-12-27 17:15,VltClsSE,2935.02,1,2935.61,-0.59,-0.02,5.18,0.18,-1.44,-0.05,1199.74,0.12
1172,多头进场,2025-12-27 16:00,VltClsLE,2935.61,1,2935.61,-0.59,-0.02,5.18,0.18,-1.44,-0.05,1199.74,0.12
1173,空头出场,2025-12-27 17:30,VltClsLE,2935.55,1,2935.02,-0.53,-0.02,3.06,0.10,-0.53,-0.02,1199.21,0.12
1173,空头进场,2025-12-27 17:15,VltClsSE,2935.02,1,2935.02,-0.53,-0.02,3.06,0.10,-0.53,-0.02,1199.21,0.12
1174,多头出场,2025-12-27 18:30,VltClsSE,2927.39,1,2935.55,-8.16,-0.28,1.6,0.05,-8.16,-0.28,1191.05,0.12
1174,多头进场,2025-12-27 17:30,VltClsLE,2935.55,1,2935.55,-8.16,-0.28,1.6,0.05,-8.16,-0.28,1191.05,0.12
1175,空头出场,2025-12-27 21:30,VltClsLE,2929.6,1,2927.39,-2.21,-0.08,10.14,0.35,-6.46,-0.22,1188.84,0.12
1175,空头进场,2025-12-27 18:30,VltClsSE,2927.39,1,2927.39,-2.21,-0.08,10.14,0.35,-6.46,-0.22,1188.84,0.12
1176,多头出场,2025-12-27 23:00,VltClsSE,2927.84,1,2929.6,-1.76,-0.06,3.07,0.10,-3.69,-0.13,1187.08,0.12
1176,多头进场,2025-12-27 21:30,VltClsLE,2929.6,1,2929.6,-1.76,-0.06,3.07,0.10,-3.69,-0.13,1187.08,0.12
1177,空头出场,2025-12-27 23:30,VltClsLE,2929.9,1,2927.84,-2.06,-0.07,1.24,0.04,-2.06,-0.07,1185.02,0.12
1177,空头进场,2025-12-27 23:00,VltClsSE,2927.84,1,2927.84,-2.06,-0.07,1.24,0.04,-2.06,-0.07,1185.02,0.12
1178,多头出场,2025-12-27 23:45,VltClsSE,2927.09,1,2929.9,-2.81,-0.10,0.72,0.02,-2.81,-0.10,1182.21,0.12
1178,多头进场,2025-12-27 23:30,VltClsLE,2929.9,1,2929.9,-2.81,-0.10,0.72,0.02,-2.81,-0.10,1182.21,0.12
1179,空头出场,2025-12-28 00:00,VltClsLE,2928.59,1,2927.09,-1.5,-0.05,1.53,0.05,-1.5,-0.05,1180.71,0.12
1179,空头进场,2025-12-27 23:45,VltClsSE,2927.09,1,2927.09,-1.5,-0.05,1.53,0.05,-1.5,-0.05,1180.71,0.12
1180,多头出场,2025-12-28 00:15,VltClsSE,2923.72,1,2928.59,-4.87,-0.17,0.29,0.01,-4.87,-0.17,1175.84,0.12
1180,多头进场,2025-12-28 00:00,VltClsLE,2928.59,1,2928.59,-4.87,-0.17,0.29,0.01,-4.87,-0.17,1175.84,0.12
1181,空头出场,2025-12-28 01:00,VltClsLE,2923.97,1,2923.72,-0.25,-0.01,6.59,0.23,-0.56,-0.02,1175.59,0.12
1181,空头进场,2025-12-28 00:15,VltClsSE,2923.72,1,2923.72,-0.25,-0.01,6.59,0.23,-0.56,-0.02,1175.59,0.12
1182,多头出场,2025-12-28 02:30,VltClsSE,2925.66,1,2923.97,1.69,0.06,4.92,0.17,-1.44,-0.05,1177.28,0.12
1182,多头进场,2025-12-28 01:00,VltClsLE,2923.97,1,2923.97,1.69,0.06,4.92,0.17,-1.44,-0.05,1177.28,0.12
1183,空头出场,2025-12-28 03:00,VltClsLE,2927.87,1,2925.66,-2.21,-0.08,0.66,0.02,-2.21,-0.08,1175.07,0.12
1183,空头进场,2025-12-28 02:30,VltClsSE,2925.66,1,2925.66,-2.21,-0.08,0.66,0.02,-2.21,-0.08,1175.07,0.12
1184,多头出场,2025-12-28 03:15,VltClsSE,2926.51,1,2927.87,-1.36,-0.05,0.13,0.00,-1.36,-0.05,1173.71,0.12
1184,多头进场,2025-12-28 03:00,VltClsLE,2927.87,1,2927.87,-1.36,-0.05,0.13,0.00,-1.36,-0.05,1173.71,0.12
1185,空头出场,2025-12-28 03:45,VltClsLE,2929.74,1,2926.51,-3.23,-0.11,0.02,0.00,-3.23,-0.11,1170.48,0.12
1185,空头进场,2025-12-28 03:15,VltClsSE,2926.51,1,2926.51,-3.23,-0.11,0.02,0.00,-3.23,-0.11,1170.48,0.12
1186,多头出场,2025-12-28 04:15,VltClsSE,2930.87,1,2929.74,1.13,0.04,5.17,0.18,0,0.00,1171.61,0.12
1186,多头进场,2025-12-28 03:45,VltClsLE,2929.74,1,2929.74,1.13,0.04,5.17,0.18,0,0.00,1171.61,0.12
1187,空头出场,2025-12-28 05:00,VltClsLE,2931.47,1,2930.87,-0.6,-0.02,1.98,0.07,-1.27,-0.04,1171.01,0.12
1187,空头进场,2025-12-28 04:15,VltClsSE,2930.87,1,2930.87,-0.6,-0.02,1.98,0.07,-1.27,-0.04,1171.01,0.12
1188,多头出场,2025-12-28 06:00,VltClsSE,2933.44,1,2931.47,1.97,0.07,3.65,0.12,-0.61,-0.02,1172.98,0.12
1188,多头进场,2025-12-28 05:00,VltClsLE,2931.47,1,2931.47,1.97,0.07,3.65,0.12,-0.61,-0.02,1172.98,0.12
1189,空头出场,2025-12-28 06:15,VltClsLE,2950.37,1,2933.44,-16.93,-0.58,2.74,0.09,-16.93,-0.58,1156.05,0.12
1189,空头进场,2025-12-28 06:00,VltClsSE,2933.44,1,2933.44,-16.93,-0.58,2.74,0.09,-16.93,-0.58,1156.05,0.12
1190,多头出场,2025-12-28 06:30,VltClsSE,2934.86,1,2950.37,-15.51,-0.53,3.49,0.12,-15.51,-0.53,1140.54,0.11
1190,多头进场,2025-12-28 06:15,VltClsLE,2950.37,1,2950.37,-15.51,-0.53,3.49,0.12,-15.51,-0.53,1140.54,0.11
1191,空头出场,2025-12-28 07:15,VltClsLE,2942.98,1,2934.86,-8.12,-0.28,4.81,0.16,-8.12,-0.28,1132.42,0.11
1191,空头进场,2025-12-28 06:30,VltClsSE,2934.86,1,2934.86,-8.12,-0.28,4.81,0.16,-8.12,-0.28,1132.42,0.11
1192,多头出场,2025-12-28 09:15,VltClsSE,2943.09,1,2942.98,0.11,0.00,17.91,0.61,-3.9,-0.13,1132.53,0.11
1192,多头进场,2025-12-28 07:15,VltClsLE,2942.98,1,2942.98,0.11,0.00,17.91,0.61,-3.9,-0.13,1132.53,0.11
1193,空头出场,2025-12-28 10:15,VltClsLE,2946.52,1,2943.09,-3.43,-0.12,1.95,0.07,-4.38,-0.15,1129.1,0.11
1193,空头进场,2025-12-28 09:15,VltClsSE,2943.09,1,2943.09,-3.43,-0.12,1.95,0.07,-4.38,-0.15,1129.1,0.11
1194,多头出场,2025-12-28 11:00,VltClsSE,2945.34,1,2946.52,-1.18,-0.04,3.48,0.12,-1.18,-0.04,1127.92,0.11
1194,多头进场,2025-12-28 10:15,VltClsLE,2946.52,1,2946.52,-1.18,-0.04,3.48,0.12,-1.18,-0.04,1127.92,0.11
1195,空头出场,2025-12-28 12:00,VltClsLE,2945.6,1,2945.34,-0.26,-0.01,3.8,0.13,-0.26,-0.01,1127.66,0.11
1195,空头进场,2025-12-28 11:00,VltClsSE,2945.34,1,2945.34,-0.26,-0.01,3.8,0.13,-0.26,-0.01,1127.66,0.11
1196,多头出场,2025-12-28 12:15,VltClsSE,2943.22,1,2945.6,-2.38,-0.08,1.47,0.05,-2.38,-0.08,1125.28,0.11
1196,多头进场,2025-12-28 12:00,VltClsLE,2945.6,1,2945.6,-2.38,-0.08,1.47,0.05,-2.38,-0.08,1125.28,0.11
1197,空头出场,2025-12-28 13:30,VltClsLE,2936.46,1,2943.22,6.76,0.23,13.72,0.47,-1.12,-0.04,1132.04,0.11
1197,空头进场,2025-12-28 12:15,VltClsSE,2943.22,1,2943.22,6.76,0.23,13.72,0.47,-1.12,-0.04,1132.04,0.11
1198,多头出场,2025-12-28 15:15,VltClsSE,2939,1,2936.46,2.54,0.09,7.56,0.26,-3.45,-0.12,1134.58,0.11
1198,多头进场,2025-12-28 13:30,VltClsLE,2936.46,1,2936.46,2.54,0.09,7.56,0.26,-3.45,-0.12,1134.58,0.11
1199,空头出场,2025-12-28 16:00,VltClsLE,2941.33,1,2939,-2.33,-0.08,2.11,0.07,-2.33,-0.08,1132.25,0.11
1199,空头进场,2025-12-28 15:15,VltClsSE,2939,1,2939,-2.33,-0.08,2.11,0.07,-2.33,-0.08,1132.25,0.11
1200,多头出场,2025-12-28 17:30,VltClsSE,2939.42,1,2941.33,-1.91,-0.06,6.01,0.20,-3.33,-0.11,1130.34,0.11
1200,多头进场,2025-12-28 16:00,VltClsLE,2941.33,1,2941.33,-1.91,-0.06,6.01,0.20,-3.33,-0.11,1130.34,0.11
1201,空头出场,2025-12-28 18:00,VltClsLE,2941.92,1,2939.42,-2.5,-0.09,7.86,0.27,-2.5,-0.09,1127.84,0.11
1201,空头进场,2025-12-28 17:30,VltClsSE,2939.42,1,2939.42,-2.5,-0.09,7.86,0.27,-2.5,-0.09,1127.84,0.11
1202,多头出场,2025-12-28 19:30,VltClsSE,2942.93,1,2941.92,1.01,0.03,5.27,0.18,-2.04,-0.07,1128.85,0.11
1202,多头进场,2025-12-28 18:00,VltClsLE,2941.92,1,2941.92,1.01,0.03,5.27,0.18,-2.04,-0.07,1128.85,0.11
1203,空头出场,2025-12-28 19:45,VltClsLE,2944.3,1,2942.93,-1.37,-0.05,2.94,0.10,-1.37,-0.05,1127.48,0.11
1203,空头进场,2025-12-28 19:30,VltClsSE,2942.93,1,2942.93,-1.37,-0.05,2.94,0.10,-1.37,-0.05,1127.48,0.11
1204,多头出场,2025-12-28 20:00,VltClsSE,2941.1,1,2944.3,-3.2,-0.11,0.9,0.03,-3.2,-0.11,1124.28,0.11
1204,多头进场,2025-12-28 19:45,VltClsLE,2944.3,1,2944.3,-3.2,-0.11,0.9,0.03,-3.2,-0.11,1124.28,0.11
1205,空头出场,2025-12-28 21:00,VltClsLE,2942.99,1,2941.1,-1.89,-0.06,3.32,0.11,-3.72,-0.13,1122.39,0.11
1205,空头进场,2025-12-28 20:00,VltClsSE,2941.1,1,2941.1,-1.89,-0.06,3.32,0.11,-3.72,-0.13,1122.39,0.11
1206,多头出场,2025-12-28 22:45,VltClsSE,2946.11,1,2942.99,3.12,0.11,12.65,0.43,-3.29,-0.11,1125.51,0.11
1206,多头进场,2025-12-28 21:00,VltClsLE,2942.99,1,2942.99,3.12,0.11,12.65,0.43,-3.29,-0.11,1125.51,0.11
1207,空头出场,2025-12-28 23:00,VltClsLE,2950.37,1,2946.11,-4.26,-0.14,0.44,0.01,-4.26,-0.14,1121.25,0.11
1207,空头进场,2025-12-28 22:45,VltClsSE,2946.11,1,2946.11,-4.26,-0.14,0.44,0.01,-4.26,-0.14,1121.25,0.11
1208,多头出场,2025-12-29 00:15,VltClsSE,2945.15,1,2950.37,-5.22,-0.18,10.86,0.37,-5.22,-0.18,1116.03,0.11
1208,多头进场,2025-12-28 23:00,VltClsLE,2950.37,1,2950.37,-5.22,-0.18,10.86,0.37,-5.22,-0.18,1116.03,0.11
1209,空头出场,2025-12-29 01:00,VltClsLE,2947.46,1,2945.15,-2.31,-0.08,4.95,0.17,-2.31,-0.08,1113.72,0.11
1209,空头进场,2025-12-29 00:15,VltClsSE,2945.15,1,2945.15,-2.31,-0.08,4.95,0.17,-2.31,-0.08,1113.72,0.11
1210,多头出场,2025-12-29 02:00,VltClsSE,2943.27,1,2947.46,-4.19,-0.14,3.54,0.12,-4.19,-0.14,1109.53,0.11
1210,多头进场,2025-12-29 01:00,VltClsLE,2947.46,1,2947.46,-4.19,-0.14,3.54,0.12,-4.19,-0.14,1109.53,0.11
1211,空头出场,2025-12-29 03:00,VltClsLE,2936.91,1,2943.27,6.36,0.22,18.73,0.64,0,0.00,1115.89,0.11
1211,空头进场,2025-12-29 02:00,VltClsSE,2943.27,1,2943.27,6.36,0.22,18.73,0.64,0,0.00,1115.89,0.11
1212,多头出场,2025-12-29 04:45,VltClsSE,2932.62,1,2936.91,-4.29,-0.15,3.09,0.11,-6.91,-0.24,1111.6,0.11
1212,多头进场,2025-12-29 03:00,VltClsLE,2936.91,1,2936.91,-4.29,-0.15,3.09,0.11,-6.91,-0.24,1111.6,0.11
1213,空头出场,2025-12-29 05:00,VltClsLE,2935.51,1,2932.62,-2.89,-0.10,0.58,0.02,-2.89,-0.10,1108.71,0.11
1213,空头进场,2025-12-29 04:45,VltClsSE,2932.62,1,2932.62,-2.89,-0.10,0.58,0.02,-2.89,-0.10,1108.71,0.11
1214,多头出场,2025-12-29 07:00,VltClsSE,2945.43,1,2935.51,9.92,0.34,19.99,0.68,-6.62,-0.23,1118.63,0.11
1214,多头进场,2025-12-29 05:00,VltClsLE,2935.51,1,2935.51,9.92,0.34,19.99,0.68,-6.62,-0.23,1118.63,0.11
1215,空头出场,2025-12-29 08:15,VltClsLE,2954.48,1,2945.43,-9.05,-0.31,5.07,0.17,-9.05,-0.31,1109.58,0.11
1215,空头进场,2025-12-29 07:00,VltClsSE,2945.43,1,2945.43,-9.05,-0.31,5.07,0.17,-9.05,-0.31,1109.58,0.11
1216,多头出场,2025-12-29 09:00,VltClsSE,2958.28,1,2954.48,3.8,0.13,23.03,0.78,0,0.00,1113.38,0.11
1216,多头进场,2025-12-29 08:15,VltClsLE,2954.48,1,2954.48,3.8,0.13,23.03,0.78,0,0.00,1113.38,0.11
1217,空头出场,2025-12-29 09:30,VltClsLE,2970.98,1,2958.28,-12.7,-0.43,5.38,0.18,-12.7,-0.43,1100.68,0.11
1217,空头进场,2025-12-29 09:00,VltClsSE,2958.28,1,2958.28,-12.7,-0.43,5.38,0.18,-12.7,-0.43,1100.68,0.11
1218,多头出场,2025-12-29 13:45,VltClsSE,3037.24,1,2970.98,66.26,2.23,86.8,2.92,0,0.00,1166.94,0.12
1218,多头进场,2025-12-29 09:30,VltClsLE,2970.98,1,2970.98,66.26,2.23,86.8,2.92,0,0.00,1166.94,0.12
1219,空头出场,2025-12-29 20:15,VltClsLE,2930.8,1,3037.24,106.44,3.50,126.99,4.18,-7.77,-0.26,1273.38,0.13
1219,空头进场,2025-12-29 13:45,VltClsSE,3037.24,1,3037.24,106.44,3.50,126.99,4.18,-7.77,-0.26,1273.38,0.13
1220,多头出场,2025-12-29 21:45,VltClsSE,2923.43,1,2930.8,-7.37,-0.25,7.37,0.25,-7.37,-0.25,1266.01,0.13
1220,多头进场,2025-12-29 20:15,VltClsLE,2930.8,1,2930.8,-7.37,-0.25,7.37,0.25,-7.37,-0.25,1266.01,0.13
1221,空头出场,2025-12-29 22:15,VltClsLE,2933.74,1,2923.43,-10.31,-0.35,6.35,0.22,-10.31,-0.35,1255.7,0.13
1221,空头进场,2025-12-29 21:45,VltClsSE,2923.43,1,2923.43,-10.31,-0.35,6.35,0.22,-10.31,-0.35,1255.7,0.13
1222,多头出场,2025-12-29 22:45,VltClsSE,2946.76,1,2933.74,13.02,0.44,32.11,1.09,-5.34,-0.18,1268.72,0.13
1222,多头进场,2025-12-29 22:15,VltClsLE,2933.74,1,2933.74,13.02,0.44,32.11,1.09,-5.34,-0.18,1268.72,0.13
1223,空头出场,2025-12-29 23:00,VltClsLE,2945.17,1,2946.76,1.59,0.05,26.76,0.91,0,0.00,1270.31,0.13
1223,空头进场,2025-12-29 22:45,VltClsSE,2946.76,1,2946.76,1.59,0.05,26.76,0.91,0,0.00,1270.31,0.13
1224,多头出场,2025-12-30 00:15,VltClsSE,2927.09,1,2945.17,-18.08,-0.61,5.67,0.19,-18.08,-0.61,1252.23,0.13
1224,多头进场,2025-12-29 23:00,VltClsLE,2945.17,1,2945.17,-18.08,-0.61,5.67,0.19,-18.08,-0.61,1252.23,0.13
1225,空头出场,2025-12-30 01:45,VltClsLE,2940.37,1,2927.09,-13.28,-0.45,1.92,0.07,-15.41,-0.53,1238.95,0.12
1225,空头进场,2025-12-30 00:15,VltClsSE,2927.09,1,2927.09,-13.28,-0.45,1.92,0.07,-15.41,-0.53,1238.95,0.12
1226,多头出场,2025-12-30 02:00,VltClsSE,2937.07,1,2940.37,-3.3,-0.11,5.63,0.19,-3.3,-0.11,1235.65,0.12
1226,多头进场,2025-12-30 01:45,VltClsLE,2940.37,1,2940.37,-3.3,-0.11,5.63,0.19,-3.3,-0.11,1235.65,0.12
1227,空头出场,2025-12-30 03:00,VltClsLE,2928.15,1,2937.07,8.92,0.30,23.04,0.78,-4.93,-0.17,1244.57,0.12
1227,空头进场,2025-12-30 02:00,VltClsSE,2937.07,1,2937.07,8.92,0.30,23.04,0.78,-4.93,-0.17,1244.57,0.12
1228,多头出场,2025-12-30 06:00,VltClsSE,2932.62,1,2928.15,4.47,0.15,14.51,0.50,-2.11,-0.07,1249.04,0.12
1228,多头进场,2025-12-30 03:00,VltClsLE,2928.15,1,2928.15,4.47,0.15,14.51,0.50,-2.11,-0.07,1249.04,0.12
1229,空头出场,2025-12-30 06:15,VltClsLE,2937.79,1,2932.62,-5.17,-0.18,1.71,0.06,-5.17,-0.18,1243.87,0.12
1229,空头进场,2025-12-30 06:00,VltClsSE,2932.62,1,2932.62,-5.17,-0.18,1.71,0.06,-5.17,-0.18,1243.87,0.12
1230,多头出场,2025-12-30 07:15,VltClsSE,2936.08,1,2937.79,-1.71,-0.06,6.45,0.22,-2.29,-0.08,1242.16,0.12
1230,多头进场,2025-12-30 06:15,VltClsLE,2937.79,1,2937.79,-1.71,-0.06,6.45,0.22,-2.29,-0.08,1242.16,0.12
1231,空头出场,2025-12-30 09:45,VltClsLE,2938.64,1,2936.08,-2.56,-0.09,11.06,0.38,-5.92,-0.20,1239.6,0.12
1231,空头进场,2025-12-30 07:15,VltClsSE,2936.08,1,2936.08,-2.56,-0.09,11.06,0.38,-5.92,-0.20,1239.6,0.12
1232,多头出场,2025-12-30 10:00,VltClsSE,2932.1,1,2938.64,-6.54,-0.22,0.7,0.02,-6.54,-0.22,1233.06,0.12
1232,多头进场,2025-12-30 09:45,VltClsLE,2938.64,1,2938.64,-6.54,-0.22,0.7,0.02,-6.54,-0.22,1233.06,0.12
1233,空头出场,2025-12-30 10:15,VltClsLE,2939.63,1,2932.1,-7.53,-0.26,2.1,0.07,-7.53,-0.26,1225.53,0.12
1233,空头进场,2025-12-30 10:00,VltClsSE,2932.1,1,2932.1,-7.53,-0.26,2.1,0.07,-7.53,-0.26,1225.53,0.12
1234,多头出场,2025-12-30 10:30,VltClsSE,2928.03,1,2939.63,-11.6,-0.39,0.09,0.00,-11.6,-0.39,1213.93,0.12
1234,多头进场,2025-12-30 10:15,VltClsLE,2939.63,1,2939.63,-11.6,-0.39,0.09,0.00,-11.6,-0.39,1213.93,0.12
1235,空头出场,2025-12-30 11:15,VltClsLE,2929.67,1,2928.03,-1.64,-0.06,8.59,0.29,-3.22,-0.11,1212.29,0.12
1235,空头进场,2025-12-30 10:30,VltClsSE,2928.03,1,2928.03,-1.64,-0.06,8.59,0.29,-3.22,-0.11,1212.29,0.12
1236,多头出场,2025-12-30 12:45,VltClsSE,2949.61,1,2929.67,19.94,0.68,29.33,1.00,0,0.00,1232.23,0.12
1236,多头进场,2025-12-30 11:15,VltClsLE,2929.67,1,2929.67,19.94,0.68,29.33,1.00,0,0.00,1232.23,0.12
1237,空头出场,2025-12-30 14:00,VltClsLE,2947.22,1,2949.61,2.39,0.08,12.22,0.41,0,0.00,1234.62,0.12
1237,空头进场,2025-12-30 12:45,VltClsSE,2949.61,1,2949.61,2.39,0.08,12.22,0.41,0,0.00,1234.62,0.12
1238,多头出场,2025-12-30 15:15,VltClsSE,2946.99,1,2947.22,-0.23,-0.01,8.56,0.29,-2.92,-0.10,1234.39,0.12
1238,多头进场,2025-12-30 14:00,VltClsLE,2947.22,1,2947.22,-0.23,-0.01,8.56,0.29,-2.92,-0.10,1234.39,0.12
1239,空头出场,2025-12-30 16:00,VltClsLE,2955.39,1,2946.99,-8.4,-0.29,1.34,0.05,-8.4,-0.29,1225.99,0.12
1239,空头进场,2025-12-30 15:15,VltClsSE,2946.99,1,2946.99,-8.4,-0.29,1.34,0.05,-8.4,-0.29,1225.99,0.12
1240,多头出场,2025-12-30 16:15,VltClsSE,2977.18,1,2955.39,21.79,0.74,48.27,1.63,0,0.00,1247.78,0.12
1240,多头进场,2025-12-30 16:00,VltClsLE,2955.39,1,2955.39,21.79,0.74,48.27,1.63,0,0.00,1247.78,0.12
1241,空头出场,2025-12-30 17:45,VltClsLE,2985.64,1,2977.18,-8.46,-0.28,6.03,0.20,-9.5,-0.32,1239.32,0.12
1241,空头进场,2025-12-30 16:15,VltClsSE,2977.18,1,2977.18,-8.46,-0.28,6.03,0.20,-9.5,-0.32,1239.32,0.12
1242,多头出场,2025-12-30 18:45,VltClsSE,2977.76,1,2985.64,-7.88,-0.26,2.93,0.10,-7.88,-0.26,1231.44,0.12
1242,多头进场,2025-12-30 17:45,VltClsLE,2985.64,1,2985.64,-7.88,-0.26,2.93,0.10,-7.88,-0.26,1231.44,0.12
1243,空头出场,2025-12-30 19:45,VltClsLE,2983.82,1,2977.76,-6.06,-0.20,4.41,0.15,-6.06,-0.20,1225.38,0.12
1243,空头进场,2025-12-30 18:45,VltClsSE,2977.76,1,2977.76,-6.06,-0.20,4.41,0.15,-6.06,-0.20,1225.38,0.12
1244,多头出场,2025-12-30 20:30,VltClsSE,2978.21,1,2983.82,-5.61,-0.19,2.18,0.07,-10.24,-0.34,1219.77,0.12
1244,多头进场,2025-12-30 19:45,VltClsLE,2983.82,1,2983.82,-5.61,-0.19,2.18,0.07,-10.24,-0.34,1219.77,0.12
1245,空头出场,2025-12-30 21:00,VltClsLE,2985.73,1,2978.21,-7.52,-0.25,1.64,0.06,-7.52,-0.25,1212.25,0.12
1245,空头进场,2025-12-30 20:30,VltClsSE,2978.21,1,2978.21,-7.52,-0.25,1.64,0.06,-7.52,-0.25,1212.25,0.12
1246,多头出场,2025-12-30 21:30,VltClsSE,2983.8,1,2985.73,-1.93,-0.06,6.11,0.20,-3.15,-0.11,1210.32,0.12
1246,多头进场,2025-12-30 21:00,VltClsLE,2985.73,1,2985.73,-1.93,-0.06,6.11,0.20,-3.15,-0.11,1210.32,0.12
1247,空头出场,2025-12-30 22:15,VltClsLE,2983.11,1,2983.8,0.69,0.02,19.65,0.66,-7.29,-0.24,1211.01,0.12
1247,空头进场,2025-12-30 21:30,VltClsSE,2983.8,1,2983.8,0.69,0.02,19.65,0.66,-7.29,-0.24,1211.01,0.12
1248,多头出场,2025-12-30 22:30,VltClsSE,2961.58,1,2983.11,-21.53,-0.72,5.66,0.19,-21.53,-0.72,1189.48,0.12
1248,多头进场,2025-12-30 22:15,VltClsLE,2983.11,1,2983.11,-21.53,-0.72,5.66,0.19,-21.53,-0.72,1189.48,0.12
1249,空头出场,2025-12-30 22:45,VltClsLE,2982.92,1,2961.58,-21.34,-0.72,2.7,0.09,-21.34,-0.72,1168.14,0.12
1249,空头进场,2025-12-30 22:30,VltClsSE,2961.58,1,2961.58,-21.34,-0.72,2.7,0.09,-21.34,-0.72,1168.14,0.12
1250,多头出场,2025-12-30 23:00,VltClsSE,2980.34,1,2982.92,-2.58,-0.09,26.88,0.90,-2.58,-0.09,1165.56,0.12
1250,多头进场,2025-12-30 22:45,VltClsLE,2982.92,1,2982.92,-2.58,-0.09,26.88,0.90,-2.58,-0.09,1165.56,0.12
1251,空头出场,2025-12-31 00:15,VltClsLE,2993.91,1,2980.34,-13.57,-0.46,10.33,0.35,-17.33,-0.58,1151.99,0.12
1251,空头进场,2025-12-30 23:00,VltClsSE,2980.34,1,2980.34,-13.57,-0.46,10.33,0.35,-17.33,-0.58,1151.99,0.12
1252,多头出场,2025-12-31 00:30,VltClsSE,2981.26,1,2993.91,-12.65,-0.42,1.37,0.05,-12.65,-0.42,1139.34,0.11
1252,多头进场,2025-12-31 00:15,VltClsLE,2993.91,1,2993.91,-12.65,-0.42,1.37,0.05,-12.65,-0.42,1139.34,0.11
1253,空头出场,2025-12-31 03:15,VltClsLE,2964.96,1,2981.26,16.3,0.55,36.5,1.22,-5.74,-0.19,1155.64,0.12
1253,空头进场,2025-12-31 00:30,VltClsSE,2981.26,1,2981.26,16.3,0.55,36.5,1.22,-5.74,-0.19,1155.64,0.12
1254,多头出场,2025-12-31 04:45,VltClsSE,2960.31,1,2964.96,-4.65,-0.16,9.64,0.33,-4.65,-0.16,1150.99,0.12
1254,多头进场,2025-12-31 03:15,VltClsLE,2964.96,1,2964.96,-4.65,-0.16,9.64,0.33,-4.65,-0.16,1150.99,0.12
1255,空头出场,2025-12-31 05:45,VltClsLE,2968.92,1,2960.31,-8.61,-0.29,6.03,0.20,-8.61,-0.29,1142.38,0.11
1255,空头进场,2025-12-31 04:45,VltClsSE,2960.31,1,2960.31,-8.61,-0.29,6.03,0.20,-8.61,-0.29,1142.38,0.11
1256,多头出场,2025-12-31 06:30,VltClsSE,2967.26,1,2968.92,-1.66,-0.06,3.19,0.11,-1.66,-0.06,1140.72,0.11
1256,多头进场,2025-12-31 05:45,VltClsLE,2968.92,1,2968.92,-1.66,-0.06,3.19,0.11,-1.66,-0.06,1140.72,0.11
1257,空头出场,2025-12-31 06:45,VltClsLE,2969.56,1,2967.26,-2.3,-0.08,1.71,0.06,-2.3,-0.08,1138.42,0.11
1257,空头进场,2025-12-31 06:30,VltClsSE,2967.26,1,2967.26,-2.3,-0.08,1.71,0.06,-2.3,-0.08,1138.42,0.11
1258,多头出场,2025-12-31 08:00,VltClsSE,2970.07,1,2969.56,0.51,0.02,6.4,0.22,-1.97,-0.07,1138.93,0.11
1258,多头进场,2025-12-31 06:45,VltClsLE,2969.56,1,2969.56,0.51,0.02,6.4,0.22,-1.97,-0.07,1138.93,0.11
1259,空头出场,2025-12-31 08:15,VltClsLE,2970.6,1,2970.07,-0.53,-0.02,7.58,0.26,-0.53,-0.02,1138.4,0.11
1259,空头进场,2025-12-31 08:00,VltClsSE,2970.07,1,2970.07,-0.53,-0.02,7.58,0.26,-0.53,-0.02,1138.4,0.11
1260,多头出场,2025-12-31 08:30,VltClsSE,2964.94,1,2970.6,-5.66,-0.19,0.4,0.01,-5.66,-0.19,1132.74,0.11
1260,多头进场,2025-12-31 08:15,VltClsLE,2970.6,1,2970.6,-5.66,-0.19,0.4,0.01,-5.66,-0.19,1132.74,0.11
1261,空头出场,2025-12-31 09:15,VltClsLE,2974.22,1,2964.94,-9.28,-0.31,3.05,0.10,-9.28,-0.31,1123.46,0.11
1261,空头进场,2025-12-31 08:30,VltClsSE,2964.94,1,2964.94,-9.28,-0.31,3.05,0.10,-9.28,-0.31,1123.46,0.11
1262,多头出场,2025-12-31 10:45,VltClsSE,2974.51,1,2974.22,0.29,0.01,10.64,0.36,0,0.00,1123.75,0.11
1262,多头进场,2025-12-31 09:15,VltClsLE,2974.22,1,2974.22,0.29,0.01,10.64,0.36,0,0.00,1123.75,0.11
1263,空头出场,2025-12-31 13:00,VltClsLE,2972.56,1,2974.51,1.95,0.07,8.36,0.28,-9.49,-0.32,1125.7,0.11
1263,空头进场,2025-12-31 10:45,VltClsSE,2974.51,1,2974.51,1.95,0.07,8.36,0.28,-9.49,-0.32,1125.7,0.11
1264,多头出场,2025-12-31 13:45,VltClsSE,2975.51,1,2972.56,2.95,0.10,7.44,0.25,0,0.00,1128.65,0.11
1264,多头进场,2025-12-31 13:00,VltClsLE,2972.56,1,2972.56,2.95,0.10,7.44,0.25,0,0.00,1128.65,0.11
1265,空头出场,2025-12-31 16:00,VltClsLE,2979.53,1,2975.51,-4.02,-0.14,5.36,0.18,-4.02,-0.14,1124.63,0.11
1265,空头进场,2025-12-31 13:45,VltClsSE,2975.51,1,2975.51,-4.02,-0.14,5.36,0.18,-4.02,-0.14,1124.63,0.11
1266,多头出场,2025-12-31 16:30,VltClsSE,2974,1,2979.53,-5.53,-0.19,0.48,0.02,-5.53,-0.19,1119.1,0.11
1266,多头进场,2025-12-31 16:00,VltClsLE,2979.53,1,2979.53,-5.53,-0.19,0.48,0.02,-5.53,-0.19,1119.1,0.11
1267,空头出场,2025-12-31 17:00,VltClsLE,2973.45,1,2974,0.55,0.02,10.09,0.34,0,0.00,1119.65,0.11
1267,空头进场,2025-12-31 16:30,VltClsSE,2974,1,2974,0.55,0.02,10.09,0.34,0,0.00,1119.65,0.11
1268,多头出场,2025-12-31 20:00,VltClsSE,2996.16,1,2973.45,22.71,0.76,30.19,1.02,-0.65,-0.02,1142.36,0.11
1268,多头进场,2025-12-31 17:00,VltClsLE,2973.45,1,2973.45,22.71,0.76,30.19,1.02,-0.65,-0.02,1142.36,0.11
1269,空头出场,2025-12-31 21:15,VltClsLE,2995.29,1,2996.16,0.87,0.03,11.82,0.39,-5.62,-0.19,1143.23,0.11
1269,空头进场,2025-12-31 20:00,VltClsSE,2996.16,1,2996.16,0.87,0.03,11.82,0.39,-5.62,-0.19,1143.23,0.11
1270,多头出场,2025-12-31 21:30,VltClsSE,2989.05,1,2995.29,-6.24,-0.21,2.3,0.08,-6.24,-0.21,1136.99,0.11
1270,多头进场,2025-12-31 21:15,VltClsLE,2995.29,1,2995.29,-6.24,-0.21,2.3,0.08,-6.24,-0.21,1136.99,0.11
1271,空头出场,2025-12-31 21:45,VltClsLE,2996.41,1,2989.05,-7.36,-0.25,0.84,0.03,-7.36,-0.25,1129.63,0.11
1271,空头进场,2025-12-31 21:30,VltClsSE,2989.05,1,2989.05,-7.36,-0.25,0.84,0.03,-7.36,-0.25,1129.63,0.11
1272,多头出场,2025-12-31 22:30,VltClsSE,2999.69,1,2996.41,3.28,0.11,31.67,1.06,0,0.00,1132.91,0.11
1272,多头进场,2025-12-31 21:45,VltClsLE,2996.41,1,2996.41,3.28,0.11,31.67,1.06,0,0.00,1132.91,0.11
1273,空头出场,2026-01-01 00:15,VltClsLE,2996.16,1,2999.69,3.53,0.12,31.69,1.06,0,0.00,1136.44,0.11
1273,空头进场,2025-12-31 22:30,VltClsSE,2999.69,1,2999.69,3.53,0.12,31.69,1.06,0,0.00,1136.44,0.11
1274,多头出场,2026-01-01 00:30,VltClsSE,2978.13,1,2996.16,-18.03,-0.60,1.24,0.04,-18.03,-0.60,1118.41,0.11
1274,多头进场,2026-01-01 00:15,VltClsLE,2996.16,1,2996.16,-18.03,-0.60,1.24,0.04,-18.03,-0.60,1118.41,0.11
1275,空头出场,2026-01-01 02:00,VltClsLE,2982.82,1,2978.13,-4.69,-0.16,19.22,0.65,-4.69,-0.16,1113.72,0.11
1275,空头进场,2026-01-01 00:30,VltClsSE,2978.13,1,2978.13,-4.69,-0.16,19.22,0.65,-4.69,-0.16,1113.72,0.11
1276,多头出场,2026-01-01 02:45,VltClsSE,2973.94,1,2982.82,-8.88,-0.30,2.87,0.10,-8.88,-0.30,1104.84,0.11
1276,多头进场,2026-01-01 02:00,VltClsLE,2982.82,1,2982.82,-8.88,-0.30,2.87,0.10,-8.88,-0.30,1104.84,0.11
1277,空头出场,2026-01-01 03:00,VltClsLE,2980.04,1,2973.94,-6.1,-0.21,2.52,0.08,-6.1,-0.21,1098.74,0.11
1277,空头进场,2026-01-01 02:45,VltClsSE,2973.94,1,2973.94,-6.1,-0.21,2.52,0.08,-6.1,-0.21,1098.74,0.11
1278,多头出场,2026-01-01 03:30,VltClsSE,2972.19,1,2980.04,-7.85,-0.26,1.4,0.05,-7.85,-0.26,1090.89,0.11
1278,多头进场,2026-01-01 03:00,VltClsLE,2980.04,1,2980.04,-7.85,-0.26,1.4,0.05,-7.85,-0.26,1090.89,0.11
1279,空头出场,2026-01-01 04:30,VltClsLE,2975.83,1,2972.19,-3.64,-0.12,6.02,0.20,-3.64,-0.12,1087.25,0.11
1279,空头进场,2026-01-01 03:30,VltClsSE,2972.19,1,2972.19,-3.64,-0.12,6.02,0.20,-3.64,-0.12,1087.25,0.11
1280,多头出场,2026-01-01 06:30,VltClsSE,2980.61,1,2975.83,4.78,0.16,9.03,0.30,-12.4,-0.42,1092.03,0.11
1280,多头进场,2026-01-01 04:30,VltClsLE,2975.83,1,2975.83,4.78,0.16,9.03,0.30,-12.4,-0.42,1092.03,0.11
1281,空头出场,2026-01-01 08:00,VltClsLE,2974.47,1,2980.61,6.14,0.21,10.42,0.35,0,0.00,1098.17,0.11
1281,空头进场,2026-01-01 06:30,VltClsSE,2980.61,1,2980.61,6.14,0.21,10.42,0.35,0,0.00,1098.17,0.11
1282,多头出场,2026-01-01 11:45,VltClsSE,2980.69,1,2974.47,6.22,0.21,14.49,0.49,0,0.00,1104.39,0.11
1282,多头进场,2026-01-01 08:00,VltClsLE,2974.47,1,2974.47,6.22,0.21,14.49,0.49,0,0.00,1104.39,0.11
1283,空头出场,2026-01-01 12:45,VltClsLE,2976.67,1,2980.69,4.02,0.13,7.7,0.26,-0.28,-0.01,1108.41,0.11
1283,空头进场,2026-01-01 11:45,VltClsSE,2980.69,1,2980.69,4.02,0.13,7.7,0.26,-0.28,-0.01,1108.41,0.11
1284,多头出场,2026-01-01 14:00,VltClsSE,2978.9,1,2976.67,2.23,0.07,7.12,0.24,-1.32,-0.04,1110.64,0.11
1284,多头进场,2026-01-01 12:45,VltClsLE,2976.67,1,2976.67,2.23,0.07,7.12,0.24,-1.32,-0.04,1110.64,0.11
1285,空头出场,2026-01-01 15:00,VltClsLE,2977.75,1,2978.9,1.15,0.04,3.01,0.10,-2.06,-0.07,1111.79,0.11
1285,空头进场,2026-01-01 14:00,VltClsSE,2978.9,1,2978.9,1.15,0.04,3.01,0.10,-2.06,-0.07,1111.79,0.11
1286,多头出场,2026-01-01 15:45,VltClsSE,2978.15,1,2977.75,0.4,0.01,3.14,0.11,-0.45,-0.02,1112.19,0.11
1286,多头进场,2026-01-01 15:00,VltClsLE,2977.75,1,2977.75,0.4,0.01,3.14,0.11,-0.45,-0.02,1112.19,0.11
1287,空头出场,2026-01-01 16:00,VltClsLE,2980.9,1,2978.15,-2.75,-0.09,0.35,0.01,-2.75,-0.09,1109.44,0.11
1287,空头进场,2026-01-01 15:45,VltClsSE,2978.15,1,2978.15,-2.75,-0.09,0.35,0.01,-2.75,-0.09,1109.44,0.11
1288,多头出场,2026-01-01 18:15,VltClsSE,2983.74,1,2980.9,2.84,0.10,6.51,0.22,-0.9,-0.03,1112.28,0.11
1288,多头进场,2026-01-01 16:00,VltClsLE,2980.9,1,2980.9,2.84,0.10,6.51,0.22,-0.9,-0.03,1112.28,0.11
1289,空头出场,2026-01-01 18:45,VltClsLE,2984.61,1,2983.74,-0.87,-0.03,1.6,0.05,-0.87,-0.03,1111.41,0.11
1289,空头进场,2026-01-01 18:15,VltClsSE,2983.74,1,2983.74,-0.87,-0.03,1.6,0.05,-0.87,-0.03,1111.41,0.11
1290,多头出场,2026-01-01 20:15,VltClsSE,2985.45,1,2984.61,0.84,0.03,8.59,0.29,0,0.00,1112.25,0.11
1290,多头进场,2026-01-01 18:45,VltClsLE,2984.61,1,2984.61,0.84,0.03,8.59,0.29,0,0.00,1112.25,0.11
1291,空头出场,2026-01-01 20:45,VltClsLE,2987.21,1,2985.45,-1.76,-0.06,2.09,0.07,-1.76,-0.06,1110.49,0.11
1291,空头进场,2026-01-01 20:15,VltClsSE,2985.45,1,2985.45,-1.76,-0.06,2.09,0.07,-1.76,-0.06,1110.49,0.11
1292,多头出场,2026-01-01 21:15,VltClsSE,2986.15,1,2987.21,-1.06,-0.04,2.88,0.10,-1.2,-0.04,1109.43,0.11
1292,多头进场,2026-01-01 20:45,VltClsLE,2987.21,1,2987.21,-1.06,-0.04,2.88,0.10,-1.2,-0.04,1109.43,0.11
1293,空头出场,2026-01-01 22:45,VltClsLE,2984.51,1,2986.15,1.64,0.05,8.41,0.28,0,0.00,1111.07,0.11
1293,空头进场,2026-01-01 21:15,VltClsSE,2986.15,1,2986.15,1.64,0.05,8.41,0.28,0,0.00,1111.07,0.11
1294,多头出场,2026-01-01 23:00,VltClsSE,2981.6,1,2984.51,-2.91,-0.10,1.94,0.07,-2.91,-0.10,1108.16,0.11
1294,多头进场,2026-01-01 22:45,VltClsLE,2984.51,1,2984.51,-2.91,-0.10,1.94,0.07,-2.91,-0.10,1108.16,0.11
1295,空头出场,2026-01-01 23:15,VltClsLE,2986.72,1,2981.6,-5.12,-0.17,0.85,0.03,-5.12,-0.17,1103.04,0.11
1295,空头进场,2026-01-01 23:00,VltClsSE,2981.6,1,2981.6,-5.12,-0.17,0.85,0.03,-5.12,-0.17,1103.04,0.11
1296,多头出场,2026-01-02 00:00,VltClsSE,2984.73,1,2986.72,-1.99,-0.07,8.15,0.27,-2.88,-0.10,1101.05,0.11
1296,多头进场,2026-01-01 23:15,VltClsLE,2986.72,1,2986.72,-1.99,-0.07,8.15,0.27,-2.88,-0.10,1101.05,0.11
1297,空头出场,2026-01-02 01:15,VltClsLE,2989.4,1,2984.73,-4.67,-0.16,3.98,0.13,-4.67,-0.16,1096.38,0.11
1297,空头进场,2026-01-02 00:00,VltClsSE,2984.73,1,2984.73,-4.67,-0.16,3.98,0.13,-4.67,-0.16,1096.38,0.11
1298,多头出场,2026-01-02 04:30,VltClsSE,2989.73,1,2989.4,0.33,0.01,16.58,0.55,-4.25,-0.14,1096.71,0.11
1298,多头进场,2026-01-02 01:15,VltClsLE,2989.4,1,2989.4,0.33,0.01,16.58,0.55,-4.25,-0.14,1096.71,0.11
1299,空头出场,2026-01-02 05:00,VltClsLE,2991.86,1,2989.73,-2.13,-0.07,2.19,0.07,-2.13,-0.07,1094.58,0.11
1299,空头进场,2026-01-02 04:30,VltClsSE,2989.73,1,2989.73,-2.13,-0.07,2.19,0.07,-2.13,-0.07,1094.58,0.11
1300,多头出场,2026-01-02 05:30,VltClsSE,2990.24,1,2991.86,-1.62,-0.05,1.2,0.04,-1.62,-0.05,1092.96,0.11
1300,多头进场,2026-01-02 05:00,VltClsLE,2991.86,1,2991.86,-1.62,-0.05,1.2,0.04,-1.62,-0.05,1092.96,0.11
1301,空头出场,2026-01-02 06:00,VltClsLE,2992.13,1,2990.24,-1.89,-0.06,2.58,0.09,-1.89,-0.06,1091.07,0.11
1301,空头进场,2026-01-02 05:30,VltClsSE,2990.24,1,2990.24,-1.89,-0.06,2.58,0.09,-1.89,-0.06,1091.07,0.11
1302,多头出场,2026-01-02 06:30,VltClsSE,2990.26,1,2992.13,-1.87,-0.06,2.29,0.08,-1.87,-0.06,1089.2,0.11
1302,多头进场,2026-01-02 06:00,VltClsLE,2992.13,1,2992.13,-1.87,-0.06,2.29,0.08,-1.87,-0.06,1089.2,0.11
1303,空头出场,2026-01-02 06:45,VltClsLE,2994.42,1,2990.26,-4.16,-0.14,2.69,0.09,-4.16,-0.14,1085.04,0.11
1303,空头进场,2026-01-02 06:30,VltClsSE,2990.26,1,2990.26,-4.16,-0.14,2.69,0.09,-4.16,-0.14,1085.04,0.11
1304,多头出场,2026-01-02 07:00,VltClsSE,2995.44,1,2994.42,1.02,0.03,9.31,0.31,0,0.00,1086.06,0.11
1304,多头进场,2026-01-02 06:45,VltClsLE,2994.42,1,2994.42,1.02,0.03,9.31,0.31,0,0.00,1086.06,0.11
1305,空头出场,2026-01-02 07:15,VltClsLE,3002.9,1,2995.44,-7.46,-0.25,4.46,0.15,-7.46,-0.25,1078.6,0.11
1305,空头进场,2026-01-02 07:00,VltClsSE,2995.44,1,2995.44,-7.46,-0.25,4.46,0.15,-7.46,-0.25,1078.6,0.11
1306,多头出场,2026-01-02 07:45,VltClsSE,3002.48,1,3002.9,-0.42,-0.01,7.1,0.24,-0.42,-0.01,1078.18,0.11
1306,多头进场,2026-01-02 07:15,VltClsLE,3002.9,1,3002.9,-0.42,-0.01,7.1,0.24,-0.42,-0.01,1078.18,0.11
1307,空头出场,2026-01-02 08:30,VltClsLE,3008.05,1,3002.48,-5.57,-0.19,7.1,0.24,-5.57,-0.19,1072.61,0.11
1307,空头进场,2026-01-02 07:45,VltClsSE,3002.48,1,3002.48,-5.57,-0.19,7.1,0.24,-5.57,-0.19,1072.61,0.11
1308,多头出场,2026-01-02 10:00,VltClsSE,2999.19,1,3008.05,-8.86,-0.29,0.43,0.01,-9.59,-0.32,1063.75,0.11
1308,多头进场,2026-01-02 08:30,VltClsLE,3008.05,1,3008.05,-8.86,-0.29,0.43,0.01,-9.59,-0.32,1063.75,0.11
1309,空头出场,2026-01-02 10:45,VltClsLE,3001.01,1,2999.19,-1.82,-0.06,6.7,0.22,-1.82,-0.06,1061.93,0.11
1309,空头进场,2026-01-02 10:00,VltClsSE,2999.19,1,2999.19,-1.82,-0.06,6.7,0.22,-1.82,-0.06,1061.93,0.11
1310,多头出场,2026-01-02 13:15,VltClsSE,3010.04,1,3001.01,9.03,0.30,33.99,1.13,-1.01,-0.03,1070.96,0.11
1310,多头进场,2026-01-02 10:45,VltClsLE,3001.01,1,3001.01,9.03,0.30,33.99,1.13,-1.01,-0.03,1070.96,0.11
1311,空头出场,2026-01-02 13:45,VltClsLE,3017.67,1,3010.04,-7.63,-0.25,1.02,0.03,-7.63,-0.25,1063.33,0.11
1311,空头进场,2026-01-02 13:15,VltClsSE,3010.04,1,3010.04,-7.63,-0.25,1.02,0.03,-7.63,-0.25,1063.33,0.11
1312,多头出场,2026-01-02 14:45,VltClsSE,3027.81,1,3017.67,10.14,0.34,21.87,0.72,-3.18,-0.11,1073.47,0.11
1312,多头进场,2026-01-02 13:45,VltClsLE,3017.67,1,3017.67,10.14,0.34,21.87,0.72,-3.18,-0.11,1073.47,0.11
1313,空头出场,2026-01-02 16:00,VltClsLE,3023.49,1,3027.81,4.32,0.14,11.86,0.39,-4.6,-0.15,1077.79,0.11
1313,空头进场,2026-01-02 14:45,VltClsSE,3027.81,1,3027.81,4.32,0.14,11.86,0.39,-4.6,-0.15,1077.79,0.11
1314,多头出场,2026-01-02 19:00,VltClsSE,3047.17,1,3023.49,23.68,0.78,46.22,1.53,-0.88,-0.03,1101.47,0.11
1314,多头进场,2026-01-02 16:00,VltClsLE,3023.49,1,3023.49,23.68,0.78,46.22,1.53,-0.88,-0.03,1101.47,0.11
1315,空头出场,2026-01-02 20:30,VltClsLE,3056.48,1,3047.17,-9.31,-0.31,6.28,0.21,-9.31,-0.31,1092.16,0.11
1315,空头进场,2026-01-02 19:00,VltClsSE,3047.17,1,3047.17,-9.31,-0.31,6.28,0.21,-9.31,-0.31,1092.16,0.11
1316,多头出场,2026-01-02 20:45,VltClsSE,3049.8,1,3056.48,-6.68,-0.22,1.49,0.05,-6.68,-0.22,1085.48,0.11
1316,多头进场,2026-01-02 20:30,VltClsLE,3056.48,1,3056.48,-6.68,-0.22,1.49,0.05,-6.68,-0.22,1085.48,0.11
1317,空头出场,2026-01-02 21:00,VltClsLE,3053.76,1,3049.8,-3.96,-0.13,3.45,0.11,-3.96,-0.13,1081.52,0.11
1317,空头进场,2026-01-02 20:45,VltClsSE,3049.8,1,3049.8,-3.96,-0.13,3.45,0.11,-3.96,-0.13,1081.52,0.11
1318,多头出场,2026-01-02 22:00,VltClsSE,3044.6,1,3053.76,-9.16,-0.30,4.66,0.15,-9.16,-0.30,1072.36,0.11
1318,多头进场,2026-01-02 21:00,VltClsLE,3053.76,1,3053.76,-9.16,-0.30,4.66,0.15,-9.16,-0.30,1072.36,0.11
1319,空头出场,2026-01-02 22:30,VltClsLE,3044.44,1,3044.6,0.16,0.01,23.81,0.78,-0.26,-0.01,1072.52,0.11
1319,空头进场,2026-01-02 22:00,VltClsSE,3044.6,1,3044.6,0.16,0.01,23.81,0.78,-0.26,-0.01,1072.52,0.11
1320,多头出场,2026-01-03 01:45,VltClsSE,3112.21,1,3044.44,67.77,2.23,105.57,3.47,0,0.00,1140.29,0.11
1320,多头进场,2026-01-02 22:30,VltClsLE,3044.44,1,3044.44,67.77,2.23,105.57,3.47,0,0.00,1140.29,0.11
1321,空头出场,2026-01-03 05:45,VltClsLE,3132.2,1,3112.21,-19.99,-0.64,15.08,0.48,-19.99,-0.64,1120.3,0.11
1321,空头进场,2026-01-03 01:45,VltClsSE,3112.21,1,3112.21,-19.99,-0.64,15.08,0.48,-19.99,-0.64,1120.3,0.11
1322,多头出场,2026-01-03 08:15,VltClsSE,3123.81,1,3132.2,-8.39,-0.27,13.8,0.44,-11.9,-0.38,1111.91,0.11
1322,多头进场,2026-01-03 05:45,VltClsLE,3132.2,1,3132.2,-8.39,-0.27,13.8,0.44,-11.9,-0.38,1111.91,0.11
1323,空头出场,2026-01-03 08:45,VltClsLE,3135.32,1,3123.81,-11.51,-0.37,1.55,0.05,-11.51,-0.37,1100.4,0.11
1323,空头进场,2026-01-03 08:15,VltClsSE,3123.81,1,3123.81,-11.51,-0.37,1.55,0.05,-11.51,-0.37,1100.4,0.11
1324,多头出场,2026-01-03 09:15,VltClsSE,3126.67,1,3135.32,-8.65,-0.28,1.39,0.04,-8.65,-0.28,1091.75,0.11
1324,多头进场,2026-01-03 08:45,VltClsLE,3135.32,1,3135.32,-8.65,-0.28,1.39,0.04,-8.65,-0.28,1091.75,0.11
1325,空头出场,2026-01-03 09:30,VltClsLE,3129.95,1,3126.67,-3.28,-0.10,3.24,0.10,-3.28,-0.10,1088.47,0.11
1325,空头进场,2026-01-03 09:15,VltClsSE,3126.67,1,3126.67,-3.28,-0.10,3.24,0.10,-3.28,-0.10,1088.47,0.11
1326,多头出场,2026-01-03 10:00,VltClsSE,3126.35,1,3129.95,-3.6,-0.12,1.9,0.06,-3.6,-0.12,1084.87,0.11
1326,多头进场,2026-01-03 09:30,VltClsLE,3129.95,1,3129.95,-3.6,-0.12,1.9,0.06,-3.6,-0.12,1084.87,0.11
1327,空头出场,2026-01-03 10:15,VltClsLE,3127,1,3126.35,-0.65,-0.02,6.18,0.20,-0.65,-0.02,1084.22,0.11
1327,空头进场,2026-01-03 10:00,VltClsSE,3126.35,1,3126.35,-0.65,-0.02,6.18,0.20,-0.65,-0.02,1084.22,0.11
1328,多头出场,2026-01-03 11:00,VltClsSE,3121.79,1,3127,-5.21,-0.17,2.27,0.07,-5.21,-0.17,1079.01,0.11
1328,多头进场,2026-01-03 10:15,VltClsLE,3127,1,3127,-5.21,-0.17,2.27,0.07,-5.21,-0.17,1079.01,0.11
1329,空头出场,2026-01-03 13:45,VltClsLE,3111.46,1,3121.79,10.33,0.33,16.9,0.54,-6,-0.19,1089.34,0.11
1329,空头进场,2026-01-03 11:00,VltClsSE,3121.79,1,3121.79,10.33,0.33,16.9,0.54,-6,-0.19,1089.34,0.11
1330,多头出场,2026-01-03 14:15,VltClsSE,3110.48,1,3111.46,-0.98,-0.03,6.3,0.20,-1.17,-0.04,1088.36,0.11
1330,多头进场,2026-01-03 13:45,VltClsLE,3111.46,1,3111.46,-0.98,-0.03,6.3,0.20,-1.17,-0.04,1088.36,0.11
1331,空头出场,2026-01-03 15:00,VltClsLE,3104.22,1,3110.48,6.26,0.20,16.72,0.54,-1.51,-0.05,1094.62,0.11
1331,空头进场,2026-01-03 14:15,VltClsSE,3110.48,1,3110.48,6.26,0.20,16.72,0.54,-1.51,-0.05,1094.62,0.11
1332,多头出场,2026-01-03 15:15,VltClsSE,3089,1,3104.22,-15.22,-0.49,1.09,0.04,-15.22,-0.49,1079.4,0.11
1332,多头进场,2026-01-03 15:00,VltClsLE,3104.22,1,3104.22,-15.22,-0.49,1.09,0.04,-15.22,-0.49,1079.4,0.11
1333,空头出场,2026-01-03 15:30,VltClsLE,3091.02,1,3089,-2.02,-0.07,13,0.42,-2.02,-0.07,1077.38,0.11
1333,空头进场,2026-01-03 15:15,VltClsSE,3089,1,3089,-2.02,-0.07,13,0.42,-2.02,-0.07,1077.38,0.11
1334,多头出场,2026-01-03 17:45,VltClsSE,3101.81,1,3091.02,10.79,0.35,19.54,0.63,-7.16,-0.23,1088.17,0.11
1334,多头进场,2026-01-03 15:30,VltClsLE,3091.02,1,3091.02,10.79,0.35,19.54,0.63,-7.16,-0.23,1088.17,0.11
1335,空头出场,2026-01-03 19:30,VltClsLE,3098.13,1,3101.81,3.68,0.12,9.82,0.32,-3.72,-0.12,1091.85,0.11
1335,空头进场,2026-01-03 17:45,VltClsSE,3101.81,1,3101.81,3.68,0.12,9.82,0.32,-3.72,-0.12,1091.85,0.11
1336,多头出场,2026-01-03 20:00,VltClsSE,3094.67,1,3098.13,-3.46,-0.11,2.09,0.07,-3.46,-0.11,1088.39,0.11
1336,多头进场,2026-01-03 19:30,VltClsLE,3098.13,1,3098.13,-3.46,-0.11,2.09,0.07,-3.46,-0.11,1088.39,0.11
1337,空头出场,2026-01-03 20:15,VltClsLE,3098.57,1,3094.67,-3.9,-0.13,1.2,0.04,-3.9,-0.13,1084.49,0.11
1337,空头进场,2026-01-03 20:00,VltClsSE,3094.67,1,3094.67,-3.9,-0.13,1.2,0.04,-3.9,-0.13,1084.49,0.11
1338,多头出场,2026-01-03 20:30,VltClsSE,3097.34,1,3098.57,-1.23,-0.04,2.7,0.09,-1.23,-0.04,1083.26,0.11
1338,多头进场,2026-01-03 20:15,VltClsLE,3098.57,1,3098.57,-1.23,-0.04,2.7,0.09,-1.23,-0.04,1083.26,0.11
1339,空头出场,2026-01-03 20:45,VltClsLE,3104.49,1,3097.34,-7.15,-0.23,1.34,0.04,-7.15,-0.23,1076.11,0.11
1339,空头进场,2026-01-03 20:30,VltClsSE,3097.34,1,3097.34,-7.15,-0.23,1.34,0.04,-7.15,-0.23,1076.11,0.11
1340,多头出场,2026-01-03 21:00,VltClsSE,3100.92,1,3104.49,-3.57,-0.11,2.2,0.07,-3.57,-0.11,1072.54,0.11
1340,多头进场,2026-01-03 20:45,VltClsLE,3104.49,1,3104.49,-3.57,-0.11,2.2,0.07,-3.57,-0.11,1072.54,0.11
1341,空头出场,2026-01-03 21:15,VltClsLE,3105.46,1,3100.92,-4.54,-0.15,0.03,0.00,-4.54,-0.15,1068,0.11
1341,空头进场,2026-01-03 21:00,VltClsSE,3100.92,1,3100.92,-4.54,-0.15,0.03,0.00,-4.54,-0.15,1068,0.11
1342,多头出场,2026-01-03 23:00,VltClsSE,3101.38,1,3105.46,-4.08,-0.13,9.15,0.29,-4.08,-0.13,1063.92,0.11
1342,多头进场,2026-01-03 21:15,VltClsLE,3105.46,1,3105.46,-4.08,-0.13,9.15,0.29,-4.08,-0.13,1063.92,0.11
1343,空头出场,2026-01-04 00:00,VltClsLE,3105.33,1,3101.38,-3.95,-0.13,1.1,0.04,-6.12,-0.20,1059.97,0.11
1343,空头进场,2026-01-03 23:00,VltClsSE,3101.38,1,3101.38,-3.95,-0.13,1.1,0.04,-6.12,-0.20,1059.97,0.11
1344,多头出场,2026-01-04 00:15,VltClsSE,3099.21,1,3105.33,-6.12,-0.20,0.48,0.02,-6.12,-0.20,1053.85,0.11
1344,多头进场,2026-01-04 00:00,VltClsLE,3105.33,1,3105.33,-6.12,-0.20,0.48,0.02,-6.12,-0.20,1053.85,0.11
1345,空头出场,2026-01-04 00:30,VltClsLE,3107.62,1,3099.21,-8.41,-0.27,0.88,0.03,-8.41,-0.27,1045.44,0.10
1345,空头进场,2026-01-04 00:15,VltClsSE,3099.21,1,3099.21,-8.41,-0.27,0.88,0.03,-8.41,-0.27,1045.44,0.10
1346,多头出场,2026-01-04 02:00,VltClsSE,3105.95,1,3107.62,-1.67,-0.05,4.55,0.15,-2,-0.06,1043.77,0.10
1346,多头进场,2026-01-04 00:30,VltClsLE,3107.62,1,3107.62,-1.67,-0.05,4.55,0.15,-2,-0.06,1043.77,0.10
1347,空头出场,2026-01-04 02:15,VltClsLE,3109.35,1,3105.95,-3.4,-0.11,0.87,0.03,-3.4,-0.11,1040.37,0.10
1347,空头进场,2026-01-04 02:00,VltClsSE,3105.95,1,3105.95,-3.4,-0.11,0.87,0.03,-3.4,-0.11,1040.37,0.10
1348,多头出场,2026-01-04 03:00,VltClsSE,3112.6,1,3109.35,3.25,0.10,9.2,0.30,0,0.00,1043.62,0.10
1348,多头进场,2026-01-04 02:15,VltClsLE,3109.35,1,3109.35,3.25,0.10,9.2,0.30,0,0.00,1043.62,0.10
1349,空头出场,2026-01-04 04:30,VltClsLE,3113.1,1,3112.6,-0.5,-0.02,5.11,0.16,-2.44,-0.08,1043.12,0.10
1349,空头进场,2026-01-04 03:00,VltClsSE,3112.6,1,3112.6,-0.5,-0.02,5.11,0.16,-2.44,-0.08,1043.12,0.10
1350,多头出场,2026-01-04 06:00,VltClsSE,3116.92,1,3113.1,3.82,0.12,16.12,0.52,-0.06,0.00,1046.94,0.10
1350,多头进场,2026-01-04 04:30,VltClsLE,3113.1,1,3113.1,3.82,0.12,16.12,0.52,-0.06,0.00,1046.94,0.10
1351,空头出场,2026-01-04 06:15,VltClsLE,3118.59,1,3116.92,-1.67,-0.05,3,0.10,-1.67,-0.05,1045.27,0.10
1351,空头进场,2026-01-04 06:00,VltClsSE,3116.92,1,3116.92,-1.67,-0.05,3,0.10,-1.67,-0.05,1045.27,0.10
1352,多头出场,2026-01-04 08:15,VltClsSE,3139.96,1,3118.59,21.37,0.69,40.41,1.30,0,0.00,1066.64,0.11
1352,多头进场,2026-01-04 06:15,VltClsLE,3118.59,1,3118.59,21.37,0.69,40.41,1.30,0,0.00,1066.64,0.11
1353,空头出场,2026-01-04 08:30,VltClsLE,3148.84,1,3139.96,-8.88,-0.28,0.69,0.02,-8.88,-0.28,1057.76,0.11
1353,空头进场,2026-01-04 08:15,VltClsSE,3139.96,1,3139.96,-8.88,-0.28,0.69,0.02,-8.88,-0.28,1057.76,0.11
1354,多头出场,2026-01-04 10:00,VltClsSE,3140.91,1,3148.84,-7.93,-0.25,18.38,0.58,-7.93,-0.25,1049.83,0.10
1354,多头进场,2026-01-04 08:30,VltClsLE,3148.84,1,3148.84,-7.93,-0.25,18.38,0.58,-7.93,-0.25,1049.83,0.10
1355,空头出场,2026-01-04 11:00,VltClsLE,3146.92,1,3140.91,-6.01,-0.19,3.31,0.11,-7.98,-0.25,1043.82,0.10
1355,空头进场,2026-01-04 10:00,VltClsSE,3140.91,1,3140.91,-6.01,-0.19,3.31,0.11,-7.98,-0.25,1043.82,0.10
1356,多头出场,2026-01-04 12:45,VltClsSE,3148.79,1,3146.92,1.87,0.06,9.08,0.29,-5.2,-0.17,1045.69,0.10
1356,多头进场,2026-01-04 11:00,VltClsLE,3146.92,1,3146.92,1.87,0.06,9.08,0.29,-5.2,-0.17,1045.69,0.10
1357,空头出场,2026-01-04 13:15,VltClsLE,3151.92,1,3148.79,-3.13,-0.10,4.31,0.14,-3.13,-0.10,1042.56,0.10
1357,空头进场,2026-01-04 12:45,VltClsSE,3148.79,1,3148.79,-3.13,-0.10,4.31,0.14,-3.13,-0.10,1042.56,0.10
1358,多头出场,2026-01-04 13:30,VltClsSE,3146.78,1,3151.92,-5.14,-0.16,0.38,0.01,-5.14,-0.16,1037.42,0.10
1358,多头进场,2026-01-04 13:15,VltClsLE,3151.92,1,3151.92,-5.14,-0.16,0.38,0.01,-5.14,-0.16,1037.42,0.10
1359,空头出场,2026-01-04 14:00,VltClsLE,3155.47,1,3146.78,-8.69,-0.28,1.23,0.04,-8.69,-0.28,1028.73,0.10
1359,空头进场,2026-01-04 13:30,VltClsSE,3146.78,1,3146.78,-8.69,-0.28,1.23,0.04,-8.69,-0.28,1028.73,0.10
1360,多头出场,2026-01-04 14:15,VltClsSE,3149.85,1,3155.47,-5.62,-0.18,4.13,0.13,-5.62,-0.18,1023.11,0.10
1360,多头进场,2026-01-04 14:00,VltClsLE,3155.47,1,3155.47,-5.62,-0.18,4.13,0.13,-5.62,-0.18,1023.11,0.10
1361,空头出场,2026-01-04 17:15,VltClsLE,3143.53,1,3149.85,6.32,0.20,23.85,0.76,-13.34,-0.42,1029.43,0.10
1361,空头进场,2026-01-04 14:15,VltClsSE,3149.85,1,3149.85,6.32,0.20,23.85,0.76,-13.34,-0.42,1029.43,0.10
1362,多头出场,2026-01-04 19:00,VltClsSE,3143.3,1,3143.53,-0.23,-0.01,4.77,0.15,-7.61,-0.24,1029.2,0.10
1362,多头进场,2026-01-04 17:15,VltClsLE,3143.53,1,3143.53,-0.23,-0.01,4.77,0.15,-7.61,-0.24,1029.2,0.10
1363,空头出场,2026-01-04 20:15,VltClsLE,3141.92,1,3143.3,1.38,0.04,7.98,0.25,0,0.00,1030.58,0.10
1363,空头进场,2026-01-04 19:00,VltClsSE,3143.3,1,3143.3,1.38,0.04,7.98,0.25,0,0.00,1030.58,0.10
1364,多头出场,2026-01-04 20:30,VltClsSE,3140.53,1,3141.92,-1.39,-0.04,5.34,0.17,-1.39,-0.04,1029.19,0.10
1364,多头进场,2026-01-04 20:15,VltClsLE,3141.92,1,3141.92,-1.39,-0.04,5.34,0.17,-1.39,-0.04,1029.19,0.10
1365,空头出场,2026-01-04 23:45,VltClsLE,3135.48,1,3140.53,5.05,0.16,11.76,0.37,-2.77,-0.09,1034.24,0.10
1365,空头进场,2026-01-04 20:30,VltClsSE,3140.53,1,3140.53,5.05,0.16,11.76,0.37,-2.77,-0.09,1034.24,0.10
1366,多头出场,2026-01-05 02:00,VltClsSE,3133.83,1,3135.48,-1.65,-0.05,8.12,0.26,-16.73,-0.53,1032.59,0.10
1366,多头进场,2026-01-04 23:45,VltClsLE,3135.48,1,3135.48,-1.65,-0.05,8.12,0.26,-16.73,-0.53,1032.59,0.10
1367,空头出场,2026-01-05 03:15,VltClsLE,3133.32,1,3133.83,0.51,0.02,14.85,0.47,-1.77,-0.06,1033.1,0.10
1367,空头进场,2026-01-05 02:00,VltClsSE,3133.83,1,3133.83,0.51,0.02,14.85,0.47,-1.77,-0.06,1033.1,0.10
1368,多头出场,2026-01-05 05:15,VltClsSE,3143.71,1,3133.32,10.39,0.33,22.53,0.72,-5.02,-0.16,1043.49,0.10
1368,多头进场,2026-01-05 03:15,VltClsLE,3133.32,1,3133.32,10.39,0.33,22.53,0.72,-5.02,-0.16,1043.49,0.10
1369,空头出场,2026-01-05 05:45,VltClsLE,3145.38,1,3143.71,-1.67,-0.05,5.96,0.19,-2.87,-0.09,1041.82,0.10
1369,空头进场,2026-01-05 05:15,VltClsSE,3143.71,1,3143.71,-1.67,-0.05,5.96,0.19,-2.87,-0.09,1041.82,0.10
1370,多头出场,2026-01-05 06:00,VltClsSE,3138.64,1,3145.38,-6.74,-0.21,4.98,0.16,-6.74,-0.21,1035.08,0.10
1370,多头进场,2026-01-05 05:45,VltClsLE,3145.38,1,3145.38,-6.74,-0.21,4.98,0.16,-6.74,-0.21,1035.08,0.10
1371,空头出场,2026-01-05 07:00,VltClsLE,3144.88,1,3138.64,-6.24,-0.20,2.2,0.07,-6.24,-0.20,1028.84,0.10
1371,空头进场,2026-01-05 06:00,VltClsSE,3138.64,1,3138.64,-6.24,-0.20,2.2,0.07,-6.24,-0.20,1028.84,0.10
1372,多头出场,2026-01-05 08:15,VltClsSE,3143.98,1,3144.88,-0.9,-0.03,17.67,0.56,-10.21,-0.32,1027.94,0.10
1372,多头进场,2026-01-05 07:00,VltClsLE,3144.88,1,3144.88,-0.9,-0.03,17.67,0.56,-10.21,-0.32,1027.94,0.10
1373,空头出场,2026-01-05 08:45,VltClsLE,3165.23,1,3143.98,-21.25,-0.68,0.44,0.01,-21.25,-0.68,1006.69,0.10
1373,空头进场,2026-01-05 08:15,VltClsSE,3143.98,1,3143.98,-21.25,-0.68,0.44,0.01,-21.25,-0.68,1006.69,0.10
1374,多头出场,2026-01-05 12:00,VltClsSE,3180.36,1,3165.23,15.13,0.48,55.59,1.76,-2.11,-0.07,1021.82,0.10
1374,多头进场,2026-01-05 08:45,VltClsLE,3165.23,1,3165.23,15.13,0.48,55.59,1.76,-2.11,-0.07,1021.82,0.10
1375,空头出场,2026-01-05 14:00,VltClsLE,3155.88,1,3180.36,24.48,0.77,32.36,1.02,0,0.00,1046.3,0.10
1375,空头进场,2026-01-05 12:00,VltClsSE,3180.36,1,3180.36,24.48,0.77,32.36,1.02,0,0.00,1046.3,0.10
1376,多头出场,2026-01-05 14:15,VltClsSE,3147.68,1,3155.88,-8.2,-0.26,0.76,0.02,-8.2,-0.26,1038.1,0.10
1376,多头进场,2026-01-05 14:00,VltClsLE,3155.88,1,3155.88,-8.2,-0.26,0.76,0.02,-8.2,-0.26,1038.1,0.10
1377,空头出场,2026-01-05 14:30,VltClsLE,3151.95,1,3147.68,-4.27,-0.14,12.37,0.39,-4.27,-0.14,1033.83,0.10
1377,空头进场,2026-01-05 14:15,VltClsSE,3147.68,1,3147.68,-4.27,-0.14,12.37,0.39,-4.27,-0.14,1033.83,0.10
1378,多头出场,2026-01-05 16:30,VltClsSE,3162.1,1,3151.95,10.15,0.32,20.06,0.64,0,0.00,1043.98,0.10
1378,多头进场,2026-01-05 14:30,VltClsLE,3151.95,1,3151.95,10.15,0.32,20.06,0.64,0,0.00,1043.98,0.10
1379,空头出场,2026-01-05 16:45,VltClsLE,3166.32,1,3162.1,-4.22,-0.13,1.77,0.06,-4.22,-0.13,1039.76,0.10
1379,空头进场,2026-01-05 16:30,VltClsSE,3162.1,1,3162.1,-4.22,-0.13,1.77,0.06,-4.22,-0.13,1039.76,0.10
1380,多头出场,2026-01-05 17:00,VltClsSE,3157.99,1,3166.32,-8.33,-0.26,1.23,0.04,-8.33,-0.26,1031.43,0.10
1380,多头进场,2026-01-05 16:45,VltClsLE,3166.32,1,3166.32,-8.33,-0.26,1.23,0.04,-8.33,-0.26,1031.43,0.10
1381,空头出场,2026-01-05 17:15,VltClsLE,3161.57,1,3157.99,-3.58,-0.11,4.87,0.15,-3.58,-0.11,1027.85,0.10
1381,空头进场,2026-01-05 17:00,VltClsSE,3157.99,1,3157.99,-3.58,-0.11,4.87,0.15,-3.58,-0.11,1027.85,0.10
1382,多头出场,2026-01-05 18:30,VltClsSE,3167.68,1,3161.57,6.11,0.19,17.47,0.55,-1.96,-0.06,1033.96,0.10
1382,多头进场,2026-01-05 17:15,VltClsLE,3161.57,1,3161.57,6.11,0.19,17.47,0.55,-1.96,-0.06,1033.96,0.10
1383,空头出场,2026-01-05 18:45,VltClsLE,3175.26,1,3167.68,-7.58,-0.24,5.16,0.16,-7.58,-0.24,1026.38,0.10
1383,空头进场,2026-01-05 18:30,VltClsSE,3167.68,1,3167.68,-7.58,-0.24,5.16,0.16,-7.58,-0.24,1026.38,0.10
1384,多头出场,2026-01-05 20:15,VltClsSE,3174.95,1,3175.26,-0.31,-0.01,8.65,0.27,-7.05,-0.22,1026.07,0.10
1384,多头进场,2026-01-05 18:45,VltClsLE,3175.26,1,3175.26,-0.31,-0.01,8.65,0.27,-7.05,-0.22,1026.07,0.10
1385,空头出场,2026-01-05 21:45,VltClsLE,3154.86,1,3174.95,20.09,0.63,31.28,0.99,-1,-0.03,1046.16,0.10
1385,空头进场,2026-01-05 20:15,VltClsSE,3174.95,1,3174.95,20.09,0.63,31.28,0.99,-1,-0.03,1046.16,0.10
1386,多头出场,2026-01-05 22:30,VltClsSE,3145.67,1,3154.86,-9.19,-0.29,16.74,0.53,-9.19,-0.29,1036.97,0.10
1386,多头进场,2026-01-05 21:45,VltClsLE,3154.86,1,3154.86,-9.19,-0.29,16.74,0.53,-9.19,-0.29,1036.97,0.10
1387,空头出场,2026-01-05 23:30,VltClsLE,3181.34,1,3145.67,-35.67,-1.13,10.65,0.34,-35.67,-1.13,1001.3,0.10
1387,空头进场,2026-01-05 22:30,VltClsSE,3145.67,1,3145.67,-35.67,-1.13,10.65,0.34,-35.67,-1.13,1001.3,0.10
1388,多头出场,2026-01-06 00:15,VltClsSE,3173.3,1,3181.34,-8.04,-0.25,23.66,0.74,-8.04,-0.25,993.26,0.10
1388,多头进场,2026-01-05 23:30,VltClsLE,3181.34,1,3181.34,-8.04,-0.25,23.66,0.74,-8.04,-0.25,993.26,0.10
1389,空头出场,2026-01-06 01:30,VltClsLE,3177.57,1,3173.3,-4.27,-0.13,13.82,0.44,-14.31,-0.45,988.99,0.10
1389,空头进场,2026-01-06 00:15,VltClsSE,3173.3,1,3173.3,-4.27,-0.13,13.82,0.44,-14.31,-0.45,988.99,0.10
1390,多头出场,2026-01-06 02:15,VltClsSE,3193.16,1,3177.57,15.59,0.49,52.42,1.65,0,0.00,1004.58,0.10
1390,多头进场,2026-01-06 01:30,VltClsLE,3177.57,1,3177.57,15.59,0.49,52.42,1.65,0,0.00,1004.58,0.10
1391,空头出场,2026-01-06 02:45,VltClsLE,3220.03,1,3193.16,-26.87,-0.84,6.77,0.21,-26.87,-0.84,977.71,0.10
1391,空头进场,2026-01-06 02:15,VltClsSE,3193.16,1,3193.16,-26.87,-0.84,6.77,0.21,-26.87,-0.84,977.71,0.10
1392,多头出场,2026-01-06 04:30,VltClsSE,3247.28,1,3220.03,27.25,0.85,45.63,1.42,-5.21,-0.16,1004.96,0.10
1392,多头进场,2026-01-06 02:45,VltClsLE,3220.03,1,3220.03,27.25,0.85,45.63,1.42,-5.21,-0.16,1004.96,0.10
1393,空头出场,2026-01-06 06:15,VltClsLE,3244.38,1,3247.28,2.9,0.09,15.52,0.48,-0.99,-0.03,1007.86,0.10
1393,空头进场,2026-01-06 04:30,VltClsSE,3247.28,1,3247.28,2.9,0.09,15.52,0.48,-0.99,-0.03,1007.86,0.10
1394,多头出场,2026-01-06 06:45,VltClsSE,3238.97,1,3244.38,-5.41,-0.17,5.37,0.17,-5.41,-0.17,1002.45,0.10
1394,多头进场,2026-01-06 06:15,VltClsLE,3244.38,1,3244.38,-5.41,-0.17,5.37,0.17,-5.41,-0.17,1002.45,0.10
1395,空头出场,2026-01-06 08:45,VltClsLE,3215.1,1,3238.97,23.87,0.74,35.63,1.10,-2.42,-0.07,1026.32,0.10
1395,空头进场,2026-01-06 06:45,VltClsSE,3238.97,1,3238.97,23.87,0.74,35.63,1.10,-2.42,-0.07,1026.32,0.10
1396,多头出场,2026-01-06 09:30,VltClsSE,3232.29,1,3215.1,17.19,0.53,32.2,1.00,0,0.00,1043.51,0.10
1396,多头进场,2026-01-06 08:45,VltClsLE,3215.1,1,3215.1,17.19,0.53,32.2,1.00,0,0.00,1043.51,0.10
1397,空头出场,2026-01-06 11:30,VltClsLE,3230.39,1,3232.29,1.9,0.06,23.57,0.73,0,0.00,1045.41,0.10
1397,空头进场,2026-01-06 09:30,VltClsSE,3232.29,1,3232.29,1.9,0.06,23.57,0.73,0,0.00,1045.41,0.10
1398,多头出场,2026-01-06 13:30,VltClsSE,3219,1,3230.39,-11.39,-0.35,3.13,0.10,-11.39,-0.35,1034.02,0.10
1398,多头进场,2026-01-06 11:30,VltClsLE,3230.39,1,3230.39,-11.39,-0.35,3.13,0.10,-11.39,-0.35,1034.02,0.10
1399,空头出场,2026-01-06 14:00,VltClsLE,3223.42,1,3219,-4.42,-0.14,1.88,0.06,-4.42,-0.14,1029.6,0.10
1399,空头进场,2026-01-06 13:30,VltClsSE,3219,1,3219,-4.42,-0.14,1.88,0.06,-4.42,-0.14,1029.6,0.10
1400,多头出场,2026-01-06 14:15,VltClsSE,3218.49,1,3223.42,-4.93,-0.15,1.8,0.06,-4.93,-0.15,1024.67,0.10
1400,多头进场,2026-01-06 14:00,VltClsLE,3223.42,1,3223.42,-4.93,-0.15,1.8,0.06,-4.93,-0.15,1024.67,0.10
1401,空头出场,2026-01-06 14:30,VltClsLE,3230.02,1,3218.49,-11.53,-0.36,0.31,0.01,-11.53,-0.36,1013.14,0.10
1401,空头进场,2026-01-06 14:15,VltClsSE,3218.49,1,3218.49,-11.53,-0.36,0.31,0.01,-11.53,-0.36,1013.14,0.10
1402,多头出场,2026-01-06 15:15,VltClsSE,3224.62,1,3230.02,-5.4,-0.17,23.74,0.73,-5.4,-0.17,1007.74,0.10
1402,多头进场,2026-01-06 14:30,VltClsLE,3230.02,1,3230.02,-5.4,-0.17,23.74,0.73,-5.4,-0.17,1007.74,0.10
1403,空头出场,2026-01-06 16:00,VltClsLE,3228.31,1,3224.62,-3.69,-0.11,13.25,0.41,-3.69,-0.11,1004.05,0.10
1403,空头进场,2026-01-06 15:15,VltClsSE,3224.62,1,3224.62,-3.69,-0.11,13.25,0.41,-3.69,-0.11,1004.05,0.10
1404,多头出场,2026-01-06 17:30,VltClsSE,3219.55,1,3228.31,-8.76,-0.27,1.29,0.04,-13.79,-0.43,995.29,0.10
1404,多头进场,2026-01-06 16:00,VltClsLE,3228.31,1,3228.31,-8.76,-0.27,1.29,0.04,-13.79,-0.43,995.29,0.10
1405,空头出场,2026-01-06 18:00,VltClsLE,3228.83,1,3219.55,-9.28,-0.29,1.96,0.06,-9.28,-0.29,986.01,0.10
1405,空头进场,2026-01-06 17:30,VltClsSE,3219.55,1,3219.55,-9.28,-0.29,1.96,0.06,-9.28,-0.29,986.01,0.10
1406,多头出场,2026-01-06 21:00,VltClsSE,3234.09,1,3228.83,5.26,0.16,17.04,0.53,-4.31,-0.13,991.27,0.10
1406,多头进场,2026-01-06 18:00,VltClsLE,3228.83,1,3228.83,5.26,0.16,17.04,0.53,-4.31,-0.13,991.27,0.10
1407,空头出场,2026-01-06 22:00,VltClsLE,3243.19,1,3234.09,-9.1,-0.28,4.09,0.13,-9.1,-0.28,982.17,0.10
1407,空头进场,2026-01-06 21:00,VltClsSE,3234.09,1,3234.09,-9.1,-0.28,4.09,0.13,-9.1,-0.28,982.17,0.10
1408,多头出场,2026-01-06 22:30,VltClsSE,3291.27,1,3243.19,48.08,1.48,65.67,2.02,0,0.00,1030.25,0.10
1408,多头进场,2026-01-06 22:00,VltClsLE,3243.19,1,3243.19,48.08,1.48,65.67,2.02,0,0.00,1030.25,0.10
1409,空头出场,2026-01-07 02:00,VltClsLE,3213.47,1,3291.27,77.8,2.36,108,3.28,-10.72,-0.33,1108.05,0.11
1409,空头进场,2026-01-06 22:30,VltClsSE,3291.27,1,3291.27,77.8,2.36,108,3.28,-10.72,-0.33,1108.05,0.11
1410,多头出场,2026-01-07 05:45,VltClsSE,3278.11,1,3213.47,64.64,2.01,86.88,2.70,0,0.00,1172.69,0.12
1410,多头进场,2026-01-07 02:00,VltClsLE,3213.47,1,3213.47,64.64,2.01,86.88,2.70,0,0.00,1172.69,0.12
1411,空头出场,2026-01-07 07:00,VltClsLE,3287.49,1,3278.11,-9.38,-0.29,12.59,0.38,-12.44,-0.38,1163.31,0.12
1411,空头进场,2026-01-07 05:45,VltClsSE,3278.11,1,3278.11,-9.38,-0.29,12.59,0.38,-12.44,-0.38,1163.31,0.12
1412,多头出场,2026-01-07 08:00,VltClsSE,3289.31,1,3287.49,1.82,0.06,14.11,0.43,-6.31,-0.19,1165.13,0.12
1412,多头进场,2026-01-07 07:00,VltClsLE,3287.49,1,3287.49,1.82,0.06,14.11,0.43,-6.31,-0.19,1165.13,0.12
1413,空头出场,2026-01-07 09:00,VltClsLE,3267.4,1,3289.31,21.91,0.67,33.95,1.03,-0.57,-0.02,1187.04,0.12
1413,空头进场,2026-01-07 08:00,VltClsSE,3289.31,1,3289.31,21.91,0.67,33.95,1.03,-0.57,-0.02,1187.04,0.12
1414,多头出场,2026-01-07 09:15,VltClsSE,3257.58,1,3267.4,-9.82,-0.30,4.94,0.15,-9.82,-0.30,1177.22,0.12
1414,多头进场,2026-01-07 09:00,VltClsLE,3267.4,1,3267.4,-9.82,-0.30,4.94,0.15,-9.82,-0.30,1177.22,0.12
1415,空头出场,2026-01-07 10:30,VltClsLE,3260.19,1,3257.58,-2.61,-0.08,18.14,0.56,-2.61,-0.08,1174.61,0.12
1415,空头进场,2026-01-07 09:15,VltClsSE,3257.58,1,3257.58,-2.61,-0.08,18.14,0.56,-2.61,-0.08,1174.61,0.12
1416,多头出场,2026-01-07 11:30,VltClsSE,3266.41,1,3260.19,6.22,0.19,21.95,0.67,0,0.00,1180.83,0.12
1416,多头进场,2026-01-07 10:30,VltClsLE,3260.19,1,3260.19,6.22,0.19,21.95,0.67,0,0.00,1180.83,0.12
1417,空头出场,2026-01-07 13:30,VltClsLE,3259.35,1,3266.41,7.06,0.22,16.41,0.50,-5.4,-0.17,1187.89,0.12
1417,空头进场,2026-01-07 11:30,VltClsSE,3266.41,1,3266.41,7.06,0.22,16.41,0.50,-5.4,-0.17,1187.89,0.12
1418,多头出场,2026-01-07 13:45,VltClsSE,3250.11,1,3259.35,-9.24,-0.28,3.22,0.10,-9.24,-0.28,1178.65,0.12
1418,多头进场,2026-01-07 13:30,VltClsLE,3259.35,1,3259.35,-9.24,-0.28,3.22,0.10,-9.24,-0.28,1178.65,0.12
1419,空头出场,2026-01-07 15:00,VltClsLE,3256.81,1,3250.11,-6.7,-0.21,3.36,0.10,-9.8,-0.30,1171.95,0.12
1419,空头进场,2026-01-07 13:45,VltClsSE,3250.11,1,3250.11,-6.7,-0.21,3.36,0.10,-9.8,-0.30,1171.95,0.12
1420,多头出场,2026-01-07 16:15,VltClsSE,3253.89,1,3256.81,-2.92,-0.09,6.56,0.20,-3.47,-0.11,1169.03,0.12
1420,多头进场,2026-01-07 15:00,VltClsLE,3256.81,1,3256.81,-2.92,-0.09,6.56,0.20,-3.47,-0.11,1169.03,0.12
1421,空头出场,2026-01-07 16:45,VltClsLE,3259.73,1,3253.89,-5.84,-0.18,0.88,0.03,-7.09,-0.22,1163.19,0.12
1421,空头进场,2026-01-07 16:15,VltClsSE,3253.89,1,3253.89,-5.84,-0.18,0.88,0.03,-7.09,-0.22,1163.19,0.12
1422,多头出场,2026-01-07 17:00,VltClsSE,3248.88,1,3259.73,-10.85,-0.33,1.36,0.04,-10.85,-0.33,1152.34,0.12
1422,多头进场,2026-01-07 16:45,VltClsLE,3259.73,1,3259.73,-10.85,-0.33,1.36,0.04,-10.85,-0.33,1152.34,0.12
1423,空头出场,2026-01-07 21:15,VltClsLE,3210.2,1,3248.88,38.68,1.19,52.65,1.62,0,0.00,1191.02,0.12
1423,空头进场,2026-01-07 17:00,VltClsSE,3248.88,1,3248.88,38.68,1.19,52.65,1.62,0,0.00,1191.02,0.12
1424,多头出场,2026-01-07 22:00,VltClsSE,3202.59,1,3210.2,-7.61,-0.24,18.85,0.59,-7.61,-0.24,1183.41,0.12
1424,多头进场,2026-01-07 21:15,VltClsLE,3210.2,1,3210.2,-7.61,-0.24,18.85,0.59,-7.61,-0.24,1183.41,0.12
1425,空头出场,2026-01-08 01:15,VltClsLE,3167.99,1,3202.59,34.6,1.08,58.22,1.82,-1.37,-0.04,1218.01,0.12
1425,空头进场,2026-01-07 22:00,VltClsSE,3202.59,1,3202.59,34.6,1.08,58.22,1.82,-1.37,-0.04,1218.01,0.12
1426,多头出场,2026-01-08 01:45,VltClsSE,3152.55,1,3167.99,-15.44,-0.49,3.28,0.10,-15.44,-0.49,1202.57,0.12
1426,多头进场,2026-01-08 01:15,VltClsLE,3167.99,1,3167.99,-15.44,-0.49,3.28,0.10,-15.44,-0.49,1202.57,0.12
1427,空头出场,2026-01-08 02:30,VltClsLE,3162.75,1,3152.55,-10.2,-0.32,18.87,0.60,-10.2,-0.32,1192.37,0.12
1427,空头进场,2026-01-08 01:45,VltClsSE,3152.55,1,3152.55,-10.2,-0.32,18.87,0.60,-10.2,-0.32,1192.37,0.12
1428,多头出场,2026-01-08 02:45,VltClsSE,3141.85,1,3162.75,-20.9,-0.66,2.61,0.08,-20.9,-0.66,1171.47,0.12
1428,多头进场,2026-01-08 02:30,VltClsLE,3162.75,1,3162.75,-20.9,-0.66,2.61,0.08,-20.9,-0.66,1171.47,0.12
1429,空头出场,2026-01-08 06:15,VltClsLE,3148.92,1,3141.85,-7.07,-0.23,16.43,0.52,-13.74,-0.44,1164.4,0.12
1429,空头进场,2026-01-08 02:45,VltClsSE,3141.85,1,3141.85,-7.07,-0.23,16.43,0.52,-13.74,-0.44,1164.4,0.12
1430,多头出场,2026-01-08 07:00,VltClsSE,3145.25,1,3148.92,-3.67,-0.12,16.94,0.54,-3.67,-0.12,1160.73,0.12
1430,多头进场,2026-01-08 06:15,VltClsLE,3148.92,1,3148.92,-3.67,-0.12,16.94,0.54,-3.67,-0.12,1160.73,0.12
1431,空头出场,2026-01-08 07:15,VltClsLE,3164.16,1,3145.25,-18.91,-0.60,1.54,0.05,-18.91,-0.60,1141.82,0.11
1431,空头进场,2026-01-08 07:00,VltClsSE,3145.25,1,3145.25,-18.91,-0.60,1.54,0.05,-18.91,-0.60,1141.82,0.11
1432,多头出场,2026-01-08 10:15,VltClsSE,3174.65,1,3164.16,10.49,0.33,20.23,0.64,-8.95,-0.28,1152.31,0.12
1432,多头进场,2026-01-08 07:15,VltClsLE,3164.16,1,3164.16,10.49,0.33,20.23,0.64,-8.95,-0.28,1152.31,0.12
1433,空头出场,2026-01-08 12:15,VltClsLE,3153.36,1,3174.65,21.29,0.67,41.09,1.29,0,0.00,1173.6,0.12
1433,空头进场,2026-01-08 10:15,VltClsSE,3174.65,1,3174.65,21.29,0.67,41.09,1.29,0,0.00,1173.6,0.12
1434,多头出场,2026-01-08 13:30,VltClsSE,3148.09,1,3153.36,-5.27,-0.17,7.88,0.25,-5.27,-0.17,1168.33,0.12
1434,多头进场,2026-01-08 12:15,VltClsLE,3153.36,1,3153.36,-5.27,-0.17,7.88,0.25,-5.27,-0.17,1168.33,0.12
1435,空头出场,2026-01-08 17:00,VltClsLE,3123.66,1,3148.09,24.43,0.78,58.05,1.84,-2.15,-0.07,1192.76,0.12
1435,空头进场,2026-01-08 13:30,VltClsSE,3148.09,1,3148.09,24.43,0.78,58.05,1.84,-2.15,-0.07,1192.76,0.12
1436,多头出场,2026-01-08 17:15,VltClsSE,3112.96,1,3123.66,-10.7,-0.34,0.4,0.01,-10.7,-0.34,1182.06,0.12
1436,多头进场,2026-01-08 17:00,VltClsLE,3123.66,1,3123.66,-10.7,-0.34,0.4,0.01,-10.7,-0.34,1182.06,0.12
1437,空头出场,2026-01-08 18:15,VltClsLE,3117.71,1,3112.96,-4.75,-0.15,16.28,0.52,-5.15,-0.17,1177.31,0.12
1437,空头进场,2026-01-08 17:15,VltClsSE,3112.96,1,3112.96,-4.75,-0.15,16.28,0.52,-5.15,-0.17,1177.31,0.12
1438,多头出场,2026-01-08 19:30,VltClsSE,3114.25,1,3117.71,-3.46,-0.11,15.32,0.49,-3.46,-0.11,1173.85,0.12
1438,多头进场,2026-01-08 18:15,VltClsLE,3117.71,1,3117.71,-3.46,-0.11,15.32,0.49,-3.46,-0.11,1173.85,0.12
1439,空头出场,2026-01-08 22:45,VltClsLE,3073.51,1,3114.25,40.74,1.31,59.6,1.91,-7.24,-0.23,1214.59,0.12
1439,空头进场,2026-01-08 19:30,VltClsSE,3114.25,1,3114.25,40.74,1.31,59.6,1.91,-7.24,-0.23,1214.59,0.12
1440,多头出场,2026-01-09 01:15,VltClsSE,3113.49,1,3073.51,39.98,1.30,55.48,1.81,-6.14,-0.20,1254.57,0.13
1440,多头进场,2026-01-08 22:45,VltClsLE,3073.51,1,3073.51,39.98,1.30,55.48,1.81,-6.14,-0.20,1254.57,0.13
1441,空头出场,2026-01-09 01:45,VltClsLE,3133.55,1,3113.49,-20.06,-0.64,3.15,0.10,-20.06,-0.64,1234.51,0.12
1441,空头进场,2026-01-09 01:15,VltClsSE,3113.49,1,3113.49,-20.06,-0.64,3.15,0.10,-20.06,-0.64,1234.51,0.12
1442,多头出场,2026-01-09 02:00,VltClsSE,3124.88,1,3133.55,-8.67,-0.28,6.45,0.21,-8.67,-0.28,1225.84,0.12
1442,多头进场,2026-01-09 01:45,VltClsLE,3133.55,1,3133.55,-8.67,-0.28,6.45,0.21,-8.67,-0.28,1225.84,0.12
1443,空头出场,2026-01-09 03:30,VltClsLE,3125.42,1,3124.88,-0.54,-0.02,15.87,0.51,-5.23,-0.17,1225.3,0.12
1443,空头进场,2026-01-09 02:00,VltClsSE,3124.88,1,3124.88,-0.54,-0.02,15.87,0.51,-5.23,-0.17,1225.3,0.12
1444,多头出场,2026-01-09 03:45,VltClsSE,3107.34,1,3125.42,-18.08,-0.58,0.73,0.02,-18.08,-0.58,1207.22,0.12
1444,多头进场,2026-01-09 03:30,VltClsLE,3125.42,1,3125.42,-18.08,-0.58,0.73,0.02,-18.08,-0.58,1207.22,0.12
1445,空头出场,2026-01-09 05:30,VltClsLE,3115.53,1,3107.34,-8.19,-0.26,17.95,0.58,-8.19,-0.26,1199.03,0.12
1445,空头进场,2026-01-09 03:45,VltClsSE,3107.34,1,3107.34,-8.19,-0.26,17.95,0.58,-8.19,-0.26,1199.03,0.12
1446,多头出场,2026-01-09 06:30,VltClsSE,3115.31,1,3115.53,-0.22,-0.01,14.85,0.48,-0.22,-0.01,1198.81,0.12
1446,多头进场,2026-01-09 05:30,VltClsLE,3115.53,1,3115.53,-0.22,-0.01,14.85,0.48,-0.22,-0.01,1198.81,0.12
1447,空头出场,2026-01-09 06:45,VltClsLE,3119.05,1,3115.31,-3.74,-0.12,7.56,0.24,-3.74,-0.12,1195.07,0.12
1447,空头进场,2026-01-09 06:30,VltClsSE,3115.31,1,3115.31,-3.74,-0.12,7.56,0.24,-3.74,-0.12,1195.07,0.12
1448,多头出场,2026-01-09 07:30,VltClsSE,3112.52,1,3119.05,-6.53,-0.21,3.19,0.10,-6.53,-0.21,1188.54,0.12
1448,多头进场,2026-01-09 06:45,VltClsLE,3119.05,1,3119.05,-6.53,-0.21,3.19,0.10,-6.53,-0.21,1188.54,0.12
1449,空头出场,2026-01-09 08:00,VltClsLE,3111.77,1,3112.52,0.75,0.02,7.52,0.24,-0.42,-0.01,1189.29,0.12
1449,空头进场,2026-01-09 07:30,VltClsSE,3112.52,1,3112.52,0.75,0.02,7.52,0.24,-0.42,-0.01,1189.29,0.12
1450,多头出场,2026-01-09 08:15,VltClsSE,3106.14,1,3111.77,-5.63,-0.18,2.79,0.09,-5.63,-0.18,1183.66,0.12
1450,多头进场,2026-01-09 08:00,VltClsLE,3111.77,1,3111.77,-5.63,-0.18,2.79,0.09,-5.63,-0.18,1183.66,0.12
1451,空头出场,2026-01-09 08:30,VltClsLE,3110.79,1,3106.14,-4.65,-0.15,1.69,0.05,-4.65,-0.15,1179.01,0.12
1451,空头进场,2026-01-09 08:15,VltClsSE,3106.14,1,3106.14,-4.65,-0.15,1.69,0.05,-4.65,-0.15,1179.01,0.12
1452,多头出场,2026-01-09 09:15,VltClsSE,3109.41,1,3110.79,-1.38,-0.04,6.86,0.22,-1.38,-0.04,1177.63,0.12
1452,多头进场,2026-01-09 08:30,VltClsLE,3110.79,1,3110.79,-1.38,-0.04,6.86,0.22,-1.38,-0.04,1177.63,0.12
1453,空头出场,2026-01-09 10:00,VltClsLE,3125.08,1,3109.41,-15.67,-0.50,28.07,0.90,-39,-1.25,1161.96,0.12
1453,空头进场,2026-01-09 09:15,VltClsSE,3109.41,1,3109.41,-15.67,-0.50,28.07,0.90,-39,-1.25,1161.96,0.12
1454,多头出场,2026-01-09 11:15,VltClsSE,3105.45,1,3125.08,-19.63,-0.63,1.03,0.03,-19.63,-0.63,1142.33,0.11
1454,多头进场,2026-01-09 10:00,VltClsLE,3125.08,1,3125.08,-19.63,-0.63,1.03,0.03,-19.63,-0.63,1142.33,0.11
1455,空头出场,2026-01-09 11:30,VltClsLE,3115.88,1,3105.45,-10.43,-0.34,2.44,0.08,-10.43,-0.34,1131.9,0.11
1455,空头进场,2026-01-09 11:15,VltClsSE,3105.45,1,3105.45,-10.43,-0.34,2.44,0.08,-10.43,-0.34,1131.9,0.11
1456,多头出场,2026-01-09 12:30,VltClsSE,3115.11,1,3115.88,-0.77,-0.02,8.23,0.26,-1.13,-0.04,1131.13,0.11
1456,多头进场,2026-01-09 11:30,VltClsLE,3115.88,1,3115.88,-0.77,-0.02,8.23,0.26,-1.13,-0.04,1131.13,0.11
1457,空头出场,2026-01-09 14:15,VltClsLE,3122.07,1,3115.11,-6.96,-0.22,2.97,0.10,-6.96,-0.22,1124.17,0.11
1457,空头进场,2026-01-09 12:30,VltClsSE,3115.11,1,3115.11,-6.96,-0.22,2.97,0.10,-6.96,-0.22,1124.17,0.11
1458,多头出场,2026-01-09 15:00,VltClsSE,3119.7,1,3122.07,-2.37,-0.08,3.64,0.12,-4.54,-0.15,1121.8,0.11
1458,多头进场,2026-01-09 14:15,VltClsLE,3122.07,1,3122.07,-2.37,-0.08,3.64,0.12,-4.54,-0.15,1121.8,0.11
1459,空头出场,2026-01-09 16:15,VltClsLE,3113.59,1,3119.7,6.11,0.20,17.38,0.56,-0.69,-0.02,1127.91,0.11
1459,空头进场,2026-01-09 15:00,VltClsSE,3119.7,1,3119.7,6.11,0.20,17.38,0.56,-0.69,-0.02,1127.91,0.11
1460,多头出场,2026-01-09 16:30,VltClsSE,3104.27,1,3113.59,-9.32,-0.30,1.78,0.06,-9.32,-0.30,1118.59,0.11
1460,多头进场,2026-01-09 16:15,VltClsLE,3113.59,1,3113.59,-9.32,-0.30,1.78,0.06,-9.32,-0.30,1118.59,0.11
1461,空头出场,2026-01-09 17:00,VltClsLE,3093.97,1,3104.27,10.3,0.33,36.83,1.19,0,0.00,1128.89,0.11
1461,空头进场,2026-01-09 16:30,VltClsSE,3104.27,1,3104.27,10.3,0.33,36.83,1.19,0,0.00,1128.89,0.11
1462,多头出场,2026-01-09 19:30,VltClsSE,3096.56,1,3093.97,2.59,0.08,10.62,0.34,-6.32,-0.20,1131.48,0.11
1462,多头进场,2026-01-09 17:00,VltClsLE,3093.97,1,3093.97,2.59,0.08,10.62,0.34,-6.32,-0.20,1131.48,0.11
1463,空头出场,2026-01-09 20:00,VltClsLE,3095.15,1,3096.56,1.41,0.05,8.07,0.26,-1.68,-0.05,1132.89,0.11
1463,空头进场,2026-01-09 19:30,VltClsSE,3096.56,1,3096.56,1.41,0.05,8.07,0.26,-1.68,-0.05,1132.89,0.11
1464,多头出场,2026-01-09 20:15,VltClsSE,3084.21,1,3095.15,-10.94,-0.35,1.01,0.03,-10.94,-0.35,1121.95,0.11
1464,多头进场,2026-01-09 20:00,VltClsLE,3095.15,1,3095.15,-10.94,-0.35,1.01,0.03,-10.94,-0.35,1121.95,0.11
1465,空头出场,2026-01-09 21:00,VltClsLE,3089.91,1,3084.21,-5.7,-0.18,2.16,0.07,-5.7,-0.18,1116.25,0.11
1465,空头进场,2026-01-09 20:15,VltClsSE,3084.21,1,3084.21,-5.7,-0.18,2.16,0.07,-5.7,-0.18,1116.25,0.11
1466,多头出场,2026-01-09 21:30,VltClsSE,3092.54,1,3089.91,2.63,0.09,21.26,0.69,0,0.00,1118.88,0.11
1466,多头进场,2026-01-09 21:00,VltClsLE,3089.91,1,3089.91,2.63,0.09,21.26,0.69,0,0.00,1118.88,0.11
1467,空头出场,2026-01-09 22:15,VltClsLE,3094.03,1,3092.54,-1.49,-0.05,14.77,0.48,-8.35,-0.27,1117.39,0.11
1467,空头进场,2026-01-09 21:30,VltClsSE,3092.54,1,3092.54,-1.49,-0.05,14.77,0.48,-8.35,-0.27,1117.39,0.11
1468,多头出场,2026-01-09 22:30,VltClsSE,3082.74,1,3094.03,-11.29,-0.36,3.41,0.11,-11.29,-0.36,1106.1,0.11
1468,多头进场,2026-01-09 22:15,VltClsLE,3094.03,1,3094.03,-11.29,-0.36,3.41,0.11,-11.29,-0.36,1106.1,0.11
1469,空头出场,2026-01-09 23:15,VltClsLE,3093.95,1,3082.74,-11.21,-0.36,24.05,0.78,-11.21,-0.36,1094.89,0.11
1469,空头进场,2026-01-09 22:30,VltClsSE,3082.74,1,3082.74,-11.21,-0.36,24.05,0.78,-11.21,-0.36,1094.89,0.11
1470,多头出场,2026-01-10 01:00,VltClsSE,3116.99,1,3093.95,23.04,0.74,51.5,1.66,0,0.00,1117.93,0.11
1470,多头进场,2026-01-09 23:15,VltClsLE,3093.95,1,3093.95,23.04,0.74,51.5,1.66,0,0.00,1117.93,0.11
1471,空头出场,2026-01-10 01:45,VltClsLE,3116.91,1,3116.99,0.08,0.00,12.33,0.40,-6.21,-0.20,1118.01,0.11
1471,空头进场,2026-01-10 01:00,VltClsSE,3116.99,1,3116.99,0.08,0.00,12.33,0.40,-6.21,-0.20,1118.01,0.11
1472,多头出场,2026-01-10 02:15,VltClsSE,3097.54,1,3116.91,-19.37,-0.62,2.93,0.09,-19.37,-0.62,1098.64,0.11
1472,多头进场,2026-01-10 01:45,VltClsLE,3116.91,1,3116.91,-19.37,-0.62,2.93,0.09,-19.37,-0.62,1098.64,0.11
1473,空头出场,2026-01-10 03:45,VltClsLE,3085.06,1,3097.54,12.48,0.40,28.6,0.92,-1.45,-0.05,1111.12,0.11
1473,空头进场,2026-01-10 02:15,VltClsSE,3097.54,1,3097.54,12.48,0.40,28.6,0.92,-1.45,-0.05,1111.12,0.11
1474,多头出场,2026-01-10 06:00,VltClsSE,3077.34,1,3085.06,-7.72,-0.25,8.29,0.27,-19.83,-0.64,1103.4,0.11
1474,多头进场,2026-01-10 03:45,VltClsLE,3085.06,1,3085.06,-7.72,-0.25,8.29,0.27,-19.83,-0.64,1103.4,0.11
1475,空头出场,2026-01-10 09:00,VltClsLE,3087.17,1,3077.34,-9.83,-0.32,2.94,0.10,-15.96,-0.52,1093.57,0.11
1475,空头进场,2026-01-10 06:00,VltClsSE,3077.34,1,3077.34,-9.83,-0.32,2.94,0.10,-15.96,-0.52,1093.57,0.11
1476,多头出场,2026-01-10 10:30,VltClsSE,3089.62,1,3087.17,2.45,0.08,7.44,0.24,-0.16,-0.01,1096.02,0.11
1476,多头进场,2026-01-10 09:00,VltClsLE,3087.17,1,3087.17,2.45,0.08,7.44,0.24,-0.16,-0.01,1096.02,0.11
1477,空头出场,2026-01-10 10:45,VltClsLE,3086.82,1,3089.62,2.8,0.09,6.25,0.20,0,0.00,1098.82,0.11
1477,空头进场,2026-01-10 10:30,VltClsSE,3089.62,1,3089.62,2.8,0.09,6.25,0.20,0,0.00,1098.82,0.11
1478,多头出场,2026-01-10 11:00,VltClsSE,3084.68,1,3086.82,-2.14,-0.07,1.25,0.04,-2.14,-0.07,1096.68,0.11
1478,多头进场,2026-01-10 10:45,VltClsLE,3086.82,1,3086.82,-2.14,-0.07,1.25,0.04,-2.14,-0.07,1096.68,0.11
1479,空头出场,2026-01-10 11:15,VltClsLE,3084.67,1,3084.68,0.01,0.00,4.58,0.15,0,0.00,1096.69,0.11
1479,空头进场,2026-01-10 11:00,VltClsSE,3084.68,1,3084.68,0.01,0.00,4.58,0.15,0,0.00,1096.69,0.11
1480,多头出场,2026-01-10 12:00,VltClsSE,3082.48,1,3084.67,-2.19,-0.07,4.33,0.14,-2.19,-0.07,1094.5,0.11
1480,多头进场,2026-01-10 11:15,VltClsLE,3084.67,1,3084.67,-2.19,-0.07,4.33,0.14,-2.19,-0.07,1094.5,0.11
1481,空头出场,2026-01-10 13:00,VltClsLE,3083.11,1,3082.48,-0.63,-0.02,4.49,0.15,-3.11,-0.10,1093.87,0.11
1481,空头进场,2026-01-10 12:00,VltClsSE,3082.48,1,3082.48,-0.63,-0.02,4.49,0.15,-3.11,-0.10,1093.87,0.11
1482,多头出场,2026-01-10 14:15,VltClsSE,3085.21,1,3083.11,2.1,0.07,4.79,0.16,0,0.00,1095.97,0.11
1482,多头进场,2026-01-10 13:00,VltClsLE,3083.11,1,3083.11,2.1,0.07,4.79,0.16,0,0.00,1095.97,0.11
1483,空头出场,2026-01-10 15:00,VltClsLE,3089.05,1,3085.21,-3.84,-0.12,1.84,0.06,-3.84,-0.12,1092.13,0.11
1483,空头进场,2026-01-10 14:15,VltClsSE,3085.21,1,3085.21,-3.84,-0.12,1.84,0.06,-3.84,-0.12,1092.13,0.11
1484,多头出场,2026-01-10 15:15,VltClsSE,3090.07,1,3089.05,1.02,0.03,4.33,0.14,0,0.00,1093.15,0.11
1484,多头进场,2026-01-10 15:00,VltClsLE,3089.05,1,3089.05,1.02,0.03,4.33,0.14,0,0.00,1093.15,0.11
1485,空头出场,2026-01-10 15:45,VltClsLE,3092.5,1,3090.07,-2.43,-0.08,0.27,0.01,-2.82,-0.09,1090.72,0.11
1485,空头进场,2026-01-10 15:15,VltClsSE,3090.07,1,3090.07,-2.43,-0.08,0.27,0.01,-2.82,-0.09,1090.72,0.11
1486,多头出场,2026-01-10 16:00,VltClsSE,3090.43,1,3092.5,-2.07,-0.07,0.55,0.02,-2.07,-0.07,1088.65,0.11
1486,多头进场,2026-01-10 15:45,VltClsLE,3092.5,1,3092.5,-2.07,-0.07,0.55,0.02,-2.07,-0.07,1088.65,0.11
1487,空头出场,2026-01-10 17:00,VltClsLE,3092.01,1,3090.43,-1.58,-0.05,3.06,0.10,-1.58,-0.05,1087.07,0.11
1487,空头进场,2026-01-10 16:00,VltClsSE,3090.43,1,3090.43,-1.58,-0.05,3.06,0.10,-1.58,-0.05,1087.07,0.11
1488,多头出场,2026-01-10 19:00,VltClsSE,3099.39,1,3092.01,7.38,0.24,12.11,0.39,-2.2,-0.07,1094.45,0.11
1488,多头进场,2026-01-10 17:00,VltClsLE,3092.01,1,3092.01,7.38,0.24,12.11,0.39,-2.2,-0.07,1094.45,0.11
1489,空头出场,2026-01-10 20:15,VltClsLE,3101.74,1,3099.39,-2.35,-0.08,4.39,0.14,-2.35,-0.08,1092.1,0.11
1489,空头进场,2026-01-10 19:00,VltClsSE,3099.39,1,3099.39,-2.35,-0.08,4.39,0.14,-2.35,-0.08,1092.1,0.11
1490,多头出场,2026-01-10 21:00,VltClsSE,3096.6,1,3101.74,-5.14,-0.17,2.27,0.07,-7.98,-0.26,1086.96,0.11
1490,多头进场,2026-01-10 20:15,VltClsLE,3101.74,1,3101.74,-5.14,-0.17,2.27,0.07,-7.98,-0.26,1086.96,0.11
1491,空头出场,2026-01-10 23:00,VltClsLE,3094.72,1,3096.6,1.88,0.06,7.79,0.25,-2.44,-0.08,1088.84,0.11
1491,空头进场,2026-01-10 21:00,VltClsSE,3096.6,1,3096.6,1.88,0.06,7.79,0.25,-2.44,-0.08,1088.84,0.11
1492,多头出场,2026-01-11 00:15,VltClsSE,3092.21,1,3094.72,-2.51,-0.08,2.81,0.09,-2.51,-0.08,1086.33,0.11
1492,多头进场,2026-01-10 23:00,VltClsLE,3094.72,1,3094.72,-2.51,-0.08,2.81,0.09,-2.51,-0.08,1086.33,0.11
1493,空头出场,2026-01-11 00:30,VltClsLE,3096.44,1,3092.21,-4.23,-0.14,0.21,0.01,-4.23,-0.14,1082.1,0.11
1493,空头进场,2026-01-11 00:15,VltClsSE,3092.21,1,3092.21,-4.23,-0.14,0.21,0.01,-4.23,-0.14,1082.1,0.11
1494,多头出场,2026-01-11 00:45,VltClsSE,3095.02,1,3096.44,-1.42,-0.05,0.76,0.02,-1.42,-0.05,1080.68,0.11
1494,多头进场,2026-01-11 00:30,VltClsLE,3096.44,1,3096.44,-1.42,-0.05,0.76,0.02,-1.42,-0.05,1080.68,0.11
1495,空头出场,2026-01-11 01:00,VltClsLE,3097.39,1,3095.02,-2.37,-0.08,0.24,0.01,-2.37,-0.08,1078.31,0.11
1495,空头进场,2026-01-11 00:45,VltClsSE,3095.02,1,3095.02,-2.37,-0.08,0.24,0.01,-2.37,-0.08,1078.31,0.11
1496,多头出场,2026-01-11 01:45,VltClsSE,3095,1,3097.39,-2.39,-0.08,1.98,0.06,-2.39,-0.08,1075.92,0.11
1496,多头进场,2026-01-11 01:00,VltClsLE,3097.39,1,3097.39,-2.39,-0.08,1.98,0.06,-2.39,-0.08,1075.92,0.11
1497,空头出场,2026-01-11 04:30,VltClsLE,3092.81,1,3095,2.19,0.07,4.92,0.16,0,0.00,1078.11,0.11
1497,空头进场,2026-01-11 01:45,VltClsSE,3095,1,3095,2.19,0.07,4.92,0.16,0,0.00,1078.11,0.11
1498,多头出场,2026-01-11 05:00,VltClsSE,3087.98,1,3092.81,-4.83,-0.16,0.35,0.01,-4.83,-0.16,1073.28,0.11
1498,多头进场,2026-01-11 04:30,VltClsLE,3092.81,1,3092.81,-4.83,-0.16,0.35,0.01,-4.83,-0.16,1073.28,0.11
1499,空头出场,2026-01-11 05:15,VltClsLE,3089.77,1,3087.98,-1.79,-0.06,3.52,0.11,-1.79,-0.06,1071.49,0.11
1499,空头进场,2026-01-11 05:00,VltClsSE,3087.98,1,3087.98,-1.79,-0.06,3.52,0.11,-1.79,-0.06,1071.49,0.11
1500,多头出场,2026-01-11 05:30,VltClsSE,3087.02,1,3089.77,-2.75,-0.09,0.38,0.01,-2.75,-0.09,1068.74,0.11
1500,多头进场,2026-01-11 05:15,VltClsLE,3089.77,1,3089.77,-2.75,-0.09,0.38,0.01,-2.75,-0.09,1068.74,0.11
1501,空头出场,2026-01-11 06:30,VltClsLE,3085.24,1,3087.02,1.78,0.06,8.31,0.27,-0.24,-0.01,1070.52,0.11
1501,空头进场,2026-01-11 05:30,VltClsSE,3087.02,1,3087.02,1.78,0.06,8.31,0.27,-0.24,-0.01,1070.52,0.11
1502,多头出场,2026-01-11 06:45,VltClsSE,3084.96,1,3085.24,-0.28,-0.01,4.27,0.14,-0.28,-0.01,1070.24,0.11
1502,多头进场,2026-01-11 06:30,VltClsLE,3085.24,1,3085.24,-0.28,-0.01,4.27,0.14,-0.28,-0.01,1070.24,0.11
1503,空头出场,2026-01-11 07:00,VltClsLE,3084.32,1,3084.96,0.64,0.02,5.03,0.16,0,0.00,1070.88,0.11
1503,空头进场,2026-01-11 06:45,VltClsSE,3084.96,1,3084.96,0.64,0.02,5.03,0.16,0,0.00,1070.88,0.11
1504,多头出场,2026-01-11 08:30,VltClsSE,3088.59,1,3084.32,4.27,0.14,7.11,0.23,0,0.00,1075.15,0.11
1504,多头进场,2026-01-11 07:00,VltClsLE,3084.32,1,3084.32,4.27,0.14,7.11,0.23,0,0.00,1075.15,0.11
1505,空头出场,2026-01-11 08:45,VltClsLE,3090.72,1,3088.59,-2.13,-0.07,0.62,0.02,-2.13,-0.07,1073.02,0.11
1505,空头进场,2026-01-11 08:30,VltClsSE,3088.59,1,3088.59,-2.13,-0.07,0.62,0.02,-2.13,-0.07,1073.02,0.11
1506,多头出场,2026-01-11 13:45,VltClsSE,3098.29,1,3090.72,7.57,0.24,11.7,0.38,-1.08,-0.03,1080.59,0.11
1506,多头进场,2026-01-11 08:45,VltClsLE,3090.72,1,3090.72,7.57,0.24,11.7,0.38,-1.08,-0.03,1080.59,0.11
1507,空头出场,2026-01-11 14:45,VltClsLE,3097.22,1,3098.29,1.07,0.03,8.29,0.27,-2.86,-0.09,1081.66,0.11
1507,空头进场,2026-01-11 13:45,VltClsSE,3098.29,1,3098.29,1.07,0.03,8.29,0.27,-2.86,-0.09,1081.66,0.11
1508,多头出场,2026-01-11 16:00,VltClsSE,3093.24,1,3097.22,-3.98,-0.13,1.19,0.04,-4.82,-0.16,1077.68,0.11
1508,多头进场,2026-01-11 14:45,VltClsLE,3097.22,1,3097.22,-3.98,-0.13,1.19,0.04,-4.82,-0.16,1077.68,0.11
1509,空头出场,2026-01-11 16:15,VltClsLE,3097.23,1,3093.24,-3.99,-0.13,0.54,0.02,-3.99,-0.13,1073.69,0.11
1509,空头进场,2026-01-11 16:00,VltClsSE,3093.24,1,3093.24,-3.99,-0.13,0.54,0.02,-3.99,-0.13,1073.69,0.11
1510,多头出场,2026-01-11 17:30,VltClsSE,3103.12,1,3097.23,5.89,0.19,12.55,0.41,0,0.00,1079.58,0.11
1510,多头进场,2026-01-11 16:15,VltClsLE,3097.23,1,3097.23,5.89,0.19,12.55,0.41,0,0.00,1079.58,0.11
1511,空头出场,2026-01-11 20:00,VltClsLE,3107.29,1,3103.12,-4.17,-0.13,2.31,0.07,-5.21,-0.17,1075.41,0.11
1511,空头进场,2026-01-11 17:30,VltClsSE,3103.12,1,3103.12,-4.17,-0.13,2.31,0.07,-5.21,-0.17,1075.41,0.11
1512,多头出场,2026-01-11 21:15,VltClsSE,3112.18,1,3107.29,4.89,0.16,9.45,0.30,-0.17,-0.01,1080.3,0.11
1512,多头进场,2026-01-11 20:00,VltClsLE,3107.29,1,3107.29,4.89,0.16,9.45,0.30,-0.17,-0.01,1080.3,0.11
1513,空头出场,2026-01-11 21:45,VltClsLE,3111.29,1,3112.18,0.89,0.03,5.19,0.17,-1.58,-0.05,1081.19,0.11
1513,空头进场,2026-01-11 21:15,VltClsSE,3112.18,1,3112.18,0.89,0.03,5.19,0.17,-1.58,-0.05,1081.19,0.11
1514,多头出场,2026-01-11 23:00,VltClsSE,3120.08,1,3111.29,8.79,0.28,19.71,0.63,-2.32,-0.07,1089.98,0.11
1514,多头进场,2026-01-11 21:45,VltClsLE,3111.29,1,3111.29,8.79,0.28,19.71,0.63,-2.32,-0.07,1089.98,0.11
1515,空头出场,2026-01-12 00:15,VltClsLE,3123.72,1,3120.08,-3.64,-0.12,9.96,0.32,-5.51,-0.18,1086.34,0.11
1515,空头进场,2026-01-11 23:00,VltClsSE,3120.08,1,3120.08,-3.64,-0.12,9.96,0.32,-5.51,-0.18,1086.34,0.11
1516,多头出场,2026-01-12 00:45,VltClsSE,3127.41,1,3123.72,3.69,0.12,23.55,0.75,-0.32,-0.01,1090.03,0.11
1516,多头进场,2026-01-12 00:15,VltClsLE,3123.72,1,3123.72,3.69,0.12,23.55,0.75,-0.32,-0.01,1090.03,0.11
1517,空头出场,2026-01-12 02:45,VltClsLE,3128.61,1,3127.41,-1.2,-0.04,9.15,0.29,-6.48,-0.21,1088.83,0.11
1517,空头进场,2026-01-12 00:45,VltClsSE,3127.41,1,3127.41,-1.2,-0.04,9.15,0.29,-6.48,-0.21,1088.83,0.11
1518,多头出场,2026-01-12 03:15,VltClsSE,3126.8,1,3128.61,-1.81,-0.06,5.28,0.17,-1.81,-0.06,1087.02,0.11
1518,多头进场,2026-01-12 02:45,VltClsLE,3128.61,1,3128.61,-1.81,-0.06,5.28,0.17,-1.81,-0.06,1087.02,0.11
1519,空头出场,2026-01-12 04:45,VltClsLE,3115.8,1,3126.8,11,0.35,24.85,0.79,-1.68,-0.05,1098.02,0.11
1519,空头进场,2026-01-12 03:15,VltClsSE,3126.8,1,3126.8,11,0.35,24.85,0.79,-1.68,-0.05,1098.02,0.11
1520,多头出场,2026-01-12 06:00,VltClsSE,3115.29,1,3115.8,-0.51,-0.02,10.35,0.33,-8.2,-0.26,1097.51,0.11
1520,多头进场,2026-01-12 04:45,VltClsLE,3115.8,1,3115.8,-0.51,-0.02,10.35,0.33,-8.2,-0.26,1097.51,0.11
1521,空头出场,2026-01-12 07:15,VltClsLE,3119.78,1,3115.29,-4.49,-0.14,22.7,0.73,-4.49,-0.14,1093.02,0.11
1521,空头进场,2026-01-12 06:00,VltClsSE,3115.29,1,3115.29,-4.49,-0.14,22.7,0.73,-4.49,-0.14,1093.02,0.11
1522,多头出场,2026-01-12 08:00,VltClsSE,3114.54,1,3119.78,-5.24,-0.17,6.13,0.20,-9.25,-0.30,1087.78,0.11
1522,多头进场,2026-01-12 07:15,VltClsLE,3119.78,1,3119.78,-5.24,-0.17,6.13,0.20,-9.25,-0.30,1087.78,0.11
1523,空头出场,2026-01-12 08:15,VltClsLE,3125.72,1,3114.54,-11.18,-0.36,5.7,0.18,-11.18,-0.36,1076.6,0.11
1523,空头进场,2026-01-12 08:00,VltClsSE,3114.54,1,3114.54,-11.18,-0.36,5.7,0.18,-11.18,-0.36,1076.6,0.11
1524,多头出场,2026-01-12 08:30,VltClsSE,3111.14,1,3125.72,-14.58,-0.47,1.74,0.06,-14.58,-0.47,1062.02,0.11
1524,多头进场,2026-01-12 08:15,VltClsLE,3125.72,1,3125.72,-14.58,-0.47,1.74,0.06,-14.58,-0.47,1062.02,0.11
1525,空头出场,2026-01-12 08:45,VltClsLE,3116.32,1,3111.14,-5.18,-0.17,13.9,0.45,-5.18,-0.17,1056.84,0.11
1525,空头进场,2026-01-12 08:30,VltClsSE,3111.14,1,3111.14,-5.18,-0.17,13.9,0.45,-5.18,-0.17,1056.84,0.11
1526,多头出场,2026-01-12 09:30,VltClsSE,3118.22,1,3116.32,1.9,0.06,20.96,0.67,0,0.00,1058.74,0.11
1526,多头进场,2026-01-12 08:45,VltClsLE,3116.32,1,3116.32,1.9,0.06,20.96,0.67,0,0.00,1058.74,0.11
1527,空头出场,2026-01-12 10:00,VltClsLE,3136.27,1,3118.22,-18.05,-0.58,4.21,0.14,-18.05,-0.58,1040.69,0.10
1527,空头进场,2026-01-12 09:30,VltClsSE,3118.22,1,3118.22,-18.05,-0.58,4.21,0.14,-18.05,-0.58,1040.69,0.10
1528,多头出场,2026-01-12 13:30,VltClsSE,3160.41,1,3136.27,24.14,0.77,35.22,1.12,0,0.00,1064.83,0.11
1528,多头进场,2026-01-12 10:00,VltClsLE,3136.27,1,3136.27,24.14,0.77,35.22,1.12,0,0.00,1064.83,0.11
1529,空头出场,2026-01-12 14:00,VltClsLE,3163.98,1,3160.41,-3.57,-0.11,4.26,0.13,-3.57,-0.11,1061.26,0.11
1529,空头进场,2026-01-12 13:30,VltClsSE,3160.41,1,3160.41,-3.57,-0.11,4.26,0.13,-3.57,-0.11,1061.26,0.11
1530,多头出场,2026-01-12 14:15,VltClsSE,3156.63,1,3163.98,-7.35,-0.23,2.07,0.07,-7.35,-0.23,1053.91,0.11
1530,多头进场,2026-01-12 14:00,VltClsLE,3163.98,1,3163.98,-7.35,-0.23,2.07,0.07,-7.35,-0.23,1053.91,0.11
1531,空头出场,2026-01-12 15:00,VltClsLE,3159.58,1,3156.63,-2.95,-0.09,4.02,0.13,-2.95,-0.09,1050.96,0.11
1531,空头进场,2026-01-12 14:15,VltClsSE,3156.63,1,3156.63,-2.95,-0.09,4.02,0.13,-2.95,-0.09,1050.96,0.11
1532,多头出场,2026-01-12 15:30,VltClsSE,3152.27,1,3159.58,-7.31,-0.23,1.87,0.06,-7.31,-0.23,1043.65,0.10
1532,多头进场,2026-01-12 15:00,VltClsLE,3159.58,1,3159.58,-7.31,-0.23,1.87,0.06,-7.31,-0.23,1043.65,0.10
1533,空头出场,2026-01-12 16:00,VltClsLE,3142.45,1,3152.27,9.82,0.31,19.48,0.62,0,0.00,1053.47,0.11
1533,空头进场,2026-01-12 15:30,VltClsSE,3152.27,1,3152.27,9.82,0.31,19.48,0.62,0,0.00,1053.47,0.11
1534,多头出场,2026-01-12 16:30,VltClsSE,3131.44,1,3142.45,-11.01,-0.35,5.17,0.16,-11.01,-0.35,1042.46,0.10
1534,多头进场,2026-01-12 16:00,VltClsLE,3142.45,1,3142.45,-11.01,-0.35,5.17,0.16,-11.01,-0.35,1042.46,0.10
1535,空头出场,2026-01-12 19:00,VltClsLE,3112.23,1,3131.44,19.21,0.61,29.96,0.96,0,0.00,1061.67,0.11
1535,空头进场,2026-01-12 16:30,VltClsSE,3131.44,1,3131.44,19.21,0.61,29.96,0.96,0,0.00,1061.67,0.11
1536,多头出场,2026-01-12 19:30,VltClsSE,3112.03,1,3112.23,-0.2,-0.01,9.21,0.30,-1.51,-0.05,1061.47,0.11
1536,多头进场,2026-01-12 19:00,VltClsLE,3112.23,1,3112.23,-0.2,-0.01,9.21,0.30,-1.51,-0.05,1061.47,0.11
1537,空头出场,2026-01-12 21:30,VltClsLE,3115.66,1,3112.03,-3.63,-0.12,5.16,0.17,-10.72,-0.34,1057.84,0.11
1537,空头进场,2026-01-12 19:30,VltClsSE,3112.03,1,3112.03,-3.63,-0.12,5.16,0.17,-10.72,-0.34,1057.84,0.11
1538,多头出场,2026-01-12 22:15,VltClsSE,3103.92,1,3115.66,-11.74,-0.38,0.44,0.01,-11.74,-0.38,1046.1,0.10
1538,多头进场,2026-01-12 21:30,VltClsLE,3115.66,1,3115.66,-11.74,-0.38,0.44,0.01,-11.74,-0.38,1046.1,0.10
1539,空头出场,2026-01-12 22:30,VltClsLE,3088.5,1,3103.92,15.42,0.50,38.37,1.24,0,0.00,1061.52,0.11
1539,空头进场,2026-01-12 22:15,VltClsSE,3103.92,1,3103.92,15.42,0.50,38.37,1.24,0,0.00,1061.52,0.11
1540,多头出场,2026-01-13 00:30,VltClsSE,3129.6,1,3088.5,41.1,1.33,58.16,1.88,0,0.00,1102.62,0.11
1540,多头进场,2026-01-12 22:30,VltClsLE,3088.5,1,3088.5,41.1,1.33,58.16,1.88,0,0.00,1102.62,0.11
1541,空头出场,2026-01-13 06:00,VltClsLE,3099.35,1,3129.6,30.25,0.97,46.1,1.47,-7.42,-0.24,1132.87,0.11
1541,空头进场,2026-01-13 00:30,VltClsSE,3129.6,1,3129.6,30.25,0.97,46.1,1.47,-7.42,-0.24,1132.87,0.11
1542,多头出场,2026-01-13 06:15,VltClsSE,3096.91,1,3099.35,-2.44,-0.08,8.08,0.26,-2.44,-0.08,1130.43,0.11
1542,多头进场,2026-01-13 06:00,VltClsLE,3099.35,1,3099.35,-2.44,-0.08,8.08,0.26,-2.44,-0.08,1130.43,0.11
1543,空头出场,2026-01-13 06:30,VltClsLE,3104.34,1,3096.91,-7.43,-0.24,1.09,0.04,-7.43,-0.24,1123,0.11
1543,空头进场,2026-01-13 06:15,VltClsSE,3096.91,1,3096.91,-7.43,-0.24,1.09,0.04,-7.43,-0.24,1123,0.11
1544,多头出场,2026-01-13 09:15,VltClsSE,3103.58,1,3104.34,-0.76,-0.02,10.05,0.32,-15.87,-0.51,1122.24,0.11
1544,多头进场,2026-01-13 06:30,VltClsLE,3104.34,1,3104.34,-0.76,-0.02,10.05,0.32,-15.87,-0.51,1122.24,0.11
1545,空头出场,2026-01-13 10:00,VltClsLE,3104.2,1,3103.58,-0.62,-0.02,11.62,0.37,-0.62,-0.02,1121.62,0.11
1545,空头进场,2026-01-13 09:15,VltClsSE,3103.58,1,3103.58,-0.62,-0.02,11.62,0.37,-0.62,-0.02,1121.62,0.11
1546,多头出场,2026-01-13 12:15,VltClsSE,3115.09,1,3104.2,10.89,0.35,18.55,0.60,-5.48,-0.18,1132.51,0.11
1546,多头进场,2026-01-13 10:00,VltClsLE,3104.2,1,3104.2,10.89,0.35,18.55,0.60,-5.48,-0.18,1132.51,0.11
1547,空头出场,2026-01-13 12:45,VltClsLE,3121.3,1,3115.09,-6.21,-0.20,2.63,0.08,-6.21,-0.20,1126.3,0.11
1547,空头进场,2026-01-13 12:15,VltClsSE,3115.09,1,3115.09,-6.21,-0.20,2.63,0.08,-6.21,-0.20,1126.3,0.11
1548,多头出场,2026-01-13 13:30,VltClsSE,3133.02,1,3121.3,11.72,0.38,25.25,0.81,0,0.00,1138.02,0.11
1548,多头进场,2026-01-13 12:45,VltClsLE,3121.3,1,3121.3,11.72,0.38,25.25,0.81,0,0.00,1138.02,0.11
1549,空头出场,2026-01-13 14:45,VltClsLE,3135.9,1,3133.02,-2.88,-0.09,9.22,0.29,-7.02,-0.22,1135.14,0.11
1549,空头进场,2026-01-13 13:30,VltClsSE,3133.02,1,3133.02,-2.88,-0.09,9.22,0.29,-7.02,-0.22,1135.14,0.11
1550,多头出场,2026-01-13 17:30,VltClsSE,3137.12,1,3135.9,1.22,0.04,12.43,0.40,-13.9,-0.44,1136.36,0.11
1550,多头进场,2026-01-13 14:45,VltClsLE,3135.9,1,3135.9,1.22,0.04,12.43,0.40,-13.9,-0.44,1136.36,0.11
1551,空头出场,2026-01-13 19:45,VltClsLE,3137.61,1,3137.12,-0.49,-0.02,8.06,0.26,-4.72,-0.15,1135.87,0.11
1551,空头进场,2026-01-13 17:30,VltClsSE,3137.12,1,3137.12,-0.49,-0.02,8.06,0.26,-4.72,-0.15,1135.87,0.11
1552,多头出场,2026-01-13 21:00,VltClsSE,3130.86,1,3137.61,-6.75,-0.22,0.43,0.01,-7.61,-0.24,1129.12,0.11
1552,多头进场,2026-01-13 19:45,VltClsLE,3137.61,1,3137.61,-6.75,-0.22,0.43,0.01,-7.61,-0.24,1129.12,0.11
1553,空头出场,2026-01-13 21:15,VltClsLE,3140.46,1,3130.86,-9.6,-0.31,0.85,0.03,-9.6,-0.31,1119.52,0.11
1553,空头进场,2026-01-13 21:00,VltClsSE,3130.86,1,3130.86,-9.6,-0.31,0.85,0.03,-9.6,-0.31,1119.52,0.11
1554,多头出场,2026-01-13 21:30,VltClsSE,3136.69,1,3140.46,-3.77,-0.12,1.37,0.04,-3.77,-0.12,1115.75,0.11
1554,多头进场,2026-01-13 21:15,VltClsLE,3140.46,1,3140.46,-3.77,-0.12,1.37,0.04,-3.77,-0.12,1115.75,0.11
1555,空头出场,2026-01-13 22:15,VltClsLE,3150.02,1,3136.69,-13.33,-0.42,6.64,0.21,-25.07,-0.80,1102.42,0.11
1555,空头进场,2026-01-13 21:30,VltClsSE,3136.69,1,3136.69,-13.33,-0.42,6.64,0.21,-25.07,-0.80,1102.42,0.11
1556,多头出场,2026-01-13 22:45,VltClsSE,3146.52,1,3150.02,-3.5,-0.11,15.92,0.51,-3.5,-0.11,1098.92,0.11
1556,多头进场,2026-01-13 22:15,VltClsLE,3150.02,1,3150.02,-3.5,-0.11,15.92,0.51,-3.5,-0.11,1098.92,0.11
1557,空头出场,2026-01-13 23:30,VltClsLE,3155.86,1,3146.52,-9.34,-0.30,13.3,0.42,-9.34,-0.30,1089.58,0.11
1557,空头进场,2026-01-13 22:45,VltClsSE,3146.52,1,3146.52,-9.34,-0.30,13.3,0.42,-9.34,-0.30,1089.58,0.11
1558,多头出场,2026-01-14 03:00,VltClsSE,3191.95,1,3155.86,36.09,1.14,59.08,1.87,-2.12,-0.07,1125.67,0.11
1558,多头进场,2026-01-13 23:30,VltClsLE,3155.86,1,3155.86,36.09,1.14,59.08,1.87,-2.12,-0.07,1125.67,0.11
1559,空头出场,2026-01-14 03:15,VltClsLE,3203.33,1,3191.95,-11.38,-0.36,0.44,0.01,-11.38,-0.36,1114.29,0.11
1559,空头进场,2026-01-14 03:00,VltClsSE,3191.95,1,3191.95,-11.38,-0.36,0.44,0.01,-11.38,-0.36,1114.29,0.11
1560,多头出场,2026-01-14 04:30,VltClsSE,3199.86,1,3203.33,-3.47,-0.11,16.67,0.52,-3.47,-0.11,1110.82,0.11
1560,多头进场,2026-01-14 03:15,VltClsLE,3203.33,1,3203.33,-3.47,-0.11,16.67,0.52,-3.47,-0.11,1110.82,0.11
1561,空头出场,2026-01-14 05:15,VltClsLE,3215.47,1,3199.86,-15.61,-0.49,9.3,0.29,-15.61,-0.49,1095.21,0.11
1561,空头进场,2026-01-14 04:30,VltClsSE,3199.86,1,3199.86,-15.61,-0.49,9.3,0.29,-15.61,-0.49,1095.21,0.11
1562,多头出场,2026-01-14 08:30,VltClsSE,3317.68,1,3215.47,102.21,3.18,152.32,4.74,-7.47,-0.23,1197.42,0.12
1562,多头进场,2026-01-14 05:15,VltClsLE,3215.47,1,3215.47,102.21,3.18,152.32,4.74,-7.47,-0.23,1197.42,0.12
1563,空头出场,2026-01-14 09:00,VltClsLE,3333.33,1,3317.68,-15.65,-0.47,2.53,0.08,-15.65,-0.47,1181.77,0.12
1563,空头进场,2026-01-14 08:30,VltClsSE,3317.68,1,3317.68,-15.65,-0.47,2.53,0.08,-15.65,-0.47,1181.77,0.12
1564,多头出场,2026-01-14 09:30,VltClsSE,3327.41,1,3333.33,-5.92,-0.18,11.67,0.35,-5.92,-0.18,1175.85,0.12
1564,多头进场,2026-01-14 09:00,VltClsLE,3333.33,1,3333.33,-5.92,-0.18,11.67,0.35,-5.92,-0.18,1175.85,0.12
1565,空头出场,2026-01-14 10:00,VltClsLE,3347.55,1,3327.41,-20.14,-0.61,1.45,0.04,-20.14,-0.61,1155.71,0.12
1565,空头进场,2026-01-14 09:30,VltClsSE,3327.41,1,3327.41,-20.14,-0.61,1.45,0.04,-20.14,-0.61,1155.71,0.12
1566,多头出场,2026-01-14 10:15,VltClsSE,3337.89,1,3347.55,-9.66,-0.29,10.01,0.30,-9.66,-0.29,1146.05,0.11
1566,多头进场,2026-01-14 10:00,VltClsLE,3347.55,1,3347.55,-9.66,-0.29,10.01,0.30,-9.66,-0.29,1146.05,0.11
1567,空头出场,2026-01-14 11:30,VltClsLE,3332.37,1,3337.89,5.52,0.17,16.89,0.51,-1.43,-0.04,1151.57,0.12
1567,空头进场,2026-01-14 10:15,VltClsSE,3337.89,1,3337.89,5.52,0.17,16.89,0.51,-1.43,-0.04,1151.57,0.12
1568,多头出场,2026-01-14 12:00,VltClsSE,3343.16,1,3332.37,10.79,0.32,19.81,0.59,0,0.00,1162.36,0.12
1568,多头进场,2026-01-14 11:30,VltClsLE,3332.37,1,3332.37,10.79,0.32,19.81,0.59,0,0.00,1162.36,0.12
1569,空头出场,2026-01-14 13:30,VltClsLE,3333.39,1,3343.16,9.77,0.29,17.56,0.53,-21.48,-0.64,1172.13,0.12
1569,空头进场,2026-01-14 12:00,VltClsSE,3343.16,1,3343.16,9.77,0.29,17.56,0.53,-21.48,-0.64,1172.13,0.12
1570,多头出场,2026-01-14 14:00,VltClsSE,3324.25,1,3333.39,-9.14,-0.27,5.84,0.18,-9.14,-0.27,1162.99,0.12
1570,多头进场,2026-01-14 13:30,VltClsLE,3333.39,1,3333.39,-9.14,-0.27,5.84,0.18,-9.14,-0.27,1162.99,0.12
1571,空头出场,2026-01-14 14:30,VltClsLE,3329.6,1,3324.25,-5.35,-0.16,2.24,0.07,-5.93,-0.18,1157.64,0.12
1571,空头进场,2026-01-14 14:00,VltClsSE,3324.25,1,3324.25,-5.35,-0.16,2.24,0.07,-5.93,-0.18,1157.64,0.12
1572,多头出场,2026-01-14 16:30,VltClsSE,3331.79,1,3329.6,2.19,0.07,13.23,0.40,-1.93,-0.06,1159.83,0.12
1572,多头进场,2026-01-14 14:30,VltClsLE,3329.6,1,3329.6,2.19,0.07,13.23,0.40,-1.93,-0.06,1159.83,0.12
1573,空头出场,2026-01-14 17:00,VltClsLE,3332.33,1,3331.79,-0.54,-0.02,4.68,0.14,-0.54,-0.02,1159.29,0.12
1573,空头进场,2026-01-14 16:30,VltClsSE,3331.79,1,3331.79,-0.54,-0.02,4.68,0.14,-0.54,-0.02,1159.29,0.12
1574,多头出场,2026-01-14 17:45,VltClsSE,3325.67,1,3332.33,-6.66,-0.20,2.86,0.09,-6.66,-0.20,1152.63,0.12
1574,多头进场,2026-01-14 17:00,VltClsLE,3332.33,1,3332.33,-6.66,-0.20,2.86,0.09,-6.66,-0.20,1152.63,0.12
1575,空头出场,2026-01-14 20:00,VltClsLE,3294.34,1,3325.67,31.33,0.94,45.19,1.36,-7.52,-0.23,1183.96,0.12
1575,空头进场,2026-01-14 17:45,VltClsSE,3325.67,1,3325.67,31.33,0.94,45.19,1.36,-7.52,-0.23,1183.96,0.12
1576,多头出场,2026-01-14 21:00,VltClsSE,3289.6,1,3294.34,-4.74,-0.14,4.9,0.15,-4.74,-0.14,1179.22,0.12
1576,多头进场,2026-01-14 20:00,VltClsLE,3294.34,1,3294.34,-4.74,-0.14,4.9,0.15,-4.74,-0.14,1179.22,0.12
1577,空头出场,2026-01-14 21:15,VltClsLE,3301.44,1,3289.6,-11.84,-0.36,0.5,0.02,-11.84,-0.36,1167.38,0.12
1577,空头进场,2026-01-14 21:00,VltClsSE,3289.6,1,3289.6,-11.84,-0.36,0.5,0.02,-11.84,-0.36,1167.38,0.12
1578,多头出场,2026-01-14 21:30,VltClsSE,3299.79,1,3301.44,-1.65,-0.05,6.49,0.20,-1.65,-0.05,1165.73,0.12
1578,多头进场,2026-01-14 21:15,VltClsLE,3301.44,1,3301.44,-1.65,-0.05,6.49,0.20,-1.65,-0.05,1165.73,0.12
1579,空头出场,2026-01-14 22:00,VltClsLE,3309.37,1,3299.79,-9.58,-0.29,3.83,0.12,-9.58,-0.29,1156.15,0.12
1579,空头进场,2026-01-14 21:30,VltClsSE,3299.79,1,3299.79,-9.58,-0.29,3.83,0.12,-9.58,-0.29,1156.15,0.12
1580,多头出场,2026-01-14 23:00,VltClsSE,3334.84,1,3309.37,25.47,0.77,52.8,1.60,-1.08,-0.03,1181.62,0.12
1580,多头进场,2026-01-14 22:00,VltClsLE,3309.37,1,3309.37,25.47,0.77,52.8,1.60,-1.08,-0.03,1181.62,0.12
1581,空头出场,2026-01-15 00:00,VltClsLE,3364.63,1,3334.84,-29.79,-0.89,7.22,0.22,-29.79,-0.89,1151.83,0.12
1581,空头进场,2026-01-14 23:00,VltClsSE,3334.84,1,3334.84,-29.79,-0.89,7.22,0.22,-29.79,-0.89,1151.83,0.12
1582,多头出场,2026-01-15 00:45,VltClsSE,3368.12,1,3364.63,3.49,0.10,38.26,1.14,-2.37,-0.07,1155.32,0.12
1582,多头进场,2026-01-15 00:00,VltClsLE,3364.63,1,3364.63,3.49,0.10,38.26,1.14,-2.37,-0.07,1155.32,0.12
1583,空头出场,2026-01-15 02:45,VltClsLE,3340.43,1,3368.12,27.69,0.82,52.61,1.56,-13.2,-0.39,1183.01,0.12
1583,空头进场,2026-01-15 00:45,VltClsSE,3368.12,1,3368.12,27.69,0.82,52.61,1.56,-13.2,-0.39,1183.01,0.12
1584,多头出场,2026-01-15 03:30,VltClsSE,3368.1,1,3340.43,27.67,0.83,59.58,1.78,-8.41,-0.25,1210.68,0.12
1584,多头进场,2026-01-15 02:45,VltClsLE,3340.43,1,3340.43,27.67,0.83,59.58,1.78,-8.41,-0.25,1210.68,0.12
1585,空头出场,2026-01-15 04:00,VltClsLE,3389.95,1,3368.1,-21.85,-0.65,6.14,0.18,-21.85,-0.65,1188.83,0.12
1585,空头进场,2026-01-15 03:30,VltClsSE,3368.1,1,3368.1,-21.85,-0.65,6.14,0.18,-21.85,-0.65,1188.83,0.12
1586,多头出场,2026-01-15 05:00,VltClsSE,3367.97,1,3389.95,-21.98,-0.65,2.99,0.09,-26.92,-0.79,1166.85,0.12
1586,多头进场,2026-01-15 04:00,VltClsLE,3389.95,1,3389.95,-21.98,-0.65,2.99,0.09,-26.92,-0.79,1166.85,0.12
1587,空头出场,2026-01-15 07:00,VltClsLE,3358.65,1,3367.97,9.32,0.28,20.14,0.60,-10.82,-0.32,1176.17,0.12
1587,空头进场,2026-01-15 05:00,VltClsSE,3367.97,1,3367.97,9.32,0.28,20.14,0.60,-10.82,-0.32,1176.17,0.12
1588,多头出场,2026-01-15 08:00,VltClsSE,3346.84,1,3358.65,-11.81,-0.35,10.85,0.32,-11.81,-0.35,1164.36,0.12
1588,多头进场,2026-01-15 07:00,VltClsLE,3358.65,1,3358.65,-11.81,-0.35,10.85,0.32,-11.81,-0.35,1164.36,0.12
1589,空头出场,2026-01-15 09:00,VltClsLE,3340.19,1,3346.84,6.65,0.20,28.11,0.84,-1.82,-0.05,1171.01,0.12
1589,空头进场,2026-01-15 08:00,VltClsSE,3346.84,1,3346.84,6.65,0.20,28.11,0.84,-1.82,-0.05,1171.01,0.12
1590,多头出场,2026-01-15 10:30,VltClsSE,3314.7,1,3340.19,-25.49,-0.76,2.66,0.08,-25.49,-0.76,1145.52,0.11
1590,多头进场,2026-01-15 09:00,VltClsLE,3340.19,1,3340.19,-25.49,-0.76,2.66,0.08,-25.49,-0.76,1145.52,0.11
1591,空头出场,2026-01-15 13:00,VltClsLE,3312.39,1,3314.7,2.31,0.07,36.7,1.11,-6.96,-0.21,1147.83,0.11
1591,空头进场,2026-01-15 10:30,VltClsSE,3314.7,1,3314.7,2.31,0.07,36.7,1.11,-6.96,-0.21,1147.83,0.11
1592,多头出场,2026-01-15 14:30,VltClsSE,3314.75,1,3312.39,2.36,0.07,11.26,0.34,-9.81,-0.30,1150.19,0.12
1592,多头进场,2026-01-15 13:00,VltClsLE,3312.39,1,3312.39,2.36,0.07,11.26,0.34,-9.81,-0.30,1150.19,0.12
1593,空头出场,2026-01-15 15:15,VltClsLE,3322.91,1,3314.75,-8.16,-0.25,4.32,0.13,-8.16,-0.25,1142.03,0.11
1593,空头进场,2026-01-15 14:30,VltClsSE,3314.75,1,3314.75,-8.16,-0.25,4.32,0.13,-8.16,-0.25,1142.03,0.11
1594,多头出场,2026-01-15 16:00,VltClsSE,3323.4,1,3322.91,0.49,0.01,12.24,0.37,-0.35,-0.01,1142.52,0.11
1594,多头进场,2026-01-15 15:15,VltClsLE,3322.91,1,3322.91,0.49,0.01,12.24,0.37,-0.35,-0.01,1142.52,0.11
1595,空头出场,2026-01-15 16:45,VltClsLE,3334.28,1,3323.4,-10.88,-0.33,3.23,0.10,-10.88,-0.33,1131.64,0.11
1595,空头进场,2026-01-15 16:00,VltClsSE,3323.4,1,3323.4,-10.88,-0.33,3.23,0.10,-10.88,-0.33,1131.64,0.11
1596,多头出场,2026-01-15 19:30,VltClsSE,3354.02,1,3334.28,19.74,0.59,44.47,1.33,-4.23,-0.13,1151.38,0.12
1596,多头进场,2026-01-15 16:45,VltClsLE,3334.28,1,3334.28,19.74,0.59,44.47,1.33,-4.23,-0.13,1151.38,0.12
1597,空头出场,2026-01-15 20:30,VltClsLE,3352.95,1,3354.02,1.07,0.03,9.95,0.30,-2.08,-0.06,1152.45,0.12
1597,空头进场,2026-01-15 19:30,VltClsSE,3354.02,1,3354.02,1.07,0.03,9.95,0.30,-2.08,-0.06,1152.45,0.12
1598,多头出场,2026-01-15 21:00,VltClsSE,3361.36,1,3352.95,8.41,0.25,18.01,0.54,0,0.00,1160.86,0.12
1598,多头进场,2026-01-15 20:30,VltClsLE,3352.95,1,3352.95,8.41,0.25,18.01,0.54,0,0.00,1160.86,0.12
1599,空头出场,2026-01-15 21:15,VltClsLE,3369.68,1,3361.36,-8.32,-0.25,0.72,0.02,-8.32,-0.25,1152.54,0.12
1599,空头进场,2026-01-15 21:00,VltClsSE,3361.36,1,3361.36,-8.32,-0.25,0.72,0.02,-8.32,-0.25,1152.54,0.12
1600,多头出场,2026-01-15 21:30,VltClsSE,3362.78,1,3369.68,-6.9,-0.20,4.88,0.14,-6.9,-0.20,1145.64,0.11
1600,多头进场,2026-01-15 21:15,VltClsLE,3369.68,1,3369.68,-6.9,-0.20,4.88,0.14,-6.9,-0.20,1145.64,0.11
1601,空头出场,2026-01-15 21:45,VltClsLE,3378.66,1,3362.78,-15.88,-0.47,5.85,0.17,-15.88,-0.47,1129.76,0.11
1601,空头进场,2026-01-15 21:30,VltClsSE,3362.78,1,3362.78,-15.88,-0.47,5.85,0.17,-15.88,-0.47,1129.76,0.11
1602,多头出场,2026-01-15 22:15,VltClsSE,3370.96,1,3378.66,-7.7,-0.23,5.53,0.16,-7.7,-0.23,1122.06,0.11
1602,多头进场,2026-01-15 21:45,VltClsLE,3378.66,1,3378.66,-7.7,-0.23,5.53,0.16,-7.7,-0.23,1122.06,0.11
1603,空头出场,2026-01-15 22:45,VltClsLE,3349.71,1,3370.96,21.25,0.63,48.39,1.44,-2.85,-0.08,1143.31,0.11
1603,空头进场,2026-01-15 22:15,VltClsSE,3370.96,1,3370.96,21.25,0.63,48.39,1.44,-2.85,-0.08,1143.31,0.11
1604,多头出场,2026-01-15 23:15,VltClsSE,3331.06,1,3349.71,-18.65,-0.56,8.98,0.27,-18.65,-0.56,1124.66,0.11
1604,多头进场,2026-01-15 22:45,VltClsLE,3349.71,1,3349.71,-18.65,-0.56,8.98,0.27,-18.65,-0.56,1124.66,0.11
1605,空头出场,2026-01-16 06:00,VltClsLE,3305.89,1,3331.06,25.17,0.76,57.34,1.72,-10.98,-0.33,1149.83,0.11
1605,空头进场,2026-01-15 23:15,VltClsSE,3331.06,1,3331.06,25.17,0.76,57.34,1.72,-10.98,-0.33,1149.83,0.11
1606,多头出场,2026-01-16 08:45,VltClsSE,3320.32,1,3305.89,14.43,0.44,20.9,0.63,-9.24,-0.28,1164.26,0.12
1606,多头进场,2026-01-16 06:00,VltClsLE,3305.89,1,3305.89,14.43,0.44,20.9,0.63,-9.24,-0.28,1164.26,0.12
1607,空头出场,2026-01-16 09:30,VltClsLE,3317.57,1,3320.32,2.75,0.08,18.33,0.55,0,0.00,1167.01,0.12
1607,空头进场,2026-01-16 08:45,VltClsSE,3320.32,1,3320.32,2.75,0.08,18.33,0.55,0,0.00,1167.01,0.12
1608,多头出场,2026-01-16 10:00,VltClsSE,3306.54,1,3317.57,-11.03,-0.33,3.94,0.12,-11.03,-0.33,1155.98,0.12
1608,多头进场,2026-01-16 09:30,VltClsLE,3317.57,1,3317.57,-11.03,-0.33,3.94,0.12,-11.03,-0.33,1155.98,0.12
1609,空头出场,2026-01-16 10:15,VltClsLE,3308.79,1,3306.54,-2.25,-0.07,14.65,0.44,-2.25,-0.07,1153.73,0.12
1609,空头进场,2026-01-16 10:00,VltClsSE,3306.54,1,3306.54,-2.25,-0.07,14.65,0.44,-2.25,-0.07,1153.73,0.12
1610,多头出场,2026-01-16 10:30,VltClsSE,3299.89,1,3308.79,-8.9,-0.27,0.29,0.01,-8.9,-0.27,1144.83,0.11
1610,多头进场,2026-01-16 10:15,VltClsLE,3308.79,1,3308.79,-8.9,-0.27,0.29,0.01,-8.9,-0.27,1144.83,0.11
1611,空头出场,2026-01-16 12:15,VltClsLE,3302.49,1,3299.89,-2.6,-0.08,6.11,0.19,-8.07,-0.24,1142.23,0.11
1611,空头进场,2026-01-16 10:30,VltClsSE,3299.89,1,3299.89,-2.6,-0.08,6.11,0.19,-8.07,-0.24,1142.23,0.11
1612,多头出场,2026-01-16 12:30,VltClsSE,3293.72,1,3302.49,-8.77,-0.27,2.51,0.08,-8.77,-0.27,1133.46,0.11
1612,多头进场,2026-01-16 12:15,VltClsLE,3302.49,1,3302.49,-8.77,-0.27,2.51,0.08,-8.77,-0.27,1133.46,0.11
1613,空头出场,2026-01-16 13:30,VltClsLE,3299.67,1,3293.72,-5.95,-0.18,16.68,0.51,-5.95,-0.18,1127.51,0.11
1613,空头进场,2026-01-16 12:30,VltClsSE,3293.72,1,3293.72,-5.95,-0.18,16.68,0.51,-5.95,-0.18,1127.51,0.11
1614,多头出场,2026-01-16 15:15,VltClsSE,3310.64,1,3299.67,10.97,0.33,17.32,0.52,0,0.00,1138.48,0.11
1614,多头进场,2026-01-16 13:30,VltClsLE,3299.67,1,3299.67,10.97,0.33,17.32,0.52,0,0.00,1138.48,0.11
1615,空头出场,2026-01-16 15:45,VltClsLE,3308.99,1,3310.64,1.65,0.05,8.43,0.25,0,0.00,1140.13,0.11
1615,空头进场,2026-01-16 15:15,VltClsSE,3310.64,1,3310.64,1.65,0.05,8.43,0.25,0,0.00,1140.13,0.11
1616,多头出场,2026-01-16 18:00,VltClsSE,3303.94,1,3308.99,-5.05,-0.15,10.98,0.33,-5.05,-0.15,1135.08,0.11
1616,多头进场,2026-01-16 15:45,VltClsLE,3308.99,1,3308.99,-5.05,-0.15,10.98,0.33,-5.05,-0.15,1135.08,0.11
1617,空头出场,2026-01-16 19:45,VltClsLE,3304.54,1,3303.94,-0.6,-0.02,10.61,0.32,-2.68,-0.08,1134.48,0.11
1617,空头进场,2026-01-16 18:00,VltClsSE,3303.94,1,3303.94,-0.6,-0.02,10.61,0.32,-2.68,-0.08,1134.48,0.11
1618,多头出场,2026-01-16 20:45,VltClsSE,3306.81,1,3304.54,2.27,0.07,9.72,0.29,-4.05,-0.12,1136.75,0.11
1618,多头进场,2026-01-16 19:45,VltClsLE,3304.54,1,3304.54,2.27,0.07,9.72,0.29,-4.05,-0.12,1136.75,0.11
1619,空头出场,2026-01-16 22:15,VltClsLE,3310.32,1,3306.81,-3.51,-0.11,11.29,0.34,-6.95,-0.21,1133.24,0.11
1619,空头进场,2026-01-16 20:45,VltClsSE,3306.81,1,3306.81,-3.51,-0.11,11.29,0.34,-6.95,-0.21,1133.24,0.11
1620,多头出场,2026-01-16 22:30,VltClsSE,3307.18,1,3310.32,-3.14,-0.09,8.29,0.25,-3.14,-0.09,1130.1,0.11
1620,多头进场,2026-01-16 22:15,VltClsLE,3310.32,1,3310.32,-3.14,-0.09,8.29,0.25,-3.14,-0.09,1130.1,0.11
1621,空头出场,2026-01-16 22:45,VltClsLE,3305.52,1,3307.18,1.66,0.05,16.54,0.50,0,0.00,1131.76,0.11
1621,空头进场,2026-01-16 22:30,VltClsSE,3307.18,1,3307.18,1.66,0.05,16.54,0.50,0,0.00,1131.76,0.11
1622,多头出场,2026-01-16 23:15,VltClsSE,3294.84,1,3305.52,-10.68,-0.32,5.84,0.18,-18.34,-0.55,1121.08,0.11
1622,多头进场,2026-01-16 22:45,VltClsLE,3305.52,1,3305.52,-10.68,-0.32,5.84,0.18,-18.34,-0.55,1121.08,0.11
1623,空头出场,2026-01-17 03:30,VltClsLE,3274.92,1,3294.84,19.92,0.60,41.83,1.27,0,0.00,1141,0.11
1623,空头进场,2026-01-16 23:15,VltClsSE,3294.84,1,3294.84,19.92,0.60,41.83,1.27,0,0.00,1141,0.11
1624,多头出场,2026-01-17 04:00,VltClsSE,3271.91,1,3274.92,-3.01,-0.09,2.95,0.09,-3.93,-0.12,1137.99,0.11
1624,多头进场,2026-01-17 03:30,VltClsLE,3274.92,1,3274.92,-3.01,-0.09,2.95,0.09,-3.93,-0.12,1137.99,0.11
1625,空头出场,2026-01-17 04:15,VltClsLE,3278.96,1,3271.91,-7.05,-0.22,7.49,0.23,-7.05,-0.22,1130.94,0.11
1625,空头进场,2026-01-17 04:00,VltClsSE,3271.91,1,3271.91,-7.05,-0.22,7.49,0.23,-7.05,-0.22,1130.94,0.11
1626,多头出场,2026-01-17 06:00,VltClsSE,3288.86,1,3278.96,9.9,0.30,20.08,0.61,0,0.00,1140.84,0.11
1626,多头进场,2026-01-17 04:15,VltClsLE,3278.96,1,3278.96,9.9,0.30,20.08,0.61,0,0.00,1140.84,0.11
1627,空头出场,2026-01-17 06:45,VltClsLE,3292.72,1,3288.86,-3.86,-0.12,5.86,0.18,-3.86,-0.12,1136.98,0.11
1627,空头进场,2026-01-17 06:00,VltClsSE,3288.86,1,3288.86,-3.86,-0.12,5.86,0.18,-3.86,-0.12,1136.98,0.11
1628,多头出场,2026-01-17 08:00,VltClsSE,3292.02,1,3292.72,-0.7,-0.02,7.17,0.22,-0.7,-0.02,1136.28,0.11
1628,多头进场,2026-01-17 06:45,VltClsLE,3292.72,1,3292.72,-0.7,-0.02,7.17,0.22,-0.7,-0.02,1136.28,0.11
1629,空头出场,2026-01-17 10:30,VltClsLE,3288.63,1,3292.02,3.39,0.10,8.06,0.24,-3.7,-0.11,1139.67,0.11
1629,空头进场,2026-01-17 08:00,VltClsSE,3292.02,1,3292.02,3.39,0.10,8.06,0.24,-3.7,-0.11,1139.67,0.11
1630,多头出场,2026-01-17 11:30,VltClsSE,3288.27,1,3288.63,-0.36,-0.01,4.01,0.12,-1.53,-0.05,1139.31,0.11
1630,多头进场,2026-01-17 10:30,VltClsLE,3288.63,1,3288.63,-0.36,-0.01,4.01,0.12,-1.53,-0.05,1139.31,0.11
1631,空头出场,2026-01-17 12:45,VltClsLE,3291.29,1,3288.27,-3.02,-0.09,2.28,0.07,-4.03,-0.12,1136.29,0.11
1631,空头进场,2026-01-17 11:30,VltClsSE,3288.27,1,3288.27,-3.02,-0.09,2.28,0.07,-4.03,-0.12,1136.29,0.11
1632,多头出场,2026-01-17 13:45,VltClsSE,3291.63,1,3291.29,0.34,0.01,2.83,0.09,-1.54,-0.05,1136.63,0.11
1632,多头进场,2026-01-17 12:45,VltClsLE,3291.29,1,3291.29,0.34,0.01,2.83,0.09,-1.54,-0.05,1136.63,0.11
1633,空头出场,2026-01-17 14:30,VltClsLE,3290.92,1,3291.63,0.71,0.02,4.64,0.14,0,0.00,1137.34,0.11
1633,空头进场,2026-01-17 13:45,VltClsSE,3291.63,1,3291.63,0.71,0.02,4.64,0.14,0,0.00,1137.34,0.11
1634,多头出场,2026-01-17 15:00,VltClsSE,3289.12,1,3290.92,-1.8,-0.05,2.4,0.07,-1.8,-0.05,1135.54,0.11
1634,多头进场,2026-01-17 14:30,VltClsLE,3290.92,1,3290.92,-1.8,-0.05,2.4,0.07,-1.8,-0.05,1135.54,0.11
1635,空头出场,2026-01-17 16:00,VltClsLE,3293.49,1,3289.12,-4.37,-0.13,1.74,0.05,-4.37,-0.13,1131.17,0.11
1635,空头进场,2026-01-17 15:00,VltClsSE,3289.12,1,3289.12,-4.37,-0.13,1.74,0.05,-4.37,-0.13,1131.17,0.11
1636,多头出场,2026-01-17 17:00,VltClsSE,3294.38,1,3293.49,0.89,0.03,3.11,0.09,-4.48,-0.14,1132.06,0.11
1636,多头进场,2026-01-17 16:00,VltClsLE,3293.49,1,3293.49,0.89,0.03,3.11,0.09,-4.48,-0.14,1132.06,0.11
1637,空头出场,2026-01-17 17:30,VltClsLE,3298.16,1,3294.38,-3.78,-0.11,0.91,0.03,-3.78,-0.11,1128.28,0.11
1637,空头进场,2026-01-17 17:00,VltClsSE,3294.38,1,3294.38,-3.78,-0.11,0.91,0.03,-3.78,-0.11,1128.28,0.11
1638,多头出场,2026-01-17 18:15,VltClsSE,3297.44,1,3298.16,-0.72,-0.02,5.61,0.17,-0.72,-0.02,1127.56,0.11
1638,多头进场,2026-01-17 17:30,VltClsLE,3298.16,1,3298.16,-0.72,-0.02,5.61,0.17,-0.72,-0.02,1127.56,0.11
1639,空头出场,2026-01-17 19:00,VltClsLE,3298.73,1,3297.44,-1.29,-0.04,2.16,0.07,-1.29,-0.04,1126.27,0.11
1639,空头进场,2026-01-17 18:15,VltClsSE,3297.44,1,3297.44,-1.29,-0.04,2.16,0.07,-1.29,-0.04,1126.27,0.11
1640,多头出场,2026-01-17 20:15,VltClsSE,3301.56,1,3298.73,2.83,0.09,7.66,0.23,-6.28,-0.19,1129.1,0.11
1640,多头进场,2026-01-17 19:00,VltClsLE,3298.73,1,3298.73,2.83,0.09,7.66,0.23,-6.28,-0.19,1129.1,0.11
1641,空头出场,2026-01-17 21:15,VltClsLE,3303.8,1,3301.56,-2.24,-0.07,1.79,0.05,-2.24,-0.07,1126.86,0.11
1641,空头进场,2026-01-17 20:15,VltClsSE,3301.56,1,3301.56,-2.24,-0.07,1.79,0.05,-2.24,-0.07,1126.86,0.11
1642,多头出场,2026-01-17 22:00,VltClsSE,3301.86,1,3303.8,-1.94,-0.06,0.98,0.03,-2.84,-0.09,1124.92,0.11
1642,多头进场,2026-01-17 21:15,VltClsLE,3303.8,1,3303.8,-1.94,-0.06,0.98,0.03,-2.84,-0.09,1124.92,0.11
1643,空头出场,2026-01-17 22:15,VltClsLE,3310.63,1,3301.86,-8.77,-0.27,0.24,0.01,-8.77,-0.27,1116.15,0.11
1643,空头进场,2026-01-17 22:00,VltClsSE,3301.86,1,3301.86,-8.77,-0.27,0.24,0.01,-8.77,-0.27,1116.15,0.11
1644,多头出场,2026-01-17 23:45,VltClsSE,3323.09,1,3310.63,12.46,0.38,19.44,0.59,-4.15,-0.13,1128.61,0.11
1644,多头进场,2026-01-17 22:15,VltClsLE,3310.63,1,3310.63,12.46,0.38,19.44,0.59,-4.15,-0.13,1128.61,0.11
1645,空头出场,2026-01-18 02:15,VltClsLE,3320.06,1,3323.09,3.03,0.09,10.87,0.33,-7.17,-0.22,1131.64,0.11
1645,空头进场,2026-01-17 23:45,VltClsSE,3323.09,1,3323.09,3.03,0.09,10.87,0.33,-7.17,-0.22,1131.64,0.11
1646,多头出场,2026-01-18 03:15,VltClsSE,3315.08,1,3320.06,-4.98,-0.15,0.82,0.02,-4.98,-0.15,1126.66,0.11
1646,多头进场,2026-01-18 02:15,VltClsLE,3320.06,1,3320.06,-4.98,-0.15,0.82,0.02,-4.98,-0.15,1126.66,0.11
1647,空头出场,2026-01-18 03:30,VltClsLE,3318.83,1,3315.08,-3.75,-0.11,0.08,0.00,-3.75,-0.11,1122.91,0.11
1647,空头进场,2026-01-18 03:15,VltClsSE,3315.08,1,3315.08,-3.75,-0.11,0.08,0.00,-3.75,-0.11,1122.91,0.11
1648,多头出场,2026-01-18 03:45,VltClsSE,3316.27,1,3318.83,-2.56,-0.08,2.25,0.07,-2.56,-0.08,1120.35,0.11
1648,多头进场,2026-01-18 03:30,VltClsLE,3318.83,1,3318.83,-2.56,-0.08,2.25,0.07,-2.56,-0.08,1120.35,0.11
1649,空头出场,2026-01-18 04:15,VltClsLE,3317.7,1,3316.27,-1.43,-0.04,1.39,0.04,-1.43,-0.04,1118.92,0.11
1649,空头进场,2026-01-18 03:45,VltClsSE,3316.27,1,3316.27,-1.43,-0.04,1.39,0.04,-1.43,-0.04,1118.92,0.11
1650,多头出场,2026-01-18 04:30,VltClsSE,3315.39,1,3317.7,-2.31,-0.07,2.63,0.08,-2.31,-0.07,1116.61,0.11
1650,多头进场,2026-01-18 04:15,VltClsLE,3317.7,1,3317.7,-2.31,-0.07,2.63,0.08,-2.31,-0.07,1116.61,0.11
1651,空头出场,2026-01-18 07:00,VltClsLE,3306.45,1,3315.39,8.94,0.27,17.95,0.54,-2.85,-0.09,1125.55,0.11
1651,空头进场,2026-01-18 04:30,VltClsSE,3315.39,1,3315.39,8.94,0.27,17.95,0.54,-2.85,-0.09,1125.55,0.11
1652,多头出场,2026-01-18 08:30,VltClsSE,3309.11,1,3306.45,2.66,0.08,7.98,0.24,-1.3,-0.04,1128.21,0.11
1652,多头进场,2026-01-18 07:00,VltClsLE,3306.45,1,3306.45,2.66,0.08,7.98,0.24,-1.3,-0.04,1128.21,0.11
1653,空头出场,2026-01-18 09:15,VltClsLE,3306.18,1,3309.11,2.93,0.09,10.11,0.31,0,0.00,1131.14,0.11
1653,空头进场,2026-01-18 08:30,VltClsSE,3309.11,1,3309.11,2.93,0.09,10.11,0.31,0,0.00,1131.14,0.11
1654,多头出场,2026-01-18 09:30,VltClsSE,3301.93,1,3306.18,-4.25,-0.13,0.72,0.02,-4.25,-0.13,1126.89,0.11
1654,多头进场,2026-01-18 09:15,VltClsLE,3306.18,1,3306.18,-4.25,-0.13,0.72,0.02,-4.25,-0.13,1126.89,0.11
1655,空头出场,2026-01-18 11:15,VltClsLE,3308.92,1,3301.93,-6.99,-0.21,5.59,0.17,-6.99,-0.21,1119.9,0.11
1655,空头进场,2026-01-18 09:30,VltClsSE,3301.93,1,3301.93,-6.99,-0.21,5.59,0.17,-6.99,-0.21,1119.9,0.11
1656,多头出场,2026-01-18 12:15,VltClsSE,3312.34,1,3308.92,3.42,0.10,10.58,0.32,0,0.00,1123.32,0.11
1656,多头进场,2026-01-18 11:15,VltClsLE,3308.92,1,3308.92,3.42,0.10,10.58,0.32,0,0.00,1123.32,0.11
1657,空头出场,2026-01-18 13:45,VltClsLE,3318.32,1,3312.34,-5.98,-0.18,2.69,0.08,-5.98,-0.18,1117.34,0.11
1657,空头进场,2026-01-18 12:15,VltClsSE,3312.34,1,3312.34,-5.98,-0.18,2.69,0.08,-5.98,-0.18,1117.34,0.11
1658,多头出场,2026-01-18 14:15,VltClsSE,3314.71,1,3318.32,-3.61,-0.11,0.04,0.00,-3.61,-0.11,1113.73,0.11
1658,多头进场,2026-01-18 13:45,VltClsLE,3318.32,1,3318.32,-3.61,-0.11,0.04,0.00,-3.61,-0.11,1113.73,0.11
1659,空头出场,2026-01-18 16:15,VltClsLE,3310.86,1,3314.71,3.85,0.12,11.19,0.34,-1.4,-0.04,1117.58,0.11
1659,空头进场,2026-01-18 14:15,VltClsSE,3314.71,1,3314.71,3.85,0.12,11.19,0.34,-1.4,-0.04,1117.58,0.11
1660,多头出场,2026-01-18 18:00,VltClsSE,3319.62,1,3310.86,8.76,0.26,14.39,0.43,-1.45,-0.04,1126.34,0.11
1660,多头进场,2026-01-18 16:15,VltClsLE,3310.86,1,3310.86,8.76,0.26,14.39,0.43,-1.45,-0.04,1126.34,0.11
1661,空头出场,2026-01-18 20:15,VltClsLE,3322.56,1,3319.62,-2.94,-0.09,1.15,0.03,-6.58,-0.20,1123.4,0.11
1661,空头进场,2026-01-18 18:00,VltClsSE,3319.62,1,3319.62,-2.94,-0.09,1.15,0.03,-6.58,-0.20,1123.4,0.11
1662,多头出场,2026-01-18 20:45,VltClsSE,3322.35,1,3322.56,-0.21,-0.01,4.57,0.14,-0.21,-0.01,1123.19,0.11
1662,多头进场,2026-01-18 20:15,VltClsLE,3322.56,1,3322.56,-0.21,-0.01,4.57,0.14,-0.21,-0.01,1123.19,0.11
1663,空头出场,2026-01-18 21:30,VltClsLE,3322.6,1,3322.35,-0.25,-0.01,7.71,0.23,-0.34,-0.01,1122.94,0.11
1663,空头进场,2026-01-18 20:45,VltClsSE,3322.35,1,3322.35,-0.25,-0.01,7.71,0.23,-0.34,-0.01,1122.94,0.11
1664,多头出场,2026-01-18 22:30,VltClsSE,3330.44,1,3322.6,7.84,0.24,25.15,0.76,0,0.00,1130.78,0.11
1664,多头进场,2026-01-18 21:30,VltClsLE,3322.6,1,3322.6,7.84,0.24,25.15,0.76,0,0.00,1130.78,0.11
1665,空头出场,2026-01-19 00:30,VltClsLE,3336.66,1,3330.44,-6.22,-0.19,11.42,0.34,-7.26,-0.22,1124.56,0.11
1665,空头进场,2026-01-18 22:30,VltClsSE,3330.44,1,3330.44,-6.22,-0.19,11.42,0.34,-7.26,-0.22,1124.56,0.11
1666,多头出场,2026-01-19 02:00,VltClsSE,3340.08,1,3336.66,3.42,0.10,9.34,0.28,-4.55,-0.14,1127.98,0.11
1666,多头进场,2026-01-19 00:30,VltClsLE,3336.66,1,3336.66,3.42,0.10,9.34,0.28,-4.55,-0.14,1127.98,0.11
1667,空头出场,2026-01-19 02:15,VltClsLE,3348.29,1,3340.08,-8.21,-0.25,2.93,0.09,-8.21,-0.25,1119.77,0.11
1667,空头进场,2026-01-19 02:00,VltClsSE,3340.08,1,3340.08,-8.21,-0.25,2.93,0.09,-8.21,-0.25,1119.77,0.11
1668,多头出场,2026-01-19 04:30,VltClsSE,3347.09,1,3348.29,-1.2,-0.04,20.53,0.61,-6.29,-0.19,1118.57,0.11
1668,多头进场,2026-01-19 02:15,VltClsLE,3348.29,1,3348.29,-1.2,-0.04,20.53,0.61,-6.29,-0.19,1118.57,0.11
1669,空头出场,2026-01-19 06:00,VltClsLE,3345.54,1,3347.09,1.55,0.05,10.17,0.30,0,0.00,1120.12,0.11
1669,空头进场,2026-01-19 04:30,VltClsSE,3347.09,1,3347.09,1.55,0.05,10.17,0.30,0,0.00,1120.12,0.11
1670,多头出场,2026-01-19 06:15,VltClsSE,3347.83,1,3345.54,2.29,0.07,10.72,0.32,0,0.00,1122.41,0.11
1670,多头进场,2026-01-19 06:00,VltClsLE,3345.54,1,3345.54,2.29,0.07,10.72,0.32,0,0.00,1122.41,0.11
1671,空头出场,2026-01-19 10:15,VltClsLE,3209.94,1,3347.83,137.89,4.12,170.15,5.08,-3.17,-0.09,1260.3,0.13
1671,空头进场,2026-01-19 06:15,VltClsSE,3347.83,1,3347.83,137.89,4.12,170.15,5.08,-3.17,-0.09,1260.3,0.13
1672,多头出场,2026-01-19 11:15,VltClsSE,3199.21,1,3209.94,-10.73,-0.33,6.54,0.20,-10.73,-0.33,1249.57,0.12
1672,多头进场,2026-01-19 10:15,VltClsLE,3209.94,1,3209.94,-10.73,-0.33,6.54,0.20,-10.73,-0.33,1249.57,0.12
1673,空头出场,2026-01-19 13:30,VltClsLE,3207.86,1,3199.21,-8.65,-0.27,4.02,0.13,-18.81,-0.59,1240.92,0.12
1673,空头进场,2026-01-19 11:15,VltClsSE,3199.21,1,3199.21,-8.65,-0.27,4.02,0.13,-18.81,-0.59,1240.92,0.12
1674,多头出场,2026-01-19 14:00,VltClsSE,3196.24,1,3207.86,-11.62,-0.36,4.31,0.13,-11.62,-0.36,1229.3,0.12
1674,多头进场,2026-01-19 13:30,VltClsLE,3207.86,1,3207.86,-11.62,-0.36,4.31,0.13,-11.62,-0.36,1229.3,0.12
1675,空头出场,2026-01-19 15:45,VltClsLE,3208.47,1,3196.24,-12.23,-0.38,8.36,0.26,-12.23,-0.38,1217.07,0.12
1675,空头进场,2026-01-19 14:00,VltClsSE,3196.24,1,3196.24,-12.23,-0.38,8.36,0.26,-12.23,-0.38,1217.07,0.12
1676,多头出场,2026-01-19 16:00,VltClsSE,3203.83,1,3208.47,-4.64,-0.14,0.95,0.03,-4.64,-0.14,1212.43,0.12
1676,多头进场,2026-01-19 15:45,VltClsLE,3208.47,1,3208.47,-4.64,-0.14,0.95,0.03,-4.64,-0.14,1212.43,0.12
1677,空头出场,2026-01-19 16:15,VltClsLE,3202.51,1,3203.83,1.32,0.04,6.53,0.20,0,0.00,1213.75,0.12
1677,空头进场,2026-01-19 16:00,VltClsSE,3203.83,1,3203.83,1.32,0.04,6.53,0.20,0,0.00,1213.75,0.12
1678,多头出场,2026-01-19 19:45,VltClsSE,3221.54,1,3202.51,19.03,0.59,28.76,0.90,0,0.00,1232.78,0.12
1678,多头进场,2026-01-19 16:15,VltClsLE,3202.51,1,3202.51,19.03,0.59,28.76,0.90,0,0.00,1232.78,0.12
1679,空头出场,2026-01-19 20:30,VltClsLE,3234,1,3221.54,-12.46,-0.39,2.06,0.06,-12.46,-0.39,1220.32,0.12
1679,空头进场,2026-01-19 19:45,VltClsSE,3221.54,1,3221.54,-12.46,-0.39,2.06,0.06,-12.46,-0.39,1220.32,0.12
1680,多头出场,2026-01-19 20:45,VltClsSE,3223.92,1,3234,-10.08,-0.31,2.26,0.07,-10.08,-0.31,1210.24,0.12
1680,多头进场,2026-01-19 20:30,VltClsLE,3234,1,3234,-10.08,-0.31,2.26,0.07,-10.08,-0.31,1210.24,0.12
1681,空头出场,2026-01-19 21:30,VltClsLE,3220.93,1,3223.92,2.99,0.09,10.83,0.34,-1.2,-0.04,1213.23,0.12
1681,空头进场,2026-01-19 20:45,VltClsSE,3223.92,1,3223.92,2.99,0.09,10.83,0.34,-1.2,-0.04,1213.23,0.12
1682,多头出场,2026-01-19 22:00,VltClsSE,3212.98,1,3220.93,-7.95,-0.25,0.81,0.03,-7.95,-0.25,1205.28,0.12
1682,多头进场,2026-01-19 21:30,VltClsLE,3220.93,1,3220.93,-7.95,-0.25,0.81,0.03,-7.95,-0.25,1205.28,0.12
1683,空头出场,2026-01-19 23:00,VltClsLE,3219.93,1,3212.98,-6.95,-0.22,10.13,0.32,-6.95,-0.22,1198.33,0.12
1683,空头进场,2026-01-19 22:00,VltClsSE,3212.98,1,3212.98,-6.95,-0.22,10.13,0.32,-6.95,-0.22,1198.33,0.12
1684,多头出场,2026-01-19 23:15,VltClsSE,3212.8,1,3219.93,-7.13,-0.22,1.04,0.03,-7.13,-0.22,1191.2,0.12
1684,多头进场,2026-01-19 23:00,VltClsLE,3219.93,1,3219.93,-7.13,-0.22,1.04,0.03,-7.13,-0.22,1191.2,0.12
1685,空头出场,2026-01-20 00:45,VltClsLE,3223.37,1,3212.8,-10.57,-0.33,2.47,0.08,-10.57,-0.33,1180.63,0.12
1685,空头进场,2026-01-19 23:15,VltClsSE,3212.8,1,3212.8,-10.57,-0.33,2.47,0.08,-10.57,-0.33,1180.63,0.12
1686,多头出场,2026-01-20 01:30,VltClsSE,3219.13,1,3223.37,-4.24,-0.13,3.8,0.12,-4.82,-0.15,1176.39,0.12
1686,多头进场,2026-01-20 00:45,VltClsLE,3223.37,1,3223.37,-4.24,-0.13,3.8,0.12,-4.82,-0.15,1176.39,0.12
1687,空头出场,2026-01-20 02:30,VltClsLE,3215.18,1,3219.13,3.95,0.12,10.63,0.33,-1.95,-0.06,1180.34,0.12
1687,空头进场,2026-01-20 01:30,VltClsSE,3219.13,1,3219.13,3.95,0.12,10.63,0.33,-1.95,-0.06,1180.34,0.12
1688,多头出场,2026-01-20 02:45,VltClsSE,3211.79,1,3215.18,-3.39,-0.11,2.14,0.07,-3.39,-0.11,1176.95,0.12
1688,多头进场,2026-01-20 02:30,VltClsLE,3215.18,1,3215.18,-3.39,-0.11,2.14,0.07,-3.39,-0.11,1176.95,0.12
1689,空头出场,2026-01-20 03:00,VltClsLE,3219.86,1,3211.79,-8.07,-0.25,0.14,0.00,-8.07,-0.25,1168.88,0.12
1689,空头进场,2026-01-20 02:45,VltClsSE,3211.79,1,3211.79,-8.07,-0.25,0.14,0.00,-8.07,-0.25,1168.88,0.12
1690,多头出场,2026-01-20 04:30,VltClsSE,3219.05,1,3219.86,-0.81,-0.03,5.57,0.17,-3.77,-0.12,1168.07,0.12
1690,多头进场,2026-01-20 03:00,VltClsLE,3219.86,1,3219.86,-0.81,-0.03,5.57,0.17,-3.77,-0.12,1168.07,0.12
1691,空头出场,2026-01-20 05:00,VltClsLE,3218.36,1,3219.05,0.69,0.02,6.97,0.22,0,0.00,1168.76,0.12
1691,空头进场,2026-01-20 04:30,VltClsSE,3219.05,1,3219.05,0.69,0.02,6.97,0.22,0,0.00,1168.76,0.12
1692,多头出场,2026-01-20 06:00,VltClsSE,3208.37,1,3218.36,-9.99,-0.31,3.13,0.10,-9.99,-0.31,1158.77,0.12
1692,多头进场,2026-01-20 05:00,VltClsLE,3218.36,1,3218.36,-9.99,-0.31,3.13,0.10,-9.99,-0.31,1158.77,0.12
1693,空头出场,2026-01-20 06:15,VltClsLE,3205.91,1,3208.37,2.46,0.08,18.22,0.57,0,0.00,1161.23,0.12
1693,空头进场,2026-01-20 06:00,VltClsSE,3208.37,1,3208.37,2.46,0.08,18.22,0.57,0,0.00,1161.23,0.12
1694,多头出场,2026-01-20 06:45,VltClsSE,3193.08,1,3205.91,-12.83,-0.40,5.61,0.17,-12.83,-0.40,1148.4,0.11
1694,多头进场,2026-01-20 06:15,VltClsLE,3205.91,1,3205.91,-12.83,-0.40,5.61,0.17,-12.83,-0.40,1148.4,0.11
1695,空头出场,2026-01-20 07:30,VltClsLE,3196.34,1,3193.08,-3.26,-0.10,27.7,0.87,-4.83,-0.15,1145.14,0.11
1695,空头进场,2026-01-20 06:45,VltClsSE,3193.08,1,3193.08,-3.26,-0.10,27.7,0.87,-4.83,-0.15,1145.14,0.11
1696,多头出场,2026-01-20 08:15,VltClsSE,3179.8,1,3196.34,-16.54,-0.52,4.16,0.13,-16.54,-0.52,1128.6,0.11
1696,多头进场,2026-01-20 07:30,VltClsLE,3196.34,1,3196.34,-16.54,-0.52,4.16,0.13,-16.54,-0.52,1128.6,0.11
1697,空头出场,2026-01-20 08:30,VltClsLE,3192.4,1,3179.8,-12.6,-0.40,2.97,0.09,-12.6,-0.40,1116,0.11
1697,空头进场,2026-01-20 08:15,VltClsSE,3179.8,1,3179.8,-12.6,-0.40,2.97,0.09,-12.6,-0.40,1116,0.11
1698,多头出场,2026-01-20 09:00,VltClsSE,3175.55,1,3192.4,-16.85,-0.53,0.24,0.01,-16.85,-0.53,1099.15,0.11
1698,多头进场,2026-01-20 08:30,VltClsLE,3192.4,1,3192.4,-16.85,-0.53,0.24,0.01,-16.85,-0.53,1099.15,0.11
1699,空头出场,2026-01-20 09:15,VltClsLE,3194.81,1,3175.55,-19.26,-0.61,0.02,0.00,-19.26,-0.61,1079.89,0.11
1699,空头进场,2026-01-20 09:00,VltClsSE,3175.55,1,3175.55,-19.26,-0.61,0.02,0.00,-19.26,-0.61,1079.89,0.11
1700,多头出场,2026-01-20 10:00,VltClsSE,3184.58,1,3194.81,-10.23,-0.32,4.79,0.15,-10.23,-0.32,1069.66,0.11
1700,多头进场,2026-01-20 09:15,VltClsLE,3194.81,1,3194.81,-10.23,-0.32,4.79,0.15,-10.23,-0.32,1069.66,0.11
1701,空头出场,2026-01-20 10:45,VltClsLE,3198.87,1,3184.58,-14.29,-0.45,5.34,0.17,-14.29,-0.45,1055.37,0.11
1701,空头进场,2026-01-20 10:00,VltClsSE,3184.58,1,3184.58,-14.29,-0.45,5.34,0.17,-14.29,-0.45,1055.37,0.11
1702,多头出场,2026-01-20 11:00,VltClsSE,3186,1,3198.87,-12.87,-0.40,1.23,0.04,-12.87,-0.40,1042.5,0.10
1702,多头进场,2026-01-20 10:45,VltClsLE,3198.87,1,3198.87,-12.87,-0.40,1.23,0.04,-12.87,-0.40,1042.5,0.10
1703,空头出场,2026-01-20 13:15,VltClsLE,3164.93,1,3186,21.07,0.66,33.56,1.05,-5.23,-0.16,1063.57,0.11
1703,空头进场,2026-01-20 11:00,VltClsSE,3186,1,3186,21.07,0.66,33.56,1.05,-5.23,-0.16,1063.57,0.11
1704,多头出场,2026-01-20 14:15,VltClsSE,3157.26,1,3164.93,-7.67,-0.24,9.96,0.31,-7.67,-0.24,1055.9,0.11
1704,多头进场,2026-01-20 13:15,VltClsLE,3164.93,1,3164.93,-7.67,-0.24,9.96,0.31,-7.67,-0.24,1055.9,0.11
1705,空头出场,2026-01-20 16:45,VltClsLE,3107.34,1,3157.26,49.92,1.58,72.09,2.28,0,0.00,1105.82,0.11
1705,空头进场,2026-01-20 14:15,VltClsSE,3157.26,1,3157.26,49.92,1.58,72.09,2.28,0,0.00,1105.82,0.11
1706,多头出场,2026-01-20 18:30,VltClsSE,3101.92,1,3107.34,-5.42,-0.17,1.46,0.05,-18.93,-0.61,1100.4,0.11
1706,多头进场,2026-01-20 16:45,VltClsLE,3107.34,1,3107.34,-5.42,-0.17,1.46,0.05,-18.93,-0.61,1100.4,0.11
1707,空头出场,2026-01-20 19:00,VltClsLE,3108.82,1,3101.92,-6.9,-0.22,1.39,0.04,-6.9,-0.22,1093.5,0.11
1707,空头进场,2026-01-20 18:30,VltClsSE,3101.92,1,3101.92,-6.9,-0.22,1.39,0.04,-6.9,-0.22,1093.5,0.11
1708,多头出场,2026-01-20 19:30,VltClsSE,3104.39,1,3108.82,-4.43,-0.14,3.16,0.10,-4.43,-0.14,1089.07,0.11
1708,多头进场,2026-01-20 19:00,VltClsLE,3108.82,1,3108.82,-4.43,-0.14,3.16,0.10,-4.43,-0.14,1089.07,0.11
1709,空头出场,2026-01-20 19:45,VltClsLE,3111.87,1,3104.39,-7.48,-0.24,0.47,0.02,-7.48,-0.24,1081.59,0.11
1709,空头进场,2026-01-20 19:30,VltClsSE,3104.39,1,3104.39,-7.48,-0.24,0.47,0.02,-7.48,-0.24,1081.59,0.11
1710,多头出场,2026-01-20 20:15,VltClsSE,3107.55,1,3111.87,-4.32,-0.14,3.13,0.10,-4.32,-0.14,1077.27,0.11
1710,多头进场,2026-01-20 19:45,VltClsLE,3111.87,1,3111.87,-4.32,-0.14,3.13,0.10,-4.32,-0.14,1077.27,0.11
1711,空头出场,2026-01-20 22:30,VltClsLE,3082.79,1,3107.55,24.76,0.80,51.43,1.66,-5.72,-0.18,1102.03,0.11
1711,空头进场,2026-01-20 20:15,VltClsSE,3107.55,1,3107.55,24.76,0.80,51.43,1.66,-5.72,-0.18,1102.03,0.11
1712,多头出场,2026-01-20 22:45,VltClsSE,3054.22,1,3082.79,-28.57,-0.93,5.29,0.17,-33.97,-1.10,1073.46,0.11
1712,多头进场,2026-01-20 22:30,VltClsLE,3082.79,1,3082.79,-28.57,-0.93,5.29,0.17,-33.97,-1.10,1073.46,0.11
1713,空头出场,2026-01-21 01:00,VltClsLE,3021.59,1,3054.22,32.63,1.07,58.89,1.93,0,0.00,1106.09,0.11
1713,空头进场,2026-01-20 22:45,VltClsSE,3054.22,1,3054.22,32.63,1.07,58.89,1.93,0,0.00,1106.09,0.11
1714,多头出场,2026-01-21 01:15,VltClsSE,3005.96,1,3021.59,-15.63,-0.52,2.05,0.07,-15.63,-0.52,1090.46,0.11
1714,多头进场,2026-01-21 01:00,VltClsLE,3021.59,1,3021.59,-15.63,-0.52,2.05,0.07,-15.63,-0.52,1090.46,0.11
1715,空头出场,2026-01-21 03:00,VltClsLE,3002.23,1,3005.96,3.73,0.12,21.7,0.72,-3.04,-0.10,1094.19,0.11
1715,空头进场,2026-01-21 01:15,VltClsSE,3005.96,1,3005.96,3.73,0.12,21.7,0.72,-3.04,-0.10,1094.19,0.11
1716,多头出场,2026-01-21 03:30,VltClsSE,2983.06,1,3002.23,-19.17,-0.64,1.08,0.04,-19.17,-0.64,1075.02,0.11
1716,多头进场,2026-01-21 03:00,VltClsLE,3002.23,1,3002.23,-19.17,-0.64,1.08,0.04,-19.17,-0.64,1075.02,0.11
1717,空头出场,2026-01-21 03:45,VltClsLE,2997.47,1,2983.06,-14.41,-0.48,2.95,0.10,-14.41,-0.48,1060.61,0.11
1717,空头进场,2026-01-21 03:30,VltClsSE,2983.06,1,2983.06,-14.41,-0.48,2.95,0.10,-14.41,-0.48,1060.61,0.11
1718,多头出场,2026-01-21 04:00,VltClsSE,2986.96,1,2997.47,-10.51,-0.35,1.9,0.06,-10.51,-0.35,1050.1,0.11
1718,多头进场,2026-01-21 03:45,VltClsLE,2997.47,1,2997.47,-10.51,-0.35,1.9,0.06,-10.51,-0.35,1050.1,0.11
1719,空头出场,2026-01-21 04:15,VltClsLE,2995.67,1,2986.96,-8.71,-0.29,0.65,0.02,-8.71,-0.29,1041.39,0.10
1719,空头进场,2026-01-21 04:00,VltClsSE,2986.96,1,2986.96,-8.71,-0.29,0.65,0.02,-8.71,-0.29,1041.39,0.10
1720,多头出场,2026-01-21 06:15,VltClsSE,2992.22,1,2995.67,-3.45,-0.12,11.55,0.39,-5.67,-0.19,1037.94,0.10
1720,多头进场,2026-01-21 04:15,VltClsLE,2995.67,1,2995.67,-3.45,-0.12,11.55,0.39,-5.67,-0.19,1037.94,0.10
1721,空头出场,2026-01-21 08:30,VltClsLE,2948.82,1,2992.22,43.4,1.45,72.22,2.41,0,0.00,1081.34,0.11
1721,空头进场,2026-01-21 06:15,VltClsSE,2992.22,1,2992.22,43.4,1.45,72.22,2.41,0,0.00,1081.34,0.11
1722,多头出场,2026-01-21 10:15,VltClsSE,2964.51,1,2948.82,15.69,0.53,26.59,0.90,0,0.00,1097.03,0.11
1722,多头进场,2026-01-21 08:30,VltClsLE,2948.82,1,2948.82,15.69,0.53,26.59,0.90,0,0.00,1097.03,0.11
1723,空头出场,2026-01-21 11:00,VltClsLE,2968.51,1,2964.51,-4,-0.13,6.51,0.22,-4,-0.13,1093.03,0.11
1723,空头进场,2026-01-21 10:15,VltClsSE,2964.51,1,2964.51,-4,-0.13,6.51,0.22,-4,-0.13,1093.03,0.11
1724,多头出场,2026-01-21 14:30,VltClsSE,2985.1,1,2968.51,16.59,0.56,33.49,1.13,0,0.00,1109.62,0.11
1724,多头进场,2026-01-21 11:00,VltClsLE,2968.51,1,2968.51,16.59,0.56,33.49,1.13,0,0.00,1109.62,0.11
1725,空头出场,2026-01-21 15:15,VltClsLE,2980.28,1,2985.1,4.82,0.16,12.09,0.41,-0.57,-0.02,1114.44,0.11
1725,空头进场,2026-01-21 14:30,VltClsSE,2985.1,1,2985.1,4.82,0.16,12.09,0.41,-0.57,-0.02,1114.44,0.11
1726,多头出场,2026-01-21 15:30,VltClsSE,2976.34,1,2980.28,-3.94,-0.13,2.8,0.09,-3.94,-0.13,1110.5,0.11
1726,多头进场,2026-01-21 15:15,VltClsLE,2980.28,1,2980.28,-3.94,-0.13,2.8,0.09,-3.94,-0.13,1110.5,0.11
1727,空头出场,2026-01-21 16:15,VltClsLE,2971.66,1,2976.34,4.68,0.16,13.85,0.47,0,0.00,1115.18,0.11
1727,空头进场,2026-01-21 15:30,VltClsSE,2976.34,1,2976.34,4.68,0.16,13.85,0.47,0,0.00,1115.18,0.11
1728,多头出场,2026-01-21 16:30,VltClsSE,2959.59,1,2971.66,-12.07,-0.41,2.93,0.10,-12.07,-0.41,1103.11,0.11
1728,多头进场,2026-01-21 16:15,VltClsLE,2971.66,1,2971.66,-12.07,-0.41,2.93,0.10,-12.07,-0.41,1103.11,0.11
1729,空头出场,2026-01-21 18:00,VltClsLE,2960.95,1,2959.59,-1.36,-0.05,9.25,0.31,-15.28,-0.52,1101.75,0.11
1729,空头进场,2026-01-21 16:30,VltClsSE,2959.59,1,2959.59,-1.36,-0.05,9.25,0.31,-15.28,-0.52,1101.75,0.11
1730,多头出场,2026-01-21 19:30,VltClsSE,2964.25,1,2960.95,3.3,0.11,10.71,0.36,-0.91,-0.03,1105.05,0.11
1730,多头进场,2026-01-21 18:00,VltClsLE,2960.95,1,2960.95,3.3,0.11,10.71,0.36,-0.91,-0.03,1105.05,0.11
1731,空头出场,2026-01-21 22:00,VltClsLE,2939.41,1,2964.25,24.84,0.84,62.25,2.10,-1.98,-0.07,1129.89,0.11
1731,空头进场,2026-01-21 19:30,VltClsSE,2964.25,1,2964.25,24.84,0.84,62.25,2.10,-1.98,-0.07,1129.89,0.11
1732,多头出场,2026-01-22 00:00,VltClsSE,2985.7,1,2939.41,46.29,1.57,87.42,2.97,0,0.00,1176.18,0.12
1732,多头进场,2026-01-21 22:00,VltClsLE,2939.41,1,2939.41,46.29,1.57,87.42,2.97,0,0.00,1176.18,0.12
1733,空头出场,2026-01-22 00:45,VltClsLE,2914.78,1,2985.7,70.92,2.38,99.7,3.34,-0.4,-0.01,1247.1,0.12
1733,空头进场,2026-01-22 00:00,VltClsSE,2985.7,1,2985.7,70.92,2.38,99.7,3.34,-0.4,-0.01,1247.1,0.12
1734,多头出场,2026-01-22 04:00,VltClsSE,3024.61,1,2914.78,109.83,3.77,154.29,5.29,-48.67,-1.67,1356.93,0.14
1734,多头进场,2026-01-22 00:45,VltClsLE,2914.78,1,2914.78,109.83,3.77,154.29,5.29,-48.67,-1.67,1356.93,0.14
1735,空头出场,2026-01-22 06:00,VltClsLE,3042.27,1,3024.61,-17.66,-0.58,21.16,0.70,-19.55,-0.65,1339.27,0.13
1735,空头进场,2026-01-22 04:00,VltClsSE,3024.61,1,3024.61,-17.66,-0.58,21.16,0.70,-19.55,-0.65,1339.27,0.13
1736,多头出场,2026-01-22 06:15,VltClsSE,3024.75,1,3042.27,-17.52,-0.58,2.74,0.09,-17.52,-0.58,1321.75,0.13
1736,多头进场,2026-01-22 06:00,VltClsLE,3042.27,1,3042.27,-17.52,-0.58,2.74,0.09,-17.52,-0.58,1321.75,0.13
1737,空头出场,2026-01-22 07:00,VltClsLE,3019.81,1,3024.75,4.94,0.16,15.92,0.53,0,0.00,1326.69,0.13
1737,空头进场,2026-01-22 06:15,VltClsSE,3024.75,1,3024.75,4.94,0.16,15.92,0.53,0,0.00,1326.69,0.13
1738,多头出场,2026-01-22 07:15,VltClsSE,3012.06,1,3019.81,-7.75,-0.26,5.54,0.18,-7.75,-0.26,1318.94,0.13
1738,多头进场,2026-01-22 07:00,VltClsLE,3019.81,1,3019.81,-7.75,-0.26,5.54,0.18,-7.75,-0.26,1318.94,0.13
1739,空头出场,2026-01-22 08:00,VltClsLE,2995.34,1,3012.06,16.72,0.56,39.37,1.31,-2.29,-0.08,1335.66,0.13
1739,空头进场,2026-01-22 07:15,VltClsSE,3012.06,1,3012.06,16.72,0.56,39.37,1.31,-2.29,-0.08,1335.66,0.13
1740,多头出场,2026-01-22 09:30,VltClsSE,3013.74,1,2995.34,18.4,0.61,34.05,1.14,-5.08,-0.17,1354.06,0.14
1740,多头进场,2026-01-22 08:00,VltClsLE,2995.34,1,2995.34,18.4,0.61,34.05,1.14,-5.08,-0.17,1354.06,0.14
1741,空头出场,2026-01-22 09:45,VltClsLE,3026.96,1,3013.74,-13.22,-0.44,0.39,0.01,-13.22,-0.44,1340.84,0.13
1741,空头进场,2026-01-22 09:30,VltClsSE,3013.74,1,3013.74,-13.22,-0.44,0.39,0.01,-13.22,-0.44,1340.84,0.13
1742,多头出场,2026-01-22 10:30,VltClsSE,3027.06,1,3026.96,0.1,0.00,11.37,0.38,-1.6,-0.05,1340.94,0.13
1742,多头进场,2026-01-22 09:45,VltClsLE,3026.96,1,3026.96,0.1,0.00,11.37,0.38,-1.6,-0.05,1340.94,0.13
1743,空头出场,2026-01-22 11:00,VltClsLE,3026.57,1,3027.06,0.49,0.02,11.91,0.39,-0.02,0.00,1341.43,0.13
1743,空头进场,2026-01-22 10:30,VltClsSE,3027.06,1,3027.06,0.49,0.02,11.91,0.39,-0.02,0.00,1341.43,0.13
1744,多头出场,2026-01-22 11:15,VltClsSE,3019.1,1,3026.57,-7.47,-0.25,4.25,0.14,-7.47,-0.25,1333.96,0.13
1744,多头进场,2026-01-22 11:00,VltClsLE,3026.57,1,3026.57,-7.47,-0.25,4.25,0.14,-7.47,-0.25,1333.96,0.13
1745,空头出场,2026-01-22 14:00,VltClsLE,3024.98,1,3019.1,-5.88,-0.19,19.33,0.64,-8.8,-0.29,1328.08,0.13
1745,空头进场,2026-01-22 11:15,VltClsSE,3019.1,1,3019.1,-5.88,-0.19,19.33,0.64,-8.8,-0.29,1328.08,0.13
1746,多头出场,2026-01-22 14:15,VltClsSE,3011.25,1,3024.98,-13.73,-0.45,2.63,0.09,-14.52,-0.48,1314.35,0.13
1746,多头进场,2026-01-22 14:00,VltClsLE,3024.98,1,3024.98,-13.73,-0.45,2.63,0.09,-14.52,-0.48,1314.35,0.13
1747,空头出场,2026-01-22 14:30,VltClsLE,3017.44,1,3011.25,-6.19,-0.21,2.42,0.08,-6.19,-0.21,1308.16,0.13
1747,空头进场,2026-01-22 14:15,VltClsSE,3011.25,1,3011.25,-6.19,-0.21,2.42,0.08,-6.19,-0.21,1308.16,0.13
1748,多头出场,2026-01-22 15:45,VltClsSE,3005.6,1,3017.44,-11.84,-0.39,6.74,0.22,-11.84,-0.39,1296.32,0.13
1748,多头进场,2026-01-22 14:30,VltClsLE,3017.44,1,3017.44,-11.84,-0.39,6.74,0.22,-11.84,-0.39,1296.32,0.13
1749,空头出场,2026-01-22 16:00,VltClsLE,3006.73,1,3005.6,-1.13,-0.04,11.5,0.38,-1.13,-0.04,1295.19,0.13
1749,空头进场,2026-01-22 15:45,VltClsSE,3005.6,1,3005.6,-1.13,-0.04,11.5,0.38,-1.13,-0.04,1295.19,0.13
1750,多头出场,2026-01-22 18:30,VltClsSE,3002.3,1,3006.73,-4.43,-0.15,9.67,0.32,-14.23,-0.47,1290.76,0.13
1750,多头进场,2026-01-22 16:00,VltClsLE,3006.73,1,3006.73,-4.43,-0.15,9.67,0.32,-14.23,-0.47,1290.76,0.13
1751,空头出场,2026-01-22 21:15,VltClsLE,2997.94,1,3002.3,4.36,0.15,25.08,0.84,-4.52,-0.15,1295.12,0.13
1751,空头进场,2026-01-22 18:30,VltClsSE,3002.3,1,3002.3,4.36,0.15,25.08,0.84,-4.52,-0.15,1295.12,0.13
1752,多头出场,2026-01-22 21:30,VltClsSE,2994.92,1,2997.94,-3.02,-0.10,12.24,0.41,-3.02,-0.10,1292.1,0.13
1752,多头进场,2026-01-22 21:15,VltClsLE,2997.94,1,2997.94,-3.02,-0.10,12.24,0.41,-3.02,-0.10,1292.1,0.13
1753,空头出场,2026-01-22 23:30,VltClsLE,2932.38,1,2994.92,62.54,2.09,88.9,2.97,0,0.00,1354.64,0.14
1753,空头进场,2026-01-22 21:30,VltClsSE,2994.92,1,2994.92,62.54,2.09,88.9,2.97,0,0.00,1354.64,0.14
1754,多头出场,2026-01-23 02:45,VltClsSE,2943.31,1,2932.38,10.93,0.37,40.38,1.38,-8.39,-0.29,1365.57,0.14
1754,多头进场,2026-01-22 23:30,VltClsLE,2932.38,1,2932.38,10.93,0.37,40.38,1.38,-8.39,-0.29,1365.57,0.14
1755,空头出场,2026-01-23 03:30,VltClsLE,2958.85,1,2943.31,-15.54,-0.53,14.98,0.51,-15.54,-0.53,1350.03,0.14
1755,空头进场,2026-01-23 02:45,VltClsSE,2943.31,1,2943.31,-15.54,-0.53,14.98,0.51,-15.54,-0.53,1350.03,0.14
1756,多头出场,2026-01-23 04:15,VltClsSE,2944.77,1,2958.85,-14.08,-0.48,4.64,0.16,-14.08,-0.48,1335.95,0.13
1756,多头进场,2026-01-23 03:30,VltClsLE,2958.85,1,2958.85,-14.08,-0.48,4.64,0.16,-14.08,-0.48,1335.95,0.13
1757,空头出场,2026-01-23 06:00,VltClsLE,2953.21,1,2944.77,-8.44,-0.29,14.62,0.50,-8.44,-0.29,1327.51,0.13
1757,空头进场,2026-01-23 04:15,VltClsSE,2944.77,1,2944.77,-8.44,-0.29,14.62,0.50,-8.44,-0.29,1327.51,0.13
1758,多头出场,2026-01-23 06:15,VltClsSE,2947.02,1,2953.21,-6.19,-0.21,5.95,0.20,-6.19,-0.21,1321.32,0.13
1758,多头进场,2026-01-23 06:00,VltClsLE,2953.21,1,2953.21,-6.19,-0.21,5.95,0.20,-6.19,-0.21,1321.32,0.13
1759,空头出场,2026-01-23 08:45,VltClsLE,2954.23,1,2947.02,-7.21,-0.24,6.2,0.21,-10.11,-0.34,1314.11,0.13
1759,空头进场,2026-01-23 06:15,VltClsSE,2947.02,1,2947.02,-7.21,-0.24,6.2,0.21,-10.11,-0.34,1314.11,0.13
1760,多头出场,2026-01-23 10:00,VltClsSE,2963.31,1,2954.23,9.08,0.31,17.85,0.60,-1.15,-0.04,1323.19,0.13
1760,多头进场,2026-01-23 08:45,VltClsLE,2954.23,1,2954.23,9.08,0.31,17.85,0.60,-1.15,-0.04,1323.19,0.13
1761,空头出场,2026-01-23 11:15,VltClsLE,2965.2,1,2963.31,-1.89,-0.06,11.39,0.38,-4.47,-0.15,1321.3,0.13
1761,空头进场,2026-01-23 10:00,VltClsSE,2963.31,1,2963.31,-1.89,-0.06,11.39,0.38,-4.47,-0.15,1321.3,0.13
1762,多头出场,2026-01-23 11:30,VltClsSE,2958.04,1,2965.2,-7.16,-0.24,0.25,0.01,-7.16,-0.24,1314.14,0.13
1762,多头进场,2026-01-23 11:15,VltClsLE,2965.2,1,2965.2,-7.16,-0.24,0.25,0.01,-7.16,-0.24,1314.14,0.13
1763,空头出场,2026-01-23 12:00,VltClsLE,2969.48,1,2958.04,-11.44,-0.39,0.23,0.01,-11.44,-0.39,1302.7,0.13
1763,空头进场,2026-01-23 11:30,VltClsSE,2958.04,1,2958.04,-11.44,-0.39,0.23,0.01,-11.44,-0.39,1302.7,0.13
1764,多头出场,2026-01-23 12:15,VltClsSE,2971.44,1,2969.48,1.96,0.07,9.43,0.32,0,0.00,1304.66,0.13
1764,多头进场,2026-01-23 12:00,VltClsLE,2969.48,1,2969.48,1.96,0.07,9.43,0.32,0,0.00,1304.66,0.13
1765,空头出场,2026-01-23 12:30,VltClsLE,2979.39,1,2971.44,-7.95,-0.27,1.18,0.04,-7.95,-0.27,1296.71,0.13
1765,空头进场,2026-01-23 12:15,VltClsSE,2971.44,1,2971.44,-7.95,-0.27,1.18,0.04,-7.95,-0.27,1296.71,0.13
1766,多头出场,2026-01-23 13:15,VltClsSE,2970.63,1,2979.39,-8.76,-0.29,5.32,0.18,-8.76,-0.29,1287.95,0.13
1766,多头进场,2026-01-23 12:30,VltClsLE,2979.39,1,2979.39,-8.76,-0.29,5.32,0.18,-8.76,-0.29,1287.95,0.13
1767,空头出场,2026-01-23 14:00,VltClsLE,2974.44,1,2970.63,-3.81,-0.13,6.8,0.23,-3.81,-0.13,1284.14,0.13
1767,空头进场,2026-01-23 13:15,VltClsSE,2970.63,1,2970.63,-3.81,-0.13,6.8,0.23,-3.81,-0.13,1284.14,0.13
1768,多头出场,2026-01-23 14:15,VltClsSE,2965.73,1,2974.44,-8.71,-0.29,0.95,0.03,-8.71,-0.29,1275.43,0.13
1768,多头进场,2026-01-23 14:00,VltClsLE,2974.44,1,2974.44,-8.71,-0.29,0.95,0.03,-8.71,-0.29,1275.43,0.13
1769,空头出场,2026-01-23 19:00,VltClsLE,2937.61,1,2965.73,28.12,0.95,50.8,1.71,0,0.00,1303.55,0.13
1769,空头进场,2026-01-23 14:15,VltClsSE,2965.73,1,2965.73,28.12,0.95,50.8,1.71,0,0.00,1303.55,0.13
1770,多头出场,2026-01-23 20:00,VltClsSE,2934.35,1,2937.61,-3.26,-0.11,9.05,0.31,-4.1,-0.14,1300.29,0.13
1770,多头进场,2026-01-23 19:00,VltClsLE,2937.61,1,2937.61,-3.26,-0.11,9.05,0.31,-4.1,-0.14,1300.29,0.13
1771,空头出场,2026-01-23 20:45,VltClsLE,2939.87,1,2934.35,-5.52,-0.19,5.35,0.18,-5.52,-0.19,1294.77,0.13
1771,空头进场,2026-01-23 20:00,VltClsSE,2934.35,1,2934.35,-5.52,-0.19,5.35,0.18,-5.52,-0.19,1294.77,0.13
1772,多头出场,2026-01-23 21:30,VltClsSE,2931.83,1,2939.87,-8.04,-0.27,4.05,0.14,-8.04,-0.27,1286.73,0.13
1772,多头进场,2026-01-23 20:45,VltClsLE,2939.87,1,2939.87,-8.04,-0.27,4.05,0.14,-8.04,-0.27,1286.73,0.13
1773,空头出场,2026-01-23 22:15,VltClsLE,2940.98,1,2931.83,-9.15,-0.31,6.57,0.22,-9.15,-0.31,1277.58,0.13
1773,空头进场,2026-01-23 21:30,VltClsSE,2931.83,1,2931.83,-9.15,-0.31,6.57,0.22,-9.15,-0.31,1277.58,0.13
1774,多头出场,2026-01-23 22:30,VltClsSE,2933.01,1,2940.98,-7.97,-0.27,1.41,0.05,-7.97,-0.27,1269.61,0.13
1774,多头进场,2026-01-23 22:15,VltClsLE,2940.98,1,2940.98,-7.97,-0.27,1.41,0.05,-7.97,-0.27,1269.61,0.13
1775,空头出场,2026-01-23 22:45,VltClsLE,2922.21,1,2933.01,10.8,0.37,40.61,1.38,0,0.00,1280.41,0.13
1775,空头进场,2026-01-23 22:30,VltClsSE,2933.01,1,2933.01,10.8,0.37,40.61,1.38,0,0.00,1280.41,0.13
1776,多头出场,2026-01-24 03:00,VltClsSE,2976.34,1,2922.21,54.13,1.85,97.05,3.32,-22.44,-0.77,1334.54,0.13
1776,多头进场,2026-01-23 22:45,VltClsLE,2922.21,1,2922.21,54.13,1.85,97.05,3.32,-22.44,-0.77,1334.54,0.13
1777,空头出场,2026-01-24 05:00,VltClsLE,2950.45,1,2976.34,25.89,0.87,45.92,1.54,-2.22,-0.07,1360.43,0.14
1777,空头进场,2026-01-24 03:00,VltClsSE,2976.34,1,2976.34,25.89,0.87,45.92,1.54,-2.22,-0.07,1360.43,0.14
1778,多头出场,2026-01-24 07:00,VltClsSE,2952.78,1,2950.45,2.33,0.08,11.47,0.39,-8.01,-0.27,1362.76,0.14
1778,多头进场,2026-01-24 05:00,VltClsLE,2950.45,1,2950.45,2.33,0.08,11.47,0.39,-8.01,-0.27,1362.76,0.14
1779,空头出场,2026-01-24 07:45,VltClsLE,2957.59,1,2952.78,-4.81,-0.16,1.78,0.06,-4.85,-0.16,1357.95,0.14
1779,空头进场,2026-01-24 07:00,VltClsSE,2952.78,1,2952.78,-4.81,-0.16,1.78,0.06,-4.85,-0.16,1357.95,0.14
1780,多头出场,2026-01-24 09:30,VltClsSE,2955.08,1,2957.59,-2.51,-0.08,1.86,0.06,-8.32,-0.28,1355.44,0.14
1780,多头进场,2026-01-24 07:45,VltClsLE,2957.59,1,2957.59,-2.51,-0.08,1.86,0.06,-8.32,-0.28,1355.44,0.14
1781,空头出场,2026-01-24 11:00,VltClsLE,2962.27,1,2955.08,-7.19,-0.24,3.25,0.11,-7.24,-0.25,1348.25,0.13
1781,空头进场,2026-01-24 09:30,VltClsSE,2955.08,1,2955.08,-7.19,-0.24,3.25,0.11,-7.24,-0.25,1348.25,0.13
1782,多头出场,2026-01-24 11:30,VltClsSE,2966.25,1,2962.27,3.98,0.13,8.14,0.27,0,0.00,1352.23,0.14
1782,多头进场,2026-01-24 11:00,VltClsLE,2962.27,1,2962.27,3.98,0.13,8.14,0.27,0,0.00,1352.23,0.14
1783,空头出场,2026-01-24 14:30,VltClsLE,2963.59,1,2966.25,2.66,0.09,8.86,0.30,-0.61,-0.02,1354.89,0.14
1783,空头进场,2026-01-24 11:30,VltClsSE,2966.25,1,2966.25,2.66,0.09,8.86,0.30,-0.61,-0.02,1354.89,0.14
1784,多头出场,2026-01-24 15:15,VltClsSE,2958.48,1,2963.59,-5.11,-0.17,0.27,0.01,-5.11,-0.17,1349.78,0.13
1784,多头进场,2026-01-24 14:30,VltClsLE,2963.59,1,2963.59,-5.11,-0.17,0.27,0.01,-5.11,-0.17,1349.78,0.13
1785,空头出场,2026-01-24 16:45,VltClsLE,2962.46,1,2958.48,-3.98,-0.13,4.49,0.15,-3.98,-0.13,1345.8,0.13
1785,空头进场,2026-01-24 15:15,VltClsSE,2958.48,1,2958.48,-3.98,-0.13,4.49,0.15,-3.98,-0.13,1345.8,0.13
1786,多头出场,2026-01-24 17:15,VltClsSE,2962.15,1,2962.46,-0.31,-0.01,2.52,0.09,-0.42,-0.01,1345.49,0.13
1786,多头进场,2026-01-24 16:45,VltClsLE,2962.46,1,2962.46,-0.31,-0.01,2.52,0.09,-0.42,-0.01,1345.49,0.13
1787,空头出场,2026-01-24 19:15,VltClsLE,2964.03,1,2962.15,-1.88,-0.06,3.4,0.11,-1.88,-0.06,1343.61,0.13
1787,空头进场,2026-01-24 17:15,VltClsSE,2962.15,1,2962.15,-1.88,-0.06,3.4,0.11,-1.88,-0.06,1343.61,0.13
1788,多头出场,2026-01-24 19:45,VltClsSE,2962.4,1,2964.03,-1.63,-0.05,0.45,0.02,-2.03,-0.07,1341.98,0.13
1788,多头进场,2026-01-24 19:15,VltClsLE,2964.03,1,2964.03,-1.63,-0.05,0.45,0.02,-2.03,-0.07,1341.98,0.13
1789,空头出场,2026-01-24 20:15,VltClsLE,2961.94,1,2962.4,0.46,0.02,2.91,0.10,0,0.00,1342.44,0.13
1789,空头进场,2026-01-24 19:45,VltClsSE,2962.4,1,2962.4,0.46,0.02,2.91,0.10,0,0.00,1342.44,0.13
1790,多头出场,2026-01-24 20:30,VltClsSE,2960.18,1,2961.94,-1.76,-0.06,1.02,0.03,-1.76,-0.06,1340.68,0.13
1790,多头进场,2026-01-24 20:15,VltClsLE,2961.94,1,2961.94,-1.76,-0.06,1.02,0.03,-1.76,-0.06,1340.68,0.13
1791,空头出场,2026-01-24 22:00,VltClsLE,2951.89,1,2960.18,8.29,0.28,16.34,0.55,-4.83,-0.16,1348.97,0.13
1791,空头进场,2026-01-24 20:30,VltClsSE,2960.18,1,2960.18,8.29,0.28,16.34,0.55,-4.83,-0.16,1348.97,0.13
1792,多头出场,2026-01-24 23:15,VltClsSE,2962.92,1,2951.89,11.03,0.37,16.19,0.55,0,0.00,1360,0.14
1792,多头进场,2026-01-24 22:00,VltClsLE,2951.89,1,2951.89,11.03,0.37,16.19,0.55,0,0.00,1360,0.14
1793,空头出场,2026-01-25 00:00,VltClsLE,2961.34,1,2962.92,1.58,0.05,7.38,0.25,-2.08,-0.07,1361.58,0.14
1793,空头进场,2026-01-24 23:15,VltClsSE,2962.92,1,2962.92,1.58,0.05,7.38,0.25,-2.08,-0.07,1361.58,0.14
1794,多头出场,2026-01-25 02:30,VltClsSE,2962.96,1,2961.34,1.62,0.05,7.15,0.24,-9.11,-0.31,1363.2,0.14
1794,多头进场,2026-01-25 00:00,VltClsLE,2961.34,1,2961.34,1.62,0.05,7.15,0.24,-9.11,-0.31,1363.2,0.14
1795,空头出场,2026-01-25 04:00,VltClsLE,2956.55,1,2962.96,6.41,0.22,10.52,0.36,-1.47,-0.05,1369.61,0.14
1795,空头进场,2026-01-25 02:30,VltClsSE,2962.96,1,2962.96,6.41,0.22,10.52,0.36,-1.47,-0.05,1369.61,0.14
1796,多头出场,2026-01-25 05:00,VltClsSE,2954.42,1,2956.55,-2.13,-0.07,2.25,0.08,-2.13,-0.07,1367.48,0.14
1796,多头进场,2026-01-25 04:00,VltClsLE,2956.55,1,2956.55,-2.13,-0.07,2.25,0.08,-2.13,-0.07,1367.48,0.14
1797,空头出场,2026-01-25 05:30,VltClsLE,2954.35,1,2954.42,0.07,0.00,5.19,0.18,0,0.00,1367.55,0.14
1797,空头进场,2026-01-25 05:00,VltClsSE,2954.42,1,2954.42,0.07,0.00,5.19,0.18,0,0.00,1367.55,0.14
1798,多头出场,2026-01-25 07:00,VltClsSE,2959.99,1,2954.35,5.64,0.19,10.2,0.35,0,0.00,1373.19,0.14
1798,多头进场,2026-01-25 05:30,VltClsLE,2954.35,1,2954.35,5.64,0.19,10.2,0.35,0,0.00,1373.19,0.14
1799,空头出场,2026-01-25 08:45,VltClsLE,2958.64,1,2959.99,1.35,0.05,7.45,0.25,0,0.00,1374.54,0.14
1799,空头进场,2026-01-25 07:00,VltClsSE,2959.99,1,2959.99,1.35,0.05,7.45,0.25,0,0.00,1374.54,0.14
1800,多头出场,2026-01-25 09:00,VltClsSE,2956.26,1,2958.64,-2.38,-0.08,1.65,0.06,-2.38,-0.08,1372.16,0.14
1800,多头进场,2026-01-25 08:45,VltClsLE,2958.64,1,2958.64,-2.38,-0.08,1.65,0.06,-2.38,-0.08,1372.16,0.14
1801,空头出场,2026-01-25 09:45,VltClsLE,2954.47,1,2956.26,1.79,0.06,6.26,0.21,-1.75,-0.06,1373.95,0.14
1801,空头进场,2026-01-25 09:00,VltClsSE,2956.26,1,2956.26,1.79,0.06,6.26,0.21,-1.75,-0.06,1373.95,0.14
1802,多头出场,2026-01-25 11:00,VltClsSE,2951.1,1,2954.47,-3.37,-0.11,3.33,0.11,-3.37,-0.11,1370.58,0.14
1802,多头进场,2026-01-25 09:45,VltClsLE,2954.47,1,2954.47,-3.37,-0.11,3.33,0.11,-3.37,-0.11,1370.58,0.14
1803,空头出场,2026-01-25 12:00,VltClsLE,2946.38,1,2951.1,4.72,0.16,13.6,0.46,-0.11,0.00,1375.3,0.14
1803,空头进场,2026-01-25 11:00,VltClsSE,2951.1,1,2951.1,4.72,0.16,13.6,0.46,-0.11,0.00,1375.3,0.14
1804,多头出场,2026-01-25 13:30,VltClsSE,2944.52,1,2946.38,-1.86,-0.06,2.98,0.10,-5.93,-0.20,1373.44,0.14
1804,多头进场,2026-01-25 12:00,VltClsLE,2946.38,1,2946.38,-1.86,-0.06,2.98,0.10,-5.93,-0.20,1373.44,0.14
1805,空头出场,2026-01-25 13:45,VltClsLE,2946.01,1,2944.52,-1.49,-0.05,2.35,0.08,-1.49,-0.05,1371.95,0.14
1805,空头进场,2026-01-25 13:30,VltClsSE,2944.52,1,2944.52,-1.49,-0.05,2.35,0.08,-1.49,-0.05,1371.95,0.14
1806,多头出场,2026-01-25 14:00,VltClsSE,2944.42,1,2946.01,-1.59,-0.05,1.77,0.06,-1.59,-0.05,1370.36,0.14
1806,多头进场,2026-01-25 13:45,VltClsLE,2946.01,1,2946.01,-1.59,-0.05,1.77,0.06,-1.59,-0.05,1370.36,0.14
1807,空头出场,2026-01-25 14:30,VltClsLE,2943.62,1,2944.42,0.8,0.03,9.41,0.32,0,0.00,1371.16,0.14
1807,空头进场,2026-01-25 14:00,VltClsSE,2944.42,1,2944.42,0.8,0.03,9.41,0.32,0,0.00,1371.16,0.14
1808,多头出场,2026-01-25 16:30,VltClsSE,2938.84,1,2943.62,-4.78,-0.16,4.15,0.14,-5.57,-0.19,1366.38,0.14
1808,多头进场,2026-01-25 14:30,VltClsLE,2943.62,1,2943.62,-4.78,-0.16,4.15,0.14,-5.57,-0.19,1366.38,0.14
1809,空头出场,2026-01-25 18:00,VltClsLE,2940.11,1,2938.84,-1.27,-0.04,17.84,0.61,-1.27,-0.04,1365.11,0.14
1809,空头进场,2026-01-25 16:30,VltClsSE,2938.84,1,2938.84,-1.27,-0.04,17.84,0.61,-1.27,-0.04,1365.11,0.14
1810,多头出场,2026-01-25 18:30,VltClsSE,2942.26,1,2940.11,2.15,0.07,8,0.27,-2.28,-0.08,1367.26,0.14
1810,多头进场,2026-01-25 18:00,VltClsLE,2940.11,1,2940.11,2.15,0.07,8,0.27,-2.28,-0.08,1367.26,0.14
1811,空头出场,2026-01-25 19:15,VltClsLE,2946.31,1,2942.26,-4.05,-0.14,2.13,0.07,-4.37,-0.15,1363.21,0.14
1811,空头进场,2026-01-25 18:30,VltClsSE,2942.26,1,2942.26,-4.05,-0.14,2.13,0.07,-4.37,-0.15,1363.21,0.14
1812,多头出场,2026-01-25 19:30,VltClsSE,2939.38,1,2946.31,-6.93,-0.24,0.18,0.01,-6.93,-0.24,1356.28,0.14
1812,多头进场,2026-01-25 19:15,VltClsLE,2946.31,1,2946.31,-6.93,-0.24,0.18,0.01,-6.93,-0.24,1356.28,0.14
1813,空头出场,2026-01-25 20:15,VltClsLE,2944.86,1,2939.38,-5.48,-0.19,7.02,0.24,-5.48,-0.19,1350.8,0.14
1813,空头进场,2026-01-25 19:30,VltClsSE,2939.38,1,2939.38,-5.48,-0.19,7.02,0.24,-5.48,-0.19,1350.8,0.14
1814,多头出场,2026-01-25 22:00,VltClsSE,2937.32,1,2944.86,-7.54,-0.26,0.51,0.02,-12.23,-0.42,1343.26,0.13
1814,多头进场,2026-01-25 20:15,VltClsLE,2944.86,1,2944.86,-7.54,-0.26,0.51,0.02,-12.23,-0.42,1343.26,0.13
1815,空头出场,2026-01-26 07:45,VltClsLE,2815.79,1,2937.32,121.53,4.14,150.32,5.12,-2.83,-0.10,1464.79,0.15
1815,空头进场,2026-01-25 22:00,VltClsSE,2937.32,1,2937.32,121.53,4.14,150.32,5.12,-2.83,-0.10,1464.79,0.15
1816,多头出场,2026-01-26 10:00,VltClsSE,2867.74,1,2815.79,51.95,1.84,82.97,2.95,-3.42,-0.12,1516.74,0.15
1816,多头进场,2026-01-26 07:45,VltClsLE,2815.79,1,2815.79,51.95,1.84,82.97,2.95,-3.42,-0.12,1516.74,0.15
1817,空头出场,2026-01-26 12:00,VltClsLE,2858.54,1,2867.74,9.2,0.32,26.85,0.94,-17.65,-0.62,1525.94,0.15
1817,空头进场,2026-01-26 10:00,VltClsSE,2867.74,1,2867.74,9.2,0.32,26.85,0.94,-17.65,-0.62,1525.94,0.15
1818,多头出场,2026-01-26 17:00,VltClsSE,2901.28,1,2858.54,42.74,1.50,75.86,2.65,-2.07,-0.07,1568.68,0.16
1818,多头进场,2026-01-26 12:00,VltClsLE,2858.54,1,2858.54,42.74,1.50,75.86,2.65,-2.07,-0.07,1568.68,0.16
1819,空头出场,2026-01-26 18:00,VltClsLE,2893.82,1,2901.28,7.46,0.26,20.78,0.72,0,0.00,1576.14,0.16
1819,空头进场,2026-01-26 17:00,VltClsSE,2901.28,1,2901.28,7.46,0.26,20.78,0.72,0,0.00,1576.14,0.16
1820,多头出场,2026-01-26 19:15,VltClsSE,2895.79,1,2893.82,1.97,0.07,7.92,0.27,-0.99,-0.03,1578.11,0.16
1820,多头进场,2026-01-26 18:00,VltClsLE,2893.82,1,2893.82,1.97,0.07,7.92,0.27,-0.99,-0.03,1578.11,0.16
1821,空头出场,2026-01-26 20:00,VltClsLE,2897.02,1,2895.79,-1.23,-0.04,7.71,0.27,-1.23,-0.04,1576.88,0.16
1821,空头进场,2026-01-26 19:15,VltClsSE,2895.79,1,2895.79,-1.23,-0.04,7.71,0.27,-1.23,-0.04,1576.88,0.16
1822,多头出场,2026-01-26 22:00,VltClsSE,2904.9,1,2897.02,7.88,0.27,18.5,0.64,0,0.00,1584.76,0.16
1822,多头进场,2026-01-26 20:00,VltClsLE,2897.02,1,2897.02,7.88,0.27,18.5,0.64,0,0.00,1584.76,0.16
1823,空头出场,2026-01-26 22:30,VltClsLE,2896.32,1,2904.9,8.58,0.30,29.13,1.00,0,0.00,1593.34,0.16
1823,空头进场,2026-01-26 22:00,VltClsSE,2904.9,1,2904.9,8.58,0.30,29.13,1.00,0,0.00,1593.34,0.16
1824,多头出场,2026-01-26 23:15,VltClsSE,2921.04,1,2896.32,24.72,0.85,54.89,1.90,0,0.00,1618.06,0.16
1824,多头进场,2026-01-26 22:30,VltClsLE,2896.32,1,2896.32,24.72,0.85,54.89,1.90,0,0.00,1618.06,0.16
1825,空头出场,2026-01-27 02:45,VltClsLE,2926.63,1,2921.04,-5.59,-0.19,35.07,1.20,-9.68,-0.33,1612.47,0.16
1825,空头进场,2026-01-26 23:15,VltClsSE,2921.04,1,2921.04,-5.59,-0.19,35.07,1.20,-9.68,-0.33,1612.47,0.16
1826,多头出场,2026-01-27 03:45,VltClsSE,2922.51,1,2926.63,-4.12,-0.14,9.43,0.32,-4.12,-0.14,1608.35,0.16
1826,多头进场,2026-01-27 02:45,VltClsLE,2926.63,1,2926.63,-4.12,-0.14,9.43,0.32,-4.12,-0.14,1608.35,0.16
1827,空头出场,2026-01-27 05:30,VltClsLE,2919.46,1,2922.51,3.05,0.10,26.69,0.91,-6.96,-0.24,1611.4,0.16
1827,空头进场,2026-01-27 03:45,VltClsSE,2922.51,1,2922.51,3.05,0.10,26.69,0.91,-6.96,-0.24,1611.4,0.16
1828,多头出场,2026-01-27 07:00,VltClsSE,2919.38,1,2919.46,-0.08,0.00,24.72,0.85,-0.08,0.00,1611.32,0.16
1828,多头进场,2026-01-27 05:30,VltClsLE,2919.46,1,2919.46,-0.08,0.00,24.72,0.85,-0.08,0.00,1611.32,0.16
1829,空头出场,2026-01-27 07:15,VltClsLE,2931.33,1,2919.38,-11.95,-0.41,1.08,0.04,-11.95,-0.41,1599.37,0.16
1829,空头进场,2026-01-27 07:00,VltClsSE,2919.38,1,2919.38,-11.95,-0.41,1.08,0.04,-11.95,-0.41,1599.37,0.16
1830,多头出场,2026-01-27 07:45,VltClsSE,2930.3,1,2931.33,-1.03,-0.04,13.99,0.48,-1.03,-0.04,1598.34,0.16
1830,多头进场,2026-01-27 07:15,VltClsLE,2931.33,1,2931.33,-1.03,-0.04,13.99,0.48,-1.03,-0.04,1598.34,0.16
1831,空头出场,2026-01-27 09:15,VltClsLE,2922.18,1,2930.3,8.12,0.28,17.86,0.61,-0.97,-0.03,1606.46,0.16
1831,空头进场,2026-01-27 07:45,VltClsSE,2930.3,1,2930.3,8.12,0.28,17.86,0.61,-0.97,-0.03,1606.46,0.16
1832,多头出场,2026-01-27 11:00,VltClsSE,2938.13,1,2922.18,15.95,0.55,26.7,0.91,0,0.00,1622.41,0.16
1832,多头进场,2026-01-27 09:15,VltClsLE,2922.18,1,2922.18,15.95,0.55,26.7,0.91,0,0.00,1622.41,0.16
1833,空头出场,2026-01-27 12:00,VltClsLE,2946.86,1,2938.13,-8.73,-0.30,1.63,0.06,-8.73,-0.30,1613.68,0.16
1833,空头进场,2026-01-27 11:00,VltClsSE,2938.13,1,2938.13,-8.73,-0.30,1.63,0.06,-8.73,-0.30,1613.68,0.16
1834,多头出场,2026-01-27 14:15,VltClsSE,2938.38,1,2946.86,-8.48,-0.29,10.18,0.35,-13.28,-0.45,1605.2,0.16
1834,多头进场,2026-01-27 12:00,VltClsLE,2946.86,1,2946.86,-8.48,-0.29,10.18,0.35,-13.28,-0.45,1605.2,0.16
1835,空头出场,2026-01-27 15:00,VltClsLE,2933.87,1,2938.38,4.51,0.15,14.03,0.48,0,0.00,1609.71,0.16
1835,空头进场,2026-01-27 14:15,VltClsSE,2938.38,1,2938.38,4.51,0.15,14.03,0.48,0,0.00,1609.71,0.16
1836,多头出场,2026-01-27 15:45,VltClsSE,2930.16,1,2933.87,-3.71,-0.13,3.65,0.12,-4.19,-0.14,1606,0.16
1836,多头进场,2026-01-27 15:00,VltClsLE,2933.87,1,2933.87,-3.71,-0.13,3.65,0.12,-4.19,-0.14,1606,0.16
1837,空头出场,2026-01-27 18:00,VltClsLE,2913.11,1,2930.16,17.05,0.58,23.23,0.79,-2.49,-0.08,1623.05,0.16
1837,空头进场,2026-01-27 15:45,VltClsSE,2930.16,1,2930.16,17.05,0.58,23.23,0.79,-2.49,-0.08,1623.05,0.16
1838,多头出场,2026-01-27 18:30,VltClsSE,2907.49,1,2913.11,-5.62,-0.19,2.59,0.09,-5.62,-0.19,1617.43,0.16
1838,多头进场,2026-01-27 18:00,VltClsLE,2913.11,1,2913.11,-5.62,-0.19,2.59,0.09,-5.62,-0.19,1617.43,0.16
1839,空头出场,2026-01-27 19:30,VltClsLE,2912.13,1,2907.49,-4.64,-0.16,7.72,0.27,-4.64,-0.16,1612.79,0.16
1839,空头进场,2026-01-27 18:30,VltClsSE,2907.49,1,2907.49,-4.64,-0.16,7.72,0.27,-4.64,-0.16,1612.79,0.16
1840,多头出场,2026-01-27 20:30,VltClsSE,2918.83,1,2912.13,6.7,0.23,15.81,0.54,0,0.00,1619.49,0.16
1840,多头进场,2026-01-27 19:30,VltClsLE,2912.13,1,2912.13,6.7,0.23,15.81,0.54,0,0.00,1619.49,0.16
1841,空头出场,2026-01-27 21:30,VltClsLE,2913.64,1,2918.83,5.19,0.18,12.9,0.44,-2.01,-0.07,1624.68,0.16
1841,空头进场,2026-01-27 20:30,VltClsSE,2918.83,1,2918.83,5.19,0.18,12.9,0.44,-2.01,-0.07,1624.68,0.16
1842,多头出场,2026-01-27 21:45,VltClsSE,2910.28,1,2913.64,-3.36,-0.12,3.69,0.13,-3.36,-0.12,1621.32,0.16
1842,多头进场,2026-01-27 21:30,VltClsLE,2913.64,1,2913.64,-3.36,-0.12,3.69,0.13,-3.36,-0.12,1621.32,0.16
1843,空头出场,2026-01-27 22:00,VltClsLE,2918.66,1,2910.28,-8.38,-0.29,2.07,0.07,-8.38,-0.29,1612.94,0.16
1843,空头进场,2026-01-27 21:45,VltClsSE,2910.28,1,2910.28,-8.38,-0.29,2.07,0.07,-8.38,-0.29,1612.94,0.16
1844,多头出场,2026-01-27 22:30,VltClsSE,2919.62,1,2918.66,0.96,0.03,24.97,0.86,0,0.00,1613.9,0.16
1844,多头进场,2026-01-27 22:00,VltClsLE,2918.66,1,2918.66,0.96,0.03,24.97,0.86,0,0.00,1613.9,0.16
1845,空头出场,2026-01-27 22:45,VltClsLE,2923.18,1,2919.62,-3.56,-0.12,12.4,0.42,-3.56,-0.12,1610.34,0.16
1845,空头进场,2026-01-27 22:30,VltClsSE,2919.62,1,2919.62,-3.56,-0.12,12.4,0.42,-3.56,-0.12,1610.34,0.16
1846,多头出场,2026-01-28 01:00,VltClsSE,2972.3,1,2923.18,49.12,1.68,75.34,2.58,-10.15,-0.35,1659.46,0.17
1846,多头进场,2026-01-27 22:45,VltClsLE,2923.18,1,2923.18,49.12,1.68,75.34,2.58,-10.15,-0.35,1659.46,0.17
1847,空头出场,2026-01-28 02:45,VltClsLE,2961.89,1,2972.3,10.41,0.35,54.21,1.82,0,0.00,1669.87,0.17
1847,空头进场,2026-01-28 01:00,VltClsSE,2972.3,1,2972.3,10.41,0.35,54.21,1.82,0,0.00,1669.87,0.17
1848,多头出场,2026-01-28 04:30,VltClsSE,3002.39,1,2961.89,40.5,1.37,57.11,1.93,0,0.00,1710.37,0.17
1848,多头进场,2026-01-28 02:45,VltClsLE,2961.89,1,2961.89,40.5,1.37,57.11,1.93,0,0.00,1710.37,0.17
1849,空头出场,2026-01-28 04:45,VltClsLE,3016.66,1,3002.39,-14.27,-0.48,3.83,0.13,-14.27,-0.48,1696.1,0.17
1849,空头进场,2026-01-28 04:30,VltClsSE,3002.39,1,3002.39,-14.27,-0.48,3.83,0.13,-14.27,-0.48,1696.1,0.17
1850,多头出场,2026-01-28 06:15,VltClsSE,3005.83,1,3016.66,-10.83,-0.36,13.64,0.45,-11.23,-0.37,1685.27,0.17
1850,多头进场,2026-01-28 04:45,VltClsLE,3016.66,1,3016.66,-10.83,-0.36,13.64,0.45,-11.23,-0.37,1685.27,0.17
1851,空头出场,2026-01-28 06:30,VltClsLE,3017.35,1,3005.83,-11.52,-0.38,1.14,0.04,-11.52,-0.38,1673.75,0.17
1851,空头进场,2026-01-28 06:15,VltClsSE,3005.83,1,3005.83,-11.52,-0.38,1.14,0.04,-11.52,-0.38,1673.75,0.17
1852,多头出场,2026-01-28 07:00,VltClsSE,3012.18,1,3017.35,-5.17,-0.17,6.52,0.22,-5.17,-0.17,1668.58,0.17
1852,多头进场,2026-01-28 06:30,VltClsLE,3017.35,1,3017.35,-5.17,-0.17,6.52,0.22,-5.17,-0.17,1668.58,0.17
1853,空头出场,2026-01-28 07:30,VltClsLE,3033.6,1,3012.18,-21.42,-0.71,0.96,0.03,-21.42,-0.71,1647.16,0.16
1853,空头进场,2026-01-28 07:00,VltClsSE,3012.18,1,3012.18,-21.42,-0.71,0.96,0.03,-21.42,-0.71,1647.16,0.16
1854,多头出场,2026-01-28 07:45,VltClsSE,3023.75,1,3033.6,-9.85,-0.32,1.48,0.05,-9.85,-0.32,1637.31,0.16
1854,多头进场,2026-01-28 07:30,VltClsLE,3033.6,1,3033.6,-9.85,-0.32,1.48,0.05,-9.85,-0.32,1637.31,0.16
1855,空头出场,2026-01-28 08:45,VltClsLE,3024.15,1,3023.75,-0.4,-0.01,8.01,0.26,-6.04,-0.20,1636.91,0.16
1855,空头进场,2026-01-28 07:45,VltClsSE,3023.75,1,3023.75,-0.4,-0.01,8.01,0.26,-6.04,-0.20,1636.91,0.16
1856,多头出场,2026-01-28 09:15,VltClsSE,3011.39,1,3024.15,-12.76,-0.42,2.68,0.09,-12.76,-0.42,1624.15,0.16
1856,多头进场,2026-01-28 08:45,VltClsLE,3024.15,1,3024.15,-12.76,-0.42,2.68,0.09,-12.76,-0.42,1624.15,0.16
1857,空头出场,2026-01-28 09:45,VltClsLE,3020.58,1,3011.39,-9.19,-0.31,3.89,0.13,-9.19,-0.31,1614.96,0.16
1857,空头进场,2026-01-28 09:15,VltClsSE,3011.39,1,3011.39,-9.19,-0.31,3.89,0.13,-9.19,-0.31,1614.96,0.16
1858,多头出场,2026-01-28 10:00,VltClsSE,3011.28,1,3020.58,-9.3,-0.31,0.62,0.02,-9.3,-0.31,1605.66,0.16
1858,多头进场,2026-01-28 09:45,VltClsLE,3020.58,1,3020.58,-9.3,-0.31,0.62,0.02,-9.3,-0.31,1605.66,0.16
1859,空头出场,2026-01-28 12:30,VltClsLE,3003.38,1,3011.28,7.9,0.26,18.39,0.61,-6.01,-0.20,1613.56,0.16
1859,空头进场,2026-01-28 10:00,VltClsSE,3011.28,1,3011.28,7.9,0.26,18.39,0.61,-6.01,-0.20,1613.56,0.16
1860,多头出场,2026-01-28 14:30,VltClsSE,3005.77,1,3003.38,2.39,0.08,11.98,0.40,-6.88,-0.23,1615.95,0.16
1860,多头进场,2026-01-28 12:30,VltClsLE,3003.38,1,3003.38,2.39,0.08,11.98,0.40,-6.88,-0.23,1615.95,0.16
1861,空头出场,2026-01-28 14:45,VltClsLE,3011.91,1,3005.77,-6.14,-0.20,2.76,0.09,-6.14,-0.20,1609.81,0.16
1861,空头进场,2026-01-28 14:30,VltClsSE,3005.77,1,3005.77,-6.14,-0.20,2.76,0.09,-6.14,-0.20,1609.81,0.16
1862,多头出场,2026-01-28 15:00,VltClsSE,3007.5,1,3011.91,-4.41,-0.15,6.42,0.21,-4.41,-0.15,1605.4,0.16
1862,多头进场,2026-01-28 14:45,VltClsLE,3011.91,1,3011.91,-4.41,-0.15,6.42,0.21,-4.41,-0.15,1605.4,0.16
1863,空头出场,2026-01-28 17:30,VltClsLE,2999.94,1,3007.5,7.56,0.25,20.91,0.70,-2.45,-0.08,1612.96,0.16
1863,空头进场,2026-01-28 15:00,VltClsSE,3007.5,1,3007.5,7.56,0.25,20.91,0.70,-2.45,-0.08,1612.96,0.16
1864,多头出场,2026-01-28 18:15,VltClsSE,3021.78,1,2999.94,21.84,0.73,39.84,1.33,0,0.00,1634.8,0.16
1864,多头进场,2026-01-28 17:30,VltClsLE,2999.94,1,2999.94,21.84,0.73,39.84,1.33,0,0.00,1634.8,0.16
1865,空头出场,2026-01-28 19:45,VltClsLE,3033.48,1,3021.78,-11.7,-0.39,6.86,0.23,-11.7,-0.39,1623.1,0.16
1865,空头进场,2026-01-28 18:15,VltClsSE,3021.78,1,3021.78,-11.7,-0.39,6.86,0.23,-11.7,-0.39,1623.1,0.16
1866,多头出场,2026-01-28 20:00,VltClsSE,3031.54,1,3033.48,-1.94,-0.06,11.88,0.39,-1.94,-0.06,1621.16,0.16
1866,多头进场,2026-01-28 19:45,VltClsLE,3033.48,1,3033.48,-1.94,-0.06,11.88,0.39,-1.94,-0.06,1621.16,0.16
1867,空头出场,2026-01-28 21:30,VltClsLE,3044.13,1,3031.54,-12.59,-0.42,7.76,0.26,-12.59,-0.42,1608.57,0.16
1867,空头进场,2026-01-28 20:00,VltClsSE,3031.54,1,3031.54,-12.59,-0.42,7.76,0.26,-12.59,-0.42,1608.57,0.16
1868,多头出场,2026-01-28 21:45,VltClsSE,3034.2,1,3044.13,-9.93,-0.33,1.65,0.05,-9.93,-0.33,1598.64,0.16
1868,多头进场,2026-01-28 21:30,VltClsLE,3044.13,1,3044.13,-9.93,-0.33,1.65,0.05,-9.93,-0.33,1598.64,0.16
1869,空头出场,2026-01-28 22:30,VltClsLE,3032.46,1,3034.2,1.74,0.06,16.34,0.54,-0.48,-0.02,1600.38,0.16
1869,空头进场,2026-01-28 21:45,VltClsSE,3034.2,1,3034.2,1.74,0.06,16.34,0.54,-0.48,-0.02,1600.38,0.16
1870,多头出场,2026-01-28 22:45,VltClsSE,3012.39,1,3032.46,-20.07,-0.66,1.94,0.06,-20.07,-0.66,1580.31,0.16
1870,多头进场,2026-01-28 22:30,VltClsLE,3032.46,1,3032.46,-20.07,-0.66,1.94,0.06,-20.07,-0.66,1580.31,0.16
1871,空头出场,2026-01-28 23:15,VltClsLE,3001.97,1,3012.39,10.42,0.35,28.72,0.95,-8.84,-0.29,1590.73,0.16
1871,空头进场,2026-01-28 22:45,VltClsSE,3012.39,1,3012.39,10.42,0.35,28.72,0.95,-8.84,-0.29,1590.73,0.16
1872,多头出场,2026-01-29 00:30,VltClsSE,3003.5,1,3001.97,1.53,0.05,15.97,0.53,-5.89,-0.20,1592.26,0.16
1872,多头进场,2026-01-28 23:15,VltClsLE,3001.97,1,3001.97,1.53,0.05,15.97,0.53,-5.89,-0.20,1592.26,0.16
1873,空头出场,2026-01-29 01:30,VltClsLE,3014.48,1,3003.5,-10.98,-0.37,6.65,0.22,-10.98,-0.37,1581.28,0.16
1873,空头进场,2026-01-29 00:30,VltClsSE,3003.5,1,3003.5,-10.98,-0.37,6.65,0.22,-10.98,-0.37,1581.28,0.16
1874,多头出场,2026-01-29 02:00,VltClsSE,3003.87,1,3014.48,-10.61,-0.35,17.2,0.57,-25.07,-0.83,1570.67,0.16
1874,多头进场,2026-01-29 01:30,VltClsLE,3014.48,1,3014.48,-10.61,-0.35,17.2,0.57,-25.07,-0.83,1570.67,0.16
1875,空头出场,2026-01-29 03:45,VltClsLE,3012.14,1,3003.87,-8.27,-0.28,7.02,0.23,-20.41,-0.68,1562.4,0.16
1875,空头进场,2026-01-29 02:00,VltClsSE,3003.87,1,3003.87,-8.27,-0.28,7.02,0.23,-20.41,-0.68,1562.4,0.16
1876,多头出场,2026-01-29 04:30,VltClsSE,3017.77,1,3012.14,5.63,0.19,26.31,0.87,0,0.00,1568.03,0.16
1876,多头进场,2026-01-29 03:45,VltClsLE,3012.14,1,3012.14,5.63,0.19,26.31,0.87,0,0.00,1568.03,0.16
1877,空头出场,2026-01-29 06:45,VltClsLE,3018.02,1,3017.77,-0.25,-0.01,21.11,0.70,-9.6,-0.32,1567.78,0.16
1877,空头进场,2026-01-29 04:30,VltClsSE,3017.77,1,3017.77,-0.25,-0.01,21.11,0.70,-9.6,-0.32,1567.78,0.16
1878,多头出场,2026-01-29 08:00,VltClsSE,3004.72,1,3018.02,-13.3,-0.44,4.96,0.16,-13.3,-0.44,1554.48,0.16
1878,多头进场,2026-01-29 06:45,VltClsLE,3018.02,1,3018.02,-13.3,-0.44,4.96,0.16,-13.3,-0.44,1554.48,0.16
1879,空头出场,2026-01-29 08:45,VltClsLE,3005.59,1,3004.72,-0.87,-0.03,8.78,0.29,-4.45,-0.15,1553.61,0.16
1879,空头进场,2026-01-29 08:00,VltClsSE,3004.72,1,3004.72,-0.87,-0.03,8.78,0.29,-4.45,-0.15,1553.61,0.16
1880,多头出场,2026-01-29 09:15,VltClsSE,2999.56,1,3005.59,-6.03,-0.20,5.96,0.20,-6.03,-0.20,1547.58,0.15
1880,多头进场,2026-01-29 08:45,VltClsLE,3005.59,1,3005.59,-6.03,-0.20,5.96,0.20,-6.03,-0.20,1547.58,0.15
1881,空头出场,2026-01-29 11:00,VltClsLE,2972.55,1,2999.56,27.01,0.90,55.08,1.84,-3.35,-0.11,1574.59,0.16
1881,空头进场,2026-01-29 09:15,VltClsSE,2999.56,1,2999.56,27.01,0.90,55.08,1.84,-3.35,-0.11,1574.59,0.16
1882,多头出场,2026-01-29 12:15,VltClsSE,2939.38,1,2972.55,-33.17,-1.12,0.18,0.01,-33.17,-1.12,1541.42,0.15
1882,多头进场,2026-01-29 11:00,VltClsLE,2972.55,1,2972.55,-33.17,-1.12,0.18,0.01,-33.17,-1.12,1541.42,0.15
1883,空头出场,2026-01-29 12:30,VltClsLE,2955.91,1,2939.38,-16.53,-0.56,1.83,0.06,-16.53,-0.56,1524.89,0.15
1883,空头进场,2026-01-29 12:15,VltClsSE,2939.38,1,2939.38,-16.53,-0.56,1.83,0.06,-16.53,-0.56,1524.89,0.15
1884,多头出场,2026-01-29 13:45,VltClsSE,2951.44,1,2955.91,-4.47,-0.15,9.78,0.33,-4.47,-0.15,1520.42,0.15
1884,多头进场,2026-01-29 12:30,VltClsLE,2955.91,1,2955.91,-4.47,-0.15,9.78,0.33,-4.47,-0.15,1520.42,0.15
1885,空头出场,2026-01-29 14:00,VltClsLE,2956.95,1,2951.44,-5.51,-0.19,3.49,0.12,-5.51,-0.19,1514.91,0.15
1885,空头进场,2026-01-29 13:45,VltClsSE,2951.44,1,2951.44,-5.51,-0.19,3.49,0.12,-5.51,-0.19,1514.91,0.15
1886,多头出场,2026-01-29 16:00,VltClsSE,2957.89,1,2956.95,0.94,0.03,7.98,0.27,-5.9,-0.20,1515.85,0.15
1886,多头进场,2026-01-29 14:00,VltClsLE,2956.95,1,2956.95,0.94,0.03,7.98,0.27,-5.9,-0.20,1515.85,0.15
1887,空头出场,2026-01-29 16:15,VltClsLE,2953.03,1,2957.89,4.86,0.16,14.33,0.48,0,0.00,1520.71,0.15
1887,空头进场,2026-01-29 16:00,VltClsSE,2957.89,1,2957.89,4.86,0.16,14.33,0.48,0,0.00,1520.71,0.15
1888,多头出场,2026-01-29 16:30,VltClsSE,2959.49,1,2953.03,6.46,0.22,16.76,0.57,0,0.00,1527.17,0.15
1888,多头进场,2026-01-29 16:15,VltClsLE,2953.03,1,2953.03,6.46,0.22,16.76,0.57,0,0.00,1527.17,0.15
1889,空头出场,2026-01-29 18:15,VltClsLE,2948.49,1,2959.49,11,0.37,18.13,0.61,0,0.00,1538.17,0.15
1889,空头进场,2026-01-29 16:30,VltClsSE,2959.49,1,2959.49,11,0.37,18.13,0.61,0,0.00,1538.17,0.15
1890,多头出场,2026-01-29 18:45,VltClsSE,2942.66,1,2948.49,-5.83,-0.20,0.46,0.02,-5.83,-0.20,1532.34,0.15
1890,多头进场,2026-01-29 18:15,VltClsLE,2948.49,1,2948.49,-5.83,-0.20,0.46,0.02,-5.83,-0.20,1532.34,0.15
1891,空头出场,2026-01-29 20:30,VltClsLE,2937.34,1,2942.66,5.32,0.18,18.89,0.64,-2.76,-0.09,1537.66,0.15
1891,空头进场,2026-01-29 18:45,VltClsSE,2942.66,1,2942.66,5.32,0.18,18.89,0.64,-2.76,-0.09,1537.66,0.15
1892,多头出场,2026-01-29 21:45,VltClsSE,2931.92,1,2937.34,-5.42,-0.18,1.66,0.06,-5.46,-0.19,1532.24,0.15
1892,多头进场,2026-01-29 20:30,VltClsLE,2937.34,1,2937.34,-5.42,-0.18,1.66,0.06,-5.46,-0.19,1532.24,0.15
1893,空头出场,2026-01-29 22:30,VltClsLE,2923.92,1,2931.92,8,0.27,14.04,0.48,-5.1,-0.17,1540.24,0.15
1893,空头进场,2026-01-29 21:45,VltClsSE,2931.92,1,2931.92,8,0.27,14.04,0.48,-5.1,-0.17,1540.24,0.15
1894,多头出场,2026-01-29 22:45,VltClsSE,2902.02,1,2923.92,-21.9,-0.75,0.75,0.03,-21.9,-0.75,1518.34,0.15
1894,多头进场,2026-01-29 22:30,VltClsLE,2923.92,1,2923.92,-21.9,-0.75,0.75,0.03,-21.9,-0.75,1518.34,0.15
1895,空头出场,2026-01-29 23:15,VltClsLE,2834.96,1,2902.02,67.06,2.31,96.26,3.32,0,0.00,1585.4,0.16
1895,空头进场,2026-01-29 22:45,VltClsSE,2902.02,1,2902.02,67.06,2.31,96.26,3.32,0,0.00,1585.4,0.16
1896,多头出场,2026-01-29 23:30,VltClsSE,2809.87,1,2834.96,-25.09,-0.89,8.23,0.29,-25.09,-0.89,1560.31,0.16
1896,多头进场,2026-01-29 23:15,VltClsLE,2834.96,1,2834.96,-25.09,-0.89,8.23,0.29,-25.09,-0.89,1560.31,0.16
1897,空头出场,2026-01-29 23:45,VltClsLE,2832.77,1,2809.87,-22.9,-0.81,12.86,0.46,-22.9,-0.81,1537.41,0.15
1897,空头进场,2026-01-29 23:30,VltClsSE,2809.87,1,2809.87,-22.9,-0.81,12.86,0.46,-22.9,-0.81,1537.41,0.15
1898,多头出场,2026-01-30 01:45,VltClsSE,2819.4,1,2832.77,-13.37,-0.47,27.28,0.96,-31.19,-1.10,1524.04,0.15
1898,多头进场,2026-01-29 23:45,VltClsLE,2832.77,1,2832.77,-13.37,-0.47,27.28,0.96,-31.19,-1.10,1524.04,0.15
1899,空头出场,2026-01-30 03:30,VltClsLE,2804.06,1,2819.4,15.34,0.54,64.87,2.30,-15.04,-0.53,1539.38,0.15
1899,空头进场,2026-01-30 01:45,VltClsSE,2819.4,1,2819.4,15.34,0.54,64.87,2.30,-15.04,-0.53,1539.38,0.15
1900,多头出场,2026-01-30 06:00,VltClsSE,2811.43,1,2804.06,7.37,0.26,21.17,0.75,-14.67,-0.52,1546.75,0.15
1900,多头进场,2026-01-30 03:30,VltClsLE,2804.06,1,2804.06,7.37,0.26,21.17,0.75,-14.67,-0.52,1546.75,0.15
1901,空头出场,2026-01-30 06:45,VltClsLE,2821.07,1,2811.43,-9.64,-0.34,0.88,0.03,-9.64,-0.34,1537.11,0.15
1901,空头进场,2026-01-30 06:00,VltClsSE,2811.43,1,2811.43,-9.64,-0.34,0.88,0.03,-9.64,-0.34,1537.11,0.15
1902,多头出场,2026-01-30 07:00,VltClsSE,2813.96,1,2821.07,-7.11,-0.25,2.8,0.10,-7.11,-0.25,1530,0.15
1902,多头进场,2026-01-30 06:45,VltClsLE,2821.07,1,2821.07,-7.11,-0.25,2.8,0.10,-7.11,-0.25,1530,0.15
1903,空头出场,2026-01-30 07:15,VltClsLE,2821.2,1,2813.96,-7.24,-0.26,1.19,0.04,-7.24,-0.26,1522.76,0.15
1903,空头进场,2026-01-30 07:00,VltClsSE,2813.96,1,2813.96,-7.24,-0.26,1.19,0.04,-7.24,-0.26,1522.76,0.15
1904,多头出场,2026-01-30 08:15,VltClsSE,2814.2,1,2821.2,-7,-0.25,7.45,0.26,-7,-0.25,1515.76,0.15
1904,多头进场,2026-01-30 07:15,VltClsLE,2821.2,1,2821.2,-7,-0.25,7.45,0.26,-7,-0.25,1515.76,0.15
1905,空头出场,2026-01-30 08:30,VltClsLE,2814.6,1,2814.2,-0.4,-0.01,11.62,0.41,-0.4,-0.01,1515.36,0.15
1905,空头进场,2026-01-30 08:15,VltClsSE,2814.2,1,2814.2,-0.4,-0.01,11.62,0.41,-0.4,-0.01,1515.36,0.15
1906,多头出场,2026-01-30 08:45,VltClsSE,2805.48,1,2814.6,-9.12,-0.32,2.59,0.09,-9.12,-0.32,1506.24,0.15
1906,多头进场,2026-01-30 08:30,VltClsLE,2814.6,1,2814.6,-9.12,-0.32,2.59,0.09,-9.12,-0.32,1506.24,0.15
1907,空头出场,2026-01-30 09:45,VltClsLE,2752.07,1,2805.48,53.41,1.90,116.48,4.15,-7.83,-0.28,1559.65,0.16
1907,空头进场,2026-01-30 08:45,VltClsSE,2805.48,1,2805.48,53.41,1.90,116.48,4.15,-7.83,-0.28,1559.65,0.16
1908,多头出场,2026-01-30 14:00,VltClsSE,2739.94,1,2752.07,-12.13,-0.44,22.76,0.83,-52.91,-1.92,1547.52,0.15
1908,多头进场,2026-01-30 09:45,VltClsLE,2752.07,1,2752.07,-12.13,-0.44,22.76,0.83,-52.91,-1.92,1547.52,0.15
1909,空头出场,2026-01-30 14:45,VltClsLE,2717.31,1,2739.94,22.63,0.83,43.12,1.57,0,0.00,1570.15,0.16
1909,空头进场,2026-01-30 14:00,VltClsSE,2739.94,1,2739.94,22.63,0.83,43.12,1.57,0,0.00,1570.15,0.16
1910,多头出场,2026-01-30 16:30,VltClsSE,2730,1,2717.31,12.69,0.47,33.62,1.24,0,0.00,1582.84,0.16
1910,多头进场,2026-01-30 14:45,VltClsLE,2717.31,1,2717.31,12.69,0.47,33.62,1.24,0,0.00,1582.84,0.16
1911,空头出场,2026-01-30 18:15,VltClsLE,2729.42,1,2730,0.58,0.02,20,0.73,-13.91,-0.51,1583.42,0.16
1911,空头进场,2026-01-30 16:30,VltClsSE,2730,1,2730,0.58,0.02,20,0.73,-13.91,-0.51,1583.42,0.16
1912,多头出场,2026-01-30 20:15,VltClsSE,2741.52,1,2729.42,12.1,0.44,39.36,1.44,-5.29,-0.19,1595.52,0.16
1912,多头进场,2026-01-30 18:15,VltClsLE,2729.42,1,2729.42,12.1,0.44,39.36,1.44,-5.29,-0.19,1595.52,0.16
1913,空头出场,2026-01-30 21:30,VltClsLE,2745.05,1,2741.52,-3.53,-0.13,13.27,0.48,-6.62,-0.24,1591.99,0.16
1913,空头进场,2026-01-30 20:15,VltClsSE,2741.52,1,2741.52,-3.53,-0.13,13.27,0.48,-6.62,-0.24,1591.99,0.16
1914,多头出场,2026-01-30 21:45,VltClsSE,2727.24,1,2745.05,-17.81,-0.65,6.19,0.23,-25.51,-0.93,1574.18,0.16
1914,多头进场,2026-01-30 21:30,VltClsLE,2745.05,1,2745.05,-17.81,-0.65,6.19,0.23,-25.51,-0.93,1574.18,0.16
1915,空头出场,2026-01-30 22:00,VltClsLE,2741.96,1,2727.24,-14.72,-0.54,3.36,0.12,-14.72,-0.54,1559.46,0.16
1915,空头进场,2026-01-30 21:45,VltClsSE,2727.24,1,2727.24,-14.72,-0.54,3.36,0.12,-14.72,-0.54,1559.46,0.16
1916,多头出场,2026-01-30 22:45,VltClsSE,2743.19,1,2741.96,1.23,0.04,22.86,0.83,-18.41,-0.67,1560.69,0.16
1916,多头进场,2026-01-30 22:00,VltClsLE,2741.96,1,2741.96,1.23,0.04,22.86,0.83,-18.41,-0.67,1560.69,0.16
1917,空头出场,2026-01-30 23:30,VltClsLE,2731.46,1,2743.19,11.73,0.43,49.77,1.81,-9.65,-0.35,1572.42,0.16
1917,空头进场,2026-01-30 22:45,VltClsSE,2743.19,1,2743.19,11.73,0.43,49.77,1.81,-9.65,-0.35,1572.42,0.16
1918,多头出场,2026-01-31 00:15,VltClsSE,2715.53,1,2731.46,-15.93,-0.58,13.27,0.49,-15.93,-0.58,1556.49,0.16
1918,多头进场,2026-01-30 23:30,VltClsLE,2731.46,1,2731.46,-15.93,-0.58,13.27,0.49,-15.93,-0.58,1556.49,0.16
1919,空头出场,2026-01-31 01:15,VltClsLE,2729.08,1,2715.53,-13.55,-0.50,9.31,0.34,-29.02,-1.07,1542.94,0.15
1919,空头进场,2026-01-31 00:15,VltClsSE,2715.53,1,2715.53,-13.55,-0.50,9.31,0.34,-29.02,-1.07,1542.94,0.15
1920,多头出场,2026-01-31 01:30,VltClsSE,2715.67,1,2729.08,-13.41,-0.49,11.91,0.44,-13.41,-0.49,1529.53,0.15
1920,多头进场,2026-01-31 01:15,VltClsLE,2729.08,1,2729.08,-13.41,-0.49,11.91,0.44,-13.41,-0.49,1529.53,0.15
1921,空头出场,2026-01-31 02:30,VltClsLE,2699.17,1,2715.67,16.5,0.61,79.66,2.93,-9.57,-0.35,1546.03,0.15
1921,空头进场,2026-01-31 01:30,VltClsSE,2715.67,1,2715.67,16.5,0.61,79.66,2.93,-9.57,-0.35,1546.03,0.15
1922,多头出场,2026-01-31 04:00,VltClsSE,2723.47,1,2699.17,24.3,0.90,62.29,2.31,0,0.00,1570.33,0.16
1922,多头进场,2026-01-31 02:30,VltClsLE,2699.17,1,2699.17,24.3,0.90,62.29,2.31,0,0.00,1570.33,0.16
1923,空头出场,2026-01-31 06:30,VltClsLE,2705.34,1,2723.47,18.13,0.67,58.65,2.15,-2.36,-0.09,1588.46,0.16
1923,空头进场,2026-01-31 04:00,VltClsSE,2723.47,1,2723.47,18.13,0.67,58.65,2.15,-2.36,-0.09,1588.46,0.16
1924,多头出场,2026-01-31 07:00,VltClsSE,2701.57,1,2705.34,-3.77,-0.14,6.52,0.24,-4.48,-0.17,1584.69,0.16
1924,多头进场,2026-01-31 06:30,VltClsLE,2705.34,1,2705.34,-3.77,-0.14,6.52,0.24,-4.48,-0.17,1584.69,0.16
1925,空头出场,2026-01-31 07:30,VltClsLE,2705.46,1,2701.57,-3.89,-0.14,6.98,0.26,-5.62,-0.21,1580.8,0.16
1925,空头进场,2026-01-31 07:00,VltClsSE,2701.57,1,2701.57,-3.89,-0.14,6.98,0.26,-5.62,-0.21,1580.8,0.16
1926,多头出场,2026-01-31 08:45,VltClsSE,2708.58,1,2705.46,3.12,0.12,9.18,0.34,-2.19,-0.08,1583.92,0.16
1926,多头进场,2026-01-31 07:30,VltClsLE,2705.46,1,2705.46,3.12,0.12,9.18,0.34,-2.19,-0.08,1583.92,0.16
1927,空头出场,2026-01-31 09:00,VltClsLE,2711.08,1,2708.58,-2.5,-0.09,3.28,0.12,-2.5,-0.09,1581.42,0.16
1927,空头进场,2026-01-31 08:45,VltClsSE,2708.58,1,2708.58,-2.5,-0.09,3.28,0.12,-2.5,-0.09,1581.42,0.16
1928,多头出场,2026-01-31 09:30,VltClsSE,2705.65,1,2711.08,-5.43,-0.20,3.45,0.13,-5.43,-0.20,1575.99,0.16
1928,多头进场,2026-01-31 09:00,VltClsLE,2711.08,1,2711.08,-5.43,-0.20,3.45,0.13,-5.43,-0.20,1575.99,0.16
1929,空头出场,2026-01-31 10:30,VltClsLE,2698.07,1,2705.65,7.58,0.28,20.98,0.78,0,0.00,1583.57,0.16
1929,空头进场,2026-01-31 09:30,VltClsSE,2705.65,1,2705.65,7.58,0.28,20.98,0.78,0,0.00,1583.57,0.16
1930,多头出场,2026-01-31 12:30,VltClsSE,2700.32,1,2698.07,2.25,0.08,10.57,0.39,-3.35,-0.12,1585.82,0.16
1930,多头进场,2026-01-31 10:30,VltClsLE,2698.07,1,2698.07,2.25,0.08,10.57,0.39,-3.35,-0.12,1585.82,0.16
1931,空头出场,2026-01-31 13:15,VltClsLE,2701.97,1,2700.32,-1.65,-0.06,9.52,0.35,-1.65,-0.06,1584.17,0.16
1931,空头进场,2026-01-31 12:30,VltClsSE,2700.32,1,2700.32,-1.65,-0.06,9.52,0.35,-1.65,-0.06,1584.17,0.16
1932,多头出场,2026-01-31 14:00,VltClsSE,2693.51,1,2701.97,-8.46,-0.31,1.5,0.06,-8.46,-0.31,1575.71,0.16
1932,多头进场,2026-01-31 13:15,VltClsLE,2701.97,1,2701.97,-8.46,-0.31,1.5,0.06,-8.46,-0.31,1575.71,0.16
1933,空头出场,2026-01-31 16:45,VltClsLE,2649.49,1,2693.51,44.02,1.63,83.66,3.11,-5.57,-0.21,1619.73,0.16
1933,空头进场,2026-01-31 14:00,VltClsSE,2693.51,1,2693.51,44.02,1.63,83.66,3.11,-5.57,-0.21,1619.73,0.16
1934,多头出场,2026-01-31 18:00,VltClsSE,2637.44,1,2649.49,-12.05,-0.45,10.31,0.39,-15.78,-0.60,1607.68,0.16
1934,多头进场,2026-01-31 16:45,VltClsLE,2649.49,1,2649.49,-12.05,-0.45,10.31,0.39,-15.78,-0.60,1607.68,0.16
1935,空头出场,2026-01-31 19:15,VltClsLE,2650.2,1,2637.44,-12.76,-0.48,0.9,0.03,-18.26,-0.69,1594.92,0.16
1935,空头进场,2026-01-31 18:00,VltClsSE,2637.44,1,2637.44,-12.76,-0.48,0.9,0.03,-18.26,-0.69,1594.92,0.16
1936,多头出场,2026-01-31 19:30,VltClsSE,2642.59,1,2650.2,-7.61,-0.29,0.14,0.01,-7.61,-0.29,1587.31,0.16
1936,多头进场,2026-01-31 19:15,VltClsLE,2650.2,1,2650.2,-7.61,-0.29,0.14,0.01,-7.61,-0.29,1587.31,0.16
1937,空头出场,2026-01-31 20:15,VltClsLE,2639.07,1,2642.59,3.52,0.13,13.96,0.53,-1.84,-0.07,1590.83,0.16
1937,空头进场,2026-01-31 19:30,VltClsSE,2642.59,1,2642.59,3.52,0.13,13.96,0.53,-1.84,-0.07,1590.83,0.16
1938,多头出场,2026-01-31 20:30,VltClsSE,2632.01,1,2639.07,-7.06,-0.27,4.22,0.16,-7.06,-0.27,1583.77,0.16
1938,多头进场,2026-01-31 20:15,VltClsLE,2639.07,1,2639.07,-7.06,-0.27,4.22,0.16,-7.06,-0.27,1583.77,0.16
1939,空头出场,2026-02-01 00:15,VltClsLE,2537.01,1,2632.01,95,3.61,127.01,4.83,-11.44,-0.43,1678.77,0.17
1939,空头进场,2026-01-31 20:30,VltClsSE,2632.01,1,2632.01,95,3.61,127.01,4.83,-11.44,-0.43,1678.77,0.17
1940,多头出场,2026-02-01 00:45,VltClsSE,2504.1,1,2537.01,-32.91,-1.30,14.25,0.56,-32.91,-1.30,1645.86,0.16
1940,多头进场,2026-02-01 00:15,VltClsLE,2537.01,1,2537.01,-32.91,-1.30,14.25,0.56,-32.91,-1.30,1645.86,0.16
1941,空头出场,2026-02-01 03:00,VltClsLE,2425.43,1,2504.1,78.67,3.14,254.1,10.15,0,0.00,1724.53,0.17
1941,空头进场,2026-02-01 00:45,VltClsSE,2504.1,1,2504.1,78.67,3.14,254.1,10.15,0,0.00,1724.53,0.17
1942,多头出场,2026-02-01 09:00,VltClsSE,2438.87,1,2425.43,13.44,0.55,50.55,2.08,-70.19,-2.89,1737.97,0.17
1942,多头进场,2026-02-01 03:00,VltClsLE,2425.43,1,2425.43,13.44,0.55,50.55,2.08,-70.19,-2.89,1737.97,0.17
1943,空头出场,2026-02-01 10:00,VltClsLE,2457.86,1,2438.87,-18.99,-0.78,9.72,0.40,-18.99,-0.78,1718.98,0.17
1943,空头进场,2026-02-01 09:00,VltClsSE,2438.87,1,2438.87,-18.99,-0.78,9.72,0.40,-18.99,-0.78,1718.98,0.17
1944,多头出场,2026-02-01 11:15,VltClsSE,2440.28,1,2457.86,-17.58,-0.72,3.95,0.16,-17.58,-0.72,1701.4,0.17
1944,多头进场,2026-02-01 10:00,VltClsLE,2457.86,1,2457.86,-17.58,-0.72,3.95,0.16,-17.58,-0.72,1701.4,0.17
1945,空头出场,2026-02-01 12:00,VltClsLE,2452.41,1,2440.28,-12.13,-0.50,2.15,0.09,-12.13,-0.50,1689.27,0.17
1945,空头进场,2026-02-01 11:15,VltClsSE,2440.28,1,2440.28,-12.13,-0.50,2.15,0.09,-12.13,-0.50,1689.27,0.17
1946,多头出场,2026-02-01 13:00,VltClsSE,2442.51,1,2452.41,-9.9,-0.40,2.25,0.09,-9.9,-0.40,1679.37,0.17
1946,多头进场,2026-02-01 12:00,VltClsLE,2452.41,1,2452.41,-9.9,-0.40,2.25,0.09,-9.9,-0.40,1679.37,0.17
1947,空头出场,2026-02-01 13:15,VltClsLE,2448.07,1,2442.51,-5.56,-0.23,7.09,0.29,-5.56,-0.23,1673.81,0.17
1947,空头进场,2026-02-01 13:00,VltClsSE,2442.51,1,2442.51,-5.56,-0.23,7.09,0.29,-5.56,-0.23,1673.81,0.17
1948,多头出场,2026-02-01 13:30,VltClsSE,2440.23,1,2448.07,-7.84,-0.32,0.73,0.03,-7.84,-0.32,1665.97,0.17
1948,多头进场,2026-02-01 13:15,VltClsLE,2448.07,1,2448.07,-7.84,-0.32,0.73,0.03,-7.84,-0.32,1665.97,0.17
1949,空头出场,2026-02-01 15:30,VltClsLE,2419.98,1,2440.23,20.25,0.83,46.77,1.92,0,0.00,1686.22,0.17
1949,空头进场,2026-02-01 13:30,VltClsSE,2440.23,1,2440.23,20.25,0.83,46.77,1.92,0,0.00,1686.22,0.17
1950,多头出场,2026-02-01 15:45,VltClsSE,2414.17,1,2419.98,-5.81,-0.24,18.81,0.78,-5.81,-0.24,1680.41,0.17
1950,多头进场,2026-02-01 15:30,VltClsLE,2419.98,1,2419.98,-5.81,-0.24,18.81,0.78,-5.81,-0.24,1680.41,0.17
1951,空头出场,2026-02-01 16:30,VltClsLE,2418.95,1,2414.17,-4.78,-0.20,17.6,0.73,-4.78,-0.20,1675.63,0.17
1951,空头进场,2026-02-01 15:45,VltClsSE,2414.17,1,2414.17,-4.78,-0.20,17.6,0.73,-4.78,-0.20,1675.63,0.17
1952,多头出场,2026-02-01 18:15,VltClsSE,2427.69,1,2418.95,8.74,0.36,20.03,0.83,-12.32,-0.51,1684.37,0.17
1952,多头进场,2026-02-01 16:30,VltClsLE,2418.95,1,2418.95,8.74,0.36,20.03,0.83,-12.32,-0.51,1684.37,0.17
1953,空头出场,2026-02-01 19:30,VltClsLE,2402.08,1,2427.69,25.61,1.05,51.59,2.13,-3.32,-0.14,1709.98,0.17
1953,空头进场,2026-02-01 18:15,VltClsSE,2427.69,1,2427.69,25.61,1.05,51.59,2.13,-3.32,-0.14,1709.98,0.17
1954,多头出场,2026-02-01 20:15,VltClsSE,2394.95,1,2402.08,-7.13,-0.30,21.82,0.91,-7.13,-0.30,1702.85,0.17
1954,多头进场,2026-02-01 19:30,VltClsLE,2402.08,1,2402.08,-7.13,-0.30,21.82,0.91,-7.13,-0.30,1702.85,0.17
1955,空头出场,2026-02-01 21:00,VltClsLE,2408.66,1,2394.95,-13.71,-0.57,29.95,1.25,-13.8,-0.58,1689.14,0.17
1955,空头进场,2026-02-01 20:15,VltClsSE,2394.95,1,2394.95,-13.71,-0.57,29.95,1.25,-13.8,-0.58,1689.14,0.17
1956,多头出场,2026-02-01 21:45,VltClsSE,2383.86,1,2408.66,-24.8,-1.03,1.87,0.08,-24.8,-1.03,1664.34,0.17
1956,多头进场,2026-02-01 21:00,VltClsLE,2408.66,1,2408.66,-24.8,-1.03,1.87,0.08,-24.8,-1.03,1664.34,0.17
1957,空头出场,2026-02-01 22:45,VltClsLE,2369.25,1,2383.86,14.61,0.61,56.9,2.39,-5.71,-0.24,1678.95,0.17
1957,空头进场,2026-02-01 21:45,VltClsSE,2383.86,1,2383.86,14.61,0.61,56.9,2.39,-5.71,-0.24,1678.95,0.17
1958,多头出场,2026-02-01 23:00,VltClsSE,2350.8,1,2369.25,-18.45,-0.78,18.58,0.78,-18.45,-0.78,1660.5,0.17
1958,多头进场,2026-02-01 22:45,VltClsLE,2369.25,1,2369.25,-18.45,-0.78,18.58,0.78,-18.45,-0.78,1660.5,0.17
1959,空头出场,2026-02-01 23:45,VltClsLE,2330.01,1,2350.8,20.79,0.88,65.4,2.78,0,0.00,1681.29,0.17
1959,空头进场,2026-02-01 23:00,VltClsSE,2350.8,1,2350.8,20.79,0.88,65.4,2.78,0,0.00,1681.29,0.17
1960,多头出场,2026-02-02 03:45,VltClsSE,2326.12,1,2330.01,-3.89,-0.17,47.98,2.06,-45.84,-1.97,1677.4,0.17
1960,多头进场,2026-02-01 23:45,VltClsLE,2330.01,1,2330.01,-3.89,-0.17,47.98,2.06,-45.84,-1.97,1677.4,0.17
1961,空头出场,2026-02-02 04:30,VltClsLE,2317.11,1,2326.12,9.01,0.39,27.56,1.18,-3.84,-0.17,1686.41,0.17
1961,空头进场,2026-02-02 03:45,VltClsSE,2326.12,1,2326.12,9.01,0.39,27.56,1.18,-3.84,-0.17,1686.41,0.17
1962,多头出场,2026-02-02 05:00,VltClsSE,2293.51,1,2317.11,-23.6,-1.02,32.13,1.39,-23.6,-1.02,1662.81,0.17
1962,多头进场,2026-02-02 04:30,VltClsLE,2317.11,1,2317.11,-23.6,-1.02,32.13,1.39,-23.6,-1.02,1662.81,0.17
1963,空头出场,2026-02-02 06:00,VltClsLE,2307.29,1,2293.51,-13.78,-0.60,14.35,0.63,-26.06,-1.14,1649.03,0.16
1963,空头进场,2026-02-02 05:00,VltClsSE,2293.51,1,2293.51,-13.78,-0.60,14.35,0.63,-26.06,-1.14,1649.03,0.16
1964,多头出场,2026-02-02 06:15,VltClsSE,2303.99,1,2307.29,-3.3,-0.14,27.61,1.20,-3.3,-0.14,1645.73,0.16
1964,多头进场,2026-02-02 06:00,VltClsLE,2307.29,1,2307.29,-3.3,-0.14,27.61,1.20,-3.3,-0.14,1645.73,0.16
1965,空头出场,2026-02-02 07:30,VltClsLE,2289.06,1,2303.99,14.93,0.65,81.99,3.56,-26.78,-1.16,1660.66,0.17
1965,空头进场,2026-02-02 06:15,VltClsSE,2303.99,1,2303.99,14.93,0.65,81.99,3.56,-26.78,-1.16,1660.66,0.17
1966,多头出场,2026-02-02 09:00,VltClsSE,2268.39,1,2289.06,-20.67,-0.90,35.11,1.53,-46.73,-2.04,1639.99,0.16
1966,多头进场,2026-02-02 07:30,VltClsLE,2289.06,1,2289.06,-20.67,-0.90,35.11,1.53,-46.73,-2.04,1639.99,0.16
1967,空头出场,2026-02-02 09:15,VltClsLE,2286.5,1,2268.39,-18.11,-0.80,18.26,0.80,-18.11,-0.80,1621.88,0.16
1967,空头进场,2026-02-02 09:00,VltClsSE,2268.39,1,2268.39,-18.11,-0.80,18.26,0.80,-18.11,-0.80,1621.88,0.16
1968,多头出场,2026-02-02 10:30,VltClsSE,2272.81,1,2286.5,-13.69,-0.60,32.16,1.41,-13.69,-0.60,1608.19,0.16
1968,多头进场,2026-02-02 09:15,VltClsLE,2286.5,1,2286.5,-13.69,-0.60,32.16,1.41,-13.69,-0.60,1608.19,0.16
1969,空头出场,2026-02-02 11:30,VltClsLE,2199.73,1,2272.81,73.08,3.22,106.67,4.69,-5.62,-0.25,1681.27,0.17
1969,空头进场,2026-02-02 10:30,VltClsSE,2272.81,1,2272.81,73.08,3.22,106.67,4.69,-5.62,-0.25,1681.27,0.17
1970,多头出场,2026-02-02 13:15,VltClsSE,2196.63,1,2199.73,-3.1,-0.14,68.27,3.10,-20.79,-0.95,1678.17,0.17
1970,多头进场,2026-02-02 11:30,VltClsLE,2199.73,1,2199.73,-3.1,-0.14,68.27,3.10,-20.79,-0.95,1678.17,0.17
1971,空头出场,2026-02-02 14:15,VltClsLE,2214.56,1,2196.63,-17.93,-0.82,19.58,0.89,-17.93,-0.82,1660.24,0.17
1971,空头进场,2026-02-02 13:15,VltClsSE,2196.63,1,2196.63,-17.93,-0.82,19.58,0.89,-17.93,-0.82,1660.24,0.17
1972,多头出场,2026-02-02 14:30,VltClsSE,2178.05,1,2214.56,-36.51,-1.65,0.67,0.03,-36.51,-1.65,1623.73,0.16
1972,多头进场,2026-02-02 14:15,VltClsLE,2214.56,1,2214.56,-36.51,-1.65,0.67,0.03,-36.51,-1.65,1623.73,0.16
1973,空头出场,2026-02-02 16:00,VltClsLE,2247.32,1,2178.05,-69.27,-3.18,20.91,0.96,-75.11,-3.45,1554.46,0.16
1973,空头进场,2026-02-02 14:30,VltClsSE,2178.05,1,2178.05,-69.27,-3.18,20.91,0.96,-75.11,-3.45,1554.46,0.16
1974,多头出场,2026-02-02 19:45,VltClsSE,2280.02,1,2247.32,32.7,1.46,71.68,3.19,-10.59,-0.47,1587.16,0.16
1974,多头进场,2026-02-02 16:00,VltClsLE,2247.32,1,2247.32,32.7,1.46,71.68,3.19,-10.59,-0.47,1587.16,0.16
1975,空头出场,2026-02-02 20:00,VltClsLE,2291.63,1,2280.02,-11.61,-0.51,4.77,0.21,-11.61,-0.51,1575.55,0.16
1975,空头进场,2026-02-02 19:45,VltClsSE,2280.02,1,2280.02,-11.61,-0.51,4.77,0.21,-11.61,-0.51,1575.55,0.16
1976,多头出场,2026-02-02 22:00,VltClsSE,2314.01,1,2291.63,22.38,0.98,44.27,1.93,0,0.00,1597.93,0.16
1976,多头进场,2026-02-02 20:00,VltClsLE,2291.63,1,2291.63,22.38,0.98,44.27,1.93,0,0.00,1597.93,0.16
1977,空头出场,2026-02-02 22:30,VltClsLE,2337.93,1,2314.01,-23.92,-1.03,39.82,1.72,-23.92,-1.03,1574.01,0.16
1977,空头进场,2026-02-02 22:00,VltClsSE,2314.01,1,2314.01,-23.92,-1.03,39.82,1.72,-23.92,-1.03,1574.01,0.16
1978,多头出场,2026-02-02 22:45,VltClsSE,2326.85,1,2337.93,-11.08,-0.47,29.75,1.27,-11.08,-0.47,1562.93,0.16
1978,多头进场,2026-02-02 22:30,VltClsLE,2337.93,1,2337.93,-11.08,-0.47,29.75,1.27,-11.08,-0.47,1562.93,0.16
1979,空头出场,2026-02-02 23:15,VltClsLE,2379.76,1,2326.85,-52.91,-2.27,6.85,0.29,-52.91,-2.27,1510.02,0.15
1979,空头进场,2026-02-02 22:45,VltClsSE,2326.85,1,2326.85,-52.91,-2.27,6.85,0.29,-52.91,-2.27,1510.02,0.15
1980,多头出场,2026-02-03 00:45,VltClsSE,2356.02,1,2379.76,-23.74,-1.00,16.86,0.71,-23.74,-1.00,1486.28,0.15
1980,多头进场,2026-02-02 23:15,VltClsLE,2379.76,1,2379.76,-23.74,-1.00,16.86,0.71,-23.74,-1.00,1486.28,0.15
1981,空头出场,2026-02-03 01:00,VltClsLE,2373.47,1,2356.02,-17.45,-0.74,6.12,0.26,-17.45,-0.74,1468.83,0.15
1981,空头进场,2026-02-03 00:45,VltClsSE,2356.02,1,2356.02,-17.45,-0.74,6.12,0.26,-17.45,-0.74,1468.83,0.15
1982,多头出场,2026-02-03 01:30,VltClsSE,2352.83,1,2373.47,-20.64,-0.87,8.12,0.34,-20.64,-0.87,1448.19,0.14
1982,多头进场,2026-02-03 01:00,VltClsLE,2373.47,1,2373.47,-20.64,-0.87,8.12,0.34,-20.64,-0.87,1448.19,0.14
1983,空头出场,2026-02-03 02:30,VltClsLE,2350.39,1,2352.83,2.44,0.10,20.09,0.85,-7.63,-0.32,1450.63,0.15
1983,空头进场,2026-02-03 01:30,VltClsSE,2352.83,1,2352.83,2.44,0.10,20.09,0.85,-7.63,-0.32,1450.63,0.15
1984,多头出场,2026-02-03 03:45,VltClsSE,2331.77,1,2350.39,-18.62,-0.79,9.39,0.40,-18.62,-0.79,1432.01,0.14
1984,多头进场,2026-02-03 02:30,VltClsLE,2350.39,1,2350.39,-18.62,-0.79,9.39,0.40,-18.62,-0.79,1432.01,0.14
1985,空头出场,2026-02-03 04:00,VltClsLE,2340.37,1,2331.77,-8.6,-0.37,8.3,0.36,-8.6,-0.37,1423.41,0.14
1985,空头进场,2026-02-03 03:45,VltClsSE,2331.77,1,2331.77,-8.6,-0.37,8.3,0.36,-8.6,-0.37,1423.41,0.14
1986,多头出场,2026-02-03 04:30,VltClsSE,2317.9,1,2340.37,-22.47,-0.96,0.41,0.02,-22.47,-0.96,1400.94,0.14
1986,多头进场,2026-02-03 04:00,VltClsLE,2340.37,1,2340.37,-22.47,-0.96,0.41,0.02,-22.47,-0.96,1400.94,0.14
1987,空头出场,2026-02-03 05:00,VltClsLE,2332.61,1,2317.9,-14.71,-0.63,4.57,0.20,-14.71,-0.63,1386.23,0.14
1987,空头进场,2026-02-03 04:30,VltClsSE,2317.9,1,2317.9,-14.71,-0.63,4.57,0.20,-14.71,-0.63,1386.23,0.14
1988,多头出场,2026-02-03 07:15,VltClsSE,2344.03,1,2332.61,11.42,0.49,22.94,0.98,-3.52,-0.15,1397.65,0.14
1988,多头进场,2026-02-03 05:00,VltClsLE,2332.61,1,2332.61,11.42,0.49,22.94,0.98,-3.52,-0.15,1397.65,0.14
1989,空头出场,2026-02-03 07:30,VltClsLE,2349.83,1,2344.03,-5.8,-0.25,4.03,0.17,-5.8,-0.25,1391.85,0.14
1989,空头进场,2026-02-03 07:15,VltClsSE,2344.03,1,2344.03,-5.8,-0.25,4.03,0.17,-5.8,-0.25,1391.85,0.14
1990,多头出场,2026-02-03 08:00,VltClsSE,2338.98,1,2349.83,-10.85,-0.46,4.62,0.20,-10.85,-0.46,1381,0.14
1990,多头进场,2026-02-03 07:30,VltClsLE,2349.83,1,2349.83,-10.85,-0.46,4.62,0.20,-10.85,-0.46,1381,0.14
1991,空头出场,2026-02-03 08:15,VltClsLE,2344.15,1,2338.98,-5.17,-0.22,13.75,0.59,-5.17,-0.22,1375.83,0.14
1991,空头进场,2026-02-03 08:00,VltClsSE,2338.98,1,2338.98,-5.17,-0.22,13.75,0.59,-5.17,-0.22,1375.83,0.14
1992,多头出场,2026-02-03 10:00,VltClsSE,2345.63,1,2344.15,1.48,0.06,15.73,0.67,-6.28,-0.27,1377.31,0.14
1992,多头进场,2026-02-03 08:15,VltClsLE,2344.15,1,2344.15,1.48,0.06,15.73,0.67,-6.28,-0.27,1377.31,0.14
1993,空头出场,2026-02-03 10:15,VltClsLE,2340.09,1,2345.63,5.54,0.24,17.49,0.75,0,0.00,1382.85,0.14
1993,空头进场,2026-02-03 10:00,VltClsSE,2345.63,1,2345.63,5.54,0.24,17.49,0.75,0,0.00,1382.85,0.14
1994,多头出场,2026-02-03 10:30,VltClsSE,2319.74,1,2340.09,-20.35,-0.87,1.24,0.05,-20.35,-0.87,1362.5,0.14
1994,多头进场,2026-02-03 10:15,VltClsLE,2340.09,1,2340.09,-20.35,-0.87,1.24,0.05,-20.35,-0.87,1362.5,0.14
1995,空头出场,2026-02-03 11:30,VltClsLE,2329.36,1,2319.74,-9.62,-0.41,35.26,1.52,-9.62,-0.41,1352.88,0.14
1995,空头进场,2026-02-03 10:30,VltClsSE,2319.74,1,2319.74,-9.62,-0.41,35.26,1.52,-9.62,-0.41,1352.88,0.14
1996,多头出场,2026-02-03 13:00,VltClsSE,2333.36,1,2329.36,4,0.17,25.63,1.10,-6.33,-0.27,1356.88,0.14
1996,多头进场,2026-02-03 11:30,VltClsLE,2329.36,1,2329.36,4,0.17,25.63,1.10,-6.33,-0.27,1356.88,0.14
1997,空头出场,2026-02-03 14:15,VltClsLE,2318.74,1,2333.36,14.62,0.63,34.92,1.50,0,0.00,1371.5,0.14
1997,空头进场,2026-02-03 13:00,VltClsSE,2333.36,1,2333.36,14.62,0.63,34.92,1.50,0,0.00,1371.5,0.14
1998,多头出场,2026-02-03 16:00,VltClsSE,2314.33,1,2318.74,-4.41,-0.19,14.87,0.64,-5.94,-0.26,1367.09,0.14
1998,多头进场,2026-02-03 14:15,VltClsLE,2318.74,1,2318.74,-4.41,-0.19,14.87,0.64,-5.94,-0.26,1367.09,0.14
1999,空头出场,2026-02-03 16:15,VltClsLE,2322.23,1,2314.33,-7.9,-0.34,5.13,0.22,-7.9,-0.34,1359.19,0.14
1999,空头进场,2026-02-03 16:00,VltClsSE,2314.33,1,2314.33,-7.9,-0.34,5.13,0.22,-7.9,-0.34,1359.19,0.14
2000,多头出场,2026-02-03 16:45,VltClsSE,2318.97,1,2322.23,-3.26,-0.14,10.34,0.45,-3.26,-0.14,1355.93,0.14
2000,多头进场,2026-02-03 16:15,VltClsLE,2322.23,1,2322.23,-3.26,-0.14,10.34,0.45,-3.26,-0.14,1355.93,0.14
2001,空头出场,2026-02-03 17:30,VltClsLE,2290.76,1,2318.97,28.21,1.22,56.82,2.45,0,0.00,1384.14,0.14
2001,空头进场,2026-02-03 16:45,VltClsSE,2318.97,1,2318.97,28.21,1.22,56.82,2.45,0,0.00,1384.14,0.14
2002,多头出场,2026-02-03 18:30,VltClsSE,2279.54,1,2290.76,-11.22,-0.49,9.18,0.40,-11.22,-0.49,1372.92,0.14
2002,多头进场,2026-02-03 17:30,VltClsLE,2290.76,1,2290.76,-11.22,-0.49,9.18,0.40,-11.22,-0.49,1372.92,0.14
2003,空头出场,2026-02-03 19:30,VltClsLE,2281.3,1,2279.54,-1.76,-0.08,9.15,0.40,-8.95,-0.39,1371.16,0.14
2003,空头进场,2026-02-03 18:30,VltClsSE,2279.54,1,2279.54,-1.76,-0.08,9.15,0.40,-8.95,-0.39,1371.16,0.14
2004,多头出场,2026-02-03 22:15,VltClsSE,2303.71,1,2281.3,22.41,0.98,36.35,1.59,-9.09,-0.40,1393.57,0.14
2004,多头进场,2026-02-03 19:30,VltClsLE,2281.3,1,2281.3,22.41,0.98,36.35,1.59,-9.09,-0.40,1393.57,0.14
2005,空头出场,2026-02-03 22:45,VltClsLE,2295.81,1,2303.71,7.9,0.34,29.26,1.27,-6.67,-0.29,1401.47,0.14
2005,空头进场,2026-02-03 22:15,VltClsSE,2303.71,1,2303.71,7.9,0.34,29.26,1.27,-6.67,-0.29,1401.47,0.14
2006,多头出场,2026-02-04 00:00,VltClsSE,2275.29,1,2295.81,-20.52,-0.89,17.62,0.77,-43.87,-1.91,1380.95,0.14
2006,多头进场,2026-02-03 22:45,VltClsLE,2295.81,1,2295.81,-20.52,-0.89,17.62,0.77,-43.87,-1.91,1380.95,0.14
2007,空头出场,2026-02-04 03:00,VltClsLE,2145.96,1,2275.29,129.33,5.68,165.29,7.26,-5.8,-0.25,1510.28,0.15
2007,空头进场,2026-02-04 00:00,VltClsSE,2275.29,1,2275.29,129.33,5.68,165.29,7.26,-5.8,-0.25,1510.28,0.15
2008,多头出场,2026-02-04 06:00,VltClsSE,2264.24,1,2145.96,118.28,5.51,197.86,9.22,0,0.00,1628.56,0.16
2008,多头进场,2026-02-04 03:00,VltClsLE,2145.96,1,2145.96,118.28,5.51,197.86,9.22,0,0.00,1628.56,0.16
2009,空头出场,2026-02-04 08:15,VltClsLE,2239.86,1,2264.24,24.38,1.08,51.4,2.27,-12.55,-0.55,1652.94,0.17
2009,空头进场,2026-02-04 06:00,VltClsSE,2264.24,1,2264.24,24.38,1.08,51.4,2.27,-12.55,-0.55,1652.94,0.17
2010,多头出场,2026-02-04 09:45,VltClsSE,2262.73,1,2239.86,22.87,1.02,41.96,1.87,-1.03,-0.05,1675.81,0.17
2010,多头进场,2026-02-04 08:15,VltClsLE,2239.86,1,2239.86,22.87,1.02,41.96,1.87,-1.03,-0.05,1675.81,0.17
2011,空头出场,2026-02-04 11:00,VltClsLE,2263.74,1,2262.73,-1.01,-0.04,20.18,0.89,-13.88,-0.61,1674.8,0.17
2011,空头进场,2026-02-04 09:45,VltClsSE,2262.73,1,2262.73,-1.01,-0.04,20.18,0.89,-13.88,-0.61,1674.8,0.17
2012,多头出场,2026-02-04 13:15,VltClsSE,2271.61,1,2263.74,7.87,0.35,32,1.41,0,0.00,1682.67,0.17
2012,多头进场,2026-02-04 11:00,VltClsLE,2263.74,1,2263.74,7.87,0.35,32,1.41,0,0.00,1682.67,0.17
2013,空头出场,2026-02-04 14:00,VltClsLE,2273.38,1,2271.61,-1.77,-0.08,15.61,0.69,-1.87,-0.08,1680.9,0.17
2013,空头进场,2026-02-04 13:15,VltClsSE,2271.61,1,2271.61,-1.77,-0.08,15.61,0.69,-1.87,-0.08,1680.9,0.17
2014,多头出场,2026-02-04 14:15,VltClsSE,2264.95,1,2273.38,-8.43,-0.37,4.74,0.21,-8.43,-0.37,1672.47,0.17
2014,多头进场,2026-02-04 14:00,VltClsLE,2273.38,1,2273.38,-8.43,-0.37,4.74,0.21,-8.43,-0.37,1672.47,0.17
2015,空头出场,2026-02-04 14:30,VltClsLE,2280.31,1,2264.95,-15.36,-0.68,0.57,0.03,-15.36,-0.68,1657.11,0.17
2015,空头进场,2026-02-04 14:15,VltClsSE,2264.95,1,2264.95,-15.36,-0.68,0.57,0.03,-15.36,-0.68,1657.11,0.17
2016,多头出场,2026-02-04 15:00,VltClsSE,2266.83,1,2280.31,-13.48,-0.59,3.99,0.17,-13.48,-0.59,1643.63,0.16
2016,多头进场,2026-02-04 14:30,VltClsLE,2280.31,1,2280.31,-13.48,-0.59,3.99,0.17,-13.48,-0.59,1643.63,0.16
2017,空头出场,2026-02-04 15:30,VltClsLE,2290.29,1,2266.83,-23.46,-1.03,3.09,0.14,-23.46,-1.03,1620.17,0.16
2017,空头进场,2026-02-04 15:00,VltClsSE,2266.83,1,2266.83,-23.46,-1.03,3.09,0.14,-23.46,-1.03,1620.17,0.16
2018,多头出场,2026-02-04 16:00,VltClsSE,2273.88,1,2290.29,-16.41,-0.72,3.7,0.16,-16.41,-0.72,1603.76,0.16
2018,多头进场,2026-02-04 15:30,VltClsLE,2290.29,1,2290.29,-16.41,-0.72,3.7,0.16,-16.41,-0.72,1603.76,0.16
2019,空头出场,2026-02-04 17:45,VltClsLE,2263.77,1,2273.88,10.11,0.44,22.42,0.99,-12,-0.53,1613.87,0.16
2019,空头进场,2026-02-04 16:00,VltClsSE,2273.88,1,2273.88,10.11,0.44,22.42,0.99,-12,-0.53,1613.87,0.16
2020,多头出场,2026-02-04 18:00,VltClsSE,2252.19,1,2263.77,-11.58,-0.51,1.49,0.07,-11.58,-0.51,1602.29,0.16
2020,多头进场,2026-02-04 17:45,VltClsLE,2263.77,1,2263.77,-11.58,-0.51,1.49,0.07,-11.58,-0.51,1602.29,0.16
2021,空头出场,2026-02-04 19:15,VltClsLE,2244.36,1,2252.19,7.83,0.35,30.72,1.36,-12.25,-0.54,1610.12,0.16
2021,空头进场,2026-02-04 18:00,VltClsSE,2252.19,1,2252.19,7.83,0.35,30.72,1.36,-12.25,-0.54,1610.12,0.16
2022,多头出场,2026-02-04 20:15,VltClsSE,2239.4,1,2244.36,-4.96,-0.22,22.96,1.02,-5.98,-0.27,1605.16,0.16
2022,多头进场,2026-02-04 19:15,VltClsLE,2244.36,1,2244.36,-4.96,-0.22,22.96,1.02,-5.98,-0.27,1605.16,0.16
2023,空头出场,2026-02-04 22:30,VltClsLE,2216.6,1,2239.4,22.8,1.02,47.23,2.11,-7.48,-0.33,1627.96,0.16
2023,空头进场,2026-02-04 20:15,VltClsSE,2239.4,1,2239.4,22.8,1.02,47.23,2.11,-7.48,-0.33,1627.96,0.16
2024,多头出场,2026-02-04 22:45,VltClsSE,2180.66,1,2216.6,-35.94,-1.62,9.68,0.44,-38.84,-1.75,1592.02,0.16
2024,多头进场,2026-02-04 22:30,VltClsLE,2216.6,1,2216.6,-35.94,-1.62,9.68,0.44,-38.84,-1.75,1592.02,0.16
2025,空头出场,2026-02-05 02:15,VltClsLE,2117.56,1,2180.66,63.1,2.89,103.98,4.77,-16.6,-0.76,1655.12,0.17
2025,空头进场,2026-02-04 22:45,VltClsSE,2180.66,1,2180.66,63.1,2.89,103.98,4.77,-16.6,-0.76,1655.12,0.17
2026,多头出场,2026-02-05 04:00,VltClsSE,2166.89,1,2117.56,49.33,2.33,77.15,3.64,-1.08,-0.05,1704.45,0.17
2026,多头进场,2026-02-05 02:15,VltClsLE,2117.56,1,2117.56,49.33,2.33,77.15,3.64,-1.08,-0.05,1704.45,0.17
2027,空头出场,2026-02-05 06:15,VltClsLE,2136.34,1,2166.89,30.55,1.41,78.88,3.64,-14.01,-0.65,1735,0.17
2027,空头进场,2026-02-05 04:00,VltClsSE,2166.89,1,2166.89,30.55,1.41,78.88,3.64,-14.01,-0.65,1735,0.17
2028,多头出场,2026-02-05 06:30,VltClsSE,2136.31,1,2136.34,-0.03,0.00,32.12,1.50,-0.03,0.00,1734.97,0.17
2028,多头进场,2026-02-05 06:15,VltClsLE,2136.34,1,2136.34,-0.03,0.00,32.12,1.50,-0.03,0.00,1734.97,0.17
2029,空头出场,2026-02-05 08:15,VltClsLE,2150.42,1,2136.31,-14.11,-0.66,20.84,0.98,-29.34,-1.37,1720.86,0.17
2029,空头进场,2026-02-05 06:30,VltClsSE,2136.31,1,2136.31,-14.11,-0.66,20.84,0.98,-29.34,-1.37,1720.86,0.17
2030,多头出场,2026-02-05 08:30,VltClsSE,2147.68,1,2150.42,-2.74,-0.13,13.73,0.64,-2.74,-0.13,1718.12,0.17
2030,多头进场,2026-02-05 08:15,VltClsLE,2150.42,1,2150.42,-2.74,-0.13,13.73,0.64,-2.74,-0.13,1718.12,0.17
2031,空头出场,2026-02-05 09:00,VltClsLE,2161.84,1,2147.68,-14.16,-0.66,2.06,0.10,-14.16,-0.66,1703.96,0.17
2031,空头进场,2026-02-05 08:30,VltClsSE,2147.68,1,2147.68,-14.16,-0.66,2.06,0.10,-14.16,-0.66,1703.96,0.17
2032,多头出场,2026-02-05 09:15,VltClsSE,2152.81,1,2161.84,-9.03,-0.42,7.99,0.37,-9.03,-0.42,1694.93,0.17
2032,多头进场,2026-02-05 09:00,VltClsLE,2161.84,1,2161.84,-9.03,-0.42,7.99,0.37,-9.03,-0.42,1694.93,0.17
2033,空头出场,2026-02-05 10:30,VltClsLE,2159.74,1,2152.81,-6.93,-0.32,39.49,1.83,-20.96,-0.97,1688,0.17
2033,空头进场,2026-02-05 09:15,VltClsSE,2152.81,1,2152.81,-6.93,-0.32,39.49,1.83,-20.96,-0.97,1688,0.17
2034,多头出场,2026-02-05 10:45,VltClsSE,2139.12,1,2159.74,-20.62,-0.95,3.93,0.18,-20.62,-0.95,1667.38,0.17
2034,多头进场,2026-02-05 10:30,VltClsLE,2159.74,1,2159.74,-20.62,-0.95,3.93,0.18,-20.62,-0.95,1667.38,0.17
2035,空头出场,2026-02-05 12:30,VltClsLE,2115.32,1,2139.12,23.8,1.11,60.8,2.84,0,0.00,1691.18,0.17
2035,空头进场,2026-02-05 10:45,VltClsSE,2139.12,1,2139.12,23.8,1.11,60.8,2.84,0,0.00,1691.18,0.17
2036,多头出场,2026-02-05 12:45,VltClsSE,2104.55,1,2115.32,-10.77,-0.51,9.94,0.47,-10.77,-0.51,1680.41,0.17
2036,多头进场,2026-02-05 12:30,VltClsLE,2115.32,1,2115.32,-10.77,-0.51,9.94,0.47,-10.77,-0.51,1680.41,0.17
2037,空头出场,2026-02-05 13:30,VltClsLE,2116.46,1,2104.55,-11.91,-0.57,26.85,1.28,-11.91,-0.57,1668.5,0.17
2037,空头进场,2026-02-05 12:45,VltClsSE,2104.55,1,2104.55,-11.91,-0.57,26.85,1.28,-11.91,-0.57,1668.5,0.17
2038,多头出场,2026-02-05 13:45,VltClsSE,2096.09,1,2116.46,-20.37,-0.96,8.09,0.38,-20.37,-0.96,1648.13,0.16
2038,多头进场,2026-02-05 13:30,VltClsLE,2116.46,1,2116.46,-20.37,-0.96,8.09,0.38,-20.37,-0.96,1648.13,0.16
2039,空头出场,2026-02-05 15:00,VltClsLE,2106.37,1,2096.09,-10.28,-0.49,27.89,1.33,-11.63,-0.55,1637.85,0.16
2039,空头进场,2026-02-05 13:45,VltClsSE,2096.09,1,2096.09,-10.28,-0.49,27.89,1.33,-11.63,-0.55,1637.85,0.16
2040,多头出场,2026-02-05 15:30,VltClsSE,2096.86,1,2106.37,-9.51,-0.45,17.95,0.85,-9.51,-0.45,1628.34,0.16
2040,多头进场,2026-02-05 15:00,VltClsLE,2106.37,1,2106.37,-9.51,-0.45,17.95,0.85,-9.51,-0.45,1628.34,0.16
2041,空头出场,2026-02-05 17:00,VltClsLE,2123.9,1,2096.86,-27.04,-1.29,10.11,0.48,-27.04,-1.29,1601.3,0.16
2041,空头进场,2026-02-05 15:30,VltClsSE,2096.86,1,2096.86,-27.04,-1.29,10.11,0.48,-27.04,-1.29,1601.3,0.16
2042,多头出场,2026-02-05 18:30,VltClsSE,2129.19,1,2123.9,5.29,0.25,25.85,1.22,-2.32,-0.11,1606.59,0.16
2042,多头进场,2026-02-05 17:00,VltClsLE,2123.9,1,2123.9,5.29,0.25,25.85,1.22,-2.32,-0.11,1606.59,0.16
2043,空头出场,2026-02-05 19:30,VltClsLE,2087.29,1,2129.19,41.9,1.97,67.23,3.16,0,0.00,1648.49,0.16
2043,空头进场,2026-02-05 18:30,VltClsSE,2129.19,1,2129.19,41.9,1.97,67.23,3.16,0,0.00,1648.49,0.16
2044,多头出场,2026-02-05 20:15,VltClsSE,2052.29,1,2087.29,-35,-1.68,10.84,0.52,-35,-1.68,1613.49,0.16
2044,多头进场,2026-02-05 19:30,VltClsLE,2087.29,1,2087.29,-35,-1.68,10.84,0.52,-35,-1.68,1613.49,0.16
2045,空头出场,2026-02-05 22:00,VltClsLE,2072.67,1,2052.29,-20.38,-0.99,9.13,0.44,-28.47,-1.39,1593.11,0.16
2045,空头进场,2026-02-05 20:15,VltClsSE,2052.29,1,2052.29,-20.38,-0.99,9.13,0.44,-28.47,-1.39,1593.11,0.16
2046,多头出场,2026-02-05 22:45,VltClsSE,2068.6,1,2072.67,-4.07,-0.20,33.84,1.63,-17.59,-0.85,1589.04,0.16
2046,多头进场,2026-02-05 22:00,VltClsLE,2072.67,1,2072.67,-4.07,-0.20,33.84,1.63,-17.59,-0.85,1589.04,0.16
2047,空头出场,2026-02-05 23:30,VltClsLE,1972.7,1,2068.6,95.9,4.64,141.27,6.83,0,0.00,1684.94,0.17
2047,空头进场,2026-02-05 22:45,VltClsSE,2068.6,1,2068.6,95.9,4.64,141.27,6.83,0,0.00,1684.94,0.17
2048,多头出场,2026-02-06 01:00,VltClsSE,1969.43,1,1972.7,-3.27,-0.17,45.63,2.31,-30.26,-1.53,1681.67,0.17
2048,多头进场,2026-02-05 23:30,VltClsLE,1972.7,1,1972.7,-3.27,-0.17,45.63,2.31,-30.26,-1.53,1681.67,0.17
2049,空头出场,2026-02-06 02:45,VltClsLE,1944.71,1,1969.43,24.72,1.26,55.67,2.83,-24.49,-1.24,1706.39,0.17
2049,空头进场,2026-02-06 01:00,VltClsSE,1969.43,1,1969.43,24.72,1.26,55.67,2.83,-24.49,-1.24,1706.39,0.17
2050,多头出场,2026-02-06 04:15,VltClsSE,1907.65,1,1944.71,-37.06,-1.91,12.63,0.65,-37.06,-1.91,1669.33,0.17
2050,多头进场,2026-02-06 02:45,VltClsLE,1944.71,1,1944.71,-37.06,-1.91,12.63,0.65,-37.06,-1.91,1669.33,0.17
2051,空头出场,2026-02-06 05:00,VltClsLE,1898.79,1,1907.65,8.86,0.46,82.59,4.33,0,0.00,1678.19,0.17
2051,空头进场,2026-02-06 04:15,VltClsSE,1907.65,1,1907.65,8.86,0.46,82.59,4.33,0,0.00,1678.19,0.17
2052,多头出场,2026-02-06 06:15,VltClsSE,1824.66,1,1898.79,-74.13,-3.90,13.56,0.71,-74.13,-3.90,1604.06,0.16
2052,多头进场,2026-02-06 05:00,VltClsLE,1898.79,1,1898.79,-74.13,-3.90,13.56,0.71,-74.13,-3.90,1604.06,0.16
2053,空头出场,2026-02-06 07:00,VltClsLE,1898.24,1,1824.66,-73.58,-4.03,6.48,0.36,-73.58,-4.03,1530.48,0.15
2053,空头进场,2026-02-06 06:15,VltClsSE,1824.66,1,1824.66,-73.58,-4.03,6.48,0.36,-73.58,-4.03,1530.48,0.15
2054,多头出场,2026-02-06 07:30,VltClsSE,1852.8,1,1898.24,-45.44,-2.39,9.42,0.50,-45.44,-2.39,1485.04,0.15
2054,多头进场,2026-02-06 07:00,VltClsLE,1898.24,1,1898.24,-45.44,-2.39,9.42,0.50,-45.44,-2.39,1485.04,0.15
2055,空头出场,2026-02-06 08:30,VltClsLE,1823.92,1,1852.8,28.88,1.56,105,5.67,0,0.00,1513.92,0.15
2055,空头进场,2026-02-06 07:30,VltClsSE,1852.8,1,1852.8,28.88,1.56,105,5.67,0,0.00,1513.92,0.15
2056,多头出场,2026-02-06 14:30,VltClsSE,1923.06,1,1823.92,99.14,5.44,151.83,8.32,0,0.00,1613.06,0.16
2056,多头进场,2026-02-06 08:30,VltClsLE,1823.92,1,1823.92,99.14,5.44,151.83,8.32,0,0.00,1613.06,0.16
2057,空头出场,2026-02-06 17:00,VltClsLE,1889.84,1,1923.06,33.22,1.73,56.93,2.96,-2.75,-0.14,1646.28,0.16
2057,空头进场,2026-02-06 14:30,VltClsSE,1923.06,1,1923.06,33.22,1.73,56.93,2.96,-2.75,-0.14,1646.28,0.16
2058,多头出场,2026-02-06 20:00,VltClsSE,1923.63,1,1889.84,33.79,1.79,49.51,2.62,-9.84,-0.52,1680.07,0.17
2058,多头进场,2026-02-06 17:00,VltClsLE,1889.84,1,1889.84,33.79,1.79,49.51,2.62,-9.84,-0.52,1680.07,0.17
2059,空头出场,2026-02-06 21:00,VltClsLE,1929.47,1,1923.63,-5.84,-0.30,8.75,0.45,-5.84,-0.30,1674.23,0.17
2059,空头进场,2026-02-06 20:00,VltClsSE,1923.63,1,1923.63,-5.84,-0.30,8.75,0.45,-5.84,-0.30,1674.23,0.17
2060,多头出场,2026-02-06 21:15,VltClsSE,1933.08,1,1929.47,3.61,0.19,14.7,0.76,0,0.00,1677.84,0.17
2060,多头进场,2026-02-06 21:00,VltClsLE,1929.47,1,1929.47,3.61,0.19,14.7,0.76,0,0.00,1677.84,0.17
2061,空头出场,2026-02-06 21:30,VltClsLE,1955.49,1,1933.08,-22.41,-1.16,0.05,0.00,-23.92,-1.24,1655.43,0.17
2061,空头进场,2026-02-06 21:15,VltClsSE,1933.08,1,1933.08,-22.41,-1.16,0.05,0.00,-23.92,-1.24,1655.43,0.17
2062,多头出场,2026-02-07 01:45,VltClsSE,2060.86,1,1955.49,105.37,5.39,134.64,6.89,-22.16,-1.13,1760.8,0.18
2062,多头进场,2026-02-06 21:30,VltClsLE,1955.49,1,1955.49,105.37,5.39,134.64,6.89,-22.16,-1.13,1760.8,0.18
2063,空头出场,2026-02-07 02:30,VltClsLE,2059.68,1,2060.86,1.18,0.06,30.27,1.47,-9.33,-0.45,1761.98,0.18
2063,空头进场,2026-02-07 01:45,VltClsSE,2060.86,1,2060.86,1.18,0.06,30.27,1.47,-9.33,-0.45,1761.98,0.18
2064,多头出场,2026-02-07 04:00,VltClsSE,2052.88,1,2059.68,-6.8,-0.33,12.32,0.60,-26.31,-1.28,1755.18,0.18
2064,多头进场,2026-02-07 02:30,VltClsLE,2059.68,1,2059.68,-6.8,-0.33,12.32,0.60,-26.31,-1.28,1755.18,0.18
2065,空头出场,2026-02-07 04:30,VltClsLE,2066.89,1,2052.88,-14.01,-0.68,9.2,0.45,-14.01,-0.68,1741.17,0.17
2065,空头进场,2026-02-07 04:00,VltClsSE,2052.88,1,2052.88,-14.01,-0.68,9.2,0.45,-14.01,-0.68,1741.17,0.17
2066,多头出场,2026-02-07 04:45,VltClsSE,2052.86,1,2066.89,-14.03,-0.68,27.05,1.31,-14.03,-0.68,1727.14,0.17
2066,多头进场,2026-02-07 04:30,VltClsLE,2066.89,1,2066.89,-14.03,-0.68,27.05,1.31,-14.03,-0.68,1727.14,0.17
2067,空头出场,2026-02-07 06:00,VltClsLE,2065.15,1,2052.86,-12.29,-0.60,12.93,0.63,-12.29,-0.60,1714.85,0.17
2067,空头进场,2026-02-07 04:45,VltClsSE,2052.86,1,2052.86,-12.29,-0.60,12.93,0.63,-12.29,-0.60,1714.85,0.17
2068,多头出场,2026-02-07 07:15,VltClsSE,2053.63,1,2065.15,-11.52,-0.56,22.83,1.11,-13.6,-0.66,1703.33,0.17
2068,多头进场,2026-02-07 06:00,VltClsLE,2065.15,1,2065.15,-11.52,-0.56,22.83,1.11,-13.6,-0.66,1703.33,0.17
2069,空头出场,2026-02-07 08:45,VltClsLE,2048.81,1,2053.63,4.82,0.23,16.88,0.82,-25.36,-1.23,1708.15,0.17
2069,空头进场,2026-02-07 07:15,VltClsSE,2053.63,1,2053.63,4.82,0.23,16.88,0.82,-25.36,-1.23,1708.15,0.17
2070,多头出场,2026-02-07 12:30,VltClsSE,2082.9,1,2048.81,34.09,1.66,70.65,3.45,-16.21,-0.79,1742.24,0.17
2070,多头进场,2026-02-07 08:45,VltClsLE,2048.81,1,2048.81,34.09,1.66,70.65,3.45,-16.21,-0.79,1742.24,0.17
2071,空头出场,2026-02-07 14:00,VltClsLE,2092.51,1,2082.9,-9.61,-0.46,5.11,0.25,-21.09,-1.01,1732.63,0.17
2071,空头进场,2026-02-07 12:30,VltClsSE,2082.9,1,2082.9,-9.61,-0.46,5.11,0.25,-21.09,-1.01,1732.63,0.17
2072,多头出场,2026-02-07 14:15,VltClsSE,2073.05,1,2092.51,-19.46,-0.93,1.01,0.05,-19.46,-0.93,1713.17,0.17
2072,多头进场,2026-02-07 14:00,VltClsLE,2092.51,1,2092.51,-19.46,-0.93,1.01,0.05,-19.46,-0.93,1713.17,0.17
2073,空头出场,2026-02-07 15:30,VltClsLE,2042.76,1,2073.05,30.29,1.46,78.48,3.79,-11.97,-0.58,1743.46,0.17
2073,空头进场,2026-02-07 14:15,VltClsSE,2073.05,1,2073.05,30.29,1.46,78.48,3.79,-11.97,-0.58,1743.46,0.17
2074,多头出场,2026-02-07 17:30,VltClsSE,2013.46,1,2042.76,-29.3,-1.43,0.23,0.01,-29.3,-1.43,1714.16,0.17
2074,多头进场,2026-02-07 15:30,VltClsLE,2042.76,1,2042.76,-29.3,-1.43,0.23,0.01,-29.3,-1.43,1714.16,0.17
2075,空头出场,2026-02-07 19:45,VltClsLE,2014.09,1,2013.46,-0.63,-0.03,13.89,0.69,-6.1,-0.30,1713.53,0.17
2075,空头进场,2026-02-07 17:30,VltClsSE,2013.46,1,2013.46,-0.63,-0.03,13.89,0.69,-6.1,-0.30,1713.53,0.17
2076,多头出场,2026-02-07 20:30,VltClsSE,2039.92,1,2014.09,25.83,1.28,61.12,3.03,0,0.00,1739.36,0.17
2076,多头进场,2026-02-07 19:45,VltClsLE,2014.09,1,2014.09,25.83,1.28,61.12,3.03,0,0.00,1739.36,0.17
2077,空头出场,2026-02-07 23:00,VltClsLE,2031.33,1,2039.92,8.59,0.42,30.1,1.48,-12.51,-0.61,1747.95,0.17
2077,空头进场,2026-02-07 20:30,VltClsSE,2039.92,1,2039.92,8.59,0.42,30.1,1.48,-12.51,-0.61,1747.95,0.17
2078,多头出场,2026-02-08 00:00,VltClsSE,2037.54,1,2031.33,6.21,0.31,32.13,1.58,0,0.00,1754.16,0.18
2078,多头进场,2026-02-07 23:00,VltClsLE,2031.33,1,2031.33,6.21,0.31,32.13,1.58,0,0.00,1754.16,0.18
2079,空头出场,2026-02-08 01:30,VltClsLE,2070.58,1,2037.54,-33.04,-1.62,28,1.37,-84.16,-4.13,1721.12,0.17
2079,空头进场,2026-02-08 00:00,VltClsSE,2037.54,1,2037.54,-33.04,-1.62,28,1.37,-84.16,-4.13,1721.12,0.17
2080,多头出场,2026-02-08 05:00,VltClsSE,2095.36,1,2070.58,24.78,1.20,44.42,2.15,-13.76,-0.66,1745.9,0.17
2080,多头进场,2026-02-08 01:30,VltClsLE,2070.58,1,2070.58,24.78,1.20,44.42,2.15,-13.76,-0.66,1745.9,0.17
2081,空头出场,2026-02-08 07:30,VltClsLE,2089.02,1,2095.36,6.34,0.30,22.36,1.07,-14.99,-0.72,1752.24,0.18
2081,空头进场,2026-02-08 05:00,VltClsSE,2095.36,1,2095.36,6.34,0.30,22.36,1.07,-14.99,-0.72,1752.24,0.18
2082,多头出场,2026-02-08 08:15,VltClsSE,2082.51,1,2089.02,-6.51,-0.31,6.61,0.32,-6.51,-0.31,1745.73,0.17
2082,多头进场,2026-02-08 07:30,VltClsLE,2089.02,1,2089.02,-6.51,-0.31,6.61,0.32,-6.51,-0.31,1745.73,0.17
2083,空头出场,2026-02-08 09:00,VltClsLE,2091.92,1,2082.51,-9.41,-0.45,5.65,0.27,-9.41,-0.45,1736.32,0.17
2083,空头进场,2026-02-08 08:15,VltClsSE,2082.51,1,2082.51,-9.41,-0.45,5.65,0.27,-9.41,-0.45,1736.32,0.17
2084,多头出场,2026-02-08 09:15,VltClsSE,2084.11,1,2091.92,-7.81,-0.37,1.19,0.06,-7.81,-0.37,1728.51,0.17
2084,多头进场,2026-02-08 09:00,VltClsLE,2091.92,1,2091.92,-7.81,-0.37,1.19,0.06,-7.81,-0.37,1728.51,0.17
2085,空头出场,2026-02-08 09:30,VltClsLE,2091.57,1,2084.11,-7.46,-0.36,1.88,0.09,-7.46,-0.36,1721.05,0.17
2085,空头进场,2026-02-08 09:15,VltClsSE,2084.11,1,2084.11,-7.46,-0.36,1.88,0.09,-7.46,-0.36,1721.05,0.17
2086,多头出场,2026-02-08 10:30,VltClsSE,2087.77,1,2091.57,-3.8,-0.18,15.87,0.76,-3.8,-0.18,1717.25,0.17
2086,多头进场,2026-02-08 09:30,VltClsLE,2091.57,1,2091.57,-3.8,-0.18,15.87,0.76,-3.8,-0.18,1717.25,0.17
2087,空头出场,2026-02-08 12:15,VltClsLE,2080.35,1,2087.77,7.42,0.36,22.86,1.09,-5.52,-0.26,1724.67,0.17
2087,空头进场,2026-02-08 10:30,VltClsSE,2087.77,1,2087.77,7.42,0.36,22.86,1.09,-5.52,-0.26,1724.67,0.17
2088,多头出场,2026-02-08 14:00,VltClsSE,2079.29,1,2080.35,-1.06,-0.05,9.66,0.46,-5.33,-0.26,1723.61,0.17
2088,多头进场,2026-02-08 12:15,VltClsLE,2080.35,1,2080.35,-1.06,-0.05,9.66,0.46,-5.33,-0.26,1723.61,0.17
2089,空头出场,2026-02-08 16:15,VltClsLE,2088.67,1,2079.29,-9.38,-0.45,15.19,0.73,-9.81,-0.47,1714.23,0.17
2089,空头进场,2026-02-08 14:00,VltClsSE,2079.29,1,2079.29,-9.38,-0.45,15.19,0.73,-9.81,-0.47,1714.23,0.17
2090,多头出场,2026-02-08 18:15,VltClsSE,2097.5,1,2088.67,8.83,0.42,35.88,1.72,0,0.00,1723.06,0.17
2090,多头进场,2026-02-08 16:15,VltClsLE,2088.67,1,2088.67,8.83,0.42,35.88,1.72,0,0.00,1723.06,0.17
2091,空头出场,2026-02-08 19:00,VltClsLE,2105.27,1,2097.5,-7.77,-0.37,14.09,0.67,-7.77,-0.37,1715.29,0.17
2091,空头进场,2026-02-08 18:15,VltClsSE,2097.5,1,2097.5,-7.77,-0.37,14.09,0.67,-7.77,-0.37,1715.29,0.17
2092,多头出场,2026-02-08 21:00,VltClsSE,2121.79,1,2105.27,16.52,0.78,39.99,1.90,0,0.00,1731.81,0.17
2092,多头进场,2026-02-08 19:00,VltClsLE,2105.27,1,2105.27,16.52,0.78,39.99,1.90,0,0.00,1731.81,0.17
2093,空头出场,2026-02-08 21:15,VltClsLE,2136.14,1,2121.79,-14.35,-0.68,1.11,0.05,-14.35,-0.68,1717.46,0.17
2093,空头进场,2026-02-08 21:00,VltClsSE,2121.79,1,2121.79,-14.35,-0.68,1.11,0.05,-14.35,-0.68,1717.46,0.17
2094,多头出场,2026-02-08 21:30,VltClsSE,2121.7,1,2136.14,-14.44,-0.68,1.21,0.06,-14.44,-0.68,1703.02,0.17
2094,多头进场,2026-02-08 21:15,VltClsLE,2136.14,1,2136.14,-14.44,-0.68,1.21,0.06,-14.44,-0.68,1703.02,0.17
2095,空头出场,2026-02-08 23:30,VltClsLE,2111.95,1,2121.7,9.75,0.46,24.13,1.14,-9.08,-0.43,1712.77,0.17
2095,空头进场,2026-02-08 21:30,VltClsSE,2121.7,1,2121.7,9.75,0.46,24.13,1.14,-9.08,-0.43,1712.77,0.17
2096,多头出场,2026-02-09 00:30,VltClsSE,2102.01,1,2111.95,-9.94,-0.47,4.13,0.20,-9.94,-0.47,1702.83,0.17
2096,多头进场,2026-02-08 23:30,VltClsLE,2111.95,1,2111.95,-9.94,-0.47,4.13,0.20,-9.94,-0.47,1702.83,0.17
2097,空头出场,2026-02-09 01:00,VltClsLE,2091.98,1,2102.01,10.03,0.48,29.21,1.39,0,0.00,1712.86,0.17
2097,空头进场,2026-02-09 00:30,VltClsSE,2102.01,1,2102.01,10.03,0.48,29.21,1.39,0,0.00,1712.86,0.17
2098,多头出场,2026-02-09 04:00,VltClsSE,2119.76,1,2091.98,27.78,1.33,37.75,1.80,-9.55,-0.46,1740.64,0.17
2098,多头进场,2026-02-09 01:00,VltClsLE,2091.98,1,2091.98,27.78,1.33,37.75,1.80,-9.55,-0.46,1740.64,0.17
2099,空头出场,2026-02-09 06:45,VltClsLE,2107.83,1,2119.76,11.93,0.56,29.76,1.40,-2.42,-0.11,1752.57,0.18
2099,空头进场,2026-02-09 04:00,VltClsSE,2119.76,1,2119.76,11.93,0.56,29.76,1.40,-2.42,-0.11,1752.57,0.18
2100,多头出场,2026-02-09 07:15,VltClsSE,2106.44,1,2107.83,-1.39,-0.07,44.2,2.10,-1.39,-0.07,1751.18,0.18
2100,多头进场,2026-02-09 06:45,VltClsLE,2107.83,1,2107.83,-1.39,-0.07,44.2,2.10,-1.39,-0.07,1751.18,0.18
2101,空头出场,2026-02-09 09:15,VltClsLE,2091.08,1,2106.44,15.36,0.73,34.84,1.65,-1.26,-0.06,1766.54,0.18
2101,空头进场,2026-02-09 07:15,VltClsSE,2106.44,1,2106.44,15.36,0.73,34.84,1.65,-1.26,-0.06,1766.54,0.18
2102,多头出场,2026-02-09 09:30,VltClsSE,2080.53,1,2091.08,-10.55,-0.50,10.16,0.49,-10.55,-0.50,1755.99,0.18
2102,多头进场,2026-02-09 09:15,VltClsLE,2091.08,1,2091.08,-10.55,-0.50,10.16,0.49,-10.55,-0.50,1755.99,0.18
2103,空头出场,2026-02-09 10:30,VltClsLE,2087.19,1,2080.53,-6.66,-0.32,25.52,1.23,-6.66,-0.32,1749.33,0.17
2103,空头进场,2026-02-09 09:30,VltClsSE,2080.53,1,2080.53,-6.66,-0.32,25.52,1.23,-6.66,-0.32,1749.33,0.17
2104,多头出场,2026-02-09 12:00,VltClsSE,2092.58,1,2087.19,5.39,0.26,15.83,0.76,-6.91,-0.33,1754.72,0.18
2104,多头进场,2026-02-09 10:30,VltClsLE,2087.19,1,2087.19,5.39,0.26,15.83,0.76,-6.91,-0.33,1754.72,0.18
2105,空头出场,2026-02-09 13:15,VltClsLE,2090.43,1,2092.58,2.15,0.10,8.83,0.42,-5.56,-0.27,1756.87,0.18
2105,空头进场,2026-02-09 12:00,VltClsSE,2092.58,1,2092.58,2.15,0.10,8.83,0.42,-5.56,-0.27,1756.87,0.18
2106,多头出场,2026-02-09 14:00,VltClsSE,2090.3,1,2090.43,-0.13,-0.01,6.58,0.31,-1.75,-0.08,1756.74,0.18
2106,多头进场,2026-02-09 13:15,VltClsLE,2090.43,1,2090.43,-0.13,-0.01,6.58,0.31,-1.75,-0.08,1756.74,0.18
2107,空头出场,2026-02-09 19:00,VltClsLE,2031.93,1,2090.3,58.37,2.79,77.05,3.69,-0.31,-0.01,1815.11,0.18
2107,空头进场,2026-02-09 14:00,VltClsSE,2090.3,1,2090.3,58.37,2.79,77.05,3.69,-0.31,-0.01,1815.11,0.18
2108,多头出场,2026-02-09 21:30,VltClsSE,2040.58,1,2031.93,8.65,0.43,18.24,0.90,-11.04,-0.54,1823.76,0.18
2108,多头进场,2026-02-09 19:00,VltClsLE,2031.93,1,2031.93,8.65,0.43,18.24,0.90,-11.04,-0.54,1823.76,0.18
2109,空头出场,2026-02-09 22:15,VltClsLE,2026.28,1,2040.58,14.3,0.70,31.96,1.57,-0.97,-0.05,1838.06,0.18
2109,空头进场,2026-02-09 21:30,VltClsSE,2040.58,1,2040.58,14.3,0.70,31.96,1.57,-0.97,-0.05,1838.06,0.18
2110,多头出场,2026-02-09 22:30,VltClsSE,2014.08,1,2026.28,-12.2,-0.60,1.45,0.07,-12.2,-0.60,1825.86,0.18
2110,多头进场,2026-02-09 22:15,VltClsLE,2026.28,1,2026.28,-12.2,-0.60,1.45,0.07,-12.2,-0.60,1825.86,0.18
2111,空头出场,2026-02-09 23:00,VltClsLE,2059.96,1,2014.08,-45.88,-2.28,0.87,0.04,-45.88,-2.28,1779.98,0.18
2111,空头进场,2026-02-09 22:30,VltClsSE,2014.08,1,2014.08,-45.88,-2.28,0.87,0.04,-45.88,-2.28,1779.98,0.18
2112,多头出场,2026-02-09 23:15,VltClsSE,2038.47,1,2059.96,-21.49,-1.04,13.51,0.66,-21.49,-1.04,1758.49,0.18
2112,多头进场,2026-02-09 23:00,VltClsLE,2059.96,1,2059.96,-21.49,-1.04,13.51,0.66,-21.49,-1.04,1758.49,0.18
2113,空头出场,2026-02-09 23:30,VltClsLE,2056.95,1,2038.47,-18.48,-0.91,6.37,0.31,-18.48,-0.91,1740.01,0.17
2113,空头进场,2026-02-09 23:15,VltClsSE,2038.47,1,2038.47,-18.48,-0.91,6.37,0.31,-18.48,-0.91,1740.01,0.17
2114,多头出场,2026-02-10 04:15,VltClsSE,2130.75,1,2056.95,73.8,3.59,90.78,4.41,-9.17,-0.45,1813.81,0.18
2114,多头进场,2026-02-09 23:30,VltClsLE,2056.95,1,2056.95,73.8,3.59,90.78,4.41,-9.17,-0.45,1813.81,0.18
2115,空头出场,2026-02-10 05:45,VltClsLE,2109.1,1,2130.75,21.65,1.02,41.75,1.96,-1.62,-0.08,1835.46,0.18
2115,空头进场,2026-02-10 04:15,VltClsSE,2130.75,1,2130.75,21.65,1.02,41.75,1.96,-1.62,-0.08,1835.46,0.18
2116,多头出场,2026-02-10 07:15,VltClsSE,2106.82,1,2109.1,-2.28,-0.11,20.68,0.98,-2.28,-0.11,1833.18,0.18
2116,多头进场,2026-02-10 05:45,VltClsLE,2109.1,1,2109.1,-2.28,-0.11,20.68,0.98,-2.28,-0.11,1833.18,0.18
2117,空头出场,2026-02-10 09:00,VltClsLE,2104.02,1,2106.82,2.8,0.13,10.42,0.49,-6.48,-0.31,1835.98,0.18
2117,空头进场,2026-02-10 07:15,VltClsSE,2106.82,1,2106.82,2.8,0.13,10.42,0.49,-6.48,-0.31,1835.98,0.18
2118,多头出场,2026-02-10 11:00,VltClsSE,2101.63,1,2104.02,-2.39,-0.11,20.69,0.98,-2.39,-0.11,1833.59,0.18
2118,多头进场,2026-02-10 09:00,VltClsLE,2104.02,1,2104.02,-2.39,-0.11,20.69,0.98,-2.39,-0.11,1833.59,0.18
2119,空头出场,2026-02-10 13:30,VltClsLE,2069.53,1,2101.63,32.1,1.53,49.49,2.35,-0.37,-0.02,1865.69,0.19
2119,空头进场,2026-02-10 11:00,VltClsSE,2101.63,1,2101.63,32.1,1.53,49.49,2.35,-0.37,-0.02,1865.69,0.19
2120,多头出场,2026-02-10 13:45,VltClsSE,2049.04,1,2069.53,-20.49,-0.99,2.18,0.11,-20.49,-0.99,1845.2,0.18
2120,多头进场,2026-02-10 13:30,VltClsLE,2069.53,1,2069.53,-20.49,-0.99,2.18,0.11,-20.49,-0.99,1845.2,0.18
2121,空头出场,2026-02-10 16:15,VltClsLE,2012.74,1,2049.04,36.3,1.77,53.21,2.60,-8.67,-0.42,1881.5,0.19
2121,空头进场,2026-02-10 13:45,VltClsSE,2049.04,1,2049.04,36.3,1.77,53.21,2.60,-8.67,-0.42,1881.5,0.19
2122,多头出场,2026-02-10 16:30,VltClsSE,2002.16,1,2012.74,-10.58,-0.53,4.31,0.21,-10.58,-0.53,1870.92,0.19
2122,多头进场,2026-02-10 16:15,VltClsLE,2012.74,1,2012.74,-10.58,-0.53,4.31,0.21,-10.58,-0.53,1870.92,0.19
2123,空头出场,2026-02-10 17:00,VltClsLE,2023.85,1,2002.16,-21.69,-1.08,2.84,0.14,-21.69,-1.08,1849.23,0.18
2123,空头进场,2026-02-10 16:30,VltClsSE,2002.16,1,2002.16,-21.69,-1.08,2.84,0.14,-21.69,-1.08,1849.23,0.18
2124,多头出场,2026-02-10 17:45,VltClsSE,2015.17,1,2023.85,-8.68,-0.43,6.13,0.30,-8.68,-0.43,1840.55,0.18
2124,多头进场,2026-02-10 17:00,VltClsLE,2023.85,1,2023.85,-8.68,-0.43,6.13,0.30,-8.68,-0.43,1840.55,0.18
2125,空头出场,2026-02-10 19:15,VltClsLE,2017.83,1,2015.17,-2.66,-0.13,5.63,0.28,-6.85,-0.34,1837.89,0.18
2125,空头进场,2026-02-10 17:45,VltClsSE,2015.17,1,2015.17,-2.66,-0.13,5.63,0.28,-6.85,-0.34,1837.89,0.18
2126,多头出场,2026-02-10 19:30,VltClsSE,2012.17,1,2017.83,-5.66,-0.28,4.99,0.25,-5.66,-0.28,1832.23,0.18
2126,多头进场,2026-02-10 19:15,VltClsLE,2017.83,1,2017.83,-5.66,-0.28,4.99,0.25,-5.66,-0.28,1832.23,0.18
2127,空头出场,2026-02-10 20:00,VltClsLE,2010.38,1,2012.17,1.79,0.09,11.12,0.55,-1.12,-0.06,1834.02,0.18
2127,空头进场,2026-02-10 19:30,VltClsSE,2012.17,1,2012.17,1.79,0.09,11.12,0.55,-1.12,-0.06,1834.02,0.18
2128,多头出场,2026-02-10 20:30,VltClsSE,2005.77,1,2010.38,-4.61,-0.23,7.14,0.36,-4.61,-0.23,1829.41,0.18
2128,多头进场,2026-02-10 20:00,VltClsLE,2010.38,1,2010.38,-4.61,-0.23,7.14,0.36,-4.61,-0.23,1829.41,0.18
2129,空头出场,2026-02-10 21:30,VltClsLE,2021.07,1,2005.77,-15.3,-0.76,6.77,0.34,-15.3,-0.76,1814.11,0.18
2129,空头进场,2026-02-10 20:30,VltClsSE,2005.77,1,2005.77,-15.3,-0.76,6.77,0.34,-15.3,-0.76,1814.11,0.18
2130,多头出场,2026-02-10 22:30,VltClsSE,2018.92,1,2021.07,-2.15,-0.11,18.94,0.94,-6.46,-0.32,1811.96,0.18
2130,多头进场,2026-02-10 21:30,VltClsLE,2021.07,1,2021.07,-2.15,-0.11,18.94,0.94,-6.46,-0.32,1811.96,0.18
2131,空头出场,2026-02-10 23:00,VltClsLE,2025.34,1,2018.92,-6.42,-0.32,29.54,1.46,-6.42,-0.32,1805.54,0.18
2131,空头进场,2026-02-10 22:30,VltClsSE,2018.92,1,2018.92,-6.42,-0.32,29.54,1.46,-6.42,-0.32,1805.54,0.18
2132,多头出场,2026-02-11 02:00,VltClsSE,2031.47,1,2025.34,6.13,0.30,21.6,1.07,-18.34,-0.91,1811.67,0.18
2132,多头进场,2026-02-10 23:00,VltClsLE,2025.34,1,2025.34,6.13,0.30,21.6,1.07,-18.34,-0.91,1811.67,0.18
2133,空头出场,2026-02-11 03:30,VltClsLE,2022.21,1,2031.47,9.26,0.46,35.29,1.74,0,0.00,1820.93,0.18
2133,空头进场,2026-02-11 02:00,VltClsSE,2031.47,1,2031.47,9.26,0.46,35.29,1.74,0,0.00,1820.93,0.18
2134,多头出场,2026-02-11 04:00,VltClsSE,2008.3,1,2022.21,-13.91,-0.69,3.51,0.17,-13.91,-0.69,1807.02,0.18
2134,多头进场,2026-02-11 03:30,VltClsLE,2022.21,1,2022.21,-13.91,-0.69,3.51,0.17,-13.91,-0.69,1807.02,0.18
2135,空头出场,2026-02-11 05:45,VltClsLE,2010.2,1,2008.3,-1.9,-0.09,11.3,0.56,-9.65,-0.48,1805.12,0.18
2135,空头进场,2026-02-11 04:00,VltClsSE,2008.3,1,2008.3,-1.9,-0.09,11.3,0.56,-9.65,-0.48,1805.12,0.18
2136,多头出场,2026-02-11 07:15,VltClsSE,2012.79,1,2010.2,2.59,0.13,10.15,0.50,-3.09,-0.15,1807.71,0.18
2136,多头进场,2026-02-11 05:45,VltClsLE,2010.2,1,2010.2,2.59,0.13,10.15,0.50,-3.09,-0.15,1807.71,0.18
2137,空头出场,2026-02-11 07:30,VltClsLE,2018.75,1,2012.79,-5.96,-0.30,0.15,0.01,-5.96,-0.30,1801.75,0.18
2137,空头进场,2026-02-11 07:15,VltClsSE,2012.79,1,2012.79,-5.96,-0.30,0.15,0.01,-5.96,-0.30,1801.75,0.18
2138,多头出场,2026-02-11 08:30,VltClsSE,2021.98,1,2018.75,3.23,0.16,10.91,0.54,-0.38,-0.02,1804.98,0.18
2138,多头进场,2026-02-11 07:30,VltClsLE,2018.75,1,2018.75,3.23,0.16,10.91,0.54,-0.38,-0.02,1804.98,0.18
2139,空头出场,2026-02-11 08:45,VltClsLE,2027.55,1,2021.98,-5.57,-0.28,1.58,0.08,-5.57,-0.28,1799.41,0.18
2139,空头进场,2026-02-11 08:30,VltClsSE,2021.98,1,2021.98,-5.57,-0.28,1.58,0.08,-5.57,-0.28,1799.41,0.18
2140,多头出场,2026-02-11 09:15,VltClsSE,2020.24,1,2027.55,-7.31,-0.36,3.47,0.17,-7.31,-0.36,1792.1,0.18
2140,多头进场,2026-02-11 08:45,VltClsLE,2027.55,1,2027.55,-7.31,-0.36,3.47,0.17,-7.31,-0.36,1792.1,0.18
2141,空头出场,2026-02-11 09:30,VltClsLE,2024.47,1,2020.24,-4.23,-0.21,3.64,0.18,-4.23,-0.21,1787.87,0.18
2141,空头进场,2026-02-11 09:15,VltClsSE,2020.24,1,2020.24,-4.23,-0.21,3.64,0.18,-4.23,-0.21,1787.87,0.18
2142,多头出场,2026-02-11 10:30,VltClsSE,2023.4,1,2024.47,-1.07,-0.05,7.84,0.39,-2.86,-0.14,1786.8,0.18
2142,多头进场,2026-02-11 09:30,VltClsLE,2024.47,1,2024.47,-1.07,-0.05,7.84,0.39,-2.86,-0.14,1786.8,0.18
2143,空头出场,2026-02-11 11:15,VltClsLE,2016.32,1,2023.4,7.08,0.35,13.4,0.66,0,0.00,1793.88,0.18
2143,空头进场,2026-02-11 10:30,VltClsSE,2023.4,1,2023.4,7.08,0.35,13.4,0.66,0,0.00,1793.88,0.18
2144,多头出场,2026-02-11 12:15,VltClsSE,1992.93,1,2016.32,-23.39,-1.16,5.06,0.25,-23.39,-1.16,1770.49,0.18
2144,多头进场,2026-02-11 11:15,VltClsLE,2016.32,1,2016.32,-23.39,-1.16,5.06,0.25,-23.39,-1.16,1770.49,0.18
2145,空头出场,2026-02-11 18:15,VltClsLE,1945.74,1,1992.93,47.19,2.37,55.82,2.80,0,0.00,1817.68,0.18
2145,空头进场,2026-02-11 12:15,VltClsSE,1992.93,1,1992.93,47.19,2.37,55.82,2.80,0,0.00,1817.68,0.18
2146,多头出场,2026-02-11 18:30,VltClsSE,1940.43,1,1945.74,-5.31,-0.27,0.65,0.03,-5.31,-0.27,1812.37,0.18
2146,多头进场,2026-02-11 18:15,VltClsLE,1945.74,1,1945.74,-5.31,-0.27,0.65,0.03,-5.31,-0.27,1812.37,0.18
2147,空头出场,2026-02-11 19:15,VltClsLE,1949.1,1,1940.43,-8.67,-0.45,8.41,0.43,-8.67,-0.45,1803.7,0.18
2147,空头进场,2026-02-11 18:30,VltClsSE,1940.43,1,1940.43,-8.67,-0.45,8.41,0.43,-8.67,-0.45,1803.7,0.18
2148,多头出场,2026-02-11 20:30,VltClsSE,1952.82,1,1949.1,3.72,0.19,18,0.92,-1.46,-0.07,1807.42,0.18
2148,多头进场,2026-02-11 19:15,VltClsLE,1949.1,1,1949.1,3.72,0.19,18,0.92,-1.46,-0.07,1807.42,0.18
2149,空头出场,2026-02-11 21:30,VltClsLE,1955.37,1,1952.82,-2.55,-0.13,10,0.51,-2.55,-0.13,1804.87,0.18
2149,空头进场,2026-02-11 20:30,VltClsSE,1952.82,1,1952.82,-2.55,-0.13,10,0.51,-2.55,-0.13,1804.87,0.18
2150,多头出场,2026-02-11 22:15,VltClsSE,1985.83,1,1955.37,30.46,1.56,60.44,3.09,-8.37,-0.43,1835.33,0.18
2150,多头进场,2026-02-11 21:30,VltClsLE,1955.37,1,1955.37,30.46,1.56,60.44,3.09,-8.37,-0.43,1835.33,0.18
2151,空头出场,2026-02-12 00:00,VltClsLE,1950.76,1,1985.83,35.07,1.77,82.64,4.16,-10.68,-0.54,1870.4,0.19
2151,空头进场,2026-02-11 22:15,VltClsSE,1985.83,1,1985.83,35.07,1.77,82.64,4.16,-10.68,-0.54,1870.4,0.19
2152,多头出场,2026-02-12 00:30,VltClsSE,1919.53,1,1950.76,-31.23,-1.60,5.58,0.29,-31.23,-1.60,1839.17,0.18
2152,多头进场,2026-02-12 00:00,VltClsLE,1950.76,1,1950.76,-31.23,-1.60,5.58,0.29,-31.23,-1.60,1839.17,0.18
2153,空头出场,2026-02-12 01:15,VltClsLE,1933.66,1,1919.53,-14.13,-0.74,10.73,0.56,-14.13,-0.74,1825.04,0.18
2153,空头进场,2026-02-12 00:30,VltClsSE,1919.53,1,1919.53,-14.13,-0.74,10.73,0.56,-14.13,-0.74,1825.04,0.18
2154,多头出场,2026-02-12 02:00,VltClsSE,1919.19,1,1933.66,-14.47,-0.75,8.82,0.46,-14.47,-0.75,1810.57,0.18
2154,多头进场,2026-02-12 01:15,VltClsLE,1933.66,1,1933.66,-14.47,-0.75,8.82,0.46,-14.47,-0.75,1810.57,0.18
2155,空头出场,2026-02-12 02:15,VltClsLE,1935.21,1,1919.19,-16.02,-0.83,3.48,0.18,-16.02,-0.83,1794.55,0.18
2155,空头进场,2026-02-12 02:00,VltClsSE,1919.19,1,1919.19,-16.02,-0.83,3.48,0.18,-16.02,-0.83,1794.55,0.18
2156,多头出场,2026-02-12 04:15,VltClsSE,1945.47,1,1935.21,10.26,0.53,24.59,1.27,-1.34,-0.07,1804.81,0.18
2156,多头进场,2026-02-12 02:15,VltClsLE,1935.21,1,1935.21,10.26,0.53,24.59,1.27,-1.34,-0.07,1804.81,0.18
2157,空头出场,2026-02-12 04:45,VltClsLE,1957.55,1,1945.47,-12.08,-0.62,4.98,0.26,-12.08,-0.62,1792.73,0.18
2157,空头进场,2026-02-12 04:15,VltClsSE,1945.47,1,1945.47,-12.08,-0.62,4.98,0.26,-12.08,-0.62,1792.73,0.18
2158,多头出场,2026-02-12 06:00,VltClsSE,1959.51,1,1957.55,1.96,0.10,30.52,1.56,-6.63,-0.34,1794.69,0.18
2158,多头进场,2026-02-12 04:45,VltClsLE,1957.55,1,1957.55,1.96,0.10,30.52,1.56,-6.63,-0.34,1794.69,0.18
2159,空头出场,2026-02-12 08:00,VltClsLE,1950.48,1,1959.51,9.03,0.46,27.07,1.38,-5.71,-0.29,1803.72,0.18
2159,空头进场,2026-02-12 06:00,VltClsSE,1959.51,1,1959.51,9.03,0.46,27.07,1.38,-5.71,-0.29,1803.72,0.18
2160,多头出场,2026-02-12 10:00,VltClsSE,1959.39,1,1950.48,8.91,0.46,27.27,1.40,-1.8,-0.09,1812.63,0.18
2160,多头进场,2026-02-12 08:00,VltClsLE,1950.48,1,1950.48,8.91,0.46,27.27,1.40,-1.8,-0.09,1812.63,0.18
2161,空头出场,2026-02-12 11:30,VltClsLE,1968.27,1,1959.39,-8.88,-0.45,4,0.20,-10.97,-0.56,1803.75,0.18
2161,空头进场,2026-02-12 10:00,VltClsSE,1959.39,1,1959.39,-8.88,-0.45,4,0.20,-10.97,-0.56,1803.75,0.18
2162,多头出场,2026-02-12 12:15,VltClsSE,1967.8,1,1968.27,-0.47,-0.02,6.87,0.35,-3.84,-0.20,1803.28,0.18
2162,多头进场,2026-02-12 11:30,VltClsLE,1968.27,1,1968.27,-0.47,-0.02,6.87,0.35,-3.84,-0.20,1803.28,0.18
2163,空头出场,2026-02-12 12:30,VltClsLE,1969.99,1,1967.8,-2.19,-0.11,7.51,0.38,-2.19,-0.11,1801.09,0.18
2163,空头进场,2026-02-12 12:15,VltClsSE,1967.8,1,1967.8,-2.19,-0.11,7.51,0.38,-2.19,-0.11,1801.09,0.18
2164,多头出场,2026-02-12 13:00,VltClsSE,1958.52,1,1969.99,-11.47,-0.58,5.36,0.27,-11.47,-0.58,1789.62,0.18
2164,多头进场,2026-02-12 12:30,VltClsLE,1969.99,1,1969.99,-11.47,-0.58,5.36,0.27,-11.47,-0.58,1789.62,0.18
2165,空头出场,2026-02-12 14:15,VltClsLE,1978.51,1,1958.52,-19.99,-1.02,5.38,0.27,-19.99,-1.02,1769.63,0.18
2165,空头进场,2026-02-12 13:00,VltClsSE,1958.52,1,1958.52,-19.99,-1.02,5.38,0.27,-19.99,-1.02,1769.63,0.18
2166,多头出场,2026-02-12 15:00,VltClsSE,1968.32,1,1978.51,-10.19,-0.52,4.49,0.23,-10.19,-0.52,1759.44,0.18
2166,多头进场,2026-02-12 14:15,VltClsLE,1978.51,1,1978.51,-10.19,-0.52,4.49,0.23,-10.19,-0.52,1759.44,0.18
2167,空头出场,2026-02-12 15:15,VltClsLE,1976.56,1,1968.32,-8.24,-0.42,2.13,0.11,-8.24,-0.42,1751.2,0.18
2167,空头进场,2026-02-12 15:00,VltClsSE,1968.32,1,1968.32,-8.24,-0.42,2.13,0.11,-8.24,-0.42,1751.2,0.18
2168,多头出场,2026-02-12 16:15,VltClsSE,1964.11,1,1976.56,-12.45,-0.63,1.36,0.07,-12.45,-0.63,1738.75,0.17
2168,多头进场,2026-02-12 15:15,VltClsLE,1976.56,1,1976.56,-12.45,-0.63,1.36,0.07,-12.45,-0.63,1738.75,0.17
2169,空头出场,2026-02-12 16:45,VltClsLE,1965.35,1,1964.11,-1.24,-0.06,6.86,0.35,-1.24,-0.06,1737.51,0.17
2169,空头进场,2026-02-12 16:15,VltClsSE,1964.11,1,1964.11,-1.24,-0.06,6.86,0.35,-1.24,-0.06,1737.51,0.17
2170,多头出场,2026-02-12 19:00,VltClsSE,1986.29,1,1965.35,20.94,1.07,30.38,1.55,-2.07,-0.11,1758.45,0.18
2170,多头进场,2026-02-12 16:45,VltClsLE,1965.35,1,1965.35,20.94,1.07,30.38,1.55,-2.07,-0.11,1758.45,0.18
2171,空头出场,2026-02-12 19:15,VltClsLE,1995.89,1,1986.29,-9.6,-0.48,2.58,0.13,-9.6,-0.48,1748.85,0.17
2171,空头进场,2026-02-12 19:00,VltClsSE,1986.29,1,1986.29,-9.6,-0.48,2.58,0.13,-9.6,-0.48,1748.85,0.17
2172,多头出场,2026-02-12 20:45,VltClsSE,1977.16,1,1995.89,-18.73,-0.94,5.53,0.28,-18.73,-0.94,1730.12,0.17
2172,多头进场,2026-02-12 19:15,VltClsLE,1995.89,1,1995.89,-18.73,-0.94,5.53,0.28,-18.73,-0.94,1730.12,0.17
2173,空头出场,2026-02-12 21:30,VltClsLE,1988.02,1,1977.16,-10.86,-0.55,2.31,0.12,-11.06,-0.56,1719.26,0.17
2173,空头进场,2026-02-12 20:45,VltClsSE,1977.16,1,1977.16,-10.86,-0.55,2.31,0.12,-11.06,-0.56,1719.26,0.17
2174,多头出场,2026-02-12 22:00,VltClsSE,1986.55,1,1988.02,-1.47,-0.07,8.28,0.42,-1.47,-0.07,1717.79,0.17
2174,多头进场,2026-02-12 21:30,VltClsLE,1988.02,1,1988.02,-1.47,-0.07,8.28,0.42,-1.47,-0.07,1717.79,0.17
2175,空头出场,2026-02-12 22:45,VltClsLE,1986.3,1,1986.55,0.25,0.01,13.14,0.66,-8.15,-0.41,1718.04,0.17
2175,空头进场,2026-02-12 22:00,VltClsSE,1986.55,1,1986.55,0.25,0.01,13.14,0.66,-8.15,-0.41,1718.04,0.17
2176,多头出场,2026-02-12 23:00,VltClsSE,1969.03,1,1986.3,-17.27,-0.87,1.33,0.07,-17.27,-0.87,1700.77,0.17
2176,多头进场,2026-02-12 22:45,VltClsLE,1986.3,1,1986.3,-17.27,-0.87,1.33,0.07,-17.27,-0.87,1700.77,0.17
2177,空头出场,2026-02-12 23:15,VltClsLE,1979.95,1,1969.03,-10.92,-0.55,14.93,0.76,-10.92,-0.55,1689.85,0.17
2177,空头进场,2026-02-12 23:00,VltClsSE,1969.03,1,1969.03,-10.92,-0.55,14.93,0.76,-10.92,-0.55,1689.85,0.17
2178,多头出场,2026-02-12 23:30,VltClsSE,1961.46,1,1979.95,-18.49,-0.93,0.05,0.00,-18.49,-0.93,1671.36,0.17
2178,多头进场,2026-02-12 23:15,VltClsLE,1979.95,1,1979.95,-18.49,-0.93,0.05,0.00,-18.49,-0.93,1671.36,0.17
2179,空头出场,2026-02-13 03:15,VltClsLE,1928.46,1,1961.46,33,1.68,64.22,3.27,0,0.00,1704.36,0.17
2179,空头进场,2026-02-12 23:30,VltClsSE,1961.46,1,1961.46,33,1.68,64.22,3.27,0,0.00,1704.36,0.17
2180,多头出场,2026-02-13 04:45,VltClsSE,1912.13,1,1928.46,-16.33,-0.85,12.63,0.65,-16.33,-0.85,1688.03,0.17
2180,多头进场,2026-02-13 03:15,VltClsLE,1928.46,1,1928.46,-16.33,-0.85,12.63,0.65,-16.33,-0.85,1688.03,0.17
2181,空头出场,2026-02-13 05:30,VltClsLE,1927.46,1,1912.13,-15.33,-0.80,2.47,0.13,-15.33,-0.80,1672.7,0.17
2181,空头进场,2026-02-13 04:45,VltClsSE,1912.13,1,1912.13,-15.33,-0.80,2.47,0.13,-15.33,-0.80,1672.7,0.17
2182,多头出场,2026-02-13 08:15,VltClsSE,1940.06,1,1927.46,12.6,0.65,27.08,1.40,-7,-0.36,1685.3,0.17
2182,多头进场,2026-02-13 05:30,VltClsLE,1927.46,1,1927.46,12.6,0.65,27.08,1.40,-7,-0.36,1685.3,0.17
2183,空头出场,2026-02-13 09:00,VltClsLE,1940.4,1,1940.06,-0.34,-0.02,12.43,0.64,-0.34,-0.02,1684.96,0.17
2183,空头进场,2026-02-13 08:15,VltClsSE,1940.06,1,1940.06,-0.34,-0.02,12.43,0.64,-0.34,-0.02,1684.96,0.17
2184,多头出场,2026-02-13 13:00,VltClsSE,1940.07,1,1940.4,-0.33,-0.02,17.81,0.92,-3.6,-0.19,1684.63,0.17
2184,多头进场,2026-02-13 09:00,VltClsLE,1940.4,1,1940.4,-0.33,-0.02,17.81,0.92,-3.6,-0.19,1684.63,0.17
2185,空头出场,2026-02-13 13:15,VltClsLE,1942.78,1,1940.07,-2.71,-0.14,4.56,0.24,-2.71,-0.14,1681.92,0.17
2185,空头进场,2026-02-13 13:00,VltClsSE,1940.07,1,1940.07,-2.71,-0.14,4.56,0.24,-2.71,-0.14,1681.92,0.17
2186,多头出场,2026-02-13 13:45,VltClsSE,1937.86,1,1942.78,-4.92,-0.25,2.22,0.11,-4.92,-0.25,1677,0.17
2186,多头进场,2026-02-13 13:15,VltClsLE,1942.78,1,1942.78,-4.92,-0.25,2.22,0.11,-4.92,-0.25,1677,0.17
2187,空头出场,2026-02-13 14:45,VltClsLE,1935.71,1,1937.86,2.15,0.11,13.14,0.68,-1.4,-0.07,1679.15,0.17
2187,空头进场,2026-02-13 13:45,VltClsSE,1937.86,1,1937.86,2.15,0.11,13.14,0.68,-1.4,-0.07,1679.15,0.17
2188,多头出场,2026-02-13 15:30,VltClsSE,1939.45,1,1935.71,3.74,0.19,12.89,0.67,-0.05,0.00,1682.89,0.17
2188,多头进场,2026-02-13 14:45,VltClsLE,1935.71,1,1935.71,3.74,0.19,12.89,0.67,-0.05,0.00,1682.89,0.17
2189,空头出场,2026-02-13 16:00,VltClsLE,1942.65,1,1939.45,-3.2,-0.16,6.67,0.34,-3.2,-0.16,1679.69,0.17
2189,空头进场,2026-02-13 15:30,VltClsSE,1939.45,1,1939.45,-3.2,-0.16,6.67,0.34,-3.2,-0.16,1679.69,0.17
2190,多头出场,2026-02-13 19:30,VltClsSE,1950.83,1,1942.65,8.18,0.42,26.61,1.37,-5.83,-0.30,1687.87,0.17
2190,多头进场,2026-02-13 16:00,VltClsLE,1942.65,1,1942.65,8.18,0.42,26.61,1.37,-5.83,-0.30,1687.87,0.17
2191,空头出场,2026-02-13 20:15,VltClsLE,1961.56,1,1950.83,-10.73,-0.55,4.99,0.26,-10.73,-0.55,1677.14,0.17
2191,空头进场,2026-02-13 19:30,VltClsSE,1950.83,1,1950.83,-10.73,-0.55,4.99,0.26,-10.73,-0.55,1677.14,0.17
2192,多头出场,2026-02-14 04:00,VltClsSE,2052.33,1,1961.56,90.77,4.63,112.12,5.72,-5.54,-0.28,1767.91,0.18
2192,多头进场,2026-02-13 20:15,VltClsLE,1961.56,1,1961.56,90.77,4.63,112.12,5.72,-5.54,-0.28,1767.91,0.18
2193,空头出场,2026-02-14 05:00,VltClsLE,2052.12,1,2052.33,0.21,0.01,13.64,0.66,-1.55,-0.08,1768.12,0.18
2193,空头进场,2026-02-14 04:00,VltClsSE,2052.33,1,2052.33,0.21,0.01,13.64,0.66,-1.55,-0.08,1768.12,0.18
2194,多头出场,2026-02-14 06:00,VltClsSE,2049.09,1,2052.12,-3.03,-0.15,7.27,0.35,-3.03,-0.15,1765.09,0.18
2194,多头进场,2026-02-14 05:00,VltClsLE,2052.12,1,2052.12,-3.03,-0.15,7.27,0.35,-3.03,-0.15,1765.09,0.18
2195,空头出场,2026-02-14 06:15,VltClsLE,2051.83,1,2049.09,-2.74,-0.13,4.02,0.20,-2.74,-0.13,1762.35,0.18
2195,空头进场,2026-02-14 06:00,VltClsSE,2049.09,1,2049.09,-2.74,-0.13,4.02,0.20,-2.74,-0.13,1762.35,0.18
2196,多头出场,2026-02-14 08:15,VltClsSE,2044.59,1,2051.83,-7.24,-0.35,2.58,0.13,-7.24,-0.35,1755.11,0.18
2196,多头进场,2026-02-14 06:15,VltClsLE,2051.83,1,2051.83,-7.24,-0.35,2.58,0.13,-7.24,-0.35,1755.11,0.18
2197,空头出场,2026-02-14 08:30,VltClsLE,2050.43,1,2044.59,-5.84,-0.29,2.22,0.11,-5.84,-0.29,1749.27,0.17
2197,空头进场,2026-02-14 08:15,VltClsSE,2044.59,1,2044.59,-5.84,-0.29,2.22,0.11,-5.84,-0.29,1749.27,0.17
2198,多头出场,2026-02-14 09:00,VltClsSE,2051.39,1,2050.43,0.96,0.05,5.63,0.27,-0.53,-0.03,1750.23,0.18
2198,多头进场,2026-02-14 08:30,VltClsLE,2050.43,1,2050.43,0.96,0.05,5.63,0.27,-0.53,-0.03,1750.23,0.18
2199,空头出场,2026-02-14 11:45,VltClsLE,2055.41,1,2051.39,-4.02,-0.20,3.29,0.16,-6.18,-0.30,1746.21,0.17
2199,空头进场,2026-02-14 09:00,VltClsSE,2051.39,1,2051.39,-4.02,-0.20,3.29,0.16,-6.18,-0.30,1746.21,0.17
2200,多头出场,2026-02-14 12:30,VltClsSE,2054.24,1,2055.41,-1.17,-0.06,2.15,0.10,-2.64,-0.13,1745.04,0.17
2200,多头进场,2026-02-14 11:45,VltClsLE,2055.41,1,2055.41,-1.17,-0.06,2.15,0.10,-2.64,-0.13,1745.04,0.17
2201,空头出场,2026-02-14 15:45,VltClsLE,2057.77,1,2054.24,-3.53,-0.17,5.74,0.28,-3.76,-0.18,1741.51,0.17
2201,空头进场,2026-02-14 12:30,VltClsSE,2054.24,1,2054.24,-3.53,-0.17,5.74,0.28,-3.76,-0.18,1741.51,0.17
2202,多头出场,2026-02-14 20:15,VltClsSE,2089.38,1,2057.77,31.61,1.54,49.9,2.42,-0.73,-0.04,1773.12,0.18
2202,多头进场,2026-02-14 15:45,VltClsLE,2057.77,1,2057.77,31.61,1.54,49.9,2.42,-0.73,-0.04,1773.12,0.18
2203,空头出场,2026-02-14 22:30,VltClsLE,2076.87,1,2089.38,12.51,0.60,24.8,1.19,-3.06,-0.15,1785.63,0.18
2203,空头进场,2026-02-14 20:15,VltClsSE,2089.38,1,2089.38,12.51,0.60,24.8,1.19,-3.06,-0.15,1785.63,0.18
2204,多头出场,2026-02-15 00:00,VltClsSE,2080.62,1,2076.87,3.75,0.18,16.86,0.81,-2.5,-0.12,1789.38,0.18
2204,多头进场,2026-02-14 22:30,VltClsLE,2076.87,1,2076.87,3.75,0.18,16.86,0.81,-2.5,-0.12,1789.38,0.18
2205,空头出场,2026-02-15 00:30,VltClsLE,2079.51,1,2080.62,1.11,0.05,13.35,0.64,0,0.00,1790.49,0.18
2205,空头进场,2026-02-15 00:00,VltClsSE,2080.62,1,2080.62,1.11,0.05,13.35,0.64,0,0.00,1790.49,0.18
2206,多头出场,2026-02-15 03:15,VltClsSE,2079.55,1,2079.51,0.04,0.00,9.77,0.47,-2.57,-0.12,1790.53,0.18
2206,多头进场,2026-02-15 00:30,VltClsLE,2079.51,1,2079.51,0.04,0.00,9.77,0.47,-2.57,-0.12,1790.53,0.18
2207,空头出场,2026-02-15 04:00,VltClsLE,2092.21,1,2079.55,-12.66,-0.61,0.99,0.05,-12.66,-0.61,1777.87,0.18
2207,空头进场,2026-02-15 03:15,VltClsSE,2079.55,1,2079.55,-12.66,-0.61,0.99,0.05,-12.66,-0.61,1777.87,0.18
2208,多头出场,2026-02-15 05:15,VltClsSE,2090.48,1,2092.21,-1.73,-0.08,6.68,0.32,-10.97,-0.52,1776.14,0.18
2208,多头进场,2026-02-15 04:00,VltClsLE,2092.21,1,2092.21,-1.73,-0.08,6.68,0.32,-10.97,-0.52,1776.14,0.18
2209,空头出场,2026-02-15 06:00,VltClsLE,2091.21,1,2090.48,-0.73,-0.03,11.85,0.57,-0.73,-0.03,1775.41,0.18
2209,空头进场,2026-02-15 05:15,VltClsSE,2090.48,1,2090.48,-0.73,-0.03,11.85,0.57,-0.73,-0.03,1775.41,0.18
2210,多头出场,2026-02-15 06:15,VltClsSE,2086.76,1,2091.21,-4.45,-0.21,1.79,0.09,-4.45,-0.21,1770.96,0.18
2210,多头进场,2026-02-15 06:00,VltClsLE,2091.21,1,2091.21,-4.45,-0.21,1.79,0.09,-4.45,-0.21,1770.96,0.18
2211,空头出场,2026-02-15 08:15,VltClsLE,2088.12,1,2086.76,-1.36,-0.07,5.36,0.26,-7.92,-0.38,1769.6,0.18
2211,空头进场,2026-02-15 06:15,VltClsSE,2086.76,1,2086.76,-1.36,-0.07,5.36,0.26,-7.92,-0.38,1769.6,0.18
2212,多头出场,2026-02-15 08:30,VltClsSE,2076.85,1,2088.12,-11.27,-0.54,0.08,0.00,-11.27,-0.54,1758.33,0.18
2212,多头进场,2026-02-15 08:15,VltClsLE,2088.12,1,2088.12,-11.27,-0.54,0.08,0.00,-11.27,-0.54,1758.33,0.18
2213,空头出场,2026-02-15 08:45,VltClsLE,2081.1,1,2076.85,-4.25,-0.20,4.11,0.20,-4.25,-0.20,1754.08,0.18
2213,空头进场,2026-02-15 08:30,VltClsSE,2076.85,1,2076.85,-4.25,-0.20,4.11,0.20,-4.25,-0.20,1754.08,0.18
2214,多头出场,2026-02-15 09:15,VltClsSE,2077.75,1,2081.1,-3.35,-0.16,3.92,0.19,-3.35,-0.16,1750.73,0.18
2214,多头进场,2026-02-15 08:45,VltClsLE,2081.1,1,2081.1,-3.35,-0.16,3.92,0.19,-3.35,-0.16,1750.73,0.18
2215,空头出场,2026-02-15 11:45,VltClsLE,2052.66,1,2077.75,25.09,1.21,46.85,2.25,0,0.00,1775.82,0.18
2215,空头进场,2026-02-15 09:15,VltClsSE,2077.75,1,2077.75,25.09,1.21,46.85,2.25,0,0.00,1775.82,0.18
2216,多头出场,2026-02-15 14:45,VltClsSE,2083.26,1,2052.66,30.6,1.49,43.45,2.12,0,0.00,1806.42,0.18
2216,多头进场,2026-02-15 11:45,VltClsLE,2052.66,1,2052.66,30.6,1.49,43.45,2.12,0,0.00,1806.42,0.18
2217,空头出场,2026-02-15 15:15,VltClsLE,2089.51,1,2083.26,-6.25,-0.30,0.79,0.04,-6.25,-0.30,1800.17,0.18
2217,空头进场,2026-02-15 14:45,VltClsSE,2083.26,1,2083.26,-6.25,-0.30,0.79,0.04,-6.25,-0.30,1800.17,0.18
2218,多头出场,2026-02-15 16:00,VltClsSE,2084.91,1,2089.51,-4.6,-0.22,13.81,0.66,-5.84,-0.28,1795.57,0.18
2218,多头进场,2026-02-15 15:15,VltClsLE,2089.51,1,2089.51,-4.6,-0.22,13.81,0.66,-5.84,-0.28,1795.57,0.18
2219,空头出场,2026-02-15 17:00,VltClsLE,2078.38,1,2084.91,6.53,0.31,28.99,1.39,-4.65,-0.22,1802.1,0.18
2219,空头进场,2026-02-15 16:00,VltClsSE,2084.91,1,2084.91,6.53,0.31,28.99,1.39,-4.65,-0.22,1802.1,0.18
2220,多头出场,2026-02-15 18:00,VltClsSE,2062.91,1,2078.38,-15.47,-0.74,0.48,0.02,-15.47,-0.74,1786.63,0.18
2220,多头进场,2026-02-15 17:00,VltClsLE,2078.38,1,2078.38,-15.47,-0.74,0.48,0.02,-15.47,-0.74,1786.63,0.18
2221,空头出场,2026-02-15 20:15,VltClsLE,2064.07,1,2062.91,-1.16,-0.06,8.55,0.41,-4.1,-0.20,1785.47,0.18
2221,空头进场,2026-02-15 18:00,VltClsSE,2062.91,1,2062.91,-1.16,-0.06,8.55,0.41,-4.1,-0.20,1785.47,0.18
2222,多头出场,2026-02-15 20:30,VltClsSE,2061.51,1,2064.07,-2.56,-0.12,4.56,0.22,-2.56,-0.12,1782.91,0.18
2222,多头进场,2026-02-15 20:15,VltClsLE,2064.07,1,2064.07,-2.56,-0.12,4.56,0.22,-2.56,-0.12,1782.91,0.18
2223,空头出场,2026-02-15 21:00,VltClsLE,2023.21,1,2061.51,38.3,1.86,50.96,2.47,0,0.00,1821.21,0.18
2223,空头进场,2026-02-15 20:30,VltClsSE,2061.51,1,2061.51,38.3,1.86,50.96,2.47,0,0.00,1821.21,0.18
2224,多头出场,2026-02-15 23:15,VltClsSE,2006.36,1,2023.21,-16.85,-0.83,5.13,0.25,-29.91,-1.48,1804.36,0.18
2224,多头进场,2026-02-15 21:00,VltClsLE,2023.21,1,2023.21,-16.85,-0.83,5.13,0.25,-29.91,-1.48,1804.36,0.18
2225,空头出场,2026-02-16 05:30,VltClsLE,1962.72,1,2006.36,43.64,2.18,77.48,3.86,-6.13,-0.31,1848,0.18
2225,空头进场,2026-02-15 23:15,VltClsSE,2006.36,1,2006.36,43.64,2.18,77.48,3.86,-6.13,-0.31,1848,0.18
2226,多头出场,2026-02-16 07:00,VltClsSE,1964.26,1,1962.72,1.54,0.08,11.79,0.60,-8.64,-0.44,1849.54,0.18
2226,多头进场,2026-02-16 05:30,VltClsLE,1962.72,1,1962.72,1.54,0.08,11.79,0.60,-8.64,-0.44,1849.54,0.18
2227,空头出场,2026-02-16 07:30,VltClsLE,1967.99,1,1964.26,-3.73,-0.19,19.9,1.01,-3.73,-0.19,1845.81,0.18
2227,空头进场,2026-02-16 07:00,VltClsSE,1964.26,1,1964.26,-3.73,-0.19,19.9,1.01,-3.73,-0.19,1845.81,0.18
2228,多头出场,2026-02-16 09:30,VltClsSE,1958.98,1,1967.99,-9.01,-0.46,13.21,0.67,-9.01,-0.46,1836.8,0.18
2228,多头进场,2026-02-16 07:30,VltClsLE,1967.99,1,1967.99,-9.01,-0.46,13.21,0.67,-9.01,-0.46,1836.8,0.18
2229,空头出场,2026-02-16 12:00,VltClsLE,1963.91,1,1958.98,-4.93,-0.25,10.22,0.52,-7.81,-0.40,1831.87,0.18
2229,空头进场,2026-02-16 09:30,VltClsSE,1958.98,1,1958.98,-4.93,-0.25,10.22,0.52,-7.81,-0.40,1831.87,0.18
2230,多头出场,2026-02-16 13:00,VltClsSE,1968.12,1,1963.91,4.21,0.21,10.26,0.52,0,0.00,1836.08,0.18
2230,多头进场,2026-02-16 12:00,VltClsLE,1963.91,1,1963.91,4.21,0.21,10.26,0.52,0,0.00,1836.08,0.18
2231,空头出场,2026-02-16 14:30,VltClsLE,1964.31,1,1968.12,3.81,0.19,15.21,0.77,0,0.00,1839.89,0.18
2231,空头进场,2026-02-16 13:00,VltClsSE,1968.12,1,1968.12,3.81,0.19,15.21,0.77,0,0.00,1839.89,0.18
2232,多头出场,2026-02-16 15:30,VltClsSE,1968.9,1,1964.31,4.59,0.23,14.33,0.73,-0.66,-0.03,1844.48,0.18
2232,多头进场,2026-02-16 14:30,VltClsLE,1964.31,1,1964.31,4.59,0.23,14.33,0.73,-0.66,-0.03,1844.48,0.18
2233,空头出场,2026-02-16 16:15,VltClsLE,1975.93,1,1968.9,-7.03,-0.36,3.58,0.18,-7.03,-0.36,1837.45,0.18
2233,空头进场,2026-02-16 15:30,VltClsSE,1968.9,1,1968.9,-7.03,-0.36,3.58,0.18,-7.03,-0.36,1837.45,0.18
2234,多头出场,2026-02-16 18:15,VltClsSE,1981.62,1,1975.93,5.69,0.29,17.42,0.88,-5.05,-0.26,1843.14,0.18
2234,多头进场,2026-02-16 16:15,VltClsLE,1975.93,1,1975.93,5.69,0.29,17.42,0.88,-5.05,-0.26,1843.14,0.18
2235,空头出场,2026-02-16 19:00,VltClsLE,1983.51,1,1981.62,-1.89,-0.10,4.11,0.21,-2.1,-0.11,1841.25,0.18
2235,空头进场,2026-02-16 18:15,VltClsSE,1981.62,1,1981.62,-1.89,-0.10,4.11,0.21,-2.1,-0.11,1841.25,0.18
2236,多头出场,2026-02-16 19:15,VltClsSE,1959.36,1,1983.51,-24.15,-1.22,0.36,0.02,-24.15,-1.22,1817.1,0.18
2236,多头进场,2026-02-16 19:00,VltClsLE,1983.51,1,1983.51,-24.15,-1.22,0.36,0.02,-24.15,-1.22,1817.1,0.18
2237,空头出场,2026-02-16 19:45,VltClsLE,1975.89,1,1959.36,-16.53,-0.84,2.24,0.11,-16.53,-0.84,1800.57,0.18
2237,空头进场,2026-02-16 19:15,VltClsSE,1959.36,1,1959.36,-16.53,-0.84,2.24,0.11,-16.53,-0.84,1800.57,0.18
2238,多头出场,2026-02-16 21:15,VltClsSE,1998.16,1,1975.89,22.27,1.13,47.62,2.41,-3.43,-0.17,1822.84,0.18
2238,多头进场,2026-02-16 19:45,VltClsLE,1975.89,1,1975.89,22.27,1.13,47.62,2.41,-3.43,-0.17,1822.84,0.18
2239,空头出场,2026-02-16 22:45,VltClsLE,1983.14,1,1998.16,15.02,0.75,43.19,2.16,0,0.00,1837.86,0.18
2239,空头进场,2026-02-16 21:15,VltClsSE,1998.16,1,1998.16,15.02,0.75,43.19,2.16,0,0.00,1837.86,0.18
2240,多头出场,2026-02-16 23:30,VltClsSE,1954.94,1,1983.14,-28.2,-1.42,2.98,0.15,-28.2,-1.42,1809.66,0.18
2240,多头进场,2026-02-16 22:45,VltClsLE,1983.14,1,1983.14,-28.2,-1.42,2.98,0.15,-28.2,-1.42,1809.66,0.18
2241,空头出场,2026-02-17 00:00,VltClsLE,1968.99,1,1954.94,-14.05,-0.72,17.7,0.91,-14.05,-0.72,1795.61,0.18
2241,空头进场,2026-02-16 23:30,VltClsSE,1954.94,1,1954.94,-14.05,-0.72,17.7,0.91,-14.05,-0.72,1795.61,0.18
2242,多头出场,2026-02-17 01:45,VltClsSE,1977.93,1,1968.99,8.94,0.45,19.41,0.99,-7.38,-0.37,1804.55,0.18
2242,多头进场,2026-02-17 00:00,VltClsLE,1968.99,1,1968.99,8.94,0.45,19.41,0.99,-7.38,-0.37,1804.55,0.18
2243,空头出场,2026-02-17 03:30,VltClsLE,1977.19,1,1977.93,0.74,0.04,11.71,0.59,-7.75,-0.39,1805.29,0.18
2243,空头进场,2026-02-17 01:45,VltClsSE,1977.93,1,1977.93,0.74,0.04,11.71,0.59,-7.75,-0.39,1805.29,0.18
2244,多头出场,2026-02-17 05:15,VltClsSE,1987.86,1,1977.19,10.67,0.54,17.53,0.89,-6.09,-0.31,1815.96,0.18
2244,多头进场,2026-02-17 03:30,VltClsLE,1977.19,1,1977.19,10.67,0.54,17.53,0.89,-6.09,-0.31,1815.96,0.18
2245,空头出场,2026-02-17 05:45,VltClsLE,1994.41,1,1987.86,-6.55,-0.33,1.66,0.08,-6.55,-0.33,1809.41,0.18
2245,空头进场,2026-02-17 05:15,VltClsSE,1987.86,1,1987.86,-6.55,-0.33,1.66,0.08,-6.55,-0.33,1809.41,0.18
2246,多头出场,2026-02-17 08:15,VltClsSE,1994.08,1,1994.41,-0.33,-0.02,9.61,0.48,-10.02,-0.50,1809.08,0.18
2246,多头进场,2026-02-17 05:45,VltClsLE,1994.41,1,1994.41,-0.33,-0.02,9.61,0.48,-10.02,-0.50,1809.08,0.18
2247,空头出场,2026-02-17 08:45,VltClsLE,2003.1,1,1994.08,-9.02,-0.45,0.67,0.03,-9.02,-0.45,1800.06,0.18
2247,空头进场,2026-02-17 08:15,VltClsSE,1994.08,1,1994.08,-9.02,-0.45,0.67,0.03,-9.02,-0.45,1800.06,0.18
2248,多头出场,2026-02-17 09:45,VltClsSE,1996.64,1,2003.1,-6.46,-0.32,4.95,0.25,-8.52,-0.43,1793.6,0.18
2248,多头进场,2026-02-17 08:45,VltClsLE,2003.1,1,2003.1,-6.46,-0.32,4.95,0.25,-8.52,-0.43,1793.6,0.18
2249,空头出场,2026-02-17 10:00,VltClsLE,1998.36,1,1996.64,-1.72,-0.09,16.94,0.85,-1.72,-0.09,1791.88,0.18
2249,空头进场,2026-02-17 09:45,VltClsSE,1996.64,1,1996.64,-1.72,-0.09,16.94,0.85,-1.72,-0.09,1791.88,0.18
2250,多头出场,2026-02-17 11:30,VltClsSE,1985.67,1,1998.36,-12.69,-0.64,10.22,0.51,-12.69,-0.64,1779.19,0.18
2250,多头进场,2026-02-17 10:00,VltClsLE,1998.36,1,1998.36,-12.69,-0.64,10.22,0.51,-12.69,-0.64,1779.19,0.18
2251,空头出场,2026-02-17 12:15,VltClsLE,1991.95,1,1985.67,-6.28,-0.32,2.58,0.13,-6.28,-0.32,1772.91,0.18
2251,空头进场,2026-02-17 11:30,VltClsSE,1985.67,1,1985.67,-6.28,-0.32,2.58,0.13,-6.28,-0.32,1772.91,0.18
2252,多头出场,2026-02-17 12:30,VltClsSE,1987.56,1,1991.95,-4.39,-0.22,6.53,0.33,-4.39,-0.22,1768.52,0.18
2252,多头进场,2026-02-17 12:15,VltClsLE,1991.95,1,1991.95,-4.39,-0.22,6.53,0.33,-4.39,-0.22,1768.52,0.18
2253,空头出场,2026-02-17 15:30,VltClsLE,1978.55,1,1987.56,9.01,0.45,22.84,1.15,-3.49,-0.18,1777.53,0.18
2253,空头进场,2026-02-17 12:30,VltClsSE,1987.56,1,1987.56,9.01,0.45,22.84,1.15,-3.49,-0.18,1777.53,0.18
2254,多头出场,2026-02-17 16:30,VltClsSE,1978.98,1,1978.55,0.43,0.02,12.33,0.62,0,0.00,1777.96,0.18
2254,多头进场,2026-02-17 15:30,VltClsLE,1978.55,1,1978.55,0.43,0.02,12.33,0.62,0,0.00,1777.96,0.18
2255,空头出场,2026-02-17 19:00,VltClsLE,1971.55,1,1978.98,7.43,0.38,17.27,0.87,-1.01,-0.05,1785.39,0.18
2255,空头进场,2026-02-17 16:30,VltClsSE,1978.98,1,1978.98,7.43,0.38,17.27,0.87,-1.01,-0.05,1785.39,0.18
2256,多头出场,2026-02-17 19:15,VltClsSE,1966.07,1,1971.55,-5.48,-0.28,0.95,0.05,-5.48,-0.28,1779.91,0.18
2256,多头进场,2026-02-17 19:00,VltClsLE,1971.55,1,1971.55,-5.48,-0.28,0.95,0.05,-5.48,-0.28,1779.91,0.18
2257,空头出场,2026-02-17 20:00,VltClsLE,1973.08,1,1966.07,-7.01,-0.36,1.32,0.07,-7.01,-0.36,1772.9,0.18
2257,空头进场,2026-02-17 19:15,VltClsSE,1966.07,1,1966.07,-7.01,-0.36,1.32,0.07,-7.01,-0.36,1772.9,0.18
2258,多头出场,2026-02-17 20:45,VltClsSE,1969.68,1,1973.08,-3.4,-0.17,3.94,0.20,-3.4,-0.17,1769.5,0.18
2258,多头进场,2026-02-17 20:00,VltClsLE,1973.08,1,1973.08,-3.4,-0.17,3.94,0.20,-3.4,-0.17,1769.5,0.18
2259,空头出场,2026-02-17 21:00,VltClsLE,1974.75,1,1969.68,-5.07,-0.26,4.94,0.25,-5.07,-0.26,1764.43,0.18
2259,空头进场,2026-02-17 20:45,VltClsSE,1969.68,1,1969.68,-5.07,-0.26,4.94,0.25,-5.07,-0.26,1764.43,0.18
2260,多头出场,2026-02-17 22:30,VltClsSE,1979.46,1,1974.75,4.71,0.24,27.95,1.42,0,0.00,1769.14,0.18
2260,多头进场,2026-02-17 21:00,VltClsLE,1974.75,1,1974.75,4.71,0.24,27.95,1.42,0,0.00,1769.14,0.18
2261,空头出场,2026-02-18 00:00,VltClsLE,1981.21,1,1979.46,-1.75,-0.09,37.8,1.91,-1.75,-0.09,1767.39,0.18
2261,空头进场,2026-02-17 22:30,VltClsSE,1979.46,1,1979.46,-1.75,-0.09,37.8,1.91,-1.75,-0.09,1767.39,0.18
2262,多头出场,2026-02-18 01:00,VltClsSE,1965.63,1,1981.21,-15.58,-0.79,29.26,1.48,-15.58,-0.79,1751.81,0.18
2262,多头进场,2026-02-18 00:00,VltClsLE,1981.21,1,1981.21,-15.58,-0.79,29.26,1.48,-15.58,-0.79,1751.81,0.18
2263,空头出场,2026-02-18 02:15,VltClsLE,1978.36,1,1965.63,-12.73,-0.65,11.6,0.59,-12.73,-0.65,1739.08,0.17
2263,空头进场,2026-02-18 01:00,VltClsSE,1965.63,1,1965.63,-12.73,-0.65,11.6,0.59,-12.73,-0.65,1739.08,0.17
2264,多头出场,2026-02-18 03:15,VltClsSE,2000.27,1,1978.36,21.91,1.11,36.97,1.87,0,0.00,1760.99,0.18
2264,多头进场,2026-02-18 02:15,VltClsLE,1978.36,1,1978.36,21.91,1.11,36.97,1.87,0,0.00,1760.99,0.18
2265,空头出场,2026-02-18 07:15,VltClsLE,1996.94,1,2000.27,3.33,0.17,12.7,0.63,-8.52,-0.43,1764.32,0.18
2265,空头进场,2026-02-18 03:15,VltClsSE,2000.27,1,2000.27,3.33,0.17,12.7,0.63,-8.52,-0.43,1764.32,0.18
2266,多头出场,2026-02-18 08:15,VltClsSE,1991.79,1,1996.94,-5.15,-0.26,1.25,0.06,-6.61,-0.33,1759.17,0.18
2266,多头进场,2026-02-18 07:15,VltClsLE,1996.94,1,1996.94,-5.15,-0.26,1.25,0.06,-6.61,-0.33,1759.17,0.18
2267,空头出场,2026-02-18 08:30,VltClsLE,1996.23,1,1991.79,-4.44,-0.22,2.41,0.12,-4.44,-0.22,1754.73,0.18
2267,空头进场,2026-02-18 08:15,VltClsSE,1991.79,1,1991.79,-4.44,-0.22,2.41,0.12,-4.44,-0.22,1754.73,0.18
2268,多头出场,2026-02-18 08:45,VltClsSE,1987.91,1,1996.23,-8.32,-0.42,0.32,0.02,-8.32,-0.42,1746.41,0.17
2268,多头进场,2026-02-18 08:30,VltClsLE,1996.23,1,1996.23,-8.32,-0.42,0.32,0.02,-8.32,-0.42,1746.41,0.17
2269,空头出场,2026-02-18 10:00,VltClsLE,1984.68,1,1987.91,3.23,0.16,19.23,0.97,0,0.00,1749.64,0.17
2269,空头进场,2026-02-18 08:45,VltClsSE,1987.91,1,1987.91,3.23,0.16,19.23,0.97,0,0.00,1749.64,0.17
2270,多头出场,2026-02-18 16:30,VltClsSE,2021.33,1,1984.68,36.65,1.85,54.37,2.74,-1.49,-0.08,1786.29,0.18
2270,多头进场,2026-02-18 10:00,VltClsLE,1984.68,1,1984.68,36.65,1.85,54.37,2.74,-1.49,-0.08,1786.29,0.18
2271,空头出场,2026-02-18 20:00,VltClsLE,1988.5,1,2021.33,32.83,1.62,44.76,2.21,-3.24,-0.16,1819.12,0.18
2271,空头进场,2026-02-18 16:30,VltClsSE,2021.33,1,2021.33,32.83,1.62,44.76,2.21,-3.24,-0.16,1819.12,0.18
2272,多头出场,2026-02-18 20:30,VltClsSE,1976.18,1,1988.5,-12.32,-0.62,0.88,0.04,-12.32,-0.62,1806.8,0.18
2272,多头进场,2026-02-18 20:00,VltClsLE,1988.5,1,1988.5,-12.32,-0.62,0.88,0.04,-12.32,-0.62,1806.8,0.18
2273,空头出场,2026-02-18 22:30,VltClsLE,1972.53,1,1976.18,3.65,0.18,14.62,0.74,-15.73,-0.80,1810.45,0.18
2273,空头进场,2026-02-18 20:30,VltClsSE,1976.18,1,1976.18,3.65,0.18,14.62,0.74,-15.73,-0.80,1810.45,0.18
2274,多头出场,2026-02-18 22:45,VltClsSE,1961.86,1,1972.53,-10.67,-0.54,4.32,0.22,-10.67,-0.54,1799.78,0.18
2274,多头进场,2026-02-18 22:30,VltClsLE,1972.53,1,1972.53,-10.67,-0.54,4.32,0.22,-10.67,-0.54,1799.78,0.18
2275,空头出场,2026-02-18 23:00,VltClsLE,1984.01,1,1961.86,-22.15,-1.13,7.56,0.39,-22.15,-1.13,1777.63,0.18
2275,空头进场,2026-02-18 22:45,VltClsSE,1961.86,1,1961.86,-22.15,-1.13,7.56,0.39,-22.15,-1.13,1777.63,0.18
2276,多头出场,2026-02-18 23:45,VltClsSE,1987.28,1,1984.01,3.27,0.16,26.29,1.33,-4.33,-0.22,1780.9,0.18
2276,多头进场,2026-02-18 23:00,VltClsLE,1984.01,1,1984.01,3.27,0.16,26.29,1.33,-4.33,-0.22,1780.9,0.18
2277,空头出场,2026-02-19 01:00,VltClsLE,1982.5,1,1987.28,4.78,0.24,22.28,1.12,0,0.00,1785.68,0.18
2277,空头进场,2026-02-18 23:45,VltClsSE,1987.28,1,1987.28,4.78,0.24,22.28,1.12,0,0.00,1785.68,0.18
2278,多头出场,2026-02-19 02:15,VltClsSE,1966.55,1,1982.5,-15.95,-0.80,5.39,0.27,-15.95,-0.80,1769.73,0.18
2278,多头进场,2026-02-19 01:00,VltClsLE,1982.5,1,1982.5,-15.95,-0.80,5.39,0.27,-15.95,-0.80,1769.73,0.18
2279,空头出场,2026-02-19 04:30,VltClsLE,1951.5,1,1966.55,15.05,0.77,42.77,2.17,-5.52,-0.28,1784.78,0.18
2279,空头进场,2026-02-19 02:15,VltClsSE,1966.55,1,1966.55,15.05,0.77,42.77,2.17,-5.52,-0.28,1784.78,0.18
2280,多头出场,2026-02-19 04:45,VltClsSE,1939.64,1,1951.5,-11.86,-0.61,1.29,0.07,-11.86,-0.61,1772.92,0.18
2280,多头进场,2026-02-19 04:30,VltClsLE,1951.5,1,1951.5,-11.86,-0.61,1.29,0.07,-11.86,-0.61,1772.92,0.18
2281,空头出场,2026-02-19 06:30,VltClsLE,1944.57,1,1939.64,-4.93,-0.25,3.7,0.19,-8.73,-0.45,1767.99,0.18
2281,空头进场,2026-02-19 04:45,VltClsSE,1939.64,1,1939.64,-4.93,-0.25,3.7,0.19,-8.73,-0.45,1767.99,0.18
2282,多头出场,2026-02-19 08:45,VltClsSE,1953.68,1,1944.57,9.11,0.47,16.65,0.86,0,0.00,1777.1,0.18
2282,多头进场,2026-02-19 06:30,VltClsLE,1944.57,1,1944.57,9.11,0.47,16.65,0.86,0,0.00,1777.1,0.18
2283,空头出场,2026-02-19 09:00,VltClsLE,1961.79,1,1953.68,-8.11,-0.42,0.25,0.01,-8.11,-0.42,1768.99,0.18
2283,空头进场,2026-02-19 08:45,VltClsSE,1953.68,1,1953.68,-8.11,-0.42,0.25,0.01,-8.11,-0.42,1768.99,0.18
2284,多头出场,2026-02-19 09:15,VltClsSE,1962.8,1,1961.79,1.01,0.05,12.94,0.66,0,0.00,1770,0.18
2284,多头进场,2026-02-19 09:00,VltClsLE,1961.79,1,1961.79,1.01,0.05,12.94,0.66,0,0.00,1770,0.18
2285,空头出场,2026-02-19 10:45,VltClsLE,1968.86,1,1962.8,-6.06,-0.31,3.51,0.18,-10.2,-0.52,1763.94,0.18
2285,空头进场,2026-02-19 09:15,VltClsSE,1962.8,1,1962.8,-6.06,-0.31,3.51,0.18,-10.2,-0.52,1763.94,0.18
2286,多头出场,2026-02-19 11:00,VltClsSE,1963.35,1,1968.86,-5.51,-0.28,1.64,0.08,-5.51,-0.28,1758.43,0.18
2286,多头进场,2026-02-19 10:45,VltClsLE,1968.86,1,1968.86,-5.51,-0.28,1.64,0.08,-5.51,-0.28,1758.43,0.18
2287,空头出场,2026-02-19 11:15,VltClsLE,1970.72,1,1963.35,-7.37,-0.38,0.21,0.01,-7.37,-0.38,1751.06,0.18
2287,空头进场,2026-02-19 11:00,VltClsSE,1963.35,1,1963.35,-7.37,-0.38,0.21,0.01,-7.37,-0.38,1751.06,0.18
2288,多头出场,2026-02-19 11:30,VltClsSE,1967.59,1,1970.72,-3.13,-0.16,2.46,0.12,-3.13,-0.16,1747.93,0.17
2288,多头进场,2026-02-19 11:15,VltClsLE,1970.72,1,1970.72,-3.13,-0.16,2.46,0.12,-3.13,-0.16,1747.93,0.17
2289,空头出场,2026-02-19 12:00,VltClsLE,1977.48,1,1967.59,-9.89,-0.50,0.32,0.02,-9.89,-0.50,1738.04,0.17
2289,空头进场,2026-02-19 11:30,VltClsSE,1967.59,1,1967.59,-9.89,-0.50,0.32,0.02,-9.89,-0.50,1738.04,0.17
2290,多头出场,2026-02-19 13:15,VltClsSE,1965.17,1,1977.48,-12.31,-0.62,2.36,0.12,-12.5,-0.63,1725.73,0.17
2290,多头进场,2026-02-19 12:00,VltClsLE,1977.48,1,1977.48,-12.31,-0.62,2.36,0.12,-12.5,-0.63,1725.73,0.17
2291,空头出场,2026-02-19 14:00,VltClsLE,1974.92,1,1965.17,-9.75,-0.50,0.97,0.05,-9.75,-0.50,1715.98,0.17
2291,空头进场,2026-02-19 13:15,VltClsSE,1965.17,1,1965.17,-9.75,-0.50,0.97,0.05,-9.75,-0.50,1715.98,0.17
2292,多头出场,2026-02-19 16:00,VltClsSE,1977.71,1,1974.92,2.79,0.14,12.63,0.64,-2.68,-0.14,1718.77,0.17
2292,多头进场,2026-02-19 14:00,VltClsLE,1974.92,1,1974.92,2.79,0.14,12.63,0.64,-2.68,-0.14,1718.77,0.17
2293,空头出场,2026-02-19 17:15,VltClsLE,1978.96,1,1977.71,-1.25,-0.06,11.36,0.57,-2.29,-0.12,1717.52,0.17
2293,空头进场,2026-02-19 16:00,VltClsSE,1977.71,1,1977.71,-1.25,-0.06,11.36,0.57,-2.29,-0.12,1717.52,0.17
2294,多头出场,2026-02-19 17:45,VltClsSE,1969.1,1,1978.96,-9.86,-0.50,1.55,0.08,-9.86,-0.50,1707.66,0.17
2294,多头进场,2026-02-19 17:15,VltClsLE,1978.96,1,1978.96,-9.86,-0.50,1.55,0.08,-9.86,-0.50,1707.66,0.17
2295,空头出场,2026-02-19 22:00,VltClsLE,1931.09,1,1969.1,38.01,1.93,57.61,2.93,0,0.00,1745.67,0.17
2295,空头进场,2026-02-19 17:45,VltClsSE,1969.1,1,1969.1,38.01,1.93,57.61,2.93,0,0.00,1745.67,0.17
2296,多头出场,2026-02-19 22:30,VltClsSE,1917.55,1,1931.09,-13.54,-0.70,7.12,0.37,-13.54,-0.70,1732.13,0.17
2296,多头进场,2026-02-19 22:00,VltClsLE,1931.09,1,1931.09,-13.54,-0.70,7.12,0.37,-13.54,-0.70,1732.13,0.17
2297,空头出场,2026-02-19 22:45,VltClsLE,1946.79,1,1917.55,-29.24,-1.52,5.48,0.29,-29.24,-1.52,1702.89,0.17
2297,空头进场,2026-02-19 22:30,VltClsSE,1917.55,1,1917.55,-29.24,-1.52,5.48,0.29,-29.24,-1.52,1702.89,0.17
2298,多头出场,2026-02-19 23:00,VltClsSE,1924.89,1,1946.79,-21.9,-1.12,1.73,0.09,-21.9,-1.12,1680.99,0.17
2298,多头进场,2026-02-19 22:45,VltClsLE,1946.79,1,1946.79,-21.9,-1.12,1.73,0.09,-21.9,-1.12,1680.99,0.17
2299,空头出场,2026-02-20 01:15,VltClsLE,1939.77,1,1924.89,-14.88,-0.77,17.89,0.93,-14.88,-0.77,1666.11,0.17
2299,空头进场,2026-02-19 23:00,VltClsSE,1924.89,1,1924.89,-14.88,-0.77,17.89,0.93,-14.88,-0.77,1666.11,0.17
2300,多头出场,2026-02-20 01:45,VltClsSE,1918.79,1,1939.77,-20.98,-1.08,4.8,0.25,-20.98,-1.08,1645.13,0.16
2300,多头进场,2026-02-20 01:15,VltClsLE,1939.77,1,1939.77,-20.98,-1.08,4.8,0.25,-20.98,-1.08,1645.13,0.16
2301,空头出场,2026-02-20 02:00,VltClsLE,1930.71,1,1918.79,-11.92,-0.62,8.02,0.42,-11.92,-0.62,1633.21,0.16
2301,空头进场,2026-02-20 01:45,VltClsSE,1918.79,1,1918.79,-11.92,-0.62,8.02,0.42,-11.92,-0.62,1633.21,0.16
2302,多头出场,2026-02-20 03:30,VltClsSE,1928.8,1,1930.71,-1.91,-0.10,16.81,0.87,-3.68,-0.19,1631.3,0.16
2302,多头进场,2026-02-20 02:00,VltClsLE,1930.71,1,1930.71,-1.91,-0.10,16.81,0.87,-3.68,-0.19,1631.3,0.16
2303,空头出场,2026-02-20 03:45,VltClsLE,1940.25,1,1928.8,-11.45,-0.59,0.96,0.05,-11.45,-0.59,1619.85,0.16
2303,空头进场,2026-02-20 03:30,VltClsSE,1928.8,1,1928.8,-11.45,-0.59,0.96,0.05,-11.45,-0.59,1619.85,0.16
2304,多头出场,2026-02-20 06:00,VltClsSE,1944.33,1,1940.25,4.08,0.21,12.32,0.63,-5.46,-0.28,1623.93,0.16
2304,多头进场,2026-02-20 03:45,VltClsLE,1940.25,1,1940.25,4.08,0.21,12.32,0.63,-5.46,-0.28,1623.93,0.16
2305,空头出场,2026-02-20 06:45,VltClsLE,1944.99,1,1944.33,-0.66,-0.03,7.24,0.37,-1.52,-0.08,1623.27,0.16
2305,空头进场,2026-02-20 06:00,VltClsSE,1944.33,1,1944.33,-0.66,-0.03,7.24,0.37,-1.52,-0.08,1623.27,0.16
2306,多头出场,2026-02-20 07:45,VltClsSE,1946.38,1,1944.99,1.39,0.07,6.34,0.33,-2.7,-0.14,1624.66,0.16
2306,多头进场,2026-02-20 06:45,VltClsLE,1944.99,1,1944.99,1.39,0.07,6.34,0.33,-2.7,-0.14,1624.66,0.16
2307,空头出场,2026-02-20 08:00,VltClsLE,1952.75,1,1946.38,-6.37,-0.33,0.16,0.01,-6.37,-0.33,1618.29,0.16
2307,空头进场,2026-02-20 07:45,VltClsSE,1946.38,1,1946.38,-6.37,-0.33,0.16,0.01,-6.37,-0.33,1618.29,0.16
2308,多头出场,2026-02-20 08:30,VltClsSE,1958.17,1,1952.75,5.42,0.28,11.79,0.60,-0.73,-0.04,1623.71,0.16
2308,多头进场,2026-02-20 08:00,VltClsLE,1952.75,1,1952.75,5.42,0.28,11.79,0.60,-0.73,-0.04,1623.71,0.16
2309,空头出场,2026-02-20 10:30,VltClsLE,1953.38,1,1958.17,4.79,0.24,10,0.51,-4.25,-0.22,1628.5,0.16
2309,空头进场,2026-02-20 08:30,VltClsSE,1958.17,1,1958.17,4.79,0.24,10,0.51,-4.25,-0.22,1628.5,0.16
2310,多头出场,2026-02-20 10:45,VltClsSE,1950.75,1,1953.38,-2.63,-0.13,1.62,0.08,-2.63,-0.13,1625.87,0.16
2310,多头进场,2026-02-20 10:30,VltClsLE,1953.38,1,1953.38,-2.63,-0.13,1.62,0.08,-2.63,-0.13,1625.87,0.16
2311,空头出场,2026-02-20 11:15,VltClsLE,1955.78,1,1950.75,-5.03,-0.26,1.07,0.05,-5.03,-0.26,1620.84,0.16
2311,空头进场,2026-02-20 10:45,VltClsSE,1950.75,1,1950.75,-5.03,-0.26,1.07,0.05,-5.03,-0.26,1620.84,0.16
2312,多头出场,2026-02-20 12:00,VltClsSE,1950.75,1,1955.78,-5.03,-0.26,4.86,0.25,-5.03,-0.26,1615.81,0.16
2312,多头进场,2026-02-20 11:15,VltClsLE,1955.78,1,1955.78,-5.03,-0.26,4.86,0.25,-5.03,-0.26,1615.81,0.16
2313,空头出场,2026-02-20 12:30,VltClsLE,1945.24,1,1950.75,5.51,0.28,19.74,1.01,0,0.00,1621.32,0.16
2313,空头进场,2026-02-20 12:00,VltClsSE,1950.75,1,1950.75,5.51,0.28,19.74,1.01,0,0.00,1621.32,0.16
2314,多头出场,2026-02-20 12:45,VltClsSE,1937.95,1,1945.24,-7.29,-0.37,0.42,0.02,-7.29,-0.37,1614.03,0.16
2314,多头进场,2026-02-20 12:30,VltClsLE,1945.24,1,1945.24,-7.29,-0.37,0.42,0.02,-7.29,-0.37,1614.03,0.16
2315,空头出场,2026-02-20 13:30,VltClsLE,1951.49,1,1937.95,-13.54,-0.70,3.17,0.16,-13.54,-0.70,1600.49,0.16
2315,空头进场,2026-02-20 12:45,VltClsSE,1937.95,1,1937.95,-13.54,-0.70,3.17,0.16,-13.54,-0.70,1600.49,0.16
2316,多头出场,2026-02-20 15:45,VltClsSE,1959.65,1,1951.49,8.16,0.42,14.92,0.76,-1.67,-0.09,1608.65,0.16
2316,多头进场,2026-02-20 13:30,VltClsLE,1951.49,1,1951.49,8.16,0.42,14.92,0.76,-1.67,-0.09,1608.65,0.16
2317,空头出场,2026-02-20 16:15,VltClsLE,1966.11,1,1959.65,-6.46,-0.33,0.64,0.03,-8.9,-0.45,1602.19,0.16
2317,空头进场,2026-02-20 15:45,VltClsSE,1959.65,1,1959.65,-6.46,-0.33,0.64,0.03,-8.9,-0.45,1602.19,0.16
2318,多头出场,2026-02-20 16:30,VltClsSE,1959.49,1,1966.11,-6.62,-0.34,0.21,0.01,-6.62,-0.34,1595.57,0.16
2318,多头进场,2026-02-20 16:15,VltClsLE,1966.11,1,1966.11,-6.62,-0.34,0.21,0.01,-6.62,-0.34,1595.57,0.16
2319,空头出场,2026-02-20 17:00,VltClsLE,1964.71,1,1959.49,-5.22,-0.27,2.37,0.12,-5.22,-0.27,1590.35,0.16
2319,空头进场,2026-02-20 16:30,VltClsSE,1959.49,1,1959.49,-5.22,-0.27,2.37,0.12,-5.22,-0.27,1590.35,0.16
2320,多头出场,2026-02-20 18:30,VltClsSE,1965.86,1,1964.71,1.15,0.06,9.15,0.47,0,0.00,1591.5,0.16
2320,多头进场,2026-02-20 17:00,VltClsLE,1964.71,1,1964.71,1.15,0.06,9.15,0.47,0,0.00,1591.5,0.16
2321,空头出场,2026-02-20 20:45,VltClsLE,1951.15,1,1965.86,14.71,0.75,25.28,1.29,0,0.00,1606.21,0.16
2321,空头进场,2026-02-20 18:30,VltClsSE,1965.86,1,1965.86,14.71,0.75,25.28,1.29,0,0.00,1606.21,0.16
2322,多头出场,2026-02-20 21:00,VltClsSE,1945.47,1,1951.15,-5.68,-0.29,0.5,0.03,-5.68,-0.29,1600.53,0.16
2322,多头进场,2026-02-20 20:45,VltClsLE,1951.15,1,1951.15,-5.68,-0.29,0.5,0.03,-5.68,-0.29,1600.53,0.16
2323,空头出场,2026-02-20 22:30,VltClsLE,1948.9,1,1945.47,-3.43,-0.18,22.5,1.16,-3.5,-0.18,1597.1,0.16
2323,空头进场,2026-02-20 21:00,VltClsSE,1945.47,1,1945.47,-3.43,-0.18,22.5,1.16,-3.5,-0.18,1597.1,0.16
2324,多头出场,2026-02-21 01:00,VltClsSE,1958.79,1,1948.9,9.89,0.51,31.59,1.62,-13.5,-0.69,1606.99,0.16
2324,多头进场,2026-02-20 22:30,VltClsLE,1948.9,1,1948.9,9.89,0.51,31.59,1.62,-13.5,-0.69,1606.99,0.16
2325,空头出场,2026-02-21 01:30,VltClsLE,1954.7,1,1958.79,4.09,0.21,19.58,1.00,0,0.00,1611.08,0.16
2325,空头进场,2026-02-21 01:00,VltClsSE,1958.79,1,1958.79,4.09,0.21,19.58,1.00,0,0.00,1611.08,0.16
2326,多头出场,2026-02-21 03:00,VltClsSE,1965.97,1,1954.7,11.27,0.58,26.48,1.35,0,0.00,1622.35,0.16
2326,多头进场,2026-02-21 01:30,VltClsLE,1954.7,1,1954.7,11.27,0.58,26.48,1.35,0,0.00,1622.35,0.16
2327,空头出场,2026-02-21 04:00,VltClsLE,1970.17,1,1965.97,-4.2,-0.21,4.3,0.22,-5.73,-0.29,1618.15,0.16
2327,空头进场,2026-02-21 03:00,VltClsSE,1965.97,1,1965.97,-4.2,-0.21,4.3,0.22,-5.73,-0.29,1618.15,0.16
2328,多头出场,2026-02-21 04:15,VltClsSE,1963.97,1,1970.17,-6.2,-0.31,0.06,0.00,-6.2,-0.31,1611.95,0.16
2328,多头进场,2026-02-21 04:00,VltClsLE,1970.17,1,1970.17,-6.2,-0.31,0.06,0.00,-6.2,-0.31,1611.95,0.16
2329,空头出场,2026-02-21 04:30,VltClsLE,1968.75,1,1963.97,-4.78,-0.24,2.37,0.12,-4.78,-0.24,1607.17,0.16
2329,空头进场,2026-02-21 04:15,VltClsSE,1963.97,1,1963.97,-4.78,-0.24,2.37,0.12,-4.78,-0.24,1607.17,0.16
2330,多头出场,2026-02-21 06:00,VltClsSE,1970.72,1,1968.75,1.97,0.10,6.52,0.33,-2.51,-0.13,1609.14,0.16
2330,多头进场,2026-02-21 04:30,VltClsLE,1968.75,1,1968.75,1.97,0.10,6.52,0.33,-2.51,-0.13,1609.14,0.16
2331,空头出场,2026-02-21 06:15,VltClsLE,1969.79,1,1970.72,0.93,0.05,6.32,0.32,0,0.00,1610.07,0.16
2331,空头进场,2026-02-21 06:00,VltClsSE,1970.72,1,1970.72,0.93,0.05,6.32,0.32,0,0.00,1610.07,0.16
2332,多头出场,2026-02-21 08:30,VltClsSE,1963.07,1,1969.79,-6.72,-0.34,3.48,0.18,-6.72,-0.34,1603.35,0.16
2332,多头进场,2026-02-21 06:15,VltClsLE,1969.79,1,1969.79,-6.72,-0.34,3.48,0.18,-6.72,-0.34,1603.35,0.16
2333,空头出场,2026-02-21 09:00,VltClsLE,1966.1,1,1963.07,-3.03,-0.15,1.6,0.08,-3.03,-0.15,1600.32,0.16
2333,空头进场,2026-02-21 08:30,VltClsSE,1963.07,1,1963.07,-3.03,-0.15,1.6,0.08,-3.03,-0.15,1600.32,0.16
2334,多头出场,2026-02-21 10:45,VltClsSE,1965.48,1,1966.1,-0.62,-0.03,4.6,0.23,-2.69,-0.14,1599.7,0.16
2334,多头进场,2026-02-21 09:00,VltClsLE,1966.1,1,1966.1,-0.62,-0.03,4.6,0.23,-2.69,-0.14,1599.7,0.16
2335,空头出场,2026-02-21 14:00,VltClsLE,1964.82,1,1965.48,0.66,0.03,9.86,0.50,-0.52,-0.03,1600.36,0.16
2335,空头进场,2026-02-21 10:45,VltClsSE,1965.48,1,1965.48,0.66,0.03,9.86,0.50,-0.52,-0.03,1600.36,0.16
2336,多头出场,2026-02-21 14:15,VltClsSE,1963.59,1,1964.82,-1.23,-0.06,1.27,0.06,-1.23,-0.06,1599.13,0.16
2336,多头进场,2026-02-21 14:00,VltClsLE,1964.82,1,1964.82,-1.23,-0.06,1.27,0.06,-1.23,-0.06,1599.13,0.16
2337,空头出场,2026-02-21 15:00,VltClsLE,1963.62,1,1963.59,-0.03,0.00,3.59,0.18,-0.03,0.00,1599.1,0.16
2337,空头进场,2026-02-21 14:15,VltClsSE,1963.59,1,1963.59,-0.03,0.00,3.59,0.18,-0.03,0.00,1599.1,0.16
2338,多头出场,2026-02-21 15:30,VltClsSE,1961.27,1,1963.62,-2.35,-0.12,1.22,0.06,-2.35,-0.12,1596.75,0.16
2338,多头进场,2026-02-21 15:00,VltClsLE,1963.62,1,1963.62,-2.35,-0.12,1.22,0.06,-2.35,-0.12,1596.75,0.16
2339,空头出场,2026-02-21 16:00,VltClsLE,1964.66,1,1961.27,-3.39,-0.17,0.01,0.00,-3.39,-0.17,1593.36,0.16
2339,空头进场,2026-02-21 15:30,VltClsSE,1961.27,1,1961.27,-3.39,-0.17,0.01,0.00,-3.39,-0.17,1593.36,0.16
2340,多头出场,2026-02-21 17:30,VltClsSE,1972.32,1,1964.66,7.66,0.39,13,0.66,-0.97,-0.05,1601.02,0.16
2340,多头进场,2026-02-21 16:00,VltClsLE,1964.66,1,1964.66,7.66,0.39,13,0.66,-0.97,-0.05,1601.02,0.16
2341,空头出场,2026-02-21 19:00,VltClsLE,1976.41,1,1972.32,-4.09,-0.21,3.23,0.16,-4.09,-0.21,1596.93,0.16
2341,空头进场,2026-02-21 17:30,VltClsSE,1972.32,1,1972.32,-4.09,-0.21,3.23,0.16,-4.09,-0.21,1596.93,0.16
2342,多头出场,2026-02-21 19:30,VltClsSE,1979.68,1,1976.41,3.27,0.17,12.19,0.62,0,0.00,1600.2,0.16
2342,多头进场,2026-02-21 19:00,VltClsLE,1976.41,1,1976.41,3.27,0.17,12.19,0.62,0,0.00,1600.2,0.16
2343,空头出场,2026-02-21 21:15,VltClsLE,1977.61,1,1979.68,2.07,0.10,10.19,0.51,-0.8,-0.04,1602.27,0.16
2343,空头进场,2026-02-21 19:30,VltClsSE,1979.68,1,1979.68,2.07,0.10,10.19,0.51,-0.8,-0.04,1602.27,0.16
2344,多头出场,2026-02-21 22:00,VltClsSE,1978.09,1,1977.61,0.48,0.02,3.79,0.19,-2.12,-0.11,1602.75,0.16
2344,多头进场,2026-02-21 21:15,VltClsLE,1977.61,1,1977.61,0.48,0.02,3.79,0.19,-2.12,-0.11,1602.75,0.16
2345,空头出场,2026-02-21 22:15,VltClsLE,1984.55,1,1978.09,-6.46,-0.33,0,0.00,-6.89,-0.35,1596.29,0.16
2345,空头进场,2026-02-21 22:00,VltClsSE,1978.09,1,1978.09,-6.46,-0.33,0,0.00,-6.89,-0.35,1596.29,0.16
2346,多头出场,2026-02-22 00:00,VltClsSE,1983.56,1,1984.55,-0.99,-0.05,11.01,0.55,-0.99,-0.05,1595.3,0.16
2346,多头进场,2026-02-21 22:15,VltClsLE,1984.55,1,1984.55,-0.99,-0.05,11.01,0.55,-0.99,-0.05,1595.3,0.16
2347,空头出场,2026-02-22 00:30,VltClsLE,1989.45,1,1983.56,-5.89,-0.30,7.15,0.36,-5.89,-0.30,1589.41,0.16
2347,空头进场,2026-02-22 00:00,VltClsSE,1983.56,1,1983.56,-5.89,-0.30,7.15,0.36,-5.89,-0.30,1589.41,0.16
2348,多头出场,2026-02-22 03:45,VltClsSE,1988.16,1,1989.45,-1.29,-0.06,5.86,0.29,-5.19,-0.26,1588.12,0.16
2348,多头进场,2026-02-22 00:30,VltClsLE,1989.45,1,1989.45,-1.29,-0.06,5.86,0.29,-5.19,-0.26,1588.12,0.16
2349,空头出场,2026-02-22 04:15,VltClsLE,1989.19,1,1988.16,-1.03,-0.05,1.16,0.06,-1.03,-0.05,1587.09,0.16
2349,空头进场,2026-02-22 03:45,VltClsSE,1988.16,1,1988.16,-1.03,-0.05,1.16,0.06,-1.03,-0.05,1587.09,0.16
2350,多头出场,2026-02-22 04:30,VltClsSE,1987.73,1,1989.19,-1.46,-0.07,1.22,0.06,-1.46,-0.07,1585.63,0.16
2350,多头进场,2026-02-22 04:15,VltClsLE,1989.19,1,1989.19,-1.46,-0.07,1.22,0.06,-1.46,-0.07,1585.63,0.16
2351,空头出场,2026-02-22 05:00,VltClsLE,1978.06,1,1987.73,9.67,0.49,14.2,0.71,0,0.00,1595.3,0.16
2351,空头进场,2026-02-22 04:30,VltClsSE,1987.73,1,1987.73,9.67,0.49,14.2,0.71,0,0.00,1595.3,0.16
2352,多头出场,2026-02-22 06:00,VltClsSE,1977.49,1,1978.06,-0.57,-0.03,4.73,0.24,-8.06,-0.41,1594.73,0.16
2352,多头进场,2026-02-22 05:00,VltClsLE,1978.06,1,1978.06,-0.57,-0.03,4.73,0.24,-8.06,-0.41,1594.73,0.16
2353,空头出场,2026-02-22 06:45,VltClsLE,1978.23,1,1977.49,-0.74,-0.04,5.47,0.28,-2.92,-0.15,1593.99,0.16
2353,空头进场,2026-02-22 06:00,VltClsSE,1977.49,1,1977.49,-0.74,-0.04,5.47,0.28,-2.92,-0.15,1593.99,0.16
2354,多头出场,2026-02-22 08:15,VltClsSE,1971.17,1,1978.23,-7.06,-0.36,0.34,0.02,-7.15,-0.36,1586.93,0.16
2354,多头进场,2026-02-22 06:45,VltClsLE,1978.23,1,1978.23,-7.06,-0.36,0.34,0.02,-7.15,-0.36,1586.93,0.16
2355,空头出场,2026-02-22 08:45,VltClsLE,1971.36,1,1971.17,-0.19,-0.01,3.42,0.17,-0.19,-0.01,1586.74,0.16
2355,空头进场,2026-02-22 08:15,VltClsSE,1971.17,1,1971.17,-0.19,-0.01,3.42,0.17,-0.19,-0.01,1586.74,0.16
2356,多头出场,2026-02-22 10:15,VltClsSE,1977.52,1,1971.36,6.16,0.31,11.63,0.59,0,0.00,1592.9,0.16
2356,多头进场,2026-02-22 08:45,VltClsLE,1971.36,1,1971.36,6.16,0.31,11.63,0.59,0,0.00,1592.9,0.16
2357,空头出场,2026-02-22 11:00,VltClsLE,1975.66,1,1977.52,1.86,0.09,5.41,0.27,0,0.00,1594.76,0.16
2357,空头进场,2026-02-22 10:15,VltClsSE,1977.52,1,1977.52,1.86,0.09,5.41,0.27,0,0.00,1594.76,0.16
2358,多头出场,2026-02-22 11:15,VltClsSE,1971.44,1,1975.66,-4.22,-0.21,0.6,0.03,-4.22,-0.21,1590.54,0.16
2358,多头进场,2026-02-22 11:00,VltClsLE,1975.66,1,1975.66,-4.22,-0.21,0.6,0.03,-4.22,-0.21,1590.54,0.16
2359,空头出场,2026-02-22 13:15,VltClsLE,1974.73,1,1971.44,-3.29,-0.17,4.04,0.20,-4.72,-0.24,1587.25,0.16
2359,空头进场,2026-02-22 11:15,VltClsSE,1971.44,1,1971.44,-3.29,-0.17,4.04,0.20,-4.72,-0.24,1587.25,0.16
2360,多头出场,2026-02-22 15:15,VltClsSE,1975.27,1,1974.73,0.54,0.03,4.81,0.24,-3.16,-0.16,1587.79,0.16
2360,多头进场,2026-02-22 13:15,VltClsLE,1974.73,1,1974.73,0.54,0.03,4.81,0.24,-3.16,-0.16,1587.79,0.16
2361,空头出场,2026-02-22 15:30,VltClsLE,1978.56,1,1975.27,-3.29,-0.17,0.69,0.03,-3.29,-0.17,1584.5,0.16
2361,空头进场,2026-02-22 15:15,VltClsSE,1975.27,1,1975.27,-3.29,-0.17,0.69,0.03,-3.29,-0.17,1584.5,0.16
2362,多头出场,2026-02-22 16:15,VltClsSE,1974.77,1,1978.56,-3.79,-0.19,0.22,0.01,-3.9,-0.20,1580.71,0.16
2362,多头进场,2026-02-22 15:30,VltClsLE,1978.56,1,1978.56,-3.79,-0.19,0.22,0.01,-3.9,-0.20,1580.71,0.16
2363,空头出场,2026-02-22 18:15,VltClsLE,1976.85,1,1974.77,-2.08,-0.11,4.19,0.21,-2.21,-0.11,1578.63,0.16
2363,空头进场,2026-02-22 16:15,VltClsSE,1974.77,1,1974.77,-2.08,-0.11,4.19,0.21,-2.21,-0.11,1578.63,0.16
2364,多头出场,2026-02-22 20:00,VltClsSE,1978.59,1,1976.85,1.74,0.09,6.28,0.32,0,0.00,1580.37,0.16
2364,多头进场,2026-02-22 18:15,VltClsLE,1976.85,1,1976.85,1.74,0.09,6.28,0.32,0,0.00,1580.37,0.16
2365,空头出场,2026-02-22 23:15,VltClsLE,1953.99,1,1978.59,24.6,1.24,35.06,1.77,0,0.00,1604.97,0.16
2365,空头进场,2026-02-22 20:00,VltClsSE,1978.59,1,1978.59,24.6,1.24,35.06,1.77,0,0.00,1604.97,0.16
2366,多头出场,2026-02-23 01:00,VltClsSE,1949.44,1,1953.99,-4.55,-0.23,4.73,0.24,-6.46,-0.33,1600.42,0.16
2366,多头进场,2026-02-22 23:15,VltClsLE,1953.99,1,1953.99,-4.55,-0.23,4.73,0.24,-6.46,-0.33,1600.42,0.16
2367,空头出场,2026-02-23 03:30,VltClsLE,1944.16,1,1949.44,5.28,0.27,14.44,0.74,0,0.00,1605.7,0.16
2367,空头进场,2026-02-23 01:00,VltClsSE,1949.44,1,1949.44,5.28,0.27,14.44,0.74,0,0.00,1605.7,0.16
2368,多头出场,2026-02-23 04:00,VltClsSE,1941.3,1,1944.16,-2.86,-0.15,1.76,0.09,-2.86,-0.15,1602.84,0.16
2368,多头进场,2026-02-23 03:30,VltClsLE,1944.16,1,1944.16,-2.86,-0.15,1.76,0.09,-2.86,-0.15,1602.84,0.16
2369,空头出场,2026-02-23 04:15,VltClsLE,1944.4,1,1941.3,-3.1,-0.16,0.29,0.01,-3.1,-0.16,1599.74,0.16
2369,空头进场,2026-02-23 04:00,VltClsSE,1941.3,1,1941.3,-3.1,-0.16,0.29,0.01,-3.1,-0.16,1599.74,0.16
2370,多头出场,2026-02-23 04:45,VltClsSE,1941.65,1,1944.4,-2.75,-0.14,1.58,0.08,-2.75,-0.14,1596.99,0.16
2370,多头进场,2026-02-23 04:15,VltClsLE,1944.4,1,1944.4,-2.75,-0.14,1.58,0.08,-2.75,-0.14,1596.99,0.16
2371,空头出场,2026-02-23 05:30,VltClsLE,1943.71,1,1941.65,-2.06,-0.11,1.84,0.09,-2.16,-0.11,1594.93,0.16
2371,空头进场,2026-02-23 04:45,VltClsSE,1941.65,1,1941.65,-2.06,-0.11,1.84,0.09,-2.16,-0.11,1594.93,0.16
2372,多头出场,2026-02-23 06:00,VltClsSE,1946.99,1,1943.71,3.28,0.17,8.56,0.44,0,0.00,1598.21,0.16
2372,多头进场,2026-02-23 05:30,VltClsLE,1943.71,1,1943.71,3.28,0.17,8.56,0.44,0,0.00,1598.21,0.16
2373,空头出场,2026-02-23 06:15,VltClsLE,1950.4,1,1946.99,-3.41,-0.18,0.38,0.02,-3.41,-0.18,1594.8,0.16
2373,空头进场,2026-02-23 06:00,VltClsSE,1946.99,1,1946.99,-3.41,-0.18,0.38,0.02,-3.41,-0.18,1594.8,0.16
2374,多头出场,2026-02-23 08:00,VltClsSE,1952.64,1,1950.4,2.24,0.11,10.55,0.54,-1.78,-0.09,1597.04,0.16
2374,多头进场,2026-02-23 06:15,VltClsLE,1950.4,1,1950.4,2.24,0.11,10.55,0.54,-1.78,-0.09,1597.04,0.16
2375,空头出场,2026-02-23 11:30,VltClsLE,1865.77,1,1952.64,86.87,4.45,105.18,5.39,-2.9,-0.15,1683.91,0.17
2375,空头进场,2026-02-23 08:00,VltClsSE,1952.64,1,1952.64,86.87,4.45,105.18,5.39,-2.9,-0.15,1683.91,0.17
2376,多头出场,2026-02-23 12:30,VltClsSE,1855.71,1,1865.77,-10.06,-0.54,0.91,0.05,-10.06,-0.54,1673.85,0.17
2376,多头进场,2026-02-23 11:30,VltClsLE,1865.77,1,1865.77,-10.06,-0.54,0.91,0.05,-10.06,-0.54,1673.85,0.17
2377,空头出场,2026-02-23 13:00,VltClsLE,1864.06,1,1855.71,-8.35,-0.45,2.37,0.13,-8.35,-0.45,1665.5,0.17
2377,空头进场,2026-02-23 12:30,VltClsSE,1855.71,1,1855.71,-8.35,-0.45,2.37,0.13,-8.35,-0.45,1665.5,0.17
2378,多头出场,2026-02-23 16:15,VltClsSE,1883.53,1,1864.06,19.47,1.04,25.71,1.38,-1.26,-0.07,1684.97,0.17
2378,多头进场,2026-02-23 13:00,VltClsLE,1864.06,1,1864.06,19.47,1.04,25.71,1.38,-1.26,-0.07,1684.97,0.17
2379,空头出场,2026-02-23 17:00,VltClsLE,1884.88,1,1883.53,-1.35,-0.07,6.3,0.33,-1.35,-0.07,1683.62,0.17
2379,空头进场,2026-02-23 16:15,VltClsSE,1883.53,1,1883.53,-1.35,-0.07,6.3,0.33,-1.35,-0.07,1683.62,0.17
2380,多头出场,2026-02-23 20:30,VltClsSE,1909.73,1,1884.88,24.85,1.32,43.31,2.30,-2.36,-0.13,1708.47,0.17
2380,多头进场,2026-02-23 17:00,VltClsLE,1884.88,1,1884.88,24.85,1.32,43.31,2.30,-2.36,-0.13,1708.47,0.17
2381,空头出场,2026-02-23 21:30,VltClsLE,1927.69,1,1909.73,-17.96,-0.94,4.02,0.21,-17.96,-0.94,1690.51,0.17
2381,空头进场,2026-02-23 20:30,VltClsSE,1909.73,1,1909.73,-17.96,-0.94,4.02,0.21,-17.96,-0.94,1690.51,0.17
2382,多头出场,2026-02-23 21:45,VltClsSE,1924.29,1,1927.69,-3.4,-0.18,7.83,0.41,-3.4,-0.18,1687.11,0.17
2382,多头进场,2026-02-23 21:30,VltClsLE,1927.69,1,1927.69,-3.4,-0.18,7.83,0.41,-3.4,-0.18,1687.11,0.17
2383,空头出场,2026-02-24 00:15,VltClsLE,1893.71,1,1924.29,30.58,1.59,43.09,2.24,-1.19,-0.06,1717.69,0.17
2383,空头进场,2026-02-23 21:45,VltClsSE,1924.29,1,1924.29,30.58,1.59,43.09,2.24,-1.19,-0.06,1717.69,0.17
2384,多头出场,2026-02-24 01:00,VltClsSE,1875.23,1,1893.71,-18.48,-0.98,6.47,0.34,-18.48,-0.98,1699.21,0.17
2384,多头进场,2026-02-24 00:15,VltClsLE,1893.71,1,1893.71,-18.48,-0.98,6.47,0.34,-18.48,-0.98,1699.21,0.17
2385,空头出场,2026-02-24 01:45,VltClsLE,1859.9,1,1875.23,15.33,0.82,38.1,2.03,0,0.00,1714.54,0.17
2385,空头进场,2026-02-24 01:00,VltClsSE,1875.23,1,1875.23,15.33,0.82,38.1,2.03,0,0.00,1714.54,0.17
2386,多头出场,2026-02-24 02:45,VltClsSE,1856.41,1,1859.9,-3.49,-0.19,14.22,0.76,-3.65,-0.20,1711.05,0.17
2386,多头进场,2026-02-24 01:45,VltClsLE,1859.9,1,1859.9,-3.49,-0.19,14.22,0.76,-3.65,-0.20,1711.05,0.17
2387,空头出场,2026-02-24 04:30,VltClsLE,1857.97,1,1856.41,-1.56,-0.08,9.61,0.52,-8.34,-0.45,1709.49,0.17
2387,空头进场,2026-02-24 02:45,VltClsSE,1856.41,1,1856.41,-1.56,-0.08,9.61,0.52,-8.34,-0.45,1709.49,0.17
2388,多头出场,2026-02-24 05:30,VltClsSE,1859.19,1,1857.97,1.22,0.07,11.34,0.61,-2.97,-0.16,1710.71,0.17
2388,多头进场,2026-02-24 04:30,VltClsLE,1857.97,1,1857.97,1.22,0.07,11.34,0.61,-2.97,-0.16,1710.71,0.17
2389,空头出场,2026-02-24 06:00,VltClsLE,1868.91,1,1859.19,-9.72,-0.52,0.63,0.03,-9.72,-0.52,1700.99,0.17
2389,空头进场,2026-02-24 05:30,VltClsSE,1859.19,1,1859.19,-9.72,-0.52,0.63,0.03,-9.72,-0.52,1700.99,0.17
2390,多头出场,2026-02-24 06:45,VltClsSE,1860.87,1,1868.91,-8.04,-0.43,1.09,0.06,-8.04,-0.43,1692.95,0.17
2390,多头进场,2026-02-24 06:00,VltClsLE,1868.91,1,1868.91,-8.04,-0.43,1.09,0.06,-8.04,-0.43,1692.95,0.17
2391,空头出场,2026-02-24 07:00,VltClsLE,1864.39,1,1860.87,-3.52,-0.19,1.33,0.07,-3.52,-0.19,1689.43,0.17
2391,空头进场,2026-02-24 06:45,VltClsSE,1860.87,1,1860.87,-3.52,-0.19,1.33,0.07,-3.52,-0.19,1689.43,0.17
2392,多头出场,2026-02-24 07:15,VltClsSE,1860.77,1,1864.39,-3.62,-0.19,2.56,0.14,-3.62,-0.19,1685.81,0.17
2392,多头进场,2026-02-24 07:00,VltClsLE,1864.39,1,1864.39,-3.62,-0.19,2.56,0.14,-3.62,-0.19,1685.81,0.17
2393,空头出场,2026-02-24 08:00,VltClsLE,1862.07,1,1860.77,-1.3,-0.07,9.82,0.53,-1.3,-0.07,1684.51,0.17
2393,空头进场,2026-02-24 07:15,VltClsSE,1860.77,1,1860.77,-1.3,-0.07,9.82,0.53,-1.3,-0.07,1684.51,0.17
2394,多头出场,2026-02-24 09:00,VltClsSE,1863.6,1,1862.07,1.53,0.08,7.51,0.40,-0.45,-0.02,1686.04,0.17
2394,多头进场,2026-02-24 08:00,VltClsLE,1862.07,1,1862.07,1.53,0.08,7.51,0.40,-0.45,-0.02,1686.04,0.17
2395,空头出场,2026-02-24 09:15,VltClsLE,1853.01,1,1863.6,10.59,0.57,20.75,1.11,0,0.00,1696.63,0.17
2395,空头进场,2026-02-24 09:00,VltClsSE,1863.6,1,1863.6,10.59,0.57,20.75,1.11,0,0.00,1696.63,0.17
2396,多头出场,2026-02-24 11:00,VltClsSE,1836.21,1,1853.01,-16.8,-0.91,4.57,0.25,-41.2,-2.22,1679.83,0.17
2396,多头进场,2026-02-24 09:15,VltClsLE,1853.01,1,1853.01,-16.8,-0.91,4.57,0.25,-41.2,-2.22,1679.83,0.17
2397,空头出场,2026-02-24 12:15,VltClsLE,1825.96,1,1836.21,10.25,0.56,22.44,1.22,-0.23,-0.01,1690.08,0.17
2397,空头进场,2026-02-24 11:00,VltClsSE,1836.21,1,1836.21,10.25,0.56,22.44,1.22,-0.23,-0.01,1690.08,0.17
2398,多头出场,2026-02-24 13:15,VltClsSE,1828.79,1,1825.96,2.83,0.15,14.83,0.81,-4.56,-0.25,1692.91,0.17
2398,多头进场,2026-02-24 12:15,VltClsLE,1825.96,1,1825.96,2.83,0.15,14.83,0.81,-4.56,-0.25,1692.91,0.17
2399,空头出场,2026-02-24 15:00,VltClsLE,1826.55,1,1828.79,2.24,0.12,14.78,0.81,-2.56,-0.14,1695.15,0.17
2399,空头进场,2026-02-24 13:15,VltClsSE,1828.79,1,1828.79,2.24,0.12,14.78,0.81,-2.56,-0.14,1695.15,0.17
2400,多头出场,2026-02-24 15:15,VltClsSE,1820.75,1,1826.55,-5.8,-0.32,4.05,0.22,-5.8,-0.32,1689.35,0.17
2400,多头进场,2026-02-24 15:00,VltClsLE,1826.55,1,1826.55,-5.8,-0.32,4.05,0.22,-5.8,-0.32,1689.35,0.17
2401,空头出场,2026-02-24 18:45,VltClsLE,1828.29,1,1820.75,-7.54,-0.41,5.53,0.30,-15.43,-0.85,1681.81,0.17
2401,空头进场,2026-02-24 15:15,VltClsSE,1820.75,1,1820.75,-7.54,-0.41,5.53,0.30,-15.43,-0.85,1681.81,0.17
2402,多头出场,2026-02-24 19:00,VltClsSE,1821,1,1828.29,-7.29,-0.40,1.39,0.08,-7.29,-0.40,1674.52,0.17
2402,多头进场,2026-02-24 18:45,VltClsLE,1828.29,1,1828.29,-7.29,-0.40,1.39,0.08,-7.29,-0.40,1674.52,0.17
2403,空头出场,2026-02-24 19:45,VltClsLE,1827.02,1,1821,-6.02,-0.33,2.92,0.16,-6.02,-0.33,1668.5,0.17
2403,空头进场,2026-02-24 19:00,VltClsSE,1821,1,1821,-6.02,-0.33,2.92,0.16,-6.02,-0.33,1668.5,0.17
2404,多头出场,2026-02-24 20:30,VltClsSE,1823.96,1,1827.02,-3.06,-0.17,3.27,0.18,-4.75,-0.26,1665.44,0.17
2404,多头进场,2026-02-24 19:45,VltClsLE,1827.02,1,1827.02,-3.06,-0.17,3.27,0.18,-4.75,-0.26,1665.44,0.17
2405,空头出场,2026-02-24 22:30,VltClsLE,1822.89,1,1823.96,1.07,0.06,23.96,1.31,-3.68,-0.20,1666.51,0.17
2405,空头进场,2026-02-24 20:30,VltClsSE,1823.96,1,1823.96,1.07,0.06,23.96,1.31,-3.68,-0.20,1666.51,0.17
2406,多头出场,2026-02-25 00:15,VltClsSE,1848.16,1,1822.89,25.27,1.39,40.44,2.22,0,0.00,1691.78,0.17
2406,多头进场,2026-02-24 22:30,VltClsLE,1822.89,1,1822.89,25.27,1.39,40.44,2.22,0,0.00,1691.78,0.17
2407,空头出场,2026-02-25 02:15,VltClsLE,1853.91,1,1848.16,-5.75,-0.31,9.8,0.53,-17.22,-0.93,1686.03,0.17
2407,空头进场,2026-02-25 00:15,VltClsSE,1848.16,1,1848.16,-5.75,-0.31,9.8,0.53,-17.22,-0.93,1686.03,0.17
2408,多头出场,2026-02-25 05:00,VltClsSE,1854.33,1,1853.91,0.42,0.02,8.72,0.47,-6.86,-0.37,1686.45,0.17
2408,多头进场,2026-02-25 02:15,VltClsLE,1853.91,1,1853.91,0.42,0.02,8.72,0.47,-6.86,-0.37,1686.45,0.17
2409,空头出场,2026-02-25 05:30,VltClsLE,1853.06,1,1854.33,1.27,0.07,8.92,0.48,0,0.00,1687.72,0.17
2409,空头进场,2026-02-25 05:00,VltClsSE,1854.33,1,1854.33,1.27,0.07,8.92,0.48,0,0.00,1687.72,0.17
2410,多头出场,2026-02-25 07:00,VltClsSE,1856.21,1,1853.06,3.15,0.17,11.05,0.60,-2.59,-0.14,1690.87,0.17
2410,多头进场,2026-02-25 05:30,VltClsLE,1853.06,1,1853.06,3.15,0.17,11.05,0.60,-2.59,-0.14,1690.87,0.17
2411,空头出场,2026-02-25 08:15,VltClsLE,1851.79,1,1856.21,4.42,0.24,9.47,0.51,-4.17,-0.22,1695.29,0.17
2411,空头进场,2026-02-25 07:00,VltClsSE,1856.21,1,1856.21,4.42,0.24,9.47,0.51,-4.17,-0.22,1695.29,0.17
2412,多头出场,2026-02-25 08:45,VltClsSE,1851.78,1,1851.79,-0.01,0.00,4.89,0.26,-4.78,-0.26,1695.28,0.17
2412,多头进场,2026-02-25 08:15,VltClsLE,1851.79,1,1851.79,-0.01,0.00,4.89,0.26,-4.78,-0.26,1695.28,0.17
2413,空头出场,2026-02-25 09:00,VltClsLE,1856.7,1,1851.78,-4.92,-0.27,1.29,0.07,-4.92,-0.27,1690.36,0.17
2413,空头进场,2026-02-25 08:45,VltClsSE,1851.78,1,1851.78,-4.92,-0.27,1.29,0.07,-4.92,-0.27,1690.36,0.17
2414,多头出场,2026-02-25 11:15,VltClsSE,1907.74,1,1856.7,51.04,2.75,88.16,4.75,0,0.00,1741.4,0.17
2414,多头进场,2026-02-25 09:00,VltClsLE,1856.7,1,1856.7,51.04,2.75,88.16,4.75,0,0.00,1741.4,0.17
2415,空头出场,2026-02-25 12:15,VltClsLE,1912.56,1,1907.74,-4.82,-0.25,13.37,0.70,-4.82,-0.25,1736.58,0.17
2415,空头进场,2026-02-25 11:15,VltClsSE,1907.74,1,1907.74,-4.82,-0.25,13.37,0.70,-4.82,-0.25,1736.58,0.17
2416,多头出场,2026-02-25 12:45,VltClsSE,1907.6,1,1912.56,-4.96,-0.26,1.79,0.09,-4.96,-0.26,1731.62,0.17
2416,多头进场,2026-02-25 12:15,VltClsLE,1912.56,1,1912.56,-4.96,-0.26,1.79,0.09,-4.96,-0.26,1731.62,0.17
2417,空头出场,2026-02-25 13:45,VltClsLE,1892.5,1,1907.6,15.1,0.79,29.58,1.55,-0.7,-0.04,1746.72,0.17
2417,空头进场,2026-02-25 12:45,VltClsSE,1907.6,1,1907.6,15.1,0.79,29.58,1.55,-0.7,-0.04,1746.72,0.17
2418,多头出场,2026-02-25 14:45,VltClsSE,1885.3,1,1892.5,-7.2,-0.38,4.21,0.22,-7.2,-0.38,1739.52,0.17
2418,多头进场,2026-02-25 13:45,VltClsLE,1892.5,1,1892.5,-7.2,-0.38,4.21,0.22,-7.2,-0.38,1739.52,0.17
2419,空头出场,2026-02-25 15:00,VltClsLE,1889.79,1,1885.3,-4.49,-0.24,2.86,0.15,-4.49,-0.24,1735.03,0.17
2419,空头进场,2026-02-25 14:45,VltClsSE,1885.3,1,1885.3,-4.49,-0.24,2.86,0.15,-4.49,-0.24,1735.03,0.17
2420,多头出场,2026-02-25 18:15,VltClsSE,1912.78,1,1889.79,22.99,1.22,28.46,1.51,-2.46,-0.13,1758.02,0.18
2420,多头进场,2026-02-25 15:00,VltClsLE,1889.79,1,1889.79,22.99,1.22,28.46,1.51,-2.46,-0.13,1758.02,0.18
2421,空头出场,2026-02-25 19:00,VltClsLE,1917.61,1,1912.78,-4.83,-0.25,5.02,0.26,-10.65,-0.56,1753.19,0.18
2421,空头进场,2026-02-25 18:15,VltClsSE,1912.78,1,1912.78,-4.83,-0.25,5.02,0.26,-10.65,-0.56,1753.19,0.18
2422,多头出场,2026-02-25 22:30,VltClsSE,1964.65,1,1917.61,47.04,2.45,59.28,3.09,-3.53,-0.18,1800.23,0.18
2422,多头进场,2026-02-25 19:00,VltClsLE,1917.61,1,1917.61,47.04,2.45,59.28,3.09,-3.53,-0.18,1800.23,0.18
2423,空头出场,2026-02-25 22:45,VltClsLE,1977.37,1,1964.65,-12.72,-0.65,2.51,0.13,-18.85,-0.96,1787.51,0.18
2423,空头进场,2026-02-25 22:30,VltClsSE,1964.65,1,1964.65,-12.72,-0.65,2.51,0.13,-18.85,-0.96,1787.51,0.18
2424,多头出场,2026-02-26 02:00,VltClsSE,2060.06,1,1977.37,82.69,4.18,108.8,5.50,0,0.00,1870.2,0.19
2424,多头进场,2026-02-25 22:45,VltClsLE,1977.37,1,1977.37,82.69,4.18,108.8,5.50,0,0.00,1870.2,0.19
2425,空头出场,2026-02-26 04:30,VltClsLE,2066.16,1,2060.06,-6.1,-0.30,3.13,0.15,-21.14,-1.03,1864.1,0.19
2425,空头进场,2026-02-26 02:00,VltClsSE,2060.06,1,2060.06,-6.1,-0.30,3.13,0.15,-21.14,-1.03,1864.1,0.19
2426,多头出场,2026-02-26 07:15,VltClsSE,2068.99,1,2066.16,2.83,0.14,82.23,3.98,-0.32,-0.02,1866.93,0.19
2426,多头进场,2026-02-26 04:30,VltClsLE,2066.16,1,2066.16,2.83,0.14,82.23,3.98,-0.32,-0.02,1866.93,0.19
2427,空头出场,2026-02-26 10:15,VltClsLE,2051.66,1,2068.99,17.33,0.84,34.6,1.67,-7.61,-0.37,1884.26,0.19
2427,空头进场,2026-02-26 07:15,VltClsSE,2068.99,1,2068.99,17.33,0.84,34.6,1.67,-7.61,-0.37,1884.26,0.19
2428,多头出场,2026-02-26 13:00,VltClsSE,2067.12,1,2051.66,15.46,0.75,31.15,1.52,-6,-0.29,1899.72,0.19
2428,多头进场,2026-02-26 10:15,VltClsLE,2051.66,1,2051.66,15.46,0.75,31.15,1.52,-6,-0.29,1899.72,0.19
2429,空头出场,2026-02-26 14:00,VltClsLE,2073.07,1,2067.12,-5.95,-0.29,10.42,0.50,-5.95,-0.29,1893.77,0.19
2429,空头进场,2026-02-26 13:00,VltClsSE,2067.12,1,2067.12,-5.95,-0.29,10.42,0.50,-5.95,-0.29,1893.77,0.19
2430,多头出场,2026-02-26 14:15,VltClsSE,2065.07,1,2073.07,-8,-0.39,3.43,0.17,-8,-0.39,1885.77,0.19
2430,多头进场,2026-02-26 14:00,VltClsLE,2073.07,1,2073.07,-8,-0.39,3.43,0.17,-8,-0.39,1885.77,0.19
2431,空头出场,2026-02-26 16:15,VltClsLE,2057.96,1,2065.07,7.11,0.34,18.37,0.89,-3.22,-0.16,1892.88,0.19
2431,空头进场,2026-02-26 14:15,VltClsSE,2065.07,1,2065.07,7.11,0.34,18.37,0.89,-3.22,-0.16,1892.88,0.19
2432,多头出场,2026-02-26 18:45,VltClsSE,2065.83,1,2057.96,7.87,0.38,25.37,1.23,-13.6,-0.66,1900.75,0.19
2432,多头进场,2026-02-26 16:15,VltClsLE,2057.96,1,2057.96,7.87,0.38,25.37,1.23,-13.6,-0.66,1900.75,0.19
2433,空头出场,2026-02-26 20:00,VltClsLE,2062.95,1,2065.83,2.88,0.14,12.37,0.60,-1.62,-0.08,1903.63,0.19
2433,空头进场,2026-02-26 18:45,VltClsSE,2065.83,1,2065.83,2.88,0.14,12.37,0.60,-1.62,-0.08,1903.63,0.19
2434,多头出场,2026-02-26 21:00,VltClsSE,2064.23,1,2062.95,1.28,0.06,8.81,0.43,-1.02,-0.05,1904.91,0.19
2434,多头进场,2026-02-26 20:00,VltClsLE,2062.95,1,2062.95,1.28,0.06,8.81,0.43,-1.02,-0.05,1904.91,0.19
2435,空头出场,2026-02-26 21:15,VltClsLE,2071.09,1,2064.23,-6.86,-0.33,3.14,0.15,-6.86,-0.33,1898.05,0.19
2435,空头进场,2026-02-26 21:00,VltClsSE,2064.23,1,2064.23,-6.86,-0.33,3.14,0.15,-6.86,-0.33,1898.05,0.19
2436,多头出场,2026-02-26 22:00,VltClsSE,2058.66,1,2071.09,-12.43,-0.60,2.86,0.14,-12.43,-0.60,1885.62,0.19
2436,多头进场,2026-02-26 21:15,VltClsLE,2071.09,1,2071.09,-12.43,-0.60,2.86,0.14,-12.43,-0.60,1885.62,0.19
2437,空头出场,2026-02-26 22:30,VltClsLE,2076.39,1,2058.66,-17.73,-0.86,0.52,0.03,-17.73,-0.86,1867.89,0.19
2437,空头进场,2026-02-26 22:00,VltClsSE,2058.66,1,2058.66,-17.73,-0.86,0.52,0.03,-17.73,-0.86,1867.89,0.19
2438,多头出场,2026-02-26 22:45,VltClsSE,2050.86,1,2076.39,-25.53,-1.23,1.42,0.07,-25.53,-1.23,1842.36,0.18
2438,多头进场,2026-02-26 22:30,VltClsLE,2076.39,1,2076.39,-25.53,-1.23,1.42,0.07,-25.53,-1.23,1842.36,0.18
2439,空头出场,2026-02-27 02:15,VltClsLE,1993.14,1,2050.86,57.72,2.81,75.51,3.68,-2.57,-0.13,1900.08,0.19
2439,空头进场,2026-02-26 22:45,VltClsSE,2050.86,1,2050.86,57.72,2.81,75.51,3.68,-2.57,-0.13,1900.08,0.19
2440,多头出场,2026-02-27 06:45,VltClsSE,2031.42,1,1993.14,38.28,1.92,49.61,2.49,-7.13,-0.36,1938.36,0.19
2440,多头进场,2026-02-27 02:15,VltClsLE,1993.14,1,1993.14,38.28,1.92,49.61,2.49,-7.13,-0.36,1938.36,0.19
2441,空头出场,2026-02-27 09:30,VltClsLE,2016.51,1,2031.42,14.91,0.73,31.4,1.55,-2.22,-0.11,1953.27,0.20
2441,空头进场,2026-02-27 06:45,VltClsSE,2031.42,1,2031.42,14.91,0.73,31.4,1.55,-2.22,-0.11,1953.27,0.20
2442,多头出场,2026-02-27 12:30,VltClsSE,2047.05,1,2016.51,30.54,1.51,47.01,2.33,-5.7,-0.28,1983.81,0.20
2442,多头进场,2026-02-27 09:30,VltClsLE,2016.51,1,2016.51,30.54,1.51,47.01,2.33,-5.7,-0.28,1983.81,0.20
2443,空头出场,2026-02-27 14:30,VltClsLE,2038.41,1,2047.05,8.64,0.42,19.52,0.95,-3.1,-0.15,1992.45,0.20
2443,空头进场,2026-02-27 12:30,VltClsSE,2047.05,1,2047.05,8.64,0.42,19.52,0.95,-3.1,-0.15,1992.45,0.20
2444,多头出场,2026-02-27 15:15,VltClsSE,2031.26,1,2038.41,-7.15,-0.35,3.02,0.15,-7.15,-0.35,1985.3,0.20
2444,多头进场,2026-02-27 14:30,VltClsLE,2038.41,1,2038.41,-7.15,-0.35,3.02,0.15,-7.15,-0.35,1985.3,0.20
2445,空头出场,2026-02-27 15:45,VltClsLE,2030.74,1,2031.26,0.52,0.03,9.1,0.45,-1.66,-0.08,1985.82,0.20
2445,空头进场,2026-02-27 15:15,VltClsSE,2031.26,1,2031.26,0.52,0.03,9.1,0.45,-1.66,-0.08,1985.82,0.20
2446,多头出场,2026-02-27 16:30,VltClsSE,2029.92,1,2030.74,-0.82,-0.04,15.19,0.75,-0.82,-0.04,1985,0.20
2446,多头进场,2026-02-27 15:45,VltClsLE,2030.74,1,2030.74,-0.82,-0.04,15.19,0.75,-0.82,-0.04,1985,0.20
2447,空头出场,2026-02-27 21:45,VltClsLE,1963.47,1,2029.92,66.45,3.27,91.1,4.49,-12.51,-0.62,2051.45,0.21
2447,空头进场,2026-02-27 16:30,VltClsSE,2029.92,1,2029.92,66.45,3.27,91.1,4.49,-12.51,-0.62,2051.45,0.21
2448,多头出场,2026-02-27 22:15,VltClsSE,1952.44,1,1963.47,-11.03,-0.56,2.75,0.14,-11.03,-0.56,2040.42,0.20
2448,多头进场,2026-02-27 21:45,VltClsLE,1963.47,1,1963.47,-11.03,-0.56,2.75,0.14,-11.03,-0.56,2040.42,0.20
2449,空头出场,2026-02-27 23:00,VltClsLE,1952.15,1,1952.44,0.29,0.01,12.41,0.64,-6.56,-0.34,2040.71,0.20
2449,空头进场,2026-02-27 22:15,VltClsSE,1952.44,1,1952.44,0.29,0.01,12.41,0.64,-6.56,-0.34,2040.71,0.20
2450,多头出场,2026-02-28 00:00,VltClsSE,1939.3,1,1952.15,-12.85,-0.66,7.09,0.36,-12.85,-0.66,2027.86,0.20
2450,多头进场,2026-02-27 23:00,VltClsLE,1952.15,1,1952.15,-12.85,-0.66,7.09,0.36,-12.85,-0.66,2027.86,0.20
2451,空头出场,2026-02-28 01:30,VltClsLE,1922.15,1,1939.3,17.15,0.88,31.82,1.64,-6.15,-0.32,2045.01,0.20
2451,空头进场,2026-02-28 00:00,VltClsSE,1939.3,1,1939.3,17.15,0.88,31.82,1.64,-6.15,-0.32,2045.01,0.20
2452,多头出场,2026-02-28 02:45,VltClsSE,1916.32,1,1922.15,-5.83,-0.30,12.83,0.67,-5.83,-0.30,2039.18,0.20
2452,多头进场,2026-02-28 01:30,VltClsLE,1922.15,1,1922.15,-5.83,-0.30,12.83,0.67,-5.83,-0.30,2039.18,0.20
2453,空头出场,2026-02-28 03:45,VltClsLE,1922.3,1,1916.32,-5.98,-0.31,4,0.21,-6.62,-0.35,2033.2,0.20
2453,空头进场,2026-02-28 02:45,VltClsSE,1916.32,1,1916.32,-5.98,-0.31,4,0.21,-6.62,-0.35,2033.2,0.20
2454,多头出场,2026-02-28 05:30,VltClsSE,1926.24,1,1922.3,3.94,0.20,11.34,0.59,-2.19,-0.11,2037.14,0.20
2454,多头进场,2026-02-28 03:45,VltClsLE,1922.3,1,1922.3,3.94,0.20,11.34,0.59,-2.19,-0.11,2037.14,0.20
2455,空头出场,2026-02-28 06:30,VltClsLE,1919.3,1,1926.24,6.94,0.36,14.95,0.78,-0.65,-0.03,2044.08,0.20
2455,空头进场,2026-02-28 05:30,VltClsSE,1926.24,1,1926.24,6.94,0.36,14.95,0.78,-0.65,-0.03,2044.08,0.20
2456,多头出场,2026-02-28 08:15,VltClsSE,1931.13,1,1919.3,11.83,0.62,17.87,0.93,-32.3,-1.68,2055.91,0.21
2456,多头进场,2026-02-28 06:30,VltClsLE,1919.3,1,1919.3,11.83,0.62,17.87,0.93,-32.3,-1.68,2055.91,0.21
2457,空头出场,2026-02-28 08:30,VltClsLE,1932.43,1,1931.13,-1.3,-0.07,6.68,0.35,-1.3,-0.07,2054.61,0.21
2457,空头进场,2026-02-28 08:15,VltClsSE,1931.13,1,1931.13,-1.3,-0.07,6.68,0.35,-1.3,-0.07,2054.61,0.21
2458,多头出场,2026-02-28 09:15,VltClsSE,1925.19,1,1932.43,-7.24,-0.37,3.75,0.19,-7.24,-0.37,2047.37,0.20
2458,多头进场,2026-02-28 08:30,VltClsLE,1932.43,1,1932.43,-7.24,-0.37,3.75,0.19,-7.24,-0.37,2047.37,0.20
2459,空头出场,2026-02-28 12:15,VltClsLE,1928.55,1,1925.19,-3.36,-0.17,5.39,0.28,-7.35,-0.38,2044.01,0.20
2459,空头进场,2026-02-28 09:15,VltClsSE,1925.19,1,1925.19,-3.36,-0.17,5.39,0.28,-7.35,-0.38,2044.01,0.20
2460,多头出场,2026-02-28 12:30,VltClsSE,1916.36,1,1928.55,-12.19,-0.63,3.07,0.16,-12.19,-0.63,2031.82,0.20
2460,多头进场,2026-02-28 12:15,VltClsLE,1928.55,1,1928.55,-12.19,-0.63,3.07,0.16,-12.19,-0.63,2031.82,0.20
2461,空头出场,2026-02-28 15:00,VltClsLE,1859.42,1,1916.36,56.94,2.97,81,4.23,-11.84,-0.62,2088.76,0.21
2461,空头进场,2026-02-28 12:30,VltClsSE,1916.36,1,1916.36,56.94,2.97,81,4.23,-11.84,-0.62,2088.76,0.21
2462,多头出场,2026-02-28 17:30,VltClsSE,1849.98,1,1859.42,-9.44,-0.51,25.58,1.38,-14.37,-0.77,2079.32,0.21
2462,多头进场,2026-02-28 15:00,VltClsLE,1859.42,1,1859.42,-9.44,-0.51,25.58,1.38,-14.37,-0.77,2079.32,0.21
2463,空头出场,2026-02-28 18:15,VltClsLE,1859.64,1,1849.98,-9.66,-0.52,0.83,0.04,-9.66,-0.52,2069.66,0.21
2463,空头进场,2026-02-28 17:30,VltClsSE,1849.98,1,1849.98,-9.66,-0.52,0.83,0.04,-9.66,-0.52,2069.66,0.21
2464,多头出场,2026-02-28 19:30,VltClsSE,1871.31,1,1859.64,11.67,0.63,21.36,1.15,-3.2,-0.17,2081.33,0.21
2464,多头进场,2026-02-28 18:15,VltClsLE,1859.64,1,1859.64,11.67,0.63,21.36,1.15,-3.2,-0.17,2081.33,0.21
2465,空头出场,2026-02-28 21:45,VltClsLE,1877.2,1,1871.31,-5.89,-0.31,9.63,0.51,-5.99,-0.32,2075.44,0.21
2465,空头进场,2026-02-28 19:30,VltClsSE,1871.31,1,1871.31,-5.89,-0.31,9.63,0.51,-5.99,-0.32,2075.44,0.21
2466,多头出场,2026-02-28 22:00,VltClsSE,1895.22,1,1877.2,18.02,0.96,38.75,2.06,0,0.00,2093.46,0.21
2466,多头进场,2026-02-28 21:45,VltClsLE,1877.2,1,1877.2,18.02,0.96,38.75,2.06,0,0.00,2093.46,0.21
2467,空头出场,2026-02-28 23:15,VltClsLE,1890.87,1,1895.22,4.35,0.23,21.39,1.13,-18.62,-0.98,2097.81,0.21
2467,空头进场,2026-02-28 22:00,VltClsSE,1895.22,1,1895.22,4.35,0.23,21.39,1.13,-18.62,-0.98,2097.81,0.21
2468,多头出场,2026-03-01 00:45,VltClsSE,1901.55,1,1890.87,10.68,0.56,19.33,1.02,0,0.00,2108.49,0.21
2468,多头进场,2026-02-28 23:15,VltClsLE,1890.87,1,1890.87,10.68,0.56,19.33,1.02,0,0.00,2108.49,0.21
2469,空头出场,2026-03-01 01:45,VltClsLE,1899.29,1,1901.55,2.26,0.12,15.53,0.82,-2.91,-0.15,2110.75,0.21
2469,空头进场,2026-03-01 00:45,VltClsSE,1901.55,1,1901.55,2.26,0.12,15.53,0.82,-2.91,-0.15,2110.75,0.21
2470,多头出场,2026-03-01 03:00,VltClsSE,1923,1,1899.29,23.71,1.25,47.71,2.51,0,0.00,2134.46,0.21
2470,多头进场,2026-03-01 01:45,VltClsLE,1899.29,1,1899.29,23.71,1.25,47.71,2.51,0,0.00,2134.46,0.21
2471,空头出场,2026-03-01 03:30,VltClsLE,1939.38,1,1923,-16.38,-0.85,2.62,0.14,-16.38,-0.85,2118.08,0.21
2471,空头进场,2026-03-01 03:00,VltClsSE,1923,1,1923,-16.38,-0.85,2.62,0.14,-16.38,-0.85,2118.08,0.21
2472,多头出场,2026-03-01 05:00,VltClsSE,1954.2,1,1939.38,14.82,0.76,33.06,1.70,-0.62,-0.03,2132.9,0.21
2472,多头进场,2026-03-01 03:30,VltClsLE,1939.38,1,1939.38,14.82,0.76,33.06,1.70,-0.62,-0.03,2132.9,0.21
2473,空头出场,2026-03-01 05:30,VltClsLE,1960.92,1,1954.2,-6.72,-0.34,8.81,0.45,-6.72,-0.34,2126.18,0.21
2473,空头进场,2026-03-01 05:00,VltClsSE,1954.2,1,1954.2,-6.72,-0.34,8.81,0.45,-6.72,-0.34,2126.18,0.21
2474,多头出场,2026-03-01 09:00,VltClsSE,1956.87,1,1960.92,-4.05,-0.21,24.07,1.23,-8.01,-0.41,2122.13,0.21
2474,多头进场,2026-03-01 05:30,VltClsLE,1960.92,1,1960.92,-4.05,-0.21,24.07,1.23,-8.01,-0.41,2122.13,0.21
2475,空头出场,2026-03-01 09:15,VltClsLE,1956.51,1,1956.87,0.36,0.02,13.29,0.68,0,0.00,2122.49,0.21
2475,空头进场,2026-03-01 09:00,VltClsSE,1956.87,1,1956.87,0.36,0.02,13.29,0.68,0,0.00,2122.49,0.21
2476,多头出场,2026-03-01 11:45,VltClsSE,2024.22,1,1956.51,67.71,3.46,98.29,5.02,-4.39,-0.22,2190.2,0.22
2476,多头进场,2026-03-01 09:15,VltClsLE,1956.51,1,1956.51,67.71,3.46,98.29,5.02,-4.39,-0.22,2190.2,0.22
2477,空头出场,2026-03-01 13:15,VltClsLE,2022.24,1,2024.22,1.98,0.10,25.54,1.26,-6.08,-0.30,2192.18,0.22
2477,空头进场,2026-03-01 11:45,VltClsSE,2024.22,1,2024.22,1.98,0.10,25.54,1.26,-6.08,-0.30,2192.18,0.22
2478,多头出场,2026-03-01 14:00,VltClsSE,2005.87,1,2022.24,-16.37,-0.81,0.66,0.03,-16.37,-0.81,2175.81,0.22
2478,多头进场,2026-03-01 13:15,VltClsLE,2022.24,1,2022.24,-16.37,-0.81,0.66,0.03,-16.37,-0.81,2175.81,0.22
2479,空头出场,2026-03-01 15:30,VltClsLE,2007.66,1,2005.87,-1.79,-0.09,16.87,0.84,-1.79,-0.09,2174.02,0.22
2479,空头进场,2026-03-01 14:00,VltClsSE,2005.87,1,2005.87,-1.79,-0.09,16.87,0.84,-1.79,-0.09,2174.02,0.22
2480,多头出场,2026-03-01 16:00,VltClsSE,1999.95,1,2007.66,-7.71,-0.38,2.52,0.13,-7.71,-0.38,2166.31,0.22
2480,多头进场,2026-03-01 15:30,VltClsLE,2007.66,1,2007.66,-7.71,-0.38,2.52,0.13,-7.71,-0.38,2166.31,0.22
2481,空头出场,2026-03-01 18:30,VltClsLE,1992.14,1,1999.95,7.81,0.39,27.71,1.39,-9.35,-0.47,2174.12,0.22
2481,空头进场,2026-03-01 16:00,VltClsSE,1999.95,1,1999.95,7.81,0.39,27.71,1.39,-9.35,-0.47,2174.12,0.22
2482,多头出场,2026-03-01 19:30,VltClsSE,1982.44,1,1992.14,-9.7,-0.49,0.89,0.04,-13.06,-0.66,2164.42,0.22
2482,多头进场,2026-03-01 18:30,VltClsLE,1992.14,1,1992.14,-9.7,-0.49,0.89,0.04,-13.06,-0.66,2164.42,0.22
2483,空头出场,2026-03-01 20:00,VltClsLE,1987.04,1,1982.44,-4.6,-0.23,0.83,0.04,-4.6,-0.23,2159.82,0.22
2483,空头进场,2026-03-01 19:30,VltClsSE,1982.44,1,1982.44,-4.6,-0.23,0.83,0.04,-4.6,-0.23,2159.82,0.22
2484,多头出场,2026-03-01 20:15,VltClsSE,1981.17,1,1987.04,-5.87,-0.30,0.96,0.05,-5.87,-0.30,2153.95,0.22
2484,多头进场,2026-03-01 20:00,VltClsLE,1987.04,1,1987.04,-5.87,-0.30,0.96,0.05,-5.87,-0.30,2153.95,0.22
2485,空头出场,2026-03-01 20:30,VltClsLE,1985.11,1,1981.17,-3.94,-0.20,4.78,0.24,-3.94,-0.20,2150.01,0.22
2485,空头进场,2026-03-01 20:15,VltClsSE,1981.17,1,1981.17,-3.94,-0.20,4.78,0.24,-3.94,-0.20,2150.01,0.22
2486,多头出场,2026-03-01 20:45,VltClsSE,1978.99,1,1985.11,-6.12,-0.31,0.82,0.04,-6.12,-0.31,2143.89,0.21
2486,多头进场,2026-03-01 20:30,VltClsLE,1985.11,1,1985.11,-6.12,-0.31,0.82,0.04,-6.12,-0.31,2143.89,0.21
2487,空头出场,2026-03-01 21:45,VltClsLE,1984.83,1,1978.99,-5.84,-0.30,10.39,0.53,-5.84,-0.30,2138.05,0.21
2487,空头进场,2026-03-01 20:45,VltClsSE,1978.99,1,1978.99,-5.84,-0.30,10.39,0.53,-5.84,-0.30,2138.05,0.21
2488,多头出场,2026-03-01 23:45,VltClsSE,2005.73,1,1984.83,20.9,1.05,43.17,2.17,0,0.00,2158.95,0.22
2488,多头进场,2026-03-01 21:45,VltClsLE,1984.83,1,1984.83,20.9,1.05,43.17,2.17,0,0.00,2158.95,0.22
2489,空头出场,2026-03-02 00:00,VltClsLE,2001.58,1,2005.73,4.15,0.21,22.26,1.11,0,0.00,2163.1,0.22
2489,空头进场,2026-03-01 23:45,VltClsSE,2005.73,1,2005.73,4.15,0.21,22.26,1.11,0,0.00,2163.1,0.22
2490,多头出场,2026-03-02 00:45,VltClsSE,1989.58,1,2001.58,-12,-0.60,7.8,0.39,-12,-0.60,2151.1,0.22
2490,多头进场,2026-03-02 00:00,VltClsLE,2001.58,1,2001.58,-12,-0.60,7.8,0.39,-12,-0.60,2151.1,0.22
2491,空头出场,2026-03-02 02:00,VltClsLE,1975.48,1,1989.58,14.1,0.71,36.28,1.82,0,0.00,2165.2,0.22
2491,空头进场,2026-03-02 00:45,VltClsSE,1989.58,1,1989.58,14.1,0.71,36.28,1.82,0,0.00,2165.2,0.22
2492,多头出场,2026-03-02 03:30,VltClsSE,1951.51,1,1975.48,-23.97,-1.21,22.05,1.12,-23.97,-1.21,2141.23,0.21
2492,多头进场,2026-03-02 02:00,VltClsLE,1975.48,1,1975.48,-23.97,-1.21,22.05,1.12,-23.97,-1.21,2141.23,0.21
2493,空头出场,2026-03-02 06:00,VltClsLE,1936.11,1,1951.51,15.4,0.79,44.1,2.26,-3.94,-0.20,2156.63,0.22
2493,空头进场,2026-03-02 03:30,VltClsSE,1951.51,1,1951.51,15.4,0.79,44.1,2.26,-3.94,-0.20,2156.63,0.22
2494,多头出场,2026-03-02 06:15,VltClsSE,1933.74,1,1936.11,-2.37,-0.12,34.9,1.80,-2.37,-0.12,2154.26,0.22
2494,多头进场,2026-03-02 06:00,VltClsLE,1936.11,1,1936.11,-2.37,-0.12,34.9,1.80,-2.37,-0.12,2154.26,0.22
2495,空头出场,2026-03-02 07:00,VltClsLE,1940.73,1,1933.74,-6.99,-0.36,19.05,0.99,-6.99,-0.36,2147.27,0.21
2495,空头进场,2026-03-02 06:15,VltClsSE,1933.74,1,1933.74,-6.99,-0.36,19.05,0.99,-6.99,-0.36,2147.27,0.21
2496,多头出场,2026-03-02 09:15,VltClsSE,1968.06,1,1940.73,27.33,1.41,48.5,2.50,-9.25,-0.48,2174.6,0.22
2496,多头进场,2026-03-02 07:00,VltClsLE,1940.73,1,1940.73,27.33,1.41,48.5,2.50,-9.25,-0.48,2174.6,0.22
2497,空头出场,2026-03-02 10:30,VltClsLE,1958.81,1,1968.06,9.25,0.47,28.27,1.44,-5.26,-0.27,2183.85,0.22
2497,空头进场,2026-03-02 09:15,VltClsSE,1968.06,1,1968.06,9.25,0.47,28.27,1.44,-5.26,-0.27,2183.85,0.22
2498,多头出场,2026-03-02 13:00,VltClsSE,1967,1,1958.81,8.19,0.42,21.51,1.10,-10.46,-0.53,2192.04,0.22
2498,多头进场,2026-03-02 10:30,VltClsLE,1958.81,1,1958.81,8.19,0.42,21.51,1.10,-10.46,-0.53,2192.04,0.22
2499,空头出场,2026-03-02 13:30,VltClsLE,1974.51,1,1967,-7.51,-0.38,5.39,0.27,-7.51,-0.38,2184.53,0.22
2499,空头进场,2026-03-02 13:00,VltClsSE,1967,1,1967,-7.51,-0.38,5.39,0.27,-7.51,-0.38,2184.53,0.22
2500,多头出场,2026-03-02 13:45,VltClsSE,1973.53,1,1974.51,-0.98,-0.05,9.09,0.46,-0.98,-0.05,2183.55,0.22
2500,多头进场,2026-03-02 13:30,VltClsLE,1974.51,1,1974.51,-0.98,-0.05,9.09,0.46,-0.98,-0.05,2183.55,0.22
2501,空头出场,2026-03-02 16:30,VltClsLE,1935.93,1,1973.53,37.6,1.91,53.53,2.71,0,0.00,2221.15,0.22
2501,空头进场,2026-03-02 13:45,VltClsSE,1973.53,1,1973.53,37.6,1.91,53.53,2.71,0,0.00,2221.15,0.22
2502,多头出场,2026-03-02 17:45,VltClsSE,1947.63,1,1935.93,11.7,0.60,31.2,1.61,0,0.00,2232.85,0.22
2502,多头进场,2026-03-02 16:30,VltClsLE,1935.93,1,1935.93,11.7,0.60,31.2,1.61,0,0.00,2232.85,0.22
2503,空头出场,2026-03-02 18:00,VltClsLE,1955.99,1,1947.63,-8.36,-0.43,3.63,0.19,-8.36,-0.43,2224.49,0.22
2503,空头进场,2026-03-02 17:45,VltClsSE,1947.63,1,1947.63,-8.36,-0.43,3.63,0.19,-8.36,-0.43,2224.49,0.22
2504,多头出场,2026-03-02 19:00,VltClsSE,1946.13,1,1955.99,-9.86,-0.50,0.19,0.01,-9.86,-0.50,2214.63,0.22
2504,多头进场,2026-03-02 18:00,VltClsLE,1955.99,1,1955.99,-9.86,-0.50,0.19,0.01,-9.86,-0.50,2214.63,0.22
2505,空头出场,2026-03-02 19:15,VltClsLE,1943.73,1,1946.13,2.4,0.12,10.59,0.54,0,0.00,2217.03,0.22
2505,空头进场,2026-03-02 19:00,VltClsSE,1946.13,1,1946.13,2.4,0.12,10.59,0.54,0,0.00,2217.03,0.22
2506,多头出场,2026-03-02 20:15,VltClsSE,1938.58,1,1943.73,-5.15,-0.26,11.08,0.57,-7.55,-0.39,2211.88,0.22
2506,多头进场,2026-03-02 19:15,VltClsLE,1943.73,1,1943.73,-5.15,-0.26,11.08,0.57,-7.55,-0.39,2211.88,0.22
2507,空头出场,2026-03-02 21:15,VltClsLE,1939.91,1,1938.58,-1.33,-0.07,9.58,0.49,-3.45,-0.18,2210.55,0.22
2507,空头进场,2026-03-02 20:15,VltClsSE,1938.58,1,1938.58,-1.33,-0.07,9.58,0.49,-3.45,-0.18,2210.55,0.22
2508,多头出场,2026-03-02 22:15,VltClsSE,1922.94,1,1939.91,-16.97,-0.87,4.59,0.24,-18.21,-0.94,2193.58,0.22
2508,多头进场,2026-03-02 21:15,VltClsLE,1939.91,1,1939.91,-16.97,-0.87,4.59,0.24,-18.21,-0.94,2193.58,0.22
2509,空头出场,2026-03-02 22:30,VltClsLE,1937.31,1,1922.94,-14.37,-0.75,1.16,0.06,-14.37,-0.75,2179.21,0.22
2509,空头进场,2026-03-02 22:15,VltClsSE,1922.94,1,1922.94,-14.37,-0.75,1.16,0.06,-14.37,-0.75,2179.21,0.22
2510,多头出场,2026-03-03 01:30,VltClsSE,2037.97,1,1937.31,100.66,5.20,152.69,7.88,0,0.00,2279.87,0.23
2510,多头进场,2026-03-02 22:30,VltClsLE,1937.31,1,1937.31,100.66,5.20,152.69,7.88,0,0.00,2279.87,0.23
2511,空头出场,2026-03-03 03:15,VltClsLE,2037.45,1,2037.97,0.52,0.03,20.82,1.02,-5.39,-0.26,2280.39,0.23
2511,空头进场,2026-03-03 01:30,VltClsSE,2037.97,1,2037.97,0.52,0.03,20.82,1.02,-5.39,-0.26,2280.39,0.23
2512,多头出场,2026-03-03 04:00,VltClsSE,2033.3,1,2037.45,-4.15,-0.20,20.25,0.99,-7.15,-0.35,2276.24,0.23
2512,多头进场,2026-03-03 03:15,VltClsLE,2037.45,1,2037.45,-4.15,-0.20,20.25,0.99,-7.15,-0.35,2276.24,0.23
2513,空头出场,2026-03-03 06:00,VltClsLE,2049.63,1,2033.3,-16.33,-0.80,8.32,0.41,-16.95,-0.83,2259.91,0.23
2513,空头进场,2026-03-03 04:00,VltClsSE,2033.3,1,2033.3,-16.33,-0.80,8.32,0.41,-16.95,-0.83,2259.91,0.23
2514,多头出场,2026-03-03 07:00,VltClsSE,2047.83,1,2049.63,-1.8,-0.09,8.96,0.44,-8.22,-0.40,2258.11,0.23
2514,多头进场,2026-03-03 06:00,VltClsLE,2049.63,1,2049.63,-1.8,-0.09,8.96,0.44,-8.22,-0.40,2258.11,0.23
2515,空头出场,2026-03-03 08:00,VltClsLE,2034.74,1,2047.83,13.09,0.64,23.56,1.15,-0.17,-0.01,2271.2,0.23
2515,空头进场,2026-03-03 07:00,VltClsSE,2047.83,1,2047.83,13.09,0.64,23.56,1.15,-0.17,-0.01,2271.2,0.23
2516,多头出场,2026-03-03 08:30,VltClsSE,2019.66,1,2034.74,-15.08,-0.74,0.59,0.03,-15.08,-0.74,2256.12,0.23
2516,多头进场,2026-03-03 08:00,VltClsLE,2034.74,1,2034.74,-15.08,-0.74,0.59,0.03,-15.08,-0.74,2256.12,0.23
2517,空头出场,2026-03-03 13:00,VltClsLE,2005.03,1,2019.66,14.63,0.72,25.72,1.27,-21.82,-1.08,2270.75,0.23
2517,空头进场,2026-03-03 08:30,VltClsSE,2019.66,1,2019.66,14.63,0.72,25.72,1.27,-21.82,-1.08,2270.75,0.23
2518,多头出场,2026-03-03 13:30,VltClsSE,1998.96,1,2005.03,-6.07,-0.30,14.37,0.72,-6.07,-0.30,2264.68,0.23
2518,多头进场,2026-03-03 13:00,VltClsLE,2005.03,1,2005.03,-6.07,-0.30,14.37,0.72,-6.07,-0.30,2264.68,0.23
2519,空头出场,2026-03-03 14:45,VltClsLE,2001.45,1,1998.96,-2.49,-0.12,11.46,0.57,-2.49,-0.12,2262.19,0.23
2519,空头进场,2026-03-03 13:30,VltClsSE,1998.96,1,1998.96,-2.49,-0.12,11.46,0.57,-2.49,-0.12,2262.19,0.23
2520,多头出场,2026-03-03 15:30,VltClsSE,1995.08,1,2001.45,-6.37,-0.32,2.04,0.10,-13.63,-0.68,2255.82,0.23
2520,多头进场,2026-03-03 14:45,VltClsLE,2001.45,1,2001.45,-6.37,-0.32,2.04,0.10,-13.63,-0.68,2255.82,0.23
2521,空头出场,2026-03-03 16:15,VltClsLE,1991.56,1,1995.08,3.52,0.18,13.52,0.68,-5.45,-0.27,2259.34,0.23
2521,空头进场,2026-03-03 15:30,VltClsSE,1995.08,1,1995.08,3.52,0.18,13.52,0.68,-5.45,-0.27,2259.34,0.23
2522,多头出场,2026-03-03 16:30,VltClsSE,1976.95,1,1991.56,-14.61,-0.73,0.25,0.01,-14.61,-0.73,2244.73,0.22
2522,多头进场,2026-03-03 16:15,VltClsLE,1991.56,1,1991.56,-14.61,-0.73,0.25,0.01,-14.61,-0.73,2244.73,0.22
2523,空头出场,2026-03-03 17:00,VltClsLE,1963.87,1,1976.95,13.08,0.66,29.02,1.47,0,0.00,2257.81,0.23
2523,空头进场,2026-03-03 16:30,VltClsSE,1976.95,1,1976.95,13.08,0.66,29.02,1.47,0,0.00,2257.81,0.23
2524,多头出场,2026-03-03 17:15,VltClsSE,1953.12,1,1963.87,-10.75,-0.55,5.02,0.26,-10.75,-0.55,2247.06,0.22
2524,多头进场,2026-03-03 17:00,VltClsLE,1963.87,1,1963.87,-10.75,-0.55,5.02,0.26,-10.75,-0.55,2247.06,0.22
2525,空头出场,2026-03-03 18:45,VltClsLE,1963.92,1,1953.12,-10.8,-0.55,14.02,0.72,-10.8,-0.55,2236.26,0.22
2525,空头进场,2026-03-03 17:15,VltClsSE,1953.12,1,1953.12,-10.8,-0.55,14.02,0.72,-10.8,-0.55,2236.26,0.22
2526,多头出场,2026-03-03 19:15,VltClsSE,1952.75,1,1963.92,-11.17,-0.57,0.16,0.01,-11.17,-0.57,2225.09,0.22
2526,多头进场,2026-03-03 18:45,VltClsLE,1963.92,1,1963.92,-11.17,-0.57,0.16,0.01,-11.17,-0.57,2225.09,0.22
2527,空头出场,2026-03-03 19:30,VltClsLE,1964.22,1,1952.75,-11.47,-0.59,0.64,0.03,-11.47,-0.59,2213.62,0.22
2527,空头进场,2026-03-03 19:15,VltClsSE,1952.75,1,1952.75,-11.47,-0.59,0.64,0.03,-11.47,-0.59,2213.62,0.22
2528,多头出场,2026-03-03 20:15,VltClsSE,1972.79,1,1964.22,8.57,0.44,25.85,1.32,-3.37,-0.17,2222.19,0.22
2528,多头进场,2026-03-03 19:30,VltClsLE,1964.22,1,1964.22,8.57,0.44,25.85,1.32,-3.37,-0.17,2222.19,0.22
2529,空头出场,2026-03-03 22:00,VltClsLE,1960.24,1,1972.79,12.55,0.64,29.06,1.47,-2.75,-0.14,2234.74,0.22
2529,空头进场,2026-03-03 20:15,VltClsSE,1972.79,1,1972.79,12.55,0.64,29.06,1.47,-2.75,-0.14,2234.74,0.22
2530,多头出场,2026-03-03 22:30,VltClsSE,1953.51,1,1960.24,-6.73,-0.34,17.07,0.87,-6.73,-0.34,2228.01,0.22
2530,多头进场,2026-03-03 22:00,VltClsLE,1960.24,1,1960.24,-6.73,-0.34,17.07,0.87,-6.73,-0.34,2228.01,0.22
2531,空头出场,2026-03-03 22:45,VltClsLE,1950.77,1,1953.51,2.74,0.14,23.95,1.23,0,0.00,2230.75,0.22
2531,空头进场,2026-03-03 22:30,VltClsSE,1953.51,1,1953.51,2.74,0.14,23.95,1.23,0,0.00,2230.75,0.22
2532,多头出场,2026-03-04 00:30,VltClsSE,1987.91,1,1950.77,37.14,1.90,63.35,3.25,-18.73,-0.96,2267.89,0.23
2532,多头进场,2026-03-03 22:45,VltClsLE,1950.77,1,1950.77,37.14,1.90,63.35,3.25,-18.73,-0.96,2267.89,0.23
2533,空头出场,2026-03-04 02:15,VltClsLE,1986.88,1,1987.91,1.03,0.05,29.15,1.47,-4.4,-0.22,2268.92,0.23
2533,空头进场,2026-03-04 00:30,VltClsSE,1987.91,1,1987.91,1.03,0.05,29.15,1.47,-4.4,-0.22,2268.92,0.23
2534,多头出场,2026-03-04 03:00,VltClsSE,1977.53,1,1986.88,-9.35,-0.47,13.44,0.68,-9.35,-0.47,2259.57,0.23
2534,多头进场,2026-03-04 02:15,VltClsLE,1986.88,1,1986.88,-9.35,-0.47,13.44,0.68,-9.35,-0.47,2259.57,0.23
2535,空头出场,2026-03-04 06:00,VltClsLE,1976.9,1,1977.53,0.63,0.03,18.18,0.92,-16.84,-0.85,2260.2,0.23
2535,空头进场,2026-03-04 03:00,VltClsSE,1977.53,1,1977.53,0.63,0.03,18.18,0.92,-16.84,-0.85,2260.2,0.23
2536,多头出场,2026-03-04 08:30,VltClsSE,1975.13,1,1976.9,-1.77,-0.09,24.73,1.25,-1.77,-0.09,2258.43,0.23
2536,多头进场,2026-03-04 06:00,VltClsLE,1976.9,1,1976.9,-1.77,-0.09,24.73,1.25,-1.77,-0.09,2258.43,0.23
2537,空头出场,2026-03-04 08:45,VltClsLE,1971.93,1,1975.13,3.2,0.16,13.25,0.67,0,0.00,2261.63,0.23
2537,空头进场,2026-03-04 08:30,VltClsSE,1975.13,1,1975.13,3.2,0.16,13.25,0.67,0,0.00,2261.63,0.23
2538,多头出场,2026-03-04 11:00,VltClsSE,1972.28,1,1971.93,0.35,0.02,26.73,1.36,-2.83,-0.14,2261.98,0.23
2538,多头进场,2026-03-04 08:45,VltClsLE,1971.93,1,1971.93,0.35,0.02,26.73,1.36,-2.83,-0.14,2261.98,0.23
2539,空头出场,2026-03-04 11:45,VltClsLE,1960.83,1,1972.28,11.45,0.58,27.2,1.38,-7.9,-0.40,2273.43,0.23
2539,空头进场,2026-03-04 11:00,VltClsSE,1972.28,1,1972.28,11.45,0.58,27.2,1.38,-7.9,-0.40,2273.43,0.23
2540,多头出场,2026-03-04 13:15,VltClsSE,1955.94,1,1960.83,-4.89,-0.25,4.66,0.24,-10.18,-0.52,2268.54,0.23
2540,多头进场,2026-03-04 11:45,VltClsLE,1960.83,1,1960.83,-4.89,-0.25,4.66,0.24,-10.18,-0.52,2268.54,0.23
2541,空头出场,2026-03-04 13:30,VltClsLE,1966.22,1,1955.94,-10.28,-0.53,0.15,0.01,-10.28,-0.53,2258.26,0.23
2541,空头进场,2026-03-04 13:15,VltClsSE,1955.94,1,1955.94,-10.28,-0.53,0.15,0.01,-10.28,-0.53,2258.26,0.23
2542,多头出场,2026-03-04 19:15,VltClsSE,2066.36,1,1966.22,100.14,5.09,126.68,6.44,-2.89,-0.15,2358.4,0.24
2542,多头进场,2026-03-04 13:30,VltClsLE,1966.22,1,1966.22,100.14,5.09,126.68,6.44,-2.89,-0.15,2358.4,0.24
2543,空头出场,2026-03-04 20:30,VltClsLE,2050.95,1,2066.36,15.41,0.75,29.99,1.45,-3.48,-0.17,2373.81,0.24
2543,空头进场,2026-03-04 19:15,VltClsSE,2066.36,1,2066.36,15.41,0.75,29.99,1.45,-3.48,-0.17,2373.81,0.24
2544,多头出场,2026-03-04 22:30,VltClsSE,2071.11,1,2050.95,20.16,0.98,31.69,1.55,-3.55,-0.17,2393.97,0.24
2544,多头进场,2026-03-04 20:30,VltClsLE,2050.95,1,2050.95,20.16,0.98,31.69,1.55,-3.55,-0.17,2393.97,0.24
2545,空头出场,2026-03-04 22:45,VltClsLE,2079.67,1,2071.11,-8.56,-0.41,6.21,0.30,-38.89,-1.88,2385.41,0.24
2545,空头进场,2026-03-04 22:30,VltClsSE,2071.11,1,2071.11,-8.56,-0.41,6.21,0.30,-38.89,-1.88,2385.41,0.24
2546,多头出场,2026-03-05 01:15,VltClsSE,2135.68,1,2079.67,56.01,2.69,86.08,4.14,-0.58,-0.03,2441.42,0.24
2546,多头进场,2026-03-04 22:45,VltClsLE,2079.67,1,2079.67,56.01,2.69,86.08,4.14,-0.58,-0.03,2441.42,0.24
2547,空头出场,2026-03-05 01:30,VltClsLE,2147.54,1,2135.68,-11.86,-0.56,5.51,0.26,-11.86,-0.56,2429.56,0.24
2547,空头进场,2026-03-05 01:15,VltClsSE,2135.68,1,2135.68,-11.86,-0.56,5.51,0.26,-11.86,-0.56,2429.56,0.24
2548,多头出场,2026-03-05 04:00,VltClsSE,2164.17,1,2147.54,16.63,0.77,51.46,2.40,-9.41,-0.44,2446.19,0.24
2548,多头进场,2026-03-05 01:30,VltClsLE,2147.54,1,2147.54,16.63,0.77,51.46,2.40,-9.41,-0.44,2446.19,0.24
2549,空头出场,2026-03-05 06:00,VltClsLE,2159.05,1,2164.17,5.12,0.24,21.92,1.01,-12.85,-0.59,2451.31,0.25
2549,空头进场,2026-03-05 04:00,VltClsSE,2164.17,1,2164.17,5.12,0.24,21.92,1.01,-12.85,-0.59,2451.31,0.25
2550,多头出场,2026-03-05 06:30,VltClsSE,2146.25,1,2159.05,-12.8,-0.59,5.11,0.24,-12.8,-0.59,2438.51,0.24
2550,多头进场,2026-03-05 06:00,VltClsLE,2159.05,1,2159.05,-12.8,-0.59,5.11,0.24,-12.8,-0.59,2438.51,0.24
2551,空头出场,2026-03-05 08:15,VltClsLE,2134.66,1,2146.25,11.59,0.54,29.58,1.38,0,0.00,2450.1,0.25
2551,空头进场,2026-03-05 06:30,VltClsSE,2146.25,1,2146.25,11.59,0.54,29.58,1.38,0,0.00,2450.1,0.25
2552,多头出场,2026-03-05 09:15,VltClsSE,2128.15,1,2134.66,-6.51,-0.30,7.27,0.34,-10.42,-0.49,2443.59,0.24
2552,多头进场,2026-03-05 08:15,VltClsLE,2134.66,1,2134.66,-6.51,-0.30,7.27,0.34,-10.42,-0.49,2443.59,0.24
2553,空头出场,2026-03-05 10:00,VltClsLE,2124.47,1,2128.15,3.68,0.17,20.58,0.97,0,0.00,2447.27,0.24
2553,空头进场,2026-03-05 09:15,VltClsSE,2128.15,1,2128.15,3.68,0.17,20.58,0.97,0,0.00,2447.27,0.24
2554,多头出场,2026-03-05 12:45,VltClsSE,2130.14,1,2124.47,5.67,0.27,19.73,0.93,-16.97,-0.80,2452.94,0.25
2554,多头进场,2026-03-05 10:00,VltClsLE,2124.47,1,2124.47,5.67,0.27,19.73,0.93,-16.97,-0.80,2452.94,0.25
2555,空头出场,2026-03-05 14:15,VltClsLE,2122.56,1,2130.14,7.58,0.36,19.99,0.94,-9.18,-0.43,2460.52,0.25
2555,空头进场,2026-03-05 12:45,VltClsSE,2130.14,1,2130.14,7.58,0.36,19.99,0.94,-9.18,-0.43,2460.52,0.25
2556,多头出场,2026-03-05 15:30,VltClsSE,2119.45,1,2122.56,-3.11,-0.15,9.97,0.47,-5.97,-0.28,2457.41,0.25
2556,多头进场,2026-03-05 14:15,VltClsLE,2122.56,1,2122.56,-3.11,-0.15,9.97,0.47,-5.97,-0.28,2457.41,0.25
2557,空头出场,2026-03-05 16:30,VltClsLE,2105.78,1,2119.45,13.67,0.64,25.82,1.22,0,0.00,2471.08,0.25
2557,空头进场,2026-03-05 15:30,VltClsSE,2119.45,1,2119.45,13.67,0.64,25.82,1.22,0,0.00,2471.08,0.25
2558,多头出场,2026-03-05 19:00,VltClsSE,2146.19,1,2105.78,40.41,1.92,57.88,2.75,0,0.00,2511.49,0.25
2558,多头进场,2026-03-05 16:30,VltClsLE,2105.78,1,2105.78,40.41,1.92,57.88,2.75,0,0.00,2511.49,0.25
2559,空头出场,2026-03-05 20:45,VltClsLE,2142.92,1,2146.19,3.27,0.15,22.61,1.05,-5.5,-0.26,2514.76,0.25
2559,空头进场,2026-03-05 19:00,VltClsSE,2146.19,1,2146.19,3.27,0.15,22.61,1.05,-5.5,-0.26,2514.76,0.25
2560,多头出场,2026-03-05 21:00,VltClsSE,2130.91,1,2142.92,-12.01,-0.56,0.03,0.00,-12.01,-0.56,2502.75,0.25
2560,多头进场,2026-03-05 20:45,VltClsLE,2142.92,1,2142.92,-12.01,-0.56,0.03,0.00,-12.01,-0.56,2502.75,0.25
2561,空头出场,2026-03-05 22:30,VltClsLE,2127.1,1,2130.91,3.81,0.18,21.73,1.02,0,0.00,2506.56,0.25
2561,空头进场,2026-03-05 21:00,VltClsSE,2130.91,1,2130.91,3.81,0.18,21.73,1.02,0,0.00,2506.56,0.25
2562,多头出场,2026-03-05 23:00,VltClsSE,2105.1,1,2127.1,-22,-1.03,4.55,0.21,-30.37,-1.43,2484.56,0.25
2562,多头进场,2026-03-05 22:30,VltClsLE,2127.1,1,2127.1,-22,-1.03,4.55,0.21,-30.37,-1.43,2484.56,0.25
2563,空头出场,2026-03-06 01:00,VltClsLE,2092.09,1,2105.1,13.01,0.62,48.4,2.30,0,0.00,2497.57,0.25
2563,空头进场,2026-03-05 23:00,VltClsSE,2105.1,1,2105.1,13.01,0.62,48.4,2.30,0,0.00,2497.57,0.25
2564,多头出场,2026-03-06 01:45,VltClsSE,2057.3,1,2092.09,-34.79,-1.66,1.61,0.08,-34.79,-1.66,2462.78,0.25
2564,多头进场,2026-03-06 01:00,VltClsLE,2092.09,1,2092.09,-34.79,-1.66,1.61,0.08,-34.79,-1.66,2462.78,0.25
2565,空头出场,2026-03-06 02:00,VltClsLE,2069.28,1,2057.3,-11.98,-0.58,2.55,0.12,-11.98,-0.58,2450.8,0.25
2565,空头进场,2026-03-06 01:45,VltClsSE,2057.3,1,2057.3,-11.98,-0.58,2.55,0.12,-11.98,-0.58,2450.8,0.25
2566,多头出场,2026-03-06 03:15,VltClsSE,2079.52,1,2069.28,10.24,0.49,24.41,1.18,-5.67,-0.27,2461.04,0.25
2566,多头进场,2026-03-06 02:00,VltClsLE,2069.28,1,2069.28,10.24,0.49,24.41,1.18,-5.67,-0.27,2461.04,0.25
2567,空头出场,2026-03-06 04:15,VltClsLE,2090.13,1,2079.52,-10.61,-0.51,9.43,0.45,-10.61,-0.51,2450.43,0.25
2567,空头进场,2026-03-06 03:15,VltClsSE,2079.52,1,2079.52,-10.61,-0.51,9.43,0.45,-10.61,-0.51,2450.43,0.25
2568,多头出场,2026-03-06 05:30,VltClsSE,2085.22,1,2090.13,-4.91,-0.23,9.23,0.44,-4.91,-0.23,2445.52,0.24
2568,多头进场,2026-03-06 04:15,VltClsLE,2090.13,1,2090.13,-4.91,-0.23,9.23,0.44,-4.91,-0.23,2445.52,0.24
2569,空头出场,2026-03-06 07:15,VltClsLE,2082.75,1,2085.22,2.47,0.12,9.45,0.45,0,0.00,2447.99,0.24
2569,空头进场,2026-03-06 05:30,VltClsSE,2085.22,1,2085.22,2.47,0.12,9.45,0.45,0,0.00,2447.99,0.24
2570,多头出场,2026-03-06 07:30,VltClsSE,2079.03,1,2082.75,-3.72,-0.18,1.7,0.08,-3.72,-0.18,2444.27,0.24
2570,多头进场,2026-03-06 07:15,VltClsLE,2082.75,1,2082.75,-3.72,-0.18,1.7,0.08,-3.72,-0.18,2444.27,0.24
2571,空头出场,2026-03-06 08:00,VltClsLE,2077.54,1,2079.03,1.49,0.07,9.31,0.45,0,0.00,2445.76,0.24
2571,空头进场,2026-03-06 07:30,VltClsSE,2079.03,1,2079.03,1.49,0.07,9.31,0.45,0,0.00,2445.76,0.24
2572,多头出场,2026-03-06 08:15,VltClsSE,2075.21,1,2077.54,-2.33,-0.11,2.85,0.14,-2.33,-0.11,2443.43,0.24
2572,多头进场,2026-03-06 08:00,VltClsLE,2077.54,1,2077.54,-2.33,-0.11,2.85,0.14,-2.33,-0.11,2443.43,0.24
2573,空头出场,2026-03-06 09:30,VltClsLE,2072.05,1,2075.21,3.16,0.15,13.42,0.65,-3.23,-0.16,2446.59,0.24
2573,空头进场,2026-03-06 08:15,VltClsSE,2075.21,1,2075.21,3.16,0.15,13.42,0.65,-3.23,-0.16,2446.59,0.24
2574,多头出场,2026-03-06 10:15,VltClsSE,2082.23,1,2072.05,10.18,0.49,21.28,1.03,0,0.00,2456.77,0.25
2574,多头进场,2026-03-06 09:30,VltClsLE,2072.05,1,2072.05,10.18,0.49,21.28,1.03,0,0.00,2456.77,0.25
2575,空头出场,2026-03-06 11:15,VltClsLE,2085.35,1,2082.23,-3.12,-0.15,6.95,0.33,-7.18,-0.34,2453.65,0.25
2575,空头进场,2026-03-06 10:15,VltClsSE,2082.23,1,2082.23,-3.12,-0.15,6.95,0.33,-7.18,-0.34,2453.65,0.25
2576,多头出场,2026-03-06 12:30,VltClsSE,2069.83,1,2085.35,-15.52,-0.74,3.4,0.16,-15.52,-0.74,2438.13,0.24
2576,多头进场,2026-03-06 11:15,VltClsLE,2085.35,1,2085.35,-15.52,-0.74,3.4,0.16,-15.52,-0.74,2438.13,0.24
2577,空头出场,2026-03-06 13:45,VltClsLE,2069.16,1,2069.83,0.67,0.03,10.99,0.53,-4.36,-0.21,2438.8,0.24
2577,空头进场,2026-03-06 12:30,VltClsSE,2069.83,1,2069.83,0.67,0.03,10.99,0.53,-4.36,-0.21,2438.8,0.24
2578,多头出场,2026-03-06 16:45,VltClsSE,2075.95,1,2069.16,6.79,0.33,18.5,0.89,-5.58,-0.27,2445.59,0.24
2578,多头进场,2026-03-06 13:45,VltClsLE,2069.16,1,2069.16,6.79,0.33,18.5,0.89,-5.58,-0.27,2445.59,0.24
2579,空头出场,2026-03-06 20:15,VltClsLE,2051.01,1,2075.95,24.94,1.20,38.73,1.87,-1.55,-0.07,2470.53,0.25
2579,空头进场,2026-03-06 16:45,VltClsSE,2075.95,1,2075.95,24.94,1.20,38.73,1.87,-1.55,-0.07,2470.53,0.25
2580,多头出场,2026-03-06 20:30,VltClsSE,2044.25,1,2051.01,-6.76,-0.33,3.99,0.19,-6.76,-0.33,2463.77,0.25
2580,多头进场,2026-03-06 20:15,VltClsLE,2051.01,1,2051.01,-6.76,-0.33,3.99,0.19,-6.76,-0.33,2463.77,0.25
2581,空头出场,2026-03-06 21:30,VltClsLE,2058.03,1,2044.25,-13.78,-0.67,5.9,0.29,-13.78,-0.67,2449.99,0.24
2581,空头进场,2026-03-06 20:30,VltClsSE,2044.25,1,2044.25,-13.78,-0.67,5.9,0.29,-13.78,-0.67,2449.99,0.24
2582,多头出场,2026-03-06 21:45,VltClsSE,2040.57,1,2058.03,-17.46,-0.85,4.09,0.20,-21.83,-1.06,2432.53,0.24
2582,多头进场,2026-03-06 21:30,VltClsLE,2058.03,1,2058.03,-17.46,-0.85,4.09,0.20,-21.83,-1.06,2432.53,0.24
2583,空头出场,2026-03-07 01:45,VltClsLE,1969.71,1,2040.57,70.86,3.47,84.62,4.15,0,0.00,2503.39,0.25
2583,空头进场,2026-03-06 21:45,VltClsSE,2040.57,1,2040.57,70.86,3.47,84.62,4.15,0,0.00,2503.39,0.25
2584,多头出场,2026-03-07 05:15,VltClsSE,1973.89,1,1969.71,4.18,0.21,23.59,1.20,-3.1,-0.16,2507.57,0.25
2584,多头进场,2026-03-07 01:45,VltClsLE,1969.71,1,1969.71,4.18,0.21,23.59,1.20,-3.1,-0.16,2507.57,0.25
2585,空头出场,2026-03-07 05:45,VltClsLE,1983.78,1,1973.89,-9.89,-0.50,2.38,0.12,-9.89,-0.50,2497.68,0.25
2585,空头进场,2026-03-07 05:15,VltClsSE,1973.89,1,1973.89,-9.89,-0.50,2.38,0.12,-9.89,-0.50,2497.68,0.25
2586,多头出场,2026-03-07 07:30,VltClsSE,1983.46,1,1983.78,-0.32,-0.02,6.13,0.31,-2.2,-0.11,2497.36,0.25
2586,多头进场,2026-03-07 05:45,VltClsLE,1983.78,1,1983.78,-0.32,-0.02,6.13,0.31,-2.2,-0.11,2497.36,0.25
2587,空头出场,2026-03-07 08:00,VltClsLE,1982.19,1,1983.46,1.27,0.06,6.49,0.33,0,0.00,2498.63,0.25
2587,空头进场,2026-03-07 07:30,VltClsSE,1983.46,1,1983.46,1.27,0.06,6.49,0.33,0,0.00,2498.63,0.25
2588,多头出场,2026-03-07 09:15,VltClsSE,1976.9,1,1982.19,-5.29,-0.27,1.51,0.08,-5.29,-0.27,2493.34,0.25
2588,多头进场,2026-03-07 08:00,VltClsLE,1982.19,1,1982.19,-5.29,-0.27,1.51,0.08,-5.29,-0.27,2493.34,0.25
2589,空头出场,2026-03-07 10:45,VltClsLE,1977.79,1,1976.9,-0.89,-0.05,5.11,0.26,-6.02,-0.30,2492.45,0.25
2589,空头进场,2026-03-07 09:15,VltClsSE,1976.9,1,1976.9,-0.89,-0.05,5.11,0.26,-6.02,-0.30,2492.45,0.25
2590,多头出场,2026-03-07 11:15,VltClsSE,1989.55,1,1977.79,11.76,0.59,18.25,0.92,0,0.00,2504.21,0.25
2590,多头进场,2026-03-07 10:45,VltClsLE,1977.79,1,1977.79,11.76,0.59,18.25,0.92,0,0.00,2504.21,0.25
2591,空头出场,2026-03-07 15:15,VltClsLE,1977.03,1,1989.55,12.52,0.63,25.21,1.27,0,0.00,2516.73,0.25
2591,空头进场,2026-03-07 11:15,VltClsSE,1989.55,1,1989.55,12.52,0.63,25.21,1.27,0,0.00,2516.73,0.25
2592,多头出场,2026-03-07 16:30,VltClsSE,1981.99,1,1977.03,4.96,0.25,10.59,0.54,-2.23,-0.11,2521.69,0.25
2592,多头进场,2026-03-07 15:15,VltClsLE,1977.03,1,1977.03,4.96,0.25,10.59,0.54,-2.23,-0.11,2521.69,0.25
2593,空头出场,2026-03-07 17:00,VltClsLE,1982.11,1,1981.99,-0.12,-0.01,6.61,0.33,-0.42,-0.02,2521.57,0.25
2593,空头进场,2026-03-07 16:30,VltClsSE,1981.99,1,1981.99,-0.12,-0.01,6.61,0.33,-0.42,-0.02,2521.57,0.25
2594,多头出场,2026-03-07 18:15,VltClsSE,1984.58,1,1982.11,2.47,0.12,7.31,0.37,0,0.00,2524.04,0.25
2594,多头进场,2026-03-07 17:00,VltClsLE,1982.11,1,1982.11,2.47,0.12,7.31,0.37,0,0.00,2524.04,0.25
2595,空头出场,2026-03-07 19:00,VltClsLE,1986.95,1,1984.58,-2.37,-0.12,2.39,0.12,-2.37,-0.12,2521.67,0.25
2595,空头进场,2026-03-07 18:15,VltClsSE,1984.58,1,1984.58,-2.37,-0.12,2.39,0.12,-2.37,-0.12,2521.67,0.25
2596,多头出场,2026-03-07 19:15,VltClsSE,1990.24,1,1986.95,3.29,0.17,8.03,0.40,0,0.00,2524.96,0.25
2596,多头进场,2026-03-07 19:00,VltClsLE,1986.95,1,1986.95,3.29,0.17,8.03,0.40,0,0.00,2524.96,0.25
2597,空头出场,2026-03-07 22:30,VltClsLE,1979.21,1,1990.24,11.03,0.55,19.77,0.99,-0.87,-0.04,2535.99,0.25
2597,空头进场,2026-03-07 19:15,VltClsSE,1990.24,1,1990.24,11.03,0.55,19.77,0.99,-0.87,-0.04,2535.99,0.25
2598,多头出场,2026-03-07 23:30,VltClsSE,1978.43,1,1979.21,-0.78,-0.04,11.04,0.56,-0.78,-0.04,2535.21,0.25
2598,多头进场,2026-03-07 22:30,VltClsLE,1979.21,1,1979.21,-0.78,-0.04,11.04,0.56,-0.78,-0.04,2535.21,0.25
2599,空头出场,2026-03-08 01:00,VltClsLE,1980.24,1,1978.43,-1.81,-0.09,3.95,0.20,-3.31,-0.17,2533.4,0.25
2599,空头进场,2026-03-07 23:30,VltClsSE,1978.43,1,1978.43,-1.81,-0.09,3.95,0.20,-3.31,-0.17,2533.4,0.25
2600,多头出场,2026-03-08 01:45,VltClsSE,1978.97,1,1980.24,-1.27,-0.06,3.23,0.16,-1.27,-0.06,2532.13,0.25
2600,多头进场,2026-03-08 01:00,VltClsLE,1980.24,1,1980.24,-1.27,-0.06,3.23,0.16,-1.27,-0.06,2532.13,0.25
2601,空头出场,2026-03-08 03:30,VltClsLE,1963.62,1,1978.97,15.35,0.78,22.64,1.14,0,0.00,2547.48,0.25
2601,空头进场,2026-03-08 01:45,VltClsSE,1978.97,1,1978.97,15.35,0.78,22.64,1.14,0,0.00,2547.48,0.25
2602,多头出场,2026-03-08 03:45,VltClsSE,1957.16,1,1963.62,-6.46,-0.33,0.44,0.02,-6.46,-0.33,2541.02,0.25
2602,多头进场,2026-03-08 03:30,VltClsLE,1963.62,1,1963.62,-6.46,-0.33,0.44,0.02,-6.46,-0.33,2541.02,0.25
2603,空头出场,2026-03-08 04:00,VltClsLE,1961.19,1,1957.16,-4.03,-0.21,9.07,0.46,-4.03,-0.21,2536.99,0.25
2603,空头进场,2026-03-08 03:45,VltClsSE,1957.16,1,1957.16,-4.03,-0.21,9.07,0.46,-4.03,-0.21,2536.99,0.25
2604,多头出场,2026-03-08 05:30,VltClsSE,1966.66,1,1961.19,5.47,0.28,9.47,0.48,0,0.00,2542.46,0.25
2604,多头进场,2026-03-08 04:00,VltClsLE,1961.19,1,1961.19,5.47,0.28,9.47,0.48,0,0.00,2542.46,0.25
2605,空头出场,2026-03-08 05:45,VltClsLE,1970.19,1,1966.66,-3.53,-0.18,2.69,0.14,-3.53,-0.18,2538.93,0.25
2605,空头进场,2026-03-08 05:30,VltClsSE,1966.66,1,1966.66,-3.53,-0.18,2.69,0.14,-3.53,-0.18,2538.93,0.25
2606,多头出场,2026-03-08 06:00,VltClsSE,1967.11,1,1970.19,-3.08,-0.16,1.54,0.08,-3.08,-0.16,2535.85,0.25
2606,多头进场,2026-03-08 05:45,VltClsLE,1970.19,1,1970.19,-3.08,-0.16,1.54,0.08,-3.08,-0.16,2535.85,0.25
2607,空头出场,2026-03-08 07:15,VltClsLE,1972.08,1,1967.11,-4.97,-0.25,8.75,0.44,-4.97,-0.25,2530.88,0.25
2607,空头进场,2026-03-08 06:00,VltClsSE,1967.11,1,1967.11,-4.97,-0.25,8.75,0.44,-4.97,-0.25,2530.88,0.25
2608,多头出场,2026-03-08 08:15,VltClsSE,1970.45,1,1972.08,-1.63,-0.08,5.27,0.27,-3.02,-0.15,2529.25,0.25
2608,多头进场,2026-03-08 07:15,VltClsLE,1972.08,1,1972.08,-1.63,-0.08,5.27,0.27,-3.02,-0.15,2529.25,0.25
2609,空头出场,2026-03-08 10:30,VltClsLE,1967.7,1,1970.45,2.75,0.14,9.08,0.46,-1.45,-0.07,2532,0.25
2609,空头进场,2026-03-08 08:15,VltClsSE,1970.45,1,1970.45,2.75,0.14,9.08,0.46,-1.45,-0.07,2532,0.25
2610,多头出场,2026-03-08 10:45,VltClsSE,1964.8,1,1967.7,-2.9,-0.15,2.15,0.11,-2.9,-0.15,2529.1,0.25
2610,多头进场,2026-03-08 10:30,VltClsLE,1967.7,1,1967.7,-2.9,-0.15,2.15,0.11,-2.9,-0.15,2529.1,0.25
2611,空头出场,2026-03-08 13:00,VltClsLE,1943.87,1,1964.8,20.93,1.07,34.8,1.77,0,0.00,2550.03,0.26
2611,空头进场,2026-03-08 10:45,VltClsSE,1964.8,1,1964.8,20.93,1.07,34.8,1.77,0,0.00,2550.03,0.26
2612,多头出场,2026-03-08 16:00,VltClsSE,1951.02,1,1943.87,7.15,0.37,16.54,0.85,-0.82,-0.04,2557.18,0.26
2612,多头进场,2026-03-08 13:00,VltClsLE,1943.87,1,1943.87,7.15,0.37,16.54,0.85,-0.82,-0.04,2557.18,0.26
2613,空头出场,2026-03-08 16:30,VltClsLE,1955.21,1,1951.02,-4.19,-0.21,1.92,0.10,-4.19,-0.21,2552.99,0.26
2613,空头进场,2026-03-08 16:00,VltClsSE,1951.02,1,1951.02,-4.19,-0.21,1.92,0.10,-4.19,-0.21,2552.99,0.26
2614,多头出场,2026-03-08 19:00,VltClsSE,1969.63,1,1955.21,14.42,0.74,24.59,1.26,0,0.00,2567.41,0.26
2614,多头进场,2026-03-08 16:30,VltClsLE,1955.21,1,1955.21,14.42,0.74,24.59,1.26,0,0.00,2567.41,0.26
2615,空头出场,2026-03-08 20:15,VltClsLE,1946.51,1,1969.63,23.12,1.17,43.5,2.21,0,0.00,2590.53,0.26
2615,空头进场,2026-03-08 19:00,VltClsSE,1969.63,1,1969.63,23.12,1.17,43.5,2.21,0,0.00,2590.53,0.26
2616,多头出场,2026-03-08 21:00,VltClsSE,1936.75,1,1946.51,-9.76,-0.50,5.43,0.28,-9.76,-0.50,2580.77,0.26
2616,多头进场,2026-03-08 20:15,VltClsLE,1946.51,1,1946.51,-9.76,-0.50,5.43,0.28,-9.76,-0.50,2580.77,0.26
2617,空头出场,2026-03-08 21:45,VltClsLE,1944.11,1,1936.75,-7.36,-0.38,11.69,0.60,-7.36,-0.38,2573.41,0.26
2617,空头进场,2026-03-08 21:00,VltClsSE,1936.75,1,1936.75,-7.36,-0.38,11.69,0.60,-7.36,-0.38,2573.41,0.26
2618,多头出场,2026-03-08 23:15,VltClsSE,1940.6,1,1944.11,-3.51,-0.18,6.47,0.33,-6.45,-0.33,2569.9,0.26
2618,多头进场,2026-03-08 21:45,VltClsLE,1944.11,1,1944.11,-3.51,-0.18,6.47,0.33,-6.45,-0.33,2569.9,0.26
2619,空头出场,2026-03-09 01:00,VltClsLE,1941.27,1,1940.6,-0.67,-0.03,6.26,0.32,-4.37,-0.23,2569.23,0.26
2619,空头进场,2026-03-08 23:15,VltClsSE,1940.6,1,1940.6,-0.67,-0.03,6.26,0.32,-4.37,-0.23,2569.23,0.26
2620,多头出场,2026-03-09 02:30,VltClsSE,1930.86,1,1941.27,-10.41,-0.54,5.38,0.28,-12.27,-0.63,2558.82,0.26
2620,多头进场,2026-03-09 01:00,VltClsLE,1941.27,1,1941.27,-10.41,-0.54,5.38,0.28,-12.27,-0.63,2558.82,0.26
2621,空头出场,2026-03-09 03:00,VltClsLE,1934.95,1,1930.86,-4.09,-0.21,2.78,0.14,-4.09,-0.21,2554.73,0.26
2621,空头进场,2026-03-09 02:30,VltClsSE,1930.86,1,1930.86,-4.09,-0.21,2.78,0.14,-4.09,-0.21,2554.73,0.26
2622,多头出场,2026-03-09 04:00,VltClsSE,1955.13,1,1934.95,20.18,1.04,35.63,1.84,0,0.00,2574.91,0.26
2622,多头进场,2026-03-09 03:00,VltClsLE,1934.95,1,1934.95,20.18,1.04,35.63,1.84,0,0.00,2574.91,0.26
2623,空头出场,2026-03-09 04:30,VltClsLE,1964.84,1,1955.13,-9.71,-0.50,1.32,0.07,-9.71,-0.50,2565.2,0.26
2623,空头进场,2026-03-09 04:00,VltClsSE,1955.13,1,1955.13,-9.71,-0.50,1.32,0.07,-9.71,-0.50,2565.2,0.26
2624,多头出场,2026-03-09 04:45,VltClsSE,1957.28,1,1964.84,-7.56,-0.38,7.11,0.36,-7.56,-0.38,2557.64,0.26
2624,多头进场,2026-03-09 04:30,VltClsLE,1964.84,1,1964.84,-7.56,-0.38,7.11,0.36,-7.56,-0.38,2557.64,0.26
2625,空头出场,2026-03-09 06:30,VltClsLE,1940.57,1,1957.28,16.71,0.85,41.14,2.10,-4.96,-0.25,2574.35,0.26
2625,空头进场,2026-03-09 04:45,VltClsSE,1957.28,1,1957.28,16.71,0.85,41.14,2.10,-4.96,-0.25,2574.35,0.26
2626,多头出场,2026-03-09 07:30,VltClsSE,1940.51,1,1940.57,-0.06,0.00,14.63,0.75,-2.62,-0.14,2574.29,0.26
2626,多头进场,2026-03-09 06:30,VltClsLE,1940.57,1,1940.57,-0.06,0.00,14.63,0.75,-2.62,-0.14,2574.29,0.26
2627,空头出场,2026-03-09 08:00,VltClsLE,1945.52,1,1940.51,-5.01,-0.26,4.93,0.25,-5.01,-0.26,2569.28,0.26
2627,空头进场,2026-03-09 07:30,VltClsSE,1940.51,1,1940.51,-5.01,-0.26,4.93,0.25,-5.01,-0.26,2569.28,0.26
2628,多头出场,2026-03-09 08:15,VltClsSE,1937.46,1,1945.52,-8.06,-0.41,6.47,0.33,-8.06,-0.41,2561.22,0.26
2628,多头进场,2026-03-09 08:00,VltClsLE,1945.52,1,1945.52,-8.06,-0.41,6.47,0.33,-8.06,-0.41,2561.22,0.26
2629,空头出场,2026-03-09 08:30,VltClsLE,1952.55,1,1937.46,-15.09,-0.78,7.81,0.40,-15.09,-0.78,2546.13,0.25
2629,空头进场,2026-03-09 08:15,VltClsSE,1937.46,1,1937.46,-15.09,-0.78,7.81,0.40,-15.09,-0.78,2546.13,0.25
2630,多头出场,2026-03-09 09:45,VltClsSE,1947.46,1,1952.55,-5.09,-0.26,13.59,0.70,-9.83,-0.50,2541.04,0.25
2630,多头进场,2026-03-09 08:30,VltClsLE,1952.55,1,1952.55,-5.09,-0.26,13.59,0.70,-9.83,-0.50,2541.04,0.25
2631,空头出场,2026-03-09 10:30,VltClsLE,1953.28,1,1947.46,-5.82,-0.30,9.13,0.47,-6.01,-0.31,2535.22,0.25
2631,空头进场,2026-03-09 09:45,VltClsSE,1947.46,1,1947.46,-5.82,-0.30,9.13,0.47,-6.01,-0.31,2535.22,0.25
2632,多头出场,2026-03-09 11:15,VltClsSE,1984.96,1,1953.28,31.68,1.62,52.73,2.70,0,0.00,2566.9,0.26
2632,多头进场,2026-03-09 10:30,VltClsLE,1953.28,1,1953.28,31.68,1.62,52.73,2.70,0,0.00,2566.9,0.26
2633,空头出场,2026-03-09 12:15,VltClsLE,1988.73,1,1984.96,-3.77,-0.19,12.16,0.61,-3.77,-0.19,2563.13,0.26
2633,空头进场,2026-03-09 11:15,VltClsSE,1984.96,1,1984.96,-3.77,-0.19,12.16,0.61,-3.77,-0.19,2563.13,0.26
2634,多头出场,2026-03-09 12:45,VltClsSE,1978.82,1,1988.73,-9.91,-0.50,0.83,0.04,-9.91,-0.50,2553.22,0.26
2634,多头进场,2026-03-09 12:15,VltClsLE,1988.73,1,1988.73,-9.91,-0.50,0.83,0.04,-9.91,-0.50,2553.22,0.26
2635,空头出场,2026-03-09 13:15,VltClsLE,1987.25,1,1978.82,-8.43,-0.43,2.43,0.12,-8.43,-0.43,2544.79,0.25
2635,空头进场,2026-03-09 12:45,VltClsSE,1978.82,1,1978.82,-8.43,-0.43,2.43,0.12,-8.43,-0.43,2544.79,0.25
2636,多头出场,2026-03-09 14:30,VltClsSE,1988.23,1,1987.25,0.98,0.05,27.01,1.36,-0.56,-0.03,2545.77,0.25
2636,多头进场,2026-03-09 13:15,VltClsLE,1987.25,1,1987.25,0.98,0.05,27.01,1.36,-0.56,-0.03,2545.77,0.25
2637,空头出场,2026-03-09 16:15,VltClsLE,1994.58,1,1988.23,-6.35,-0.32,24.78,1.25,-6.35,-0.32,2539.42,0.25
2637,空头进场,2026-03-09 14:30,VltClsSE,1988.23,1,1988.23,-6.35,-0.32,24.78,1.25,-6.35,-0.32,2539.42,0.25
2638,多头出场,2026-03-09 17:00,VltClsSE,1989.39,1,1994.58,-5.19,-0.26,5.42,0.27,-5.19,-0.26,2534.23,0.25
2638,多头进场,2026-03-09 16:15,VltClsLE,1994.58,1,1994.58,-5.19,-0.26,5.42,0.27,-5.19,-0.26,2534.23,0.25
2639,空头出场,2026-03-09 17:15,VltClsLE,2004.11,1,1989.39,-14.72,-0.74,2.62,0.13,-14.72,-0.74,2519.51,0.25
2639,空头进场,2026-03-09 17:00,VltClsSE,1989.39,1,1989.39,-14.72,-0.74,2.62,0.13,-14.72,-0.74,2519.51,0.25
2640,多头出场,2026-03-09 17:45,VltClsSE,2006.7,1,2004.11,2.59,0.13,17.89,0.89,-4.72,-0.24,2522.1,0.25
2640,多头进场,2026-03-09 17:15,VltClsLE,2004.11,1,2004.11,2.59,0.13,17.89,0.89,-4.72,-0.24,2522.1,0.25
2641,空头出场,2026-03-09 19:30,VltClsLE,1990.73,1,2006.7,15.97,0.80,25.77,1.28,-0.35,-0.02,2538.07,0.25
2641,空头进场,2026-03-09 17:45,VltClsSE,2006.7,1,2006.7,15.97,0.80,25.77,1.28,-0.35,-0.02,2538.07,0.25
2642,多头出场,2026-03-09 21:15,VltClsSE,2002.53,1,1990.73,11.8,0.59,23.01,1.16,-2.56,-0.13,2549.87,0.25
2642,多头进场,2026-03-09 19:30,VltClsLE,1990.73,1,1990.73,11.8,0.59,23.01,1.16,-2.56,-0.13,2549.87,0.25
2643,空头出场,2026-03-09 21:30,VltClsLE,2026.95,1,2002.53,-24.42,-1.22,1.4,0.07,-24.42,-1.22,2525.45,0.25
2643,空头进场,2026-03-09 21:15,VltClsSE,2002.53,1,2002.53,-24.42,-1.22,1.4,0.07,-24.42,-1.22,2525.45,0.25
2644,多头出场,2026-03-09 21:45,VltClsSE,2017.88,1,2026.95,-9.07,-0.45,3.05,0.15,-9.07,-0.45,2516.38,0.25
2644,多头进场,2026-03-09 21:30,VltClsLE,2026.95,1,2026.95,-9.07,-0.45,3.05,0.15,-9.07,-0.45,2516.38,0.25
2645,空头出场,2026-03-09 22:15,VltClsLE,2026.94,1,2017.88,-9.06,-0.45,10.06,0.50,-9.06,-0.45,2507.32,0.25
2645,空头进场,2026-03-09 21:45,VltClsSE,2017.88,1,2017.88,-9.06,-0.45,10.06,0.50,-9.06,-0.45,2507.32,0.25
2646,多头出场,2026-03-09 23:30,VltClsSE,2016.36,1,2026.94,-10.58,-0.52,5.9,0.29,-11.94,-0.59,2496.74,0.25
2646,多头进场,2026-03-09 22:15,VltClsLE,2026.94,1,2026.94,-10.58,-0.52,5.9,0.29,-11.94,-0.59,2496.74,0.25
2647,空头出场,2026-03-10 00:00,VltClsLE,2030.54,1,2016.36,-14.18,-0.70,2.39,0.12,-14.18,-0.70,2482.56,0.25
2647,空头进场,2026-03-09 23:30,VltClsSE,2016.36,1,2016.36,-14.18,-0.70,2.39,0.12,-14.18,-0.70,2482.56,0.25
2648,多头出场,2026-03-10 00:30,VltClsSE,2020.68,1,2030.54,-9.86,-0.49,1.65,0.08,-11.36,-0.56,2472.7,0.25
2648,多头进场,2026-03-10 00:00,VltClsLE,2030.54,1,2030.54,-9.86,-0.49,1.65,0.08,-11.36,-0.56,2472.7,0.25
2649,空头出场,2026-03-10 00:45,VltClsLE,2037.45,1,2020.68,-16.77,-0.83,1.75,0.09,-16.77,-0.83,2455.93,0.25
2649,空头进场,2026-03-10 00:30,VltClsSE,2020.68,1,2020.68,-16.77,-0.83,1.75,0.09,-16.77,-0.83,2455.93,0.25
2650,多头出场,2026-03-10 01:15,VltClsSE,2020.89,1,2037.45,-16.56,-0.81,1.84,0.09,-16.56,-0.81,2439.37,0.24
2650,多头进场,2026-03-10 00:45,VltClsLE,2037.45,1,2037.45,-16.56,-0.81,1.84,0.09,-16.56,-0.81,2439.37,0.24
2651,空头出场,2026-03-10 01:45,VltClsLE,2020.23,1,2020.89,0.66,0.03,15.13,0.75,-2.48,-0.12,2440.03,0.24
2651,空头进场,2026-03-10 01:15,VltClsSE,2020.89,1,2020.89,0.66,0.03,15.13,0.75,-2.48,-0.12,2440.03,0.24
2652,多头出场,2026-03-10 02:00,VltClsSE,2007.49,1,2020.23,-12.74,-0.63,0.59,0.03,-12.74,-0.63,2427.29,0.24
2652,多头进场,2026-03-10 01:45,VltClsLE,2020.23,1,2020.23,-12.74,-0.63,0.59,0.03,-12.74,-0.63,2427.29,0.24
2653,空头出场,2026-03-10 02:15,VltClsLE,2021.52,1,2007.49,-14.03,-0.70,1.34,0.07,-14.03,-0.70,2413.26,0.24
2653,空头进场,2026-03-10 02:00,VltClsSE,2007.49,1,2007.49,-14.03,-0.70,1.34,0.07,-14.03,-0.70,2413.26,0.24
2654,多头出场,2026-03-10 03:30,VltClsSE,2039.19,1,2021.52,17.67,0.87,32,1.58,-11.52,-0.57,2430.93,0.24
2654,多头进场,2026-03-10 02:15,VltClsLE,2021.52,1,2021.52,17.67,0.87,32,1.58,-11.52,-0.57,2430.93,0.24
2655,空头出场,2026-03-10 05:00,VltClsLE,2031.79,1,2039.19,7.4,0.36,20.42,1.00,0,0.00,2438.33,0.24
2655,空头进场,2026-03-10 03:30,VltClsSE,2039.19,1,2039.19,7.4,0.36,20.42,1.00,0,0.00,2438.33,0.24
2656,多头出场,2026-03-10 05:30,VltClsSE,2022.62,1,2031.79,-9.17,-0.45,3.6,0.18,-9.17,-0.45,2429.16,0.24
2656,多头进场,2026-03-10 05:00,VltClsLE,2031.79,1,2031.79,-9.17,-0.45,3.6,0.18,-9.17,-0.45,2429.16,0.24
2657,空头出场,2026-03-10 08:15,VltClsLE,2000,1,2022.62,22.62,1.12,33.5,1.66,-8.7,-0.43,2451.78,0.25
2657,空头进场,2026-03-10 05:30,VltClsSE,2022.62,1,2022.62,22.62,1.12,33.5,1.66,-8.7,-0.43,2451.78,0.25
2658,多头出场,2026-03-10 09:15,VltClsSE,2010.2,1,2000,10.2,0.51,22.5,1.13,0,0.00,2461.98,0.25
2658,多头进场,2026-03-10 08:15,VltClsLE,2000,1,2000,10.2,0.51,22.5,1.13,0,0.00,2461.98,0.25
2659,空头出场,2026-03-10 09:45,VltClsLE,2017.9,1,2010.2,-7.7,-0.38,3.97,0.20,-7.7,-0.38,2454.28,0.25
2659,空头进场,2026-03-10 09:15,VltClsSE,2010.2,1,2010.2,-7.7,-0.38,3.97,0.20,-7.7,-0.38,2454.28,0.25
2660,多头出场,2026-03-10 11:45,VltClsSE,2023.77,1,2017.9,5.87,0.29,36.29,1.80,-3.89,-0.19,2460.15,0.25
2660,多头进场,2026-03-10 09:45,VltClsLE,2017.9,1,2017.9,5.87,0.29,36.29,1.80,-3.89,-0.19,2460.15,0.25
2661,空头出场,2026-03-10 12:00,VltClsLE,2034.04,1,2023.77,-10.27,-0.51,1.14,0.06,-10.27,-0.51,2449.88,0.24
2661,空头进场,2026-03-10 11:45,VltClsSE,2023.77,1,2023.77,-10.27,-0.51,1.14,0.06,-10.27,-0.51,2449.88,0.24
2662,多头出场,2026-03-10 16:45,VltClsSE,2060.02,1,2034.04,25.98,1.28,36.46,1.79,-2.08,-0.10,2475.86,0.25
2662,多头进场,2026-03-10 12:00,VltClsLE,2034.04,1,2034.04,25.98,1.28,36.46,1.79,-2.08,-0.10,2475.86,0.25
2663,空头出场,2026-03-10 17:15,VltClsLE,2067.84,1,2060.02,-7.82,-0.38,4.3,0.21,-7.82,-0.38,2468.04,0.25
2663,空头进场,2026-03-10 16:45,VltClsSE,2060.02,1,2060.02,-7.82,-0.38,4.3,0.21,-7.82,-0.38,2468.04,0.25
2664,多头出场,2026-03-10 18:00,VltClsSE,2061.85,1,2067.84,-5.99,-0.29,6.16,0.30,-5.99,-0.29,2462.05,0.25
2664,多头进场,2026-03-10 17:15,VltClsLE,2067.84,1,2067.84,-5.99,-0.29,6.16,0.30,-5.99,-0.29,2462.05,0.25
2665,空头出场,2026-03-10 18:45,VltClsLE,2062.61,1,2061.85,-0.76,-0.04,6.29,0.31,-4.01,-0.19,2461.29,0.25
2665,空头进场,2026-03-10 18:00,VltClsSE,2061.85,1,2061.85,-0.76,-0.04,6.29,0.31,-4.01,-0.19,2461.29,0.25
2666,多头出场,2026-03-10 19:15,VltClsSE,2051.86,1,2062.61,-10.75,-0.52,5.17,0.25,-10.75,-0.52,2450.54,0.25
2666,多头进场,2026-03-10 18:45,VltClsLE,2062.61,1,2062.61,-10.75,-0.52,5.17,0.25,-10.75,-0.52,2450.54,0.25
2667,空头出场,2026-03-10 21:00,VltClsLE,2055,1,2051.86,-3.14,-0.15,4.5,0.22,-13.95,-0.68,2447.4,0.24
2667,空头进场,2026-03-10 19:15,VltClsSE,2051.86,1,2051.86,-3.14,-0.15,4.5,0.22,-13.95,-0.68,2447.4,0.24
2668,多头出场,2026-03-10 21:30,VltClsSE,2049.06,1,2055,-5.94,-0.29,5.27,0.26,-5.94,-0.29,2441.46,0.24
2668,多头进场,2026-03-10 21:00,VltClsLE,2055,1,2055,-5.94,-0.29,5.27,0.26,-5.94,-0.29,2441.46,0.24
2669,空头出场,2026-03-10 21:45,VltClsLE,2040.21,1,2049.06,8.85,0.43,25.02,1.22,0,0.00,2450.31,0.25
2669,空头进场,2026-03-10 21:30,VltClsSE,2049.06,1,2049.06,8.85,0.43,25.02,1.22,0,0.00,2450.31,0.25
2670,多头出场,2026-03-10 22:00,VltClsSE,2023.01,1,2040.21,-17.2,-0.84,4.15,0.20,-17.2,-0.84,2433.11,0.24
2670,多头进场,2026-03-10 21:45,VltClsLE,2040.21,1,2040.21,-17.2,-0.84,4.15,0.20,-17.2,-0.84,2433.11,0.24
2671,空头出场,2026-03-10 22:30,VltClsLE,2039.79,1,2023.01,-16.78,-0.83,14.36,0.71,-16.78,-0.83,2416.33,0.24
2671,空头进场,2026-03-10 22:00,VltClsSE,2023.01,1,2023.01,-16.78,-0.83,14.36,0.71,-16.78,-0.83,2416.33,0.24
2672,多头出场,2026-03-11 01:30,VltClsSE,2064.59,1,2039.79,24.8,1.22,48.4,2.37,0,0.00,2441.13,0.24
2672,多头进场,2026-03-10 22:30,VltClsLE,2039.79,1,2039.79,24.8,1.22,48.4,2.37,0,0.00,2441.13,0.24
2673,空头出场,2026-03-11 01:45,VltClsLE,2074.13,1,2064.59,-9.54,-0.46,6.26,0.30,-9.54,-0.46,2431.59,0.24
2673,空头进场,2026-03-11 01:30,VltClsSE,2064.59,1,2064.59,-9.54,-0.46,6.26,0.30,-9.54,-0.46,2431.59,0.24
2674,多头出场,2026-03-11 02:00,VltClsSE,2062.01,1,2074.13,-12.12,-0.58,3.12,0.15,-12.12,-0.58,2419.47,0.24
2674,多头进场,2026-03-11 01:45,VltClsLE,2074.13,1,2074.13,-12.12,-0.58,3.12,0.15,-12.12,-0.58,2419.47,0.24
2675,空头出场,2026-03-11 05:00,VltClsLE,2046.87,1,2062.01,15.14,0.73,34.85,1.69,0,0.00,2434.61,0.24
2675,空头进场,2026-03-11 02:00,VltClsSE,2062.01,1,2062.01,15.14,0.73,34.85,1.69,0,0.00,2434.61,0.24
2676,多头出场,2026-03-11 05:30,VltClsSE,2035.21,1,2046.87,-11.66,-0.57,1.44,0.07,-11.66,-0.57,2422.95,0.24
2676,多头进场,2026-03-11 05:00,VltClsLE,2046.87,1,2046.87,-11.66,-0.57,1.44,0.07,-11.66,-0.57,2422.95,0.24
2677,空头出场,2026-03-11 07:00,VltClsLE,2034.77,1,2035.21,0.44,0.02,17.21,0.85,0,0.00,2423.39,0.24
2677,空头进场,2026-03-11 05:30,VltClsSE,2035.21,1,2035.21,0.44,0.02,17.21,0.85,0,0.00,2423.39,0.24
2678,多头出场,2026-03-11 08:00,VltClsSE,2032.39,1,2034.77,-2.38,-0.12,5.02,0.25,-4.77,-0.23,2421.01,0.24
2678,多头进场,2026-03-11 07:00,VltClsLE,2034.77,1,2034.77,-2.38,-0.12,5.02,0.25,-4.77,-0.23,2421.01,0.24
2679,空头出场,2026-03-11 08:45,VltClsLE,2034.89,1,2032.39,-2.5,-0.12,3.58,0.18,-7.96,-0.39,2418.51,0.24
2679,空头进场,2026-03-11 08:00,VltClsSE,2032.39,1,2032.39,-2.5,-0.12,3.58,0.18,-7.96,-0.39,2418.51,0.24
2680,多头出场,2026-03-11 09:30,VltClsSE,2030.07,1,2034.89,-4.82,-0.24,6.82,0.34,-4.82,-0.24,2413.69,0.24
2680,多头进场,2026-03-11 08:45,VltClsLE,2034.89,1,2034.89,-4.82,-0.24,6.82,0.34,-4.82,-0.24,2413.69,0.24
2681,空头出场,2026-03-11 12:15,VltClsLE,2027.73,1,2030.07,2.34,0.12,11.94,0.59,-8.98,-0.44,2416.03,0.24
2681,空头进场,2026-03-11 09:30,VltClsSE,2030.07,1,2030.07,2.34,0.12,11.94,0.59,-8.98,-0.44,2416.03,0.24
2682,多头出场,2026-03-11 13:30,VltClsSE,2027.04,1,2027.73,-0.69,-0.03,13.76,0.68,-0.69,-0.03,2415.34,0.24
2682,多头进场,2026-03-11 12:15,VltClsLE,2027.73,1,2027.73,-0.69,-0.03,13.76,0.68,-0.69,-0.03,2415.34,0.24
2683,空头出场,2026-03-11 16:30,VltClsLE,2015.53,1,2027.04,11.51,0.57,19.87,0.98,0,0.00,2426.85,0.24
2683,空头进场,2026-03-11 13:30,VltClsSE,2027.04,1,2027.04,11.51,0.57,19.87,0.98,0,0.00,2426.85,0.24
2684,多头出场,2026-03-11 17:00,VltClsSE,2018.19,1,2015.53,2.66,0.13,10.19,0.51,0,0.00,2429.51,0.24
2684,多头进场,2026-03-11 16:30,VltClsLE,2015.53,1,2015.53,2.66,0.13,10.19,0.51,0,0.00,2429.51,0.24
2685,空头出场,2026-03-11 17:45,VltClsLE,2026.97,1,2018.19,-8.78,-0.44,3.68,0.18,-8.78,-0.44,2420.73,0.24
2685,空头进场,2026-03-11 17:00,VltClsSE,2018.19,1,2018.19,-8.78,-0.44,3.68,0.18,-8.78,-0.44,2420.73,0.24
2686,多头出场,2026-03-11 19:15,VltClsSE,2027.93,1,2026.97,0.96,0.05,6.99,0.34,-9.73,-0.48,2421.69,0.24
2686,多头进场,2026-03-11 17:45,VltClsLE,2026.97,1,2026.97,0.96,0.05,6.99,0.34,-9.73,-0.48,2421.69,0.24
2687,空头出场,2026-03-11 20:15,VltClsLE,2026.52,1,2027.93,1.41,0.07,15.12,0.75,0,0.00,2423.1,0.24
2687,空头进场,2026-03-11 19:15,VltClsSE,2027.93,1,2027.93,1.41,0.07,15.12,0.75,0,0.00,2423.1,0.24
2688,多头出场,2026-03-11 20:30,VltClsSE,2019.6,1,2026.52,-6.92,-0.34,0.29,0.01,-6.92,-0.34,2416.18,0.24
2688,多头进场,2026-03-11 20:15,VltClsLE,2026.52,1,2026.52,-6.92,-0.34,0.29,0.01,-6.92,-0.34,2416.18,0.24
2689,空头出场,2026-03-11 21:00,VltClsLE,2030.34,1,2019.6,-10.74,-0.53,0.18,0.01,-15.9,-0.79,2405.44,0.24
2689,空头进场,2026-03-11 20:30,VltClsSE,2019.6,1,2019.6,-10.74,-0.53,0.18,0.01,-15.9,-0.79,2405.44,0.24
2690,多头出场,2026-03-11 21:45,VltClsSE,2049.39,1,2030.34,19.05,0.94,52.32,2.58,0,0.00,2424.49,0.24
2690,多头进场,2026-03-11 21:00,VltClsLE,2030.34,1,2030.34,19.05,0.94,52.32,2.58,0,0.00,2424.49,0.24
2691,空头出场,2026-03-12 00:30,VltClsLE,2066.68,1,2049.39,-17.29,-0.84,19.36,0.94,-28.2,-1.38,2407.2,0.24
2691,空头进场,2026-03-11 21:45,VltClsSE,2049.39,1,2049.39,-17.29,-0.84,19.36,0.94,-28.2,-1.38,2407.2,0.24
2692,多头出场,2026-03-12 01:30,VltClsSE,2073.26,1,2066.68,6.58,0.32,18.9,0.91,-2.84,-0.14,2413.78,0.24
2692,多头进场,2026-03-12 00:30,VltClsLE,2066.68,1,2066.68,6.58,0.32,18.9,0.91,-2.84,-0.14,2413.78,0.24
2693,空头出场,2026-03-12 02:45,VltClsLE,2079.02,1,2073.26,-5.76,-0.28,15.57,0.75,-5.76,-0.28,2408.02,0.24
2693,空头进场,2026-03-12 01:30,VltClsSE,2073.26,1,2073.26,-5.76,-0.28,15.57,0.75,-5.76,-0.28,2408.02,0.24
2694,多头出场,2026-03-12 04:00,VltClsSE,2070.17,1,2079.02,-8.85,-0.43,0.64,0.03,-10.44,-0.50,2399.17,0.24
2694,多头进场,2026-03-12 02:45,VltClsLE,2079.02,1,2079.02,-8.85,-0.43,0.64,0.03,-10.44,-0.50,2399.17,0.24
2695,空头出场,2026-03-12 05:30,VltClsLE,2069.86,1,2070.17,0.31,0.01,6.71,0.32,-1.72,-0.08,2399.48,0.24
2695,空头进场,2026-03-12 04:00,VltClsSE,2070.17,1,2070.17,0.31,0.01,6.71,0.32,-1.72,-0.08,2399.48,0.24
2696,多头出场,2026-03-12 06:15,VltClsSE,2074.08,1,2069.86,4.22,0.20,14.67,0.71,-2.79,-0.13,2403.7,0.24
2696,多头进场,2026-03-12 05:30,VltClsLE,2069.86,1,2069.86,4.22,0.20,14.67,0.71,-2.79,-0.13,2403.7,0.24
2697,空头出场,2026-03-12 08:15,VltClsLE,2057.47,1,2074.08,16.61,0.80,28.88,1.39,0,0.00,2420.31,0.24
2697,空头进场,2026-03-12 06:15,VltClsSE,2074.08,1,2074.08,16.61,0.80,28.88,1.39,0,0.00,2420.31,0.24
2698,多头出场,2026-03-12 09:00,VltClsSE,2050.14,1,2057.47,-7.33,-0.36,0.69,0.03,-7.33,-0.36,2412.98,0.24
2698,多头进场,2026-03-12 08:15,VltClsLE,2057.47,1,2057.47,-7.33,-0.36,0.69,0.03,-7.33,-0.36,2412.98,0.24
2699,空头出场,2026-03-12 13:30,VltClsLE,2024.58,1,2050.14,25.56,1.25,32.55,1.59,-3.03,-0.15,2438.54,0.24
2699,空头进场,2026-03-12 09:00,VltClsSE,2050.14,1,2050.14,25.56,1.25,32.55,1.59,-3.03,-0.15,2438.54,0.24
2700,多头出场,2026-03-12 14:30,VltClsSE,2026.96,1,2024.58,2.38,0.12,7.22,0.36,-1.06,-0.05,2440.92,0.24
2700,多头进场,2026-03-12 13:30,VltClsLE,2024.58,1,2024.58,2.38,0.12,7.22,0.36,-1.06,-0.05,2440.92,0.24
2701,空头出场,2026-03-12 15:15,VltClsLE,2031.89,1,2026.96,-4.93,-0.24,1.3,0.06,-4.93,-0.24,2435.99,0.24
2701,空头进场,2026-03-12 14:30,VltClsSE,2026.96,1,2026.96,-4.93,-0.24,1.3,0.06,-4.93,-0.24,2435.99,0.24
2702,多头出场,2026-03-12 17:00,VltClsSE,2042.12,1,2031.89,10.23,0.50,20.7,1.02,0,0.00,2446.22,0.24
2702,多头进场,2026-03-12 15:15,VltClsLE,2031.89,1,2031.89,10.23,0.50,20.7,1.02,0,0.00,2446.22,0.24
2703,空头出场,2026-03-12 17:30,VltClsLE,2046.83,1,2042.12,-4.71,-0.23,3.63,0.18,-4.71,-0.23,2441.51,0.24
2703,空头进场,2026-03-12 17:00,VltClsSE,2042.12,1,2042.12,-4.71,-0.23,3.63,0.18,-4.71,-0.23,2441.51,0.24
2704,多头出场,2026-03-12 17:45,VltClsSE,2054.26,1,2046.83,7.43,0.36,18.78,0.92,0,0.00,2448.94,0.24
2704,多头进场,2026-03-12 17:30,VltClsLE,2046.83,1,2046.83,7.43,0.36,18.78,0.92,0,0.00,2448.94,0.24
2705,空头出场,2026-03-12 18:30,VltClsLE,2071.95,1,2054.26,-17.69,-0.86,4.99,0.24,-17.69,-0.86,2431.25,0.24
2705,空头进场,2026-03-12 17:45,VltClsSE,2054.26,1,2054.26,-17.69,-0.86,4.99,0.24,-17.69,-0.86,2431.25,0.24
2706,多头出场,2026-03-12 19:45,VltClsSE,2068.21,1,2071.95,-3.74,-0.18,4.7,0.23,-5.55,-0.27,2427.51,0.24
2706,多头进场,2026-03-12 18:30,VltClsLE,2071.95,1,2071.95,-3.74,-0.18,4.7,0.23,-5.55,-0.27,2427.51,0.24
2707,空头出场,2026-03-12 21:30,VltClsLE,2063.42,1,2068.21,4.79,0.23,16.77,0.81,-2.87,-0.14,2432.3,0.24
2707,空头进场,2026-03-12 19:45,VltClsSE,2068.21,1,2068.21,4.79,0.23,16.77,0.81,-2.87,-0.14,2432.3,0.24
2708,多头出场,2026-03-12 21:45,VltClsSE,2058.63,1,2063.42,-4.79,-0.23,16.58,0.80,-4.79,-0.23,2427.51,0.24
2708,多头进场,2026-03-12 21:30,VltClsLE,2063.42,1,2063.42,-4.79,-0.23,16.58,0.80,-4.79,-0.23,2427.51,0.24
2709,空头出场,2026-03-12 22:00,VltClsLE,2076.43,1,2058.63,-17.8,-0.86,3.03,0.15,-17.8,-0.86,2409.71,0.24
2709,空头进场,2026-03-12 21:45,VltClsSE,2058.63,1,2058.63,-17.8,-0.86,3.03,0.15,-17.8,-0.86,2409.71,0.24
2710,多头出场,2026-03-12 22:15,VltClsSE,2067.76,1,2076.43,-8.67,-0.42,18.57,0.89,-8.67,-0.42,2401.04,0.24
2710,多头进场,2026-03-12 22:00,VltClsLE,2076.43,1,2076.43,-8.67,-0.42,18.57,0.89,-8.67,-0.42,2401.04,0.24
2711,空头出场,2026-03-12 23:15,VltClsLE,2064.99,1,2067.76,2.77,0.13,29.97,1.45,0,0.00,2403.81,0.24
2711,空头进场,2026-03-12 22:15,VltClsSE,2067.76,1,2067.76,2.77,0.13,29.97,1.45,0,0.00,2403.81,0.24
2712,多头出场,2026-03-13 00:00,VltClsSE,2060.46,1,2064.99,-4.53,-0.22,17.01,0.82,-4.53,-0.22,2399.28,0.24
2712,多头进场,2026-03-12 23:15,VltClsLE,2064.99,1,2064.99,-4.53,-0.22,17.01,0.82,-4.53,-0.22,2399.28,0.24
2713,空头出场,2026-03-13 00:15,VltClsLE,2077.5,1,2060.46,-17.04,-0.83,4.13,0.20,-17.04,-0.83,2382.24,0.24
2713,空头进场,2026-03-13 00:00,VltClsSE,2060.46,1,2060.46,-17.04,-0.83,4.13,0.20,-17.04,-0.83,2382.24,0.24
2714,多头出场,2026-03-13 01:15,VltClsSE,2059.78,1,2077.5,-17.72,-0.85,0.59,0.03,-17.72,-0.85,2364.52,0.24
2714,多头进场,2026-03-13 00:15,VltClsLE,2077.5,1,2077.5,-17.72,-0.85,0.59,0.03,-17.72,-0.85,2364.52,0.24
2715,空头出场,2026-03-13 03:15,VltClsLE,2056.36,1,2059.78,3.42,0.17,14.36,0.70,-7.96,-0.39,2367.94,0.24
2715,空头进场,2026-03-13 01:15,VltClsSE,2059.78,1,2059.78,3.42,0.17,14.36,0.70,-7.96,-0.39,2367.94,0.24
2716,多头出场,2026-03-13 04:30,VltClsSE,2060.81,1,2056.36,4.45,0.22,17.45,0.85,0,0.00,2372.39,0.24
2716,多头进场,2026-03-13 03:15,VltClsLE,2056.36,1,2056.36,4.45,0.22,17.45,0.85,0,0.00,2372.39,0.24
2717,空头出场,2026-03-13 05:00,VltClsLE,2067.18,1,2060.81,-6.37,-0.31,0.46,0.02,-6.37,-0.31,2366.02,0.24
2717,空头进场,2026-03-13 04:30,VltClsSE,2060.81,1,2060.81,-6.37,-0.31,0.46,0.02,-6.37,-0.31,2366.02,0.24
2718,多头出场,2026-03-13 05:15,VltClsSE,2061.6,1,2067.18,-5.58,-0.27,2.01,0.10,-5.58,-0.27,2360.44,0.24
2718,多头进场,2026-03-13 05:00,VltClsLE,2067.18,1,2067.18,-5.58,-0.27,2.01,0.10,-5.58,-0.27,2360.44,0.24
2719,空头出场,2026-03-13 05:45,VltClsLE,2064.75,1,2061.6,-3.15,-0.15,4.32,0.21,-3.15,-0.15,2357.29,0.24
2719,空头进场,2026-03-13 05:15,VltClsSE,2061.6,1,2061.6,-3.15,-0.15,4.32,0.21,-3.15,-0.15,2357.29,0.24
2720,多头出场,2026-03-13 06:30,VltClsSE,2060.1,1,2064.75,-4.65,-0.23,2.79,0.14,-4.65,-0.23,2352.64,0.24
2720,多头进场,2026-03-13 05:45,VltClsLE,2064.75,1,2064.75,-4.65,-0.23,2.79,0.14,-4.65,-0.23,2352.64,0.24
2721,空头出场,2026-03-13 06:45,VltClsLE,2064.61,1,2060.1,-4.51,-0.22,5.11,0.25,-4.51,-0.22,2348.13,0.23
2721,空头进场,2026-03-13 06:30,VltClsSE,2060.1,1,2060.1,-4.51,-0.22,5.11,0.25,-4.51,-0.22,2348.13,0.23
2722,多头出场,2026-03-13 07:45,VltClsSE,2073.37,1,2064.61,8.76,0.42,28.84,1.40,0,0.00,2356.89,0.24
2722,多头进场,2026-03-13 06:45,VltClsLE,2064.61,1,2064.61,8.76,0.42,28.84,1.40,0,0.00,2356.89,0.24
2723,空头出场,2026-03-13 08:00,VltClsLE,2082.52,1,2073.37,-9.15,-0.44,3.25,0.16,-9.15,-0.44,2347.74,0.23
2723,空头进场,2026-03-13 07:45,VltClsSE,2073.37,1,2073.37,-9.15,-0.44,3.25,0.16,-9.15,-0.44,2347.74,0.23
2724,多头出场,2026-03-13 08:45,VltClsSE,2109.99,1,2082.52,27.47,1.32,66.28,3.18,0,0.00,2375.21,0.24
2724,多头进场,2026-03-13 08:00,VltClsLE,2082.52,1,2082.52,27.47,1.32,66.28,3.18,0,0.00,2375.21,0.24
2725,空头出场,2026-03-13 11:15,VltClsLE,2113.17,1,2109.99,-3.18,-0.15,7.57,0.36,-20.41,-0.97,2372.03,0.24
2725,空头进场,2026-03-13 08:45,VltClsSE,2109.99,1,2109.99,-3.18,-0.15,7.57,0.36,-20.41,-0.97,2372.03,0.24
2726,多头出场,2026-03-13 13:00,VltClsSE,2106.47,1,2113.17,-6.7,-0.32,10.41,0.49,-10.97,-0.52,2365.33,0.24
2726,多头进场,2026-03-13 11:15,VltClsLE,2113.17,1,2113.17,-6.7,-0.32,10.41,0.49,-10.97,-0.52,2365.33,0.24
2727,空头出场,2026-03-13 13:15,VltClsLE,2109.28,1,2106.47,-2.81,-0.13,2.93,0.14,-2.81,-0.13,2362.52,0.24
2727,空头进场,2026-03-13 13:00,VltClsSE,2106.47,1,2106.47,-2.81,-0.13,2.93,0.14,-2.81,-0.13,2362.52,0.24
2728,多头出场,2026-03-13 14:15,VltClsSE,2104.42,1,2109.28,-4.86,-0.23,5.96,0.28,-4.86,-0.23,2357.66,0.24
2728,多头进场,2026-03-13 13:15,VltClsLE,2109.28,1,2109.28,-4.86,-0.23,5.96,0.28,-4.86,-0.23,2357.66,0.24
2729,空头出场,2026-03-13 16:30,VltClsLE,2104.17,1,2104.42,0.25,0.01,14.42,0.69,-0.45,-0.02,2357.91,0.24
2729,空头进场,2026-03-13 14:15,VltClsSE,2104.42,1,2104.42,0.25,0.01,14.42,0.69,-0.45,-0.02,2357.91,0.24
2730,多头出场,2026-03-13 16:45,VltClsSE,2101.92,1,2104.17,-2.25,-0.11,12.83,0.61,-2.25,-0.11,2355.66,0.24
2730,多头进场,2026-03-13 16:30,VltClsLE,2104.17,1,2104.17,-2.25,-0.11,12.83,0.61,-2.25,-0.11,2355.66,0.24
2731,空头出场,2026-03-13 17:45,VltClsLE,2116.51,1,2101.92,-14.59,-0.69,5.88,0.28,-14.59,-0.69,2341.07,0.23
2731,空头进场,2026-03-13 16:45,VltClsSE,2101.92,1,2101.92,-14.59,-0.69,5.88,0.28,-14.59,-0.69,2341.07,0.23
2732,多头出场,2026-03-13 20:15,VltClsSE,2127.12,1,2116.51,10.61,0.50,21.62,1.02,-3.68,-0.17,2351.68,0.24
2732,多头进场,2026-03-13 17:45,VltClsLE,2116.51,1,2116.51,10.61,0.50,21.62,1.02,-3.68,-0.17,2351.68,0.24
2733,空头出场,2026-03-13 20:45,VltClsLE,2135.96,1,2127.12,-8.84,-0.42,0.18,0.01,-8.84,-0.42,2342.84,0.23
2733,空头进场,2026-03-13 20:15,VltClsSE,2127.12,1,2127.12,-8.84,-0.42,0.18,0.01,-8.84,-0.42,2342.84,0.23
2734,多头出场,2026-03-13 22:30,VltClsSE,2179.48,1,2135.96,43.52,2.04,73.07,3.42,0,0.00,2386.36,0.24
2734,多头进场,2026-03-13 20:45,VltClsLE,2135.96,1,2135.96,43.52,2.04,73.07,3.42,0,0.00,2386.36,0.24
2735,空头出场,2026-03-14 00:30,VltClsLE,2133.46,1,2179.48,46.02,2.11,68.12,3.13,0,0.00,2432.38,0.24
2735,空头进场,2026-03-13 22:30,VltClsSE,2179.48,1,2179.48,46.02,2.11,68.12,3.13,0,0.00,2432.38,0.24
2736,多头出场,2026-03-14 01:15,VltClsSE,2127.99,1,2133.46,-5.47,-0.26,9.87,0.46,-5.47,-0.26,2426.91,0.24
2736,多头进场,2026-03-14 00:30,VltClsLE,2133.46,1,2133.46,-5.47,-0.26,9.87,0.46,-5.47,-0.26,2426.91,0.24
2737,空头出场,2026-03-14 04:00,VltClsLE,2107.53,1,2127.99,20.46,0.96,37.71,1.77,0,0.00,2447.37,0.24
2737,空头进场,2026-03-14 01:15,VltClsSE,2127.99,1,2127.99,20.46,0.96,37.71,1.77,0,0.00,2447.37,0.24
2738,多头出场,2026-03-14 05:15,VltClsSE,2108.91,1,2107.53,1.38,0.07,9.13,0.43,0,0.00,2448.75,0.24
2738,多头进场,2026-03-14 04:00,VltClsLE,2107.53,1,2107.53,1.38,0.07,9.13,0.43,0,0.00,2448.75,0.24
2739,空头出场,2026-03-14 05:45,VltClsLE,2108.13,1,2108.91,0.78,0.04,7.44,0.35,-0.32,-0.02,2449.53,0.24
2739,空头进场,2026-03-14 05:15,VltClsSE,2108.91,1,2108.91,0.78,0.04,7.44,0.35,-0.32,-0.02,2449.53,0.24
2740,多头出场,2026-03-14 06:00,VltClsSE,2098.11,1,2108.13,-10.02,-0.48,0.61,0.03,-10.02,-0.48,2439.51,0.24
2740,多头进场,2026-03-14 05:45,VltClsLE,2108.13,1,2108.13,-10.02,-0.48,0.61,0.03,-10.02,-0.48,2439.51,0.24
2741,空头出场,2026-03-14 09:15,VltClsLE,2092.66,1,2098.11,5.45,0.26,19.61,0.93,0,0.00,2444.96,0.24
2741,空头进场,2026-03-14 06:00,VltClsSE,2098.11,1,2098.11,5.45,0.26,19.61,0.93,0,0.00,2444.96,0.24
2742,多头出场,2026-03-14 09:30,VltClsSE,2087.54,1,2092.66,-5.12,-0.24,1.25,0.06,-5.12,-0.24,2439.84,0.24
2742,多头进场,2026-03-14 09:15,VltClsLE,2092.66,1,2092.66,-5.12,-0.24,1.25,0.06,-5.12,-0.24,2439.84,0.24
2743,空头出场,2026-03-14 11:00,VltClsLE,2096.01,1,2087.54,-8.47,-0.41,6.15,0.29,-8.47,-0.41,2431.37,0.24
2743,空头进场,2026-03-14 09:30,VltClsSE,2087.54,1,2087.54,-8.47,-0.41,6.15,0.29,-8.47,-0.41,2431.37,0.24
2744,多头出场,2026-03-14 12:45,VltClsSE,2100.96,1,2096.01,4.95,0.24,10.08,0.48,0,0.00,2436.32,0.24
2744,多头进场,2026-03-14 11:00,VltClsLE,2096.01,1,2096.01,4.95,0.24,10.08,0.48,0,0.00,2436.32,0.24
2745,空头出场,2026-03-14 16:00,VltClsLE,2080.48,1,2100.96,20.48,0.97,32.68,1.56,0,0.00,2456.8,0.25
2745,空头进场,2026-03-14 12:45,VltClsSE,2100.96,1,2100.96,20.48,0.97,32.68,1.56,0,0.00,2456.8,0.25
2746,多头出场,2026-03-14 16:15,VltClsSE,2077.67,1,2080.48,-2.81,-0.14,1.16,0.06,-2.81,-0.14,2453.99,0.25
2746,多头进场,2026-03-14 16:00,VltClsLE,2080.48,1,2080.48,-2.81,-0.14,1.16,0.06,-2.81,-0.14,2453.99,0.25
2747,空头出场,2026-03-14 17:00,VltClsLE,2077.43,1,2077.67,0.24,0.01,4.96,0.24,-1.94,-0.09,2454.23,0.25
2747,空头进场,2026-03-14 16:15,VltClsSE,2077.67,1,2077.67,0.24,0.01,4.96,0.24,-1.94,-0.09,2454.23,0.25
2748,多头出场,2026-03-14 17:30,VltClsSE,2073.38,1,2077.43,-4.05,-0.19,0.21,0.01,-4.05,-0.19,2450.18,0.25
2748,多头进场,2026-03-14 17:00,VltClsLE,2077.43,1,2077.43,-4.05,-0.19,0.21,0.01,-4.05,-0.19,2450.18,0.25
2749,空头出场,2026-03-14 19:00,VltClsLE,2070.19,1,2073.38,3.19,0.15,11.78,0.57,-1.59,-0.08,2453.37,0.25
2749,空头进场,2026-03-14 17:30,VltClsSE,2073.38,1,2073.38,3.19,0.15,11.78,0.57,-1.59,-0.08,2453.37,0.25
2750,多头出场,2026-03-14 19:45,VltClsSE,2071.94,1,2070.19,1.75,0.08,6.46,0.31,-0.99,-0.05,2455.12,0.25
2750,多头进场,2026-03-14 19:00,VltClsLE,2070.19,1,2070.19,1.75,0.08,6.46,0.31,-0.99,-0.05,2455.12,0.25
2751,空头出场,2026-03-14 20:00,VltClsLE,2077.05,1,2071.94,-5.11,-0.25,0.14,0.01,-5.11,-0.25,2450.01,0.25
2751,空头进场,2026-03-14 19:45,VltClsSE,2071.94,1,2071.94,-5.11,-0.25,0.14,0.01,-5.11,-0.25,2450.01,0.25
2752,多头出场,2026-03-14 20:30,VltClsSE,2071.33,1,2077.05,-5.72,-0.28,0.82,0.04,-5.72,-0.28,2444.29,0.24
2752,多头进场,2026-03-14 20:00,VltClsLE,2077.05,1,2077.05,-5.72,-0.28,0.82,0.04,-5.72,-0.28,2444.29,0.24
2753,空头出场,2026-03-14 20:45,VltClsLE,2074.9,1,2071.33,-3.57,-0.17,1.34,0.06,-3.57,-0.17,2440.72,0.24
2753,空头进场,2026-03-14 20:30,VltClsSE,2071.33,1,2071.33,-3.57,-0.17,1.34,0.06,-3.57,-0.17,2440.72,0.24
2754,多头出场,2026-03-14 22:00,VltClsSE,2075.73,1,2074.9,0.83,0.04,5.75,0.28,-1.9,-0.09,2441.55,0.24
2754,多头进场,2026-03-14 20:45,VltClsLE,2074.9,1,2074.9,0.83,0.04,5.75,0.28,-1.9,-0.09,2441.55,0.24
2755,空头出场,2026-03-14 22:15,VltClsLE,2077.18,1,2075.73,-1.45,-0.07,2.67,0.13,-1.45,-0.07,2440.1,0.24
2755,空头进场,2026-03-14 22:00,VltClsSE,2075.73,1,2075.73,-1.45,-0.07,2.67,0.13,-1.45,-0.07,2440.1,0.24
2756,多头出场,2026-03-14 22:30,VltClsSE,2074.73,1,2077.18,-2.45,-0.12,2.31,0.11,-2.45,-0.12,2437.65,0.24
2756,多头进场,2026-03-14 22:15,VltClsLE,2077.18,1,2077.18,-2.45,-0.12,2.31,0.11,-2.45,-0.12,2437.65,0.24
2757,空头出场,2026-03-14 23:00,VltClsLE,2075.5,1,2074.73,-0.77,-0.04,4.93,0.24,-0.77,-0.04,2436.88,0.24
2757,空头进场,2026-03-14 22:30,VltClsSE,2074.73,1,2074.73,-0.77,-0.04,4.93,0.24,-0.77,-0.04,2436.88,0.24
2758,多头出场,2026-03-14 23:30,VltClsSE,2072.21,1,2075.5,-3.29,-0.16,2.23,0.11,-3.29,-0.16,2433.59,0.24
2758,多头进场,2026-03-14 23:00,VltClsLE,2075.5,1,2075.5,-3.29,-0.16,2.23,0.11,-3.29,-0.16,2433.59,0.24
2759,空头出场,2026-03-15 00:45,VltClsLE,2078.4,1,2072.21,-6.19,-0.30,3.02,0.15,-6.19,-0.30,2427.4,0.24
2759,空头进场,2026-03-14 23:30,VltClsSE,2072.21,1,2072.21,-6.19,-0.30,3.02,0.15,-6.19,-0.30,2427.4,0.24
2760,多头出场,2026-03-15 01:30,VltClsSE,2076.16,1,2078.4,-2.24,-0.11,0.39,0.02,-2.44,-0.12,2425.16,0.24
2760,多头进场,2026-03-15 00:45,VltClsLE,2078.4,1,2078.4,-2.24,-0.11,0.39,0.02,-2.44,-0.12,2425.16,0.24
2761,空头出场,2026-03-15 02:30,VltClsLE,2075.71,1,2076.16,0.45,0.02,3.45,0.17,-0.07,0.00,2425.61,0.24
2761,空头进场,2026-03-15 01:30,VltClsSE,2076.16,1,2076.16,0.45,0.02,3.45,0.17,-0.07,0.00,2425.61,0.24
2762,多头出场,2026-03-15 03:00,VltClsSE,2075.12,1,2075.71,-0.59,-0.03,2.43,0.12,-0.59,-0.03,2425.02,0.24
2762,多头进场,2026-03-15 02:30,VltClsLE,2075.71,1,2075.71,-0.59,-0.03,2.43,0.12,-0.59,-0.03,2425.02,0.24
2763,空头出场,2026-03-15 04:15,VltClsLE,2079.63,1,2075.12,-4.51,-0.22,0.35,0.02,-4.51,-0.22,2420.51,0.24
2763,空头进场,2026-03-15 03:00,VltClsSE,2075.12,1,2075.12,-4.51,-0.22,0.35,0.02,-4.51,-0.22,2420.51,0.24
2764,多头出场,2026-03-15 05:00,VltClsSE,2083.35,1,2079.63,3.72,0.18,7.64,0.37,-0.81,-0.04,2424.23,0.24
2764,多头进场,2026-03-15 04:15,VltClsLE,2079.63,1,2079.63,3.72,0.18,7.64,0.37,-0.81,-0.04,2424.23,0.24
2765,空头出场,2026-03-15 05:45,VltClsLE,2088.54,1,2083.35,-5.19,-0.25,1.7,0.08,-5.19,-0.25,2419.04,0.24
2765,空头进场,2026-03-15 05:00,VltClsSE,2083.35,1,2083.35,-5.19,-0.25,1.7,0.08,-5.19,-0.25,2419.04,0.24
2766,多头出场,2026-03-15 06:45,VltClsSE,2083.74,1,2088.54,-4.8,-0.23,0.38,0.02,-4.8,-0.23,2414.24,0.24
2766,多头进场,2026-03-15 05:45,VltClsLE,2088.54,1,2088.54,-4.8,-0.23,0.38,0.02,-4.8,-0.23,2414.24,0.24
2767,空头出场,2026-03-15 07:00,VltClsLE,2086.93,1,2083.74,-3.19,-0.15,1.44,0.07,-3.19,-0.15,2411.05,0.24
2767,空头进场,2026-03-15 06:45,VltClsSE,2083.74,1,2083.74,-3.19,-0.15,1.44,0.07,-3.19,-0.15,2411.05,0.24
2768,多头出场,2026-03-15 07:15,VltClsSE,2089.81,1,2086.93,2.88,0.14,12.76,0.61,0,0.00,2413.93,0.24
2768,多头进场,2026-03-15 07:00,VltClsLE,2086.93,1,2086.93,2.88,0.14,12.76,0.61,0,0.00,2413.93,0.24
2769,空头出场,2026-03-15 09:45,VltClsLE,2089.93,1,2089.81,-0.12,-0.01,6.46,0.31,-9.07,-0.43,2413.81,0.24
2769,空头进场,2026-03-15 07:15,VltClsSE,2089.81,1,2089.81,-0.12,-0.01,6.46,0.31,-9.07,-0.43,2413.81,0.24
2770,多头出场,2026-03-15 11:15,VltClsSE,2096.53,1,2089.93,6.6,0.32,17.98,0.86,-1.61,-0.08,2420.41,0.24
2770,多头进场,2026-03-15 09:45,VltClsLE,2089.93,1,2089.93,6.6,0.32,17.98,0.86,-1.61,-0.08,2420.41,0.24
2771,空头出场,2026-03-15 12:00,VltClsLE,2100.45,1,2096.53,-3.92,-0.19,3,0.14,-3.92,-0.19,2416.49,0.24
2771,空头进场,2026-03-15 11:15,VltClsSE,2096.53,1,2096.53,-3.92,-0.19,3,0.14,-3.92,-0.19,2416.49,0.24
2772,多头出场,2026-03-15 13:45,VltClsSE,2107.86,1,2100.45,7.41,0.35,15.5,0.74,-2.11,-0.10,2423.9,0.24
2772,多头进场,2026-03-15 12:00,VltClsLE,2100.45,1,2100.45,7.41,0.35,15.5,0.74,-2.11,-0.10,2423.9,0.24
2773,空头出场,2026-03-15 14:45,VltClsLE,2108.2,1,2107.86,-0.34,-0.02,4.86,0.23,-3.42,-0.16,2423.56,0.24
2773,空头进场,2026-03-15 13:45,VltClsSE,2107.86,1,2107.86,-0.34,-0.02,4.86,0.23,-3.42,-0.16,2423.56,0.24
2774,多头出场,2026-03-15 20:00,VltClsSE,2117.25,1,2108.2,9.05,0.43,15.24,0.72,-4.74,-0.22,2432.61,0.24
2774,多头进场,2026-03-15 14:45,VltClsLE,2108.2,1,2108.2,9.05,0.43,15.24,0.72,-4.74,-0.22,2432.61,0.24
2775,空头出场,2026-03-16 00:00,VltClsLE,2097.21,1,2117.25,20.04,0.95,30.91,1.46,-0.46,-0.02,2452.65,0.25
2775,空头进场,2026-03-15 20:00,VltClsSE,2117.25,1,2117.25,20.04,0.95,30.91,1.46,-0.46,-0.02,2452.65,0.25
2776,多头出场,2026-03-16 00:15,VltClsSE,2094.57,1,2097.21,-2.64,-0.13,1.65,0.08,-2.64,-0.13,2450.01,0.25
2776,多头进场,2026-03-16 00:00,VltClsLE,2097.21,1,2097.21,-2.64,-0.13,1.65,0.08,-2.64,-0.13,2450.01,0.25
2777,空头出场,2026-03-16 01:00,VltClsLE,2095.81,1,2094.57,-1.24,-0.06,5.73,0.27,-1.44,-0.07,2448.77,0.24
2777,空头进场,2026-03-16 00:15,VltClsSE,2094.57,1,2094.57,-1.24,-0.06,5.73,0.27,-1.44,-0.07,2448.77,0.24
2778,多头出场,2026-03-16 02:45,VltClsSE,2103.62,1,2095.81,7.81,0.37,22.05,1.05,-1.87,-0.09,2456.58,0.25
2778,多头进场,2026-03-16 01:00,VltClsLE,2095.81,1,2095.81,7.81,0.37,22.05,1.05,-1.87,-0.09,2456.58,0.25
2779,空头出场,2026-03-16 03:00,VltClsLE,2106.99,1,2103.62,-3.37,-0.16,9.3,0.44,-3.37,-0.16,2453.21,0.25
2779,空头进场,2026-03-16 02:45,VltClsSE,2103.62,1,2103.62,-3.37,-0.16,9.3,0.44,-3.37,-0.16,2453.21,0.25
2780,多头出场,2026-03-16 06:00,VltClsSE,2132.21,1,2106.99,25.22,1.20,37.77,1.79,0,0.00,2478.43,0.25
2780,多头进场,2026-03-16 03:00,VltClsLE,2106.99,1,2106.99,25.22,1.20,37.77,1.79,0,0.00,2478.43,0.25
2781,空头出场,2026-03-16 06:30,VltClsLE,2143.88,1,2132.21,-11.67,-0.55,6.9,0.32,-17.4,-0.82,2466.76,0.25
2781,空头进场,2026-03-16 06:00,VltClsSE,2132.21,1,2132.21,-11.67,-0.55,6.9,0.32,-17.4,-0.82,2466.76,0.25
2782,多头出场,2026-03-16 07:15,VltClsSE,2179.11,1,2143.88,35.23,1.64,58.99,2.75,0,0.00,2501.99,0.25
2782,多头进场,2026-03-16 06:30,VltClsLE,2143.88,1,2143.88,35.23,1.64,58.99,2.75,0,0.00,2501.99,0.25
2783,空头出场,2026-03-16 09:15,VltClsLE,2173.44,1,2179.11,5.67,0.26,14.38,0.66,-8.22,-0.38,2507.66,0.25
2783,空头进场,2026-03-16 07:15,VltClsSE,2179.11,1,2179.11,5.67,0.26,14.38,0.66,-8.22,-0.38,2507.66,0.25
2784,多头出场,2026-03-16 10:15,VltClsSE,2171.17,1,2173.44,-2.27,-0.10,17.04,0.78,-2.27,-0.10,2505.39,0.25
2784,多头进场,2026-03-16 09:15,VltClsLE,2173.44,1,2173.44,-2.27,-0.10,17.04,0.78,-2.27,-0.10,2505.39,0.25
2785,空头出场,2026-03-16 11:15,VltClsLE,2188.44,1,2171.17,-17.27,-0.80,1.15,0.05,-17.27,-0.80,2488.12,0.25
2785,空头进场,2026-03-16 10:15,VltClsSE,2171.17,1,2171.17,-17.27,-0.80,1.15,0.05,-17.27,-0.80,2488.12,0.25
2786,多头出场,2026-03-16 14:00,VltClsSE,2269.12,1,2188.44,80.68,3.69,100.19,4.58,0,0.00,2568.8,0.26
2786,多头进场,2026-03-16 11:15,VltClsLE,2188.44,1,2188.44,80.68,3.69,100.19,4.58,0,0.00,2568.8,0.26
2787,空头出场,2026-03-16 16:00,VltClsLE,2256.19,1,2269.12,12.93,0.57,23.49,1.04,-2.06,-0.09,2581.73,0.26
2787,空头进场,2026-03-16 14:00,VltClsSE,2269.12,1,2269.12,12.93,0.57,23.49,1.04,-2.06,-0.09,2581.73,0.26
2788,多头出场,2026-03-16 16:30,VltClsSE,2242.83,1,2256.19,-13.36,-0.59,2.64,0.12,-13.36,-0.59,2568.37,0.26
2788,多头进场,2026-03-16 16:00,VltClsLE,2256.19,1,2256.19,-13.36,-0.59,2.64,0.12,-13.36,-0.59,2568.37,0.26
2789,空头出场,2026-03-16 17:15,VltClsLE,2254.82,1,2242.83,-11.99,-0.53,7.91,0.35,-11.99,-0.53,2556.38,0.26
2789,空头进场,2026-03-16 16:30,VltClsSE,2242.83,1,2242.83,-11.99,-0.53,7.91,0.35,-11.99,-0.53,2556.38,0.26
2790,多头出场,2026-03-16 18:30,VltClsSE,2258.94,1,2254.82,4.12,0.18,18.15,0.80,-2.98,-0.13,2560.5,0.26
2790,多头进场,2026-03-16 17:15,VltClsLE,2254.82,1,2254.82,4.12,0.18,18.15,0.80,-2.98,-0.13,2560.5,0.26
2791,空头出场,2026-03-16 18:45,VltClsLE,2265.96,1,2258.94,-7.02,-0.31,2.74,0.12,-7.02,-0.31,2553.48,0.26
2791,空头进场,2026-03-16 18:30,VltClsSE,2258.94,1,2258.94,-7.02,-0.31,2.74,0.12,-7.02,-0.31,2553.48,0.26
2792,多头出场,2026-03-16 20:30,VltClsSE,2288.69,1,2265.96,22.73,1.00,37.68,1.66,0,0.00,2576.21,0.26
2792,多头进场,2026-03-16 18:45,VltClsLE,2265.96,1,2265.96,22.73,1.00,37.68,1.66,0,0.00,2576.21,0.26
2793,空头出场,2026-03-16 21:30,VltClsLE,2292.17,1,2288.69,-3.48,-0.15,16.34,0.71,-3.48,-0.15,2572.73,0.26
2793,空头进场,2026-03-16 20:30,VltClsSE,2288.69,1,2288.69,-3.48,-0.15,16.34,0.71,-3.48,-0.15,2572.73,0.26
2794,多头出场,2026-03-16 21:45,VltClsSE,2279.34,1,2292.17,-12.83,-0.56,16.37,0.71,-12.83,-0.56,2559.9,0.26
2794,多头进场,2026-03-16 21:30,VltClsLE,2292.17,1,2292.17,-12.83,-0.56,16.37,0.71,-12.83,-0.56,2559.9,0.26
2795,空头出场,2026-03-16 22:00,VltClsLE,2301.13,1,2279.34,-21.79,-0.96,2.09,0.09,-21.79,-0.96,2538.11,0.25
2795,空头进场,2026-03-16 21:45,VltClsSE,2279.34,1,2279.34,-21.79,-0.96,2.09,0.09,-21.79,-0.96,2538.11,0.25
2796,多头出场,2026-03-16 22:15,VltClsSE,2283.29,1,2301.13,-17.84,-0.78,3.68,0.16,-17.84,-0.78,2520.27,0.25
2796,多头进场,2026-03-16 22:00,VltClsLE,2301.13,1,2301.13,-17.84,-0.78,3.68,0.16,-17.84,-0.78,2520.27,0.25
2797,空头出场,2026-03-16 22:45,VltClsLE,2282.61,1,2283.29,0.68,0.03,28.25,1.24,0,0.00,2520.95,0.25
2797,空头进场,2026-03-16 22:15,VltClsSE,2283.29,1,2283.29,0.68,0.03,28.25,1.24,0,0.00,2520.95,0.25
2798,多头出场,2026-03-17 02:45,VltClsSE,2326.74,1,2282.61,44.13,1.93,63.55,2.78,-12.61,-0.55,2565.08,0.26
2798,多头进场,2026-03-16 22:45,VltClsLE,2282.61,1,2282.61,44.13,1.93,63.55,2.78,-12.61,-0.55,2565.08,0.26
2799,空头出场,2026-03-17 03:00,VltClsLE,2335.14,1,2326.74,-8.4,-0.36,8.31,0.36,-8.4,-0.36,2556.68,0.26
2799,空头进场,2026-03-17 02:45,VltClsSE,2326.74,1,2326.74,-8.4,-0.36,8.31,0.36,-8.4,-0.36,2556.68,0.26
2800,多头出场,2026-03-17 06:15,VltClsSE,2362.76,1,2335.14,27.62,1.18,50.88,2.18,-11.46,-0.49,2584.3,0.26
2800,多头进场,2026-03-17 03:00,VltClsLE,2335.14,1,2335.14,27.62,1.18,50.88,2.18,-11.46,-0.49,2584.3,0.26
2801,空头出场,2026-03-17 08:00,VltClsLE,2364.75,1,2362.76,-1.99,-0.08,32.76,1.39,-6.27,-0.27,2582.31,0.26
2801,空头进场,2026-03-17 06:15,VltClsSE,2362.76,1,2362.76,-1.99,-0.08,32.76,1.39,-6.27,-0.27,2582.31,0.26
2802,多头出场,2026-03-17 08:15,VltClsSE,2352.23,1,2364.75,-12.52,-0.53,11.91,0.50,-12.52,-0.53,2569.79,0.26
2802,多头进场,2026-03-17 08:00,VltClsLE,2364.75,1,2364.75,-12.52,-0.53,11.91,0.50,-12.52,-0.53,2569.79,0.26
2803,空头出场,2026-03-17 10:30,VltClsLE,2358.84,1,2352.23,-6.61,-0.28,10.1,0.43,-23.42,-1.00,2563.18,0.26
2803,空头进场,2026-03-17 08:15,VltClsSE,2352.23,1,2352.23,-6.61,-0.28,10.1,0.43,-23.42,-1.00,2563.18,0.26
2804,多头出场,2026-03-17 11:00,VltClsSE,2341.75,1,2358.84,-17.09,-0.72,2.74,0.12,-17.09,-0.72,2546.09,0.25
2804,多头进场,2026-03-17 10:30,VltClsLE,2358.84,1,2358.84,-17.09,-0.72,2.74,0.12,-17.09,-0.72,2546.09,0.25
2805,空头出场,2026-03-17 14:00,VltClsLE,2315.8,1,2341.75,25.95,1.11,47.6,2.03,-2.72,-0.12,2572.04,0.26
2805,空头进场,2026-03-17 11:00,VltClsSE,2341.75,1,2341.75,25.95,1.11,47.6,2.03,-2.72,-0.12,2572.04,0.26
2806,多头出场,2026-03-17 14:30,VltClsSE,2311.49,1,2315.8,-4.31,-0.19,9.33,0.40,-4.31,-0.19,2567.73,0.26
2806,多头进场,2026-03-17 14:00,VltClsLE,2315.8,1,2315.8,-4.31,-0.19,9.33,0.40,-4.31,-0.19,2567.73,0.26
2807,空头出场,2026-03-17 15:00,VltClsLE,2325.06,1,2311.49,-13.57,-0.59,3.14,0.14,-13.57,-0.59,2554.16,0.26
2807,空头进场,2026-03-17 14:30,VltClsSE,2311.49,1,2311.49,-13.57,-0.59,3.14,0.14,-13.57,-0.59,2554.16,0.26
2808,多头出场,2026-03-17 16:00,VltClsSE,2320.82,1,2325.06,-4.24,-0.18,12.8,0.55,-4.24,-0.18,2549.92,0.25
2808,多头进场,2026-03-17 15:00,VltClsLE,2325.06,1,2325.06,-4.24,-0.18,12.8,0.55,-4.24,-0.18,2549.92,0.25
2809,空头出场,2026-03-17 16:15,VltClsLE,2330.89,1,2320.82,-10.07,-0.43,3.5,0.15,-10.07,-0.43,2539.85,0.25
2809,空头进场,2026-03-17 16:00,VltClsSE,2320.82,1,2320.82,-10.07,-0.43,3.5,0.15,-10.07,-0.43,2539.85,0.25
2810,多头出场,2026-03-17 16:45,VltClsSE,2322.51,1,2330.89,-8.38,-0.36,2.1,0.09,-10.26,-0.44,2531.47,0.25
2810,多头进场,2026-03-17 16:15,VltClsLE,2330.89,1,2330.89,-8.38,-0.36,2.1,0.09,-10.26,-0.44,2531.47,0.25
2811,空头出场,2026-03-17 17:15,VltClsLE,2321.87,1,2322.51,0.64,0.03,15.51,0.67,-2.03,-0.09,2532.11,0.25
2811,空头进场,2026-03-17 16:45,VltClsSE,2322.51,1,2322.51,0.64,0.03,15.51,0.67,-2.03,-0.09,2532.11,0.25
2812,多头出场,2026-03-17 17:45,VltClsSE,2312.23,1,2321.87,-9.64,-0.42,7.47,0.32,-9.64,-0.42,2522.47,0.25
2812,多头进场,2026-03-17 17:15,VltClsLE,2321.87,1,2321.87,-9.64,-0.42,7.47,0.32,-9.64,-0.42,2522.47,0.25
2813,空头出场,2026-03-17 19:00,VltClsLE,2320.25,1,2312.23,-8.02,-0.35,8.23,0.36,-8.02,-0.35,2514.45,0.25
2813,空头进场,2026-03-17 17:45,VltClsSE,2312.23,1,2312.23,-8.02,-0.35,8.23,0.36,-8.02,-0.35,2514.45,0.25
2814,多头出场,2026-03-17 20:15,VltClsSE,2320.38,1,2320.25,0.13,0.01,14.75,0.64,0,0.00,2514.58,0.25
2814,多头进场,2026-03-17 19:00,VltClsLE,2320.25,1,2320.25,0.13,0.01,14.75,0.64,0,0.00,2514.58,0.25
2815,空头出场,2026-03-17 21:30,VltClsLE,2328.22,1,2320.38,-7.84,-0.34,7.61,0.33,-7.84,-0.34,2506.74,0.25
2815,空头进场,2026-03-17 20:15,VltClsSE,2320.38,1,2320.38,-7.84,-0.34,7.61,0.33,-7.84,-0.34,2506.74,0.25
2816,多头出场,2026-03-17 21:45,VltClsSE,2323.64,1,2328.22,-4.58,-0.20,18.26,0.78,-4.58,-0.20,2502.16,0.25
2816,多头进场,2026-03-17 21:30,VltClsLE,2328.22,1,2328.22,-4.58,-0.20,18.26,0.78,-4.58,-0.20,2502.16,0.25
2817,空头出场,2026-03-17 22:30,VltClsLE,2346.39,1,2323.64,-22.75,-0.98,6.89,0.30,-22.75,-0.98,2479.41,0.25
2817,空头进场,2026-03-17 21:45,VltClsSE,2323.64,1,2323.64,-22.75,-0.98,6.89,0.30,-22.75,-0.98,2479.41,0.25
2818,多头出场,2026-03-17 23:00,VltClsSE,2332.37,1,2346.39,-14.02,-0.60,11.34,0.48,-14.02,-0.60,2465.39,0.25
2818,多头进场,2026-03-17 22:30,VltClsLE,2346.39,1,2346.39,-14.02,-0.60,11.34,0.48,-14.02,-0.60,2465.39,0.25
2819,空头出场,2026-03-18 00:15,VltClsLE,2331.48,1,2332.37,0.89,0.04,28.1,1.20,-2.43,-0.10,2466.28,0.25
2819,空头进场,2026-03-17 23:00,VltClsSE,2332.37,1,2332.37,0.89,0.04,28.1,1.20,-2.43,-0.10,2466.28,0.25
2820,多头出场,2026-03-18 02:45,VltClsSE,2330.12,1,2331.48,-1.36,-0.06,11.22,0.48,-10.88,-0.47,2464.92,0.25
2820,多头进场,2026-03-18 00:15,VltClsLE,2331.48,1,2331.48,-1.36,-0.06,11.22,0.48,-10.88,-0.47,2464.92,0.25
2821,空头出场,2026-03-18 04:15,VltClsLE,2324.45,1,2330.12,5.67,0.24,13.12,0.56,-9.88,-0.42,2470.59,0.25
2821,空头进场,2026-03-18 02:45,VltClsSE,2330.12,1,2330.12,5.67,0.24,13.12,0.56,-9.88,-0.42,2470.59,0.25
2822,多头出场,2026-03-18 06:00,VltClsSE,2332.75,1,2324.45,8.3,0.36,20.24,0.87,-0.24,-0.01,2478.89,0.25
2822,多头进场,2026-03-18 04:15,VltClsLE,2324.45,1,2324.45,8.3,0.36,20.24,0.87,-0.24,-0.01,2478.89,0.25
2823,空头出场,2026-03-18 08:00,VltClsLE,2322.92,1,2332.75,9.83,0.42,17.51,0.75,-1.61,-0.07,2488.72,0.25
2823,空头进场,2026-03-18 06:00,VltClsSE,2332.75,1,2332.75,9.83,0.42,17.51,0.75,-1.61,-0.07,2488.72,0.25
2824,多头出场,2026-03-18 08:15,VltClsSE,2315.65,1,2322.92,-7.27,-0.31,0.59,0.03,-7.27,-0.31,2481.45,0.25
2824,多头进场,2026-03-18 08:00,VltClsLE,2322.92,1,2322.92,-7.27,-0.31,0.59,0.03,-7.27,-0.31,2481.45,0.25
2825,空头出场,2026-03-18 08:45,VltClsLE,2321.18,1,2315.65,-5.53,-0.24,8.65,0.37,-5.53,-0.24,2475.92,0.25
2825,空头进场,2026-03-18 08:15,VltClsSE,2315.65,1,2315.65,-5.53,-0.24,8.65,0.37,-5.53,-0.24,2475.92,0.25
2826,多头出场,2026-03-18 09:45,VltClsSE,2324.31,1,2321.18,3.13,0.13,14.15,0.61,0,0.00,2479.05,0.25
2826,多头进场,2026-03-18 08:45,VltClsLE,2321.18,1,2321.18,3.13,0.13,14.15,0.61,0,0.00,2479.05,0.25
2827,空头出场,2026-03-18 10:00,VltClsLE,2331.32,1,2324.31,-7.01,-0.30,1.14,0.05,-7.01,-0.30,2472.04,0.25
2827,空头进场,2026-03-18 09:45,VltClsSE,2324.31,1,2324.31,-7.01,-0.30,1.14,0.05,-7.01,-0.30,2472.04,0.25
2828,多头出场,2026-03-18 12:15,VltClsSE,2333.88,1,2331.32,2.56,0.11,18.68,0.80,-2.67,-0.11,2474.6,0.25
2828,多头进场,2026-03-18 10:00,VltClsLE,2331.32,1,2331.32,2.56,0.11,18.68,0.80,-2.67,-0.11,2474.6,0.25
2829,空头出场,2026-03-18 13:00,VltClsLE,2330.91,1,2333.88,2.97,0.13,8.01,0.34,0,0.00,2477.57,0.25
2829,空头进场,2026-03-18 12:15,VltClsSE,2333.88,1,2333.88,2.97,0.13,8.01,0.34,0,0.00,2477.57,0.25
2830,多头出场,2026-03-18 13:15,VltClsSE,2326.26,1,2330.91,-4.65,-0.20,0.06,0.00,-4.65,-0.20,2472.92,0.25
2830,多头进场,2026-03-18 13:00,VltClsLE,2330.91,1,2330.91,-4.65,-0.20,0.06,0.00,-4.65,-0.20,2472.92,0.25
2831,空头出场,2026-03-18 14:00,VltClsLE,2323.18,1,2326.26,3.08,0.13,12.45,0.54,-2.22,-0.10,2476,0.25
2831,空头进场,2026-03-18 13:15,VltClsSE,2326.26,1,2326.26,3.08,0.13,12.45,0.54,-2.22,-0.10,2476,0.25
2832,多头出场,2026-03-18 14:30,VltClsSE,2323.39,1,2323.18,0.21,0.01,7.96,0.34,-0.8,-0.03,2476.21,0.25
2832,多头进场,2026-03-18 14:00,VltClsLE,2323.18,1,2323.18,0.21,0.01,7.96,0.34,-0.8,-0.03,2476.21,0.25
2833,空头出场,2026-03-18 15:45,VltClsLE,2318.25,1,2323.39,5.14,0.22,11.86,0.51,-4.24,-0.18,2481.35,0.25
2833,空头进场,2026-03-18 14:30,VltClsSE,2323.39,1,2323.39,5.14,0.22,11.86,0.51,-4.24,-0.18,2481.35,0.25
2834,多头出场,2026-03-18 17:45,VltClsSE,2327.6,1,2318.25,9.35,0.40,15.37,0.66,-0.95,-0.04,2490.7,0.25
2834,多头进场,2026-03-18 15:45,VltClsLE,2318.25,1,2318.25,9.35,0.40,15.37,0.66,-0.95,-0.04,2490.7,0.25
2835,空头出场,2026-03-18 19:00,VltClsLE,2319,1,2327.6,8.6,0.37,18.18,0.78,-4.39,-0.19,2499.3,0.25
2835,空头进场,2026-03-18 17:45,VltClsSE,2327.6,1,2327.6,8.6,0.37,18.18,0.78,-4.39,-0.19,2499.3,0.25
2836,多头出场,2026-03-18 19:15,VltClsSE,2307.45,1,2319,-11.55,-0.50,0.16,0.01,-14.92,-0.64,2487.75,0.25
2836,多头进场,2026-03-18 19:00,VltClsLE,2319,1,2319,-11.55,-0.50,0.16,0.01,-14.92,-0.64,2487.75,0.25
2837,空头出场,2026-03-19 01:15,VltClsLE,2190.55,1,2307.45,116.9,5.07,140.58,6.09,0,0.00,2604.65,0.26
2837,空头进场,2026-03-18 19:15,VltClsSE,2307.45,1,2307.45,116.9,5.07,140.58,6.09,0,0.00,2604.65,0.26
2838,多头出场,2026-03-19 02:15,VltClsSE,2204.04,1,2190.55,13.49,0.62,29.45,1.34,0,0.00,2618.14,0.26
2838,多头进场,2026-03-19 01:15,VltClsLE,2190.55,1,2190.55,13.49,0.62,29.45,1.34,0,0.00,2618.14,0.26
2839,空头出场,2026-03-19 04:45,VltClsLE,2192.3,1,2204.04,11.74,0.53,50.83,2.31,-5.18,-0.24,2629.88,0.26
2839,空头进场,2026-03-19 02:15,VltClsSE,2204.04,1,2204.04,11.74,0.53,50.83,2.31,-5.18,-0.24,2629.88,0.26
2840,多头出场,2026-03-19 06:00,VltClsSE,2193.76,1,2192.3,1.46,0.07,14.57,0.66,-6.64,-0.30,2631.34,0.26
2840,多头进场,2026-03-19 04:45,VltClsLE,2192.3,1,2192.3,1.46,0.07,14.57,0.66,-6.64,-0.30,2631.34,0.26
2841,空头出场,2026-03-19 07:30,VltClsLE,2200.13,1,2193.76,-6.37,-0.29,6.18,0.28,-6.37,-0.29,2624.97,0.26
2841,空头进场,2026-03-19 06:00,VltClsSE,2193.76,1,2193.76,-6.37,-0.29,6.18,0.28,-6.37,-0.29,2624.97,0.26
2842,多头出场,2026-03-19 08:00,VltClsSE,2197.88,1,2200.13,-2.25,-0.10,8.15,0.37,-2.25,-0.10,2622.72,0.26
2842,多头进场,2026-03-19 07:30,VltClsLE,2200.13,1,2200.13,-2.25,-0.10,8.15,0.37,-2.25,-0.10,2622.72,0.26
2843,空头出场,2026-03-19 09:30,VltClsLE,2198.74,1,2197.88,-0.86,-0.04,10.64,0.48,-6.4,-0.29,2621.86,0.26
2843,空头进场,2026-03-19 08:00,VltClsSE,2197.88,1,2197.88,-0.86,-0.04,10.64,0.48,-6.4,-0.29,2621.86,0.26
2844,多头出场,2026-03-19 10:00,VltClsSE,2191.58,1,2198.74,-7.16,-0.33,3.24,0.15,-7.16,-0.33,2614.7,0.26
2844,多头进场,2026-03-19 09:30,VltClsLE,2198.74,1,2198.74,-7.16,-0.33,3.24,0.15,-7.16,-0.33,2614.7,0.26
2845,空头出场,2026-03-19 11:00,VltClsLE,2202.1,1,2191.58,-10.52,-0.48,2.64,0.12,-13.42,-0.61,2604.18,0.26
2845,空头进场,2026-03-19 10:00,VltClsSE,2191.58,1,2191.58,-10.52,-0.48,2.64,0.12,-13.42,-0.61,2604.18,0.26
2846,多头出场,2026-03-19 11:30,VltClsSE,2219.78,1,2202.1,17.68,0.80,31.62,1.44,0,0.00,2621.86,0.26
2846,多头进场,2026-03-19 11:00,VltClsLE,2202.1,1,2202.1,17.68,0.80,31.62,1.44,0,0.00,2621.86,0.26
2847,空头出场,2026-03-19 15:30,VltClsLE,2165.68,1,2219.78,54.1,2.44,76.64,3.45,0,0.00,2675.96,0.27
2847,空头进场,2026-03-19 11:30,VltClsSE,2219.78,1,2219.78,54.1,2.44,76.64,3.45,0,0.00,2675.96,0.27
2848,多头出场,2026-03-19 19:30,VltClsSE,2169.76,1,2165.68,4.08,0.19,26.39,1.22,-7.59,-0.35,2680.04,0.27
2848,多头进场,2026-03-19 15:30,VltClsLE,2165.68,1,2165.68,4.08,0.19,26.39,1.22,-7.59,-0.35,2680.04,0.27
2849,空头出场,2026-03-19 21:15,VltClsLE,2129.94,1,2169.76,39.82,1.84,52.4,2.42,-0.15,-0.01,2719.86,0.27
2849,空头进场,2026-03-19 19:30,VltClsSE,2169.76,1,2169.76,39.82,1.84,52.4,2.42,-0.15,-0.01,2719.86,0.27
2850,多头出场,2026-03-19 21:30,VltClsSE,2118.54,1,2129.94,-11.4,-0.54,12.37,0.58,-11.4,-0.54,2708.46,0.27
2850,多头进场,2026-03-19 21:15,VltClsLE,2129.94,1,2129.94,-11.4,-0.54,12.37,0.58,-11.4,-0.54,2708.46,0.27
2851,空头出场,2026-03-19 22:45,VltClsLE,2130.37,1,2118.54,-11.83,-0.56,16.38,0.77,-28.72,-1.36,2696.63,0.27
2851,空头进场,2026-03-19 21:30,VltClsSE,2118.54,1,2118.54,-11.83,-0.56,16.38,0.77,-28.72,-1.36,2696.63,0.27
2852,多头出场,2026-03-19 23:15,VltClsSE,2114.13,1,2130.37,-16.24,-0.76,6.42,0.30,-16.24,-0.76,2680.39,0.27
2852,多头进场,2026-03-19 22:45,VltClsLE,2130.37,1,2130.37,-16.24,-0.76,6.42,0.30,-16.24,-0.76,2680.39,0.27
2853,空头出场,2026-03-19 23:45,VltClsLE,2118.27,1,2114.13,-4.14,-0.20,14.75,0.70,-4.14,-0.20,2676.25,0.27
2853,空头进场,2026-03-19 23:15,VltClsSE,2114.13,1,2114.13,-4.14,-0.20,14.75,0.70,-4.14,-0.20,2676.25,0.27
2854,多头出场,2026-03-20 01:30,VltClsSE,2115.41,1,2118.27,-2.86,-0.14,10.45,0.49,-13.4,-0.63,2673.39,0.27
2854,多头进场,2026-03-19 23:45,VltClsLE,2118.27,1,2118.27,-2.86,-0.14,10.45,0.49,-13.4,-0.63,2673.39,0.27
2855,空头出场,2026-03-20 01:45,VltClsLE,2128.41,1,2115.41,-13,-0.61,1.32,0.06,-13,-0.61,2660.39,0.27
2855,空头进场,2026-03-20 01:30,VltClsSE,2115.41,1,2115.41,-13,-0.61,1.32,0.06,-13,-0.61,2660.39,0.27
2856,多头出场,2026-03-20 05:15,VltClsSE,2147.29,1,2128.41,18.88,0.89,28.51,1.34,-14.1,-0.66,2679.27,0.27
2856,多头进场,2026-03-20 01:45,VltClsLE,2128.41,1,2128.41,18.88,0.89,28.51,1.34,-14.1,-0.66,2679.27,0.27
2857,空头出场,2026-03-20 07:00,VltClsLE,2147.04,1,2147.29,0.25,0.01,14.21,0.66,-6.39,-0.30,2679.52,0.27
2857,空头进场,2026-03-20 05:15,VltClsSE,2147.29,1,2147.29,0.25,0.01,14.21,0.66,-6.39,-0.30,2679.52,0.27
2858,多头出场,2026-03-20 07:15,VltClsSE,2139.37,1,2147.04,-7.67,-0.36,0.44,0.02,-7.67,-0.36,2671.85,0.27
2858,多头进场,2026-03-20 07:00,VltClsLE,2147.04,1,2147.04,-7.67,-0.36,0.44,0.02,-7.67,-0.36,2671.85,0.27
2859,空头出场,2026-03-20 08:00,VltClsLE,2144.39,1,2139.37,-5.02,-0.23,8.8,0.41,-5.14,-0.24,2666.83,0.27
2859,空头进场,2026-03-20 07:15,VltClsSE,2139.37,1,2139.37,-5.02,-0.23,8.8,0.41,-5.14,-0.24,2666.83,0.27
2860,多头出场,2026-03-20 09:45,VltClsSE,2153.24,1,2144.39,8.85,0.41,16.39,0.76,-5.91,-0.28,2675.68,0.27
2860,多头进场,2026-03-20 08:00,VltClsLE,2144.39,1,2144.39,8.85,0.41,16.39,0.76,-5.91,-0.28,2675.68,0.27
2861,空头出场,2026-03-20 11:15,VltClsLE,2151.68,1,2153.24,1.56,0.07,20.55,0.95,0,0.00,2677.24,0.27
2861,空头进场,2026-03-20 09:45,VltClsSE,2153.24,1,2153.24,1.56,0.07,20.55,0.95,0,0.00,2677.24,0.27
2862,多头出场,2026-03-20 12:30,VltClsSE,2148.66,1,2151.68,-3.02,-0.14,7.56,0.35,-4.41,-0.20,2674.22,0.27
2862,多头进场,2026-03-20 11:15,VltClsLE,2151.68,1,2151.68,-3.02,-0.14,7.56,0.35,-4.41,-0.20,2674.22,0.27
2863,空头出场,2026-03-20 12:45,VltClsLE,2147.58,1,2148.66,1.08,0.05,9.48,0.44,0,0.00,2675.3,0.27
2863,空头进场,2026-03-20 12:30,VltClsSE,2148.66,1,2148.66,1.08,0.05,9.48,0.44,0,0.00,2675.3,0.27
2864,多头出场,2026-03-20 13:15,VltClsSE,2144.07,1,2147.58,-3.51,-0.16,4.34,0.20,-3.51,-0.16,2671.79,0.27
2864,多头进场,2026-03-20 12:45,VltClsLE,2147.58,1,2147.58,-3.51,-0.16,4.34,0.20,-3.51,-0.16,2671.79,0.27
2865,空头出场,2026-03-20 15:15,VltClsLE,2134.38,1,2144.07,9.69,0.45,22.82,1.06,-1.88,-0.09,2681.48,0.27
2865,空头进场,2026-03-20 13:15,VltClsSE,2144.07,1,2144.07,9.69,0.45,22.82,1.06,-1.88,-0.09,2681.48,0.27
2866,多头出场,2026-03-20 17:00,VltClsSE,2155.9,1,2134.38,21.52,1.01,42.46,1.99,0,0.00,2703,0.27
2866,多头进场,2026-03-20 15:15,VltClsLE,2134.38,1,2134.38,21.52,1.01,42.46,1.99,0,0.00,2703,0.27
2867,空头出场,2026-03-20 18:30,VltClsLE,2143.29,1,2155.9,12.61,0.58,24.34,1.13,0,0.00,2715.61,0.27
2867,空头进场,2026-03-20 17:00,VltClsSE,2155.9,1,2155.9,12.61,0.58,24.34,1.13,0,0.00,2715.61,0.27
2868,多头出场,2026-03-20 19:15,VltClsSE,2150.95,1,2143.29,7.66,0.36,15.4,0.72,0,0.00,2723.27,0.27
2868,多头进场,2026-03-20 18:30,VltClsLE,2143.29,1,2143.29,7.66,0.36,15.4,0.72,0,0.00,2723.27,0.27
2869,空头出场,2026-03-20 20:00,VltClsLE,2148.38,1,2150.95,2.57,0.12,15.95,0.74,0,0.00,2725.84,0.27
2869,空头进场,2026-03-20 19:15,VltClsSE,2150.95,1,2150.95,2.57,0.12,15.95,0.74,0,0.00,2725.84,0.27
2870,多头出场,2026-03-20 21:30,VltClsSE,2139.92,1,2148.38,-8.46,-0.39,4.36,0.20,-13.01,-0.61,2717.38,0.27
2870,多头进场,2026-03-20 20:00,VltClsLE,2148.38,1,2148.38,-8.46,-0.39,4.36,0.20,-13.01,-0.61,2717.38,0.27
2871,空头出场,2026-03-20 22:15,VltClsLE,2137.62,1,2139.92,2.3,0.11,23.04,1.08,-3.36,-0.16,2719.68,0.27
2871,空头进场,2026-03-20 21:30,VltClsSE,2139.92,1,2139.92,2.3,0.11,23.04,1.08,-3.36,-0.16,2719.68,0.27
2872,多头出场,2026-03-21 00:30,VltClsSE,2132.62,1,2137.62,-5,-0.23,10.12,0.47,-17.29,-0.81,2714.68,0.27
2872,多头进场,2026-03-20 22:15,VltClsLE,2137.62,1,2137.62,-5,-0.23,10.12,0.47,-17.29,-0.81,2714.68,0.27
2873,空头出场,2026-03-21 01:45,VltClsLE,2131.79,1,2132.62,0.83,0.04,12.9,0.60,-8.54,-0.40,2715.51,0.27
2873,空头进场,2026-03-21 00:30,VltClsSE,2132.62,1,2132.62,0.83,0.04,12.9,0.60,-8.54,-0.40,2715.51,0.27
2874,多头出场,2026-03-21 02:15,VltClsSE,2128.04,1,2131.79,-3.75,-0.18,8.21,0.39,-3.75,-0.18,2711.76,0.27
2874,多头进场,2026-03-21 01:45,VltClsLE,2131.79,1,2131.79,-3.75,-0.18,8.21,0.39,-3.75,-0.18,2711.76,0.27
2875,空头出场,2026-03-21 04:45,VltClsLE,2134.95,1,2128.04,-6.91,-0.32,10.63,0.50,-8.96,-0.42,2704.85,0.27
2875,空头进场,2026-03-21 02:15,VltClsSE,2128.04,1,2128.04,-6.91,-0.32,10.63,0.50,-8.96,-0.42,2704.85,0.27
2876,多头出场,2026-03-21 05:30,VltClsSE,2145.25,1,2134.95,10.3,0.48,22.3,1.04,-4.12,-0.19,2715.15,0.27
2876,多头进场,2026-03-21 04:45,VltClsLE,2134.95,1,2134.95,10.3,0.48,22.3,1.04,-4.12,-0.19,2715.15,0.27
2877,空头出场,2026-03-21 06:00,VltClsLE,2155.24,1,2145.25,-9.99,-0.47,2.55,0.12,-9.99,-0.47,2705.16,0.27
2877,空头进场,2026-03-21 05:30,VltClsSE,2145.25,1,2145.25,-9.99,-0.47,2.55,0.12,-9.99,-0.47,2705.16,0.27
2878,多头出场,2026-03-21 07:00,VltClsSE,2148.08,1,2155.24,-7.16,-0.33,12.76,0.59,-7.16,-0.33,2698,0.27
2878,多头进场,2026-03-21 06:00,VltClsLE,2155.24,1,2155.24,-7.16,-0.33,12.76,0.59,-7.16,-0.33,2698,0.27
2879,空头出场,2026-03-21 08:15,VltClsLE,2150.82,1,2148.08,-2.74,-0.13,4.92,0.23,-2.74,-0.13,2695.26,0.27
2879,空头进场,2026-03-21 07:00,VltClsSE,2148.08,1,2148.08,-2.74,-0.13,4.92,0.23,-2.74,-0.13,2695.26,0.27
2880,多头出场,2026-03-21 12:30,VltClsSE,2154.16,1,2150.82,3.34,0.16,9.05,0.42,-4.47,-0.21,2698.6,0.27
2880,多头进场,2026-03-21 08:15,VltClsLE,2150.82,1,2150.82,3.34,0.16,9.05,0.42,-4.47,-0.21,2698.6,0.27
2881,空头出场,2026-03-21 13:00,VltClsLE,2154.36,1,2154.16,-0.2,-0.01,3.8,0.18,-0.2,-0.01,2698.4,0.27
2881,空头进场,2026-03-21 12:30,VltClsSE,2154.16,1,2154.16,-0.2,-0.01,3.8,0.18,-0.2,-0.01,2698.4,0.27
2882,多头出场,2026-03-21 15:30,VltClsSE,2157.97,1,2154.36,3.61,0.17,6.98,0.32,-2.08,-0.10,2702.01,0.27
2882,多头进场,2026-03-21 13:00,VltClsLE,2154.36,1,2154.36,3.61,0.17,6.98,0.32,-2.08,-0.10,2702.01,0.27
2883,空头出场,2026-03-21 16:30,VltClsLE,2153.64,1,2157.97,4.33,0.20,8.4,0.39,0,0.00,2706.34,0.27
2883,空头进场,2026-03-21 15:30,VltClsSE,2157.97,1,2157.97,4.33,0.20,8.4,0.39,0,0.00,2706.34,0.27
2884,多头出场,2026-03-21 18:00,VltClsSE,2156.52,1,2153.64,2.88,0.13,5.88,0.27,-1.01,-0.05,2709.22,0.27
2884,多头进场,2026-03-21 16:30,VltClsLE,2153.64,1,2153.64,2.88,0.13,5.88,0.27,-1.01,-0.05,2709.22,0.27
2885,空头出场,2026-03-21 19:15,VltClsLE,2154.88,1,2156.52,1.64,0.08,3.52,0.16,-0.43,-0.02,2710.86,0.27
2885,空头进场,2026-03-21 18:00,VltClsSE,2156.52,1,2156.52,1.64,0.08,3.52,0.16,-0.43,-0.02,2710.86,0.27
2886,多头出场,2026-03-21 20:30,VltClsSE,2157.5,1,2154.88,2.62,0.12,5.74,0.27,-0.72,-0.03,2713.48,0.27
2886,多头进场,2026-03-21 19:15,VltClsLE,2154.88,1,2154.88,2.62,0.12,5.74,0.27,-0.72,-0.03,2713.48,0.27
2887,空头出场,2026-03-21 21:15,VltClsLE,2158.96,1,2157.5,-1.46,-0.07,1.95,0.09,-1.46,-0.07,2712.02,0.27
2887,空头进场,2026-03-21 20:30,VltClsSE,2157.5,1,2157.5,-1.46,-0.07,1.95,0.09,-1.46,-0.07,2712.02,0.27
2888,多头出场,2026-03-21 22:15,VltClsSE,2161.69,1,2158.96,2.73,0.13,9.31,0.43,-3.96,-0.18,2714.75,0.27
2888,多头进场,2026-03-21 21:15,VltClsLE,2158.96,1,2158.96,2.73,0.13,9.31,0.43,-3.96,-0.18,2714.75,0.27
2889,空头出场,2026-03-21 23:30,VltClsLE,2157.45,1,2161.69,4.24,0.20,15.24,0.71,-3.51,-0.16,2718.99,0.27
2889,空头进场,2026-03-21 22:15,VltClsSE,2161.69,1,2161.69,4.24,0.20,15.24,0.71,-3.51,-0.16,2718.99,0.27
2890,多头出场,2026-03-22 00:15,VltClsSE,2148.86,1,2157.45,-8.59,-0.40,0.13,0.01,-8.59,-0.40,2710.4,0.27
2890,多头进场,2026-03-21 23:30,VltClsLE,2157.45,1,2157.45,-8.59,-0.40,0.13,0.01,-8.59,-0.40,2710.4,0.27
2891,空头出场,2026-03-22 02:15,VltClsLE,2153.04,1,2148.86,-4.18,-0.19,6.85,0.32,-4.18,-0.19,2706.22,0.27
2891,空头进场,2026-03-22 00:15,VltClsSE,2148.86,1,2148.86,-4.18,-0.19,6.85,0.32,-4.18,-0.19,2706.22,0.27
2892,多头出场,2026-03-22 02:45,VltClsSE,2152.63,1,2153.04,-0.41,-0.02,2.6,0.12,-1.49,-0.07,2705.81,0.27
2892,多头进场,2026-03-22 02:15,VltClsLE,2153.04,1,2153.04,-0.41,-0.02,2.6,0.12,-1.49,-0.07,2705.81,0.27
2893,空头出场,2026-03-22 03:45,VltClsLE,2152.5,1,2152.63,0.13,0.01,3.57,0.17,-0.4,-0.02,2705.94,0.27
2893,空头进场,2026-03-22 02:45,VltClsSE,2152.63,1,2152.63,0.13,0.01,3.57,0.17,-0.4,-0.02,2705.94,0.27
2894,多头出场,2026-03-22 04:15,VltClsSE,2150.77,1,2152.5,-1.73,-0.08,0.73,0.03,-1.76,-0.08,2704.21,0.27
2894,多头进场,2026-03-22 03:45,VltClsLE,2152.5,1,2152.5,-1.73,-0.08,0.73,0.03,-1.76,-0.08,2704.21,0.27
2895,空头出场,2026-03-22 04:30,VltClsLE,2156.18,1,2150.77,-5.41,-0.25,0.36,0.02,-5.41,-0.25,2698.8,0.27
2895,空头进场,2026-03-22 04:15,VltClsSE,2150.77,1,2150.77,-5.41,-0.25,0.36,0.02,-5.41,-0.25,2698.8,0.27
2896,多头出场,2026-03-22 05:45,VltClsSE,2153.19,1,2156.18,-2.99,-0.14,0.82,0.04,-2.99,-0.14,2695.81,0.27
2896,多头进场,2026-03-22 04:30,VltClsLE,2156.18,1,2156.18,-2.99,-0.14,0.82,0.04,-2.99,-0.14,2695.81,0.27
2897,空头出场,2026-03-22 06:30,VltClsLE,2152.67,1,2153.19,0.52,0.02,3.14,0.15,-0.51,-0.02,2696.33,0.27
2897,空头进场,2026-03-22 05:45,VltClsSE,2153.19,1,2153.19,0.52,0.02,3.14,0.15,-0.51,-0.02,2696.33,0.27
2898,多头出场,2026-03-22 07:00,VltClsSE,2147.66,1,2152.67,-5.01,-0.23,0.56,0.03,-5.01,-0.23,2691.32,0.27
2898,多头进场,2026-03-22 06:30,VltClsLE,2152.67,1,2152.67,-5.01,-0.23,0.56,0.03,-5.01,-0.23,2691.32,0.27
2899,空头出场,2026-03-22 07:30,VltClsLE,2146.83,1,2147.66,0.83,0.04,3.66,0.17,-0.12,-0.01,2692.15,0.27
2899,空头进场,2026-03-22 07:00,VltClsSE,2147.66,1,2147.66,0.83,0.04,3.66,0.17,-0.12,-0.01,2692.15,0.27
2900,多头出场,2026-03-22 07:45,VltClsSE,2144.19,1,2146.83,-2.64,-0.12,0.73,0.03,-2.64,-0.12,2689.51,0.27
2900,多头进场,2026-03-22 07:30,VltClsLE,2146.83,1,2146.83,-2.64,-0.12,0.73,0.03,-2.64,-0.12,2689.51,0.27
2901,空头出场,2026-03-22 09:45,VltClsLE,2092.21,1,2144.19,51.98,2.42,94.07,4.39,0,0.00,2741.49,0.27
2901,空头进场,2026-03-22 07:45,VltClsSE,2144.19,1,2144.19,51.98,2.42,94.07,4.39,0,0.00,2741.49,0.27
2902,多头出场,2026-03-22 12:15,VltClsSE,2108.42,1,2092.21,16.21,0.77,35,1.67,-4.21,-0.20,2757.7,0.28
2902,多头进场,2026-03-22 09:45,VltClsLE,2092.21,1,2092.21,16.21,0.77,35,1.67,-4.21,-0.20,2757.7,0.28
2903,空头出场,2026-03-22 15:45,VltClsLE,2103.15,1,2108.42,5.27,0.25,11.01,0.52,-13.41,-0.64,2762.97,0.28
2903,空头进场,2026-03-22 12:15,VltClsSE,2108.42,1,2108.42,5.27,0.25,11.01,0.52,-13.41,-0.64,2762.97,0.28
2904,多头出场,2026-03-22 16:00,VltClsSE,2087.8,1,2103.15,-15.35,-0.73,1.05,0.05,-15.35,-0.73,2747.62,0.27
2904,多头进场,2026-03-22 15:45,VltClsLE,2103.15,1,2103.15,-15.35,-0.73,1.05,0.05,-15.35,-0.73,2747.62,0.27
2905,空头出场,2026-03-22 19:30,VltClsLE,2080.7,1,2087.8,7.1,0.34,13.44,0.64,-9.02,-0.43,2754.72,0.28
2905,空头进场,2026-03-22 16:00,VltClsSE,2087.8,1,2087.8,7.1,0.34,13.44,0.64,-9.02,-0.43,2754.72,0.28
2906,多头出场,2026-03-22 19:45,VltClsSE,2069.41,1,2080.7,-11.29,-0.54,0.43,0.02,-13.61,-0.65,2743.43,0.27
2906,多头进场,2026-03-22 19:30,VltClsLE,2080.7,1,2080.7,-11.29,-0.54,0.43,0.02,-13.61,-0.65,2743.43,0.27
2907,空头出场,2026-03-22 20:15,VltClsLE,2080.36,1,2069.41,-10.95,-0.53,2.44,0.12,-10.95,-0.53,2732.48,0.27
2907,空头进场,2026-03-22 19:45,VltClsSE,2069.41,1,2069.41,-10.95,-0.53,2.44,0.12,-10.95,-0.53,2732.48,0.27
2908,多头出场,2026-03-22 21:30,VltClsSE,2079.5,1,2080.36,-0.86,-0.04,12.27,0.59,-2.07,-0.10,2731.62,0.27
2908,多头进场,2026-03-22 20:15,VltClsLE,2080.36,1,2080.36,-0.86,-0.04,12.27,0.59,-2.07,-0.10,2731.62,0.27
2909,空头出场,2026-03-22 23:00,VltClsLE,2083.36,1,2079.5,-3.86,-0.19,7.83,0.38,-5.69,-0.27,2727.76,0.27
2909,空头进场,2026-03-22 21:30,VltClsSE,2079.5,1,2079.5,-3.86,-0.19,7.83,0.38,-5.69,-0.27,2727.76,0.27
2910,多头出场,2026-03-23 01:30,VltClsSE,2079.15,1,2083.36,-4.21,-0.20,1.22,0.06,-7.69,-0.37,2723.55,0.27
2910,多头进场,2026-03-22 23:00,VltClsLE,2083.36,1,2083.36,-4.21,-0.20,1.22,0.06,-7.69,-0.37,2723.55,0.27
2911,空头出场,2026-03-23 02:45,VltClsLE,2071.27,1,2079.15,7.88,0.38,22.15,1.07,-2.28,-0.11,2731.43,0.27
2911,空头进场,2026-03-23 01:30,VltClsSE,2079.15,1,2079.15,7.88,0.38,22.15,1.07,-2.28,-0.11,2731.43,0.27
2912,多头出场,2026-03-23 03:00,VltClsSE,2066.09,1,2071.27,-5.18,-0.25,1.43,0.07,-5.18,-0.25,2726.25,0.27
2912,多头进场,2026-03-23 02:45,VltClsLE,2071.27,1,2071.27,-5.18,-0.25,1.43,0.07,-5.18,-0.25,2726.25,0.27
2913,空头出场,2026-03-23 03:30,VltClsLE,2067.41,1,2066.09,-1.32,-0.06,11.74,0.57,-1.32,-0.06,2724.93,0.27
2913,空头进场,2026-03-23 03:00,VltClsSE,2066.09,1,2066.09,-1.32,-0.06,11.74,0.57,-1.32,-0.06,2724.93,0.27
2914,多头出场,2026-03-23 04:45,VltClsSE,2059.62,1,2067.41,-7.79,-0.38,4.84,0.23,-8.35,-0.40,2717.14,0.27
2914,多头进场,2026-03-23 03:30,VltClsLE,2067.41,1,2067.41,-7.79,-0.38,4.84,0.23,-8.35,-0.40,2717.14,0.27
2915,空头出场,2026-03-23 06:15,VltClsLE,2056.32,1,2059.62,3.3,0.16,33.62,1.63,-0.89,-0.04,2720.44,0.27
2915,空头进场,2026-03-23 04:45,VltClsSE,2059.62,1,2059.62,3.3,0.16,33.62,1.63,-0.89,-0.04,2720.44,0.27
2916,多头出场,2026-03-23 07:45,VltClsSE,2053.36,1,2056.32,-2.96,-0.14,17.84,0.87,-2.96,-0.14,2717.48,0.27
2916,多头进场,2026-03-23 06:15,VltClsLE,2056.32,1,2056.32,-2.96,-0.14,17.84,0.87,-2.96,-0.14,2717.48,0.27
2917,空头出场,2026-03-23 08:00,VltClsLE,2061.47,1,2053.36,-8.11,-0.39,4.95,0.24,-8.11,-0.39,2709.37,0.27
2917,空头进场,2026-03-23 07:45,VltClsSE,2053.36,1,2053.36,-8.11,-0.39,4.95,0.24,-8.11,-0.39,2709.37,0.27
2918,多头出场,2026-03-23 08:30,VltClsSE,2046.67,1,2061.47,-14.8,-0.72,1.61,0.08,-14.8,-0.72,2694.57,0.27
2918,多头进场,2026-03-23 08:00,VltClsLE,2061.47,1,2061.47,-14.8,-0.72,1.61,0.08,-14.8,-0.72,2694.57,0.27
2919,空头出场,2026-03-23 09:00,VltClsLE,2052.69,1,2046.67,-6.02,-0.29,10.98,0.54,-6.61,-0.32,2688.55,0.27
2919,空头进场,2026-03-23 08:30,VltClsSE,2046.67,1,2046.67,-6.02,-0.29,10.98,0.54,-6.61,-0.32,2688.55,0.27
2920,多头出场,2026-03-23 13:15,VltClsSE,2065.63,1,2052.69,12.94,0.63,19.64,0.96,-5.97,-0.29,2701.49,0.27
2920,多头进场,2026-03-23 09:00,VltClsLE,2052.69,1,2052.69,12.94,0.63,19.64,0.96,-5.97,-0.29,2701.49,0.27
2921,空头出场,2026-03-23 13:30,VltClsLE,2070.58,1,2065.63,-4.95,-0.24,3.94,0.19,-4.95,-0.24,2696.54,0.27
2921,空头进场,2026-03-23 13:15,VltClsSE,2065.63,1,2065.63,-4.95,-0.24,3.94,0.19,-4.95,-0.24,2696.54,0.27
2922,多头出场,2026-03-23 14:00,VltClsSE,2062.99,1,2070.58,-7.59,-0.37,0.06,0.00,-9.87,-0.48,2688.95,0.27
2922,多头进场,2026-03-23 13:30,VltClsLE,2070.58,1,2070.58,-7.59,-0.37,0.06,0.00,-9.87,-0.48,2688.95,0.27
2923,空头出场,2026-03-23 15:30,VltClsLE,2044.15,1,2062.99,18.84,0.91,39.95,1.94,0,0.00,2707.79,0.27
2923,空头进场,2026-03-23 14:00,VltClsSE,2062.99,1,2062.99,18.84,0.91,39.95,1.94,0,0.00,2707.79,0.27
2924,多头出场,2026-03-23 17:00,VltClsSE,2041.51,1,2044.15,-2.64,-0.13,15.01,0.73,-2.64,-0.13,2705.15,0.27
2924,多头进场,2026-03-23 15:30,VltClsLE,2044.15,1,2044.15,-2.64,-0.13,15.01,0.73,-2.64,-0.13,2705.15,0.27
2925,空头出场,2026-03-23 18:00,VltClsLE,2051.15,1,2041.51,-9.64,-0.47,13.31,0.65,-9.64,-0.47,2695.51,0.27
2925,空头进场,2026-03-23 17:00,VltClsSE,2041.51,1,2041.51,-9.64,-0.47,13.31,0.65,-9.64,-0.47,2695.51,0.27
2926,多头出场,2026-03-23 23:15,VltClsSE,2169.96,1,2051.15,118.81,5.79,147.42,7.19,-10.76,-0.52,2814.32,0.28
2926,多头进场,2026-03-23 18:00,VltClsLE,2051.15,1,2051.15,118.81,5.79,147.42,7.19,-10.76,-0.52,2814.32,0.28
2927,空头出场,2026-03-24 01:30,VltClsLE,2142.24,1,2169.96,27.72,1.28,52.19,2.41,0,0.00,2842.04,0.28
2927,空头进场,2026-03-23 23:15,VltClsSE,2169.96,1,2169.96,27.72,1.28,52.19,2.41,0,0.00,2842.04,0.28
2928,多头出场,2026-03-24 03:00,VltClsSE,2160.85,1,2142.24,18.61,0.87,29.52,1.38,0,0.00,2860.65,0.29
2928,多头进场,2026-03-24 01:30,VltClsLE,2142.24,1,2142.24,18.61,0.87,29.52,1.38,0,0.00,2860.65,0.29
2929,空头出场,2026-03-24 04:30,VltClsLE,2166.53,1,2160.85,-5.68,-0.26,10.37,0.48,-17.89,-0.83,2854.97,0.29
2929,空头进场,2026-03-24 03:00,VltClsSE,2160.85,1,2160.85,-5.68,-0.26,10.37,0.48,-17.89,-0.83,2854.97,0.29
2930,多头出场,2026-03-24 05:00,VltClsSE,2155.79,1,2166.53,-10.74,-0.50,0.28,0.01,-10.74,-0.50,2844.23,0.28
2930,多头进场,2026-03-24 04:30,VltClsLE,2166.53,1,2166.53,-10.74,-0.50,0.28,0.01,-10.74,-0.50,2844.23,0.28
2931,空头出场,2026-03-24 05:30,VltClsLE,2160.91,1,2155.79,-5.12,-0.24,1.22,0.06,-5.12,-0.24,2839.11,0.28
2931,空头进场,2026-03-24 05:00,VltClsSE,2155.79,1,2155.79,-5.12,-0.24,1.22,0.06,-5.12,-0.24,2839.11,0.28
2932,多头出场,2026-03-24 06:00,VltClsSE,2153.22,1,2160.91,-7.69,-0.36,2.64,0.12,-7.69,-0.36,2831.42,0.28
2932,多头进场,2026-03-24 05:30,VltClsLE,2160.91,1,2160.91,-7.69,-0.36,2.64,0.12,-7.69,-0.36,2831.42,0.28
2933,空头出场,2026-03-24 09:15,VltClsLE,2148.19,1,2153.22,5.03,0.23,23.12,1.07,-3,-0.14,2836.45,0.28
2933,空头进场,2026-03-24 06:00,VltClsSE,2153.22,1,2153.22,5.03,0.23,23.12,1.07,-3,-0.14,2836.45,0.28
2934,多头出场,2026-03-24 09:30,VltClsSE,2140.13,1,2148.19,-8.06,-0.38,1.59,0.07,-8.06,-0.38,2828.39,0.28
2934,多头进场,2026-03-24 09:15,VltClsLE,2148.19,1,2148.19,-8.06,-0.38,1.59,0.07,-8.06,-0.38,2828.39,0.28
2935,空头出场,2026-03-24 09:45,VltClsLE,2140.74,1,2140.13,-0.61,-0.03,15.87,0.74,-0.61,-0.03,2827.78,0.28
2935,空头进场,2026-03-24 09:30,VltClsSE,2140.13,1,2140.13,-0.61,-0.03,15.87,0.74,-0.61,-0.03,2827.78,0.28
2936,多头出场,2026-03-24 12:15,VltClsSE,2140.95,1,2140.74,0.21,0.01,11.29,0.53,-10.04,-0.47,2827.99,0.28
2936,多头进场,2026-03-24 09:45,VltClsLE,2140.74,1,2140.74,0.21,0.01,11.29,0.53,-10.04,-0.47,2827.99,0.28
2937,空头出场,2026-03-24 13:15,VltClsLE,2136.36,1,2140.95,4.59,0.21,12.11,0.57,0,0.00,2832.58,0.28
2937,空头进场,2026-03-24 12:15,VltClsSE,2140.95,1,2140.95,4.59,0.21,12.11,0.57,0,0.00,2832.58,0.28
2938,多头出场,2026-03-24 15:30,VltClsSE,2153.74,1,2136.36,17.38,0.81,29.94,1.40,-6.81,-0.32,2849.96,0.28
2938,多头进场,2026-03-24 13:15,VltClsLE,2136.36,1,2136.36,17.38,0.81,29.94,1.40,-6.81,-0.32,2849.96,0.28
2939,空头出场,2026-03-24 15:45,VltClsLE,2163.21,1,2153.74,-9.47,-0.44,1.42,0.07,-9.47,-0.44,2840.49,0.28
2939,空头进场,2026-03-24 15:30,VltClsSE,2153.74,1,2153.74,-9.47,-0.44,1.42,0.07,-9.47,-0.44,2840.49,0.28
2940,多头出场,2026-03-24 16:15,VltClsSE,2154.49,1,2163.21,-8.72,-0.40,7.44,0.34,-8.72,-0.40,2831.77,0.28
2940,多头进场,2026-03-24 15:45,VltClsLE,2163.21,1,2163.21,-8.72,-0.40,7.44,0.34,-8.72,-0.40,2831.77,0.28
2941,空头出场,2026-03-24 16:30,VltClsLE,2162.86,1,2154.49,-8.37,-0.39,2.32,0.11,-8.37,-0.39,2823.4,0.28
2941,空头进场,2026-03-24 16:15,VltClsSE,2154.49,1,2154.49,-8.37,-0.39,2.32,0.11,-8.37,-0.39,2823.4,0.28
2942,多头出场,2026-03-24 19:00,VltClsSE,2156.74,1,2162.86,-6.12,-0.28,5.04,0.23,-15.5,-0.72,2817.28,0.28
2942,多头进场,2026-03-24 16:30,VltClsLE,2162.86,1,2162.86,-6.12,-0.28,5.04,0.23,-15.5,-0.72,2817.28,0.28
2943,空头出场,2026-03-24 19:30,VltClsLE,2166.36,1,2156.74,-9.62,-0.45,4.61,0.21,-9.62,-0.45,2807.66,0.28
2943,空头进场,2026-03-24 19:00,VltClsSE,2156.74,1,2156.74,-9.62,-0.45,4.61,0.21,-9.62,-0.45,2807.66,0.28
2944,多头出场,2026-03-24 19:45,VltClsSE,2164.83,1,2166.36,-1.53,-0.07,8.8,0.41,-1.53,-0.07,2806.13,0.28
2944,多头进场,2026-03-24 19:30,VltClsLE,2166.36,1,2166.36,-1.53,-0.07,8.8,0.41,-1.53,-0.07,2806.13,0.28
2945,空头出场,2026-03-24 21:30,VltClsLE,2156.68,1,2164.83,8.15,0.38,15.83,0.73,-5.69,-0.26,2814.28,0.28
2945,空头进场,2026-03-24 19:45,VltClsSE,2164.83,1,2164.83,8.15,0.38,15.83,0.73,-5.69,-0.26,2814.28,0.28
2946,多头出场,2026-03-24 22:00,VltClsSE,2128.11,1,2156.68,-28.57,-1.32,4.37,0.20,-28.57,-1.32,2785.71,0.28
2946,多头进场,2026-03-24 21:30,VltClsLE,2156.68,1,2156.68,-28.57,-1.32,4.37,0.20,-28.57,-1.32,2785.71,0.28
2947,空头出场,2026-03-25 02:30,VltClsLE,2124.34,1,2128.11,3.77,0.18,25.09,1.18,-19.63,-0.92,2789.48,0.28
2947,空头进场,2026-03-24 22:00,VltClsSE,2128.11,1,2128.11,3.77,0.18,25.09,1.18,-19.63,-0.92,2789.48,0.28
2948,多头出场,2026-03-25 03:45,VltClsSE,2114.64,1,2124.34,-9.7,-0.46,3.56,0.17,-9.7,-0.46,2779.78,0.28
2948,多头进场,2026-03-25 02:30,VltClsLE,2124.34,1,2124.34,-9.7,-0.46,3.56,0.17,-9.7,-0.46,2779.78,0.28
2949,空头出场,2026-03-25 04:15,VltClsLE,2125.64,1,2114.64,-11,-0.52,0.27,0.01,-11,-0.52,2768.78,0.28
2949,空头进场,2026-03-25 03:45,VltClsSE,2114.64,1,2114.64,-11,-0.52,0.27,0.01,-11,-0.52,2768.78,0.28
2950,多头出场,2026-03-25 06:15,VltClsSE,2149.08,1,2125.64,23.44,1.10,30.18,1.42,0,0.00,2792.22,0.28
2950,多头进场,2026-03-25 04:15,VltClsLE,2125.64,1,2125.64,23.44,1.10,30.18,1.42,0,0.00,2792.22,0.28
2951,空头出场,2026-03-25 07:00,VltClsLE,2151.05,1,2149.08,-1.97,-0.09,8.41,0.39,-1.97,-0.09,2790.25,0.28
2951,空头进场,2026-03-25 06:15,VltClsSE,2149.08,1,2149.08,-1.97,-0.09,8.41,0.39,-1.97,-0.09,2790.25,0.28
2952,多头出场,2026-03-25 08:15,VltClsSE,2154.94,1,2151.05,3.89,0.18,12.65,0.59,-1.54,-0.07,2794.14,0.28
2952,多头进场,2026-03-25 07:00,VltClsLE,2151.05,1,2151.05,3.89,0.18,12.65,0.59,-1.54,-0.07,2794.14,0.28
2953,空头出场,2026-03-25 08:30,VltClsLE,2160.29,1,2154.94,-5.35,-0.25,8.59,0.40,-5.35,-0.25,2788.79,0.28
2953,空头进场,2026-03-25 08:15,VltClsSE,2154.94,1,2154.94,-5.35,-0.25,8.59,0.40,-5.35,-0.25,2788.79,0.28
2954,多头出场,2026-03-25 10:45,VltClsSE,2155.71,1,2160.29,-4.58,-0.21,8.34,0.39,-6.71,-0.31,2784.21,0.28
2954,多头进场,2026-03-25 08:30,VltClsLE,2160.29,1,2160.29,-4.58,-0.21,8.34,0.39,-6.71,-0.31,2784.21,0.28
2955,空头出场,2026-03-25 11:30,VltClsLE,2157.33,1,2155.71,-1.62,-0.08,8.71,0.40,-1.62,-0.08,2782.59,0.28
2955,空头进场,2026-03-25 10:45,VltClsSE,2155.71,1,2155.71,-1.62,-0.08,8.71,0.40,-1.62,-0.08,2782.59,0.28
2956,多头出场,2026-03-25 14:00,VltClsSE,2163.46,1,2157.33,6.13,0.28,22.4,1.04,-0.5,-0.02,2788.72,0.28
2956,多头进场,2026-03-25 11:30,VltClsLE,2157.33,1,2157.33,6.13,0.28,22.4,1.04,-0.5,-0.02,2788.72,0.28
2957,空头出场,2026-03-25 14:15,VltClsLE,2170.98,1,2163.46,-7.52,-0.35,0,0.00,-7.52,-0.35,2781.2,0.28
2957,空头进场,2026-03-25 14:00,VltClsSE,2163.46,1,2163.46,-7.52,-0.35,0,0.00,-7.52,-0.35,2781.2,0.28
2958,多头出场,2026-03-25 14:45,VltClsSE,2167.08,1,2170.98,-3.9,-0.18,2.21,0.10,-3.9,-0.18,2777.3,0.28
2958,多头进场,2026-03-25 14:15,VltClsLE,2170.98,1,2170.98,-3.9,-0.18,2.21,0.10,-3.9,-0.18,2777.3,0.28
2959,空头出场,2026-03-25 15:00,VltClsLE,2168.58,1,2167.08,-1.5,-0.07,3.83,0.18,-1.5,-0.07,2775.8,0.28
2959,空头进场,2026-03-25 14:45,VltClsSE,2167.08,1,2167.08,-1.5,-0.07,3.83,0.18,-1.5,-0.07,2775.8,0.28
2960,多头出场,2026-03-25 15:45,VltClsSE,2165.24,1,2168.58,-3.34,-0.15,8.91,0.41,-3.34,-0.15,2772.46,0.28
2960,多头进场,2026-03-25 15:00,VltClsLE,2168.58,1,2168.58,-3.34,-0.15,8.91,0.41,-3.34,-0.15,2772.46,0.28
2961,空头出场,2026-03-25 16:15,VltClsLE,2170.86,1,2165.24,-5.62,-0.26,5.43,0.25,-5.62,-0.26,2766.84,0.28
2961,空头进场,2026-03-25 15:45,VltClsSE,2165.24,1,2165.24,-5.62,-0.26,5.43,0.25,-5.62,-0.26,2766.84,0.28
2962,多头出场,2026-03-25 19:45,VltClsSE,2187.04,1,2170.86,16.18,0.75,28.16,1.30,0,0.00,2783.02,0.28
2962,多头进场,2026-03-25 16:15,VltClsLE,2170.86,1,2170.86,16.18,0.75,28.16,1.30,0,0.00,2783.02,0.28
2963,空头出场,2026-03-25 20:00,VltClsLE,2191.91,1,2187.04,-4.87,-0.22,7.56,0.35,-4.87,-0.22,2778.15,0.28
2963,空头进场,2026-03-25 19:45,VltClsSE,2187.04,1,2187.04,-4.87,-0.22,7.56,0.35,-4.87,-0.22,2778.15,0.28
2964,多头出场,2026-03-25 20:15,VltClsSE,2185.02,1,2191.91,-6.89,-0.31,1.68,0.08,-6.89,-0.31,2771.26,0.28
2964,多头进场,2026-03-25 20:00,VltClsLE,2191.91,1,2191.91,-6.89,-0.31,1.68,0.08,-6.89,-0.31,2771.26,0.28
2965,空头出场,2026-03-25 20:45,VltClsLE,2181.62,1,2185.02,3.4,0.16,20,0.92,0,0.00,2774.66,0.28
2965,空头进场,2026-03-25 20:15,VltClsSE,2185.02,1,2185.02,3.4,0.16,20,0.92,0,0.00,2774.66,0.28
2966,多头出场,2026-03-25 23:00,VltClsSE,2167.01,1,2181.62,-14.61,-0.67,16.54,0.76,-14.61,-0.67,2760.05,0.28
2966,多头进场,2026-03-25 20:45,VltClsLE,2181.62,1,2181.62,-14.61,-0.67,16.54,0.76,-14.61,-0.67,2760.05,0.28
2967,空头出场,2026-03-26 00:15,VltClsLE,2169.66,1,2167.01,-2.65,-0.12,19.34,0.89,-2.65,-0.12,2757.4,0.28
2967,空头进场,2026-03-25 23:00,VltClsSE,2167.01,1,2167.01,-2.65,-0.12,19.34,0.89,-2.65,-0.12,2757.4,0.28
2968,多头出场,2026-03-26 02:30,VltClsSE,2164.37,1,2169.66,-5.29,-0.24,17.19,0.79,-9,-0.41,2752.11,0.28
2968,多头进场,2026-03-26 00:15,VltClsLE,2169.66,1,2169.66,-5.29,-0.24,17.19,0.79,-9,-0.41,2752.11,0.28
2969,空头出场,2026-03-26 03:00,VltClsLE,2167.87,1,2164.37,-3.5,-0.16,6.52,0.30,-3.66,-0.17,2748.61,0.27
2969,空头进场,2026-03-26 02:30,VltClsSE,2164.37,1,2164.37,-3.5,-0.16,6.52,0.30,-3.66,-0.17,2748.61,0.27
2970,多头出场,2026-03-26 04:00,VltClsSE,2166.79,1,2167.87,-1.08,-0.05,8.51,0.39,-1.08,-0.05,2747.53,0.27
2970,多头进场,2026-03-26 03:00,VltClsLE,2167.87,1,2167.87,-1.08,-0.05,8.51,0.39,-1.08,-0.05,2747.53,0.27
2971,空头出场,2026-03-26 06:00,VltClsLE,2167.12,1,2166.79,-0.33,-0.02,7.37,0.34,-2.74,-0.13,2747.2,0.27
2971,空头进场,2026-03-26 04:00,VltClsSE,2166.79,1,2166.79,-0.33,-0.02,7.37,0.34,-2.74,-0.13,2747.2,0.27
2972,多头出场,2026-03-26 07:30,VltClsSE,2167.58,1,2167.12,0.46,0.02,16.38,0.76,-5.25,-0.24,2747.66,0.27
2972,多头进场,2026-03-26 06:00,VltClsLE,2167.12,1,2167.12,0.46,0.02,16.38,0.76,-5.25,-0.24,2747.66,0.27
2973,空头出场,2026-03-26 09:15,VltClsLE,2168.61,1,2167.58,-1.03,-0.05,7.58,0.35,-4.61,-0.21,2746.63,0.27
2973,空头进场,2026-03-26 07:30,VltClsSE,2167.58,1,2167.58,-1.03,-0.05,7.58,0.35,-4.61,-0.21,2746.63,0.27
2974,多头出场,2026-03-26 10:00,VltClsSE,2159.78,1,2168.61,-8.83,-0.41,0.4,0.02,-8.83,-0.41,2737.8,0.27
2974,多头进场,2026-03-26 09:15,VltClsLE,2168.61,1,2168.61,-8.83,-0.41,0.4,0.02,-8.83,-0.41,2737.8,0.27
2975,空头出场,2026-03-26 11:00,VltClsLE,2154.88,1,2159.78,4.9,0.23,15.73,0.73,-0.22,-0.01,2742.7,0.27
2975,空头进场,2026-03-26 10:00,VltClsSE,2159.78,1,2159.78,4.9,0.23,15.73,0.73,-0.22,-0.01,2742.7,0.27
2976,多头出场,2026-03-26 11:15,VltClsSE,2149.56,1,2154.88,-5.32,-0.25,0.68,0.03,-5.32,-0.25,2737.38,0.27
2976,多头进场,2026-03-26 11:00,VltClsLE,2154.88,1,2154.88,-5.32,-0.25,0.68,0.03,-5.32,-0.25,2737.38,0.27
2977,空头出场,2026-03-26 15:30,VltClsLE,2122.07,1,2149.56,27.49,1.28,37.39,1.74,-5.02,-0.23,2764.87,0.28
2977,空头进场,2026-03-26 11:15,VltClsSE,2149.56,1,2149.56,27.49,1.28,37.39,1.74,-5.02,-0.23,2764.87,0.28
2978,多头出场,2026-03-26 16:00,VltClsSE,2118.94,1,2122.07,-3.13,-0.15,4.82,0.23,-3.13,-0.15,2761.74,0.28
2978,多头进场,2026-03-26 15:30,VltClsLE,2122.07,1,2122.07,-3.13,-0.15,4.82,0.23,-3.13,-0.15,2761.74,0.28
2979,空头出场,2026-03-26 16:45,VltClsLE,2121.54,1,2118.94,-2.6,-0.12,4.72,0.22,-2.6,-0.12,2759.14,0.28
2979,空头进场,2026-03-26 16:00,VltClsSE,2118.94,1,2118.94,-2.6,-0.12,4.72,0.22,-2.6,-0.12,2759.14,0.28
2980,多头出场,2026-03-26 17:30,VltClsSE,2113.04,1,2121.54,-8.5,-0.40,0.33,0.02,-8.5,-0.40,2750.64,0.28
2980,多头进场,2026-03-26 16:45,VltClsLE,2121.54,1,2121.54,-8.5,-0.40,0.33,0.02,-8.5,-0.40,2750.64,0.28
2981,空头出场,2026-03-26 21:00,VltClsLE,2077.63,1,2113.04,35.41,1.68,50.1,2.37,0,0.00,2786.05,0.28
2981,空头进场,2026-03-26 17:30,VltClsSE,2113.04,1,2113.04,35.41,1.68,50.1,2.37,0,0.00,2786.05,0.28
2982,多头出场,2026-03-26 21:30,VltClsSE,2072.72,1,2077.63,-4.91,-0.24,5.85,0.28,-4.91,-0.24,2781.14,0.28
2982,多头进场,2026-03-26 21:00,VltClsLE,2077.63,1,2077.63,-4.91,-0.24,5.85,0.28,-4.91,-0.24,2781.14,0.28
2983,空头出场,2026-03-26 21:45,VltClsLE,2089.15,1,2072.72,-16.43,-0.79,3.26,0.16,-16.43,-0.79,2764.71,0.28
2983,空头进场,2026-03-26 21:30,VltClsSE,2072.72,1,2072.72,-16.43,-0.79,3.26,0.16,-16.43,-0.79,2764.71,0.28
2984,多头出场,2026-03-26 22:45,VltClsSE,2068.64,1,2089.15,-20.51,-0.98,4.64,0.22,-20.51,-0.98,2744.2,0.27
2984,多头进场,2026-03-26 21:45,VltClsLE,2089.15,1,2089.15,-20.51,-0.98,4.64,0.22,-20.51,-0.98,2744.2,0.27
2985,空头出场,2026-03-26 23:15,VltClsLE,2067.87,1,2068.64,0.77,0.04,16.63,0.80,-8.08,-0.39,2744.97,0.27
2985,空头进场,2026-03-26 22:45,VltClsSE,2068.64,1,2068.64,0.77,0.04,16.63,0.80,-8.08,-0.39,2744.97,0.27
2986,多头出场,2026-03-27 00:45,VltClsSE,2060.7,1,2067.87,-7.17,-0.35,7.63,0.37,-7.17,-0.35,2737.8,0.27
2986,多头进场,2026-03-26 23:15,VltClsLE,2067.87,1,2067.87,-7.17,-0.35,7.63,0.37,-7.17,-0.35,2737.8,0.27
2987,空头出场,2026-03-27 01:00,VltClsLE,2066.09,1,2060.7,-5.39,-0.26,0.76,0.04,-5.39,-0.26,2732.41,0.27
2987,空头进场,2026-03-27 00:45,VltClsSE,2060.7,1,2060.7,-5.39,-0.26,0.76,0.04,-5.39,-0.26,2732.41,0.27
2988,多头出场,2026-03-27 01:45,VltClsSE,2062.68,1,2066.09,-3.41,-0.17,4.42,0.21,-3.41,-0.17,2729,0.27
2988,多头进场,2026-03-27 01:00,VltClsLE,2066.09,1,2066.09,-3.41,-0.17,4.42,0.21,-3.41,-0.17,2729,0.27
2989,空头出场,2026-03-27 03:30,VltClsLE,2048.59,1,2062.68,14.09,0.68,28.14,1.36,0,0.00,2743.09,0.27
2989,空头进场,2026-03-27 01:45,VltClsSE,2062.68,1,2062.68,14.09,0.68,28.14,1.36,0,0.00,2743.09,0.27
2990,多头出场,2026-03-27 06:15,VltClsSE,2064.04,1,2048.59,15.45,0.75,31.83,1.55,-2.05,-0.10,2758.54,0.28
2990,多头进场,2026-03-27 03:30,VltClsLE,2048.59,1,2048.59,15.45,0.75,31.83,1.55,-2.05,-0.10,2758.54,0.28
2991,空头出场,2026-03-27 08:00,VltClsLE,2064.51,1,2064.04,-0.47,-0.02,9.16,0.44,-5.56,-0.27,2758.07,0.28
2991,空头进场,2026-03-27 06:15,VltClsSE,2064.04,1,2064.04,-0.47,-0.02,9.16,0.44,-5.56,-0.27,2758.07,0.28
2992,多头出场,2026-03-27 08:15,VltClsSE,2061.63,1,2064.51,-2.88,-0.14,3.15,0.15,-2.88,-0.14,2755.19,0.28
2992,多头进场,2026-03-27 08:00,VltClsLE,2064.51,1,2064.51,-2.88,-0.14,3.15,0.15,-2.88,-0.14,2755.19,0.28
2993,空头出场,2026-03-27 08:30,VltClsLE,2065.49,1,2061.63,-3.86,-0.19,4.83,0.23,-3.86,-0.19,2751.33,0.28
2993,空头进场,2026-03-27 08:15,VltClsSE,2061.63,1,2061.63,-3.86,-0.19,4.83,0.23,-3.86,-0.19,2751.33,0.28
2994,多头出场,2026-03-27 10:30,VltClsSE,2069.82,1,2065.49,4.33,0.21,11.7,0.57,-5.81,-0.28,2755.66,0.28
2994,多头进场,2026-03-27 08:30,VltClsLE,2065.49,1,2065.49,4.33,0.21,11.7,0.57,-5.81,-0.28,2755.66,0.28
2995,空头出场,2026-03-27 13:00,VltClsLE,2058.37,1,2069.82,11.45,0.55,26.33,1.27,-0.95,-0.05,2767.11,0.28
2995,空头进场,2026-03-27 10:30,VltClsSE,2069.82,1,2069.82,11.45,0.55,26.33,1.27,-0.95,-0.05,2767.11,0.28
2996,多头出场,2026-03-27 14:45,VltClsSE,2061.44,1,2058.37,3.07,0.15,9.7,0.47,-1.9,-0.09,2770.18,0.28
2996,多头进场,2026-03-27 13:00,VltClsLE,2058.37,1,2058.37,3.07,0.15,9.7,0.47,-1.9,-0.09,2770.18,0.28
2997,空头出场,2026-03-27 15:00,VltClsLE,2066.03,1,2061.44,-4.59,-0.22,1.45,0.07,-4.59,-0.22,2765.59,0.28
2997,空头进场,2026-03-27 14:45,VltClsSE,2061.44,1,2061.44,-4.59,-0.22,1.45,0.07,-4.59,-0.22,2765.59,0.28
2998,多头出场,2026-03-27 15:30,VltClsSE,2066.05,1,2066.03,0.02,0.00,6.33,0.31,0,0.00,2765.61,0.28
2998,多头进场,2026-03-27 15:00,VltClsLE,2066.03,1,2066.03,0.02,0.00,6.33,0.31,0,0.00,2765.61,0.28
2999,空头出场,2026-03-27 16:45,VltClsLE,2051.81,1,2066.05,14.24,0.69,31.72,1.54,-5.32,-0.26,2779.85,0.28
2999,空头进场,2026-03-27 15:30,VltClsSE,2066.05,1,2066.05,14.24,0.69,31.72,1.54,-5.32,-0.26,2779.85,0.28
3000,多头出场,2026-03-27 17:00,VltClsSE,2039.19,1,2051.81,-12.62,-0.62,1.83,0.09,-12.62,-0.62,2767.23,0.28
3000,多头进场,2026-03-27 16:45,VltClsLE,2051.81,1,2051.81,-12.62,-0.62,1.83,0.09,-12.62,-0.62,2767.23,0.28
3001,空头出场,2026-03-27 17:15,VltClsLE,2051.39,1,2039.19,-12.2,-0.60,2.71,0.13,-12.2,-0.60,2755.03,0.28
3001,空头进场,2026-03-27 17:00,VltClsSE,2039.19,1,2039.19,-12.2,-0.60,2.71,0.13,-12.2,-0.60,2755.03,0.28
3002,多头出场,2026-03-27 18:30,VltClsSE,2037.89,1,2051.39,-13.5,-0.66,0.29,0.01,-13.99,-0.68,2741.53,0.27
3002,多头进场,2026-03-27 17:15,VltClsLE,2051.39,1,2051.39,-13.5,-0.66,0.29,0.01,-13.99,-0.68,2741.53,0.27
3003,空头出场,2026-03-27 21:15,VltClsLE,1995.22,1,2037.89,42.67,2.09,55.7,2.73,0,0.00,2784.2,0.28
3003,空头进场,2026-03-27 18:30,VltClsSE,2037.89,1,2037.89,42.67,2.09,55.7,2.73,0,0.00,2784.2,0.28
3004,多头出场,2026-03-27 21:30,VltClsSE,1991.17,1,1995.22,-4.05,-0.20,2.2,0.11,-4.05,-0.20,2780.15,0.28
3004,多头进场,2026-03-27 21:15,VltClsLE,1995.22,1,1995.22,-4.05,-0.20,2.2,0.11,-4.05,-0.20,2780.15,0.28
3005,空头出场,2026-03-27 22:00,VltClsLE,1988.63,1,1991.17,2.54,0.13,20.17,1.01,0,0.00,2782.69,0.28
3005,空头进场,2026-03-27 21:30,VltClsSE,1991.17,1,1991.17,2.54,0.13,20.17,1.01,0,0.00,2782.69,0.28
3006,多头出场,2026-03-27 22:15,VltClsSE,1976.79,1,1988.63,-11.84,-0.60,0.54,0.03,-11.84,-0.60,2770.85,0.28
3006,多头进场,2026-03-27 22:00,VltClsLE,1988.63,1,1988.63,-11.84,-0.60,0.54,0.03,-11.84,-0.60,2770.85,0.28
3007,空头出场,2026-03-27 23:15,VltClsLE,1998.41,1,1976.79,-21.62,-1.09,5.86,0.30,-21.62,-1.09,2749.23,0.27
3007,空头进场,2026-03-27 22:15,VltClsSE,1976.79,1,1976.79,-21.62,-1.09,5.86,0.30,-21.62,-1.09,2749.23,0.27
3008,多头出场,2026-03-27 23:45,VltClsSE,1990.64,1,1998.41,-7.77,-0.39,12.04,0.60,-7.77,-0.39,2741.46,0.27
3008,多头进场,2026-03-27 23:15,VltClsLE,1998.41,1,1998.41,-7.77,-0.39,12.04,0.60,-7.77,-0.39,2741.46,0.27
3009,空头出场,2026-03-28 01:00,VltClsLE,1993.67,1,1990.64,-3.03,-0.15,10.39,0.52,-3.03,-0.15,2738.43,0.27
3009,空头进场,2026-03-27 23:45,VltClsSE,1990.64,1,1990.64,-3.03,-0.15,10.39,0.52,-3.03,-0.15,2738.43,0.27
3010,多头出场,2026-03-28 01:15,VltClsSE,1986.76,1,1993.67,-6.91,-0.35,3.93,0.20,-6.91,-0.35,2731.52,0.27
3010,多头进场,2026-03-28 01:00,VltClsLE,1993.67,1,1993.67,-6.91,-0.35,3.93,0.20,-6.91,-0.35,2731.52,0.27
3011,空头出场,2026-03-28 03:15,VltClsLE,1987.21,1,1986.76,-0.45,-0.02,12.28,0.62,-0.45,-0.02,2731.07,0.27
3011,空头进场,2026-03-28 01:15,VltClsSE,1986.76,1,1986.76,-0.45,-0.02,12.28,0.62,-0.45,-0.02,2731.07,0.27
3012,多头出场,2026-03-28 04:15,VltClsSE,1987.45,1,1987.21,0.24,0.01,10.52,0.53,0,0.00,2731.31,0.27
3012,多头进场,2026-03-28 03:15,VltClsLE,1987.21,1,1987.21,0.24,0.01,10.52,0.53,0,0.00,2731.31,0.27
3013,空头出场,2026-03-28 04:45,VltClsLE,1988.41,1,1987.45,-0.96,-0.05,7.45,0.37,-0.96,-0.05,2730.35,0.27
3013,空头进场,2026-03-28 04:15,VltClsSE,1987.45,1,1987.45,-0.96,-0.05,7.45,0.37,-0.96,-0.05,2730.35,0.27
3014,多头出场,2026-03-28 06:00,VltClsSE,1982.06,1,1988.41,-6.35,-0.32,2.67,0.13,-6.35,-0.32,2724,0.27
3014,多头进场,2026-03-28 04:45,VltClsLE,1988.41,1,1988.41,-6.35,-0.32,2.67,0.13,-6.35,-0.32,2724,0.27
3015,空头出场,2026-03-28 07:15,VltClsLE,1988.72,1,1982.06,-6.66,-0.34,1.52,0.08,-6.66,-0.34,2717.34,0.27
3015,空头进场,2026-03-28 06:00,VltClsSE,1982.06,1,1982.06,-6.66,-0.34,1.52,0.08,-6.66,-0.34,2717.34,0.27
3016,多头出场,2026-03-28 08:00,VltClsSE,1990.04,1,1988.72,1.32,0.07,5.13,0.26,-0.59,-0.03,2718.66,0.27
3016,多头进场,2026-03-28 07:15,VltClsLE,1988.72,1,1988.72,1.32,0.07,5.13,0.26,-0.59,-0.03,2718.66,0.27
3017,空头出场,2026-03-28 08:30,VltClsLE,1994.71,1,1990.04,-4.67,-0.23,0.36,0.02,-4.67,-0.23,2713.99,0.27
3017,空头进场,2026-03-28 08:00,VltClsSE,1990.04,1,1990.04,-4.67,-0.23,0.36,0.02,-4.67,-0.23,2713.99,0.27
3018,多头出场,2026-03-28 09:00,VltClsSE,1990.21,1,1994.71,-4.5,-0.23,0.45,0.02,-4.5,-0.23,2709.49,0.27
3018,多头进场,2026-03-28 08:30,VltClsLE,1994.71,1,1994.71,-4.5,-0.23,0.45,0.02,-4.5,-0.23,2709.49,0.27
3019,空头出场,2026-03-28 12:15,VltClsLE,1990.25,1,1990.21,-0.04,0.00,7.04,0.35,-3.48,-0.17,2709.45,0.27
3019,空头进场,2026-03-28 09:00,VltClsSE,1990.21,1,1990.21,-0.04,0.00,7.04,0.35,-3.48,-0.17,2709.45,0.27
3020,多头出场,2026-03-28 13:00,VltClsSE,1988.91,1,1990.25,-1.34,-0.07,2.26,0.11,-1.34,-0.07,2708.11,0.27
3020,多头进场,2026-03-28 12:15,VltClsLE,1990.25,1,1990.25,-1.34,-0.07,2.26,0.11,-1.34,-0.07,2708.11,0.27
3021,空头出场,2026-03-28 13:15,VltClsLE,1991.9,1,1988.91,-2.99,-0.15,0.59,0.03,-2.99,-0.15,2705.12,0.27
3021,空头进场,2026-03-28 13:00,VltClsSE,1988.91,1,1988.91,-2.99,-0.15,0.59,0.03,-2.99,-0.15,2705.12,0.27
3022,多头出场,2026-03-28 16:30,VltClsSE,2002.24,1,1991.9,10.34,0.52,16.45,0.83,0,0.00,2715.46,0.27
3022,多头进场,2026-03-28 13:15,VltClsLE,1991.9,1,1991.9,10.34,0.52,16.45,0.83,0,0.00,2715.46,0.27
3023,空头出场,2026-03-28 18:00,VltClsLE,2002.1,1,2002.24,0.14,0.01,6.64,0.33,-0.54,-0.03,2715.6,0.27
3023,空头进场,2026-03-28 16:30,VltClsSE,2002.24,1,2002.24,0.14,0.01,6.64,0.33,-0.54,-0.03,2715.6,0.27
3024,多头出场,2026-03-28 18:15,VltClsSE,1997.66,1,2002.1,-4.44,-0.22,2.47,0.12,-4.44,-0.22,2711.16,0.27
3024,多头进场,2026-03-28 18:00,VltClsLE,2002.1,1,2002.1,-4.44,-0.22,2.47,0.12,-4.44,-0.22,2711.16,0.27
3025,空头出场,2026-03-28 19:45,VltClsLE,2000.24,1,1997.66,-2.58,-0.13,4.89,0.24,-2.58,-0.13,2708.58,0.27
3025,空头进场,2026-03-28 18:15,VltClsSE,1997.66,1,1997.66,-2.58,-0.13,4.89,0.24,-2.58,-0.13,2708.58,0.27
3026,多头出场,2026-03-28 20:30,VltClsSE,1999.51,1,2000.24,-0.73,-0.04,4.26,0.21,-4.43,-0.22,2707.85,0.27
3026,多头进场,2026-03-28 19:45,VltClsLE,2000.24,1,2000.24,-0.73,-0.04,4.26,0.21,-4.43,-0.22,2707.85,0.27
3027,空头出场,2026-03-28 20:45,VltClsLE,1999.52,1,1999.51,-0.01,0.00,7.26,0.36,-0.01,0.00,2707.84,0.27
3027,空头进场,2026-03-28 20:30,VltClsSE,1999.51,1,1999.51,-0.01,0.00,7.26,0.36,-0.01,0.00,2707.84,0.27
3028,多头出场,2026-03-29 01:30,VltClsSE,2017.99,1,1999.52,18.47,0.92,47.93,2.40,-0.22,-0.01,2726.31,0.27
3028,多头进场,2026-03-28 20:45,VltClsLE,1999.52,1,1999.52,18.47,0.92,47.93,2.40,-0.22,-0.01,2726.31,0.27
3029,空头出场,2026-03-29 02:00,VltClsLE,2024.36,1,2017.99,-6.37,-0.32,1.49,0.07,-6.37,-0.32,2719.94,0.27
3029,空头进场,2026-03-29 01:30,VltClsSE,2017.99,1,2017.99,-6.37,-0.32,1.49,0.07,-6.37,-0.32,2719.94,0.27
3030,多头出场,2026-03-29 03:00,VltClsSE,2019.62,1,2024.36,-4.74,-0.23,0.3,0.01,-4.74,-0.23,2715.2,0.27
3030,多头进场,2026-03-29 02:00,VltClsLE,2024.36,1,2024.36,-4.74,-0.23,0.3,0.01,-4.74,-0.23,2715.2,0.27
3031,空头出场,2026-03-29 04:00,VltClsLE,2022.56,1,2019.62,-2.94,-0.15,2.61,0.13,-2.94,-0.15,2712.26,0.27
3031,空头进场,2026-03-29 03:00,VltClsSE,2019.62,1,2019.62,-2.94,-0.15,2.61,0.13,-2.94,-0.15,2712.26,0.27
3032,多头出场,2026-03-29 04:15,VltClsSE,2023.23,1,2022.56,0.67,0.03,3.92,0.19,0,0.00,2712.93,0.27
3032,多头进场,2026-03-29 04:00,VltClsLE,2022.56,1,2022.56,0.67,0.03,3.92,0.19,0,0.00,2712.93,0.27
3033,空头出场,2026-03-29 04:30,VltClsLE,2025.62,1,2023.23,-2.39,-0.12,0.97,0.05,-2.39,-0.12,2710.54,0.27
3033,空头进场,2026-03-29 04:15,VltClsSE,2023.23,1,2023.23,-2.39,-0.12,0.97,0.05,-2.39,-0.12,2710.54,0.27
3034,多头出场,2026-03-29 05:00,VltClsSE,2022.21,1,2025.62,-3.41,-0.17,0.21,0.01,-3.41,-0.17,2707.13,0.27
3034,多头进场,2026-03-29 04:30,VltClsLE,2025.62,1,2025.62,-3.41,-0.17,0.21,0.01,-3.41,-0.17,2707.13,0.27
3035,空头出场,2026-03-29 06:15,VltClsLE,2011.02,1,2022.21,11.19,0.55,16.83,0.83,-0.58,-0.03,2718.32,0.27
3035,空头进场,2026-03-29 05:00,VltClsSE,2022.21,1,2022.21,11.19,0.55,16.83,0.83,-0.58,-0.03,2718.32,0.27
3036,多头出场,2026-03-29 07:00,VltClsSE,2006.94,1,2011.02,-4.08,-0.20,2.12,0.11,-4.08,-0.20,2714.24,0.27
3036,多头进场,2026-03-29 06:15,VltClsLE,2011.02,1,2011.02,-4.08,-0.20,2.12,0.11,-4.08,-0.20,2714.24,0.27
3037,空头出场,2026-03-29 08:45,VltClsLE,1998.12,1,2006.94,8.82,0.44,17.3,0.86,0,0.00,2723.06,0.27
3037,空头进场,2026-03-29 07:00,VltClsSE,2006.94,1,2006.94,8.82,0.44,17.3,0.86,0,0.00,2723.06,0.27
3038,多头出场,2026-03-29 09:30,VltClsSE,1999.68,1,1998.12,1.56,0.08,9.49,0.47,-0.34,-0.02,2724.62,0.27
3038,多头进场,2026-03-29 08:45,VltClsLE,1998.12,1,1998.12,1.56,0.08,9.49,0.47,-0.34,-0.02,2724.62,0.27
3039,空头出场,2026-03-29 10:45,VltClsLE,2009.78,1,1999.68,-10.1,-0.51,0.47,0.02,-10.1,-0.51,2714.52,0.27
3039,空头进场,2026-03-29 09:30,VltClsSE,1999.68,1,1999.68,-10.1,-0.51,0.47,0.02,-10.1,-0.51,2714.52,0.27
3040,多头出场,2026-03-29 12:15,VltClsSE,2008.68,1,2009.78,-1.1,-0.05,9.87,0.49,-2.74,-0.14,2713.42,0.27
3040,多头进场,2026-03-29 10:45,VltClsLE,2009.78,1,2009.78,-1.1,-0.05,9.87,0.49,-2.74,-0.14,2713.42,0.27
3041,空头出场,2026-03-29 13:45,VltClsLE,2004.46,1,2008.68,4.22,0.21,11.01,0.55,0,0.00,2717.64,0.27
3041,空头进场,2026-03-29 12:15,VltClsSE,2008.68,1,2008.68,4.22,0.21,11.01,0.55,0,0.00,2717.64,0.27
3042,多头出场,2026-03-29 14:15,VltClsSE,2001.79,1,2004.46,-2.67,-0.13,3.87,0.19,-2.67,-0.13,2714.97,0.27
3042,多头进场,2026-03-29 13:45,VltClsLE,2004.46,1,2004.46,-2.67,-0.13,3.87,0.19,-2.67,-0.13,2714.97,0.27
3043,空头出场,2026-03-29 14:45,VltClsLE,2006.69,1,2001.79,-4.9,-0.24,1.77,0.09,-4.9,-0.24,2710.07,0.27
3043,空头进场,2026-03-29 14:15,VltClsSE,2001.79,1,2001.79,-4.9,-0.24,1.77,0.09,-4.9,-0.24,2710.07,0.27
3044,多头出场,2026-03-29 15:00,VltClsSE,2001.72,1,2006.69,-4.97,-0.25,0.26,0.01,-4.97,-0.25,2705.1,0.27
3044,多头进场,2026-03-29 14:45,VltClsLE,2006.69,1,2006.69,-4.97,-0.25,0.26,0.01,-4.97,-0.25,2705.1,0.27
3045,空头出场,2026-03-29 15:45,VltClsLE,2006.49,1,2001.72,-4.77,-0.24,1.68,0.08,-4.77,-0.24,2700.33,0.27
3045,空头进场,2026-03-29 15:00,VltClsSE,2001.72,1,2001.72,-4.77,-0.24,1.68,0.08,-4.77,-0.24,2700.33,0.27
3046,多头出场,2026-03-29 16:00,VltClsSE,2003.05,1,2006.49,-3.44,-0.17,3.42,0.17,-3.44,-0.17,2696.89,0.27
3046,多头进场,2026-03-29 15:45,VltClsLE,2006.49,1,2006.49,-3.44,-0.17,3.42,0.17,-3.44,-0.17,2696.89,0.27
3047,空头出场,2026-03-29 19:00,VltClsLE,1998.45,1,2003.05,4.6,0.23,11.15,0.56,-3.35,-0.17,2701.49,0.27
3047,空头进场,2026-03-29 16:00,VltClsSE,2003.05,1,2003.05,4.6,0.23,11.15,0.56,-3.35,-0.17,2701.49,0.27
3048,多头出场,2026-03-29 20:30,VltClsSE,1999.97,1,1998.45,1.52,0.08,9.71,0.49,0,0.00,2703.01,0.27
3048,多头进场,2026-03-29 19:00,VltClsLE,1998.45,1,1998.45,1.52,0.08,9.71,0.49,0,0.00,2703.01,0.27
3049,空头出场,2026-03-29 20:45,VltClsLE,2002.07,1,1999.97,-2.1,-0.11,2.15,0.11,-2.1,-0.11,2700.91,0.27
3049,空头进场,2026-03-29 20:30,VltClsSE,1999.97,1,1999.97,-2.1,-0.11,2.15,0.11,-2.1,-0.11,2700.91,0.27
3050,多头出场,2026-03-29 21:00,VltClsSE,1998.58,1,2002.07,-3.49,-0.17,1.04,0.05,-3.49,-0.17,2697.42,0.27
3050,多头进场,2026-03-29 20:45,VltClsLE,2002.07,1,2002.07,-3.49,-0.17,1.04,0.05,-3.49,-0.17,2697.42,0.27
3051,空头出场,2026-03-29 22:00,VltClsLE,1992.97,1,1998.58,5.61,0.28,15.02,0.75,0,0.00,2703.03,0.27
3051,空头进场,2026-03-29 21:00,VltClsSE,1998.58,1,1998.58,5.61,0.28,15.02,0.75,0,0.00,2703.03,0.27
3052,多头出场,2026-03-29 23:15,VltClsSE,1987.53,1,1992.97,-5.44,-0.27,9.38,0.47,-5.44,-0.27,2697.59,0.27
3052,多头进场,2026-03-29 22:00,VltClsLE,1992.97,1,1992.97,-5.44,-0.27,9.38,0.47,-5.44,-0.27,2697.59,0.27
3053,空头出场,2026-03-30 00:15,VltClsLE,1998.11,1,1987.53,-10.58,-0.53,1.21,0.06,-10.58,-0.53,2687.01,0.27
3053,空头进场,2026-03-29 23:15,VltClsSE,1987.53,1,1987.53,-10.58,-0.53,1.21,0.06,-10.58,-0.53,2687.01,0.27
3054,多头出场,2026-03-30 01:00,VltClsSE,1994.14,1,1998.11,-3.97,-0.20,5.5,0.28,-3.97,-0.20,2683.04,0.27
3054,多头进场,2026-03-30 00:15,VltClsLE,1998.11,1,1998.11,-3.97,-0.20,5.5,0.28,-3.97,-0.20,2683.04,0.27
3055,空头出场,2026-03-30 01:30,VltClsLE,1995.11,1,1994.14,-0.97,-0.05,6.54,0.33,-0.97,-0.05,2682.07,0.27
3055,空头进场,2026-03-30 01:00,VltClsSE,1994.14,1,1994.14,-0.97,-0.05,6.54,0.33,-0.97,-0.05,2682.07,0.27
3056,多头出场,2026-03-30 03:30,VltClsSE,1994.44,1,1995.11,-0.67,-0.03,6.89,0.35,-3.53,-0.18,2681.4,0.27
3056,多头进场,2026-03-30 01:30,VltClsLE,1995.11,1,1995.11,-0.67,-0.03,6.89,0.35,-3.53,-0.18,2681.4,0.27
3057,空头出场,2026-03-30 04:00,VltClsLE,1998.18,1,1994.44,-3.74,-0.19,0.08,0.00,-3.74,-0.19,2677.66,0.27
3057,空头进场,2026-03-30 03:30,VltClsSE,1994.44,1,1994.44,-3.74,-0.19,0.08,0.00,-3.74,-0.19,2677.66,0.27
3058,多头出场,2026-03-30 04:30,VltClsSE,2002.22,1,1998.18,4.04,0.20,11.3,0.57,-1.1,-0.06,2681.7,0.27
3058,多头进场,2026-03-30 04:00,VltClsLE,1998.18,1,1998.18,4.04,0.20,11.3,0.57,-1.1,-0.06,2681.7,0.27
3059,空头出场,2026-03-30 06:15,VltClsLE,1997.21,1,2002.22,5.01,0.25,13.9,0.69,-5.02,-0.25,2686.71,0.27
3059,空头进场,2026-03-30 04:30,VltClsSE,2002.22,1,2002.22,5.01,0.25,13.9,0.69,-5.02,-0.25,2686.71,0.27
3060,多头出场,2026-03-30 06:30,VltClsSE,1989.38,1,1997.21,-7.83,-0.39,0.82,0.04,-7.83,-0.39,2678.88,0.27
3060,多头进场,2026-03-30 06:15,VltClsLE,1997.21,1,1997.21,-7.83,-0.39,0.82,0.04,-7.83,-0.39,2678.88,0.27
3061,空头出场,2026-03-30 06:45,VltClsLE,1976.26,1,1989.38,13.12,0.66,25.38,1.28,0,0.00,2692,0.27
3061,空头进场,2026-03-30 06:30,VltClsSE,1989.38,1,1989.38,13.12,0.66,25.38,1.28,0,0.00,2692,0.27
3062,多头出场,2026-03-30 08:30,VltClsSE,1994.91,1,1976.26,18.65,0.94,47.47,2.40,-37.44,-1.89,2710.65,0.27
3062,多头进场,2026-03-30 06:45,VltClsLE,1976.26,1,1976.26,18.65,0.94,47.47,2.40,-37.44,-1.89,2710.65,0.27
3063,空头出场,2026-03-30 10:00,VltClsLE,2017.5,1,1994.91,-22.59,-1.13,3.07,0.15,-22.59,-1.13,2688.06,0.27
3063,空头进场,2026-03-30 08:30,VltClsSE,1994.91,1,1994.91,-22.59,-1.13,3.07,0.15,-22.59,-1.13,2688.06,0.27
3064,多头出场,2026-03-30 13:45,VltClsSE,2045.16,1,2017.5,27.66,1.37,41.46,2.06,-9.97,-0.49,2715.72,0.27
3064,多头进场,2026-03-30 10:00,VltClsLE,2017.5,1,2017.5,27.66,1.37,41.46,2.06,-9.97,-0.49,2715.72,0.27
3065,空头出场,2026-03-30 15:00,VltClsLE,2046.82,1,2045.16,-1.66,-0.08,3.97,0.19,-6.84,-0.33,2714.06,0.27
3065,空头进场,2026-03-30 13:45,VltClsSE,2045.16,1,2045.16,-1.66,-0.08,3.97,0.19,-6.84,-0.33,2714.06,0.27
3066,多头出场,2026-03-30 18:30,VltClsSE,2050.54,1,2046.82,3.72,0.18,28.18,1.38,-5.28,-0.26,2717.78,0.27
3066,多头进场,2026-03-30 15:00,VltClsLE,2046.82,1,2046.82,3.72,0.18,28.18,1.38,-5.28,-0.26,2717.78,0.27
3067,空头出场,2026-03-30 18:45,VltClsLE,2054.66,1,2050.54,-4.12,-0.20,2.4,0.12,-4.12,-0.20,2713.66,0.27
3067,空头进场,2026-03-30 18:30,VltClsSE,2050.54,1,2050.54,-4.12,-0.20,2.4,0.12,-4.12,-0.20,2713.66,0.27
3068,多头出场,2026-03-30 21:30,VltClsSE,2068.29,1,2054.66,13.63,0.66,30.34,1.48,0,0.00,2727.29,0.27
3068,多头进场,2026-03-30 18:45,VltClsLE,2054.66,1,2054.66,13.63,0.66,30.34,1.48,0,0.00,2727.29,0.27
3069,空头出场,2026-03-30 22:00,VltClsLE,2068.29,1,2068.29,0,0.00,10.13,0.49,-5.01,-0.24,2727.29,0.27
3069,空头进场,2026-03-30 21:30,VltClsSE,2068.29,1,2068.29,0,0.00,10.13,0.49,-5.01,-0.24,2727.29,0.27
3070,多头出场,2026-03-30 22:15,VltClsSE,2059.58,1,2068.29,-8.71,-0.42,2.03,0.10,-8.71,-0.42,2718.58,0.27
3070,多头进场,2026-03-30 22:00,VltClsLE,2068.29,1,2068.29,-8.71,-0.42,2.03,0.10,-8.71,-0.42,2718.58,0.27
3071,空头出场,2026-03-30 22:45,VltClsLE,2060.16,1,2059.58,-0.58,-0.03,15.33,0.74,-0.58,-0.03,2718,0.27
3071,空头进场,2026-03-30 22:15,VltClsSE,2059.58,1,2059.58,-0.58,-0.03,15.33,0.74,-0.58,-0.03,2718,0.27
3072,多头出场,2026-03-31 01:00,VltClsSE,2060.54,1,2060.16,0.38,0.02,19.76,0.96,-1.21,-0.06,2718.38,0.27
3072,多头进场,2026-03-30 22:45,VltClsLE,2060.16,1,2060.16,0.38,0.02,19.76,0.96,-1.21,-0.06,2718.38,0.27
3073,空头出场,2026-03-31 03:45,VltClsLE,2026.57,1,2060.54,33.97,1.65,47.21,2.29,0,0.00,2752.35,0.28
3073,空头进场,2026-03-31 01:00,VltClsSE,2060.54,1,2060.54,33.97,1.65,47.21,2.29,0,0.00,2752.35,0.28
3074,多头出场,2026-03-31 05:45,VltClsSE,2037.23,1,2026.57,10.66,0.53,22.53,1.11,-5.43,-0.27,2763.01,0.28
3074,多头进场,2026-03-31 03:45,VltClsLE,2026.57,1,2026.57,10.66,0.53,22.53,1.11,-5.43,-0.27,2763.01,0.28
3075,空头出场,2026-03-31 06:00,VltClsLE,2043.37,1,2037.23,-6.14,-0.30,4.98,0.24,-6.14,-0.30,2756.87,0.28
3075,空头进场,2026-03-31 05:45,VltClsSE,2037.23,1,2037.23,-6.14,-0.30,4.98,0.24,-6.14,-0.30,2756.87,0.28
3076,多头出场,2026-03-31 06:45,VltClsSE,2030.1,1,2043.37,-13.27,-0.65,0.85,0.04,-13.27,-0.65,2743.6,0.27
3076,多头进场,2026-03-31 06:00,VltClsLE,2043.37,1,2043.37,-13.27,-0.65,0.85,0.04,-13.27,-0.65,2743.6,0.27
3077,空头出场,2026-03-31 08:45,VltClsLE,2035,1,2030.1,-4.9,-0.24,16.18,0.80,-4.9,-0.24,2738.7,0.27
3077,空头进场,2026-03-31 06:45,VltClsSE,2030.1,1,2030.1,-4.9,-0.24,16.18,0.80,-4.9,-0.24,2738.7,0.27
3078,多头出场,2026-03-31 11:15,VltClsSE,2065.79,1,2035,30.79,1.51,57.34,2.82,-2.73,-0.13,2769.49,0.28
3078,多头进场,2026-03-31 08:45,VltClsLE,2035,1,2035,30.79,1.51,57.34,2.82,-2.73,-0.13,2769.49,0.28
3079,空头出场,2026-03-31 12:15,VltClsLE,2071.4,1,2065.79,-5.61,-0.27,3.92,0.19,-5.61,-0.27,2763.88,0.28
3079,空头进场,2026-03-31 11:15,VltClsSE,2065.79,1,2065.79,-5.61,-0.27,3.92,0.19,-5.61,-0.27,2763.88,0.28
3080,多头出场,2026-03-31 14:00,VltClsSE,2058.75,1,2071.4,-12.65,-0.61,0.84,0.04,-16.63,-0.80,2751.23,0.28
3080,多头进场,2026-03-31 12:15,VltClsLE,2071.4,1,2071.4,-12.65,-0.61,0.84,0.04,-16.63,-0.80,2751.23,0.28
3081,空头出场,2026-03-31 14:45,VltClsLE,2062.96,1,2058.75,-4.21,-0.20,3.55,0.17,-4.21,-0.20,2747.02,0.27
3081,空头进场,2026-03-31 14:00,VltClsSE,2058.75,1,2058.75,-4.21,-0.20,3.55,0.17,-4.21,-0.20,2747.02,0.27
3082,多头出场,2026-03-31 15:00,VltClsSE,2058.22,1,2062.96,-4.74,-0.23,0.13,0.01,-4.74,-0.23,2742.28,0.27
3082,多头进场,2026-03-31 14:45,VltClsLE,2062.96,1,2062.96,-4.74,-0.23,0.13,0.01,-4.74,-0.23,2742.28,0.27
3083,空头出场,2026-03-31 19:00,VltClsLE,2033.25,1,2058.22,24.97,1.21,45.58,2.21,-0.98,-0.05,2767.25,0.28
3083,空头进场,2026-03-31 15:00,VltClsSE,2058.22,1,2058.22,24.97,1.21,45.58,2.21,-0.98,-0.05,2767.25,0.28
3084,多头出场,2026-03-31 20:45,VltClsSE,2048.68,1,2033.25,15.43,0.76,24.67,1.21,-1.2,-0.06,2782.68,0.28
3084,多头进场,2026-03-31 19:00,VltClsLE,2033.25,1,2033.25,15.43,0.76,24.67,1.21,-1.2,-0.06,2782.68,0.28
3085,空头出场,2026-03-31 21:00,VltClsLE,2055.95,1,2048.68,-7.27,-0.35,3.28,0.16,-7.27,-0.35,2775.41,0.28
3085,空头进场,2026-03-31 20:45,VltClsSE,2048.68,1,2048.68,-7.27,-0.35,3.28,0.16,-7.27,-0.35,2775.41,0.28
3086,多头出场,2026-03-31 22:30,VltClsSE,2076.6,1,2055.95,20.65,1.00,36.05,1.75,0,0.00,2796.06,0.28
3086,多头进场,2026-03-31 21:00,VltClsLE,2055.95,1,2055.95,20.65,1.00,36.05,1.75,0,0.00,2796.06,0.28
3087,空头出场,2026-03-31 23:00,VltClsLE,2061.42,1,2076.6,15.18,0.73,39.02,1.88,0,0.00,2811.24,0.28
3087,空头进场,2026-03-31 22:30,VltClsSE,2076.6,1,2076.6,15.18,0.73,39.02,1.88,0,0.00,2811.24,0.28
3088,多头出场,2026-04-01 05:00,VltClsSE,2102.2,1,2061.42,40.78,1.98,62.61,3.04,-7.91,-0.38,2852.02,0.29
3088,多头进场,2026-03-31 23:00,VltClsLE,2061.42,1,2061.42,40.78,1.98,62.61,3.04,-7.91,-0.38,2852.02,0.29
3089,空头出场,2026-04-01 05:45,VltClsLE,2107.14,1,2102.2,-4.94,-0.23,9.08,0.43,-4.94,-0.23,2847.08,0.28
3089,空头进场,2026-04-01 05:00,VltClsSE,2102.2,1,2102.2,-4.94,-0.23,9.08,0.43,-4.94,-0.23,2847.08,0.28
3090,多头出场,2026-04-01 06:00,VltClsSE,2096.36,1,2107.14,-10.78,-0.51,1.89,0.09,-10.78,-0.51,2836.3,0.28
3090,多头进场,2026-04-01 05:45,VltClsLE,2107.14,1,2107.14,-10.78,-0.51,1.89,0.09,-10.78,-0.51,2836.3,0.28
3091,空头出场,2026-04-01 07:15,VltClsLE,2102.49,1,2096.36,-6.13,-0.29,8.01,0.38,-6.13,-0.29,2830.17,0.28
3091,空头进场,2026-04-01 06:00,VltClsSE,2096.36,1,2096.36,-6.13,-0.29,8.01,0.38,-6.13,-0.29,2830.17,0.28
3092,多头出场,2026-04-01 09:00,VltClsSE,2107.47,1,2102.49,4.98,0.24,15.3,0.73,-5.6,-0.27,2835.15,0.28
3092,多头进场,2026-04-01 07:15,VltClsLE,2102.49,1,2102.49,4.98,0.24,15.3,0.73,-5.6,-0.27,2835.15,0.28
3093,空头出场,2026-04-01 11:00,VltClsLE,2094.42,1,2107.47,13.05,0.62,25.39,1.20,0,0.00,2848.2,0.28
3093,空头进场,2026-04-01 09:00,VltClsSE,2107.47,1,2107.47,13.05,0.62,25.39,1.20,0,0.00,2848.2,0.28
3094,多头出场,2026-04-01 13:00,VltClsSE,2106.42,1,2094.42,12,0.57,22.04,1.05,0,0.00,2860.2,0.29
3094,多头进场,2026-04-01 11:00,VltClsLE,2094.42,1,2094.42,12,0.57,22.04,1.05,0,0.00,2860.2,0.29
3095,空头出场,2026-04-01 13:15,VltClsLE,2118.9,1,2106.42,-12.48,-0.59,0,0.00,-12.48,-0.59,2847.72,0.28
3095,空头进场,2026-04-01 13:00,VltClsSE,2106.42,1,2106.42,-12.48,-0.59,0,0.00,-12.48,-0.59,2847.72,0.28
3096,多头出场,2026-04-01 15:15,VltClsSE,2139.86,1,2118.9,20.96,0.99,39.1,1.85,0,0.00,2868.68,0.29
3096,多头进场,2026-04-01 13:15,VltClsLE,2118.9,1,2118.9,20.96,0.99,39.1,1.85,0,0.00,2868.68,0.29
3097,空头出场,2026-04-01 16:15,VltClsLE,2133.81,1,2139.86,6.05,0.28,14.86,0.69,-2.01,-0.09,2874.73,0.29
3097,空头进场,2026-04-01 15:15,VltClsSE,2139.86,1,2139.86,6.05,0.28,14.86,0.69,-2.01,-0.09,2874.73,0.29
3098,多头出场,2026-04-01 16:45,VltClsSE,2133.15,1,2133.81,-0.66,-0.03,9.12,0.43,-0.66,-0.03,2874.07,0.29
3098,多头进场,2026-04-01 16:15,VltClsLE,2133.81,1,2133.81,-0.66,-0.03,9.12,0.43,-0.66,-0.03,2874.07,0.29
3099,空头出场,2026-04-01 17:45,VltClsLE,2136.77,1,2133.15,-3.62,-0.17,5.03,0.24,-7.31,-0.34,2870.45,0.29
3099,空头进场,2026-04-01 16:45,VltClsSE,2133.15,1,2133.15,-3.62,-0.17,5.03,0.24,-7.31,-0.34,2870.45,0.29
3100,多头出场,2026-04-01 19:15,VltClsSE,2132.05,1,2136.77,-4.72,-0.22,2.6,0.12,-10.49,-0.49,2865.73,0.29
3100,多头进场,2026-04-01 17:45,VltClsLE,2136.77,1,2136.77,-4.72,-0.22,2.6,0.12,-10.49,-0.49,2865.73,0.29
3101,空头出场,2026-04-01 20:30,VltClsLE,2136.74,1,2132.05,-4.69,-0.22,10.1,0.47,-4.9,-0.23,2861.04,0.29
3101,空头进场,2026-04-01 19:15,VltClsSE,2132.05,1,2132.05,-4.69,-0.22,10.1,0.47,-4.9,-0.23,2861.04,0.29
3102,多头出场,2026-04-01 20:45,VltClsSE,2134.59,1,2136.74,-2.15,-0.10,15.26,0.71,-2.15,-0.10,2858.89,0.29
3102,多头进场,2026-04-01 20:30,VltClsLE,2136.74,1,2136.74,-2.15,-0.10,15.26,0.71,-2.15,-0.10,2858.89,0.29
3103,空头出场,2026-04-01 23:15,VltClsLE,2132.46,1,2134.59,2.13,0.10,25.87,1.21,-0.72,-0.03,2861.02,0.29
3103,空头进场,2026-04-01 20:45,VltClsSE,2134.59,1,2134.59,2.13,0.10,25.87,1.21,-0.72,-0.03,2861.02,0.29
3104,多头出场,2026-04-02 00:00,VltClsSE,2128.1,1,2132.46,-4.36,-0.20,5.26,0.25,-4.36,-0.20,2856.66,0.29
3104,多头进场,2026-04-01 23:15,VltClsLE,2132.46,1,2132.46,-4.36,-0.20,5.26,0.25,-4.36,-0.20,2856.66,0.29
3105,空头出场,2026-04-02 00:15,VltClsLE,2133.95,1,2128.1,-5.85,-0.27,3.1,0.15,-5.85,-0.27,2850.81,0.29
3105,空头进场,2026-04-02 00:00,VltClsSE,2128.1,1,2128.1,-5.85,-0.27,3.1,0.15,-5.85,-0.27,2850.81,0.29
3106,多头出场,2026-04-02 01:15,VltClsSE,2141.72,1,2133.95,7.77,0.36,33.9,1.59,-1.03,-0.05,2858.58,0.29
3106,多头进场,2026-04-02 00:15,VltClsLE,2133.95,1,2133.95,7.77,0.36,33.9,1.59,-1.03,-0.05,2858.58,0.29
3107,空头出场,2026-04-02 03:15,VltClsLE,2137.44,1,2141.72,4.28,0.20,18.14,0.85,-3.5,-0.16,2862.86,0.29
3107,空头进场,2026-04-02 01:15,VltClsSE,2141.72,1,2141.72,4.28,0.20,18.14,0.85,-3.5,-0.16,2862.86,0.29
3108,多头出场,2026-04-02 03:30,VltClsSE,2135.51,1,2137.44,-1.93,-0.09,5.52,0.26,-1.93,-0.09,2860.93,0.29
3108,多头进场,2026-04-02 03:15,VltClsLE,2137.44,1,2137.44,-1.93,-0.09,5.52,0.26,-1.93,-0.09,2860.93,0.29
3109,空头出场,2026-04-02 04:30,VltClsLE,2141.06,1,2135.51,-5.55,-0.26,4.81,0.23,-9.97,-0.47,2855.38,0.29
3109,空头进场,2026-04-02 03:30,VltClsSE,2135.51,1,2135.51,-5.55,-0.26,4.81,0.23,-9.97,-0.47,2855.38,0.29
3110,多头出场,2026-04-02 06:00,VltClsSE,2149.91,1,2141.06,8.85,0.41,24.36,1.14,-0.09,0.00,2864.23,0.29
3110,多头进场,2026-04-02 04:30,VltClsLE,2141.06,1,2141.06,8.85,0.41,24.36,1.14,-0.09,0.00,2864.23,0.29
3111,空头出场,2026-04-02 08:30,VltClsLE,2142.85,1,2149.91,7.06,0.33,14.41,0.67,-1.19,-0.06,2871.29,0.29
3111,空头进场,2026-04-02 06:00,VltClsSE,2149.91,1,2149.91,7.06,0.33,14.41,0.67,-1.19,-0.06,2871.29,0.29
3112,多头出场,2026-04-02 09:00,VltClsSE,2149.22,1,2142.85,6.37,0.30,16.52,0.77,0,0.00,2877.66,0.29
3112,多头进场,2026-04-02 08:30,VltClsLE,2142.85,1,2142.85,6.37,0.30,16.52,0.77,0,0.00,2877.66,0.29
3113,空头出场,2026-04-02 14:15,VltClsLE,2051.7,1,2149.22,97.52,4.54,110.59,5.15,0,0.00,2975.18,0.30
3113,空头进场,2026-04-02 09:00,VltClsSE,2149.22,1,2149.22,97.52,4.54,110.59,5.15,0,0.00,2975.18,0.30
3114,多头出场,2026-04-02 14:30,VltClsSE,2045.87,1,2051.7,-5.83,-0.28,2.01,0.10,-5.83,-0.28,2969.35,0.30
3114,多头进场,2026-04-02 14:15,VltClsLE,2051.7,1,2051.7,-5.83,-0.28,2.01,0.10,-5.83,-0.28,2969.35,0.30
3115,空头出场,2026-04-02 14:45,VltClsLE,2050.19,1,2045.87,-4.32,-0.21,0.31,0.02,-4.32,-0.21,2965.03,0.30
3115,空头进场,2026-04-02 14:30,VltClsSE,2045.87,1,2045.87,-4.32,-0.21,0.31,0.02,-4.32,-0.21,2965.03,0.30
3116,多头出场,2026-04-02 15:00,VltClsSE,2045.78,1,2050.19,-4.41,-0.22,0.57,0.03,-4.41,-0.22,2960.62,0.30
3116,多头进场,2026-04-02 14:45,VltClsLE,2050.19,1,2050.19,-4.41,-0.22,0.57,0.03,-4.41,-0.22,2960.62,0.30
3117,空头出场,2026-04-02 15:15,VltClsLE,2050,1,2045.78,-4.22,-0.21,1.49,0.07,-4.22,-0.21,2956.4,0.30
3117,空头进场,2026-04-02 15:00,VltClsSE,2045.78,1,2045.78,-4.22,-0.21,1.49,0.07,-4.22,-0.21,2956.4,0.30
3118,多头出场,2026-04-02 16:00,VltClsSE,2052.13,1,2050,2.13,0.10,6.76,0.33,-3.08,-0.15,2958.53,0.30
3118,多头进场,2026-04-02 15:15,VltClsLE,2050,1,2050,2.13,0.10,6.76,0.33,-3.08,-0.15,2958.53,0.30
3119,空头出场,2026-04-02 17:15,VltClsLE,2048.07,1,2052.13,4.06,0.20,12.86,0.63,-1.12,-0.05,2962.59,0.30
3119,空头进场,2026-04-02 16:00,VltClsSE,2052.13,1,2052.13,4.06,0.20,12.86,0.63,-1.12,-0.05,2962.59,0.30
3120,多头出场,2026-04-02 18:00,VltClsSE,2040.38,1,2048.07,-7.69,-0.38,0.07,0.00,-7.69,-0.38,2954.9,0.30
3120,多头进场,2026-04-02 17:15,VltClsLE,2048.07,1,2048.07,-7.69,-0.38,0.07,0.00,-7.69,-0.38,2954.9,0.30
3121,空头出场,2026-04-02 18:30,VltClsLE,2040.5,1,2040.38,-0.12,-0.01,7.84,0.38,-0.12,-0.01,2954.78,0.30
3121,空头进场,2026-04-02 18:00,VltClsSE,2040.38,1,2040.38,-0.12,-0.01,7.84,0.38,-0.12,-0.01,2954.78,0.30
3122,多头出场,2026-04-02 19:00,VltClsSE,2034.72,1,2040.5,-5.78,-0.28,0,0.00,-5.78,-0.28,2949,0.29
3122,多头进场,2026-04-02 18:30,VltClsLE,2040.5,1,2040.5,-5.78,-0.28,0,0.00,-5.78,-0.28,2949,0.29
3123,空头出场,2026-04-02 19:15,VltClsLE,2037.19,1,2034.72,-2.47,-0.12,3.28,0.16,-2.47,-0.12,2946.53,0.29
3123,空头进场,2026-04-02 19:00,VltClsSE,2034.72,1,2034.72,-2.47,-0.12,3.28,0.16,-2.47,-0.12,2946.53,0.29
3124,多头出场,2026-04-02 19:30,VltClsSE,2032.42,1,2037.19,-4.77,-0.23,1.71,0.08,-12.46,-0.61,2941.76,0.29
3124,多头进场,2026-04-02 19:15,VltClsLE,2037.19,1,2037.19,-4.77,-0.23,1.71,0.08,-12.46,-0.61,2941.76,0.29
3125,空头出场,2026-04-02 21:15,VltClsLE,2027.89,1,2032.42,4.53,0.22,12.41,0.61,-3.62,-0.18,2946.29,0.29
3125,空头进场,2026-04-02 19:30,VltClsSE,2032.42,1,2032.42,4.53,0.22,12.41,0.61,-3.62,-0.18,2946.29,0.29
3126,多头出场,2026-04-02 21:30,VltClsSE,2024.01,1,2027.89,-3.88,-0.19,5.92,0.29,-3.88,-0.19,2942.41,0.29
3126,多头进场,2026-04-02 21:15,VltClsLE,2027.89,1,2027.89,-3.88,-0.19,5.92,0.29,-3.88,-0.19,2942.41,0.29
3127,空头出场,2026-04-02 21:45,VltClsLE,2028,1,2024.01,-3.99,-0.20,6.97,0.34,-3.99,-0.20,2938.42,0.29
3127,空头进场,2026-04-02 21:30,VltClsSE,2024.01,1,2024.01,-3.99,-0.20,6.97,0.34,-3.99,-0.20,2938.42,0.29
3128,多头出场,2026-04-02 22:45,VltClsSE,2056.73,1,2028,28.73,1.42,44.22,2.18,0,0.00,2967.15,0.30
3128,多头进场,2026-04-02 21:45,VltClsLE,2028,1,2028,28.73,1.42,44.22,2.18,0,0.00,2967.15,0.30
3129,空头出场,2026-04-03 00:30,VltClsLE,2065.83,1,2056.73,-9.1,-0.44,8.13,0.40,-11.16,-0.54,2958.05,0.30
3129,空头进场,2026-04-02 22:45,VltClsSE,2056.73,1,2056.73,-9.1,-0.44,8.13,0.40,-11.16,-0.54,2958.05,0.30
3130,多头出场,2026-04-03 01:00,VltClsSE,2055.72,1,2065.83,-10.11,-0.49,11.81,0.57,-10.11,-0.49,2947.94,0.29
3130,多头进场,2026-04-03 00:30,VltClsLE,2065.83,1,2065.83,-10.11,-0.49,11.81,0.57,-10.11,-0.49,2947.94,0.29
3131,空头出场,2026-04-03 02:45,VltClsLE,2056.46,1,2055.72,-0.74,-0.04,12.07,0.59,-16.28,-0.79,2947.2,0.29
3131,空头进场,2026-04-03 01:00,VltClsSE,2055.72,1,2055.72,-0.74,-0.04,12.07,0.59,-16.28,-0.79,2947.2,0.29
3132,多头出场,2026-04-03 03:30,VltClsSE,2055.33,1,2056.46,-1.13,-0.05,6.54,0.32,-1.13,-0.05,2946.07,0.29
3132,多头进场,2026-04-03 02:45,VltClsLE,2056.46,1,2056.46,-1.13,-0.05,6.54,0.32,-1.13,-0.05,2946.07,0.29
3133,空头出场,2026-04-03 03:45,VltClsLE,2064.47,1,2055.33,-9.14,-0.44,0.36,0.02,-9.14,-0.44,2936.93,0.29
3133,空头进场,2026-04-03 03:30,VltClsSE,2055.33,1,2055.33,-9.14,-0.44,0.36,0.02,-9.14,-0.44,2936.93,0.29
3134,多头出场,2026-04-03 05:00,VltClsSE,2063.06,1,2064.47,-1.41,-0.07,9.69,0.47,-3.41,-0.17,2935.52,0.29
3134,多头进场,2026-04-03 03:45,VltClsLE,2064.47,1,2064.47,-1.41,-0.07,9.69,0.47,-3.41,-0.17,2935.52,0.29
3135,空头出场,2026-04-03 05:45,VltClsLE,2063.15,1,2063.06,-0.09,0.00,6.95,0.34,-0.44,-0.02,2935.43,0.29
3135,空头进场,2026-04-03 05:00,VltClsSE,2063.06,1,2063.06,-0.09,0.00,6.95,0.34,-0.44,-0.02,2935.43,0.29
3136,多头出场,2026-04-03 06:15,VltClsSE,2056.65,1,2063.15,-6.5,-0.32,1.79,0.09,-6.5,-0.32,2928.93,0.29
3136,多头进场,2026-04-03 05:45,VltClsLE,2063.15,1,2063.15,-6.5,-0.32,1.79,0.09,-6.5,-0.32,2928.93,0.29
3137,空头出场,2026-04-03 06:30,VltClsLE,2061.84,1,2056.65,-5.19,-0.25,3.11,0.15,-5.19,-0.25,2923.74,0.29
3137,空头进场,2026-04-03 06:15,VltClsSE,2056.65,1,2056.65,-5.19,-0.25,3.11,0.15,-5.19,-0.25,2923.74,0.29
3138,多头出场,2026-04-03 08:00,VltClsSE,2053.82,1,2061.84,-8.02,-0.39,0.3,0.01,-8.02,-0.39,2915.72,0.29
3138,多头进场,2026-04-03 06:30,VltClsLE,2061.84,1,2061.84,-8.02,-0.39,0.3,0.01,-8.02,-0.39,2915.72,0.29
3139,空头出场,2026-04-03 08:15,VltClsLE,2059.46,1,2053.82,-5.64,-0.27,0.78,0.04,-5.64,-0.27,2910.08,0.29
3139,空头进场,2026-04-03 08:00,VltClsSE,2053.82,1,2053.82,-5.64,-0.27,0.78,0.04,-5.64,-0.27,2910.08,0.29
3140,多头出场,2026-04-03 09:30,VltClsSE,2055.13,1,2059.46,-4.33,-0.21,3.03,0.15,-9.42,-0.46,2905.75,0.29
3140,多头进场,2026-04-03 08:15,VltClsLE,2059.46,1,2059.46,-4.33,-0.21,3.03,0.15,-9.42,-0.46,2905.75,0.29
3141,空头出场,2026-04-03 10:15,VltClsLE,2055.79,1,2055.13,-0.66,-0.03,10.54,0.51,-0.66,-0.03,2905.09,0.29
3141,空头进场,2026-04-03 09:30,VltClsSE,2055.13,1,2055.13,-0.66,-0.03,10.54,0.51,-0.66,-0.03,2905.09,0.29
3142,多头出场,2026-04-03 10:30,VltClsSE,2041.73,1,2055.79,-14.06,-0.68,3.94,0.19,-14.06,-0.68,2891.03,0.29
3142,多头进场,2026-04-03 10:15,VltClsLE,2055.79,1,2055.79,-14.06,-0.68,3.94,0.19,-14.06,-0.68,2891.03,0.29
3143,空头出场,2026-04-03 10:45,VltClsLE,2051.34,1,2041.73,-9.61,-0.47,1.07,0.05,-9.61,-0.47,2881.42,0.29
3143,空头进场,2026-04-03 10:30,VltClsSE,2041.73,1,2041.73,-9.61,-0.47,1.07,0.05,-9.61,-0.47,2881.42,0.29
3144,多头出场,2026-04-03 12:15,VltClsSE,2052.04,1,2051.34,0.7,0.03,6.46,0.31,-1.26,-0.06,2882.12,0.29
3144,多头进场,2026-04-03 10:45,VltClsLE,2051.34,1,2051.34,0.7,0.03,6.46,0.31,-1.26,-0.06,2882.12,0.29
3145,空头出场,2026-04-03 12:45,VltClsLE,2055.2,1,2052.04,-3.16,-0.15,3.15,0.15,-3.16,-0.15,2878.96,0.29
3145,空头进场,2026-04-03 12:15,VltClsSE,2052.04,1,2052.04,-3.16,-0.15,3.15,0.15,-3.16,-0.15,2878.96,0.29
3146,多头出场,2026-04-03 13:15,VltClsSE,2050.21,1,2055.2,-4.99,-0.24,1.3,0.06,-4.99,-0.24,2873.97,0.29
3146,多头进场,2026-04-03 12:45,VltClsLE,2055.2,1,2055.2,-4.99,-0.24,1.3,0.06,-4.99,-0.24,2873.97,0.29
3147,空头出场,2026-04-03 13:30,VltClsLE,2057.58,1,2050.21,-7.37,-0.36,2.86,0.14,-7.37,-0.36,2866.6,0.29
3147,空头进场,2026-04-03 13:15,VltClsSE,2050.21,1,2050.21,-7.37,-0.36,2.86,0.14,-7.37,-0.36,2866.6,0.29
3148,多头出场,2026-04-03 13:45,VltClsSE,2056.46,1,2057.58,-1.12,-0.05,7,0.34,-1.12,-0.05,2865.48,0.29
3148,多头进场,2026-04-03 13:30,VltClsLE,2057.58,1,2057.58,-1.12,-0.05,7,0.34,-1.12,-0.05,2865.48,0.29
3149,空头出场,2026-04-03 14:30,VltClsLE,2064.69,1,2056.46,-8.23,-0.40,1.48,0.07,-8.23,-0.40,2857.25,0.29
3149,空头进场,2026-04-03 13:45,VltClsSE,2056.46,1,2056.46,-8.23,-0.40,1.48,0.07,-8.23,-0.40,2857.25,0.29
3150,多头出场,2026-04-03 16:30,VltClsSE,2061.6,1,2064.69,-3.09,-0.15,10.48,0.51,-3.3,-0.16,2854.16,0.29
3150,多头进场,2026-04-03 14:30,VltClsLE,2064.69,1,2064.69,-3.09,-0.15,10.48,0.51,-3.3,-0.16,2854.16,0.29
3151,空头出场,2026-04-03 17:30,VltClsLE,2063.12,1,2061.6,-1.52,-0.07,4.57,0.22,-2.46,-0.12,2852.64,0.29
3151,空头进场,2026-04-03 16:30,VltClsSE,2061.6,1,2061.6,-1.52,-0.07,4.57,0.22,-2.46,-0.12,2852.64,0.29
3152,多头出场,2026-04-03 18:00,VltClsSE,2058.12,1,2063.12,-5,-0.24,0.02,0.00,-5,-0.24,2847.64,0.28
3152,多头进场,2026-04-03 17:30,VltClsLE,2063.12,1,2063.12,-5,-0.24,0.02,0.00,-5,-0.24,2847.64,0.28
3153,空头出场,2026-04-03 18:45,VltClsLE,2059.88,1,2058.12,-1.76,-0.09,4.66,0.23,-1.78,-0.09,2845.88,0.28
3153,空头进场,2026-04-03 18:00,VltClsSE,2058.12,1,2058.12,-1.76,-0.09,4.66,0.23,-1.78,-0.09,2845.88,0.28
3154,多头出场,2026-04-03 20:00,VltClsSE,2059.99,1,2059.88,0.11,0.01,4.88,0.24,-1.94,-0.09,2845.99,0.28
3154,多头进场,2026-04-03 18:45,VltClsLE,2059.88,1,2059.88,0.11,0.01,4.88,0.24,-1.94,-0.09,2845.99,0.28
3155,空头出场,2026-04-03 20:15,VltClsLE,2063.71,1,2059.99,-3.72,-0.18,1.24,0.06,-3.72,-0.18,2842.27,0.28
3155,空头进场,2026-04-03 20:00,VltClsSE,2059.99,1,2059.99,-3.72,-0.18,1.24,0.06,-3.72,-0.18,2842.27,0.28
3156,多头出场,2026-04-03 20:30,VltClsSE,2063.56,1,2063.71,-0.15,-0.01,4.4,0.21,-0.15,-0.01,2842.12,0.28
3156,多头进场,2026-04-03 20:15,VltClsLE,2063.71,1,2063.71,-0.15,-0.01,4.4,0.21,-0.15,-0.01,2842.12,0.28
3157,空头出场,2026-04-03 22:15,VltClsLE,2055.04,1,2063.56,8.52,0.41,21.91,1.06,-18.2,-0.88,2850.64,0.29
3157,空头进场,2026-04-03 20:30,VltClsSE,2063.56,1,2063.56,8.52,0.41,21.91,1.06,-18.2,-0.88,2850.64,0.29
3158,多头出场,2026-04-04 00:30,VltClsSE,2052.55,1,2055.04,-2.49,-0.12,2.73,0.13,-6.07,-0.30,2848.15,0.28
3158,多头进场,2026-04-03 22:15,VltClsLE,2055.04,1,2055.04,-2.49,-0.12,2.73,0.13,-6.07,-0.30,2848.15,0.28
3159,空头出场,2026-04-04 00:45,VltClsLE,2055.58,1,2052.55,-3.03,-0.15,1.3,0.06,-3.03,-0.15,2845.12,0.28
3159,空头进场,2026-04-04 00:30,VltClsSE,2052.55,1,2052.55,-3.03,-0.15,1.3,0.06,-3.03,-0.15,2845.12,0.28
3160,多头出场,2026-04-04 01:15,VltClsSE,2049.13,1,2055.58,-6.45,-0.31,0.96,0.05,-6.45,-0.31,2838.67,0.28
3160,多头进场,2026-04-04 00:45,VltClsLE,2055.58,1,2055.58,-6.45,-0.31,0.96,0.05,-6.45,-0.31,2838.67,0.28
3161,空头出场,2026-04-04 02:15,VltClsLE,2053.29,1,2049.13,-4.16,-0.20,5.35,0.26,-4.16,-0.20,2834.51,0.28
3161,空头进场,2026-04-04 01:15,VltClsSE,2049.13,1,2049.13,-4.16,-0.20,5.35,0.26,-4.16,-0.20,2834.51,0.28
3162,多头出场,2026-04-04 03:00,VltClsSE,2046.83,1,2053.29,-6.46,-0.31,0.05,0.00,-6.46,-0.31,2828.05,0.28
3162,多头进场,2026-04-04 02:15,VltClsLE,2053.29,1,2053.29,-6.46,-0.31,0.05,0.00,-6.46,-0.31,2828.05,0.28
3163,空头出场,2026-04-04 03:15,VltClsLE,2050.18,1,2046.83,-3.35,-0.16,1.62,0.08,-3.35,-0.16,2824.7,0.28
3163,空头进场,2026-04-04 03:00,VltClsSE,2046.83,1,2046.83,-3.35,-0.16,1.62,0.08,-3.35,-0.16,2824.7,0.28
3164,多头出场,2026-04-04 06:00,VltClsSE,2055.65,1,2050.18,5.47,0.27,10.74,0.52,-1.68,-0.08,2830.17,0.28
3164,多头进场,2026-04-04 03:15,VltClsLE,2050.18,1,2050.18,5.47,0.27,10.74,0.52,-1.68,-0.08,2830.17,0.28
3165,空头出场,2026-04-04 07:45,VltClsLE,2053.06,1,2055.65,2.59,0.13,6.42,0.31,-1.1,-0.05,2832.76,0.28
3165,空头进场,2026-04-04 06:00,VltClsSE,2055.65,1,2055.65,2.59,0.13,6.42,0.31,-1.1,-0.05,2832.76,0.28
3166,多头出场,2026-04-04 10:00,VltClsSE,2049.86,1,2053.06,-3.2,-0.16,1.04,0.05,-3.49,-0.17,2829.56,0.28
3166,多头进场,2026-04-04 07:45,VltClsLE,2053.06,1,2053.06,-3.2,-0.16,1.04,0.05,-3.49,-0.17,2829.56,0.28
3167,空头出场,2026-04-04 11:00,VltClsLE,2051.85,1,2049.86,-1.99,-0.10,1.94,0.09,-1.99,-0.10,2827.57,0.28
3167,空头进场,2026-04-04 10:00,VltClsSE,2049.86,1,2049.86,-1.99,-0.10,1.94,0.09,-1.99,-0.10,2827.57,0.28
3168,多头出场,2026-04-04 12:00,VltClsSE,2048.93,1,2051.85,-2.92,-0.14,0.23,0.01,-2.92,-0.14,2824.65,0.28
3168,多头进场,2026-04-04 11:00,VltClsLE,2051.85,1,2051.85,-2.92,-0.14,0.23,0.01,-2.92,-0.14,2824.65,0.28
3169,空头出场,2026-04-04 12:15,VltClsLE,2049.83,1,2048.93,-0.9,-0.04,0.52,0.03,-0.9,-0.04,2823.75,0.28
3169,空头进场,2026-04-04 12:00,VltClsSE,2048.93,1,2048.93,-0.9,-0.04,0.52,0.03,-0.9,-0.04,2823.75,0.28
3170,多头出场,2026-04-04 14:15,VltClsSE,2053.65,1,2049.83,3.82,0.19,6.27,0.31,0,0.00,2827.57,0.28
3170,多头进场,2026-04-04 12:15,VltClsLE,2049.83,1,2049.83,3.82,0.19,6.27,0.31,0,0.00,2827.57,0.28
3171,空头出场,2026-04-04 14:45,VltClsLE,2056.16,1,2053.65,-2.51,-0.12,0.84,0.04,-2.51,-0.12,2825.06,0.28
3171,空头进场,2026-04-04 14:15,VltClsSE,2053.65,1,2053.65,-2.51,-0.12,0.84,0.04,-2.51,-0.12,2825.06,0.28
3172,多头出场,2026-04-04 15:00,VltClsSE,2054.76,1,2056.16,-1.4,-0.07,1.84,0.09,-1.4,-0.07,2823.66,0.28
3172,多头进场,2026-04-04 14:45,VltClsLE,2056.16,1,2056.16,-1.4,-0.07,1.84,0.09,-1.4,-0.07,2823.66,0.28
3173,空头出场,2026-04-04 18:30,VltClsLE,2050.35,1,2054.76,4.41,0.21,6.87,0.33,-0.68,-0.03,2828.07,0.28
3173,空头进场,2026-04-04 15:00,VltClsSE,2054.76,1,2054.76,4.41,0.21,6.87,0.33,-0.68,-0.03,2828.07,0.28
3174,多头出场,2026-04-04 20:00,VltClsSE,2050.6,1,2050.35,0.25,0.01,4.68,0.23,0,0.00,2828.32,0.28
3174,多头进场,2026-04-04 18:30,VltClsLE,2050.35,1,2050.35,0.25,0.01,4.68,0.23,0,0.00,2828.32,0.28
3175,空头出场,2026-04-04 20:15,VltClsLE,2051.65,1,2050.6,-1.05,-0.05,0.83,0.04,-1.05,-0.05,2827.27,0.28
3175,空头进场,2026-04-04 20:00,VltClsSE,2050.6,1,2050.6,-1.05,-0.05,0.83,0.04,-1.05,-0.05,2827.27,0.28
3176,多头出场,2026-04-04 20:30,VltClsSE,2050.2,1,2051.65,-1.45,-0.07,0.84,0.04,-1.45,-0.07,2825.82,0.28
3176,多头进场,2026-04-04 20:15,VltClsLE,2051.65,1,2051.65,-1.45,-0.07,0.84,0.04,-1.45,-0.07,2825.82,0.28
3177,空头出场,2026-04-04 20:45,VltClsLE,2050.01,1,2050.2,0.19,0.01,1.94,0.09,0,0.00,2826.01,0.28
3177,空头进场,2026-04-04 20:30,VltClsSE,2050.2,1,2050.2,0.19,0.01,1.94,0.09,0,0.00,2826.01,0.28
3178,多头出场,2026-04-04 22:30,VltClsSE,2050.23,1,2050.01,0.22,0.01,4.99,0.24,-0.01,0.00,2826.23,0.28
3178,多头进场,2026-04-04 20:45,VltClsLE,2050.01,1,2050.01,0.22,0.01,4.99,0.24,-0.01,0.00,2826.23,0.28
3179,空头出场,2026-04-04 22:45,VltClsLE,2052.34,1,2050.23,-2.11,-0.10,5.6,0.27,-2.11,-0.10,2824.12,0.28
3179,空头进场,2026-04-04 22:30,VltClsSE,2050.23,1,2050.23,-2.11,-0.10,5.6,0.27,-2.11,-0.10,2824.12,0.28
3180,多头出场,2026-04-05 00:45,VltClsSE,2056.8,1,2052.34,4.46,0.22,9.76,0.48,0,0.00,2828.58,0.28
3180,多头进场,2026-04-04 22:45,VltClsLE,2052.34,1,2052.34,4.46,0.22,9.76,0.48,0,0.00,2828.58,0.28
3181,空头出场,2026-04-05 03:00,VltClsLE,2056.43,1,2056.8,0.37,0.02,3.73,0.18,-1.54,-0.07,2828.95,0.28
3181,空头进场,2026-04-05 00:45,VltClsSE,2056.8,1,2056.8,0.37,0.02,3.73,0.18,-1.54,-0.07,2828.95,0.28
3182,多头出场,2026-04-05 03:15,VltClsSE,2074.63,1,2056.43,18.2,0.89,27.57,1.34,0,0.00,2847.15,0.28
3182,多头进场,2026-04-05 03:00,VltClsLE,2056.43,1,2056.43,18.2,0.89,27.57,1.34,0,0.00,2847.15,0.28
3183,空头出场,2026-04-05 05:15,VltClsLE,2064.96,1,2074.63,9.67,0.47,15.03,0.72,0,0.00,2856.82,0.29
3183,空头进场,2026-04-05 03:15,VltClsSE,2074.63,1,2074.63,9.67,0.47,15.03,0.72,0,0.00,2856.82,0.29
3184,多头出场,2026-04-05 06:45,VltClsSE,2069.35,1,2064.96,4.39,0.21,7.19,0.35,0,0.00,2861.21,0.29
3184,多头进场,2026-04-05 05:15,VltClsLE,2064.96,1,2064.96,4.39,0.21,7.19,0.35,0,0.00,2861.21,0.29
3185,空头出场,2026-04-05 07:45,VltClsLE,2065.9,1,2069.35,3.45,0.17,6.71,0.32,0,0.00,2864.66,0.29
3185,空头进场,2026-04-05 06:45,VltClsSE,2069.35,1,2069.35,3.45,0.17,6.71,0.32,0,0.00,2864.66,0.29
3186,多头出场,2026-04-05 08:00,VltClsSE,2063.31,1,2065.9,-2.59,-0.13,0.98,0.05,-2.59,-0.13,2862.07,0.29
3186,多头进场,2026-04-05 07:45,VltClsLE,2065.9,1,2065.9,-2.59,-0.13,0.98,0.05,-2.59,-0.13,2862.07,0.29
3187,空头出场,2026-04-05 08:15,VltClsLE,2065.27,1,2063.31,-1.96,-0.09,0.28,0.01,-1.96,-0.09,2860.11,0.29
3187,空头进场,2026-04-05 08:00,VltClsSE,2063.31,1,2063.31,-1.96,-0.09,0.28,0.01,-1.96,-0.09,2860.11,0.29
3188,多头出场,2026-04-05 08:45,VltClsSE,2063.31,1,2065.27,-1.96,-0.09,0.28,0.01,-1.96,-0.09,2858.15,0.29
3188,多头进场,2026-04-05 08:15,VltClsLE,2065.27,1,2065.27,-1.96,-0.09,0.28,0.01,-1.96,-0.09,2858.15,0.29
3189,空头出场,2026-04-05 10:15,VltClsLE,2056.74,1,2063.31,6.57,0.32,9.16,0.44,0,0.00,2864.72,0.29
3189,空头进场,2026-04-05 08:45,VltClsSE,2063.31,1,2063.31,6.57,0.32,9.16,0.44,0,0.00,2864.72,0.29
3190,多头出场,2026-04-05 11:15,VltClsSE,2058.22,1,2056.74,1.48,0.07,3.81,0.19,0,0.00,2866.2,0.29
3190,多头进场,2026-04-05 10:15,VltClsLE,2056.74,1,2056.74,1.48,0.07,3.81,0.19,0,0.00,2866.2,0.29
3191,空头出场,2026-04-05 12:15,VltClsLE,2056.37,1,2058.22,1.85,0.09,4.11,0.20,-0.14,-0.01,2868.05,0.29
3191,空头进场,2026-04-05 11:15,VltClsSE,2058.22,1,2058.22,1.85,0.09,4.11,0.20,-0.14,-0.01,2868.05,0.29
3192,多头出场,2026-04-05 12:30,VltClsSE,2055.85,1,2056.37,-0.52,-0.03,1.72,0.08,-0.52,-0.03,2867.53,0.29
3192,多头进场,2026-04-05 12:15,VltClsLE,2056.37,1,2056.37,-0.52,-0.03,1.72,0.08,-0.52,-0.03,2867.53,0.29
3193,空头出场,2026-04-05 17:00,VltClsLE,2041,1,2055.85,14.85,0.72,28.1,1.37,-0.98,-0.05,2882.38,0.29
3193,空头进场,2026-04-05 12:30,VltClsSE,2055.85,1,2055.85,14.85,0.72,28.1,1.37,-0.98,-0.05,2882.38,0.29
3194,多头出场,2026-04-05 18:45,VltClsSE,2044.64,1,2041,3.64,0.18,11.53,0.56,-0.92,-0.05,2886.02,0.29
3194,多头进场,2026-04-05 17:00,VltClsLE,2041,1,2041,3.64,0.18,11.53,0.56,-0.92,-0.05,2886.02,0.29
3195,空头出场,2026-04-05 20:45,VltClsLE,2029.16,1,2044.64,15.48,0.76,23.14,1.13,-1.19,-0.06,2901.5,0.29
3195,空头进场,2026-04-05 18:45,VltClsSE,2044.64,1,2044.64,15.48,0.76,23.14,1.13,-1.19,-0.06,2901.5,0.29
3196,多头出场,2026-04-05 23:30,VltClsSE,2054.21,1,2029.16,25.05,1.23,34.64,1.71,-3.45,-0.17,2926.55,0.29
3196,多头进场,2026-04-05 20:45,VltClsLE,2029.16,1,2029.16,25.05,1.23,34.64,1.71,-3.45,-0.17,2926.55,0.29
3197,空头出场,2026-04-06 01:00,VltClsLE,2055.91,1,2054.21,-1.7,-0.08,5.52,0.27,-15.68,-0.76,2924.85,0.29
3197,空头进场,2026-04-05 23:30,VltClsSE,2054.21,1,2054.21,-1.7,-0.08,5.52,0.27,-15.68,-0.76,2924.85,0.29
3198,多头出场,2026-04-06 01:15,VltClsSE,2051.87,1,2055.91,-4.04,-0.20,1.19,0.06,-4.04,-0.20,2920.81,0.29
3198,多头进场,2026-04-06 01:00,VltClsLE,2055.91,1,2055.91,-4.04,-0.20,1.19,0.06,-4.04,-0.20,2920.81,0.29
3199,空头出场,2026-04-06 01:30,VltClsLE,2059.98,1,2051.87,-8.11,-0.40,0,0.00,-8.11,-0.40,2912.7,0.29
3199,空头进场,2026-04-06 01:15,VltClsSE,2051.87,1,2051.87,-8.11,-0.40,0,0.00,-8.11,-0.40,2912.7,0.29
3200,多头出场,2026-04-06 02:00,VltClsSE,2058.15,1,2059.98,-1.83,-0.09,2.95,0.14,-1.83,-0.09,2910.87,0.29
3200,多头进场,2026-04-06 01:30,VltClsLE,2059.98,1,2059.98,-1.83,-0.09,2.95,0.14,-1.83,-0.09,2910.87,0.29
3201,空头出场,2026-04-06 02:30,VltClsLE,2061.2,1,2058.15,-3.05,-0.15,1.05,0.05,-3.05,-0.15,2907.82,0.29
3201,空头进场,2026-04-06 02:00,VltClsSE,2058.15,1,2058.15,-3.05,-0.15,1.05,0.05,-3.05,-0.15,2907.82,0.29
3202,多头出场,2026-04-06 03:30,VltClsSE,2062.71,1,2061.2,1.51,0.07,8.75,0.42,0,0.00,2909.33,0.29
3202,多头进场,2026-04-06 02:30,VltClsLE,2061.2,1,2061.2,1.51,0.07,8.75,0.42,0,0.00,2909.33,0.29
3203,空头出场,2026-04-06 04:15,VltClsLE,2066.57,1,2062.71,-3.86,-0.19,4.46,0.22,-3.86,-0.19,2905.47,0.29
3203,空头进场,2026-04-06 03:30,VltClsSE,2062.71,1,2062.71,-3.86,-0.19,4.46,0.22,-3.86,-0.19,2905.47,0.29
3204,多头出场,2026-04-06 05:00,VltClsSE,2065.41,1,2066.57,-1.16,-0.06,8.54,0.41,-1.16,-0.06,2904.31,0.29
3204,多头进场,2026-04-06 04:15,VltClsLE,2066.57,1,2066.57,-1.16,-0.06,8.54,0.41,-1.16,-0.06,2904.31,0.29
3205,空头出场,2026-04-06 05:45,VltClsLE,2064.73,1,2065.41,0.68,0.03,8.68,0.42,0,0.00,2904.99,0.29
3205,空头进场,2026-04-06 05:00,VltClsSE,2065.41,1,2065.41,0.68,0.03,8.68,0.42,0,0.00,2904.99,0.29
3206,多头出场,2026-04-06 06:00,VltClsSE,2055.79,1,2064.73,-8.94,-0.43,2.72,0.13,-8.94,-0.43,2896.05,0.29
3206,多头进场,2026-04-06 05:45,VltClsLE,2064.73,1,2064.73,-8.94,-0.43,2.72,0.13,-8.94,-0.43,2896.05,0.29
3207,空头出场,2026-04-06 06:30,VltClsLE,2059.93,1,2055.79,-4.14,-0.20,5.79,0.28,-4.14,-0.20,2891.91,0.29
3207,空头进场,2026-04-06 06:00,VltClsSE,2055.79,1,2055.79,-4.14,-0.20,5.79,0.28,-4.14,-0.20,2891.91,0.29
3208,多头出场,2026-04-06 14:00,VltClsSE,2128.47,1,2059.93,68.54,3.33,87.31,4.24,0,0.00,2960.45,0.30
3208,多头进场,2026-04-06 06:30,VltClsLE,2059.93,1,2059.93,68.54,3.33,87.31,4.24,0,0.00,2960.45,0.30
3209,空头出场,2026-04-06 14:45,VltClsLE,2129.2,1,2128.47,-0.73,-0.03,8.43,0.40,-10.53,-0.49,2959.72,0.30
3209,空头进场,2026-04-06 14:00,VltClsSE,2128.47,1,2128.47,-0.73,-0.03,8.43,0.40,-10.53,-0.49,2959.72,0.30
3210,多头出场,2026-04-06 18:45,VltClsSE,2150.28,1,2129.2,21.08,0.99,45.59,2.14,-6.37,-0.30,2980.8,0.30
3210,多头进场,2026-04-06 14:45,VltClsLE,2129.2,1,2129.2,21.08,0.99,45.59,2.14,-6.37,-0.30,2980.8,0.30
3211,空头出场,2026-04-06 20:30,VltClsLE,2151.49,1,2150.28,-1.21,-0.06,3.67,0.17,-3.42,-0.16,2979.59,0.30
3211,空头进场,2026-04-06 18:45,VltClsSE,2150.28,1,2150.28,-1.21,-0.06,3.67,0.17,-3.42,-0.16,2979.59,0.30
3212,多头出场,2026-04-06 20:45,VltClsSE,2148.26,1,2151.49,-3.23,-0.15,3.03,0.14,-3.23,-0.15,2976.36,0.30
3212,多头进场,2026-04-06 20:30,VltClsLE,2151.49,1,2151.49,-3.23,-0.15,3.03,0.14,-3.23,-0.15,2976.36,0.30
3213,空头出场,2026-04-06 21:30,VltClsLE,2148.7,1,2148.26,-0.44,-0.02,9.26,0.43,-0.44,-0.02,2975.92,0.30
3213,空头进场,2026-04-06 20:45,VltClsSE,2148.26,1,2148.26,-0.44,-0.02,9.26,0.43,-0.44,-0.02,2975.92,0.30
3214,多头出场,2026-04-06 22:00,VltClsSE,2139.69,1,2148.7,-9.01,-0.42,0.71,0.03,-10.79,-0.50,2966.91,0.30
3214,多头进场,2026-04-06 21:30,VltClsLE,2148.7,1,2148.7,-9.01,-0.42,0.71,0.03,-10.79,-0.50,2966.91,0.30
3215,空头出场,2026-04-06 22:15,VltClsLE,2149.92,1,2139.69,-10.23,-0.48,1.93,0.09,-19.21,-0.90,2956.68,0.30
3215,空头进场,2026-04-06 22:00,VltClsSE,2139.69,1,2139.69,-10.23,-0.48,1.93,0.09,-19.21,-0.90,2956.68,0.30
3216,多头出场,2026-04-06 22:30,VltClsSE,2144.51,1,2149.92,-5.41,-0.25,15.82,0.74,-5.41,-0.25,2951.27,0.30
3216,多头进场,2026-04-06 22:15,VltClsLE,2149.92,1,2149.92,-5.41,-0.25,15.82,0.74,-5.41,-0.25,2951.27,0.30
3217,空头出场,2026-04-07 00:45,VltClsLE,2167.68,1,2144.51,-23.17,-1.08,1.79,0.08,-25.09,-1.17,2928.1,0.29
3217,空头进场,2026-04-06 22:30,VltClsSE,2144.51,1,2144.51,-23.17,-1.08,1.79,0.08,-25.09,-1.17,2928.1,0.29
3218,多头出场,2026-04-07 01:00,VltClsSE,2132.18,1,2167.68,-35.5,-1.64,0.72,0.03,-35.5,-1.64,2892.6,0.29
3218,多头进场,2026-04-07 00:45,VltClsLE,2167.68,1,2167.68,-35.5,-1.64,0.72,0.03,-35.5,-1.64,2892.6,0.29
3219,空头出场,2026-04-07 02:00,VltClsLE,2145.23,1,2132.18,-13.05,-0.61,8.58,0.40,-13.05,-0.61,2879.55,0.29
3219,空头进场,2026-04-07 01:00,VltClsSE,2132.18,1,2132.18,-13.05,-0.61,8.58,0.40,-13.05,-0.61,2879.55,0.29
3220,多头出场,2026-04-07 03:00,VltClsSE,2138.88,1,2145.23,-6.35,-0.30,3.28,0.15,-6.35,-0.30,2873.2,0.29
3220,多头进场,2026-04-07 02:00,VltClsLE,2145.23,1,2145.23,-6.35,-0.30,3.28,0.15,-6.35,-0.30,2873.2,0.29
3221,空头出场,2026-04-07 04:15,VltClsLE,2150.65,1,2138.88,-11.77,-0.55,2.94,0.14,-11.77,-0.55,2861.43,0.29
3221,空头进场,2026-04-07 03:00,VltClsSE,2138.88,1,2138.88,-11.77,-0.55,2.94,0.14,-11.77,-0.55,2861.43,0.29
3222,多头出场,2026-04-07 05:30,VltClsSE,2142.2,1,2150.65,-8.45,-0.39,4.41,0.21,-8.45,-0.39,2852.98,0.29
3222,多头进场,2026-04-07 04:15,VltClsLE,2150.65,1,2150.65,-8.45,-0.39,4.41,0.21,-8.45,-0.39,2852.98,0.29
3223,空头出场,2026-04-07 07:30,VltClsLE,2102.03,1,2142.2,40.17,1.88,54.7,2.55,0,0.00,2893.15,0.29
3223,空头进场,2026-04-07 05:30,VltClsSE,2142.2,1,2142.2,40.17,1.88,54.7,2.55,0,0.00,2893.15,0.29
3224,多头出场,2026-04-07 09:00,VltClsSE,2105.52,1,2102.03,3.49,0.17,18.11,0.86,0,0.00,2896.64,0.29
3224,多头进场,2026-04-07 07:30,VltClsLE,2102.03,1,2102.03,3.49,0.17,18.11,0.86,0,0.00,2896.64,0.29
3225,空头出场,2026-04-07 09:15,VltClsLE,2114.66,1,2105.52,-9.14,-0.43,0.92,0.04,-9.14,-0.43,2887.5,0.29
3225,空头进场,2026-04-07 09:00,VltClsSE,2105.52,1,2105.52,-9.14,-0.43,0.92,0.04,-9.14,-0.43,2887.5,0.29
3226,多头出场,2026-04-07 09:45,VltClsSE,2103.1,1,2114.66,-11.56,-0.55,5.44,0.26,-11.56,-0.55,2875.94,0.29
3226,多头进场,2026-04-07 09:15,VltClsLE,2114.66,1,2114.66,-11.56,-0.55,5.44,0.26,-11.56,-0.55,2875.94,0.29
3227,空头出场,2026-04-07 12:30,VltClsLE,2108.8,1,2103.1,-5.7,-0.27,9.46,0.45,-8.53,-0.41,2870.24,0.29
3227,空头进场,2026-04-07 09:45,VltClsSE,2103.1,1,2103.1,-5.7,-0.27,9.46,0.45,-8.53,-0.41,2870.24,0.29
3228,多头出场,2026-04-07 13:00,VltClsSE,2110.41,1,2108.8,1.61,0.08,10.41,0.49,0,0.00,2871.85,0.29
3228,多头进场,2026-04-07 12:30,VltClsLE,2108.8,1,2108.8,1.61,0.08,10.41,0.49,0,0.00,2871.85,0.29
3229,空头出场,2026-04-07 14:45,VltClsLE,2104.98,1,2110.41,5.43,0.26,13.72,0.65,-2.02,-0.10,2877.28,0.29
3229,空头进场,2026-04-07 13:00,VltClsSE,2110.41,1,2110.41,5.43,0.26,13.72,0.65,-2.02,-0.10,2877.28,0.29
3230,多头出场,2026-04-07 15:00,VltClsSE,2100.51,1,2104.98,-4.47,-0.21,1.6,0.08,-4.47,-0.21,2872.81,0.29
3230,多头进场,2026-04-07 14:45,VltClsLE,2104.98,1,2104.98,-4.47,-0.21,1.6,0.08,-4.47,-0.21,2872.81,0.29
3231,空头出场,2026-04-07 15:30,VltClsLE,2105.16,1,2100.51,-4.65,-0.22,1.61,0.08,-4.65,-0.22,2868.16,0.29
3231,空头进场,2026-04-07 15:00,VltClsSE,2100.51,1,2100.51,-4.65,-0.22,1.61,0.08,-4.65,-0.22,2868.16,0.29
3232,多头出场,2026-04-07 18:00,VltClsSE,2122.41,1,2105.16,17.25,0.82,28.67,1.36,-5.16,-0.25,2885.41,0.29
3232,多头进场,2026-04-07 15:30,VltClsLE,2105.16,1,2105.16,17.25,0.82,28.67,1.36,-5.16,-0.25,2885.41,0.29
3233,空头出场,2026-04-07 20:45,VltClsLE,2084.32,1,2122.41,38.09,1.79,48.32,2.28,-0.71,-0.03,2923.5,0.29
3233,空头进场,2026-04-07 18:00,VltClsSE,2122.41,1,2122.41,38.09,1.79,48.32,2.28,-0.71,-0.03,2923.5,0.29
3234,多头出场,2026-04-07 21:30,VltClsSE,2076.49,1,2084.32,-7.83,-0.38,8.85,0.42,-7.83,-0.38,2915.67,0.29
3234,多头进场,2026-04-07 20:45,VltClsLE,2084.32,1,2084.32,-7.83,-0.38,8.85,0.42,-7.83,-0.38,2915.67,0.29
3235,空头出场,2026-04-07 22:15,VltClsLE,2075.77,1,2076.49,0.72,0.03,16.25,0.78,-7.08,-0.34,2916.39,0.29
3235,空头进场,2026-04-07 21:30,VltClsSE,2076.49,1,2076.49,0.72,0.03,16.25,0.78,-7.08,-0.34,2916.39,0.29
3236,多头出场,2026-04-08 02:45,VltClsSE,2082.74,1,2075.77,6.97,0.34,39.4,1.90,-11.01,-0.53,2923.36,0.29
3236,多头进场,2026-04-07 22:15,VltClsLE,2075.77,1,2075.77,6.97,0.34,39.4,1.90,-11.01,-0.53,2923.36,0.29
3237,空头出场,2026-04-08 03:15,VltClsLE,2093.12,1,2082.74,-10.38,-0.50,0.31,0.01,-10.38,-0.50,2912.98,0.29
3237,空头进场,2026-04-08 02:45,VltClsSE,2082.74,1,2082.74,-10.38,-0.50,0.31,0.01,-10.38,-0.50,2912.98,0.29
3238,多头出场,2026-04-08 05:15,VltClsSE,2131.53,1,2093.12,38.41,1.84,59.88,2.86,-2.56,-0.12,2951.39,0.30
3238,多头进场,2026-04-08 03:15,VltClsLE,2093.12,1,2093.12,38.41,1.84,59.88,2.86,-2.56,-0.12,2951.39,0.30
3239,空头出场,2026-04-08 05:30,VltClsLE,2142.15,1,2131.53,-10.62,-0.50,3.34,0.16,-10.62,-0.50,2940.77,0.29
3239,空头进场,2026-04-08 05:15,VltClsSE,2131.53,1,2131.53,-10.62,-0.50,3.34,0.16,-10.62,-0.50,2940.77,0.29
3240,多头出场,2026-04-08 07:30,VltClsSE,2246.39,1,2142.15,104.24,4.87,131.72,6.15,-1.56,-0.07,3045.01,0.30
3240,多头进场,2026-04-08 05:30,VltClsLE,2142.15,1,2142.15,104.24,4.87,131.72,6.15,-1.56,-0.07,3045.01,0.30
3241,空头出场,2026-04-08 10:00,VltClsLE,2240.93,1,2246.39,5.46,0.24,18.15,0.81,-14.11,-0.63,3050.47,0.31
3241,空头进场,2026-04-08 07:30,VltClsSE,2246.39,1,2246.39,5.46,0.24,18.15,0.81,-14.11,-0.63,3050.47,0.31
3242,多头出场,2026-04-08 10:15,VltClsSE,2237.84,1,2240.93,-3.09,-0.14,6.49,0.29,-3.09,-0.14,3047.38,0.30
3242,多头进场,2026-04-08 10:00,VltClsLE,2240.93,1,2240.93,-3.09,-0.14,6.49,0.29,-3.09,-0.14,3047.38,0.30
3243,空头出场,2026-04-08 12:00,VltClsLE,2238.52,1,2237.84,-0.68,-0.03,7.08,0.32,-1.62,-0.07,3046.7,0.30
3243,空头进场,2026-04-08 10:15,VltClsSE,2237.84,1,2237.84,-0.68,-0.03,7.08,0.32,-1.62,-0.07,3046.7,0.30
3244,多头出场,2026-04-08 12:45,VltClsSE,2243.25,1,2238.52,4.73,0.21,13.98,0.62,0,0.00,3051.43,0.31
3244,多头进场,2026-04-08 12:00,VltClsLE,2238.52,1,2238.52,4.73,0.21,13.98,0.62,0,0.00,3051.43,0.31
3245,空头出场,2026-04-08 14:15,VltClsLE,2245.63,1,2243.25,-2.38,-0.11,7.76,0.35,-2.38,-0.11,3049.05,0.30
3245,空头进场,2026-04-08 12:45,VltClsSE,2243.25,1,2243.25,-2.38,-0.11,7.76,0.35,-2.38,-0.11,3049.05,0.30
3246,多头出场,2026-04-08 15:30,VltClsSE,2250.74,1,2245.63,5.11,0.23,15.13,0.67,-1,-0.04,3054.16,0.31
3246,多头进场,2026-04-08 14:15,VltClsLE,2245.63,1,2245.63,5.11,0.23,15.13,0.67,-1,-0.04,3054.16,0.31
3247,空头出场,2026-04-08 16:00,VltClsLE,2259.45,1,2250.74,-8.71,-0.39,3.44,0.15,-8.71,-0.39,3045.45,0.30
3247,空头进场,2026-04-08 15:30,VltClsSE,2250.74,1,2250.74,-8.71,-0.39,3.44,0.15,-8.71,-0.39,3045.45,0.30
3248,多头出场,2026-04-08 16:30,VltClsSE,2250.51,1,2259.45,-8.94,-0.40,0.06,0.00,-8.94,-0.40,3036.51,0.30
3248,多头进场,2026-04-08 16:00,VltClsLE,2259.45,1,2259.45,-8.94,-0.40,0.06,0.00,-8.94,-0.40,3036.51,0.30
3249,空头出场,2026-04-08 17:00,VltClsLE,2261.29,1,2250.51,-10.78,-0.48,0.07,0.00,-10.78,-0.48,3025.73,0.30
3249,空头进场,2026-04-08 16:30,VltClsSE,2250.51,1,2250.51,-10.78,-0.48,0.07,0.00,-10.78,-0.48,3025.73,0.30
3250,多头出场,2026-04-08 17:15,VltClsSE,2252.45,1,2261.29,-8.84,-0.39,2.06,0.09,-8.84,-0.39,3016.89,0.30
3250,多头进场,2026-04-08 17:00,VltClsLE,2261.29,1,2261.29,-8.84,-0.39,2.06,0.09,-8.84,-0.39,3016.89,0.30
3251,空头出场,2026-04-08 19:00,VltClsLE,2247.36,1,2252.45,5.09,0.23,11.23,0.50,-1.41,-0.06,3021.98,0.30
3251,空头进场,2026-04-08 17:15,VltClsSE,2252.45,1,2252.45,5.09,0.23,11.23,0.50,-1.41,-0.06,3021.98,0.30
3252,多头出场,2026-04-08 19:30,VltClsSE,2248.13,1,2247.36,0.77,0.03,7.36,0.33,-2.36,-0.11,3022.75,0.30
3252,多头进场,2026-04-08 19:00,VltClsLE,2247.36,1,2247.36,0.77,0.03,7.36,0.33,-2.36,-0.11,3022.75,0.30
3253,空头出场,2026-04-08 21:00,VltClsLE,2262.32,1,2248.13,-14.19,-0.63,11.01,0.49,-14.19,-0.63,3008.56,0.30
3253,空头进场,2026-04-08 19:30,VltClsSE,2248.13,1,2248.13,-14.19,-0.63,11.01,0.49,-14.19,-0.63,3008.56,0.30
3254,多头出场,2026-04-08 21:15,VltClsSE,2254.57,1,2262.32,-7.75,-0.34,8.23,0.36,-7.75,-0.34,3000.81,0.30
3254,多头进场,2026-04-08 21:00,VltClsLE,2262.32,1,2262.32,-7.75,-0.34,8.23,0.36,-7.75,-0.34,3000.81,0.30
3255,空头出场,2026-04-08 23:30,VltClsLE,2218.34,1,2254.57,36.23,1.61,67.96,3.01,-11.51,-0.51,3037.04,0.30
3255,空头进场,2026-04-08 21:15,VltClsSE,2254.57,1,2254.57,36.23,1.61,67.96,3.01,-11.51,-0.51,3037.04,0.30
3256,多头出场,2026-04-09 00:30,VltClsSE,2212.77,1,2218.34,-5.57,-0.25,4.31,0.19,-6.99,-0.32,3031.47,0.30
3256,多头进场,2026-04-08 23:30,VltClsLE,2218.34,1,2218.34,-5.57,-0.25,4.31,0.19,-6.99,-0.32,3031.47,0.30
3257,空头出场,2026-04-09 00:45,VltClsLE,2223.49,1,2212.77,-10.72,-0.48,1.54,0.07,-10.72,-0.48,3020.75,0.30
3257,空头进场,2026-04-09 00:30,VltClsSE,2212.77,1,2212.77,-10.72,-0.48,1.54,0.07,-10.72,-0.48,3020.75,0.30
3258,多头出场,2026-04-09 01:15,VltClsSE,2219.52,1,2223.49,-3.97,-0.18,3.6,0.16,-3.97,-0.18,3016.78,0.30
3258,多头进场,2026-04-09 00:45,VltClsLE,2223.49,1,2223.49,-3.97,-0.18,3.6,0.16,-3.97,-0.18,3016.78,0.30
3259,空头出场,2026-04-09 01:30,VltClsLE,2226.32,1,2219.52,-6.8,-0.31,6.49,0.29,-6.8,-0.31,3009.98,0.30
3259,空头进场,2026-04-09 01:15,VltClsSE,2219.52,1,2219.52,-6.8,-0.31,6.49,0.29,-6.8,-0.31,3009.98,0.30
3260,多头出场,2026-04-09 02:15,VltClsSE,2219.19,1,2226.32,-7.13,-0.32,13.18,0.59,-7.13,-0.32,3002.85,0.30
3260,多头进场,2026-04-09 01:30,VltClsLE,2226.32,1,2226.32,-7.13,-0.32,13.18,0.59,-7.13,-0.32,3002.85,0.30
3261,空头出场,2026-04-09 03:30,VltClsLE,2208.12,1,2219.19,11.07,0.50,21.49,0.97,-0.69,-0.03,3013.92,0.30
3261,空头进场,2026-04-09 02:15,VltClsSE,2219.19,1,2219.19,11.07,0.50,21.49,0.97,-0.69,-0.03,3013.92,0.30
3262,多头出场,2026-04-09 04:30,VltClsSE,2209.5,1,2208.12,1.38,0.06,8.54,0.39,-2.42,-0.11,3015.3,0.30
3262,多头进场,2026-04-09 03:30,VltClsLE,2208.12,1,2208.12,1.38,0.06,8.54,0.39,-2.42,-0.11,3015.3,0.30
3263,空头出场,2026-04-09 05:00,VltClsLE,2214.12,1,2209.5,-4.62,-0.21,3.66,0.17,-4.62,-0.21,3010.68,0.30
3263,空头进场,2026-04-09 04:30,VltClsSE,2209.5,1,2209.5,-4.62,-0.21,3.66,0.17,-4.62,-0.21,3010.68,0.30
3264,多头出场,2026-04-09 05:30,VltClsSE,2214.78,1,2214.12,0.66,0.03,8.43,0.38,0,0.00,3011.34,0.30
3264,多头进场,2026-04-09 05:00,VltClsLE,2214.12,1,2214.12,0.66,0.03,8.43,0.38,0,0.00,3011.34,0.30
3265,空头出场,2026-04-09 06:30,VltClsLE,2200.2,1,2214.78,14.58,0.66,27.81,1.26,-2.8,-0.13,3025.92,0.30
3265,空头进场,2026-04-09 05:30,VltClsSE,2214.78,1,2214.78,14.58,0.66,27.81,1.26,-2.8,-0.13,3025.92,0.30
3266,多头出场,2026-04-09 06:45,VltClsSE,2190.34,1,2200.2,-9.86,-0.45,1.49,0.07,-9.86,-0.45,3016.06,0.30
3266,多头进场,2026-04-09 06:30,VltClsLE,2200.2,1,2200.2,-9.86,-0.45,1.49,0.07,-9.86,-0.45,3016.06,0.30
3267,空头出场,2026-04-09 09:30,VltClsLE,2177.97,1,2190.34,12.37,0.56,28.34,1.29,-3.61,-0.16,3028.43,0.30
3267,空头进场,2026-04-09 06:45,VltClsSE,2190.34,1,2190.34,12.37,0.56,28.34,1.29,-3.61,-0.16,3028.43,0.30
3268,多头出场,2026-04-09 13:45,VltClsSE,2184.1,1,2177.97,6.13,0.28,11.02,0.51,-6.39,-0.29,3034.56,0.30
3268,多头进场,2026-04-09 09:30,VltClsLE,2177.97,1,2177.97,6.13,0.28,11.02,0.51,-6.39,-0.29,3034.56,0.30
3269,空头出场,2026-04-09 15:00,VltClsLE,2185.63,1,2184.1,-1.53,-0.07,8.5,0.39,-2.03,-0.09,3033.03,0.30
3269,空头进场,2026-04-09 13:45,VltClsSE,2184.1,1,2184.1,-1.53,-0.07,8.5,0.39,-2.03,-0.09,3033.03,0.30
3270,多头出场,2026-04-09 15:15,VltClsSE,2181.05,1,2185.63,-4.58,-0.21,0.15,0.01,-4.58,-0.21,3028.45,0.30
3270,多头进场,2026-04-09 15:00,VltClsLE,2185.63,1,2185.63,-4.58,-0.21,0.15,0.01,-4.58,-0.21,3028.45,0.30
3271,空头出场,2026-04-09 16:30,VltClsLE,2183.49,1,2181.05,-2.44,-0.11,4.68,0.21,-3.23,-0.15,3026.01,0.30
3271,空头进场,2026-04-09 15:15,VltClsSE,2181.05,1,2181.05,-2.44,-0.11,4.68,0.21,-3.23,-0.15,3026.01,0.30
3272,多头出场,2026-04-09 16:45,VltClsSE,2184.66,1,2183.49,1.17,0.05,7.23,0.33,0,0.00,3027.18,0.30
3272,多头进场,2026-04-09 16:30,VltClsLE,2183.49,1,2183.49,1.17,0.05,7.23,0.33,0,0.00,3027.18,0.30
3273,空头出场,2026-04-09 17:45,VltClsLE,2190.81,1,2184.66,-6.15,-0.28,4.94,0.23,-6.15,-0.28,3021.03,0.30
3273,空头进场,2026-04-09 16:45,VltClsSE,2184.66,1,2184.66,-6.15,-0.28,4.94,0.23,-6.15,-0.28,3021.03,0.30
3274,多头出场,2026-04-09 18:00,VltClsSE,2188.6,1,2190.81,-2.21,-0.10,6.89,0.31,-2.21,-0.10,3018.82,0.30
3274,多头进场,2026-04-09 17:45,VltClsLE,2190.81,1,2190.81,-2.21,-0.10,6.89,0.31,-2.21,-0.10,3018.82,0.30
3275,空头出场,2026-04-09 20:15,VltClsLE,2185.16,1,2188.6,3.44,0.16,10.29,0.47,-7.62,-0.35,3022.26,0.30
3275,空头进场,2026-04-09 18:00,VltClsSE,2188.6,1,2188.6,3.44,0.16,10.29,0.47,-7.62,-0.35,3022.26,0.30
3276,多头出场,2026-04-09 20:30,VltClsSE,2180.14,1,2185.16,-5.02,-0.23,1.82,0.08,-10.89,-0.50,3017.24,0.30
3276,多头进场,2026-04-09 20:15,VltClsLE,2185.16,1,2185.16,-5.02,-0.23,1.82,0.08,-10.89,-0.50,3017.24,0.30
3277,空头出场,2026-04-09 22:00,VltClsLE,2172.38,1,2180.14,7.76,0.36,21.95,1.01,-6.4,-0.29,3025,0.30
3277,空头进场,2026-04-09 20:30,VltClsSE,2180.14,1,2180.14,7.76,0.36,21.95,1.01,-6.4,-0.29,3025,0.30
3278,多头出场,2026-04-09 22:15,VltClsSE,2161.78,1,2172.38,-10.6,-0.49,0.01,0.00,-10.6,-0.49,3014.4,0.30
3278,多头进场,2026-04-09 22:00,VltClsLE,2172.38,1,2172.38,-10.6,-0.49,0.01,0.00,-10.6,-0.49,3014.4,0.30
3279,空头出场,2026-04-09 22:30,VltClsLE,2171.52,1,2161.78,-9.74,-0.45,4.47,0.21,-9.74,-0.45,3004.66,0.30
3279,空头进场,2026-04-09 22:15,VltClsSE,2161.78,1,2161.78,-9.74,-0.45,4.47,0.21,-9.74,-0.45,3004.66,0.30
3280,多头出场,2026-04-10 00:30,VltClsSE,2196.33,1,2171.52,24.81,1.14,57.88,2.67,-2.01,-0.09,3029.47,0.30
3280,多头进场,2026-04-09 22:30,VltClsLE,2171.52,1,2171.52,24.81,1.14,57.88,2.67,-2.01,-0.09,3029.47,0.30
3281,空头出场,2026-04-10 01:00,VltClsLE,2219.11,1,2196.33,-22.78,-1.04,3.33,0.15,-22.78,-1.04,3006.69,0.30
3281,空头进场,2026-04-10 00:30,VltClsSE,2196.33,1,2196.33,-22.78,-1.04,3.33,0.15,-22.78,-1.04,3006.69,0.30
3282,多头出场,2026-04-10 01:15,VltClsSE,2212.83,1,2219.11,-6.28,-0.28,6.36,0.29,-6.28,-0.28,3000.41,0.30
3282,多头进场,2026-04-10 01:00,VltClsLE,2219.11,1,2219.11,-6.28,-0.28,6.36,0.29,-6.28,-0.28,3000.41,0.30
3283,空头出场,2026-04-10 03:00,VltClsLE,2214.7,1,2212.83,-1.87,-0.08,12.19,0.55,-11.62,-0.53,2998.54,0.30
3283,空头进场,2026-04-10 01:15,VltClsSE,2212.83,1,2212.83,-1.87,-0.08,12.19,0.55,-11.62,-0.53,2998.54,0.30
3284,多头出场,2026-04-10 03:15,VltClsSE,2205.8,1,2214.7,-8.9,-0.40,5.75,0.26,-8.9,-0.40,2989.64,0.30
3284,多头进场,2026-04-10 03:00,VltClsLE,2214.7,1,2214.7,-8.9,-0.40,5.75,0.26,-8.9,-0.40,2989.64,0.30
3285,空头出场,2026-04-10 03:30,VltClsLE,2215.45,1,2205.8,-9.65,-0.44,1.41,0.06,-9.65,-0.44,2979.99,0.30
3285,空头进场,2026-04-10 03:15,VltClsSE,2205.8,1,2205.8,-9.65,-0.44,1.41,0.06,-9.65,-0.44,2979.99,0.30
3286,多头出场,2026-04-10 04:45,VltClsSE,2211.99,1,2215.45,-3.46,-0.16,9.07,0.41,-3.46,-0.16,2976.53,0.30
3286,多头进场,2026-04-10 03:30,VltClsLE,2215.45,1,2215.45,-3.46,-0.16,9.07,0.41,-3.46,-0.16,2976.53,0.30
3287,空头出场,2026-04-10 05:00,VltClsLE,2218.16,1,2211.99,-6.17,-0.28,3.34,0.15,-6.17,-0.28,2970.36,0.30
3287,空头进场,2026-04-10 04:45,VltClsSE,2211.99,1,2211.99,-6.17,-0.28,3.34,0.15,-6.17,-0.28,2970.36,0.30
3288,多头出场,2026-04-10 06:30,VltClsSE,2212.81,1,2218.16,-5.35,-0.24,27.84,1.26,-10.62,-0.48,2965.01,0.30
3288,多头进场,2026-04-10 05:00,VltClsLE,2218.16,1,2218.16,-5.35,-0.24,27.84,1.26,-10.62,-0.48,2965.01,0.30
3289,空头出场,2026-04-10 09:30,VltClsLE,2193.71,1,2212.81,19.1,0.86,36.71,1.66,-1.99,-0.09,2984.11,0.30
3289,空头进场,2026-04-10 06:30,VltClsSE,2212.81,1,2212.81,19.1,0.86,36.71,1.66,-1.99,-0.09,2984.11,0.30
3290,多头出场,2026-04-10 10:45,VltClsSE,2189.6,1,2193.71,-4.11,-0.19,10.39,0.47,-4.11,-0.19,2980,0.30
3290,多头进场,2026-04-10 09:30,VltClsLE,2193.71,1,2193.71,-4.11,-0.19,10.39,0.47,-4.11,-0.19,2980,0.30
3291,空头出场,2026-04-10 11:30,VltClsLE,2187.57,1,2189.6,2.03,0.09,6.92,0.32,-2.78,-0.13,2982.03,0.30
3291,空头进场,2026-04-10 10:45,VltClsSE,2189.6,1,2189.6,2.03,0.09,6.92,0.32,-2.78,-0.13,2982.03,0.30
3292,多头出场,2026-04-10 14:15,VltClsSE,2193.07,1,2187.57,5.5,0.25,15.54,0.71,-2.39,-0.11,2987.53,0.30
3292,多头进场,2026-04-10 11:30,VltClsLE,2187.57,1,2187.57,5.5,0.25,15.54,0.71,-2.39,-0.11,2987.53,0.30
3293,空头出场,2026-04-10 15:15,VltClsLE,2187.9,1,2193.07,5.17,0.24,9.08,0.41,0,0.00,2992.7,0.30
3293,空头进场,2026-04-10 14:15,VltClsSE,2193.07,1,2193.07,5.17,0.24,9.08,0.41,0,0.00,2992.7,0.30
3294,多头出场,2026-04-10 15:30,VltClsSE,2183.26,1,2187.9,-4.64,-0.21,0.45,0.02,-4.64,-0.21,2988.06,0.30
3294,多头进场,2026-04-10 15:15,VltClsLE,2187.9,1,2187.9,-4.64,-0.21,0.45,0.02,-4.64,-0.21,2988.06,0.30
3295,空头出场,2026-04-10 16:30,VltClsLE,2188.38,1,2183.26,-5.12,-0.23,6.86,0.31,-5.12,-0.23,2982.94,0.30
3295,空头进场,2026-04-10 15:30,VltClsSE,2183.26,1,2183.26,-5.12,-0.23,6.86,0.31,-5.12,-0.23,2982.94,0.30
3296,多头出场,2026-04-10 16:45,VltClsSE,2181.99,1,2188.38,-6.39,-0.29,1.73,0.08,-6.39,-0.29,2976.55,0.30
3296,多头进场,2026-04-10 16:30,VltClsLE,2188.38,1,2188.38,-6.39,-0.29,1.73,0.08,-6.39,-0.29,2976.55,0.30
3297,空头出场,2026-04-10 17:15,VltClsLE,2192.21,1,2181.99,-10.22,-0.47,0.4,0.02,-10.22,-0.47,2966.33,0.30
3297,空头进场,2026-04-10 16:45,VltClsSE,2181.99,1,2181.99,-10.22,-0.47,0.4,0.02,-10.22,-0.47,2966.33,0.30
3298,多头出场,2026-04-10 18:00,VltClsSE,2192.15,1,2192.21,-0.06,0.00,5.37,0.24,-0.11,-0.01,2966.27,0.30
3298,多头进场,2026-04-10 17:15,VltClsLE,2192.21,1,2192.21,-0.06,0.00,5.37,0.24,-0.11,-0.01,2966.27,0.30
3299,空头出场,2026-04-10 18:45,VltClsLE,2196.59,1,2192.15,-4.44,-0.20,1.49,0.07,-4.44,-0.20,2961.83,0.30
3299,空头进场,2026-04-10 18:00,VltClsSE,2192.15,1,2192.15,-4.44,-0.20,1.49,0.07,-4.44,-0.20,2961.83,0.30
3300,多头出场,2026-04-10 20:30,VltClsSE,2211,1,2196.59,14.41,0.66,27.69,1.26,0,0.00,2976.24,0.30
3300,多头进场,2026-04-10 18:45,VltClsLE,2196.59,1,2196.59,14.41,0.66,27.69,1.26,0,0.00,2976.24,0.30
3301,空头出场,2026-04-10 21:45,VltClsLE,2223.46,1,2211,-12.46,-0.56,2.82,0.13,-17.51,-0.79,2963.78,0.30
3301,空头进场,2026-04-10 20:30,VltClsSE,2211,1,2211,-12.46,-0.56,2.82,0.13,-17.51,-0.79,2963.78,0.30
3302,多头出场,2026-04-10 23:45,VltClsSE,2222.13,1,2223.46,-1.33,-0.06,34.53,1.55,-3.03,-0.14,2962.45,0.30
3302,多头进场,2026-04-10 21:45,VltClsLE,2223.46,1,2223.46,-1.33,-0.06,34.53,1.55,-3.03,-0.14,2962.45,0.30
3303,空头出场,2026-04-11 00:15,VltClsLE,2241.36,1,2222.13,-19.23,-0.87,1.77,0.08,-19.23,-0.87,2943.22,0.29
3303,空头进场,2026-04-10 23:45,VltClsSE,2222.13,1,2222.13,-19.23,-0.87,1.77,0.08,-19.23,-0.87,2943.22,0.29
3304,多头出场,2026-04-11 02:00,VltClsSE,2242.84,1,2241.36,1.48,0.07,8.09,0.36,-6.17,-0.28,2944.7,0.29
3304,多头进场,2026-04-11 00:15,VltClsLE,2241.36,1,2241.36,1.48,0.07,8.09,0.36,-6.17,-0.28,2944.7,0.29
3305,空头出场,2026-04-11 03:00,VltClsLE,2254.9,1,2242.84,-12.06,-0.54,3.78,0.17,-12.06,-0.54,2932.64,0.29
3305,空头进场,2026-04-11 02:00,VltClsSE,2242.84,1,2242.84,-12.06,-0.54,3.78,0.17,-12.06,-0.54,2932.64,0.29
3306,多头出场,2026-04-11 03:15,VltClsSE,2248.71,1,2254.9,-6.19,-0.27,1.1,0.05,-6.19,-0.27,2926.45,0.29
3306,多头进场,2026-04-11 03:00,VltClsLE,2254.9,1,2254.9,-6.19,-0.27,1.1,0.05,-6.19,-0.27,2926.45,0.29
3307,空头出场,2026-04-11 03:45,VltClsLE,2249.28,1,2248.71,-0.57,-0.03,5.19,0.23,-0.57,-0.03,2925.88,0.29
3307,空头进场,2026-04-11 03:15,VltClsSE,2248.71,1,2248.71,-0.57,-0.03,5.19,0.23,-0.57,-0.03,2925.88,0.29
3308,多头出场,2026-04-11 04:30,VltClsSE,2248.22,1,2249.28,-1.06,-0.05,7.59,0.34,-1.06,-0.05,2924.82,0.29
3308,多头进场,2026-04-11 03:45,VltClsLE,2249.28,1,2249.28,-1.06,-0.05,7.59,0.34,-1.06,-0.05,2924.82,0.29
3309,空头出场,2026-04-11 04:45,VltClsLE,2253.28,1,2248.22,-5.06,-0.23,5.19,0.23,-5.06,-0.23,2919.76,0.29
3309,空头进场,2026-04-11 04:30,VltClsSE,2248.22,1,2248.22,-5.06,-0.23,5.19,0.23,-5.06,-0.23,2919.76,0.29
3310,多头出场,2026-04-11 05:00,VltClsSE,2248.59,1,2253.28,-4.69,-0.21,3.86,0.17,-4.69,-0.21,2915.07,0.29
3310,多头进场,2026-04-11 04:45,VltClsLE,2253.28,1,2253.28,-4.69,-0.21,3.86,0.17,-4.69,-0.21,2915.07,0.29
3311,空头出场,2026-04-11 09:30,VltClsLE,2241.91,1,2248.59,6.68,0.30,13.78,0.61,-6.98,-0.31,2921.75,0.29
3311,空头进场,2026-04-11 05:00,VltClsSE,2248.59,1,2248.59,6.68,0.30,13.78,0.61,-6.98,-0.31,2921.75,0.29
3312,多头出场,2026-04-11 11:30,VltClsSE,2244.92,1,2241.91,3.01,0.13,10.24,0.46,-0.44,-0.02,2924.76,0.29
3312,多头进场,2026-04-11 09:30,VltClsLE,2241.91,1,2241.91,3.01,0.13,10.24,0.46,-0.44,-0.02,2924.76,0.29
3313,空头出场,2026-04-11 12:00,VltClsLE,2240.54,1,2244.92,4.38,0.20,9.47,0.42,-0.69,-0.03,2929.14,0.29
3313,空头进场,2026-04-11 11:30,VltClsSE,2244.92,1,2244.92,4.38,0.20,9.47,0.42,-0.69,-0.03,2929.14,0.29
3314,多头出场,2026-04-11 13:00,VltClsSE,2237.08,1,2240.54,-3.46,-0.15,2.39,0.11,-4.08,-0.18,2925.68,0.29
3314,多头进场,2026-04-11 12:00,VltClsLE,2240.54,1,2240.54,-3.46,-0.15,2.39,0.11,-4.08,-0.18,2925.68,0.29
3315,空头出场,2026-04-11 13:15,VltClsLE,2235.42,1,2237.08,1.66,0.07,8.08,0.36,0,0.00,2927.34,0.29
3315,空头进场,2026-04-11 13:00,VltClsSE,2237.08,1,2237.08,1.66,0.07,8.08,0.36,0,0.00,2927.34,0.29
3316,多头出场,2026-04-11 15:00,VltClsSE,2232.92,1,2235.42,-2.5,-0.11,2,0.09,-5.8,-0.26,2924.84,0.29
3316,多头进场,2026-04-11 13:15,VltClsLE,2235.42,1,2235.42,-2.5,-0.11,2,0.09,-5.8,-0.26,2924.84,0.29
3317,空头出场,2026-04-11 16:00,VltClsLE,2234.85,1,2232.92,-1.93,-0.09,2.34,0.10,-3.59,-0.16,2922.91,0.29
3317,空头进场,2026-04-11 15:00,VltClsSE,2232.92,1,2232.92,-1.93,-0.09,2.34,0.10,-3.59,-0.16,2922.91,0.29
3318,多头出场,2026-04-11 16:30,VltClsSE,2232.14,1,2234.85,-2.71,-0.12,0.58,0.03,-2.71,-0.12,2920.2,0.29
3318,多头进场,2026-04-11 16:00,VltClsLE,2234.85,1,2234.85,-2.71,-0.12,0.58,0.03,-2.71,-0.12,2920.2,0.29
3319,空头出场,2026-04-11 17:00,VltClsLE,2234.77,1,2232.14,-2.63,-0.12,0,0.00,-3.13,-0.14,2917.57,0.29
3319,空头进场,2026-04-11 16:30,VltClsSE,2232.14,1,2232.14,-2.63,-0.12,0,0.00,-3.13,-0.14,2917.57,0.29
3320,多头出场,2026-04-11 17:30,VltClsSE,2242.07,1,2234.77,7.3,0.33,14.54,0.65,0,0.00,2924.87,0.29
3320,多头进场,2026-04-11 17:00,VltClsLE,2234.77,1,2234.77,7.3,0.33,14.54,0.65,0,0.00,2924.87,0.29
3321,空头出场,2026-04-11 19:30,VltClsLE,2241.61,1,2242.07,0.46,0.02,4.37,0.19,-3.05,-0.14,2925.33,0.29
3321,空头进场,2026-04-11 17:30,VltClsSE,2242.07,1,2242.07,0.46,0.02,4.37,0.19,-3.05,-0.14,2925.33,0.29
3322,多头出场,2026-04-11 20:15,VltClsSE,2242.18,1,2241.61,0.57,0.03,5.39,0.24,0,0.00,2925.9,0.29
3322,多头进场,2026-04-11 19:30,VltClsLE,2241.61,1,2241.61,0.57,0.03,5.39,0.24,0,0.00,2925.9,0.29
3323,空头出场,2026-04-11 20:30,VltClsLE,2245.47,1,2242.18,-3.29,-0.15,1.02,0.05,-3.29,-0.15,2922.61,0.29
3323,空头进场,2026-04-11 20:15,VltClsSE,2242.18,1,2242.18,-3.29,-0.15,1.02,0.05,-3.29,-0.15,2922.61,0.29
3324,多头出场,2026-04-11 21:00,VltClsSE,2242.91,1,2245.47,-2.56,-0.11,1.24,0.06,-2.56,-0.11,2920.05,0.29
3324,多头进场,2026-04-11 20:30,VltClsLE,2245.47,1,2245.47,-2.56,-0.11,1.24,0.06,-2.56,-0.11,2920.05,0.29
3325,空头出场,2026-04-11 21:15,VltClsLE,2239.35,1,2242.91,3.56,0.16,9.19,0.41,0,0.00,2923.61,0.29
3325,空头进场,2026-04-11 21:00,VltClsSE,2242.91,1,2242.91,3.56,0.16,9.19,0.41,0,0.00,2923.61,0.29
3326,多头出场,2026-04-12 04:00,VltClsSE,2305.68,1,2239.35,66.33,2.96,90.58,4.04,-2.46,-0.11,2989.94,0.30
3326,多头进场,2026-04-11 21:15,VltClsLE,2239.35,1,2239.35,66.33,2.96,90.58,4.04,-2.46,-0.11,2989.94,0.30
3327,空头出场,2026-04-12 06:00,VltClsLE,2304.95,1,2305.68,0.73,0.03,17.36,0.75,-5.29,-0.23,2990.67,0.30
3327,空头进场,2026-04-12 04:00,VltClsSE,2305.68,1,2305.68,0.73,0.03,17.36,0.75,-5.29,-0.23,2990.67,0.30
3328,多头出场,2026-04-12 06:30,VltClsSE,2301.02,1,2304.95,-3.93,-0.17,3.05,0.13,-3.93,-0.17,2986.74,0.30
3328,多头进场,2026-04-12 06:00,VltClsLE,2304.95,1,2304.95,-3.93,-0.17,3.05,0.13,-3.93,-0.17,2986.74,0.30
3329,空头出场,2026-04-12 13:15,VltClsLE,2215.27,1,2301.02,85.75,3.73,93.96,4.08,0,0.00,3072.49,0.31
3329,空头进场,2026-04-12 06:30,VltClsSE,2301.02,1,2301.02,85.75,3.73,93.96,4.08,0,0.00,3072.49,0.31
3330,多头出场,2026-04-12 13:30,VltClsSE,2214.74,1,2215.27,-0.53,-0.02,4.69,0.21,-0.53,-0.02,3071.96,0.31
3330,多头进场,2026-04-12 13:15,VltClsLE,2215.27,1,2215.27,-0.53,-0.02,4.69,0.21,-0.53,-0.02,3071.96,0.31
3331,空头出场,2026-04-12 15:30,VltClsLE,2217.5,1,2214.74,-2.76,-0.12,2.54,0.11,-6.13,-0.28,3069.2,0.31
3331,空头进场,2026-04-12 13:30,VltClsSE,2214.74,1,2214.74,-2.76,-0.12,2.54,0.11,-6.13,-0.28,3069.2,0.31
3332,多头出场,2026-04-12 16:00,VltClsSE,2215.59,1,2217.5,-1.91,-0.09,2.98,0.13,-1.91,-0.09,3067.29,0.31
3332,多头进场,2026-04-12 15:30,VltClsLE,2217.5,1,2217.5,-1.91,-0.09,2.98,0.13,-1.91,-0.09,3067.29,0.31
3333,空头出场,2026-04-12 16:15,VltClsLE,2218.55,1,2215.59,-2.96,-0.13,0.27,0.01,-2.96,-0.13,3064.33,0.31
3333,空头进场,2026-04-12 16:00,VltClsSE,2215.59,1,2215.59,-2.96,-0.13,0.27,0.01,-2.96,-0.13,3064.33,0.31
3334,多头出场,2026-04-12 16:45,VltClsSE,2215.73,1,2218.55,-2.82,-0.13,0.49,0.02,-2.82,-0.13,3061.51,0.31
3334,多头进场,2026-04-12 16:15,VltClsLE,2218.55,1,2218.55,-2.82,-0.13,0.49,0.02,-2.82,-0.13,3061.51,0.31
3335,空头出场,2026-04-12 18:00,VltClsLE,2216.68,1,2215.73,-0.95,-0.04,4.29,0.19,-0.95,-0.04,3060.56,0.31
3335,空头进场,2026-04-12 16:45,VltClsSE,2215.73,1,2215.73,-0.95,-0.04,4.29,0.19,-0.95,-0.04,3060.56,0.31
3336,多头出场,2026-04-12 18:30,VltClsSE,2212.86,1,2216.68,-3.82,-0.17,0.56,0.03,-3.82,-0.17,3056.74,0.31
3336,多头进场,2026-04-12 18:00,VltClsLE,2216.68,1,2216.68,-3.82,-0.17,0.56,0.03,-3.82,-0.17,3056.74,0.31
3337,空头出场,2026-04-12 19:00,VltClsLE,2206.2,1,2212.86,6.66,0.30,18.54,0.84,-0.35,-0.02,3063.4,0.31
3337,空头进场,2026-04-12 18:30,VltClsSE,2212.86,1,2212.86,6.66,0.30,18.54,0.84,-0.35,-0.02,3063.4,0.31
3338,多头出场,2026-04-12 20:30,VltClsSE,2202.55,1,2206.2,-3.65,-0.17,2.02,0.09,-5.97,-0.27,3059.75,0.31
3338,多头进场,2026-04-12 19:00,VltClsLE,2206.2,1,2206.2,-3.65,-0.17,2.02,0.09,-5.97,-0.27,3059.75,0.31
3339,空头出场,2026-04-12 23:45,VltClsLE,2188.79,1,2202.55,13.76,0.62,27.55,1.25,-4.75,-0.22,3073.51,0.31
3339,空头进场,2026-04-12 20:30,VltClsSE,2202.55,1,2202.55,13.76,0.62,27.55,1.25,-4.75,-0.22,3073.51,0.31
3340,多头出场,2026-04-13 00:15,VltClsSE,2183.35,1,2188.79,-5.44,-0.25,1.64,0.07,-5.44,-0.25,3068.07,0.31
3340,多头进场,2026-04-12 23:45,VltClsLE,2188.79,1,2188.79,-5.44,-0.25,1.64,0.07,-5.44,-0.25,3068.07,0.31
3341,空头出场,2026-04-13 01:00,VltClsLE,2190.69,1,2183.35,-7.34,-0.34,0.26,0.01,-7.34,-0.34,3060.73,0.31
3341,空头进场,2026-04-13 00:15,VltClsSE,2183.35,1,2183.35,-7.34,-0.34,0.26,0.01,-7.34,-0.34,3060.73,0.31
3342,多头出场,2026-04-13 01:45,VltClsSE,2192.32,1,2190.69,1.63,0.07,6.81,0.31,-2.93,-0.13,3062.36,0.31
3342,多头进场,2026-04-13 01:00,VltClsLE,2190.69,1,2190.69,1.63,0.07,6.81,0.31,-2.93,-0.13,3062.36,0.31
3343,空头出场,2026-04-13 02:30,VltClsLE,2205.84,1,2192.32,-13.52,-0.62,0.15,0.01,-14.91,-0.68,3048.84,0.30
3343,空头进场,2026-04-13 01:45,VltClsSE,2192.32,1,2192.32,-13.52,-0.62,0.15,0.01,-14.91,-0.68,3048.84,0.30
3344,多头出场,2026-04-13 03:30,VltClsSE,2201.03,1,2205.84,-4.81,-0.22,0.84,0.04,-6.28,-0.28,3044.03,0.30
3344,多头进场,2026-04-13 02:30,VltClsLE,2205.84,1,2205.84,-4.81,-0.22,0.84,0.04,-6.28,-0.28,3044.03,0.30
3345,空头出场,2026-04-13 04:30,VltClsLE,2201.11,1,2201.03,-0.08,0.00,7.69,0.35,-0.62,-0.03,3043.95,0.30
3345,空头进场,2026-04-13 03:30,VltClsSE,2201.03,1,2201.03,-0.08,0.00,7.69,0.35,-0.62,-0.03,3043.95,0.30
3346,多头出场,2026-04-13 05:00,VltClsSE,2206.98,1,2201.11,5.87,0.27,17.02,0.77,0,0.00,3049.82,0.30
3346,多头进场,2026-04-13 04:30,VltClsLE,2201.11,1,2201.11,5.87,0.27,17.02,0.77,0,0.00,3049.82,0.30
3347,空头出场,2026-04-13 06:30,VltClsLE,2196.53,1,2206.98,10.45,0.47,22.99,1.04,-5.41,-0.25,3060.27,0.31
3347,空头进场,2026-04-13 05:00,VltClsSE,2206.98,1,2206.98,10.45,0.47,22.99,1.04,-5.41,-0.25,3060.27,0.31
3348,多头出场,2026-04-13 07:00,VltClsSE,2189.23,1,2196.53,-7.3,-0.33,5.01,0.23,-7.3,-0.33,3052.97,0.31
3348,多头进场,2026-04-13 06:30,VltClsLE,2196.53,1,2196.53,-7.3,-0.33,5.01,0.23,-7.3,-0.33,3052.97,0.31
3349,空头出场,2026-04-13 08:15,VltClsLE,2201.94,1,2189.23,-12.71,-0.58,2.88,0.13,-12.71,-0.58,3040.26,0.30
3349,空头进场,2026-04-13 07:00,VltClsSE,2189.23,1,2189.23,-12.71,-0.58,2.88,0.13,-12.71,-0.58,3040.26,0.30
3350,多头出场,2026-04-13 10:00,VltClsSE,2199.25,1,2201.94,-2.69,-0.12,7.11,0.32,-4.83,-0.22,3037.57,0.30
3350,多头进场,2026-04-13 08:15,VltClsLE,2201.94,1,2201.94,-2.69,-0.12,7.11,0.32,-4.83,-0.22,3037.57,0.30
3351,空头出场,2026-04-13 10:15,VltClsLE,2199.24,1,2199.25,0.01,0.00,6.76,0.31,0,0.00,3037.58,0.30
3351,空头进场,2026-04-13 10:00,VltClsSE,2199.25,1,2199.25,0.01,0.00,6.76,0.31,0,0.00,3037.58,0.30
3352,多头出场,2026-04-13 10:30,VltClsSE,2196.15,1,2199.24,-3.09,-0.14,4.52,0.21,-3.09,-0.14,3034.49,0.30
3352,多头进场,2026-04-13 10:15,VltClsLE,2199.24,1,2199.24,-3.09,-0.14,4.52,0.21,-3.09,-0.14,3034.49,0.30
3353,空头出场,2026-04-13 12:30,VltClsLE,2198.01,1,2196.15,-1.86,-0.08,6.05,0.28,-1.86,-0.08,3032.63,0.30
3353,空头进场,2026-04-13 10:30,VltClsSE,2196.15,1,2196.15,-1.86,-0.08,6.05,0.28,-1.86,-0.08,3032.63,0.30
3354,多头出场,2026-04-13 12:45,VltClsSE,2193.27,1,2198.01,-4.74,-0.22,1.13,0.05,-4.74,-0.22,3027.89,0.30
3354,多头进场,2026-04-13 12:30,VltClsLE,2198.01,1,2198.01,-4.74,-0.22,1.13,0.05,-4.74,-0.22,3027.89,0.30
3355,空头出场,2026-04-13 13:45,VltClsLE,2189.57,1,2193.27,3.7,0.17,11.05,0.50,0,0.00,3031.59,0.30
3355,空头进场,2026-04-13 12:45,VltClsSE,2193.27,1,2193.27,3.7,0.17,11.05,0.50,0,0.00,3031.59,0.30
3356,多头出场,2026-04-13 15:00,VltClsSE,2194.42,1,2189.57,4.85,0.22,11.88,0.54,0,0.00,3036.44,0.30
3356,多头进场,2026-04-13 13:45,VltClsLE,2189.57,1,2189.57,4.85,0.22,11.88,0.54,0,0.00,3036.44,0.30
3357,空头出场,2026-04-13 16:45,VltClsLE,2185.31,1,2194.42,9.11,0.42,14.42,0.66,0,0.00,3045.55,0.30
3357,空头进场,2026-04-13 15:00,VltClsSE,2194.42,1,2194.42,9.11,0.42,14.42,0.66,0,0.00,3045.55,0.30
3358,多头出场,2026-04-13 18:15,VltClsSE,2183.86,1,2185.31,-1.45,-0.07,10.03,0.46,-1.45,-0.07,3044.1,0.30
3358,多头进场,2026-04-13 16:45,VltClsLE,2185.31,1,2185.31,-1.45,-0.07,10.03,0.46,-1.45,-0.07,3044.1,0.30
3359,空头出场,2026-04-13 18:30,VltClsLE,2185.13,1,2183.86,-1.27,-0.06,1.74,0.08,-1.27,-0.06,3042.83,0.30
3359,空头进场,2026-04-13 18:15,VltClsSE,2183.86,1,2183.86,-1.27,-0.06,1.74,0.08,-1.27,-0.06,3042.83,0.30
3360,多头出场,2026-04-13 20:00,VltClsSE,2184.09,1,2185.13,-1.04,-0.05,5.83,0.27,-6.13,-0.28,3041.79,0.30
3360,多头进场,2026-04-13 18:30,VltClsLE,2185.13,1,2185.13,-1.04,-0.05,5.83,0.27,-6.13,-0.28,3041.79,0.30
3361,空头出场,2026-04-13 20:45,VltClsLE,2183.9,1,2184.09,0.19,0.01,8.41,0.39,-2.68,-0.12,3041.98,0.30
3361,空头进场,2026-04-13 20:00,VltClsSE,2184.09,1,2184.09,0.19,0.01,8.41,0.39,-2.68,-0.12,3041.98,0.30
3362,多头出场,2026-04-13 21:30,VltClsSE,2189.43,1,2183.9,5.53,0.25,18.2,0.83,0,0.00,3047.51,0.30
3362,多头进场,2026-04-13 20:45,VltClsLE,2183.9,1,2183.9,5.53,0.25,18.2,0.83,0,0.00,3047.51,0.30
3363,空头出场,2026-04-13 21:45,VltClsLE,2196.85,1,2189.43,-7.42,-0.34,8.03,0.37,-7.42,-0.34,3040.09,0.30
3363,空头进场,2026-04-13 21:30,VltClsSE,2189.43,1,2189.43,-7.42,-0.34,8.03,0.37,-7.42,-0.34,3040.09,0.30
3364,多头出场,2026-04-13 23:00,VltClsSE,2220.6,1,2196.85,23.75,1.08,39.58,1.80,0,0.00,3063.84,0.31
3364,多头进场,2026-04-13 21:45,VltClsLE,2196.85,1,2196.85,23.75,1.08,39.58,1.80,0,0.00,3063.84,0.31
3365,空头出场,2026-04-14 01:30,VltClsLE,2240.26,1,2220.6,-19.66,-0.89,21.08,0.95,-19.66,-0.89,3044.18,0.30
3365,空头进场,2026-04-13 23:00,VltClsSE,2220.6,1,2220.6,-19.66,-0.89,21.08,0.95,-19.66,-0.89,3044.18,0.30
3366,多头出场,2026-04-14 01:45,VltClsSE,2228.49,1,2240.26,-11.77,-0.53,2.64,0.12,-11.77,-0.53,3032.41,0.30
3366,多头进场,2026-04-14 01:30,VltClsLE,2240.26,1,2240.26,-11.77,-0.53,2.64,0.12,-11.77,-0.53,3032.41,0.30
3367,空头出场,2026-04-14 02:30,VltClsLE,2229.78,1,2228.49,-1.29,-0.06,9.96,0.45,-2.83,-0.13,3031.12,0.30
3367,空头进场,2026-04-14 01:45,VltClsSE,2228.49,1,2228.49,-1.29,-0.06,9.96,0.45,-2.83,-0.13,3031.12,0.30
3368,多头出场,2026-04-14 04:00,VltClsSE,2252.85,1,2229.78,23.07,1.03,39.1,1.75,-2.06,-0.09,3054.19,0.31
3368,多头进场,2026-04-14 02:30,VltClsLE,2229.78,1,2229.78,23.07,1.03,39.1,1.75,-2.06,-0.09,3054.19,0.31
3369,空头出场,2026-04-14 05:30,VltClsLE,2259.58,1,2252.85,-6.73,-0.30,5.35,0.24,-6.73,-0.30,3047.46,0.30
3369,空头进场,2026-04-14 04:00,VltClsSE,2252.85,1,2252.85,-6.73,-0.30,5.35,0.24,-6.73,-0.30,3047.46,0.30
3370,多头出场,2026-04-14 08:45,VltClsSE,2361.34,1,2259.58,101.76,4.50,135.13,5.98,-2.62,-0.12,3149.22,0.31
3370,多头进场,2026-04-14 05:30,VltClsLE,2259.58,1,2259.58,101.76,4.50,135.13,5.98,-2.62,-0.12,3149.22,0.31
3371,空头出场,2026-04-14 10:00,VltClsLE,2375.36,1,2361.34,-14.02,-0.59,6.74,0.29,-14.02,-0.59,3135.2,0.31
3371,空头进场,2026-04-14 08:45,VltClsSE,2361.34,1,2361.34,-14.02,-0.59,6.74,0.29,-14.02,-0.59,3135.2,0.31
3372,多头出场,2026-04-14 11:15,VltClsSE,2361.72,1,2375.36,-13.64,-0.57,2.7,0.11,-13.64,-0.57,3121.56,0.31
3372,多头进场,2026-04-14 10:00,VltClsLE,2375.36,1,2375.36,-13.64,-0.57,2.7,0.11,-13.64,-0.57,3121.56,0.31
3373,空头出场,2026-04-14 11:30,VltClsLE,2368.24,1,2361.72,-6.52,-0.28,0.17,0.01,-6.52,-0.28,3115.04,0.31
3373,空头进场,2026-04-14 11:15,VltClsSE,2361.72,1,2361.72,-6.52,-0.28,0.17,0.01,-6.52,-0.28,3115.04,0.31
3374,多头出场,2026-04-14 13:30,VltClsSE,2363.59,1,2368.24,-4.65,-0.20,1.31,0.06,-7.74,-0.33,3110.39,0.31
3374,多头进场,2026-04-14 11:30,VltClsLE,2368.24,1,2368.24,-4.65,-0.20,1.31,0.06,-7.74,-0.33,3110.39,0.31
3375,空头出场,2026-04-14 14:00,VltClsLE,2359.79,1,2363.59,3.8,0.16,8.83,0.37,0,0.00,3114.19,0.31
3375,空头进场,2026-04-14 13:30,VltClsSE,2363.59,1,2363.59,3.8,0.16,8.83,0.37,0,0.00,3114.19,0.31
3376,多头出场,2026-04-14 15:30,VltClsSE,2373.37,1,2359.79,13.58,0.58,30.2,1.28,0,0.00,3127.77,0.31
3376,多头进场,2026-04-14 14:00,VltClsLE,2359.79,1,2359.79,13.58,0.58,30.2,1.28,0,0.00,3127.77,0.31
3377,空头出场,2026-04-14 16:30,VltClsLE,2385.21,1,2373.37,-11.84,-0.50,2.78,0.12,-11.84,-0.50,3115.93,0.31
3377,空头进场,2026-04-14 15:30,VltClsSE,2373.37,1,2373.37,-11.84,-0.50,2.78,0.12,-11.84,-0.50,3115.93,0.31
3378,多头出场,2026-04-14 18:30,VltClsSE,2378.74,1,2385.21,-6.47,-0.27,10.82,0.45,-6.47,-0.27,3109.46,0.31
3378,多头进场,2026-04-14 16:30,VltClsLE,2385.21,1,2385.21,-6.47,-0.27,10.82,0.45,-6.47,-0.27,3109.46,0.31
3379,空头出场,2026-04-14 19:30,VltClsLE,2374.1,1,2378.74,4.64,0.20,11.13,0.47,0,0.00,3114.1,0.31
3379,空头进场,2026-04-14 18:30,VltClsSE,2378.74,1,2378.74,4.64,0.20,11.13,0.47,0,0.00,3114.1,0.31
3380,多头出场,2026-04-14 20:00,VltClsSE,2370.2,1,2374.1,-3.9,-0.16,3.81,0.16,-3.9,-0.16,3110.2,0.31
3380,多头进场,2026-04-14 19:30,VltClsLE,2374.1,1,2374.1,-3.9,-0.16,3.81,0.16,-3.9,-0.16,3110.2,0.31
3381,空头出场,2026-04-14 21:00,VltClsLE,2378.78,1,2370.2,-8.58,-0.36,1.64,0.07,-8.58,-0.36,3101.62,0.31
3381,空头进场,2026-04-14 20:00,VltClsSE,2370.2,1,2370.2,-8.58,-0.36,1.64,0.07,-8.58,-0.36,3101.62,0.31
3382,多头出场,2026-04-14 21:15,VltClsSE,2375.71,1,2378.78,-3.07,-0.13,5.66,0.24,-3.07,-0.13,3098.55,0.31
3382,多头进场,2026-04-14 21:00,VltClsLE,2378.78,1,2378.78,-3.07,-0.13,5.66,0.24,-3.07,-0.13,3098.55,0.31
3383,空头出场,2026-04-14 21:30,VltClsLE,2379.51,1,2375.71,-3.8,-0.16,1.75,0.07,-3.8,-0.16,3094.75,0.31
3383,空头进场,2026-04-14 21:15,VltClsSE,2375.71,1,2375.71,-3.8,-0.16,1.75,0.07,-3.8,-0.16,3094.75,0.31
3384,多头出场,2026-04-14 22:00,VltClsSE,2383.16,1,2379.51,3.65,0.15,16.46,0.69,0,0.00,3098.4,0.31
3384,多头进场,2026-04-14 21:30,VltClsLE,2379.51,1,2379.51,3.65,0.15,16.46,0.69,0,0.00,3098.4,0.31
3385,空头出场,2026-04-14 22:15,VltClsLE,2393.15,1,2383.16,-9.99,-0.42,4.95,0.21,-9.99,-0.42,3088.41,0.31
3385,空头进场,2026-04-14 22:00,VltClsSE,2383.16,1,2383.16,-9.99,-0.42,4.95,0.21,-9.99,-0.42,3088.41,0.31
3386,多头出场,2026-04-14 22:30,VltClsSE,2381.58,1,2393.15,-11.57,-0.48,22.35,0.93,-11.57,-0.48,3076.84,0.31
3386,多头进场,2026-04-14 22:15,VltClsLE,2393.15,1,2393.15,-11.57,-0.48,22.35,0.93,-11.57,-0.48,3076.84,0.31
3387,空头出场,2026-04-14 23:30,VltClsLE,2359.15,1,2381.58,22.43,0.94,48.86,2.05,0,0.00,3099.27,0.31
3387,空头进场,2026-04-14 22:30,VltClsSE,2381.58,1,2381.58,22.43,0.94,48.86,2.05,0,0.00,3099.27,0.31
3388,多头出场,2026-04-15 00:15,VltClsSE,2348.66,1,2359.15,-10.49,-0.44,12.97,0.55,-10.49,-0.44,3088.78,0.31
3388,多头进场,2026-04-14 23:30,VltClsLE,2359.15,1,2359.15,-10.49,-0.44,12.97,0.55,-10.49,-0.44,3088.78,0.31
3389,空头出场,2026-04-15 05:00,VltClsLE,2321.51,1,2348.66,27.15,1.16,45.76,1.95,-5.87,-0.25,3115.93,0.31
3389,空头进场,2026-04-15 00:15,VltClsSE,2348.66,1,2348.66,27.15,1.16,45.76,1.95,-5.87,-0.25,3115.93,0.31
3390,多头出场,2026-04-15 06:15,VltClsSE,2321.54,1,2321.51,0.03,0.00,10.84,0.47,-6.08,-0.26,3115.96,0.31
3390,多头进场,2026-04-15 05:00,VltClsLE,2321.51,1,2321.51,0.03,0.00,10.84,0.47,-6.08,-0.26,3115.96,0.31
3391,空头出场,2026-04-15 07:30,VltClsLE,2325.47,1,2321.54,-3.93,-0.17,9.79,0.42,-3.93,-0.17,3112.03,0.31
3391,空头进场,2026-04-15 06:15,VltClsSE,2321.54,1,2321.54,-3.93,-0.17,9.79,0.42,-3.93,-0.17,3112.03,0.31
3392,多头出场,2026-04-15 08:15,VltClsSE,2331.08,1,2325.47,5.61,0.24,17.29,0.74,-6.1,-0.26,3117.64,0.31
3392,多头进场,2026-04-15 07:30,VltClsLE,2325.47,1,2325.47,5.61,0.24,17.29,0.74,-6.1,-0.26,3117.64,0.31
3393,空头出场,2026-04-15 11:15,VltClsLE,2328.22,1,2331.08,2.86,0.12,13.52,0.58,-11.52,-0.49,3120.5,0.31
3393,空头进场,2026-04-15 08:15,VltClsSE,2331.08,1,2331.08,2.86,0.12,13.52,0.58,-11.52,-0.49,3120.5,0.31
3394,多头出场,2026-04-15 13:00,VltClsSE,2328.89,1,2328.22,0.67,0.03,10.01,0.43,-5.72,-0.25,3121.17,0.31
3394,多头进场,2026-04-15 11:15,VltClsLE,2328.22,1,2328.22,0.67,0.03,10.01,0.43,-5.72,-0.25,3121.17,0.31
3395,空头出场,2026-04-15 15:00,VltClsLE,2320.72,1,2328.89,8.17,0.35,14.89,0.64,-2.26,-0.10,3129.34,0.31
3395,空头进场,2026-04-15 13:00,VltClsSE,2328.89,1,2328.89,8.17,0.35,14.89,0.64,-2.26,-0.10,3129.34,0.31
3396,多头出场,2026-04-15 15:15,VltClsSE,2316.65,1,2320.72,-4.07,-0.18,2.81,0.12,-4.07,-0.18,3125.27,0.31
3396,多头进场,2026-04-15 15:00,VltClsLE,2320.72,1,2320.72,-4.07,-0.18,2.81,0.12,-4.07,-0.18,3125.27,0.31
3397,空头出场,2026-04-15 15:45,VltClsLE,2317.75,1,2316.65,-1.1,-0.05,8.15,0.35,-1.1,-0.05,3124.17,0.31
3397,空头进场,2026-04-15 15:15,VltClsSE,2316.65,1,2316.65,-1.1,-0.05,8.15,0.35,-1.1,-0.05,3124.17,0.31
3398,多头出场,2026-04-15 17:00,VltClsSE,2321.43,1,2317.75,3.68,0.16,15.25,0.66,-3.68,-0.16,3127.85,0.31
3398,多头进场,2026-04-15 15:45,VltClsLE,2317.75,1,2317.75,3.68,0.16,15.25,0.66,-3.68,-0.16,3127.85,0.31
3399,空头出场,2026-04-15 18:00,VltClsLE,2324.52,1,2321.43,-3.09,-0.13,4.23,0.18,-5.37,-0.23,3124.76,0.31
3399,空头进场,2026-04-15 17:00,VltClsSE,2321.43,1,2321.43,-3.09,-0.13,4.23,0.18,-5.37,-0.23,3124.76,0.31
3400,多头出场,2026-04-15 18:15,VltClsSE,2317.35,1,2324.52,-7.17,-0.31,1.09,0.05,-7.17,-0.31,3117.59,0.31
3400,多头进场,2026-04-15 18:00,VltClsLE,2324.52,1,2324.52,-7.17,-0.31,1.09,0.05,-7.17,-0.31,3117.59,0.31
3401,空头出场,2026-04-15 18:30,VltClsLE,2319.06,1,2317.35,-1.71,-0.07,5.2,0.22,-1.71,-0.07,3115.88,0.31
3401,空头进场,2026-04-15 18:15,VltClsSE,2317.35,1,2317.35,-1.71,-0.07,5.2,0.22,-1.71,-0.07,3115.88,0.31
3402,多头出场,2026-04-15 18:45,VltClsSE,2317.21,1,2319.06,-1.85,-0.08,9.46,0.41,-1.85,-0.08,3114.03,0.31
3402,多头进场,2026-04-15 18:30,VltClsLE,2319.06,1,2319.06,-1.85,-0.08,9.46,0.41,-1.85,-0.08,3114.03,0.31
3403,空头出场,2026-04-15 19:00,VltClsLE,2323.1,1,2317.21,-5.89,-0.25,1.71,0.07,-5.89,-0.25,3108.14,0.31
3403,空头进场,2026-04-15 18:45,VltClsSE,2317.21,1,2317.21,-5.89,-0.25,1.71,0.07,-5.89,-0.25,3108.14,0.31
3404,多头出场,2026-04-15 21:30,VltClsSE,2327.86,1,2323.1,4.76,0.20,16.9,0.73,0,0.00,3112.9,0.31
3404,多头进场,2026-04-15 19:00,VltClsLE,2323.1,1,2323.1,4.76,0.20,16.9,0.73,0,0.00,3112.9,0.31
3405,空头出场,2026-04-15 21:45,VltClsLE,2324.96,1,2327.86,2.9,0.12,10.32,0.44,0,0.00,3115.8,0.31
3405,空头进场,2026-04-15 21:30,VltClsSE,2327.86,1,2327.86,2.9,0.12,10.32,0.44,0,0.00,3115.8,0.31
3406,多头出场,2026-04-15 22:30,VltClsSE,2330.94,1,2324.96,5.98,0.26,19.92,0.86,-3.02,-0.13,3121.78,0.31
3406,多头进场,2026-04-15 21:45,VltClsLE,2324.96,1,2324.96,5.98,0.26,19.92,0.86,-3.02,-0.13,3121.78,0.31
3407,空头出场,2026-04-15 22:45,VltClsLE,2338.99,1,2330.94,-8.05,-0.35,3.34,0.14,-8.05,-0.35,3113.73,0.31
3407,空头进场,2026-04-15 22:30,VltClsSE,2330.94,1,2330.94,-8.05,-0.35,3.34,0.14,-8.05,-0.35,3113.73,0.31
3408,多头出场,2026-04-15 23:15,VltClsSE,2337.23,1,2338.99,-1.76,-0.08,10.47,0.45,-6.9,-0.29,3111.97,0.31
3408,多头进场,2026-04-15 22:45,VltClsLE,2338.99,1,2338.99,-1.76,-0.08,10.47,0.45,-6.9,-0.29,3111.97,0.31
3409,空头出场,2026-04-16 01:15,VltClsLE,2353.4,1,2337.23,-16.17,-0.69,16.46,0.70,-16.17,-0.69,3095.8,0.31
3409,空头进场,2026-04-15 23:15,VltClsSE,2337.23,1,2337.23,-16.17,-0.69,16.46,0.70,-16.17,-0.69,3095.8,0.31
3410,多头出场,2026-04-16 01:30,VltClsSE,2343.84,1,2353.4,-9.56,-0.41,5.42,0.23,-9.56,-0.41,3086.24,0.31
3410,多头进场,2026-04-16 01:15,VltClsLE,2353.4,1,2353.4,-9.56,-0.41,5.42,0.23,-9.56,-0.41,3086.24,0.31
3411,空头出场,2026-04-16 03:00,VltClsLE,2364.56,1,2343.84,-20.72,-0.88,4.19,0.18,-20.72,-0.88,3065.52,0.31
3411,空头进场,2026-04-16 01:30,VltClsSE,2343.84,1,2343.84,-20.72,-0.88,4.19,0.18,-20.72,-0.88,3065.52,0.31
3412,多头出场,2026-04-16 04:00,VltClsSE,2367.03,1,2364.56,2.47,0.10,21.05,0.89,-4.45,-0.19,3067.99,0.31
3412,多头进场,2026-04-16 03:00,VltClsLE,2364.56,1,2364.56,2.47,0.10,21.05,0.89,-4.45,-0.19,3067.99,0.31
3413,空头出场,2026-04-16 05:30,VltClsLE,2359.35,1,2367.03,7.68,0.32,18.45,0.78,-0.08,0.00,3075.67,0.31
3413,空头进场,2026-04-16 04:00,VltClsSE,2367.03,1,2367.03,7.68,0.32,18.45,0.78,-0.08,0.00,3075.67,0.31
3414,多头出场,2026-04-16 06:15,VltClsSE,2365.88,1,2359.35,6.53,0.28,21.1,0.89,-2.16,-0.09,3082.2,0.31
3414,多头进场,2026-04-16 05:30,VltClsLE,2359.35,1,2359.35,6.53,0.28,21.1,0.89,-2.16,-0.09,3082.2,0.31
3415,空头出场,2026-04-16 06:30,VltClsLE,2376.63,1,2365.88,-10.75,-0.45,1.25,0.05,-10.75,-0.45,3071.45,0.31
3415,空头进场,2026-04-16 06:15,VltClsSE,2365.88,1,2365.88,-10.75,-0.45,1.25,0.05,-10.75,-0.45,3071.45,0.31
3416,多头出场,2026-04-16 08:00,VltClsSE,2353.6,1,2376.63,-23.03,-0.97,3.72,0.16,-27.03,-1.14,3048.42,0.30
3416,多头进场,2026-04-16 06:30,VltClsLE,2376.63,1,2376.63,-23.03,-0.97,3.72,0.16,-27.03,-1.14,3048.42,0.30
3417,空头出场,2026-04-16 08:30,VltClsLE,2360.29,1,2353.6,-6.69,-0.28,3.67,0.16,-6.69,-0.28,3041.73,0.30
3417,空头进场,2026-04-16 08:00,VltClsSE,2353.6,1,2353.6,-6.69,-0.28,3.67,0.16,-6.69,-0.28,3041.73,0.30
3418,多头出场,2026-04-16 09:00,VltClsSE,2354.71,1,2360.29,-5.58,-0.24,3.25,0.14,-5.58,-0.24,3036.15,0.30
3418,多头进场,2026-04-16 08:30,VltClsLE,2360.29,1,2360.29,-5.58,-0.24,3.25,0.14,-5.58,-0.24,3036.15,0.30
3419,空头出场,2026-04-16 10:15,VltClsLE,2358.87,1,2354.71,-4.16,-0.18,9.67,0.41,-4.16,-0.18,3031.99,0.30
3419,空头进场,2026-04-16 09:00,VltClsSE,2354.71,1,2354.71,-4.16,-0.18,9.67,0.41,-4.16,-0.18,3031.99,0.30
3420,多头出场,2026-04-16 10:45,VltClsSE,2360.65,1,2358.87,1.78,0.08,10.72,0.45,0,0.00,3033.77,0.30
3420,多头进场,2026-04-16 10:15,VltClsLE,2358.87,1,2358.87,1.78,0.08,10.72,0.45,0,0.00,3033.77,0.30
3421,空头出场,2026-04-16 11:15,VltClsLE,2364.86,1,2360.65,-4.21,-0.18,5.74,0.24,-4.21,-0.18,3029.56,0.30
3421,空头进场,2026-04-16 10:45,VltClsSE,2360.65,1,2360.65,-4.21,-0.18,5.74,0.24,-4.21,-0.18,3029.56,0.30
3422,多头出场,2026-04-16 12:45,VltClsSE,2357.76,1,2364.86,-7.1,-0.30,1.02,0.04,-9.74,-0.41,3022.46,0.30
3422,多头进场,2026-04-16 11:15,VltClsLE,2364.86,1,2364.86,-7.1,-0.30,1.02,0.04,-9.74,-0.41,3022.46,0.30
3423,空头出场,2026-04-16 13:15,VltClsLE,2358.1,1,2357.76,-0.34,-0.01,9.38,0.40,-0.34,-0.01,3022.12,0.30
3423,空头进场,2026-04-16 12:45,VltClsSE,2357.76,1,2357.76,-0.34,-0.01,9.38,0.40,-0.34,-0.01,3022.12,0.30
3424,多头出场,2026-04-16 14:30,VltClsSE,2351.89,1,2358.1,-6.21,-0.26,3.69,0.16,-6.21,-0.26,3015.91,0.30
3424,多头进场,2026-04-16 13:15,VltClsLE,2358.1,1,2358.1,-6.21,-0.26,3.69,0.16,-6.21,-0.26,3015.91,0.30
3425,空头出场,2026-04-16 16:15,VltClsLE,2340.59,1,2351.89,11.3,0.48,17.24,0.73,-5.67,-0.24,3027.21,0.30
3425,空头进场,2026-04-16 14:30,VltClsSE,2351.89,1,2351.89,11.3,0.48,17.24,0.73,-5.67,-0.24,3027.21,0.30
3426,多头出场,2026-04-16 17:30,VltClsSE,2341.88,1,2340.59,1.29,0.06,7.81,0.33,-2.59,-0.11,3028.5,0.30
3426,多头进场,2026-04-16 16:15,VltClsLE,2340.59,1,2340.59,1.29,0.06,7.81,0.33,-2.59,-0.11,3028.5,0.30
3427,空头出场,2026-04-16 18:15,VltClsLE,2335.62,1,2341.88,6.26,0.27,12.87,0.55,0,0.00,3034.76,0.30
3427,空头进场,2026-04-16 17:30,VltClsSE,2341.88,1,2341.88,6.26,0.27,12.87,0.55,0,0.00,3034.76,0.30
3428,多头出场,2026-04-16 20:15,VltClsSE,2339.77,1,2335.62,4.15,0.18,13.83,0.59,-6.98,-0.30,3038.91,0.30
3428,多头进场,2026-04-16 18:15,VltClsLE,2335.62,1,2335.62,4.15,0.18,13.83,0.59,-6.98,-0.30,3038.91,0.30
3429,空头出场,2026-04-16 21:15,VltClsLE,2350.5,1,2339.77,-10.73,-0.46,3.02,0.13,-10.73,-0.46,3028.18,0.30
3429,空头进场,2026-04-16 20:15,VltClsSE,2339.77,1,2339.77,-10.73,-0.46,3.02,0.13,-10.73,-0.46,3028.18,0.30
3430,多头出场,2026-04-16 21:30,VltClsSE,2344.53,1,2350.5,-5.97,-0.25,1.3,0.06,-5.97,-0.25,3022.21,0.30
3430,多头进场,2026-04-16 21:15,VltClsLE,2350.5,1,2350.5,-5.97,-0.25,1.3,0.06,-5.97,-0.25,3022.21,0.30
3431,空头出场,2026-04-16 23:00,VltClsLE,2326.43,1,2344.53,18.1,0.77,59.43,2.53,0,0.00,3040.31,0.30
3431,空头进场,2026-04-16 21:30,VltClsSE,2344.53,1,2344.53,18.1,0.77,59.43,2.53,0,0.00,3040.31,0.30
3432,多头出场,2026-04-17 00:30,VltClsSE,2320.27,1,2326.43,-6.16,-0.26,23.41,1.01,-8.42,-0.36,3034.15,0.30
3432,多头进场,2026-04-16 23:00,VltClsLE,2326.43,1,2326.43,-6.16,-0.26,23.41,1.01,-8.42,-0.36,3034.15,0.30
3433,空头出场,2026-04-17 01:15,VltClsLE,2321.63,1,2320.27,-1.36,-0.06,10.31,0.44,-4.82,-0.21,3032.79,0.30
3433,空头进场,2026-04-17 00:30,VltClsSE,2320.27,1,2320.27,-1.36,-0.06,10.31,0.44,-4.82,-0.21,3032.79,0.30
3434,多头出场,2026-04-17 03:00,VltClsSE,2334.7,1,2321.63,13.07,0.56,25.03,1.08,-3.37,-0.15,3045.86,0.30
3434,多头进场,2026-04-17 01:15,VltClsLE,2321.63,1,2321.63,13.07,0.56,25.03,1.08,-3.37,-0.15,3045.86,0.30
3435,空头出场,2026-04-17 03:15,VltClsLE,2345.68,1,2334.7,-10.98,-0.47,0.04,0.00,-10.98,-0.47,3034.88,0.30
3435,空头进场,2026-04-17 03:00,VltClsSE,2334.7,1,2334.7,-10.98,-0.47,0.04,0.00,-10.98,-0.47,3034.88,0.30
3436,多头出场,2026-04-17 04:15,VltClsSE,2350.44,1,2345.68,4.76,0.20,19,0.81,-2.56,-0.11,3039.64,0.30
3436,多头进场,2026-04-17 03:15,VltClsLE,2345.68,1,2345.68,4.76,0.20,19,0.81,-2.56,-0.11,3039.64,0.30
3437,空头出场,2026-04-17 06:00,VltClsLE,2347.27,1,2350.44,3.17,0.13,14.19,0.60,-6.09,-0.26,3042.81,0.30
3437,空头进场,2026-04-17 04:15,VltClsSE,2350.44,1,2350.44,3.17,0.13,14.19,0.60,-6.09,-0.26,3042.81,0.30
3438,多头出场,2026-04-17 07:45,VltClsSE,2347.67,1,2347.27,0.4,0.02,7.73,0.33,-7.97,-0.34,3043.21,0.30
3438,多头进场,2026-04-17 06:00,VltClsLE,2347.27,1,2347.27,0.4,0.02,7.73,0.33,-7.97,-0.34,3043.21,0.30
3439,空头出场,2026-04-17 09:00,VltClsLE,2348.65,1,2347.67,-0.98,-0.04,6.67,0.28,-3.23,-0.14,3042.23,0.30
3439,空头进场,2026-04-17 07:45,VltClsSE,2347.67,1,2347.67,-0.98,-0.04,6.67,0.28,-3.23,-0.14,3042.23,0.30
3440,多头出场,2026-04-17 09:15,VltClsSE,2339.64,1,2348.65,-9.01,-0.38,0.35,0.01,-9.01,-0.38,3033.22,0.30
3440,多头进场,2026-04-17 09:00,VltClsLE,2348.65,1,2348.65,-9.01,-0.38,0.35,0.01,-9.01,-0.38,3033.22,0.30
3441,空头出场,2026-04-17 09:45,VltClsLE,2338.77,1,2339.64,0.87,0.04,12.3,0.53,0,0.00,3034.09,0.30
3441,空头进场,2026-04-17 09:15,VltClsSE,2339.64,1,2339.64,0.87,0.04,12.3,0.53,0,0.00,3034.09,0.30
3442,多头出场,2026-04-17 11:30,VltClsSE,2324.65,1,2338.77,-14.12,-0.60,0.41,0.02,-14.12,-0.60,3019.97,0.30
3442,多头进场,2026-04-17 09:45,VltClsLE,2338.77,1,2338.77,-14.12,-0.60,0.41,0.02,-14.12,-0.60,3019.97,0.30
3443,空头出场,2026-04-17 12:15,VltClsLE,2331.14,1,2324.65,-6.49,-0.28,0.82,0.04,-6.49,-0.28,3013.48,0.30
3443,空头进场,2026-04-17 11:30,VltClsSE,2324.65,1,2324.65,-6.49,-0.28,0.82,0.04,-6.49,-0.28,3013.48,0.30
3444,多头出场,2026-04-17 12:45,VltClsSE,2328.7,1,2331.14,-2.44,-0.10,2.59,0.11,-2.44,-0.10,3011.04,0.30
3444,多头进场,2026-04-17 12:15,VltClsLE,2331.14,1,2331.14,-2.44,-0.10,2.59,0.11,-2.44,-0.10,3011.04,0.30
3445,空头出场,2026-04-17 13:15,VltClsLE,2325.23,1,2328.7,3.47,0.15,11.27,0.48,-0.66,-0.03,3014.51,0.30
3445,空头进场,2026-04-17 12:45,VltClsSE,2328.7,1,2328.7,3.47,0.15,11.27,0.48,-0.66,-0.03,3014.51,0.30
3446,多头出场,2026-04-17 15:15,VltClsSE,2335.2,1,2325.23,9.97,0.43,16.79,0.72,-7.74,-0.33,3024.48,0.30
3446,多头进场,2026-04-17 13:15,VltClsLE,2325.23,1,2325.23,9.97,0.43,16.79,0.72,-7.74,-0.33,3024.48,0.30
3447,空头出场,2026-04-17 16:00,VltClsLE,2338.82,1,2335.2,-3.62,-0.16,5.11,0.22,-3.62,-0.16,3020.86,0.30
3447,空头进场,2026-04-17 15:15,VltClsSE,2335.2,1,2335.2,-3.62,-0.16,5.11,0.22,-3.62,-0.16,3020.86,0.30
3448,多头出场,2026-04-17 17:30,VltClsSE,2361.33,1,2338.82,22.51,0.96,38.18,1.63,-3.34,-0.14,3043.37,0.30
3448,多头进场,2026-04-17 16:00,VltClsLE,2338.82,1,2338.82,22.51,0.96,38.18,1.63,-3.34,-0.14,3043.37,0.30
3449,空头出场,2026-04-17 19:45,VltClsLE,2355.8,1,2361.33,5.53,0.23,24.88,1.05,-0.54,-0.02,3048.9,0.30
3449,空头进场,2026-04-17 17:30,VltClsSE,2361.33,1,2361.33,5.53,0.23,24.88,1.05,-0.54,-0.02,3048.9,0.30
3450,多头出场,2026-04-17 20:00,VltClsSE,2349.61,1,2355.8,-6.19,-0.26,2.2,0.09,-6.19,-0.26,3042.71,0.30
3450,多头进场,2026-04-17 19:45,VltClsLE,2355.8,1,2355.8,-6.19,-0.26,2.2,0.09,-6.19,-0.26,3042.71,0.30
3451,空头出场,2026-04-17 20:15,VltClsLE,2362.33,1,2349.61,-12.72,-0.54,0.21,0.01,-12.72,-0.54,3029.99,0.30
3451,空头进场,2026-04-17 20:00,VltClsSE,2349.61,1,2349.61,-12.72,-0.54,0.21,0.01,-12.72,-0.54,3029.99,0.30
3452,多头出场,2026-04-18 00:45,VltClsSE,2449.95,1,2362.33,87.62,3.71,102.58,4.34,-7.81,-0.33,3117.61,0.31
3452,多头进场,2026-04-17 20:15,VltClsLE,2362.33,1,2362.33,87.62,3.71,102.58,4.34,-7.81,-0.33,3117.61,0.31
3453,空头出场,2026-04-18 03:30,VltClsLE,2431.9,1,2449.95,18.05,0.74,34.54,1.41,-2.55,-0.10,3135.66,0.31
3453,空头进场,2026-04-18 00:45,VltClsSE,2449.95,1,2449.95,18.05,0.74,34.54,1.41,-2.55,-0.10,3135.66,0.31
3454,多头出场,2026-04-18 04:30,VltClsSE,2422.97,1,2431.9,-8.93,-0.37,3.39,0.14,-8.93,-0.37,3126.73,0.31
3454,多头进场,2026-04-18 03:30,VltClsLE,2431.9,1,2431.9,-8.93,-0.37,3.39,0.14,-8.93,-0.37,3126.73,0.31
3455,空头出场,2026-04-18 06:15,VltClsLE,2430.87,1,2422.97,-7.9,-0.33,5.96,0.25,-10.51,-0.43,3118.83,0.31
3455,空头进场,2026-04-18 04:30,VltClsSE,2422.97,1,2422.97,-7.9,-0.33,5.96,0.25,-10.51,-0.43,3118.83,0.31
3456,多头出场,2026-04-18 07:15,VltClsSE,2422.75,1,2430.87,-8.12,-0.33,13.47,0.55,-8.12,-0.33,3110.71,0.31
3456,多头进场,2026-04-18 06:15,VltClsLE,2430.87,1,2430.87,-8.12,-0.33,13.47,0.55,-8.12,-0.33,3110.71,0.31
3457,空头出场,2026-04-18 08:45,VltClsLE,2419.35,1,2422.75,3.4,0.14,12.69,0.52,-2.15,-0.09,3114.11,0.31
3457,空头进场,2026-04-18 07:15,VltClsSE,2422.75,1,2422.75,3.4,0.14,12.69,0.52,-2.15,-0.09,3114.11,0.31
3458,多头出场,2026-04-18 11:00,VltClsSE,2416.17,1,2419.35,-3.18,-0.13,8.29,0.34,-3.18,-0.13,3110.93,0.31
3458,多头进场,2026-04-18 08:45,VltClsLE,2419.35,1,2419.35,-3.18,-0.13,8.29,0.34,-3.18,-0.13,3110.93,0.31
3459,空头出场,2026-04-18 11:45,VltClsLE,2418.13,1,2416.17,-1.96,-0.08,1.85,0.08,-3.21,-0.13,3108.97,0.31
3459,空头进场,2026-04-18 11:00,VltClsSE,2416.17,1,2416.17,-1.96,-0.08,1.85,0.08,-3.21,-0.13,3108.97,0.31
3460,多头出场,2026-04-18 12:15,VltClsSE,2403.96,1,2418.13,-14.17,-0.59,1.7,0.07,-18.59,-0.77,3094.8,0.31
3460,多头进场,2026-04-18 11:45,VltClsLE,2418.13,1,2418.13,-14.17,-0.59,1.7,0.07,-18.59,-0.77,3094.8,0.31
3461,空头出场,2026-04-18 14:30,VltClsLE,2410.89,1,2403.96,-6.93,-0.29,4.44,0.18,-9.58,-0.40,3087.87,0.31
3461,空头进场,2026-04-18 12:15,VltClsSE,2403.96,1,2403.96,-6.93,-0.29,4.44,0.18,-9.58,-0.40,3087.87,0.31
3462,多头出场,2026-04-18 15:15,VltClsSE,2406.94,1,2410.89,-3.95,-0.16,0.98,0.04,-3.95,-0.16,3083.92,0.31
3462,多头进场,2026-04-18 14:30,VltClsLE,2410.89,1,2410.89,-3.95,-0.16,0.98,0.04,-3.95,-0.16,3083.92,0.31
3463,空头出场,2026-04-18 16:45,VltClsLE,2382.02,1,2406.94,24.92,1.04,39.55,1.64,-0.1,0.00,3108.84,0.31
3463,空头进场,2026-04-18 15:15,VltClsSE,2406.94,1,2406.94,24.92,1.04,39.55,1.64,-0.1,0.00,3108.84,0.31
3464,多头出场,2026-04-18 17:00,VltClsSE,2371.94,1,2382.02,-10.08,-0.42,0.12,0.01,-10.08,-0.42,3098.76,0.31
3464,多头进场,2026-04-18 16:45,VltClsLE,2382.02,1,2382.02,-10.08,-0.42,0.12,0.01,-10.08,-0.42,3098.76,0.31
3465,空头出场,2026-04-18 20:00,VltClsLE,2359.85,1,2371.94,12.09,0.51,28.5,1.20,-8.99,-0.38,3110.85,0.31
3465,空头进场,2026-04-18 17:00,VltClsSE,2371.94,1,2371.94,12.09,0.51,28.5,1.20,-8.99,-0.38,3110.85,0.31
3466,多头出场,2026-04-18 21:30,VltClsSE,2349.71,1,2359.85,-10.14,-0.43,2.65,0.11,-10.14,-0.43,3100.71,0.31
3466,多头进场,2026-04-18 20:00,VltClsLE,2359.85,1,2359.85,-10.14,-0.43,2.65,0.11,-10.14,-0.43,3100.71,0.31
3467,空头出场,2026-04-18 21:45,VltClsLE,2354.8,1,2349.71,-5.09,-0.22,4.46,0.19,-5.09,-0.22,3095.62,0.31
3467,空头进场,2026-04-18 21:30,VltClsSE,2349.71,1,2349.71,-5.09,-0.22,4.46,0.19,-5.09,-0.22,3095.62,0.31
3468,多头出场,2026-04-18 22:15,VltClsSE,2351.37,1,2354.8,-3.43,-0.15,2.82,0.12,-3.43,-0.15,3092.19,0.31
3468,多头进场,2026-04-18 21:45,VltClsLE,2354.8,1,2354.8,-3.43,-0.15,2.82,0.12,-3.43,-0.15,3092.19,0.31
3469,空头出场,2026-04-18 22:45,VltClsLE,2365.51,1,2351.37,-14.14,-0.60,1.65,0.07,-14.14,-0.60,3078.05,0.31
3469,空头进场,2026-04-18 22:15,VltClsSE,2351.37,1,2351.37,-14.14,-0.60,1.65,0.07,-14.14,-0.60,3078.05,0.31
3470,多头出场,2026-04-18 23:00,VltClsSE,2360.04,1,2365.51,-5.47,-0.23,4.15,0.18,-5.47,-0.23,3072.58,0.31
3470,多头进场,2026-04-18 22:45,VltClsLE,2365.51,1,2365.51,-5.47,-0.23,4.15,0.18,-5.47,-0.23,3072.58,0.31
3471,空头出场,2026-04-19 00:15,VltClsLE,2371.41,1,2360.04,-11.37,-0.48,2.47,0.10,-11.37,-0.48,3061.21,0.31
3471,空头进场,2026-04-18 23:00,VltClsSE,2360.04,1,2360.04,-11.37,-0.48,2.47,0.10,-11.37,-0.48,3061.21,0.31
3472,多头出场,2026-04-19 00:45,VltClsSE,2358.24,1,2371.41,-13.17,-0.56,3.73,0.16,-13.17,-0.56,3048.04,0.30
3472,多头进场,2026-04-19 00:15,VltClsLE,2371.41,1,2371.41,-13.17,-0.56,3.73,0.16,-13.17,-0.56,3048.04,0.30
3473,空头出场,2026-04-19 02:45,VltClsLE,2351.23,1,2358.24,7.01,0.30,18.32,0.78,-6.63,-0.28,3055.05,0.31
3473,空头进场,2026-04-19 00:45,VltClsSE,2358.24,1,2358.24,7.01,0.30,18.32,0.78,-6.63,-0.28,3055.05,0.31
3474,多头出场,2026-04-19 05:15,VltClsSE,2348.82,1,2351.23,-2.41,-0.10,4.79,0.20,-6.27,-0.27,3052.64,0.31
3474,多头进场,2026-04-19 02:45,VltClsLE,2351.23,1,2351.23,-2.41,-0.10,4.79,0.20,-6.27,-0.27,3052.64,0.31
3475,空头出场,2026-04-19 06:15,VltClsLE,2353.08,1,2348.82,-4.26,-0.18,1.08,0.05,-6.82,-0.29,3048.38,0.30
3475,空头进场,2026-04-19 05:15,VltClsSE,2348.82,1,2348.82,-4.26,-0.18,1.08,0.05,-6.82,-0.29,3048.38,0.30
3476,多头出场,2026-04-19 07:45,VltClsSE,2350.04,1,2353.08,-3.04,-0.13,6.42,0.27,-3.04,-0.13,3045.34,0.30
3476,多头进场,2026-04-19 06:15,VltClsLE,2353.08,1,2353.08,-3.04,-0.13,6.42,0.27,-3.04,-0.13,3045.34,0.30
3477,空头出场,2026-04-19 08:00,VltClsLE,2353.24,1,2350.04,-3.2,-0.14,0.36,0.02,-3.2,-0.14,3042.14,0.30
3477,空头进场,2026-04-19 07:45,VltClsSE,2350.04,1,2350.04,-3.2,-0.14,0.36,0.02,-3.2,-0.14,3042.14,0.30
3478,多头出场,2026-04-19 08:15,VltClsSE,2349.16,1,2353.24,-4.08,-0.17,2.06,0.09,-4.08,-0.17,3038.06,0.30
3478,多头进场,2026-04-19 08:00,VltClsLE,2353.24,1,2353.24,-4.08,-0.17,2.06,0.09,-4.08,-0.17,3038.06,0.30
3479,空头出场,2026-04-19 08:45,VltClsLE,2349.1,1,2349.16,0.06,0.00,4.81,0.20,0,0.00,3038.12,0.30
3479,空头进场,2026-04-19 08:15,VltClsSE,2349.16,1,2349.16,0.06,0.00,4.81,0.20,0,0.00,3038.12,0.30
3480,多头出场,2026-04-19 09:15,VltClsSE,2344.62,1,2349.1,-4.48,-0.19,3.9,0.17,-4.48,-0.19,3033.64,0.30
3480,多头进场,2026-04-19 08:45,VltClsLE,2349.1,1,2349.1,-4.48,-0.19,3.9,0.17,-4.48,-0.19,3033.64,0.30
3481,空头出场,2026-04-19 09:45,VltClsLE,2348.66,1,2344.62,-4.04,-0.17,2.96,0.13,-4.04,-0.17,3029.6,0.30
3481,空头进场,2026-04-19 09:15,VltClsSE,2344.62,1,2344.62,-4.04,-0.17,2.96,0.13,-4.04,-0.17,3029.6,0.30
3482,多头出场,2026-04-19 10:15,VltClsSE,2342.66,1,2348.66,-6,-0.26,1.47,0.06,-6,-0.26,3023.6,0.30
3482,多头进场,2026-04-19 09:45,VltClsLE,2348.66,1,2348.66,-6,-0.26,1.47,0.06,-6,-0.26,3023.6,0.30
3483,空头出场,2026-04-19 10:30,VltClsLE,2342.78,1,2342.66,-0.12,-0.01,9.22,0.39,-0.12,-0.01,3023.48,0.30
3483,空头进场,2026-04-19 10:15,VltClsSE,2342.66,1,2342.66,-0.12,-0.01,9.22,0.39,-0.12,-0.01,3023.48,0.30
3484,多头出场,2026-04-19 10:45,VltClsSE,2338.47,1,2342.78,-4.31,-0.18,4.88,0.21,-4.31,-0.18,3019.17,0.30
3484,多头进场,2026-04-19 10:30,VltClsLE,2342.78,1,2342.78,-4.31,-0.18,4.88,0.21,-4.31,-0.18,3019.17,0.30
3485,空头出场,2026-04-19 12:00,VltClsLE,2344.56,1,2338.47,-6.09,-0.26,6.37,0.27,-6.09,-0.26,3013.08,0.30
3485,空头进场,2026-04-19 10:45,VltClsSE,2338.47,1,2338.47,-6.09,-0.26,6.37,0.27,-6.09,-0.26,3013.08,0.30
3486,多头出场,2026-04-19 12:30,VltClsSE,2338.23,1,2344.56,-6.33,-0.27,1.55,0.07,-6.33,-0.27,3006.75,0.30
3486,多头进场,2026-04-19 12:00,VltClsLE,2344.56,1,2344.56,-6.33,-0.27,1.55,0.07,-6.33,-0.27,3006.75,0.30
3487,空头出场,2026-04-19 12:45,VltClsLE,2334.3,1,2338.23,3.93,0.17,16.61,0.71,0,0.00,3010.68,0.30
3487,空头进场,2026-04-19 12:30,VltClsSE,2338.23,1,2338.23,3.93,0.17,16.61,0.71,0,0.00,3010.68,0.30
3488,多头出场,2026-04-19 14:00,VltClsSE,2328.76,1,2334.3,-5.54,-0.24,4.38,0.19,-5.54,-0.24,3005.14,0.30
3488,多头进场,2026-04-19 12:45,VltClsLE,2334.3,1,2334.3,-5.54,-0.24,4.38,0.19,-5.54,-0.24,3005.14,0.30
3489,空头出场,2026-04-19 14:15,VltClsLE,2328.19,1,2328.76,0.57,0.02,6.88,0.30,0,0.00,3005.71,0.30
3489,空头进场,2026-04-19 14:00,VltClsSE,2328.76,1,2328.76,0.57,0.02,6.88,0.30,0,0.00,3005.71,0.30
3490,多头出场,2026-04-19 14:45,VltClsSE,2325.32,1,2328.19,-2.87,-0.12,4.19,0.18,-2.87,-0.12,3002.84,0.30
3490,多头进场,2026-04-19 14:15,VltClsLE,2328.19,1,2328.19,-2.87,-0.12,4.19,0.18,-2.87,-0.12,3002.84,0.30
3491,空头出场,2026-04-19 15:30,VltClsLE,2310.71,1,2325.32,14.61,0.63,25.32,1.09,-2,-0.09,3017.45,0.30
3491,空头进场,2026-04-19 14:45,VltClsSE,2325.32,1,2325.32,14.61,0.63,25.32,1.09,-2,-0.09,3017.45,0.30
3492,多头出场,2026-04-19 17:15,VltClsSE,2313.5,1,2310.71,2.79,0.12,10.25,0.44,0,0.00,3020.24,0.30
3492,多头进场,2026-04-19 15:30,VltClsLE,2310.71,1,2310.71,2.79,0.12,10.25,0.44,0,0.00,3020.24,0.30
3493,空头出场,2026-04-19 18:45,VltClsLE,2318.61,1,2313.5,-5.11,-0.22,7.08,0.31,-5.11,-0.22,3015.13,0.30
3493,空头进场,2026-04-19 17:15,VltClsSE,2313.5,1,2313.5,-5.11,-0.22,7.08,0.31,-5.11,-0.22,3015.13,0.30
3494,多头出场,2026-04-19 20:15,VltClsSE,2328.56,1,2318.61,9.95,0.43,17.31,0.75,-1.08,-0.05,3025.08,0.30
3494,多头进场,2026-04-19 18:45,VltClsLE,2318.61,1,2318.61,9.95,0.43,17.31,0.75,-1.08,-0.05,3025.08,0.30
3495,空头出场,2026-04-19 20:45,VltClsLE,2330.19,1,2328.56,-1.63,-0.07,3.56,0.15,-1.63,-0.07,3023.45,0.30
3495,空头进场,2026-04-19 20:15,VltClsSE,2328.56,1,2328.56,-1.63,-0.07,3.56,0.15,-1.63,-0.07,3023.45,0.30
3496,多头出场,2026-04-19 22:00,VltClsSE,2331.29,1,2330.19,1.1,0.05,20.05,0.86,0,0.00,3024.55,0.30
3496,多头进场,2026-04-19 20:45,VltClsLE,2330.19,1,2330.19,1.1,0.05,20.05,0.86,0,0.00,3024.55,0.30
3497,空头出场,2026-04-19 22:15,VltClsLE,2339.22,1,2331.29,-7.93,-0.34,3.94,0.17,-7.93,-0.34,3016.62,0.30
3497,空头进场,2026-04-19 22:00,VltClsSE,2331.29,1,2331.29,-7.93,-0.34,3.94,0.17,-7.93,-0.34,3016.62,0.30
3498,多头出场,2026-04-19 23:30,VltClsSE,2329.47,1,2339.22,-9.75,-0.42,3.9,0.17,-9.75,-0.42,3006.87,0.30
3498,多头进场,2026-04-19 22:15,VltClsLE,2339.22,1,2339.22,-9.75,-0.42,3.9,0.17,-9.75,-0.42,3006.87,0.30
3499,空头出场,2026-04-20 01:15,VltClsLE,2316.8,1,2329.47,12.67,0.54,33.47,1.44,-2.23,-0.10,3019.54,0.30
3499,空头进场,2026-04-19 23:30,VltClsSE,2329.47,1,2329.47,12.67,0.54,33.47,1.44,-2.23,-0.10,3019.54,0.30
3500,多头出场,2026-04-20 01:45,VltClsSE,2299.55,1,2316.8,-17.25,-0.74,1.01,0.04,-17.25,-0.74,3002.29,0.30
3500,多头进场,2026-04-20 01:15,VltClsLE,2316.8,1,2316.8,-17.25,-0.74,1.01,0.04,-17.25,-0.74,3002.29,0.30
3501,空头出场,2026-04-20 06:30,VltClsLE,2273.16,1,2299.55,26.39,1.15,46.83,2.04,-5.23,-0.23,3028.68,0.30
3501,空头进场,2026-04-20 01:45,VltClsSE,2299.55,1,2299.55,26.39,1.15,46.83,2.04,-5.23,-0.23,3028.68,0.30
3502,多头出场,2026-04-20 09:15,VltClsSE,2278.3,1,2273.16,5.14,0.23,11.79,0.52,-16.83,-0.74,3033.82,0.30
3502,多头进场,2026-04-20 06:30,VltClsLE,2273.16,1,2273.16,5.14,0.23,11.79,0.52,-16.83,-0.74,3033.82,0.30
3503,空头出场,2026-04-20 09:30,VltClsLE,2286.09,1,2278.3,-7.79,-0.34,0.1,0.00,-7.79,-0.34,3026.03,0.30
3503,空头进场,2026-04-20 09:15,VltClsSE,2278.3,1,2278.3,-7.79,-0.34,0.1,0.00,-7.79,-0.34,3026.03,0.30
3504,多头出场,2026-04-20 10:00,VltClsSE,2279.87,1,2286.09,-6.22,-0.27,8.21,0.36,-6.22,-0.27,3019.81,0.30
3504,多头进场,2026-04-20 09:30,VltClsLE,2286.09,1,2286.09,-6.22,-0.27,8.21,0.36,-6.22,-0.27,3019.81,0.30
3505,空头出场,2026-04-20 11:45,VltClsLE,2284.96,1,2279.87,-5.09,-0.22,7.62,0.33,-5.09,-0.22,3014.72,0.30
3505,空头进场,2026-04-20 10:00,VltClsSE,2279.87,1,2279.87,-5.09,-0.22,7.62,0.33,-5.09,-0.22,3014.72,0.30
3506,多头出场,2026-04-20 12:00,VltClsSE,2282.45,1,2284.96,-2.51,-0.11,3.62,0.16,-2.51,-0.11,3012.21,0.30
3506,多头进场,2026-04-20 11:45,VltClsLE,2284.96,1,2284.96,-2.51,-0.11,3.62,0.16,-2.51,-0.11,3012.21,0.30
3507,空头出场,2026-04-20 12:45,VltClsLE,2283.22,1,2282.45,-0.77,-0.03,3.61,0.16,-2.26,-0.10,3011.44,0.30
3507,空头进场,2026-04-20 12:00,VltClsSE,2282.45,1,2282.45,-0.77,-0.03,3.61,0.16,-2.26,-0.10,3011.44,0.30
3508,多头出场,2026-04-20 13:00,VltClsSE,2279.49,1,2283.22,-3.73,-0.16,2.02,0.09,-3.73,-0.16,3007.71,0.30
3508,多头进场,2026-04-20 12:45,VltClsLE,2283.22,1,2283.22,-3.73,-0.16,2.02,0.09,-3.73,-0.16,3007.71,0.30
3509,空头出场,2026-04-20 13:45,VltClsLE,2269.98,1,2279.49,9.51,0.42,16.31,0.72,0,0.00,3017.22,0.30
3509,空头进场,2026-04-20 13:00,VltClsSE,2279.49,1,2279.49,9.51,0.42,16.31,0.72,0,0.00,3017.22,0.30
3510,多头出场,2026-04-20 15:30,VltClsSE,2302.68,1,2269.98,32.7,1.44,62.9,2.77,-1.2,-0.05,3049.92,0.30
3510,多头进场,2026-04-20 13:45,VltClsLE,2269.98,1,2269.98,32.7,1.44,62.9,2.77,-1.2,-0.05,3049.92,0.30
3511,空头出场,2026-04-20 17:00,VltClsLE,2302.63,1,2302.68,0.05,0.00,15.55,0.68,-5.97,-0.26,3049.97,0.30
3511,空头进场,2026-04-20 15:30,VltClsSE,2302.68,1,2302.68,0.05,0.00,15.55,0.68,-5.97,-0.26,3049.97,0.30
3512,多头出场,2026-04-20 18:30,VltClsSE,2309.87,1,2302.63,7.24,0.31,17.37,0.75,-0.7,-0.03,3057.21,0.31
3512,多头进场,2026-04-20 17:00,VltClsLE,2302.63,1,2302.63,7.24,0.31,17.37,0.75,-0.7,-0.03,3057.21,0.31
3513,空头出场,2026-04-20 19:00,VltClsLE,2309.03,1,2309.87,0.84,0.04,9.87,0.43,0,0.00,3058.05,0.31
3513,空头进场,2026-04-20 18:30,VltClsSE,2309.87,1,2309.87,0.84,0.04,9.87,0.43,0,0.00,3058.05,0.31
3514,多头出场,2026-04-20 20:30,VltClsSE,2309.14,1,2309.03,0.11,0.00,13.99,0.61,-6.73,-0.29,3058.16,0.31
3514,多头进场,2026-04-20 19:00,VltClsLE,2309.03,1,2309.03,0.11,0.00,13.99,0.61,-6.73,-0.29,3058.16,0.31
3515,空头出场,2026-04-20 20:45,VltClsLE,2318.21,1,2309.14,-9.07,-0.39,2.31,0.10,-9.07,-0.39,3049.09,0.30
3515,空头进场,2026-04-20 20:30,VltClsSE,2309.14,1,2309.14,-9.07,-0.39,2.31,0.10,-9.07,-0.39,3049.09,0.30
3516,多头出场,2026-04-20 21:15,VltClsSE,2311.03,1,2318.21,-7.18,-0.31,8.15,0.35,-7.18,-0.31,3041.91,0.30
3516,多头进场,2026-04-20 20:45,VltClsLE,2318.21,1,2318.21,-7.18,-0.31,8.15,0.35,-7.18,-0.31,3041.91,0.30
3517,空头出场,2026-04-20 22:15,VltClsLE,2310.58,1,2311.03,0.45,0.02,14.42,0.62,-8.03,-0.35,3042.36,0.30
3517,空头进场,2026-04-20 21:15,VltClsSE,2311.03,1,2311.03,0.45,0.02,14.42,0.62,-8.03,-0.35,3042.36,0.30
3518,多头出场,2026-04-20 22:30,VltClsSE,2298.54,1,2310.58,-12.04,-0.52,11.4,0.49,-12.04,-0.52,3030.32,0.30
3518,多头进场,2026-04-20 22:15,VltClsLE,2310.58,1,2310.58,-12.04,-0.52,11.4,0.49,-12.04,-0.52,3030.32,0.30
3519,空头出场,2026-04-20 23:15,VltClsLE,2307.22,1,2298.54,-8.68,-0.38,20.16,0.88,-9.15,-0.40,3021.64,0.30
3519,空头进场,2026-04-20 22:30,VltClsSE,2298.54,1,2298.54,-8.68,-0.38,20.16,0.88,-9.15,-0.40,3021.64,0.30
3520,多头出场,2026-04-21 00:45,VltClsSE,2299.97,1,2307.22,-7.25,-0.31,11.78,0.51,-7.25,-0.31,3014.39,0.30
3520,多头进场,2026-04-20 23:15,VltClsLE,2307.22,1,2307.22,-7.25,-0.31,11.78,0.51,-7.25,-0.31,3014.39,0.30
3521,空头出场,2026-04-21 01:00,VltClsLE,2306.73,1,2299.97,-6.76,-0.29,2,0.09,-6.76,-0.29,3007.63,0.30
3521,空头进场,2026-04-21 00:45,VltClsSE,2299.97,1,2299.97,-6.76,-0.29,2,0.09,-6.76,-0.29,3007.63,0.30
3522,多头出场,2026-04-21 05:00,VltClsSE,2331.74,1,2306.73,25.01,1.08,40.05,1.74,0,0.00,3032.64,0.30
3522,多头进场,2026-04-21 01:00,VltClsLE,2306.73,1,2306.73,25.01,1.08,40.05,1.74,0,0.00,3032.64,0.30
3523,空头出场,2026-04-21 06:30,VltClsLE,2324.72,1,2331.74,7.02,0.30,16.53,0.71,0,0.00,3039.66,0.30
3523,空头进场,2026-04-21 05:00,VltClsSE,2331.74,1,2331.74,7.02,0.30,16.53,0.71,0,0.00,3039.66,0.30
3524,多头出场,2026-04-21 07:00,VltClsSE,2314.72,1,2324.72,-10,-0.43,0.93,0.04,-10,-0.43,3029.66,0.30
3524,多头进场,2026-04-21 06:30,VltClsLE,2324.72,1,2324.72,-10,-0.43,0.93,0.04,-10,-0.43,3029.66,0.30
3525,空头出场,2026-04-21 07:30,VltClsLE,2314.8,1,2314.72,-0.08,0.00,6.98,0.30,-0.08,0.00,3029.58,0.30
3525,空头进场,2026-04-21 07:00,VltClsSE,2314.72,1,2314.72,-0.08,0.00,6.98,0.30,-0.08,0.00,3029.58,0.30
3526,多头出场,2026-04-21 09:45,VltClsSE,2317.35,1,2314.8,2.55,0.11,11.84,0.51,-3.78,-0.16,3032.13,0.30
3526,多头进场,2026-04-21 07:30,VltClsLE,2314.8,1,2314.8,2.55,0.11,11.84,0.51,-3.78,-0.16,3032.13,0.30
3527,空头出场,2026-04-21 11:15,VltClsLE,2308.27,1,2317.35,9.08,0.39,17.34,0.75,0,0.00,3041.21,0.30
3527,空头进场,2026-04-21 09:45,VltClsSE,2317.35,1,2317.35,9.08,0.39,17.34,0.75,0,0.00,3041.21,0.30
3528,多头出场,2026-04-21 12:00,VltClsSE,2306.93,1,2308.27,-1.34,-0.06,4.78,0.21,-4.09,-0.18,3039.87,0.30
3528,多头进场,2026-04-21 11:15,VltClsLE,2308.27,1,2308.27,-1.34,-0.06,4.78,0.21,-4.09,-0.18,3039.87,0.30
3529,空头出场,2026-04-21 12:45,VltClsLE,2314,1,2306.93,-7.07,-0.31,2.87,0.12,-7.07,-0.31,3032.8,0.30
3529,空头进场,2026-04-21 12:00,VltClsSE,2306.93,1,2306.93,-7.07,-0.31,2.87,0.12,-7.07,-0.31,3032.8,0.30
3530,多头出场,2026-04-21 14:00,VltClsSE,2310.6,1,2314,-3.4,-0.15,6.69,0.29,-3.4,-0.15,3029.4,0.30
3530,多头进场,2026-04-21 12:45,VltClsLE,2314,1,2314,-3.4,-0.15,6.69,0.29,-3.4,-0.15,3029.4,0.30
3531,空头出场,2026-04-21 14:30,VltClsLE,2312.65,1,2310.6,-2.05,-0.09,2.59,0.11,-2.05,-0.09,3027.35,0.30
3531,空头进场,2026-04-21 14:00,VltClsSE,2310.6,1,2310.6,-2.05,-0.09,2.59,0.11,-2.05,-0.09,3027.35,0.30
3532,多头出场,2026-04-21 15:00,VltClsSE,2312.77,1,2312.65,0.12,0.01,14.4,0.62,0,0.00,3027.47,0.30
3532,多头进场,2026-04-21 14:30,VltClsLE,2312.65,1,2312.65,0.12,0.01,14.4,0.62,0,0.00,3027.47,0.30
3533,空头出场,2026-04-21 15:15,VltClsLE,2319.53,1,2312.77,-6.76,-0.29,1.21,0.05,-6.76,-0.29,3020.71,0.30
3533,空头进场,2026-04-21 15:00,VltClsSE,2312.77,1,2312.77,-6.76,-0.29,1.21,0.05,-6.76,-0.29,3020.71,0.30
3534,多头出场,2026-04-21 19:00,VltClsSE,2327.17,1,2319.53,7.64,0.33,19.22,0.83,-5.53,-0.24,3028.35,0.30
3534,多头进场,2026-04-21 15:15,VltClsLE,2319.53,1,2319.53,7.64,0.33,19.22,0.83,-5.53,-0.24,3028.35,0.30
3535,空头出场,2026-04-21 19:15,VltClsLE,2323.69,1,2327.17,3.48,0.15,11.03,0.47,0,0.00,3031.83,0.30
3535,空头进场,2026-04-21 19:00,VltClsSE,2327.17,1,2327.17,3.48,0.15,11.03,0.47,0,0.00,3031.83,0.30
3536,多头出场,2026-04-21 20:30,VltClsSE,2312.59,1,2323.69,-11.1,-0.48,6.38,0.27,-11.1,-0.48,3020.73,0.30
3536,多头进场,2026-04-21 19:15,VltClsLE,2323.69,1,2323.69,-11.1,-0.48,6.38,0.27,-11.1,-0.48,3020.73,0.30
3537,空头出场,2026-04-21 20:45,VltClsLE,2305.97,1,2312.59,6.62,0.29,18.2,0.79,0,0.00,3027.35,0.30
3537,空头进场,2026-04-21 20:30,VltClsSE,2312.59,1,2312.59,6.62,0.29,18.2,0.79,0,0.00,3027.35,0.30
3538,多头出场,2026-04-21 22:00,VltClsSE,2304.85,1,2305.97,-1.12,-0.05,11.4,0.49,-4.97,-0.22,3026.23,0.30
3538,多头进场,2026-04-21 20:45,VltClsLE,2305.97,1,2305.97,-1.12,-0.05,11.4,0.49,-4.97,-0.22,3026.23,0.30
3539,空头出场,2026-04-21 22:15,VltClsLE,2312.9,1,2304.85,-8.05,-0.35,0.16,0.01,-8.05,-0.35,3018.18,0.30
3539,空头进场,2026-04-21 22:00,VltClsSE,2304.85,1,2304.85,-8.05,-0.35,0.16,0.01,-8.05,-0.35,3018.18,0.30
3540,多头出场,2026-04-21 22:45,VltClsSE,2312.72,1,2312.9,-0.18,-0.01,14.6,0.63,-0.18,-0.01,3018,0.30
3540,多头进场,2026-04-21 22:15,VltClsLE,2312.9,1,2312.9,-0.18,-0.01,14.6,0.63,-0.18,-0.01,3018,0.30
3541,空头出场,2026-04-22 00:30,VltClsLE,2320.2,1,2312.72,-7.48,-0.32,22.37,0.97,-7.48,-0.32,3010.52,0.30
3541,空头进场,2026-04-21 22:45,VltClsSE,2312.72,1,2312.72,-7.48,-0.32,22.37,0.97,-7.48,-0.32,3010.52,0.30
3542,多头出场,2026-04-22 01:00,VltClsSE,2300.22,1,2320.2,-19.98,-0.86,4.53,0.20,-19.98,-0.86,2990.54,0.30
3542,多头进场,2026-04-22 00:30,VltClsLE,2320.2,1,2320.2,-19.98,-0.86,4.53,0.20,-19.98,-0.86,2990.54,0.30
3543,空头出场,2026-04-22 01:30,VltClsLE,2305,1,2300.22,-4.78,-0.21,16.03,0.70,-4.78,-0.21,2985.76,0.30
3543,空头进场,2026-04-22 01:00,VltClsSE,2300.22,1,2300.22,-4.78,-0.21,16.03,0.70,-4.78,-0.21,2985.76,0.30
3544,多头出场,2026-04-22 03:30,VltClsSE,2316,1,2305,11,0.48,27,1.17,-4.71,-0.20,2996.76,0.30
3544,多头进场,2026-04-22 01:30,VltClsLE,2305,1,2305,11,0.48,27,1.17,-4.71,-0.20,2996.76,0.30
3545,空头出场,2026-04-22 04:00,VltClsLE,2311.88,1,2316,4.12,0.18,28.7,1.24,0,0.00,3000.88,0.30
3545,空头进场,2026-04-22 03:30,VltClsSE,2316,1,2316,4.12,0.18,28.7,1.24,0,0.00,3000.88,0.30
3546,多头出场,2026-04-22 06:15,VltClsSE,2311.13,1,2311.88,-0.75,-0.03,14,0.61,-2.47,-0.11,3000.13,0.30
3546,多头进场,2026-04-22 04:00,VltClsLE,2311.88,1,2311.88,-0.75,-0.03,14,0.61,-2.47,-0.11,3000.13,0.30
3547,空头出场,2026-04-22 06:30,VltClsLE,2311.74,1,2311.13,-0.61,-0.03,6.79,0.29,-0.61,-0.03,2999.52,0.30
3547,空头进场,2026-04-22 06:15,VltClsSE,2311.13,1,2311.13,-0.61,-0.03,6.79,0.29,-0.61,-0.03,2999.52,0.30
3548,多头出场,2026-04-22 09:15,VltClsSE,2322.93,1,2311.74,11.19,0.48,19.08,0.83,-9.84,-0.43,3010.71,0.30
3548,多头进场,2026-04-22 06:30,VltClsLE,2311.74,1,2311.74,11.19,0.48,19.08,0.83,-9.84,-0.43,3010.71,0.30
3549,空头出场,2026-04-22 09:30,VltClsLE,2319.79,1,2322.93,3.14,0.14,9.98,0.43,0,0.00,3013.85,0.30
3549,空头进场,2026-04-22 09:15,VltClsSE,2322.93,1,2322.93,3.14,0.14,9.98,0.43,0,0.00,3013.85,0.30
3550,多头出场,2026-04-22 15:15,VltClsSE,2393.71,1,2319.79,73.92,3.19,94.04,4.05,-2.03,-0.09,3087.77,0.31
3550,多头进场,2026-04-22 09:30,VltClsLE,2319.79,1,2319.79,73.92,3.19,94.04,4.05,-2.03,-0.09,3087.77,0.31
3551,空头出场,2026-04-22 15:30,VltClsLE,2392.31,1,2393.71,1.4,0.06,10.38,0.43,0,0.00,3089.17,0.31
3551,空头进场,2026-04-22 15:15,VltClsSE,2393.71,1,2393.71,1.4,0.06,10.38,0.43,0,0.00,3089.17,0.31
3552,多头出场,2026-04-22 17:45,VltClsSE,2387.67,1,2392.31,-4.64,-0.19,2.12,0.09,-9.31,-0.39,3084.53,0.31
3552,多头进场,2026-04-22 15:30,VltClsLE,2392.31,1,2392.31,-4.64,-0.19,2.12,0.09,-9.31,-0.39,3084.53,0.31
3553,空头出场,2026-04-22 19:30,VltClsLE,2395.45,1,2387.67,-7.78,-0.33,2.67,0.11,-7.78,-0.33,3076.75,0.31
3553,空头进场,2026-04-22 17:45,VltClsSE,2387.67,1,2387.67,-7.78,-0.33,2.67,0.11,-7.78,-0.33,3076.75,0.31
3554,多头出场,2026-04-22 20:15,VltClsSE,2397.22,1,2395.45,1.77,0.07,10.55,0.44,-3,-0.13,3078.52,0.31
3554,多头进场,2026-04-22 19:30,VltClsLE,2395.45,1,2395.45,1.77,0.07,10.55,0.44,-3,-0.13,3078.52,0.31
3555,空头出场,2026-04-22 20:45,VltClsLE,2406.25,1,2397.22,-9.03,-0.38,1.06,0.04,-9.03,-0.38,3069.49,0.31
3555,空头进场,2026-04-22 20:15,VltClsSE,2397.22,1,2397.22,-9.03,-0.38,1.06,0.04,-9.03,-0.38,3069.49,0.31
3556,多头出场,2026-04-22 21:30,VltClsSE,2402.79,1,2406.25,-3.46,-0.14,9.25,0.38,-4.04,-0.17,3066.03,0.31
3556,多头进场,2026-04-22 20:45,VltClsLE,2406.25,1,2406.25,-3.46,-0.14,9.25,0.38,-4.04,-0.17,3066.03,0.31
3557,空头出场,2026-04-22 21:45,VltClsLE,2421.48,1,2402.79,-18.69,-0.78,1.52,0.06,-18.69,-0.78,3047.34,0.30
3557,空头进场,2026-04-22 21:30,VltClsSE,2402.79,1,2402.79,-18.69,-0.78,1.52,0.06,-18.69,-0.78,3047.34,0.30
3558,多头出场,2026-04-22 22:15,VltClsSE,2413.49,1,2421.48,-7.99,-0.33,2.27,0.09,-9.61,-0.40,3039.35,0.30
3558,多头进场,2026-04-22 21:45,VltClsLE,2421.48,1,2421.48,-7.99,-0.33,2.27,0.09,-9.61,-0.40,3039.35,0.30
3559,空头出场,2026-04-22 23:30,VltClsLE,2408.55,1,2413.49,4.94,0.20,22.59,0.94,0,0.00,3044.29,0.30
3559,空头进场,2026-04-22 22:15,VltClsSE,2413.49,1,2413.49,4.94,0.20,22.59,0.94,0,0.00,3044.29,0.30
3560,多头出场,2026-04-23 00:15,VltClsSE,2395.55,1,2408.55,-13,-0.54,5.34,0.22,-13,-0.54,3031.29,0.30
3560,多头进场,2026-04-22 23:30,VltClsLE,2408.55,1,2408.55,-13,-0.54,5.34,0.22,-13,-0.54,3031.29,0.30
3561,空头出场,2026-04-23 01:00,VltClsLE,2394.02,1,2395.55,1.53,0.06,11.38,0.48,-0.67,-0.03,3032.82,0.30
3561,空头进场,2026-04-23 00:15,VltClsSE,2395.55,1,2395.55,1.53,0.06,11.38,0.48,-0.67,-0.03,3032.82,0.30
3562,多头出场,2026-04-23 03:00,VltClsSE,2390.94,1,2394.02,-3.08,-0.13,10.67,0.45,-7.42,-0.31,3029.74,0.30
3562,多头进场,2026-04-23 01:00,VltClsLE,2394.02,1,2394.02,-3.08,-0.13,10.67,0.45,-7.42,-0.31,3029.74,0.30
3563,空头出场,2026-04-23 03:15,VltClsLE,2400.57,1,2390.94,-9.63,-0.40,1.76,0.07,-9.63,-0.40,3020.11,0.30
3563,空头进场,2026-04-23 03:00,VltClsSE,2390.94,1,2390.94,-9.63,-0.40,1.76,0.07,-9.63,-0.40,3020.11,0.30
3564,多头出场,2026-04-23 03:30,VltClsSE,2398.34,1,2400.57,-2.23,-0.09,6.67,0.28,-2.23,-0.09,3017.88,0.30
3564,多头进场,2026-04-23 03:15,VltClsLE,2400.57,1,2400.57,-2.23,-0.09,6.67,0.28,-2.23,-0.09,3017.88,0.30
3565,空头出场,2026-04-23 05:15,VltClsLE,2398.21,1,2398.34,0.13,0.01,7.53,0.31,-4,-0.17,3018.01,0.30
3565,空头进场,2026-04-23 03:30,VltClsSE,2398.34,1,2398.34,0.13,0.01,7.53,0.31,-4,-0.17,3018.01,0.30
3566,多头出场,2026-04-23 05:45,VltClsSE,2401.85,1,2398.21,3.64,0.15,7.9,0.33,-1.2,-0.05,3021.65,0.30
3566,多头进场,2026-04-23 05:15,VltClsLE,2398.21,1,2398.21,3.64,0.15,7.9,0.33,-1.2,-0.05,3021.65,0.30
3567,空头出场,2026-04-23 08:15,VltClsLE,2369.55,1,2401.85,32.3,1.34,42.1,1.75,-3.53,-0.15,3053.95,0.31
3567,空头进场,2026-04-23 05:45,VltClsSE,2401.85,1,2401.85,32.3,1.34,42.1,1.75,-3.53,-0.15,3053.95,0.31
3568,多头出场,2026-04-23 10:00,VltClsSE,2360.87,1,2369.55,-8.68,-0.37,12.45,0.53,-26.75,-1.13,3045.27,0.30
3568,多头进场,2026-04-23 08:15,VltClsLE,2369.55,1,2369.55,-8.68,-0.37,12.45,0.53,-26.75,-1.13,3045.27,0.30
3569,空头出场,2026-04-23 13:00,VltClsLE,2351.86,1,2360.87,9.01,0.38,29.37,1.24,-3.63,-0.15,3054.28,0.31
3569,空头进场,2026-04-23 10:00,VltClsSE,2360.87,1,2360.87,9.01,0.38,29.37,1.24,-3.63,-0.15,3054.28,0.31
3570,多头出场,2026-04-23 13:15,VltClsSE,2347.35,1,2351.86,-4.51,-0.19,0.75,0.03,-4.51,-0.19,3049.77,0.30
3570,多头进场,2026-04-23 13:00,VltClsLE,2351.86,1,2351.86,-4.51,-0.19,0.75,0.03,-4.51,-0.19,3049.77,0.30
3571,空头出场,2026-04-23 13:45,VltClsLE,2348.77,1,2347.35,-1.42,-0.06,7.16,0.31,-1.42,-0.06,3048.35,0.30
3571,空头进场,2026-04-23 13:15,VltClsSE,2347.35,1,2347.35,-1.42,-0.06,7.16,0.31,-1.42,-0.06,3048.35,0.30
3572,多头出场,2026-04-23 15:45,VltClsSE,2347.66,1,2348.77,-1.11,-0.05,10.16,0.43,-1.16,-0.05,3047.24,0.30
3572,多头进场,2026-04-23 13:45,VltClsLE,2348.77,1,2348.77,-1.11,-0.05,10.16,0.43,-1.16,-0.05,3047.24,0.30
3573,空头出场,2026-04-23 19:30,VltClsLE,2323.69,1,2347.66,23.97,1.02,42.05,1.79,0,0.00,3071.21,0.31
3573,空头进场,2026-04-23 15:45,VltClsSE,2347.66,1,2347.66,23.97,1.02,42.05,1.79,0,0.00,3071.21,0.31
3574,多头出场,2026-04-23 20:15,VltClsSE,2327.34,1,2323.69,3.65,0.16,11.54,0.50,0,0.00,3074.86,0.31
3574,多头进场,2026-04-23 19:30,VltClsLE,2323.69,1,2323.69,3.65,0.16,11.54,0.50,0,0.00,3074.86,0.31
3575,空头出场,2026-04-23 22:15,VltClsLE,2325.76,1,2327.34,1.58,0.07,12.11,0.52,-5.45,-0.23,3076.44,0.31
3575,空头进场,2026-04-23 20:15,VltClsSE,2327.34,1,2327.34,1.58,0.07,12.11,0.52,-5.45,-0.23,3076.44,0.31
3576,多头出场,2026-04-23 23:00,VltClsSE,2327.4,1,2325.76,1.64,0.07,9.54,0.41,0,0.00,3078.08,0.31
3576,多头进场,2026-04-23 22:15,VltClsLE,2325.76,1,2325.76,1.64,0.07,9.54,0.41,0,0.00,3078.08,0.31
3577,空头出场,2026-04-23 23:15,VltClsLE,2336.69,1,2327.4,-9.29,-0.40,3.25,0.14,-9.29,-0.40,3068.79,0.31
3577,空头进场,2026-04-23 23:00,VltClsSE,2327.4,1,2327.4,-9.29,-0.40,3.25,0.14,-9.29,-0.40,3068.79,0.31
3578,多头出场,2026-04-23 23:45,VltClsSE,2328.89,1,2336.69,-7.8,-0.33,6.89,0.29,-8.01,-0.34,3060.99,0.31
3578,多头进场,2026-04-23 23:15,VltClsLE,2336.69,1,2336.69,-7.8,-0.33,6.89,0.29,-8.01,-0.34,3060.99,0.31
3579,空头出场,2026-04-24 01:45,VltClsLE,2304.76,1,2328.89,24.13,1.04,43.47,1.87,-6.87,-0.29,3085.12,0.31
3579,空头进场,2026-04-23 23:45,VltClsSE,2328.89,1,2328.89,24.13,1.04,43.47,1.87,-6.87,-0.29,3085.12,0.31
3580,多头出场,2026-04-24 05:45,VltClsSE,2323.37,1,2304.76,18.61,0.81,24.72,1.07,-4.06,-0.18,3103.73,0.31
3580,多头进场,2026-04-24 01:45,VltClsLE,2304.76,1,2304.76,18.61,0.81,24.72,1.07,-4.06,-0.18,3103.73,0.31
3581,空头出场,2026-04-24 06:00,VltClsLE,2325.71,1,2323.37,-2.34,-0.10,1.71,0.07,-2.34,-0.10,3101.39,0.31
3581,空头进场,2026-04-24 05:45,VltClsSE,2323.37,1,2323.37,-2.34,-0.10,1.71,0.07,-2.34,-0.10,3101.39,0.31
3582,多头出场,2026-04-24 06:45,VltClsSE,2330.27,1,2325.71,4.56,0.20,13.08,0.56,0,0.00,3105.95,0.31
3582,多头进场,2026-04-24 06:00,VltClsLE,2325.71,1,2325.71,4.56,0.20,13.08,0.56,0,0.00,3105.95,0.31
3583,空头出场,2026-04-24 08:15,VltClsLE,2335.43,1,2330.27,-5.16,-0.22,6.56,0.28,-5.16,-0.22,3100.79,0.31
3583,空头进场,2026-04-24 06:45,VltClsSE,2330.27,1,2330.27,-5.16,-0.22,6.56,0.28,-5.16,-0.22,3100.79,0.31
3584,多头出场,2026-04-24 09:00,VltClsSE,2328.49,1,2335.43,-6.94,-0.30,2.07,0.09,-6.94,-0.30,3093.85,0.31
3584,多头进场,2026-04-24 08:15,VltClsLE,2335.43,1,2335.43,-6.94,-0.30,2.07,0.09,-6.94,-0.30,3093.85,0.31
3585,空头出场,2026-04-24 09:45,VltClsLE,2326.38,1,2328.49,2.11,0.09,9.8,0.42,0,0.00,3095.96,0.31
3585,空头进场,2026-04-24 09:00,VltClsSE,2328.49,1,2328.49,2.11,0.09,9.8,0.42,0,0.00,3095.96,0.31
3586,多头出场,2026-04-24 10:45,VltClsSE,2323.85,1,2326.38,-2.53,-0.11,9.01,0.39,-2.53,-0.11,3093.43,0.31
3586,多头进场,2026-04-24 09:45,VltClsLE,2326.38,1,2326.38,-2.53,-0.11,9.01,0.39,-2.53,-0.11,3093.43,0.31
3587,空头出场,2026-04-24 13:30,VltClsLE,2309.05,1,2323.85,14.8,0.64,23.63,1.02,0,0.00,3108.23,0.31
3587,空头进场,2026-04-24 10:45,VltClsSE,2323.85,1,2323.85,14.8,0.64,23.63,1.02,0,0.00,3108.23,0.31
3588,多头出场,2026-04-24 14:30,VltClsSE,2309.43,1,2309.05,0.38,0.02,8.3,0.36,0,0.00,3108.61,0.31
3588,多头进场,2026-04-24 13:30,VltClsLE,2309.05,1,2309.05,0.38,0.02,8.3,0.36,0,0.00,3108.61,0.31
3589,空头出场,2026-04-24 15:00,VltClsLE,2312.9,1,2309.43,-3.47,-0.15,0.87,0.04,-3.47,-0.15,3105.14,0.31
3589,空头进场,2026-04-24 14:30,VltClsSE,2309.43,1,2309.43,-3.47,-0.15,0.87,0.04,-3.47,-0.15,3105.14,0.31
3590,多头出场,2026-04-24 15:45,VltClsSE,2308.97,1,2312.9,-3.93,-0.17,3.95,0.17,-3.93,-0.17,3101.21,0.31
3590,多头进场,2026-04-24 15:00,VltClsLE,2312.9,1,2312.9,-3.93,-0.17,3.95,0.17,-3.93,-0.17,3101.21,0.31
3591,空头出场,2026-04-24 16:15,VltClsLE,2314.78,1,2308.97,-5.81,-0.25,1.48,0.06,-5.81,-0.25,3095.4,0.31
3591,空头进场,2026-04-24 15:45,VltClsSE,2308.97,1,2308.97,-5.81,-0.25,1.48,0.06,-5.81,-0.25,3095.4,0.31
3592,多头出场,2026-04-24 17:00,VltClsSE,2310.38,1,2314.78,-4.4,-0.19,8.21,0.35,-4.4,-0.19,3091,0.31
3592,多头进场,2026-04-24 16:15,VltClsLE,2314.78,1,2314.78,-4.4,-0.19,8.21,0.35,-4.4,-0.19,3091,0.31
3593,空头出场,2026-04-24 18:15,VltClsLE,2313.16,1,2310.38,-2.78,-0.12,6.64,0.29,-2.78,-0.12,3088.22,0.31
3593,空头进场,2026-04-24 17:00,VltClsSE,2310.38,1,2310.38,-2.78,-0.12,6.64,0.29,-2.78,-0.12,3088.22,0.31
3594,多头出场,2026-04-24 20:15,VltClsSE,2325.9,1,2313.16,12.74,0.55,19.1,0.83,-0.65,-0.03,3100.96,0.31
3594,多头进场,2026-04-24 18:15,VltClsLE,2313.16,1,2313.16,12.74,0.55,19.1,0.83,-0.65,-0.03,3100.96,0.31
3595,空头出场,2026-04-24 21:00,VltClsLE,2329.69,1,2325.9,-3.79,-0.16,7.37,0.32,-3.79,-0.16,3097.17,0.31
3595,空头进场,2026-04-24 20:15,VltClsSE,2325.9,1,2325.9,-3.79,-0.16,7.37,0.32,-3.79,-0.16,3097.17,0.31
3596,多头出场,2026-04-24 21:15,VltClsSE,2322.65,1,2329.69,-7.04,-0.30,1.98,0.08,-7.04,-0.30,3090.13,0.31
3596,多头进场,2026-04-24 21:00,VltClsLE,2329.69,1,2329.69,-7.04,-0.30,1.98,0.08,-7.04,-0.30,3090.13,0.31
3597,空头出场,2026-04-24 22:30,VltClsLE,2313.62,1,2322.65,9.03,0.39,18.58,0.80,-3.76,-0.16,3099.16,0.31
3597,空头进场,2026-04-24 21:15,VltClsSE,2322.65,1,2322.65,9.03,0.39,18.58,0.80,-3.76,-0.16,3099.16,0.31
3598,多头出场,2026-04-24 23:00,VltClsSE,2305.79,1,2313.62,-7.83,-0.34,4.78,0.21,-7.83,-0.34,3091.33,0.31
3598,多头进场,2026-04-24 22:30,VltClsLE,2313.62,1,2313.62,-7.83,-0.34,4.78,0.21,-7.83,-0.34,3091.33,0.31
3599,空头出场,2026-04-24 23:30,VltClsLE,2319.69,1,2305.79,-13.9,-0.60,4.18,0.18,-13.9,-0.60,3077.43,0.31
3599,空头进场,2026-04-24 23:00,VltClsSE,2305.79,1,2305.79,-13.9,-0.60,4.18,0.18,-13.9,-0.60,3077.43,0.31
3600,多头出场,2026-04-25 01:15,VltClsSE,2313.94,1,2319.69,-5.75,-0.25,10.04,0.43,-9.69,-0.42,3071.68,0.31
3600,多头进场,2026-04-24 23:30,VltClsLE,2319.69,1,2319.69,-5.75,-0.25,10.04,0.43,-9.69,-0.42,3071.68,0.31
3601,空头出场,2026-04-25 01:45,VltClsLE,2319.92,1,2313.94,-5.98,-0.26,5.12,0.22,-5.98,-0.26,3065.7,0.31
3601,空头进场,2026-04-25 01:15,VltClsSE,2313.94,1,2313.94,-5.98,-0.26,5.12,0.22,-5.98,-0.26,3065.7,0.31
3602,多头出场,2026-04-25 04:00,VltClsSE,2318.74,1,2319.92,-1.18,-0.05,5.08,0.22,-9.91,-0.43,3064.52,0.31
3602,多头进场,2026-04-25 01:45,VltClsLE,2319.92,1,2319.92,-1.18,-0.05,5.08,0.22,-9.91,-0.43,3064.52,0.31
3603,空头出场,2026-04-25 04:30,VltClsLE,2319.88,1,2318.74,-1.14,-0.05,3.36,0.14,-1.48,-0.06,3063.38,0.31
3603,空头进场,2026-04-25 04:00,VltClsSE,2318.74,1,2318.74,-1.14,-0.05,3.36,0.14,-1.48,-0.06,3063.38,0.31
3604,多头出场,2026-04-25 05:00,VltClsSE,2322.79,1,2319.88,2.91,0.13,8.28,0.36,0,0.00,3066.29,0.31
3604,多头进场,2026-04-25 04:30,VltClsLE,2319.88,1,2319.88,2.91,0.13,8.28,0.36,0,0.00,3066.29,0.31
3605,空头出场,2026-04-25 07:00,VltClsLE,2314.51,1,2322.79,8.28,0.36,15.59,0.67,0,0.00,3074.57,0.31
3605,空头进场,2026-04-25 05:00,VltClsSE,2322.79,1,2322.79,8.28,0.36,15.59,0.67,0,0.00,3074.57,0.31
3606,多头出场,2026-04-25 08:00,VltClsSE,2313.32,1,2314.51,-1.19,-0.05,1.54,0.07,-2.03,-0.09,3073.38,0.31
3606,多头进场,2026-04-25 07:00,VltClsLE,2314.51,1,2314.51,-1.19,-0.05,1.54,0.07,-2.03,-0.09,3073.38,0.31
3607,空头出场,2026-04-25 08:30,VltClsLE,2313.57,1,2313.32,-0.25,-0.01,2.05,0.09,-0.41,-0.02,3073.13,0.31
3607,空头进场,2026-04-25 08:00,VltClsSE,2313.32,1,2313.32,-0.25,-0.01,2.05,0.09,-0.41,-0.02,3073.13,0.31
3608,多头出场,2026-04-25 10:00,VltClsSE,2315.96,1,2313.57,2.39,0.10,7.79,0.34,0,0.00,3075.52,0.31
3608,多头进场,2026-04-25 08:30,VltClsLE,2313.57,1,2313.57,2.39,0.10,7.79,0.34,0,0.00,3075.52,0.31
3609,空头出场,2026-04-25 11:00,VltClsLE,2319.36,1,2315.96,-3.4,-0.15,1.18,0.05,-3.4,-0.15,3072.12,0.31
3609,空头进场,2026-04-25 10:00,VltClsSE,2315.96,1,2315.96,-3.4,-0.15,1.18,0.05,-3.4,-0.15,3072.12,0.31
3610,多头出场,2026-04-25 11:15,VltClsSE,2315.63,1,2319.36,-3.73,-0.16,1.07,0.05,-3.73,-0.16,3068.39,0.31
3610,多头进场,2026-04-25 11:00,VltClsLE,2319.36,1,2319.36,-3.73,-0.16,1.07,0.05,-3.73,-0.16,3068.39,0.31
3611,空头出场,2026-04-25 13:30,VltClsLE,2315.75,1,2315.63,-0.12,-0.01,2.33,0.10,-3.69,-0.16,3068.27,0.31
3611,空头进场,2026-04-25 11:15,VltClsSE,2315.63,1,2315.63,-0.12,-0.01,2.33,0.10,-3.69,-0.16,3068.27,0.31
3612,多头出场,2026-04-25 14:15,VltClsSE,2315.25,1,2315.75,-0.5,-0.02,1.78,0.08,-0.74,-0.03,3067.77,0.31
3612,多头进场,2026-04-25 13:30,VltClsLE,2315.75,1,2315.75,-0.5,-0.02,1.78,0.08,-0.74,-0.03,3067.77,0.31
3613,空头出场,2026-04-25 14:30,VltClsLE,2316.41,1,2315.25,-1.16,-0.05,0.36,0.02,-1.16,-0.05,3066.61,0.31
3613,空头进场,2026-04-25 14:15,VltClsSE,2315.25,1,2315.25,-1.16,-0.05,0.36,0.02,-1.16,-0.05,3066.61,0.31
3614,多头出场,2026-04-25 15:00,VltClsSE,2314.72,1,2316.41,-1.69,-0.07,1.23,0.05,-1.69,-0.07,3064.92,0.31
3614,多头进场,2026-04-25 14:30,VltClsLE,2316.41,1,2316.41,-1.69,-0.07,1.23,0.05,-1.69,-0.07,3064.92,0.31
3615,空头出场,2026-04-25 15:45,VltClsLE,2318,1,2314.72,-3.28,-0.14,0.46,0.02,-3.28,-0.14,3061.64,0.31
3615,空头进场,2026-04-25 15:00,VltClsSE,2314.72,1,2314.72,-3.28,-0.14,0.46,0.02,-3.28,-0.14,3061.64,0.31
3616,多头出场,2026-04-25 17:15,VltClsSE,2318.36,1,2318,0.36,0.02,2.92,0.13,-2.08,-0.09,3062,0.31
3616,多头进场,2026-04-25 15:45,VltClsLE,2318,1,2318,0.36,0.02,2.92,0.13,-2.08,-0.09,3062,0.31
3617,空头出场,2026-04-25 17:30,VltClsLE,2318.64,1,2318.36,-0.28,-0.01,1.19,0.05,-0.28,-0.01,3061.72,0.31
3617,空头进场,2026-04-25 17:15,VltClsSE,2318.36,1,2318.36,-0.28,-0.01,1.19,0.05,-0.28,-0.01,3061.72,0.31
3618,多头出场,2026-04-25 17:45,VltClsSE,2319.75,1,2318.64,1.11,0.05,4.57,0.20,0,0.00,3062.83,0.31
3618,多头进场,2026-04-25 17:30,VltClsLE,2318.64,1,2318.64,1.11,0.05,4.57,0.20,0,0.00,3062.83,0.31
3619,空头出场,2026-04-25 18:00,VltClsLE,2321.31,1,2319.75,-1.56,-0.07,0.82,0.04,-1.56,-0.07,3061.27,0.31
3619,空头进场,2026-04-25 17:45,VltClsSE,2319.75,1,2319.75,-1.56,-0.07,0.82,0.04,-1.56,-0.07,3061.27,0.31
3620,多头出场,2026-04-25 19:00,VltClsSE,2318.6,1,2321.31,-2.71,-0.12,1.43,0.06,-2.71,-0.12,3058.56,0.31
3620,多头进场,2026-04-25 18:00,VltClsLE,2321.31,1,2321.31,-2.71,-0.12,1.43,0.06,-2.71,-0.12,3058.56,0.31
3621,空头出场,2026-04-25 20:00,VltClsLE,2315.88,1,2318.6,2.72,0.12,7.4,0.32,0,0.00,3061.28,0.31
3621,空头进场,2026-04-25 19:00,VltClsSE,2318.6,1,2318.6,2.72,0.12,7.4,0.32,0,0.00,3061.28,0.31
3622,多头出场,2026-04-25 22:15,VltClsSE,2316.45,1,2315.88,0.57,0.02,3.06,0.13,-4,-0.17,3061.85,0.31
3622,多头进场,2026-04-25 20:00,VltClsLE,2315.88,1,2315.88,0.57,0.02,3.06,0.13,-4,-0.17,3061.85,0.31
3623,空头出场,2026-04-26 01:15,VltClsLE,2311.79,1,2316.45,4.66,0.20,15.9,0.69,-2.23,-0.10,3066.51,0.31
3623,空头进场,2026-04-25 22:15,VltClsSE,2316.45,1,2316.45,4.66,0.20,15.9,0.69,-2.23,-0.10,3066.51,0.31
3624,多头出场,2026-04-26 03:15,VltClsSE,2310,1,2311.79,-1.79,-0.08,2.19,0.09,-3.93,-0.17,3064.72,0.31
3624,多头进场,2026-04-26 01:15,VltClsLE,2311.79,1,2311.79,-1.79,-0.08,2.19,0.09,-3.93,-0.17,3064.72,0.31
3625,空头出场,2026-04-26 03:45,VltClsLE,2308.99,1,2310,1.01,0.04,2.88,0.12,0,0.00,3065.73,0.31
3625,空头进场,2026-04-26 03:15,VltClsSE,2310,1,2310,1.01,0.04,2.88,0.12,0,0.00,3065.73,0.31
3626,多头出场,2026-04-26 05:30,VltClsSE,2314.18,1,2308.99,5.19,0.22,8.36,0.36,-0.14,-0.01,3070.92,0.31
3626,多头进场,2026-04-26 03:45,VltClsLE,2308.99,1,2308.99,5.19,0.22,8.36,0.36,-0.14,-0.01,3070.92,0.31
3627,空头出场,2026-04-26 06:30,VltClsLE,2318.11,1,2314.18,-3.93,-0.17,1.32,0.06,-3.93,-0.17,3066.99,0.31
3627,空头进场,2026-04-26 05:30,VltClsSE,2314.18,1,2314.18,-3.93,-0.17,1.32,0.06,-3.93,-0.17,3066.99,0.31
3628,多头出场,2026-04-26 08:00,VltClsSE,2318.17,1,2318.11,0.06,0.00,2.31,0.10,-1.19,-0.05,3067.05,0.31
3628,多头进场,2026-04-26 06:30,VltClsLE,2318.11,1,2318.11,0.06,0.00,2.31,0.10,-1.19,-0.05,3067.05,0.31
3629,空头出场,2026-04-26 08:30,VltClsLE,2316.87,1,2318.17,1.3,0.06,3.68,0.16,0,0.00,3068.35,0.31
3629,空头进场,2026-04-26 08:00,VltClsSE,2318.17,1,2318.17,1.3,0.06,3.68,0.16,0,0.00,3068.35,0.31
3630,多头出场,2026-04-26 08:45,VltClsSE,2315.4,1,2316.87,-1.47,-0.06,1.29,0.06,-1.47,-0.06,3066.88,0.31
3630,多头进场,2026-04-26 08:30,VltClsLE,2316.87,1,2316.87,-1.47,-0.06,1.29,0.06,-1.47,-0.06,3066.88,0.31
3631,空头出场,2026-04-26 10:00,VltClsLE,2316.2,1,2315.4,-0.8,-0.03,3.4,0.15,-2.48,-0.11,3066.08,0.31
3631,空头进场,2026-04-26 08:45,VltClsSE,2315.4,1,2315.4,-0.8,-0.03,3.4,0.15,-2.48,-0.11,3066.08,0.31
3632,多头出场,2026-04-26 10:30,VltClsSE,2315.43,1,2316.2,-0.77,-0.03,2.2,0.09,-0.77,-0.03,3065.31,0.31
3632,多头进场,2026-04-26 10:00,VltClsLE,2316.2,1,2316.2,-0.77,-0.03,2.2,0.09,-0.77,-0.03,3065.31,0.31
3633,空头出场,2026-04-26 12:00,VltClsLE,2312.51,1,2315.43,2.92,0.13,8.71,0.38,-0.92,-0.04,3068.23,0.31
3633,空头进场,2026-04-26 10:30,VltClsSE,2315.43,1,2315.43,2.92,0.13,8.71,0.38,-0.92,-0.04,3068.23,0.31
3634,多头出场,2026-04-26 14:45,VltClsSE,2328.86,1,2312.51,16.35,0.71,23.97,1.04,-2.2,-0.10,3084.58,0.31
3634,多头进场,2026-04-26 12:00,VltClsLE,2312.51,1,2312.51,16.35,0.71,23.97,1.04,-2.2,-0.10,3084.58,0.31
3635,空头出场,2026-04-26 15:45,VltClsLE,2330.68,1,2328.86,-1.82,-0.08,1.4,0.06,-2.06,-0.09,3082.76,0.31
3635,空头进场,2026-04-26 14:45,VltClsSE,2328.86,1,2328.86,-1.82,-0.08,1.4,0.06,-2.06,-0.09,3082.76,0.31
3636,多头出场,2026-04-26 16:15,VltClsSE,2331.13,1,2330.68,0.45,0.02,4.03,0.17,0,0.00,3083.21,0.31
3636,多头进场,2026-04-26 15:45,VltClsLE,2330.68,1,2330.68,0.45,0.02,4.03,0.17,0,0.00,3083.21,0.31
3637,空头出场,2026-04-26 16:30,VltClsLE,2333.36,1,2331.13,-2.23,-0.10,0.64,0.03,-2.23,-0.10,3080.98,0.31
3637,空头进场,2026-04-26 16:15,VltClsSE,2331.13,1,2331.13,-2.23,-0.10,0.64,0.03,-2.23,-0.10,3080.98,0.31
3638,多头出场,2026-04-26 17:00,VltClsSE,2329.68,1,2333.36,-3.68,-0.16,4.32,0.19,-3.68,-0.16,3077.3,0.31
3638,多头进场,2026-04-26 16:30,VltClsLE,2333.36,1,2333.36,-3.68,-0.16,4.32,0.19,-3.68,-0.16,3077.3,0.31
3639,空头出场,2026-04-26 17:15,VltClsLE,2333.67,1,2329.68,-3.99,-0.17,0.02,0.00,-3.99,-0.17,3073.31,0.31
3639,空头进场,2026-04-26 17:00,VltClsSE,2329.68,1,2329.68,-3.99,-0.17,0.02,0.00,-3.99,-0.17,3073.31,0.31
3640,多头出场,2026-04-26 18:00,VltClsSE,2332.75,1,2333.67,-0.92,-0.04,2.65,0.11,-2.31,-0.10,3072.39,0.31
3640,多头进场,2026-04-26 17:15,VltClsLE,2333.67,1,2333.67,-0.92,-0.04,2.65,0.11,-2.31,-0.10,3072.39,0.31
3641,空头出场,2026-04-26 19:00,VltClsLE,2334.7,1,2332.75,-1.95,-0.08,1.05,0.05,-2.73,-0.12,3070.44,0.31
3641,空头进场,2026-04-26 18:00,VltClsSE,2332.75,1,2332.75,-1.95,-0.08,1.05,0.05,-2.73,-0.12,3070.44,0.31
3642,多头出场,2026-04-26 20:00,VltClsSE,2333.92,1,2334.7,-0.78,-0.03,2.8,0.12,-1.41,-0.06,3069.66,0.31
3642,多头进场,2026-04-26 19:00,VltClsLE,2334.7,1,2334.7,-0.78,-0.03,2.8,0.12,-1.41,-0.06,3069.66,0.31
3643,空头出场,2026-04-26 20:15,VltClsLE,2333.42,1,2333.92,0.5,0.02,4,0.17,0,0.00,3070.16,0.31
3643,空头进场,2026-04-26 20:00,VltClsSE,2333.92,1,2333.92,0.5,0.02,4,0.17,0,0.00,3070.16,0.31
3644,多头出场,2026-04-26 20:45,VltClsSE,2327.68,1,2333.42,-5.74,-0.25,2.04,0.09,-5.74,-0.25,3064.42,0.31
3644,多头进场,2026-04-26 20:15,VltClsLE,2333.42,1,2333.42,-5.74,-0.25,2.04,0.09,-5.74,-0.25,3064.42,0.31
3645,空头出场,2026-04-26 21:00,VltClsLE,2332.44,1,2327.68,-4.76,-0.20,3.49,0.15,-4.76,-0.20,3059.66,0.31
3645,空头进场,2026-04-26 20:45,VltClsSE,2327.68,1,2327.68,-4.76,-0.20,3.49,0.15,-4.76,-0.20,3059.66,0.31
3646,多头出场,2026-04-26 22:30,VltClsSE,2345.46,1,2332.44,13.02,0.56,20,0.86,-3.28,-0.14,3072.68,0.31
3646,多头进场,2026-04-26 21:00,VltClsLE,2332.44,1,2332.44,13.02,0.56,20,0.86,-3.28,-0.14,3072.68,0.31
3647,空头出场,2026-04-27 01:45,VltClsLE,2349.72,1,2345.46,-4.26,-0.18,4.9,0.21,-4.66,-0.20,3068.42,0.31
3647,空头进场,2026-04-26 22:30,VltClsSE,2345.46,1,2345.46,-4.26,-0.18,4.9,0.21,-4.66,-0.20,3068.42,0.31
3648,多头出场,2026-04-27 04:45,VltClsSE,2362.97,1,2349.72,13.25,0.56,26.63,1.13,-2.3,-0.10,3081.67,0.31
3648,多头进场,2026-04-27 01:45,VltClsLE,2349.72,1,2349.72,13.25,0.56,26.63,1.13,-2.3,-0.10,3081.67,0.31
3649,空头出场,2026-04-27 05:00,VltClsLE,2366.15,1,2362.97,-3.18,-0.13,0.62,0.03,-3.18,-0.13,3078.49,0.31
3649,空头进场,2026-04-27 04:45,VltClsSE,2362.97,1,2362.97,-3.18,-0.13,0.62,0.03,-3.18,-0.13,3078.49,0.31
3650,多头出场,2026-04-27 05:30,VltClsSE,2361.7,1,2366.15,-4.45,-0.19,2.97,0.13,-4.45,-0.19,3074.04,0.31
3650,多头进场,2026-04-27 05:00,VltClsLE,2366.15,1,2366.15,-4.45,-0.19,2.97,0.13,-4.45,-0.19,3074.04,0.31
3651,空头出场,2026-04-27 05:45,VltClsLE,2362.7,1,2361.7,-1,-0.04,13.23,0.56,-1,-0.04,3073.04,0.31
3651,空头进场,2026-04-27 05:30,VltClsSE,2361.7,1,2361.7,-1,-0.04,13.23,0.56,-1,-0.04,3073.04,0.31
3652,多头出场,2026-04-27 06:30,VltClsSE,2358.91,1,2362.7,-3.79,-0.16,17.3,0.73,-3.79,-0.16,3069.25,0.31
3652,多头进场,2026-04-27 05:45,VltClsLE,2362.7,1,2362.7,-3.79,-0.16,17.3,0.73,-3.79,-0.16,3069.25,0.31
3653,空头出场,2026-04-27 07:15,VltClsLE,2368.37,1,2358.91,-9.46,-0.40,5.38,0.23,-9.46,-0.40,3059.79,0.31
3653,空头进场,2026-04-27 06:30,VltClsSE,2358.91,1,2358.91,-9.46,-0.40,5.38,0.23,-9.46,-0.40,3059.79,0.31
3654,多头出场,2026-04-27 11:45,VltClsSE,2395.62,1,2368.37,27.25,1.15,36,1.52,-9.5,-0.40,3087.04,0.31
3654,多头进场,2026-04-27 07:15,VltClsLE,2368.37,1,2368.37,27.25,1.15,36,1.52,-9.5,-0.40,3087.04,0.31
3655,空头出场,2026-04-27 16:45,VltClsLE,2316.64,1,2395.62,78.98,3.30,86.49,3.61,-0.43,-0.02,3166.02,0.32
3655,空头进场,2026-04-27 11:45,VltClsSE,2395.62,1,2395.62,78.98,3.30,86.49,3.61,-0.43,-0.02,3166.02,0.32
3656,多头出场,2026-04-27 17:15,VltClsSE,2317.4,1,2316.64,0.76,0.03,5.35,0.23,0,0.00,3166.78,0.32
3656,多头进场,2026-04-27 16:45,VltClsLE,2316.64,1,2316.64,0.76,0.03,5.35,0.23,0,0.00,3166.78,0.32
3657,空头出场,2026-04-27 17:30,VltClsLE,2323.42,1,2317.4,-6.02,-0.26,1.81,0.08,-6.02,-0.26,3160.76,0.32
3657,空头进场,2026-04-27 17:15,VltClsSE,2317.4,1,2317.4,-6.02,-0.26,1.81,0.08,-6.02,-0.26,3160.76,0.32
3658,多头出场,2026-04-27 19:00,VltClsSE,2317.68,1,2323.42,-5.74,-0.25,2.1,0.09,-5.74,-0.25,3155.02,0.32
3658,多头进场,2026-04-27 17:30,VltClsLE,2323.42,1,2323.42,-5.74,-0.25,2.1,0.09,-5.74,-0.25,3155.02,0.32
3659,空头出场,2026-04-27 19:15,VltClsLE,2321.12,1,2317.68,-3.44,-0.15,0.84,0.04,-3.44,-0.15,3151.58,0.32
3659,空头进场,2026-04-27 19:00,VltClsSE,2317.68,1,2317.68,-3.44,-0.15,0.84,0.04,-3.44,-0.15,3151.58,0.32
3660,多头出场,2026-04-27 19:30,VltClsSE,2318.79,1,2321.12,-2.33,-0.10,1.72,0.07,-2.33,-0.10,3149.25,0.31
3660,多头进场,2026-04-27 19:15,VltClsLE,2321.12,1,2321.12,-2.33,-0.10,1.72,0.07,-2.33,-0.10,3149.25,0.31
3661,空头出场,2026-04-27 21:30,VltClsLE,2318.25,1,2318.79,0.54,0.02,7.36,0.32,-2.17,-0.09,3149.79,0.31
3661,空头进场,2026-04-27 19:30,VltClsSE,2318.79,1,2318.79,0.54,0.02,7.36,0.32,-2.17,-0.09,3149.79,0.31
3662,多头出场,2026-04-27 21:45,VltClsSE,2312.14,1,2318.25,-6.11,-0.26,2.51,0.11,-6.11,-0.26,3143.68,0.31
3662,多头进场,2026-04-27 21:30,VltClsLE,2318.25,1,2318.25,-6.11,-0.26,2.51,0.11,-6.11,-0.26,3143.68,0.31
3663,空头出场,2026-04-27 22:30,VltClsLE,2319.27,1,2312.14,-7.13,-0.31,8.64,0.37,-7.13,-0.31,3136.55,0.31
3663,空头进场,2026-04-27 21:45,VltClsSE,2312.14,1,2312.14,-7.13,-0.31,8.64,0.37,-7.13,-0.31,3136.55,0.31
3664,多头出场,2026-04-27 22:45,VltClsSE,2318.62,1,2319.27,-0.65,-0.03,10.55,0.45,-0.65,-0.03,3135.9,0.31
3664,多头进场,2026-04-27 22:30,VltClsLE,2319.27,1,2319.27,-0.65,-0.03,10.55,0.45,-0.65,-0.03,3135.9,0.31
3665,空头出场,2026-04-28 01:00,VltClsLE,2283.11,1,2318.62,35.51,1.53,52.53,2.27,0,0.00,3171.41,0.32
3665,空头进场,2026-04-27 22:45,VltClsSE,2318.62,1,2318.62,35.51,1.53,52.53,2.27,0,0.00,3171.41,0.32
3666,多头出场,2026-04-28 03:15,VltClsSE,2286.62,1,2283.11,3.51,0.15,9.8,0.43,-3.5,-0.15,3174.92,0.32
3666,多头进场,2026-04-28 01:00,VltClsLE,2283.11,1,2283.11,3.51,0.15,9.8,0.43,-3.5,-0.15,3174.92,0.32
3667,空头出场,2026-04-28 03:30,VltClsLE,2285.18,1,2286.62,1.44,0.06,11.64,0.51,0,0.00,3176.36,0.32
3667,空头进场,2026-04-28 03:15,VltClsSE,2286.62,1,2286.62,1.44,0.06,11.64,0.51,0,0.00,3176.36,0.32
3668,多头出场,2026-04-28 05:00,VltClsSE,2289.14,1,2285.18,3.96,0.17,11.18,0.49,0,0.00,3180.32,0.32
3668,多头进场,2026-04-28 03:30,VltClsLE,2285.18,1,2285.18,3.96,0.17,11.18,0.49,0,0.00,3180.32,0.32
3669,空头出场,2026-04-28 05:30,VltClsLE,2291.89,1,2289.14,-2.75,-0.12,2.14,0.09,-2.75,-0.12,3177.57,0.32
3669,空头进场,2026-04-28 05:00,VltClsSE,2289.14,1,2289.14,-2.75,-0.12,2.14,0.09,-2.75,-0.12,3177.57,0.32
3670,多头出场,2026-04-28 05:45,VltClsSE,2288.74,1,2291.89,-3.15,-0.14,0.51,0.02,-3.15,-0.14,3174.42,0.32
3670,多头进场,2026-04-28 05:30,VltClsLE,2291.89,1,2291.89,-3.15,-0.14,0.51,0.02,-3.15,-0.14,3174.42,0.32
3671,空头出场,2026-04-28 06:00,VltClsLE,2289.7,1,2288.74,-0.96,-0.04,4.08,0.18,-0.96,-0.04,3173.46,0.32
3671,空头进场,2026-04-28 05:45,VltClsSE,2288.74,1,2288.74,-0.96,-0.04,4.08,0.18,-0.96,-0.04,3173.46,0.32
3672,多头出场,2026-04-28 07:00,VltClsSE,2291.67,1,2289.7,1.97,0.09,6,0.26,-0.82,-0.04,3175.43,0.32
3672,多头进场,2026-04-28 06:00,VltClsLE,2289.7,1,2289.7,1.97,0.09,6,0.26,-0.82,-0.04,3175.43,0.32
3673,空头出场,2026-04-28 07:15,VltClsLE,2294.21,1,2291.67,-2.54,-0.11,0.51,0.02,-2.54,-0.11,3172.89,0.32
3673,空头进场,2026-04-28 07:00,VltClsSE,2291.67,1,2291.67,-2.54,-0.11,0.51,0.02,-2.54,-0.11,3172.89,0.32
3674,多头出场,2026-04-28 09:30,VltClsSE,2301.12,1,2294.21,6.91,0.30,16.67,0.73,-0.63,-0.03,3179.8,0.32
3674,多头进场,2026-04-28 07:15,VltClsLE,2294.21,1,2294.21,6.91,0.30,16.67,0.73,-0.63,-0.03,3179.8,0.32
3675,空头出场,2026-04-28 10:45,VltClsLE,2287.23,1,2301.12,13.89,0.60,20.13,0.87,-0.61,-0.03,3193.69,0.32
3675,空头进场,2026-04-28 09:30,VltClsSE,2301.12,1,2301.12,13.89,0.60,20.13,0.87,-0.61,-0.03,3193.69,0.32
3676,多头出场,2026-04-28 11:00,VltClsSE,2283.57,1,2287.23,-3.66,-0.16,2.3,0.10,-3.66,-0.16,3190.03,0.32
3676,多头进场,2026-04-28 10:45,VltClsLE,2287.23,1,2287.23,-3.66,-0.16,2.3,0.10,-3.66,-0.16,3190.03,0.32
3677,空头出场,2026-04-28 12:30,VltClsLE,2290.63,1,2283.57,-7.06,-0.31,1.18,0.05,-11.03,-0.48,3182.97,0.32
3677,空头进场,2026-04-28 11:00,VltClsSE,2283.57,1,2283.57,-7.06,-0.31,1.18,0.05,-11.03,-0.48,3182.97,0.32
3678,多头出场,2026-04-28 13:30,VltClsSE,2288.89,1,2290.63,-1.74,-0.08,6.28,0.27,-3.06,-0.13,3181.23,0.32
3678,多头进场,2026-04-28 12:30,VltClsLE,2290.63,1,2290.63,-1.74,-0.08,6.28,0.27,-3.06,-0.13,3181.23,0.32
3679,空头出场,2026-04-28 14:45,VltClsLE,2277.52,1,2288.89,11.37,0.50,18.36,0.80,-2.11,-0.09,3192.6,0.32
3679,空头进场,2026-04-28 13:30,VltClsSE,2288.89,1,2288.89,11.37,0.50,18.36,0.80,-2.11,-0.09,3192.6,0.32
3680,多头出场,2026-04-28 16:30,VltClsSE,2286.1,1,2277.52,8.58,0.38,14.12,0.62,-6.87,-0.30,3201.18,0.32
3680,多头进场,2026-04-28 14:45,VltClsLE,2277.52,1,2277.52,8.58,0.38,14.12,0.62,-6.87,-0.30,3201.18,0.32
3681,空头出场,2026-04-28 18:00,VltClsLE,2285.51,1,2286.1,0.59,0.03,9.43,0.41,-2.41,-0.11,3201.77,0.32
3681,空头进场,2026-04-28 16:30,VltClsSE,2286.1,1,2286.1,0.59,0.03,9.43,0.41,-2.41,-0.11,3201.77,0.32
3682,多头出场,2026-04-28 19:00,VltClsSE,2281.27,1,2285.51,-4.24,-0.19,2.12,0.09,-4.67,-0.20,3197.53,0.32
3682,多头进场,2026-04-28 18:00,VltClsLE,2285.51,1,2285.51,-4.24,-0.19,2.12,0.09,-4.67,-0.20,3197.53,0.32
3683,空头出场,2026-04-28 20:30,VltClsLE,2278.14,1,2281.27,3.13,0.14,10.91,0.48,-0.02,0.00,3200.66,0.32
3683,空头进场,2026-04-28 19:00,VltClsSE,2281.27,1,2281.27,3.13,0.14,10.91,0.48,-0.02,0.00,3200.66,0.32
3684,多头出场,2026-04-28 21:00,VltClsSE,2273.85,1,2278.14,-4.29,-0.19,1.56,0.07,-4.29,-0.19,3196.37,0.32
3684,多头进场,2026-04-28 20:30,VltClsLE,2278.14,1,2278.14,-4.29,-0.19,1.56,0.07,-4.29,-0.19,3196.37,0.32
3685,空头出场,2026-04-28 21:15,VltClsLE,2274.11,1,2273.85,-0.26,-0.01,15.61,0.69,-0.26,-0.01,3196.11,0.32
3685,空头进场,2026-04-28 21:00,VltClsSE,2273.85,1,2273.85,-0.26,-0.01,15.61,0.69,-0.26,-0.01,3196.11,0.32
3686,多头出场,2026-04-29 03:00,VltClsSE,2292.11,1,2274.11,18,0.79,24.2,1.06,-13.11,-0.58,3214.11,0.32
3686,多头进场,2026-04-28 21:15,VltClsLE,2274.11,1,2274.11,18,0.79,24.2,1.06,-13.11,-0.58,3214.11,0.32
3687,空头出场,2026-04-29 03:30,VltClsLE,2296.51,1,2292.11,-4.4,-0.19,1.85,0.08,-4.4,-0.19,3209.71,0.32
3687,空头进场,2026-04-29 03:00,VltClsSE,2292.11,1,2292.11,-4.4,-0.19,1.85,0.08,-4.4,-0.19,3209.71,0.32
3688,多头出场,2026-04-29 05:00,VltClsSE,2291.96,1,2296.51,-4.55,-0.20,9.44,0.41,-4.55,-0.20,3205.16,0.32
3688,多头进场,2026-04-29 03:30,VltClsLE,2296.51,1,2296.51,-4.55,-0.20,9.44,0.41,-4.55,-0.20,3205.16,0.32
3689,空头出场,2026-04-29 05:45,VltClsLE,2290.61,1,2291.96,1.35,0.06,6.21,0.27,-0.23,-0.01,3206.51,0.32
3689,空头进场,2026-04-29 05:00,VltClsSE,2291.96,1,2291.96,1.35,0.06,6.21,0.27,-0.23,-0.01,3206.51,0.32
3690,多头出场,2026-04-29 07:15,VltClsSE,2285.72,1,2290.61,-4.89,-0.21,3.89,0.17,-6.46,-0.28,3201.62,0.32
3690,多头进场,2026-04-29 05:45,VltClsLE,2290.61,1,2290.61,-4.89,-0.21,3.89,0.17,-6.46,-0.28,3201.62,0.32
3691,空头出场,2026-04-29 07:45,VltClsLE,2289.4,1,2285.72,-3.68,-0.16,0.67,0.03,-3.68,-0.16,3197.94,0.32
3691,空头进场,2026-04-29 07:15,VltClsSE,2285.72,1,2285.72,-3.68,-0.16,0.67,0.03,-3.68,-0.16,3197.94,0.32
3692,多头出场,2026-04-29 09:00,VltClsSE,2289.4,1,2289.4,0,0.00,4.84,0.21,-4.02,-0.18,3197.94,0.32
3692,多头进场,2026-04-29 07:45,VltClsLE,2289.4,1,2289.4,0,0.00,4.84,0.21,-4.02,-0.18,3197.94,0.32
3693,空头出场,2026-04-29 09:30,VltClsLE,2286.29,1,2289.4,3.11,0.14,10.56,0.46,0,0.00,3201.05,0.32
3693,空头进场,2026-04-29 09:00,VltClsSE,2289.4,1,2289.4,3.11,0.14,10.56,0.46,0,0.00,3201.05,0.32
3694,多头出场,2026-04-29 14:30,VltClsSE,2325.11,1,2286.29,38.82,1.70,56.21,2.46,-1.61,-0.07,3239.87,0.32
3694,多头进场,2026-04-29 09:30,VltClsLE,2286.29,1,2286.29,38.82,1.70,56.21,2.46,-1.61,-0.07,3239.87,0.32
3695,空头出场,2026-04-29 15:30,VltClsLE,2326.98,1,2325.11,-1.87,-0.08,4.87,0.21,-2.5,-0.11,3238,0.32
3695,空头进场,2026-04-29 14:30,VltClsSE,2325.11,1,2325.11,-1.87,-0.08,4.87,0.21,-2.5,-0.11,3238,0.32
3696,多头出场,2026-04-29 15:45,VltClsSE,2323.02,1,2326.98,-3.96,-0.17,3.33,0.14,-3.96,-0.17,3234.04,0.32
3696,多头进场,2026-04-29 15:30,VltClsLE,2326.98,1,2326.98,-3.96,-0.17,3.33,0.14,-3.96,-0.17,3234.04,0.32
3697,空头出场,2026-04-29 16:15,VltClsLE,2328.01,1,2323.02,-4.99,-0.21,1.91,0.08,-4.99,-0.21,3229.05,0.32
3697,空头进场,2026-04-29 15:45,VltClsSE,2323.02,1,2323.02,-4.99,-0.21,1.91,0.08,-4.99,-0.21,3229.05,0.32
3698,多头出场,2026-04-29 16:30,VltClsSE,2322.07,1,2328.01,-5.94,-0.26,1.02,0.04,-5.94,-0.26,3223.11,0.32
3698,多头进场,2026-04-29 16:15,VltClsLE,2328.01,1,2328.01,-5.94,-0.26,1.02,0.04,-5.94,-0.26,3223.11,0.32
3699,空头出场,2026-04-29 17:15,VltClsLE,2330.56,1,2322.07,-8.49,-0.37,0.49,0.02,-8.49,-0.37,3214.62,0.32
3699,空头进场,2026-04-29 16:30,VltClsSE,2322.07,1,2322.07,-8.49,-0.37,0.49,0.02,-8.49,-0.37,3214.62,0.32
3700,多头出场,2026-04-29 18:30,VltClsSE,2340.3,1,2330.56,9.74,0.42,16.39,0.70,-3.08,-0.13,3224.36,0.32
3700,多头进场,2026-04-29 17:15,VltClsLE,2330.56,1,2330.56,9.74,0.42,16.39,0.70,-3.08,-0.13,3224.36,0.32
3701,空头出场,2026-04-29 19:30,VltClsLE,2335.88,1,2340.3,4.42,0.19,11.51,0.49,0,0.00,3228.78,0.32
3701,空头进场,2026-04-29 18:30,VltClsSE,2340.3,1,2340.3,4.42,0.19,11.51,0.49,0,0.00,3228.78,0.32
3702,多头出场,2026-04-29 20:00,VltClsSE,2327.69,1,2335.88,-8.19,-0.35,0.12,0.01,-8.19,-0.35,3220.59,0.32
3702,多头进场,2026-04-29 19:30,VltClsLE,2335.88,1,2335.88,-8.19,-0.35,0.12,0.01,-8.19,-0.35,3220.59,0.32
3703,空头出场,2026-04-29 21:45,VltClsLE,2300.82,1,2327.69,26.87,1.15,37.75,1.62,0,0.00,3247.46,0.32
3703,空头进场,2026-04-29 20:00,VltClsSE,2327.69,1,2327.69,26.87,1.15,37.75,1.62,0,0.00,3247.46,0.32
3704,多头出场,2026-04-29 22:00,VltClsSE,2295.52,1,2300.82,-5.3,-0.23,4.33,0.19,-5.3,-0.23,3242.16,0.32
3704,多头进场,2026-04-29 21:45,VltClsLE,2300.82,1,2300.82,-5.3,-0.23,4.33,0.19,-5.3,-0.23,3242.16,0.32
3705,空头出场,2026-04-29 22:15,VltClsLE,2305.35,1,2295.52,-9.83,-0.43,1.66,0.07,-9.83,-0.43,3232.33,0.32
3705,空头进场,2026-04-29 22:00,VltClsSE,2295.52,1,2295.52,-9.83,-0.43,1.66,0.07,-9.83,-0.43,3232.33,0.32
3706,多头出场,2026-04-29 23:00,VltClsSE,2291.72,1,2305.35,-13.63,-0.59,2.94,0.13,-13.63,-0.59,3218.7,0.32
3706,多头进场,2026-04-29 22:15,VltClsLE,2305.35,1,2305.35,-13.63,-0.59,2.94,0.13,-13.63,-0.59,3218.7,0.32
3707,空头出场,2026-04-30 01:15,VltClsLE,2274.58,1,2291.72,17.14,0.75,28.62,1.25,-1.95,-0.09,3235.84,0.32
3707,空头进场,2026-04-29 23:00,VltClsSE,2291.72,1,2291.72,17.14,0.75,28.62,1.25,-1.95,-0.09,3235.84,0.32
3708,多头出场,2026-04-30 02:00,VltClsSE,2277.76,1,2274.58,3.18,0.14,11.34,0.50,-4.58,-0.20,3239.02,0.32
3708,多头进场,2026-04-30 01:15,VltClsLE,2274.58,1,2274.58,3.18,0.14,11.34,0.50,-4.58,-0.20,3239.02,0.32
3709,空头出场,2026-04-30 02:45,VltClsLE,2240.66,1,2277.76,37.1,1.63,57.4,2.52,0,0.00,3276.12,0.33
3709,空头进场,2026-04-30 02:00,VltClsSE,2277.76,1,2277.76,37.1,1.63,57.4,2.52,0,0.00,3276.12,0.33
3710,多头出场,2026-04-30 07:15,VltClsSE,2255.49,1,2240.66,14.83,0.66,24.14,1.08,-15.66,-0.70,3290.95,0.33
3710,多头进场,2026-04-30 02:45,VltClsLE,2240.66,1,2240.66,14.83,0.66,24.14,1.08,-15.66,-0.70,3290.95,0.33
3711,空头出场,2026-04-30 08:30,VltClsLE,2258.92,1,2255.49,-3.43,-0.15,6.02,0.27,-3.43,-0.15,3287.52,0.33
3711,空头进场,2026-04-30 07:15,VltClsSE,2255.49,1,2255.49,-3.43,-0.15,6.02,0.27,-3.43,-0.15,3287.52,0.33
3712,多头出场,2026-04-30 10:15,VltClsSE,2264.44,1,2258.92,5.52,0.24,20.08,0.89,0,0.00,3293.04,0.33
3712,多头进场,2026-04-30 08:30,VltClsLE,2258.92,1,2258.92,5.52,0.24,20.08,0.89,0,0.00,3293.04,0.33
3713,空头出场,2026-04-30 13:00,VltClsLE,2244.1,1,2264.44,20.34,0.90,28.08,1.24,0,0.00,3313.38,0.33
3713,空头进场,2026-04-30 10:15,VltClsSE,2264.44,1,2264.44,20.34,0.90,28.08,1.24,0,0.00,3313.38,0.33
3714,多头出场,2026-04-30 13:15,VltClsSE,2238.4,1,2244.1,-5.7,-0.25,0.67,0.03,-5.7,-0.25,3307.68,0.33
3714,多头进场,2026-04-30 13:00,VltClsLE,2244.1,1,2244.1,-5.7,-0.25,0.67,0.03,-5.7,-0.25,3307.68,0.33
3715,空头出场,2026-04-30 13:30,VltClsLE,2242.72,1,2238.4,-4.32,-0.19,6.76,0.30,-4.32,-0.19,3303.36,0.33
3715,空头进场,2026-04-30 13:15,VltClsSE,2238.4,1,2238.4,-4.32,-0.19,6.76,0.30,-4.32,-0.19,3303.36,0.33
3716,多头出场,2026-04-30 15:00,VltClsSE,2244.25,1,2242.72,1.53,0.07,9.77,0.44,-1.74,-0.08,3304.89,0.33
3716,多头进场,2026-04-30 13:30,VltClsLE,2242.72,1,2242.72,1.53,0.07,9.77,0.44,-1.74,-0.08,3304.89,0.33
3717,空头出场,2026-04-30 15:30,VltClsLE,2257.32,1,2244.25,-13.07,-0.58,0.54,0.02,-13.07,-0.58,3291.82,0.33
3717,空头进场,2026-04-30 15:00,VltClsSE,2244.25,1,2244.25,-13.07,-0.58,0.54,0.02,-13.07,-0.58,3291.82,0.33
3718,多头出场,2026-04-30 16:15,VltClsSE,2255.31,1,2257.32,-2.01,-0.09,4.91,0.22,-2.01,-0.09,3289.81,0.33
3718,多头进场,2026-04-30 15:30,VltClsLE,2257.32,1,2257.32,-2.01,-0.09,4.91,0.22,-2.01,-0.09,3289.81,0.33
3719,空头出场,2026-04-30 17:15,VltClsLE,2262.74,1,2255.31,-7.43,-0.33,0.04,0.00,-7.9,-0.35,3282.38,0.33
3719,空头进场,2026-04-30 16:15,VltClsSE,2255.31,1,2255.31,-7.43,-0.33,0.04,0.00,-7.9,-0.35,3282.38,0.33
3720,多头出场,2026-04-30 18:15,VltClsSE,2256.95,1,2262.74,-5.79,-0.26,8.37,0.37,-5.79,-0.26,3276.59,0.33
3720,多头进场,2026-04-30 17:15,VltClsLE,2262.74,1,2262.74,-5.79,-0.26,8.37,0.37,-5.79,-0.26,3276.59,0.33
3721,空头出场,2026-04-30 18:30,VltClsLE,2261.88,1,2256.95,-4.93,-0.22,0.17,0.01,-4.93,-0.22,3271.66,0.33
3721,空头进场,2026-04-30 18:15,VltClsSE,2256.95,1,2256.95,-4.93,-0.22,0.17,0.01,-4.93,-0.22,3271.66,0.33
3722,多头出场,2026-04-30 19:30,VltClsSE,2262.28,1,2261.88,0.4,0.02,11.82,0.52,-2.76,-0.12,3272.06,0.33
3722,多头进场,2026-04-30 18:30,VltClsLE,2261.88,1,2261.88,0.4,0.02,11.82,0.52,-2.76,-0.12,3272.06,0.33
3723,空头出场,2026-04-30 20:15,VltClsLE,2266.36,1,2262.28,-4.08,-0.18,10.21,0.45,-4.08,-0.18,3267.98,0.33
3723,空头进场,2026-04-30 19:30,VltClsSE,2262.28,1,2262.28,-4.08,-0.18,10.21,0.45,-4.08,-0.18,3267.98,0.33
3724,多头出场,2026-04-30 21:15,VltClsSE,2259.21,1,2266.36,-7.15,-0.32,4.71,0.21,-7.15,-0.32,3260.83,0.33
3724,多头进场,2026-04-30 20:15,VltClsLE,2266.36,1,2266.36,-7.15,-0.32,4.71,0.21,-7.15,-0.32,3260.83,0.33
3725,空头出场,2026-04-30 21:30,VltClsLE,2264.1,1,2259.21,-4.89,-0.22,4.47,0.20,-4.89,-0.22,3255.94,0.33
3725,空头进场,2026-04-30 21:15,VltClsSE,2259.21,1,2259.21,-4.89,-0.22,4.47,0.20,-4.89,-0.22,3255.94,0.33
3726,多头出场,2026-04-30 21:45,VltClsSE,2265.7,1,2264.1,1.6,0.07,8.46,0.37,0,0.00,3257.54,0.33
3726,多头进场,2026-04-30 21:30,VltClsLE,2264.1,1,2264.1,1.6,0.07,8.46,0.37,0,0.00,3257.54,0.33
3727,空头出场,2026-04-30 22:00,VltClsLE,2270.76,1,2265.7,-5.06,-0.22,7.37,0.33,-5.06,-0.22,3252.48,0.33
3727,空头进场,2026-04-30 21:45,VltClsSE,2265.7,1,2265.7,-5.06,-0.22,7.37,0.33,-5.06,-0.22,3252.48,0.33
3728,多头出场,2026-04-30 22:15,VltClsSE,2253.74,1,2270.76,-17.02,-0.75,0.31,0.01,-17.02,-0.75,3235.46,0.32
3728,多头进场,2026-04-30 22:00,VltClsLE,2270.76,1,2270.76,-17.02,-0.75,0.31,0.01,-17.02,-0.75,3235.46,0.32
3729,空头出场,2026-05-01 01:30,VltClsLE,2259.46,1,2253.74,-5.72,-0.25,7.92,0.35,-21.39,-0.95,3229.74,0.32
3729,空头进场,2026-04-30 22:15,VltClsSE,2253.74,1,2253.74,-5.72,-0.25,7.92,0.35,-21.39,-0.95,3229.74,0.32
3730,多头出场,2026-05-01 03:45,VltClsSE,2261.37,1,2259.46,1.91,0.08,7.63,0.34,-4.91,-0.22,3231.65,0.32
3730,多头进场,2026-05-01 01:30,VltClsLE,2259.46,1,2259.46,1.91,0.08,7.63,0.34,-4.91,-0.22,3231.65,0.32
3731,空头出场,2026-05-01 05:30,VltClsLE,2260.68,1,2261.37,0.69,0.03,4.1,0.18,-5.95,-0.26,3232.34,0.32
3731,空头进场,2026-05-01 03:45,VltClsSE,2261.37,1,2261.37,0.69,0.03,4.1,0.18,-5.95,-0.26,3232.34,0.32
3732,多头出场,2026-05-01 05:45,VltClsSE,2257.38,1,2260.68,-3.3,-0.15,0.16,0.01,-3.3,-0.15,3229.04,0.32
3732,多头进场,2026-05-01 05:30,VltClsLE,2260.68,1,2260.68,-3.3,-0.15,0.16,0.01,-3.3,-0.15,3229.04,0.32
3733,空头出场,2026-05-01 08:00,VltClsLE,2259.66,1,2257.38,-2.28,-0.10,4.96,0.22,-3.96,-0.18,3226.76,0.32
3733,空头进场,2026-05-01 05:45,VltClsSE,2257.38,1,2257.38,-2.28,-0.10,4.96,0.22,-3.96,-0.18,3226.76,0.32
3734,多头出场,2026-05-01 08:45,VltClsSE,2260.77,1,2259.66,1.11,0.05,6.34,0.28,0,0.00,3227.87,0.32
3734,多头进场,2026-05-01 08:00,VltClsLE,2259.66,1,2259.66,1.11,0.05,6.34,0.28,0,0.00,3227.87,0.32
3735,空头出场,2026-05-01 09:00,VltClsLE,2263.62,1,2260.77,-2.85,-0.13,2.03,0.09,-2.85,-0.13,3225.02,0.32
3735,空头进场,2026-05-01 08:45,VltClsSE,2260.77,1,2260.77,-2.85,-0.13,2.03,0.09,-2.85,-0.13,3225.02,0.32
3736,多头出场,2026-05-01 14:30,VltClsSE,2282.18,1,2263.62,18.56,0.82,31.38,1.39,-1.69,-0.07,3243.58,0.32
3736,多头进场,2026-05-01 09:00,VltClsLE,2263.62,1,2263.62,18.56,0.82,31.38,1.39,-1.69,-0.07,3243.58,0.32
3737,空头出场,2026-05-01 15:45,VltClsLE,2280.13,1,2282.18,2.05,0.09,10.09,0.44,0,0.00,3245.63,0.32
3737,空头进场,2026-05-01 14:30,VltClsSE,2282.18,1,2282.18,2.05,0.09,10.09,0.44,0,0.00,3245.63,0.32
3738,多头出场,2026-05-01 17:00,VltClsSE,2283.37,1,2280.13,3.24,0.14,8.37,0.37,-2.69,-0.12,3248.87,0.32
3738,多头进场,2026-05-01 15:45,VltClsLE,2280.13,1,2280.13,3.24,0.14,8.37,0.37,-2.69,-0.12,3248.87,0.32
3739,空头出场,2026-05-01 18:15,VltClsLE,2281.35,1,2283.37,2.02,0.09,6.31,0.28,-2.24,-0.10,3250.89,0.33
3739,空头进场,2026-05-01 17:00,VltClsSE,2283.37,1,2283.37,2.02,0.09,6.31,0.28,-2.24,-0.10,3250.89,0.33
3740,多头出场,2026-05-01 18:30,VltClsSE,2280.3,1,2281.35,-1.05,-0.05,4.53,0.20,-1.05,-0.05,3249.84,0.32
3740,多头进场,2026-05-01 18:15,VltClsLE,2281.35,1,2281.35,-1.05,-0.05,4.53,0.20,-1.05,-0.05,3249.84,0.32
3741,空头出场,2026-05-01 19:15,VltClsLE,2287.06,1,2280.3,-6.76,-0.30,0.38,0.02,-6.76,-0.30,3243.08,0.32
3741,空头进场,2026-05-01 18:30,VltClsSE,2280.3,1,2280.3,-6.76,-0.30,0.38,0.02,-6.76,-0.30,3243.08,0.32
3742,多头出场,2026-05-01 19:45,VltClsSE,2283.86,1,2287.06,-3.2,-0.14,5.94,0.26,-3.2,-0.14,3239.88,0.32
3742,多头进场,2026-05-01 19:15,VltClsLE,2287.06,1,2287.06,-3.2,-0.14,5.94,0.26,-3.2,-0.14,3239.88,0.32
3743,空头出场,2026-05-01 20:00,VltClsLE,2289.66,1,2283.86,-5.8,-0.25,0.49,0.02,-5.8,-0.25,3234.08,0.32
3743,空头进场,2026-05-01 19:45,VltClsSE,2283.86,1,2283.86,-5.8,-0.25,0.49,0.02,-5.8,-0.25,3234.08,0.32
3744,多头出场,2026-05-01 22:15,VltClsSE,2310.3,1,2289.66,20.64,0.90,35.62,1.56,-0.74,-0.03,3254.72,0.33
3744,多头进场,2026-05-01 20:00,VltClsLE,2289.66,1,2289.66,20.64,0.90,35.62,1.56,-0.74,-0.03,3254.72,0.33
3745,空头出场,2026-05-01 23:30,VltClsLE,2315.45,1,2310.3,-5.15,-0.22,8.88,0.38,-5.15,-0.22,3249.57,0.32
3745,空头进场,2026-05-01 22:15,VltClsSE,2310.3,1,2310.3,-5.15,-0.22,8.88,0.38,-5.15,-0.22,3249.57,0.32
3746,多头出场,2026-05-01 23:45,VltClsSE,2308.54,1,2315.45,-6.91,-0.30,1.29,0.06,-6.91,-0.30,3242.66,0.32
3746,多头进场,2026-05-01 23:30,VltClsLE,2315.45,1,2315.45,-6.91,-0.30,1.29,0.06,-6.91,-0.30,3242.66,0.32
3747,空头出场,2026-05-02 01:30,VltClsLE,2309.15,1,2308.54,-0.61,-0.03,10.37,0.45,-5.67,-0.25,3242.05,0.32
3747,空头进场,2026-05-01 23:45,VltClsSE,2308.54,1,2308.54,-0.61,-0.03,10.37,0.45,-5.67,-0.25,3242.05,0.32
3748,多头出场,2026-05-02 02:30,VltClsSE,2305.79,1,2309.15,-3.36,-0.15,4.38,0.19,-3.36,-0.15,3238.69,0.32
3748,多头进场,2026-05-02 01:30,VltClsLE,2309.15,1,2309.15,-3.36,-0.15,4.38,0.19,-3.36,-0.15,3238.69,0.32
3749,空头出场,2026-05-02 07:30,VltClsLE,2292.1,1,2305.79,13.69,0.59,26.81,1.16,-2.05,-0.09,3252.38,0.33
3749,空头进场,2026-05-02 02:30,VltClsSE,2305.79,1,2305.79,13.69,0.59,26.81,1.16,-2.05,-0.09,3252.38,0.33
3750,多头出场,2026-05-02 13:00,VltClsSE,2299.26,1,2292.1,7.16,0.31,16.24,0.71,0,0.00,3259.54,0.33
3750,多头进场,2026-05-02 07:30,VltClsLE,2292.1,1,2292.1,7.16,0.31,16.24,0.71,0,0.00,3259.54,0.33
3751,空头出场,2026-05-02 14:00,VltClsLE,2301.28,1,2299.26,-2.02,-0.09,2.64,0.11,-2.02,-0.09,3257.52,0.33
3751,空头进场,2026-05-02 13:00,VltClsSE,2299.26,1,2299.26,-2.02,-0.09,2.64,0.11,-2.02,-0.09,3257.52,0.33
3752,多头出场,2026-05-02 14:15,VltClsSE,2297.65,1,2301.28,-3.63,-0.16,1.7,0.07,-3.63,-0.16,3253.89,0.33
3752,多头进场,2026-05-02 14:00,VltClsLE,2301.28,1,2301.28,-3.63,-0.16,1.7,0.07,-3.63,-0.16,3253.89,0.33
3753,空头出场,2026-05-02 14:30,VltClsLE,2299.39,1,2297.65,-1.74,-0.08,0.56,0.02,-1.74,-0.08,3252.15,0.33
3753,空头进场,2026-05-02 14:15,VltClsSE,2297.65,1,2297.65,-1.74,-0.08,0.56,0.02,-1.74,-0.08,3252.15,0.33
3754,多头出场,2026-05-02 15:30,VltClsSE,2303.15,1,2299.39,3.76,0.16,6.96,0.30,0,0.00,3255.91,0.33
3754,多头进场,2026-05-02 14:30,VltClsLE,2299.39,1,2299.39,3.76,0.16,6.96,0.30,0,0.00,3255.91,0.33
3755,空头出场,2026-05-02 16:15,VltClsLE,2303.11,1,2303.15,0.04,0.00,4.1,0.18,0,0.00,3255.95,0.33
3755,空头进场,2026-05-02 15:30,VltClsSE,2303.15,1,2303.15,0.04,0.00,4.1,0.18,0,0.00,3255.95,0.33
3756,多头出场,2026-05-02 17:30,VltClsSE,2304.4,1,2303.11,1.29,0.06,3.06,0.13,-0.28,-0.01,3257.24,0.33
3756,多头进场,2026-05-02 16:15,VltClsLE,2303.11,1,2303.11,1.29,0.06,3.06,0.13,-0.28,-0.01,3257.24,0.33
3757,空头出场,2026-05-02 19:15,VltClsLE,2303.02,1,2304.4,1.38,0.06,2.96,0.13,-3.38,-0.15,3258.62,0.33
3757,空头进场,2026-05-02 17:30,VltClsSE,2304.4,1,2304.4,1.38,0.06,2.96,0.13,-3.38,-0.15,3258.62,0.33
3758,多头出场,2026-05-02 19:30,VltClsSE,2302.99,1,2303.02,-0.03,0.00,1.97,0.09,-0.03,0.00,3258.59,0.33
3758,多头进场,2026-05-02 19:15,VltClsLE,2303.02,1,2303.02,-0.03,0.00,1.97,0.09,-0.03,0.00,3258.59,0.33
3759,空头出场,2026-05-02 20:15,VltClsLE,2304.24,1,2302.99,-1.25,-0.05,2.74,0.12,-1.25,-0.05,3257.34,0.33
3759,空头进场,2026-05-02 19:30,VltClsSE,2302.99,1,2302.99,-1.25,-0.05,2.74,0.12,-1.25,-0.05,3257.34,0.33
3760,多头出场,2026-05-02 21:15,VltClsSE,2307.92,1,2304.24,3.68,0.16,7.59,0.33,-1.21,-0.05,3261.02,0.33
3760,多头进场,2026-05-02 20:15,VltClsLE,2304.24,1,2304.24,3.68,0.16,7.59,0.33,-1.21,-0.05,3261.02,0.33
3761,空头出场,2026-05-02 22:45,VltClsLE,2307.82,1,2307.92,0.1,0.00,2.69,0.12,-1.3,-0.06,3261.12,0.33
3761,空头进场,2026-05-02 21:15,VltClsSE,2307.92,1,2307.92,0.1,0.00,2.69,0.12,-1.3,-0.06,3261.12,0.33
3762,多头出场,2026-05-02 23:15,VltClsSE,2305.66,1,2307.82,-2.16,-0.09,1.58,0.07,-2.16,-0.09,3258.96,0.33
3762,多头进场,2026-05-02 22:45,VltClsLE,2307.82,1,2307.82,-2.16,-0.09,1.58,0.07,-2.16,-0.09,3258.96,0.33
3763,空头出场,2026-05-02 23:45,VltClsLE,2309.5,1,2305.66,-3.84,-0.17,0.34,0.01,-3.84,-0.17,3255.12,0.33
3763,空头进场,2026-05-02 23:15,VltClsSE,2305.66,1,2305.66,-3.84,-0.17,0.34,0.01,-3.84,-0.17,3255.12,0.33
3764,多头出场,2026-05-03 00:15,VltClsSE,2309.03,1,2309.5,-0.47,-0.02,2.86,0.12,-1.36,-0.06,3254.65,0.33
3764,多头进场,2026-05-02 23:45,VltClsLE,2309.5,1,2309.5,-0.47,-0.02,2.86,0.12,-1.36,-0.06,3254.65,0.33
3765,空头出场,2026-05-03 00:45,VltClsLE,2310.75,1,2309.03,-1.72,-0.07,1.07,0.05,-4.95,-0.21,3252.93,0.33
3765,空头进场,2026-05-03 00:15,VltClsSE,2309.03,1,2309.03,-1.72,-0.07,1.07,0.05,-4.95,-0.21,3252.93,0.33
3766,多头出场,2026-05-03 02:00,VltClsSE,2304.41,1,2310.75,-6.34,-0.27,0.43,0.02,-6.34,-0.27,3246.59,0.32
3766,多头进场,2026-05-03 00:45,VltClsLE,2310.75,1,2310.75,-6.34,-0.27,0.43,0.02,-6.34,-0.27,3246.59,0.32
3767,空头出场,2026-05-03 02:15,VltClsLE,2307.86,1,2304.41,-3.45,-0.15,0.33,0.01,-3.45,-0.15,3243.14,0.32
3767,空头进场,2026-05-03 02:00,VltClsSE,2304.41,1,2304.41,-3.45,-0.15,0.33,0.01,-3.45,-0.15,3243.14,0.32
3768,多头出场,2026-05-03 06:15,VltClsSE,2318.58,1,2307.86,10.72,0.46,35.74,1.55,0,0.00,3253.86,0.33
3768,多头进场,2026-05-03 02:15,VltClsLE,2307.86,1,2307.86,10.72,0.46,35.74,1.55,0,0.00,3253.86,0.33
3769,空头出场,2026-05-03 10:45,VltClsLE,2304.01,1,2318.58,14.57,0.63,19.2,0.83,-9.78,-0.42,3268.43,0.33
3769,空头进场,2026-05-03 06:15,VltClsSE,2318.58,1,2318.58,14.57,0.63,19.2,0.83,-9.78,-0.42,3268.43,0.33
3770,多头出场,2026-05-03 12:00,VltClsSE,2299.55,1,2304.01,-4.46,-0.19,0.82,0.04,-4.46,-0.19,3263.97,0.33
3770,多头进场,2026-05-03 10:45,VltClsLE,2304.01,1,2304.01,-4.46,-0.19,0.82,0.04,-4.46,-0.19,3263.97,0.33
3771,空头出场,2026-05-03 12:15,VltClsLE,2303.07,1,2299.55,-3.52,-0.15,1.96,0.09,-3.52,-0.15,3260.45,0.33
3771,空头进场,2026-05-03 12:00,VltClsSE,2299.55,1,2299.55,-3.52,-0.15,1.96,0.09,-3.52,-0.15,3260.45,0.33
3772,多头出场,2026-05-03 14:00,VltClsSE,2302.22,1,2303.07,-0.85,-0.04,2.49,0.11,-2.22,-0.10,3259.6,0.33
3772,多头进场,2026-05-03 12:15,VltClsLE,2303.07,1,2303.07,-0.85,-0.04,2.49,0.11,-2.22,-0.10,3259.6,0.33
3773,空头出场,2026-05-03 14:45,VltClsLE,2303.24,1,2302.22,-1.02,-0.04,2.53,0.11,-1.02,-0.04,3258.58,0.33
3773,空头进场,2026-05-03 14:00,VltClsSE,2302.22,1,2302.22,-1.02,-0.04,2.53,0.11,-1.02,-0.04,3258.58,0.33
3774,多头出场,2026-05-03 18:00,VltClsSE,2313.07,1,2303.24,9.83,0.43,19.03,0.83,0,0.00,3268.41,0.33
3774,多头进场,2026-05-03 14:45,VltClsLE,2303.24,1,2303.24,9.83,0.43,19.03,0.83,0,0.00,3268.41,0.33
3775,空头出场,2026-05-03 18:30,VltClsLE,2315.28,1,2313.07,-2.21,-0.10,1.75,0.08,-2.21,-0.10,3266.2,0.33
3775,空头进场,2026-05-03 18:00,VltClsSE,2313.07,1,2313.07,-2.21,-0.10,1.75,0.08,-2.21,-0.10,3266.2,0.33
3776,多头出场,2026-05-03 21:30,VltClsSE,2321.91,1,2315.28,6.63,0.29,17.33,0.75,-4.76,-0.21,3272.83,0.33
3776,多头进场,2026-05-03 18:30,VltClsLE,2315.28,1,2315.28,6.63,0.29,17.33,0.75,-4.76,-0.21,3272.83,0.33
3777,空头出场,2026-05-03 22:00,VltClsLE,2325.43,1,2321.91,-3.52,-0.15,1.3,0.06,-3.52,-0.15,3269.31,0.33
3777,空头进场,2026-05-03 21:30,VltClsSE,2321.91,1,2321.91,-3.52,-0.15,1.3,0.06,-3.52,-0.15,3269.31,0.33
3778,多头出场,2026-05-03 22:15,VltClsSE,2322.53,1,2325.43,-2.9,-0.12,1.17,0.05,-2.9,-0.12,3266.41,0.33
3778,多头进场,2026-05-03 22:00,VltClsLE,2325.43,1,2325.43,-2.9,-0.12,1.17,0.05,-2.9,-0.12,3266.41,0.33
3779,空头出场,2026-05-03 22:45,VltClsLE,2329.26,1,2322.53,-6.73,-0.29,1.34,0.06,-6.73,-0.29,3259.68,0.33
3779,空头进场,2026-05-03 22:15,VltClsSE,2322.53,1,2322.53,-6.73,-0.29,1.34,0.06,-6.73,-0.29,3259.68,0.33
3780,多头出场,2026-05-03 23:30,VltClsSE,2328.37,1,2329.26,-0.89,-0.04,4.65,0.20,-0.98,-0.04,3258.79,0.33
3780,多头进场,2026-05-03 22:45,VltClsLE,2329.26,1,2329.26,-0.89,-0.04,4.65,0.20,-0.98,-0.04,3258.79,0.33
3781,空头出场,2026-05-04 00:30,VltClsLE,2332.08,1,2328.37,-3.71,-0.16,5.99,0.26,-3.71,-0.16,3255.08,0.33
3781,空头进场,2026-05-03 23:30,VltClsSE,2328.37,1,2328.37,-3.71,-0.16,5.99,0.26,-3.71,-0.16,3255.08,0.33
3782,多头出场,2026-05-04 01:00,VltClsSE,2324.53,1,2332.08,-7.55,-0.32,2.92,0.13,-7.55,-0.32,3247.53,0.32
3782,多头进场,2026-05-04 00:30,VltClsLE,2332.08,1,2332.08,-7.55,-0.32,2.92,0.13,-7.55,-0.32,3247.53,0.32
3783,空头出场,2026-05-04 01:15,VltClsLE,2332.57,1,2324.53,-8.04,-0.35,0.42,0.02,-8.04,-0.35,3239.49,0.32
3783,空头进场,2026-05-04 01:00,VltClsSE,2324.53,1,2324.53,-8.04,-0.35,0.42,0.02,-8.04,-0.35,3239.49,0.32
3784,多头出场,2026-05-04 04:45,VltClsSE,2331.24,1,2332.57,-1.33,-0.06,11.78,0.51,-4.28,-0.18,3238.16,0.32
3784,多头进场,2026-05-04 01:15,VltClsLE,2332.57,1,2332.57,-1.33,-0.06,11.78,0.51,-4.28,-0.18,3238.16,0.32
3785,空头出场,2026-05-04 06:00,VltClsLE,2331.25,1,2331.24,-0.01,0.00,16.24,0.70,-2.94,-0.13,3238.15,0.32
3785,空头进场,2026-05-04 04:45,VltClsSE,2331.24,1,2331.24,-0.01,0.00,16.24,0.70,-2.94,-0.13,3238.15,0.32
3786,多头出场,2026-05-04 06:15,VltClsSE,2338.14,1,2331.25,6.89,0.30,25.67,1.10,0,0.00,3245.04,0.32
3786,多头进场,2026-05-04 06:00,VltClsLE,2331.25,1,2331.25,6.89,0.30,25.67,1.10,0,0.00,3245.04,0.32
3787,空头出场,2026-05-04 08:45,VltClsLE,2317.26,1,2338.14,20.88,0.89,28.9,1.24,-13.54,-0.58,3265.92,0.33
3787,空头进场,2026-05-04 06:15,VltClsSE,2338.14,1,2338.14,20.88,0.89,28.9,1.24,-13.54,-0.58,3265.92,0.33
3788,多头出场,2026-05-04 09:00,VltClsSE,2313.54,1,2317.26,-3.72,-0.16,4.34,0.19,-3.72,-0.16,3262.2,0.33
3788,多头进场,2026-05-04 08:45,VltClsLE,2317.26,1,2317.26,-3.72,-0.16,4.34,0.19,-3.72,-0.16,3262.2,0.33
3789,空头出场,2026-05-04 09:30,VltClsLE,2326.02,1,2313.54,-12.48,-0.54,0.56,0.02,-12.48,-0.54,3249.72,0.32
3789,空头进场,2026-05-04 09:00,VltClsSE,2313.54,1,2313.54,-12.48,-0.54,0.56,0.02,-12.48,-0.54,3249.72,0.32
3790,多头出场,2026-05-04 13:00,VltClsSE,2384.45,1,2326.02,58.43,2.51,72.91,3.13,0,0.00,3308.15,0.33
3790,多头进场,2026-05-04 09:30,VltClsLE,2326.02,1,2326.02,58.43,2.51,72.91,3.13,0,0.00,3308.15,0.33
3791,空头出场,2026-05-04 14:45,VltClsLE,2370.26,1,2384.45,14.19,0.60,30.25,1.27,-0.21,-0.01,3322.34,0.33
3791,空头进场,2026-05-04 13:00,VltClsSE,2384.45,1,2384.45,14.19,0.60,30.25,1.27,-0.21,-0.01,3322.34,0.33
3792,多头出场,2026-05-04 15:45,VltClsSE,2363.33,1,2370.26,-6.93,-0.29,3.61,0.15,-6.93,-0.29,3315.41,0.33
3792,多头进场,2026-05-04 14:45,VltClsLE,2370.26,1,2370.26,-6.93,-0.29,3.61,0.15,-6.93,-0.29,3315.41,0.33
3793,空头出场,2026-05-04 17:15,VltClsLE,2365.32,1,2363.33,-1.99,-0.08,6.03,0.26,-1.99,-0.08,3313.42,0.33
3793,空头进场,2026-05-04 15:45,VltClsSE,2363.33,1,2363.33,-1.99,-0.08,6.03,0.26,-1.99,-0.08,3313.42,0.33
3794,多头出场,2026-05-04 18:00,VltClsSE,2364.33,1,2365.32,-0.99,-0.04,5.77,0.24,-3.31,-0.14,3312.43,0.33
3794,多头进场,2026-05-04 17:15,VltClsLE,2365.32,1,2365.32,-0.99,-0.04,5.77,0.24,-3.31,-0.14,3312.43,0.33
3795,空头出场,2026-05-04 18:30,VltClsLE,2336.13,1,2364.33,28.2,1.19,50.08,2.12,0,0.00,3340.63,0.33
3795,空头进场,2026-05-04 18:00,VltClsSE,2364.33,1,2364.33,28.2,1.19,50.08,2.12,0,0.00,3340.63,0.33
3796,多头出场,2026-05-04 20:45,VltClsSE,2336.86,1,2336.13,0.73,0.03,9.76,0.42,-3.22,-0.14,3341.36,0.33
3796,多头进场,2026-05-04 18:30,VltClsLE,2336.13,1,2336.13,0.73,0.03,9.76,0.42,-3.22,-0.14,3341.36,0.33
3797,空头出场,2026-05-04 21:00,VltClsLE,2340.14,1,2336.86,-3.28,-0.14,1.33,0.06,-3.28,-0.14,3338.08,0.33
3797,空头进场,2026-05-04 20:45,VltClsSE,2336.86,1,2336.86,-3.28,-0.14,1.33,0.06,-3.28,-0.14,3338.08,0.33
3798,多头出场,2026-05-04 22:00,VltClsSE,2329.95,1,2340.14,-10.19,-0.44,4.39,0.19,-14.43,-0.62,3327.89,0.33
3798,多头进场,2026-05-04 21:00,VltClsLE,2340.14,1,2340.14,-10.19,-0.44,4.39,0.19,-14.43,-0.62,3327.89,0.33
3799,空头出场,2026-05-04 22:15,VltClsLE,2348.38,1,2329.95,-18.43,-0.79,2.48,0.11,-18.43,-0.79,3309.46,0.33
3799,空头进场,2026-05-04 22:00,VltClsSE,2329.95,1,2329.95,-18.43,-0.79,2.48,0.11,-18.43,-0.79,3309.46,0.33
3800,多头出场,2026-05-04 23:15,VltClsSE,2354.1,1,2348.38,5.72,0.24,33.42,1.42,-3.22,-0.14,3315.18,0.33
3800,多头进场,2026-05-04 22:15,VltClsLE,2348.38,1,2348.38,5.72,0.24,33.42,1.42,-3.22,-0.14,3315.18,0.33
3801,空头出场,2026-05-05 00:15,VltClsLE,2353.99,1,2354.1,0.11,0.00,18.09,0.77,0,0.00,3315.29,0.33
3801,空头进场,2026-05-04 23:15,VltClsSE,2354.1,1,2354.1,0.11,0.00,18.09,0.77,0,0.00,3315.29,0.33
3802,多头出场,2026-05-05 02:15,VltClsSE,2365.01,1,2353.99,11.02,0.47,25.53,1.08,-2.23,-0.09,3326.31,0.33
3802,多头进场,2026-05-05 00:15,VltClsLE,2353.99,1,2353.99,11.02,0.47,25.53,1.08,-2.23,-0.09,3326.31,0.33
3803,空头出场,2026-05-05 05:00,VltClsLE,2353.88,1,2365.01,11.13,0.47,17.24,0.73,-1.28,-0.05,3337.44,0.33
3803,空头进场,2026-05-05 02:15,VltClsSE,2365.01,1,2365.01,11.13,0.47,17.24,0.73,-1.28,-0.05,3337.44,0.33
3804,多头出场,2026-05-05 06:15,VltClsSE,2360.1,1,2353.88,6.22,0.26,12.03,0.51,0,0.00,3343.66,0.33
3804,多头进场,2026-05-05 05:00,VltClsLE,2353.88,1,2353.88,6.22,0.26,12.03,0.51,0,0.00,3343.66,0.33
3805,空头出场,2026-05-05 06:45,VltClsLE,2358.64,1,2360.1,1.46,0.06,6.15,0.26,0,0.00,3345.12,0.33
3805,空头进场,2026-05-05 06:15,VltClsSE,2360.1,1,2360.1,1.46,0.06,6.15,0.26,0,0.00,3345.12,0.33
3806,多头出场,2026-05-05 07:00,VltClsSE,2350.62,1,2358.64,-8.02,-0.34,1.11,0.05,-8.02,-0.34,3337.1,0.33
3806,多头进场,2026-05-05 06:45,VltClsLE,2358.64,1,2358.64,-8.02,-0.34,1.11,0.05,-8.02,-0.34,3337.1,0.33
3807,空头出场,2026-05-05 08:00,VltClsLE,2351.29,1,2350.62,-0.67,-0.03,5.79,0.25,-2.71,-0.12,3336.43,0.33
3807,空头进场,2026-05-05 07:00,VltClsSE,2350.62,1,2350.62,-0.67,-0.03,5.79,0.25,-2.71,-0.12,3336.43,0.33
3808,多头出场,2026-05-05 09:30,VltClsSE,2357.38,1,2351.29,6.09,0.26,12.52,0.53,-3.15,-0.13,3342.52,0.33
3808,多头进场,2026-05-05 08:00,VltClsLE,2351.29,1,2351.29,6.09,0.26,12.52,0.53,-3.15,-0.13,3342.52,0.33
3809,空头出场,2026-05-05 10:00,VltClsLE,2365.4,1,2357.38,-8.02,-0.34,0.73,0.03,-8.02,-0.34,3334.5,0.33
3809,空头进场,2026-05-05 09:30,VltClsSE,2357.38,1,2357.38,-8.02,-0.34,0.73,0.03,-8.02,-0.34,3334.5,0.33
3810,多头出场,2026-05-05 10:45,VltClsSE,2368.14,1,2365.4,2.74,0.12,12.4,0.52,0,0.00,3337.24,0.33
3810,多头进场,2026-05-05 10:00,VltClsLE,2365.4,1,2365.4,2.74,0.12,12.4,0.52,0,0.00,3337.24,0.33
3811,空头出场,2026-05-05 11:30,VltClsLE,2384,1,2368.14,-15.86,-0.67,4.55,0.19,-15.86,-0.67,3321.38,0.33
3811,空头进场,2026-05-05 10:45,VltClsSE,2368.14,1,2368.14,-15.86,-0.67,4.55,0.19,-15.86,-0.67,3321.38,0.33
3812,多头出场,2026-05-05 13:45,VltClsSE,2377.13,1,2384,-6.87,-0.29,6.74,0.28,-7.96,-0.33,3314.51,0.33
3812,多头进场,2026-05-05 11:30,VltClsLE,2384,1,2384,-6.87,-0.29,6.74,0.28,-7.96,-0.33,3314.51,0.33
3813,空头出场,2026-05-05 14:45,VltClsLE,2378.86,1,2377.13,-1.73,-0.07,9.78,0.41,-4.38,-0.18,3312.78,0.33
3813,空头进场,2026-05-05 13:45,VltClsSE,2377.13,1,2377.13,-1.73,-0.07,9.78,0.41,-4.38,-0.18,3312.78,0.33
3814,多头出场,2026-05-05 15:45,VltClsSE,2381.37,1,2378.86,2.51,0.11,9.7,0.41,-3.05,-0.13,3315.29,0.33
3814,多头进场,2026-05-05 14:45,VltClsLE,2378.86,1,2378.86,2.51,0.11,9.7,0.41,-3.05,-0.13,3315.29,0.33
3815,空头出场,2026-05-05 18:15,VltClsLE,2374.3,1,2381.37,7.07,0.30,14.61,0.61,-3.25,-0.14,3322.36,0.33
3815,空头进场,2026-05-05 15:45,VltClsSE,2381.37,1,2381.37,7.07,0.30,14.61,0.61,-3.25,-0.14,3322.36,0.33
3816,多头出场,2026-05-05 19:15,VltClsSE,2374.56,1,2374.3,0.26,0.01,5.04,0.21,-0.87,-0.04,3322.62,0.33
3816,多头进场,2026-05-05 18:15,VltClsLE,2374.3,1,2374.3,0.26,0.01,5.04,0.21,-0.87,-0.04,3322.62,0.33
3817,空头出场,2026-05-05 19:30,VltClsLE,2382.09,1,2374.56,-7.53,-0.32,1.61,0.07,-7.53,-0.32,3315.09,0.33
3817,空头进场,2026-05-05 19:15,VltClsSE,2374.56,1,2374.56,-7.53,-0.32,1.61,0.07,-7.53,-0.32,3315.09,0.33
3818,多头出场,2026-05-05 19:45,VltClsSE,2376.76,1,2382.09,-5.33,-0.22,1.4,0.06,-5.33,-0.22,3309.76,0.33
3818,多头进场,2026-05-05 19:30,VltClsLE,2382.09,1,2382.09,-5.33,-0.22,1.4,0.06,-5.33,-0.22,3309.76,0.33
3819,空头出场,2026-05-05 20:15,VltClsLE,2387.16,1,2376.76,-10.4,-0.44,1.85,0.08,-10.4,-0.44,3299.36,0.33
3819,空头进场,2026-05-05 19:45,VltClsSE,2376.76,1,2376.76,-10.4,-0.44,1.85,0.08,-10.4,-0.44,3299.36,0.33
3820,多头出场,2026-05-05 21:15,VltClsSE,2390.09,1,2387.16,2.93,0.12,12.34,0.52,-2.23,-0.09,3302.29,0.33
3820,多头进场,2026-05-05 20:15,VltClsLE,2387.16,1,2387.16,2.93,0.12,12.34,0.52,-2.23,-0.09,3302.29,0.33
3821,空头出场,2026-05-05 21:45,VltClsLE,2396.07,1,2390.09,-5.98,-0.25,6.59,0.28,-5.98,-0.25,3296.31,0.33
3821,空头进场,2026-05-05 21:15,VltClsSE,2390.09,1,2390.09,-5.98,-0.25,6.59,0.28,-5.98,-0.25,3296.31,0.33
3822,多头出场,2026-05-05 22:00,VltClsSE,2380.85,1,2396.07,-15.22,-0.64,1.93,0.08,-15.22,-0.64,3281.09,0.33
3822,多头进场,2026-05-05 21:45,VltClsLE,2396.07,1,2396.07,-15.22,-0.64,1.93,0.08,-15.22,-0.64,3281.09,0.33
3823,空头出场,2026-05-06 00:45,VltClsLE,2367.75,1,2380.85,13.1,0.55,19.85,0.83,-7.08,-0.30,3294.19,0.33
3823,空头进场,2026-05-05 22:00,VltClsSE,2380.85,1,2380.85,13.1,0.55,19.85,0.83,-7.08,-0.30,3294.19,0.33
3824,多头出场,2026-05-06 03:45,VltClsSE,2371.43,1,2367.75,3.68,0.16,8.98,0.38,-8.04,-0.34,3297.87,0.33
3824,多头进场,2026-05-06 00:45,VltClsLE,2367.75,1,2367.75,3.68,0.16,8.98,0.38,-8.04,-0.34,3297.87,0.33
3825,空头出场,2026-05-06 04:00,VltClsLE,2375.35,1,2371.43,-3.92,-0.17,1.87,0.08,-3.92,-0.17,3293.95,0.33
3825,空头进场,2026-05-06 03:45,VltClsSE,2371.43,1,2371.43,-3.92,-0.17,1.87,0.08,-3.92,-0.17,3293.95,0.33
3826,多头出场,2026-05-06 05:30,VltClsSE,2370.66,1,2375.35,-4.69,-0.20,13.19,0.56,-4.69,-0.20,3289.26,0.33
3826,多头进场,2026-05-06 04:00,VltClsLE,2375.35,1,2375.35,-4.69,-0.20,13.19,0.56,-4.69,-0.20,3289.26,0.33
3827,空头出场,2026-05-06 05:45,VltClsLE,2376.86,1,2370.66,-6.2,-0.26,1.76,0.07,-6.2,-0.26,3283.06,0.33
3827,空头进场,2026-05-06 05:30,VltClsSE,2370.66,1,2370.66,-6.2,-0.26,1.76,0.07,-6.2,-0.26,3283.06,0.33
3828,多头出场,2026-05-06 06:30,VltClsSE,2371.48,1,2376.86,-5.38,-0.23,4.82,0.20,-5.38,-0.23,3277.68,0.33
3828,多头进场,2026-05-06 05:45,VltClsLE,2376.86,1,2376.86,-5.38,-0.23,4.82,0.20,-5.38,-0.23,3277.68,0.33
3829,空头出场,2026-05-06 06:45,VltClsLE,2369.4,1,2371.48,2.08,0.09,17.14,0.72,0,0.00,3279.76,0.33
3829,空头进场,2026-05-06 06:30,VltClsSE,2371.48,1,2371.48,2.08,0.09,17.14,0.72,0,0.00,3279.76,0.33
3830,多头出场,2026-05-06 07:15,VltClsSE,2360.75,1,2369.4,-8.65,-0.37,5.95,0.25,-8.65,-0.37,3271.11,0.33
3830,多头进场,2026-05-06 06:45,VltClsLE,2369.4,1,2369.4,-8.65,-0.37,5.95,0.25,-8.65,-0.37,3271.11,0.33
3831,空头出场,2026-05-06 08:45,VltClsLE,2365.78,1,2360.75,-5.03,-0.21,5.75,0.24,-5.97,-0.25,3266.08,0.33
3831,空头进场,2026-05-06 07:15,VltClsSE,2360.75,1,2360.75,-5.03,-0.21,5.75,0.24,-5.97,-0.25,3266.08,0.33
3832,多头出场,2026-05-06 10:15,VltClsSE,2367.24,1,2365.78,1.46,0.06,11.21,0.47,-3.03,-0.13,3267.54,0.33
3832,多头进场,2026-05-06 08:45,VltClsLE,2365.78,1,2365.78,1.46,0.06,11.21,0.47,-3.03,-0.13,3267.54,0.33
3833,空头出场,2026-05-06 10:45,VltClsLE,2368.65,1,2367.24,-1.41,-0.06,7.24,0.31,-1.41,-0.06,3266.13,0.33
3833,空头进场,2026-05-06 10:15,VltClsSE,2367.24,1,2367.24,-1.41,-0.06,7.24,0.31,-1.41,-0.06,3266.13,0.33
3834,多头出场,2026-05-06 12:45,VltClsSE,2368.01,1,2368.65,-0.64,-0.03,12.22,0.52,-0.64,-0.03,3265.49,0.33
3834,多头进场,2026-05-06 10:45,VltClsLE,2368.65,1,2368.65,-0.64,-0.03,12.22,0.52,-0.64,-0.03,3265.49,0.33
3835,空头出场,2026-05-06 14:30,VltClsLE,2369.9,1,2368.01,-1.89,-0.08,13.01,0.55,-1.89,-0.08,3263.6,0.33
3835,空头进场,2026-05-06 12:45,VltClsSE,2368.01,1,2368.01,-1.89,-0.08,13.01,0.55,-1.89,-0.08,3263.6,0.33
3836,多头出场,2026-05-06 15:30,VltClsSE,2370.21,1,2369.9,0.31,0.01,5.1,0.22,-1.74,-0.07,3263.91,0.33
3836,多头进场,2026-05-06 14:30,VltClsLE,2369.9,1,2369.9,0.31,0.01,5.1,0.22,-1.74,-0.07,3263.91,0.33
3837,空头出场,2026-05-06 16:00,VltClsLE,2374.95,1,2370.21,-4.74,-0.20,1.05,0.04,-4.74,-0.20,3259.17,0.33
3837,空头进场,2026-05-06 15:30,VltClsSE,2370.21,1,2370.21,-4.74,-0.20,1.05,0.04,-4.74,-0.20,3259.17,0.33
3838,多头出场,2026-05-06 17:45,VltClsSE,2407.2,1,2374.95,32.25,1.36,43.44,1.83,-0.13,-0.01,3291.42,0.33
3838,多头进场,2026-05-06 16:00,VltClsLE,2374.95,1,2374.95,32.25,1.36,43.44,1.83,-0.13,-0.01,3291.42,0.33
3839,空头出场,2026-05-06 19:15,VltClsLE,2418.25,1,2407.2,-11.05,-0.46,2.02,0.08,-11.05,-0.46,3280.37,0.33
3839,空头进场,2026-05-06 17:45,VltClsSE,2407.2,1,2407.2,-11.05,-0.46,2.02,0.08,-11.05,-0.46,3280.37,0.33
3840,多头出场,2026-05-06 19:30,VltClsSE,2410.22,1,2418.25,-8.03,-0.33,5.49,0.23,-8.03,-0.33,3272.34,0.33
3840,多头进场,2026-05-06 19:15,VltClsLE,2418.25,1,2418.25,-8.03,-0.33,5.49,0.23,-8.03,-0.33,3272.34,0.33
3841,空头出场,2026-05-06 20:15,VltClsLE,2409.13,1,2410.22,1.09,0.05,9.5,0.39,-4.04,-0.17,3273.43,0.33
3841,空头进场,2026-05-06 19:30,VltClsSE,2410.22,1,2410.22,1.09,0.05,9.5,0.39,-4.04,-0.17,3273.43,0.33
3842,多头出场,2026-05-06 20:45,VltClsSE,2402.77,1,2409.13,-6.36,-0.26,4.46,0.19,-6.36,-0.26,3267.07,0.33
3842,多头进场,2026-05-06 20:15,VltClsLE,2409.13,1,2409.13,-6.36,-0.26,4.46,0.19,-6.36,-0.26,3267.07,0.33
3843,空头出场,2026-05-07 00:00,VltClsLE,2365.92,1,2402.77,36.85,1.53,56.09,2.33,-2.34,-0.10,3303.92,0.33
3843,空头进场,2026-05-06 20:45,VltClsSE,2402.77,1,2402.77,36.85,1.53,56.09,2.33,-2.34,-0.10,3303.92,0.33
3844,多头出场,2026-05-07 00:15,VltClsSE,2357.25,1,2365.92,-8.67,-0.37,1.55,0.07,-8.67,-0.37,3295.25,0.33
3844,多头进场,2026-05-07 00:00,VltClsLE,2365.92,1,2365.92,-8.67,-0.37,1.55,0.07,-8.67,-0.37,3295.25,0.33
3845,空头出场,2026-05-07 00:30,VltClsLE,2358.75,1,2357.25,-1.5,-0.06,6.69,0.28,-1.5,-0.06,3293.75,0.33
3845,空头进场,2026-05-07 00:15,VltClsSE,2357.25,1,2357.25,-1.5,-0.06,6.69,0.28,-1.5,-0.06,3293.75,0.33
3846,多头出场,2026-05-07 01:15,VltClsSE,2353.06,1,2358.75,-5.69,-0.24,3.25,0.14,-5.69,-0.24,3288.06,0.33
3846,多头进场,2026-05-07 00:30,VltClsLE,2358.75,1,2358.75,-5.69,-0.24,3.25,0.14,-5.69,-0.24,3288.06,0.33
3847,空头出场,2026-05-07 03:45,VltClsLE,2349.62,1,2353.06,3.44,0.15,15.06,0.64,-1.65,-0.07,3291.5,0.33
3847,空头进场,2026-05-07 01:15,VltClsSE,2353.06,1,2353.06,3.44,0.15,15.06,0.64,-1.65,-0.07,3291.5,0.33
3848,多头出场,2026-05-07 04:30,VltClsSE,2348.49,1,2349.62,-1.13,-0.05,7.42,0.32,-1.14,-0.05,3290.37,0.33
3848,多头进场,2026-05-07 03:45,VltClsLE,2349.62,1,2349.62,-1.13,-0.05,7.42,0.32,-1.14,-0.05,3290.37,0.33
3849,空头出场,2026-05-07 05:30,VltClsLE,2355.75,1,2348.49,-7.26,-0.31,3.26,0.14,-7.26,-0.31,3283.11,0.33
3849,空头进场,2026-05-07 04:30,VltClsSE,2348.49,1,2348.49,-7.26,-0.31,3.26,0.14,-7.26,-0.31,3283.11,0.33
3850,多头出场,2026-05-07 06:00,VltClsSE,2350.64,1,2355.75,-5.11,-0.22,1.7,0.07,-5.11,-0.22,3278,0.33
3850,多头进场,2026-05-07 05:30,VltClsLE,2355.75,1,2355.75,-5.11,-0.22,1.7,0.07,-5.11,-0.22,3278,0.33
3851,空头出场,2026-05-07 07:15,VltClsLE,2348.55,1,2350.64,2.09,0.09,12.36,0.53,-0.25,-0.01,3280.09,0.33
3851,空头进场,2026-05-07 06:00,VltClsSE,2350.64,1,2350.64,2.09,0.09,12.36,0.53,-0.25,-0.01,3280.09,0.33
3852,多头出场,2026-05-07 08:15,VltClsSE,2346.13,1,2348.55,-2.42,-0.10,3.75,0.16,-2.42,-0.10,3277.67,0.33
3852,多头进场,2026-05-07 07:15,VltClsLE,2348.55,1,2348.55,-2.42,-0.10,3.75,0.16,-2.42,-0.10,3277.67,0.33
3853,空头出场,2026-05-07 10:45,VltClsLE,2323.37,1,2346.13,22.76,0.97,32.24,1.37,-0.33,-0.01,3300.43,0.33
3853,空头进场,2026-05-07 08:15,VltClsSE,2346.13,1,2346.13,22.76,0.97,32.24,1.37,-0.33,-0.01,3300.43,0.33
3854,多头出场,2026-05-07 12:00,VltClsSE,2318.11,1,2323.37,-5.26,-0.23,2.83,0.12,-7.63,-0.33,3295.17,0.33
3854,多头进场,2026-05-07 10:45,VltClsLE,2323.37,1,2323.37,-5.26,-0.23,2.83,0.12,-7.63,-0.33,3295.17,0.33
3855,空头出场,2026-05-07 13:00,VltClsLE,2330.97,1,2318.11,-12.86,-0.55,0.31,0.01,-12.86,-0.55,3282.31,0.33
3855,空头进场,2026-05-07 12:00,VltClsSE,2318.11,1,2318.11,-12.86,-0.55,0.31,0.01,-12.86,-0.55,3282.31,0.33
3856,多头出场,2026-05-07 14:00,VltClsSE,2328.07,1,2330.97,-2.9,-0.12,3,0.13,-2.9,-0.12,3279.41,0.33
3856,多头进场,2026-05-07 13:00,VltClsLE,2330.97,1,2330.97,-2.9,-0.12,3,0.13,-2.9,-0.12,3279.41,0.33
3857,空头出场,2026-05-07 14:30,VltClsLE,2327.15,1,2328.07,0.92,0.04,8.07,0.35,0,0.00,3280.33,0.33
3857,空头进场,2026-05-07 14:00,VltClsSE,2328.07,1,2328.07,0.92,0.04,8.07,0.35,0,0.00,3280.33,0.33
3858,多头出场,2026-05-07 16:15,VltClsSE,2337.3,1,2327.15,10.15,0.44,19.74,0.85,0,0.00,3290.48,0.33
3858,多头进场,2026-05-07 14:30,VltClsLE,2327.15,1,2327.15,10.15,0.44,19.74,0.85,0,0.00,3290.48,0.33
3859,空头出场,2026-05-07 16:45,VltClsLE,2339.09,1,2337.3,-1.79,-0.08,5.3,0.23,-3.66,-0.16,3288.69,0.33
3859,空头进场,2026-05-07 16:15,VltClsSE,2337.3,1,2337.3,-1.79,-0.08,5.3,0.23,-3.66,-0.16,3288.69,0.33
3860,多头出场,2026-05-07 17:15,VltClsSE,2330.92,1,2339.09,-8.17,-0.35,0.36,0.02,-8.17,-0.35,3280.52,0.33
3860,多头进场,2026-05-07 16:45,VltClsLE,2339.09,1,2339.09,-8.17,-0.35,0.36,0.02,-8.17,-0.35,3280.52,0.33
3861,空头出场,2026-05-07 18:30,VltClsLE,2324.44,1,2330.92,6.48,0.28,13.57,0.58,-2.84,-0.12,3287,0.33
3861,空头进场,2026-05-07 17:15,VltClsSE,2330.92,1,2330.92,6.48,0.28,13.57,0.58,-2.84,-0.12,3287,0.33
3862,多头出场,2026-05-07 19:45,VltClsSE,2326.72,1,2324.44,2.28,0.10,7.15,0.31,0,0.00,3289.28,0.33
3862,多头进场,2026-05-07 18:30,VltClsLE,2324.44,1,2324.44,2.28,0.10,7.15,0.31,0,0.00,3289.28,0.33
3863,空头出场,2026-05-07 20:00,VltClsLE,2333.17,1,2326.72,-6.45,-0.28,1.15,0.05,-6.45,-0.28,3282.83,0.33
3863,空头进场,2026-05-07 19:45,VltClsSE,2326.72,1,2326.72,-6.45,-0.28,1.15,0.05,-6.45,-0.28,3282.83,0.33
3864,多头出场,2026-05-07 21:00,VltClsSE,2329.06,1,2333.17,-4.11,-0.18,3.96,0.17,-4.11,-0.18,3278.72,0.33
3864,多头进场,2026-05-07 20:00,VltClsLE,2333.17,1,2333.17,-4.11,-0.18,3.96,0.17,-4.11,-0.18,3278.72,0.33
3865,空头出场,2026-05-07 21:15,VltClsLE,2328.75,1,2329.06,0.31,0.01,6.5,0.28,0,0.00,3279.03,0.33
3865,空头进场,2026-05-07 21:00,VltClsSE,2329.06,1,2329.06,0.31,0.01,6.5,0.28,0,0.00,3279.03,0.33
3866,多头出场,2026-05-07 21:30,VltClsSE,2320.27,1,2328.75,-8.48,-0.36,1.2,0.05,-8.48,-0.36,3270.55,0.33
3866,多头进场,2026-05-07 21:15,VltClsLE,2328.75,1,2328.75,-8.48,-0.36,1.2,0.05,-8.48,-0.36,3270.55,0.33
3867,空头出场,2026-05-08 00:15,VltClsLE,2297.13,1,2320.27,23.14,1.00,34.9,1.50,0,0.00,3293.69,0.33
3867,空头进场,2026-05-07 21:30,VltClsSE,2320.27,1,2320.27,23.14,1.00,34.9,1.50,0,0.00,3293.69,0.33
3868,多头出场,2026-05-08 01:15,VltClsSE,2287.69,1,2297.13,-9.44,-0.41,1.07,0.05,-9.44,-0.41,3284.25,0.33
3868,多头进场,2026-05-08 00:15,VltClsLE,2297.13,1,2297.13,-9.44,-0.41,1.07,0.05,-9.44,-0.41,3284.25,0.33
3869,空头出场,2026-05-08 01:45,VltClsLE,2297.74,1,2287.69,-10.05,-0.44,7.59,0.33,-10.05,-0.44,3274.2,0.33
3869,空头进场,2026-05-08 01:15,VltClsSE,2287.69,1,2287.69,-10.05,-0.44,7.59,0.33,-10.05,-0.44,3274.2,0.33
3870,多头出场,2026-05-08 03:00,VltClsSE,2290.33,1,2297.74,-7.41,-0.32,6.26,0.27,-7.41,-0.32,3266.79,0.33
3870,多头进场,2026-05-08 01:45,VltClsLE,2297.74,1,2297.74,-7.41,-0.32,6.26,0.27,-7.41,-0.32,3266.79,0.33
3871,空头出场,2026-05-08 03:30,VltClsLE,2295.73,1,2290.33,-5.4,-0.24,0.33,0.01,-5.82,-0.25,3261.39,0.33
3871,空头进场,2026-05-08 03:00,VltClsSE,2290.33,1,2290.33,-5.4,-0.24,0.33,0.01,-5.82,-0.25,3261.39,0.33
3872,多头出场,2026-05-08 03:45,VltClsSE,2288.2,1,2295.73,-7.53,-0.33,1.36,0.06,-7.53,-0.33,3253.86,0.33
3872,多头进场,2026-05-08 03:30,VltClsLE,2295.73,1,2295.73,-7.53,-0.33,1.36,0.06,-7.53,-0.33,3253.86,0.33
3873,空头出场,2026-05-08 04:00,VltClsLE,2301.42,1,2288.2,-13.22,-0.58,0.32,0.01,-13.22,-0.58,3240.64,0.32
3873,空头进场,2026-05-08 03:45,VltClsSE,2288.2,1,2288.2,-13.22,-0.58,0.32,0.01,-13.22,-0.58,3240.64,0.32
3874,多头出场,2026-05-08 04:30,VltClsSE,2289.42,1,2301.42,-12,-0.52,1.15,0.05,-12,-0.52,3228.64,0.32
3874,多头进场,2026-05-08 04:00,VltClsLE,2301.42,1,2301.42,-12,-0.52,1.15,0.05,-12,-0.52,3228.64,0.32
3875,空头出场,2026-05-08 05:15,VltClsLE,2291.04,1,2289.42,-1.62,-0.07,8.13,0.36,-1.62,-0.07,3227.02,0.32
3875,空头进场,2026-05-08 04:30,VltClsSE,2289.42,1,2289.42,-1.62,-0.07,8.13,0.36,-1.62,-0.07,3227.02,0.32
3876,多头出场,2026-05-08 06:00,VltClsSE,2283.28,1,2291.04,-7.76,-0.34,3.25,0.14,-7.76,-0.34,3219.26,0.32
3876,多头进场,2026-05-08 05:15,VltClsLE,2291.04,1,2291.04,-7.76,-0.34,3.25,0.14,-7.76,-0.34,3219.26,0.32
3877,空头出场,2026-05-08 06:45,VltClsLE,2287.92,1,2283.28,-4.64,-0.20,2.24,0.10,-6.96,-0.30,3214.62,0.32
3877,空头进场,2026-05-08 06:00,VltClsSE,2283.28,1,2283.28,-4.64,-0.20,2.24,0.10,-6.96,-0.30,3214.62,0.32
3878,多头出场,2026-05-08 08:15,VltClsSE,2290.37,1,2287.92,2.45,0.11,6.36,0.28,-1.81,-0.08,3217.07,0.32
3878,多头进场,2026-05-08 06:45,VltClsLE,2287.92,1,2287.92,2.45,0.11,6.36,0.28,-1.81,-0.08,3217.07,0.32
3879,空头出场,2026-05-08 10:30,VltClsLE,2281.76,1,2290.37,8.61,0.38,22.37,0.98,-0.85,-0.04,3225.68,0.32
3879,空头进场,2026-05-08 08:15,VltClsSE,2290.37,1,2290.37,8.61,0.38,22.37,0.98,-0.85,-0.04,3225.68,0.32
3880,多头出场,2026-05-08 11:00,VltClsSE,2273.19,1,2281.76,-8.57,-0.38,1.41,0.06,-8.57,-0.38,3217.11,0.32
3880,多头进场,2026-05-08 10:30,VltClsLE,2281.76,1,2281.76,-8.57,-0.38,1.41,0.06,-8.57,-0.38,3217.11,0.32
3881,空头出场,2026-05-08 12:45,VltClsLE,2280.57,1,2273.19,-7.38,-0.32,7.58,0.33,-11.35,-0.50,3209.73,0.32
3881,空头进场,2026-05-08 11:00,VltClsSE,2273.19,1,2273.19,-7.38,-0.32,7.58,0.33,-11.35,-0.50,3209.73,0.32
3882,多头出场,2026-05-08 13:45,VltClsSE,2280.22,1,2280.57,-0.35,-0.02,3.43,0.15,-1.57,-0.07,3209.38,0.32
3882,多头进场,2026-05-08 12:45,VltClsLE,2280.57,1,2280.57,-0.35,-0.02,3.43,0.15,-1.57,-0.07,3209.38,0.32
3883,空头出场,2026-05-08 15:30,VltClsLE,2274.88,1,2280.22,5.34,0.23,13.07,0.57,0,0.00,3214.72,0.32
3883,空头进场,2026-05-08 13:45,VltClsSE,2280.22,1,2280.22,5.34,0.23,13.07,0.57,0,0.00,3214.72,0.32
3884,多头出场,2026-05-08 17:00,VltClsSE,2280.6,1,2274.88,5.72,0.25,14.25,0.63,0,0.00,3220.44,0.32
3884,多头进场,2026-05-08 15:30,VltClsLE,2274.88,1,2274.88,5.72,0.25,14.25,0.63,0,0.00,3220.44,0.32
3885,空头出场,2026-05-08 18:30,VltClsLE,2286.98,1,2280.6,-6.38,-0.28,0.25,0.01,-11.52,-0.51,3214.06,0.32
3885,空头进场,2026-05-08 17:00,VltClsSE,2280.6,1,2280.6,-6.38,-0.28,0.25,0.01,-11.52,-0.51,3214.06,0.32
3886,多头出场,2026-05-08 20:00,VltClsSE,2291.68,1,2286.98,4.7,0.21,11.03,0.48,0,0.00,3218.76,0.32
3886,多头进场,2026-05-08 18:30,VltClsLE,2286.98,1,2286.98,4.7,0.21,11.03,0.48,0,0.00,3218.76,0.32
3887,空头出场,2026-05-08 20:30,VltClsLE,2297.35,1,2291.68,-5.67,-0.25,2.44,0.11,-5.67,-0.25,3213.09,0.32
3887,空头进场,2026-05-08 20:00,VltClsSE,2291.68,1,2291.68,-5.67,-0.25,2.44,0.11,-5.67,-0.25,3213.09,0.32
3888,多头出场,2026-05-08 20:45,VltClsSE,2285.88,1,2297.35,-11.47,-0.50,4.65,0.20,-11.47,-0.50,3201.62,0.32
3888,多头进场,2026-05-08 20:30,VltClsLE,2297.35,1,2297.35,-11.47,-0.50,4.65,0.20,-11.47,-0.50,3201.62,0.32
3889,空头出场,2026-05-08 22:00,VltClsLE,2282.88,1,2285.88,3,0.13,15.92,0.70,-1.12,-0.05,3204.62,0.32
3889,空头进场,2026-05-08 20:45,VltClsSE,2285.88,1,2285.88,3,0.13,15.92,0.70,-1.12,-0.05,3204.62,0.32
3890,多头出场,2026-05-08 22:30,VltClsSE,2274.72,1,2282.88,-8.16,-0.36,9.78,0.43,-8.16,-0.36,3196.46,0.32
3890,多头进场,2026-05-08 22:00,VltClsLE,2282.88,1,2282.88,-8.16,-0.36,9.78,0.43,-8.16,-0.36,3196.46,0.32
3891,空头出场,2026-05-08 23:30,VltClsLE,2285.32,1,2274.72,-10.6,-0.47,1.4,0.06,-15.27,-0.67,3185.86,0.32
3891,空头进场,2026-05-08 22:30,VltClsSE,2274.72,1,2274.72,-10.6,-0.47,1.4,0.06,-15.27,-0.67,3185.86,0.32
3892,多头出场,2026-05-09 01:45,VltClsSE,2304.3,1,2285.32,18.98,0.83,30.31,1.33,-0.75,-0.03,3204.84,0.32
3892,多头进场,2026-05-08 23:30,VltClsLE,2285.32,1,2285.32,18.98,0.83,30.31,1.33,-0.75,-0.03,3204.84,0.32
3893,空头出场,2026-05-09 02:00,VltClsLE,2311.96,1,2304.3,-7.66,-0.33,3.6,0.16,-7.66,-0.33,3197.18,0.32
3893,空头进场,2026-05-09 01:45,VltClsSE,2304.3,1,2304.3,-7.66,-0.33,3.6,0.16,-7.66,-0.33,3197.18,0.32
3894,多头出场,2026-05-09 04:00,VltClsSE,2311.85,1,2311.96,-0.11,0.00,9.26,0.40,-2.13,-0.09,3197.07,0.32
3894,多头进场,2026-05-09 02:00,VltClsLE,2311.96,1,2311.96,-0.11,0.00,9.26,0.40,-2.13,-0.09,3197.07,0.32
3895,空头出场,2026-05-09 05:15,VltClsLE,2309.19,1,2311.85,2.66,0.12,7.64,0.33,-2.59,-0.11,3199.73,0.32
3895,空头进场,2026-05-09 04:00,VltClsSE,2311.85,1,2311.85,2.66,0.12,7.64,0.33,-2.59,-0.11,3199.73,0.32
3896,多头出场,2026-05-09 06:15,VltClsSE,2314.09,1,2309.19,4.9,0.21,9.96,0.43,-0.43,-0.02,3204.63,0.32
3896,多头进场,2026-05-09 05:15,VltClsLE,2309.19,1,2309.19,4.9,0.21,9.96,0.43,-0.43,-0.02,3204.63,0.32
3897,空头出场,2026-05-09 08:15,VltClsLE,2309.13,1,2314.09,4.96,0.21,10.9,0.47,-0.94,-0.04,3209.59,0.32
3897,空头进场,2026-05-09 06:15,VltClsSE,2314.09,1,2314.09,4.96,0.21,10.9,0.47,-0.94,-0.04,3209.59,0.32
3898,多头出场,2026-05-09 08:45,VltClsSE,2307.44,1,2309.13,-1.69,-0.07,2.9,0.13,-1.69,-0.07,3207.9,0.32
3898,多头进场,2026-05-09 08:15,VltClsLE,2309.13,1,2309.13,-1.69,-0.07,2.9,0.13,-1.69,-0.07,3207.9,0.32
3899,空头出场,2026-05-09 09:00,VltClsLE,2311.45,1,2307.44,-4.01,-0.17,0.07,0.00,-4.01,-0.17,3203.89,0.32
3899,空头进场,2026-05-09 08:45,VltClsSE,2307.44,1,2307.44,-4.01,-0.17,0.07,0.00,-4.01,-0.17,3203.89,0.32
3900,多头出场,2026-05-09 09:15,VltClsSE,2310.2,1,2311.45,-1.25,-0.05,2.95,0.13,-1.25,-0.05,3202.64,0.32
3900,多头进场,2026-05-09 09:00,VltClsLE,2311.45,1,2311.45,-1.25,-0.05,2.95,0.13,-1.25,-0.05,3202.64,0.32
3901,空头出场,2026-05-09 09:30,VltClsLE,2314.92,1,2310.2,-4.72,-0.20,0.98,0.04,-4.72,-0.20,3197.92,0.32
3901,空头进场,2026-05-09 09:15,VltClsSE,2310.2,1,2310.2,-4.72,-0.20,0.98,0.04,-4.72,-0.20,3197.92,0.32
3902,多头出场,2026-05-09 11:30,VltClsSE,2314.21,1,2314.92,-0.71,-0.03,5.85,0.25,-1.12,-0.05,3197.21,0.32
3902,多头进场,2026-05-09 09:30,VltClsLE,2314.92,1,2314.92,-0.71,-0.03,5.85,0.25,-1.12,-0.05,3197.21,0.32
3903,空头出场,2026-05-09 12:00,VltClsLE,2318.04,1,2314.21,-3.83,-0.17,1.61,0.07,-3.83,-0.17,3193.38,0.32
3903,空头进场,2026-05-09 11:30,VltClsSE,2314.21,1,2314.21,-3.83,-0.17,1.61,0.07,-3.83,-0.17,3193.38,0.32
3904,多头出场,2026-05-09 12:15,VltClsSE,2317.45,1,2318.04,-0.59,-0.03,7.29,0.31,-0.59,-0.03,3192.79,0.32
3904,多头进场,2026-05-09 12:00,VltClsLE,2318.04,1,2318.04,-0.59,-0.03,7.29,0.31,-0.59,-0.03,3192.79,0.32
3905,空头出场,2026-05-09 14:00,VltClsLE,2317.38,1,2317.45,0.07,0.00,6.55,0.28,-0.84,-0.04,3192.86,0.32
3905,空头进场,2026-05-09 12:15,VltClsSE,2317.45,1,2317.45,0.07,0.00,6.55,0.28,-0.84,-0.04,3192.86,0.32
3906,多头出场,2026-05-09 14:15,VltClsSE,2315.89,1,2317.38,-1.49,-0.06,1.78,0.08,-1.49,-0.06,3191.37,0.32
3906,多头进场,2026-05-09 14:00,VltClsLE,2317.38,1,2317.38,-1.49,-0.06,1.78,0.08,-1.49,-0.06,3191.37,0.32
3907,空头出场,2026-05-09 15:15,VltClsLE,2316.2,1,2315.89,-0.31,-0.01,4.55,0.20,-3.7,-0.16,3191.06,0.32
3907,空头进场,2026-05-09 14:15,VltClsSE,2315.89,1,2315.89,-0.31,-0.01,4.55,0.20,-3.7,-0.16,3191.06,0.32
3908,多头出场,2026-05-09 17:00,VltClsSE,2315.16,1,2316.2,-1.04,-0.04,4.33,0.19,-2.05,-0.09,3190.02,0.32
3908,多头进场,2026-05-09 15:15,VltClsLE,2316.2,1,2316.2,-1.04,-0.04,4.33,0.19,-2.05,-0.09,3190.02,0.32
3909,空头出场,2026-05-09 17:30,VltClsLE,2315.15,1,2315.16,0.01,0.00,3.79,0.16,-0.18,-0.01,3190.03,0.32
3909,空头进场,2026-05-09 17:00,VltClsSE,2315.16,1,2315.16,0.01,0.00,3.79,0.16,-0.18,-0.01,3190.03,0.32
3910,多头出场,2026-05-09 18:00,VltClsSE,2311.46,1,2315.15,-3.69,-0.16,0.08,0.00,-3.69,-0.16,3186.34,0.32
3910,多头进场,2026-05-09 17:30,VltClsLE,2315.15,1,2315.15,-3.69,-0.16,0.08,0.00,-3.69,-0.16,3186.34,0.32
3911,空头出场,2026-05-09 18:30,VltClsLE,2313.89,1,2311.46,-2.43,-0.11,1.22,0.05,-3.09,-0.13,3183.91,0.32
3911,空头进场,2026-05-09 18:00,VltClsSE,2311.46,1,2311.46,-2.43,-0.11,1.22,0.05,-3.09,-0.13,3183.91,0.32
3912,多头出场,2026-05-09 20:30,VltClsSE,2314.78,1,2313.89,0.89,0.04,4.38,0.19,-1.53,-0.07,3184.8,0.32
3912,多头进场,2026-05-09 18:30,VltClsLE,2313.89,1,2313.89,0.89,0.04,4.38,0.19,-1.53,-0.07,3184.8,0.32
3913,空头出场,2026-05-09 23:15,VltClsLE,2308.57,1,2314.78,6.21,0.27,14.78,0.64,-1.9,-0.08,3191.01,0.32
3913,空头进场,2026-05-09 20:30,VltClsSE,2314.78,1,2314.78,6.21,0.27,14.78,0.64,-1.9,-0.08,3191.01,0.32
3914,多头出场,2026-05-10 02:30,VltClsSE,2332.99,1,2308.57,24.42,1.06,29.8,1.29,0,0.00,3215.43,0.32
3914,多头进场,2026-05-09 23:15,VltClsLE,2308.57,1,2308.57,24.42,1.06,29.8,1.29,0,0.00,3215.43,0.32
3915,空头出场,2026-05-10 03:45,VltClsLE,2330.95,1,2332.99,2.04,0.09,6.45,0.28,0,0.00,3217.47,0.32
3915,空头进场,2026-05-10 02:30,VltClsSE,2332.99,1,2332.99,2.04,0.09,6.45,0.28,0,0.00,3217.47,0.32
3916,多头出场,2026-05-10 04:00,VltClsSE,2329.61,1,2330.95,-1.34,-0.06,2.15,0.09,-1.34,-0.06,3216.13,0.32
3916,多头进场,2026-05-10 03:45,VltClsLE,2330.95,1,2330.95,-1.34,-0.06,2.15,0.09,-1.34,-0.06,3216.13,0.32
3917,空头出场,2026-05-10 05:45,VltClsLE,2331.54,1,2329.61,-1.93,-0.08,2.35,0.10,-1.93,-0.08,3214.2,0.32
3917,空头进场,2026-05-10 04:00,VltClsSE,2329.61,1,2329.61,-1.93,-0.08,2.35,0.10,-1.93,-0.08,3214.2,0.32
3918,多头出场,2026-05-10 06:30,VltClsSE,2329.35,1,2331.54,-2.19,-0.09,1.93,0.08,-2.19,-0.09,3212.01,0.32
3918,多头进场,2026-05-10 05:45,VltClsLE,2331.54,1,2331.54,-2.19,-0.09,1.93,0.08,-2.19,-0.09,3212.01,0.32
3919,空头出场,2026-05-10 07:45,VltClsLE,2327.74,1,2329.35,1.61,0.07,4.65,0.20,-3.72,-0.16,3213.62,0.32
3919,空头进场,2026-05-10 06:30,VltClsSE,2329.35,1,2329.35,1.61,0.07,4.65,0.20,-3.72,-0.16,3213.62,0.32
3920,多头出场,2026-05-10 08:00,VltClsSE,2324.03,1,2327.74,-3.71,-0.16,0.34,0.01,-3.71,-0.16,3209.91,0.32
3920,多头进场,2026-05-10 07:45,VltClsLE,2327.74,1,2327.74,-3.71,-0.16,0.34,0.01,-3.71,-0.16,3209.91,0.32
3921,空头出场,2026-05-10 08:15,VltClsLE,2329.57,1,2324.03,-5.54,-0.24,0.1,0.00,-5.54,-0.24,3204.37,0.32
3921,空头进场,2026-05-10 08:00,VltClsSE,2324.03,1,2324.03,-5.54,-0.24,0.1,0.00,-5.54,-0.24,3204.37,0.32
3922,多头出场,2026-05-10 08:45,VltClsSE,2324.87,1,2329.57,-4.7,-0.20,0.14,0.01,-4.7,-0.20,3199.67,0.32
3922,多头进场,2026-05-10 08:15,VltClsLE,2329.57,1,2329.57,-4.7,-0.20,0.14,0.01,-4.7,-0.20,3199.67,0.32
3923,空头出场,2026-05-10 09:45,VltClsLE,2323.02,1,2324.87,1.85,0.08,6.54,0.28,0,0.00,3201.52,0.32
3923,空头进场,2026-05-10 08:45,VltClsSE,2324.87,1,2324.87,1.85,0.08,6.54,0.28,0,0.00,3201.52,0.32
3924,多头出场,2026-05-10 10:00,VltClsSE,2320.31,1,2323.02,-2.71,-0.12,1.95,0.08,-2.71,-0.12,3198.81,0.32
3924,多头进场,2026-05-10 09:45,VltClsLE,2323.02,1,2323.02,-2.71,-0.12,1.95,0.08,-2.71,-0.12,3198.81,0.32
3925,空头出场,2026-05-10 10:15,VltClsLE,2324.57,1,2320.31,-4.26,-0.18,0.23,0.01,-4.26,-0.18,3194.55,0.32
3925,空头进场,2026-05-10 10:00,VltClsSE,2320.31,1,2320.31,-4.26,-0.18,0.23,0.01,-4.26,-0.18,3194.55,0.32
3926,多头出场,2026-05-10 11:15,VltClsSE,2325.44,1,2324.57,0.87,0.04,5.14,0.22,-0.25,-0.01,3195.42,0.32
3926,多头进场,2026-05-10 10:15,VltClsLE,2324.57,1,2324.57,0.87,0.04,5.14,0.22,-0.25,-0.01,3195.42,0.32
3927,空头出场,2026-05-10 11:30,VltClsLE,2328.25,1,2325.44,-2.81,-0.12,1.74,0.07,-2.81,-0.12,3192.61,0.32
3927,空头进场,2026-05-10 11:15,VltClsSE,2325.44,1,2325.44,-2.81,-0.12,1.74,0.07,-2.81,-0.12,3192.61,0.32
3928,多头出场,2026-05-10 14:15,VltClsSE,2327.47,1,2328.25,-0.78,-0.03,4.66,0.20,-2.15,-0.09,3191.83,0.32
3928,多头进场,2026-05-10 11:30,VltClsLE,2328.25,1,2328.25,-0.78,-0.03,4.66,0.20,-2.15,-0.09,3191.83,0.32
3929,空头出场,2026-05-10 14:30,VltClsLE,2328.23,1,2327.47,-0.76,-0.03,0.82,0.04,-0.76,-0.03,3191.07,0.32
3929,空头进场,2026-05-10 14:15,VltClsSE,2327.47,1,2327.47,-0.76,-0.03,0.82,0.04,-0.76,-0.03,3191.07,0.32
3930,多头出场,2026-05-10 18:00,VltClsSE,2326.52,1,2328.23,-1.71,-0.07,5.36,0.23,-2.07,-0.09,3189.36,0.32
3930,多头进场,2026-05-10 14:30,VltClsLE,2328.23,1,2328.23,-1.71,-0.07,5.36,0.23,-2.07,-0.09,3189.36,0.32
3931,空头出场,2026-05-10 21:00,VltClsLE,2325.85,1,2326.52,0.67,0.03,7.52,0.32,-0.9,-0.04,3190.03,0.32
3931,空头进场,2026-05-10 18:00,VltClsSE,2326.52,1,2326.52,0.67,0.03,7.52,0.32,-0.9,-0.04,3190.03,0.32
3932,多头出场,2026-05-10 22:45,VltClsSE,2327.89,1,2325.85,2.04,0.09,9.15,0.39,0,0.00,3192.07,0.32
3932,多头进场,2026-05-10 21:00,VltClsLE,2325.85,1,2325.85,2.04,0.09,9.15,0.39,0,0.00,3192.07,0.32
3933,空头出场,2026-05-10 23:00,VltClsLE,2333.84,1,2327.89,-5.95,-0.26,0.75,0.03,-5.95,-0.26,3186.12,0.32
3933,空头进场,2026-05-10 22:45,VltClsSE,2327.89,1,2327.89,-5.95,-0.26,0.75,0.03,-5.95,-0.26,3186.12,0.32
3934,多头出场,2026-05-11 00:15,VltClsSE,2341.03,1,2333.84,7.19,0.31,17.82,0.76,-0.34,-0.01,3193.31,0.32
3934,多头进场,2026-05-10 23:00,VltClsLE,2333.84,1,2333.84,7.19,0.31,17.82,0.76,-0.34,-0.01,3193.31,0.32
3935,空头出场,2026-05-11 01:15,VltClsLE,2352.87,1,2341.03,-11.84,-0.51,0.92,0.04,-13.97,-0.60,3181.47,0.32
3935,空头进场,2026-05-11 00:15,VltClsSE,2341.03,1,2341.03,-11.84,-0.51,0.92,0.04,-13.97,-0.60,3181.47,0.32
3936,多头出场,2026-05-11 03:00,VltClsSE,2353.81,1,2352.87,0.94,0.04,15.13,0.64,-0.16,-0.01,3182.41,0.32
3936,多头进场,2026-05-11 01:15,VltClsLE,2352.87,1,2352.87,0.94,0.04,15.13,0.64,-0.16,-0.01,3182.41,0.32
3937,空头出场,2026-05-11 03:15,VltClsLE,2361.64,1,2353.81,-7.83,-0.33,2.56,0.11,-7.83,-0.33,3174.58,0.32
3937,空头进场,2026-05-11 03:00,VltClsSE,2353.81,1,2353.81,-7.83,-0.33,2.56,0.11,-7.83,-0.33,3174.58,0.32
3938,多头出场,2026-05-11 03:45,VltClsSE,2360.44,1,2361.64,-1.2,-0.05,5.15,0.22,-1.2,-0.05,3173.38,0.32
3938,多头进场,2026-05-11 03:15,VltClsLE,2361.64,1,2361.64,-1.2,-0.05,5.15,0.22,-1.2,-0.05,3173.38,0.32
3939,空头出场,2026-05-11 06:00,VltClsLE,2339.4,1,2360.44,21.04,0.89,48.61,2.06,-9.42,-0.40,3194.42,0.32
3939,空头进场,2026-05-11 03:45,VltClsSE,2360.44,1,2360.44,21.04,0.89,48.61,2.06,-9.42,-0.40,3194.42,0.32
3940,多头出场,2026-05-11 07:45,VltClsSE,2369.61,1,2339.4,30.21,1.29,43.13,1.84,0,0.00,3224.63,0.32
3940,多头进场,2026-05-11 06:00,VltClsLE,2339.4,1,2339.4,30.21,1.29,43.13,1.84,0,0.00,3224.63,0.32
3941,空头出场,2026-05-11 13:15,VltClsLE,2336.64,1,2369.61,32.97,1.39,49.6,2.09,-5.31,-0.22,3257.6,0.33
3941,空头进场,2026-05-11 07:45,VltClsSE,2369.61,1,2369.61,32.97,1.39,49.6,2.09,-5.31,-0.22,3257.6,0.33
3942,多头出场,2026-05-11 13:30,VltClsSE,2334.29,1,2336.64,-2.35,-0.10,3.85,0.16,-2.35,-0.10,3255.25,0.33
3942,多头进场,2026-05-11 13:15,VltClsLE,2336.64,1,2336.64,-2.35,-0.10,3.85,0.16,-2.35,-0.10,3255.25,0.33
3943,空头出场,2026-05-11 14:00,VltClsLE,2339.06,1,2334.29,-4.77,-0.20,0.81,0.03,-4.77,-0.20,3250.48,0.33
3943,空头进场,2026-05-11 13:30,VltClsSE,2334.29,1,2334.29,-4.77,-0.20,0.81,0.03,-4.77,-0.20,3250.48,0.33
3944,多头出场,2026-05-11 14:30,VltClsSE,2335.22,1,2339.06,-3.84,-0.16,3.38,0.14,-4.04,-0.17,3246.64,0.32
3944,多头进场,2026-05-11 14:00,VltClsLE,2339.06,1,2339.06,-3.84,-0.16,3.38,0.14,-4.04,-0.17,3246.64,0.32
3945,空头出场,2026-05-11 16:15,VltClsLE,2333.76,1,2335.22,1.46,0.06,8.56,0.37,0,0.00,3248.1,0.32
3945,空头进场,2026-05-11 14:30,VltClsSE,2335.22,1,2335.22,1.46,0.06,8.56,0.37,0,0.00,3248.1,0.32
3946,多头出场,2026-05-11 16:45,VltClsSE,2330.02,1,2333.76,-3.74,-0.16,0.9,0.04,-6.9,-0.30,3244.36,0.32
3946,多头进场,2026-05-11 16:15,VltClsLE,2333.76,1,2333.76,-3.74,-0.16,0.9,0.04,-6.9,-0.30,3244.36,0.32
3947,空头出场,2026-05-11 17:00,VltClsLE,2334.59,1,2330.02,-4.57,-0.20,0.34,0.01,-4.57,-0.20,3239.79,0.32
3947,空头进场,2026-05-11 16:45,VltClsSE,2330.02,1,2330.02,-4.57,-0.20,0.34,0.01,-4.57,-0.20,3239.79,0.32
3948,多头出场,2026-05-11 18:30,VltClsSE,2334.88,1,2334.59,0.29,0.01,5.31,0.23,-1.56,-0.07,3240.08,0.32
3948,多头进场,2026-05-11 17:00,VltClsLE,2334.59,1,2334.59,0.29,0.01,5.31,0.23,-1.56,-0.07,3240.08,0.32
3949,空头出场,2026-05-11 19:15,VltClsLE,2334.65,1,2334.88,0.23,0.01,7.45,0.32,0,0.00,3240.31,0.32
3949,空头进场,2026-05-11 18:30,VltClsSE,2334.88,1,2334.88,0.23,0.01,7.45,0.32,0,0.00,3240.31,0.32
3950,多头出场,2026-05-11 20:00,VltClsSE,2332.82,1,2334.65,-1.83,-0.08,1.84,0.08,-2.61,-0.11,3238.48,0.32
3950,多头进场,2026-05-11 19:15,VltClsLE,2334.65,1,2334.65,-1.83,-0.08,1.84,0.08,-2.61,-0.11,3238.48,0.32
3951,空头出场,2026-05-11 20:15,VltClsLE,2333.54,1,2332.82,-0.72,-0.03,3.6,0.15,-0.72,-0.03,3237.76,0.32
3951,空头进场,2026-05-11 20:00,VltClsSE,2332.82,1,2332.82,-0.72,-0.03,3.6,0.15,-0.72,-0.03,3237.76,0.32
3952,多头出场,2026-05-11 20:30,VltClsSE,2332.94,1,2333.54,-0.6,-0.03,5.35,0.23,-0.6,-0.03,3237.16,0.32
3952,多头进场,2026-05-11 20:15,VltClsLE,2333.54,1,2333.54,-0.6,-0.03,5.35,0.23,-0.6,-0.03,3237.16,0.32
3953,空头出场,2026-05-11 22:00,VltClsLE,2328.22,1,2332.94,4.72,0.20,18.17,0.78,-2.36,-0.10,3241.88,0.32
3953,空头进场,2026-05-11 20:30,VltClsSE,2332.94,1,2332.94,4.72,0.20,18.17,0.78,-2.36,-0.10,3241.88,0.32
3954,多头出场,2026-05-11 22:15,VltClsSE,2320.35,1,2328.22,-7.87,-0.34,0.58,0.02,-7.87,-0.34,3234.01,0.32
3954,多头进场,2026-05-11 22:00,VltClsLE,2328.22,1,2328.22,-7.87,-0.34,0.58,0.02,-7.87,-0.34,3234.01,0.32
3955,空头出场,2026-05-11 23:15,VltClsLE,2329.03,1,2320.35,-8.68,-0.37,16.35,0.70,-8.68,-0.37,3225.33,0.32
3955,空头进场,2026-05-11 22:15,VltClsSE,2320.35,1,2320.35,-8.68,-0.37,16.35,0.70,-8.68,-0.37,3225.33,0.32
3956,多头出场,2026-05-12 00:30,VltClsSE,2329.51,1,2329.03,0.48,0.02,12.18,0.52,-2.35,-0.10,3225.81,0.32
3956,多头进场,2026-05-11 23:15,VltClsLE,2329.03,1,2329.03,0.48,0.02,12.18,0.52,-2.35,-0.10,3225.81,0.32
3957,空头出场,2026-05-12 01:30,VltClsLE,2334.51,1,2329.51,-5,-0.21,5.83,0.25,-5,-0.21,3220.81,0.32
3957,空头进场,2026-05-12 00:30,VltClsSE,2329.51,1,2329.51,-5,-0.21,5.83,0.25,-5,-0.21,3220.81,0.32
3958,多头出场,2026-05-12 05:15,VltClsSE,2336.76,1,2334.51,2.25,0.10,10.93,0.47,-2.59,-0.11,3223.06,0.32
3958,多头进场,2026-05-12 01:30,VltClsLE,2334.51,1,2334.51,2.25,0.10,10.93,0.47,-2.59,-0.11,3223.06,0.32
3959,空头出场,2026-05-12 05:30,VltClsLE,2340.38,1,2336.76,-3.62,-0.15,0.4,0.02,-3.62,-0.15,3219.44,0.32
3959,空头进场,2026-05-12 05:15,VltClsSE,2336.76,1,2336.76,-3.62,-0.15,0.4,0.02,-3.62,-0.15,3219.44,0.32
3960,多头出场,2026-05-12 06:15,VltClsSE,2338.84,1,2340.38,-1.54,-0.07,5.3,0.23,-2.36,-0.10,3217.9,0.32
3960,多头进场,2026-05-12 05:30,VltClsLE,2340.38,1,2340.38,-1.54,-0.07,5.3,0.23,-2.36,-0.10,3217.9,0.32
3961,空头出场,2026-05-12 06:45,VltClsLE,2344.26,1,2338.84,-5.42,-0.23,2.21,0.09,-5.42,-0.23,3212.48,0.32
3961,空头进场,2026-05-12 06:15,VltClsSE,2338.84,1,2338.84,-5.42,-0.23,2.21,0.09,-5.42,-0.23,3212.48,0.32
3962,多头出场,2026-05-12 07:15,VltClsSE,2335.8,1,2344.26,-8.46,-0.36,0.74,0.03,-8.46,-0.36,3204.02,0.32
3962,多头进场,2026-05-12 06:45,VltClsLE,2344.26,1,2344.26,-8.46,-0.36,0.74,0.03,-8.46,-0.36,3204.02,0.32
3963,空头出场,2026-05-12 07:30,VltClsLE,2339.62,1,2335.8,-3.82,-0.16,0.72,0.03,-3.82,-0.16,3200.2,0.32
3963,空头进场,2026-05-12 07:15,VltClsSE,2335.8,1,2335.8,-3.82,-0.16,0.72,0.03,-3.82,-0.16,3200.2,0.32
3964,多头出场,2026-05-12 08:00,VltClsSE,2336.52,1,2339.62,-3.1,-0.13,2.61,0.11,-3.1,-0.13,3197.1,0.32
3964,多头进场,2026-05-12 07:30,VltClsLE,2339.62,1,2339.62,-3.1,-0.13,2.61,0.11,-3.1,-0.13,3197.1,0.32
3965,空头出场,2026-05-12 08:45,VltClsLE,2335.62,1,2336.52,0.9,0.04,4.39,0.19,-1.43,-0.06,3198,0.32
3965,空头进场,2026-05-12 08:00,VltClsSE,2336.52,1,2336.52,0.9,0.04,4.39,0.19,-1.43,-0.06,3198,0.32
3966,多头出场,2026-05-12 09:00,VltClsSE,2330.55,1,2335.62,-5.07,-0.22,0.38,0.02,-5.07,-0.22,3192.93,0.32
3966,多头进场,2026-05-12 08:45,VltClsLE,2335.62,1,2335.62,-5.07,-0.22,0.38,0.02,-5.07,-0.22,3192.93,0.32
3967,空头出场,2026-05-12 12:15,VltClsLE,2309.89,1,2330.55,20.66,0.89,35.54,1.52,0,0.00,3213.59,0.32
3967,空头进场,2026-05-12 09:00,VltClsSE,2330.55,1,2330.55,20.66,0.89,35.54,1.52,0,0.00,3213.59,0.32
3968,多头出场,2026-05-12 13:30,VltClsSE,2310.02,1,2309.89,0.13,0.01,4.6,0.20,-0.15,-0.01,3213.72,0.32
3968,多头进场,2026-05-12 12:15,VltClsLE,2309.89,1,2309.89,0.13,0.01,4.6,0.20,-0.15,-0.01,3213.72,0.32
3969,空头出场,2026-05-12 17:30,VltClsLE,2289.48,1,2310.02,20.54,0.89,30.02,1.30,-3.82,-0.17,3234.26,0.32
3969,空头进场,2026-05-12 13:30,VltClsSE,2310.02,1,2310.02,20.54,0.89,30.02,1.30,-3.82,-0.17,3234.26,0.32
3970,多头出场,2026-05-12 18:30,VltClsSE,2285.4,1,2289.48,-4.08,-0.18,5.82,0.25,-4.08,-0.18,3230.18,0.32
3970,多头进场,2026-05-12 17:30,VltClsLE,2289.48,1,2289.48,-4.08,-0.18,5.82,0.25,-4.08,-0.18,3230.18,0.32
3971,空头出场,2026-05-12 22:00,VltClsLE,2278.01,1,2285.4,7.39,0.32,16.52,0.72,-8.61,-0.38,3237.57,0.32
3971,空头进场,2026-05-12 18:30,VltClsSE,2285.4,1,2285.4,7.39,0.32,16.52,0.72,-8.61,-0.38,3237.57,0.32
3972,多头出场,2026-05-12 22:15,VltClsSE,2272.4,1,2278.01,-5.61,-0.25,3.88,0.17,-5.61,-0.25,3231.96,0.32
3972,多头进场,2026-05-12 22:00,VltClsLE,2278.01,1,2278.01,-5.61,-0.25,3.88,0.17,-5.61,-0.25,3231.96,0.32
3973,空头出场,2026-05-13 01:00,VltClsLE,2269.57,1,2272.4,2.83,0.12,16.13,0.71,-7.86,-0.35,3234.79,0.32
3973,空头进场,2026-05-12 22:15,VltClsSE,2272.4,1,2272.4,2.83,0.12,16.13,0.71,-7.86,-0.35,3234.79,0.32
3974,多头出场,2026-05-13 02:45,VltClsSE,2278.84,1,2269.57,9.27,0.41,15.03,0.66,0,0.00,3244.06,0.32
3974,多头进场,2026-05-13 01:00,VltClsLE,2269.57,1,2269.57,9.27,0.41,15.03,0.66,0,0.00,3244.06,0.32
3975,空头出场,2026-05-13 03:00,VltClsLE,2282.57,1,2278.84,-3.73,-0.16,0.05,0.00,-3.73,-0.16,3240.33,0.32
3975,空头进场,2026-05-13 02:45,VltClsSE,2278.84,1,2278.84,-3.73,-0.16,0.05,0.00,-3.73,-0.16,3240.33,0.32
3976,多头出场,2026-05-13 04:30,VltClsSE,2282.59,1,2282.57,0.02,0.00,4.86,0.21,-1.02,-0.04,3240.35,0.32
3976,多头进场,2026-05-13 03:00,VltClsLE,2282.57,1,2282.57,0.02,0.00,4.86,0.21,-1.02,-0.04,3240.35,0.32
3977,空头出场,2026-05-13 06:00,VltClsLE,2287.89,1,2282.59,-5.3,-0.23,1.27,0.06,-5.3,-0.23,3235.05,0.32
3977,空头进场,2026-05-13 04:30,VltClsSE,2282.59,1,2282.59,-5.3,-0.23,1.27,0.06,-5.3,-0.23,3235.05,0.32
3978,多头出场,2026-05-13 07:00,VltClsSE,2279.58,1,2287.89,-8.31,-0.36,3.48,0.15,-8.31,-0.36,3226.74,0.32
3978,多头进场,2026-05-13 06:00,VltClsLE,2287.89,1,2287.89,-8.31,-0.36,3.48,0.15,-8.31,-0.36,3226.74,0.32
3979,空头出场,2026-05-13 07:15,VltClsLE,2283.16,1,2279.58,-3.58,-0.16,0.4,0.02,-3.58,-0.16,3223.16,0.32
3979,空头进场,2026-05-13 07:00,VltClsSE,2279.58,1,2279.58,-3.58,-0.16,0.4,0.02,-3.58,-0.16,3223.16,0.32
3980,多头出场,2026-05-13 07:30,VltClsSE,2280.23,1,2283.16,-2.93,-0.13,0.36,0.02,-2.93,-0.13,3220.23,0.32
3980,多头进场,2026-05-13 07:15,VltClsLE,2283.16,1,2283.16,-2.93,-0.13,0.36,0.02,-2.93,-0.13,3220.23,0.32
3981,空头出场,2026-05-13 08:00,VltClsLE,2278.24,1,2280.23,1.99,0.09,6.89,0.30,0,0.00,3222.22,0.32
3981,空头进场,2026-05-13 07:30,VltClsSE,2280.23,1,2280.23,1.99,0.09,6.89,0.30,0,0.00,3222.22,0.32
3982,多头出场,2026-05-13 13:30,VltClsSE,2298.63,1,2278.24,20.39,0.89,30.76,1.35,-0.93,-0.04,3242.61,0.32
3982,多头进场,2026-05-13 08:00,VltClsLE,2278.24,1,2278.24,20.39,0.89,30.76,1.35,-0.93,-0.04,3242.61,0.32
3983,空头出场,2026-05-13 14:00,VltClsLE,2301,1,2298.63,-2.37,-0.10,3,0.13,-2.37,-0.10,3240.24,0.32
3983,空头进场,2026-05-13 13:30,VltClsSE,2298.63,1,2298.63,-2.37,-0.10,3,0.13,-2.37,-0.10,3240.24,0.32
3984,多头出场,2026-05-13 14:45,VltClsSE,2301.54,1,2301,0.54,0.02,4.13,0.18,0,0.00,3240.78,0.32
3984,多头进场,2026-05-13 14:00,VltClsLE,2301,1,2301,0.54,0.02,4.13,0.18,0,0.00,3240.78,0.32
3985,空头出场,2026-05-13 16:15,VltClsLE,2304.54,1,2301.54,-3,-0.13,4.59,0.20,-3,-0.13,3237.78,0.32
3985,空头进场,2026-05-13 14:45,VltClsSE,2301.54,1,2301.54,-3,-0.13,4.59,0.20,-3,-0.13,3237.78,0.32
3986,多头出场,2026-05-13 18:00,VltClsSE,2317.25,1,2304.54,12.71,0.55,18.82,0.82,-3.81,-0.17,3250.49,0.33
3986,多头进场,2026-05-13 16:15,VltClsLE,2304.54,1,2304.54,12.71,0.55,18.82,0.82,-3.81,-0.17,3250.49,0.33
3987,空头出场,2026-05-13 19:30,VltClsLE,2306.21,1,2317.25,11.04,0.48,18.25,0.79,0,0.00,3261.53,0.33
3987,空头进场,2026-05-13 18:00,VltClsSE,2317.25,1,2317.25,11.04,0.48,18.25,0.79,0,0.00,3261.53,0.33
3988,多头出场,2026-05-13 19:45,VltClsSE,2301.88,1,2306.21,-4.33,-0.19,1.59,0.07,-4.33,-0.19,3257.2,0.33
3988,多头进场,2026-05-13 19:30,VltClsLE,2306.21,1,2306.21,-4.33,-0.19,1.59,0.07,-4.33,-0.19,3257.2,0.33
3989,空头出场,2026-05-13 20:00,VltClsLE,2306.94,1,2301.88,-5.06,-0.22,1.88,0.08,-5.06,-0.22,3252.14,0.33
3989,空头进场,2026-05-13 19:45,VltClsSE,2301.88,1,2301.88,-5.06,-0.22,1.88,0.08,-5.06,-0.22,3252.14,0.33
3990,多头出场,2026-05-13 20:15,VltClsSE,2300,1,2306.94,-6.94,-0.30,0.6,0.03,-6.94,-0.30,3245.2,0.32
3990,多头进场,2026-05-13 20:00,VltClsLE,2306.94,1,2306.94,-6.94,-0.30,0.6,0.03,-6.94,-0.30,3245.2,0.32
3991,空头出场,2026-05-14 00:00,VltClsLE,2244.53,1,2300,55.47,2.41,65.87,2.86,0,0.00,3300.67,0.33
3991,空头进场,2026-05-13 20:15,VltClsSE,2300,1,2300,55.47,2.41,65.87,2.86,0,0.00,3300.67,0.33
3992,多头出场,2026-05-14 03:00,VltClsSE,2255.62,1,2244.53,11.09,0.49,23.96,1.07,-1.79,-0.08,3311.76,0.33
3992,多头进场,2026-05-14 00:00,VltClsLE,2244.53,1,2244.53,11.09,0.49,23.96,1.07,-1.79,-0.08,3311.76,0.33
3993,空头出场,2026-05-14 03:30,VltClsLE,2258.55,1,2255.62,-2.93,-0.13,5.06,0.22,-2.93,-0.13,3308.83,0.33
3993,空头进场,2026-05-14 03:00,VltClsSE,2255.62,1,2255.62,-2.93,-0.13,5.06,0.22,-2.93,-0.13,3308.83,0.33
3994,多头出场,2026-05-14 05:00,VltClsSE,2261.07,1,2258.55,2.52,0.11,5.91,0.26,-4.14,-0.18,3311.35,0.33
3994,多头进场,2026-05-14 03:30,VltClsLE,2258.55,1,2258.55,2.52,0.11,5.91,0.26,-4.14,-0.18,3311.35,0.33
3995,空头出场,2026-05-14 06:30,VltClsLE,2257.02,1,2261.07,4.05,0.18,10.07,0.45,0,0.00,3315.4,0.33
3995,空头进场,2026-05-14 05:00,VltClsSE,2261.07,1,2261.07,4.05,0.18,10.07,0.45,0,0.00,3315.4,0.33
3996,多头出场,2026-05-14 07:15,VltClsSE,2256.93,1,2257.02,-0.09,0.00,4.77,0.21,-0.09,0.00,3315.31,0.33
3996,多头进场,2026-05-14 06:30,VltClsLE,2257.02,1,2257.02,-0.09,0.00,4.77,0.21,-0.09,0.00,3315.31,0.33
3997,空头出场,2026-05-14 08:00,VltClsLE,2261.6,1,2256.93,-4.67,-0.21,2.1,0.09,-4.67,-0.21,3310.64,0.33
3997,空头进场,2026-05-14 07:15,VltClsSE,2256.93,1,2256.93,-4.67,-0.21,2.1,0.09,-4.67,-0.21,3310.64,0.33
3998,多头出场,2026-05-14 09:15,VltClsSE,2261.84,1,2261.6,0.24,0.01,7.77,0.34,0,0.00,3310.88,0.33
3998,多头进场,2026-05-14 08:00,VltClsLE,2261.6,1,2261.6,0.24,0.01,7.77,0.34,0,0.00,3310.88,0.33
3999,空头出场,2026-05-14 09:45,VltClsLE,2266.31,1,2261.84,-4.47,-0.20,1.94,0.09,-4.47,-0.20,3306.41,0.33
3999,空头进场,2026-05-14 09:15,VltClsSE,2261.84,1,2261.84,-4.47,-0.20,1.94,0.09,-4.47,-0.20,3306.41,0.33
4000,多头出场,2026-05-14 10:30,VltClsSE,2260.11,1,2266.31,-6.2,-0.27,0.86,0.04,-6.2,-0.27,3300.21,0.33
4000,多头进场,2026-05-14 09:45,VltClsLE,2266.31,1,2266.31,-6.2,-0.27,0.86,0.04,-6.2,-0.27,3300.21,0.33
4001,空头出场,2026-05-14 13:15,VltClsLE,2260.86,1,2260.11,-0.75,-0.03,21.47,0.95,-1,-0.04,3299.46,0.33
4001,空头进场,2026-05-14 10:30,VltClsSE,2260.11,1,2260.11,-0.75,-0.03,21.47,0.95,-1,-0.04,3299.46,0.33
4002,多头出场,2026-05-14 15:45,VltClsSE,2266.44,1,2260.86,5.58,0.25,14.34,0.63,0,0.00,3305.04,0.33
4002,多头进场,2026-05-14 13:15,VltClsLE,2260.86,1,2260.86,5.58,0.25,14.34,0.63,0,0.00,3305.04,0.33
4003,空头出场,2026-05-14 16:00,VltClsLE,2268.67,1,2266.44,-2.23,-0.10,4.39,0.19,-2.23,-0.10,3302.81,0.33
4003,空头进场,2026-05-14 15:45,VltClsSE,2266.44,1,2266.44,-2.23,-0.10,4.39,0.19,-2.23,-0.10,3302.81,0.33
4004,多头出场,2026-05-14 17:15,VltClsSE,2261.01,1,2268.67,-7.66,-0.34,2.32,0.10,-7.66,-0.34,3295.15,0.33
4004,多头进场,2026-05-14 16:00,VltClsLE,2268.67,1,2268.67,-7.66,-0.34,2.32,0.10,-7.66,-0.34,3295.15,0.33
4005,空头出场,2026-05-14 18:00,VltClsLE,2261.49,1,2261.01,-0.48,-0.02,8.25,0.36,-0.48,-0.02,3294.67,0.33
4005,空头进场,2026-05-14 17:15,VltClsSE,2261.01,1,2261.01,-0.48,-0.02,8.25,0.36,-0.48,-0.02,3294.67,0.33
4006,多头出场,2026-05-14 18:30,VltClsSE,2259.4,1,2261.49,-2.09,-0.09,4.02,0.18,-2.09,-0.09,3292.58,0.33
4006,多头进场,2026-05-14 18:00,VltClsLE,2261.49,1,2261.49,-2.09,-0.09,4.02,0.18,-2.09,-0.09,3292.58,0.33
4007,空头出场,2026-05-14 18:45,VltClsLE,2262.42,1,2259.4,-3.02,-0.13,3.56,0.16,-3.02,-0.13,3289.56,0.33
4007,空头进场,2026-05-14 18:30,VltClsSE,2259.4,1,2259.4,-3.02,-0.13,3.56,0.16,-3.02,-0.13,3289.56,0.33
4008,多头出场,2026-05-14 20:15,VltClsSE,2248.91,1,2262.42,-13.51,-0.60,1.58,0.07,-13.51,-0.60,3276.05,0.33
4008,多头进场,2026-05-14 18:45,VltClsLE,2262.42,1,2262.42,-13.51,-0.60,1.58,0.07,-13.51,-0.60,3276.05,0.33
4009,空头出场,2026-05-14 20:30,VltClsLE,2258.38,1,2248.91,-9.47,-0.42,0.91,0.04,-9.47,-0.42,3266.58,0.33
4009,空头进场,2026-05-14 20:15,VltClsSE,2248.91,1,2248.91,-9.47,-0.42,0.91,0.04,-9.47,-0.42,3266.58,0.33
4010,多头出场,2026-05-14 21:15,VltClsSE,2258.53,1,2258.38,0.15,0.01,6.94,0.31,0,0.00,3266.73,0.33
4010,多头进场,2026-05-14 20:30,VltClsLE,2258.38,1,2258.38,0.15,0.01,6.94,0.31,0,0.00,3266.73,0.33
4011,空头出场,2026-05-14 21:45,VltClsLE,2261.56,1,2258.53,-3.03,-0.13,9.13,0.40,-3.07,-0.14,3263.7,0.33
4011,空头进场,2026-05-14 21:15,VltClsSE,2258.53,1,2258.53,-3.03,-0.13,9.13,0.40,-3.07,-0.14,3263.7,0.33
4012,多头出场,2026-05-15 00:45,VltClsSE,2302.4,1,2261.56,40.84,1.81,57.1,2.52,-15.43,-0.68,3304.54,0.33
4012,多头进场,2026-05-14 21:45,VltClsLE,2261.56,1,2261.56,40.84,1.81,57.1,2.52,-15.43,-0.68,3304.54,0.33
4013,空头出场,2026-05-15 01:30,VltClsLE,2308.49,1,2302.4,-6.09,-0.26,8.44,0.37,-16.93,-0.74,3298.45,0.33
4013,空头进场,2026-05-15 00:45,VltClsSE,2302.4,1,2302.4,-6.09,-0.26,8.44,0.37,-16.93,-0.74,3298.45,0.33
4014,多头出场,2026-05-15 03:15,VltClsSE,2300.14,1,2308.49,-8.35,-0.36,8.29,0.36,-8.35,-0.36,3290.1,0.33
4014,多头进场,2026-05-15 01:30,VltClsLE,2308.49,1,2308.49,-8.35,-0.36,8.29,0.36,-8.35,-0.36,3290.1,0.33
4015,空头出场,2026-05-15 03:30,VltClsLE,2302.86,1,2300.14,-2.72,-0.12,2.64,0.11,-2.72,-0.12,3287.38,0.33
4015,空头进场,2026-05-15 03:15,VltClsSE,2300.14,1,2300.14,-2.72,-0.12,2.64,0.11,-2.72,-0.12,3287.38,0.33
4016,多头出场,2026-05-15 04:00,VltClsSE,2293.86,1,2302.86,-9,-0.39,0.19,0.01,-9,-0.39,3278.38,0.33
4016,多头进场,2026-05-15 03:30,VltClsLE,2302.86,1,2302.86,-9,-0.39,0.19,0.01,-9,-0.39,3278.38,0.33
4017,空头出场,2026-05-15 04:45,VltClsLE,2297.59,1,2293.86,-3.73,-0.16,5.16,0.22,-3.73,-0.16,3274.65,0.33
4017,空头进场,2026-05-15 04:00,VltClsSE,2293.86,1,2293.86,-3.73,-0.16,5.16,0.22,-3.73,-0.16,3274.65,0.33
4018,多头出场,2026-05-15 05:00,VltClsSE,2293.64,1,2297.59,-3.95,-0.17,1.57,0.07,-3.95,-0.17,3270.7,0.33
4018,多头进场,2026-05-15 04:45,VltClsLE,2297.59,1,2297.59,-3.95,-0.17,1.57,0.07,-3.95,-0.17,3270.7,0.33
4019,空头出场,2026-05-15 05:30,VltClsLE,2299.84,1,2293.64,-6.2,-0.27,3.64,0.16,-6.2,-0.27,3264.5,0.33
4019,空头进场,2026-05-15 05:00,VltClsSE,2293.64,1,2293.64,-6.2,-0.27,3.64,0.16,-6.2,-0.27,3264.5,0.33
4020,多头出场,2026-05-15 06:15,VltClsSE,2296.17,1,2299.84,-3.67,-0.16,0.43,0.02,-4.64,-0.20,3260.83,0.33
4020,多头进场,2026-05-15 05:30,VltClsLE,2299.84,1,2299.84,-3.67,-0.16,0.43,0.02,-4.64,-0.20,3260.83,0.33
4021,空头出场,2026-05-15 06:30,VltClsLE,2300.18,1,2296.17,-4.01,-0.17,0.6,0.03,-4.01,-0.17,3256.82,0.33
4021,空头进场,2026-05-15 06:15,VltClsSE,2296.17,1,2296.17,-4.01,-0.17,0.6,0.03,-4.01,-0.17,3256.82,0.33
4022,多头出场,2026-05-15 07:00,VltClsSE,2295.04,1,2300.18,-5.14,-0.22,1.49,0.06,-5.14,-0.22,3251.68,0.33
4022,多头进场,2026-05-15 06:30,VltClsLE,2300.18,1,2300.18,-5.14,-0.22,1.49,0.06,-5.14,-0.22,3251.68,0.33
4023,空头出场,2026-05-15 08:00,VltClsLE,2288.47,1,2295.04,6.57,0.29,14.86,0.65,-2.16,-0.09,3258.25,0.33
4023,空头进场,2026-05-15 07:00,VltClsSE,2295.04,1,2295.04,6.57,0.29,14.86,0.65,-2.16,-0.09,3258.25,0.33
4024,多头出场,2026-05-15 08:30,VltClsSE,2287.51,1,2288.47,-0.96,-0.04,11.82,0.52,-0.96,-0.04,3257.29,0.33
4024,多头进场,2026-05-15 08:00,VltClsLE,2288.47,1,2288.47,-0.96,-0.04,11.82,0.52,-0.96,-0.04,3257.29,0.33
4025,空头出场,2026-05-15 10:30,VltClsLE,2271.9,1,2287.51,15.61,0.68,27.06,1.18,-7.23,-0.32,3272.9,0.33
4025,空头进场,2026-05-15 08:30,VltClsSE,2287.51,1,2287.51,15.61,0.68,27.06,1.18,-7.23,-0.32,3272.9,0.33
4026,多头出场,2026-05-15 11:30,VltClsSE,2270.32,1,2271.9,-1.58,-0.07,7.74,0.34,-1.84,-0.08,3271.32,0.33
4026,多头进场,2026-05-15 10:30,VltClsLE,2271.9,1,2271.9,-1.58,-0.07,7.74,0.34,-1.84,-0.08,3271.32,0.33
4027,空头出场,2026-05-15 15:00,VltClsLE,2259.38,1,2270.32,10.94,0.48,32.37,1.43,-3.74,-0.16,3282.26,0.33
4027,空头进场,2026-05-15 11:30,VltClsSE,2270.32,1,2270.32,10.94,0.48,32.37,1.43,-3.74,-0.16,3282.26,0.33
4028,多头出场,2026-05-15 16:00,VltClsSE,2260.48,1,2259.38,1.1,0.05,12.26,0.54,-0.79,-0.03,3283.36,0.33
4028,多头进场,2026-05-15 15:00,VltClsLE,2259.38,1,2259.38,1.1,0.05,12.26,0.54,-0.79,-0.03,3283.36,0.33
4029,空头出场,2026-05-15 18:00,VltClsLE,2258.1,1,2260.48,2.38,0.11,10.48,0.46,-0.05,0.00,3285.74,0.33
4029,空头进场,2026-05-15 16:00,VltClsSE,2260.48,1,2260.48,2.38,0.11,10.48,0.46,-0.05,0.00,3285.74,0.33
4030,多头出场,2026-05-15 18:15,VltClsSE,2254.52,1,2258.1,-3.58,-0.16,0.9,0.04,-3.58,-0.16,3282.16,0.33
4030,多头进场,2026-05-15 18:00,VltClsLE,2258.1,1,2258.1,-3.58,-0.16,0.9,0.04,-3.58,-0.16,3282.16,0.33
4031,空头出场,2026-05-15 18:45,VltClsLE,2260.76,1,2254.52,-6.24,-0.28,1.5,0.07,-6.24,-0.28,3275.92,0.33
4031,空头进场,2026-05-15 18:15,VltClsSE,2254.52,1,2254.52,-6.24,-0.28,1.5,0.07,-6.24,-0.28,3275.92,0.33
4032,多头出场,2026-05-15 19:00,VltClsSE,2258.13,1,2260.76,-2.63,-0.12,3.73,0.16,-2.63,-0.12,3273.29,0.33
4032,多头进场,2026-05-15 18:45,VltClsLE,2260.76,1,2260.76,-2.63,-0.12,3.73,0.16,-2.63,-0.12,3273.29,0.33
4033,空头出场,2026-05-15 20:15,VltClsLE,2255.58,1,2258.13,2.55,0.11,6.99,0.31,-4.24,-0.19,3275.84,0.33
4033,空头进场,2026-05-15 19:00,VltClsSE,2258.13,1,2258.13,2.55,0.11,6.99,0.31,-4.24,-0.19,3275.84,0.33
4034,多头出场,2026-05-15 20:30,VltClsSE,2254.72,1,2255.58,-0.86,-0.04,5.14,0.23,-0.86,-0.04,3274.98,0.33
4034,多头进场,2026-05-15 20:15,VltClsLE,2255.58,1,2255.58,-0.86,-0.04,5.14,0.23,-0.86,-0.04,3274.98,0.33
4035,空头出场,2026-05-15 22:00,VltClsLE,2223.18,1,2254.72,31.54,1.40,49.61,2.20,-0.54,-0.02,3306.52,0.33
4035,空头进场,2026-05-15 20:30,VltClsSE,2254.72,1,2254.72,31.54,1.40,49.61,2.20,-0.54,-0.02,3306.52,0.33
4036,多头出场,2026-05-16 00:45,VltClsSE,2220.54,1,2223.18,-2.64,-0.12,7.93,0.36,-15.57,-0.70,3303.88,0.33
4036,多头进场,2026-05-15 22:00,VltClsLE,2223.18,1,2223.18,-2.64,-0.12,7.93,0.36,-15.57,-0.70,3303.88,0.33
4037,空头出场,2026-05-16 01:00,VltClsLE,2229.32,1,2220.54,-8.78,-0.40,1.64,0.07,-8.78,-0.40,3295.1,0.33
4037,空头进场,2026-05-16 00:45,VltClsSE,2220.54,1,2220.54,-8.78,-0.40,1.64,0.07,-8.78,-0.40,3295.1,0.33
4038,多头出场,2026-05-16 02:15,VltClsSE,2228.31,1,2229.32,-1.01,-0.05,3.56,0.16,-4.35,-0.20,3294.09,0.33
4038,多头进场,2026-05-16 01:00,VltClsLE,2229.32,1,2229.32,-1.01,-0.05,3.56,0.16,-4.35,-0.20,3294.09,0.33
4039,空头出场,2026-05-16 05:00,VltClsLE,2223.94,1,2228.31,4.37,0.20,11.32,0.51,-1.57,-0.07,3298.46,0.33
4039,空头进场,2026-05-16 02:15,VltClsSE,2228.31,1,2228.31,4.37,0.20,11.32,0.51,-1.57,-0.07,3298.46,0.33
4040,多头出场,2026-05-16 05:15,VltClsSE,2220.54,1,2223.94,-3.4,-0.15,1.14,0.05,-3.4,-0.15,3295.06,0.33
4040,多头进场,2026-05-16 05:00,VltClsLE,2223.94,1,2223.94,-3.4,-0.15,1.14,0.05,-3.4,-0.15,3295.06,0.33
4041,空头出场,2026-05-16 06:00,VltClsLE,2220.23,1,2220.54,0.31,0.01,5.54,0.25,-1.17,-0.05,3295.37,0.33
4041,空头进场,2026-05-16 05:15,VltClsSE,2220.54,1,2220.54,0.31,0.01,5.54,0.25,-1.17,-0.05,3295.37,0.33
4042,多头出场,2026-05-16 09:15,VltClsSE,2226.07,1,2220.23,5.84,0.26,11.28,0.51,-0.49,-0.02,3301.21,0.33
4042,多头进场,2026-05-16 06:00,VltClsLE,2220.23,1,2220.23,5.84,0.26,11.28,0.51,-0.49,-0.02,3301.21,0.33
4043,空头出场,2026-05-16 09:45,VltClsLE,2226.75,1,2226.07,-0.68,-0.03,2.54,0.11,-0.68,-0.03,3300.53,0.33
4043,空头进场,2026-05-16 09:15,VltClsSE,2226.07,1,2226.07,-0.68,-0.03,2.54,0.11,-0.68,-0.03,3300.53,0.33
4044,多头出场,2026-05-16 11:30,VltClsSE,2228.84,1,2226.75,2.09,0.09,4.75,0.21,0,0.00,3302.62,0.33
4044,多头进场,2026-05-16 09:45,VltClsLE,2226.75,1,2226.75,2.09,0.09,4.75,0.21,0,0.00,3302.62,0.33
4045,空头出场,2026-05-16 12:45,VltClsLE,2225.86,1,2228.84,2.98,0.13,10.49,0.47,-0.12,-0.01,3305.6,0.33
4045,空头进场,2026-05-16 11:30,VltClsSE,2228.84,1,2228.84,2.98,0.13,10.49,0.47,-0.12,-0.01,3305.6,0.33
4046,多头出场,2026-05-16 13:00,VltClsSE,2223.4,1,2225.86,-2.46,-0.11,0.52,0.02,-2.46,-0.11,3303.14,0.33
4046,多头进场,2026-05-16 12:45,VltClsLE,2225.86,1,2225.86,-2.46,-0.11,0.52,0.02,-2.46,-0.11,3303.14,0.33
4047,空头出场,2026-05-16 17:30,VltClsLE,2177.06,1,2223.4,46.34,2.08,60.8,2.73,-3.73,-0.17,3349.48,0.33
4047,空头进场,2026-05-16 13:00,VltClsSE,2223.4,1,2223.4,46.34,2.08,60.8,2.73,-3.73,-0.17,3349.48,0.33
4048,多头出场,2026-05-16 18:15,VltClsSE,2163,1,2177.06,-14.06,-0.65,0.86,0.04,-14.06,-0.65,3335.42,0.33
4048,多头进场,2026-05-16 17:30,VltClsLE,2177.06,1,2177.06,-14.06,-0.65,0.86,0.04,-14.06,-0.65,3335.42,0.33
4049,空头出场,2026-05-16 21:15,VltClsLE,2175.9,1,2163,-12.9,-0.60,0.45,0.02,-18,-0.83,3322.52,0.33
4049,空头进场,2026-05-16 18:15,VltClsSE,2163,1,2163,-12.9,-0.60,0.45,0.02,-18,-0.83,3322.52,0.33
4050,多头出场,2026-05-16 21:30,VltClsSE,2173.98,1,2175.9,-1.92,-0.09,4.1,0.19,-1.92,-0.09,3320.6,0.33
4050,多头进场,2026-05-16 21:15,VltClsLE,2175.9,1,2175.9,-1.92,-0.09,4.1,0.19,-1.92,-0.09,3320.6,0.33
4051,空头出场,2026-05-16 22:30,VltClsLE,2180.39,1,2173.98,-6.41,-0.29,0.47,0.02,-6.41,-0.29,3314.19,0.33
4051,空头进场,2026-05-16 21:30,VltClsSE,2173.98,1,2173.98,-6.41,-0.29,0.47,0.02,-6.41,-0.29,3314.19,0.33
4052,多头出场,2026-05-16 22:45,VltClsSE,2178.81,1,2180.39,-1.58,-0.07,2.17,0.10,-1.58,-0.07,3312.61,0.33
4052,多头进场,2026-05-16 22:30,VltClsLE,2180.39,1,2180.39,-1.58,-0.07,2.17,0.10,-1.58,-0.07,3312.61,0.33
4053,空头出场,2026-05-16 23:30,VltClsLE,2182.2,1,2178.81,-3.39,-0.16,1.91,0.09,-9.35,-0.43,3309.22,0.33
4053,空头进场,2026-05-16 22:45,VltClsSE,2178.81,1,2178.81,-3.39,-0.16,1.91,0.09,-9.35,-0.43,3309.22,0.33
4054,多头出场,2026-05-17 00:00,VltClsSE,2175.79,1,2182.2,-6.41,-0.29,1.32,0.06,-6.41,-0.29,3302.81,0.33
4054,多头进场,2026-05-16 23:30,VltClsLE,2182.2,1,2182.2,-6.41,-0.29,1.32,0.06,-6.41,-0.29,3302.81,0.33
4055,空头出场,2026-05-17 02:30,VltClsLE,2180.17,1,2175.79,-4.38,-0.20,5.29,0.24,-5.08,-0.23,3298.43,0.33
4055,空头进场,2026-05-17 00:00,VltClsSE,2175.79,1,2175.79,-4.38,-0.20,5.29,0.24,-5.08,-0.23,3298.43,0.33
4056,多头出场,2026-05-17 04:30,VltClsSE,2180.43,1,2180.17,0.26,0.01,5.05,0.23,-0.98,-0.04,3298.69,0.33
4056,多头进场,2026-05-17 02:30,VltClsLE,2180.17,1,2180.17,0.26,0.01,5.05,0.23,-0.98,-0.04,3298.69,0.33
4057,空头出场,2026-05-17 05:00,VltClsLE,2183.17,1,2180.43,-2.74,-0.13,0.46,0.02,-2.74,-0.13,3295.95,0.33
4057,空头进场,2026-05-17 04:30,VltClsSE,2180.43,1,2180.43,-2.74,-0.13,0.46,0.02,-2.74,-0.13,3295.95,0.33
4058,多头出场,2026-05-17 05:15,VltClsSE,2181.11,1,2183.17,-2.06,-0.09,0.37,0.02,-2.06,-0.09,3293.89,0.33
4058,多头进场,2026-05-17 05:00,VltClsLE,2183.17,1,2183.17,-2.06,-0.09,0.37,0.02,-2.06,-0.09,3293.89,0.33
4059,空头出场,2026-05-17 07:15,VltClsLE,2181.74,1,2181.11,-0.63,-0.03,1.76,0.08,-2.33,-0.11,3293.26,0.33
4059,空头进场,2026-05-17 05:15,VltClsSE,2181.11,1,2181.11,-0.63,-0.03,1.76,0.08,-2.33,-0.11,3293.26,0.33
4060,多头出场,2026-05-17 07:45,VltClsSE,2180.8,1,2181.74,-0.94,-0.04,1.29,0.06,-0.94,-0.04,3292.32,0.33
4060,多头进场,2026-05-17 07:15,VltClsLE,2181.74,1,2181.74,-0.94,-0.04,1.29,0.06,-0.94,-0.04,3292.32,0.33
4061,空头出场,2026-05-17 08:00,VltClsLE,2182.19,1,2180.8,-1.39,-0.06,0.69,0.03,-1.39,-0.06,3290.93,0.33
4061,空头进场,2026-05-17 07:45,VltClsSE,2180.8,1,2180.8,-1.39,-0.06,0.69,0.03,-1.39,-0.06,3290.93,0.33
4062,多头出场,2026-05-17 08:30,VltClsSE,2181.63,1,2182.19,-0.56,-0.03,3.41,0.16,-0.56,-0.03,3290.37,0.33
4062,多头进场,2026-05-17 08:00,VltClsLE,2182.19,1,2182.19,-0.56,-0.03,3.41,0.16,-0.56,-0.03,3290.37,0.33
4063,空头出场,2026-05-17 09:00,VltClsLE,2180.84,1,2181.63,0.79,0.04,7.55,0.35,-0.44,-0.02,3291.16,0.33
4063,空头进场,2026-05-17 08:30,VltClsSE,2181.63,1,2181.63,0.79,0.04,7.55,0.35,-0.44,-0.02,3291.16,0.33
4064,多头出场,2026-05-17 09:15,VltClsSE,2177.53,1,2180.84,-3.31,-0.15,2.76,0.13,-3.31,-0.15,3287.85,0.33
4064,多头进场,2026-05-17 09:00,VltClsLE,2180.84,1,2180.84,-3.31,-0.15,2.76,0.13,-3.31,-0.15,3287.85,0.33
4065,空头出场,2026-05-17 10:00,VltClsLE,2175,1,2177.53,2.53,0.12,9.55,0.44,-0.44,-0.02,3290.38,0.33
4065,空头进场,2026-05-17 09:15,VltClsSE,2177.53,1,2177.53,2.53,0.12,9.55,0.44,-0.44,-0.02,3290.38,0.33
4066,多头出场,2026-05-17 14:15,VltClsSE,2184.15,1,2175,9.15,0.42,20,0.92,-3.56,-0.16,3299.53,0.33
4066,多头进场,2026-05-17 10:00,VltClsLE,2175,1,2175,9.15,0.42,20,0.92,-3.56,-0.16,3299.53,0.33
4067,空头出场,2026-05-17 14:45,VltClsLE,2184.98,1,2184.15,-0.83,-0.04,2.45,0.11,-1.34,-0.06,3298.7,0.33
4067,空头进场,2026-05-17 14:15,VltClsSE,2184.15,1,2184.15,-0.83,-0.04,2.45,0.11,-1.34,-0.06,3298.7,0.33
4068,多头出场,2026-05-17 16:15,VltClsSE,2183.58,1,2184.98,-1.4,-0.06,3.51,0.16,-2.45,-0.11,3297.3,0.33
4068,多头进场,2026-05-17 14:45,VltClsLE,2184.98,1,2184.98,-1.4,-0.06,3.51,0.16,-2.45,-0.11,3297.3,0.33
4069,空头出场,2026-05-17 16:30,VltClsLE,2186.61,1,2183.58,-3.03,-0.14,0.46,0.02,-3.03,-0.14,3294.27,0.33
4069,空头进场,2026-05-17 16:15,VltClsSE,2183.58,1,2183.58,-3.03,-0.14,0.46,0.02,-3.03,-0.14,3294.27,0.33
4070,多头出场,2026-05-17 17:30,VltClsSE,2187.66,1,2186.61,1.05,0.05,3.39,0.16,-1.4,-0.06,3295.32,0.33
4070,多头进场,2026-05-17 16:30,VltClsLE,2186.61,1,2186.61,1.05,0.05,3.39,0.16,-1.4,-0.06,3295.32,0.33
4071,空头出场,2026-05-17 17:45,VltClsLE,2189.42,1,2187.66,-1.76,-0.08,0.67,0.03,-1.76,-0.08,3293.56,0.33
4071,空头进场,2026-05-17 17:30,VltClsSE,2187.66,1,2187.66,-1.76,-0.08,0.67,0.03,-1.76,-0.08,3293.56,0.33
4072,多头出场,2026-05-17 19:00,VltClsSE,2191.08,1,2189.42,1.66,0.08,8.72,0.40,0,0.00,3295.22,0.33
4072,多头进场,2026-05-17 17:45,VltClsLE,2189.42,1,2189.42,1.66,0.08,8.72,0.40,0,0.00,3295.22,0.33
4073,空头出场,2026-05-17 19:30,VltClsLE,2191.24,1,2191.08,-0.16,-0.01,3.08,0.14,-0.16,-0.01,3295.06,0.33
4073,空头进场,2026-05-17 19:00,VltClsSE,2191.08,1,2191.08,-0.16,-0.01,3.08,0.14,-0.16,-0.01,3295.06,0.33
4074,多头出场,2026-05-17 20:45,VltClsSE,2194.49,1,2191.24,3.25,0.15,6.8,0.31,-0.15,-0.01,3298.31,0.33
4074,多头进场,2026-05-17 19:30,VltClsLE,2191.24,1,2191.24,3.25,0.15,6.8,0.31,-0.15,-0.01,3298.31,0.33
4075,空头出场,2026-05-18 02:00,VltClsLE,2187.31,1,2194.49,7.18,0.33,17.86,0.81,-0.44,-0.02,3305.49,0.33
4075,空头进场,2026-05-17 20:45,VltClsSE,2194.49,1,2194.49,7.18,0.33,17.86,0.81,-0.44,-0.02,3305.49,0.33
4076,多头出场,2026-05-18 02:15,VltClsSE,2180.17,1,2187.31,-7.14,-0.33,0.46,0.02,-7.14,-0.33,3298.35,0.33
4076,多头进场,2026-05-18 02:00,VltClsLE,2187.31,1,2187.31,-7.14,-0.33,0.46,0.02,-7.14,-0.33,3298.35,0.33
4077,空头出场,2026-05-18 02:45,VltClsLE,2186.93,1,2180.17,-6.76,-0.31,1.04,0.05,-6.76,-0.31,3291.59,0.33
4077,空头进场,2026-05-18 02:15,VltClsSE,2180.17,1,2180.17,-6.76,-0.31,1.04,0.05,-6.76,-0.31,3291.59,0.33
4078,多头出场,2026-05-18 04:00,VltClsSE,2189.52,1,2186.93,2.59,0.12,6.75,0.31,0,0.00,3294.18,0.33
4078,多头进场,2026-05-18 02:45,VltClsLE,2186.93,1,2186.93,2.59,0.12,6.75,0.31,0,0.00,3294.18,0.33
4079,空头出场,2026-05-18 05:15,VltClsLE,2191.66,1,2189.52,-2.14,-0.10,2.54,0.12,-2.14,-0.10,3292.04,0.33
4079,空头进场,2026-05-18 04:00,VltClsSE,2189.52,1,2189.52,-2.14,-0.10,2.54,0.12,-2.14,-0.10,3292.04,0.33
4080,多头出场,2026-05-18 06:00,VltClsSE,2189.9,1,2191.66,-1.76,-0.08,3.16,0.14,-1.76,-0.08,3290.28,0.33
4080,多头进场,2026-05-18 05:15,VltClsLE,2191.66,1,2191.66,-1.76,-0.08,3.16,0.14,-1.76,-0.08,3290.28,0.33
4081,空头出场,2026-05-18 09:45,VltClsLE,2116.75,1,2189.9,73.15,3.34,98.42,4.49,0,0.00,3363.43,0.34
4081,空头进场,2026-05-18 06:00,VltClsSE,2189.9,1,2189.9,73.15,3.34,98.42,4.49,0,0.00,3363.43,0.34
4082,多头出场,2026-05-18 12:15,VltClsSE,2117.92,1,2116.75,1.17,0.06,7.25,0.34,-3.97,-0.19,3364.6,0.34
4082,多头进场,2026-05-18 09:45,VltClsLE,2116.75,1,2116.75,1.17,0.06,7.25,0.34,-3.97,-0.19,3364.6,0.34
4083,空头出场,2026-05-18 12:30,VltClsLE,2119.87,1,2117.92,-1.95,-0.09,3.68,0.17,-1.95,-0.09,3362.65,0.34
4083,空头进场,2026-05-18 12:15,VltClsSE,2117.92,1,2117.92,-1.95,-0.09,3.68,0.17,-1.95,-0.09,3362.65,0.34
4084,多头出场,2026-05-18 13:30,VltClsSE,2119.72,1,2119.87,-0.15,-0.01,5.96,0.28,-0.17,-0.01,3362.5,0.34
4084,多头进场,2026-05-18 12:30,VltClsLE,2119.87,1,2119.87,-0.15,-0.01,5.96,0.28,-0.17,-0.01,3362.5,0.34
4085,空头出场,2026-05-18 15:45,VltClsLE,2121.22,1,2119.72,-1.5,-0.07,9.72,0.46,-4.27,-0.20,3361,0.34
4085,空头进场,2026-05-18 13:30,VltClsSE,2119.72,1,2119.72,-1.5,-0.07,9.72,0.46,-4.27,-0.20,3361,0.34
4086,多头出场,2026-05-18 17:00,VltClsSE,2118.48,1,2121.22,-2.74,-0.13,2.83,0.13,-3.74,-0.18,3358.26,0.34
4086,多头进场,2026-05-18 15:45,VltClsLE,2121.22,1,2121.22,-2.74,-0.13,2.83,0.13,-3.74,-0.18,3358.26,0.34
4087,空头出场,2026-05-18 18:45,VltClsLE,2117,1,2118.48,1.48,0.07,5.83,0.28,-1.86,-0.09,3359.74,0.34
4087,空头进场,2026-05-18 17:00,VltClsSE,2118.48,1,2118.48,1.48,0.07,5.83,0.28,-1.86,-0.09,3359.74,0.34
4088,多头出场,2026-05-18 19:00,VltClsSE,2111.88,1,2117,-5.12,-0.24,0.32,0.02,-5.12,-0.24,3354.62,0.34
4088,多头进场,2026-05-18 18:45,VltClsLE,2117,1,2117,-5.12,-0.24,0.32,0.02,-5.12,-0.24,3354.62,0.34
4089,空头出场,2026-05-18 19:30,VltClsLE,2117.44,1,2111.88,-5.56,-0.26,1.38,0.07,-5.56,-0.26,3349.06,0.33
4089,空头进场,2026-05-18 19:00,VltClsSE,2111.88,1,2111.88,-5.56,-0.26,1.38,0.07,-5.56,-0.26,3349.06,0.33
4090,多头出场,2026-05-18 21:30,VltClsSE,2136.69,1,2117.44,19.25,0.91,39.8,1.88,0,0.00,3368.31,0.34
4090,多头进场,2026-05-18 19:30,VltClsLE,2117.44,1,2117.44,19.25,0.91,39.8,1.88,0,0.00,3368.31,0.34
4091,空头出场,2026-05-18 21:45,VltClsLE,2133.97,1,2136.69,2.72,0.13,16.44,0.77,0,0.00,3371.03,0.34
4091,空头进场,2026-05-18 21:30,VltClsSE,2136.69,1,2136.69,2.72,0.13,16.44,0.77,0,0.00,3371.03,0.34
4092,多头出场,2026-05-18 22:15,VltClsSE,2115.92,1,2133.97,-18.05,-0.85,3.38,0.16,-18.05,-0.85,3352.98,0.34
4092,多头进场,2026-05-18 21:45,VltClsLE,2133.97,1,2133.97,-18.05,-0.85,3.38,0.16,-18.05,-0.85,3352.98,0.34
4093,空头出场,2026-05-18 23:30,VltClsLE,2107.7,1,2115.92,8.22,0.39,22.15,1.05,-3.08,-0.15,3361.2,0.34
4093,空头进场,2026-05-18 22:15,VltClsSE,2115.92,1,2115.92,8.22,0.39,22.15,1.05,-3.08,-0.15,3361.2,0.34
4094,多头出场,2026-05-19 00:15,VltClsSE,2098.81,1,2107.7,-8.89,-0.42,3.49,0.17,-8.89,-0.42,3352.31,0.34
4094,多头进场,2026-05-18 23:30,VltClsLE,2107.7,1,2107.7,-8.89,-0.42,3.49,0.17,-8.89,-0.42,3352.31,0.34
4095,空头出场,2026-05-19 01:00,VltClsLE,2105.11,1,2098.81,-6.3,-0.30,8.25,0.39,-6.3,-0.30,3346.01,0.33
4095,空头进场,2026-05-19 00:15,VltClsSE,2098.81,1,2098.81,-6.3,-0.30,8.25,0.39,-6.3,-0.30,3346.01,0.33
4096,多头出场,2026-05-19 02:00,VltClsSE,2103.53,1,2105.11,-1.58,-0.08,5.08,0.24,-2.69,-0.13,3344.43,0.33
4096,多头进场,2026-05-19 01:00,VltClsLE,2105.11,1,2105.11,-1.58,-0.08,5.08,0.24,-2.69,-0.13,3344.43,0.33
4097,空头出场,2026-05-19 03:00,VltClsLE,2089.49,1,2103.53,14.04,0.67,26.3,1.25,0,0.00,3358.47,0.34
4097,空头进场,2026-05-19 02:00,VltClsSE,2103.53,1,2103.53,14.04,0.67,26.3,1.25,0,0.00,3358.47,0.34
4098,多头出场,2026-05-19 04:45,VltClsSE,2115.54,1,2089.49,26.05,1.25,41.54,1.99,0,0.00,3384.52,0.34
4098,多头进场,2026-05-19 03:00,VltClsLE,2089.49,1,2089.49,26.05,1.25,41.54,1.99,0,0.00,3384.52,0.34
4099,空头出场,2026-05-19 05:00,VltClsLE,2123.64,1,2115.54,-8.1,-0.38,0.95,0.04,-8.1,-0.38,3376.42,0.34
4099,空头进场,2026-05-19 04:45,VltClsSE,2115.54,1,2115.54,-8.1,-0.38,0.95,0.04,-8.1,-0.38,3376.42,0.34
4100,多头出场,2026-05-19 07:45,VltClsSE,2130.97,1,2123.64,7.33,0.35,19.03,0.90,-1.95,-0.09,3383.75,0.34
4100,多头进场,2026-05-19 05:00,VltClsLE,2123.64,1,2123.64,7.33,0.35,19.03,0.90,-1.95,-0.09,3383.75,0.34
4101,空头出场,2026-05-19 08:00,VltClsLE,2133.54,1,2130.97,-2.57,-0.12,3.22,0.15,-2.57,-0.12,3381.18,0.34
4101,空头进场,2026-05-19 07:45,VltClsSE,2130.97,1,2130.97,-2.57,-0.12,3.22,0.15,-2.57,-0.12,3381.18,0.34
4102,多头出场,2026-05-19 09:15,VltClsSE,2129.57,1,2133.54,-3.97,-0.19,13.41,0.63,-3.97,-0.19,3377.21,0.34
4102,多头进场,2026-05-19 08:00,VltClsLE,2133.54,1,2133.54,-3.97,-0.19,13.41,0.63,-3.97,-0.19,3377.21,0.34
4103,空头出场,2026-05-19 09:30,VltClsLE,2132.79,1,2129.57,-3.22,-0.15,5.86,0.28,-3.22,-0.15,3373.99,0.34
4103,空头进场,2026-05-19 09:15,VltClsSE,2129.57,1,2129.57,-3.22,-0.15,5.86,0.28,-3.22,-0.15,3373.99,0.34
4104,多头出场,2026-05-19 09:45,VltClsSE,2125.18,1,2132.79,-7.61,-0.36,0.21,0.01,-7.61,-0.36,3366.38,0.34
4104,多头进场,2026-05-19 09:30,VltClsLE,2132.79,1,2132.79,-7.61,-0.36,0.21,0.01,-7.61,-0.36,3366.38,0.34
4105,空头出场,2026-05-19 10:15,VltClsLE,2131.59,1,2125.18,-6.41,-0.30,6.58,0.31,-6.41,-0.30,3359.97,0.34
4105,空头进场,2026-05-19 09:45,VltClsSE,2125.18,1,2125.18,-6.41,-0.30,6.58,0.31,-6.41,-0.30,3359.97,0.34
4106,多头出场,2026-05-19 12:15,VltClsSE,2131.18,1,2131.59,-0.41,-0.02,5.06,0.24,-9.53,-0.45,3359.56,0.34
4106,多头进场,2026-05-19 10:15,VltClsLE,2131.59,1,2131.59,-0.41,-0.02,5.06,0.24,-9.53,-0.45,3359.56,0.34
4107,空头出场,2026-05-19 12:30,VltClsLE,2134.24,1,2131.18,-3.06,-0.14,2.96,0.14,-3.06,-0.14,3356.5,0.34
4107,空头进场,2026-05-19 12:15,VltClsSE,2131.18,1,2131.18,-3.06,-0.14,2.96,0.14,-3.06,-0.14,3356.5,0.34
4108,多头出场,2026-05-19 13:00,VltClsSE,2130.07,1,2134.24,-4.17,-0.20,1.04,0.05,-4.17,-0.20,3352.33,0.34
4108,多头进场,2026-05-19 12:30,VltClsLE,2134.24,1,2134.24,-4.17,-0.20,1.04,0.05,-4.17,-0.20,3352.33,0.34
4109,空头出场,2026-05-19 13:30,VltClsLE,2134.07,1,2130.07,-4,-0.19,6.46,0.30,-4,-0.19,3348.33,0.33
4109,空头进场,2026-05-19 13:00,VltClsSE,2130.07,1,2130.07,-4,-0.19,6.46,0.30,-4,-0.19,3348.33,0.33
4110,多头出场,2026-05-19 16:00,VltClsSE,2137.58,1,2134.07,3.51,0.16,10.93,0.51,-1.69,-0.08,3351.84,0.34
4110,多头进场,2026-05-19 13:30,VltClsLE,2134.07,1,2134.07,3.51,0.16,10.93,0.51,-1.69,-0.08,3351.84,0.34
4111,空头出场,2026-05-19 16:30,VltClsLE,2138.33,1,2137.58,-0.75,-0.04,6.57,0.31,-0.75,-0.04,3351.09,0.34
4111,空头进场,2026-05-19 16:00,VltClsSE,2137.58,1,2137.58,-0.75,-0.04,6.57,0.31,-0.75,-0.04,3351.09,0.34
4112,多头出场,2026-05-19 17:15,VltClsSE,2127.28,1,2138.33,-11.05,-0.52,2.96,0.14,-11.05,-0.52,3340.04,0.33
4112,多头进场,2026-05-19 16:30,VltClsLE,2138.33,1,2138.33,-11.05,-0.52,2.96,0.14,-11.05,-0.52,3340.04,0.33
4113,空头出场,2026-05-19 18:45,VltClsLE,2115.02,1,2127.28,12.26,0.58,20.51,0.96,0,0.00,3352.3,0.34
4113,空头进场,2026-05-19 17:15,VltClsSE,2127.28,1,2127.28,12.26,0.58,20.51,0.96,0,0.00,3352.3,0.34
4114,多头出场,2026-05-19 21:00,VltClsSE,2115.81,1,2115.02,0.79,0.04,5.43,0.26,-6.38,-0.30,3353.09,0.34
4114,多头进场,2026-05-19 18:45,VltClsLE,2115.02,1,2115.02,0.79,0.04,5.43,0.26,-6.38,-0.30,3353.09,0.34
4115,空头出场,2026-05-19 21:30,VltClsLE,2111.75,1,2115.81,4.06,0.19,8.16,0.39,0,0.00,3357.15,0.34
4115,空头进场,2026-05-19 21:00,VltClsSE,2115.81,1,2115.81,4.06,0.19,8.16,0.39,0,0.00,3357.15,0.34
4116,多头出场,2026-05-19 22:00,VltClsSE,2111.41,1,2111.75,-0.34,-0.02,15.78,0.75,-0.34,-0.02,3356.81,0.34
4116,多头进场,2026-05-19 21:30,VltClsLE,2111.75,1,2111.75,-0.34,-0.02,15.78,0.75,-0.34,-0.02,3356.81,0.34
4117,空头出场,2026-05-20 00:30,VltClsLE,2116.86,1,2111.41,-5.45,-0.26,16.94,0.80,-5.45,-0.26,3351.36,0.34
4117,空头进场,2026-05-19 22:00,VltClsSE,2111.41,1,2111.41,-5.45,-0.26,16.94,0.80,-5.45,-0.26,3351.36,0.34
4118,多头出场,2026-05-20 01:30,VltClsSE,2115.64,1,2116.86,-1.22,-0.06,8.21,0.39,-1.22,-0.06,3350.14,0.34
4118,多头进场,2026-05-20 00:30,VltClsLE,2116.86,1,2116.86,-1.22,-0.06,8.21,0.39,-1.22,-0.06,3350.14,0.34
4119,空头出场,2026-05-20 03:00,VltClsLE,2119.3,1,2115.64,-3.66,-0.17,4.9,0.23,-3.98,-0.19,3346.48,0.33
4119,空头进场,2026-05-20 01:30,VltClsSE,2115.64,1,2115.64,-3.66,-0.17,4.9,0.23,-3.98,-0.19,3346.48,0.33
4120,多头出场,2026-05-20 03:15,VltClsSE,2117.92,1,2119.3,-1.38,-0.07,3.86,0.18,-1.38,-0.07,3345.1,0.33
4120,多头进场,2026-05-20 03:00,VltClsLE,2119.3,1,2119.3,-1.38,-0.07,3.86,0.18,-1.38,-0.07,3345.1,0.33
4121,空头出场,2026-05-20 06:30,VltClsLE,2107.52,1,2117.92,10.4,0.49,15.83,0.75,-2.67,-0.13,3355.5,0.34
4121,空头进场,2026-05-20 03:15,VltClsSE,2117.92,1,2117.92,10.4,0.49,15.83,0.75,-2.67,-0.13,3355.5,0.34
4122,多头出场,2026-05-20 07:45,VltClsSE,2111.9,1,2107.52,4.38,0.21,11.16,0.53,-2.86,-0.14,3359.88,0.34
4122,多头进场,2026-05-20 06:30,VltClsLE,2107.52,1,2107.52,4.38,0.21,11.16,0.53,-2.86,-0.14,3359.88,0.34
4123,空头出场,2026-05-20 08:30,VltClsLE,2113.2,1,2111.9,-1.3,-0.06,8.6,0.41,-2.21,-0.10,3358.58,0.34
4123,空头进场,2026-05-20 07:45,VltClsSE,2111.9,1,2111.9,-1.3,-0.06,8.6,0.41,-2.21,-0.10,3358.58,0.34
4124,多头出场,2026-05-20 09:15,VltClsSE,2110.1,1,2113.2,-3.1,-0.15,3.74,0.18,-4.84,-0.23,3355.48,0.34
4124,多头进场,2026-05-20 08:30,VltClsLE,2113.2,1,2113.2,-3.1,-0.15,3.74,0.18,-4.84,-0.23,3355.48,0.34
4125,空头出场,2026-05-20 09:45,VltClsLE,2112.92,1,2110.1,-2.82,-0.13,6.81,0.32,-2.82,-0.13,3352.66,0.34
4125,空头进场,2026-05-20 09:15,VltClsSE,2110.1,1,2110.1,-2.82,-0.13,6.81,0.32,-2.82,-0.13,3352.66,0.34
4126,多头出场,2026-05-20 10:30,VltClsSE,2106.25,1,2112.92,-6.67,-0.32,6.32,0.30,-6.67,-0.32,3345.99,0.33
4126,多头进场,2026-05-20 09:45,VltClsLE,2112.92,1,2112.92,-6.67,-0.32,6.32,0.30,-6.67,-0.32,3345.99,0.33
4127,空头出场,2026-05-20 11:15,VltClsLE,2111.19,1,2106.25,-4.94,-0.23,0.24,0.01,-4.94,-0.23,3341.05,0.33
4127,空头进场,2026-05-20 10:30,VltClsSE,2106.25,1,2106.25,-4.94,-0.23,0.24,0.01,-4.94,-0.23,3341.05,0.33
4128,多头出场,2026-05-20 12:30,VltClsSE,2110.04,1,2111.19,-1.15,-0.05,5.11,0.24,-1.15,-0.05,3339.9,0.33
4128,多头进场,2026-05-20 11:15,VltClsLE,2111.19,1,2111.19,-1.15,-0.05,5.11,0.24,-1.15,-0.05,3339.9,0.33
4129,空头出场,2026-05-20 13:00,VltClsLE,2115.58,1,2110.04,-5.54,-0.26,2.74,0.13,-5.54,-0.26,3334.36,0.33
4129,空头进场,2026-05-20 12:30,VltClsSE,2110.04,1,2110.04,-5.54,-0.26,2.74,0.13,-5.54,-0.26,3334.36,0.33
4130,多头出场,2026-05-20 15:00,VltClsSE,2130.64,1,2115.58,15.06,0.71,18.92,0.89,0,0.00,3349.42,0.33
4130,多头进场,2026-05-20 13:00,VltClsLE,2115.58,1,2115.58,15.06,0.71,18.92,0.89,0,0.00,3349.42,0.33
4131,空头出场,2026-05-20 15:15,VltClsLE,2135.04,1,2130.64,-4.4,-0.21,0.8,0.04,-4.4,-0.21,3345.02,0.33
4131,空头进场,2026-05-20 15:00,VltClsSE,2130.64,1,2130.64,-4.4,-0.21,0.8,0.04,-4.4,-0.21,3345.02,0.33
4132,多头出场,2026-05-20 15:45,VltClsSE,2129.49,1,2135.04,-5.55,-0.26,1.46,0.07,-5.55,-0.26,3339.47,0.33
4132,多头进场,2026-05-20 15:15,VltClsLE,2135.04,1,2135.04,-5.55,-0.26,1.46,0.07,-5.55,-0.26,3339.47,0.33
4133,空头出场,2026-05-20 16:30,VltClsLE,2134.66,1,2129.49,-5.17,-0.24,0.98,0.05,-5.17,-0.24,3334.3,0.33
4133,空头进场,2026-05-20 15:45,VltClsSE,2129.49,1,2129.49,-5.17,-0.24,0.98,0.05,-5.17,-0.24,3334.3,0.33
4134,多头出场,2026-05-20 16:45,VltClsSE,2133.48,1,2134.66,-1.18,-0.06,3.34,0.16,-1.18,-0.06,3333.12,0.33
4134,多头进场,2026-05-20 16:30,VltClsLE,2134.66,1,2134.66,-1.18,-0.06,3.34,0.16,-1.18,-0.06,3333.12,0.33
4135,空头出场,2026-05-20 18:00,VltClsLE,2132.16,1,2133.48,1.32,0.06,5.78,0.27,0,0.00,3334.44,0.33
4135,空头进场,2026-05-20 16:45,VltClsSE,2133.48,1,2133.48,1.32,0.06,5.78,0.27,0,0.00,3334.44,0.33
4136,多头出场,2026-05-20 19:30,VltClsSE,2125.79,1,2132.16,-6.37,-0.30,4.86,0.23,-6.37,-0.30,3328.07,0.33
4136,多头进场,2026-05-20 18:00,VltClsLE,2132.16,1,2132.16,-6.37,-0.30,4.86,0.23,-6.37,-0.30,3328.07,0.33
4137,空头出场,2026-05-20 20:00,VltClsLE,2130.97,1,2125.79,-5.18,-0.24,1.51,0.07,-5.18,-0.24,3322.89,0.33
4137,空头进场,2026-05-20 19:30,VltClsSE,2125.79,1,2125.79,-5.18,-0.24,1.51,0.07,-5.18,-0.24,3322.89,0.33
4138,多头出场,2026-05-20 20:15,VltClsSE,2127.84,1,2130.97,-3.13,-0.15,2.16,0.10,-3.13,-0.15,3319.76,0.33
4138,多头进场,2026-05-20 20:00,VltClsLE,2130.97,1,2130.97,-3.13,-0.15,2.16,0.10,-3.13,-0.15,3319.76,0.33
4139,空头出场,2026-05-20 20:45,VltClsLE,2135.5,1,2127.84,-7.66,-0.36,0.48,0.02,-7.66,-0.36,3312.1,0.33
4139,空头进场,2026-05-20 20:15,VltClsSE,2127.84,1,2127.84,-7.66,-0.36,0.48,0.02,-7.66,-0.36,3312.1,0.33
4140,多头出场,2026-05-20 21:15,VltClsSE,2127.02,1,2135.5,-8.48,-0.40,4.5,0.21,-8.48,-0.40,3303.62,0.33
4140,多头进场,2026-05-20 20:45,VltClsLE,2135.5,1,2135.5,-8.48,-0.40,4.5,0.21,-8.48,-0.40,3303.62,0.33
4141,空头出场,2026-05-20 21:45,VltClsLE,2126.47,1,2127.02,0.55,0.03,11.33,0.53,-1,-0.05,3304.17,0.33
4141,空头进场,2026-05-20 21:15,VltClsSE,2127.02,1,2127.02,0.55,0.03,11.33,0.53,-1,-0.05,3304.17,0.33
4142,多头出场,2026-05-20 22:00,VltClsSE,2114.01,1,2126.47,-12.46,-0.59,2.13,0.10,-12.46,-0.59,3291.71,0.33
4142,多头进场,2026-05-20 21:45,VltClsLE,2126.47,1,2126.47,-12.46,-0.59,2.13,0.10,-12.46,-0.59,3291.71,0.33
4143,空头出场,2026-05-20 22:15,VltClsLE,2129.87,1,2114.01,-15.86,-0.75,0.14,0.01,-15.86,-0.75,3275.85,0.33
4143,空头进场,2026-05-20 22:00,VltClsSE,2114.01,1,2114.01,-15.86,-0.75,0.14,0.01,-15.86,-0.75,3275.85,0.33
4144,多头出场,2026-05-21 00:15,VltClsSE,2131.45,1,2129.87,1.58,0.07,19.13,0.90,-1.23,-0.06,3277.43,0.33
4144,多头进场,2026-05-20 22:15,VltClsLE,2129.87,1,2129.87,1.58,0.07,19.13,0.90,-1.23,-0.06,3277.43,0.33
4145,空头出场,2026-05-21 00:30,VltClsLE,2134.8,1,2131.45,-3.35,-0.16,7.35,0.34,-3.35,-0.16,3274.08,0.33
4145,空头进场,2026-05-21 00:15,VltClsSE,2131.45,1,2131.45,-3.35,-0.16,7.35,0.34,-3.35,-0.16,3274.08,0.33
4146,多头出场,2026-05-21 04:15,VltClsSE,2136.57,1,2134.8,1.77,0.08,13.97,0.65,-5.69,-0.27,3275.85,0.33
4146,多头进场,2026-05-21 00:30,VltClsLE,2134.8,1,2134.8,1.77,0.08,13.97,0.65,-5.69,-0.27,3275.85,0.33
4147,空头出场,2026-05-21 06:15,VltClsLE,2126.05,1,2136.57,10.52,0.49,18.12,0.85,-2.02,-0.09,3286.37,0.33
4147,空头进场,2026-05-21 04:15,VltClsSE,2136.57,1,2136.57,10.52,0.49,18.12,0.85,-2.02,-0.09,3286.37,0.33
4148,多头出场,2026-05-21 09:15,VltClsSE,2144.7,1,2126.05,18.65,0.88,22.69,1.07,-3.46,-0.16,3305.02,0.33
4148,多头进场,2026-05-21 06:15,VltClsLE,2126.05,1,2126.05,18.65,0.88,22.69,1.07,-3.46,-0.16,3305.02,0.33
4149,空头出场,2026-05-21 10:15,VltClsLE,2147.07,1,2144.7,-2.37,-0.11,5.39,0.25,-12.8,-0.60,3302.65,0.33
4149,空头进场,2026-05-21 09:15,VltClsSE,2144.7,1,2144.7,-2.37,-0.11,5.39,0.25,-12.8,-0.60,3302.65,0.33
4150,多头出场,2026-05-21 12:30,VltClsSE,2142.88,1,2147.07,-4.19,-0.20,1.68,0.08,-6.22,-0.29,3298.46,0.33
4150,多头进场,2026-05-21 10:15,VltClsLE,2147.07,1,2147.07,-4.19,-0.20,1.68,0.08,-6.22,-0.29,3298.46,0.33
4151,空头出场,2026-05-21 13:00,VltClsLE,2147.33,1,2142.88,-4.45,-0.21,0.91,0.04,-4.45,-0.21,3294.01,0.33
4151,空头进场,2026-05-21 12:30,VltClsSE,2142.88,1,2142.88,-4.45,-0.21,0.91,0.04,-4.45,-0.21,3294.01,0.33
4152,多头出场,2026-05-21 13:45,VltClsSE,2137.42,1,2147.33,-9.91,-0.46,0.86,0.04,-9.91,-0.46,3284.1,0.33
4152,多头进场,2026-05-21 13:00,VltClsLE,2147.33,1,2147.33,-9.91,-0.46,0.86,0.04,-9.91,-0.46,3284.1,0.33
4153,空头出场,2026-05-21 15:45,VltClsLE,2135.31,1,2137.42,2.11,0.10,13.17,0.62,-1.19,-0.06,3286.21,0.33
4153,空头进场,2026-05-21 13:45,VltClsSE,2137.42,1,2137.42,2.11,0.10,13.17,0.62,-1.19,-0.06,3286.21,0.33
4154,多头出场,2026-05-21 16:15,VltClsSE,2141.9,1,2135.31,6.59,0.31,13.02,0.61,-0.3,-0.01,3292.8,0.33
4154,多头进场,2026-05-21 15:45,VltClsLE,2135.31,1,2135.31,6.59,0.31,13.02,0.61,-0.3,-0.01,3292.8,0.33
4155,空头出场,2026-05-21 20:30,VltClsLE,2115.97,1,2141.9,25.93,1.21,31.9,1.49,0,0.00,3318.73,0.33
4155,空头进场,2026-05-21 16:15,VltClsSE,2141.9,1,2141.9,25.93,1.21,31.9,1.49,0,0.00,3318.73,0.33
4156,多头出场,2026-05-21 21:30,VltClsSE,2116.16,1,2115.97,0.19,0.01,4.03,0.19,-0.67,-0.03,3318.92,0.33
4156,多头进场,2026-05-21 20:30,VltClsLE,2115.97,1,2115.97,0.19,0.01,4.03,0.19,-0.67,-0.03,3318.92,0.33
4157,空头出场,2026-05-21 21:45,VltClsLE,2111.47,1,2116.16,4.69,0.22,11.01,0.52,0,0.00,3323.61,0.33
4157,空头进场,2026-05-21 21:30,VltClsSE,2116.16,1,2116.16,4.69,0.22,11.01,0.52,0,0.00,3323.61,0.33
4158,多头出场,2026-05-21 22:15,VltClsSE,2113.53,1,2111.47,2.06,0.10,13.4,0.63,0,0.00,3325.67,0.33
4158,多头进场,2026-05-21 21:45,VltClsLE,2111.47,1,2111.47,2.06,0.10,13.4,0.63,0,0.00,3325.67,0.33
4159,空头出场,2026-05-21 23:00,VltClsLE,2129.46,1,2113.53,-15.93,-0.75,2.85,0.13,-15.93,-0.75,3309.74,0.33
4159,空头进场,2026-05-21 22:15,VltClsSE,2113.53,1,2113.53,-15.93,-0.75,2.85,0.13,-15.93,-0.75,3309.74,0.33
4160,多头出场,2026-05-21 23:30,VltClsSE,2128.67,1,2129.46,-0.79,-0.04,7.89,0.37,-0.79,-0.04,3308.95,0.33
4160,多头进场,2026-05-21 23:00,VltClsLE,2129.46,1,2129.46,-0.79,-0.04,7.89,0.37,-0.79,-0.04,3308.95,0.33
4161,空头出场,2026-05-22 01:00,VltClsLE,2132.92,1,2128.67,-4.25,-0.20,5.85,0.27,-9.38,-0.44,3304.7,0.33
4161,空头进场,2026-05-21 23:30,VltClsSE,2128.67,1,2128.67,-4.25,-0.20,5.85,0.27,-9.38,-0.44,3304.7,0.33
4162,多头出场,2026-05-22 02:45,VltClsSE,2133.99,1,2132.92,1.07,0.05,20.83,0.98,0,0.00,3305.77,0.33
4162,多头进场,2026-05-22 01:00,VltClsLE,2132.92,1,2132.92,1.07,0.05,20.83,0.98,0,0.00,3305.77,0.33
4163,空头出场,2026-05-22 03:00,VltClsLE,2133.83,1,2133.99,0.16,0.01,12.2,0.57,0,0.00,3305.93,0.33
4163,空头进场,2026-05-22 02:45,VltClsSE,2133.99,1,2133.99,0.16,0.01,12.2,0.57,0,0.00,3305.93,0.33
4164,多头出场,2026-05-22 05:30,VltClsSE,2136.47,1,2133.83,2.64,0.12,11.95,0.56,-1.62,-0.08,3308.57,0.33
4164,多头进场,2026-05-22 03:00,VltClsLE,2133.83,1,2133.83,2.64,0.12,11.95,0.56,-1.62,-0.08,3308.57,0.33
4165,空头出场,2026-05-22 07:00,VltClsLE,2134.24,1,2136.47,2.23,0.10,5.44,0.25,-0.41,-0.02,3310.8,0.33
4165,空头进场,2026-05-22 05:30,VltClsSE,2136.47,1,2136.47,2.23,0.10,5.44,0.25,-0.41,-0.02,3310.8,0.33
4166,多头出场,2026-05-22 08:00,VltClsSE,2130.56,1,2134.24,-3.68,-0.17,2.53,0.12,-6.97,-0.33,3307.12,0.33
4166,多头进场,2026-05-22 07:00,VltClsLE,2134.24,1,2134.24,-3.68,-0.17,2.53,0.12,-6.97,-0.33,3307.12,0.33
4167,空头出场,2026-05-22 08:30,VltClsLE,2134.7,1,2130.56,-4.14,-0.19,0.63,0.03,-4.14,-0.19,3302.98,0.33
4167,空头进场,2026-05-22 08:00,VltClsSE,2130.56,1,2130.56,-4.14,-0.19,0.63,0.03,-4.14,-0.19,3302.98,0.33
4168,多头出场,2026-05-22 09:15,VltClsSE,2129.99,1,2134.7,-4.71,-0.22,0.29,0.01,-7.14,-0.33,3298.27,0.33
4168,多头进场,2026-05-22 08:30,VltClsLE,2134.7,1,2134.7,-4.71,-0.22,0.29,0.01,-7.14,-0.33,3298.27,0.33
4169,空头出场,2026-05-22 09:45,VltClsLE,2135.57,1,2129.99,-5.58,-0.26,4.31,0.20,-5.58,-0.26,3292.69,0.33
4169,空头进场,2026-05-22 09:15,VltClsSE,2129.99,1,2129.99,-5.58,-0.26,4.31,0.20,-5.58,-0.26,3292.69,0.33
4170,多头出场,2026-05-22 12:15,VltClsSE,2138.36,1,2135.57,2.79,0.13,5.82,0.27,-1.1,-0.05,3295.48,0.33
4170,多头进场,2026-05-22 09:45,VltClsLE,2135.57,1,2135.57,2.79,0.13,5.82,0.27,-1.1,-0.05,3295.48,0.33
4171,空头出场,2026-05-22 15:15,VltClsLE,2130.56,1,2138.36,7.8,0.36,16.14,0.75,0,0.00,3303.28,0.33
4171,空头进场,2026-05-22 12:15,VltClsSE,2138.36,1,2138.36,7.8,0.36,16.14,0.75,0,0.00,3303.28,0.33
4172,多头出场,2026-05-22 16:30,VltClsSE,2129.17,1,2130.56,-1.39,-0.07,2.78,0.13,-4.57,-0.21,3301.89,0.33
4172,多头进场,2026-05-22 15:15,VltClsLE,2130.56,1,2130.56,-1.39,-0.07,2.78,0.13,-4.57,-0.21,3301.89,0.33
4173,空头出场,2026-05-22 19:15,VltClsLE,2125.11,1,2129.17,4.06,0.19,9.99,0.47,0,0.00,3305.95,0.33
4173,空头进场,2026-05-22 16:30,VltClsSE,2129.17,1,2129.17,4.06,0.19,9.99,0.47,0,0.00,3305.95,0.33
4174,多头出场,2026-05-22 20:15,VltClsSE,2131.89,1,2125.11,6.78,0.32,12.89,0.61,-5.01,-0.24,3312.73,0.33
4174,多头进场,2026-05-22 19:15,VltClsLE,2125.11,1,2125.11,6.78,0.32,12.89,0.61,-5.01,-0.24,3312.73,0.33
4175,空头出场,2026-05-22 23:00,VltClsLE,2122.19,1,2131.89,9.7,0.45,19.31,0.91,-3.86,-0.18,3322.43,0.33
4175,空头进场,2026-05-22 20:15,VltClsSE,2131.89,1,2131.89,9.7,0.45,19.31,0.91,-3.86,-0.18,3322.43,0.33
4176,多头出场,2026-05-23 01:15,VltClsSE,2122.2,1,2122.19,0.01,0.00,7.13,0.34,-9.72,-0.46,3322.44,0.33
4176,多头进场,2026-05-22 23:00,VltClsLE,2122.19,1,2122.19,0.01,0.00,7.13,0.34,-9.72,-0.46,3322.44,0.33
4177,空头出场,2026-05-23 06:45,VltClsLE,2072.95,1,2122.2,49.25,2.32,64.2,3.03,-7.8,-0.37,3371.69,0.34
4177,空头进场,2026-05-23 01:15,VltClsSE,2122.2,1,2122.2,49.25,2.32,64.2,3.03,-7.8,-0.37,3371.69,0.34
4178,多头出场,2026-05-23 07:15,VltClsSE,2073.17,1,2072.95,0.22,0.01,4.29,0.21,-0.24,-0.01,3371.91,0.34
4178,多头进场,2026-05-23 06:45,VltClsLE,2072.95,1,2072.95,0.22,0.01,4.29,0.21,-0.24,-0.01,3371.91,0.34
4179,空头出场,2026-05-23 07:30,VltClsLE,2073.73,1,2073.17,-0.56,-0.03,5.17,0.25,-0.56,-0.03,3371.35,0.34
4179,空头进场,2026-05-23 07:15,VltClsSE,2073.17,1,2073.17,-0.56,-0.03,5.17,0.25,-0.56,-0.03,3371.35,0.34
4180,多头出场,2026-05-23 07:45,VltClsSE,2068.56,1,2073.73,-5.17,-0.25,0.89,0.04,-5.17,-0.25,3366.18,0.34
4180,多头进场,2026-05-23 07:30,VltClsLE,2073.73,1,2073.73,-5.17,-0.25,0.89,0.04,-5.17,-0.25,3366.18,0.34
4181,空头出场,2026-05-23 12:30,VltClsLE,2068.87,1,2068.56,-0.31,-0.01,15.56,0.75,-3.44,-0.17,3365.87,0.34
4181,空头进场,2026-05-23 07:45,VltClsSE,2068.56,1,2068.56,-0.31,-0.01,15.56,0.75,-3.44,-0.17,3365.87,0.34
4182,多头出场,2026-05-23 13:15,VltClsSE,2063.77,1,2068.87,-5.1,-0.25,0.78,0.04,-5.1,-0.25,3360.77,0.34
4182,多头进场,2026-05-23 12:30,VltClsLE,2068.87,1,2068.87,-5.1,-0.25,0.78,0.04,-5.1,-0.25,3360.77,0.34
4183,空头出场,2026-05-23 18:00,VltClsLE,2030.2,1,2063.77,33.57,1.63,54.47,2.64,-2.64,-0.13,3394.34,0.34
4183,空头进场,2026-05-23 13:15,VltClsSE,2063.77,1,2063.77,33.57,1.63,54.47,2.64,-2.64,-0.13,3394.34,0.34
4184,多头出场,2026-05-23 19:30,VltClsSE,2031.55,1,2030.2,1.35,0.07,5.81,0.29,-1.71,-0.08,3395.69,0.34
4184,多头进场,2026-05-23 18:00,VltClsLE,2030.2,1,2030.2,1.35,0.07,5.81,0.29,-1.71,-0.08,3395.69,0.34
4185,空头出场,2026-05-23 20:30,VltClsLE,2031.34,1,2031.55,0.21,0.01,4.2,0.21,-1.55,-0.08,3395.9,0.34
4185,空头进场,2026-05-23 19:30,VltClsSE,2031.55,1,2031.55,0.21,0.01,4.2,0.21,-1.55,-0.08,3395.9,0.34
4186,多头出场,2026-05-23 21:30,VltClsSE,2039.43,1,2031.34,8.09,0.40,14.76,0.73,-1.46,-0.07,3403.99,0.34
4186,多头进场,2026-05-23 20:30,VltClsLE,2031.34,1,2031.34,8.09,0.40,14.76,0.73,-1.46,-0.07,3403.99,0.34
4187,空头出场,2026-05-23 21:45,VltClsLE,2043.8,1,2039.43,-4.37,-0.21,1.13,0.06,-4.37,-0.21,3399.62,0.34
4187,空头进场,2026-05-23 21:30,VltClsSE,2039.43,1,2039.43,-4.37,-0.21,1.13,0.06,-4.37,-0.21,3399.62,0.34
4188,多头出场,2026-05-23 23:15,VltClsSE,2061.64,1,2043.8,17.84,0.87,24.88,1.22,-2.68,-0.13,3417.46,0.34
4188,多头进场,2026-05-23 21:45,VltClsLE,2043.8,1,2043.8,17.84,0.87,24.88,1.22,-2.68,-0.13,3417.46,0.34
4189,空头出场,2026-05-24 00:30,VltClsLE,2062.87,1,2061.64,-1.23,-0.06,5.97,0.29,-3.36,-0.16,3416.23,0.34
4189,空头进场,2026-05-23 23:15,VltClsSE,2061.64,1,2061.64,-1.23,-0.06,5.97,0.29,-3.36,-0.16,3416.23,0.34
4190,多头出场,2026-05-24 05:00,VltClsSE,2131.87,1,2062.87,69,3.34,87.08,4.22,-3.59,-0.17,3485.23,0.35
4190,多头进场,2026-05-24 00:30,VltClsLE,2062.87,1,2062.87,69,3.34,87.08,4.22,-3.59,-0.17,3485.23,0.35
4191,空头出场,2026-05-24 08:30,VltClsLE,2118.74,1,2131.87,13.13,0.62,29.22,1.37,0,0.00,3498.36,0.35
4191,空头进场,2026-05-24 05:00,VltClsSE,2131.87,1,2131.87,13.13,0.62,29.22,1.37,0,0.00,3498.36,0.35
4192,多头出场,2026-05-24 10:15,VltClsSE,2120.82,1,2118.74,2.08,0.10,6.77,0.32,-2.46,-0.12,3500.44,0.35
4192,多头进场,2026-05-24 08:30,VltClsLE,2118.74,1,2118.74,2.08,0.10,6.77,0.32,-2.46,-0.12,3500.44,0.35
4193,空头出场,2026-05-24 10:30,VltClsLE,2123.96,1,2120.82,-3.14,-0.15,2.52,0.12,-3.14,-0.15,3497.3,0.35
4193,空头进场,2026-05-24 10:15,VltClsSE,2120.82,1,2120.82,-3.14,-0.15,2.52,0.12,-3.14,-0.15,3497.3,0.35
4194,多头出场,2026-05-24 11:30,VltClsSE,2120.62,1,2123.96,-3.34,-0.16,3.32,0.16,-3.34,-0.16,3493.96,0.35
4194,多头进场,2026-05-24 10:30,VltClsLE,2123.96,1,2123.96,-3.34,-0.16,3.32,0.16,-3.34,-0.16,3493.96,0.35
4195,空头出场,2026-05-24 12:00,VltClsLE,2121.98,1,2120.62,-1.36,-0.06,3.88,0.18,-1.36,-0.06,3492.6,0.35
4195,空头进场,2026-05-24 11:30,VltClsSE,2120.62,1,2120.62,-1.36,-0.06,3.88,0.18,-1.36,-0.06,3492.6,0.35
4196,多头出场,2026-05-24 13:15,VltClsSE,2117.07,1,2121.98,-4.91,-0.23,1.88,0.09,-4.91,-0.23,3487.69,0.35
4196,多头进场,2026-05-24 12:00,VltClsLE,2121.98,1,2121.98,-4.91,-0.23,1.88,0.09,-4.91,-0.23,3487.69,0.35
4197,空头出场,2026-05-24 13:45,VltClsLE,2115.89,1,2117.07,1.18,0.06,3.42,0.16,-0.31,-0.01,3488.87,0.35
4197,空头进场,2026-05-24 13:15,VltClsSE,2117.07,1,2117.07,1.18,0.06,3.42,0.16,-0.31,-0.01,3488.87,0.35
4198,多头出场,2026-05-24 14:15,VltClsSE,2118.85,1,2115.89,2.96,0.14,7.17,0.34,0,0.00,3491.83,0.35
4198,多头进场,2026-05-24 13:45,VltClsLE,2115.89,1,2115.89,2.96,0.14,7.17,0.34,0,0.00,3491.83,0.35
4199,空头出场,2026-05-24 14:45,VltClsLE,2124.01,1,2118.85,-5.16,-0.24,1.25,0.06,-5.16,-0.24,3486.67,0.35
4199,空头进场,2026-05-24 14:15,VltClsSE,2118.85,1,2118.85,-5.16,-0.24,1.25,0.06,-5.16,-0.24,3486.67,0.35
4200,多头出场,2026-05-24 18:00,VltClsSE,2120.98,1,2124.01,-3.03,-0.14,5.92,0.28,-4.96,-0.23,3483.64,0.35
4200,多头进场,2026-05-24 14:45,VltClsLE,2124.01,1,2124.01,-3.03,-0.14,5.92,0.28,-4.96,-0.23,3483.64,0.35
4201,空头出场,2026-05-24 18:15,VltClsLE,2123.27,1,2120.98,-2.29,-0.11,1.6,0.08,-2.29,-0.11,3481.35,0.35
4201,空头进场,2026-05-24 18:00,VltClsSE,2120.98,1,2120.98,-2.29,-0.11,1.6,0.08,-2.29,-0.11,3481.35,0.35
4202,多头出场,2026-05-24 18:30,VltClsSE,2121.37,1,2123.27,-1.9,-0.09,8.87,0.42,-1.9,-0.09,3479.45,0.35
4202,多头进场,2026-05-24 18:15,VltClsLE,2123.27,1,2123.27,-1.9,-0.09,8.87,0.42,-1.9,-0.09,3479.45,0.35
4203,空头出场,2026-05-24 19:00,VltClsLE,2126.4,1,2121.37,-5.03,-0.24,1.62,0.08,-5.03,-0.24,3474.42,0.35
4203,空头进场,2026-05-24 18:30,VltClsSE,2121.37,1,2121.37,-5.03,-0.24,1.62,0.08,-5.03,-0.24,3474.42,0.35
4204,多头出场,2026-05-24 20:00,VltClsSE,2123.58,1,2126.4,-2.82,-0.13,1.42,0.07,-2.82,-0.13,3471.6,0.35
4204,多头进场,2026-05-24 19:00,VltClsLE,2126.4,1,2126.4,-2.82,-0.13,1.42,0.07,-2.82,-0.13,3471.6,0.35
4205,空头出场,2026-05-24 20:30,VltClsLE,2121.6,1,2123.58,1.98,0.09,6.26,0.29,-0.77,-0.04,3473.58,0.35
4205,空头进场,2026-05-24 20:00,VltClsSE,2123.58,1,2123.58,1.98,0.09,6.26,0.29,-0.77,-0.04,3473.58,0.35
4206,多头出场,2026-05-24 21:45,VltClsSE,2116.18,1,2121.6,-5.42,-0.26,0.16,0.01,-6.2,-0.29,3468.16,0.35
4206,多头进场,2026-05-24 20:30,VltClsLE,2121.6,1,2121.6,-5.42,-0.26,0.16,0.01,-6.2,-0.29,3468.16,0.35
4207,空头出场,2026-05-25 00:00,VltClsLE,2099.16,1,2116.18,17.02,0.80,36.66,1.73,0,0.00,3485.18,0.35
4207,空头进场,2026-05-24 21:45,VltClsSE,2116.18,1,2116.18,17.02,0.80,36.66,1.73,0,0.00,3485.18,0.35
4208,多头出场,2026-05-25 00:30,VltClsSE,2097.49,1,2099.16,-1.67,-0.08,9.84,0.47,-1.67,-0.08,3483.51,0.35
4208,多头进场,2026-05-25 00:00,VltClsLE,2099.16,1,2099.16,-1.67,-0.08,9.84,0.47,-1.67,-0.08,3483.51,0.35
4209,空头出场,2026-05-25 00:45,VltClsLE,2102.92,1,2097.49,-5.43,-0.26,1.89,0.09,-5.43,-0.26,3478.08,0.35
4209,空头进场,2026-05-25 00:30,VltClsSE,2097.49,1,2097.49,-5.43,-0.26,1.89,0.09,-5.43,-0.26,3478.08,0.35
4210,多头出场,2026-05-25 02:15,VltClsSE,2100.77,1,2102.92,-2.15,-0.10,3.76,0.18,-2.15,-0.10,3475.93,0.35
4210,多头进场,2026-05-25 00:45,VltClsLE,2102.92,1,2102.92,-2.15,-0.10,3.76,0.18,-2.15,-0.10,3475.93,0.35
4211,空头出场,2026-05-25 03:00,VltClsLE,2102.54,1,2100.77,-1.77,-0.08,2.97,0.14,-1.77,-0.08,3474.16,0.35
4211,空头进场,2026-05-25 02:15,VltClsSE,2100.77,1,2100.77,-1.77,-0.08,2.97,0.14,-1.77,-0.08,3474.16,0.35
4212,多头出场,2026-05-25 04:00,VltClsSE,2098.34,1,2102.54,-4.2,-0.20,0.04,0.00,-6.2,-0.29,3469.96,0.35
4212,多头进场,2026-05-25 03:00,VltClsLE,2102.54,1,2102.54,-4.2,-0.20,0.04,0.00,-6.2,-0.29,3469.96,0.35
4213,空头出场,2026-05-25 05:00,VltClsLE,2097.03,1,2098.34,1.31,0.06,6.83,0.33,0,0.00,3471.27,0.35
4213,空头进场,2026-05-25 04:00,VltClsSE,2098.34,1,2098.34,1.31,0.06,6.83,0.33,0,0.00,3471.27,0.35
4214,多头出场,2026-05-25 05:15,VltClsSE,2094.46,1,2097.03,-2.57,-0.12,1.6,0.08,-2.57,-0.12,3468.7,0.35
4214,多头进场,2026-05-25 05:00,VltClsLE,2097.03,1,2097.03,-2.57,-0.12,1.6,0.08,-2.57,-0.12,3468.7,0.35
4215,空头出场,2026-05-25 06:00,VltClsLE,2079.35,1,2094.46,15.11,0.72,31.46,1.50,0,0.00,3483.81,0.35
4215,空头进场,2026-05-25 05:15,VltClsSE,2094.46,1,2094.46,15.11,0.72,31.46,1.50,0,0.00,3483.81,0.35
4216,多头出场,2026-05-25 09:30,VltClsSE,2102.45,1,2079.35,23.1,1.11,30.05,1.45,0,0.00,3506.91,0.35
4216,多头进场,2026-05-25 06:00,VltClsLE,2079.35,1,2079.35,23.1,1.11,30.05,1.45,0,0.00,3506.91,0.35
4217,空头出场,2026-05-25 10:00,VltClsLE,2098.49,1,2102.45,3.96,0.19,9.23,0.44,-1.32,-0.06,3510.87,0.35
4217,空头进场,2026-05-25 09:30,VltClsSE,2102.45,1,2102.45,3.96,0.19,9.23,0.44,-1.32,-0.06,3510.87,0.35
4218,多头出场,2026-05-25 10:15,VltClsSE,2101.84,1,2098.49,3.35,0.16,14.76,0.70,0,0.00,3514.22,0.35
4218,多头进场,2026-05-25 10:00,VltClsLE,2098.49,1,2098.49,3.35,0.16,14.76,0.70,0,0.00,3514.22,0.35
4219,空头出场,2026-05-25 12:15,VltClsLE,2097.18,1,2101.84,4.66,0.22,9.58,0.46,0,0.00,3518.88,0.35
4219,空头进场,2026-05-25 10:15,VltClsSE,2101.84,1,2101.84,4.66,0.22,9.58,0.46,0,0.00,3518.88,0.35
4220,多头出场,2026-05-25 14:00,VltClsSE,2105,1,2097.18,7.82,0.37,14.52,0.69,0,0.00,3526.7,0.35
4220,多头进场,2026-05-25 12:15,VltClsLE,2097.18,1,2097.18,7.82,0.37,14.52,0.69,0,0.00,3526.7,0.35
4221,空头出场,2026-05-25 14:30,VltClsLE,2104.55,1,2105,0.45,0.02,5.73,0.27,0,0.00,3527.15,0.35
4221,空头进场,2026-05-25 14:00,VltClsSE,2105,1,2105,0.45,0.02,5.73,0.27,0,0.00,3527.15,0.35
4222,多头出场,2026-05-25 15:15,VltClsSE,2107.08,1,2104.55,2.53,0.12,13,0.62,0,0.00,3529.68,0.35
4222,多头进场,2026-05-25 14:30,VltClsLE,2104.55,1,2104.55,2.53,0.12,13,0.62,0,0.00,3529.68,0.35
4223,空头出场,2026-05-25 15:45,VltClsLE,2114.82,1,2107.08,-7.74,-0.37,0.58,0.03,-7.74,-0.37,3521.94,0.35
4223,空头进场,2026-05-25 15:15,VltClsSE,2107.08,1,2107.08,-7.74,-0.37,0.58,0.03,-7.74,-0.37,3521.94,0.35
4224,多头出场,2026-05-25 18:15,VltClsSE,2115.67,1,2114.82,0.85,0.04,9.28,0.44,-3.12,-0.15,3522.79,0.35
4224,多头进场,2026-05-25 15:45,VltClsLE,2114.82,1,2114.82,0.85,0.04,9.28,0.44,-3.12,-0.15,3522.79,0.35
4225,空头出场,2026-05-25 19:30,VltClsLE,2118.09,1,2115.67,-2.42,-0.11,0.81,0.04,-2.42,-0.11,3520.37,0.35
4225,空头进场,2026-05-25 18:15,VltClsSE,2115.67,1,2115.67,-2.42,-0.11,0.81,0.04,-2.42,-0.11,3520.37,0.35
4226,多头出场,2026-05-25 19:45,VltClsSE,2116.93,1,2118.09,-1.16,-0.05,2.21,0.10,-1.16,-0.05,3519.21,0.35
4226,多头进场,2026-05-25 19:30,VltClsLE,2118.09,1,2118.09,-1.16,-0.05,2.21,0.10,-1.16,-0.05,3519.21,0.35
4227,空头出场,2026-05-25 20:15,VltClsLE,2117.69,1,2116.93,-0.76,-0.04,4.68,0.22,-0.76,-0.04,3518.45,0.35
4227,空头进场,2026-05-25 19:45,VltClsSE,2116.93,1,2116.93,-0.76,-0.04,4.68,0.22,-0.76,-0.04,3518.45,0.35
4228,多头出场,2026-05-25 22:30,VltClsSE,2124.45,1,2117.69,6.76,0.32,10.08,0.48,-3.42,-0.16,3525.21,0.35
4228,多头进场,2026-05-25 20:15,VltClsLE,2117.69,1,2117.69,6.76,0.32,10.08,0.48,-3.42,-0.16,3525.21,0.35
4229,空头出场,2026-05-25 22:45,VltClsLE,2128.22,1,2124.45,-3.77,-0.18,1.8,0.08,-3.77,-0.18,3521.44,0.35
4229,空头进场,2026-05-25 22:30,VltClsSE,2124.45,1,2124.45,-3.77,-0.18,1.8,0.08,-3.77,-0.18,3521.44,0.35
4230,多头出场,2026-05-25 23:15,VltClsSE,2124.7,1,2128.22,-3.52,-0.17,10.06,0.47,-3.52,-0.17,3517.92,0.35
4230,多头进场,2026-05-25 22:45,VltClsLE,2128.22,1,2128.22,-3.52,-0.17,10.06,0.47,-3.52,-0.17,3517.92,0.35
4231,空头出场,2026-05-26 00:45,VltClsLE,2133.03,1,2124.7,-8.33,-0.39,1.8,0.08,-8.33,-0.39,3509.59,0.35
4231,空头进场,2026-05-25 23:15,VltClsSE,2124.7,1,2124.7,-8.33,-0.39,1.8,0.08,-8.33,-0.39,3509.59,0.35
4232,多头出场,2026-05-26 02:30,VltClsSE,2128.83,1,2133.03,-4.2,-0.20,8.95,0.42,-4.79,-0.22,3505.39,0.35
4232,多头进场,2026-05-26 00:45,VltClsLE,2133.03,1,2133.03,-4.2,-0.20,8.95,0.42,-4.79,-0.22,3505.39,0.35
4233,空头出场,2026-05-26 05:00,VltClsLE,2112.54,1,2128.83,16.29,0.77,21.45,1.01,-0.06,0.00,3521.68,0.35
4233,空头进场,2026-05-26 02:30,VltClsSE,2128.83,1,2128.83,16.29,0.77,21.45,1.01,-0.06,0.00,3521.68,0.35
4234,多头出场,2026-05-26 06:15,VltClsSE,2110.34,1,2112.54,-2.2,-0.10,3.14,0.15,-4.64,-0.22,3519.48,0.35
4234,多头进场,2026-05-26 05:00,VltClsLE,2112.54,1,2112.54,-2.2,-0.10,3.14,0.15,-4.64,-0.22,3519.48,0.35
4235,空头出场,2026-05-26 07:00,VltClsLE,2108.15,1,2110.34,2.19,0.10,7.99,0.38,-0.51,-0.02,3521.67,0.35
4235,空头进场,2026-05-26 06:15,VltClsSE,2110.34,1,2110.34,2.19,0.10,7.99,0.38,-0.51,-0.02,3521.67,0.35
4236,多头出场,2026-05-26 08:15,VltClsSE,2107.8,1,2108.15,-0.35,-0.02,5.74,0.27,-0.35,-0.02,3521.32,0.35
4236,多头进场,2026-05-26 07:00,VltClsLE,2108.15,1,2108.15,-0.35,-0.02,5.74,0.27,-0.35,-0.02,3521.32,0.35
4237,空头出场,2026-05-26 11:30,VltClsLE,2091.97,1,2107.8,15.83,0.75,23.28,1.10,-1.2,-0.06,3537.15,0.35
4237,空头进场,2026-05-26 08:15,VltClsSE,2107.8,1,2107.8,15.83,0.75,23.28,1.10,-1.2,-0.06,3537.15,0.35
4238,多头出场,2026-05-26 13:45,VltClsSE,2099.89,1,2091.97,7.92,0.38,11.68,0.56,-3.15,-0.15,3545.07,0.35
4238,多头进场,2026-05-26 11:30,VltClsLE,2091.97,1,2091.97,7.92,0.38,11.68,0.56,-3.15,-0.15,3545.07,0.35
4239,空头出场,2026-05-26 14:30,VltClsLE,2100.41,1,2099.89,-0.52,-0.02,5.11,0.24,-1.45,-0.07,3544.55,0.35
4239,空头进场,2026-05-26 13:45,VltClsSE,2099.89,1,2099.89,-0.52,-0.02,5.11,0.24,-1.45,-0.07,3544.55,0.35
4240,多头出场,2026-05-26 15:00,VltClsSE,2098.3,1,2100.41,-2.11,-0.10,4.24,0.20,-2.11,-0.10,3542.44,0.35
4240,多头进场,2026-05-26 14:30,VltClsLE,2100.41,1,2100.41,-2.11,-0.10,4.24,0.20,-2.11,-0.10,3542.44,0.35
4241,空头出场,2026-05-26 15:45,VltClsLE,2100.39,1,2098.3,-2.09,-0.10,7.65,0.36,-2.09,-0.10,3540.35,0.35
4241,空头进场,2026-05-26 15:00,VltClsSE,2098.3,1,2098.3,-2.09,-0.10,7.65,0.36,-2.09,-0.10,3540.35,0.35
4242,多头出场,2026-05-26 16:45,VltClsSE,2095.95,1,2100.39,-4.44,-0.21,0.96,0.05,-5.26,-0.25,3535.91,0.35
4242,多头进场,2026-05-26 15:45,VltClsLE,2100.39,1,2100.39,-4.44,-0.21,0.96,0.05,-5.26,-0.25,3535.91,0.35
4243,空头出场,2026-05-26 17:15,VltClsLE,2098.21,1,2095.95,-2.26,-0.11,1.85,0.09,-2.26,-0.11,3533.65,0.35
4243,空头进场,2026-05-26 16:45,VltClsSE,2095.95,1,2095.95,-2.26,-0.11,1.85,0.09,-2.26,-0.11,3533.65,0.35
4244,多头出场,2026-05-26 20:00,VltClsSE,2116.83,1,2098.21,18.62,0.89,39.08,1.86,-3.98,-0.19,3552.27,0.36
4244,多头进场,2026-05-26 17:15,VltClsLE,2098.21,1,2098.21,18.62,0.89,39.08,1.86,-3.98,-0.19,3552.27,0.36
4245,空头出场,2026-05-26 20:45,VltClsLE,2123.93,1,2116.83,-7.1,-0.34,5.82,0.27,-7.1,-0.34,3545.17,0.35
4245,空头进场,2026-05-26 20:00,VltClsSE,2116.83,1,2116.83,-7.1,-0.34,5.82,0.27,-7.1,-0.34,3545.17,0.35
4246,多头出场,2026-05-26 21:15,VltClsSE,2117.72,1,2123.93,-6.21,-0.29,3,0.14,-6.21,-0.29,3538.96,0.35
4246,多头进场,2026-05-26 20:45,VltClsLE,2123.93,1,2123.93,-6.21,-0.29,3,0.14,-6.21,-0.29,3538.96,0.35
4247,空头出场,2026-05-26 21:30,VltClsLE,2120.49,1,2117.72,-2.77,-0.13,2.26,0.11,-2.77,-0.13,3536.19,0.35
4247,空头进场,2026-05-26 21:15,VltClsSE,2117.72,1,2117.72,-2.77,-0.13,2.26,0.11,-2.77,-0.13,3536.19,0.35
4248,多头出场,2026-05-26 22:30,VltClsSE,2130.37,1,2120.49,9.88,0.47,20,0.94,-10.87,-0.51,3546.07,0.35
4248,多头进场,2026-05-26 21:30,VltClsLE,2120.49,1,2120.49,9.88,0.47,20,0.94,-10.87,-0.51,3546.07,0.35
4249,空头出场,2026-05-27 01:45,VltClsLE,2073.87,1,2130.37,56.5,2.65,75.31,3.54,0,0.00,3602.57,0.36
4249,空头进场,2026-05-26 22:30,VltClsSE,2130.37,1,2130.37,56.5,2.65,75.31,3.54,0,0.00,3602.57,0.36
4250,多头出场,2026-05-27 02:30,VltClsSE,2068.21,1,2073.87,-5.66,-0.27,7.34,0.35,-5.66,-0.27,3596.91,0.36
4250,多头进场,2026-05-27 01:45,VltClsLE,2073.87,1,2073.87,-5.66,-0.27,7.34,0.35,-5.66,-0.27,3596.91,0.36
4251,空头出场,2026-05-27 03:30,VltClsLE,2075.65,1,2068.21,-7.44,-0.36,2.49,0.12,-7.44,-0.36,3589.47,0.36
4251,空头进场,2026-05-27 02:30,VltClsSE,2068.21,1,2068.21,-7.44,-0.36,2.49,0.12,-7.44,-0.36,3589.47,0.36
4252,多头出场,2026-05-27 04:30,VltClsSE,2074.5,1,2075.65,-1.15,-0.06,2.83,0.14,-1.94,-0.09,3588.32,0.36
4252,多头进场,2026-05-27 03:30,VltClsLE,2075.65,1,2075.65,-1.15,-0.06,2.83,0.14,-1.94,-0.09,3588.32,0.36
4253,空头出场,2026-05-27 05:15,VltClsLE,2074.86,1,2074.5,-0.36,-0.02,5.05,0.24,-4.02,-0.19,3587.96,0.36
4253,空头进场,2026-05-27 04:30,VltClsSE,2074.5,1,2074.5,-0.36,-0.02,5.05,0.24,-4.02,-0.19,3587.96,0.36
4254,多头出场,2026-05-27 05:45,VltClsSE,2073.47,1,2074.86,-1.39,-0.07,3.92,0.19,-1.39,-0.07,3586.57,0.36
4254,多头进场,2026-05-27 05:15,VltClsLE,2074.86,1,2074.86,-1.39,-0.07,3.92,0.19,-1.39,-0.07,3586.57,0.36
4255,空头出场,2026-05-27 07:00,VltClsLE,2072.45,1,2073.47,1.02,0.05,7.49,0.36,-3.05,-0.15,3587.59,0.36
4255,空头进场,2026-05-27 05:45,VltClsSE,2073.47,1,2073.47,1.02,0.05,7.49,0.36,-3.05,-0.15,3587.59,0.36
4256,多头出场,2026-05-27 07:45,VltClsSE,2073.22,1,2072.45,0.77,0.04,4.4,0.21,-0.24,-0.01,3588.36,0.36
4256,多头进场,2026-05-27 07:00,VltClsLE,2072.45,1,2072.45,0.77,0.04,4.4,0.21,-0.24,-0.01,3588.36,0.36
4257,空头出场,2026-05-27 08:00,VltClsLE,2076.51,1,2073.22,-3.29,-0.16,0.22,0.01,-3.29,-0.16,3585.07,0.36
4257,空头进场,2026-05-27 07:45,VltClsSE,2073.22,1,2073.22,-3.29,-0.16,0.22,0.01,-3.29,-0.16,3585.07,0.36
4258,多头出场,2026-05-27 08:15,VltClsSE,2075.67,1,2076.51,-0.84,-0.04,3.91,0.19,-0.84,-0.04,3584.23,0.36
4258,多头进场,2026-05-27 08:00,VltClsLE,2076.51,1,2076.51,-0.84,-0.04,3.91,0.19,-0.84,-0.04,3584.23,0.36
4259,空头出场,2026-05-27 08:30,VltClsLE,2080.83,1,2075.67,-5.16,-0.25,1.4,0.07,-5.16,-0.25,3579.07,0.36
4259,空头进场,2026-05-27 08:15,VltClsSE,2075.67,1,2075.67,-5.16,-0.25,1.4,0.07,-5.16,-0.25,3579.07,0.36
4260,多头出场,2026-05-27 09:15,VltClsSE,2077.53,1,2080.83,-3.3,-0.16,3.4,0.16,-3.3,-0.16,3575.77,0.36
4260,多头进场,2026-05-27 08:30,VltClsLE,2080.83,1,2080.83,-3.3,-0.16,3.4,0.16,-3.3,-0.16,3575.77,0.36
4261,空头出场,2026-05-27 10:45,VltClsLE,2073.65,1,2077.53,3.88,0.19,8.42,0.41,0,0.00,3579.65,0.36
4261,空头进场,2026-05-27 09:15,VltClsSE,2077.53,1,2077.53,3.88,0.19,8.42,0.41,0,0.00,3579.65,0.36
4262,多头出场,2026-05-27 11:30,VltClsSE,2073.4,1,2073.65,-0.25,-0.01,6.35,0.31,-0.25,-0.01,3579.4,0.36
4262,多头进场,2026-05-27 10:45,VltClsLE,2073.65,1,2073.65,-0.25,-0.01,6.35,0.31,-0.25,-0.01,3579.4,0.36
4263,空头出场,2026-05-27 12:45,VltClsLE,2067.55,1,2073.4,5.85,0.28,17.09,0.82,-0.28,-0.01,3585.25,0.36
4263,空头进场,2026-05-27 11:30,VltClsSE,2073.4,1,2073.4,5.85,0.28,17.09,0.82,-0.28,-0.01,3585.25,0.36
4264,多头出场,2026-05-27 14:45,VltClsSE,2077.71,1,2067.55,10.16,0.49,13.91,0.67,0,0.00,3595.41,0.36
4264,多头进场,2026-05-27 12:45,VltClsLE,2067.55,1,2067.55,10.16,0.49,13.91,0.67,0,0.00,3595.41,0.36
4265,空头出场,2026-05-27 15:45,VltClsLE,2082.69,1,2077.71,-4.98,-0.24,1.64,0.08,-4.98,-0.24,3590.43,0.36
4265,空头进场,2026-05-27 14:45,VltClsSE,2077.71,1,2077.71,-4.98,-0.24,1.64,0.08,-4.98,-0.24,3590.43,0.36
4266,多头出场,2026-05-27 16:45,VltClsSE,2088.58,1,2082.69,5.89,0.28,14.02,0.67,0,0.00,3596.32,0.36
4266,多头进场,2026-05-27 15:45,VltClsLE,2082.69,1,2082.69,5.89,0.28,14.02,0.67,0,0.00,3596.32,0.36
4267,空头出场,2026-05-27 17:30,VltClsLE,2086.86,1,2088.58,1.72,0.08,10.32,0.49,0,0.00,3598.04,0.36
4267,空头进场,2026-05-27 16:45,VltClsSE,2088.58,1,2088.58,1.72,0.08,10.32,0.49,0,0.00,3598.04,0.36
4268,多头出场,2026-05-27 18:30,VltClsSE,2081.57,1,2086.86,-5.29,-0.25,1.04,0.05,-5.7,-0.27,3592.75,0.36
4268,多头进场,2026-05-27 17:30,VltClsLE,2086.86,1,2086.86,-5.29,-0.25,1.04,0.05,-5.7,-0.27,3592.75,0.36
4269,空头出场,2026-05-27 19:00,VltClsLE,2082.71,1,2081.57,-1.14,-0.05,2.69,0.13,-1.14,-0.05,3591.61,0.36
4269,空头进场,2026-05-27 18:30,VltClsSE,2081.57,1,2081.57,-1.14,-0.05,2.69,0.13,-1.14,-0.05,3591.61,0.36
4270,多头出场,2026-05-27 19:30,VltClsSE,2080.08,1,2082.71,-2.63,-0.13,2.58,0.12,-2.63,-0.13,3588.98,0.36
4270,多头进场,2026-05-27 19:00,VltClsLE,2082.71,1,2082.71,-2.63,-0.13,2.58,0.12,-2.63,-0.13,3588.98,0.36
4271,空头出场,2026-05-27 20:15,VltClsLE,2080.2,1,2080.08,-0.12,-0.01,6.24,0.30,-2.26,-0.11,3588.86,0.36
4271,空头进场,2026-05-27 19:30,VltClsSE,2080.08,1,2080.08,-0.12,-0.01,6.24,0.30,-2.26,-0.11,3588.86,0.36
4272,多头出场,2026-05-27 20:45,VltClsSE,2078.67,1,2080.2,-1.53,-0.07,17.2,0.83,-1.53,-0.07,3587.33,0.36
4272,多头进场,2026-05-27 20:15,VltClsLE,2080.2,1,2080.2,-1.53,-0.07,17.2,0.83,-1.53,-0.07,3587.33,0.36
4273,空头出场,2026-05-27 21:45,VltClsLE,2060.55,1,2078.67,18.12,0.87,26.71,1.28,-1.97,-0.09,3605.45,0.36
4273,空头进场,2026-05-27 20:45,VltClsSE,2078.67,1,2078.67,18.12,0.87,26.71,1.28,-1.97,-0.09,3605.45,0.36
4274,多头出场,2026-05-28 00:15,VltClsSE,2064.43,1,2060.55,3.88,0.19,19.18,0.93,-5.71,-0.28,3609.33,0.36
4274,多头进场,2026-05-27 21:45,VltClsLE,2060.55,1,2060.55,3.88,0.19,19.18,0.93,-5.71,-0.28,3609.33,0.36
4275,空头出场,2026-05-28 04:00,VltClsLE,2060.64,1,2064.43,3.79,0.18,21.12,1.02,-6.67,-0.32,3613.12,0.36
4275,空头进场,2026-05-28 00:15,VltClsSE,2064.43,1,2064.43,3.79,0.18,21.12,1.02,-6.67,-0.32,3613.12,0.36
4276,多头出场,2026-05-28 04:15,VltClsSE,2059.77,1,2060.64,-0.87,-0.04,5.5,0.27,-0.87,-0.04,3612.25,0.36
4276,多头进场,2026-05-28 04:00,VltClsLE,2060.64,1,2060.64,-0.87,-0.04,5.5,0.27,-0.87,-0.04,3612.25,0.36
4277,空头出场,2026-05-28 06:00,VltClsLE,2030.25,1,2059.77,29.52,1.43,43.77,2.12,-4.73,-0.23,3641.77,0.36
4277,空头进场,2026-05-28 04:15,VltClsSE,2059.77,1,2059.77,29.52,1.43,43.77,2.12,-4.73,-0.23,3641.77,0.36
4278,多头出场,2026-05-28 07:15,VltClsSE,2019.65,1,2030.25,-10.6,-0.52,4.75,0.23,-10.6,-0.52,3631.17,0.36
4278,多头进场,2026-05-28 06:00,VltClsLE,2030.25,1,2030.25,-10.6,-0.52,4.75,0.23,-10.6,-0.52,3631.17,0.36
4279,空头出场,2026-05-28 08:15,VltClsLE,2026.67,1,2019.65,-7.02,-0.35,1.48,0.07,-7.02,-0.35,3624.15,0.36
4279,空头进场,2026-05-28 07:15,VltClsSE,2019.65,1,2019.65,-7.02,-0.35,1.48,0.07,-7.02,-0.35,3624.15,0.36
4280,多头出场,2026-05-28 09:15,VltClsSE,2022.81,1,2026.67,-3.86,-0.19,2.53,0.12,-3.86,-0.19,3620.29,0.36
4280,多头进场,2026-05-28 08:15,VltClsLE,2026.67,1,2026.67,-3.86,-0.19,2.53,0.12,-3.86,-0.19,3620.29,0.36
4281,空头出场,2026-05-28 09:30,VltClsLE,2022.54,1,2022.81,0.27,0.01,10.11,0.50,0,0.00,3620.56,0.36
4281,空头进场,2026-05-28 09:15,VltClsSE,2022.81,1,2022.81,0.27,0.01,10.11,0.50,0,0.00,3620.56,0.36
4282,多头出场,2026-05-28 11:00,VltClsSE,2013.96,1,2022.54,-8.58,-0.42,1.05,0.05,-8.58,-0.42,3611.98,0.36
4282,多头进场,2026-05-28 09:30,VltClsLE,2022.54,1,2022.54,-8.58,-0.42,1.05,0.05,-8.58,-0.42,3611.98,0.36
4283,空头出场,2026-05-28 13:30,VltClsLE,1979.79,1,2013.96,34.17,1.70,46.96,2.33,-0.7,-0.03,3646.15,0.36
4283,空头进场,2026-05-28 11:00,VltClsSE,2013.96,1,2013.96,34.17,1.70,46.96,2.33,-0.7,-0.03,3646.15,0.36
4284,多头出场,2026-05-28 13:45,VltClsSE,1976.47,1,1979.79,-3.32,-0.17,1.09,0.06,-3.32,-0.17,3642.83,0.36
4284,多头进场,2026-05-28 13:30,VltClsLE,1979.79,1,1979.79,-3.32,-0.17,1.09,0.06,-3.32,-0.17,3642.83,0.36
4285,空头出场,2026-05-28 14:45,VltClsLE,1979.98,1,1976.47,-3.51,-0.18,3.97,0.20,-4.53,-0.23,3639.32,0.36
4285,空头进场,2026-05-28 13:45,VltClsSE,1976.47,1,1976.47,-3.51,-0.18,3.97,0.20,-4.53,-0.23,3639.32,0.36
4286,多头出场,2026-05-28 16:00,VltClsSE,1991.24,1,1979.98,11.26,0.57,16.8,0.85,0,0.00,3650.58,0.37
4286,多头进场,2026-05-28 14:45,VltClsLE,1979.98,1,1979.98,11.26,0.57,16.8,0.85,0,0.00,3650.58,0.37
4287,空头出场,2026-05-28 18:00,VltClsLE,1997.14,1,1991.24,-5.9,-0.30,6.39,0.32,-5.9,-0.30,3644.68,0.36
4287,空头进场,2026-05-28 16:00,VltClsSE,1991.24,1,1991.24,-5.9,-0.30,6.39,0.32,-5.9,-0.30,3644.68,0.36
4288,多头出场,2026-05-28 18:15,VltClsSE,1992.63,1,1997.14,-4.51,-0.23,1.26,0.06,-4.51,-0.23,3640.17,0.36
4288,多头进场,2026-05-28 18:00,VltClsLE,1997.14,1,1997.14,-4.51,-0.23,1.26,0.06,-4.51,-0.23,3640.17,0.36
4289,空头出场,2026-05-28 20:30,VltClsLE,1989.33,1,1992.63,3.3,0.17,11.06,0.56,-2.61,-0.13,3643.47,0.36
4289,空头进场,2026-05-28 18:15,VltClsSE,1992.63,1,1992.63,3.3,0.17,11.06,0.56,-2.61,-0.13,3643.47,0.36
4290,多头出场,2026-05-28 21:00,VltClsSE,1988.13,1,1989.33,-1.2,-0.06,5.67,0.29,-1.2,-0.06,3642.27,0.36
4290,多头进场,2026-05-28 20:30,VltClsLE,1989.33,1,1989.33,-1.2,-0.06,5.67,0.29,-1.2,-0.06,3642.27,0.36
4291,空头出场,2026-05-28 21:45,VltClsLE,1982.35,1,1988.13,5.78,0.29,12.78,0.64,-0.37,-0.02,3648.05,0.36
4291,空头进场,2026-05-28 21:00,VltClsSE,1988.13,1,1988.13,5.78,0.29,12.78,0.64,-0.37,-0.02,3648.05,0.36
4292,多头出场,2026-05-28 22:00,VltClsSE,1975.15,1,1982.35,-7.2,-0.36,12.16,0.61,-7.2,-0.36,3640.85,0.36
4292,多头进场,2026-05-28 21:45,VltClsLE,1982.35,1,1982.35,-7.2,-0.36,12.16,0.61,-7.2,-0.36,3640.85,0.36
4293,空头出场,2026-05-29 00:00,VltClsLE,1997.27,1,1975.15,-22.12,-1.12,7.77,0.39,-27.35,-1.38,3618.73,0.36
4293,空头进场,2026-05-28 22:00,VltClsSE,1975.15,1,1975.15,-22.12,-1.12,7.77,0.39,-27.35,-1.38,3618.73,0.36
4294,多头出场,2026-05-29 03:00,VltClsSE,2019.79,1,1997.27,22.52,1.13,32.73,1.64,-3.57,-0.18,3641.25,0.36
4294,多头进场,2026-05-29 00:00,VltClsLE,1997.27,1,1997.27,22.52,1.13,32.73,1.64,-3.57,-0.18,3641.25,0.36
4295,空头出场,2026-05-29 04:15,VltClsLE,2018.48,1,2019.79,1.31,0.06,13.35,0.66,-4.56,-0.23,3642.56,0.36
4295,空头进场,2026-05-29 03:00,VltClsSE,2019.79,1,2019.79,1.31,0.06,13.35,0.66,-4.56,-0.23,3642.56,0.36
4296,多头出场,2026-05-29 04:45,VltClsSE,2014.17,1,2018.48,-4.31,-0.21,1.55,0.08,-4.31,-0.21,3638.25,0.36
4296,多头进场,2026-05-29 04:15,VltClsLE,2018.48,1,2018.48,-4.31,-0.21,1.55,0.08,-4.31,-0.21,3638.25,0.36
4297,空头出场,2026-05-29 05:00,VltClsLE,2019.18,1,2014.17,-5.01,-0.25,0.75,0.04,-5.01,-0.25,3633.24,0.36
4297,空头进场,2026-05-29 04:45,VltClsSE,2014.17,1,2014.17,-5.01,-0.25,0.75,0.04,-5.01,-0.25,3633.24,0.36
4298,多头出场,2026-05-29 06:00,VltClsSE,2016.37,1,2019.18,-2.81,-0.14,5.45,0.27,-2.81,-0.14,3630.43,0.36
4298,多头进场,2026-05-29 05:00,VltClsLE,2019.18,1,2019.18,-2.81,-0.14,5.45,0.27,-2.81,-0.14,3630.43,0.36
4299,空头出场,2026-05-29 06:45,VltClsLE,2010.11,1,2016.37,6.26,0.31,10.94,0.54,0,0.00,3636.69,0.36
4299,空头进场,2026-05-29 06:00,VltClsSE,2016.37,1,2016.37,6.26,0.31,10.94,0.54,0,0.00,3636.69,0.36
4300,多头出场,2026-05-29 08:45,VltClsSE,2013.24,1,2010.11,3.13,0.16,7.06,0.35,-4.51,-0.22,3639.82,0.36
4300,多头进场,2026-05-29 06:45,VltClsLE,2010.11,1,2010.11,3.13,0.16,7.06,0.35,-4.51,-0.22,3639.82,0.36
4301,空头出场,2026-05-29 09:00,VltClsLE,2016.14,1,2013.24,-2.9,-0.14,1.77,0.09,-2.9,-0.14,3636.92,0.36
4301,空头进场,2026-05-29 08:45,VltClsSE,2013.24,1,2013.24,-2.9,-0.14,1.77,0.09,-2.9,-0.14,3636.92,0.36
4302,多头出场,2026-05-29 09:15,VltClsSE,2009.73,1,2016.14,-6.41,-0.32,0.33,0.02,-6.41,-0.32,3630.51,0.36
4302,多头进场,2026-05-29 09:00,VltClsLE,2016.14,1,2016.14,-6.41,-0.32,0.33,0.02,-6.41,-0.32,3630.51,0.36
4303,空头出场,2026-05-29 10:15,开盘价,2010.09,1,2009.73,-0.36,-0.02,3.83,0.19,-1.04,-0.05,3630.15,0.36
4303,空头进场,2026-05-29 09:15,VltClsSE,2009.73,1,2009.73,-0.36,-0.02,3.83,0.19,-1.04,-0.05,3630.15,0.36