Trade number,Type,Date and time,Signal,Price USDT,Size (qty),Size (value),Net PnL USDT,Net PnL %,Favorable excursion USDT,Favorable excursion %,Adverse excursion USDT,Adverse excursion %,Cumulative PnL USDT,Cumulative PnL %
1,Exit long,2026-02-16 07:15,short,1958.49,1.0211,1999.875405,-0.06,0.00,16.3,0.81,-14.49,-0.72,-0.06,0.00
1,Entry long,2026-02-16 05:45,long,1958.55,1.0211,1999.875405,-0.06,0.00,16.3,0.81,-14.49,-0.72,-0.06,0.00
2,Exit short,2026-02-16 08:00,long,1973.55,1.0211,1999.814139,-15.38,-0.77,0,0.00,-18.92,-0.95,-15.44,0.00
2,Entry short,2026-02-16 07:15,short,1958.49,1.0211,1999.814139,-15.38,-0.77,0,0.00,-18.92,-0.95,-15.44,0.00
3,Exit long,2026-02-16 11:00,short,1956.5,1.0134,1999.99557,-17.28,-0.86,7.75,0.39,-21.53,-1.08,-32.72,0.00
3,Entry long,2026-02-16 08:00,long,1973.55,1.0134,1999.99557,-17.28,-0.86,7.75,0.39,-21.53,-1.08,-32.72,0.00
4,Exit short,2026-02-16 12:30,long,1965.8,1.0222,1999.9343,-9.51,-0.48,7.91,0.40,-14.09,-0.70,-42.22,0.00
4,Entry short,2026-02-16 11:00,short,1956.5,1.0222,1999.9343,-9.51,-0.48,7.91,0.40,-14.09,-0.70,-42.22,0.00
5,Exit long,2026-02-16 13:15,short,1958.54,1.0173,1999.80834,-7.39,-0.37,8.51,0.43,-11.28,-0.56,-49.61,0.00
5,Entry long,2026-02-16 12:30,long,1965.8,1.0173,1999.80834,-7.39,-0.37,8.51,0.43,-11.28,-0.56,-49.61,0.00
6,Exit short,2026-02-16 14:45,long,1966.69,1.0211,1999.865194,-8.32,-0.42,5.75,0.29,-9.23,-0.46,-57.93,-0.01
6,Entry short,2026-02-16 13:15,short,1958.54,1.0211,1999.865194,-8.32,-0.42,5.75,0.29,-9.23,-0.46,-57.93,-0.01
7,Exit long,2026-02-16 19:15,short,1972.48,1.0169,1999.927061,5.89,0.29,27.11,1.36,-9.73,-0.49,-52.04,-0.01
7,Entry long,2026-02-16 14:45,long,1966.69,1.0169,1999.927061,5.89,0.29,27.11,1.36,-9.73,-0.49,-52.04,-0.01
8,Exit short,2026-02-16 20:45,long,2006.24,1.0139,1999.897472,-34.23,-1.71,6.43,0.32,-37.55,-1.88,-86.27,-0.01
8,Entry short,2026-02-16 19:15,short,1972.48,1.0139,1999.897472,-34.23,-1.71,6.43,0.32,-37.55,-1.88,-86.27,-0.01
9,Exit long,2026-02-16 21:30,short,1974.71,0.9968,1999.820032,-31.43,-1.57,17.21,0.86,-39.85,-1.99,-117.7,-0.01
9,Entry long,2026-02-16 20:45,long,2006.24,0.9968,1999.820032,-31.43,-1.57,17.21,0.86,-39.85,-1.99,-117.7,-0.01
10,Exit short,2026-02-17 00:30,long,1974.09,1.0128,1999.986288,0.63,0.03,37.95,1.90,-11.56,-0.58,-117.07,-0.01
10,Entry short,2026-02-16 21:30,short,1974.71,1.0128,1999.986288,0.63,0.03,37.95,1.90,-11.56,-0.58,-117.07,-0.01
11,Exit long,2026-02-17 03:30,short,1977.82,1.0131,1999.950579,3.78,0.19,14.5,0.72,-9.74,-0.49,-113.3,-0.01
11,Entry long,2026-02-17 00:30,long,1974.09,1.0131,1999.950579,3.78,0.19,14.5,0.72,-9.74,-0.49,-113.3,-0.01
12,Exit short,2026-02-17 04:15,long,1982.99,1.0112,1999.971584,-5.23,-0.26,6.8,0.34,-5.23,-0.26,-118.52,-0.01
12,Entry short,2026-02-17 03:30,short,1977.82,1.0112,1999.971584,-5.23,-0.26,6.8,0.34,-5.23,-0.26,-118.52,-0.01
13,Exit long,2026-02-17 11:00,short,1992.17,1.0085,1999.845415,9.26,0.46,25.81,1.29,-3.93,-0.20,-109.27,-0.01
13,Entry long,2026-02-17 04:15,long,1982.99,1.0085,1999.845415,9.26,0.46,25.81,1.29,-3.93,-0.20,-109.27,-0.01
14,Exit short,2026-02-17 16:15,long,1983.98,1.0039,1999.939463,8.22,0.41,27.56,1.38,-6.33,-0.32,-101.04,-0.01
14,Entry short,2026-02-17 11:00,short,1992.17,1.0039,1999.939463,8.22,0.41,27.56,1.38,-6.33,-0.32,-101.04,-0.01
15,Exit long,2026-02-17 17:00,short,1971.84,1.008,1999.85184,-12.24,-0.61,2.04,0.10,-14.3,-0.72,-113.28,-0.01
15,Entry long,2026-02-17 16:15,long,1983.98,1.008,1999.85184,-12.24,-0.61,2.04,0.10,-14.3,-0.72,-113.28,-0.01
16,Exit short,2026-02-17 20:45,long,1969.76,1.0142,1999.840128,2.11,0.11,10.27,0.51,-7.03,-0.35,-111.17,-0.01
16,Entry short,2026-02-17 17:00,short,1971.84,1.0142,1999.840128,2.11,0.11,10.27,0.51,-7.03,-0.35,-111.17,-0.01
17,Exit long,2026-02-17 23:00,short,1952.94,1.0153,1999.897328,-17.08,-0.85,33.44,1.67,-25.85,-1.29,-128.25,-0.01
17,Entry long,2026-02-17 20:45,long,1969.76,1.0153,1999.897328,-17.08,-0.85,33.44,1.67,-25.85,-1.29,-128.25,-0.01
18,Exit short,2026-02-18 00:30,long,1992.63,1.024,1999.81056,-40.64,-2.03,11.55,0.58,-58.91,-2.95,-168.89,-0.02
18,Entry short,2026-02-17 23:00,short,1952.94,1.024,1999.81056,-40.64,-2.03,11.55,0.58,-58.91,-2.95,-168.89,-0.02
19,Exit long,2026-02-18 01:15,short,1973.82,1.0036,1999.803468,-18.88,-0.94,0.73,0.04,-33.75,-1.69,-187.77,-0.02
19,Entry long,2026-02-18 00:30,long,1992.63,1.0036,1999.803468,-18.88,-0.94,0.73,0.04,-33.75,-1.69,-187.77,-0.02
20,Exit short,2026-02-18 02:45,long,1998.69,1.0132,1999.874424,-25.2,-1.26,20.05,1.00,-33.64,-1.68,-212.97,-0.02
20,Entry short,2026-02-18 01:15,short,1973.82,1.0132,1999.874424,-25.2,-1.26,20.05,1.00,-33.64,-1.68,-212.97,-0.02
21,Exit long,2026-02-18 07:15,short,1992.69,1.0006,1999.889214,-6,-0.30,16.65,0.83,-11.13,-0.56,-218.97,-0.02
21,Entry long,2026-02-18 02:45,long,1998.69,1.0006,1999.889214,-6,-0.30,16.65,0.83,-11.13,-0.56,-218.97,-0.02
22,Exit short,2026-02-18 11:00,long,1989.38,1.0036,1999.863684,3.32,0.17,24.1,1.20,-5.22,-0.26,-215.65,-0.02
22,Entry short,2026-02-18 07:15,short,1992.69,1.0036,1999.863684,3.32,0.17,24.1,1.20,-5.22,-0.26,-215.65,-0.02
23,Exit long,2026-02-18 15:30,short,2012.15,1.0053,1999.923714,22.89,1.14,25.45,1.27,-0.38,-0.02,-192.76,-0.02
23,Entry long,2026-02-18 11:00,long,1989.38,1.0053,1999.923714,22.89,1.14,25.45,1.27,-0.38,-0.02,-192.76,-0.02
24,Exit short,2026-02-18 16:15,long,2030.19,0.9939,1999.875885,-17.93,-0.90,1.46,0.07,-26.74,-1.34,-210.69,-0.02
24,Entry short,2026-02-18 15:30,short,2012.15,0.9939,1999.875885,-17.93,-0.90,1.46,0.07,-26.74,-1.34,-210.69,-0.02
25,Exit long,2026-02-18 18:30,short,2000.08,0.9851,1999.940169,-29.66,-1.48,0.67,0.03,-30.5,-1.52,-240.35,-0.02
25,Entry long,2026-02-18 16:15,long,2030.19,0.9851,1999.940169,-29.66,-1.48,0.67,0.03,-30.5,-1.52,-240.35,-0.02
26,Exit short,2026-02-18 23:45,long,1985.48,0.9999,1999.879992,14.6,0.73,45.78,2.29,-10.22,-0.51,-225.75,-0.02
26,Entry short,2026-02-18 18:30,short,2000.08,0.9999,1999.879992,14.6,0.73,45.78,2.29,-10.22,-0.51,-225.75,-0.02
27,Exit long,2026-02-19 00:30,short,1973.83,1.0073,1999.974004,-11.74,-0.59,0.19,0.01,-20.63,-1.03,-237.49,-0.02
27,Entry long,2026-02-18 23:45,long,1985.48,1.0073,1999.974004,-11.74,-0.59,0.19,0.01,-20.63,-1.03,-237.49,-0.02
28,Exit short,2026-02-19 05:45,long,1942,1.0132,1999.884556,32.25,1.61,50.71,2.54,-14.25,-0.71,-205.24,-0.02
28,Entry short,2026-02-19 00:30,short,1973.83,1.0132,1999.884556,32.25,1.61,50.71,2.54,-14.25,-0.71,-205.24,-0.02
29,Exit long,2026-02-19 06:30,short,1946.3,1.0298,1999.8716,4.43,0.22,6.62,0.33,-2.14,-0.11,-200.81,-0.02
29,Entry long,2026-02-19 05:45,long,1942,1.0298,1999.8716,4.43,0.22,6.62,0.33,-2.14,-0.11,-200.81,-0.02
30,Exit short,2026-02-19 07:15,long,1948.74,1.0275,1999.82325,-2.51,-0.13,1.73,0.09,-4.59,-0.23,-203.31,-0.02
30,Entry short,2026-02-19 06:30,short,1946.3,1.0275,1999.82325,-2.51,-0.13,1.73,0.09,-4.59,-0.23,-203.31,-0.02
31,Exit long,2026-02-19 13:15,short,1965.81,1.0263,1999.991862,17.52,0.88,31.92,1.60,-0.06,0.00,-185.8,-0.02
31,Entry long,2026-02-19 07:15,long,1948.74,1.0263,1999.991862,17.52,0.88,31.92,1.60,-0.06,0.00,-185.8,-0.02
32,Exit short,2026-02-19 14:45,long,1982.92,1.0173,1999.818513,-17.41,-0.87,1.64,0.08,-19.52,-0.98,-203.2,-0.02
32,Entry short,2026-02-19 13:15,short,1965.81,1.0173,1999.818513,-17.41,-0.87,1.64,0.08,-19.52,-0.98,-203.2,-0.02
33,Exit long,2026-02-19 16:15,short,1972.63,1.0086,1999.973112,-10.38,-0.52,4.67,0.23,-12.12,-0.61,-213.58,-0.02
33,Entry long,2026-02-19 14:45,long,1982.92,1.0086,1999.973112,-10.38,-0.52,4.67,0.23,-12.12,-0.61,-213.58,-0.02
34,Exit short,2026-02-20 01:15,long,1929.41,1.0138,1999.852294,43.82,2.19,66.54,3.33,-7.99,-0.40,-169.76,-0.02
34,Entry short,2026-02-19 16:15,short,1972.63,1.0138,1999.852294,43.82,2.19,66.54,3.33,-7.99,-0.40,-169.76,-0.02
35,Exit long,2026-02-20 02:00,short,1934.01,1.0365,1999.833465,4.77,0.24,5.28,0.26,-19.32,-0.97,-165,-0.02
35,Entry long,2026-02-20 01:15,long,1929.41,1.0365,1999.833465,4.77,0.24,5.28,0.26,-19.32,-0.97,-165,-0.02
36,Exit short,2026-02-20 02:45,long,1939.99,1.0341,1999.959741,-6.18,-0.31,7.22,0.36,-11.02,-0.55,-171.18,-0.02
36,Entry short,2026-02-20 02:00,short,1934.01,1.0341,1999.959741,-6.18,-0.31,7.22,0.36,-11.02,-0.55,-171.18,-0.02
37,Exit long,2026-02-20 06:30,short,1940.87,1.0309,1999.935691,0.91,0.05,12.97,0.65,-12.53,-0.63,-170.27,-0.02
37,Entry long,2026-02-20 02:45,long,1939.99,1.0309,1999.935691,0.91,0.05,12.97,0.65,-12.53,-0.63,-170.27,-0.02
38,Exit short,2026-02-20 07:15,long,1950.15,1.0304,1999.872448,-9.56,-0.48,1.63,0.08,-9.85,-0.49,-179.83,-0.02
38,Entry short,2026-02-20 06:30,short,1940.87,1.0304,1999.872448,-9.56,-0.48,1.63,0.08,-9.85,-0.49,-179.83,-0.02
39,Exit long,2026-02-20 10:15,short,1948.98,1.0255,1999.878825,-1.2,-0.06,14.76,0.74,-4.03,-0.20,-181.03,-0.02
39,Entry long,2026-02-20 07:15,long,1950.15,1.0255,1999.878825,-1.2,-0.06,14.76,0.74,-4.03,-0.20,-181.03,-0.02
40,Exit short,2026-02-20 11:45,long,1954.85,1.0261,1999.848378,-6.02,-0.30,0.07,0.00,-11.96,-0.60,-187.06,-0.02
40,Entry short,2026-02-20 10:15,short,1948.98,1.0261,1999.848378,-6.02,-0.30,0.07,0.00,-11.96,-0.60,-187.06,-0.02
41,Exit long,2026-02-20 12:30,short,1944.96,1.023,1999.81155,-10.12,-0.51,1.33,0.07,-24.39,-1.22,-197.17,-0.02
41,Entry long,2026-02-20 11:45,long,1954.85,1.023,1999.81155,-10.12,-0.51,1.33,0.07,-24.39,-1.22,-197.17,-0.02
42,Exit short,2026-02-20 14:00,long,1958.77,1.0282,1999.807872,-14.2,-0.71,10.47,0.52,-21.12,-1.06,-211.37,-0.02
42,Entry short,2026-02-20 12:30,short,1944.96,1.0282,1999.807872,-14.2,-0.71,10.47,0.52,-21.12,-1.06,-211.37,-0.02
43,Exit long,2026-02-20 19:15,short,1953.87,1.021,1999.90417,-5,-0.25,15.41,0.77,-9.14,-0.46,-216.38,-0.02
43,Entry long,2026-02-20 14:00,long,1958.77,1.021,1999.90417,-5,-0.25,15.41,0.77,-9.14,-0.46,-216.38,-0.02
44,Exit short,2026-02-20 23:00,long,1945.94,1.0236,1999.981332,8.12,0.41,31.63,1.58,-27.25,-1.36,-208.26,-0.02
44,Entry short,2026-02-20 19:15,short,1953.87,1.0236,1999.981332,8.12,0.41,31.63,1.58,-27.25,-1.36,-208.26,-0.02
45,Exit long,2026-02-21 01:15,short,1944.38,1.0277,1999.842538,-1.6,-0.08,28.32,1.42,-10.83,-0.54,-209.86,-0.02
45,Entry long,2026-02-20 23:00,long,1945.94,1.0277,1999.842538,-1.6,-0.08,28.32,1.42,-10.83,-0.54,-209.86,-0.02
46,Exit short,2026-02-21 02:00,long,1964.77,1.0286,1999.989268,-20.97,-1.05,1.05,0.05,-27.32,-1.37,-230.84,-0.02
46,Entry short,2026-02-21 01:15,short,1944.38,1.0286,1999.989268,-20.97,-1.05,1.05,0.05,-27.32,-1.37,-230.84,-0.02
47,Exit long,2026-02-21 06:30,short,1968.48,1.0179,1999.939383,3.78,0.19,16.7,0.84,-4.97,-0.25,-227.06,-0.02
47,Entry long,2026-02-21 02:00,long,1964.77,1.0179,1999.939383,3.78,0.19,16.7,0.84,-4.97,-0.25,-227.06,-0.02
48,Exit short,2026-02-21 10:15,long,1969.41,1.016,1999.97568,-0.94,-0.05,7.12,0.36,-4.87,-0.24,-228,-0.02
48,Entry short,2026-02-21 06:30,short,1968.48,1.016,1999.97568,-0.94,-0.05,7.12,0.36,-4.87,-0.24,-228,-0.02
49,Exit long,2026-02-21 11:00,short,1960.84,1.0155,1999.935855,-8.7,-0.44,1.31,0.07,-9.93,-0.50,-236.71,-0.02
49,Entry long,2026-02-21 10:15,long,1969.41,1.0155,1999.935855,-8.7,-0.44,1.31,0.07,-9.93,-0.50,-236.71,-0.02
50,Exit short,2026-02-21 14:00,long,1965.61,1.0199,1999.860716,-4.86,-0.24,5.32,0.27,-5.35,-0.27,-241.57,-0.02
50,Entry short,2026-02-21 11:00,short,1960.84,1.0199,1999.860716,-4.86,-0.24,5.32,0.27,-5.35,-0.27,-241.57,-0.02
51,Exit long,2026-02-21 20:45,short,1975.99,1.0174,1999.811614,10.56,0.53,23.39,1.17,-5.71,-0.29,-231.01,-0.02
51,Entry long,2026-02-21 14:00,long,1965.61,1.0174,1999.811614,10.56,0.53,23.39,1.17,-5.71,-0.29,-231.01,-0.02
52,Exit short,2026-02-21 21:30,long,1977.66,1.0121,1999.899479,-1.69,-0.08,3.4,0.17,-2.41,-0.12,-232.7,-0.02
52,Entry short,2026-02-21 20:45,short,1975.99,1.0121,1999.899479,-1.69,-0.08,3.4,0.17,-2.41,-0.12,-232.7,-0.02
53,Exit long,2026-02-22 00:30,short,1988.93,1.0112,1999.809792,11.4,0.57,18.1,0.91,-1.26,-0.06,-221.31,-0.02
53,Entry long,2026-02-21 21:30,long,1977.66,1.0112,1999.809792,11.4,0.57,18.1,0.91,-1.26,-0.06,-221.31,-0.02
54,Exit short,2026-02-22 01:15,long,1986.11,1.0055,1999.869115,2.84,0.14,4.7,0.23,-0.71,-0.04,-218.47,-0.02
54,Entry short,2026-02-22 00:30,short,1988.93,1.0055,1999.869115,2.84,0.14,4.7,0.23,-0.71,-0.04,-218.47,-0.02
55,Exit long,2026-02-22 04:15,short,1989.49,1.0069,1999.814159,3.4,0.17,9.26,0.46,-0.89,-0.04,-215.07,-0.02
55,Entry long,2026-02-22 01:15,long,1986.11,1.0069,1999.814159,3.4,0.17,9.26,0.46,-0.89,-0.04,-215.07,-0.02
56,Exit short,2026-02-22 09:30,long,1978.41,1.0052,1999.835348,11.14,0.56,21.85,1.09,-0.67,-0.03,-203.93,-0.02
56,Entry short,2026-02-22 04:15,short,1989.49,1.0052,1999.835348,11.14,0.56,21.85,1.09,-0.67,-0.03,-203.93,-0.02
57,Exit long,2026-02-22 11:00,short,1974.95,1.0109,1999.974669,-3.5,-0.17,4.63,0.23,-6.37,-0.32,-207.43,-0.02
57,Entry long,2026-02-22 09:30,long,1978.41,1.0109,1999.974669,-3.5,-0.17,4.63,0.23,-6.37,-0.32,-207.43,-0.02
58,Exit short,2026-02-22 14:00,long,1975.93,1.0126,1999.83437,-0.99,-0.05,7.65,0.38,-1.81,-0.09,-208.42,-0.02
58,Entry short,2026-02-22 11:00,short,1974.95,1.0126,1999.83437,-0.99,-0.05,7.65,0.38,-1.81,-0.09,-208.42,-0.02
59,Exit long,2026-02-22 17:00,short,1972.64,1.0121,1999.838753,-3.33,-0.17,3.65,0.18,-5.41,-0.27,-211.75,-0.02
59,Entry long,2026-02-22 14:00,long,1975.93,1.0121,1999.838753,-3.33,-0.17,3.65,0.18,-5.41,-0.27,-211.75,-0.02
60,Exit short,2026-02-22 18:30,long,1978.82,1.0138,1999.862432,-6.27,-0.31,0.93,0.05,-7.47,-0.37,-218.01,-0.02
60,Entry short,2026-02-22 17:00,short,1972.64,1.0138,1999.862432,-6.27,-0.31,0.93,0.05,-7.47,-0.37,-218.01,-0.02
61,Exit long,2026-02-22 20:45,short,1966.37,1.0107,1999.993374,-12.58,-0.63,4.36,0.22,-17.16,-0.86,-230.6,-0.02
61,Entry long,2026-02-22 18:30,long,1978.82,1.0107,1999.993374,-12.58,-0.63,4.36,0.22,-17.16,-0.86,-230.6,-0.02
62,Exit short,2026-02-22 23:45,long,1953.98,1.0171,1999.994927,12.6,0.63,23.23,1.16,-2.36,-0.12,-218,-0.02
62,Entry short,2026-02-22 20:45,short,1966.37,1.0171,1999.994927,12.6,0.63,23.23,1.16,-2.36,-0.12,-218,-0.02
63,Exit long,2026-02-23 00:30,short,1950,1.0235,1999.89853,-4.07,-0.20,1.62,0.08,-6.6,-0.33,-222.07,-0.02
63,Entry long,2026-02-22 23:45,long,1953.98,1.0235,1999.89853,-4.07,-0.20,1.62,0.08,-6.6,-0.33,-222.07,-0.02
64,Exit short,2026-02-23 04:15,long,1944.65,1.0256,1999.92,5.49,0.27,15.38,0.77,-3.69,-0.18,-216.58,-0.02
64,Entry short,2026-02-23 00:30,short,1950,1.0256,1999.92,5.49,0.27,15.38,0.77,-3.69,-0.18,-216.58,-0.02
65,Exit long,2026-02-23 08:45,short,1929.42,1.0284,1999.87806,-15.66,-0.78,16.76,0.84,-16.39,-0.82,-232.25,-0.02
65,Entry long,2026-02-23 04:15,long,1944.65,1.0284,1999.87806,-15.66,-0.78,16.76,0.84,-16.39,-0.82,-232.25,-0.02
66,Exit short,2026-02-23 13:15,long,1867.35,1.0365,1999.84383,64.34,3.22,84.95,4.25,0,0.00,-167.91,-0.02
66,Entry short,2026-02-23 08:45,short,1929.42,1.0365,1999.84383,64.34,3.22,84.95,4.25,0,0.00,-167.91,-0.02
67,Exit long,2026-02-23 23:00,short,1904.19,1.071,1999.93185,39.46,1.97,73.01,3.65,-4.35,-0.22,-128.45,-0.01
67,Entry long,2026-02-23 13:15,long,1867.35,1.071,1999.93185,39.46,1.97,73.01,3.65,-4.35,-0.22,-128.45,-0.01
68,Exit short,2026-02-24 05:00,long,1867.35,1.0503,1999.970757,38.69,1.93,70.43,3.52,-9.49,-0.47,-89.76,-0.01
68,Entry short,2026-02-23 23:00,short,1904.19,1.0503,1999.970757,38.69,1.93,70.43,3.52,-9.49,-0.47,-89.76,-0.01
69,Exit long,2026-02-24 08:00,short,1863.42,1.071,1999.93185,-4.21,-0.21,2.84,0.14,-17.56,-0.88,-93.97,-0.01
69,Entry long,2026-02-24 05:00,long,1867.35,1.071,1999.93185,-4.21,-0.21,2.84,0.14,-17.56,-0.88,-93.97,-0.01
70,Exit short,2026-02-24 08:45,long,1867.96,1.0732,1999.822344,-4.87,-0.24,1.93,0.10,-6.61,-0.33,-98.84,-0.01
70,Entry short,2026-02-24 08:00,short,1863.42,1.0732,1999.822344,-4.87,-0.24,1.93,0.10,-6.61,-0.33,-98.84,-0.01
71,Exit long,2026-02-24 09:30,short,1847.23,1.0706,1999.837976,-22.19,-1.11,0.03,0.00,-60.11,-3.01,-121.04,-0.01
71,Entry long,2026-02-24 08:45,long,1867.96,1.0706,1999.837976,-22.19,-1.11,0.03,0.00,-60.11,-3.01,-121.04,-0.01
72,Exit short,2026-02-24 13:15,long,1818.5,1.0827,1999.995921,31.11,1.56,36.23,1.81,-7.83,-0.39,-89.93,-0.01
72,Entry short,2026-02-24 09:30,short,1847.23,1.0827,1999.995921,31.11,1.56,36.23,1.81,-7.83,-0.39,-89.93,-0.01
73,Exit long,2026-02-24 14:00,short,1824.91,1.0998,1999.9863,7.05,0.35,11.43,0.57,-2.24,-0.11,-82.88,-0.01
73,Entry long,2026-02-24 13:15,long,1818.5,1.0998,1999.9863,7.05,0.35,11.43,0.57,-2.24,-0.11,-82.88,-0.01
74,Exit short,2026-02-24 15:30,long,1823.95,1.0959,1999.918869,1.05,0.05,10.61,0.53,-7.65,-0.38,-81.83,-0.01
74,Entry short,2026-02-24 14:00,short,1824.91,1.0959,1999.918869,1.05,0.05,10.61,0.53,-7.65,-0.38,-81.83,-0.01
75,Exit long,2026-02-24 16:15,short,1830.31,1.0965,1999.961175,6.97,0.35,8.13,0.41,-5.95,-0.30,-74.85,-0.01
75,Entry long,2026-02-24 15:30,long,1823.95,1.0965,1999.961175,6.97,0.35,8.13,0.41,-5.95,-0.30,-74.85,-0.01
76,Exit short,2026-02-24 17:00,long,1827.55,1.0927,1999.979737,3.02,0.15,6.3,0.32,-6.41,-0.32,-71.84,-0.01
76,Entry short,2026-02-24 16:15,short,1830.31,1.0927,1999.979737,3.02,0.15,6.3,0.32,-6.41,-0.32,-71.84,-0.01
77,Exit long,2026-02-24 17:45,short,1827.14,1.0943,1999.887965,-0.45,-0.02,0.53,0.03,-13.49,-0.67,-72.29,-0.01
77,Entry long,2026-02-24 17:00,long,1827.55,1.0943,1999.887965,-0.45,-0.02,0.53,0.03,-13.49,-0.67,-72.29,-0.01
78,Exit short,2026-02-24 18:30,long,1822.84,1.0946,1999.987444,4.71,0.24,7.19,0.36,-1.52,-0.08,-67.58,-0.01
78,Entry short,2026-02-24 17:45,short,1827.14,1.0946,1999.987444,4.71,0.24,7.19,0.36,-1.52,-0.08,-67.58,-0.01
79,Exit long,2026-02-24 19:15,short,1821.58,1.0971,1999.837764,-1.38,-0.07,7.5,0.38,-3.66,-0.18,-68.96,-0.01
79,Entry long,2026-02-24 18:30,long,1822.84,1.0971,1999.837764,-1.38,-0.07,7.5,0.38,-3.66,-0.18,-68.96,-0.01
80,Exit short,2026-02-24 20:00,long,1827.38,1.0979,1999.912682,-6.37,-0.32,3.84,0.19,-9.56,-0.48,-75.33,-0.01
80,Entry short,2026-02-24 19:15,short,1821.58,1.0979,1999.912682,-6.37,-0.32,3.84,0.19,-9.56,-0.48,-75.33,-0.01
81,Exit long,2026-02-24 20:45,short,1823.92,1.0944,1999.884672,-3.79,-0.19,2.08,0.10,-6.91,-0.35,-79.12,-0.01
81,Entry long,2026-02-24 20:00,long,1827.38,1.0944,1999.884672,-3.79,-0.19,2.08,0.10,-6.91,-0.35,-79.12,-0.01
82,Exit short,2026-02-24 23:00,long,1839.69,1.0965,1999.92828,-17.29,-0.86,26.23,1.31,-26.39,-1.32,-96.41,-0.01
82,Entry short,2026-02-24 20:45,short,1823.92,1.0965,1999.92828,-17.29,-0.86,26.23,1.31,-26.39,-1.32,-96.41,-0.01
83,Exit long,2026-02-25 03:30,short,1854,1.0871,1999.926999,15.56,0.78,27.93,1.40,-2.14,-0.11,-80.85,-0.01
83,Entry long,2026-02-24 23:00,long,1839.69,1.0871,1999.926999,15.56,0.78,27.93,1.40,-2.14,-0.11,-80.85,-0.01
84,Exit short,2026-02-25 05:00,long,1853.2,1.0787,1999.9098,0.86,0.04,4.85,0.24,-9.02,-0.45,-79.99,-0.01
84,Entry short,2026-02-25 03:30,short,1854,1.0787,1999.9098,0.86,0.04,4.85,0.24,-9.02,-0.45,-79.99,-0.01
85,Exit long,2026-02-25 05:45,short,1854.17,1.0792,1999.97344,1.05,0.05,1.75,0.09,-8.41,-0.42,-78.94,-0.01
85,Entry long,2026-02-25 05:00,long,1853.2,1.0792,1999.97344,1.05,0.05,1.75,0.09,-8.41,-0.42,-78.94,-0.01
86,Exit short,2026-02-25 06:30,long,1857.48,1.0786,1999.907762,-3.57,-0.18,1.35,0.07,-10.72,-0.54,-82.51,-0.01
86,Entry short,2026-02-25 05:45,short,1854.17,1.0786,1999.907762,-3.57,-0.18,1.35,0.07,-10.72,-0.54,-82.51,-0.01
87,Exit long,2026-02-25 07:15,short,1857.72,1.0767,1999.948716,0.26,0.01,3.8,0.19,-5.81,-0.29,-82.25,-0.01
87,Entry long,2026-02-25 06:30,long,1857.48,1.0767,1999.948716,0.26,0.01,3.8,0.19,-5.81,-0.29,-82.25,-0.01
88,Exit short,2026-02-25 08:45,long,1851.98,1.0765,1999.83558,6.18,0.31,11.82,0.59,-2.86,-0.14,-76.08,-0.01
88,Entry short,2026-02-25 07:15,short,1857.72,1.0765,1999.83558,6.18,0.31,11.82,0.59,-2.86,-0.14,-76.08,-0.01
89,Exit long,2026-02-25 11:45,short,1906.14,1.0799,1999.953202,58.49,2.92,100.3,5.02,-1.61,-0.08,-17.59,0.00
89,Entry long,2026-02-25 08:45,long,1851.98,1.0799,1999.953202,58.49,2.92,100.3,5.02,-1.61,-0.08,-17.59,0.00
90,Exit short,2026-02-25 17:00,long,1914.12,1.0492,1999.922088,-8.37,-0.42,29.5,1.48,-12.27,-0.61,-25.96,0.00
90,Entry short,2026-02-25 11:45,short,1906.14,1.0492,1999.922088,-8.37,-0.42,29.5,1.48,-12.27,-0.61,-25.96,0.00
91,Exit long,2026-02-26 04:15,short,2059.68,1.0448,1999.872576,152.08,7.60,179.76,8.99,-6.64,-0.33,126.12,0.01
91,Entry long,2026-02-25 17:00,long,1914.12,1.0448,1999.872576,152.08,7.60,179.76,8.99,-6.64,-0.33,126.12,0.01
92,Exit short,2026-02-26 05:00,long,2071.98,0.971,1999.94928,-11.94,-0.60,1.27,0.06,-23.61,-1.18,114.18,0.01
92,Entry short,2026-02-26 04:15,short,2059.68,0.971,1999.94928,-11.94,-0.60,1.27,0.06,-23.61,-1.18,114.18,0.01
93,Exit long,2026-02-26 07:15,short,2069.58,0.9652,1999.875096,-2.32,-0.12,73.75,3.69,-5.93,-0.30,111.86,0.01
93,Entry long,2026-02-26 05:00,long,2071.98,0.9652,1999.875096,-2.32,-0.12,73.75,3.69,-5.93,-0.30,111.86,0.01
94,Exit short,2026-02-26 11:45,long,2054.55,0.9663,1999.835154,14.52,0.73,34,1.70,-6.78,-0.34,126.38,0.01
94,Entry short,2026-02-26 07:15,short,2069.58,0.9663,1999.835154,14.52,0.73,34,1.70,-6.78,-0.34,126.38,0.01
95,Exit long,2026-02-26 16:15,short,2048.51,0.9734,1999.89897,-5.88,-0.29,27.51,1.38,-9.1,-0.46,120.5,0.01
95,Entry long,2026-02-26 11:45,long,2054.55,0.9734,1999.89897,-5.88,-0.29,27.51,1.38,-9.1,-0.46,120.5,0.01
96,Exit short,2026-02-26 17:45,long,2074.94,0.9763,1999.960313,-25.8,-1.29,4.05,0.20,-29.03,-1.45,94.7,0.01
96,Entry short,2026-02-26 16:15,short,2048.51,0.9763,1999.960313,-25.8,-1.29,4.05,0.20,-29.03,-1.45,94.7,0.01
97,Exit long,2026-02-26 20:00,short,2062.86,0.9638,1999.827172,-11.64,-0.58,8.09,0.40,-20.7,-1.04,83.06,0.01
97,Entry long,2026-02-26 17:45,long,2074.94,0.9638,1999.827172,-11.64,-0.58,8.09,0.40,-20.7,-1.04,83.06,0.01
98,Exit short,2026-02-26 20:45,long,2070,0.9695,1999.94277,-6.92,-0.35,0.9,0.05,-8.63,-0.43,76.14,0.01
98,Entry short,2026-02-26 20:00,short,2062.86,0.9695,1999.94277,-6.92,-0.35,0.9,0.05,-8.63,-0.43,76.14,0.01
99,Exit long,2026-02-26 22:15,short,2069.37,0.9661,1999.827,-0.61,-0.03,3.82,0.19,-11.46,-0.57,75.53,0.01
99,Entry long,2026-02-26 20:45,long,2070,0.9661,1999.827,-0.61,-0.03,3.82,0.19,-11.46,-0.57,75.53,0.01
100,Exit short,2026-02-27 02:45,long,2004.23,0.9664,1999.839168,62.95,3.15,90.86,4.54,-8.16,-0.41,138.48,0.01
100,Entry short,2026-02-26 22:15,short,2069.37,0.9664,1999.839168,62.95,3.15,90.86,4.54,-8.16,-0.41,138.48,0.01
101,Exit long,2026-02-27 08:00,short,2025.96,0.9978,1999.820694,21.68,1.08,38.44,1.92,-0.65,-0.03,160.16,0.02
101,Entry long,2026-02-27 02:45,long,2004.23,0.9978,1999.820694,21.68,1.08,38.44,1.92,-0.65,-0.03,160.16,0.02
102,Exit short,2026-02-27 10:15,long,2026.29,0.9871,1999.825116,-0.33,-0.02,25.61,1.28,-7.94,-0.40,159.84,0.02
102,Entry short,2026-02-27 08:00,short,2025.96,0.9871,1999.825116,-0.33,-0.02,25.61,1.28,-7.94,-0.40,159.84,0.02
103,Exit long,2026-02-27 14:00,short,2037.41,0.987,1999.94823,10.98,0.55,36.75,1.84,-6.7,-0.34,170.81,0.02
103,Entry long,2026-02-27 10:15,long,2026.29,0.987,1999.94823,10.98,0.55,36.75,1.84,-6.7,-0.34,170.81,0.02
104,Exit short,2026-02-27 16:15,long,2037.36,0.9816,1999.921656,0.05,0.00,14.97,0.75,-8.36,-0.42,170.86,0.02
104,Entry short,2026-02-27 14:00,short,2037.41,0.9816,1999.921656,0.05,0.00,14.97,0.75,-8.36,-0.42,170.86,0.02
105,Exit long,2026-02-27 17:00,short,2036.35,0.9816,1999.872576,-0.99,-0.05,4.64,0.23,-9.11,-0.46,169.87,0.02
105,Entry long,2026-02-27 16:15,long,2037.36,0.9816,1999.872576,-0.99,-0.05,4.64,0.23,-9.11,-0.46,169.87,0.02
106,Exit short,2026-02-28 04:15,long,1924.12,0.9821,1999.899335,110.22,5.51,126.56,6.33,-5.97,-0.30,280.09,0.03
106,Entry short,2026-02-27 17:00,short,2036.35,0.9821,1999.899335,110.22,5.51,126.56,6.33,-5.97,-0.30,280.09,0.03
107,Exit long,2026-02-28 06:30,short,1921.77,1.0394,1999.930328,-2.44,-0.12,9.9,0.49,-38.58,-1.93,277.65,0.03
107,Entry long,2026-02-28 04:15,long,1924.12,1.0394,1999.930328,-2.44,-0.12,9.9,0.49,-38.58,-1.93,277.65,0.03
108,Exit short,2026-02-28 07:15,long,1930.37,1.0407,1999.986039,-8.95,-0.45,4.49,0.22,-12.26,-0.61,268.7,0.03
108,Entry short,2026-02-28 06:30,short,1921.77,1.0407,1999.986039,-8.95,-0.45,4.49,0.22,-12.26,-0.61,268.7,0.03
109,Exit long,2026-02-28 09:30,short,1926.02,1.036,1999.86332,-4.51,-0.23,7.04,0.35,-10.95,-0.55,264.19,0.03
109,Entry long,2026-02-28 07:15,long,1930.37,1.036,1999.86332,-4.51,-0.23,7.04,0.35,-10.95,-0.55,264.19,0.03
110,Exit short,2026-02-28 10:15,long,1929.58,1.0384,1999.979168,-3.7,-0.18,3.51,0.18,-4.65,-0.23,260.49,0.03
110,Entry short,2026-02-28 09:30,short,1926.02,1.0384,1999.979168,-3.7,-0.18,3.51,0.18,-4.65,-0.23,260.49,0.03
111,Exit long,2026-02-28 11:45,short,1924.49,1.0364,1999.816712,-5.28,-0.26,3.07,0.15,-9.3,-0.46,255.22,0.03
111,Entry long,2026-02-28 10:15,long,1929.58,1.0364,1999.816712,-5.28,-0.26,3.07,0.15,-9.3,-0.46,255.22,0.03
112,Exit short,2026-02-28 13:15,long,1922.92,1.0392,1999.930008,1.63,0.08,10.14,0.51,-7.41,-0.37,256.85,0.03
112,Entry short,2026-02-28 11:45,short,1924.49,1.0392,1999.930008,1.63,0.08,10.14,0.51,-7.41,-0.37,256.85,0.03
113,Exit long,2026-02-28 14:00,short,1911.13,1.04,1999.8368,-12.26,-0.61,0,0.00,-15.25,-0.76,244.59,0.02
113,Entry long,2026-02-28 13:15,long,1922.92,1.04,1999.8368,-12.26,-0.61,0,0.00,-15.25,-0.76,244.59,0.02
114,Exit short,2026-02-28 18:30,long,1862.51,1.0465,1999.997545,50.88,2.54,79.29,3.96,-1.39,-0.07,295.47,0.03
114,Entry short,2026-02-28 14:00,short,1911.13,1.0465,1999.997545,50.88,2.54,79.29,3.96,-1.39,-0.07,295.47,0.03
115,Exit long,2026-03-01 08:00,short,1962.32,1.0738,1999.963238,107.18,5.36,131.52,6.58,-2.13,-0.11,402.65,0.04
115,Entry long,2026-02-28 18:30,long,1862.51,1.0738,1999.963238,107.18,5.36,131.52,6.58,-2.13,-0.11,402.65,0.04
116,Exit short,2026-03-01 10:15,long,2032.36,1.0192,1999.996544,-71.38,-3.57,19.1,0.95,-94.26,-4.71,331.26,0.03
116,Entry short,2026-03-01 08:00,short,1962.32,1.0192,1999.996544,-71.38,-3.57,19.1,0.95,-94.26,-4.71,331.26,0.03
117,Exit long,2026-03-01 12:30,short,2015.5,0.984,1999.84224,-16.59,-0.83,15.65,0.78,-33.14,-1.66,314.67,0.03
117,Entry long,2026-03-01 10:15,long,2032.36,0.984,1999.84224,-16.59,-0.83,15.65,0.78,-33.14,-1.66,314.67,0.03
118,Exit short,2026-03-01 16:15,long,2007.25,0.9923,1999.98065,8.19,0.41,26.3,1.31,-7.34,-0.37,322.86,0.03
118,Entry short,2026-03-01 12:30,short,2015.5,0.9923,1999.98065,8.19,0.41,26.3,1.31,-7.34,-0.37,322.86,0.03
119,Exit long,2026-03-01 17:00,short,1988.53,0.9963,1999.823175,-18.65,-0.93,0.25,0.01,-32.3,-1.62,304.21,0.03
119,Entry long,2026-03-01 16:15,long,2007.25,0.9963,1999.823175,-18.65,-0.93,0.25,0.01,-32.3,-1.62,304.21,0.03
120,Exit short,2026-03-01 20:45,long,1978.2,1.0057,1999.864621,10.39,0.52,16.38,0.82,-7.63,-0.38,314.59,0.03
120,Entry short,2026-03-01 17:00,short,1988.53,1.0057,1999.864621,10.39,0.52,16.38,0.82,-7.63,-0.38,314.59,0.03
121,Exit long,2026-03-01 21:30,short,1978.2,1.011,1999.9602,0,0.00,3.39,0.17,-9.71,-0.49,314.59,0.03
121,Entry long,2026-03-01 20:45,long,1978.2,1.011,1999.9602,0,0.00,3.39,0.17,-9.71,-0.49,314.59,0.03
122,Exit short,2026-03-01 22:15,long,2007.5,1.011,1999.9602,-29.62,-1.48,1.88,0.09,-50.35,-2.52,284.97,0.03
122,Entry short,2026-03-01 21:30,short,1978.2,1.011,1999.9602,-29.62,-1.48,1.88,0.09,-50.35,-2.52,284.97,0.03
123,Exit long,2026-03-02 01:15,short,1965.65,0.9962,1999.8715,-41.69,-2.08,8.7,0.43,-53.99,-2.70,243.28,0.02
123,Entry long,2026-03-01 22:15,long,2007.5,0.9962,1999.8715,-41.69,-2.08,8.7,0.43,-53.99,-2.70,243.28,0.02
124,Exit short,2026-03-02 02:45,long,1975.82,1.0174,1999.85231,-10.35,-0.52,6.97,0.35,-32.43,-1.62,232.93,0.02
124,Entry short,2026-03-02 01:15,short,1965.65,1.0174,1999.85231,-10.35,-0.52,6.97,0.35,-32.43,-1.62,232.93,0.02
125,Exit long,2026-03-02 03:30,short,1950.48,1.0122,1999.925004,-25.65,-1.28,0.56,0.03,-29.63,-1.48,207.29,0.02
125,Entry long,2026-03-02 02:45,long,1975.82,1.0122,1999.925004,-25.65,-1.28,0.56,0.03,-29.63,-1.48,207.29,0.02
126,Exit short,2026-03-02 06:30,long,1929.96,1.0253,1999.827144,21.04,1.05,44.16,2.21,-21.05,-1.05,228.32,0.02
126,Entry short,2026-03-02 03:30,short,1950.48,1.0253,1999.827144,21.04,1.05,44.16,2.21,-21.05,-1.05,228.32,0.02
127,Exit long,2026-03-02 10:15,short,1948.51,1.0362,1999.824552,19.22,0.96,61.42,3.07,-11.67,-0.58,247.55,0.02
127,Entry long,2026-03-02 06:30,long,1929.96,1.0362,1999.824552,19.22,0.96,61.42,3.07,-11.67,-0.58,247.55,0.02
128,Exit short,2026-03-02 11:00,long,1966.4,1.0264,1999.950664,-18.36,-0.92,0.88,0.04,-22.55,-1.13,229.18,0.02
128,Entry short,2026-03-02 10:15,short,1948.51,1.0264,1999.950664,-18.36,-0.92,0.88,0.04,-22.55,-1.13,229.18,0.02
129,Exit long,2026-03-02 13:15,short,1968,1.017,1999.8288,1.63,0.08,14.16,0.71,-4.87,-0.24,230.81,0.02
129,Entry long,2026-03-02 11:00,long,1966.4,1.017,1999.8288,1.63,0.08,14.16,0.71,-4.87,-0.24,230.81,0.02
130,Exit short,2026-03-02 14:00,long,1969.19,1.0162,1999.8816,-1.21,-0.06,4.6,0.23,-15.85,-0.79,229.6,0.02
130,Entry short,2026-03-02 13:15,short,1968,1.0162,1999.8816,-1.21,-0.06,4.6,0.23,-15.85,-0.79,229.6,0.02
131,Exit long,2026-03-02 14:45,short,1943.31,1.0156,1999.909364,-26.28,-1.31,0.82,0.04,-32.13,-1.61,203.32,0.02
131,Entry long,2026-03-02 14:00,long,1969.19,1.0156,1999.909364,-26.28,-1.31,0.82,0.04,-32.13,-1.61,203.32,0.02
132,Exit short,2026-03-02 17:00,long,1956.08,1.0291,1999.860321,-13.14,-0.66,23.99,1.20,-16.1,-0.80,190.18,0.02
132,Entry short,2026-03-02 14:45,short,1943.31,1.0291,1999.860321,-13.14,-0.66,23.99,1.20,-16.1,-0.80,190.18,0.02
133,Exit long,2026-03-02 19:15,short,1938.48,1.0224,1999.896192,-17.99,-0.90,11.3,0.56,-21,-1.05,172.18,0.02
133,Entry long,2026-03-02 17:00,long,1956.08,1.0224,1999.896192,-17.99,-0.90,11.3,0.56,-21,-1.05,172.18,0.02
134,Exit short,2026-03-02 20:00,long,1946.34,1.0317,1999.929816,-8.11,-0.41,2.37,0.12,-16.85,-0.84,164.07,0.02
134,Entry short,2026-03-02 19:15,short,1938.48,1.0317,1999.929816,-8.11,-0.41,2.37,0.12,-16.85,-0.84,164.07,0.02
135,Exit long,2026-03-02 20:45,short,1938.12,1.0275,1999.86435,-8.45,-0.42,0.25,0.01,-16.38,-0.82,155.63,0.02
135,Entry long,2026-03-02 20:00,long,1946.34,1.0275,1999.86435,-8.45,-0.42,0.25,0.01,-16.38,-0.82,155.63,0.02
136,Exit short,2026-03-02 23:00,long,2028.5,1.0319,1999.946028,-93.26,-4.66,16.94,0.85,-98.34,-4.92,62.36,0.01
136,Entry short,2026-03-02 20:45,short,1938.12,1.0319,1999.946028,-93.26,-4.66,16.94,0.85,-98.34,-4.92,62.36,0.01
137,Exit long,2026-03-03 02:00,short,2038.85,0.9859,1999.89815,10.2,0.51,60.63,3.03,-6.87,-0.34,72.57,0.01
137,Entry long,2026-03-02 23:00,long,2028.5,0.9859,1999.89815,10.2,0.51,60.63,3.03,-6.87,-0.34,72.57,0.01
138,Exit short,2026-03-03 05:45,long,2043.01,0.9809,1999.907965,-4.08,-0.20,21.29,1.06,-18.49,-0.92,68.49,0.01
138,Entry short,2026-03-03 02:00,short,2038.85,0.9809,1999.907965,-4.08,-0.20,21.29,1.06,-18.49,-0.92,68.49,0.01
139,Exit long,2026-03-03 07:15,short,2037.58,0.9789,1999.902489,-5.32,-0.27,15.25,0.76,-5.71,-0.29,63.17,0.01
139,Entry long,2026-03-03 05:45,long,2043.01,0.9789,1999.902489,-5.32,-0.27,15.25,0.76,-5.71,-0.29,63.17,0.01
140,Exit short,2026-03-03 15:30,long,1998,0.9815,1999.88477,38.85,1.94,49.15,2.46,-3.83,-0.19,102.02,0.01
140,Entry short,2026-03-03 07:15,short,2037.58,0.9815,1999.88477,38.85,1.94,49.15,2.46,-3.83,-0.19,102.02,0.01
141,Exit long,2026-03-03 16:15,short,1983.82,1.001,1999.998,-14.19,-0.71,2.53,0.13,-16.46,-0.82,87.83,0.01
141,Entry long,2026-03-03 15:30,long,1998,1.001,1999.998,-14.19,-0.71,2.53,0.13,-16.46,-0.82,87.83,0.01
142,Exit short,2026-03-03 19:15,long,1957.61,1.0081,1999.888942,26.42,1.32,45.08,2.25,-0.71,-0.04,114.25,0.01
142,Entry short,2026-03-03 16:15,short,1983.82,1.0081,1999.888942,26.42,1.32,45.08,2.25,-0.71,-0.04,114.25,0.01
143,Exit long,2026-03-03 21:30,short,1951.78,1.0216,1999.894376,-5.96,-0.30,33.16,1.66,-9.46,-0.47,108.29,0.01
143,Entry long,2026-03-03 19:15,long,1957.61,1.0216,1999.894376,-5.96,-0.30,33.16,1.66,-9.46,-0.47,108.29,0.01
144,Exit short,2026-03-03 22:15,long,1961.96,1.0247,1999.988966,-10.43,-0.52,8.25,0.41,-20.57,-1.03,97.86,0.01
144,Entry short,2026-03-03 21:30,short,1951.78,1.0247,1999.988966,-10.43,-0.52,8.25,0.41,-20.57,-1.03,97.86,0.01
145,Exit long,2026-03-03 23:00,short,1945.8,1.0193,1999.825828,-16.47,-0.82,15.65,0.78,-33.03,-1.65,81.39,0.01
145,Entry long,2026-03-03 22:15,long,1961.96,1.0193,1999.825828,-16.47,-0.82,15.65,0.78,-33.03,-1.65,81.39,0.01
146,Exit short,2026-03-03 23:45,long,1969.22,1.0278,1999.89324,-24.07,-1.20,14.14,0.71,-27.66,-1.38,57.32,0.01
146,Entry short,2026-03-03 23:00,short,1945.8,1.0278,1999.89324,-24.07,-1.20,14.14,0.71,-27.66,-1.38,57.32,0.01
147,Exit long,2026-03-04 01:15,short,1976.27,1.0156,1999.939832,7.16,0.36,45.6,2.28,-10.62,-0.53,64.48,0.01
147,Entry long,2026-03-03 23:45,long,1969.22,1.0156,1999.939832,7.16,0.36,45.6,2.28,-10.62,-0.53,64.48,0.01
148,Exit short,2026-03-04 02:00,long,1973.66,1.012,1999.98524,2.64,0.13,17.09,0.85,-11.02,-0.55,67.12,0.01
148,Entry short,2026-03-04 01:15,short,1976.27,1.012,1999.98524,2.64,0.13,17.09,0.85,-11.02,-0.55,67.12,0.01
149,Exit long,2026-03-04 04:15,short,1982.28,1.0133,1999.909678,8.73,0.44,27.01,1.35,0,0.00,75.85,0.01
149,Entry long,2026-03-04 02:00,long,1973.66,1.0133,1999.909678,8.73,0.44,27.01,1.35,0,0.00,75.85,0.01
150,Exit short,2026-03-04 06:30,long,1986.21,1.0089,1999.922292,-3.96,-0.20,23.13,1.16,-7.13,-0.36,71.89,0.01
150,Entry short,2026-03-04 04:15,short,1982.28,1.0089,1999.922292,-3.96,-0.20,23.13,1.16,-7.13,-0.36,71.89,0.01
151,Exit long,2026-03-04 08:00,short,1980.92,1.0069,1999.914849,-5.33,-0.27,15.53,0.78,-8.63,-0.43,66.56,0.01
151,Entry long,2026-03-04 06:30,long,1986.21,1.0069,1999.914849,-5.33,-0.27,15.53,0.78,-8.63,-0.43,66.56,0.01
152,Exit short,2026-03-04 09:30,long,1989.97,1.0096,1999.936832,-9.14,-0.46,19.22,0.96,-17.91,-0.90,57.42,0.01
152,Entry short,2026-03-04 08:00,short,1980.92,1.0096,1999.936832,-9.14,-0.46,19.22,0.96,-17.91,-0.90,57.42,0.01
153,Exit long,2026-03-04 10:15,short,1973.18,1.005,1999.91985,-16.87,-0.84,0.38,0.02,-17.63,-0.88,40.55,0.00
153,Entry long,2026-03-04 09:30,long,1989.97,1.005,1999.91985,-16.87,-0.84,0.38,0.02,-17.63,-0.88,40.55,0.00
154,Exit short,2026-03-04 11:00,long,1975.98,1.0135,1999.81793,-2.84,-0.14,4.14,0.21,-9.69,-0.48,37.71,0.00
154,Entry short,2026-03-04 10:15,short,1973.18,1.0135,1999.81793,-2.84,-0.14,4.14,0.21,-9.69,-0.48,37.71,0.00
155,Exit long,2026-03-04 11:45,short,1960.9,1.0121,1999.889358,-15.26,-0.76,4.25,0.21,-31.27,-1.56,22.45,0.00
155,Entry long,2026-03-04 11:00,long,1975.98,1.0121,1999.889358,-15.26,-0.76,4.25,0.21,-31.27,-1.56,22.45,0.00
156,Exit short,2026-03-04 13:15,long,1960.12,1.0199,1999.92191,0.8,0.04,10.45,0.52,-4.68,-0.23,23.25,0.00
156,Entry short,2026-03-04 11:45,short,1960.9,1.0199,1999.92191,0.8,0.04,10.45,0.52,-4.68,-0.23,23.25,0.00
157,Exit long,2026-03-04 20:00,short,2050.59,1.0203,1999.910436,92.31,4.62,135.48,6.77,-2.38,-0.12,115.55,0.01
157,Entry long,2026-03-04 13:15,long,1960.12,1.0203,1999.910436,92.31,4.62,135.48,6.77,-2.38,-0.12,115.55,0.01
158,Exit short,2026-03-04 22:15,long,2078.69,0.9753,1999.940427,-27.41,-1.37,13.87,0.69,-31.26,-1.56,88.15,0.01
158,Entry short,2026-03-04 20:00,short,2050.59,0.9753,1999.940427,-27.41,-1.37,13.87,0.69,-31.26,-1.56,88.15,0.01
159,Exit long,2026-03-05 05:00,short,2145.49,0.9621,1999.907649,64.27,3.21,115.75,5.79,-13.27,-0.66,152.42,0.02
159,Entry long,2026-03-04 22:15,long,2078.69,0.9621,1999.907649,64.27,3.21,115.75,5.79,-13.27,-0.66,152.42,0.02
160,Exit short,2026-03-05 12:30,long,2138.99,0.9321,1999.811229,6.06,0.30,35.41,1.77,-17.4,-0.87,158.47,0.02
160,Entry short,2026-03-05 05:00,short,2145.49,0.9321,1999.811229,6.06,0.30,35.41,1.77,-17.4,-0.87,158.47,0.02
161,Exit long,2026-03-05 14:00,short,2114.46,0.935,1999.95565,-22.94,-1.15,4.87,0.24,-26.97,-1.35,135.54,0.01
161,Entry long,2026-03-05 12:30,long,2138.99,0.935,1999.95565,-22.94,-1.15,4.87,0.24,-26.97,-1.35,135.54,0.01
162,Exit short,2026-03-05 15:30,long,2118.02,0.9458,1999.856268,-3.37,-0.17,1.97,0.10,-17.09,-0.85,132.17,0.01
162,Entry short,2026-03-05 14:00,short,2114.46,0.9458,1999.856268,-3.37,-0.17,1.97,0.10,-17.09,-0.85,132.17,0.01
163,Exit long,2026-03-05 16:15,short,2096.89,0.9442,1999.834484,-19.95,-1.00,0.51,0.03,-23.03,-1.15,112.22,0.01
163,Entry long,2026-03-05 15:30,long,2118.02,0.9442,1999.834484,-19.95,-1.00,0.51,0.03,-23.03,-1.15,112.22,0.01
164,Exit short,2026-03-05 17:00,long,2127.36,0.9537,1999.803993,-29.06,-1.45,0.98,0.05,-34.41,-1.72,83.16,0.01
164,Entry short,2026-03-05 16:15,short,2096.89,0.9537,1999.803993,-29.06,-1.45,0.98,0.05,-34.41,-1.72,83.16,0.01
165,Exit long,2026-03-05 20:45,short,2138.25,0.9401,1999.931136,10.24,0.51,34.13,1.71,-6.93,-0.35,93.4,0.01
165,Entry long,2026-03-05 17:00,long,2127.36,0.9401,1999.931136,10.24,0.51,34.13,1.71,-6.93,-0.35,93.4,0.01
166,Exit short,2026-03-06 02:45,long,2076.59,0.9353,1999.905225,57.67,2.88,78.1,3.91,-1.37,-0.07,151.07,0.02
166,Entry short,2026-03-05 20:45,short,2138.25,0.9353,1999.905225,57.67,2.88,78.1,3.91,-1.37,-0.07,151.07,0.02
167,Exit long,2026-03-06 06:30,short,2082.25,0.9631,1999.963829,5.45,0.27,21.93,1.10,-6.26,-0.31,156.52,0.02
167,Entry long,2026-03-06 02:45,long,2076.59,0.9631,1999.963829,5.45,0.27,21.93,1.10,-6.26,-0.31,156.52,0.02
168,Exit short,2026-03-06 10:15,long,2087.05,0.9604,1999.7929,-4.61,-0.23,19.65,0.98,-10.64,-0.53,151.91,0.02
168,Entry short,2026-03-06 06:30,short,2082.25,0.9604,1999.7929,-4.61,-0.23,19.65,0.98,-10.64,-0.53,151.91,0.02
169,Exit long,2026-03-06 12:30,short,2068.79,0.9582,1999.81131,-17.5,-0.87,2.26,0.11,-27.03,-1.35,134.41,0.01
169,Entry long,2026-03-06 10:15,long,2087.05,0.9582,1999.81131,-17.5,-0.87,2.26,0.11,-27.03,-1.35,134.41,0.01
170,Exit short,2026-03-06 14:45,long,2074.03,0.9667,1999.899293,-5.07,-0.25,9.12,0.46,-11.35,-0.57,129.35,0.01
170,Entry short,2026-03-06 12:30,short,2068.79,0.9667,1999.899293,-5.07,-0.25,9.12,0.46,-11.35,-0.57,129.35,0.01
171,Exit long,2026-03-06 17:00,short,2064.96,0.9643,1999.987129,-8.75,-0.44,13.14,0.66,-10.15,-0.51,120.6,0.01
171,Entry long,2026-03-06 14:45,long,2074.03,0.9643,1999.987129,-8.75,-0.44,13.14,0.66,-10.15,-0.51,120.6,0.01
172,Exit short,2026-03-06 18:30,long,2064.02,0.9685,1999.91376,0.91,0.05,18.57,0.93,-4.33,-0.22,121.51,0.01
172,Entry short,2026-03-06 17:00,short,2064.96,0.9685,1999.91376,0.91,0.05,18.57,0.93,-4.33,-0.22,121.51,0.01
173,Exit long,2026-03-06 19:15,short,2065.29,0.9689,1999.828978,1.23,0.06,3.66,0.18,-6.13,-0.31,122.74,0.01
173,Entry long,2026-03-06 18:30,long,2064.02,0.9689,1999.828978,1.23,0.06,3.66,0.18,-6.13,-0.31,122.74,0.01
174,Exit short,2026-03-07 02:45,long,1974.62,0.9683,1999.820307,87.8,4.39,105.87,5.29,-0.45,-0.02,210.54,0.02
174,Entry short,2026-03-06 19:15,short,2065.29,0.9683,1999.820307,87.8,4.39,105.87,5.29,-0.45,-0.02,210.54,0.02
175,Exit long,2026-03-07 08:00,short,1980.15,1.0128,1999.895136,5.6,0.28,18.92,0.95,-5.43,-0.27,216.14,0.02
175,Entry long,2026-03-07 02:45,long,1974.62,1.0128,1999.895136,5.6,0.28,18.92,0.95,-5.43,-0.27,216.14,0.02
176,Exit short,2026-03-07 11:00,long,1995.07,1.01,1999.9515,-15.07,-0.75,8.44,0.42,-16.05,-0.80,201.07,0.02
176,Entry short,2026-03-07 08:00,short,1980.15,1.01,1999.9515,-15.07,-0.75,8.44,0.42,-16.05,-0.80,201.07,0.02
177,Exit long,2026-03-07 12:30,short,1977.4,1.0024,1999.858168,-17.71,-0.89,0,0.00,-30.8,-1.54,183.36,0.02
177,Entry long,2026-03-07 11:00,long,1995.07,1.0024,1999.858168,-17.71,-0.89,0,0.00,-30.8,-1.54,183.36,0.02
178,Exit short,2026-03-07 14:00,long,1976.24,1.0114,1999.94236,1.17,0.06,5,0.25,-2.5,-0.12,184.53,0.02
178,Entry short,2026-03-07 12:30,short,1977.4,1.0114,1999.94236,1.17,0.06,5,0.25,-2.5,-0.12,184.53,0.02
179,Exit long,2026-03-07 14:45,short,1971.76,1.012,1999.95488,-4.53,-0.23,1.29,0.06,-7.52,-0.38,180,0.02
179,Entry long,2026-03-07 14:00,long,1976.24,1.012,1999.95488,-4.53,-0.23,1.29,0.06,-7.52,-0.38,180,0.02
180,Exit short,2026-03-07 16:15,long,1985.68,1.0143,1999.956168,-14.12,-0.71,4.76,0.24,-16.09,-0.80,165.88,0.02
180,Entry short,2026-03-07 14:45,short,1971.76,1.0143,1999.956168,-14.12,-0.71,4.76,0.24,-16.09,-0.80,165.88,0.02
181,Exit long,2026-03-07 17:00,short,1983.95,1.0072,1999.976896,-1.74,-0.09,1.72,0.09,-10.37,-0.52,164.14,0.02
181,Entry long,2026-03-07 16:15,long,1985.68,1.0072,1999.976896,-1.74,-0.09,1.72,0.09,-10.37,-0.52,164.14,0.02
182,Exit short,2026-03-07 17:45,long,1986.35,1.008,1999.8216,-2.42,-0.12,0.88,0.04,-5.51,-0.28,161.72,0.02
182,Entry short,2026-03-07 17:00,short,1983.95,1.008,1999.8216,-2.42,-0.12,0.88,0.04,-5.51,-0.28,161.72,0.02
183,Exit long,2026-03-07 20:45,short,1982.51,1.0068,1999.85718,-3.87,-0.19,8.69,0.43,-6.55,-0.33,157.85,0.02
183,Entry long,2026-03-07 17:45,long,1986.35,1.0068,1999.85718,-3.87,-0.19,8.69,0.43,-6.55,-0.33,157.85,0.02
184,Exit short,2026-03-07 23:00,long,1985.37,1.0088,1999.956088,-2.89,-0.14,12.15,0.61,-7.81,-0.39,154.97,0.02
184,Entry short,2026-03-07 20:45,short,1982.51,1.0088,1999.956088,-2.89,-0.14,12.15,0.61,-7.81,-0.39,154.97,0.02
185,Exit long,2026-03-07 23:45,short,1981.04,1.0073,1999.863201,-4.36,-0.22,1.45,0.07,-9.22,-0.46,150.6,0.02
185,Entry long,2026-03-07 23:00,long,1985.37,1.0073,1999.863201,-4.36,-0.22,1.45,0.07,-9.22,-0.46,150.6,0.02
186,Exit short,2026-03-08 01:15,long,1981.07,1.0095,1999.85988,-0.03,0.00,6.62,0.33,-2.45,-0.12,150.57,0.02
186,Entry short,2026-03-07 23:45,short,1981.04,1.0095,1999.85988,-0.03,0.00,6.62,0.33,-2.45,-0.12,150.57,0.02
187,Exit long,2026-03-08 02:00,short,1971.47,1.0095,1999.890165,-9.69,-0.48,0.24,0.01,-15.44,-0.77,140.88,0.01
187,Entry long,2026-03-08 01:15,long,1981.07,1.0095,1999.890165,-9.69,-0.48,0.24,0.01,-15.44,-0.77,140.88,0.01
188,Exit short,2026-03-08 05:00,long,1967.91,1.0144,1999.859168,3.61,0.18,23.72,1.19,-3.76,-0.19,144.49,0.01
188,Entry short,2026-03-08 02:00,short,1971.47,1.0144,1999.859168,3.61,0.18,23.72,1.19,-3.76,-0.19,144.49,0.01
189,Exit long,2026-03-08 11:00,short,1947.54,1.0163,1999.986933,-20.7,-1.04,9.59,0.48,-32.7,-1.64,123.79,0.01
189,Entry long,2026-03-08 05:00,long,1967.91,1.0163,1999.986933,-20.7,-1.04,9.59,0.48,-32.7,-1.64,123.79,0.01
190,Exit short,2026-03-08 14:00,long,1946.79,1.0269,1999.928826,0.77,0.04,18.01,0.90,-5.99,-0.30,124.56,0.01
190,Entry short,2026-03-08 11:00,short,1947.54,1.0269,1999.928826,0.77,0.04,18.01,0.90,-5.99,-0.30,124.56,0.01
191,Exit long,2026-03-08 14:45,short,1948.05,1.0273,1999.937367,1.29,0.06,2.74,0.14,-3.84,-0.19,125.86,0.01
191,Entry long,2026-03-08 14:00,long,1946.79,1.0273,1999.937367,1.29,0.06,2.74,0.14,-3.84,-0.19,125.86,0.01
192,Exit short,2026-03-08 15:30,long,1954.3,1.0266,1999.86813,-6.42,-0.32,0.88,0.04,-12.69,-0.63,119.44,0.01
192,Entry short,2026-03-08 14:45,short,1948.05,1.0266,1999.86813,-6.42,-0.32,0.88,0.04,-12.69,-0.63,119.44,0.01
193,Exit long,2026-03-08 19:15,short,1958.99,1.0233,1999.83519,4.8,0.24,26.09,1.30,-5.32,-0.27,124.24,0.01
193,Entry long,2026-03-08 15:30,long,1954.3,1.0233,1999.83519,4.8,0.24,26.09,1.30,-5.32,-0.27,124.24,0.01
194,Exit short,2026-03-09 03:30,long,1966.91,1.0209,1999.932891,-8.09,-0.40,34.64,1.73,-11.24,-0.56,116.15,0.01
194,Entry short,2026-03-08 19:15,short,1958.99,1.0209,1999.932891,-8.09,-0.40,34.64,1.73,-11.24,-0.56,116.15,0.01
195,Exit long,2026-03-09 06:30,short,1937.95,1.0168,1999.954088,-29.45,-1.47,5.12,0.26,-51.62,-2.58,86.71,0.01
195,Entry long,2026-03-09 03:30,long,1966.91,1.0168,1999.954088,-29.45,-1.47,5.12,0.26,-51.62,-2.58,86.71,0.01
196,Exit short,2026-03-09 07:15,long,1951.44,1.032,1999.9644,-13.92,-0.70,0,0.00,-17.8,-0.89,72.79,0.01
196,Entry short,2026-03-09 06:30,short,1937.95,1.032,1999.9644,-13.92,-0.70,0,0.00,-17.8,-0.89,72.79,0.01
197,Exit long,2026-03-09 08:00,short,1946.68,1.0248,1999.835712,-4.88,-0.24,0.95,0.05,-16.25,-0.81,67.91,0.01
197,Entry long,2026-03-09 07:15,long,1951.44,1.0248,1999.835712,-4.88,-0.24,0.95,0.05,-16.25,-0.81,67.91,0.01
198,Exit short,2026-03-09 08:45,long,1950.99,1.0273,1999.824364,-4.43,-0.22,17.49,0.87,-19.99,-1.00,63.48,0.01
198,Entry short,2026-03-09 08:00,short,1946.68,1.0273,1999.824364,-4.43,-0.22,17.49,0.87,-19.99,-1.00,63.48,0.01
199,Exit long,2026-03-09 10:15,short,1944.23,1.0251,1999.959849,-6.93,-0.35,12.52,0.63,-12.98,-0.65,56.55,0.01
199,Entry long,2026-03-09 08:45,long,1950.99,1.0251,1999.959849,-6.93,-0.35,12.52,0.63,-12.98,-0.65,56.55,0.01
200,Exit short,2026-03-09 11:00,long,1997.72,1.0286,1999.834978,-55.02,-2.75,3.21,0.16,-55.09,-2.75,1.53,0.00
200,Entry short,2026-03-09 10:15,short,1944.23,1.0286,1999.834978,-55.02,-2.75,3.21,0.16,-55.09,-2.75,1.53,0.00
201,Exit long,2026-03-09 14:45,short,1985,1.0011,1999.917492,-12.73,-0.64,16.56,0.83,-24.95,-1.25,-11.2,0.00
201,Entry long,2026-03-09 11:00,long,1997.72,1.0011,1999.917492,-12.73,-0.64,16.56,0.83,-24.95,-1.25,-11.2,0.00
202,Exit short,2026-03-09 17:00,long,1996.04,1.0075,1999.8875,-11.12,-0.56,21.71,1.09,-15.11,-0.76,-22.33,0.00
202,Entry short,2026-03-09 14:45,short,1985,1.0075,1999.8875,-11.12,-0.56,21.71,1.09,-15.11,-0.76,-22.33,0.00
203,Exit long,2026-03-09 18:30,short,1996.74,1.0019,1999.832476,0.7,0.04,26.01,1.30,-2.74,-0.14,-21.63,0.00
203,Entry long,2026-03-09 17:00,long,1996.04,1.0019,1999.832476,0.7,0.04,26.01,1.30,-2.74,-0.14,-21.63,0.00
204,Exit short,2026-03-09 20:45,long,2002.19,1.0016,1999.934784,-5.46,-0.27,15.84,0.79,-17.03,-0.85,-27.08,0.00
204,Entry short,2026-03-09 18:30,short,1996.74,1.0016,1999.934784,-5.46,-0.27,15.84,0.79,-17.03,-0.85,-27.08,0.00
205,Exit long,2026-03-10 02:00,short,2012.46,0.9989,1999.987591,10.26,0.51,37.06,1.85,-1.06,-0.05,-16.83,0.00
205,Entry long,2026-03-09 20:45,long,2002.19,0.9989,1999.987591,10.26,0.51,37.06,1.85,-1.06,-0.05,-16.83,0.00
206,Exit short,2026-03-10 03:30,long,2031.64,0.9938,1999.982748,-19.06,-0.95,2.44,0.12,-40.81,-2.04,-35.89,0.00
206,Entry short,2026-03-10 02:00,short,2012.46,0.9938,1999.982748,-19.06,-0.95,2.44,0.12,-40.81,-2.04,-35.89,0.00
207,Exit long,2026-03-10 04:15,short,2031.47,0.9844,1999.946416,-0.17,-0.01,5.57,0.28,-3.69,-0.18,-36.05,0.00
207,Entry long,2026-03-10 03:30,long,2031.64,0.9844,1999.946416,-0.17,-0.01,5.57,0.28,-3.69,-0.18,-36.05,0.00
208,Exit short,2026-03-10 08:45,long,2015.37,0.9845,1999.982215,15.85,0.79,41.69,2.08,-3.86,-0.19,-20.2,0.00
208,Entry short,2026-03-10 04:15,short,2031.47,0.9845,1999.982215,15.85,0.79,41.69,2.08,-3.86,-0.19,-20.2,0.00
209,Exit long,2026-03-10 18:30,short,2057.73,0.9923,1999.851651,42.03,2.10,58.18,2.91,-9.07,-0.45,21.83,0.00
209,Entry long,2026-03-10 08:45,long,2015.37,0.9923,1999.851651,42.03,2.10,58.18,2.91,-9.07,-0.45,21.83,0.00
210,Exit short,2026-03-10 20:00,long,2057.79,0.9719,1999.907787,-0.06,0.00,6.39,0.32,-9.77,-0.49,21.77,0.00
210,Entry short,2026-03-10 18:30,short,2057.73,0.9719,1999.907787,-0.06,0.00,6.39,0.32,-9.77,-0.49,21.77,0.00
211,Exit long,2026-03-10 20:45,short,2049.82,0.9719,1999.966101,-7.75,-0.39,1.72,0.09,-10.14,-0.51,14.03,0.00
211,Entry long,2026-03-10 20:00,long,2057.79,0.9719,1999.966101,-7.75,-0.39,1.72,0.09,-10.14,-0.51,14.03,0.00
212,Exit short,2026-03-10 23:00,long,2068.48,0.9756,1999.804392,-18.2,-0.91,40.17,2.01,-35.03,-1.75,-4.18,0.00
212,Entry short,2026-03-10 20:45,short,2049.82,0.9756,1999.804392,-18.2,-0.91,40.17,2.01,-35.03,-1.75,-4.18,0.00
213,Exit long,2026-03-11 02:00,short,2049.55,0.9668,1999.806464,-18.3,-0.92,19.06,0.95,-18.88,-0.94,-22.48,0.00
213,Entry long,2026-03-10 23:00,long,2068.48,0.9668,1999.806464,-18.3,-0.92,19.06,0.95,-18.88,-0.94,-22.48,0.00
214,Exit short,2026-03-11 07:15,long,2033.38,0.9758,1999.95089,15.78,0.79,30.79,1.54,-6.64,-0.33,-6.7,0.00
214,Entry short,2026-03-11 02:00,short,2049.55,0.9758,1999.95089,15.78,0.79,30.79,1.54,-6.64,-0.33,-6.7,0.00
215,Exit long,2026-03-11 08:45,short,2037.68,0.9835,1999.82923,4.23,0.21,8.19,0.41,-4.49,-0.22,-2.47,0.00
215,Entry long,2026-03-11 07:15,long,2033.38,0.9835,1999.82923,4.23,0.21,8.19,0.41,-4.49,-0.22,-2.47,0.00
216,Exit short,2026-03-11 09:30,long,2031.98,0.9815,1999.98292,5.59,0.28,8.89,0.44,-3.26,-0.16,3.12,0.00
216,Entry short,2026-03-11 08:45,short,2037.68,0.9815,1999.98292,5.59,0.28,8.89,0.44,-3.26,-0.16,3.12,0.00
217,Exit long,2026-03-11 11:00,short,2023.76,0.9842,1999.874716,-8.09,-0.40,6.96,0.35,-13.07,-0.65,-4.97,0.00
217,Entry long,2026-03-11 09:30,long,2031.98,0.9842,1999.874716,-8.09,-0.40,6.96,0.35,-13.07,-0.65,-4.97,0.00
218,Exit short,2026-03-11 12:30,long,2033.85,0.9882,1999.879632,-9.97,-0.50,5.56,0.28,-13.16,-0.66,-14.94,0.00
218,Entry short,2026-03-11 11:00,short,2023.76,0.9882,1999.879632,-9.97,-0.50,5.56,0.28,-13.16,-0.66,-14.94,0.00
219,Exit long,2026-03-11 14:00,short,2017.78,0.9833,1999.884705,-15.8,-0.79,7.51,0.38,-22.1,-1.11,-30.74,0.00
219,Entry long,2026-03-11 12:30,long,2033.85,0.9833,1999.884705,-15.8,-0.79,7.51,0.38,-22.1,-1.11,-30.74,0.00
220,Exit short,2026-03-11 17:00,long,2018.95,0.9911,1999.821758,-1.16,-0.06,10.52,0.53,-8.15,-0.41,-31.9,0.00
220,Entry short,2026-03-11 14:00,short,2017.78,0.9911,1999.821758,-1.16,-0.06,10.52,0.53,-8.15,-0.41,-31.9,0.00
221,Exit long,2026-03-11 20:00,short,2020,0.9906,1999.97187,1.04,0.05,14.87,0.74,-6.08,-0.30,-30.86,0.00
221,Entry long,2026-03-11 17:00,long,2018.95,0.9906,1999.97187,1.04,0.05,14.87,0.74,-6.08,-0.30,-30.86,0.00
222,Exit short,2026-03-11 20:45,long,2023.09,0.99,1999.8,-3.06,-0.15,1.49,0.07,-15.34,-0.77,-33.92,0.00
222,Entry short,2026-03-11 20:00,short,2020,0.99,1999.8,-3.06,-0.15,1.49,0.07,-15.34,-0.77,-33.92,0.00
223,Exit long,2026-03-11 23:45,short,2049.73,0.9885,1999.824465,26.33,1.32,58.88,2.94,-1.4,-0.07,-7.59,0.00
223,Entry long,2026-03-11 20:45,long,2023.09,0.9885,1999.824465,26.33,1.32,58.88,2.94,-1.4,-0.07,-7.59,0.00
224,Exit short,2026-03-12 00:30,long,2068.4,0.9757,1999.921561,-18.22,-0.91,3.19,0.16,-19.22,-0.96,-25.8,0.00
224,Entry short,2026-03-11 23:45,short,2049.73,0.9757,1999.921561,-18.22,-0.91,3.19,0.16,-19.22,-0.96,-25.8,0.00
225,Exit long,2026-03-12 04:15,short,2069.7,0.9669,1999.93596,1.26,0.06,16.61,0.83,-10.36,-0.52,-24.54,0.00
225,Entry long,2026-03-12 00:30,long,2068.4,0.9669,1999.93596,1.26,0.06,16.61,0.83,-10.36,-0.52,-24.54,0.00
226,Exit short,2026-03-12 14:00,long,2029.06,0.9663,1999.95111,39.27,1.96,50.35,2.52,-14.33,-0.72,14.73,0.00
226,Entry short,2026-03-12 04:15,short,2069.7,0.9663,1999.95111,39.27,1.96,50.35,2.52,-14.33,-0.72,14.73,0.00
227,Exit long,2026-03-12 21:30,short,2068.41,0.9856,1999.841536,38.78,1.94,50.21,2.51,-3.35,-0.17,53.51,0.01
227,Entry long,2026-03-12 14:00,long,2029.06,0.9856,1999.841536,38.78,1.94,50.21,2.51,-3.35,-0.17,53.51,0.01
228,Exit short,2026-03-12 22:15,long,2058.55,0.9669,1999.945629,9.53,0.48,12.39,0.62,-25.71,-1.29,63.04,0.01
228,Entry short,2026-03-12 21:30,short,2068.41,0.9669,1999.945629,9.53,0.48,12.39,0.62,-25.71,-1.29,63.04,0.01
229,Exit long,2026-03-12 23:00,short,2049.16,0.9715,1999.881325,-9.12,-0.46,2.18,0.11,-20.17,-1.01,53.92,0.01
229,Entry long,2026-03-12 22:15,long,2058.55,0.9715,1999.881325,-9.12,-0.46,2.18,0.11,-20.17,-1.01,53.92,0.01
230,Exit short,2026-03-12 23:45,long,2072.33,0.976,1999.98016,-22.61,-1.13,1.91,0.10,-32.05,-1.60,31.31,0.00
230,Entry short,2026-03-12 23:00,short,2049.16,0.976,1999.98016,-22.61,-1.13,1.91,0.10,-32.05,-1.60,31.31,0.00
231,Exit long,2026-03-13 00:30,short,2071.02,0.965,1999.79845,-1.26,-0.06,5.56,0.28,-15.44,-0.77,30.04,0.00
231,Entry long,2026-03-12 23:45,long,2072.33,0.965,1999.79845,-1.26,-0.06,5.56,0.28,-15.44,-0.77,30.04,0.00
232,Exit short,2026-03-13 01:15,long,2061.53,0.9657,1999.984014,9.16,0.46,12.79,0.64,-4.08,-0.20,39.21,0.00
232,Entry short,2026-03-13 00:30,short,2071.02,0.9657,1999.984014,9.16,0.46,12.79,0.64,-4.08,-0.20,39.21,0.00
233,Exit long,2026-03-13 02:00,short,2057.14,0.9701,1999.890253,-4.26,-0.21,6.02,0.30,-7.86,-0.39,34.95,0.00
233,Entry long,2026-03-13 01:15,long,2061.53,0.9701,1999.890253,-4.26,-0.21,6.02,0.30,-7.86,-0.39,34.95,0.00
234,Exit short,2026-03-13 03:30,long,2068.41,0.9722,1999.951508,-10.96,-0.55,11.39,0.57,-11.53,-0.58,23.99,0.00
234,Entry short,2026-03-13 02:00,short,2057.14,0.9722,1999.951508,-10.96,-0.55,11.39,0.57,-11.53,-0.58,23.99,0.00
235,Exit long,2026-03-13 05:00,short,2066.14,0.9669,1999.945629,-2.19,-0.11,5.22,0.26,-7.79,-0.39,21.8,0.00
235,Entry long,2026-03-13 03:30,long,2068.41,0.9669,1999.945629,-2.19,-0.11,5.22,0.26,-7.79,-0.39,21.8,0.00
236,Exit short,2026-03-13 06:30,long,2060.54,0.9679,1999.816906,5.42,0.27,8.58,0.43,-1.36,-0.07,27.22,0.00
236,Entry short,2026-03-13 05:00,short,2066.14,0.9679,1999.816906,5.42,0.27,8.58,0.43,-1.36,-0.07,27.22,0.00
237,Exit long,2026-03-13 11:00,short,2106.95,0.9706,1999.960124,45.05,2.25,85.67,4.28,-5.39,-0.27,72.26,0.01
237,Entry long,2026-03-13 06:30,long,2060.54,0.9706,1999.960124,45.05,2.25,85.67,4.28,-5.39,-0.27,72.26,0.01
238,Exit short,2026-03-13 17:00,long,2104.15,0.9492,1999.91694,2.66,0.13,16.09,0.80,-15.79,-0.79,74.92,0.01
238,Entry short,2026-03-13 11:00,short,2106.95,0.9492,1999.91694,2.66,0.13,16.09,0.80,-15.79,-0.79,74.92,0.01
239,Exit long,2026-03-13 23:00,short,2159.77,0.9505,1999.994575,52.87,2.64,99.69,4.98,-7.71,-0.39,127.79,0.01
239,Entry long,2026-03-13 17:00,long,2104.15,0.9505,1999.994575,52.87,2.64,99.69,4.98,-7.71,-0.39,127.79,0.01
240,Exit short,2026-03-14 04:15,long,2110.29,0.926,1999.94702,45.82,2.29,64.35,3.22,-5.7,-0.29,173.61,0.02
240,Entry short,2026-03-13 23:00,short,2159.77,0.926,1999.94702,45.82,2.29,64.35,3.22,-5.7,-0.29,173.61,0.02
241,Exit long,2026-03-14 05:45,short,2103.07,0.9477,1999.921833,-6.84,-0.34,6.04,0.30,-8.36,-0.42,166.76,0.02
241,Entry long,2026-03-14 04:15,long,2110.29,0.9477,1999.921833,-6.84,-0.34,6.04,0.30,-8.36,-0.42,166.76,0.02
242,Exit short,2026-03-14 08:00,long,2093.65,0.9509,1999.809263,8.96,0.45,23.36,1.17,-1.57,-0.08,175.72,0.02
242,Entry short,2026-03-14 05:45,short,2103.07,0.9509,1999.809263,8.96,0.45,23.36,1.17,-1.57,-0.08,175.72,0.02
243,Exit long,2026-03-14 08:45,short,2085.32,0.9552,1999.85448,-7.96,-0.40,1.49,0.07,-10.34,-0.52,167.76,0.02
243,Entry long,2026-03-14 08:00,long,2093.65,0.9552,1999.85448,-7.96,-0.40,1.49,0.07,-10.34,-0.52,167.76,0.02
244,Exit short,2026-03-14 09:30,long,2090.24,0.959,1999.82188,-4.72,-0.24,3.77,0.19,-8.24,-0.41,163.05,0.02
244,Entry short,2026-03-14 08:45,short,2085.32,0.959,1999.82188,-4.72,-0.24,3.77,0.19,-8.24,-0.41,163.05,0.02
245,Exit long,2026-03-14 13:15,short,2092.33,0.9568,1999.941632,2,0.10,15.17,0.76,-2.27,-0.11,165.05,0.02
245,Entry long,2026-03-14 09:30,long,2090.24,0.9568,1999.941632,2,0.10,15.17,0.76,-2.27,-0.11,165.05,0.02
246,Exit short,2026-03-14 20:00,long,2075.94,0.9558,1999.849014,15.67,0.78,29.37,1.47,-0.54,-0.03,180.71,0.02
246,Entry short,2026-03-14 13:15,short,2092.33,0.9558,1999.849014,15.67,0.78,29.37,1.47,-0.54,-0.03,180.71,0.02
247,Exit long,2026-03-14 23:00,short,2074.65,0.9634,1999.960596,-1.24,-0.06,4.54,0.23,-5.92,-0.30,179.47,0.02
247,Entry long,2026-03-14 20:00,long,2075.94,0.9634,1999.960596,-1.24,-0.06,4.54,0.23,-5.92,-0.30,179.47,0.02
248,Exit short,2026-03-14 23:45,long,2074.72,0.964,1999.9626,-0.07,0.00,2.94,0.15,-2.97,-0.15,179.4,0.02
248,Entry short,2026-03-14 23:00,short,2074.65,0.964,1999.9626,-0.07,0.00,2.94,0.15,-2.97,-0.15,179.4,0.02
249,Exit long,2026-03-15 02:00,short,2073.58,0.9639,1999.822608,-1.1,-0.05,3.92,0.20,-5.33,-0.27,178.3,0.02
249,Entry long,2026-03-14 23:45,long,2074.72,0.9639,1999.822608,-1.1,-0.05,3.92,0.20,-5.33,-0.27,178.3,0.02
250,Exit short,2026-03-15 02:45,long,2076.91,0.9645,1999.96791,-3.21,-0.16,0.84,0.04,-4.4,-0.22,175.09,0.02
250,Entry short,2026-03-15 02:00,short,2073.58,0.9645,1999.96791,-3.21,-0.16,0.84,0.04,-4.4,-0.22,175.09,0.02
251,Exit long,2026-03-15 08:45,short,2088,0.9629,1999.856639,10.68,0.53,21.93,1.10,-2.06,-0.10,185.77,0.02
251,Entry long,2026-03-15 02:45,long,2076.91,0.9629,1999.856639,10.68,0.53,21.93,1.10,-2.06,-0.10,185.77,0.02
252,Exit short,2026-03-15 10:15,long,2093.19,0.9578,1999.8864,-4.97,-0.25,4.45,0.22,-10.78,-0.54,180.8,0.02
252,Entry short,2026-03-15 08:45,short,2088,0.9578,1999.8864,-4.97,-0.25,4.45,0.22,-10.78,-0.54,180.8,0.02
253,Exit long,2026-03-15 11:45,short,2096.15,0.9554,1999.833726,2.83,0.14,14.06,0.70,-2.86,-0.14,183.63,0.02
253,Entry long,2026-03-15 10:15,long,2093.19,0.9554,1999.833726,2.83,0.14,14.06,0.70,-2.86,-0.14,183.63,0.02
254,Exit short,2026-03-15 12:30,long,2101.8,0.9541,1999.936715,-5.39,-0.27,0.02,0.00,-7.6,-0.38,178.23,0.02
254,Entry short,2026-03-15 11:45,short,2096.15,0.9541,1999.936715,-5.39,-0.27,0.02,0.00,-7.6,-0.38,178.23,0.02
255,Exit long,2026-03-15 14:45,short,2107.76,0.9515,1999.8627,5.67,0.28,13.46,0.67,-2.33,-0.12,183.91,0.02
255,Entry long,2026-03-15 12:30,long,2101.8,0.9515,1999.8627,5.67,0.28,13.46,0.67,-2.33,-0.12,183.91,0.02
256,Exit short,2026-03-15 15:30,long,2104.93,0.9488,1999.842688,2.69,0.13,2.69,0.13,-5.44,-0.27,186.59,0.02
256,Entry short,2026-03-15 14:45,short,2107.76,0.9488,1999.842688,2.69,0.13,2.69,0.13,-5.44,-0.27,186.59,0.02
257,Exit long,2026-03-15 20:45,short,2109.59,0.9501,1999.893993,4.43,0.22,17.59,0.88,-1.4,-0.07,191.02,0.02
257,Entry long,2026-03-15 15:30,long,2104.93,0.9501,1999.893993,4.43,0.22,17.59,0.88,-1.4,-0.07,191.02,0.02
258,Exit short,2026-03-16 01:15,long,2094.98,0.948,1999.89132,13.85,0.69,22.04,1.10,-3.01,-0.15,204.87,0.02
258,Entry short,2026-03-15 20:45,short,2109.59,0.948,1999.89132,13.85,0.69,22.04,1.10,-3.01,-0.15,204.87,0.02
259,Exit long,2026-03-16 15:30,short,2253.39,0.9546,1999.867908,151.22,7.56,184.86,9.24,-0.63,-0.03,356.09,0.04
259,Entry long,2026-03-16 01:15,long,2094.98,0.9546,1999.867908,151.22,7.56,184.86,9.24,-0.63,-0.03,356.09,0.04
260,Exit short,2026-03-16 18:30,long,2259.17,0.8875,1999.883625,-5.13,-0.26,16.39,0.82,-17.38,-0.87,350.96,0.04
260,Entry short,2026-03-16 15:30,short,2253.39,0.8875,1999.883625,-5.13,-0.26,16.39,0.82,-17.38,-0.87,350.96,0.04
261,Exit long,2026-03-16 23:45,short,2273.88,0.8852,1999.817284,13.02,0.65,43.7,2.19,-3.66,-0.18,363.98,0.04
261,Entry long,2026-03-16 18:30,long,2259.17,0.8852,1999.817284,13.02,0.65,43.7,2.19,-3.66,-0.18,363.98,0.04
262,Exit short,2026-03-17 01:15,long,2300.63,0.8795,1999.87746,-23.53,-1.18,3.41,0.17,-30.2,-1.51,340.45,0.03
262,Entry short,2026-03-16 23:45,short,2273.88,0.8795,1999.87746,-23.53,-1.18,3.41,0.17,-30.2,-1.51,340.45,0.03
263,Exit long,2026-03-17 07:15,short,2351.1,0.8693,1999.937659,43.87,2.19,74.23,3.71,0,0.00,384.33,0.04
263,Entry long,2026-03-17 01:15,long,2300.63,0.8693,1999.937659,43.87,2.19,74.23,3.71,0,0.00,384.33,0.04
264,Exit short,2026-03-17 08:00,long,2367.31,0.8506,1999.84566,-13.79,-0.69,9.26,0.46,-20.11,-1.01,370.54,0.04
264,Entry short,2026-03-17 07:15,short,2351.1,0.8506,1999.84566,-13.79,-0.69,9.26,0.46,-20.11,-1.01,370.54,0.04
265,Exit long,2026-03-17 10:15,short,2347.92,0.8448,1999.903488,-16.38,-0.82,7.9,0.39,-21.27,-1.06,354.16,0.04
265,Entry long,2026-03-17 08:00,long,2367.31,0.8448,1999.903488,-16.38,-0.82,7.9,0.39,-21.27,-1.06,354.16,0.04
266,Exit short,2026-03-17 15:30,long,2331.03,0.8518,1999.958256,14.39,0.72,45.8,2.29,-11.64,-0.58,368.54,0.04
266,Entry short,2026-03-17 10:15,short,2347.92,0.8518,1999.958256,14.39,0.72,45.8,2.29,-11.64,-0.58,368.54,0.04
267,Exit long,2026-03-17 18:30,short,2310.24,0.8579,1999.790637,-17.84,-0.89,3.71,0.19,-23.19,-1.16,350.71,0.04
267,Entry long,2026-03-17 15:30,long,2331.03,0.8579,1999.790637,-17.84,-0.89,3.71,0.19,-23.19,-1.16,350.71,0.04
268,Exit short,2026-03-17 19:15,long,2328.41,0.8657,1999.974768,-15.73,-0.79,3.11,0.16,-19.34,-0.97,334.98,0.03
268,Entry short,2026-03-17 18:30,short,2310.24,0.8657,1999.974768,-15.73,-0.79,3.11,0.16,-19.34,-0.97,334.98,0.03
269,Exit long,2026-03-17 20:45,short,2315.42,0.8589,1999.871349,-11.16,-0.56,5.66,0.28,-13.43,-0.67,323.82,0.03
269,Entry long,2026-03-17 19:15,long,2328.41,0.8589,1999.871349,-11.16,-0.56,5.66,0.28,-13.43,-0.67,323.82,0.03
270,Exit short,2026-03-17 22:15,long,2333.95,0.8637,1999.828254,-16,-0.80,1.74,0.09,-26.83,-1.34,307.82,0.03
270,Entry short,2026-03-17 20:45,short,2315.42,0.8637,1999.828254,-16,-0.80,1.74,0.09,-26.83,-1.34,307.82,0.03
271,Exit long,2026-03-17 23:45,short,2315.98,0.8569,1999.961755,-15.4,-0.77,20.38,1.02,-25.43,-1.27,292.42,0.03
271,Entry long,2026-03-17 22:15,long,2333.95,0.8569,1999.961755,-15.4,-0.77,20.38,1.02,-25.43,-1.27,292.42,0.03
272,Exit short,2026-03-18 00:30,long,2326,0.8635,1999.84873,-8.65,-0.43,3.06,0.15,-18.12,-0.91,283.77,0.03
272,Entry short,2026-03-17 23:45,short,2315.98,0.8635,1999.84873,-8.65,-0.43,3.06,0.15,-18.12,-0.91,283.77,0.03
273,Exit long,2026-03-18 01:15,short,2329.2,0.8598,1999.8948,2.75,0.14,8.12,0.41,-4.64,-0.23,286.52,0.03
273,Entry long,2026-03-18 00:30,long,2326,0.8598,1999.8948,2.75,0.14,8.12,0.41,-4.64,-0.23,286.52,0.03
274,Exit short,2026-03-18 02:00,long,2338.56,0.8586,1999.85112,-8.04,-0.40,2.83,0.14,-11.59,-0.58,278.48,0.03
274,Entry short,2026-03-18 01:15,short,2329.2,0.8586,1999.85112,-8.04,-0.40,2.83,0.14,-11.59,-0.58,278.48,0.03
275,Exit long,2026-03-18 04:15,short,2329.22,0.8552,1999.936512,-7.99,-0.40,2.58,0.13,-18.44,-0.92,270.49,0.03
275,Entry long,2026-03-18 02:00,long,2338.56,0.8552,1999.936512,-7.99,-0.40,2.58,0.13,-18.44,-0.92,270.49,0.03
276,Exit short,2026-03-18 05:45,long,2338.45,0.8586,1999.868292,-7.92,-0.40,4.3,0.22,-13.28,-0.66,262.57,0.03
276,Entry short,2026-03-18 04:15,short,2329.22,0.8586,1999.868292,-7.92,-0.40,4.3,0.22,-13.28,-0.66,262.57,0.03
277,Exit long,2026-03-18 06:30,short,2324.76,0.8552,1999.84244,-11.71,-0.59,3.13,0.16,-17.16,-0.86,250.86,0.03
277,Entry long,2026-03-18 05:45,long,2338.45,0.8552,1999.84244,-11.71,-0.59,3.13,0.16,-17.16,-0.86,250.86,0.03
278,Exit short,2026-03-18 09:30,long,2330.35,0.8603,1999.991028,-4.81,-0.24,15.28,0.76,-9.09,-0.45,246.05,0.02
278,Entry short,2026-03-18 06:30,short,2324.76,0.8603,1999.991028,-4.81,-0.24,15.28,0.76,-9.09,-0.45,246.05,0.02
279,Exit long,2026-03-18 12:30,short,2329.99,0.8582,1999.90637,-0.31,-0.02,16.86,0.84,-6.16,-0.31,245.74,0.02
279,Entry long,2026-03-18 09:30,long,2330.35,0.8582,1999.90637,-0.31,-0.02,16.86,0.84,-6.16,-0.31,245.74,0.02
280,Exit short,2026-03-18 17:00,long,2328.34,0.8583,1999.830417,1.42,0.07,15.84,0.79,-1.01,-0.05,247.16,0.02
280,Entry short,2026-03-18 12:30,short,2329.99,0.8583,1999.830417,1.42,0.07,15.84,0.79,-1.01,-0.05,247.16,0.02
281,Exit long,2026-03-18 19:15,short,2295.16,0.8589,1999.811226,-28.5,-1.43,4.53,0.23,-30.53,-1.53,218.66,0.02
281,Entry long,2026-03-18 17:00,long,2328.34,0.8589,1999.811226,-28.5,-1.43,4.53,0.23,-30.53,-1.53,218.66,0.02
282,Exit short,2026-03-19 02:00,long,2215.03,0.8713,1999.772908,69.82,3.49,111.78,5.59,-2.65,-0.13,288.48,0.03
282,Entry short,2026-03-18 19:15,short,2295.16,0.8713,1999.772908,69.82,3.49,111.78,5.59,-2.65,-0.13,288.48,0.03
283,Exit long,2026-03-19 04:15,short,2176.68,0.9029,1999.950587,-34.63,-1.73,0,0.00,-55.82,-2.79,253.85,0.03
283,Entry long,2026-03-19 02:00,long,2215.03,0.9029,1999.950587,-34.63,-1.73,0,0.00,-55.82,-2.79,253.85,0.03
284,Exit short,2026-03-19 05:00,long,2189.01,0.9188,1999.933584,-11.33,-0.57,0.61,0.03,-16.83,-0.84,242.52,0.02
284,Entry short,2026-03-19 04:15,short,2176.68,0.9188,1999.933584,-11.33,-0.57,0.61,0.03,-16.83,-0.84,242.52,0.02
285,Exit long,2026-03-19 08:45,short,2193.34,0.9136,1999.879536,3.96,0.20,17.61,0.88,-1.31,-0.07,246.48,0.02
285,Entry long,2026-03-19 05:00,long,2189.01,0.9136,1999.879536,3.96,0.20,17.61,0.88,-1.31,-0.07,246.48,0.02
286,Exit short,2026-03-19 10:15,long,2202.08,0.9118,1999.887412,-7.97,-0.40,5.56,0.28,-9.44,-0.47,238.51,0.02
286,Entry short,2026-03-19 08:45,short,2193.34,0.9118,1999.887412,-7.97,-0.40,5.56,0.28,-9.44,-0.47,238.51,0.02
287,Exit long,2026-03-19 11:00,short,2205.38,0.9082,1999.929056,3,0.15,4.47,0.22,-5.42,-0.27,241.51,0.02
287,Entry long,2026-03-19 10:15,long,2202.08,0.9082,1999.929056,3,0.15,4.47,0.22,-5.42,-0.27,241.51,0.02
288,Exit short,2026-03-19 11:45,long,2212.29,0.9068,1999.838584,-6.27,-0.31,0.23,0.01,-25.7,-1.29,235.24,0.02
288,Entry short,2026-03-19 11:00,short,2205.38,0.9068,1999.838584,-6.27,-0.31,0.23,0.01,-25.7,-1.29,235.24,0.02
289,Exit long,2026-03-19 12:30,short,2194.52,0.904,1999.91016,-16.06,-0.80,0.74,0.04,-19.4,-0.97,219.18,0.02
289,Entry long,2026-03-19 11:45,long,2212.29,0.904,1999.91016,-16.06,-0.80,0.74,0.04,-19.4,-0.97,219.18,0.02
290,Exit short,2026-03-19 17:45,long,2189.42,0.9113,1999.866076,4.65,0.23,46.82,2.34,-3.63,-0.18,223.82,0.02
290,Entry short,2026-03-19 12:30,short,2194.52,0.9113,1999.866076,4.65,0.23,46.82,2.34,-3.63,-0.18,223.82,0.02
291,Exit long,2026-03-19 19:15,short,2174.75,0.9134,1999.816228,-13.4,-0.67,2.42,0.12,-19.97,-1.00,210.42,0.02
291,Entry long,2026-03-19 17:45,long,2189.42,0.9134,1999.816228,-13.4,-0.67,2.42,0.12,-19.97,-1.00,210.42,0.02
292,Exit short,2026-03-20 02:00,long,2125.86,0.9196,1999.9001,44.96,2.25,69.31,3.47,-2.6,-0.13,255.38,0.03
292,Entry short,2026-03-19 19:15,short,2174.75,0.9196,1999.9001,44.96,2.25,69.31,3.47,-2.6,-0.13,255.38,0.03
293,Exit long,2026-03-20 07:15,short,2142.6,0.9407,1999.796502,15.75,0.79,29.22,1.46,-10.87,-0.54,271.13,0.03
293,Entry long,2026-03-20 02:00,long,2125.86,0.9407,1999.796502,15.75,0.79,29.22,1.46,-10.87,-0.54,271.13,0.03
294,Exit short,2026-03-20 08:45,long,2145.6,0.9334,1999.90284,-2.8,-0.14,11.23,0.56,-5.97,-0.30,268.33,0.03
294,Entry short,2026-03-20 07:15,short,2142.6,0.9334,1999.90284,-2.8,-0.14,11.23,0.56,-5.97,-0.30,268.33,0.03
295,Exit long,2026-03-20 10:15,short,2139.09,0.9321,1999.91376,-6.07,-0.30,14.15,0.71,-7.92,-0.40,262.26,0.03
295,Entry long,2026-03-20 08:45,long,2145.6,0.9321,1999.91376,-6.07,-0.30,14.15,0.71,-7.92,-0.40,262.26,0.03
296,Exit short,2026-03-20 11:45,long,2151.38,0.9349,1999.835241,-11.49,-0.57,5.98,0.30,-16.82,-0.84,250.77,0.03
296,Entry short,2026-03-20 10:15,short,2139.09,0.9349,1999.835241,-11.49,-0.57,5.98,0.30,-16.82,-0.84,250.77,0.03
297,Exit long,2026-03-20 14:00,short,2139.08,0.9296,1999.922848,-11.43,-0.57,7.31,0.37,-13.83,-0.69,239.34,0.02
297,Entry long,2026-03-20 11:45,long,2151.38,0.9296,1999.922848,-11.43,-0.57,7.31,0.37,-13.83,-0.69,239.34,0.02
298,Exit short,2026-03-20 16:15,long,2165.27,0.9349,1999.825892,-24.49,-1.22,16.67,0.83,-35.3,-1.77,214.85,0.02
298,Entry short,2026-03-20 14:00,short,2139.08,0.9349,1999.825892,-24.49,-1.22,16.67,0.83,-35.3,-1.77,214.85,0.02
299,Exit long,2026-03-20 17:45,short,2141.21,0.9236,1999.843372,-22.22,-1.11,2.3,0.11,-28,-1.40,192.63,0.02
299,Entry long,2026-03-20 16:15,long,2165.27,0.9236,1999.843372,-22.22,-1.11,2.3,0.11,-28,-1.40,192.63,0.02
300,Exit short,2026-03-20 19:15,long,2150,0.934,1999.89014,-8.21,-0.41,9.01,0.45,-16.33,-0.82,184.42,0.02
300,Entry short,2026-03-20 17:45,short,2141.21,0.934,1999.89014,-8.21,-0.41,9.01,0.45,-16.33,-0.82,184.42,0.02
301,Exit long,2026-03-20 20:00,short,2145.86,0.9302,1999.93,-3.85,-0.19,2.55,0.13,-13.95,-0.70,180.57,0.02
301,Entry long,2026-03-20 19:15,long,2150,0.9302,1999.93,-3.85,-0.19,2.55,0.13,-13.95,-0.70,180.57,0.02
302,Exit short,2026-03-20 21:30,long,2141.09,0.932,1999.94152,4.45,0.22,21.14,1.06,-6.32,-0.32,185.02,0.02
302,Entry short,2026-03-20 20:00,short,2145.86,0.932,1999.94152,4.45,0.22,21.14,1.06,-6.32,-0.32,185.02,0.02
303,Exit long,2026-03-20 22:15,short,2135.52,0.9341,1999.992169,-5.2,-0.26,2.05,0.10,-22.61,-1.13,179.81,0.02
303,Entry long,2026-03-20 21:30,long,2141.09,0.9341,1999.992169,-5.2,-0.26,2.05,0.10,-22.61,-1.13,179.81,0.02
304,Exit short,2026-03-21 00:30,long,2135.02,0.9365,1999.91448,0.47,0.02,14.23,0.71,-11.44,-0.57,180.28,0.02
304,Entry short,2026-03-20 22:15,short,2135.52,0.9365,1999.91448,0.47,0.02,14.23,0.71,-11.44,-0.57,180.28,0.02
305,Exit long,2026-03-21 01:15,short,2130.92,0.9367,1999.873234,-3.84,-0.19,5.75,0.29,-4.16,-0.21,176.44,0.02
305,Entry long,2026-03-21 00:30,long,2135.02,0.9367,1999.873234,-3.84,-0.19,5.75,0.29,-4.16,-0.21,176.44,0.02
306,Exit short,2026-03-21 02:00,long,2135.3,0.9385,1999.86842,-4.11,-0.21,10.51,0.53,-8.52,-0.43,172.33,0.02
306,Entry short,2026-03-21 01:15,short,2130.92,0.9385,1999.86842,-4.11,-0.21,10.51,0.53,-8.52,-0.43,172.33,0.02
307,Exit long,2026-03-21 02:45,short,2123.29,0.9366,1999.92198,-11.25,-0.56,0.76,0.04,-16.76,-0.84,161.08,0.02
307,Entry long,2026-03-21 02:00,long,2135.3,0.9366,1999.92198,-11.25,-0.56,0.76,0.04,-16.76,-0.84,161.08,0.02
308,Exit short,2026-03-21 04:15,long,2130.95,0.9419,1999.926851,-7.21,-0.36,5.45,0.27,-12.91,-0.65,153.87,0.02
308,Entry short,2026-03-21 02:45,short,2123.29,0.9419,1999.926851,-7.21,-0.36,5.45,0.27,-12.91,-0.65,153.87,0.02
309,Exit long,2026-03-21 10:15,short,2151.91,0.9385,1999.896575,19.67,0.98,34.77,1.74,-6.56,-0.33,173.54,0.02
309,Entry long,2026-03-21 04:15,long,2130.95,0.9385,1999.896575,19.67,0.98,34.77,1.74,-6.56,-0.33,173.54,0.02
310,Exit short,2026-03-21 11:00,long,2153.76,0.9294,1999.985154,-1.72,-0.09,1.98,0.10,-4.1,-0.20,171.82,0.02
310,Entry short,2026-03-21 10:15,short,2151.91,0.9294,1999.985154,-1.72,-0.09,1.98,0.10,-4.1,-0.20,171.82,0.02
311,Exit long,2026-03-21 11:45,short,2153.6,0.9286,1999.981536,-0.15,-0.01,0.58,0.03,-2.57,-0.13,171.67,0.02
311,Entry long,2026-03-21 11:00,long,2153.76,0.9286,1999.981536,-0.15,-0.01,0.58,0.03,-2.57,-0.13,171.67,0.02
312,Exit short,2026-03-21 12:30,long,2152.1,0.9286,1999.83296,1.39,0.07,3.01,0.15,-4.26,-0.21,173.06,0.02
312,Entry short,2026-03-21 11:45,short,2153.6,0.9286,1999.83296,1.39,0.07,3.01,0.15,-4.26,-0.21,173.06,0.02
313,Exit long,2026-03-21 13:15,short,2155.95,0.9293,1999.94653,3.58,0.18,7.34,0.37,-0.46,-0.02,176.64,0.02
313,Entry long,2026-03-21 12:30,long,2152.1,0.9293,1999.94653,3.58,0.18,7.34,0.37,-0.46,-0.02,176.64,0.02
314,Exit short,2026-03-21 14:45,long,2155.8,0.9276,1999.85922,0.14,0.01,3.4,0.17,-1.89,-0.09,176.78,0.02
314,Entry short,2026-03-21 13:15,short,2155.95,0.9276,1999.85922,0.14,0.01,3.4,0.17,-1.89,-0.09,176.78,0.02
315,Exit long,2026-03-21 16:15,short,2150.36,0.9277,1999.93566,-5.05,-0.25,5.14,0.26,-5.37,-0.27,171.73,0.02
315,Entry long,2026-03-21 14:45,long,2155.8,0.9277,1999.93566,-5.05,-0.25,5.14,0.26,-5.37,-0.27,171.73,0.02
316,Exit short,2026-03-21 17:45,long,2158.77,0.93,1999.8348,-7.82,-0.39,0.73,0.04,-8.04,-0.40,163.91,0.02
316,Entry short,2026-03-21 16:15,short,2150.36,0.93,1999.8348,-7.82,-0.39,0.73,0.04,-8.04,-0.40,163.91,0.02
317,Exit long,2026-03-21 18:30,short,2155.24,0.9264,1999.884528,-3.27,-0.16,0.69,0.03,-4.47,-0.22,160.64,0.02
317,Entry long,2026-03-21 17:45,long,2158.77,0.9264,1999.884528,-3.27,-0.16,0.69,0.03,-4.47,-0.22,160.64,0.02
318,Exit short,2026-03-21 20:00,long,2158.91,0.9279,1999.847196,-3.41,-0.17,2.08,0.10,-3.92,-0.20,157.24,0.02
318,Entry short,2026-03-21 18:30,short,2155.24,0.9279,1999.847196,-3.41,-0.17,2.08,0.10,-3.92,-0.20,157.24,0.02
319,Exit long,2026-03-21 21:30,short,2155.3,0.9263,1999.798333,-3.34,-0.17,1.58,0.08,-3.61,-0.18,153.89,0.02
319,Entry long,2026-03-21 20:00,long,2158.91,0.9263,1999.798333,-3.34,-0.17,1.58,0.08,-3.61,-0.18,153.89,0.02
320,Exit short,2026-03-21 22:15,long,2161.87,0.9279,1999.90287,-6.1,-0.30,0.28,0.01,-12.03,-0.60,147.8,0.01
320,Entry short,2026-03-21 21:30,short,2155.3,0.9279,1999.90287,-6.1,-0.30,0.28,0.01,-12.03,-0.60,147.8,0.01
321,Exit long,2026-03-21 23:00,short,2153.82,0.9251,1999.945937,-7.45,-0.37,3.08,0.15,-10.42,-0.52,140.35,0.01
321,Entry long,2026-03-21 22:15,long,2161.87,0.9251,1999.945937,-7.45,-0.37,3.08,0.15,-10.42,-0.52,140.35,0.01
322,Exit short,2026-03-22 02:45,long,2151.46,0.9285,1999.82187,2.19,0.11,10.97,0.55,-3.49,-0.17,142.54,0.01
322,Entry short,2026-03-21 23:00,short,2153.82,0.9285,1999.82187,2.19,0.11,10.97,0.55,-3.49,-0.17,142.54,0.01
323,Exit long,2026-03-22 06:30,short,2151.58,0.9296,1999.997216,0.11,0.01,5.15,0.26,-2.23,-0.11,142.65,0.01
323,Entry long,2026-03-22 02:45,long,2151.46,0.9296,1999.997216,0.11,0.01,5.15,0.26,-2.23,-0.11,142.65,0.01
324,Exit short,2026-03-22 11:00,long,2104.32,0.9295,1999.89361,43.93,2.20,94.31,4.72,0,0.00,186.58,0.02
324,Entry short,2026-03-22 06:30,short,2151.58,0.9295,1999.89361,43.93,2.20,94.31,4.72,0,0.00,186.58,0.02
325,Exit long,2026-03-22 14:45,short,2108.76,0.9504,1999.945728,4.22,0.21,21.75,1.09,-1.19,-0.06,190.8,0.02
325,Entry long,2026-03-22 11:00,long,2104.32,0.9504,1999.945728,4.22,0.21,21.75,1.09,-1.19,-0.06,190.8,0.02
326,Exit short,2026-03-22 20:45,long,2082.44,0.9484,1999.947984,24.96,1.25,39.63,1.98,-3.12,-0.16,215.76,0.02
326,Entry short,2026-03-22 14:45,short,2108.76,0.9484,1999.947984,24.96,1.25,39.63,1.98,-3.12,-0.16,215.76,0.02
327,Exit long,2026-03-22 22:15,short,2080.85,0.9604,1999.975376,-1.53,-0.08,9.79,0.49,-10.34,-0.52,214.23,0.02
327,Entry long,2026-03-22 20:45,long,2082.44,0.9604,1999.975376,-1.53,-0.08,9.79,0.49,-10.34,-0.52,214.23,0.02
328,Exit short,2026-03-22 23:45,long,2083.1,0.9611,1999.904935,-2.16,-0.11,4.98,0.25,-3.81,-0.19,212.07,0.02
328,Entry short,2026-03-22 22:15,short,2080.85,0.9611,1999.904935,-2.16,-0.11,4.98,0.25,-3.81,-0.19,212.07,0.02
329,Exit long,2026-03-23 02:00,short,2079.92,0.9601,1999.98431,-3.05,-0.15,1.3,0.06,-7.17,-0.36,209.02,0.02
329,Entry long,2026-03-22 23:45,long,2083.1,0.9601,1999.98431,-3.05,-0.15,1.3,0.06,-7.17,-0.36,209.02,0.02
330,Exit short,2026-03-23 06:30,long,2055.11,0.9615,1999.84308,23.85,1.19,51.84,2.59,-0.01,0.00,232.87,0.02
330,Entry short,2026-03-23 02:00,short,2079.92,0.9615,1999.84308,23.85,1.19,51.84,2.59,-0.01,0.00,232.87,0.02
331,Exit long,2026-03-23 08:00,short,2057.21,0.9731,1999.827541,2.04,0.10,18.54,0.93,-6.52,-0.33,234.92,0.02
331,Entry long,2026-03-23 06:30,long,2055.11,0.9731,1999.827541,2.04,0.10,18.54,0.93,-6.52,-0.33,234.92,0.02
332,Exit short,2026-03-23 09:30,long,2054.88,0.9721,1999.813841,2.26,0.11,20.92,1.05,-5.03,-0.25,237.18,0.02
332,Entry short,2026-03-23 08:00,short,2057.21,0.9721,1999.813841,2.26,0.11,20.92,1.05,-5.03,-0.25,237.18,0.02
333,Exit long,2026-03-23 10:15,short,2067.78,0.9732,1999.809216,12.55,0.63,14.95,0.75,-7.94,-0.40,249.74,0.02
333,Entry long,2026-03-23 09:30,long,2054.88,0.9732,1999.809216,12.55,0.63,14.95,0.75,-7.94,-0.40,249.74,0.02
334,Exit short,2026-03-23 11:00,long,2059.11,0.9672,1999.956816,8.39,0.42,10.29,0.51,-4.4,-0.22,258.12,0.03
334,Entry short,2026-03-23 10:15,short,2067.78,0.9672,1999.956816,8.39,0.42,10.29,0.51,-4.4,-0.22,258.12,0.03
335,Exit long,2026-03-23 11:45,short,2052.54,0.9712,1999.807632,-6.38,-0.32,1.18,0.06,-7.23,-0.36,251.74,0.03
335,Entry long,2026-03-23 11:00,long,2059.11,0.9712,1999.807632,-6.38,-0.32,1.18,0.06,-7.23,-0.36,251.74,0.03
336,Exit short,2026-03-23 13:15,long,2065.35,0.9744,1999.994976,-12.48,-0.62,1.85,0.09,-19.07,-0.95,239.26,0.02
336,Entry short,2026-03-23 11:45,short,2052.54,0.9744,1999.994976,-12.48,-0.62,1.85,0.09,-19.07,-0.95,239.26,0.02
337,Exit long,2026-03-23 14:45,short,2037.3,0.9683,1999.878405,-27.16,-1.36,5.12,0.26,-35.71,-1.79,212.1,0.02
337,Entry long,2026-03-23 13:15,long,2065.35,0.9683,1999.878405,-27.16,-1.36,5.12,0.26,-35.71,-1.79,212.1,0.02
338,Exit short,2026-03-23 16:15,long,2053.55,0.9816,1999.81368,-15.95,-0.80,14,0.70,-21.46,-1.07,196.15,0.02
338,Entry short,2026-03-23 14:45,short,2037.3,0.9816,1999.81368,-15.95,-0.80,14,0.70,-21.46,-1.07,196.15,0.02
339,Exit long,2026-03-23 17:00,short,2042.91,0.9739,1999.952345,-10.36,-0.52,4.06,0.20,-15.39,-0.77,185.79,0.02
339,Entry long,2026-03-23 16:15,long,2053.55,0.9739,1999.952345,-10.36,-0.52,4.06,0.20,-15.39,-0.77,185.79,0.02
340,Exit short,2026-03-23 18:30,long,2044.35,0.9789,1999.804599,-1.41,-0.07,14.4,0.72,-10.9,-0.54,184.38,0.02
340,Entry short,2026-03-23 17:00,short,2042.91,0.9789,1999.804599,-1.41,-0.07,14.4,0.72,-10.9,-0.54,184.38,0.02
341,Exit long,2026-03-23 23:45,short,2128.45,0.9783,1999.987605,82.28,4.11,150.87,7.54,-3.27,-0.16,266.65,0.03
341,Entry long,2026-03-23 18:30,long,2044.35,0.9783,1999.987605,82.28,4.11,150.87,7.54,-3.27,-0.16,266.65,0.03
342,Exit short,2026-03-24 02:00,long,2150.77,0.9396,1999.89162,-20.97,-1.05,10.03,0.50,-28.27,-1.41,245.68,0.02
342,Entry short,2026-03-23 23:45,short,2128.45,0.9396,1999.89162,-20.97,-1.05,10.03,0.50,-28.27,-1.41,245.68,0.02
343,Exit long,2026-03-24 05:45,short,2157.7,0.9298,1999.785946,6.44,0.32,26.01,1.30,-4.7,-0.24,252.12,0.03
343,Entry long,2026-03-24 02:00,long,2150.77,0.9298,1999.785946,6.44,0.32,26.01,1.30,-4.7,-0.24,252.12,0.03
344,Exit short,2026-03-24 09:30,long,2130.9,0.9269,1999.97213,24.84,1.24,31,1.55,-1.77,-0.09,276.96,0.03
344,Entry short,2026-03-24 05:45,short,2157.7,0.9269,1999.97213,24.84,1.24,31,1.55,-1.77,-0.09,276.96,0.03
345,Exit long,2026-03-24 10:15,short,2139.39,0.9385,1999.84965,7.97,0.40,14.1,0.70,-1.72,-0.09,284.93,0.03
345,Entry long,2026-03-24 09:30,long,2130.9,0.9385,1999.84965,7.97,0.40,14.1,0.70,-1.72,-0.09,284.93,0.03
346,Exit short,2026-03-24 12:30,long,2135.38,0.9348,1999.901772,3.75,0.19,8.12,0.41,-11.82,-0.59,288.68,0.03
346,Entry short,2026-03-24 10:15,short,2139.39,0.9348,1999.901772,3.75,0.19,8.12,0.41,-11.82,-0.59,288.68,0.03
347,Exit long,2026-03-24 13:15,short,2129.75,0.9366,1999.996908,-5.27,-0.26,3.85,0.19,-6.13,-0.31,283.41,0.03
347,Entry long,2026-03-24 12:30,long,2135.38,0.9366,1999.996908,-5.27,-0.26,3.85,0.19,-6.13,-0.31,283.41,0.03
348,Exit short,2026-03-24 14:45,long,2145.3,0.939,1999.83525,-14.6,-0.73,0.19,0.01,-15.59,-0.78,268.81,0.03
348,Entry short,2026-03-24 13:15,short,2129.75,0.939,1999.83525,-14.6,-0.73,0.19,0.01,-15.59,-0.78,268.81,0.03
349,Exit long,2026-03-24 18:30,short,2160.65,0.9322,1999.84866,14.31,0.72,23.63,1.18,-1.09,-0.05,283.11,0.03
349,Entry long,2026-03-24 14:45,long,2145.3,0.9322,1999.84866,14.31,0.72,23.63,1.18,-1.09,-0.05,283.11,0.03
350,Exit short,2026-03-24 19:15,long,2160.99,0.9256,1999.89764,-0.31,-0.02,7.89,0.39,-2.12,-0.11,282.8,0.03
350,Entry short,2026-03-24 18:30,short,2160.65,0.9256,1999.89764,-0.31,-0.02,7.89,0.39,-2.12,-0.11,282.8,0.03
351,Exit long,2026-03-24 20:45,short,2162.44,0.9255,1999.996245,1.34,0.07,13.11,0.66,-1.94,-0.10,284.14,0.03
351,Entry long,2026-03-24 19:15,long,2160.99,0.9255,1999.996245,1.34,0.07,13.11,0.66,-1.94,-0.10,284.14,0.03
352,Exit short,2026-03-25 02:45,long,2118.92,0.9248,1999.824512,40.25,2.01,54.95,2.75,-2.86,-0.14,324.39,0.03
352,Entry short,2026-03-24 20:45,short,2162.44,0.9248,1999.824512,40.25,2.01,54.95,2.75,-2.86,-0.14,324.39,0.03
353,Exit long,2026-03-25 10:15,short,2156.23,0.9438,1999.836696,35.21,1.76,46.92,2.35,-4.29,-0.21,359.6,0.04
353,Entry long,2026-03-25 02:45,long,2118.92,0.9438,1999.836696,35.21,1.76,46.92,2.35,-4.29,-0.21,359.6,0.04
354,Exit short,2026-03-25 12:30,long,2160.72,0.9275,1999.903325,-4.16,-0.21,8.56,0.43,-7.84,-0.39,355.44,0.04
354,Entry short,2026-03-25 10:15,short,2156.23,0.9275,1999.903325,-4.16,-0.21,8.56,0.43,-7.84,-0.39,355.44,0.04
355,Exit long,2026-03-25 15:30,short,2170.53,0.9256,1999.962432,9.08,0.45,17.6,0.88,-0.67,-0.03,364.52,0.04
355,Entry long,2026-03-25 12:30,long,2160.72,0.9256,1999.962432,9.08,0.45,17.6,0.88,-0.67,-0.03,364.52,0.04
356,Exit short,2026-03-25 17:00,long,2179.84,0.9214,1999.926342,-8.58,-0.43,9.88,0.49,-19.72,-0.99,355.94,0.04
356,Entry short,2026-03-25 15:30,short,2170.53,0.9214,1999.926342,-8.58,-0.43,9.88,0.49,-19.72,-0.99,355.94,0.04
357,Exit long,2026-03-25 20:45,short,2183.31,0.9174,1999.785216,3.18,0.16,17.6,0.88,-13.6,-0.68,359.12,0.04
357,Entry long,2026-03-25 17:00,long,2179.84,0.9174,1999.785216,3.18,0.16,17.6,0.88,-13.6,-0.68,359.12,0.04
358,Exit short,2026-03-25 21:30,long,2188.89,0.916,1999.91196,-5.11,-0.26,3.3,0.16,-13.6,-0.68,354.01,0.04
358,Entry short,2026-03-25 20:45,short,2183.31,0.916,1999.91196,-5.11,-0.26,3.3,0.16,-13.6,-0.68,354.01,0.04
359,Exit long,2026-03-25 22:15,short,2180.03,0.9137,1999.988793,-8.1,-0.40,3.7,0.19,-12.36,-0.62,345.92,0.03
359,Entry long,2026-03-25 21:30,long,2188.89,0.9137,1999.988793,-8.1,-0.40,3.7,0.19,-12.36,-0.62,345.92,0.03
360,Exit short,2026-03-26 00:30,long,2177.94,0.9174,1999.959522,1.92,0.10,29.69,1.48,-6.26,-0.31,347.83,0.03
360,Entry short,2026-03-25 22:15,short,2180.03,0.9174,1999.959522,1.92,0.10,29.69,1.48,-6.26,-0.31,347.83,0.03
361,Exit long,2026-03-26 01:15,short,2168.65,0.9182,1999.784508,-8.53,-0.43,0.33,0.02,-11.84,-0.59,339.3,0.03
361,Entry long,2026-03-26 00:30,long,2177.94,0.9182,1999.784508,-8.53,-0.43,0.33,0.02,-11.84,-0.59,339.3,0.03
362,Exit short,2026-03-26 03:30,long,2171.74,0.9222,1999.92903,-2.85,-0.14,9.96,0.50,-7.13,-0.36,336.45,0.03
362,Entry short,2026-03-26 01:15,short,2168.65,0.9222,1999.92903,-2.85,-0.14,9.96,0.50,-7.13,-0.36,336.45,0.03
363,Exit long,2026-03-26 04:15,short,2161.38,0.9209,1999.955366,-9.54,-0.48,2.95,0.15,-11.35,-0.57,326.91,0.03
363,Entry long,2026-03-26 03:30,long,2171.74,0.9209,1999.955366,-9.54,-0.48,2.95,0.15,-11.35,-0.57,326.91,0.03
364,Exit short,2026-03-26 07:15,long,2173.15,0.9253,1999.924914,-10.89,-0.54,0.66,0.03,-20.47,-1.02,316.02,0.03
364,Entry short,2026-03-26 04:15,short,2161.38,0.9253,1999.924914,-10.89,-0.54,0.66,0.03,-20.47,-1.02,316.02,0.03
365,Exit long,2026-03-26 08:45,short,2166.69,0.9203,1999.949945,-5.95,-0.30,0.15,0.01,-9.77,-0.49,310.08,0.03
365,Entry long,2026-03-26 07:15,long,2173.15,0.9203,1999.949945,-5.95,-0.30,0.15,0.01,-9.77,-0.49,310.08,0.03
366,Exit short,2026-03-26 17:00,long,2118.8,0.923,1999.85487,44.2,2.21,50.32,2.52,-2.38,-0.12,354.28,0.04
366,Entry short,2026-03-26 08:45,short,2166.69,0.923,1999.85487,44.2,2.21,50.32,2.52,-2.38,-0.12,354.28,0.04
367,Exit long,2026-03-26 17:45,short,2082.64,0.9439,1999.93532,-34.13,-1.71,0,0.00,-41.38,-2.07,320.15,0.03
367,Entry long,2026-03-26 17:00,long,2118.8,0.9439,1999.93532,-34.13,-1.71,0,0.00,-41.38,-2.07,320.15,0.03
368,Exit short,2026-03-26 21:30,long,2083.48,0.9603,1999.959192,-0.81,-0.04,18.92,0.95,-1.2,-0.06,319.34,0.03
368,Entry short,2026-03-26 17:45,short,2082.64,0.9603,1999.959192,-0.81,-0.04,18.92,0.95,-1.2,-0.06,319.34,0.03
369,Exit long,2026-03-26 23:45,short,2070.4,0.9599,1999.932452,-12.56,-0.63,9.9,0.49,-30.21,-1.51,306.79,0.03
369,Entry long,2026-03-26 21:30,long,2083.48,0.9599,1999.932452,-12.56,-0.63,9.9,0.49,-30.21,-1.51,306.79,0.03
370,Exit short,2026-03-27 04:15,long,2068.63,0.9659,1999.79936,1.71,0.09,34.64,1.73,-9.68,-0.48,308.5,0.03
370,Entry short,2026-03-26 23:45,short,2070.4,0.9659,1999.79936,1.71,0.09,34.64,1.73,-9.68,-0.48,308.5,0.03
371,Exit long,2026-03-27 06:30,short,2064.69,0.9668,1999.951484,-3.81,-0.19,8.9,0.45,-13.29,-0.66,304.69,0.03
371,Entry long,2026-03-27 04:15,long,2068.63,0.9668,1999.951484,-3.81,-0.19,8.9,0.45,-13.29,-0.66,304.69,0.03
372,Exit short,2026-03-27 09:30,long,2070.89,0.9686,1999.858734,-6.01,-0.30,8.08,0.40,-8.49,-0.42,298.68,0.03
372,Entry short,2026-03-27 06:30,short,2064.69,0.9686,1999.858734,-6.01,-0.30,8.08,0.40,-8.49,-0.42,298.68,0.03
373,Exit long,2026-03-27 11:00,short,2061.88,0.9657,1999.858473,-8.7,-0.44,6.08,0.30,-10.98,-0.55,289.98,0.03
373,Entry long,2026-03-27 09:30,long,2070.89,0.9657,1999.858473,-8.7,-0.44,6.08,0.30,-10.98,-0.55,289.98,0.03
374,Exit short,2026-03-27 13:15,long,2058.85,0.9699,1999.817412,2.94,0.15,17.84,0.89,-4.3,-0.21,292.92,0.03
374,Entry short,2026-03-27 11:00,short,2061.88,0.9699,1999.817412,2.94,0.15,17.84,0.89,-4.3,-0.21,292.92,0.03
375,Exit long,2026-03-27 14:00,short,2063.7,0.9714,1999.96689,4.71,0.24,4.71,0.24,-2.31,-0.12,297.63,0.03
375,Entry long,2026-03-27 13:15,long,2058.85,0.9714,1999.96689,4.71,0.24,4.71,0.24,-2.31,-0.12,297.63,0.03
376,Exit short,2026-03-27 14:45,long,2062.71,0.9691,1999.93167,0.96,0.05,2.24,0.11,-4.23,-0.21,298.59,0.03
376,Entry short,2026-03-27 14:00,short,2063.7,0.9691,1999.93167,0.96,0.05,2.24,0.11,-4.23,-0.21,298.59,0.03
377,Exit long,2026-03-27 16:15,short,2054.71,0.9695,1999.797345,-7.76,-0.39,9.36,0.47,-7.76,-0.39,290.83,0.03
377,Entry long,2026-03-27 14:45,long,2062.71,0.9695,1999.797345,-7.76,-0.39,9.36,0.47,-7.76,-0.39,290.83,0.03
378,Exit short,2026-03-27 23:45,long,1991.32,0.9733,1999.849243,61.7,3.09,81.54,4.08,-2.89,-0.14,352.53,0.04
378,Entry short,2026-03-27 16:15,short,2054.71,0.9733,1999.849243,61.7,3.09,81.54,4.08,-2.89,-0.14,352.53,0.04
379,Exit long,2026-03-28 00:30,short,1987.19,1.0043,1999.882676,-4.15,-0.21,0,0.00,-11.12,-0.56,348.38,0.03
379,Entry long,2026-03-27 23:45,long,1991.32,1.0043,1999.882676,-4.15,-0.21,0,0.00,-11.12,-0.56,348.38,0.03
380,Exit short,2026-03-28 01:15,long,1983.46,1.0064,1999.908016,3.75,0.19,4.65,0.23,-10.48,-0.52,352.14,0.04
380,Entry short,2026-03-28 00:30,short,1987.19,1.0064,1999.908016,3.75,0.19,4.65,0.23,-10.48,-0.52,352.14,0.04
381,Exit long,2026-03-28 02:00,short,1978.94,1.0083,1999.922718,-4.56,-0.23,1.4,0.07,-8.63,-0.43,347.58,0.03
381,Entry long,2026-03-28 01:15,long,1983.46,1.0083,1999.922718,-4.56,-0.23,1.4,0.07,-8.63,-0.43,347.58,0.03
382,Exit short,2026-03-28 03:30,long,1989.67,1.0106,1999.916764,-10.84,-0.54,4.51,0.23,-18.99,-0.95,336.74,0.03
382,Entry short,2026-03-28 02:00,short,1978.94,1.0106,1999.916764,-10.84,-0.54,4.51,0.23,-18.99,-0.95,336.74,0.03
383,Exit long,2026-03-28 05:00,short,1990.03,1.0051,1999.817317,0.36,0.02,6.67,0.33,-9.72,-0.49,337.1,0.03
383,Entry long,2026-03-28 03:30,long,1989.67,1.0051,1999.817317,0.36,0.02,6.67,0.33,-9.72,-0.49,337.1,0.03
384,Exit short,2026-03-28 05:45,long,1985.73,1.005,1999.98015,4.32,0.22,5.7,0.28,-0.72,-0.04,341.42,0.03
384,Entry short,2026-03-28 05:00,short,1990.03,1.005,1999.98015,4.32,0.22,5.7,0.28,-0.72,-0.04,341.42,0.03
385,Exit long,2026-03-28 06:30,short,1985.66,1.0071,1999.828683,-0.07,0.00,1.51,0.08,-3.81,-0.19,341.35,0.03
385,Entry long,2026-03-28 05:45,long,1985.73,1.0071,1999.828683,-0.07,0.00,1.51,0.08,-3.81,-0.19,341.35,0.03
386,Exit short,2026-03-28 08:00,long,1989.69,1.0072,1999.956752,-4.06,-0.20,5.16,0.26,-8.25,-0.41,337.29,0.03
386,Entry short,2026-03-28 06:30,short,1985.66,1.0072,1999.956752,-4.06,-0.20,5.16,0.26,-8.25,-0.41,337.29,0.03
387,Exit long,2026-03-28 09:30,short,1988.21,1.0051,1999.837419,-1.49,-0.07,5.5,0.27,-4.78,-0.24,335.8,0.03
387,Entry long,2026-03-28 08:00,long,1989.69,1.0051,1999.837419,-1.49,-0.07,5.5,0.27,-4.78,-0.24,335.8,0.03
388,Exit short,2026-03-28 10:15,long,1985.49,1.0059,1999.940439,2.74,0.14,3.23,0.16,-5.51,-0.28,338.54,0.03
388,Entry short,2026-03-28 09:30,short,1988.21,1.0059,1999.940439,2.74,0.14,3.23,0.16,-5.51,-0.28,338.54,0.03
389,Exit long,2026-03-28 11:00,short,1988.05,1.0073,1999.984077,2.58,0.13,3.65,0.18,-2.34,-0.12,341.12,0.03
389,Entry long,2026-03-28 10:15,long,1985.49,1.0073,1999.984077,2.58,0.13,3.65,0.18,-2.34,-0.12,341.12,0.03
390,Exit short,2026-03-28 11:45,long,1989.19,1.006,1999.9783,-1.15,-0.06,0,0.00,-3.22,-0.16,339.97,0.03
390,Entry short,2026-03-28 11:00,short,1988.05,1.006,1999.9783,-1.15,-0.06,0,0.00,-3.22,-0.16,339.97,0.03
391,Exit long,2026-03-28 13:15,short,1992.65,1.0054,1999.931626,3.48,0.17,4.95,0.25,-1.9,-0.10,343.45,0.03
391,Entry long,2026-03-28 11:45,long,1989.19,1.0054,1999.931626,3.48,0.17,4.95,0.25,-1.9,-0.10,343.45,0.03
392,Exit short,2026-03-28 14:00,long,1996.6,1.0036,1999.82354,-3.96,-0.20,0.55,0.03,-5.09,-0.25,339.49,0.03
392,Entry short,2026-03-28 13:15,short,1992.65,1.0036,1999.82354,-3.96,-0.20,0.55,0.03,-5.09,-0.25,339.49,0.03
393,Exit long,2026-03-28 17:00,short,1996.88,1.0017,1999.99422,0.28,0.01,11.77,0.59,-1,-0.05,339.77,0.03
393,Entry long,2026-03-28 14:00,long,1996.6,1.0017,1999.99422,0.28,0.01,11.77,0.59,-1,-0.05,339.77,0.03
394,Exit short,2026-03-28 21:30,long,2028.06,1.0015,1999.87532,-31.23,-1.56,4.64,0.23,-50.65,-2.53,308.54,0.03
394,Entry short,2026-03-28 17:00,short,1996.88,1.0015,1999.87532,-31.23,-1.56,4.64,0.23,-50.65,-2.53,308.54,0.03
395,Exit long,2026-03-29 01:15,short,2021.31,0.9861,1999.869966,-6.66,-0.33,12.03,0.60,-11.75,-0.59,301.88,0.03
395,Entry long,2026-03-28 21:30,long,2028.06,0.9861,1999.869966,-6.66,-0.33,12.03,0.60,-11.75,-0.59,301.88,0.03
396,Exit short,2026-03-29 04:15,long,2023.49,0.9894,1999.884114,-2.16,-0.11,4.76,0.24,-5.12,-0.26,299.73,0.03
396,Entry short,2026-03-29 01:15,short,2021.31,0.9894,1999.884114,-2.16,-0.11,4.76,0.24,-5.12,-0.26,299.73,0.03
397,Exit long,2026-03-29 05:45,short,2009.61,0.9883,1999.815167,-13.72,-0.69,2.31,0.12,-16.6,-0.83,286.01,0.03
397,Entry long,2026-03-29 04:15,long,2023.49,0.9883,1999.815167,-13.72,-0.69,2.31,0.12,-16.6,-0.83,286.01,0.03
398,Exit short,2026-03-29 09:30,long,2002.33,0.9952,1999.963872,7.25,0.36,19.87,0.99,-3.51,-0.18,293.25,0.03
398,Entry short,2026-03-29 05:45,short,2009.61,0.9952,1999.963872,7.25,0.36,19.87,0.99,-3.51,-0.18,293.25,0.03
399,Exit long,2026-03-29 12:30,short,2005.65,0.9988,1999.927204,3.32,0.17,17.3,0.86,-2.27,-0.11,296.57,0.03
399,Entry long,2026-03-29 09:30,long,2002.33,0.9988,1999.927204,3.32,0.17,17.3,0.86,-2.27,-0.11,296.57,0.03
400,Exit short,2026-03-29 14:00,long,2005.03,0.9971,1999.833615,0.62,0.03,7.96,0.40,-2.67,-0.13,297.19,0.03
400,Entry short,2026-03-29 12:30,short,2005.65,0.9971,1999.833615,0.62,0.03,7.96,0.40,-2.67,-0.13,297.19,0.03
401,Exit long,2026-03-29 14:45,short,2004.98,0.9974,1999.816922,-0.05,0.00,1.92,0.10,-5,-0.25,297.14,0.03
401,Entry long,2026-03-29 14:00,long,2005.03,0.9974,1999.816922,-0.05,0.00,1.92,0.10,-5,-0.25,297.14,0.03
402,Exit short,2026-03-29 17:00,long,2003.64,0.9975,1999.96755,1.34,0.07,4.93,0.25,-4.92,-0.25,298.47,0.03
402,Entry short,2026-03-29 14:45,short,2004.98,0.9975,1999.96755,1.34,0.07,4.93,0.25,-4.92,-0.25,298.47,0.03
403,Exit long,2026-03-29 17:45,short,1999.21,0.9981,1999.833084,-4.42,-0.22,1.2,0.06,-9.12,-0.46,294.05,0.03
403,Entry long,2026-03-29 17:00,long,2003.64,0.9981,1999.833084,-4.42,-0.22,1.2,0.06,-9.12,-0.46,294.05,0.03
404,Exit short,2026-03-29 19:15,long,2003.82,1.0003,1999.809763,-4.61,-0.23,7.31,0.37,-8.45,-0.42,289.44,0.03
404,Entry short,2026-03-29 17:45,short,1999.21,1.0003,1999.809763,-4.61,-0.23,7.31,0.37,-8.45,-0.42,289.44,0.03
405,Exit long,2026-03-29 20:45,short,2001.68,0.998,1999.81236,-2.14,-0.11,4.33,0.22,-5.99,-0.30,287.31,0.03
405,Entry long,2026-03-29 19:15,long,2003.82,0.998,1999.81236,-2.14,-0.11,4.33,0.22,-5.99,-0.30,287.31,0.03
406,Exit short,2026-03-30 00:30,long,1997.37,0.9991,1999.878488,4.31,0.22,18.1,0.91,-1.93,-0.10,291.61,0.03
406,Entry short,2026-03-29 20:45,short,2001.68,0.9991,1999.878488,4.31,0.22,18.1,0.91,-1.93,-0.10,291.61,0.03
407,Exit long,2026-03-30 01:15,short,1990.4,1.0013,1999.966581,-6.98,-0.35,2.84,0.14,-9.78,-0.49,284.63,0.03
407,Entry long,2026-03-30 00:30,long,1997.37,1.0013,1999.966581,-6.98,-0.35,2.84,0.14,-9.78,-0.49,284.63,0.03
408,Exit short,2026-03-30 02:45,long,1997.33,1.0048,1999.95392,-6.96,-0.35,0.58,0.03,-11.66,-0.58,277.67,0.03
408,Entry short,2026-03-30 01:15,short,1990.4,1.0048,1999.95392,-6.96,-0.35,0.58,0.03,-11.66,-0.58,277.67,0.03
409,Exit long,2026-03-30 06:30,short,1966.91,1.0013,1999.926529,-30.46,-1.52,12.17,0.61,-33.37,-1.67,247.21,0.02
409,Entry long,2026-03-30 02:45,long,1997.33,1.0013,1999.926529,-30.46,-1.52,12.17,0.61,-33.37,-1.67,247.21,0.02
410,Exit short,2026-03-30 08:45,long,1997.25,1.0168,1999.954088,-30.85,-1.54,28.56,1.43,-57.77,-2.89,216.36,0.02
410,Entry short,2026-03-30 06:30,short,1966.91,1.0168,1999.954088,-30.85,-1.54,28.56,1.43,-57.77,-2.89,216.36,0.02
411,Exit long,2026-03-30 14:45,short,2042.46,1.0013,1999.846425,45.27,2.26,61.79,3.09,-0.06,0.00,261.63,0.03
411,Entry long,2026-03-30 08:45,long,1997.25,1.0013,1999.846425,45.27,2.26,61.79,3.09,-0.06,0.00,261.63,0.03
412,Exit short,2026-03-30 16:15,long,2060,0.9792,1999.976832,-17.18,-0.86,0.9,0.05,-25.28,-1.26,244.45,0.02
412,Entry short,2026-03-30 14:45,short,2042.46,0.9792,1999.976832,-17.18,-0.86,0.9,0.05,-25.28,-1.26,244.45,0.02
413,Exit long,2026-03-30 17:45,short,2055.16,0.9708,1999.848,-4.7,-0.23,14.56,0.73,-5.95,-0.30,239.75,0.02
413,Entry long,2026-03-30 16:15,long,2060,0.9708,1999.848,-4.7,-0.23,14.56,0.73,-5.95,-0.30,239.75,0.02
414,Exit short,2026-03-30 19:15,long,2066.46,0.9731,1999.876196,-11,-0.55,6.83,0.34,-25.78,-1.29,228.76,0.02
414,Entry short,2026-03-30 17:45,short,2055.16,0.9731,1999.876196,-11,-0.55,6.83,0.34,-25.78,-1.29,228.76,0.02
415,Exit long,2026-03-30 22:15,short,2053.97,0.9678,1999.919988,-12.09,-0.60,17.94,0.90,-14.63,-0.73,216.67,0.02
415,Entry long,2026-03-30 19:15,long,2066.46,0.9678,1999.919988,-12.09,-0.60,17.94,0.90,-14.63,-0.73,216.67,0.02
416,Exit short,2026-03-30 23:00,long,2066.84,0.9737,1999.950589,-12.53,-0.63,9.46,0.47,-25.27,-1.26,204.14,0.02
416,Entry short,2026-03-30 22:15,short,2053.97,0.9737,1999.950589,-12.53,-0.63,9.46,0.47,-25.27,-1.26,204.14,0.02
417,Exit long,2026-03-31 00:30,short,2065.01,0.9676,1999.874384,-1.77,-0.09,12.36,0.62,-4.77,-0.24,202.37,0.02
417,Entry long,2026-03-30 23:00,long,2066.84,0.9676,1999.874384,-1.77,-0.09,12.36,0.62,-4.77,-0.24,202.37,0.02
418,Exit short,2026-03-31 05:45,long,2036,0.9685,1999.962185,28.1,1.40,50.05,2.50,-6.94,-0.35,230.47,0.02
418,Entry short,2026-03-31 00:30,short,2065.01,0.9685,1999.962185,28.1,1.40,50.05,2.50,-6.94,-0.35,230.47,0.02
419,Exit long,2026-03-31 07:15,short,2024.9,0.9823,1999.9628,-10.9,-0.55,8.07,0.40,-21.69,-1.08,219.56,0.02
419,Entry long,2026-03-31 05:45,long,2036,0.9823,1999.9628,-10.9,-0.55,8.07,0.40,-21.69,-1.08,219.56,0.02
420,Exit short,2026-03-31 08:45,long,2036.65,0.9877,1999.99373,-11.61,-0.58,8.5,0.43,-15.94,-0.80,207.96,0.02
420,Entry short,2026-03-31 07:15,short,2024.9,0.9877,1999.99373,-11.61,-0.58,8.5,0.43,-15.94,-0.80,207.96,0.02
421,Exit long,2026-03-31 12:30,short,2061.62,0.982,1999.9903,24.52,1.23,54.69,2.73,-4.3,-0.22,232.48,0.02
421,Entry long,2026-03-31 08:45,long,2036.65,0.982,1999.9903,24.52,1.23,54.69,2.73,-4.3,-0.22,232.48,0.02
422,Exit short,2026-03-31 14:00,long,2059.06,0.9701,1999.977562,2.48,0.12,6.65,0.33,-7.16,-0.36,234.96,0.02
422,Entry short,2026-03-31 12:30,short,2061.62,0.9701,1999.977562,2.48,0.12,6.65,0.33,-7.16,-0.36,234.96,0.02
423,Exit long,2026-03-31 14:45,short,2062.33,0.9713,1999.964978,3.18,0.16,3.91,0.20,-3.75,-0.19,238.14,0.02
423,Entry long,2026-03-31 14:00,long,2059.06,0.9713,1999.964978,3.18,0.16,3.91,0.20,-3.75,-0.19,238.14,0.02
424,Exit short,2026-03-31 20:00,long,2037.79,0.9697,1999.841401,23.8,1.19,48.18,2.41,-0.56,-0.03,261.93,0.03
424,Entry short,2026-03-31 14:45,short,2062.33,0.9697,1999.841401,23.8,1.19,48.18,2.41,-0.56,-0.03,261.93,0.03
425,Exit long,2026-03-31 23:00,short,2075.47,0.9814,1999.887106,36.98,1.85,53.2,2.66,-2.72,-0.14,298.91,0.03
425,Entry long,2026-03-31 20:00,long,2037.79,0.9814,1999.887106,36.98,1.85,53.2,2.66,-2.72,-0.14,298.91,0.03
426,Exit short,2026-03-31 23:45,long,2054.85,0.9636,1999.922892,19.87,0.99,21.16,1.06,-1.33,-0.07,318.78,0.03
426,Entry short,2026-03-31 23:00,short,2075.47,0.9636,1999.922892,19.87,0.99,21.16,1.06,-1.33,-0.07,318.78,0.03
427,Exit long,2026-04-01 05:45,short,2102.63,0.9733,1999.985505,46.5,2.33,67.33,3.37,-0.55,-0.03,365.29,0.04
427,Entry long,2026-03-31 23:45,long,2054.85,0.9733,1999.985505,46.5,2.33,67.33,3.37,-0.55,-0.03,365.29,0.04
428,Exit short,2026-04-01 08:00,long,2102.25,0.9511,1999.811393,0.36,0.02,13.58,0.68,-5.74,-0.29,365.65,0.04
428,Entry short,2026-04-01 05:45,short,2102.63,0.9511,1999.811393,0.36,0.02,13.58,0.68,-5.74,-0.29,365.65,0.04
429,Exit long,2026-04-01 09:30,short,2096.72,0.9513,1999.870425,-5.26,-0.26,14.78,0.74,-10.32,-0.52,360.39,0.04
429,Entry long,2026-04-01 08:00,long,2102.25,0.9513,1999.870425,-5.26,-0.26,14.78,0.74,-10.32,-0.52,360.39,0.04
430,Exit short,2026-04-01 11:45,long,2102.91,0.9538,1999.851536,-5.9,-0.30,13.96,0.70,-9.69,-0.48,354.48,0.04
430,Entry short,2026-04-01 09:30,short,2096.72,0.9538,1999.851536,-5.9,-0.30,13.96,0.70,-9.69,-0.48,354.48,0.04
431,Exit long,2026-04-01 16:15,short,2136.3,0.951,1999.86741,31.75,1.59,52.39,2.62,-2.43,-0.12,386.24,0.04
431,Entry long,2026-04-01 11:45,long,2102.91,0.951,1999.86741,31.75,1.59,52.39,2.62,-2.43,-0.12,386.24,0.04
432,Exit short,2026-04-01 17:00,long,2133.5,0.9361,1999.79043,2.62,0.13,4.49,0.22,-6.21,-0.31,388.86,0.04
432,Entry short,2026-04-01 16:15,short,2136.3,0.9361,1999.79043,2.62,0.13,4.49,0.22,-6.21,-0.31,388.86,0.04
433,Exit long,2026-04-01 17:45,short,2136.39,0.9374,1999.9429,2.71,0.14,4.54,0.23,-5.04,-0.25,391.57,0.04
433,Entry long,2026-04-01 17:00,long,2133.5,0.9374,1999.9429,2.71,0.14,4.54,0.23,-5.04,-0.25,391.57,0.04
434,Exit short,2026-04-01 19:15,long,2134.03,0.9361,1999.874679,2.21,0.11,9.46,0.47,-2.79,-0.14,393.78,0.04
434,Entry short,2026-04-01 17:45,short,2136.39,0.9361,1999.874679,2.21,0.11,9.46,0.47,-2.79,-0.14,393.78,0.04
435,Exit long,2026-04-01 20:00,short,2134.23,0.9371,1999.799513,0.19,0.01,2.74,0.14,-4.51,-0.23,393.96,0.04
435,Entry long,2026-04-01 19:15,long,2134.03,0.9371,1999.799513,0.19,0.01,2.74,0.14,-4.51,-0.23,393.96,0.04
436,Exit short,2026-04-01 20:45,long,2130.82,0.9371,1999.986933,3.2,0.16,11.51,0.58,-16.65,-0.83,397.16,0.04
436,Entry short,2026-04-01 20:00,short,2134.23,0.9371,1999.986933,3.2,0.16,11.51,0.58,-16.65,-0.83,397.16,0.04
437,Exit long,2026-04-01 21:30,short,2116.33,0.9386,1999.987652,-13.6,-0.68,4.21,0.21,-20.74,-1.04,383.56,0.04
437,Entry long,2026-04-01 20:45,long,2130.82,0.9386,1999.987652,-13.6,-0.68,4.21,0.21,-20.74,-1.04,383.56,0.04
438,Exit short,2026-04-01 23:45,long,2135.04,0.945,1999.93185,-17.68,-0.88,4.56,0.23,-20.21,-1.01,365.88,0.04
438,Entry short,2026-04-01 21:30,short,2116.33,0.945,1999.93185,-17.68,-0.88,4.56,0.23,-20.21,-1.01,365.88,0.04
439,Exit long,2026-04-02 02:00,short,2131.29,0.9367,1999.891968,-3.51,-0.18,30.73,1.54,-10.73,-0.54,362.36,0.04
439,Entry long,2026-04-01 23:45,long,2135.04,0.9367,1999.891968,-3.51,-0.18,30.73,1.54,-10.73,-0.54,362.36,0.04
440,Exit short,2026-04-02 03:30,long,2138.89,0.9383,1999.789407,-7.13,-0.36,5.5,0.27,-10.95,-0.55,355.23,0.04
440,Entry short,2026-04-02 02:00,short,2131.29,0.9383,1999.789407,-7.13,-0.36,5.5,0.27,-10.95,-0.55,355.23,0.04
441,Exit long,2026-04-02 04:15,short,2133.89,0.935,1999.86215,-4.67,-0.23,6.16,0.31,-7.66,-0.38,350.56,0.04
441,Entry long,2026-04-02 03:30,long,2138.89,0.935,1999.86215,-4.67,-0.23,6.16,0.31,-7.66,-0.38,350.56,0.04
442,Exit short,2026-04-02 05:00,long,2151.61,0.9372,1999.881708,-16.61,-0.83,2.31,0.12,-20.32,-1.02,333.95,0.03
442,Entry short,2026-04-02 04:15,short,2133.89,0.9372,1999.881708,-16.61,-0.83,2.31,0.12,-20.32,-1.02,333.95,0.03
443,Exit long,2026-04-02 07:15,short,2140.54,0.9295,1999.921495,-10.29,-0.51,12.84,0.64,-13.21,-0.66,323.66,0.03
443,Entry long,2026-04-02 05:00,long,2151.61,0.9295,1999.921495,-10.29,-0.51,12.84,0.64,-13.21,-0.66,323.66,0.03
444,Exit short,2026-04-02 08:45,long,2156.14,0.9343,1999.906522,-14.58,-0.73,4.71,0.24,-17.59,-0.88,309.09,0.03
444,Entry short,2026-04-02 07:15,short,2140.54,0.9343,1999.906522,-14.58,-0.73,4.71,0.24,-17.59,-0.88,309.09,0.03
445,Exit long,2026-04-02 09:30,short,2092.18,0.9275,1999.81985,-59.32,-2.97,0.01,0.00,-59.44,-2.97,249.76,0.02
445,Entry long,2026-04-02 08:45,long,2156.14,0.9275,1999.81985,-59.32,-2.97,0.01,0.00,-59.44,-2.97,249.76,0.02
446,Exit short,2026-04-02 15:30,long,2053.89,0.9559,1999.914862,36.6,1.83,51.19,2.56,-9.83,-0.49,286.37,0.03
446,Entry short,2026-04-02 09:30,short,2092.18,0.9559,1999.914862,36.6,1.83,51.19,2.56,-9.83,-0.49,286.37,0.03
447,Exit long,2026-04-02 18:30,short,2039.9,0.9737,1999.872693,-13.62,-0.68,2.79,0.14,-20.79,-1.04,272.74,0.03
447,Entry long,2026-04-02 15:30,long,2053.89,0.9737,1999.872693,-13.62,-0.68,2.79,0.14,-20.79,-1.04,272.74,0.03
448,Exit short,2026-04-02 22:15,long,2038.47,0.9804,1999.91796,1.4,0.07,22.41,1.12,-9.2,-0.46,274.14,0.03
448,Entry short,2026-04-02 18:30,short,2039.9,0.9804,1999.91796,1.4,0.07,22.41,1.12,-9.2,-0.46,274.14,0.03
449,Exit long,2026-04-03 02:00,short,2047.31,0.9811,1999.942917,8.67,0.43,38.43,1.92,-0.46,-0.02,282.82,0.03
449,Entry long,2026-04-02 22:15,long,2038.47,0.9811,1999.942917,8.67,0.43,38.43,1.92,-0.46,-0.02,282.82,0.03
450,Exit short,2026-04-03 03:30,long,2058.96,0.9768,1999.812408,-11.38,-0.57,2.69,0.13,-15.33,-0.77,271.44,0.03
450,Entry short,2026-04-03 02:00,short,2047.31,0.9768,1999.812408,-11.38,-0.57,2.69,0.13,-15.33,-0.77,271.44,0.03
451,Exit long,2026-04-03 05:45,short,2062.98,0.9713,1999.867848,3.9,0.20,14.76,0.74,-2.77,-0.14,275.34,0.03
451,Entry long,2026-04-03 03:30,long,2058.96,0.9713,1999.867848,3.9,0.20,14.76,0.74,-2.77,-0.14,275.34,0.03
452,Exit short,2026-04-03 09:30,long,2048.27,0.9694,1999.852812,14.26,0.71,16.83,0.84,-1.9,-0.10,289.6,0.03
452,Entry short,2026-04-03 05:45,short,2062.98,0.9694,1999.852812,14.26,0.71,16.83,0.84,-1.9,-0.10,289.6,0.03
453,Exit long,2026-04-03 10:15,short,2049,0.9764,1999.930828,0.71,0.04,11.19,0.56,-3.59,-0.18,290.32,0.03
453,Entry long,2026-04-03 09:30,long,2048.27,0.9764,1999.930828,0.71,0.04,11.19,0.56,-3.59,-0.18,290.32,0.03
454,Exit short,2026-04-03 13:15,long,2053.82,0.976,1999.824,-4.7,-0.24,8.14,0.41,-8.59,-0.43,285.61,0.03
454,Entry short,2026-04-03 10:15,short,2049,0.976,1999.824,-4.7,-0.24,8.14,0.41,-8.59,-0.43,285.61,0.03
455,Exit long,2026-04-03 17:00,short,2061.89,0.9737,1999.804534,7.86,0.39,20.79,1.04,0,0.00,293.47,0.03
455,Entry long,2026-04-03 13:15,long,2053.82,0.9737,1999.804534,7.86,0.39,20.79,1.04,0,0.00,293.47,0.03
456,Exit short,2026-04-03 20:00,long,2060.91,0.9699,1999.827111,0.95,0.05,8.18,0.41,-2.78,-0.14,294.42,0.03
456,Entry short,2026-04-03 17:00,short,2061.89,0.9699,1999.827111,0.95,0.05,8.18,0.41,-2.78,-0.14,294.42,0.03
457,Exit long,2026-04-03 20:45,short,2049.84,0.9704,1999.907064,-10.74,-0.54,20.23,1.01,-15.36,-0.77,283.68,0.03
457,Entry long,2026-04-03 20:00,long,2060.91,0.9704,1999.907064,-10.74,-0.54,20.23,1.01,-15.36,-0.77,283.68,0.03
458,Exit short,2026-04-03 23:00,long,2056,0.9756,1999.823904,-6.01,-0.30,7.99,0.40,-7.74,-0.39,277.67,0.03
458,Entry short,2026-04-03 20:45,short,2049.84,0.9756,1999.823904,-6.01,-0.30,7.99,0.40,-7.74,-0.39,277.67,0.03
459,Exit long,2026-04-03 23:45,short,2051.26,0.9727,1999.8712,-4.61,-0.23,0.01,0.00,-6.48,-0.32,273.06,0.03
459,Entry long,2026-04-03 23:00,long,2056,0.9727,1999.8712,-4.61,-0.23,0.01,0.00,-6.48,-0.32,273.06,0.03
460,Exit short,2026-04-04 00:30,long,2052.48,0.975,1999.9785,-1.19,-0.06,1.38,0.07,-4.7,-0.23,271.87,0.03
460,Entry short,2026-04-03 23:45,short,2051.26,0.975,1999.9785,-1.19,-0.06,1.38,0.07,-4.7,-0.23,271.87,0.03
461,Exit long,2026-04-04 01:15,short,2047.65,0.9744,1999.936512,-4.71,-0.24,3.96,0.20,-8.48,-0.42,267.16,0.03
461,Entry long,2026-04-04 00:30,long,2052.48,0.9744,1999.936512,-4.71,-0.24,3.96,0.20,-8.48,-0.42,267.16,0.03
462,Exit short,2026-04-04 04:15,long,2052.78,0.9767,1999.939755,-5.01,-0.25,2.38,0.12,-7.18,-0.36,262.15,0.03
462,Entry short,2026-04-04 01:15,short,2047.65,0.9767,1999.939755,-5.01,-0.25,2.38,0.12,-7.18,-0.36,262.15,0.03
463,Exit long,2026-04-04 07:15,short,2050.08,0.9742,1999.818276,-2.63,-0.13,7.93,0.40,-3.45,-0.17,259.52,0.03
463,Entry long,2026-04-04 04:15,long,2052.78,0.9742,1999.818276,-2.63,-0.13,7.93,0.40,-3.45,-0.17,259.52,0.03
464,Exit short,2026-04-04 08:00,long,2052.6,0.9755,1999.85304,-2.46,-0.12,0.83,0.04,-3.92,-0.20,257.06,0.03
464,Entry short,2026-04-04 07:15,short,2050.08,0.9755,1999.85304,-2.46,-0.12,0.83,0.04,-3.92,-0.20,257.06,0.03
465,Exit long,2026-04-04 08:45,short,2052.26,0.9743,1999.84818,-0.33,-0.02,1.23,0.06,-1.07,-0.05,256.73,0.03
465,Entry long,2026-04-04 08:00,long,2052.6,0.9743,1999.84818,-0.33,-0.02,1.23,0.06,-1.07,-0.05,256.73,0.03
466,Exit short,2026-04-04 12:30,long,2051.35,0.9745,1999.92737,0.89,0.04,4.23,0.21,-1.5,-0.08,257.62,0.03
466,Entry short,2026-04-04 08:45,short,2052.26,0.9745,1999.92737,0.89,0.04,4.23,0.21,-1.5,-0.08,257.62,0.03
467,Exit long,2026-04-04 17:00,short,2051.38,0.9749,1999.861115,0.03,0.00,6.48,0.32,-1.47,-0.07,257.65,0.03
467,Entry long,2026-04-04 12:30,long,2051.35,0.9749,1999.861115,0.03,0.00,6.48,0.32,-1.47,-0.07,257.65,0.03
468,Exit short,2026-04-04 19:15,long,2052.15,0.9749,1999.890362,-0.75,-0.04,3.4,0.17,-3.56,-0.18,256.9,0.03
468,Entry short,2026-04-04 17:00,short,2051.38,0.9749,1999.890362,-0.75,-0.04,3.4,0.17,-3.56,-0.18,256.9,0.03
469,Exit long,2026-04-04 20:45,short,2050.15,0.9745,1999.820175,-1.95,-0.10,0.99,0.05,-3.79,-0.19,254.95,0.03
469,Entry long,2026-04-04 19:15,long,2052.15,0.9745,1999.820175,-1.95,-0.10,0.99,0.05,-3.79,-0.19,254.95,0.03
470,Exit short,2026-04-04 21:30,long,2052.86,0.9755,1999.921325,-2.64,-0.13,0.15,0.01,-4.06,-0.20,252.3,0.03
470,Entry short,2026-04-04 20:45,short,2050.15,0.9755,1999.921325,-2.64,-0.13,0.15,0.01,-4.06,-0.20,252.3,0.03
471,Exit long,2026-04-05 02:45,short,2055.15,0.9742,1999.896212,2.23,0.11,9,0.45,-8.02,-0.40,254.53,0.03
471,Entry long,2026-04-04 21:30,long,2052.86,0.9742,1999.896212,2.23,0.11,9,0.45,-8.02,-0.40,254.53,0.03
472,Exit short,2026-04-05 03:30,long,2065.18,0.9731,1999.866465,-9.76,-0.49,0.01,0.00,-28.07,-1.40,244.77,0.02
472,Entry short,2026-04-05 02:45,short,2055.15,0.9731,1999.866465,-9.76,-0.49,0.01,0.00,-28.07,-1.40,244.77,0.02
473,Exit long,2026-04-05 04:15,short,2063.82,0.9684,1999.920312,-1.32,-0.07,2.34,0.12,-5.4,-0.27,243.46,0.02
473,Entry long,2026-04-05 03:30,long,2065.18,0.9684,1999.920312,-1.32,-0.07,2.34,0.12,-5.4,-0.27,243.46,0.02
474,Exit short,2026-04-05 05:00,long,2063.07,0.969,1999.84158,0.73,0.04,1.86,0.09,-0.46,-0.02,244.18,0.02
474,Entry short,2026-04-05 04:15,short,2063.82,0.969,1999.84158,0.73,0.04,1.86,0.09,-0.46,-0.02,244.18,0.02
475,Exit long,2026-04-05 07:15,short,2064.26,0.9694,1999.940058,1.15,0.06,8.8,0.44,-0.01,0.00,245.34,0.02
475,Entry long,2026-04-05 05:00,long,2063.07,0.9694,1999.940058,1.15,0.06,8.8,0.44,-0.01,0.00,245.34,0.02
476,Exit short,2026-04-05 17:45,long,2044.42,0.9688,1999.855088,19.22,0.96,35.37,1.77,-2.54,-0.13,264.56,0.03
476,Entry short,2026-04-05 07:15,short,2064.26,0.9688,1999.855088,19.22,0.96,35.37,1.77,-2.54,-0.13,264.56,0.03
477,Exit long,2026-04-05 20:00,short,2038.94,0.9782,1999.851644,-5.36,-0.27,7.93,0.40,-5.81,-0.29,259.2,0.03
477,Entry long,2026-04-05 17:45,long,2044.42,0.9782,1999.851644,-5.36,-0.27,7.93,0.40,-5.81,-0.29,259.2,0.03
478,Exit short,2026-04-05 22:15,long,2039.95,0.9809,1999.996246,-0.99,-0.05,17.11,0.86,-2.97,-0.15,258.21,0.03
478,Entry short,2026-04-05 20:00,short,2038.94,0.9809,1999.996246,-0.99,-0.05,17.11,0.86,-2.97,-0.15,258.21,0.03
479,Exit long,2026-04-06 04:15,short,2066.02,0.9804,1999.96698,25.56,1.28,29.41,1.47,-5.26,-0.26,283.77,0.03
479,Entry long,2026-04-05 22:15,long,2039.95,0.9804,1999.96698,25.56,1.28,29.41,1.47,-5.26,-0.26,283.77,0.03
480,Exit short,2026-04-06 05:00,long,2061.02,0.968,1999.90736,4.84,0.24,6.69,0.33,-8.8,-0.44,288.61,0.03
480,Entry short,2026-04-06 04:15,short,2066.02,0.968,1999.90736,4.84,0.24,6.69,0.33,-8.8,-0.44,288.61,0.03
481,Exit long,2026-04-06 05:45,short,2060.01,0.9703,1999.807706,-0.98,-0.05,4.39,0.22,-4.16,-0.21,287.63,0.03
481,Entry long,2026-04-06 05:00,long,2061.02,0.9703,1999.807706,-0.98,-0.05,4.39,0.22,-4.16,-0.21,287.63,0.03
482,Exit short,2026-04-06 07:15,long,2108.21,0.9708,1999.857708,-46.79,-2.34,9.72,0.49,-56.39,-2.82,240.83,0.02
482,Entry short,2026-04-06 05:45,short,2060.01,0.9708,1999.857708,-46.79,-2.34,9.72,0.49,-56.39,-2.82,240.83,0.02
483,Exit long,2026-04-06 12:30,short,2132.75,0.9486,1999.848006,23.28,1.16,37.02,1.85,-0.36,-0.02,264.11,0.03
483,Entry long,2026-04-06 07:15,long,2108.21,0.9486,1999.848006,23.28,1.16,37.02,1.85,-0.36,-0.02,264.11,0.03
484,Exit short,2026-04-06 15:30,long,2131.23,0.9377,1999.879675,1.43,0.07,11.92,0.60,-5.86,-0.29,265.54,0.03
484,Entry short,2026-04-06 12:30,short,2132.75,0.9377,1999.879675,1.43,0.07,11.92,0.60,-5.86,-0.29,265.54,0.03
485,Exit long,2026-04-06 21:30,short,2142.13,0.9384,1999.946232,10.23,0.51,40.88,2.04,-0.91,-0.05,275.77,0.03
485,Entry long,2026-04-06 15:30,long,2131.23,0.9384,1999.946232,10.23,0.51,40.88,2.04,-0.91,-0.05,275.77,0.03
486,Exit short,2026-04-06 23:00,long,2167.2,0.9336,1999.892568,-23.41,-1.17,4.08,0.20,-24.43,-1.22,252.36,0.03
486,Entry short,2026-04-06 21:30,short,2142.13,0.9336,1999.892568,-23.41,-1.17,4.08,0.20,-24.43,-1.22,252.36,0.03
487,Exit long,2026-04-07 01:15,short,2134.62,0.9228,1999.89216,-30.06,-1.50,2.21,0.11,-40.23,-2.01,222.3,0.02
487,Entry long,2026-04-06 23:00,long,2167.2,0.9228,1999.89216,-30.06,-1.50,2.21,0.11,-40.23,-2.01,222.3,0.02
488,Exit short,2026-04-07 02:45,long,2144.84,0.9369,1999.925478,-9.58,-0.48,3.21,0.16,-13.01,-0.65,212.72,0.02
488,Entry short,2026-04-07 01:15,short,2134.62,0.9369,1999.925478,-9.58,-0.48,3.21,0.16,-13.01,-0.65,212.72,0.02
489,Exit long,2026-04-07 05:45,short,2139.54,0.9324,1999.848816,-4.94,-0.25,9.53,0.48,-8.3,-0.41,207.78,0.02
489,Entry long,2026-04-07 02:45,long,2144.84,0.9324,1999.848816,-4.94,-0.25,9.53,0.48,-8.3,-0.41,207.78,0.02
490,Exit short,2026-04-07 09:30,long,2110.12,0.9347,1999.828038,27.5,1.38,48.64,2.43,-1.32,-0.07,235.28,0.02
490,Entry short,2026-04-07 05:45,short,2139.54,0.9347,1999.828038,27.5,1.38,48.64,2.43,-1.32,-0.07,235.28,0.02
491,Exit long,2026-04-07 10:15,short,2106.16,0.9478,1999.971736,-3.75,-0.19,0.32,0.02,-15.62,-0.78,231.52,0.02
491,Entry long,2026-04-07 09:30,long,2110.12,0.9478,1999.971736,-3.75,-0.19,0.32,0.02,-15.62,-0.78,231.52,0.02
492,Exit short,2026-04-07 11:00,long,2106.64,0.9495,1999.79892,-0.46,-0.02,3.34,0.17,-5.19,-0.26,231.07,0.02
492,Entry short,2026-04-07 10:15,short,2106.16,0.9495,1999.79892,-0.46,-0.02,3.34,0.17,-5.19,-0.26,231.07,0.02
493,Exit long,2026-04-07 14:00,short,2100.45,0.9493,1999.833352,-5.88,-0.29,11.93,0.60,-7.16,-0.36,225.19,0.02
493,Entry long,2026-04-07 11:00,long,2106.64,0.9493,1999.833352,-5.88,-0.29,11.93,0.60,-7.16,-0.36,225.19,0.02
494,Exit short,2026-04-07 16:15,long,2109.28,0.9521,1999.838445,-8.41,-0.42,3.58,0.18,-12.09,-0.60,216.79,0.02
494,Entry short,2026-04-07 14:00,short,2100.45,0.9521,1999.838445,-8.41,-0.42,3.58,0.18,-12.09,-0.60,216.79,0.02
495,Exit long,2026-04-07 18:30,short,2099.11,0.9481,1999.808368,-9.64,-0.48,23.28,1.16,-11.85,-0.59,207.14,0.02
495,Entry long,2026-04-07 16:15,long,2109.28,0.9481,1999.808368,-9.64,-0.48,23.28,1.16,-11.85,-0.59,207.14,0.02
496,Exit short,2026-04-07 23:45,long,2080.06,0.9527,1999.822097,18.15,0.91,37.03,1.85,-0.8,-0.04,225.29,0.02
496,Entry short,2026-04-07 18:30,short,2099.11,0.9527,1999.822097,18.15,0.91,37.03,1.85,-0.8,-0.04,225.29,0.02
497,Exit long,2026-04-08 11:00,short,2233.39,0.9615,1999.97769,147.43,7.37,186.35,9.32,-2.44,-0.12,372.72,0.04
497,Entry long,2026-04-07 23:45,long,2080.06,0.9615,1999.97769,147.43,7.37,186.35,9.32,-2.44,-0.12,372.72,0.04
498,Exit short,2026-04-08 12:30,long,2248.82,0.8954,1999.777406,-13.82,-0.69,1.24,0.06,-17.11,-0.86,358.9,0.04
498,Entry short,2026-04-08 11:00,short,2233.39,0.8954,1999.777406,-13.82,-0.69,1.24,0.06,-17.11,-0.86,358.9,0.04
499,Exit long,2026-04-08 13:15,short,2244.1,0.8893,1999.875626,-4.2,-0.21,1.46,0.07,-7.82,-0.39,354.71,0.04
499,Entry long,2026-04-08 12:30,long,2248.82,0.8893,1999.875626,-4.2,-0.21,1.46,0.07,-7.82,-0.39,354.71,0.04
500,Exit short,2026-04-08 14:45,long,2246.01,0.8912,1999.94192,-1.7,-0.09,7.67,0.38,-8.7,-0.43,353,0.04
500,Entry short,2026-04-08 13:15,short,2244.1,0.8912,1999.94192,-1.7,-0.09,7.67,0.38,-8.7,-0.43,353,0.04
501,Exit long,2026-04-08 17:45,short,2249.59,0.8904,1999.847304,3.19,0.16,15.44,0.77,-1.23,-0.06,356.19,0.04
501,Entry long,2026-04-08 14:45,long,2246.01,0.8904,1999.847304,3.19,0.16,15.44,0.77,-1.23,-0.06,356.19,0.04
502,Exit short,2026-04-08 20:45,long,2255.88,0.889,1999.88551,-5.59,-0.28,11.09,0.55,-8.66,-0.43,350.6,0.04
502,Entry short,2026-04-08 17:45,short,2249.59,0.889,1999.88551,-5.59,-0.28,11.09,0.55,-8.66,-0.43,350.6,0.04
503,Exit long,2026-04-08 22:15,short,2225.69,0.8865,1999.83762,-26.76,-1.34,13,0.65,-30.4,-1.52,323.84,0.03
503,Entry long,2026-04-08 20:45,long,2255.88,0.8865,1999.83762,-26.76,-1.34,13,0.65,-30.4,-1.52,323.84,0.03
504,Exit short,2026-04-09 00:30,long,2217.02,0.8985,1999.782465,7.79,0.39,35.11,1.76,-1.99,-0.10,331.63,0.03
504,Entry short,2026-04-08 22:15,short,2225.69,0.8985,1999.782465,7.79,0.39,35.11,1.76,-1.99,-0.10,331.63,0.03
505,Exit long,2026-04-09 02:45,short,2201.41,0.9021,1999.973742,-14.08,-0.70,20.28,1.01,-15.97,-0.80,317.54,0.03
505,Entry long,2026-04-09 00:30,long,2217.02,0.9021,1999.973742,-14.08,-0.70,20.28,1.01,-15.97,-0.80,317.54,0.03
506,Exit short,2026-04-09 04:15,long,2214.54,0.9085,1999.980985,-11.93,-0.60,3.37,0.17,-13.85,-0.69,305.62,0.03
506,Entry short,2026-04-09 02:45,short,2201.41,0.9085,1999.980985,-11.93,-0.60,3.37,0.17,-13.85,-0.69,305.62,0.03
507,Exit long,2026-04-09 05:00,short,2214.59,0.9031,1999.951074,0.05,0.00,4.26,0.21,-7.86,-0.39,305.66,0.03
507,Entry long,2026-04-09 04:15,long,2214.54,0.9031,1999.951074,0.05,0.00,4.26,0.21,-7.86,-0.39,305.66,0.03
508,Exit short,2026-04-09 05:45,long,2214.53,0.9031,1999.996229,0.05,0.00,1.46,0.07,-7.19,-0.36,305.71,0.03
508,Entry short,2026-04-09 05:00,short,2214.59,0.9031,1999.996229,0.05,0.00,1.46,0.07,-7.19,-0.36,305.71,0.03
509,Exit long,2026-04-09 06:30,short,2198.01,0.9031,1999.942043,-14.92,-0.75,0.56,0.03,-24.89,-1.24,290.8,0.03
509,Entry long,2026-04-09 05:45,long,2214.53,0.9031,1999.942043,-14.92,-0.75,0.56,0.03,-24.89,-1.24,290.8,0.03
510,Exit short,2026-04-09 11:00,long,2180.84,0.9099,1999.969299,15.62,0.78,32.77,1.64,-1.61,-0.08,306.42,0.03
510,Entry short,2026-04-09 06:30,short,2198.01,0.9099,1999.969299,15.62,0.78,32.77,1.64,-1.61,-0.08,306.42,0.03
511,Exit long,2026-04-09 14:45,short,2181.51,0.917,1999.83028,0.61,0.03,7.47,0.37,-4.81,-0.24,307.03,0.03
511,Entry long,2026-04-09 11:00,long,2180.84,0.917,1999.83028,0.61,0.03,7.47,0.37,-4.81,-0.24,307.03,0.03
512,Exit short,2026-04-09 15:30,long,2182.03,0.9167,1999.790217,-0.48,-0.02,1.01,0.05,-3.91,-0.20,306.56,0.03
512,Entry short,2026-04-09 14:45,short,2181.51,0.9167,1999.790217,-0.48,-0.02,1.01,0.05,-3.91,-0.20,306.56,0.03
513,Exit long,2026-04-09 16:15,short,2180.13,0.9165,1999.830495,-1.74,-0.09,1.76,0.09,-5.19,-0.26,304.82,0.03
513,Entry long,2026-04-09 15:30,long,2182.03,0.9165,1999.830495,-1.74,-0.09,1.76,0.09,-5.19,-0.26,304.82,0.03
514,Exit short,2026-04-09 17:00,long,2183.06,0.9173,1999.833249,-2.69,-0.13,0.38,0.02,-9.71,-0.49,302.13,0.03
514,Entry short,2026-04-09 16:15,short,2180.13,0.9173,1999.833249,-2.69,-0.13,0.38,0.02,-9.71,-0.49,302.13,0.03
515,Exit long,2026-04-09 19:15,short,2180.5,0.9161,1999.901266,-2.35,-0.12,13.41,0.67,-4.35,-0.22,299.78,0.03
515,Entry long,2026-04-09 17:00,long,2183.06,0.9161,1999.901266,-2.35,-0.12,13.41,0.67,-4.35,-0.22,299.78,0.03
516,Exit short,2026-04-09 23:00,long,2185.38,0.9172,1999.9546,-4.48,-0.22,21.27,1.06,-6.07,-0.30,295.31,0.03
516,Entry short,2026-04-09 19:15,short,2180.5,0.9172,1999.9546,-4.48,-0.22,21.27,1.06,-6.07,-0.30,295.31,0.03
517,Exit long,2026-04-10 02:45,short,2206.86,0.9151,1999.841238,19.66,0.98,40.28,2.01,-3.37,-0.17,314.96,0.03
517,Entry long,2026-04-09 23:00,long,2185.38,0.9151,1999.841238,19.66,0.98,40.28,2.01,-3.37,-0.17,314.96,0.03
518,Exit short,2026-04-10 04:15,long,2217.88,0.9062,1999.856532,-9.99,-0.50,2.24,0.11,-16,-0.80,304.98,0.03
518,Entry short,2026-04-10 02:45,short,2206.86,0.9062,1999.856532,-9.99,-0.50,2.24,0.11,-16,-0.80,304.98,0.03
519,Exit long,2026-04-10 05:00,short,2213.85,0.9017,1999.862396,-3.63,-0.18,7.63,0.38,-8.32,-0.42,301.34,0.03
519,Entry long,2026-04-10 04:15,long,2217.88,0.9017,1999.862396,-3.63,-0.18,7.63,0.38,-8.32,-0.42,301.34,0.03
520,Exit short,2026-04-10 05:45,long,2210.78,0.9034,1999.99209,2.77,0.14,5.7,0.29,-3,-0.15,304.12,0.03
520,Entry short,2026-04-10 05:00,short,2213.85,0.9034,1999.99209,2.77,0.14,5.7,0.29,-3,-0.15,304.12,0.03
521,Exit long,2026-04-10 07:15,short,2191.85,0.9046,1999.871588,-17.12,-0.86,31.86,1.59,-24.8,-1.24,286.99,0.03
521,Entry long,2026-04-10 05:45,long,2210.78,0.9046,1999.871588,-17.12,-0.86,31.86,1.59,-24.8,-1.24,286.99,0.03
522,Exit short,2026-04-10 10:15,long,2196.2,0.9124,1999.84394,-3.97,-0.20,14.37,0.72,-11.18,-0.56,283.02,0.03
522,Entry short,2026-04-10 07:15,short,2191.85,0.9124,1999.84394,-3.97,-0.20,14.37,0.72,-11.18,-0.56,283.02,0.03
523,Exit long,2026-04-10 11:00,short,2186.96,0.9106,1999.85972,-8.41,-0.42,1.16,0.06,-8.8,-0.44,274.61,0.03
523,Entry long,2026-04-10 10:15,long,2196.2,0.9106,1999.85972,-8.41,-0.42,1.16,0.06,-8.8,-0.44,274.61,0.03
524,Exit short,2026-04-10 12:30,long,2190.4,0.9145,1999.97492,-3.15,-0.16,3.91,0.20,-5.12,-0.26,271.46,0.03
524,Entry short,2026-04-10 11:00,short,2186.96,0.9145,1999.97492,-3.15,-0.16,3.91,0.20,-5.12,-0.26,271.46,0.03
525,Exit long,2026-04-10 14:45,short,2186.2,0.913,1999.8352,-3.83,-0.19,11.6,0.58,-5.84,-0.29,267.63,0.03
525,Entry long,2026-04-10 12:30,long,2190.4,0.913,1999.8352,-3.83,-0.19,11.6,0.58,-5.84,-0.29,267.63,0.03
526,Exit short,2026-04-10 17:00,long,2188.09,0.9148,1999.93576,-1.73,-0.09,8.97,0.45,-3.58,-0.18,265.9,0.03
526,Entry short,2026-04-10 14:45,short,2186.2,0.9148,1999.93576,-1.73,-0.09,8.97,0.45,-3.58,-0.18,265.9,0.03
527,Exit long,2026-04-10 23:45,short,2224.27,0.914,1999.91426,33.07,1.65,63.89,3.19,0,0.00,298.97,0.03
527,Entry long,2026-04-10 17:00,long,2188.09,0.914,1999.91426,33.07,1.65,63.89,3.19,0,0.00,298.97,0.03
528,Exit short,2026-04-11 00:30,long,2236.99,0.8991,1999.841157,-11.44,-0.57,2.53,0.13,-17.91,-0.90,287.53,0.03
528,Entry short,2026-04-10 23:45,short,2224.27,0.8991,1999.841157,-11.44,-0.57,2.53,0.13,-17.91,-0.90,287.53,0.03
529,Exit long,2026-04-11 05:45,short,2254.87,0.894,1999.86906,15.98,0.80,18.01,0.90,0,0.00,303.52,0.03
529,Entry long,2026-04-11 00:30,long,2236.99,0.894,1999.86906,15.98,0.80,18.01,0.90,0,0.00,303.52,0.03
530,Exit short,2026-04-11 10:15,long,2249.18,0.8869,1999.844203,5.05,0.25,17.79,0.89,-0.55,-0.03,308.56,0.03
530,Entry short,2026-04-11 05:45,short,2254.87,0.8869,1999.844203,5.05,0.25,17.79,0.89,-0.55,-0.03,308.56,0.03
531,Exit long,2026-04-11 12:30,short,2240.3,0.8892,1999.970856,-7.9,-0.39,2.64,0.13,-12.21,-0.61,300.67,0.03
531,Entry long,2026-04-11 10:15,long,2249.18,0.8892,1999.970856,-7.9,-0.39,2.64,0.13,-12.21,-0.61,300.67,0.03
532,Exit short,2026-04-11 15:30,long,2232.26,0.8927,1999.91581,7.18,0.36,10.09,0.50,-1.26,-0.06,307.84,0.03
532,Entry short,2026-04-11 12:30,short,2240.3,0.8927,1999.91581,7.18,0.36,10.09,0.50,-1.26,-0.06,307.84,0.03
533,Exit long,2026-04-11 16:15,short,2234,0.8959,1999.881734,1.56,0.08,2.84,0.14,-1.51,-0.08,309.4,0.03
533,Entry long,2026-04-11 15:30,long,2232.26,0.8959,1999.881734,1.56,0.08,2.84,0.14,-1.51,-0.08,309.4,0.03
534,Exit short,2026-04-11 17:45,long,2243.83,0.8952,1999.8768,-8.8,-0.44,1.67,0.08,-13.71,-0.69,300.6,0.03
534,Entry short,2026-04-11 16:15,short,2234,0.8952,1999.8768,-8.8,-0.44,1.67,0.08,-13.71,-0.69,300.6,0.03
535,Exit long,2026-04-11 21:30,short,2240.02,0.8913,1999.925679,-3.4,-0.17,2.83,0.14,-9.01,-0.45,297.21,0.03
535,Entry long,2026-04-11 17:45,long,2243.83,0.8913,1999.925679,-3.4,-0.17,2.83,0.14,-9.01,-0.45,297.21,0.03
536,Exit short,2026-04-11 22:15,long,2241.11,0.8928,1999.889856,-0.97,-0.05,1.46,0.07,-3.64,-0.18,296.23,0.03
536,Entry short,2026-04-11 21:30,short,2240.02,0.8928,1999.889856,-0.97,-0.05,1.46,0.07,-3.64,-0.18,296.23,0.03
537,Exit long,2026-04-12 05:00,short,2303.09,0.8924,1999.966564,55.31,2.77,79.26,3.96,-2.4,-0.12,351.54,0.04
537,Entry long,2026-04-11 22:15,long,2241.11,0.8924,1999.966564,55.31,2.77,79.26,3.96,-2.4,-0.12,351.54,0.04
538,Exit short,2026-04-12 06:30,long,2296.81,0.8683,1999.773047,5.45,0.27,12.21,0.61,-4.26,-0.21,357,0.04
538,Entry short,2026-04-12 05:00,short,2303.09,0.8683,1999.773047,5.45,0.27,12.21,0.61,-4.26,-0.21,357,0.04
539,Exit long,2026-04-12 07:15,short,2287.44,0.8707,1999.832467,-8.16,-0.41,0.6,0.03,-17.71,-0.89,348.84,0.03
539,Entry long,2026-04-12 06:30,long,2296.81,0.8707,1999.832467,-8.16,-0.41,0.6,0.03,-17.71,-0.89,348.84,0.03
540,Exit short,2026-04-12 14:00,long,2220.5,0.8743,1999.908792,58.53,2.93,70.28,3.51,-1.79,-0.09,407.36,0.04
540,Entry short,2026-04-12 07:15,short,2287.44,0.8743,1999.908792,58.53,2.93,70.28,3.51,-1.79,-0.09,407.36,0.04
541,Exit long,2026-04-12 19:15,short,2205.92,0.9006,1999.7823,-13.13,-0.66,0.16,0.01,-23.58,-1.18,394.23,0.04
541,Entry long,2026-04-12 14:00,long,2220.5,0.9006,1999.7823,-13.13,-0.66,0.16,0.01,-23.58,-1.18,394.23,0.04
542,Exit short,2026-04-13 00:30,long,2185.71,0.9066,1999.887072,18.32,0.92,28.03,1.40,-2.09,-0.10,412.56,0.04
542,Entry short,2026-04-12 19:15,short,2205.92,0.9066,1999.887072,18.32,0.92,28.03,1.40,-2.09,-0.10,412.56,0.04
543,Exit long,2026-04-13 04:15,short,2197.73,0.915,1999.92465,11,0.55,19.69,0.98,-1.17,-0.06,423.55,0.04
543,Entry long,2026-04-13 00:30,long,2185.71,0.915,1999.92465,11,0.55,19.69,0.98,-1.17,-0.06,423.55,0.04
544,Exit short,2026-04-13 05:00,long,2207.89,0.91,1999.9343,-9.25,-0.46,0.15,0.01,-18.56,-0.93,414.31,0.04
544,Entry short,2026-04-13 04:15,short,2197.73,0.91,1999.9343,-9.25,-0.46,0.15,0.01,-18.56,-0.93,414.31,0.04
545,Exit long,2026-04-13 06:30,short,2196.78,0.9058,1999.906762,-10.06,-0.50,4.08,0.20,-21.65,-1.08,404.25,0.04
545,Entry long,2026-04-13 05:00,long,2207.89,0.9058,1999.906762,-10.06,-0.50,4.08,0.20,-21.65,-1.08,404.25,0.04
546,Exit short,2026-04-13 08:45,long,2205.18,0.9104,1999.948512,-7.65,-0.38,9.5,0.47,-10.51,-0.53,396.6,0.04
546,Entry short,2026-04-13 06:30,short,2196.78,0.9104,1999.948512,-7.65,-0.38,9.5,0.47,-10.51,-0.53,396.6,0.04
547,Exit long,2026-04-13 10:15,short,2201.56,0.9069,1999.877742,-3.28,-0.16,3.51,0.18,-11.51,-0.58,393.32,0.04
547,Entry long,2026-04-13 08:45,long,2205.18,0.9069,1999.877742,-3.28,-0.16,3.51,0.18,-11.51,-0.58,393.32,0.04
548,Exit short,2026-04-13 12:30,long,2196.27,0.9084,1999.897104,4.81,0.24,10.41,0.52,-1.98,-0.10,398.12,0.04
548,Entry short,2026-04-13 10:15,short,2201.56,0.9084,1999.897104,4.81,0.24,10.41,0.52,-1.98,-0.10,398.12,0.04
549,Exit long,2026-04-13 13:15,short,2188.79,0.9106,1999.923462,-6.81,-0.34,0,0.00,-10.83,-0.54,391.31,0.04
549,Entry long,2026-04-13 12:30,long,2196.27,0.9106,1999.923462,-6.81,-0.34,0,0.00,-10.83,-0.54,391.31,0.04
550,Exit short,2026-04-13 14:45,long,2198.49,0.9137,1999.897423,-8.86,-0.44,6,0.30,-11.57,-0.58,382.45,0.04
550,Entry short,2026-04-13 13:15,short,2188.79,0.9137,1999.897423,-8.86,-0.44,6,0.30,-11.57,-0.58,382.45,0.04
551,Exit long,2026-04-13 15:30,short,2186.67,0.9097,1999.966353,-10.75,-0.54,1.16,0.06,-13.99,-0.70,371.69,0.04
551,Entry long,2026-04-13 14:45,long,2198.49,0.9097,1999.966353,-10.75,-0.54,1.16,0.06,-13.99,-0.70,371.69,0.04
552,Exit short,2026-04-13 17:45,long,2188.08,0.9146,1999.928382,-1.29,-0.06,6.1,0.31,-7.93,-0.40,370.4,0.04
552,Entry short,2026-04-13 15:30,short,2186.67,0.9146,1999.928382,-1.29,-0.06,6.1,0.31,-7.93,-0.40,370.4,0.04
553,Exit long,2026-04-13 18:30,short,2183.52,0.914,1999.90512,-4.17,-0.21,0.64,0.03,-8.3,-0.41,366.24,0.04
553,Entry long,2026-04-13 17:45,long,2188.08,0.914,1999.90512,-4.17,-0.21,0.64,0.03,-8.3,-0.41,366.24,0.04
554,Exit short,2026-04-13 19:15,long,2186.55,0.9159,1999.885968,-2.78,-0.14,2.17,0.11,-3.73,-0.19,363.46,0.04
554,Entry short,2026-04-13 18:30,short,2183.52,0.9159,1999.885968,-2.78,-0.14,2.17,0.11,-3.73,-0.19,363.46,0.04
555,Exit long,2026-04-13 20:45,short,2192.25,0.9146,1999.81863,5.21,0.26,12.3,0.62,-9.94,-0.50,368.67,0.04
555,Entry long,2026-04-13 19:15,long,2186.55,0.9146,1999.81863,5.21,0.26,12.3,0.62,-9.94,-0.50,368.67,0.04
556,Exit short,2026-04-13 21:30,long,2187.84,0.9123,1999.989675,4.02,0.20,9.9,0.49,-8.99,-0.45,372.7,0.04
556,Entry short,2026-04-13 20:45,short,2192.25,0.9123,1999.989675,4.02,0.20,9.9,0.49,-8.99,-0.45,372.7,0.04
557,Exit long,2026-04-13 23:45,short,2209.28,0.9141,1999.904544,19.6,0.98,44.42,2.22,-4.52,-0.23,392.3,0.04
557,Entry long,2026-04-13 21:30,long,2187.84,0.9141,1999.904544,19.6,0.98,44.42,2.22,-4.52,-0.23,392.3,0.04
558,Exit short,2026-04-14 00:30,long,2227.96,0.9052,1999.840256,-16.91,-0.85,8.4,0.42,-22.03,-1.10,375.39,0.04
558,Entry short,2026-04-13 23:45,short,2209.28,0.9052,1999.840256,-16.91,-0.85,8.4,0.42,-22.03,-1.10,375.39,0.04
559,Exit long,2026-04-14 11:00,short,2366.75,0.8976,1999.816896,124.58,6.23,149.67,7.48,-8.46,-0.42,499.96,0.05
559,Entry long,2026-04-14 00:30,long,2227.96,0.8976,1999.816896,124.58,6.23,149.67,7.48,-8.46,-0.42,499.96,0.05
560,Exit short,2026-04-14 14:45,long,2373.08,0.845,1999.90375,-5.35,-0.27,10.13,0.51,-8.39,-0.42,494.62,0.05
560,Entry short,2026-04-14 11:00,short,2366.75,0.845,1999.90375,-5.35,-0.27,10.13,0.51,-8.39,-0.42,494.62,0.05
561,Exit long,2026-04-14 18:30,short,2375.59,0.8427,1999.794516,2.12,0.11,19.34,0.97,-2.1,-0.10,496.73,0.05
561,Entry long,2026-04-14 14:45,long,2373.08,0.8427,1999.794516,2.12,0.11,19.34,0.97,-2.1,-0.10,496.73,0.05
562,Exit short,2026-04-14 22:15,long,2392.26,0.8418,1999.771662,-14.03,-0.70,6.72,0.34,-17.16,-0.86,482.7,0.05
562,Entry short,2026-04-14 18:30,short,2375.59,0.8418,1999.771662,-14.03,-0.70,6.72,0.34,-17.16,-0.86,482.7,0.05
563,Exit long,2026-04-14 23:00,short,2342.19,0.836,1999.92936,-41.86,-2.09,19.43,0.97,-49.78,-2.49,440.84,0.04
563,Entry long,2026-04-14 22:15,long,2392.26,0.836,1999.92936,-41.86,-2.09,19.43,0.97,-49.78,-2.49,440.84,0.04
564,Exit short,2026-04-15 05:45,long,2323.72,0.8539,1999.996041,15.77,0.79,33.55,1.68,-25.56,-1.28,456.61,0.05
564,Entry short,2026-04-14 23:00,short,2342.19,0.8539,1999.996041,15.77,0.79,33.55,1.68,-25.56,-1.28,456.61,0.05
565,Exit long,2026-04-15 06:30,short,2312.49,0.8606,1999.793432,-9.66,-0.48,7.43,0.37,-10.3,-0.52,446.95,0.04
565,Entry long,2026-04-15 05:45,long,2323.72,0.8606,1999.793432,-9.66,-0.48,7.43,0.37,-10.3,-0.52,446.95,0.04
566,Exit short,2026-04-15 07:15,long,2319.44,0.8648,1999.841352,-6.01,-0.30,0.41,0.02,-8.5,-0.43,440.94,0.04
566,Entry short,2026-04-15 06:30,short,2312.49,0.8648,1999.841352,-6.01,-0.30,0.41,0.02,-8.5,-0.43,440.94,0.04
567,Exit long,2026-04-15 11:00,short,2322.94,0.8622,1999.821168,3.02,0.15,20.11,1.01,-1.62,-0.08,443.95,0.04
567,Entry long,2026-04-15 07:15,long,2319.44,0.8622,1999.821168,3.02,0.15,20.11,1.01,-1.62,-0.08,443.95,0.04
568,Exit short,2026-04-15 12:30,long,2331.29,0.8609,1999.819046,-7.19,-0.36,2.04,0.10,-10.01,-0.50,436.77,0.04
568,Entry short,2026-04-15 11:00,short,2322.94,0.8609,1999.819046,-7.19,-0.36,2.04,0.10,-10.01,-0.50,436.77,0.04
569,Exit long,2026-04-15 14:00,short,2317.75,0.8578,1999.780562,-11.61,-0.58,5.95,0.30,-14.83,-0.74,425.15,0.04
569,Entry long,2026-04-15 12:30,long,2331.29,0.8578,1999.780562,-11.61,-0.58,5.95,0.30,-14.83,-0.74,425.15,0.04
570,Exit short,2026-04-15 16:15,long,2324.01,0.8629,1999.986475,-5.4,-0.27,7.98,0.40,-5.8,-0.29,419.75,0.04
570,Entry short,2026-04-15 14:00,short,2317.75,0.8629,1999.986475,-5.4,-0.27,7.98,0.40,-5.8,-0.29,419.75,0.04
571,Exit long,2026-04-15 17:45,short,2319.95,0.8605,1999.810605,-3.49,-0.17,7.74,0.39,-4.77,-0.24,416.26,0.04
571,Entry long,2026-04-15 16:15,long,2324.01,0.8605,1999.810605,-3.49,-0.17,7.74,0.39,-4.77,-0.24,416.26,0.04
572,Exit short,2026-04-15 19:15,long,2325.01,0.862,1999.7969,-4.36,-0.22,6.72,0.34,-9.74,-0.49,411.89,0.04
572,Entry short,2026-04-15 17:45,short,2319.95,0.862,1999.7969,-4.36,-0.22,6.72,0.34,-9.74,-0.49,411.89,0.04
573,Exit long,2026-04-15 23:45,short,2332.04,0.8602,1999.973602,6.05,0.30,21.03,1.05,-6.43,-0.32,417.94,0.04
573,Entry long,2026-04-15 19:15,long,2325.01,0.8602,1999.973602,6.05,0.30,21.03,1.05,-6.43,-0.32,417.94,0.04
574,Exit short,2026-04-16 00:30,long,2338.17,0.8576,1999.957504,-5.26,-0.26,2.52,0.13,-15.29,-0.76,412.68,0.04
574,Entry short,2026-04-15 23:45,short,2332.04,0.8576,1999.957504,-5.26,-0.26,2.52,0.13,-15.29,-0.76,412.68,0.04
575,Exit long,2026-04-16 05:45,short,2361.3,0.8553,1999.836801,19.78,0.99,40.58,2.03,-2.58,-0.13,432.47,0.04
575,Entry long,2026-04-16 00:30,long,2338.17,0.8553,1999.836801,19.78,0.99,40.58,2.03,-2.58,-0.13,432.47,0.04
576,Exit short,2026-04-16 06:30,long,2369.36,0.8469,1999.78497,-6.83,-0.34,0.82,0.04,-16.22,-0.81,425.64,0.04
576,Entry short,2026-04-16 05:45,short,2361.3,0.8469,1999.78497,-6.83,-0.34,0.82,0.04,-16.22,-0.81,425.64,0.04
577,Exit long,2026-04-16 07:15,short,2355.84,0.8441,1999.976776,-11.41,-0.57,3.55,0.18,-16.68,-0.83,414.23,0.04
577,Entry long,2026-04-16 06:30,long,2369.36,0.8441,1999.976776,-11.41,-0.57,3.55,0.18,-16.68,-0.83,414.23,0.04
578,Exit short,2026-04-16 11:00,long,2358,0.8489,1999.872576,-1.83,-0.09,9.17,0.46,-11.67,-0.58,412.4,0.04
578,Entry short,2026-04-16 07:15,short,2355.84,0.8489,1999.872576,-1.83,-0.09,9.17,0.46,-11.67,-0.58,412.4,0.04
579,Exit long,2026-04-16 13:15,short,2357.36,0.8481,1999.8198,-0.54,-0.03,6.68,0.33,-8.16,-0.41,411.85,0.04
579,Entry long,2026-04-16 11:00,long,2358,0.8481,1999.8198,-0.54,-0.03,6.68,0.33,-8.16,-0.41,411.85,0.04
580,Exit short,2026-04-16 14:00,long,2356.62,0.8484,1999.984224,0.63,0.03,1.7,0.08,-3.76,-0.19,412.48,0.04
580,Entry short,2026-04-16 13:15,short,2357.36,0.8484,1999.984224,0.63,0.03,1.7,0.08,-3.76,-0.19,412.48,0.04
581,Exit long,2026-04-16 14:45,short,2356.01,0.8486,1999.827732,-0.52,-0.03,1.88,0.09,-5.81,-0.29,411.96,0.04
581,Entry long,2026-04-16 14:00,long,2356.62,0.8486,1999.827732,-0.52,-0.03,1.88,0.09,-5.81,-0.29,411.96,0.04
582,Exit short,2026-04-16 20:00,long,2344.21,0.8488,1999.781288,10.02,0.50,23.23,1.16,-1.32,-0.07,421.98,0.04
582,Entry short,2026-04-16 14:45,short,2356.01,0.8488,1999.781288,10.02,0.50,23.23,1.16,-1.32,-0.07,421.98,0.04
583,Exit long,2026-04-16 22:15,short,2294.97,0.8531,1999.845551,-42.01,-2.10,6.48,0.32,-50.43,-2.52,379.97,0.04
583,Entry long,2026-04-16 20:00,long,2344.21,0.8531,1999.845551,-42.01,-2.10,6.48,0.32,-50.43,-2.52,379.97,0.04
584,Exit short,2026-04-16 23:45,long,2339.01,0.8714,1999.836858,-38.38,-1.92,0.85,0.04,-47.81,-2.39,341.6,0.03
584,Entry short,2026-04-16 22:15,short,2294.97,0.8714,1999.836858,-38.38,-1.92,0.85,0.04,-47.81,-2.39,341.6,0.03
585,Exit long,2026-04-17 01:15,short,2324.64,0.855,1999.85355,-12.29,-0.61,8.28,0.41,-24.84,-1.24,329.31,0.03
585,Entry long,2026-04-16 23:45,long,2339.01,0.855,1999.85355,-12.29,-0.61,8.28,0.41,-24.84,-1.24,329.31,0.03
586,Exit short,2026-04-17 02:00,long,2327.48,0.8603,1999.887792,-2.44,-0.12,5.49,0.27,-8.63,-0.43,326.87,0.03
586,Entry short,2026-04-17 01:15,short,2324.64,0.8603,1999.887792,-2.44,-0.12,5.49,0.27,-8.63,-0.43,326.87,0.03
587,Exit long,2026-04-17 05:45,short,2341.17,0.8592,1999.770816,11.76,0.59,31.96,1.60,-4.18,-0.21,338.63,0.03
587,Entry long,2026-04-17 02:00,long,2327.48,0.8592,1999.770816,11.76,0.59,31.96,1.60,-4.18,-0.21,338.63,0.03
588,Exit short,2026-04-17 08:00,long,2343.01,0.8542,1999.827414,-1.57,-0.08,1.6,0.08,-11.81,-0.59,337.06,0.03
588,Entry short,2026-04-17 05:45,short,2341.17,0.8542,1999.827414,-1.57,-0.08,1.6,0.08,-11.81,-0.59,337.06,0.03
589,Exit long,2026-04-17 08:45,short,2344.4,0.8536,1999.993336,1.19,0.06,6.38,0.32,-1.72,-0.09,338.24,0.03
589,Entry long,2026-04-17 08:00,long,2343.01,0.8536,1999.993336,1.19,0.06,6.38,0.32,-1.72,-0.09,338.24,0.03
590,Exit short,2026-04-17 14:45,long,2331.09,0.853,1999.7732,11.35,0.57,23.01,1.15,-3.92,-0.20,349.6,0.03
590,Entry short,2026-04-17 08:45,short,2344.4,0.853,1999.7732,11.35,0.57,23.01,1.15,-3.92,-0.20,349.6,0.03
591,Exit long,2026-04-17 18:30,short,2339.06,0.8579,1999.842111,6.84,0.34,39.39,1.97,-0.86,-0.04,356.43,0.04
591,Entry long,2026-04-17 14:45,long,2331.09,0.8579,1999.842111,6.84,0.34,39.39,1.97,-0.86,-0.04,356.43,0.04
592,Exit short,2026-04-17 19:15,long,2352.14,0.855,1999.8963,-11.18,-0.56,2.23,0.11,-12.94,-0.65,345.25,0.03
592,Entry short,2026-04-17 18:30,short,2339.06,0.855,1999.8963,-11.18,-0.56,2.23,0.11,-12.94,-0.65,345.25,0.03
593,Exit long,2026-04-18 01:15,short,2428.43,0.8502,1999.789428,64.86,3.24,95.88,4.79,-2.93,-0.15,410.11,0.04
593,Entry long,2026-04-17 19:15,long,2352.14,0.8502,1999.789428,64.86,3.24,95.88,4.79,-2.93,-0.15,410.11,0.04
594,Exit short,2026-04-18 06:30,long,2436.83,0.8235,1999.812105,-6.92,-0.35,10.72,0.54,-13.51,-0.68,403.19,0.04
594,Entry short,2026-04-18 01:15,short,2428.43,0.8235,1999.812105,-6.92,-0.35,10.72,0.54,-13.51,-0.68,403.19,0.04
595,Exit long,2026-04-18 07:15,short,2421.57,0.8207,1999.906381,-12.52,-0.63,2.13,0.11,-17.53,-0.88,390.67,0.04
595,Entry long,2026-04-18 06:30,long,2436.83,0.8207,1999.906381,-12.52,-0.63,2.13,0.11,-17.53,-0.88,390.67,0.04
596,Exit short,2026-04-18 09:30,long,2420.01,0.8259,1999.974663,1.29,0.06,9.51,0.48,-5.01,-0.25,391.96,0.04
596,Entry short,2026-04-18 07:15,short,2421.57,0.8259,1999.974663,1.29,0.06,9.51,0.48,-5.01,-0.25,391.96,0.04
597,Exit long,2026-04-18 10:15,short,2421.99,0.8264,1999.896264,1.64,0.08,4,0.20,-2.63,-0.13,393.6,0.04
597,Entry long,2026-04-18 09:30,long,2420.01,0.8264,1999.896264,1.64,0.08,4,0.20,-2.63,-0.13,393.6,0.04
598,Exit short,2026-04-18 13:15,long,2408.97,0.8257,1999.837143,10.75,0.54,18.55,0.93,-0.9,-0.05,404.35,0.04
598,Entry short,2026-04-18 10:15,short,2421.99,0.8257,1999.837143,10.75,0.54,18.55,0.93,-0.9,-0.05,404.35,0.04
599,Exit long,2026-04-18 14:00,short,2409.41,0.8302,1999.926894,0.37,0.02,1.57,0.08,-2.61,-0.13,404.71,0.04
599,Entry long,2026-04-18 13:15,long,2408.97,0.8302,1999.926894,0.37,0.02,1.57,0.08,-2.61,-0.13,404.71,0.04
600,Exit short,2026-04-18 14:45,long,2410,0.83,1999.8103,-0.49,-0.02,3.23,0.16,-2.04,-0.10,404.22,0.04
600,Entry short,2026-04-18 14:00,short,2409.41,0.83,1999.8103,-0.49,-0.02,3.23,0.16,-2.04,-0.10,404.22,0.04
601,Exit long,2026-04-18 15:30,short,2405.34,0.8298,1999.818,-3.87,-0.19,0.93,0.05,-5.68,-0.28,400.36,0.04
601,Entry long,2026-04-18 14:45,long,2410,0.8298,1999.818,-3.87,-0.19,0.93,0.05,-5.68,-0.28,400.36,0.04
602,Exit short,2026-04-18 22:15,long,2356.16,0.8314,1999.799676,40.89,2.04,51.46,2.57,-0.07,0.00,441.24,0.04
602,Entry short,2026-04-18 15:30,short,2405.34,0.8314,1999.799676,40.89,2.04,51.46,2.57,-0.07,0.00,441.24,0.04
603,Exit long,2026-04-19 01:15,short,2361.85,0.8488,1999.908608,4.83,0.24,16.11,0.81,-0.98,-0.05,446.07,0.04
603,Entry long,2026-04-18 22:15,long,2356.16,0.8488,1999.908608,4.83,0.24,16.11,0.81,-0.98,-0.05,446.07,0.04
604,Exit short,2026-04-19 02:00,long,2361.21,0.8467,1999.778395,0.54,0.03,4.41,0.22,-2.56,-0.13,446.61,0.04
604,Entry short,2026-04-19 01:15,short,2361.85,0.8467,1999.778395,0.54,0.03,4.41,0.22,-2.56,-0.13,446.61,0.04
605,Exit long,2026-04-19 02:45,short,2347.44,0.847,1999.94487,-11.66,-0.58,0,0.00,-18.03,-0.90,434.95,0.04
605,Entry long,2026-04-19 02:00,long,2361.21,0.847,1999.94487,-11.66,-0.58,0,0.00,-18.03,-0.90,434.95,0.04
606,Exit short,2026-04-19 05:00,long,2352.58,0.8519,1999.784136,-4.38,-0.22,2.11,0.11,-7.31,-0.37,430.57,0.04
606,Entry short,2026-04-19 02:45,short,2347.44,0.8519,1999.784136,-4.38,-0.22,2.11,0.11,-7.31,-0.37,430.57,0.04
607,Exit long,2026-04-19 08:00,short,2352,0.8501,1999.928258,-0.49,-0.02,5.88,0.29,-4.11,-0.21,430.08,0.04
607,Entry long,2026-04-19 05:00,long,2352.58,0.8501,1999.928258,-0.49,-0.02,5.88,0.29,-4.11,-0.21,430.08,0.04
608,Exit short,2026-04-19 17:00,long,2317.56,0.8503,1999.9056,29.28,1.46,44.22,2.21,-0.85,-0.04,459.36,0.05
608,Entry short,2026-04-19 08:00,short,2352,0.8503,1999.9056,29.28,1.46,44.22,2.21,-0.85,-0.04,459.36,0.05
609,Exit long,2026-04-19 17:45,short,2310.24,0.8629,1999.822524,-6.32,-0.32,0.32,0.02,-9.61,-0.48,453.05,0.05
609,Entry long,2026-04-19 17:00,long,2317.56,0.8629,1999.822524,-6.32,-0.32,0.32,0.02,-9.61,-0.48,453.05,0.05
610,Exit short,2026-04-19 19:15,long,2325.85,0.8657,1999.974768,-13.51,-0.68,3.04,0.15,-18.08,-0.90,439.53,0.04
610,Entry short,2026-04-19 17:45,short,2310.24,0.8657,1999.974768,-13.51,-0.68,3.04,0.15,-18.08,-0.90,439.53,0.04
611,Exit long,2026-04-19 23:45,short,2330.8,0.8599,1999.998415,4.26,0.21,20.97,1.05,-9.08,-0.45,443.79,0.04
611,Entry long,2026-04-19 19:15,long,2325.85,0.8599,1999.998415,4.26,0.21,20.97,1.05,-9.08,-0.45,443.79,0.04
612,Exit short,2026-04-20 08:45,long,2280.01,0.858,1999.8264,43.58,2.18,66.99,3.35,-0.46,-0.02,487.37,0.05
612,Entry short,2026-04-19 23:45,short,2330.8,0.858,1999.8264,43.58,2.18,66.99,3.35,-0.46,-0.02,487.37,0.05
613,Exit long,2026-04-20 13:15,short,2266.02,0.8771,1999.796771,-12.27,-0.61,12.53,0.63,-13.6,-0.68,475.1,0.05
613,Entry long,2026-04-20 08:45,long,2280.01,0.8771,1999.796771,-12.27,-0.61,12.53,0.63,-13.6,-0.68,475.1,0.05
614,Exit short,2026-04-20 14:45,long,2286.17,0.8826,1999.989252,-17.78,-0.89,2.51,0.13,-20.28,-1.01,457.31,0.05
614,Entry short,2026-04-20 13:15,short,2266.02,0.8826,1999.989252,-17.78,-0.89,2.51,0.13,-20.28,-1.01,457.31,0.05
615,Exit long,2026-04-20 17:00,short,2303.31,0.8748,1999.941516,14.99,0.75,40.86,2.04,-2.76,-0.14,472.31,0.05
615,Entry long,2026-04-20 14:45,long,2286.17,0.8748,1999.941516,14.99,0.75,40.86,2.04,-2.76,-0.14,472.31,0.05
616,Exit short,2026-04-20 17:45,long,2309.06,0.8683,1999.964073,-4.99,-0.25,1.2,0.06,-8.97,-0.45,467.31,0.05
616,Entry short,2026-04-20 17:00,short,2303.31,0.8683,1999.964073,-4.99,-0.25,1.2,0.06,-8.97,-0.45,467.31,0.05
617,Exit long,2026-04-20 19:15,short,2306.19,0.8661,1999.876866,-2.49,-0.12,9.48,0.47,-7.85,-0.39,464.83,0.05
617,Entry long,2026-04-20 17:45,long,2309.06,0.8661,1999.876866,-2.49,-0.12,9.48,0.47,-7.85,-0.39,464.83,0.05
618,Exit short,2026-04-20 20:45,long,2318.88,0.8672,1999.927968,-11,-0.55,3.37,0.17,-14.59,-0.73,453.82,0.05
618,Entry short,2026-04-20 19:15,short,2306.19,0.8672,1999.927968,-11,-0.55,3.37,0.17,-14.59,-0.73,453.82,0.05
619,Exit long,2026-04-20 22:15,short,2310.82,0.8624,1999.802112,-6.95,-0.35,6.45,0.32,-19.21,-0.96,446.87,0.04
619,Entry long,2026-04-20 20:45,long,2318.88,0.8624,1999.802112,-6.95,-0.35,6.45,0.32,-19.21,-0.96,446.87,0.04
620,Exit short,2026-04-20 23:45,long,2313.91,0.8654,1999.783628,-2.67,-0.13,28.07,1.40,-7.08,-0.35,444.2,0.04
620,Entry short,2026-04-20 22:15,short,2310.82,0.8654,1999.783628,-2.67,-0.13,28.07,1.40,-7.08,-0.35,444.2,0.04
621,Exit long,2026-04-21 00:30,short,2306.7,0.8643,1999.912413,-6.23,-0.31,0.95,0.05,-12.02,-0.60,437.97,0.04
621,Entry long,2026-04-20 23:45,long,2313.91,0.8643,1999.912413,-6.23,-0.31,0.95,0.05,-12.02,-0.60,437.97,0.04
622,Exit short,2026-04-21 01:15,long,2314.4,0.867,1999.9089,-6.68,-0.33,7.57,0.38,-13.61,-0.68,431.29,0.04
622,Entry short,2026-04-21 00:30,short,2306.7,0.867,1999.9089,-6.68,-0.33,7.57,0.38,-13.61,-0.68,431.29,0.04
623,Exit long,2026-04-21 05:45,short,2321.65,0.8641,1999.87304,6.26,0.31,27.98,1.40,-5.58,-0.28,437.56,0.04
623,Entry long,2026-04-21 01:15,long,2314.4,0.8641,1999.87304,6.26,0.31,27.98,1.40,-5.58,-0.28,437.56,0.04
624,Exit short,2026-04-21 09:30,long,2321.99,0.8614,1999.86931,-0.29,-0.01,11.98,0.60,-5.92,-0.30,437.26,0.04
624,Entry short,2026-04-21 05:45,short,2321.65,0.8614,1999.86931,-0.29,-0.01,11.98,0.60,-5.92,-0.30,437.26,0.04
625,Exit long,2026-04-21 10:15,short,2310.01,0.8613,1999.929987,-10.32,-0.52,0.01,0.00,-13.38,-0.67,426.95,0.04
625,Entry long,2026-04-21 09:30,long,2321.99,0.8613,1999.929987,-10.32,-0.52,0.01,0.00,-13.38,-0.67,426.95,0.04
626,Exit short,2026-04-21 13:15,long,2317.81,0.8657,1999.775657,-6.75,-0.34,8.66,0.43,-9.25,-0.46,420.19,0.04
626,Entry short,2026-04-21 10:15,short,2310.01,0.8657,1999.775657,-6.75,-0.34,8.66,0.43,-9.25,-0.46,420.19,0.04
627,Exit long,2026-04-21 16:15,short,2323,0.8628,1999.806468,4.48,0.22,7.97,0.40,-8.46,-0.42,424.67,0.04
627,Entry long,2026-04-21 13:15,long,2317.81,0.8628,1999.806468,4.48,0.22,7.97,0.40,-8.46,-0.42,424.67,0.04
628,Exit short,2026-04-21 17:00,long,2324.23,0.8609,1999.8707,-1.06,-0.05,3.01,0.15,-13.56,-0.68,423.61,0.04
628,Entry short,2026-04-21 16:15,short,2323,0.8609,1999.8707,-1.06,-0.05,3.01,0.15,-13.56,-0.68,423.61,0.04
629,Exit long,2026-04-21 19:15,short,2326.72,0.8605,1999.999915,2.14,0.11,11.22,0.56,-6.96,-0.35,425.75,0.04
629,Entry long,2026-04-21 17:00,long,2324.23,0.8605,1999.999915,2.14,0.11,11.22,0.56,-6.96,-0.35,425.75,0.04
630,Exit short,2026-04-21 23:45,long,2310.24,0.8595,1999.81584,14.16,0.71,31.26,1.56,-1.38,-0.07,439.92,0.04
630,Entry short,2026-04-21 19:15,short,2326.72,0.8595,1999.81584,14.16,0.71,31.26,1.56,-1.38,-0.07,439.92,0.04
631,Exit long,2026-04-22 01:15,short,2295.81,0.8657,1999.974768,-12.49,-0.62,12.54,0.63,-22.55,-1.13,427.43,0.04
631,Entry long,2026-04-21 23:45,long,2310.24,0.8657,1999.974768,-12.49,-0.62,12.54,0.63,-22.55,-1.13,427.43,0.04
632,Exit short,2026-04-22 02:00,long,2305.69,0.8711,1999.880091,-8.61,-0.43,1.92,0.10,-20.73,-1.04,418.82,0.04
632,Entry short,2026-04-22 01:15,short,2295.81,0.8711,1999.880091,-8.61,-0.43,1.92,0.10,-20.73,-1.04,418.82,0.04
633,Exit long,2026-04-22 05:00,short,2313.48,0.8674,1999.955506,6.76,0.34,22.82,1.14,-15.95,-0.80,425.58,0.04
633,Entry long,2026-04-22 02:00,long,2305.69,0.8674,1999.955506,6.76,0.34,22.82,1.14,-15.95,-0.80,425.58,0.04
634,Exit short,2026-04-22 07:15,long,2316.16,0.8644,1999.772112,-2.32,-0.12,10.01,0.50,-7,-0.35,423.26,0.04
634,Entry short,2026-04-22 05:00,short,2313.48,0.8644,1999.772112,-2.32,-0.12,10.01,0.50,-7,-0.35,423.26,0.04
635,Exit long,2026-04-22 09:30,short,2319.73,0.8634,1999.772544,3.08,0.15,12.66,0.63,-2.77,-0.14,426.34,0.04
635,Entry long,2026-04-22 07:15,long,2316.16,0.8634,1999.772544,3.08,0.15,12.66,0.63,-2.77,-0.14,426.34,0.04
636,Exit short,2026-04-22 10:15,long,2355.17,0.8621,1999.839233,-30.55,-1.53,1.7,0.08,-32.82,-1.64,395.79,0.04
636,Entry short,2026-04-22 09:30,short,2319.73,0.8621,1999.839233,-30.55,-1.53,1.7,0.08,-32.82,-1.64,395.79,0.04
637,Exit long,2026-04-22 17:00,short,2391.78,0.8491,1999.774847,31.09,1.55,49.81,2.49,-4.99,-0.25,426.88,0.04
637,Entry long,2026-04-22 10:15,long,2355.17,0.8491,1999.774847,31.09,1.55,49.81,2.49,-4.99,-0.25,426.88,0.04
638,Exit short,2026-04-22 17:45,long,2387.51,0.8361,1999.767258,3.57,0.18,5.67,0.28,-1.89,-0.09,430.45,0.04
638,Entry short,2026-04-22 17:00,short,2391.78,0.8361,1999.767258,3.57,0.18,5.67,0.28,-1.89,-0.09,430.45,0.04
639,Exit long,2026-04-22 18:30,short,2390.06,0.8376,1999.778376,2.14,0.11,5.17,0.26,-1.98,-0.10,432.58,0.04
639,Entry long,2026-04-22 17:45,long,2387.51,0.8376,1999.778376,2.14,0.11,5.17,0.26,-1.98,-0.10,432.58,0.04
640,Exit short,2026-04-22 20:00,long,2402.32,0.8367,1999.763202,-10.26,-0.51,2.97,0.15,-11.91,-0.60,422.32,0.04
640,Entry short,2026-04-22 18:30,short,2390.06,0.8367,1999.763202,-10.26,-0.51,2.97,0.15,-11.91,-0.60,422.32,0.04
641,Exit long,2026-04-22 23:00,short,2398.13,0.8325,1999.9314,-3.49,-0.17,17.84,0.89,-9.01,-0.45,418.84,0.04
641,Entry long,2026-04-22 20:00,long,2402.32,0.8325,1999.9314,-3.49,-0.17,17.84,0.89,-9.01,-0.45,418.84,0.04
642,Exit short,2026-04-22 23:45,long,2403.83,0.8339,1999.800607,-4.75,-0.24,6.03,0.30,-13.14,-0.66,414.08,0.04
642,Entry short,2026-04-22 23:00,short,2398.13,0.8339,1999.800607,-4.75,-0.24,6.03,0.30,-13.14,-0.66,414.08,0.04
643,Exit long,2026-04-23 00:30,short,2390.52,0.832,1999.98656,-11.07,-0.55,8.25,0.41,-13.47,-0.67,403.01,0.04
643,Entry long,2026-04-22 23:45,long,2403.83,0.832,1999.98656,-11.07,-0.55,8.25,0.41,-13.47,-0.67,403.01,0.04
644,Exit short,2026-04-23 03:30,long,2395.61,0.8366,1999.909032,-4.26,-0.21,5.31,0.27,-13.99,-0.70,398.75,0.04
644,Entry short,2026-04-23 00:30,short,2390.52,0.8366,1999.909032,-4.26,-0.21,5.31,0.27,-13.99,-0.70,398.75,0.04
645,Exit long,2026-04-23 04:15,short,2397.76,0.8348,1999.855228,1.79,0.09,5.62,0.28,-3.37,-0.17,400.55,0.04
645,Entry long,2026-04-23 03:30,long,2395.61,0.8348,1999.855228,1.79,0.09,5.62,0.28,-3.37,-0.17,400.55,0.04
646,Exit short,2026-04-23 05:45,long,2402.55,0.8341,1999.971616,-4,-0.20,5.8,0.29,-6.96,-0.35,396.55,0.04
646,Entry short,2026-04-23 04:15,short,2397.76,0.8341,1999.971616,-4,-0.20,5.8,0.29,-6.96,-0.35,396.55,0.04
647,Exit long,2026-04-23 06:30,short,2395.93,0.8324,1999.88262,-5.51,-0.28,2.36,0.12,-7.04,-0.35,391.04,0.04
647,Entry long,2026-04-23 05:45,long,2402.55,0.8324,1999.88262,-5.51,-0.28,2.36,0.12,-7.04,-0.35,391.04,0.04
648,Exit short,2026-04-23 13:15,long,2346.74,0.8347,1999.882771,41.06,2.05,53.78,2.69,-3.97,-0.20,432.1,0.04
648,Entry short,2026-04-23 06:30,short,2395.93,0.8347,1999.882771,41.06,2.05,53.78,2.69,-3.97,-0.20,432.1,0.04
649,Exit long,2026-04-23 16:15,short,2339.02,0.8522,1999.891828,-6.58,-0.33,10.39,0.52,-7.82,-0.39,425.52,0.04
649,Entry long,2026-04-23 13:15,long,2346.74,0.8522,1999.891828,-6.58,-0.33,10.39,0.52,-7.82,-0.39,425.52,0.04
650,Exit short,2026-04-23 20:00,long,2332.2,0.855,1999.8621,5.83,0.29,28.57,1.43,-1.61,-0.08,431.35,0.04
650,Entry short,2026-04-23 16:15,short,2339.02,0.855,1999.8621,5.83,0.29,28.57,1.43,-1.61,-0.08,431.35,0.04
651,Exit long,2026-04-23 21:30,short,2320.7,0.8575,1999.8615,-9.86,-0.49,0.51,0.03,-10.46,-0.52,421.49,0.04
651,Entry long,2026-04-23 20:00,long,2332.2,0.8575,1999.8615,-9.86,-0.49,0.51,0.03,-10.46,-0.52,421.49,0.04
652,Exit short,2026-04-23 23:00,long,2329.47,0.8618,1999.97926,-7.56,-0.38,4.71,0.24,-12.58,-0.63,413.93,0.04
652,Entry short,2026-04-23 21:30,short,2320.7,0.8618,1999.97926,-7.56,-0.38,4.71,0.24,-12.58,-0.63,413.93,0.04
653,Exit long,2026-04-24 00:30,short,2331.33,0.8585,1999.849995,1.6,0.08,12.11,0.61,-1.24,-0.06,415.53,0.04
653,Entry long,2026-04-23 23:00,long,2329.47,0.8585,1999.849995,1.6,0.08,12.11,0.61,-1.24,-0.06,415.53,0.04
654,Exit short,2026-04-24 04:15,long,2318.57,0.8578,1999.814874,10.95,0.55,39.38,1.97,-0.96,-0.05,426.47,0.04
654,Entry short,2026-04-24 00:30,short,2331.33,0.8578,1999.814874,10.95,0.55,39.38,1.97,-0.96,-0.05,426.47,0.04
655,Exit long,2026-04-24 09:30,short,2321.64,0.8626,1999.998482,2.65,0.13,17.44,0.87,-1.28,-0.06,429.12,0.04
655,Entry long,2026-04-24 04:15,long,2318.57,0.8626,1999.998482,2.65,0.13,17.44,0.87,-1.28,-0.06,429.12,0.04
656,Exit short,2026-04-24 10:15,long,2325,0.8614,1999.860696,-2.89,-0.14,0.01,0.00,-11.84,-0.59,426.23,0.04
656,Entry short,2026-04-24 09:30,short,2321.64,0.8614,1999.860696,-2.89,-0.14,0.01,0.00,-11.84,-0.59,426.23,0.04
657,Exit long,2026-04-24 11:00,short,2319.6,0.8602,1999.965,-4.65,-0.23,4.5,0.22,-8.56,-0.43,421.58,0.04
657,Entry long,2026-04-24 10:15,long,2325,0.8602,1999.965,-4.65,-0.23,4.5,0.22,-8.56,-0.43,421.58,0.04
658,Exit short,2026-04-24 14:00,long,2315.31,0.8622,1999.95912,3.7,0.18,16.71,0.84,-0.01,0.00,425.28,0.04
658,Entry short,2026-04-24 11:00,short,2319.6,0.8622,1999.95912,3.7,0.18,16.71,0.84,-0.01,0.00,425.28,0.04
659,Exit long,2026-04-24 16:15,short,2316.15,0.8638,1999.964778,0.73,0.04,6.63,0.33,-6.75,-0.34,426.01,0.04
659,Entry long,2026-04-24 14:00,long,2315.31,0.8638,1999.964778,0.73,0.04,6.63,0.33,-6.75,-0.34,426.01,0.04
660,Exit short,2026-04-24 17:00,long,2308.39,0.8635,1999.995525,6.7,0.34,10.72,0.54,-1.61,-0.08,432.71,0.04
660,Entry short,2026-04-24 16:15,short,2316.15,0.8635,1999.995525,6.7,0.34,10.72,0.54,-1.61,-0.08,432.71,0.04
661,Exit long,2026-04-24 17:45,short,2310.18,0.8664,1999.989096,1.55,0.08,2.77,0.14,-1.83,-0.09,434.26,0.04
661,Entry long,2026-04-24 17:00,long,2308.39,0.8664,1999.989096,1.55,0.08,2.77,0.14,-1.83,-0.09,434.26,0.04
662,Exit short,2026-04-24 18:30,long,2313.92,0.8657,1999.922826,-3.24,-0.16,3.62,0.18,-5.83,-0.29,431.02,0.04
662,Entry short,2026-04-24 17:45,short,2310.18,0.8657,1999.922826,-3.24,-0.16,3.62,0.18,-5.83,-0.29,431.02,0.04
663,Exit long,2026-04-24 21:30,short,2320.74,0.8643,1999.921056,5.89,0.29,15.85,0.79,-1.22,-0.06,436.92,0.04
663,Entry long,2026-04-24 18:30,long,2313.92,0.8643,1999.921056,5.89,0.29,15.85,0.79,-1.22,-0.06,436.92,0.04
664,Exit short,2026-04-24 23:45,long,2323.81,0.8617,1999.781658,-2.65,-0.13,16.48,0.82,-7.75,-0.39,434.27,0.04
664,Entry short,2026-04-24 21:30,short,2320.74,0.8617,1999.781658,-2.65,-0.13,16.48,0.82,-7.75,-0.39,434.27,0.04
665,Exit long,2026-04-25 00:30,short,2313.64,0.8606,1999.870886,-8.75,-0.44,0.36,0.02,-11.88,-0.59,425.52,0.04
665,Entry long,2026-04-24 23:45,long,2323.81,0.8606,1999.870886,-8.75,-0.44,0.36,0.02,-11.88,-0.59,425.52,0.04
666,Exit short,2026-04-25 01:15,long,2315.34,0.8644,1999.910416,-1.47,-0.07,1.84,0.09,-4.95,-0.25,424.05,0.04
666,Entry short,2026-04-25 00:30,short,2313.64,0.8644,1999.910416,-1.47,-0.07,1.84,0.09,-4.95,-0.25,424.05,0.04
667,Exit long,2026-04-25 02:45,short,2319.92,0.8638,1999.990692,3.96,0.20,5.75,0.29,-5.63,-0.28,428,0.04
667,Entry long,2026-04-25 01:15,long,2315.34,0.8638,1999.990692,3.96,0.20,5.75,0.29,-5.63,-0.28,428,0.04
668,Exit short,2026-04-25 03:30,long,2321.43,0.862,1999.77104,-1.3,-0.07,0.6,0.03,-4.38,-0.22,426.7,0.04
668,Entry short,2026-04-25 02:45,short,2319.92,0.862,1999.77104,-1.3,-0.07,0.6,0.03,-4.38,-0.22,426.7,0.04
669,Exit long,2026-04-25 05:45,short,2315.18,0.8615,1999.911945,-5.38,-0.27,5.8,0.29,-7.61,-0.38,421.32,0.04
669,Entry long,2026-04-25 03:30,long,2321.43,0.8615,1999.911945,-5.38,-0.27,5.8,0.29,-7.61,-0.38,421.32,0.04
670,Exit short,2026-04-25 09:30,long,2319.57,0.8638,1999.852484,-3.79,-0.19,6.89,0.34,-4.37,-0.22,417.53,0.04
670,Entry short,2026-04-25 05:45,short,2315.18,0.8638,1999.852484,-3.79,-0.19,6.89,0.34,-4.37,-0.22,417.53,0.04
671,Exit long,2026-04-25 13:15,short,2314.45,0.8622,1999.933254,-4.41,-0.22,1.54,0.08,-5.41,-0.27,413.11,0.04
671,Entry long,2026-04-25 09:30,long,2319.57,0.8622,1999.933254,-4.41,-0.22,1.54,0.08,-5.41,-0.27,413.11,0.04
672,Exit short,2026-04-25 14:45,long,2316.01,0.8641,1999.916245,-1.35,-0.07,0,0.00,-2.76,-0.14,411.76,0.04
672,Entry short,2026-04-25 13:15,short,2314.45,0.8641,1999.916245,-1.35,-0.07,0,0.00,-2.76,-0.14,411.76,0.04
673,Exit long,2026-04-25 15:30,short,2316.63,0.8635,1999.874635,0.54,0.03,0.98,0.05,-1.51,-0.08,412.3,0.04
673,Entry long,2026-04-25 14:45,long,2316.01,0.8635,1999.874635,0.54,0.03,0.98,0.05,-1.51,-0.08,412.3,0.04
674,Exit short,2026-04-25 16:15,long,2318.57,0.8633,1999.946679,-1.67,-0.08,0.87,0.04,-1.92,-0.10,410.62,0.04
674,Entry short,2026-04-25 15:30,short,2316.63,0.8633,1999.946679,-1.67,-0.08,0.87,0.04,-1.92,-0.10,410.62,0.04
675,Exit long,2026-04-25 19:15,short,2315.14,0.8626,1999.998482,-2.96,-0.15,4,0.20,-4.47,-0.22,407.67,0.04
675,Entry long,2026-04-25 16:15,long,2318.57,0.8626,1999.998482,-2.96,-0.15,4,0.20,-4.47,-0.22,407.67,0.04
676,Exit short,2026-04-25 21:30,long,2317.34,0.8638,1999.817932,-1.9,-0.10,3.4,0.17,-1.91,-0.10,405.77,0.04
676,Entry short,2026-04-25 19:15,short,2315.14,0.8638,1999.817932,-1.9,-0.10,3.4,0.17,-1.91,-0.10,405.77,0.04
677,Exit long,2026-04-25 23:00,short,2316.44,0.863,1999.86442,-0.78,-0.04,1.38,0.07,-1.86,-0.09,404.99,0.04
677,Entry long,2026-04-25 21:30,long,2317.34,0.863,1999.86442,-0.78,-0.04,1.38,0.07,-1.86,-0.09,404.99,0.04
678,Exit short,2026-04-25 23:45,long,2308.09,0.8633,1999.782652,7.21,0.36,11.6,0.58,-1.93,-0.10,412.2,0.04
678,Entry short,2026-04-25 23:00,short,2316.44,0.8633,1999.782652,7.21,0.36,11.6,0.58,-1.93,-0.10,412.2,0.04
679,Exit long,2026-04-26 00:30,short,2308.44,0.8665,1999.959985,0.3,0.02,2.32,0.12,-6.53,-0.33,412.5,0.04
679,Entry long,2026-04-25 23:45,long,2308.09,0.8665,1999.959985,0.3,0.02,2.32,0.12,-6.53,-0.33,412.5,0.04
680,Exit short,2026-04-26 02:45,long,2311.55,0.8663,1999.801572,-2.69,-0.13,0.95,0.05,-4.8,-0.24,409.81,0.04
680,Entry short,2026-04-26 00:30,short,2308.44,0.8663,1999.801572,-2.69,-0.13,0.95,0.05,-4.8,-0.24,409.81,0.04
681,Exit long,2026-04-26 03:30,short,2307.31,0.8652,1999.95306,-3.67,-0.18,0.66,0.03,-3.67,-0.18,406.14,0.04
681,Entry long,2026-04-26 02:45,long,2311.55,0.8652,1999.95306,-3.67,-0.18,0.66,0.03,-3.67,-0.18,406.14,0.04
682,Exit short,2026-04-26 04:15,long,2311.42,0.8668,1999.976308,-3.56,-0.18,0.16,0.01,-4.07,-0.20,402.58,0.04
682,Entry short,2026-04-26 03:30,short,2307.31,0.8668,1999.976308,-3.56,-0.18,0.16,0.01,-4.07,-0.20,402.58,0.04
683,Exit long,2026-04-26 08:45,short,2315.37,0.8652,1999.840584,3.42,0.17,7.79,0.39,-0.62,-0.03,405.99,0.04
683,Entry long,2026-04-26 04:15,long,2311.42,0.8652,1999.840584,3.42,0.17,7.79,0.39,-0.62,-0.03,405.99,0.04
684,Exit short,2026-04-26 10:15,long,2317.48,0.8637,1999.785069,-1.82,-0.09,1.63,0.08,-2.38,-0.12,404.17,0.04
684,Entry short,2026-04-26 08:45,short,2315.37,0.8637,1999.785069,-1.82,-0.09,1.63,0.08,-2.38,-0.12,404.17,0.04
685,Exit long,2026-04-26 11:00,short,2316.18,0.863,1999.98524,-1.12,-0.06,0.79,0.04,-3.69,-0.18,403.05,0.04
685,Entry long,2026-04-26 10:15,long,2317.48,0.863,1999.98524,-1.12,-0.06,0.79,0.04,-3.69,-0.18,403.05,0.04
686,Exit short,2026-04-26 13:15,long,2330.9,0.8634,1999.789812,-12.71,-0.64,8.17,0.41,-17.53,-0.88,390.34,0.04
686,Entry short,2026-04-26 11:00,short,2316.18,0.8634,1999.789812,-12.71,-0.64,8.17,0.41,-17.53,-0.88,390.34,0.04
687,Exit long,2026-04-26 20:45,short,2328.89,0.858,1999.9122,-1.72,-0.09,5.82,0.29,-5.76,-0.29,388.61,0.04
687,Entry long,2026-04-26 13:15,long,2330.9,0.858,1999.9122,-1.72,-0.09,5.82,0.29,-5.76,-0.29,388.61,0.04
688,Exit short,2026-04-26 22:15,long,2349.99,0.8587,1999.817843,-18.12,-0.91,0.67,0.03,-20.22,-1.01,370.5,0.04
688,Entry short,2026-04-26 20:45,short,2328.89,0.8587,1999.817843,-18.12,-0.91,0.67,0.03,-20.22,-1.01,370.5,0.04
689,Exit long,2026-04-27 05:45,short,2364.34,0.851,1999.84149,12.21,0.61,22.43,1.12,-8.02,-0.40,382.71,0.04
689,Entry long,2026-04-26 22:15,long,2349.99,0.851,1999.84149,12.21,0.61,22.43,1.12,-8.02,-0.40,382.71,0.04
690,Exit short,2026-04-27 06:30,long,2360.61,0.8459,1999.995206,3.16,0.16,9.14,0.46,-13.25,-0.66,385.86,0.04
690,Entry short,2026-04-27 05:45,short,2364.34,0.8459,1999.995206,3.16,0.16,9.14,0.46,-13.25,-0.66,385.86,0.04
691,Exit long,2026-04-27 07:15,short,2361.53,0.8472,1999.908792,0.78,0.04,6.75,0.34,-3.29,-0.16,386.64,0.04
691,Entry long,2026-04-27 06:30,long,2360.61,0.8472,1999.908792,0.78,0.04,6.75,0.34,-3.29,-0.16,386.64,0.04
692,Exit short,2026-04-27 08:00,long,2366.55,0.8469,1999.979757,-4.25,-0.21,2.25,0.11,-14.47,-0.72,382.39,0.04
692,Entry short,2026-04-27 07:15,short,2361.53,0.8469,1999.979757,-4.25,-0.21,2.25,0.11,-14.47,-0.72,382.39,0.04
693,Exit long,2026-04-27 12:30,short,2387.75,0.8451,1999.971405,17.92,0.90,31.96,1.60,-5.99,-0.30,400.31,0.04
693,Entry long,2026-04-27 08:00,long,2366.55,0.8451,1999.971405,17.92,0.90,31.96,1.60,-5.99,-0.30,400.31,0.04
694,Exit short,2026-04-27 17:45,long,2322.19,0.8376,1999.9794,54.91,2.75,65.85,3.29,-0.73,-0.04,455.22,0.05
694,Entry short,2026-04-27 12:30,short,2387.75,0.8376,1999.9794,54.91,2.75,65.85,3.29,-0.73,-0.04,455.22,0.05
695,Exit long,2026-04-27 20:45,short,2314.11,0.8612,1999.870028,-6.96,-0.35,1.53,0.08,-8.27,-0.41,448.26,0.04
695,Entry long,2026-04-27 17:45,long,2322.19,0.8612,1999.870028,-6.96,-0.35,1.53,0.08,-8.27,-0.41,448.26,0.04
696,Exit short,2026-04-27 23:00,long,2294.54,0.8642,1999.853862,16.91,0.85,17.75,0.89,-13.58,-0.68,465.17,0.05
696,Entry short,2026-04-27 20:45,short,2314.11,0.8642,1999.853862,16.91,0.85,17.75,0.89,-13.58,-0.68,465.17,0.05
697,Exit long,2026-04-27 23:45,short,2275.07,0.8716,1999.921064,-16.97,-0.85,0.17,0.01,-24.8,-1.24,448.2,0.04
697,Entry long,2026-04-27 23:00,long,2294.54,0.8716,1999.921064,-16.97,-0.85,0.17,0.01,-24.8,-1.24,448.2,0.04
698,Exit short,2026-04-28 02:00,long,2288.28,0.879,1999.78653,-11.61,-0.58,4.42,0.22,-15.68,-0.78,436.59,0.04
698,Entry short,2026-04-27 23:45,short,2275.07,0.879,1999.78653,-11.61,-0.58,4.42,0.22,-15.68,-0.78,436.59,0.04
699,Exit long,2026-04-28 03:30,short,2287.17,0.874,1999.95672,-0.97,-0.05,3.33,0.17,-11.62,-0.58,435.62,0.04
699,Entry long,2026-04-28 02:00,long,2288.28,0.874,1999.95672,-0.97,-0.05,3.33,0.17,-11.62,-0.58,435.62,0.04
700,Exit short,2026-04-28 04:15,long,2293.08,0.8744,1999.901448,-5.17,-0.26,0.44,0.02,-8.04,-0.40,430.45,0.04
700,Entry short,2026-04-28 03:30,short,2287.17,0.8744,1999.901448,-5.17,-0.26,0.44,0.02,-8.04,-0.40,430.45,0.04
701,Exit long,2026-04-28 10:15,short,2293.22,0.8721,1999.795068,0.12,0.01,15.52,0.78,-7.34,-0.37,430.58,0.04
701,Entry long,2026-04-28 04:15,long,2293.08,0.8721,1999.795068,0.12,0.01,15.52,0.78,-7.34,-0.37,430.58,0.04
702,Exit short,2026-04-28 16:15,long,2290.71,0.8721,1999.917162,2.19,0.11,19.79,0.99,-3.22,-0.16,432.77,0.04
702,Entry short,2026-04-28 10:15,short,2293.22,0.8721,1999.917162,2.19,0.11,19.79,0.99,-3.22,-0.16,432.77,0.04
703,Exit long,2026-04-28 17:45,short,2282.27,0.873,1999.78983,-7.37,-0.37,0.81,0.04,-12.26,-0.61,425.4,0.04
703,Entry long,2026-04-28 16:15,long,2290.71,0.873,1999.78983,-7.37,-0.37,0.81,0.04,-12.26,-0.61,425.4,0.04
704,Exit short,2026-04-28 23:45,long,2279.76,0.8763,1999.953201,2.2,0.11,21.06,1.05,-4.7,-0.23,427.6,0.04
704,Entry short,2026-04-28 17:45,short,2282.27,0.8763,1999.953201,2.2,0.11,21.06,1.05,-4.7,-0.23,427.6,0.04
705,Exit long,2026-04-29 05:45,short,2290.12,0.8772,1999.805472,9.09,0.45,22.97,1.15,-4.72,-0.24,436.68,0.04
705,Entry long,2026-04-28 23:45,long,2279.76,0.8772,1999.805472,9.09,0.45,22.97,1.15,-4.72,-0.24,436.68,0.04
706,Exit short,2026-04-29 10:15,long,2289.49,0.8733,1999.961796,0.55,0.03,9.85,0.49,-6.27,-0.31,437.24,0.04
706,Entry short,2026-04-29 05:45,short,2290.12,0.8733,1999.961796,0.55,0.03,9.85,0.49,-6.27,-0.31,437.24,0.04
707,Exit long,2026-04-29 11:00,short,2291.7,0.8735,1999.869515,1.93,0.10,2.24,0.11,-4.2,-0.21,439.17,0.04
707,Entry long,2026-04-29 10:15,long,2289.49,0.8735,1999.869515,1.93,0.10,2.24,0.11,-4.2,-0.21,439.17,0.04
708,Exit short,2026-04-29 11:45,long,2311.52,0.8727,1999.96659,-17.3,-0.86,0,0.00,-21.52,-1.08,421.87,0.04
708,Entry short,2026-04-29 11:00,short,2291.7,0.8727,1999.96659,-17.3,-0.86,0,0.00,-21.52,-1.08,421.87,0.04
709,Exit long,2026-04-29 15:30,short,2327.14,0.8652,1999.927104,13.51,0.68,26.8,1.34,-1.89,-0.09,435.38,0.04
709,Entry long,2026-04-29 11:45,long,2311.52,0.8652,1999.927104,13.51,0.68,26.8,1.34,-1.89,-0.09,435.38,0.04
710,Exit short,2026-04-29 17:45,long,2339.72,0.8594,1999.944116,-10.81,-0.54,5.18,0.26,-16.78,-0.84,424.57,0.04
710,Entry short,2026-04-29 15:30,short,2327.14,0.8594,1999.944116,-10.81,-0.54,5.18,0.26,-16.78,-0.84,424.57,0.04
711,Exit long,2026-04-29 19:15,short,2330.02,0.8548,1999.992656,-8.29,-0.41,6.18,0.31,-9.34,-0.47,416.28,0.04
711,Entry long,2026-04-29 17:45,long,2339.72,0.8548,1999.992656,-8.29,-0.41,6.18,0.31,-9.34,-0.47,416.28,0.04
712,Exit short,2026-04-30 02:00,long,2241.46,0.8583,1999.856166,76.01,3.80,87.93,4.40,-5.13,-0.26,492.29,0.05
712,Entry short,2026-04-29 19:15,short,2330.02,0.8583,1999.856166,76.01,3.80,87.93,4.40,-5.13,-0.26,492.29,0.05
713,Exit long,2026-04-30 02:45,short,2239.41,0.8922,1999.830612,-1.83,-0.09,6.73,0.34,-18.83,-0.94,490.46,0.05
713,Entry long,2026-04-30 02:00,long,2241.46,0.8922,1999.830612,-1.83,-0.09,6.73,0.34,-18.83,-0.94,490.46,0.05
714,Exit short,2026-04-30 05:00,long,2247.14,0.893,1999.79313,-6.9,-0.35,12.87,0.64,-8.54,-0.43,483.56,0.05
714,Entry short,2026-04-30 02:45,short,2239.41,0.893,1999.79313,-6.9,-0.35,12.87,0.64,-8.54,-0.43,483.56,0.05
715,Exit long,2026-04-30 11:00,short,2246.85,0.89,1999.9546,-0.26,-0.01,28.36,1.42,-9.59,-0.48,483.3,0.05
715,Entry long,2026-04-30 05:00,long,2247.14,0.89,1999.9546,-0.26,-0.01,28.36,1.42,-9.59,-0.48,483.3,0.05
716,Exit short,2026-04-30 15:30,long,2258.48,0.8901,1999.921185,-10.35,-0.52,13.54,0.68,-11.25,-0.56,472.95,0.05
716,Entry short,2026-04-30 11:00,short,2246.85,0.8901,1999.921185,-10.35,-0.52,13.54,0.68,-11.25,-0.56,472.95,0.05
717,Exit long,2026-04-30 18:30,short,2261.19,0.8855,1999.88404,2.4,0.12,11.18,0.56,-2.84,-0.14,475.35,0.05
717,Entry long,2026-04-30 15:30,long,2258.48,0.8855,1999.88404,2.4,0.12,11.18,0.56,-2.84,-0.14,475.35,0.05
718,Exit short,2026-04-30 19:15,long,2267.07,0.8844,1999.796436,-5.2,-0.26,1.83,0.09,-11.06,-0.55,470.15,0.05
718,Entry short,2026-04-30 18:30,short,2261.19,0.8844,1999.796436,-5.2,-0.26,1.83,0.09,-11.06,-0.55,470.15,0.05
719,Exit long,2026-04-30 20:00,short,2260.58,0.8821,1999.782447,-5.72,-0.29,0.1,0.00,-13.23,-0.66,464.42,0.05
719,Entry long,2026-04-30 19:15,long,2267.07,0.8821,1999.782447,-5.72,-0.29,0.1,0.00,-13.23,-0.66,464.42,0.05
720,Exit short,2026-04-30 20:45,long,2265.45,0.8847,1999.935126,-4.31,-0.22,0.36,0.02,-9.28,-0.46,460.12,0.05
720,Entry short,2026-04-30 20:00,short,2260.58,0.8847,1999.935126,-4.31,-0.22,0.36,0.02,-9.28,-0.46,460.12,0.05
721,Exit long,2026-04-30 21:30,short,2271.6,0.8828,1999.93926,5.43,0.27,5.77,0.29,-9.45,-0.47,465.54,0.05
721,Entry long,2026-04-30 20:45,long,2265.45,0.8828,1999.93926,5.43,0.27,5.77,0.29,-9.45,-0.47,465.54,0.05
722,Exit short,2026-04-30 22:15,long,2258.39,0.8804,1999.91664,11.63,0.58,22.7,1.13,-0.85,-0.04,477.17,0.05
722,Entry short,2026-04-30 21:30,short,2271.6,0.8804,1999.91664,11.63,0.58,22.7,1.13,-0.85,-0.04,477.17,0.05
723,Exit long,2026-05-01 00:30,short,2260.12,0.8855,1999.804345,1.53,0.08,14.82,0.74,-3.23,-0.16,478.71,0.05
723,Entry long,2026-04-30 22:15,long,2258.39,0.8855,1999.804345,1.53,0.08,14.82,0.74,-3.23,-0.16,478.71,0.05
724,Exit short,2026-05-01 02:45,long,2259.84,0.8849,1999.980188,0.25,0.01,7.52,0.38,-4.57,-0.23,478.95,0.05
724,Entry short,2026-05-01 00:30,short,2260.12,0.8849,1999.980188,0.25,0.01,7.52,0.38,-4.57,-0.23,478.95,0.05
725,Exit long,2026-05-01 05:45,short,2256.29,0.885,1999.9584,-3.14,-0.16,6.62,0.33,-5.17,-0.26,475.81,0.05
725,Entry long,2026-05-01 02:45,long,2259.84,0.885,1999.9584,-3.14,-0.16,6.62,0.33,-5.17,-0.26,475.81,0.05
726,Exit short,2026-05-01 08:45,long,2260,0.8864,1999.975456,-3.29,-0.16,3.43,0.17,-8.61,-0.43,472.52,0.05
726,Entry short,2026-05-01 05:45,short,2256.29,0.8864,1999.975456,-3.29,-0.16,3.43,0.17,-8.61,-0.43,472.52,0.05
727,Exit long,2026-05-01 14:45,short,2277.45,0.8849,1999.874,15.44,0.77,30.97,1.55,0,0.00,487.97,0.05
727,Entry long,2026-05-01 08:45,long,2260,0.8849,1999.874,15.44,0.77,30.97,1.55,0,0.00,487.97,0.05
728,Exit short,2026-05-01 16:15,long,2286.41,0.8781,1999.828845,-7.87,-0.39,3.78,0.19,-9.7,-0.49,480.1,0.05
728,Entry short,2026-05-01 14:45,short,2277.45,0.8781,1999.828845,-7.87,-0.39,3.78,0.19,-9.7,-0.49,480.1,0.05
729,Exit long,2026-05-01 17:45,short,2282.07,0.8747,1999.922827,-3.8,-0.19,0.61,0.03,-5.72,-0.29,476.3,0.05
729,Entry long,2026-05-01 16:15,long,2286.41,0.8747,1999.922827,-3.8,-0.19,0.61,0.03,-5.72,-0.29,476.3,0.05
730,Exit short,2026-05-01 20:00,long,2289.12,0.8763,1999.777941,-6.18,-0.31,4.39,0.22,-10.24,-0.51,470.12,0.05
730,Entry short,2026-05-01 17:45,short,2282.07,0.8763,1999.777941,-6.18,-0.31,4.39,0.22,-10.24,-0.51,470.12,0.05
731,Exit long,2026-05-01 23:00,short,2309.87,0.8736,1999.775232,18.13,0.91,31.59,1.58,-0.17,-0.01,488.25,0.05
731,Entry long,2026-05-01 20:00,long,2289.12,0.8736,1999.775232,18.13,0.91,31.59,1.58,-0.17,-0.01,488.25,0.05
732,Exit short,2026-05-01 23:45,long,2307.64,0.8658,1999.885446,1.93,0.10,9.61,0.48,-5.95,-0.30,490.18,0.05
732,Entry short,2026-05-01 23:00,short,2309.87,0.8658,1999.885446,1.93,0.10,9.61,0.48,-5.95,-0.30,490.18,0.05
733,Exit long,2026-05-02 00:30,short,2301.47,0.8666,1999.800824,-5.35,-0.27,5.69,0.28,-7.31,-0.37,484.83,0.05
733,Entry long,2026-05-01 23:45,long,2307.64,0.8666,1999.800824,-5.35,-0.27,5.69,0.28,-7.31,-0.37,484.83,0.05
734,Exit short,2026-05-02 02:00,long,2308.72,0.869,1999.97743,-6.3,-0.32,2.87,0.14,-10.48,-0.52,478.53,0.05
734,Entry short,2026-05-02 00:30,short,2301.47,0.869,1999.97743,-6.3,-0.32,2.87,0.14,-10.48,-0.52,478.53,0.05
735,Exit long,2026-05-02 02:45,short,2304.76,0.8662,1999.813264,-3.43,-0.17,2.3,0.12,-4.56,-0.23,475.1,0.05
735,Entry long,2026-05-02 02:00,long,2308.72,0.8662,1999.813264,-3.43,-0.17,2.3,0.12,-4.56,-0.23,475.1,0.05
736,Exit short,2026-05-02 06:30,long,2294.87,0.8677,1999.840252,8.58,0.43,22.37,1.12,-2.67,-0.13,483.69,0.05
736,Entry short,2026-05-02 02:45,short,2304.76,0.8677,1999.840252,8.58,0.43,22.37,1.12,-2.67,-0.13,483.69,0.05
737,Exit long,2026-05-02 07:15,short,2289.29,0.8715,1999.979205,-4.86,-0.24,0.44,0.02,-5.12,-0.26,478.82,0.05
737,Entry long,2026-05-02 06:30,long,2294.87,0.8715,1999.979205,-4.86,-0.24,0.44,0.02,-5.12,-0.26,478.82,0.05
738,Exit short,2026-05-02 08:00,long,2294.09,0.8736,1999.923744,-4.19,-0.21,0,0.00,-6.39,-0.32,474.63,0.05
738,Entry short,2026-05-02 07:15,short,2289.29,0.8736,1999.923744,-4.19,-0.21,0,0.00,-6.39,-0.32,474.63,0.05
739,Exit long,2026-05-02 13:15,short,2299.89,0.8718,1999.987662,5.06,0.25,12.42,0.62,-1.03,-0.05,479.69,0.05
739,Entry long,2026-05-02 08:00,long,2294.09,0.8718,1999.987662,5.06,0.25,12.42,0.62,-1.03,-0.05,479.69,0.05
740,Exit short,2026-05-02 14:45,long,2305.58,0.8696,1999.984344,-4.95,-0.25,2.43,0.12,-5.62,-0.28,474.74,0.05
740,Entry short,2026-05-02 13:15,short,2299.89,0.8696,1999.984344,-4.95,-0.25,2.43,0.12,-5.62,-0.28,474.74,0.05
741,Exit long,2026-05-02 16:15,short,2302.83,0.8674,1999.860092,-2.39,-0.12,0.5,0.03,-5.66,-0.28,472.35,0.05
741,Entry long,2026-05-02 14:45,long,2305.58,0.8674,1999.860092,-2.39,-0.12,0.5,0.03,-5.66,-0.28,472.35,0.05
742,Exit short,2026-05-02 17:00,long,2304.97,0.8684,1999.777572,-1.86,-0.09,0,0.00,-1.88,-0.09,470.49,0.05
742,Entry short,2026-05-02 16:15,short,2302.83,0.8684,1999.777572,-1.86,-0.09,0,0.00,-1.88,-0.09,470.49,0.05
743,Exit long,2026-05-02 19:15,short,2304.7,0.8676,1999.791972,-0.23,-0.01,2.44,0.12,-3.06,-0.15,470.26,0.05
743,Entry long,2026-05-02 17:00,long,2304.97,0.8676,1999.791972,-0.23,-0.01,2.44,0.12,-3.06,-0.15,470.26,0.05
744,Exit short,2026-05-02 20:45,long,2303.52,0.8677,1999.78819,1.02,0.05,3.86,0.19,-1.06,-0.05,471.28,0.05
744,Entry short,2026-05-02 19:15,short,2304.7,0.8677,1999.78819,1.02,0.05,3.86,0.19,-1.06,-0.05,471.28,0.05
745,Exit long,2026-05-03 02:00,short,2306.43,0.8682,1999.916064,2.53,0.13,9.08,0.45,0,0.00,473.81,0.05
745,Entry long,2026-05-02 20:45,long,2303.52,0.8682,1999.916064,2.53,0.13,9.08,0.45,0,0.00,473.81,0.05
746,Exit short,2026-05-03 02:45,long,2310.3,0.8671,1999.905453,-3.36,-0.17,0.1,0.00,-4.46,-0.22,470.45,0.05
746,Entry short,2026-05-03 02:00,short,2306.43,0.8671,1999.905453,-3.36,-0.17,0.1,0.00,-4.46,-0.22,470.45,0.05
747,Exit long,2026-05-03 08:00,short,2313.48,0.8656,1999.79568,2.75,0.14,28.82,1.44,-0.98,-0.05,473.21,0.05
747,Entry long,2026-05-03 02:45,long,2310.3,0.8656,1999.79568,2.75,0.14,28.82,1.44,-0.98,-0.05,473.21,0.05
748,Exit short,2026-05-03 12:30,long,2301.71,0.8644,1999.772112,10.17,0.51,13.74,0.69,-3.22,-0.16,483.38,0.05
748,Entry short,2026-05-03 08:00,short,2313.48,0.8644,1999.772112,10.17,0.51,13.74,0.69,-3.22,-0.16,483.38,0.05
749,Exit long,2026-05-03 14:45,short,2304.49,0.8689,1999.955819,2.42,0.12,4.06,0.20,-1.76,-0.09,485.8,0.05
749,Entry long,2026-05-03 12:30,long,2301.71,0.8689,1999.955819,2.42,0.12,4.06,0.20,-1.76,-0.09,485.8,0.05
750,Exit short,2026-05-03 15:30,long,2310.34,0.8678,1999.836422,-5.08,-0.25,0.06,0.00,-8.26,-0.41,480.72,0.05
750,Entry short,2026-05-03 14:45,short,2304.49,0.8678,1999.836422,-5.08,-0.25,0.06,0.00,-8.26,-0.41,480.72,0.05
751,Exit long,2026-05-03 18:30,short,2314.56,0.8656,1999.830304,3.65,0.18,10.33,0.52,-2.47,-0.12,484.37,0.05
751,Entry long,2026-05-03 15:30,long,2310.34,0.8656,1999.830304,3.65,0.18,10.33,0.52,-2.47,-0.12,484.37,0.05
752,Exit short,2026-05-03 19:15,long,2313.56,0.864,1999.77984,0.86,0.04,3.49,0.17,-1.54,-0.08,485.24,0.05
752,Entry short,2026-05-03 18:30,short,2314.56,0.864,1999.77984,0.86,0.04,3.49,0.17,-1.54,-0.08,485.24,0.05
753,Exit long,2026-05-04 03:30,short,2335.32,0.8644,1999.841264,18.81,0.94,21.01,1.05,-0.01,0.00,504.05,0.05
753,Entry long,2026-05-03 19:15,long,2313.56,0.8644,1999.841264,18.81,0.94,21.01,1.05,-0.01,0.00,504.05,0.05
754,Exit short,2026-05-04 04:15,long,2335.25,0.8564,1999.968048,0.06,0.00,2.81,0.14,-3.82,-0.19,504.11,0.05
754,Entry short,2026-05-04 03:30,short,2335.32,0.8564,1999.968048,0.06,0.00,2.81,0.14,-3.82,-0.19,504.11,0.05
755,Exit long,2026-05-04 05:00,short,2332.89,0.8564,1999.9081,-2.02,-0.10,7.79,0.39,-8.48,-0.42,502.09,0.05
755,Entry long,2026-05-04 04:15,long,2335.25,0.8564,1999.9081,-2.02,-0.10,7.79,0.39,-8.48,-0.42,502.09,0.05
756,Exit short,2026-05-04 06:30,long,2346.39,0.8573,1999.986597,-11.57,-0.58,15.34,0.77,-20.6,-1.03,490.51,0.05
756,Entry short,2026-05-04 05:00,short,2332.89,0.8573,1999.986597,-11.57,-0.58,15.34,0.77,-20.6,-1.03,490.51,0.05
757,Exit long,2026-05-04 08:00,short,2317.9,0.8523,1999.828197,-24.28,-1.21,4.51,0.23,-26.75,-1.34,466.23,0.05
757,Entry long,2026-05-04 06:30,long,2346.39,0.8523,1999.828197,-24.28,-1.21,4.51,0.23,-26.75,-1.34,466.23,0.05
758,Exit short,2026-05-04 10:15,long,2363.73,0.8628,1999.88412,-39.54,-1.98,7.47,0.37,-46.63,-2.33,426.69,0.04
758,Entry short,2026-05-04 08:00,short,2317.9,0.8628,1999.88412,-39.54,-1.98,7.47,0.37,-46.63,-2.33,426.69,0.04
759,Exit long,2026-05-04 14:00,short,2372.09,0.8461,1999.951953,7.07,0.35,29.78,1.49,-0.01,0.00,433.76,0.04
759,Entry long,2026-05-04 10:15,long,2363.73,0.8461,1999.951953,7.07,0.35,29.78,1.49,-0.01,0.00,433.76,0.04
760,Exit short,2026-05-04 17:45,long,2368.71,0.8431,1999.909079,2.85,0.14,15.08,0.75,-1.5,-0.08,436.61,0.04
760,Entry short,2026-05-04 14:00,short,2372.09,0.8431,1999.909079,2.85,0.14,15.08,0.75,-1.5,-0.08,436.61,0.04
761,Exit long,2026-05-04 18:30,short,2341.46,0.8443,1999.901853,-23.01,-1.15,1,0.05,-45.98,-2.30,413.6,0.04
761,Entry long,2026-05-04 17:45,long,2368.71,0.8443,1999.901853,-23.01,-1.15,1,0.05,-45.98,-2.30,413.6,0.04
762,Exit short,2026-05-04 20:45,long,2335.53,0.8541,1999.840986,5.06,0.25,7.3,0.37,-2.17,-0.11,418.67,0.04
762,Entry short,2026-05-04 18:30,short,2341.46,0.8541,1999.840986,5.06,0.25,7.3,0.37,-2.17,-0.11,418.67,0.04
763,Exit long,2026-05-04 21:30,short,2336.6,0.8563,1999.914339,0.92,0.05,7.71,0.39,-8.41,-0.42,419.58,0.04
763,Entry long,2026-05-04 20:45,long,2335.53,0.8563,1999.914339,0.92,0.05,7.71,0.39,-8.41,-0.42,419.58,0.04
764,Exit short,2026-05-04 22:15,long,2345.76,0.8559,1999.89594,-7.84,-0.39,7.81,0.39,-13.8,-0.69,411.74,0.04
764,Entry short,2026-05-04 21:30,short,2336.6,0.8559,1999.89594,-7.84,-0.39,7.81,0.39,-13.8,-0.69,411.74,0.04
765,Exit long,2026-05-05 02:45,short,2361.41,0.8526,1999.994976,13.34,0.67,30.73,1.54,-8.31,-0.42,425.09,0.04
765,Entry long,2026-05-04 22:15,long,2345.76,0.8526,1999.994976,13.34,0.67,30.73,1.54,-8.31,-0.42,425.09,0.04
766,Exit short,2026-05-05 05:45,long,2360.89,0.8469,1999.878129,0.44,0.02,11.55,0.58,-2.69,-0.13,425.53,0.04
766,Entry short,2026-05-05 02:45,short,2361.41,0.8469,1999.878129,0.44,0.02,11.55,0.58,-2.69,-0.13,425.53,0.04
767,Exit long,2026-05-05 07:15,short,2353.04,0.8471,1999.909919,-6.65,-0.33,4.25,0.21,-10.37,-0.52,418.88,0.04
767,Entry long,2026-05-05 05:45,long,2360.89,0.8471,1999.909919,-6.65,-0.33,4.25,0.21,-10.37,-0.52,418.88,0.04
768,Exit short,2026-05-05 08:45,long,2358.83,0.8499,1999.848696,-4.92,-0.25,6.98,0.35,-5.07,-0.25,413.96,0.04
768,Entry short,2026-05-05 07:15,short,2353.04,0.8499,1999.848696,-4.92,-0.25,6.98,0.35,-5.07,-0.25,413.96,0.04
769,Exit long,2026-05-05 14:45,short,2378.85,0.8478,1999.816074,16.97,0.85,27.05,1.35,-3.16,-0.16,430.93,0.04
769,Entry long,2026-05-05 08:45,long,2358.83,0.8478,1999.816074,16.97,0.85,27.05,1.35,-3.16,-0.16,430.93,0.04
770,Exit short,2026-05-05 15:30,long,2385.76,0.8407,1999.899195,-5.81,-0.29,2.56,0.13,-8.16,-0.41,425.12,0.04
770,Entry short,2026-05-05 14:45,short,2378.85,0.8407,1999.899195,-5.81,-0.29,2.56,0.13,-8.16,-0.41,425.12,0.04
771,Exit long,2026-05-05 17:00,short,2368.9,0.8383,1999.982608,-14.13,-0.71,0.78,0.04,-14.13,-0.71,410.99,0.04
771,Entry long,2026-05-05 15:30,long,2385.76,0.8383,1999.982608,-14.13,-0.71,0.78,0.04,-14.13,-0.71,410.99,0.04
772,Exit short,2026-05-05 19:15,long,2378.08,0.8442,1999.82538,-7.75,-0.39,1.81,0.09,-8.81,-0.44,403.24,0.04
772,Entry short,2026-05-05 17:00,short,2368.9,0.8442,1999.82538,-7.75,-0.39,1.81,0.09,-8.81,-0.44,403.24,0.04
773,Exit long,2026-05-05 22:15,short,2383.45,0.841,1999.96528,4.52,0.23,18.01,0.90,-7.49,-0.37,407.75,0.04
773,Entry long,2026-05-05 19:15,long,2378.08,0.841,1999.96528,4.52,0.23,18.01,0.90,-7.49,-0.37,407.75,0.04
774,Exit short,2026-05-05 23:45,long,2381.31,0.8391,1999.952895,1.8,0.09,10.09,0.50,-3.76,-0.19,409.55,0.04
774,Entry short,2026-05-05 22:15,short,2383.45,0.8391,1999.952895,1.8,0.09,10.09,0.50,-3.76,-0.19,409.55,0.04
775,Exit long,2026-05-06 00:30,short,2361.96,0.8398,1999.824138,-16.25,-0.81,1.74,0.09,-17.06,-0.85,393.3,0.04
775,Entry long,2026-05-05 23:45,long,2381.31,0.8398,1999.824138,-16.25,-0.81,1.74,0.09,-17.06,-0.85,393.3,0.04
776,Exit short,2026-05-06 02:45,long,2372.28,0.8467,1999.871532,-8.74,-0.44,1.91,0.10,-10.85,-0.54,384.56,0.04
776,Entry short,2026-05-06 00:30,short,2361.96,0.8467,1999.871532,-8.74,-0.44,1.91,0.10,-10.85,-0.54,384.56,0.04
777,Exit long,2026-05-06 05:45,short,2375.43,0.843,1999.83204,2.66,0.13,13.71,0.69,-2.85,-0.14,387.22,0.04
777,Entry long,2026-05-06 02:45,long,2372.28,0.843,1999.83204,2.66,0.13,13.71,0.69,-2.85,-0.14,387.22,0.04
778,Exit short,2026-05-06 06:30,long,2361.74,0.8419,1999.874517,11.53,0.58,17.76,0.89,-5.26,-0.26,398.74,0.04
778,Entry short,2026-05-06 05:45,short,2375.43,0.8419,1999.874517,11.53,0.58,17.76,0.89,-5.26,-0.26,398.74,0.04
779,Exit long,2026-05-06 07:15,short,2358.56,0.8468,1999.921432,-2.69,-0.13,11.52,0.58,-3.43,-0.17,396.05,0.04
779,Entry long,2026-05-06 06:30,long,2361.74,0.8468,1999.921432,-2.69,-0.13,11.52,0.58,-3.43,-0.17,396.05,0.04
780,Exit short,2026-05-06 09:30,long,2370.35,0.8479,1999.823024,-10,-0.50,3.02,0.15,-13.44,-0.67,386.05,0.04
780,Entry short,2026-05-06 07:15,short,2358.56,0.8479,1999.823024,-10,-0.50,3.02,0.15,-13.44,-0.67,386.05,0.04
781,Exit long,2026-05-06 13:15,short,2365.42,0.8437,1999.864295,-4.16,-0.21,8.88,0.44,-8.73,-0.44,381.89,0.04
781,Entry long,2026-05-06 09:30,long,2370.35,0.8437,1999.864295,-4.16,-0.21,8.88,0.44,-8.73,-0.44,381.89,0.04
782,Exit short,2026-05-06 14:45,long,2370.52,0.8455,1999.96261,-4.31,-0.22,8.81,0.44,-4.96,-0.25,377.58,0.04
782,Entry short,2026-05-06 13:15,short,2365.42,0.8455,1999.96261,-4.31,-0.22,8.81,0.44,-4.96,-0.25,377.58,0.04
783,Exit long,2026-05-06 20:45,short,2405.11,0.8436,1999.770672,29.18,1.46,44.9,2.25,-1.65,-0.08,406.76,0.04
783,Entry long,2026-05-06 14:45,long,2370.52,0.8436,1999.770672,29.18,1.46,44.9,2.25,-1.65,-0.08,406.76,0.04
784,Exit short,2026-05-07 01:15,long,2353.8,0.8315,1999.848965,42.66,2.13,48.58,2.43,0,0.00,449.43,0.04
784,Entry short,2026-05-06 20:45,short,2405.11,0.8315,1999.848965,42.66,2.13,48.58,2.43,0,0.00,449.43,0.04
785,Exit long,2026-05-07 02:00,short,2349.46,0.8496,1999.78848,-3.69,-0.18,0.77,0.04,-13.42,-0.67,445.74,0.04
785,Entry long,2026-05-07 01:15,long,2353.8,0.8496,1999.78848,-3.69,-0.18,0.77,0.04,-13.42,-0.67,445.74,0.04
786,Exit short,2026-05-07 04:15,long,2352.65,0.8512,1999.860352,-2.72,-0.14,6.53,0.33,-6.45,-0.32,443.02,0.04
786,Entry short,2026-05-07 02:00,short,2349.46,0.8512,1999.860352,-2.72,-0.14,6.53,0.33,-6.45,-0.32,443.02,0.04
787,Exit long,2026-05-07 06:30,short,2348.13,0.8501,1999.987765,-3.84,-0.19,4.08,0.20,-6.51,-0.33,439.18,0.04
787,Entry long,2026-05-07 04:15,long,2352.65,0.8501,1999.987765,-3.84,-0.19,4.08,0.20,-6.51,-0.33,439.18,0.04
788,Exit short,2026-05-07 08:00,long,2350,0.8517,1999.902321,-1.59,-0.08,8.39,0.42,-3.55,-0.18,437.59,0.04
788,Entry short,2026-05-07 06:30,short,2348.13,0.8517,1999.902321,-1.59,-0.08,8.39,0.42,-3.55,-0.18,437.59,0.04
789,Exit long,2026-05-07 08:45,short,2329.65,0.851,1999.85,-17.32,-0.87,0.19,0.01,-17.83,-0.89,420.27,0.04
789,Entry long,2026-05-07 08:00,long,2350,0.851,1999.85,-17.32,-0.87,0.19,0.01,-17.83,-0.89,420.27,0.04
790,Exit short,2026-05-07 12:30,long,2324.1,0.8584,1999.77156,4.76,0.24,13.53,0.68,-4.59,-0.23,425.03,0.04
790,Entry short,2026-05-07 08:45,short,2329.65,0.8584,1999.77156,4.76,0.24,13.53,0.68,-4.59,-0.23,425.03,0.04
791,Exit long,2026-05-07 17:00,short,2335.53,0.8605,1999.88805,9.84,0.49,19.61,0.98,-3.53,-0.18,434.87,0.04
791,Entry long,2026-05-07 12:30,long,2324.1,0.8605,1999.88805,9.84,0.49,19.61,0.98,-3.53,-0.18,434.87,0.04
792,Exit short,2026-05-07 19:15,long,2328.07,0.8563,1999.914339,6.39,0.32,15.57,0.78,-1.35,-0.07,441.26,0.04
792,Entry short,2026-05-07 17:00,short,2335.53,0.8563,1999.914339,6.39,0.32,15.57,0.78,-1.35,-0.07,441.26,0.04
793,Exit long,2026-05-07 21:30,short,2314.81,0.859,1999.81213,-11.39,-0.57,7.78,0.39,-11.4,-0.57,429.87,0.04
793,Entry long,2026-05-07 19:15,long,2328.07,0.859,1999.81213,-11.39,-0.57,7.78,0.39,-11.4,-0.57,429.87,0.04
794,Exit short,2026-05-08 02:00,long,2300.07,0.864,1999.99584,12.74,0.64,29.99,1.50,-3.4,-0.17,442.6,0.04
794,Entry short,2026-05-07 21:30,short,2314.81,0.864,1999.99584,12.74,0.64,29.99,1.50,-3.4,-0.17,442.6,0.04
795,Exit long,2026-05-08 02:45,short,2296.19,0.8695,1999.910865,-3.37,-0.17,3.42,0.17,-7.65,-0.38,439.23,0.04
795,Entry long,2026-05-08 02:00,long,2300.07,0.8695,1999.910865,-3.37,-0.17,3.42,0.17,-7.65,-0.38,439.23,0.04
796,Exit short,2026-05-08 04:15,long,2294.43,0.871,1999.98149,1.53,0.08,7.24,0.36,-5.56,-0.28,440.76,0.04
796,Entry short,2026-05-08 02:45,short,2296.19,0.871,1999.98149,1.53,0.08,7.24,0.36,-5.56,-0.28,440.76,0.04
797,Exit long,2026-05-08 05:00,short,2286.46,0.8716,1999.825188,-6.95,-0.35,0,0.00,-11.45,-0.57,433.82,0.04
797,Entry long,2026-05-08 04:15,long,2294.43,0.8716,1999.825188,-6.95,-0.35,0,0.00,-11.45,-0.57,433.82,0.04
798,Exit short,2026-05-08 07:15,long,2289.35,0.8747,1999.966562,-2.53,-0.13,4.74,0.24,-6.85,-0.34,431.29,0.04
798,Entry short,2026-05-08 05:00,short,2286.46,0.8747,1999.966562,-2.53,-0.13,4.74,0.24,-6.85,-0.34,431.29,0.04
799,Exit long,2026-05-08 08:45,short,2286.83,0.8736,1999.97616,-2.2,-0.11,4.31,0.22,-4.97,-0.25,429.09,0.04
799,Entry long,2026-05-08 07:15,long,2289.35,0.8736,1999.97616,-2.2,-0.11,4.31,0.22,-4.97,-0.25,429.09,0.04
800,Exit short,2026-05-08 12:30,long,2277.65,0.8745,1999.832835,8.03,0.40,18.56,0.93,-2.17,-0.11,437.11,0.04
800,Entry short,2026-05-08 08:45,short,2286.83,0.8745,1999.832835,8.03,0.40,18.56,0.93,-2.17,-0.11,437.11,0.04
801,Exit long,2026-05-08 13:15,short,2280.27,0.878,1999.7767,2.3,0.12,4.29,0.21,0,0.00,439.41,0.04
801,Entry long,2026-05-08 12:30,long,2277.65,0.878,1999.7767,2.3,0.12,4.29,0.21,0,0.00,439.41,0.04
802,Exit short,2026-05-08 16:15,long,2281.48,0.877,1999.79679,-1.06,-0.05,11.51,0.58,-3.27,-0.16,438.35,0.04
802,Entry short,2026-05-08 13:15,short,2280.27,0.877,1999.79679,-1.06,-0.05,11.51,0.58,-3.27,-0.16,438.35,0.04
803,Exit long,2026-05-08 21:30,short,2272.01,0.8766,1999.945368,-8.3,-0.42,17.99,0.90,-10.1,-0.50,430.05,0.04
803,Entry long,2026-05-08 16:15,long,2281.48,0.8766,1999.945368,-8.3,-0.42,17.99,0.90,-10.1,-0.50,430.05,0.04
804,Exit short,2026-05-08 23:00,long,2281.28,0.8802,1999.823202,-8.16,-0.41,0.63,0.03,-18.18,-0.91,421.89,0.04
804,Entry short,2026-05-08 21:30,short,2272.01,0.8802,1999.823202,-8.16,-0.41,0.63,0.03,-18.18,-0.91,421.89,0.04
805,Exit long,2026-05-09 05:00,short,2305.64,0.8767,1999.998176,21.36,1.07,35.02,1.75,-5.56,-0.28,443.25,0.04
805,Entry long,2026-05-08 23:00,long,2281.28,0.8767,1999.998176,21.36,1.07,35.02,1.75,-5.56,-0.28,443.25,0.04
806,Exit short,2026-05-09 05:45,long,2314.63,0.8674,1999.912136,-7.8,-0.39,0.1,0.00,-8.07,-0.40,435.45,0.04
806,Entry short,2026-05-09 05:00,short,2305.64,0.8674,1999.912136,-7.8,-0.39,0.1,0.00,-8.07,-0.40,435.45,0.04
807,Exit long,2026-05-09 07:15,short,2308.01,0.864,1999.84032,-5.72,-0.29,3.91,0.20,-7.36,-0.37,429.73,0.04
807,Entry long,2026-05-09 05:45,long,2314.63,0.864,1999.84032,-5.72,-0.29,3.91,0.20,-7.36,-0.37,429.73,0.04
808,Exit short,2026-05-09 08:45,long,2308.55,0.8665,1999.890665,-0.47,-0.02,4.18,0.21,-3.48,-0.17,429.26,0.04
808,Entry short,2026-05-09 07:15,short,2308.01,0.8665,1999.890665,-0.47,-0.02,4.18,0.21,-3.48,-0.17,429.26,0.04
809,Exit long,2026-05-09 11:45,short,2315.33,0.8663,1999.896865,5.87,0.29,10.59,0.53,-0.28,-0.01,435.14,0.04
809,Entry long,2026-05-09 08:45,long,2308.55,0.8663,1999.896865,5.87,0.29,10.59,0.53,-0.28,-0.01,435.14,0.04
810,Exit short,2026-05-09 12:30,long,2313.38,0.8638,1999.982054,1.68,0.08,2.26,0.11,-8.64,-0.43,436.82,0.04
810,Entry short,2026-05-09 11:45,short,2315.33,0.8638,1999.982054,1.68,0.08,2.26,0.11,-8.64,-0.43,436.82,0.04
811,Exit long,2026-05-09 13:15,short,2315.56,0.8645,1999.91701,1.88,0.09,3.35,0.17,-2.14,-0.11,438.71,0.04
811,Entry long,2026-05-09 12:30,long,2313.38,0.8645,1999.91701,1.88,0.09,3.35,0.17,-2.14,-0.11,438.71,0.04
812,Exit short,2026-05-09 15:30,long,2315.99,0.8637,1999.949172,-0.37,-0.02,3.64,0.18,-3.48,-0.17,438.33,0.04
812,Entry short,2026-05-09 13:15,short,2315.56,0.8637,1999.949172,-0.37,-0.02,3.64,0.18,-3.48,-0.17,438.33,0.04
813,Exit long,2026-05-09 17:45,short,2313.28,0.8635,1999.857365,-2.34,-0.12,3.92,0.20,-3.99,-0.20,435.99,0.04
813,Entry long,2026-05-09 15:30,long,2315.99,0.8635,1999.857365,-2.34,-0.12,3.92,0.20,-3.99,-0.20,435.99,0.04
814,Exit short,2026-05-09 19:15,long,2315.2,0.8645,1999.83056,-1.66,-0.08,2.63,0.13,-1.88,-0.09,434.33,0.04
814,Entry short,2026-05-09 17:45,short,2313.28,0.8645,1999.83056,-1.66,-0.08,2.63,0.13,-1.88,-0.09,434.33,0.04
815,Exit long,2026-05-09 21:30,short,2313.01,0.8638,1999.86976,-1.89,-0.09,2.65,0.13,-3.03,-0.15,432.44,0.04
815,Entry long,2026-05-09 19:15,long,2315.2,0.8638,1999.86976,-1.89,-0.09,2.65,0.13,-3.03,-0.15,432.44,0.04
816,Exit short,2026-05-09 23:45,long,2317.63,0.8646,1999.828446,-3.99,-0.20,11.25,0.56,-4,-0.20,428.45,0.04
816,Entry short,2026-05-09 21:30,short,2313.01,0.8646,1999.828446,-3.99,-0.20,11.25,0.56,-4,-0.20,428.45,0.04
817,Exit long,2026-05-10 04:15,short,2328.73,0.8629,1999.882927,9.58,0.48,17.9,0.89,-2.02,-0.10,438.03,0.04
817,Entry long,2026-05-09 23:45,long,2317.63,0.8629,1999.882927,9.58,0.48,17.9,0.89,-2.02,-0.10,438.03,0.04
818,Exit short,2026-05-10 05:00,long,2330.62,0.8588,1999.913324,-1.62,-0.08,1.26,0.06,-2.39,-0.12,436.4,0.04
818,Entry short,2026-05-10 04:15,short,2328.73,0.8588,1999.913324,-1.62,-0.08,1.26,0.06,-2.39,-0.12,436.4,0.04
819,Exit long,2026-05-10 07:15,short,2326.39,0.8581,1999.905022,-3.63,-0.18,2.45,0.12,-4.15,-0.21,432.77,0.04
819,Entry long,2026-05-10 05:00,long,2330.62,0.8581,1999.905022,-3.63,-0.18,2.45,0.12,-4.15,-0.21,432.77,0.04
820,Exit short,2026-05-10 11:00,long,2328.13,0.8597,1999.997483,-1.5,-0.07,6.93,0.35,-2.85,-0.14,431.28,0.04
820,Entry short,2026-05-10 07:15,short,2326.39,0.8597,1999.997483,-1.5,-0.07,6.93,0.35,-2.85,-0.14,431.28,0.04
821,Exit long,2026-05-10 14:00,short,2329.01,0.859,1999.86367,0.76,0.04,4.11,0.21,-3.81,-0.19,432.03,0.04
821,Entry long,2026-05-10 11:00,long,2328.13,0.859,1999.86367,0.76,0.04,4.11,0.21,-3.81,-0.19,432.03,0.04
822,Exit short,2026-05-10 14:45,long,2329.3,0.8587,1999.920887,-0.25,-0.01,2.03,0.10,-1.49,-0.07,431.78,0.04
822,Entry short,2026-05-10 14:00,short,2329.01,0.8587,1999.920887,-0.25,-0.01,2.03,0.10,-1.49,-0.07,431.78,0.04
823,Exit long,2026-05-10 16:15,short,2330.53,0.8586,1999.93698,1.06,0.05,2.4,0.12,-2.7,-0.13,432.84,0.04
823,Entry long,2026-05-10 14:45,long,2329.3,0.8586,1999.93698,1.06,0.05,2.4,0.12,-2.7,-0.13,432.84,0.04
824,Exit short,2026-05-10 17:00,long,2330.75,0.8581,1999.827793,-0.19,-0.01,1.4,0.07,-2.63,-0.13,432.65,0.04
824,Entry short,2026-05-10 16:15,short,2330.53,0.8581,1999.827793,-0.19,-0.01,1.4,0.07,-2.63,-0.13,432.65,0.04
825,Exit long,2026-05-10 17:45,short,2328.22,0.858,1999.7835,-2.17,-0.11,0.17,0.01,-3.29,-0.16,430.48,0.04
825,Entry long,2026-05-10 17:00,long,2330.75,0.858,1999.7835,-2.17,-0.11,0.17,0.01,-3.29,-0.16,430.48,0.04
826,Exit short,2026-05-10 21:30,long,2329.34,0.859,1999.94098,-0.96,-0.05,7.92,0.40,-3.24,-0.16,429.52,0.04
826,Entry short,2026-05-10 17:45,short,2328.22,0.859,1999.94098,-0.96,-0.05,7.92,0.40,-3.24,-0.16,429.52,0.04
827,Exit long,2026-05-11 04:15,short,2353.55,0.8586,1999.971324,20.79,1.04,34.79,1.74,-2.06,-0.10,450.31,0.05
827,Entry long,2026-05-10 21:30,long,2329.34,0.8586,1999.971324,20.79,1.04,34.79,1.74,-2.06,-0.10,450.31,0.05
828,Exit short,2026-05-11 06:30,long,2366.51,0.8497,1999.811435,-11.01,-0.55,35.45,1.77,-17.42,-0.87,439.29,0.04
828,Entry short,2026-05-11 04:15,short,2353.55,0.8497,1999.811435,-11.01,-0.55,35.45,1.77,-17.42,-0.87,439.29,0.04
829,Exit long,2026-05-11 08:45,short,2352.35,0.8451,1999.937601,-11.97,-0.60,13.54,0.68,-18.52,-0.93,427.33,0.04
829,Entry long,2026-05-11 06:30,long,2366.51,0.8451,1999.937601,-11.97,-0.60,13.54,0.68,-18.52,-0.93,427.33,0.04
830,Exit short,2026-05-11 09:30,long,2358.54,0.8502,1999.96797,-5.26,-0.26,5.97,0.30,-11.25,-0.56,422.06,0.04
830,Entry short,2026-05-11 08:45,short,2352.35,0.8502,1999.96797,-5.26,-0.26,5.97,0.30,-11.25,-0.56,422.06,0.04
831,Exit long,2026-05-11 10:15,short,2350.19,0.8479,1999.806066,-7.08,-0.35,2.93,0.15,-9.65,-0.48,414.98,0.04
831,Entry long,2026-05-11 09:30,long,2358.54,0.8479,1999.806066,-7.08,-0.35,2.93,0.15,-9.65,-0.48,414.98,0.04
832,Exit short,2026-05-11 17:00,long,2336.62,0.8509,1999.776671,11.55,0.58,25.68,1.28,-0.44,-0.02,426.53,0.04
832,Entry short,2026-05-11 10:15,short,2350.19,0.8509,1999.776671,11.55,0.58,25.68,1.28,-0.44,-0.02,426.53,0.04
833,Exit long,2026-05-11 19:15,short,2333.4,0.8559,1999.913058,-2.76,-0.14,2.81,0.14,-7.87,-0.39,423.78,0.04
833,Entry long,2026-05-11 17:00,long,2336.62,0.8559,1999.913058,-2.76,-0.14,2.81,0.14,-7.87,-0.39,423.78,0.04
834,Exit short,2026-05-11 20:00,long,2330.13,0.8571,1999.95714,2.8,0.14,3.58,0.18,-2.65,-0.13,426.58,0.04
834,Entry short,2026-05-11 19:15,short,2333.4,0.8571,1999.95714,2.8,0.14,3.58,0.18,-2.65,-0.13,426.58,0.04
835,Exit long,2026-05-11 20:45,short,2329.5,0.8583,1999.950579,-0.54,-0.03,7.52,0.38,-1.15,-0.06,426.04,0.04
835,Entry long,2026-05-11 20:00,long,2330.13,0.8583,1999.950579,-0.54,-0.03,7.52,0.38,-1.15,-0.06,426.04,0.04
836,Exit short,2026-05-11 23:45,long,2333.48,0.8585,1999.87575,-3.42,-0.17,21.89,1.09,-5.24,-0.26,422.62,0.04
836,Entry short,2026-05-11 20:45,short,2329.5,0.8585,1999.87575,-3.42,-0.17,21.89,1.09,-5.24,-0.26,422.62,0.04
837,Exit long,2026-05-12 01:15,short,2329.57,0.857,1999.79236,-3.35,-0.17,6.62,0.33,-8.4,-0.42,419.27,0.04
837,Entry long,2026-05-11 23:45,long,2333.48,0.857,1999.79236,-3.35,-0.17,6.62,0.33,-8.4,-0.42,419.27,0.04
838,Exit short,2026-05-12 02:00,long,2340.89,0.8585,1999.935845,-9.72,-0.49,1.4,0.07,-12.24,-0.61,409.55,0.04
838,Entry short,2026-05-12 01:15,short,2329.57,0.8585,1999.935845,-9.72,-0.49,1.4,0.07,-12.24,-0.61,409.55,0.04
839,Exit long,2026-05-12 06:30,short,2340.77,0.8543,1999.822327,-0.1,-0.01,4.09,0.20,-7.66,-0.38,409.45,0.04
839,Entry long,2026-05-12 02:00,long,2340.89,0.8543,1999.822327,-0.1,-0.01,4.09,0.20,-7.66,-0.38,409.45,0.04
840,Exit short,2026-05-12 08:00,long,2336.32,0.8544,1999.953888,3.8,0.19,4.86,0.24,-3.61,-0.18,413.25,0.04
840,Entry short,2026-05-12 06:30,short,2340.77,0.8544,1999.953888,3.8,0.19,4.86,0.24,-3.61,-0.18,413.25,0.04
841,Exit long,2026-05-12 08:45,short,2333.54,0.856,1999.88992,-2.38,-0.12,1.4,0.07,-3.59,-0.18,410.87,0.04
841,Entry long,2026-05-12 08:00,long,2336.32,0.856,1999.88992,-2.38,-0.12,1.4,0.07,-3.59,-0.18,410.87,0.04
842,Exit short,2026-05-12 17:45,long,2292.84,0.857,1999.84378,34.88,1.74,45.88,2.29,-1.82,-0.09,445.75,0.04
842,Entry short,2026-05-12 08:45,short,2333.54,0.857,1999.84378,34.88,1.74,45.88,2.29,-1.82,-0.09,445.75,0.04
843,Exit long,2026-05-12 18:30,short,2284.99,0.8722,1999.815048,-6.85,-0.34,0.91,0.05,-8.56,-0.43,438.9,0.04
843,Entry long,2026-05-12 17:45,long,2292.84,0.8722,1999.815048,-6.85,-0.34,0.91,0.05,-8.56,-0.43,438.9,0.04
844,Exit short,2026-05-12 20:00,long,2288.09,0.8752,1999.823248,-2.71,-0.14,5.62,0.28,-3.38,-0.17,436.19,0.04
844,Entry short,2026-05-12 18:30,short,2284.99,0.8752,1999.823248,-2.71,-0.14,5.62,0.28,-3.38,-0.17,436.19,0.04
845,Exit long,2026-05-12 21:30,short,2280.11,0.874,1999.79066,-6.97,-0.35,5.17,0.26,-11.43,-0.57,429.22,0.04
845,Entry long,2026-05-12 20:00,long,2288.09,0.874,1999.79066,-6.97,-0.35,5.17,0.26,-11.43,-0.57,429.22,0.04
846,Exit short,2026-05-13 01:15,long,2275,0.8771,1999.884481,4.48,0.22,20.91,1.05,-3.35,-0.17,433.7,0.04
846,Entry short,2026-05-12 21:30,short,2280.11,0.8771,1999.884481,4.48,0.22,20.91,1.05,-3.35,-0.17,433.7,0.04
847,Exit long,2026-05-13 07:15,short,2282.88,0.8791,1999.9525,6.93,0.35,14.39,0.72,-0.67,-0.03,440.63,0.04
847,Entry long,2026-05-13 01:15,long,2275,0.8791,1999.9525,6.93,0.35,14.39,0.72,-0.67,-0.03,440.63,0.04
848,Exit short,2026-05-13 08:45,long,2281.56,0.876,1999.80288,1.16,0.06,8.36,0.42,-3.43,-0.17,441.78,0.04
848,Entry short,2026-05-13 07:15,short,2282.88,0.876,1999.80288,1.16,0.06,8.36,0.42,-3.43,-0.17,441.78,0.04
849,Exit long,2026-05-13 14:00,short,2303.53,0.8765,1999.78734,19.26,0.96,24.05,1.20,-0.5,-0.02,461.04,0.05
849,Entry long,2026-05-13 08:45,long,2281.56,0.8765,1999.78734,19.26,0.96,24.05,1.20,-0.5,-0.02,461.04,0.05
850,Exit short,2026-05-13 14:45,long,2301.84,0.8682,1999.924746,1.47,0.07,2.01,0.10,-1.39,-0.07,462.51,0.05
850,Entry short,2026-05-13 14:00,short,2303.53,0.8682,1999.924746,1.47,0.07,2.01,0.10,-1.39,-0.07,462.51,0.05
851,Exit long,2026-05-13 15:30,short,2300.94,0.8688,1999.838592,-0.78,-0.04,1.03,0.05,-4.25,-0.21,461.72,0.05
851,Entry long,2026-05-13 14:45,long,2301.84,0.8688,1999.838592,-0.78,-0.04,1.03,0.05,-4.25,-0.21,461.72,0.05
852,Exit short,2026-05-13 16:15,long,2303.03,0.8692,1999.977048,-1.82,-0.09,2.18,0.11,-4.28,-0.21,459.91,0.05
852,Entry short,2026-05-13 15:30,short,2300.94,0.8692,1999.977048,-1.82,-0.09,2.18,0.11,-4.28,-0.21,459.91,0.05
853,Exit long,2026-05-13 18:30,short,2306.95,0.8684,1999.951252,3.4,0.17,17.65,0.88,-2,-0.10,463.31,0.05
853,Entry long,2026-05-13 16:15,long,2303.03,0.8684,1999.951252,3.4,0.17,17.65,0.88,-2,-0.10,463.31,0.05
854,Exit short,2026-05-14 02:00,long,2262.2,0.8669,1999.894955,38.79,1.94,63.13,3.16,-2.64,-0.13,502.11,0.05
854,Entry short,2026-05-13 18:30,short,2306.95,0.8669,1999.894955,38.79,1.94,63.13,3.16,-2.64,-0.13,502.11,0.05
855,Exit long,2026-05-14 03:30,short,2255.85,0.884,1999.7848,-5.61,-0.28,5.56,0.28,-10.29,-0.51,496.49,0.05
855,Entry long,2026-05-14 02:00,long,2262.2,0.884,1999.7848,-5.61,-0.28,5.56,0.28,-10.29,-0.51,496.49,0.05
856,Exit short,2026-05-14 04:15,long,2260.24,0.8865,1999.811025,-3.89,-0.19,1.28,0.06,-5.9,-0.30,492.6,0.05
856,Entry short,2026-05-14 03:30,short,2255.85,0.8865,1999.811025,-3.89,-0.19,1.28,0.06,-5.9,-0.30,492.6,0.05
857,Exit long,2026-05-14 05:45,short,2255.79,0.8848,1999.860352,-3.94,-0.20,3.73,0.19,-5.79,-0.29,488.66,0.05
857,Entry long,2026-05-14 04:15,long,2260.24,0.8848,1999.860352,-3.94,-0.20,3.73,0.19,-5.79,-0.29,488.66,0.05
858,Exit short,2026-05-14 07:15,long,2257.61,0.8866,1999.983414,-1.61,-0.08,4.25,0.21,-5.32,-0.27,487.05,0.05
858,Entry short,2026-05-14 05:45,short,2255.79,0.8866,1999.983414,-1.61,-0.08,4.25,0.21,-5.32,-0.27,487.05,0.05
859,Exit long,2026-05-14 10:15,short,2263.57,0.8858,1999.790938,5.28,0.26,10.42,0.52,-2.46,-0.12,492.33,0.05
859,Entry long,2026-05-14 07:15,long,2257.61,0.8858,1999.790938,5.28,0.26,10.42,0.52,-2.46,-0.12,492.33,0.05
860,Exit short,2026-05-14 13:15,long,2261.46,0.8835,1999.864095,1.86,0.09,22.03,1.10,0,0.00,494.19,0.05
860,Entry short,2026-05-14 10:15,short,2263.57,0.8835,1999.864095,1.86,0.09,22.03,1.10,0,0.00,494.19,0.05
861,Exit long,2026-05-14 17:00,short,2264.48,0.8843,1999.809078,2.67,0.13,12.15,0.61,-0.01,0.00,496.86,0.05
861,Entry long,2026-05-14 13:15,long,2261.46,0.8843,1999.809078,2.67,0.13,12.15,0.61,-0.01,0.00,496.86,0.05
862,Exit short,2026-05-14 18:30,long,2257.52,0.8832,1999.988736,6.15,0.31,10.35,0.52,-0.91,-0.05,503.01,0.05
862,Entry short,2026-05-14 17:00,short,2264.48,0.8832,1999.988736,6.15,0.31,10.35,0.52,-0.91,-0.05,503.01,0.05
863,Exit long,2026-05-14 19:15,short,2257,0.8859,1999.936968,-0.46,-0.02,5.74,0.29,-1.96,-0.10,502.55,0.05
863,Entry long,2026-05-14 18:30,long,2257.52,0.8859,1999.936968,-0.46,-0.02,5.74,0.29,-1.96,-0.10,502.55,0.05
864,Exit short,2026-05-14 20:45,long,2261.48,0.8861,1999.9277,-3.97,-0.20,7.97,0.40,-5.53,-0.28,498.58,0.05
864,Entry short,2026-05-14 19:15,short,2257,0.8861,1999.9277,-3.97,-0.20,7.97,0.40,-5.53,-0.28,498.58,0.05
865,Exit long,2026-05-14 22:15,short,2264.89,0.8843,1999.826764,3.02,0.15,6.65,0.33,-13.57,-0.68,501.6,0.05
865,Entry long,2026-05-14 20:45,long,2261.48,0.8843,1999.826764,3.02,0.15,6.65,0.33,-13.57,-0.68,501.6,0.05
866,Exit short,2026-05-14 23:00,long,2283.36,0.883,1999.89787,-16.31,-0.82,1.37,0.07,-23.27,-1.16,485.29,0.05
866,Entry short,2026-05-14 22:15,short,2264.89,0.883,1999.89787,-16.31,-0.82,1.37,0.07,-23.27,-1.16,485.29,0.05
867,Exit long,2026-05-15 03:30,short,2299.92,0.8759,1999.995024,14.5,0.73,31.51,1.58,-1.34,-0.07,499.79,0.05
867,Entry long,2026-05-14 23:00,long,2283.36,0.8759,1999.995024,14.5,0.73,31.51,1.58,-1.34,-0.07,499.79,0.05
868,Exit short,2026-05-15 15:30,long,2266.45,0.8695,1999.78044,29.1,1.46,53.88,2.69,-1.52,-0.08,528.89,0.05
868,Entry short,2026-05-15 03:30,short,2299.92,0.8695,1999.78044,29.1,1.46,53.88,2.69,-1.52,-0.08,528.89,0.05
869,Exit long,2026-05-15 17:00,short,2255.86,0.8824,1999.91548,-9.34,-0.47,1.11,0.06,-14.52,-0.73,519.55,0.05
869,Entry long,2026-05-15 15:30,long,2266.45,0.8824,1999.91548,-9.34,-0.47,1.11,0.06,-14.52,-0.73,519.55,0.05
870,Exit short,2026-05-15 19:15,long,2260.21,0.8865,1999.81989,-3.86,-0.19,4.47,0.22,-7.65,-0.38,515.69,0.05
870,Entry short,2026-05-15 17:00,short,2255.86,0.8865,1999.81989,-3.86,-0.19,4.47,0.22,-7.65,-0.38,515.69,0.05
871,Exit long,2026-05-15 20:45,short,2254.29,0.8848,1999.833808,-5.24,-0.26,1.64,0.08,-8.03,-0.40,510.45,0.05
871,Entry long,2026-05-15 19:15,long,2260.21,0.8848,1999.833808,-5.24,-0.26,1.64,0.08,-8.03,-0.40,510.45,0.05
872,Exit short,2026-05-16 00:30,long,2225.08,0.8871,1999.780659,25.91,1.30,43.63,2.18,0,0.00,536.37,0.05
872,Entry short,2026-05-15 20:45,short,2254.29,0.8871,1999.780659,25.91,1.30,43.63,2.18,0,0.00,536.37,0.05
873,Exit long,2026-05-16 03:30,short,2223.6,0.8988,1999.901904,-1.33,-0.07,7.01,0.35,-5.55,-0.28,535.04,0.05
873,Entry long,2026-05-16 00:30,long,2225.08,0.8988,1999.901904,-1.33,-0.07,7.01,0.35,-5.55,-0.28,535.04,0.05
874,Exit short,2026-05-16 07:15,long,2225.07,0.8994,1999.90584,-1.32,-0.07,7.73,0.39,-2.28,-0.11,533.71,0.05
874,Entry short,2026-05-16 03:30,short,2223.6,0.8994,1999.90584,-1.32,-0.07,7.73,0.39,-2.28,-0.11,533.71,0.05
875,Exit long,2026-05-16 09:30,short,2224.31,0.8988,1999.892916,-0.68,-0.03,5.79,0.29,-1.58,-0.08,533.03,0.05
875,Entry long,2026-05-16 07:15,long,2225.07,0.8988,1999.892916,-0.68,-0.03,5.79,0.29,-1.58,-0.08,533.03,0.05
876,Exit short,2026-05-16 10:15,long,2228.62,0.8991,1999.877121,-3.88,-0.19,0,0.00,-6.46,-0.32,529.16,0.05
876,Entry short,2026-05-16 09:30,short,2224.31,0.8991,1999.877121,-3.88,-0.19,0,0.00,-6.46,-0.32,529.16,0.05
877,Exit long,2026-05-16 11:45,short,2228.01,0.8974,1999.963588,-0.55,-0.03,1.81,0.09,-1.45,-0.07,528.61,0.05
877,Entry long,2026-05-16 10:15,long,2228.62,0.8974,1999.963588,-0.55,-0.03,1.81,0.09,-1.45,-0.07,528.61,0.05
878,Exit short,2026-05-16 20:00,long,2176.94,0.8976,1999.861776,45.84,2.29,58.76,2.94,-0.85,-0.04,574.45,0.06
878,Entry short,2026-05-16 11:45,short,2228.01,0.8976,1999.861776,45.84,2.29,58.76,2.94,-0.85,-0.04,574.45,0.06
879,Exit long,2026-05-17 00:30,short,2171.96,0.9187,1999.954778,-4.58,-0.23,10.31,0.52,-5.92,-0.30,569.87,0.06
879,Entry long,2026-05-16 20:00,long,2176.94,0.9187,1999.954778,-4.58,-0.23,10.31,0.52,-5.92,-0.30,569.87,0.06
880,Exit short,2026-05-17 02:00,long,2178.47,0.9208,1999.940768,-5.99,-0.30,0.01,0.00,-8.2,-0.41,563.88,0.06
880,Entry short,2026-05-17 00:30,short,2171.96,0.9208,1999.940768,-5.99,-0.30,0.01,0.00,-8.2,-0.41,563.88,0.06
881,Exit long,2026-05-17 07:15,short,2182.08,0.918,1999.83546,3.31,0.17,6.2,0.31,-1.94,-0.10,567.19,0.06
881,Entry long,2026-05-17 02:00,long,2178.47,0.918,1999.83546,3.31,0.17,6.2,0.31,-1.94,-0.10,567.19,0.06
882,Exit short,2026-05-17 11:45,long,2181.7,0.9165,1999.87632,0.35,0.02,12.92,0.65,-3.23,-0.16,567.54,0.06
882,Entry short,2026-05-17 07:15,short,2182.08,0.9165,1999.87632,0.35,0.02,12.92,0.65,-3.23,-0.16,567.54,0.06
883,Exit long,2026-05-17 14:45,short,2185.02,0.9167,1999.96439,3.04,0.15,12.19,0.61,-0.51,-0.03,570.59,0.06
883,Entry long,2026-05-17 11:45,long,2181.7,0.9167,1999.96439,3.04,0.15,12.19,0.61,-0.51,-0.03,570.59,0.06
884,Exit short,2026-05-17 15:30,long,2185.84,0.9153,1999.948806,-0.75,-0.04,2.28,0.11,-3.18,-0.16,569.84,0.06
884,Entry short,2026-05-17 14:45,short,2185.02,0.9153,1999.948806,-0.75,-0.04,2.28,0.11,-3.18,-0.16,569.84,0.06
885,Exit long,2026-05-17 21:30,short,2193.37,0.9149,1999.825016,6.89,0.34,11.25,0.56,-2.49,-0.12,576.72,0.06
885,Entry long,2026-05-17 15:30,long,2185.84,0.9149,1999.825016,6.89,0.34,11.25,0.56,-2.49,-0.12,576.72,0.06
886,Exit short,2026-05-18 02:45,long,2188.49,0.9118,1999.914766,4.45,0.22,15.26,0.76,-1.23,-0.06,581.17,0.06
886,Entry short,2026-05-17 21:30,short,2193.37,0.9118,1999.914766,4.45,0.22,15.26,0.76,-1.23,-0.06,581.17,0.06
887,Exit long,2026-05-18 06:30,short,2182.32,0.9138,1999.842162,-5.64,-0.28,5.78,0.29,-10.3,-0.51,575.54,0.06
887,Entry long,2026-05-18 02:45,long,2188.49,0.9138,1999.842162,-5.64,-0.28,5.78,0.29,-10.3,-0.51,575.54,0.06
888,Exit short,2026-05-18 11:45,long,2118.44,0.9164,1999.878048,58.54,2.93,83.25,4.16,-0.05,0.00,634.08,0.06
888,Entry short,2026-05-18 06:30,short,2182.32,0.9164,1999.878048,58.54,2.93,83.25,4.16,-0.05,0.00,634.08,0.06
889,Exit long,2026-05-18 12:30,short,2122.06,0.944,1999.80736,3.42,0.17,3.85,0.19,-3.96,-0.20,637.49,0.06
889,Entry long,2026-05-18 11:45,long,2118.44,0.944,1999.80736,3.42,0.17,3.85,0.19,-3.96,-0.20,637.49,0.06
890,Exit short,2026-05-18 13:15,long,2124.04,0.9424,1999.829344,-1.87,-0.09,2.22,0.11,-3.55,-0.18,635.63,0.06
890,Entry short,2026-05-18 12:30,short,2122.06,0.9424,1999.829344,-1.87,-0.09,2.22,0.11,-3.55,-0.18,635.63,0.06
891,Exit long,2026-05-18 17:45,short,2116.88,0.9416,1999.996064,-6.74,-0.34,1.26,0.06,-13.22,-0.66,628.88,0.06
891,Entry long,2026-05-18 13:15,long,2124.04,0.9416,1999.996064,-6.74,-0.34,1.26,0.06,-13.22,-0.66,628.88,0.06
892,Exit short,2026-05-18 20:00,long,2143.91,0.9447,1999.816536,-25.54,-1.28,6.03,0.30,-29.57,-1.48,603.35,0.06
892,Entry short,2026-05-18 17:45,short,2116.88,0.9447,1999.816536,-25.54,-1.28,6.03,0.30,-29.57,-1.48,603.35,0.06
893,Exit long,2026-05-18 22:15,short,2117.05,0.9328,1999.839248,-25.06,-1.25,12.43,0.62,-27.02,-1.35,578.29,0.06
893,Entry long,2026-05-18 20:00,long,2143.91,0.9328,1999.839248,-25.06,-1.25,12.43,0.62,-27.02,-1.35,578.29,0.06
894,Exit short,2026-05-19 02:00,long,2100.72,0.9447,1999.977135,15.43,0.77,25.03,1.25,-1.84,-0.09,593.72,0.06
894,Entry short,2026-05-18 22:15,short,2117.05,0.9447,1999.977135,15.43,0.77,25.03,1.25,-1.84,-0.09,593.72,0.06
895,Exit long,2026-05-19 02:45,short,2081.32,0.952,1999.88544,-18.47,-0.92,0,0.00,-22.36,-1.12,575.25,0.06
895,Entry long,2026-05-19 02:00,long,2100.72,0.952,1999.88544,-18.47,-0.92,0,0.00,-22.36,-1.12,575.25,0.06
896,Exit short,2026-05-19 03:30,long,2116.66,0.9609,1999.940388,-33.96,-1.70,1.61,0.08,-34.59,-1.73,541.29,0.05
896,Entry short,2026-05-19 02:45,short,2081.32,0.9609,1999.940388,-33.96,-1.70,1.61,0.08,-34.59,-1.73,541.29,0.05
897,Exit long,2026-05-19 08:00,short,2132.79,0.9448,1999.820368,15.24,0.76,24.57,1.23,-1.96,-0.10,556.53,0.06
897,Entry long,2026-05-19 03:30,long,2116.66,0.9448,1999.820368,15.24,0.76,24.57,1.23,-1.96,-0.10,556.53,0.06
898,Exit short,2026-05-19 08:45,long,2135.88,0.9377,1999.917183,-2.9,-0.14,0.97,0.05,-13.28,-0.66,553.64,0.06
898,Entry short,2026-05-19 08:00,short,2132.79,0.9377,1999.917183,-2.9,-0.14,0.97,0.05,-13.28,-0.66,553.64,0.06
899,Exit long,2026-05-19 09:30,short,2131.2,0.9363,1999.824444,-4.38,-0.22,2.36,0.12,-11.39,-0.57,549.25,0.05
899,Entry long,2026-05-19 08:45,long,2135.88,0.9363,1999.824444,-4.38,-0.22,2.36,0.12,-11.39,-0.57,549.25,0.05
900,Exit short,2026-05-19 11:45,long,2131.3,0.9384,1999.91808,-0.09,0.00,11.82,0.59,-4.19,-0.21,549.16,0.05
900,Entry short,2026-05-19 09:30,short,2131.2,0.9384,1999.91808,-0.09,0.00,11.82,0.59,-4.19,-0.21,549.16,0.05
901,Exit long,2026-05-19 16:15,short,2134.14,0.9383,1999.79879,2.66,0.13,12.85,0.64,-7.22,-0.36,551.83,0.06
901,Entry long,2026-05-19 11:45,long,2131.3,0.9383,1999.79879,2.66,0.13,12.85,0.64,-7.22,-0.36,551.83,0.06
902,Exit short,2026-05-19 20:45,long,2118.49,0.9371,1999.902594,14.67,0.73,25.65,1.28,-6.7,-0.34,566.49,0.06
902,Entry short,2026-05-19 16:15,short,2134.14,0.9371,1999.902594,14.67,0.73,25.65,1.28,-6.7,-0.34,566.49,0.06
903,Exit long,2026-05-19 21:30,short,2112.8,0.944,1999.85456,-5.37,-0.27,8.53,0.43,-10.23,-0.51,561.12,0.06
903,Entry long,2026-05-19 20:45,long,2118.49,0.944,1999.85456,-5.37,-0.27,8.53,0.43,-10.23,-0.51,561.12,0.06
904,Exit short,2026-05-19 23:45,long,2110.19,0.9466,1999.97648,2.47,0.12,17.35,0.87,-11.97,-0.60,563.59,0.06
904,Entry short,2026-05-19 21:30,short,2112.8,0.9466,1999.97648,2.47,0.12,17.35,0.87,-11.97,-0.60,563.59,0.06
905,Exit long,2026-05-20 03:30,short,2114.12,0.9477,1999.827063,3.72,0.19,14.1,0.71,-2.91,-0.15,567.32,0.06
905,Entry long,2026-05-19 23:45,long,2110.19,0.9477,1999.827063,3.72,0.19,14.1,0.71,-2.91,-0.15,567.32,0.06
906,Exit short,2026-05-20 04:15,long,2115.61,0.946,1999.95752,-1.41,-0.07,3.19,0.16,-2.55,-0.13,565.91,0.06
906,Entry short,2026-05-20 03:30,short,2114.12,0.946,1999.95752,-1.41,-0.07,3.19,0.16,-2.55,-0.13,565.91,0.06
907,Exit long,2026-05-20 06:30,short,2107.58,0.9453,1999.886133,-7.59,-0.38,4.71,0.24,-12.78,-0.64,558.31,0.06
907,Entry long,2026-05-20 04:15,long,2115.61,0.9453,1999.886133,-7.59,-0.38,4.71,0.24,-12.78,-0.64,558.31,0.06
908,Exit short,2026-05-20 08:00,long,2104.96,0.9489,1999.882662,2.49,0.12,2.77,0.14,-10.53,-0.53,560.8,0.06
908,Entry short,2026-05-20 06:30,short,2107.58,0.9489,1999.882662,2.49,0.12,2.77,0.14,-10.53,-0.53,560.8,0.06
909,Exit long,2026-05-20 08:45,short,2111.29,0.9501,1999.922496,6.01,0.30,10.44,0.52,-1.58,-0.08,566.82,0.06
909,Entry long,2026-05-20 08:00,long,2104.96,0.9501,1999.922496,6.01,0.30,10.44,0.52,-1.58,-0.08,566.82,0.06
910,Exit short,2026-05-20 10:15,long,2112.36,0.9472,1999.813888,-1.01,-0.05,7.58,0.38,-7.53,-0.38,565.8,0.06
910,Entry short,2026-05-20 08:45,short,2111.29,0.9472,1999.813888,-1.01,-0.05,7.58,0.38,-7.53,-0.38,565.8,0.06
911,Exit long,2026-05-20 11:00,short,2107.75,0.9468,1999.982448,-4.36,-0.22,0,0.00,-6.01,-0.30,561.44,0.06
911,Entry long,2026-05-20 10:15,long,2112.36,0.9468,1999.982448,-4.36,-0.22,0,0.00,-6.01,-0.30,561.44,0.06
912,Exit short,2026-05-20 11:45,long,2111.6,0.9488,1999.8332,-3.65,-0.18,0.15,0.01,-8.11,-0.41,557.78,0.06
912,Entry short,2026-05-20 11:00,short,2107.75,0.9488,1999.8332,-3.65,-0.18,0.15,0.01,-8.11,-0.41,557.78,0.06
913,Exit long,2026-05-20 17:45,short,2129.36,0.9471,1999.89636,16.82,0.84,25,1.25,-4.07,-0.20,574.6,0.06
913,Entry long,2026-05-20 11:45,long,2111.6,0.9471,1999.89636,16.82,0.84,25,1.25,-4.07,-0.20,574.6,0.06
914,Exit short,2026-05-20 18:30,long,2132.59,0.9392,1999.894912,-3.03,-0.15,0,0.00,-7.19,-0.36,571.57,0.06
914,Entry short,2026-05-20 17:45,short,2129.36,0.9392,1999.894912,-3.03,-0.15,0,0.00,-7.19,-0.36,571.57,0.06
915,Exit long,2026-05-20 19:15,short,2128.11,0.9378,1999.942902,-4.2,-0.21,0.98,0.05,-4.22,-0.21,567.37,0.06
915,Entry long,2026-05-20 18:30,long,2132.59,0.9378,1999.942902,-4.2,-0.21,0.98,0.05,-4.22,-0.21,567.37,0.06
916,Exit short,2026-05-20 20:45,long,2134.01,0.9398,1999.997778,-5.54,-0.28,3.6,0.18,-11.17,-0.56,561.82,0.06
916,Entry short,2026-05-20 19:15,short,2128.11,0.9398,1999.997778,-5.54,-0.28,3.6,0.18,-11.17,-0.56,561.82,0.06
917,Exit long,2026-05-20 21:30,short,2121.15,0.9372,1999.994172,-12.05,-0.60,1.61,0.08,-17.17,-0.86,549.77,0.05
917,Entry long,2026-05-20 20:45,long,2134.01,0.9372,1999.994172,-12.05,-0.60,1.61,0.08,-17.17,-0.86,549.77,0.05
918,Exit short,2026-05-20 23:00,long,2129.67,0.9428,1999.82022,-8.03,-0.40,6.86,0.34,-17.42,-0.87,541.74,0.05
918,Entry short,2026-05-20 21:30,short,2121.15,0.9428,1999.82022,-8.03,-0.40,6.86,0.34,-17.42,-0.87,541.74,0.05
919,Exit long,2026-05-21 00:30,short,2135.52,0.9391,1999.973097,5.49,0.27,18.15,0.91,-5.23,-0.26,547.23,0.05
919,Entry long,2026-05-20 23:00,long,2129.67,0.9391,1999.973097,5.49,0.27,18.15,0.91,-5.23,-0.26,547.23,0.05
920,Exit short,2026-05-21 01:15,long,2145.3,0.9365,1999.91448,-9.16,-0.46,3.17,0.16,-12.34,-0.62,538.07,0.05
920,Entry short,2026-05-21 00:30,short,2135.52,0.9365,1999.91448,-9.16,-0.46,3.17,0.16,-12.34,-0.62,538.07,0.05
921,Exit long,2026-05-21 02:45,short,2132.1,0.9322,1999.84866,-12.31,-0.62,3.23,0.16,-13.05,-0.65,525.77,0.05
921,Entry long,2026-05-21 01:15,long,2145.3,0.9322,1999.84866,-12.31,-0.62,3.23,0.16,-13.05,-0.65,525.77,0.05
922,Exit short,2026-05-21 03:30,long,2140.22,0.938,1999.9098,-7.62,-0.38,2.8,0.14,-8.77,-0.44,518.15,0.05
922,Entry short,2026-05-21 02:45,short,2132.1,0.938,1999.9098,-7.62,-0.38,2.8,0.14,-8.77,-0.44,518.15,0.05
923,Exit long,2026-05-21 05:00,short,2137.78,0.9344,1999.821568,-2.28,-0.11,0.89,0.04,-10.01,-0.50,515.87,0.05
923,Entry long,2026-05-21 03:30,long,2140.22,0.9344,1999.821568,-2.28,-0.11,0.89,0.04,-10.01,-0.50,515.87,0.05
924,Exit short,2026-05-21 08:00,long,2132.56,0.9355,1999.89319,4.88,0.24,18.08,0.90,-0.14,-0.01,520.76,0.05
924,Entry short,2026-05-21 05:00,short,2137.78,0.9355,1999.89319,4.88,0.24,18.08,0.90,-0.14,-0.01,520.76,0.05
925,Exit long,2026-05-21 13:15,short,2141.7,0.9378,1999.914768,8.57,0.43,23.39,1.17,-1.52,-0.08,529.33,0.05
925,Entry long,2026-05-21 08:00,long,2132.56,0.9378,1999.914768,8.57,0.43,23.39,1.17,-1.52,-0.08,529.33,0.05
926,Exit short,2026-05-21 16:15,long,2141.48,0.9338,1999.91946,0.21,0.01,16.29,0.81,-6.19,-0.31,529.53,0.05
926,Entry short,2026-05-21 13:15,short,2141.7,0.9338,1999.91946,0.21,0.01,16.29,0.81,-6.19,-0.31,529.53,0.05
927,Exit long,2026-05-21 17:00,short,2138.11,0.9339,1999.928172,-3.15,-0.16,0.08,0.00,-5.23,-0.26,526.39,0.05
927,Entry long,2026-05-21 16:15,long,2141.48,0.9339,1999.928172,-3.15,-0.16,0.08,0.00,-5.23,-0.26,526.39,0.05
928,Exit short,2026-05-21 21:30,long,2106.59,0.9354,1999.988094,29.48,1.47,30.83,1.54,-1.16,-0.06,555.87,0.06
928,Entry short,2026-05-21 17:00,short,2138.11,0.9354,1999.988094,29.48,1.47,30.83,1.54,-1.16,-0.06,555.87,0.06
929,Exit long,2026-05-22 03:30,short,2137.33,0.9494,1999.996546,29.18,1.46,44.77,2.24,-0.07,0.00,585.05,0.06
929,Entry long,2026-05-21 21:30,long,2106.59,0.9494,1999.996546,29.18,1.46,44.77,2.24,-0.07,0.00,585.05,0.06
930,Exit short,2026-05-22 04:15,long,2138.49,0.9357,1999.899681,-1.09,-0.05,0.12,0.01,-7.91,-0.40,583.97,0.06
930,Entry short,2026-05-22 03:30,short,2137.33,0.9357,1999.899681,-1.09,-0.05,0.12,0.01,-7.91,-0.40,583.97,0.06
931,Exit long,2026-05-22 05:00,short,2138.55,0.9352,1999.915848,0.06,0.00,3.16,0.16,-1.27,-0.06,584.02,0.06
931,Entry long,2026-05-22 04:15,long,2138.49,0.9352,1999.915848,0.06,0.00,3.16,0.16,-1.27,-0.06,584.02,0.06
932,Exit short,2026-05-22 10:15,long,2136.87,0.9352,1999.97196,1.57,0.08,12.04,0.60,-1.37,-0.07,585.6,0.06
932,Entry short,2026-05-22 05:00,short,2138.55,0.9352,1999.97196,1.57,0.08,12.04,0.60,-1.37,-0.07,585.6,0.06
933,Exit long,2026-05-22 13:15,short,2132.24,0.9359,1999.896633,-4.33,-0.22,4.23,0.21,-5.64,-0.28,581.26,0.06
933,Entry long,2026-05-22 10:15,long,2136.87,0.9359,1999.896633,-4.33,-0.22,4.23,0.21,-5.64,-0.28,581.26,0.06
934,Exit short,2026-05-22 15:30,long,2130.85,0.9379,1999.827896,1.3,0.07,9.4,0.47,-1.65,-0.08,582.57,0.06
934,Entry short,2026-05-22 13:15,short,2132.24,0.9379,1999.827896,1.3,0.07,9.4,0.47,-1.65,-0.08,582.57,0.06
935,Exit long,2026-05-22 16:15,short,2132.11,0.9385,1999.802725,1.18,0.06,2.34,0.12,-4.56,-0.23,583.75,0.06
935,Entry long,2026-05-22 15:30,long,2130.85,0.9385,1999.802725,1.18,0.06,2.34,0.12,-4.56,-0.23,583.75,0.06
936,Exit short,2026-05-22 20:00,long,2135.42,0.938,1999.91918,-3.1,-0.16,12.13,0.61,-4.77,-0.24,580.64,0.06
936,Entry short,2026-05-22 16:15,short,2132.11,0.938,1999.91918,-3.1,-0.16,12.13,0.61,-4.77,-0.24,580.64,0.06
937,Exit long,2026-05-22 22:15,short,2118.24,0.9365,1999.82083,-16.09,-0.80,2.42,0.12,-21.39,-1.07,564.56,0.06
937,Entry long,2026-05-22 20:00,long,2135.42,0.9365,1999.82083,-16.09,-0.80,2.42,0.12,-21.39,-1.07,564.56,0.06
938,Exit short,2026-05-23 00:30,long,2119.66,0.9441,1999.830384,-1.34,-0.07,5.45,0.27,-6.84,-0.34,563.21,0.06
938,Entry short,2026-05-22 22:15,short,2118.24,0.9441,1999.830384,-1.34,-0.07,5.45,0.27,-6.84,-0.34,563.21,0.06
939,Exit long,2026-05-23 02:00,short,2119.7,0.9435,1999.89921,0.04,0.00,9.76,0.49,-4.36,-0.22,563.25,0.06
939,Entry long,2026-05-23 00:30,long,2119.66,0.9435,1999.89921,0.04,0.00,9.76,0.49,-4.36,-0.22,563.25,0.06
940,Exit short,2026-05-23 07:15,long,2069.11,0.9435,1999.93695,47.73,2.39,58.21,2.91,-1.76,-0.09,610.98,0.06
940,Entry short,2026-05-23 02:00,short,2119.7,0.9435,1999.93695,47.73,2.39,58.21,2.91,-1.76,-0.09,610.98,0.06
941,Exit long,2026-05-23 08:00,short,2066.76,0.9665,1999.794815,-2.27,-0.11,5.33,0.27,-10.94,-0.55,608.71,0.06
941,Entry long,2026-05-23 07:15,long,2069.11,0.9665,1999.794815,-2.27,-0.11,5.33,0.27,-10.94,-0.55,608.71,0.06
942,Exit short,2026-05-23 09:30,long,2067.42,0.9676,1999.796976,-0.64,-0.03,13.31,0.67,-2.57,-0.13,608.07,0.06
942,Entry short,2026-05-23 08:00,short,2066.76,0.9676,1999.796976,-0.64,-0.03,13.31,0.67,-2.57,-0.13,608.07,0.06
943,Exit long,2026-05-23 12:30,short,2065.74,0.9673,1999.815366,-1.63,-0.08,4.43,0.22,-3.58,-0.18,606.45,0.06
943,Entry long,2026-05-23 09:30,long,2067.42,0.9673,1999.815366,-1.63,-0.08,4.43,0.22,-3.58,-0.18,606.45,0.06
944,Exit short,2026-05-23 19:15,long,2033.92,0.9681,1999.842894,30.8,1.54,54.64,2.73,-2.19,-0.11,637.25,0.06
944,Entry short,2026-05-23 12:30,short,2065.74,0.9681,1999.842894,30.8,1.54,54.64,2.73,-2.19,-0.11,637.25,0.06
945,Exit long,2026-05-24 06:30,short,2114.03,0.9833,1999.953536,78.77,3.94,114.09,5.70,-6.46,-0.32,716.03,0.07
945,Entry long,2026-05-23 19:15,long,2033.92,0.9833,1999.953536,78.77,3.94,114.09,5.70,-6.46,-0.32,716.03,0.07
946,Exit short,2026-05-24 07:15,long,2116.98,0.946,1999.87238,-2.79,-0.14,1.98,0.10,-6.28,-0.31,713.24,0.07
946,Entry short,2026-05-24 06:30,short,2114.03,0.946,1999.87238,-2.79,-0.14,1.98,0.10,-6.28,-0.31,713.24,0.07
947,Exit long,2026-05-24 08:00,short,2115.89,0.9447,1999.911006,-1.03,-0.05,4.59,0.23,-1.67,-0.08,712.21,0.07
947,Entry long,2026-05-24 07:15,long,2116.98,0.9447,1999.911006,-1.03,-0.05,4.59,0.23,-1.67,-0.08,712.21,0.07
948,Exit short,2026-05-24 09:30,long,2120.5,0.9452,1999.939228,-4.36,-0.22,2.64,0.13,-9.09,-0.45,707.85,0.07
948,Entry short,2026-05-24 08:00,short,2115.89,0.9452,1999.939228,-4.36,-0.22,2.64,0.13,-9.09,-0.45,707.85,0.07
949,Exit long,2026-05-24 11:00,short,2123.9,0.9431,1999.84355,3.21,0.16,6.39,0.32,-2.07,-0.10,711.05,0.07
949,Entry long,2026-05-24 09:30,long,2120.5,0.9431,1999.84355,3.21,0.16,6.39,0.32,-2.07,-0.10,711.05,0.07
950,Exit short,2026-05-24 15:30,long,2122.01,0.9416,1999.86424,1.78,0.09,9.65,0.48,-5.68,-0.28,712.83,0.07
950,Entry short,2026-05-24 11:00,short,2123.9,0.9416,1999.86424,1.78,0.09,9.65,0.48,-5.68,-0.28,712.83,0.07
951,Exit long,2026-05-24 16:15,short,2121.46,0.9425,1999.994425,-0.52,-0.03,1.15,0.06,-2.6,-0.13,712.32,0.07
951,Entry long,2026-05-24 15:30,long,2122.01,0.9425,1999.994425,-0.52,-0.03,1.15,0.06,-2.6,-0.13,712.32,0.07
952,Exit short,2026-05-24 17:45,long,2123.41,0.9427,1999.900342,-1.84,-0.09,2.27,0.11,-2.74,-0.14,710.48,0.07
952,Entry short,2026-05-24 16:15,short,2121.46,0.9427,1999.900342,-1.84,-0.09,2.27,0.11,-2.74,-0.14,710.48,0.07
953,Exit long,2026-05-24 20:45,short,2119.97,0.9418,1999.827538,-3.24,-0.16,8.22,0.41,-5.74,-0.29,707.24,0.07
953,Entry long,2026-05-24 17:45,long,2123.41,0.9418,1999.827538,-3.24,-0.16,8.22,0.41,-5.74,-0.29,707.24,0.07
954,Exit short,2026-05-25 00:30,long,2098.11,0.9434,1999.979698,20.62,1.03,38.16,1.91,-1.02,-0.05,727.86,0.07
954,Entry short,2026-05-24 20:45,short,2119.97,0.9434,1999.979698,20.62,1.03,38.16,1.91,-1.02,-0.05,727.86,0.07
955,Exit long,2026-05-25 02:45,short,2099.97,0.9532,1999.918452,1.77,0.09,8.17,0.41,-0.44,-0.02,729.63,0.07
955,Entry long,2026-05-25 00:30,long,2098.11,0.9532,1999.918452,1.77,0.09,8.17,0.41,-0.44,-0.02,729.63,0.07
956,Exit short,2026-05-25 06:30,long,2091.38,0.9523,1999.801431,8.18,0.41,35.21,1.76,-2.49,-0.12,737.81,0.07
956,Entry short,2026-05-25 02:45,short,2099.97,0.9523,1999.801431,8.18,0.41,35.21,1.76,-2.49,-0.12,737.81,0.07
957,Exit long,2026-05-25 11:00,short,2096.02,0.9563,1999.986694,4.44,0.22,20.91,1.05,-0.18,-0.01,742.25,0.07
957,Entry long,2026-05-25 06:30,long,2091.38,0.9563,1999.986694,4.44,0.22,20.91,1.05,-0.18,-0.01,742.25,0.07
958,Exit short,2026-05-25 13:15,long,2109.18,0.9541,1999.812682,-12.56,-0.63,3.59,0.18,-14.96,-0.75,729.7,0.07
958,Entry short,2026-05-25 11:00,short,2096.02,0.9541,1999.812682,-12.56,-0.63,3.59,0.18,-14.96,-0.75,729.7,0.07
959,Exit long,2026-05-25 19:15,short,2115.92,0.9482,1999.924476,6.39,0.32,14.15,0.71,-9.4,-0.47,736.09,0.07
959,Entry long,2026-05-25 13:15,long,2109.18,0.9482,1999.924476,6.39,0.32,14.15,0.71,-9.4,-0.47,736.09,0.07
960,Exit short,2026-05-25 20:45,long,2117.34,0.9452,1999.967584,-1.34,-0.07,3.47,0.17,-4.14,-0.21,734.74,0.07
960,Entry short,2026-05-25 19:15,short,2115.92,0.9452,1999.967584,-1.34,-0.07,3.47,0.17,-4.14,-0.21,734.74,0.07
961,Exit long,2026-05-25 21:30,short,2116.8,0.9445,1999.82763,-0.51,-0.03,2.51,0.13,-2.9,-0.14,734.23,0.07
961,Entry long,2026-05-25 20:45,long,2117.34,0.9445,1999.82763,-0.51,-0.03,2.51,0.13,-2.9,-0.14,734.23,0.07
962,Exit short,2026-05-25 22:15,long,2127.77,0.9448,1999.95264,-10.36,-0.52,1.45,0.07,-10.36,-0.52,723.87,0.07
962,Entry short,2026-05-25 21:30,short,2116.8,0.9448,1999.95264,-10.36,-0.52,1.45,0.07,-10.36,-0.52,723.87,0.07
963,Exit long,2026-05-26 02:00,short,2131.87,0.9399,1999.891023,3.85,0.19,13.36,0.67,-4.81,-0.24,727.72,0.07
963,Entry long,2026-05-25 22:15,long,2127.77,0.9399,1999.891023,3.85,0.19,13.36,0.67,-4.81,-0.24,727.72,0.07
964,Exit short,2026-05-26 08:00,long,2110.86,0.9381,1999.907247,19.71,0.99,27.69,1.38,-0.38,-0.02,747.43,0.07
964,Entry short,2026-05-26 02:00,short,2131.87,0.9381,1999.907247,19.71,0.99,27.69,1.38,-0.38,-0.02,747.43,0.07
965,Exit long,2026-05-26 08:45,short,2097.75,0.9474,1999.828764,-12.42,-0.62,1.01,0.05,-24.66,-1.23,735.01,0.07
965,Entry long,2026-05-26 08:00,long,2110.86,0.9474,1999.828764,-12.42,-0.62,1.01,0.05,-24.66,-1.23,735.01,0.07
966,Exit short,2026-05-26 12:30,long,2094.93,0.9534,1999.99485,2.69,0.13,12.61,0.63,-2.62,-0.13,737.7,0.07
966,Entry short,2026-05-26 08:45,short,2097.75,0.9534,1999.99485,2.69,0.13,12.61,0.63,-2.62,-0.13,737.7,0.07
967,Exit long,2026-05-26 15:30,short,2095.83,0.9546,1999.820178,0.86,0.04,9.28,0.46,-4.09,-0.20,738.56,0.07
967,Entry long,2026-05-26 12:30,long,2094.93,0.9546,1999.820178,0.86,0.04,9.28,0.46,-4.09,-0.20,738.56,0.07
968,Exit short,2026-05-26 16:15,long,2098.62,0.9542,1999.840986,-2.66,-0.13,2.12,0.11,-5.27,-0.26,735.9,0.07
968,Entry short,2026-05-26 15:30,short,2095.83,0.9542,1999.840986,-2.66,-0.13,2.12,0.11,-5.27,-0.26,735.9,0.07
969,Exit long,2026-05-26 17:00,short,2095.53,0.953,1999.98486,-2.94,-0.15,1.45,0.07,-3.33,-0.17,732.95,0.07
969,Entry long,2026-05-26 16:15,long,2098.62,0.953,1999.98486,-2.94,-0.15,1.45,0.07,-3.33,-0.17,732.95,0.07
970,Exit short,2026-05-26 18:30,long,2134.29,0.9544,1999.973832,-36.99,-1.85,1.36,0.07,-39.86,-1.99,695.96,0.07
970,Entry short,2026-05-26 17:00,short,2095.53,0.9544,1999.973832,-36.99,-1.85,1.36,0.07,-39.86,-1.99,695.96,0.07
971,Exit long,2026-05-26 21:30,short,2117.76,0.937,1999.82973,-15.49,-0.77,1.17,0.06,-23.12,-1.16,680.47,0.07
971,Entry long,2026-05-26 18:30,long,2134.29,0.937,1999.82973,-15.49,-0.77,1.17,0.06,-23.12,-1.16,680.47,0.07
972,Exit short,2026-05-26 22:15,long,2138.03,0.9443,1999.800768,-19.14,-0.96,0,0.00,-21.46,-1.07,661.33,0.07
972,Entry short,2026-05-26 21:30,short,2117.76,0.9443,1999.800768,-19.14,-0.96,0,0.00,-21.46,-1.07,661.33,0.07
973,Exit long,2026-05-26 23:00,short,2110.89,0.9354,1999.913262,-25.39,-1.27,0.86,0.04,-36.5,-1.83,635.94,0.06
973,Entry long,2026-05-26 22:15,long,2138.03,0.9354,1999.913262,-25.39,-1.27,0.86,0.04,-36.5,-1.83,635.94,0.06
974,Exit short,2026-05-27 04:15,long,2077.72,0.9474,1999.857186,31.43,1.57,52.89,2.64,-0.58,-0.03,667.37,0.07
974,Entry short,2026-05-26 23:00,short,2110.89,0.9474,1999.857186,31.43,1.57,52.89,2.64,-0.58,-0.03,667.37,0.07
975,Exit long,2026-05-27 06:30,short,2068.3,0.9625,1999.8055,-9.07,-0.45,1.02,0.05,-9.45,-0.47,658.3,0.07
975,Entry long,2026-05-27 04:15,long,2077.72,0.9625,1999.8055,-9.07,-0.45,1.02,0.05,-9.45,-0.47,658.3,0.07
976,Exit short,2026-05-27 07:15,long,2073.55,0.9669,1999.83927,-5.08,-0.25,2.24,0.11,-5.83,-0.29,653.23,0.07
976,Entry short,2026-05-27 06:30,short,2068.3,0.9669,1999.83927,-5.08,-0.25,2.24,0.11,-5.83,-0.29,653.23,0.07
977,Exit long,2026-05-27 09:30,short,2073.67,0.9645,1999.938975,0.12,0.01,10.3,0.52,-1.63,-0.08,653.34,0.07
977,Entry long,2026-05-27 07:15,long,2073.55,0.9645,1999.938975,0.12,0.01,10.3,0.52,-1.63,-0.08,653.34,0.07
978,Exit short,2026-05-27 11:00,long,2077.14,0.9644,1999.847348,-3.35,-0.17,4.4,0.22,-6.1,-0.31,650,0.06
978,Entry short,2026-05-27 09:30,short,2073.67,0.9644,1999.847348,-3.35,-0.17,4.4,0.22,-6.1,-0.31,650,0.06
979,Exit long,2026-05-27 11:45,short,2070,0.9628,1999.870392,-6.87,-0.34,0.88,0.04,-7.93,-0.40,643.12,0.06
979,Entry long,2026-05-27 11:00,long,2077.14,0.9628,1999.870392,-6.87,-0.34,0.88,0.04,-7.93,-0.40,643.12,0.06
980,Exit short,2026-05-27 13:15,long,2075.87,0.9661,1999.827,-5.67,-0.28,13.23,0.66,-7.2,-0.36,637.45,0.06
980,Entry short,2026-05-27 11:45,short,2070,0.9661,1999.827,-5.67,-0.28,13.23,0.66,-7.2,-0.36,637.45,0.06
981,Exit long,2026-05-27 19:15,short,2083.14,0.9634,1999.893158,7,0.35,20.08,1.00,-2.58,-0.13,644.45,0.06
981,Entry long,2026-05-27 13:15,long,2075.87,0.9634,1999.893158,7,0.35,20.08,1.00,-2.58,-0.13,644.45,0.06
982,Exit short,2026-05-27 20:45,long,2078.76,0.96,1999.8144,4.2,0.21,8.93,0.45,-13.69,-0.68,648.66,0.06
982,Entry short,2026-05-27 19:15,short,2083.14,0.96,1999.8144,4.2,0.21,8.93,0.45,-13.69,-0.68,648.66,0.06
983,Exit long,2026-05-27 21:30,short,2053.35,0.9621,1999.974996,-24.45,-1.22,1.81,0.09,-25.78,-1.29,624.21,0.06
983,Entry long,2026-05-27 20:45,long,2078.76,0.9621,1999.974996,-24.45,-1.22,1.81,0.09,-25.78,-1.29,624.21,0.06
984,Exit short,2026-05-27 23:45,long,2071.38,0.974,1999.9629,-17.56,-0.88,0,0.00,-25.69,-1.28,606.65,0.06
984,Entry short,2026-05-27 21:30,short,2053.35,0.974,1999.9629,-17.56,-0.88,0,0.00,-25.69,-1.28,606.65,0.06
985,Exit long,2026-05-28 00:30,short,2065.67,0.9655,1999.91739,-5.51,-0.28,3.01,0.15,-10.99,-0.55,601.14,0.06
985,Entry long,2026-05-27 23:45,long,2071.38,0.9655,1999.91739,-5.51,-0.28,3.01,0.15,-10.99,-0.55,601.14,0.06
986,Exit short,2026-05-28 03:30,long,2056.99,0.9682,1999.981694,8.4,0.42,21.65,1.08,-5.26,-0.26,609.54,0.06
986,Entry short,2026-05-28 00:30,short,2065.67,0.9682,1999.981694,8.4,0.42,21.65,1.08,-5.26,-0.26,609.54,0.06
987,Exit long,2026-05-28 05:45,short,2021.04,0.9722,1999.805678,-34.95,-1.75,8.9,0.44,-39.85,-1.99,574.59,0.06
987,Entry long,2026-05-28 03:30,long,2056.99,0.9722,1999.805678,-34.95,-1.75,8.9,0.44,-39.85,-1.99,574.59,0.06
988,Exit short,2026-05-28 15:30,long,1995.6,0.9895,1999.81908,25.17,1.26,53.47,2.67,-13.81,-0.69,599.76,0.06
988,Entry short,2026-05-28 05:45,short,2021.04,0.9895,1999.81908,25.17,1.26,53.47,2.67,-13.81,-0.69,599.76,0.06
989,Exit long,2026-05-28 20:00,short,1986.8,1.0022,1999.99032,-8.82,-0.44,2.81,0.14,-10.77,-0.54,590.94,0.06
989,Entry long,2026-05-28 15:30,long,1995.6,1.0022,1999.99032,-8.82,-0.44,2.81,0.14,-10.77,-0.54,590.94,0.06
990,Exit short,2026-05-28 20:45,long,1991.89,1.0066,1999.91288,-5.12,-0.26,5.26,0.26,-7.83,-0.39,585.82,0.06
990,Entry short,2026-05-28 20:00,short,1986.8,1.0066,1999.91288,-5.12,-0.26,5.26,0.26,-7.83,-0.39,585.82,0.06
991,Exit long,2026-05-28 21:30,short,1976.23,1.004,1999.85756,-15.72,-0.79,3.12,0.16,-16.61,-0.83,570.1,0.06
991,Entry long,2026-05-28 20:45,long,1991.89,1.004,1999.85756,-15.72,-0.79,3.12,0.16,-16.61,-0.83,570.1,0.06
992,Exit short,2026-05-28 22:15,long,1989.71,1.012,1999.94476,-13.64,-0.68,8.96,0.45,-26.59,-1.33,556.46,0.06
992,Entry short,2026-05-28 21:30,short,1976.23,1.012,1999.94476,-13.64,-0.68,8.96,0.45,-26.59,-1.33,556.46,0.06
993,Exit long,2026-05-29 04:15,short,2019.74,1.0051,1999.857521,30.18,1.51,40.5,2.02,-8.4,-0.42,586.64,0.06
993,Entry long,2026-05-28 22:15,long,1989.71,1.0051,1999.857521,30.18,1.51,40.5,2.02,-8.4,-0.42,586.64,0.06
994,Exit short,2026-05-29 05:45,long,2020.17,0.9902,1999.946548,-0.43,-0.02,6.26,0.31,-4.84,-0.24,586.21,0.06
994,Entry short,2026-05-29 04:15,short,2019.74,0.9902,1999.946548,-0.43,-0.02,6.26,0.31,-4.84,-0.24,586.21,0.06
995,Exit long,2026-05-29 06:30,short,2006.24,0.99,1999.9683,-13.79,-0.69,2.7,0.14,-14.53,-0.73,572.42,0.06
995,Entry long,2026-05-29 05:45,long,2020.17,0.99,1999.9683,-13.79,-0.69,2.7,0.14,-14.53,-0.73,572.42,0.06
996,Exit short,2026-05-29 08:45,long,2012.46,0.9968,1999.820032,-6.2,-0.31,0.81,0.04,-10.9,-0.54,566.22,0.06
996,Entry short,2026-05-29 06:30,short,2006.24,0.9968,1999.820032,-6.2,-0.31,0.81,0.04,-10.9,-0.54,566.22,0.06
997,Exit long,2026-05-29 09:30,short,2008.6,0.9938,1999.982748,-3.84,-0.19,3.99,0.20,-6.28,-0.31,562.39,0.06
997,Entry long,2026-05-29 08:45,long,2012.46,0.9938,1999.982748,-3.84,-0.19,3.99,0.20,-6.28,-0.31,562.39,0.06
998,Exit short,2026-05-29 12:30,long,2006.08,0.9957,1999.96302,2.51,0.13,11.31,0.57,-2.16,-0.11,564.9,0.06
998,Entry short,2026-05-29 09:30,short,2008.6,0.9957,1999.96302,2.51,0.13,11.31,0.57,-2.16,-0.11,564.9,0.06
999,Exit long,2026-05-29 16:15,short,2010,0.9969,1999.861152,3.91,0.20,15.38,0.77,-2.61,-0.13,568.8,0.06
999,Entry long,2026-05-29 12:30,long,2006.08,0.9969,1999.861152,3.91,0.20,15.38,0.77,-2.61,-0.13,568.8,0.06
1000,Exit short,2026-05-29 17:45,long,2014.85,0.995,1999.95,-4.83,-0.24,4.53,0.23,-6.08,-0.30,563.98,0.06
1000,Entry short,2026-05-29 16:15,short,2010,0.995,1999.95,-4.83,-0.24,4.53,0.23,-6.08,-0.30,563.98,0.06
1001,Exit long,2026-05-29 20:00,short,2001.71,0.9926,1999.94011,-13.04,-0.65,0,0.00,-14.73,-0.74,550.94,0.06
1001,Entry long,2026-05-29 17:45,long,2014.85,0.9926,1999.94011,-13.04,-0.65,0,0.00,-14.73,-0.74,550.94,0.06
1002,Exit short,2026-05-29 23:00,long,2019.93,0.9991,1999.908461,-18.2,-0.91,25.21,1.26,-20.67,-1.03,532.73,0.05
1002,Entry short,2026-05-29 20:00,short,2001.71,0.9991,1999.908461,-18.2,-0.91,25.21,1.26,-20.67,-1.03,532.73,0.05
1003,Exit long,2026-05-30 02:00,short,2029.82,0.9901,1999.932693,9.79,0.49,26.4,1.32,-6.85,-0.34,542.52,0.05
1003,Entry long,2026-05-29 23:00,long,2019.93,0.9901,1999.932693,9.79,0.49,26.4,1.32,-6.85,-0.34,542.52,0.05
1004,Exit short,2026-05-30 08:00,long,2014.2,0.9853,1999.981646,15.39,0.77,24.46,1.22,-0.22,-0.01,557.91,0.06
1004,Entry short,2026-05-30 02:00,short,2029.82,0.9853,1999.981646,15.39,0.77,24.46,1.22,-0.22,-0.01,557.91,0.06
1005,Exit long,2026-05-30 08:45,short,2014.74,0.9929,1999.89918,0.54,0.03,1.97,0.10,-3.49,-0.17,558.45,0.06
1005,Entry long,2026-05-30 08:00,long,2014.2,0.9929,1999.89918,0.54,0.03,1.97,0.10,-3.49,-0.17,558.45,0.06
1006,Exit short,2026-05-30 09:30,long,2017.48,0.9926,1999.830924,-2.72,-0.14,1.06,0.05,-6.76,-0.34,555.73,0.06
1006,Entry short,2026-05-30 08:45,short,2014.74,0.9926,1999.830924,-2.72,-0.14,1.06,0.05,-6.76,-0.34,555.73,0.06
1007,Exit long,2026-05-30 11:45,short,2016.83,0.9913,1999.927924,-0.64,-0.03,6.02,0.30,-2.72,-0.14,555.09,0.06
1007,Entry long,2026-05-30 09:30,long,2017.48,0.9913,1999.927924,-0.64,-0.03,6.02,0.30,-2.72,-0.14,555.09,0.06
1008,Exit short,2026-05-30 13:15,long,2013.39,0.9916,1999.888628,3.41,0.17,14.71,0.74,-2.65,-0.13,558.5,0.06
1008,Entry short,2026-05-30 11:45,short,2016.83,0.9916,1999.888628,3.41,0.17,14.71,0.74,-2.65,-0.13,558.5,0.06
1009,Exit long,2026-05-30 16:15,short,2015.16,0.9933,1999.900287,1.76,0.09,7.12,0.36,-0.53,-0.03,560.26,0.06
1009,Entry long,2026-05-30 13:15,long,2013.39,0.9933,1999.900287,1.76,0.09,7.12,0.36,-0.53,-0.03,560.26,0.06
1010,Exit short,2026-05-30 17:45,long,2016.79,0.9924,1999.844784,-1.62,-0.08,1.23,0.06,-2.09,-0.10,558.64,0.06
1010,Entry short,2026-05-30 16:15,short,2015.16,0.9924,1999.844784,-1.62,-0.08,1.23,0.06,-2.09,-0.10,558.64,0.06
1011,Exit long,2026-05-30 19:15,short,2016.67,0.9916,1999.848964,-0.12,-0.01,5.17,0.26,-1.59,-0.08,558.52,0.06
1011,Entry long,2026-05-30 17:45,long,2016.79,0.9916,1999.848964,-0.12,-0.01,5.17,0.26,-1.59,-0.08,558.52,0.06
1012,Exit short,2026-05-30 20:00,long,2017.15,0.9917,1999.931639,-0.48,-0.02,0.01,0.00,-2.36,-0.12,558.04,0.06
1012,Entry short,2026-05-30 19:15,short,2016.67,0.9917,1999.931639,-0.48,-0.02,0.01,0.00,-2.36,-0.12,558.04,0.06
1013,Exit long,2026-05-30 21:49,Open,2019.43,0.9914,1999.80251,2.26,0.11,5.57,0.28,-0.01,0.00,560.3,0.06
1013,Entry long,2026-05-30 20:00,long,2017.15,0.9914,1999.80251,2.26,0.11,5.57,0.28,-0.01,0.00,560.3,0.06