trade_no,entry_time,exit_time,dir,entry_px,exit_px,pnl
1,2025-05-27 00:45:00,2025-05-27 02:15:00,SHORT,2550.86,2540.46,10.4
2,2025-05-27 02:15:00,2025-05-27 03:00:00,LONG,2540.46,2557.8,17.34
3,2025-05-27 03:00:00,2025-05-27 03:45:00,SHORT,2557.8,2549.25,8.55
4,2025-05-27 03:45:00,2025-05-27 05:15:00,LONG,2549.25,2555.59,6.34
5,2025-05-27 05:15:00,2025-05-27 06:00:00,SHORT,2555.59,2600.41,-44.82
6,2025-05-27 06:00:00,2025-05-27 11:15:00,LONG,2600.41,2637.98,37.57
7,2025-05-27 11:15:00,2025-05-27 12:00:00,SHORT,2637.98,2639.69,-1.71
8,2025-05-27 12:00:00,2025-05-27 12:45:00,LONG,2639.69,2648.33,8.64
9,2025-05-27 12:45:00,2025-05-27 13:30:00,SHORT,2648.33,2656.85,-8.52
10,2025-05-27 13:30:00,2025-05-27 16:30:00,LONG,2656.85,2675.1,18.25
11,2025-05-27 16:30:00,2025-05-27 17:15:00,SHORT,2675.1,2679.5,-4.4
12,2025-05-27 17:15:00,2025-05-27 18:45:00,LONG,2679.5,2680.0,0.5
13,2025-05-27 18:45:00,2025-05-27 20:15:00,SHORT,2680.0,2683.3,-3.3
14,2025-05-27 20:15:00,2025-05-27 21:00:00,LONG,2683.3,2676.79,-6.51
15,2025-05-27 21:00:00,2025-05-27 22:30:00,SHORT,2676.79,2664.81,11.98
16,2025-05-27 22:30:00,2025-05-28 00:45:00,LONG,2664.81,2658.28,-6.53
17,2025-05-28 00:45:00,2025-05-28 03:00:00,SHORT,2658.28,2640.69,17.59
18,2025-05-28 03:00:00,2025-05-28 04:30:00,LONG,2640.69,2647.9,7.21
19,2025-05-28 04:30:00,2025-05-28 07:30:00,SHORT,2647.9,2640.31,7.59
20,2025-05-28 07:30:00,2025-05-28 08:15:00,LONG,2640.31,2639.6,-0.71
21,2025-05-28 08:15:00,2025-05-28 09:00:00,SHORT,2639.6,2636.46,3.14
22,2025-05-28 09:00:00,2025-05-28 09:45:00,LONG,2636.46,2626.72,-9.74
23,2025-05-28 09:45:00,2025-05-28 10:30:00,SHORT,2626.72,2635.99,-9.27
24,2025-05-28 10:30:00,2025-05-28 14:15:00,LONG,2635.99,2642.29,6.3
25,2025-05-28 14:15:00,2025-05-28 15:45:00,SHORT,2642.29,2626.9,15.39
26,2025-05-28 15:45:00,2025-05-28 18:45:00,LONG,2626.9,2636.17,9.27
27,2025-05-28 18:45:00,2025-05-28 21:00:00,SHORT,2636.17,2639.48,-3.31
28,2025-05-28 21:00:00,2025-05-28 22:30:00,LONG,2639.48,2644.94,5.46
29,2025-05-28 22:30:00,2025-05-28 23:15:00,SHORT,2644.94,2677.8,-32.86
30,2025-05-28 23:15:00,2025-05-29 01:30:00,LONG,2677.8,2707.1,29.3
31,2025-05-29 01:30:00,2025-05-29 03:00:00,SHORT,2707.1,2759.32,-52.22
32,2025-05-29 03:00:00,2025-05-29 03:45:00,LONG,2759.32,2762.5,3.18
33,2025-05-29 03:45:00,2025-05-29 07:30:00,SHORT,2762.5,2729.67,32.83
34,2025-05-29 07:30:00,2025-05-29 08:15:00,LONG,2729.67,2721.19,-8.48
35,2025-05-29 08:15:00,2025-05-29 09:00:00,SHORT,2721.19,2720.18,1.01
36,2025-05-29 09:00:00,2025-05-29 10:30:00,LONG,2720.18,2729.25,9.07
37,2025-05-29 10:30:00,2025-05-29 15:00:00,SHORT,2729.25,2664.15,65.1
38,2025-05-29 15:00:00,2025-05-29 15:45:00,LONG,2664.15,2643.68,-20.47
39,2025-05-29 15:45:00,2025-05-29 18:00:00,SHORT,2643.68,2670.5,-26.82
40,2025-05-29 18:00:00,2025-05-29 18:45:00,LONG,2670.5,2649.9,-20.6
41,2025-05-29 18:45:00,2025-05-29 20:15:00,SHORT,2649.9,2653.1,-3.2
42,2025-05-29 20:15:00,2025-05-29 21:00:00,LONG,2653.1,2645.5,-7.6
43,2025-05-29 21:00:00,2025-05-29 21:45:00,SHORT,2645.5,2660.9,-15.4
44,2025-05-29 21:45:00,2025-05-29 23:15:00,LONG,2660.9,2634.83,-26.07
45,2025-05-29 23:15:00,2025-05-30 01:30:00,SHORT,2634.83,2605.85,28.98
46,2025-05-30 01:30:00,2025-05-30 04:30:00,LONG,2605.85,2632.59,26.74
47,2025-05-30 04:30:00,2025-05-30 05:15:00,SHORT,2632.59,2636.7,-4.11
48,2025-05-30 05:15:00,2025-05-30 06:45:00,LONG,2636.7,2620.3,-16.4
49,2025-05-30 06:45:00,2025-05-30 07:30:00,SHORT,2620.3,2626.57,-6.27
50,2025-05-30 07:30:00,2025-05-30 08:15:00,LONG,2626.57,2622.01,-4.56
51,2025-05-30 08:15:00,2025-05-30 10:30:00,SHORT,2622.01,2614.51,7.5
52,2025-05-30 10:30:00,2025-05-30 13:30:00,LONG,2614.51,2594.45,-20.06
53,2025-05-30 13:30:00,2025-05-30 15:00:00,SHORT,2594.45,2606.83,-12.38
54,2025-05-30 15:00:00,2025-05-30 15:45:00,LONG,2606.83,2598.21,-8.62
55,2025-05-30 15:45:00,2025-05-30 18:00:00,SHORT,2598.21,2556.69,41.52
56,2025-05-30 18:00:00,2025-05-30 20:15:00,LONG,2556.69,2572.62,15.93
57,2025-05-30 20:15:00,2025-05-31 00:00:00,SHORT,2572.62,2526.78,45.84
58,2025-05-31 00:00:00,2025-05-31 01:30:00,LONG,2526.78,2497.91,-28.87
59,2025-05-31 01:30:00,2025-05-31 02:15:00,SHORT,2497.91,2504.95,-7.04
60,2025-05-31 02:15:00,2025-05-31 03:00:00,LONG,2504.95,2496.04,-8.91
61,2025-05-31 03:00:00,2025-05-31 03:45:00,SHORT,2496.04,2513.98,-17.94
62,2025-05-31 03:45:00,2025-05-31 05:15:00,LONG,2513.98,2518.19,4.21
63,2025-05-31 05:15:00,2025-05-31 06:45:00,SHORT,2518.19,2521.7,-3.51
64,2025-05-31 06:45:00,2025-05-31 07:30:00,LONG,2521.7,2520.58,-1.12
65,2025-05-31 07:30:00,2025-05-31 09:00:00,SHORT,2520.58,2525.91,-5.33
66,2025-05-31 09:00:00,2025-05-31 09:45:00,LONG,2525.91,2523.25,-2.66
67,2025-05-31 09:45:00,2025-05-31 12:00:00,SHORT,2523.25,2530.3,-7.05
68,2025-05-31 12:00:00,2025-05-31 15:45:00,LONG,2530.3,2536.3,6.0
69,2025-05-31 15:45:00,2025-05-31 16:30:00,SHORT,2536.3,2540.33,-4.03
70,2025-05-31 16:30:00,2025-05-31 17:15:00,LONG,2540.33,2535.09,-5.24
71,2025-05-31 17:15:00,2025-05-31 18:45:00,SHORT,2535.09,2539.73,-4.64
72,2025-05-31 18:45:00,2025-05-31 20:15:00,LONG,2539.73,2540.0,0.27
73,2025-05-31 20:15:00,2025-05-31 21:00:00,SHORT,2540.0,2541.08,-1.08
74,2025-05-31 21:00:00,2025-05-31 22:30:00,LONG,2541.08,2538.59,-2.49
75,2025-05-31 22:30:00,2025-05-31 23:15:00,SHORT,2538.59,2534.34,4.25
76,2025-05-31 23:15:00,2025-06-01 00:00:00,LONG,2534.34,2520.44,-13.9
77,2025-06-01 00:00:00,2025-06-01 03:45:00,SHORT,2520.44,2513.3,7.14
78,2025-06-01 03:45:00,2025-06-01 06:00:00,LONG,2513.3,2516.84,3.54
79,2025-06-01 06:00:00,2025-06-01 10:30:00,SHORT,2516.84,2490.43,26.41
80,2025-06-01 10:30:00,2025-06-01 12:00:00,LONG,2490.43,2498.48,8.05
81,2025-06-01 12:00:00,2025-06-01 13:30:00,SHORT,2498.48,2496.63,1.85
82,2025-06-01 13:30:00,2025-06-01 17:15:00,LONG,2496.63,2543.89,47.26
83,2025-06-01 17:15:00,2025-06-01 19:30:00,SHORT,2543.89,2519.99,23.9
84,2025-06-01 19:30:00,2025-06-01 21:00:00,LONG,2519.99,2531.41,11.42
85,2025-06-01 21:00:00,2025-06-01 21:45:00,SHORT,2531.41,2539.4,-7.99
86,2025-06-01 21:45:00,2025-06-01 22:30:00,LONG,2539.4,2538.45,-0.95
87,2025-06-01 22:30:00,2025-06-01 23:15:00,SHORT,2538.45,2538.0,0.45
88,2025-06-01 23:15:00,2025-06-02 00:45:00,LONG,2538.0,2534.32,-3.68
89,2025-06-02 00:45:00,2025-06-02 05:15:00,SHORT,2534.32,2494.63,39.69
90,2025-06-02 05:15:00,2025-06-02 09:00:00,LONG,2494.63,2482.39,-12.24
91,2025-06-02 09:00:00,2025-06-02 11:15:00,SHORT,2482.39,2483.0,-0.61
92,2025-06-02 11:15:00,2025-06-02 12:00:00,LONG,2483.0,2484.66,1.66
93,2025-06-02 12:00:00,2025-06-02 12:45:00,SHORT,2484.66,2497.69,-13.03
94,2025-06-02 12:45:00,2025-06-02 16:30:00,LONG,2497.69,2538.22,40.53
95,2025-06-02 16:30:00,2025-06-02 18:00:00,SHORT,2538.22,2551.36,-13.14
96,2025-06-02 18:00:00,2025-06-02 18:45:00,LONG,2551.36,2544.47,-6.89
97,2025-06-02 18:45:00,2025-06-02 20:15:00,SHORT,2544.47,2541.99,2.48
98,2025-06-02 20:15:00,2025-06-02 21:00:00,LONG,2541.99,2546.5,4.51
99,2025-06-02 21:00:00,2025-06-02 21:45:00,SHORT,2546.5,2560.55,-14.05
100,2025-06-02 21:45:00,2025-06-03 03:00:00,LONG,2560.55,2597.8,37.25
101,2025-06-03 03:00:00,2025-06-03 05:15:00,SHORT,2597.8,2603.66,-5.86
102,2025-06-03 05:15:00,2025-06-03 07:30:00,LONG,2603.66,2614.02,10.36
103,2025-06-03 07:30:00,2025-06-03 09:00:00,SHORT,2614.02,2604.63,9.39
104,2025-06-03 09:00:00,2025-06-03 12:00:00,LONG,2604.63,2608.0,3.37
105,2025-06-03 12:00:00,2025-06-03 12:45:00,SHORT,2608.0,2609.76,-1.76
106,2025-06-03 12:45:00,2025-06-03 14:15:00,LONG,2609.76,2633.02,23.26
107,2025-06-03 14:15:00,2025-06-03 15:00:00,SHORT,2633.02,2637.83,-4.81
108,2025-06-03 15:00:00,2025-06-03 15:45:00,LONG,2637.83,2623.58,-14.25
109,2025-06-03 15:45:00,2025-06-03 17:15:00,SHORT,2623.58,2623.77,-0.19
110,2025-06-03 17:15:00,2025-06-03 20:15:00,LONG,2623.77,2604.32,-19.45
111,2025-06-03 20:15:00,2025-06-03 22:30:00,SHORT,2604.32,2608.04,-3.72
112,2025-06-03 22:30:00,2025-06-04 00:00:00,LONG,2608.04,2594.17,-13.87
113,2025-06-04 00:00:00,2025-06-04 01:30:00,SHORT,2594.17,2612.26,-18.09
114,2025-06-04 01:30:00,2025-06-04 03:00:00,LONG,2612.26,2624.25,11.99
115,2025-06-04 03:00:00,2025-06-04 03:45:00,SHORT,2624.25,2627.9,-3.65
116,2025-06-04 03:45:00,2025-06-04 04:30:00,LONG,2627.9,2627.43,-0.47
117,2025-06-04 04:30:00,2025-06-04 05:15:00,SHORT,2627.43,2622.41,5.02
118,2025-06-04 05:15:00,2025-06-04 06:00:00,LONG,2622.41,2626.16,3.75
119,2025-06-04 06:00:00,2025-06-04 06:45:00,SHORT,2626.16,2629.32,-3.16
120,2025-06-04 06:45:00,2025-06-04 07:30:00,LONG,2629.32,2624.81,-4.51
121,2025-06-04 07:30:00,2025-06-04 08:15:00,SHORT,2624.81,2639.25,-14.44
122,2025-06-04 08:15:00,2025-06-04 10:30:00,LONG,2639.25,2638.84,-0.41
123,2025-06-04 10:30:00,2025-06-04 15:00:00,SHORT,2638.84,2645.54,-6.7
124,2025-06-04 15:00:00,2025-06-04 16:30:00,LONG,2645.54,2655.23,9.69
125,2025-06-04 16:30:00,2025-06-04 18:45:00,SHORT,2655.23,2629.11,26.12
126,2025-06-04 18:45:00,2025-06-04 19:30:00,LONG,2629.11,2631.0,1.89
127,2025-06-04 19:30:00,2025-06-04 21:45:00,SHORT,2631.0,2618.75,12.25
128,2025-06-04 21:45:00,2025-06-04 22:30:00,LONG,2618.75,2612.89,-5.86
129,2025-06-04 22:30:00,2025-06-05 00:45:00,SHORT,2612.89,2611.7,1.19
130,2025-06-05 00:45:00,2025-06-05 01:30:00,LONG,2611.7,2608.46,-3.24
131,2025-06-05 01:30:00,2025-06-05 02:15:00,SHORT,2608.46,2613.27,-4.81
132,2025-06-05 02:15:00,2025-06-05 05:15:00,LONG,2613.27,2621.49,8.22
133,2025-06-05 05:15:00,2025-06-05 07:30:00,SHORT,2621.49,2606.11,15.38
134,2025-06-05 07:30:00,2025-06-05 08:15:00,LONG,2606.11,2608.61,2.5
135,2025-06-05 08:15:00,2025-06-05 09:00:00,SHORT,2608.61,2607.69,0.92
136,2025-06-05 09:00:00,2025-06-05 10:30:00,LONG,2607.69,2591.6,-16.09
137,2025-06-05 10:30:00,2025-06-05 12:00:00,SHORT,2591.6,2619.57,-27.97
138,2025-06-05 12:00:00,2025-06-05 14:15:00,LONG,2619.57,2582.5,-37.07
139,2025-06-05 14:15:00,2025-06-05 15:45:00,SHORT,2582.5,2589.43,-6.93
140,2025-06-05 15:45:00,2025-06-05 16:30:00,LONG,2589.43,2566.25,-23.18
141,2025-06-05 16:30:00,2025-06-05 17:15:00,SHORT,2566.25,2572.12,-5.87
142,2025-06-05 17:15:00,2025-06-05 19:30:00,LONG,2572.12,2542.31,-29.81
143,2025-06-05 19:30:00,2025-06-05 21:45:00,SHORT,2542.31,2437.29,105.02
144,2025-06-05 21:45:00,2025-06-05 22:30:00,LONG,2437.29,2425.13,-12.16
145,2025-06-05 22:30:00,2025-06-05 23:15:00,SHORT,2425.13,2422.12,3.01
146,2025-06-05 23:15:00,2025-06-06 00:00:00,LONG,2422.12,2406.9,-15.22
147,2025-06-06 00:00:00,2025-06-06 00:45:00,SHORT,2406.9,2426.41,-19.51
148,2025-06-06 00:45:00,2025-06-06 02:15:00,LONG,2426.41,2406.5,-19.91
149,2025-06-06 02:15:00,2025-06-06 03:00:00,SHORT,2406.5,2428.64,-22.14
150,2025-06-06 03:00:00,2025-06-06 06:45:00,LONG,2428.64,2457.95,29.31
151,2025-06-06 06:45:00,2025-06-06 07:30:00,SHORT,2457.95,2455.7,2.25
152,2025-06-06 07:30:00,2025-06-06 09:00:00,LONG,2455.7,2464.2,8.5
153,2025-06-06 09:00:00,2025-06-06 09:45:00,SHORT,2464.2,2468.53,-4.33
154,2025-06-06 09:45:00,2025-06-06 12:00:00,LONG,2468.53,2479.79,11.26
155,2025-06-06 12:00:00,2025-06-06 13:30:00,SHORT,2479.79,2499.79,-20.0
156,2025-06-06 13:30:00,2025-06-06 15:45:00,LONG,2499.79,2509.63,9.84
157,2025-06-06 15:45:00,2025-06-06 18:00:00,SHORT,2509.63,2493.8,15.83
158,2025-06-06 18:00:00,2025-06-06 19:30:00,LONG,2493.8,2492.84,-0.96
159,2025-06-06 19:30:00,2025-06-06 20:15:00,SHORT,2492.84,2494.47,-1.63
160,2025-06-06 20:15:00,2025-06-06 22:30:00,LONG,2494.47,2480.31,-14.16
161,2025-06-06 22:30:00,2025-06-07 00:45:00,SHORT,2480.31,2480.81,-0.5
162,2025-06-07 00:45:00,2025-06-07 01:30:00,LONG,2480.81,2470.69,-10.12
163,2025-06-07 01:30:00,2025-06-07 03:00:00,SHORT,2470.69,2486.81,-16.12
164,2025-06-07 03:00:00,2025-06-07 04:30:00,LONG,2486.81,2488.75,1.94
165,2025-06-07 04:30:00,2025-06-07 05:15:00,SHORT,2488.75,2489.01,-0.26
166,2025-06-07 05:15:00,2025-06-07 07:30:00,LONG,2489.01,2492.46,3.45
167,2025-06-07 07:30:00,2025-06-07 10:30:00,SHORT,2492.46,2491.7,0.76
168,2025-06-07 10:30:00,2025-06-07 12:00:00,LONG,2491.7,2495.46,3.76
169,2025-06-07 12:00:00,2025-06-07 12:45:00,SHORT,2495.46,2497.85,-2.39
170,2025-06-07 12:45:00,2025-06-07 15:45:00,LONG,2497.85,2519.75,21.9
171,2025-06-07 15:45:00,2025-06-07 19:30:00,SHORT,2519.75,2517.67,2.08
172,2025-06-07 19:30:00,2025-06-07 23:15:00,LONG,2517.67,2526.21,8.54
173,2025-06-07 23:15:00,2025-06-08 03:45:00,SHORT,2526.21,2511.72,14.49
174,2025-06-08 03:45:00,2025-06-08 05:15:00,LONG,2511.72,2515.33,3.61
175,2025-06-08 05:15:00,2025-06-08 06:45:00,SHORT,2515.33,2512.81,2.52
176,2025-06-08 06:45:00,2025-06-08 09:45:00,LONG,2512.81,2497.48,-15.33
177,2025-06-08 09:45:00,2025-06-08 11:15:00,SHORT,2497.48,2511.2,-13.72
178,2025-06-08 11:15:00,2025-06-08 12:45:00,LONG,2511.2,2507.69,-3.51
179,2025-06-08 12:45:00,2025-06-08 13:30:00,SHORT,2507.69,2518.41,-10.72
180,2025-06-08 13:30:00,2025-06-08 14:15:00,LONG,2518.41,2509.99,-8.42
181,2025-06-08 14:15:00,2025-06-08 15:00:00,SHORT,2509.99,2518.59,-8.6
182,2025-06-08 15:00:00,2025-06-08 18:00:00,LONG,2518.59,2531.6,13.01
183,2025-06-08 18:00:00,2025-06-08 19:30:00,SHORT,2531.6,2529.79,1.81
184,2025-06-08 19:30:00,2025-06-08 21:00:00,LONG,2529.79,2535.32,5.53
185,2025-06-08 21:00:00,2025-06-08 21:45:00,SHORT,2535.32,2538.19,-2.87
186,2025-06-08 21:45:00,2025-06-08 22:30:00,LONG,2538.19,2512.59,-25.6
187,2025-06-08 22:30:00,2025-06-09 00:00:00,SHORT,2512.59,2507.7,4.89
188,2025-06-09 00:00:00,2025-06-09 00:45:00,LONG,2507.7,2505.2,-2.5
189,2025-06-09 00:45:00,2025-06-09 01:30:00,SHORT,2505.2,2497.68,7.52
190,2025-06-09 01:30:00,2025-06-09 03:00:00,LONG,2497.68,2486.18,-11.5
191,2025-06-09 03:00:00,2025-06-09 03:45:00,SHORT,2486.18,2496.86,-10.68
192,2025-06-09 03:45:00,2025-06-09 04:30:00,LONG,2496.86,2486.92,-9.94
193,2025-06-09 04:30:00,2025-06-09 05:15:00,SHORT,2486.92,2486.5,0.42
194,2025-06-09 05:15:00,2025-06-09 06:00:00,LONG,2486.5,2481.15,-5.35
195,2025-06-09 06:00:00,2025-06-09 06:45:00,SHORT,2481.15,2493.5,-12.35
196,2025-06-09 06:45:00,2025-06-09 07:30:00,LONG,2493.5,2489.14,-4.36
197,2025-06-09 07:30:00,2025-06-09 08:15:00,SHORT,2489.14,2487.17,1.97
198,2025-06-09 08:15:00,2025-06-09 13:30:00,LONG,2487.17,2531.59,44.42
199,2025-06-09 13:30:00,2025-06-09 15:45:00,SHORT,2531.59,2534.11,-2.52
200,2025-06-09 15:45:00,2025-06-09 20:15:00,LONG,2534.11,2580.84,46.73
201,2025-06-09 20:15:00,2025-06-09 21:00:00,SHORT,2580.84,2619.19,-38.35
202,2025-06-09 21:00:00,2025-06-09 23:15:00,LONG,2619.19,2662.54,43.35
203,2025-06-09 23:15:00,2025-06-10 00:00:00,SHORT,2662.54,2691.4,-28.86
204,2025-06-10 00:00:00,2025-06-10 02:15:00,LONG,2691.4,2686.43,-4.97
205,2025-06-10 02:15:00,2025-06-10 04:30:00,SHORT,2686.43,2690.28,-3.85
206,2025-06-10 04:30:00,2025-06-10 06:00:00,LONG,2690.28,2658.53,-31.75
207,2025-06-10 06:00:00,2025-06-10 06:45:00,SHORT,2658.53,2675.99,-17.46
208,2025-06-10 06:45:00,2025-06-10 08:15:00,LONG,2675.99,2674.25,-1.74
209,2025-06-10 08:15:00,2025-06-10 09:45:00,SHORT,2674.25,2692.48,-18.23
210,2025-06-10 09:45:00,2025-06-10 13:30:00,LONG,2692.48,2720.9,28.42
211,2025-06-10 13:30:00,2025-06-10 14:15:00,SHORT,2720.9,2741.73,-20.83
212,2025-06-10 14:15:00,2025-06-10 15:00:00,LONG,2741.73,2747.82,6.09
213,2025-06-10 15:00:00,2025-06-10 16:30:00,SHORT,2747.82,2739.8,8.02
214,2025-06-10 16:30:00,2025-06-10 20:15:00,LONG,2739.8,2759.81,20.01
215,2025-06-10 20:15:00,2025-06-10 21:00:00,SHORT,2759.81,2757.67,2.14
216,2025-06-10 21:00:00,2025-06-10 23:15:00,LONG,2757.67,2798.89,41.22
217,2025-06-10 23:15:00,2025-06-11 00:00:00,SHORT,2798.89,2821.39,-22.5
218,2025-06-11 00:00:00,2025-06-11 00:45:00,LONG,2821.39,2795.3,-26.09
219,2025-06-11 00:45:00,2025-06-11 02:15:00,SHORT,2795.3,2782.8,12.5
220,2025-06-11 02:15:00,2025-06-11 03:00:00,LONG,2782.8,2789.51,6.71
221,2025-06-11 03:00:00,2025-06-11 03:45:00,SHORT,2789.51,2791.06,-1.55
222,2025-06-11 03:45:00,2025-06-11 05:15:00,LONG,2791.06,2801.5,10.44
223,2025-06-11 05:15:00,2025-06-11 07:30:00,SHORT,2801.5,2797.8,3.7
224,2025-06-11 07:30:00,2025-06-11 08:15:00,LONG,2797.8,2778.9,-18.9
225,2025-06-11 08:15:00,2025-06-11 10:30:00,SHORT,2778.9,2766.68,12.22
226,2025-06-11 10:30:00,2025-06-11 11:15:00,LONG,2766.68,2766.25,-0.43
227,2025-06-11 11:15:00,2025-06-11 12:00:00,SHORT,2766.25,2781.0,-14.75
228,2025-06-11 12:00:00,2025-06-11 17:15:00,LONG,2781.0,2867.62,86.62
229,2025-06-11 17:15:00,2025-06-11 18:45:00,SHORT,2867.62,2821.6,46.02
230,2025-06-11 18:45:00,2025-06-11 20:15:00,LONG,2821.6,2819.31,-2.29
231,2025-06-11 20:15:00,2025-06-11 23:15:00,SHORT,2819.31,2771.8,47.51
232,2025-06-11 23:15:00,2025-06-12 01:30:00,LONG,2771.8,2767.43,-4.37
233,2025-06-12 01:30:00,2025-06-12 02:15:00,SHORT,2767.43,2773.01,-5.58
234,2025-06-12 02:15:00,2025-06-12 03:00:00,LONG,2773.01,2761.49,-11.52
235,2025-06-12 03:00:00,2025-06-12 03:45:00,SHORT,2761.49,2765.08,-3.59
236,2025-06-12 03:45:00,2025-06-12 04:30:00,LONG,2765.08,2753.01,-12.07
237,2025-06-12 04:30:00,2025-06-12 06:00:00,SHORT,2753.01,2760.27,-7.26
238,2025-06-12 06:00:00,2025-06-12 07:30:00,LONG,2760.27,2745.83,-14.44
239,2025-06-12 07:30:00,2025-06-12 09:00:00,SHORT,2745.83,2753.3,-7.47
240,2025-06-12 09:00:00,2025-06-12 10:30:00,LONG,2753.3,2742.58,-10.72
241,2025-06-12 10:30:00,2025-06-12 11:15:00,SHORT,2742.58,2727.49,15.09
242,2025-06-12 11:15:00,2025-06-12 12:00:00,LONG,2727.49,2718.05,-9.44
243,2025-06-12 12:00:00,2025-06-12 12:45:00,SHORT,2718.05,2736.9,-18.85
244,2025-06-12 12:45:00,2025-06-12 15:45:00,LONG,2736.9,2719.79,-17.11
245,2025-06-12 15:45:00,2025-06-12 16:30:00,SHORT,2719.79,2740.89,-21.1
246,2025-06-12 16:30:00,2025-06-12 18:45:00,LONG,2740.89,2735.29,-5.6
247,2025-06-12 18:45:00,2025-06-12 19:30:00,SHORT,2735.29,2722.5,12.79
248,2025-06-12 19:30:00,2025-06-12 20:15:00,LONG,2722.5,2690.41,-32.09
249,2025-06-12 20:15:00,2025-06-12 23:15:00,SHORT,2690.41,2657.72,32.69
250,2025-06-12 23:15:00,2025-06-13 00:00:00,LONG,2657.72,2568.09,-89.63
251,2025-06-13 00:00:00,2025-06-13 03:00:00,SHORT,2568.09,2493.71,74.38
252,2025-06-13 03:00:00,2025-06-13 05:15:00,LONG,2493.71,2513.23,19.52
253,2025-06-13 05:15:00,2025-06-13 06:45:00,SHORT,2513.23,2532.91,-19.68
254,2025-06-13 06:45:00,2025-06-13 09:00:00,LONG,2532.91,2517.08,-15.83
255,2025-06-13 09:00:00,2025-06-13 10:30:00,SHORT,2517.08,2527.86,-10.78
256,2025-06-13 10:30:00,2025-06-13 12:45:00,LONG,2527.86,2542.09,14.23
257,2025-06-13 12:45:00,2025-06-13 15:00:00,SHORT,2542.09,2548.91,-6.82
258,2025-06-13 15:00:00,2025-06-13 17:15:00,LONG,2548.91,2535.22,-13.69
259,2025-06-13 17:15:00,2025-06-13 19:30:00,SHORT,2535.22,2527.6,7.62
260,2025-06-13 19:30:00,2025-06-14 00:45:00,LONG,2527.6,2562.63,35.03
261,2025-06-14 00:45:00,2025-06-14 02:15:00,SHORT,2562.63,2558.14,4.49
262,2025-06-14 02:15:00,2025-06-14 03:00:00,LONG,2558.14,2553.13,-5.01
263,2025-06-14 03:00:00,2025-06-14 04:30:00,SHORT,2553.13,2554.2,-1.07
264,2025-06-14 04:30:00,2025-06-14 05:15:00,LONG,2554.2,2550.0,-4.2
265,2025-06-14 05:15:00,2025-06-14 06:00:00,SHORT,2550.0,2551.57,-1.57
266,2025-06-14 06:00:00,2025-06-14 06:45:00,LONG,2551.57,2543.53,-8.04
267,2025-06-14 06:45:00,2025-06-14 09:00:00,SHORT,2543.53,2530.17,13.36
268,2025-06-14 09:00:00,2025-06-14 09:45:00,LONG,2530.17,2523.0,-7.17
269,2025-06-14 09:45:00,2025-06-14 10:30:00,SHORT,2523.0,2529.79,-6.79
270,2025-06-14 10:30:00,2025-06-14 12:45:00,LONG,2529.79,2536.64,6.85
271,2025-06-14 12:45:00,2025-06-14 13:30:00,SHORT,2536.64,2530.99,5.65
272,2025-06-14 13:30:00,2025-06-14 14:15:00,LONG,2530.99,2533.6,2.61
273,2025-06-14 14:15:00,2025-06-14 18:00:00,SHORT,2533.6,2517.83,15.77
274,2025-06-14 18:00:00,2025-06-14 18:45:00,LONG,2517.83,2508.48,-9.35
275,2025-06-14 18:45:00,2025-06-14 19:30:00,SHORT,2508.48,2517.91,-9.43
276,2025-06-14 19:30:00,2025-06-14 20:15:00,LONG,2517.91,2506.81,-11.1
277,2025-06-14 20:15:00,2025-06-14 21:00:00,SHORT,2506.81,2512.89,-6.08
278,2025-06-14 21:00:00,2025-06-15 00:00:00,LONG,2512.89,2534.81,21.92
279,2025-06-15 00:00:00,2025-06-15 00:45:00,SHORT,2534.81,2537.6,-2.79
280,2025-06-15 00:45:00,2025-06-15 01:30:00,LONG,2537.6,2532.36,-5.24
281,2025-06-15 01:30:00,2025-06-15 02:15:00,SHORT,2532.36,2534.79,-2.43
282,2025-06-15 02:15:00,2025-06-15 03:00:00,LONG,2534.79,2532.39,-2.4
283,2025-06-15 03:00:00,2025-06-15 03:45:00,SHORT,2532.39,2530.1,2.29
284,2025-06-15 03:45:00,2025-06-15 06:45:00,LONG,2530.1,2535.6,5.5
285,2025-06-15 06:45:00,2025-06-15 10:30:00,SHORT,2535.6,2519.32,16.28
286,2025-06-15 10:30:00,2025-06-15 15:45:00,LONG,2519.32,2541.81,22.49
287,2025-06-15 15:45:00,2025-06-15 18:00:00,SHORT,2541.81,2546.87,-5.06
288,2025-06-15 18:00:00,2025-06-15 18:45:00,LONG,2546.87,2548.65,1.78
289,2025-06-15 18:45:00,2025-06-15 21:45:00,SHORT,2548.65,2517.4,31.25
290,2025-06-15 21:45:00,2025-06-16 01:30:00,LONG,2517.4,2538.51,21.11
291,2025-06-16 01:30:00,2025-06-16 02:15:00,SHORT,2538.51,2569.67,-31.16
292,2025-06-16 02:15:00,2025-06-16 03:45:00,LONG,2569.67,2568.25,-1.42
293,2025-06-16 03:45:00,2025-06-16 06:00:00,SHORT,2568.25,2610.78,-42.53
294,2025-06-16 06:00:00,2025-06-16 09:45:00,LONG,2610.78,2621.54,10.76
295,2025-06-16 09:45:00,2025-06-16 10:30:00,SHORT,2621.54,2620.61,0.93
296,2025-06-16 10:30:00,2025-06-16 11:15:00,LONG,2620.61,2597.88,-22.73
297,2025-06-16 11:15:00,2025-06-16 12:00:00,SHORT,2597.88,2611.87,-13.99
298,2025-06-16 12:00:00,2025-06-16 13:30:00,LONG,2611.87,2622.1,10.23
299,2025-06-16 13:30:00,2025-06-16 14:15:00,SHORT,2622.1,2639.91,-17.81
300,2025-06-16 14:15:00,2025-06-16 16:30:00,LONG,2639.91,2634.46,-5.45
301,2025-06-16 16:30:00,2025-06-16 18:45:00,SHORT,2634.46,2654.19,-19.73
302,2025-06-16 18:45:00,2025-06-16 20:15:00,LONG,2654.19,2658.71,4.52
303,2025-06-16 20:15:00,2025-06-16 21:00:00,SHORT,2658.71,2655.36,3.35
304,2025-06-16 21:00:00,2025-06-16 21:45:00,LONG,2655.36,2648.97,-6.39
305,2025-06-16 21:45:00,2025-06-16 22:30:00,SHORT,2648.97,2557.27,91.7
306,2025-06-16 22:30:00,2025-06-16 23:15:00,LONG,2557.27,2575.0,17.73
307,2025-06-16 23:15:00,2025-06-17 00:45:00,SHORT,2575.0,2587.7,-12.7
308,2025-06-17 00:45:00,2025-06-17 04:30:00,LONG,2587.7,2592.53,4.83
309,2025-06-17 04:30:00,2025-06-17 08:15:00,SHORT,2592.53,2580.79,11.74
310,2025-06-17 08:15:00,2025-06-17 09:00:00,LONG,2580.79,2569.71,-11.08
311,2025-06-17 09:00:00,2025-06-17 12:00:00,SHORT,2569.71,2556.0,13.71
312,2025-06-17 12:00:00,2025-06-17 15:00:00,LONG,2556.0,2521.51,-34.49
313,2025-06-17 15:00:00,2025-06-17 18:45:00,SHORT,2521.51,2497.27,24.24
314,2025-06-17 18:45:00,2025-06-17 20:15:00,LONG,2497.27,2523.7,26.43
315,2025-06-17 20:15:00,2025-06-17 21:45:00,SHORT,2523.7,2519.7,4.0
316,2025-06-17 21:45:00,2025-06-17 22:30:00,LONG,2519.7,2510.01,-9.69
317,2025-06-17 22:30:00,2025-06-17 23:15:00,SHORT,2510.01,2512.94,-2.93
318,2025-06-17 23:15:00,2025-06-18 00:00:00,LONG,2512.94,2517.62,4.68
319,2025-06-18 00:00:00,2025-06-18 00:45:00,SHORT,2517.62,2526.18,-8.56
320,2025-06-18 00:45:00,2025-06-18 01:30:00,LONG,2526.18,2524.99,-1.19
321,2025-06-18 01:30:00,2025-06-18 03:45:00,SHORT,2524.99,2527.95,-2.96
322,2025-06-18 03:45:00,2025-06-18 05:15:00,LONG,2527.95,2538.01,10.06
323,2025-06-18 05:15:00,2025-06-18 07:30:00,SHORT,2538.01,2530.79,7.22
324,2025-06-18 07:30:00,2025-06-18 09:00:00,LONG,2530.79,2535.56,4.77
325,2025-06-18 09:00:00,2025-06-18 12:00:00,SHORT,2535.56,2512.02,23.54
326,2025-06-18 12:00:00,2025-06-18 12:45:00,LONG,2512.02,2493.97,-18.05
327,2025-06-18 12:45:00,2025-06-18 14:15:00,SHORT,2493.97,2533.3,-39.33
328,2025-06-18 14:15:00,2025-06-18 15:00:00,LONG,2533.3,2500.78,-32.52
329,2025-06-18 15:00:00,2025-06-18 15:45:00,SHORT,2500.78,2508.96,-8.18
330,2025-06-18 15:45:00,2025-06-18 16:30:00,LONG,2508.96,2505.0,-3.96
331,2025-06-18 16:30:00,2025-06-18 18:00:00,SHORT,2505.0,2492.45,12.55
332,2025-06-18 18:00:00,2025-06-18 19:30:00,LONG,2492.45,2501.6,9.15
333,2025-06-18 19:30:00,2025-06-18 21:00:00,SHORT,2501.6,2512.39,-10.79
334,2025-06-18 21:00:00,2025-06-19 01:30:00,LONG,2512.39,2514.32,1.93
335,2025-06-19 01:30:00,2025-06-19 03:45:00,SHORT,2514.32,2525.43,-11.11
336,2025-06-19 03:45:00,2025-06-19 04:30:00,LONG,2525.43,2519.46,-5.97
337,2025-06-19 04:30:00,2025-06-19 05:15:00,SHORT,2519.46,2529.28,-9.82
338,2025-06-19 05:15:00,2025-06-19 06:00:00,LONG,2529.28,2519.8,-9.48
339,2025-06-19 06:00:00,2025-06-19 08:15:00,SHORT,2519.8,2526.89,-7.09
340,2025-06-19 08:15:00,2025-06-19 09:00:00,LONG,2526.89,2523.74,-3.15
341,2025-06-19 09:00:00,2025-06-19 09:45:00,SHORT,2523.74,2538.32,-14.58
342,2025-06-19 09:45:00,2025-06-19 11:15:00,LONG,2538.32,2531.71,-6.61
343,2025-06-19 11:15:00,2025-06-19 16:30:00,SHORT,2531.71,2500.37,31.34
344,2025-06-19 16:30:00,2025-06-19 17:15:00,LONG,2500.37,2495.9,-4.47
345,2025-06-19 17:15:00,2025-06-19 18:00:00,SHORT,2495.9,2513.52,-17.62
346,2025-06-19 18:00:00,2025-06-19 18:45:00,LONG,2513.52,2504.79,-8.73
347,2025-06-19 18:45:00,2025-06-19 19:30:00,SHORT,2504.79,2503.29,1.5
348,2025-06-19 19:30:00,2025-06-20 00:00:00,LONG,2503.29,2528.14,24.85
349,2025-06-20 00:00:00,2025-06-20 00:45:00,SHORT,2528.14,2525.57,2.57
350,2025-06-20 00:45:00,2025-06-20 01:30:00,LONG,2525.57,2524.71,-0.86
351,2025-06-20 01:30:00,2025-06-20 06:00:00,SHORT,2524.71,2520.74,3.97
352,2025-06-20 06:00:00,2025-06-20 09:45:00,LONG,2520.74,2553.34,32.6
353,2025-06-20 09:45:00,2025-06-20 10:30:00,SHORT,2553.34,2556.3,-2.96
354,2025-06-20 10:30:00,2025-06-20 11:15:00,LONG,2556.3,2544.89,-11.41
355,2025-06-20 11:15:00,2025-06-20 12:00:00,SHORT,2544.89,2550.4,-5.51
356,2025-06-20 12:00:00,2025-06-20 14:15:00,LONG,2550.4,2520.06,-30.34
357,2025-06-20 14:15:00,2025-06-20 15:45:00,SHORT,2520.06,2493.78,26.28
358,2025-06-20 15:45:00,2025-06-20 16:30:00,LONG,2493.78,2487.49,-6.29
359,2025-06-20 16:30:00,2025-06-20 18:45:00,SHORT,2487.49,2419.81,67.68
360,2025-06-20 18:45:00,2025-06-20 19:30:00,LONG,2419.81,2411.35,-8.46
361,2025-06-20 19:30:00,2025-06-20 20:15:00,SHORT,2411.35,2431.29,-19.94
362,2025-06-20 20:15:00,2025-06-20 22:30:00,LONG,2431.29,2397.3,-33.99
363,2025-06-20 22:30:00,2025-06-21 00:00:00,SHORT,2397.3,2398.19,-0.89
364,2025-06-21 00:00:00,2025-06-21 02:15:00,LONG,2398.19,2418.39,20.2
365,2025-06-21 02:15:00,2025-06-21 03:00:00,SHORT,2418.39,2425.61,-7.22
366,2025-06-21 03:00:00,2025-06-21 04:30:00,LONG,2425.61,2424.01,-1.6
367,2025-06-21 04:30:00,2025-06-21 06:00:00,SHORT,2424.01,2423.18,0.83
368,2025-06-21 06:00:00,2025-06-21 12:45:00,LONG,2423.18,2435.89,12.71
369,2025-06-21 12:45:00,2025-06-21 13:30:00,SHORT,2435.89,2432.1,3.79
370,2025-06-21 13:30:00,2025-06-21 14:15:00,LONG,2432.1,2418.0,-14.1
371,2025-06-21 14:15:00,2025-06-21 15:45:00,SHORT,2418.0,2423.59,-5.59
372,2025-06-21 15:45:00,2025-06-21 18:00:00,LONG,2423.59,2405.86,-17.73
373,2025-06-21 18:00:00,2025-06-21 19:30:00,SHORT,2405.86,2391.16,14.7
374,2025-06-21 19:30:00,2025-06-21 21:45:00,LONG,2391.16,2281.8,-109.36
375,2025-06-21 21:45:00,2025-06-22 00:00:00,SHORT,2281.8,2279.7,2.1
376,2025-06-22 00:00:00,2025-06-22 01:30:00,LONG,2279.7,2277.3,-2.4
377,2025-06-22 01:30:00,2025-06-22 03:45:00,SHORT,2277.3,2264.58,12.72
378,2025-06-22 03:45:00,2025-06-22 06:45:00,LONG,2264.58,2286.81,22.23
379,2025-06-22 06:45:00,2025-06-22 09:00:00,SHORT,2286.81,2273.44,13.37
380,2025-06-22 09:00:00,2025-06-22 09:45:00,LONG,2273.44,2241.95,-31.49
381,2025-06-22 09:45:00,2025-06-22 10:30:00,SHORT,2241.95,2262.61,-20.66
382,2025-06-22 10:30:00,2025-06-22 12:45:00,LONG,2262.61,2280.1,17.49
383,2025-06-22 12:45:00,2025-06-22 15:00:00,SHORT,2280.1,2197.38,82.72
384,2025-06-22 15:00:00,2025-06-22 15:45:00,LONG,2197.38,2174.91,-22.47
385,2025-06-22 15:45:00,2025-06-22 16:30:00,SHORT,2174.91,2182.39,-7.48
386,2025-06-22 16:30:00,2025-06-22 18:00:00,LONG,2182.39,2186.53,4.14
387,2025-06-22 18:00:00,2025-06-22 18:45:00,SHORT,2186.53,2182.7,3.83
388,2025-06-22 18:45:00,2025-06-22 20:15:00,LONG,2182.7,2130.3,-52.4
389,2025-06-22 20:15:00,2025-06-22 21:00:00,SHORT,2130.3,2189.16,-58.86
390,2025-06-22 21:00:00,2025-06-22 23:15:00,LONG,2189.16,2231.64,42.48
391,2025-06-22 23:15:00,2025-06-23 00:45:00,SHORT,2231.64,2240.93,-9.29
392,2025-06-23 00:45:00,2025-06-23 01:30:00,LONG,2240.93,2235.08,-5.85
393,2025-06-23 01:30:00,2025-06-23 04:30:00,SHORT,2235.08,2234.11,0.97
394,2025-06-23 04:30:00,2025-06-23 06:45:00,LONG,2234.11,2250.88,16.77
395,2025-06-23 06:45:00,2025-06-23 07:30:00,SHORT,2250.88,2257.0,-6.12
396,2025-06-23 07:30:00,2025-06-23 09:45:00,LONG,2257.0,2252.01,-4.99
397,2025-06-23 09:45:00,2025-06-23 11:15:00,SHORT,2252.01,2245.3,6.71
398,2025-06-23 11:15:00,2025-06-23 13:30:00,LONG,2245.3,2289.08,43.78
399,2025-06-23 13:30:00,2025-06-23 14:15:00,SHORT,2289.08,2280.1,8.98
400,2025-06-23 14:15:00,2025-06-23 15:00:00,LONG,2280.1,2286.9,6.8
401,2025-06-23 15:00:00,2025-06-23 17:15:00,SHORT,2286.9,2275.1,11.8
402,2025-06-23 17:15:00,2025-06-23 19:30:00,LONG,2275.1,2304.01,28.91
403,2025-06-23 19:30:00,2025-06-23 20:15:00,SHORT,2304.01,2361.2,-57.19
404,2025-06-23 20:15:00,2025-06-23 21:45:00,LONG,2361.2,2341.16,-20.04
405,2025-06-23 21:45:00,2025-06-23 22:30:00,SHORT,2341.16,2395.3,-54.14
406,2025-06-23 22:30:00,2025-06-24 00:00:00,LONG,2395.3,2405.6,10.3
407,2025-06-24 00:00:00,2025-06-24 01:30:00,SHORT,2405.6,2408.1,-2.5
408,2025-06-24 01:30:00,2025-06-24 02:15:00,LONG,2408.1,2398.18,-9.92
409,2025-06-24 02:15:00,2025-06-24 04:30:00,SHORT,2398.18,2397.26,0.92
410,2025-06-24 04:30:00,2025-06-24 07:30:00,LONG,2397.26,2403.7,6.44
411,2025-06-24 07:30:00,2025-06-24 09:00:00,SHORT,2403.7,2401.82,1.88
412,2025-06-24 09:00:00,2025-06-24 10:30:00,LONG,2401.82,2411.4,9.58
413,2025-06-24 10:30:00,2025-06-24 12:45:00,SHORT,2411.4,2414.29,-2.89
414,2025-06-24 12:45:00,2025-06-24 15:45:00,LONG,2414.29,2438.1,23.81
415,2025-06-24 15:45:00,2025-06-24 16:30:00,SHORT,2438.1,2470.31,-32.21
416,2025-06-24 16:30:00,2025-06-24 17:15:00,LONG,2470.31,2448.69,-21.62
417,2025-06-24 17:15:00,2025-06-24 20:15:00,SHORT,2448.69,2442.07,6.62
418,2025-06-24 20:15:00,2025-06-24 21:45:00,LONG,2442.07,2445.24,3.17
419,2025-06-24 21:45:00,2025-06-25 00:00:00,SHORT,2445.24,2454.78,-9.54
420,2025-06-25 00:00:00,2025-06-25 00:45:00,LONG,2454.78,2458.51,3.73
421,2025-06-25 00:45:00,2025-06-25 02:15:00,SHORT,2458.51,2455.53,2.98
422,2025-06-25 02:15:00,2025-06-25 03:00:00,LONG,2455.53,2455.34,-0.19
423,2025-06-25 03:00:00,2025-06-25 06:45:00,SHORT,2455.34,2444.68,10.66
424,2025-06-25 06:45:00,2025-06-25 08:15:00,LONG,2444.68,2434.23,-10.45
425,2025-06-25 08:15:00,2025-06-25 09:00:00,SHORT,2434.23,2441.83,-7.6
426,2025-06-25 09:00:00,2025-06-25 09:45:00,LONG,2441.83,2420.56,-21.27
427,2025-06-25 09:45:00,2025-06-25 10:30:00,SHORT,2420.56,2424.77,-4.21
428,2025-06-25 10:30:00,2025-06-25 11:15:00,LONG,2424.77,2420.35,-4.42
429,2025-06-25 11:15:00,2025-06-25 12:00:00,SHORT,2420.35,2422.32,-1.97
430,2025-06-25 12:00:00,2025-06-25 14:15:00,LONG,2422.32,2404.75,-17.57
431,2025-06-25 14:15:00,2025-06-25 15:00:00,SHORT,2404.75,2419.4,-14.65
432,2025-06-25 15:00:00,2025-06-25 15:45:00,LONG,2419.4,2405.68,-13.72
433,2025-06-25 15:45:00,2025-06-25 16:30:00,SHORT,2405.68,2409.65,-3.97
434,2025-06-25 16:30:00,2025-06-25 18:45:00,LONG,2409.65,2418.4,8.75
435,2025-06-25 18:45:00,2025-06-25 19:30:00,SHORT,2418.4,2431.62,-13.22
436,2025-06-25 19:30:00,2025-06-25 22:30:00,LONG,2431.62,2413.61,-18.01
437,2025-06-25 22:30:00,2025-06-26 00:00:00,SHORT,2413.61,2422.81,-9.2
438,2025-06-26 00:00:00,2025-06-26 03:45:00,LONG,2422.81,2488.78,65.97
439,2025-06-26 03:45:00,2025-06-26 06:00:00,SHORT,2488.78,2483.4,5.38
440,2025-06-26 06:00:00,2025-06-26 09:00:00,LONG,2483.4,2469.41,-13.99
441,2025-06-26 09:00:00,2025-06-26 12:00:00,SHORT,2469.41,2445.0,24.41
442,2025-06-26 12:00:00,2025-06-26 14:15:00,LONG,2445.0,2435.73,-9.27
443,2025-06-26 14:15:00,2025-06-26 15:00:00,SHORT,2435.73,2440.53,-4.8
444,2025-06-26 15:00:00,2025-06-26 15:45:00,LONG,2440.53,2433.03,-7.5
445,2025-06-26 15:45:00,2025-06-26 16:30:00,SHORT,2433.03,2425.16,7.87
446,2025-06-26 16:30:00,2025-06-26 17:15:00,LONG,2425.16,2426.47,1.31
447,2025-06-26 17:15:00,2025-06-26 19:30:00,SHORT,2426.47,2438.41,-11.94
448,2025-06-26 19:30:00,2025-06-26 21:00:00,LONG,2438.41,2422.68,-15.73
449,2025-06-26 21:00:00,2025-06-26 22:30:00,SHORT,2422.68,2412.78,9.9
450,2025-06-26 22:30:00,2025-06-26 23:15:00,LONG,2412.78,2415.2,2.42
451,2025-06-26 23:15:00,2025-06-27 00:00:00,SHORT,2415.2,2416.0,-0.8
452,2025-06-27 00:00:00,2025-06-27 00:45:00,LONG,2416.0,2400.36,-15.64
453,2025-06-27 00:45:00,2025-06-27 01:30:00,SHORT,2400.36,2427.67,-27.31
454,2025-06-27 01:30:00,2025-06-27 05:15:00,LONG,2427.67,2436.61,8.94
455,2025-06-27 05:15:00,2025-06-27 06:45:00,SHORT,2436.61,2448.74,-12.13
456,2025-06-27 06:45:00,2025-06-27 07:30:00,LONG,2448.74,2439.2,-9.54
457,2025-06-27 07:30:00,2025-06-27 09:00:00,SHORT,2439.2,2446.44,-7.24
458,2025-06-27 09:00:00,2025-06-27 10:30:00,LONG,2446.44,2449.01,2.57
459,2025-06-27 10:30:00,2025-06-27 12:00:00,SHORT,2449.01,2449.58,-0.57
460,2025-06-27 12:00:00,2025-06-27 12:45:00,LONG,2449.58,2429.97,-19.61
461,2025-06-27 12:45:00,2025-06-27 15:00:00,SHORT,2429.97,2423.21,6.76
462,2025-06-27 15:00:00,2025-06-27 17:15:00,LONG,2423.21,2416.66,-6.55
463,2025-06-27 17:15:00,2025-06-27 19:30:00,SHORT,2416.66,2409.39,7.27
464,2025-06-27 19:30:00,2025-06-27 21:45:00,LONG,2409.39,2419.85,10.46
465,2025-06-27 21:45:00,2025-06-28 00:00:00,SHORT,2419.85,2417.3,2.55
466,2025-06-28 00:00:00,2025-06-28 00:45:00,LONG,2417.3,2418.3,1.0
467,2025-06-28 00:45:00,2025-06-28 02:15:00,SHORT,2418.3,2421.39,-3.09
468,2025-06-28 02:15:00,2025-06-28 03:00:00,LONG,2421.39,2417.52,-3.87
469,2025-06-28 03:00:00,2025-06-28 03:45:00,SHORT,2417.52,2420.93,-3.41
470,2025-06-28 03:45:00,2025-06-28 06:00:00,LONG,2420.93,2426.8,5.87
471,2025-06-28 06:00:00,2025-06-28 07:30:00,SHORT,2426.8,2427.78,-0.98
472,2025-06-28 07:30:00,2025-06-28 08:15:00,LONG,2427.78,2424.13,-3.65
473,2025-06-28 08:15:00,2025-06-28 09:00:00,SHORT,2424.13,2421.19,2.94
474,2025-06-28 09:00:00,2025-06-28 12:00:00,LONG,2421.19,2426.24,5.05
475,2025-06-28 12:00:00,2025-06-28 12:45:00,SHORT,2426.24,2426.09,0.15
476,2025-06-28 12:45:00,2025-06-28 13:30:00,LONG,2426.09,2422.56,-3.53
477,2025-06-28 13:30:00,2025-06-28 14:15:00,SHORT,2422.56,2426.46,-3.9
478,2025-06-28 14:15:00,2025-06-28 15:00:00,LONG,2426.46,2425.98,-0.48
479,2025-06-28 15:00:00,2025-06-28 15:45:00,SHORT,2425.98,2436.09,-10.11
480,2025-06-28 15:45:00,2025-06-28 18:45:00,LONG,2436.09,2437.02,0.93
481,2025-06-28 18:45:00,2025-06-28 21:45:00,SHORT,2437.02,2436.63,0.39
482,2025-06-28 21:45:00,2025-06-29 00:00:00,LONG,2436.63,2433.59,-3.04
483,2025-06-29 00:00:00,2025-06-29 00:45:00,SHORT,2433.59,2438.57,-4.98
484,2025-06-29 00:45:00,2025-06-29 01:30:00,LONG,2438.57,2430.96,-7.61
485,2025-06-29 01:30:00,2025-06-29 03:00:00,SHORT,2430.96,2431.25,-0.29
486,2025-06-29 03:00:00,2025-06-29 03:45:00,LONG,2431.25,2427.86,-3.39
487,2025-06-29 03:45:00,2025-06-29 05:15:00,SHORT,2427.86,2429.0,-1.14
488,2025-06-29 05:15:00,2025-06-29 11:15:00,LONG,2429.0,2454.88,25.88
489,2025-06-29 11:15:00,2025-06-29 12:00:00,SHORT,2454.88,2453.64,1.24
490,2025-06-29 12:00:00,2025-06-29 12:45:00,LONG,2453.64,2454.84,1.2
491,2025-06-29 12:45:00,2025-06-29 14:15:00,SHORT,2454.84,2446.3,8.54
492,2025-06-29 14:15:00,2025-06-29 15:00:00,LONG,2446.3,2441.79,-4.51
493,2025-06-29 15:00:00,2025-06-29 15:45:00,SHORT,2441.79,2436.68,5.11
494,2025-06-29 15:45:00,2025-06-29 16:30:00,LONG,2436.68,2433.3,-3.38
495,2025-06-29 16:30:00,2025-06-29 17:15:00,SHORT,2433.3,2436.5,-3.2
496,2025-06-29 17:15:00,2025-06-29 20:15:00,LONG,2436.5,2434.72,-1.78
497,2025-06-29 20:15:00,2025-06-29 21:45:00,SHORT,2434.72,2431.15,3.57
498,2025-06-29 21:45:00,2025-06-30 00:00:00,LONG,2431.15,2505.85,74.7
499,2025-06-30 00:00:00,2025-06-30 00:45:00,SHORT,2505.85,2518.68,-12.83
500,2025-06-30 00:45:00,2025-06-30 01:30:00,LONG,2518.68,2516.93,-1.75
501,2025-06-30 01:30:00,2025-06-30 03:45:00,SHORT,2516.93,2499.21,17.72
502,2025-06-30 03:45:00,2025-06-30 06:45:00,LONG,2499.21,2464.17,-35.04
503,2025-06-30 06:45:00,2025-06-30 07:30:00,SHORT,2464.17,2474.85,-10.68
504,2025-06-30 07:30:00,2025-06-30 09:00:00,LONG,2474.85,2474.78,-0.07
505,2025-06-30 09:00:00,2025-06-30 11:15:00,SHORT,2474.78,2463.85,10.93
506,2025-06-30 11:15:00,2025-06-30 12:00:00,LONG,2463.85,2462.27,-1.58
507,2025-06-30 12:00:00,2025-06-30 12:45:00,SHORT,2462.27,2460.03,2.24
508,2025-06-30 12:45:00,2025-06-30 15:00:00,LONG,2460.03,2445.79,-14.24
509,2025-06-30 15:00:00,2025-06-30 15:45:00,SHORT,2445.79,2474.78,-28.99
510,2025-06-30 15:45:00,2025-06-30 16:30:00,LONG,2474.78,2472.64,-2.14
511,2025-06-30 16:30:00,2025-06-30 17:15:00,SHORT,2472.64,2481.01,-8.37
512,2025-06-30 17:15:00,2025-06-30 18:45:00,LONG,2481.01,2485.82,4.81
513,2025-06-30 18:45:00,2025-06-30 19:30:00,SHORT,2485.82,2511.25,-25.43
514,2025-06-30 19:30:00,2025-06-30 21:00:00,LONG,2511.25,2501.69,-9.56
515,2025-06-30 21:00:00,2025-06-30 22:30:00,SHORT,2501.69,2494.99,6.7
516,2025-06-30 22:30:00,2025-07-01 00:00:00,LONG,2494.99,2493.12,-1.87
517,2025-07-01 00:00:00,2025-07-01 00:45:00,SHORT,2493.12,2493.35,-0.23
518,2025-07-01 00:45:00,2025-07-01 01:30:00,LONG,2493.35,2492.62,-0.73
519,2025-07-01 01:30:00,2025-07-01 06:00:00,SHORT,2492.62,2458.55,34.07
520,2025-07-01 06:00:00,2025-07-01 08:15:00,LONG,2458.55,2459.62,1.07
521,2025-07-01 08:15:00,2025-07-01 13:30:00,SHORT,2459.62,2433.31,26.31
522,2025-07-01 13:30:00,2025-07-01 15:00:00,LONG,2433.31,2419.21,-14.1
523,2025-07-01 15:00:00,2025-07-01 16:30:00,SHORT,2419.21,2426.86,-7.65
524,2025-07-01 16:30:00,2025-07-01 17:15:00,LONG,2426.86,2426.74,-0.12
525,2025-07-01 17:15:00,2025-07-01 18:00:00,SHORT,2426.74,2429.1,-2.36
526,2025-07-01 18:00:00,2025-07-01 18:45:00,LONG,2429.1,2410.14,-18.96
527,2025-07-01 18:45:00,2025-07-01 19:30:00,SHORT,2410.14,2412.01,-1.87
528,2025-07-01 19:30:00,2025-07-01 20:15:00,LONG,2412.01,2409.46,-2.55
529,2025-07-01 20:15:00,2025-07-01 21:00:00,SHORT,2409.46,2405.99,3.47
530,2025-07-01 21:00:00,2025-07-01 21:45:00,LONG,2405.99,2407.08,1.09
531,2025-07-01 21:45:00,2025-07-02 00:00:00,SHORT,2407.08,2407.31,-0.23
532,2025-07-02 00:00:00,2025-07-02 05:15:00,LONG,2407.31,2439.17,31.86
533,2025-07-02 05:15:00,2025-07-02 06:00:00,SHORT,2439.17,2446.96,-7.79
534,2025-07-02 06:00:00,2025-07-02 07:30:00,LONG,2446.96,2448.12,1.16
535,2025-07-02 07:30:00,2025-07-02 08:15:00,SHORT,2448.12,2451.5,-3.38
536,2025-07-02 08:15:00,2025-07-02 09:00:00,LONG,2451.5,2450.68,-0.82
537,2025-07-02 09:00:00,2025-07-02 09:45:00,SHORT,2450.68,2448.61,2.07
538,2025-07-02 09:45:00,2025-07-02 10:30:00,LONG,2448.61,2452.32,3.71
539,2025-07-02 10:30:00,2025-07-02 11:15:00,SHORT,2452.32,2454.99,-2.67
540,2025-07-02 11:15:00,2025-07-02 12:00:00,LONG,2454.99,2444.63,-10.36
541,2025-07-02 12:00:00,2025-07-02 13:30:00,SHORT,2444.63,2452.2,-7.57
542,2025-07-02 13:30:00,2025-07-02 18:00:00,LONG,2452.2,2568.08,115.88
543,2025-07-02 18:00:00,2025-07-02 18:45:00,SHORT,2568.08,2582.38,-14.3
544,2025-07-02 18:45:00,2025-07-02 21:00:00,LONG,2582.38,2588.57,6.19
545,2025-07-02 21:00:00,2025-07-02 22:30:00,SHORT,2588.57,2600.17,-11.6
546,2025-07-02 22:30:00,2025-07-02 23:15:00,LONG,2600.17,2587.71,-12.46
547,2025-07-02 23:15:00,2025-07-03 00:45:00,SHORT,2587.71,2573.6,14.11
548,2025-07-03 00:45:00,2025-07-03 02:15:00,LONG,2573.6,2563.77,-9.83
549,2025-07-03 02:15:00,2025-07-03 03:00:00,SHORT,2563.77,2565.8,-2.03
550,2025-07-03 03:00:00,2025-07-03 07:30:00,LONG,2565.8,2599.27,33.47
551,2025-07-03 07:30:00,2025-07-03 09:45:00,SHORT,2599.27,2599.35,-0.08
552,2025-07-03 09:45:00,2025-07-03 10:30:00,LONG,2599.35,2593.31,-6.04
553,2025-07-03 10:30:00,2025-07-03 12:00:00,SHORT,2593.31,2599.83,-6.52
554,2025-07-03 12:00:00,2025-07-03 12:45:00,LONG,2599.83,2589.07,-10.76
555,2025-07-03 12:45:00,2025-07-03 13:30:00,SHORT,2589.07,2622.37,-33.3
556,2025-07-03 13:30:00,2025-07-03 15:00:00,LONG,2622.37,2583.87,-38.5
557,2025-07-03 15:00:00,2025-07-03 17:15:00,SHORT,2583.87,2572.76,11.11
558,2025-07-03 17:15:00,2025-07-03 21:45:00,LONG,2572.76,2595.52,22.76
559,2025-07-03 21:45:00,2025-07-04 00:00:00,SHORT,2595.52,2592.89,2.63
560,2025-07-04 00:00:00,2025-07-04 02:15:00,LONG,2592.89,2588.55,-4.34
561,2025-07-04 02:15:00,2025-07-04 03:45:00,SHORT,2588.55,2577.93,10.62
562,2025-07-04 03:45:00,2025-07-04 04:30:00,LONG,2577.93,2574.37,-3.56
563,2025-07-04 04:30:00,2025-07-04 05:15:00,SHORT,2574.37,2576.0,-1.63
564,2025-07-04 05:15:00,2025-07-04 06:00:00,LONG,2576.0,2555.44,-20.56
565,2025-07-04 06:00:00,2025-07-04 09:00:00,SHORT,2555.44,2549.28,6.16
566,2025-07-04 09:00:00,2025-07-04 10:30:00,LONG,2549.28,2549.67,0.39
567,2025-07-04 10:30:00,2025-07-04 11:15:00,SHORT,2549.67,2555.01,-5.34
568,2025-07-04 11:15:00,2025-07-04 12:00:00,LONG,2555.01,2549.5,-5.51
569,2025-07-04 12:00:00,2025-07-04 17:15:00,SHORT,2549.5,2490.95,58.55
570,2025-07-04 17:15:00,2025-07-04 19:30:00,LONG,2490.95,2484.32,-6.63
571,2025-07-04 19:30:00,2025-07-04 20:15:00,SHORT,2484.32,2492.03,-7.71
572,2025-07-04 20:15:00,2025-07-04 21:00:00,LONG,2492.03,2490.25,-1.78
573,2025-07-04 21:00:00,2025-07-04 21:45:00,SHORT,2490.25,2496.9,-6.65
574,2025-07-04 21:45:00,2025-07-05 00:00:00,LONG,2496.9,2514.5,17.6
575,2025-07-05 00:00:00,2025-07-05 00:45:00,SHORT,2514.5,2516.76,-2.26
576,2025-07-05 00:45:00,2025-07-05 01:30:00,LONG,2516.76,2513.32,-3.44
577,2025-07-05 01:30:00,2025-07-05 03:00:00,SHORT,2513.32,2519.01,-5.69
578,2025-07-05 03:00:00,2025-07-05 03:45:00,LONG,2519.01,2518.24,-0.77
579,2025-07-05 03:45:00,2025-07-05 04:30:00,SHORT,2518.24,2520.95,-2.71
580,2025-07-05 04:30:00,2025-07-05 05:15:00,LONG,2520.95,2520.19,-0.76
581,2025-07-05 05:15:00,2025-07-05 06:00:00,SHORT,2520.19,2518.62,1.57
582,2025-07-05 06:00:00,2025-07-05 09:00:00,LONG,2518.62,2511.93,-6.69
583,2025-07-05 09:00:00,2025-07-05 09:45:00,SHORT,2511.93,2521.63,-9.7
584,2025-07-05 09:45:00,2025-07-05 12:00:00,LONG,2521.63,2515.93,-5.7
585,2025-07-05 12:00:00,2025-07-05 13:30:00,SHORT,2515.93,2516.71,-0.78
586,2025-07-05 13:30:00,2025-07-05 14:15:00,LONG,2516.71,2516.5,-0.21
587,2025-07-05 14:15:00,2025-07-05 15:00:00,SHORT,2516.5,2517.12,-0.62
588,2025-07-05 15:00:00,2025-07-05 15:45:00,LONG,2517.12,2507.67,-9.45
589,2025-07-05 15:45:00,2025-07-05 17:15:00,SHORT,2507.67,2500.78,6.89
590,2025-07-05 17:15:00,2025-07-05 18:45:00,LONG,2500.78,2492.85,-7.93
591,2025-07-05 18:45:00,2025-07-05 19:30:00,SHORT,2492.85,2502.59,-9.74
592,2025-07-05 19:30:00,2025-07-06 00:00:00,LONG,2502.59,2513.97,11.38
593,2025-07-06 00:00:00,2025-07-06 00:45:00,SHORT,2513.97,2520.12,-6.15
594,2025-07-06 00:45:00,2025-07-06 01:30:00,LONG,2520.12,2517.14,-2.98
595,2025-07-06 01:30:00,2025-07-06 02:15:00,SHORT,2517.14,2515.5,1.64
596,2025-07-06 02:15:00,2025-07-06 03:00:00,LONG,2515.5,2514.19,-1.31
597,2025-07-06 03:00:00,2025-07-06 06:45:00,SHORT,2514.19,2521.39,-7.2
598,2025-07-06 06:45:00,2025-07-06 07:30:00,LONG,2521.39,2519.74,-1.65
599,2025-07-06 07:30:00,2025-07-06 09:45:00,SHORT,2519.74,2507.29,12.45
600,2025-07-06 09:45:00,2025-07-06 11:15:00,LONG,2507.29,2512.25,4.96
601,2025-07-06 11:15:00,2025-07-06 12:00:00,SHORT,2512.25,2513.94,-1.69
602,2025-07-06 12:00:00,2025-07-06 15:45:00,LONG,2513.94,2558.72,44.78
603,2025-07-06 15:45:00,2025-07-06 19:30:00,SHORT,2558.72,2535.49,23.23
604,2025-07-06 19:30:00,2025-07-06 21:00:00,LONG,2535.49,2553.14,17.65
605,2025-07-06 21:00:00,2025-07-06 21:45:00,SHORT,2553.14,2587.69,-34.55
606,2025-07-06 21:45:00,2025-07-06 23:15:00,LONG,2587.69,2564.87,-22.82
607,2025-07-06 23:15:00,2025-07-07 01:30:00,SHORT,2564.87,2562.37,2.5
608,2025-07-07 01:30:00,2025-07-07 03:45:00,LONG,2562.37,2577.42,15.05
609,2025-07-07 03:45:00,2025-07-07 05:15:00,SHORT,2577.42,2572.7,4.72
610,2025-07-07 05:15:00,2025-07-07 06:00:00,LONG,2572.7,2569.32,-3.38
611,2025-07-07 06:00:00,2025-07-07 07:30:00,SHORT,2569.32,2573.98,-4.66
612,2025-07-07 07:30:00,2025-07-07 09:45:00,LONG,2573.98,2572.27,-1.71
613,2025-07-07 09:45:00,2025-07-07 12:00:00,SHORT,2572.27,2557.82,14.45
614,2025-07-07 12:00:00,2025-07-07 12:45:00,LONG,2557.82,2548.92,-8.9
615,2025-07-07 12:45:00,2025-07-07 13:30:00,SHORT,2548.92,2555.58,-6.66
616,2025-07-07 13:30:00,2025-07-07 14:15:00,LONG,2555.58,2542.73,-12.85
617,2025-07-07 14:15:00,2025-07-07 17:15:00,SHORT,2542.73,2535.89,6.84
618,2025-07-07 17:15:00,2025-07-07 18:45:00,LONG,2535.89,2544.24,8.35
619,2025-07-07 18:45:00,2025-07-07 19:30:00,SHORT,2544.24,2545.18,-0.94
620,2025-07-07 19:30:00,2025-07-07 20:15:00,LONG,2545.18,2539.39,-5.79
621,2025-07-07 20:15:00,2025-07-07 21:45:00,SHORT,2539.39,2539.68,-0.29
622,2025-07-07 21:45:00,2025-07-07 22:30:00,LONG,2539.68,2537.32,-2.36
623,2025-07-07 22:30:00,2025-07-07 23:15:00,SHORT,2537.32,2539.91,-2.59
624,2025-07-07 23:15:00,2025-07-08 01:30:00,LONG,2539.91,2530.01,-9.9
625,2025-07-08 01:30:00,2025-07-08 03:45:00,SHORT,2530.01,2538.34,-8.33
626,2025-07-08 03:45:00,2025-07-08 07:30:00,LONG,2538.34,2551.5,13.16
627,2025-07-08 07:30:00,2025-07-08 08:15:00,SHORT,2551.5,2552.26,-0.76
628,2025-07-08 08:15:00,2025-07-08 09:00:00,LONG,2552.26,2549.76,-2.5
629,2025-07-08 09:00:00,2025-07-08 09:45:00,SHORT,2549.76,2552.01,-2.25
630,2025-07-08 09:45:00,2025-07-08 12:00:00,LONG,2552.01,2579.1,27.09
631,2025-07-08 12:00:00,2025-07-08 12:45:00,SHORT,2579.1,2583.07,-3.97
632,2025-07-08 12:45:00,2025-07-08 13:30:00,LONG,2583.07,2580.65,-2.42
633,2025-07-08 13:30:00,2025-07-08 16:30:00,SHORT,2580.65,2575.1,5.55
634,2025-07-08 16:30:00,2025-07-08 19:30:00,LONG,2575.1,2606.17,31.07
635,2025-07-08 19:30:00,2025-07-08 21:45:00,SHORT,2606.17,2609.27,-3.1
636,2025-07-08 21:45:00,2025-07-09 01:30:00,LONG,2609.27,2602.45,-6.82
637,2025-07-09 01:30:00,2025-07-09 02:15:00,SHORT,2602.45,2604.5,-2.05
638,2025-07-09 02:15:00,2025-07-09 03:00:00,LONG,2604.5,2597.32,-7.18
639,2025-07-09 03:00:00,2025-07-09 04:30:00,SHORT,2597.32,2599.33,-2.01
640,2025-07-09 04:30:00,2025-07-09 06:45:00,LONG,2599.33,2631.22,31.89
641,2025-07-09 06:45:00,2025-07-09 07:30:00,SHORT,2631.22,2621.71,9.51
642,2025-07-09 07:30:00,2025-07-09 08:15:00,LONG,2621.71,2622.58,0.87
643,2025-07-09 08:15:00,2025-07-09 09:45:00,SHORT,2622.58,2611.16,11.42
644,2025-07-09 09:45:00,2025-07-09 14:15:00,LONG,2611.16,2649.85,38.69
645,2025-07-09 14:15:00,2025-07-09 15:45:00,SHORT,2649.85,2656.83,-6.98
646,2025-07-09 15:45:00,2025-07-09 20:15:00,LONG,2656.83,2745.56,88.73
647,2025-07-09 20:15:00,2025-07-09 21:45:00,SHORT,2745.56,2753.26,-7.7
648,2025-07-09 21:45:00,2025-07-09 23:15:00,LONG,2753.26,2777.16,23.9
649,2025-07-09 23:15:00,2025-07-10 01:30:00,SHORT,2777.16,2773.13,4.03
650,2025-07-10 01:30:00,2025-07-10 03:45:00,LONG,2773.13,2776.13,3.0
651,2025-07-10 03:45:00,2025-07-10 06:00:00,SHORT,2776.13,2786.14,-10.01
652,2025-07-10 06:00:00,2025-07-10 08:15:00,LONG,2786.14,2789.38,3.24
653,2025-07-10 08:15:00,2025-07-10 11:15:00,SHORT,2789.38,2780.2,9.18
654,2025-07-10 11:15:00,2025-07-10 12:00:00,LONG,2780.2,2769.12,-11.08
655,2025-07-10 12:00:00,2025-07-10 13:30:00,SHORT,2769.12,2783.53,-14.41
656,2025-07-10 13:30:00,2025-07-10 14:15:00,LONG,2783.53,2764.79,-18.74
657,2025-07-10 14:15:00,2025-07-10 15:00:00,SHORT,2764.79,2765.03,-0.24
658,2025-07-10 15:00:00,2025-07-10 15:45:00,LONG,2765.03,2769.32,4.29
659,2025-07-10 15:45:00,2025-07-10 16:30:00,SHORT,2769.32,2806.0,-36.68
660,2025-07-10 16:30:00,2025-07-10 18:45:00,LONG,2806.0,2811.39,5.39
661,2025-07-10 18:45:00,2025-07-10 20:15:00,SHORT,2811.39,2823.9,-12.51
662,2025-07-10 20:15:00,2025-07-10 21:00:00,LONG,2823.9,2823.92,0.02
663,2025-07-10 21:00:00,2025-07-10 21:45:00,SHORT,2823.92,2972.17,-148.25
664,2025-07-10 21:45:00,2025-07-10 23:15:00,LONG,2972.17,2948.77,-23.4
665,2025-07-10 23:15:00,2025-07-11 01:30:00,SHORT,2948.77,2949.01,-0.24
666,2025-07-11 01:30:00,2025-07-11 03:45:00,LONG,2949.01,2969.74,20.73
667,2025-07-11 03:45:00,2025-07-11 05:15:00,SHORT,2969.74,2994.49,-24.75
668,2025-07-11 05:15:00,2025-07-11 06:45:00,LONG,2994.49,2989.2,-5.29
669,2025-07-11 06:45:00,2025-07-11 07:30:00,SHORT,2989.2,3000.5,-11.3
670,2025-07-11 07:30:00,2025-07-11 08:15:00,LONG,3000.5,2984.26,-16.24
671,2025-07-11 08:15:00,2025-07-11 09:00:00,SHORT,2984.26,3006.19,-21.93
672,2025-07-11 09:00:00,2025-07-11 11:15:00,LONG,3006.19,2985.9,-20.29
673,2025-07-11 11:15:00,2025-07-11 13:30:00,SHORT,2985.9,2985.6,0.3
674,2025-07-11 13:30:00,2025-07-11 14:15:00,LONG,2985.6,2996.2,10.6
675,2025-07-11 14:15:00,2025-07-11 15:45:00,SHORT,2996.2,2951.09,45.11
676,2025-07-11 15:45:00,2025-07-11 19:30:00,LONG,2951.09,2996.74,45.65
677,2025-07-11 19:30:00,2025-07-11 20:15:00,SHORT,2996.74,2997.79,-1.05
678,2025-07-11 20:15:00,2025-07-11 21:00:00,LONG,2997.79,2984.06,-13.73
679,2025-07-11 21:00:00,2025-07-11 23:15:00,SHORT,2984.06,2958.57,25.49
680,2025-07-11 23:15:00,2025-07-12 00:45:00,LONG,2958.57,2952.49,-6.08
681,2025-07-12 00:45:00,2025-07-12 01:30:00,SHORT,2952.49,2959.99,-7.5
682,2025-07-12 01:30:00,2025-07-12 03:00:00,LONG,2959.99,2964.57,4.58
683,2025-07-12 03:00:00,2025-07-12 04:30:00,SHORT,2964.57,2960.51,4.06
684,2025-07-12 04:30:00,2025-07-12 05:15:00,LONG,2960.51,2952.34,-8.17
685,2025-07-12 05:15:00,2025-07-12 06:00:00,SHORT,2952.34,2946.41,5.93
686,2025-07-12 06:00:00,2025-07-12 08:15:00,LONG,2946.41,2968.01,21.6
687,2025-07-12 08:15:00,2025-07-12 09:00:00,SHORT,2968.01,2966.11,1.9
688,2025-07-12 09:00:00,2025-07-12 11:15:00,LONG,2966.11,2974.98,8.87
689,2025-07-12 11:15:00,2025-07-12 14:15:00,SHORT,2974.98,2946.71,28.27
690,2025-07-12 14:15:00,2025-07-12 15:00:00,LONG,2946.71,2928.6,-18.11
691,2025-07-12 15:00:00,2025-07-12 16:30:00,SHORT,2928.6,2932.24,-3.64
692,2025-07-12 16:30:00,2025-07-12 18:45:00,LONG,2932.24,2942.37,10.13
693,2025-07-12 18:45:00,2025-07-12 21:45:00,SHORT,2942.37,2939.19,3.18
694,2025-07-12 21:45:00,2025-07-12 23:15:00,LONG,2939.19,2937.64,-1.55
695,2025-07-12 23:15:00,2025-07-13 00:00:00,SHORT,2937.64,2941.61,-3.97
696,2025-07-13 00:00:00,2025-07-13 01:30:00,LONG,2941.61,2947.64,6.03
697,2025-07-13 01:30:00,2025-07-13 03:00:00,SHORT,2947.64,2948.7,-1.06
698,2025-07-13 03:00:00,2025-07-13 04:30:00,LONG,2948.7,2954.78,6.08
699,2025-07-13 04:30:00,2025-07-13 05:15:00,SHORT,2954.78,2955.68,-0.9
700,2025-07-13 05:15:00,2025-07-13 06:00:00,LONG,2955.68,2953.56,-2.12
701,2025-07-13 06:00:00,2025-07-13 06:45:00,SHORT,2953.56,2959.82,-6.26
702,2025-07-13 06:45:00,2025-07-13 08:15:00,LONG,2959.82,2958.73,-1.09
703,2025-07-13 08:15:00,2025-07-13 10:30:00,SHORT,2958.73,2950.93,7.8
704,2025-07-13 10:30:00,2025-07-13 15:00:00,LONG,2950.93,3000.61,49.68
705,2025-07-13 15:00:00,2025-07-13 18:00:00,SHORT,3000.61,2995.49,5.12
706,2025-07-13 18:00:00,2025-07-13 20:15:00,LONG,2995.49,2992.36,-3.13
707,2025-07-13 20:15:00,2025-07-13 21:00:00,SHORT,2992.36,2984.58,7.78
708,2025-07-13 21:00:00,2025-07-13 21:45:00,LONG,2984.58,2964.99,-19.59
709,2025-07-13 21:45:00,2025-07-13 23:15:00,SHORT,2964.99,2962.51,2.48
710,2025-07-13 23:15:00,2025-07-14 01:30:00,LONG,2962.51,2972.1,9.59
711,2025-07-14 01:30:00,2025-07-14 02:15:00,SHORT,2972.1,3003.6,-31.5
712,2025-07-14 02:15:00,2025-07-14 05:15:00,LONG,3003.6,3049.8,46.2
713,2025-07-14 05:15:00,2025-07-14 07:30:00,SHORT,3049.8,3041.46,8.34
714,2025-07-14 07:30:00,2025-07-14 08:15:00,LONG,3041.46,3026.12,-15.34
715,2025-07-14 08:15:00,2025-07-14 09:00:00,SHORT,3026.12,3045.0,-18.88
716,2025-07-14 09:00:00,2025-07-14 12:00:00,LONG,3045.0,3050.5,5.5
717,2025-07-14 12:00:00,2025-07-14 14:15:00,SHORT,3050.5,3045.29,5.21
718,2025-07-14 14:15:00,2025-07-14 15:00:00,LONG,3045.29,3019.06,-26.23
719,2025-07-14 15:00:00,2025-07-14 16:30:00,SHORT,3019.06,3022.06,-3.0
720,2025-07-14 16:30:00,2025-07-14 18:00:00,LONG,3022.06,3002.91,-19.15
721,2025-07-14 18:00:00,2025-07-14 19:30:00,SHORT,3002.91,2999.43,3.48
722,2025-07-14 19:30:00,2025-07-14 20:15:00,LONG,2999.43,3001.7,2.27
723,2025-07-14 20:15:00,2025-07-14 21:00:00,SHORT,3001.7,3001.8,-0.1
724,2025-07-14 21:00:00,2025-07-14 23:15:00,LONG,3001.8,3007.25,5.45
725,2025-07-14 23:15:00,2025-07-15 00:00:00,SHORT,3007.25,3006.0,1.25
726,2025-07-15 00:00:00,2025-07-15 00:45:00,LONG,3006.0,2992.96,-13.04
727,2025-07-15 00:45:00,2025-07-15 03:00:00,SHORT,2992.96,2946.55,46.41
728,2025-07-15 03:00:00,2025-07-15 03:45:00,LONG,2946.55,2951.8,5.25
729,2025-07-15 03:45:00,2025-07-15 04:30:00,SHORT,2951.8,2966.81,-15.01
730,2025-07-15 04:30:00,2025-07-15 08:15:00,LONG,2966.81,2974.89,8.08
731,2025-07-15 08:15:00,2025-07-15 10:30:00,SHORT,2974.89,2970.32,4.57
732,2025-07-15 10:30:00,2025-07-15 12:45:00,LONG,2970.32,3000.29,29.97
733,2025-07-15 12:45:00,2025-07-15 13:30:00,SHORT,3000.29,3039.59,-39.3
734,2025-07-15 13:30:00,2025-07-15 15:00:00,LONG,3039.59,2990.5,-49.09
735,2025-07-15 15:00:00,2025-07-15 15:45:00,SHORT,2990.5,3039.93,-49.43
736,2025-07-15 15:45:00,2025-07-15 17:15:00,LONG,3039.93,3074.62,34.69
737,2025-07-15 17:15:00,2025-07-15 18:00:00,SHORT,3074.62,3089.72,-15.1
738,2025-07-15 18:00:00,2025-07-15 18:45:00,LONG,3089.72,3065.41,-24.31
739,2025-07-15 18:45:00,2025-07-15 21:45:00,SHORT,3065.41,3080.82,-15.41
740,2025-07-15 21:45:00,2025-07-16 02:15:00,LONG,3080.82,3119.55,38.73
741,2025-07-16 02:15:00,2025-07-16 03:45:00,SHORT,3119.55,3115.99,3.56
742,2025-07-16 03:45:00,2025-07-16 08:15:00,LONG,3115.99,3162.08,46.09
743,2025-07-16 08:15:00,2025-07-16 11:15:00,SHORT,3162.08,3156.25,5.83
744,2025-07-16 11:15:00,2025-07-16 12:00:00,LONG,3156.25,3152.15,-4.1
745,2025-07-16 12:00:00,2025-07-16 12:45:00,SHORT,3152.15,3164.93,-12.78
746,2025-07-16 12:45:00,2025-07-16 14:15:00,LONG,3164.93,3196.83,31.9
747,2025-07-16 14:15:00,2025-07-16 15:00:00,SHORT,3196.83,3244.26,-47.43
748,2025-07-16 15:00:00,2025-07-16 15:45:00,LONG,3244.26,3244.49,0.23
749,2025-07-16 15:45:00,2025-07-16 16:30:00,SHORT,3244.49,3276.6,-32.11
750,2025-07-16 16:30:00,2025-07-16 21:00:00,LONG,3276.6,3381.04,104.44
751,2025-07-16 21:00:00,2025-07-17 00:00:00,SHORT,3381.04,3374.03,7.01
752,2025-07-17 00:00:00,2025-07-17 01:30:00,LONG,3374.03,3347.97,-26.06
753,2025-07-17 01:30:00,2025-07-17 04:30:00,SHORT,3347.97,3343.75,4.22
754,2025-07-17 04:30:00,2025-07-17 05:15:00,LONG,3343.75,3354.47,10.72
755,2025-07-17 05:15:00,2025-07-17 06:00:00,SHORT,3354.47,3373.5,-19.03
756,2025-07-17 06:00:00,2025-07-17 07:30:00,LONG,3373.5,3459.66,86.16
757,2025-07-17 07:30:00,2025-07-17 09:00:00,SHORT,3459.66,3456.02,3.64
758,2025-07-17 09:00:00,2025-07-17 11:15:00,LONG,3456.02,3442.36,-13.66
759,2025-07-17 11:15:00,2025-07-17 12:45:00,SHORT,3442.36,3425.61,16.75
760,2025-07-17 12:45:00,2025-07-17 13:30:00,LONG,3425.61,3381.56,-44.05
761,2025-07-17 13:30:00,2025-07-17 14:15:00,SHORT,3381.56,3417.49,-35.93
762,2025-07-17 14:15:00,2025-07-17 16:30:00,LONG,3417.49,3397.51,-19.98
763,2025-07-17 16:30:00,2025-07-17 17:15:00,SHORT,3397.51,3400.4,-2.89
764,2025-07-17 17:15:00,2025-07-17 20:15:00,LONG,3400.4,3401.79,1.39
765,2025-07-17 20:15:00,2025-07-17 21:00:00,SHORT,3401.79,3484.64,-82.85
766,2025-07-17 21:00:00,2025-07-18 00:00:00,LONG,3484.64,3470.3,-14.34
767,2025-07-18 00:00:00,2025-07-18 00:45:00,SHORT,3470.3,3538.17,-67.87
768,2025-07-18 00:45:00,2025-07-18 03:00:00,LONG,3538.17,3593.49,55.32
769,2025-07-18 03:00:00,2025-07-18 03:45:00,SHORT,3593.49,3596.4,-2.91
770,2025-07-18 03:45:00,2025-07-18 04:30:00,LONG,3596.4,3612.6,16.2
771,2025-07-18 04:30:00,2025-07-18 05:15:00,SHORT,3612.6,3641.79,-29.19
772,2025-07-18 05:15:00,2025-07-18 07:30:00,LONG,3641.79,3629.67,-12.12
773,2025-07-18 07:30:00,2025-07-18 09:45:00,SHORT,3629.67,3620.91,8.76
774,2025-07-18 09:45:00,2025-07-18 11:15:00,LONG,3620.91,3597.06,-23.85
775,2025-07-18 11:15:00,2025-07-18 12:00:00,SHORT,3597.06,3605.85,-8.79
776,2025-07-18 12:00:00,2025-07-18 13:30:00,LONG,3605.85,3637.74,31.89
777,2025-07-18 13:30:00,2025-07-18 14:15:00,SHORT,3637.74,3596.67,41.07
778,2025-07-18 14:15:00,2025-07-18 15:00:00,LONG,3596.67,3565.11,-31.56
779,2025-07-18 15:00:00,2025-07-18 16:30:00,SHORT,3565.11,3583.22,-18.11
780,2025-07-18 16:30:00,2025-07-18 18:45:00,LONG,3583.22,3572.54,-10.68
781,2025-07-18 18:45:00,2025-07-18 19:30:00,SHORT,3572.54,3563.55,8.99
782,2025-07-18 19:30:00,2025-07-18 20:15:00,LONG,3563.55,3492.58,-70.97
783,2025-07-18 20:15:00,2025-07-18 21:00:00,SHORT,3492.58,3544.9,-52.32
784,2025-07-18 21:00:00,2025-07-18 23:15:00,LONG,3544.9,3529.34,-15.56
785,2025-07-18 23:15:00,2025-07-19 00:00:00,SHORT,3529.34,3552.76,-23.42
786,2025-07-19 00:00:00,2025-07-19 00:45:00,LONG,3552.76,3522.21,-30.55
787,2025-07-19 00:45:00,2025-07-19 01:30:00,SHORT,3522.21,3548.2,-25.99
788,2025-07-19 01:30:00,2025-07-19 04:30:00,LONG,3548.2,3587.63,39.43
789,2025-07-19 04:30:00,2025-07-19 07:30:00,SHORT,3587.63,3569.68,17.95
790,2025-07-19 07:30:00,2025-07-19 08:15:00,LONG,3569.68,3560.9,-8.78
791,2025-07-19 08:15:00,2025-07-19 09:45:00,SHORT,3560.9,3558.1,2.8
792,2025-07-19 09:45:00,2025-07-19 11:15:00,LONG,3558.1,3572.99,14.89
793,2025-07-19 11:15:00,2025-07-19 12:45:00,SHORT,3572.99,3561.8,11.19
794,2025-07-19 12:45:00,2025-07-19 14:15:00,LONG,3561.8,3544.51,-17.29
795,2025-07-19 14:15:00,2025-07-19 15:45:00,SHORT,3544.51,3552.0,-7.49
796,2025-07-19 15:45:00,2025-07-19 17:15:00,LONG,3552.0,3547.28,-4.72
797,2025-07-19 17:15:00,2025-07-19 18:45:00,SHORT,3547.28,3552.8,-5.52
798,2025-07-19 18:45:00,2025-07-19 21:00:00,LONG,3552.8,3551.52,-1.28
799,2025-07-19 21:00:00,2025-07-19 22:30:00,SHORT,3551.52,3579.41,-27.89
800,2025-07-19 22:30:00,2025-07-20 05:15:00,LONG,3579.41,3639.19,59.78
801,2025-07-20 05:15:00,2025-07-20 06:00:00,SHORT,3639.19,3641.1,-1.91
802,2025-07-20 06:00:00,2025-07-20 10:30:00,LONG,3641.1,3700.01,58.91
803,2025-07-20 10:30:00,2025-07-20 12:00:00,SHORT,3700.01,3750.34,-50.33
804,2025-07-20 12:00:00,2025-07-20 12:45:00,LONG,3750.34,3747.58,-2.76
805,2025-07-20 12:45:00,2025-07-20 15:00:00,SHORT,3747.58,3763.99,-16.41
806,2025-07-20 15:00:00,2025-07-20 17:15:00,LONG,3763.99,3773.8,9.81
807,2025-07-20 17:15:00,2025-07-20 19:30:00,SHORT,3773.8,3762.02,11.78
808,2025-07-20 19:30:00,2025-07-20 20:15:00,LONG,3762.02,3738.99,-23.03
809,2025-07-20 20:15:00,2025-07-20 21:45:00,SHORT,3738.99,3770.3,-31.31
810,2025-07-20 21:45:00,2025-07-20 22:30:00,LONG,3770.3,3751.51,-18.79
811,2025-07-20 22:30:00,2025-07-20 23:15:00,SHORT,3751.51,3743.8,7.71
812,2025-07-20 23:15:00,2025-07-21 00:45:00,LONG,3743.8,3746.7,2.9
813,2025-07-21 00:45:00,2025-07-21 02:15:00,SHORT,3746.7,3741.02,5.68
814,2025-07-21 02:15:00,2025-07-21 05:15:00,LONG,3741.02,3754.94,13.92
815,2025-07-21 05:15:00,2025-07-21 06:00:00,SHORT,3754.94,3786.52,-31.58
816,2025-07-21 06:00:00,2025-07-21 06:45:00,LONG,3786.52,3787.37,0.85
817,2025-07-21 06:45:00,2025-07-21 07:30:00,SHORT,3787.37,3788.47,-1.1
818,2025-07-21 07:30:00,2025-07-21 09:00:00,LONG,3788.47,3780.8,-7.67
819,2025-07-21 09:00:00,2025-07-21 11:15:00,SHORT,3780.8,3819.51,-38.71
820,2025-07-21 11:15:00,2025-07-21 12:00:00,LONG,3819.51,3803.2,-16.31
821,2025-07-21 12:00:00,2025-07-21 12:45:00,SHORT,3803.2,3810.72,-7.52
822,2025-07-21 12:45:00,2025-07-21 13:30:00,LONG,3810.72,3807.53,-3.19
823,2025-07-21 13:30:00,2025-07-21 14:15:00,SHORT,3807.53,3835.42,-27.89
824,2025-07-21 14:15:00,2025-07-21 15:45:00,LONG,3835.42,3810.37,-25.05
825,2025-07-21 15:45:00,2025-07-21 17:15:00,SHORT,3810.37,3770.13,40.24
826,2025-07-21 17:15:00,2025-07-21 18:45:00,LONG,3770.13,3736.74,-33.39
827,2025-07-21 18:45:00,2025-07-21 20:15:00,SHORT,3736.74,3753.04,-16.3
828,2025-07-21 20:15:00,2025-07-21 23:15:00,LONG,3753.04,3767.99,14.95
829,2025-07-21 23:15:00,2025-07-22 01:30:00,SHORT,3767.99,3763.58,4.41
830,2025-07-22 01:30:00,2025-07-22 03:00:00,LONG,3763.58,3735.41,-28.17
831,2025-07-22 03:00:00,2025-07-22 05:15:00,SHORT,3735.41,3683.02,52.39
832,2025-07-22 05:15:00,2025-07-22 06:45:00,LONG,3683.02,3691.6,8.58
833,2025-07-22 06:45:00,2025-07-22 07:30:00,SHORT,3691.6,3698.55,-6.95
834,2025-07-22 07:30:00,2025-07-22 08:15:00,LONG,3698.55,3629.29,-69.26
835,2025-07-22 08:15:00,2025-07-22 09:00:00,SHORT,3629.29,3631.52,-2.23
836,2025-07-22 09:00:00,2025-07-22 13:30:00,LONG,3631.52,3692.88,61.36
837,2025-07-22 13:30:00,2025-07-22 15:00:00,SHORT,3692.88,3707.0,-14.12
838,2025-07-22 15:00:00,2025-07-22 17:15:00,LONG,3707.0,3690.48,-16.52
839,2025-07-22 17:15:00,2025-07-22 20:15:00,SHORT,3690.48,3692.18,-1.7
840,2025-07-22 20:15:00,2025-07-22 21:45:00,LONG,3692.18,3705.77,13.59
841,2025-07-22 21:45:00,2025-07-22 22:30:00,SHORT,3705.77,3724.42,-18.65
842,2025-07-22 22:30:00,2025-07-23 01:30:00,LONG,3724.42,3733.77,9.35
843,2025-07-23 01:30:00,2025-07-23 02:15:00,SHORT,3733.77,3749.51,-15.74
844,2025-07-23 02:15:00,2025-07-23 03:45:00,LONG,3749.51,3728.63,-20.88
845,2025-07-23 03:45:00,2025-07-23 08:15:00,SHORT,3728.63,3683.25,45.38
846,2025-07-23 08:15:00,2025-07-23 09:45:00,LONG,3683.25,3658.78,-24.47
847,2025-07-23 09:45:00,2025-07-23 10:30:00,SHORT,3658.78,3663.11,-4.33
848,2025-07-23 10:30:00,2025-07-23 11:15:00,LONG,3663.11,3671.43,8.32
849,2025-07-23 11:15:00,2025-07-23 12:00:00,SHORT,3671.43,3679.4,-7.97
850,2025-07-23 12:00:00,2025-07-23 12:45:00,LONG,3679.4,3640.25,-39.15
851,2025-07-23 12:45:00,2025-07-23 13:30:00,SHORT,3640.25,3614.49,25.76
852,2025-07-23 13:30:00,2025-07-23 14:15:00,LONG,3614.49,3620.26,5.77
853,2025-07-23 14:15:00,2025-07-23 15:00:00,SHORT,3620.26,3598.39,21.87
854,2025-07-23 15:00:00,2025-07-23 16:30:00,LONG,3598.39,3593.34,-5.05
855,2025-07-23 16:30:00,2025-07-23 18:00:00,SHORT,3593.34,3591.9,1.44
856,2025-07-23 18:00:00,2025-07-23 19:30:00,LONG,3591.9,3594.41,2.51
857,2025-07-23 19:30:00,2025-07-23 21:45:00,SHORT,3594.41,3591.39,3.02
858,2025-07-23 21:45:00,2025-07-24 00:00:00,LONG,3591.39,3619.62,28.23
859,2025-07-24 00:00:00,2025-07-24 00:45:00,SHORT,3619.62,3646.03,-26.41
860,2025-07-24 00:45:00,2025-07-24 01:30:00,LONG,3646.03,3636.39,-9.64
861,2025-07-24 01:30:00,2025-07-24 02:15:00,SHORT,3636.39,3639.26,-2.87
862,2025-07-24 02:15:00,2025-07-24 04:30:00,LONG,3639.26,3620.0,-19.26
863,2025-07-24 04:30:00,2025-07-24 07:30:00,SHORT,3620.0,3578.05,41.95
864,2025-07-24 07:30:00,2025-07-24 10:30:00,LONG,3578.05,3607.39,29.34
865,2025-07-24 10:30:00,2025-07-24 11:15:00,SHORT,3607.39,3644.98,-37.59
866,2025-07-24 11:15:00,2025-07-24 12:45:00,LONG,3644.98,3642.65,-2.33
867,2025-07-24 12:45:00,2025-07-24 13:30:00,SHORT,3642.65,3644.4,-1.75
868,2025-07-24 13:30:00,2025-07-24 14:15:00,LONG,3644.4,3646.23,1.83
869,2025-07-24 14:15:00,2025-07-24 15:00:00,SHORT,3646.23,3765.84,-119.61
870,2025-07-24 15:00:00,2025-07-24 16:30:00,LONG,3765.84,3673.26,-92.58
871,2025-07-24 16:30:00,2025-07-24 17:15:00,SHORT,3673.26,3708.44,-35.18
872,2025-07-24 17:15:00,2025-07-24 19:30:00,LONG,3708.44,3727.49,19.05
873,2025-07-24 19:30:00,2025-07-24 21:00:00,SHORT,3727.49,3731.48,-3.99
874,2025-07-24 21:00:00,2025-07-24 21:45:00,LONG,3731.48,3725.78,-5.7
875,2025-07-24 21:45:00,2025-07-24 22:30:00,SHORT,3725.78,3731.7,-5.92
876,2025-07-24 22:30:00,2025-07-24 23:15:00,LONG,3731.7,3704.34,-27.36
877,2025-07-24 23:15:00,2025-07-25 02:15:00,SHORT,3704.34,3683.34,21.0
878,2025-07-25 02:15:00,2025-07-25 03:00:00,LONG,3683.34,3623.67,-59.67
879,2025-07-25 03:00:00,2025-07-25 04:30:00,SHORT,3623.67,3620.21,3.46
880,2025-07-25 04:30:00,2025-07-25 05:15:00,LONG,3620.21,3633.28,13.07
881,2025-07-25 05:15:00,2025-07-25 06:00:00,SHORT,3633.28,3626.76,6.52
882,2025-07-25 06:00:00,2025-07-25 07:30:00,LONG,3626.76,3615.5,-11.26
883,2025-07-25 07:30:00,2025-07-25 08:15:00,SHORT,3615.5,3665.7,-50.2
884,2025-07-25 08:15:00,2025-07-25 10:30:00,LONG,3665.7,3721.64,55.94
885,2025-07-25 10:30:00,2025-07-25 11:15:00,SHORT,3721.64,3738.76,-17.12
886,2025-07-25 11:15:00,2025-07-25 12:00:00,LONG,3738.76,3727.95,-10.81
887,2025-07-25 12:00:00,2025-07-25 12:45:00,SHORT,3727.95,3704.45,23.5
888,2025-07-25 12:45:00,2025-07-25 13:30:00,LONG,3704.45,3688.63,-15.82
889,2025-07-25 13:30:00,2025-07-25 16:30:00,SHORT,3688.63,3631.82,56.81
890,2025-07-25 16:30:00,2025-07-25 19:30:00,LONG,3631.82,3655.33,23.51
891,2025-07-25 19:30:00,2025-07-25 21:00:00,SHORT,3655.33,3715.3,-59.97
892,2025-07-25 21:00:00,2025-07-25 22:30:00,LONG,3715.3,3724.52,9.22
893,2025-07-25 22:30:00,2025-07-26 00:00:00,SHORT,3724.52,3713.83,10.69
894,2025-07-26 00:00:00,2025-07-26 00:45:00,LONG,3713.83,3725.51,11.68
895,2025-07-26 00:45:00,2025-07-26 02:15:00,SHORT,3725.51,3745.95,-20.44
896,2025-07-26 02:15:00,2025-07-26 03:45:00,LONG,3745.95,3739.51,-6.44
897,2025-07-26 03:45:00,2025-07-26 04:30:00,SHORT,3739.51,3750.89,-11.38
898,2025-07-26 04:30:00,2025-07-26 05:15:00,LONG,3750.89,3749.83,-1.06
899,2025-07-26 05:15:00,2025-07-26 07:30:00,SHORT,3749.83,3745.07,4.76
900,2025-07-26 07:30:00,2025-07-26 09:45:00,LONG,3745.07,3759.1,14.03
901,2025-07-26 09:45:00,2025-07-26 10:30:00,SHORT,3759.1,3779.62,-20.52
902,2025-07-26 10:30:00,2025-07-26 12:00:00,LONG,3779.62,3736.16,-43.46
903,2025-07-26 12:00:00,2025-07-26 12:45:00,SHORT,3736.16,3741.98,-5.82
904,2025-07-26 12:45:00,2025-07-26 14:15:00,LONG,3741.98,3730.0,-11.98
905,2025-07-26 14:15:00,2025-07-26 15:45:00,SHORT,3730.0,3735.72,-5.72
906,2025-07-26 15:45:00,2025-07-26 17:15:00,LONG,3735.72,3731.06,-4.66
907,2025-07-26 17:15:00,2025-07-26 18:45:00,SHORT,3731.06,3740.14,-9.08
908,2025-07-26 18:45:00,2025-07-26 20:15:00,LONG,3740.14,3737.4,-2.74
909,2025-07-26 20:15:00,2025-07-26 21:00:00,SHORT,3737.4,3738.56,-1.16
910,2025-07-26 21:00:00,2025-07-26 22:30:00,LONG,3738.56,3751.36,12.8
911,2025-07-26 22:30:00,2025-07-27 00:45:00,SHORT,3751.36,3756.26,-4.9
912,2025-07-27 00:45:00,2025-07-27 06:00:00,LONG,3756.26,3778.49,22.23
913,2025-07-27 06:00:00,2025-07-27 07:30:00,SHORT,3778.49,3774.84,3.65
914,2025-07-27 07:30:00,2025-07-27 08:15:00,LONG,3774.84,3768.84,-6.0
915,2025-07-27 08:15:00,2025-07-27 09:00:00,SHORT,3768.84,3770.01,-1.17
916,2025-07-27 09:00:00,2025-07-27 09:45:00,LONG,3770.01,3763.5,-6.51
917,2025-07-27 09:45:00,2025-07-27 10:30:00,SHORT,3763.5,3820.48,-56.98
918,2025-07-27 10:30:00,2025-07-27 12:00:00,LONG,3820.48,3834.0,13.52
919,2025-07-27 12:00:00,2025-07-27 15:45:00,SHORT,3834.0,3818.53,15.47
920,2025-07-27 15:45:00,2025-07-27 17:15:00,LONG,3818.53,3824.8,6.27
921,2025-07-27 17:15:00,2025-07-27 18:00:00,SHORT,3824.8,3846.21,-21.41
922,2025-07-27 18:00:00,2025-07-27 19:30:00,LONG,3846.21,3834.15,-12.06
923,2025-07-27 19:30:00,2025-07-27 20:15:00,SHORT,3834.15,3834.16,-0.01
924,2025-07-27 20:15:00,2025-07-27 21:00:00,LONG,3834.16,3822.48,-11.68
925,2025-07-27 21:00:00,2025-07-27 22:30:00,SHORT,3822.48,3873.94,-51.46
926,2025-07-27 22:30:00,2025-07-27 23:15:00,LONG,3873.94,3859.89,-14.05
927,2025-07-27 23:15:00,2025-07-28 00:00:00,SHORT,3859.89,3881.37,-21.48
928,2025-07-28 00:00:00,2025-07-28 00:45:00,LONG,3881.37,3862.01,-19.36
929,2025-07-28 00:45:00,2025-07-28 02:15:00,SHORT,3862.01,3874.34,-12.33
930,2025-07-28 02:15:00,2025-07-28 03:45:00,LONG,3874.34,3879.81,5.47
931,2025-07-28 03:45:00,2025-07-28 04:30:00,SHORT,3879.81,3897.67,-17.86
932,2025-07-28 04:30:00,2025-07-28 06:45:00,LONG,3897.67,3912.81,15.14
933,2025-07-28 06:45:00,2025-07-28 09:00:00,SHORT,3912.81,3887.12,25.69
934,2025-07-28 09:00:00,2025-07-28 09:45:00,LONG,3887.12,3894.24,7.12
935,2025-07-28 09:45:00,2025-07-28 10:30:00,SHORT,3894.24,3886.17,8.07
936,2025-07-28 10:30:00,2025-07-28 11:15:00,LONG,3886.17,3870.05,-16.12
937,2025-07-28 11:15:00,2025-07-28 12:00:00,SHORT,3870.05,3882.02,-11.97
938,2025-07-28 12:00:00,2025-07-28 13:30:00,LONG,3882.02,3853.01,-29.01
939,2025-07-28 13:30:00,2025-07-28 15:45:00,SHORT,3853.01,3808.11,44.9
940,2025-07-28 15:45:00,2025-07-28 17:15:00,LONG,3808.11,3802.88,-5.23
941,2025-07-28 17:15:00,2025-07-28 19:30:00,SHORT,3802.88,3772.14,30.74
942,2025-07-28 19:30:00,2025-07-28 20:15:00,LONG,3772.14,3767.01,-5.13
943,2025-07-28 20:15:00,2025-07-28 21:00:00,SHORT,3767.01,3782.33,-15.32
944,2025-07-28 21:00:00,2025-07-29 00:45:00,LONG,3782.33,3780.34,-1.99
945,2025-07-29 00:45:00,2025-07-29 01:30:00,SHORT,3780.34,3786.07,-5.73
946,2025-07-29 01:30:00,2025-07-29 02:15:00,LONG,3786.07,3758.89,-27.18
947,2025-07-29 02:15:00,2025-07-29 03:45:00,SHORT,3758.89,3791.9,-33.01
948,2025-07-29 03:45:00,2025-07-29 04:30:00,LONG,3791.9,3784.82,-7.08
949,2025-07-29 04:30:00,2025-07-29 05:15:00,SHORT,3784.82,3791.15,-6.33
950,2025-07-29 05:15:00,2025-07-29 09:00:00,LONG,3791.15,3868.26,77.11
951,2025-07-29 09:00:00,2025-07-29 09:45:00,SHORT,3868.26,3872.62,-4.36
952,2025-07-29 09:45:00,2025-07-29 10:30:00,LONG,3872.62,3846.98,-25.64
953,2025-07-29 10:30:00,2025-07-29 12:00:00,SHORT,3846.98,3825.01,21.97
954,2025-07-29 12:00:00,2025-07-29 14:15:00,LONG,3825.01,3820.55,-4.46
955,2025-07-29 14:15:00,2025-07-29 17:15:00,SHORT,3820.55,3784.16,36.39
956,2025-07-29 17:15:00,2025-07-29 19:30:00,LONG,3784.16,3770.09,-14.07
957,2025-07-29 19:30:00,2025-07-29 21:00:00,SHORT,3770.09,3768.51,1.58
958,2025-07-29 21:00:00,2025-07-29 21:45:00,LONG,3768.51,3781.14,12.63
959,2025-07-29 21:45:00,2025-07-29 22:30:00,SHORT,3781.14,3784.69,-3.55
960,2025-07-29 22:30:00,2025-07-30 00:45:00,LONG,3784.69,3775.0,-9.69
961,2025-07-30 00:45:00,2025-07-30 02:15:00,SHORT,3775.0,3806.81,-31.81
962,2025-07-30 02:15:00,2025-07-30 04:30:00,LONG,3806.81,3809.43,2.62
963,2025-07-30 04:30:00,2025-07-30 06:00:00,SHORT,3809.43,3817.02,-7.59
964,2025-07-30 06:00:00,2025-07-30 08:15:00,LONG,3817.02,3818.43,1.41
965,2025-07-30 08:15:00,2025-07-30 10:30:00,SHORT,3818.43,3802.9,15.53
966,2025-07-30 10:30:00,2025-07-30 11:15:00,LONG,3802.9,3755.01,-47.89
967,2025-07-30 11:15:00,2025-07-30 12:45:00,SHORT,3755.01,3774.24,-19.23
968,2025-07-30 12:45:00,2025-07-30 13:30:00,LONG,3774.24,3766.71,-7.53
969,2025-07-30 13:30:00,2025-07-30 14:15:00,SHORT,3766.71,3775.07,-8.36
970,2025-07-30 14:15:00,2025-07-30 15:45:00,LONG,3775.07,3797.25,22.18
971,2025-07-30 15:45:00,2025-07-30 16:30:00,SHORT,3797.25,3788.05,9.2
972,2025-07-30 16:30:00,2025-07-30 18:45:00,LONG,3788.05,3738.37,-49.68
973,2025-07-30 18:45:00,2025-07-30 20:15:00,SHORT,3738.37,3768.84,-30.47
974,2025-07-30 20:15:00,2025-07-30 21:45:00,LONG,3768.84,3763.1,-5.74
975,2025-07-30 21:45:00,2025-07-30 22:30:00,SHORT,3763.1,3762.36,0.74
976,2025-07-30 22:30:00,2025-07-31 02:15:00,LONG,3762.36,3844.01,81.65
977,2025-07-31 02:15:00,2025-07-31 03:00:00,SHORT,3844.01,3860.63,-16.62
978,2025-07-31 03:00:00,2025-07-31 03:45:00,LONG,3860.63,3863.31,2.68
979,2025-07-31 03:45:00,2025-07-31 06:45:00,SHORT,3863.31,3874.08,-10.77
980,2025-07-31 06:45:00,2025-07-31 07:30:00,LONG,3874.08,3862.58,-11.5
981,2025-07-31 07:30:00,2025-07-31 15:45:00,SHORT,3862.58,3788.38,74.2
982,2025-07-31 15:45:00,2025-07-31 17:15:00,LONG,3788.38,3779.75,-8.63
983,2025-07-31 17:15:00,2025-07-31 18:45:00,SHORT,3779.75,3775.58,4.17
984,2025-07-31 18:45:00,2025-07-31 19:30:00,LONG,3775.58,3752.21,-23.37
985,2025-07-31 19:30:00,2025-07-31 21:45:00,SHORT,3752.21,3731.26,20.95
986,2025-07-31 21:45:00,2025-07-31 22:30:00,LONG,3731.26,3709.43,-21.83
987,2025-07-31 22:30:00,2025-07-31 23:15:00,SHORT,3709.43,3708.86,0.57
988,2025-07-31 23:15:00,2025-08-01 00:00:00,LONG,3708.86,3658.96,-49.9
989,2025-08-01 00:00:00,2025-08-01 01:30:00,SHORT,3658.96,3692.61,-33.65
990,2025-08-01 01:30:00,2025-08-01 03:45:00,LONG,3692.61,3704.98,12.37
991,2025-08-01 03:45:00,2025-08-01 05:15:00,SHORT,3704.98,3678.91,26.07
992,2025-08-01 05:15:00,2025-08-01 06:00:00,LONG,3678.91,3668.64,-10.27
993,2025-08-01 06:00:00,2025-08-01 09:45:00,SHORT,3668.64,3618.31,50.33
994,2025-08-01 09:45:00,2025-08-01 10:30:00,LONG,3618.31,3623.72,5.41
995,2025-08-01 10:30:00,2025-08-01 11:15:00,SHORT,3623.72,3622.38,1.34
996,2025-08-01 11:15:00,2025-08-01 13:30:00,LONG,3622.38,3625.53,3.15
997,2025-08-01 13:30:00,2025-08-01 15:00:00,SHORT,3625.53,3612.06,13.47
998,2025-08-01 15:00:00,2025-08-01 17:15:00,LONG,3612.06,3580.12,-31.94
999,2025-08-01 17:15:00,2025-08-01 18:45:00,SHORT,3580.12,3550.16,29.96
1000,2025-08-01 18:45:00,2025-08-01 19:30:00,LONG,3550.16,3524.25,-25.91
1001,2025-08-01 19:30:00,2025-08-01 21:00:00,SHORT,3524.25,3548.03,-23.78
1002,2025-08-01 21:00:00,2025-08-01 22:30:00,LONG,3548.03,3468.93,-79.1
1003,2025-08-01 22:30:00,2025-08-02 00:00:00,SHORT,3468.93,3482.02,-13.09
1004,2025-08-02 00:00:00,2025-08-02 01:30:00,LONG,3482.02,3508.75,26.73
1005,2025-08-02 01:30:00,2025-08-02 02:15:00,SHORT,3508.75,3523.5,-14.75
1006,2025-08-02 02:15:00,2025-08-02 03:45:00,LONG,3523.5,3528.79,5.29
1007,2025-08-02 03:45:00,2025-08-02 04:30:00,SHORT,3528.79,3532.17,-3.38
1008,2025-08-02 04:30:00,2025-08-02 05:15:00,LONG,3532.17,3528.72,-3.45
1009,2025-08-02 05:15:00,2025-08-02 07:30:00,SHORT,3528.72,3508.01,20.71
1010,2025-08-02 07:30:00,2025-08-02 09:00:00,LONG,3508.01,3501.02,-6.99
1011,2025-08-02 09:00:00,2025-08-02 10:30:00,SHORT,3501.02,3482.76,18.26
1012,2025-08-02 10:30:00,2025-08-02 11:15:00,LONG,3482.76,3513.94,31.18
1013,2025-08-02 11:15:00,2025-08-02 12:00:00,SHORT,3513.94,3499.82,14.12
1014,2025-08-02 12:00:00,2025-08-02 12:45:00,LONG,3499.82,3509.02,9.2
1015,2025-08-02 12:45:00,2025-08-02 17:15:00,SHORT,3509.02,3477.83,31.19
1016,2025-08-02 17:15:00,2025-08-02 18:00:00,LONG,3477.83,3408.54,-69.29
1017,2025-08-02 18:00:00,2025-08-02 19:30:00,SHORT,3408.54,3414.8,-6.26
1018,2025-08-02 19:30:00,2025-08-02 22:30:00,LONG,3414.8,3410.84,-3.96
1019,2025-08-02 22:30:00,2025-08-03 00:45:00,SHORT,3410.84,3409.72,1.12
1020,2025-08-03 00:45:00,2025-08-03 04:30:00,LONG,3409.72,3439.48,29.76
1021,2025-08-03 04:30:00,2025-08-03 05:15:00,SHORT,3439.48,3452.69,-13.21
1022,2025-08-03 05:15:00,2025-08-03 06:00:00,LONG,3452.69,3439.49,-13.2
1023,2025-08-03 06:00:00,2025-08-03 07:30:00,SHORT,3439.49,3458.72,-19.23
1024,2025-08-03 07:30:00,2025-08-03 12:00:00,LONG,3458.72,3478.83,20.11
1025,2025-08-03 12:00:00,2025-08-03 12:45:00,SHORT,3478.83,3489.66,-10.83
1026,2025-08-03 12:45:00,2025-08-03 13:30:00,LONG,3489.66,3489.57,-0.09
1027,2025-08-03 13:30:00,2025-08-03 15:45:00,SHORT,3489.57,3476.49,13.08
1028,2025-08-03 15:45:00,2025-08-03 20:15:00,LONG,3476.49,3489.08,12.59
1029,2025-08-03 20:15:00,2025-08-03 23:15:00,SHORT,3489.08,3509.45,-20.37
1030,2025-08-03 23:15:00,2025-08-04 00:00:00,LONG,3509.45,3499.93,-9.52
1031,2025-08-04 00:00:00,2025-08-04 00:45:00,SHORT,3499.93,3546.17,-46.24
1032,2025-08-04 00:45:00,2025-08-04 02:15:00,LONG,3546.17,3548.39,2.22
1033,2025-08-04 02:15:00,2025-08-04 03:00:00,SHORT,3548.39,3561.35,-12.96
1034,2025-08-04 03:00:00,2025-08-04 04:30:00,LONG,3561.35,3539.68,-21.67
1035,2025-08-04 04:30:00,2025-08-04 06:00:00,SHORT,3539.68,3531.65,8.03
1036,2025-08-04 06:00:00,2025-08-04 09:00:00,LONG,3531.65,3557.2,25.55
1037,2025-08-04 09:00:00,2025-08-04 10:30:00,SHORT,3557.2,3557.01,0.19
1038,2025-08-04 10:30:00,2025-08-04 12:00:00,LONG,3557.01,3559.22,2.21
1039,2025-08-04 12:00:00,2025-08-04 12:45:00,SHORT,3559.22,3570.17,-10.95
1040,2025-08-04 12:45:00,2025-08-04 13:30:00,LONG,3570.17,3606.51,36.34
1041,2025-08-04 13:30:00,2025-08-04 14:15:00,SHORT,3606.51,3656.33,-49.82
1042,2025-08-04 14:15:00,2025-08-04 15:00:00,LONG,3656.33,3649.94,-6.39
1043,2025-08-04 15:00:00,2025-08-04 16:30:00,SHORT,3649.94,3685.33,-35.39
1044,2025-08-04 16:30:00,2025-08-04 18:00:00,LONG,3685.33,3679.13,-6.2
1045,2025-08-04 18:00:00,2025-08-04 19:30:00,SHORT,3679.13,3670.33,8.8
1046,2025-08-04 19:30:00,2025-08-05 00:00:00,LONG,3670.33,3704.03,33.7
1047,2025-08-05 00:00:00,2025-08-05 03:00:00,SHORT,3704.03,3666.32,37.71
1048,2025-08-05 03:00:00,2025-08-05 03:45:00,LONG,3666.32,3651.94,-14.38
1049,2025-08-05 03:45:00,2025-08-05 05:15:00,SHORT,3651.94,3658.49,-6.55
1050,2025-08-05 05:15:00,2025-08-05 06:45:00,LONG,3658.49,3650.85,-7.64
1051,2025-08-05 06:45:00,2025-08-05 09:00:00,SHORT,3650.85,3640.12,10.73
1052,2025-08-05 09:00:00,2025-08-05 11:15:00,LONG,3640.12,3683.51,43.39
1053,2025-08-05 11:15:00,2025-08-05 13:30:00,SHORT,3683.51,3642.64,40.87
1054,2025-08-05 13:30:00,2025-08-05 14:15:00,LONG,3642.64,3580.81,-61.83
1055,2025-08-05 14:15:00,2025-08-05 16:30:00,SHORT,3580.81,3572.6,8.21
1056,2025-08-05 16:30:00,2025-08-05 18:45:00,LONG,3572.6,3587.69,15.09
1057,2025-08-05 18:45:00,2025-08-05 20:15:00,SHORT,3587.69,3596.75,-9.06
1058,2025-08-05 20:15:00,2025-08-05 21:00:00,LONG,3596.75,3576.29,-20.46
1059,2025-08-05 21:00:00,2025-08-05 21:45:00,SHORT,3576.29,3575.62,0.67
1060,2025-08-05 21:45:00,2025-08-06 00:00:00,LONG,3575.62,3602.74,27.12
1061,2025-08-06 00:00:00,2025-08-06 03:00:00,SHORT,3602.74,3585.74,17.0
1062,2025-08-06 03:00:00,2025-08-06 03:45:00,LONG,3585.74,3583.66,-2.08
1063,2025-08-06 03:45:00,2025-08-06 04:30:00,SHORT,3583.66,3575.28,8.38
1064,2025-08-06 04:30:00,2025-08-06 08:15:00,LONG,3575.28,3623.76,48.48
1065,2025-08-06 08:15:00,2025-08-06 11:15:00,SHORT,3623.76,3626.09,-2.33
1066,2025-08-06 11:15:00,2025-08-06 12:00:00,LONG,3626.09,3594.61,-31.48
1067,2025-08-06 12:00:00,2025-08-06 14:15:00,SHORT,3594.61,3600.35,-5.74
1068,2025-08-06 14:15:00,2025-08-06 16:30:00,LONG,3600.35,3643.25,42.9
1069,2025-08-06 16:30:00,2025-08-06 18:00:00,SHORT,3643.25,3695.88,-52.63
1070,2025-08-06 18:00:00,2025-08-06 18:45:00,LONG,3695.88,3677.09,-18.79
1071,2025-08-06 18:45:00,2025-08-06 22:30:00,SHORT,3677.09,3676.46,0.63
1072,2025-08-06 22:30:00,2025-08-07 00:45:00,LONG,3676.46,3673.93,-2.53
1073,2025-08-07 00:45:00,2025-08-07 01:30:00,SHORT,3673.93,3691.48,-17.55
1074,2025-08-07 01:30:00,2025-08-07 02:15:00,LONG,3691.48,3671.26,-20.22
1075,2025-08-07 02:15:00,2025-08-07 03:45:00,SHORT,3671.26,3656.78,14.48
1076,2025-08-07 03:45:00,2025-08-07 13:30:00,LONG,3656.78,3859.44,202.66
1077,2025-08-07 13:30:00,2025-08-07 15:45:00,SHORT,3859.44,3837.01,22.43
1078,2025-08-07 15:45:00,2025-08-07 16:30:00,LONG,3837.01,3806.77,-30.24
1079,2025-08-07 16:30:00,2025-08-07 18:00:00,SHORT,3806.77,3813.33,-6.56
1080,2025-08-07 18:00:00,2025-08-07 18:45:00,LONG,3813.33,3827.7,14.37
1081,2025-08-07 18:45:00,2025-08-07 19:30:00,SHORT,3827.7,3851.33,-23.63
1082,2025-08-07 19:30:00,2025-08-07 21:45:00,LONG,3851.33,3871.53,20.2
1083,2025-08-07 21:45:00,2025-08-07 22:30:00,SHORT,3871.53,3883.53,-12.0
1084,2025-08-07 22:30:00,2025-08-07 23:15:00,LONG,3883.53,3893.14,9.61
1085,2025-08-07 23:15:00,2025-08-08 00:00:00,SHORT,3893.14,3906.78,-13.64
1086,2025-08-08 00:00:00,2025-08-08 01:30:00,LONG,3906.78,3888.62,-18.16
1087,2025-08-08 01:30:00,2025-08-08 02:15:00,SHORT,3888.62,3888.54,0.08
1088,2025-08-08 02:15:00,2025-08-08 04:30:00,LONG,3888.54,3925.59,37.05
1089,2025-08-08 04:30:00,2025-08-08 06:45:00,SHORT,3925.59,3915.01,10.58
1090,2025-08-08 06:45:00,2025-08-08 09:00:00,LONG,3915.01,3893.14,-21.87
1091,2025-08-08 09:00:00,2025-08-08 09:45:00,SHORT,3893.14,3900.03,-6.89
1092,2025-08-08 09:45:00,2025-08-08 10:30:00,LONG,3900.03,3892.5,-7.53
1093,2025-08-08 10:30:00,2025-08-08 11:15:00,SHORT,3892.5,3905.57,-13.07
1094,2025-08-08 11:15:00,2025-08-08 12:45:00,LONG,3905.57,3892.37,-13.2
1095,2025-08-08 12:45:00,2025-08-08 13:30:00,SHORT,3892.37,3937.06,-44.69
1096,2025-08-08 13:30:00,2025-08-08 15:45:00,LONG,3937.06,3954.56,17.5
1097,2025-08-08 15:45:00,2025-08-08 16:30:00,SHORT,3954.56,3960.42,-5.86
1098,2025-08-08 16:30:00,2025-08-08 19:30:00,LONG,3960.42,4044.7,84.28
1099,2025-08-08 19:30:00,2025-08-08 21:00:00,SHORT,4044.7,4051.13,-6.43
1100,2025-08-08 21:00:00,2025-08-08 21:45:00,LONG,4051.13,4038.46,-12.67
1101,2025-08-08 21:45:00,2025-08-09 00:45:00,SHORT,4038.46,4016.99,21.47
1102,2025-08-09 00:45:00,2025-08-09 02:15:00,LONG,4016.99,4032.66,15.67
1103,2025-08-09 02:15:00,2025-08-09 03:00:00,SHORT,4032.66,4041.73,-9.07
1104,2025-08-09 03:00:00,2025-08-09 06:45:00,LONG,4041.73,4162.23,120.5
1105,2025-08-09 06:45:00,2025-08-09 08:15:00,SHORT,4162.23,4188.0,-25.77
1106,2025-08-09 08:15:00,2025-08-09 11:15:00,LONG,4188.0,4208.35,20.35
1107,2025-08-09 11:15:00,2025-08-09 13:30:00,SHORT,4208.35,4182.38,25.97
1108,2025-08-09 13:30:00,2025-08-09 18:45:00,LONG,4182.38,4241.96,59.58
1109,2025-08-09 18:45:00,2025-08-09 19:30:00,SHORT,4241.96,4263.02,-21.06
1110,2025-08-09 19:30:00,2025-08-09 21:45:00,LONG,4263.02,4278.16,15.14
1111,2025-08-09 21:45:00,2025-08-09 22:30:00,SHORT,4278.16,4271.83,6.33
1112,2025-08-09 22:30:00,2025-08-09 23:15:00,LONG,4271.83,4253.21,-18.62
1113,2025-08-09 23:15:00,2025-08-10 00:45:00,SHORT,4253.21,4311.09,-57.88
1114,2025-08-10 00:45:00,2025-08-10 02:15:00,LONG,4311.09,4262.68,-48.41
1115,2025-08-10 02:15:00,2025-08-10 04:30:00,SHORT,4262.68,4255.73,6.95
1116,2025-08-10 04:30:00,2025-08-10 05:15:00,LONG,4255.73,4216.3,-39.43
1117,2025-08-10 05:15:00,2025-08-10 06:45:00,SHORT,4216.3,4225.21,-8.91
1118,2025-08-10 06:45:00,2025-08-10 07:30:00,LONG,4225.21,4176.69,-48.52
1119,2025-08-10 07:30:00,2025-08-10 09:00:00,SHORT,4176.69,4216.7,-40.01
1120,2025-08-10 09:00:00,2025-08-10 10:30:00,LONG,4216.7,4212.49,-4.21
1121,2025-08-10 10:30:00,2025-08-10 12:45:00,SHORT,4212.49,4201.1,11.39
1122,2025-08-10 12:45:00,2025-08-10 13:30:00,LONG,4201.1,4183.1,-18.0
1123,2025-08-10 13:30:00,2025-08-10 14:15:00,SHORT,4183.1,4212.53,-29.43
1124,2025-08-10 14:15:00,2025-08-10 15:45:00,LONG,4212.53,4217.94,5.41
1125,2025-08-10 15:45:00,2025-08-10 16:30:00,SHORT,4217.94,4234.11,-16.17
1126,2025-08-10 16:30:00,2025-08-10 18:00:00,LONG,4234.11,4229.6,-4.51
1127,2025-08-10 18:00:00,2025-08-10 18:45:00,SHORT,4229.6,4235.67,-6.07
1128,2025-08-10 18:45:00,2025-08-10 20:15:00,LONG,4235.67,4213.98,-21.69
1129,2025-08-10 20:15:00,2025-08-10 22:30:00,SHORT,4213.98,4235.71,-21.73
1130,2025-08-10 22:30:00,2025-08-11 03:00:00,LONG,4235.71,4302.52,66.81
1131,2025-08-11 03:00:00,2025-08-11 04:30:00,SHORT,4302.52,4323.57,-21.05
1132,2025-08-11 04:30:00,2025-08-11 05:15:00,LONG,4323.57,4310.78,-12.79
1133,2025-08-11 05:15:00,2025-08-11 09:00:00,SHORT,4310.78,4279.61,31.17
1134,2025-08-11 09:00:00,2025-08-11 09:45:00,LONG,4279.61,4266.1,-13.51
1135,2025-08-11 09:45:00,2025-08-11 13:30:00,SHORT,4266.1,4255.99,10.11
1136,2025-08-11 13:30:00,2025-08-11 15:00:00,LONG,4255.99,4273.14,17.15
1137,2025-08-11 15:00:00,2025-08-11 15:45:00,SHORT,4273.14,4329.74,-56.6
1138,2025-08-11 15:45:00,2025-08-11 17:15:00,LONG,4329.74,4302.09,-27.65
1139,2025-08-11 17:15:00,2025-08-11 19:30:00,SHORT,4302.09,4280.41,21.68
1140,2025-08-11 19:30:00,2025-08-11 20:15:00,LONG,4280.41,4242.97,-37.44
1141,2025-08-11 20:15:00,2025-08-11 23:15:00,SHORT,4242.97,4221.9,21.07
1142,2025-08-11 23:15:00,2025-08-12 00:00:00,LONG,4221.9,4233.51,11.61
1143,2025-08-12 00:00:00,2025-08-12 00:45:00,SHORT,4233.51,4274.33,-40.82
1144,2025-08-12 00:45:00,2025-08-12 03:00:00,LONG,4274.33,4287.51,13.18
1145,2025-08-12 03:00:00,2025-08-12 04:30:00,SHORT,4287.51,4311.43,-23.92
1146,2025-08-12 04:30:00,2025-08-12 05:15:00,LONG,4311.43,4291.95,-19.48
1147,2025-08-12 05:15:00,2025-08-12 06:45:00,SHORT,4291.95,4290.84,1.11
1148,2025-08-12 06:45:00,2025-08-12 08:15:00,LONG,4290.84,4299.69,8.85
1149,2025-08-12 08:15:00,2025-08-12 10:30:00,SHORT,4299.69,4284.97,14.72
1150,2025-08-12 10:30:00,2025-08-12 11:15:00,LONG,4284.97,4276.77,-8.2
1151,2025-08-12 11:15:00,2025-08-12 12:00:00,SHORT,4276.77,4281.49,-4.72
1152,2025-08-12 12:00:00,2025-08-12 16:30:00,LONG,4281.49,4447.13,165.64
1153,2025-08-12 16:30:00,2025-08-12 17:15:00,SHORT,4447.13,4476.77,-29.64
1154,2025-08-12 17:15:00,2025-08-12 18:45:00,LONG,4476.77,4490.28,13.51
1155,2025-08-12 18:45:00,2025-08-12 19:30:00,SHORT,4490.28,4498.89,-8.61
1156,2025-08-12 19:30:00,2025-08-12 21:45:00,LONG,4498.89,4586.48,87.59
1157,2025-08-12 21:45:00,2025-08-12 23:15:00,SHORT,4586.48,4599.94,-13.46
1158,2025-08-12 23:15:00,2025-08-13 00:00:00,LONG,4599.94,4607.51,7.57
1159,2025-08-13 00:00:00,2025-08-13 00:45:00,SHORT,4607.51,4614.11,-6.6
1160,2025-08-13 00:45:00,2025-08-13 01:30:00,LONG,4614.11,4571.51,-42.6
1161,2025-08-13 01:30:00,2025-08-13 03:00:00,SHORT,4571.51,4611.54,-40.03
1162,2025-08-13 03:00:00,2025-08-13 05:15:00,LONG,4611.54,4648.39,36.85
1163,2025-08-13 05:15:00,2025-08-13 07:30:00,SHORT,4648.39,4625.63,22.76
1164,2025-08-13 07:30:00,2025-08-13 11:15:00,LONG,4625.63,4677.72,52.09
1165,2025-08-13 11:15:00,2025-08-13 12:00:00,SHORT,4677.72,4689.12,-11.4
1166,2025-08-13 12:00:00,2025-08-13 14:15:00,LONG,4689.12,4676.89,-12.23
1167,2025-08-13 14:15:00,2025-08-13 15:45:00,SHORT,4676.89,4664.38,12.51
1168,2025-08-13 15:45:00,2025-08-13 18:45:00,LONG,4664.38,4716.43,52.05
1169,2025-08-13 18:45:00,2025-08-13 19:30:00,SHORT,4716.43,4709.33,7.1
1170,2025-08-13 19:30:00,2025-08-13 20:15:00,LONG,4709.33,4712.29,2.96
1171,2025-08-13 20:15:00,2025-08-13 22:30:00,SHORT,4712.29,4753.25,-40.96
1172,2025-08-13 22:30:00,2025-08-14 00:00:00,LONG,4753.25,4738.53,-14.72
1173,2025-08-14 00:00:00,2025-08-14 01:30:00,SHORT,4738.53,4738.89,-0.36
1174,2025-08-14 01:30:00,2025-08-14 02:15:00,LONG,4738.89,4736.78,-2.11
1175,2025-08-14 02:15:00,2025-08-14 03:00:00,SHORT,4736.78,4753.61,-16.83
1176,2025-08-14 03:00:00,2025-08-14 05:15:00,LONG,4753.61,4734.5,-19.11
1177,2025-08-14 05:15:00,2025-08-14 06:45:00,SHORT,4734.5,4774.47,-39.97
1178,2025-08-14 06:45:00,2025-08-14 07:30:00,LONG,4774.47,4746.3,-28.17
1179,2025-08-14 07:30:00,2025-08-14 09:45:00,SHORT,4746.3,4760.0,-13.7
1180,2025-08-14 09:45:00,2025-08-14 10:30:00,LONG,4760.0,4706.17,-53.83
1181,2025-08-14 10:30:00,2025-08-14 12:00:00,SHORT,4706.17,4728.66,-22.49
1182,2025-08-14 12:00:00,2025-08-14 12:45:00,LONG,4728.66,4567.33,-161.33
1183,2025-08-14 12:45:00,2025-08-14 14:15:00,SHORT,4567.33,4655.85,-88.52
1184,2025-08-14 14:15:00,2025-08-14 15:45:00,LONG,4655.85,4618.87,-36.98
1185,2025-08-14 15:45:00,2025-08-14 18:00:00,SHORT,4618.87,4521.29,97.58
1186,2025-08-14 18:00:00,2025-08-14 20:15:00,LONG,4521.29,4538.02,16.73
1187,2025-08-14 20:15:00,2025-08-14 21:00:00,SHORT,4538.02,4538.2,-0.18
1188,2025-08-14 21:00:00,2025-08-14 21:45:00,LONG,4538.2,4477.9,-60.3
1189,2025-08-14 21:45:00,2025-08-14 22:30:00,SHORT,4477.9,4516.04,-38.14
1190,2025-08-14 22:30:00,2025-08-15 00:00:00,LONG,4516.04,4566.28,50.24
1191,2025-08-15 00:00:00,2025-08-15 00:45:00,SHORT,4566.28,4562.98,3.3
1192,2025-08-15 00:45:00,2025-08-15 03:00:00,LONG,4562.98,4623.48,60.5
1193,2025-08-15 03:00:00,2025-08-15 03:45:00,SHORT,4623.48,4634.46,-10.98
1194,2025-08-15 03:45:00,2025-08-15 04:30:00,LONG,4634.46,4623.99,-10.47
1195,2025-08-15 04:30:00,2025-08-15 06:00:00,SHORT,4623.99,4630.72,-6.73
1196,2025-08-15 06:00:00,2025-08-15 08:15:00,LONG,4630.72,4655.88,25.16
1197,2025-08-15 08:15:00,2025-08-15 10:30:00,SHORT,4655.88,4648.36,7.52
1198,2025-08-15 10:30:00,2025-08-15 12:00:00,LONG,4648.36,4639.02,-9.34
1199,2025-08-15 12:00:00,2025-08-15 12:45:00,SHORT,4639.02,4628.37,10.65
1200,2025-08-15 12:45:00,2025-08-15 13:30:00,LONG,4628.37,4562.0,-66.37
1201,2025-08-15 13:30:00,2025-08-15 18:00:00,SHORT,4562.0,4430.53,131.47
1202,2025-08-15 18:00:00,2025-08-15 18:45:00,LONG,4430.53,4396.54,-33.99
1203,2025-08-15 18:45:00,2025-08-15 20:15:00,SHORT,4396.54,4418.05,-21.51
1204,2025-08-15 20:15:00,2025-08-15 23:15:00,LONG,4418.05,4425.24,7.19
1205,2025-08-15 23:15:00,2025-08-16 00:00:00,SHORT,4425.24,4464.26,-39.02
1206,2025-08-16 00:00:00,2025-08-16 01:30:00,LONG,4464.26,4482.86,18.6
1207,2025-08-16 01:30:00,2025-08-16 04:30:00,SHORT,4482.86,4449.06,33.8
1208,2025-08-16 04:30:00,2025-08-16 06:00:00,LONG,4449.06,4415.09,-33.97
1209,2025-08-16 06:00:00,2025-08-16 07:30:00,SHORT,4415.09,4453.63,-38.54
1210,2025-08-16 07:30:00,2025-08-16 08:15:00,LONG,4453.63,4442.0,-11.63
1211,2025-08-16 08:15:00,2025-08-16 09:45:00,SHORT,4442.0,4398.16,43.84
1212,2025-08-16 09:45:00,2025-08-16 10:30:00,LONG,4398.16,4402.01,3.85
1213,2025-08-16 10:30:00,2025-08-16 11:15:00,SHORT,4402.01,4406.73,-4.72
1214,2025-08-16 11:15:00,2025-08-16 12:00:00,LONG,4406.73,4396.19,-10.54
1215,2025-08-16 12:00:00,2025-08-16 13:30:00,SHORT,4396.19,4399.74,-3.55
1216,2025-08-16 13:30:00,2025-08-16 14:15:00,LONG,4399.74,4409.62,9.88
1217,2025-08-16 14:15:00,2025-08-16 15:00:00,SHORT,4409.62,4412.94,-3.32
1218,2025-08-16 15:00:00,2025-08-16 15:45:00,LONG,4412.94,4400.42,-12.52
1219,2025-08-16 15:45:00,2025-08-16 16:30:00,SHORT,4400.42,4405.23,-4.81
1220,2025-08-16 16:30:00,2025-08-16 17:15:00,LONG,4405.23,4402.04,-3.19
1221,2025-08-16 17:15:00,2025-08-16 18:00:00,SHORT,4402.04,4413.01,-10.97
1222,2025-08-16 18:00:00,2025-08-16 18:45:00,LONG,4413.01,4409.06,-3.95
1223,2025-08-16 18:45:00,2025-08-16 19:30:00,SHORT,4409.06,4429.23,-20.17
1224,2025-08-16 19:30:00,2025-08-16 20:15:00,LONG,4429.23,4429.52,0.29
1225,2025-08-16 20:15:00,2025-08-16 21:00:00,SHORT,4429.52,4421.36,8.16
1226,2025-08-16 21:00:00,2025-08-16 21:45:00,LONG,4421.36,4408.37,-12.99
1227,2025-08-16 21:45:00,2025-08-16 22:30:00,SHORT,4408.37,4427.59,-19.22
1228,2025-08-16 22:30:00,2025-08-17 01:30:00,LONG,4427.59,4401.29,-26.3
1229,2025-08-17 01:30:00,2025-08-17 03:00:00,SHORT,4401.29,4440.13,-38.84
1230,2025-08-17 03:00:00,2025-08-17 06:00:00,LONG,4440.13,4483.78,43.65
1231,2025-08-17 06:00:00,2025-08-17 09:00:00,SHORT,4483.78,4545.6,-61.82
1232,2025-08-17 09:00:00,2025-08-17 10:30:00,LONG,4545.6,4553.05,7.45
1233,2025-08-17 10:30:00,2025-08-17 11:15:00,SHORT,4553.05,4555.23,-2.18
1234,2025-08-17 11:15:00,2025-08-17 12:00:00,LONG,4555.23,4545.16,-10.07
1235,2025-08-17 12:00:00,2025-08-17 14:15:00,SHORT,4545.16,4543.9,1.26
1236,2025-08-17 14:15:00,2025-08-17 16:30:00,LONG,4543.9,4528.15,-15.75
1237,2025-08-17 16:30:00,2025-08-17 18:00:00,SHORT,4528.15,4529.82,-1.67
1238,2025-08-17 18:00:00,2025-08-17 18:45:00,LONG,4529.82,4469.0,-60.82
1239,2025-08-17 18:45:00,2025-08-17 20:15:00,SHORT,4469.0,4474.55,-5.55
1240,2025-08-17 20:15:00,2025-08-17 21:00:00,LONG,4474.55,4470.1,-4.45
1241,2025-08-17 21:00:00,2025-08-17 21:45:00,SHORT,4470.1,4474.84,-4.74
1242,2025-08-17 21:45:00,2025-08-17 23:15:00,LONG,4474.84,4485.13,10.29
1243,2025-08-17 23:15:00,2025-08-18 04:30:00,SHORT,4485.13,4326.31,158.82
1244,2025-08-18 04:30:00,2025-08-18 06:00:00,LONG,4326.31,4274.67,-51.64
1245,2025-08-18 06:00:00,2025-08-18 08:15:00,SHORT,4274.67,4282.93,-8.26
1246,2025-08-18 08:15:00,2025-08-18 09:00:00,LONG,4282.93,4240.53,-42.4
1247,2025-08-18 09:00:00,2025-08-18 09:45:00,SHORT,4240.53,4292.72,-52.19
1248,2025-08-18 09:45:00,2025-08-18 10:30:00,LONG,4292.72,4290.85,-1.87
1249,2025-08-18 10:30:00,2025-08-18 12:00:00,SHORT,4290.85,4297.65,-6.8
1250,2025-08-18 12:00:00,2025-08-18 14:15:00,LONG,4297.65,4312.83,15.18
1251,2025-08-18 14:15:00,2025-08-18 15:00:00,SHORT,4312.83,4314.5,-1.67
1252,2025-08-18 15:00:00,2025-08-18 16:30:00,LONG,4314.5,4309.43,-5.07
1253,2025-08-18 16:30:00,2025-08-18 17:15:00,SHORT,4309.43,4353.62,-44.19
1254,2025-08-18 17:15:00,2025-08-18 18:00:00,LONG,4353.62,4334.56,-19.06
1255,2025-08-18 18:00:00,2025-08-18 18:45:00,SHORT,4334.56,4366.71,-32.15
1256,2025-08-18 18:45:00,2025-08-18 21:00:00,LONG,4366.71,4348.18,-18.53
1257,2025-08-18 21:00:00,2025-08-18 22:30:00,SHORT,4348.18,4362.57,-14.39
1258,2025-08-18 22:30:00,2025-08-18 23:15:00,LONG,4362.57,4329.71,-32.86
1259,2025-08-18 23:15:00,2025-08-19 06:45:00,SHORT,4329.71,4241.78,87.93
1260,2025-08-19 06:45:00,2025-08-19 07:30:00,LONG,4241.78,4228.62,-13.16
1261,2025-08-19 07:30:00,2025-08-19 08:15:00,SHORT,4228.62,4232.55,-3.93
1262,2025-08-19 08:15:00,2025-08-19 12:45:00,LONG,4232.55,4305.68,73.13
1263,2025-08-19 12:45:00,2025-08-19 13:30:00,SHORT,4305.68,4278.1,27.58
1264,2025-08-19 13:30:00,2025-08-19 14:15:00,LONG,4278.1,4210.96,-67.14
1265,2025-08-19 14:15:00,2025-08-19 15:45:00,SHORT,4210.96,4192.14,18.82
1266,2025-08-19 15:45:00,2025-08-19 16:30:00,LONG,4192.14,4167.28,-24.86
1267,2025-08-19 16:30:00,2025-08-19 18:00:00,SHORT,4167.28,4181.58,-14.3
1268,2025-08-19 18:00:00,2025-08-19 18:45:00,LONG,4181.58,4145.78,-35.8
1269,2025-08-19 18:45:00,2025-08-19 19:30:00,SHORT,4145.78,4155.38,-9.6
1270,2025-08-19 19:30:00,2025-08-19 20:15:00,LONG,4155.38,4144.77,-10.61
1271,2025-08-19 20:15:00,2025-08-19 21:00:00,SHORT,4144.77,4164.57,-19.8
1272,2025-08-19 21:00:00,2025-08-19 21:45:00,LONG,4164.57,4153.15,-11.42
1273,2025-08-19 21:45:00,2025-08-20 00:45:00,SHORT,4153.15,4104.95,48.2
1274,2025-08-20 00:45:00,2025-08-20 01:30:00,LONG,4104.95,4075.93,-29.02
1275,2025-08-20 01:30:00,2025-08-20 02:15:00,SHORT,4075.93,4136.8,-60.87
1276,2025-08-20 02:15:00,2025-08-20 05:15:00,LONG,4136.8,4162.46,25.66
1277,2025-08-20 05:15:00,2025-08-20 06:00:00,SHORT,4162.46,4175.49,-13.03
1278,2025-08-20 06:00:00,2025-08-20 09:45:00,LONG,4175.49,4222.74,47.25
1279,2025-08-20 09:45:00,2025-08-20 12:00:00,SHORT,4222.74,4201.14,21.6
1280,2025-08-20 12:00:00,2025-08-20 14:15:00,LONG,4201.14,4159.69,-41.45
1281,2025-08-20 14:15:00,2025-08-20 15:00:00,SHORT,4159.69,4267.17,-107.48
1282,2025-08-20 15:00:00,2025-08-20 17:15:00,LONG,4267.17,4308.56,41.39
1283,2025-08-20 17:15:00,2025-08-20 18:00:00,SHORT,4308.56,4290.01,18.55
1284,2025-08-20 18:00:00,2025-08-20 18:45:00,LONG,4290.01,4291.67,1.66
1285,2025-08-20 18:45:00,2025-08-20 19:30:00,SHORT,4291.67,4334.5,-42.83
1286,2025-08-20 19:30:00,2025-08-20 23:15:00,LONG,4334.5,4337.04,2.54
1287,2025-08-20 23:15:00,2025-08-21 03:45:00,SHORT,4337.04,4295.23,41.81
1288,2025-08-21 03:45:00,2025-08-21 04:30:00,LONG,4295.23,4301.78,6.55
1289,2025-08-21 04:30:00,2025-08-21 06:00:00,SHORT,4301.78,4293.32,8.46
1290,2025-08-21 06:00:00,2025-08-21 07:30:00,LONG,4293.32,4300.45,7.13
1291,2025-08-21 07:30:00,2025-08-21 08:15:00,SHORT,4300.45,4298.87,1.58
1292,2025-08-21 08:15:00,2025-08-21 09:00:00,LONG,4298.87,4269.7,-29.17
1293,2025-08-21 09:00:00,2025-08-21 09:45:00,SHORT,4269.7,4277.0,-7.3
1294,2025-08-21 09:45:00,2025-08-21 12:00:00,LONG,4277.0,4270.39,-6.61
1295,2025-08-21 12:00:00,2025-08-21 13:30:00,SHORT,4270.39,4288.89,-18.5
1296,2025-08-21 13:30:00,2025-08-21 15:00:00,LONG,4288.89,4235.59,-53.3
1297,2025-08-21 15:00:00,2025-08-21 15:45:00,SHORT,4235.59,4242.66,-7.07
1298,2025-08-21 15:45:00,2025-08-21 16:30:00,LONG,4242.66,4233.67,-8.99
1299,2025-08-21 16:30:00,2025-08-21 18:00:00,SHORT,4233.67,4240.61,-6.94
1300,2025-08-21 18:00:00,2025-08-21 19:30:00,LONG,4240.61,4225.41,-15.2
1301,2025-08-21 19:30:00,2025-08-21 21:00:00,SHORT,4225.41,4242.04,-16.63
1302,2025-08-21 21:00:00,2025-08-21 21:45:00,LONG,4242.04,4243.52,1.48
1303,2025-08-21 21:45:00,2025-08-21 22:30:00,SHORT,4243.52,4246.0,-2.48
1304,2025-08-21 22:30:00,2025-08-21 23:15:00,LONG,4246.0,4238.8,-7.2
1305,2025-08-21 23:15:00,2025-08-22 00:45:00,SHORT,4238.8,4245.61,-6.81
1306,2025-08-22 00:45:00,2025-08-22 03:00:00,LONG,4245.61,4297.06,51.45
1307,2025-08-22 03:00:00,2025-08-22 04:30:00,SHORT,4297.06,4285.8,11.26
1308,2025-08-22 04:30:00,2025-08-22 05:15:00,LONG,4285.8,4281.23,-4.57
1309,2025-08-22 05:15:00,2025-08-22 06:00:00,SHORT,4281.23,4303.67,-22.44
1310,2025-08-22 06:00:00,2025-08-22 06:45:00,LONG,4303.67,4294.72,-8.95
1311,2025-08-22 06:45:00,2025-08-22 07:30:00,SHORT,4294.72,4331.4,-36.68
1312,2025-08-22 07:30:00,2025-08-22 09:00:00,LONG,4331.4,4317.16,-14.24
1313,2025-08-22 09:00:00,2025-08-22 13:30:00,SHORT,4317.16,4302.03,15.13
1314,2025-08-22 13:30:00,2025-08-22 18:00:00,LONG,4302.03,4791.0,488.97
1315,2025-08-22 18:00:00,2025-08-22 19:30:00,SHORT,4791.0,4836.8,-45.8
1316,2025-08-22 19:30:00,2025-08-22 20:15:00,LONG,4836.8,4833.01,-3.79
1317,2025-08-22 20:15:00,2025-08-22 21:00:00,SHORT,4833.01,4858.1,-25.09
1318,2025-08-22 21:00:00,2025-08-22 22:30:00,LONG,4858.1,4813.15,-44.95
1319,2025-08-22 22:30:00,2025-08-22 23:15:00,SHORT,4813.15,4834.34,-21.19
1320,2025-08-22 23:15:00,2025-08-23 00:45:00,LONG,4834.34,4807.69,-26.65
1321,2025-08-23 00:45:00,2025-08-23 04:30:00,SHORT,4807.69,4733.27,74.42
1322,2025-08-23 04:30:00,2025-08-23 06:45:00,LONG,4733.27,4745.93,12.66
1323,2025-08-23 06:45:00,2025-08-23 09:00:00,SHORT,4745.93,4721.23,24.7
1324,2025-08-23 09:00:00,2025-08-23 10:30:00,LONG,4721.23,4716.25,-4.98
1325,2025-08-23 10:30:00,2025-08-23 11:15:00,SHORT,4716.25,4714.93,1.32
1326,2025-08-23 11:15:00,2025-08-23 12:00:00,LONG,4714.93,4720.0,5.07
1327,2025-08-23 12:00:00,2025-08-23 12:45:00,SHORT,4720.0,4715.04,4.96
1328,2025-08-23 12:45:00,2025-08-23 13:30:00,LONG,4715.04,4716.4,1.36
1329,2025-08-23 13:30:00,2025-08-23 14:15:00,SHORT,4716.4,4749.17,-32.77
1330,2025-08-23 14:15:00,2025-08-23 15:00:00,LONG,4749.17,4731.35,-17.82
1331,2025-08-23 15:00:00,2025-08-23 15:45:00,SHORT,4731.35,4751.0,-19.65
1332,2025-08-23 15:45:00,2025-08-23 19:30:00,LONG,4751.0,4751.72,0.72
1333,2025-08-23 19:30:00,2025-08-23 21:00:00,SHORT,4751.72,4749.89,1.83
1334,2025-08-23 21:00:00,2025-08-24 00:00:00,LONG,4749.89,4784.3,34.41
1335,2025-08-24 00:00:00,2025-08-24 00:45:00,SHORT,4784.3,4798.25,-13.95
1336,2025-08-24 00:45:00,2025-08-24 01:30:00,LONG,4798.25,4791.2,-7.05
1337,2025-08-24 01:30:00,2025-08-24 03:45:00,SHORT,4791.2,4788.59,2.61
1338,2025-08-24 03:45:00,2025-08-24 04:30:00,LONG,4788.59,4782.33,-6.26
1339,2025-08-24 04:30:00,2025-08-24 05:15:00,SHORT,4782.33,4791.58,-9.25
1340,2025-08-24 05:15:00,2025-08-24 06:00:00,LONG,4791.58,4781.57,-10.01
1341,2025-08-24 06:00:00,2025-08-24 07:30:00,SHORT,4781.57,4767.02,14.55
1342,2025-08-24 07:30:00,2025-08-24 10:30:00,LONG,4767.02,4748.87,-18.15
1343,2025-08-24 10:30:00,2025-08-24 12:00:00,SHORT,4748.87,4748.88,-0.01
1344,2025-08-24 12:00:00,2025-08-24 19:30:00,LONG,4748.88,4850.78,101.9
1345,2025-08-24 19:30:00,2025-08-24 21:45:00,SHORT,4850.78,4785.0,65.78
1346,2025-08-24 21:45:00,2025-08-24 22:30:00,LONG,4785.0,4753.31,-31.69
1347,2025-08-24 22:30:00,2025-08-24 23:15:00,SHORT,4753.31,4795.96,-42.65
1348,2025-08-24 23:15:00,2025-08-25 00:00:00,LONG,4795.96,4788.94,-7.02
1349,2025-08-25 00:00:00,2025-08-25 01:30:00,SHORT,4788.94,4715.82,73.12
1350,2025-08-25 01:30:00,2025-08-25 03:45:00,LONG,4715.82,4727.41,11.59
1351,2025-08-25 03:45:00,2025-08-25 09:00:00,SHORT,4727.41,4592.61,134.8
1352,2025-08-25 09:00:00,2025-08-25 10:30:00,LONG,4592.61,4543.28,-49.33
1353,2025-08-25 10:30:00,2025-08-25 11:15:00,SHORT,4543.28,4568.51,-25.23
1354,2025-08-25 11:15:00,2025-08-25 15:45:00,LONG,4568.51,4612.57,44.06
1355,2025-08-25 15:45:00,2025-08-25 21:45:00,SHORT,4612.57,4350.81,261.76
1356,2025-08-25 21:45:00,2025-08-25 23:15:00,LONG,4350.81,4365.02,14.21
1357,2025-08-25 23:15:00,2025-08-26 01:30:00,SHORT,4365.02,4390.73,-25.71
1358,2025-08-26 01:30:00,2025-08-26 03:00:00,LONG,4390.73,4383.73,-7.0
1359,2025-08-26 03:00:00,2025-08-26 03:45:00,SHORT,4383.73,4402.58,-18.85
1360,2025-08-26 03:45:00,2025-08-26 06:00:00,LONG,4402.58,4435.1,32.52
1361,2025-08-26 06:00:00,2025-08-26 08:15:00,SHORT,4435.1,4411.95,23.15
1362,2025-08-26 08:15:00,2025-08-26 09:45:00,LONG,4411.95,4419.93,7.98
1363,2025-08-26 09:45:00,2025-08-26 11:15:00,SHORT,4419.93,4421.25,-1.32
1364,2025-08-26 11:15:00,2025-08-26 14:15:00,LONG,4421.25,4501.05,79.8
1365,2025-08-26 14:15:00,2025-08-26 15:00:00,SHORT,4501.05,4543.56,-42.51
1366,2025-08-26 15:00:00,2025-08-26 15:45:00,LONG,4543.56,4519.02,-24.54
1367,2025-08-26 15:45:00,2025-08-26 16:30:00,SHORT,4519.02,4525.43,-6.41
1368,2025-08-26 16:30:00,2025-08-26 18:00:00,LONG,4525.43,4530.09,4.66
1369,2025-08-26 18:00:00,2025-08-26 18:45:00,SHORT,4530.09,4548.02,-17.93
1370,2025-08-26 18:45:00,2025-08-26 21:00:00,LONG,4548.02,4568.88,20.86
1371,2025-08-26 21:00:00,2025-08-26 21:45:00,SHORT,4568.88,4605.07,-36.19
1372,2025-08-26 21:45:00,2025-08-26 22:30:00,LONG,4605.07,4581.38,-23.69
1373,2025-08-26 22:30:00,2025-08-26 23:15:00,SHORT,4581.38,4602.0,-20.62
1374,2025-08-26 23:15:00,2025-08-27 00:00:00,LONG,4602.0,4590.02,-11.98
1375,2025-08-27 00:00:00,2025-08-27 03:00:00,SHORT,4590.02,4565.84,24.18
1376,2025-08-27 03:00:00,2025-08-27 06:00:00,LONG,4565.84,4602.13,36.29
1377,2025-08-27 06:00:00,2025-08-27 09:00:00,SHORT,4602.13,4596.34,5.79
1378,2025-08-27 09:00:00,2025-08-27 10:30:00,LONG,4596.34,4578.82,-17.52
1379,2025-08-27 10:30:00,2025-08-27 11:15:00,SHORT,4578.82,4591.48,-12.66
1380,2025-08-27 11:15:00,2025-08-27 12:45:00,LONG,4591.48,4614.66,23.18
1381,2025-08-27 12:45:00,2025-08-27 13:30:00,SHORT,4614.66,4626.5,-11.84
1382,2025-08-27 13:30:00,2025-08-27 14:15:00,LONG,4626.5,4632.63,6.13
1383,2025-08-27 14:15:00,2025-08-27 15:45:00,SHORT,4632.63,4657.57,-24.94
1384,2025-08-27 15:45:00,2025-08-27 16:30:00,LONG,4657.57,4621.62,-35.95
1385,2025-08-27 16:30:00,2025-08-27 18:00:00,SHORT,4621.62,4640.28,-18.66
1386,2025-08-27 18:00:00,2025-08-27 18:45:00,LONG,4640.28,4591.73,-48.55
1387,2025-08-27 18:45:00,2025-08-27 21:00:00,SHORT,4591.73,4577.66,14.07
1388,2025-08-27 21:00:00,2025-08-27 21:45:00,LONG,4577.66,4527.72,-49.94
1389,2025-08-27 21:45:00,2025-08-27 23:15:00,SHORT,4527.72,4518.34,9.38
1390,2025-08-27 23:15:00,2025-08-28 00:00:00,LONG,4518.34,4517.94,-0.4
1391,2025-08-28 00:00:00,2025-08-28 01:30:00,SHORT,4517.94,4511.33,6.61
1392,2025-08-28 01:30:00,2025-08-28 03:00:00,LONG,4511.33,4532.48,21.15
1393,2025-08-28 03:00:00,2025-08-28 03:45:00,SHORT,4532.48,4541.63,-9.15
1394,2025-08-28 03:45:00,2025-08-28 07:30:00,LONG,4541.63,4575.77,34.14
1395,2025-08-28 07:30:00,2025-08-28 08:15:00,SHORT,4575.77,4600.64,-24.87
1396,2025-08-28 08:15:00,2025-08-28 09:45:00,LONG,4600.64,4586.5,-14.14
1397,2025-08-28 09:45:00,2025-08-28 10:30:00,SHORT,4586.5,4605.0,-18.5
1398,2025-08-28 10:30:00,2025-08-28 11:15:00,LONG,4605.0,4598.71,-6.29
1399,2025-08-28 11:15:00,2025-08-28 12:45:00,SHORT,4598.71,4599.87,-1.16
1400,2025-08-28 12:45:00,2025-08-28 14:15:00,LONG,4599.87,4555.14,-44.73
1401,2025-08-28 14:15:00,2025-08-28 16:30:00,SHORT,4555.14,4518.83,36.31
1402,2025-08-28 16:30:00,2025-08-28 17:15:00,LONG,4518.83,4489.37,-29.46
1403,2025-08-28 17:15:00,2025-08-28 18:00:00,SHORT,4489.37,4480.68,8.69
1404,2025-08-28 18:00:00,2025-08-28 19:30:00,LONG,4480.68,4457.88,-22.8
1405,2025-08-28 19:30:00,2025-08-28 20:15:00,SHORT,4457.88,4461.59,-3.71
1406,2025-08-28 20:15:00,2025-08-28 21:00:00,LONG,4461.59,4473.32,11.73
1407,2025-08-28 21:00:00,2025-08-28 21:45:00,SHORT,4473.32,4488.4,-15.08
1408,2025-08-28 21:45:00,2025-08-28 23:15:00,LONG,4488.4,4501.11,12.71
1409,2025-08-28 23:15:00,2025-08-29 00:00:00,SHORT,4501.11,4496.59,4.52
1410,2025-08-29 00:00:00,2025-08-29 00:45:00,LONG,4496.59,4481.62,-14.97
1411,2025-08-29 00:45:00,2025-08-29 02:15:00,SHORT,4481.62,4477.73,3.89
1412,2025-08-29 02:15:00,2025-08-29 05:15:00,LONG,4477.73,4471.4,-6.33
1413,2025-08-29 05:15:00,2025-08-29 06:00:00,SHORT,4471.4,4465.18,6.22
1414,2025-08-29 06:00:00,2025-08-29 07:30:00,LONG,4465.18,4382.1,-83.08
1415,2025-08-29 07:30:00,2025-08-29 10:30:00,SHORT,4382.1,4353.0,29.1
1416,2025-08-29 10:30:00,2025-08-29 13:30:00,LONG,4353.0,4347.3,-5.7
1417,2025-08-29 13:30:00,2025-08-29 15:45:00,SHORT,4347.3,4316.09,31.21
1418,2025-08-29 15:45:00,2025-08-29 17:15:00,LONG,4316.09,4343.09,27.0
1419,2025-08-29 17:15:00,2025-08-29 19:30:00,SHORT,4343.09,4349.6,-6.51
1420,2025-08-29 19:30:00,2025-08-29 20:15:00,LONG,4349.6,4340.19,-9.41
1421,2025-08-29 20:15:00,2025-08-29 21:45:00,SHORT,4340.19,4364.79,-24.6
1422,2025-08-29 21:45:00,2025-08-30 00:00:00,LONG,4364.79,4348.12,-16.67
1423,2025-08-30 00:00:00,2025-08-30 02:15:00,SHORT,4348.12,4309.29,38.83
1424,2025-08-30 02:15:00,2025-08-30 06:00:00,LONG,4309.29,4376.88,67.59
1425,2025-08-30 06:00:00,2025-08-30 06:45:00,SHORT,4376.88,4397.04,-20.16
1426,2025-08-30 06:45:00,2025-08-30 07:30:00,LONG,4397.04,4408.9,11.86
1427,2025-08-30 07:30:00,2025-08-30 10:30:00,SHORT,4408.9,4386.99,21.91
1428,2025-08-30 10:30:00,2025-08-30 12:45:00,LONG,4386.99,4367.82,-19.17
1429,2025-08-30 12:45:00,2025-08-30 15:00:00,SHORT,4367.82,4364.07,3.75
1430,2025-08-30 15:00:00,2025-08-30 16:30:00,LONG,4364.07,4368.67,4.6
1431,2025-08-30 16:30:00,2025-08-30 17:15:00,SHORT,4368.67,4365.03,3.64
1432,2025-08-30 17:15:00,2025-08-30 18:45:00,LONG,4365.03,4350.0,-15.03
1433,2025-08-30 18:45:00,2025-08-30 22:30:00,SHORT,4350.0,4358.75,-8.75
1434,2025-08-30 22:30:00,2025-08-31 02:15:00,LONG,4358.75,4455.6,96.85
1435,2025-08-31 02:15:00,2025-08-31 03:45:00,SHORT,4455.6,4488.12,-32.52
1436,2025-08-31 03:45:00,2025-08-31 04:30:00,LONG,4488.12,4464.45,-23.67
1437,2025-08-31 04:30:00,2025-08-31 06:00:00,SHORT,4464.45,4455.63,8.82
1438,2025-08-31 06:00:00,2025-08-31 06:45:00,LONG,4455.63,4434.6,-21.03
1439,2025-08-31 06:45:00,2025-08-31 07:30:00,SHORT,4434.6,4455.41,-20.81
1440,2025-08-31 07:30:00,2025-08-31 10:30:00,LONG,4455.41,4453.03,-2.38
1441,2025-08-31 10:30:00,2025-08-31 12:00:00,SHORT,4453.03,4473.56,-20.53
1442,2025-08-31 12:00:00,2025-08-31 12:45:00,LONG,4473.56,4489.58,16.02
1443,2025-08-31 12:45:00,2025-08-31 15:45:00,SHORT,4489.58,4485.27,4.31
1444,2025-08-31 15:45:00,2025-08-31 16:30:00,LONG,4485.27,4470.59,-14.68
1445,2025-08-31 16:30:00,2025-08-31 17:15:00,SHORT,4470.59,4483.6,-13.01
1446,2025-08-31 17:15:00,2025-08-31 18:00:00,LONG,4483.6,4483.71,0.11
1447,2025-08-31 18:00:00,2025-08-31 18:45:00,SHORT,4483.71,4489.71,-6.0
1448,2025-08-31 18:45:00,2025-08-31 19:30:00,LONG,4489.71,4476.82,-12.89
1449,2025-08-31 19:30:00,2025-08-31 21:45:00,SHORT,4476.82,4470.01,6.81
1450,2025-08-31 21:45:00,2025-08-31 23:15:00,LONG,4470.01,4407.99,-62.02
1451,2025-08-31 23:15:00,2025-09-01 00:45:00,SHORT,4407.99,4396.49,11.5
1452,2025-09-01 00:45:00,2025-09-01 02:15:00,LONG,4396.49,4392.28,-4.21
1453,2025-09-01 02:15:00,2025-09-01 03:45:00,SHORT,4392.28,4404.16,-11.88
1454,2025-09-01 03:45:00,2025-09-01 04:30:00,LONG,4404.16,4379.32,-24.84
1455,2025-09-01 04:30:00,2025-09-01 06:00:00,SHORT,4379.32,4389.72,-10.4
1456,2025-09-01 06:00:00,2025-09-01 09:45:00,LONG,4389.72,4441.36,51.64
1457,2025-09-01 09:45:00,2025-09-01 12:45:00,SHORT,4441.36,4403.2,38.16
1458,2025-09-01 12:45:00,2025-09-01 15:45:00,LONG,4403.2,4362.01,-41.19
1459,2025-09-01 15:45:00,2025-09-01 18:45:00,SHORT,4362.01,4346.94,15.07
1460,2025-09-01 18:45:00,2025-09-01 20:15:00,LONG,4346.94,4349.97,3.03
1461,2025-09-01 20:15:00,2025-09-01 22:30:00,SHORT,4349.97,4262.0,87.97
1462,2025-09-01 22:30:00,2025-09-02 00:45:00,LONG,4262.0,4303.86,41.86
1463,2025-09-02 00:45:00,2025-09-02 01:30:00,SHORT,4303.86,4331.68,-27.82
1464,2025-09-02 01:30:00,2025-09-02 05:15:00,LONG,4331.68,4380.92,49.24
1465,2025-09-02 05:15:00,2025-09-02 06:00:00,SHORT,4380.92,4395.2,-14.28
1466,2025-09-02 06:00:00,2025-09-02 07:30:00,LONG,4395.2,4385.87,-9.33
1467,2025-09-02 07:30:00,2025-09-02 09:45:00,SHORT,4385.87,4400.16,-14.29
1468,2025-09-02 09:45:00,2025-09-02 10:30:00,LONG,4400.16,4384.33,-15.83
1469,2025-09-02 10:30:00,2025-09-02 13:30:00,SHORT,4384.33,4343.16,41.17
1470,2025-09-02 13:30:00,2025-09-02 15:00:00,LONG,4343.16,4344.49,1.33
1471,2025-09-02 15:00:00,2025-09-02 18:00:00,SHORT,4344.49,4296.23,48.26
1472,2025-09-02 18:00:00,2025-09-02 18:45:00,LONG,4296.23,4296.73,0.5
1473,2025-09-02 18:45:00,2025-09-02 20:15:00,SHORT,4296.73,4305.51,-8.78
1474,2025-09-02 20:15:00,2025-09-02 22:30:00,LONG,4305.51,4328.04,22.53
1475,2025-09-02 22:30:00,2025-09-02 23:15:00,SHORT,4328.04,4319.91,8.13
1476,2025-09-02 23:15:00,2025-09-03 00:45:00,LONG,4319.91,4310.26,-9.65
1477,2025-09-03 00:45:00,2025-09-03 02:15:00,SHORT,4310.26,4353.65,-43.39
1478,2025-09-03 02:15:00,2025-09-03 03:45:00,LONG,4353.65,4335.02,-18.63
1479,2025-09-03 03:45:00,2025-09-03 04:30:00,SHORT,4335.02,4335.35,-0.33
1480,2025-09-03 04:30:00,2025-09-03 05:15:00,LONG,4335.35,4324.67,-10.68
1481,2025-09-03 05:15:00,2025-09-03 08:15:00,SHORT,4324.67,4322.26,2.41
1482,2025-09-03 08:15:00,2025-09-03 09:00:00,LONG,4322.26,4305.09,-17.17
1483,2025-09-03 09:00:00,2025-09-03 09:45:00,SHORT,4305.09,4351.68,-46.59
1484,2025-09-03 09:45:00,2025-09-03 12:00:00,LONG,4351.68,4364.35,12.67
1485,2025-09-03 12:00:00,2025-09-03 13:30:00,SHORT,4364.35,4419.99,-55.64
1486,2025-09-03 13:30:00,2025-09-03 16:30:00,LONG,4419.99,4456.68,36.69
1487,2025-09-03 16:30:00,2025-09-03 17:15:00,SHORT,4456.68,4480.0,-23.32
1488,2025-09-03 17:15:00,2025-09-03 18:00:00,LONG,4480.0,4475.51,-4.49
1489,2025-09-03 18:00:00,2025-09-03 20:15:00,SHORT,4475.51,4468.18,7.33
1490,2025-09-03 20:15:00,2025-09-03 21:00:00,LONG,4468.18,4467.18,-1.0
1491,2025-09-03 21:00:00,2025-09-04 00:45:00,SHORT,4467.18,4467.72,-0.54
1492,2025-09-04 00:45:00,2025-09-04 01:30:00,LONG,4467.72,4464.09,-3.63
1493,2025-09-04 01:30:00,2025-09-04 06:00:00,SHORT,4464.09,4376.81,87.28
1494,2025-09-04 06:00:00,2025-09-04 06:45:00,LONG,4376.81,4365.01,-11.8
1495,2025-09-04 06:45:00,2025-09-04 08:15:00,SHORT,4365.01,4389.99,-24.98
1496,2025-09-04 08:15:00,2025-09-04 09:00:00,LONG,4389.99,4383.5,-6.49
1497,2025-09-04 09:00:00,2025-09-04 09:45:00,SHORT,4383.5,4395.71,-12.21
1498,2025-09-04 09:45:00,2025-09-04 12:00:00,LONG,4395.71,4417.6,21.89
1499,2025-09-04 12:00:00,2025-09-04 17:15:00,SHORT,4417.6,4318.57,99.03
1500,2025-09-04 17:15:00,2025-09-04 19:30:00,LONG,4318.57,4277.19,-41.38
1501,2025-09-04 19:30:00,2025-09-04 20:15:00,SHORT,4277.19,4305.85,-28.66
1502,2025-09-04 20:15:00,2025-09-05 00:00:00,LONG,4305.85,4301.45,-4.4
1503,2025-09-05 00:00:00,2025-09-05 00:45:00,SHORT,4301.45,4301.31,0.14
1504,2025-09-05 00:45:00,2025-09-05 06:45:00,LONG,4301.31,4332.66,31.35
1505,2025-09-05 06:45:00,2025-09-05 07:30:00,SHORT,4332.66,4398.46,-65.8
1506,2025-09-05 07:30:00,2025-09-05 12:00:00,LONG,4398.46,4418.82,20.36
1507,2025-09-05 12:00:00,2025-09-05 12:45:00,SHORT,4418.82,4471.12,-52.3
1508,2025-09-05 12:45:00,2025-09-05 14:15:00,LONG,4471.12,4322.82,-148.3
1509,2025-09-05 14:15:00,2025-09-05 15:45:00,SHORT,4322.82,4283.39,39.43
1510,2025-09-05 15:45:00,2025-09-05 21:45:00,LONG,4283.39,4296.91,13.52
1511,2025-09-05 21:45:00,2025-09-05 23:15:00,SHORT,4296.91,4312.12,-15.21
1512,2025-09-05 23:15:00,2025-09-06 00:00:00,LONG,4312.12,4304.52,-7.6
1513,2025-09-06 00:00:00,2025-09-06 00:45:00,SHORT,4304.52,4322.97,-18.45
1514,2025-09-06 00:45:00,2025-09-06 01:30:00,LONG,4322.97,4320.07,-2.9
1515,2025-09-06 01:30:00,2025-09-06 03:00:00,SHORT,4320.07,4318.31,1.76
1516,2025-09-06 03:00:00,2025-09-06 04:30:00,LONG,4318.31,4305.81,-12.5
1517,2025-09-06 04:30:00,2025-09-06 05:15:00,SHORT,4305.81,4297.83,7.98
1518,2025-09-06 05:15:00,2025-09-06 06:00:00,LONG,4297.83,4301.08,3.25
1519,2025-09-06 06:00:00,2025-09-06 06:45:00,SHORT,4301.08,4302.61,-1.53
1520,2025-09-06 06:45:00,2025-09-06 08:15:00,LONG,4302.61,4307.37,4.76
1521,2025-09-06 08:15:00,2025-09-06 09:00:00,SHORT,4307.37,4297.83,9.54
1522,2025-09-06 09:00:00,2025-09-06 09:45:00,LONG,4297.83,4292.99,-4.84
1523,2025-09-06 09:45:00,2025-09-06 12:00:00,SHORT,4292.99,4303.42,-10.43
1524,2025-09-06 12:00:00,2025-09-06 12:45:00,LONG,4303.42,4299.63,-3.79
1525,2025-09-06 12:45:00,2025-09-06 13:30:00,SHORT,4299.63,4293.23,6.4
1526,2025-09-06 13:30:00,2025-09-06 15:00:00,LONG,4293.23,4272.95,-20.28
1527,2025-09-06 15:00:00,2025-09-06 17:15:00,SHORT,4272.95,4277.24,-4.29
1528,2025-09-06 17:15:00,2025-09-06 18:00:00,LONG,4277.24,4283.07,5.83
1529,2025-09-06 18:00:00,2025-09-06 20:15:00,SHORT,4283.07,4265.0,18.07
1530,2025-09-06 20:15:00,2025-09-06 21:45:00,LONG,4265.0,4283.31,18.31
1531,2025-09-06 21:45:00,2025-09-06 23:15:00,SHORT,4283.31,4280.1,3.21
1532,2025-09-06 23:15:00,2025-09-07 00:00:00,LONG,4280.1,4278.54,-1.56
1533,2025-09-07 00:00:00,2025-09-07 00:45:00,SHORT,4278.54,4284.0,-5.46
1534,2025-09-07 00:45:00,2025-09-07 02:15:00,LONG,4284.0,4294.99,10.99
1535,2025-09-07 02:15:00,2025-09-07 03:00:00,SHORT,4294.99,4295.88,-0.89
1536,2025-09-07 03:00:00,2025-09-07 03:45:00,LONG,4295.88,4296.9,1.02
1537,2025-09-07 03:45:00,2025-09-07 05:15:00,SHORT,4296.9,4302.0,-5.1
1538,2025-09-07 05:15:00,2025-09-07 06:00:00,LONG,4302.0,4290.74,-11.26
1539,2025-09-07 06:00:00,2025-09-07 07:30:00,SHORT,4290.74,4298.89,-8.15
1540,2025-09-07 07:30:00,2025-09-07 09:00:00,LONG,4298.89,4306.31,7.42
1541,2025-09-07 09:00:00,2025-09-07 11:15:00,SHORT,4306.31,4304.42,1.89
1542,2025-09-07 11:15:00,2025-09-07 12:45:00,LONG,4304.42,4300.91,-3.51
1543,2025-09-07 12:45:00,2025-09-07 13:30:00,SHORT,4300.91,4302.06,-1.15
1544,2025-09-07 13:30:00,2025-09-07 15:00:00,LONG,4302.06,4297.34,-4.72
1545,2025-09-07 15:00:00,2025-09-07 15:45:00,SHORT,4297.34,4299.38,-2.04
1546,2025-09-07 15:45:00,2025-09-07 16:30:00,LONG,4299.38,4291.35,-8.03
1547,2025-09-07 16:30:00,2025-09-07 18:45:00,SHORT,4291.35,4281.09,10.26
1548,2025-09-07 18:45:00,2025-09-07 20:15:00,LONG,4281.09,4285.58,4.49
1549,2025-09-07 20:15:00,2025-09-07 21:00:00,SHORT,4285.58,4296.93,-11.35
1550,2025-09-07 21:00:00,2025-09-07 21:45:00,LONG,4296.93,4288.11,-8.82
1551,2025-09-07 21:45:00,2025-09-07 22:30:00,SHORT,4288.11,4302.2,-14.09
1552,2025-09-07 22:30:00,2025-09-08 00:00:00,LONG,4302.2,4304.17,1.97
1553,2025-09-08 00:00:00,2025-09-08 03:00:00,SHORT,4304.17,4307.97,-3.8
1554,2025-09-08 03:00:00,2025-09-08 04:30:00,LONG,4307.97,4302.99,-4.98
1555,2025-09-08 04:30:00,2025-09-08 06:00:00,SHORT,4302.99,4293.85,9.14
1556,2025-09-08 06:00:00,2025-09-08 08:15:00,LONG,4293.85,4294.49,0.64
1557,2025-09-08 08:15:00,2025-09-08 09:00:00,SHORT,4294.49,4317.37,-22.88
1558,2025-09-08 09:00:00,2025-09-08 09:45:00,LONG,4317.37,4318.93,1.56
1559,2025-09-08 09:45:00,2025-09-08 10:30:00,SHORT,4318.93,4334.52,-15.59
1560,2025-09-08 10:30:00,2025-09-08 11:15:00,LONG,4334.52,4304.36,-30.16
1561,2025-09-08 11:15:00,2025-09-08 12:45:00,SHORT,4304.36,4320.46,-16.1
1562,2025-09-08 12:45:00,2025-09-08 14:15:00,LONG,4320.46,4343.46,23.0
1563,2025-09-08 14:15:00,2025-09-08 15:00:00,SHORT,4343.46,4362.55,-19.09
1564,2025-09-08 15:00:00,2025-09-08 16:30:00,LONG,4362.55,4347.42,-15.13
1565,2025-09-08 16:30:00,2025-09-08 18:45:00,SHORT,4347.42,4329.71,17.71
1566,2025-09-08 18:45:00,2025-09-08 19:30:00,LONG,4329.71,4293.22,-36.49
1567,2025-09-08 19:30:00,2025-09-08 21:00:00,SHORT,4293.22,4302.83,-9.61
1568,2025-09-08 21:00:00,2025-09-08 23:15:00,LONG,4302.83,4303.93,1.1
1569,2025-09-08 23:15:00,2025-09-09 03:00:00,SHORT,4303.93,4296.36,7.57
1570,2025-09-09 03:00:00,2025-09-09 05:15:00,LONG,4296.36,4307.4,11.04
1571,2025-09-09 05:15:00,2025-09-09 06:00:00,SHORT,4307.4,4342.59,-35.19
1572,2025-09-09 06:00:00,2025-09-09 08:15:00,LONG,4342.59,4359.58,16.99
1573,2025-09-09 08:15:00,2025-09-09 16:30:00,SHORT,4359.58,4282.59,76.99
1574,2025-09-09 16:30:00,2025-09-09 18:45:00,LONG,4282.59,4286.64,4.05
1575,2025-09-09 18:45:00,2025-09-09 19:30:00,SHORT,4286.64,4292.87,-6.23
1576,2025-09-09 19:30:00,2025-09-09 20:15:00,LONG,4292.87,4284.65,-8.22
1577,2025-09-09 20:15:00,2025-09-09 21:00:00,SHORT,4284.65,4314.29,-29.64
1578,2025-09-09 21:00:00,2025-09-09 23:15:00,LONG,4314.29,4308.37,-5.92
1579,2025-09-09 23:15:00,2025-09-10 01:30:00,SHORT,4308.37,4304.22,4.15
1580,2025-09-10 01:30:00,2025-09-10 03:45:00,LONG,4304.22,4320.44,16.22
1581,2025-09-10 03:45:00,2025-09-10 06:45:00,SHORT,4320.44,4312.99,7.45
1582,2025-09-10 06:45:00,2025-09-10 09:45:00,LONG,4312.99,4325.08,12.09
1583,2025-09-10 09:45:00,2025-09-10 10:30:00,SHORT,4325.08,4329.77,-4.69
1584,2025-09-10 10:30:00,2025-09-10 13:30:00,LONG,4329.77,4387.86,58.09
1585,2025-09-10 13:30:00,2025-09-10 14:15:00,SHORT,4387.86,4424.9,-37.04
1586,2025-09-10 14:15:00,2025-09-10 15:00:00,LONG,4424.9,4423.29,-1.61
1587,2025-09-10 15:00:00,2025-09-10 17:15:00,SHORT,4423.29,4348.74,74.55
1588,2025-09-10 17:15:00,2025-09-10 18:45:00,LONG,4348.74,4341.5,-7.24
1589,2025-09-10 18:45:00,2025-09-10 20:15:00,SHORT,4341.5,4331.28,10.22
1590,2025-09-10 20:15:00,2025-09-10 22:30:00,LONG,4331.28,4340.36,9.08
1591,2025-09-10 22:30:00,2025-09-10 23:15:00,SHORT,4340.36,4345.52,-5.16
1592,2025-09-10 23:15:00,2025-09-11 05:15:00,LONG,4345.52,4406.35,60.83
1593,2025-09-11 05:15:00,2025-09-11 06:00:00,SHORT,4406.35,4418.9,-12.55
1594,2025-09-11 06:00:00,2025-09-11 07:30:00,LONG,4418.9,4441.79,22.89
1595,2025-09-11 07:30:00,2025-09-11 10:30:00,SHORT,4441.79,4421.67,20.12
1596,2025-09-11 10:30:00,2025-09-11 12:00:00,LONG,4421.67,4453.68,32.01
1597,2025-09-11 12:00:00,2025-09-11 15:00:00,SHORT,4453.68,4420.69,32.99
1598,2025-09-11 15:00:00,2025-09-11 15:45:00,LONG,4420.69,4412.52,-8.17
1599,2025-09-11 15:45:00,2025-09-11 17:15:00,SHORT,4412.52,4428.0,-15.48
1600,2025-09-11 17:15:00,2025-09-11 18:45:00,LONG,4428.0,4420.31,-7.69
1601,2025-09-11 18:45:00,2025-09-11 19:30:00,SHORT,4420.31,4426.72,-6.41
1602,2025-09-11 19:30:00,2025-09-11 20:15:00,LONG,4426.72,4419.38,-7.34
1603,2025-09-11 20:15:00,2025-09-11 21:45:00,SHORT,4419.38,4429.22,-9.84
1604,2025-09-11 21:45:00,2025-09-12 00:00:00,LONG,4429.22,4457.16,27.94
1605,2025-09-12 00:00:00,2025-09-12 00:45:00,SHORT,4457.16,4512.07,-54.91
1606,2025-09-12 00:45:00,2025-09-12 02:15:00,LONG,4512.07,4515.44,3.37
1607,2025-09-12 02:15:00,2025-09-12 04:30:00,SHORT,4515.44,4519.51,-4.07
1608,2025-09-12 04:30:00,2025-09-12 05:15:00,LONG,4519.51,4520.35,0.84
1609,2025-09-12 05:15:00,2025-09-12 06:00:00,SHORT,4520.35,4547.41,-27.06
1610,2025-09-12 06:00:00,2025-09-12 06:45:00,LONG,4547.41,4538.99,-8.42
1611,2025-09-12 06:45:00,2025-09-12 11:15:00,SHORT,4538.99,4535.01,3.98
1612,2025-09-12 11:15:00,2025-09-12 12:00:00,LONG,4535.01,4512.3,-22.71
1613,2025-09-12 12:00:00,2025-09-12 14:15:00,SHORT,4512.3,4558.57,-46.27
1614,2025-09-12 14:15:00,2025-09-12 20:15:00,LONG,4558.57,4643.87,85.3
1615,2025-09-12 20:15:00,2025-09-12 21:00:00,SHORT,4643.87,4668.91,-25.04
1616,2025-09-12 21:00:00,2025-09-12 21:45:00,LONG,4668.91,4649.8,-19.11
1617,2025-09-12 21:45:00,2025-09-12 22:30:00,SHORT,4649.8,4697.0,-47.2
1618,2025-09-12 22:30:00,2025-09-12 23:15:00,LONG,4697.0,4706.76,9.76
1619,2025-09-12 23:15:00,2025-09-13 00:00:00,SHORT,4706.76,4699.15,7.61
1620,2025-09-13 00:00:00,2025-09-13 00:45:00,LONG,4699.15,4704.71,5.56
1621,2025-09-13 00:45:00,2025-09-13 01:30:00,SHORT,4704.71,4712.5,-7.79
1622,2025-09-13 01:30:00,2025-09-13 03:00:00,LONG,4712.5,4713.12,0.62
1623,2025-09-13 03:00:00,2025-09-13 03:45:00,SHORT,4713.12,4756.81,-43.69
1624,2025-09-13 03:45:00,2025-09-13 04:30:00,LONG,4756.81,4747.37,-9.44
1625,2025-09-13 04:30:00,2025-09-13 07:30:00,SHORT,4747.37,4715.74,31.63
1626,2025-09-13 07:30:00,2025-09-13 10:30:00,LONG,4715.74,4719.63,3.89
1627,2025-09-13 10:30:00,2025-09-13 12:00:00,SHORT,4719.63,4716.87,2.76
1628,2025-09-13 12:00:00,2025-09-13 14:15:00,LONG,4716.87,4701.75,-15.12
1629,2025-09-13 14:15:00,2025-09-13 18:00:00,SHORT,4701.75,4643.01,58.74
1630,2025-09-13 18:00:00,2025-09-13 22:30:00,LONG,4643.01,4655.09,12.08
1631,2025-09-13 22:30:00,2025-09-13 23:15:00,SHORT,4655.09,4660.0,-4.91
1632,2025-09-13 23:15:00,2025-09-14 00:45:00,LONG,4660.0,4670.27,10.27
1633,2025-09-14 00:45:00,2025-09-14 02:15:00,SHORT,4670.27,4681.16,-10.89
1634,2025-09-14 02:15:00,2025-09-14 03:45:00,LONG,4681.16,4663.22,-17.94
1635,2025-09-14 03:45:00,2025-09-14 05:15:00,SHORT,4663.22,4676.27,-13.05
1636,2025-09-14 05:15:00,2025-09-14 06:45:00,LONG,4676.27,4666.4,-9.87
1637,2025-09-14 06:45:00,2025-09-14 07:30:00,SHORT,4666.4,4659.82,6.58
1638,2025-09-14 07:30:00,2025-09-14 08:15:00,LONG,4659.82,4657.04,-2.78
1639,2025-09-14 08:15:00,2025-09-14 09:45:00,SHORT,4657.04,4665.29,-8.25
1640,2025-09-14 09:45:00,2025-09-14 10:30:00,LONG,4665.29,4659.06,-6.23
1641,2025-09-14 10:30:00,2025-09-14 11:15:00,SHORT,4659.06,4640.4,18.66
1642,2025-09-14 11:15:00,2025-09-14 12:00:00,LONG,4640.4,4635.03,-5.37
1643,2025-09-14 12:00:00,2025-09-14 14:15:00,SHORT,4635.03,4614.72,20.31
1644,2025-09-14 14:15:00,2025-09-14 15:00:00,LONG,4614.72,4587.6,-27.12
1645,2025-09-14 15:00:00,2025-09-14 16:30:00,SHORT,4587.6,4607.11,-19.51
1646,2025-09-14 16:30:00,2025-09-14 18:45:00,LONG,4607.11,4603.5,-3.61
1647,2025-09-14 18:45:00,2025-09-14 19:30:00,SHORT,4603.5,4621.42,-17.92
1648,2025-09-14 19:30:00,2025-09-14 21:00:00,LONG,4621.42,4617.58,-3.84
1649,2025-09-14 21:00:00,2025-09-14 21:45:00,SHORT,4617.58,4629.83,-12.25
1650,2025-09-14 21:45:00,2025-09-14 22:30:00,LONG,4629.83,4631.72,1.89
1651,2025-09-14 22:30:00,2025-09-15 01:30:00,SHORT,4631.72,4617.4,14.32
1652,2025-09-15 01:30:00,2025-09-15 06:45:00,LONG,4617.4,4630.49,13.09
1653,2025-09-15 06:45:00,2025-09-15 09:45:00,SHORT,4630.49,4526.22,104.27
1654,2025-09-15 09:45:00,2025-09-15 14:15:00,LONG,4526.22,4527.85,1.63
1655,2025-09-15 14:15:00,2025-09-15 18:00:00,SHORT,4527.85,4494.35,33.5
1656,2025-09-15 18:00:00,2025-09-15 18:45:00,LONG,4494.35,4501.5,7.15
1657,2025-09-15 18:45:00,2025-09-15 20:15:00,SHORT,4501.5,4503.85,-2.35
1658,2025-09-15 20:15:00,2025-09-15 22:30:00,LONG,4503.85,4514.14,10.29
1659,2025-09-15 22:30:00,2025-09-15 23:15:00,SHORT,4514.14,4525.66,-11.52
1660,2025-09-15 23:15:00,2025-09-16 00:45:00,LONG,4525.66,4513.45,-12.21
1661,2025-09-16 00:45:00,2025-09-16 01:30:00,SHORT,4513.45,4527.64,-14.19
1662,2025-09-16 01:30:00,2025-09-16 03:00:00,LONG,4527.64,4517.92,-9.72
1663,2025-09-16 03:00:00,2025-09-16 03:45:00,SHORT,4517.92,4520.78,-2.86
1664,2025-09-16 03:45:00,2025-09-16 04:30:00,LONG,4520.78,4514.2,-6.58
1665,2025-09-16 04:30:00,2025-09-16 05:15:00,SHORT,4514.2,4520.2,-6.0
1666,2025-09-16 05:15:00,2025-09-16 06:45:00,LONG,4520.2,4508.81,-11.39
1667,2025-09-16 06:45:00,2025-09-16 07:30:00,SHORT,4508.81,4509.82,-1.01
1668,2025-09-16 07:30:00,2025-09-16 09:45:00,LONG,4509.82,4511.29,1.47
1669,2025-09-16 09:45:00,2025-09-16 10:30:00,SHORT,4511.29,4501.63,9.66
1670,2025-09-16 10:30:00,2025-09-16 11:15:00,LONG,4501.63,4500.98,-0.65
1671,2025-09-16 11:15:00,2025-09-16 12:00:00,SHORT,4500.98,4501.09,-0.11
1672,2025-09-16 12:00:00,2025-09-16 14:15:00,LONG,4501.09,4439.34,-61.75
1673,2025-09-16 14:15:00,2025-09-16 15:00:00,SHORT,4439.34,4434.13,5.21
1674,2025-09-16 15:00:00,2025-09-16 18:00:00,LONG,4434.13,4491.83,57.7
1675,2025-09-16 18:00:00,2025-09-16 20:15:00,SHORT,4491.83,4489.65,2.18
1676,2025-09-16 20:15:00,2025-09-17 00:00:00,LONG,4489.65,4497.83,8.18
1677,2025-09-17 00:00:00,2025-09-17 00:45:00,SHORT,4497.83,4513.44,-15.61
1678,2025-09-17 00:45:00,2025-09-17 03:45:00,LONG,4513.44,4497.79,-15.65
1679,2025-09-17 03:45:00,2025-09-17 05:15:00,SHORT,4497.79,4482.41,15.38
1680,2025-09-17 05:15:00,2025-09-17 08:15:00,LONG,4482.41,4511.22,28.81
1681,2025-09-17 08:15:00,2025-09-17 11:15:00,SHORT,4511.22,4493.94,17.28
1682,2025-09-17 11:15:00,2025-09-17 16:30:00,LONG,4493.94,4485.51,-8.43
1683,2025-09-17 16:30:00,2025-09-17 19:30:00,SHORT,4485.51,4508.62,-23.11
1684,2025-09-17 19:30:00,2025-09-17 21:00:00,LONG,4508.62,4517.86,9.24
1685,2025-09-17 21:00:00,2025-09-17 21:45:00,SHORT,4517.86,4529.18,-11.32
1686,2025-09-17 21:45:00,2025-09-18 00:00:00,LONG,4529.18,4607.15,77.97
1687,2025-09-18 00:00:00,2025-09-18 00:45:00,SHORT,4607.15,4584.79,22.36
1688,2025-09-18 00:45:00,2025-09-18 02:15:00,LONG,4584.79,4606.74,21.95
1689,2025-09-18 02:15:00,2025-09-18 03:00:00,SHORT,4606.74,4638.45,-31.71
1690,2025-09-18 03:00:00,2025-09-18 03:45:00,LONG,4638.45,4614.42,-24.03
1691,2025-09-18 03:45:00,2025-09-18 07:30:00,SHORT,4614.42,4581.09,33.33
1692,2025-09-18 07:30:00,2025-09-18 09:45:00,LONG,4581.09,4597.0,15.91
1693,2025-09-18 09:45:00,2025-09-18 11:15:00,SHORT,4597.0,4582.99,14.01
1694,2025-09-18 11:15:00,2025-09-18 12:00:00,LONG,4582.99,4580.83,-2.16
1695,2025-09-18 12:00:00,2025-09-18 13:30:00,SHORT,4580.83,4574.24,6.59
1696,2025-09-18 13:30:00,2025-09-18 15:00:00,LONG,4574.24,4591.24,17.0
1697,2025-09-18 15:00:00,2025-09-18 15:45:00,SHORT,4591.24,4599.34,-8.1
1698,2025-09-18 15:45:00,2025-09-18 17:15:00,LONG,4599.34,4607.56,8.22
1699,2025-09-18 17:15:00,2025-09-18 20:15:00,SHORT,4607.56,4592.28,15.28
1700,2025-09-18 20:15:00,2025-09-18 21:45:00,LONG,4592.28,4594.73,2.45
1701,2025-09-18 21:45:00,2025-09-18 22:30:00,SHORT,4594.73,4599.6,-4.87
1702,2025-09-18 22:30:00,2025-09-18 23:15:00,LONG,4599.6,4577.71,-21.89
1703,2025-09-18 23:15:00,2025-09-19 00:00:00,SHORT,4577.71,4589.49,-11.78
1704,2025-09-19 00:00:00,2025-09-19 02:15:00,LONG,4589.49,4592.34,2.85
1705,2025-09-19 02:15:00,2025-09-19 05:15:00,SHORT,4592.34,4531.37,60.97
1706,2025-09-19 05:15:00,2025-09-19 06:45:00,LONG,4531.37,4523.8,-7.57
1707,2025-09-19 06:45:00,2025-09-19 07:30:00,SHORT,4523.8,4542.06,-18.26
1708,2025-09-19 07:30:00,2025-09-19 09:00:00,LONG,4542.06,4541.73,-0.33
1709,2025-09-19 09:00:00,2025-09-19 12:45:00,SHORT,4541.73,4518.59,23.14
1710,2025-09-19 12:45:00,2025-09-19 15:00:00,LONG,4518.59,4463.0,-55.59
1711,2025-09-19 15:00:00,2025-09-19 16:30:00,SHORT,4463.0,4483.61,-20.61
1712,2025-09-19 16:30:00,2025-09-19 17:15:00,LONG,4483.61,4472.62,-10.99
1713,2025-09-19 17:15:00,2025-09-19 18:45:00,SHORT,4472.62,4448.83,23.79
1714,2025-09-19 18:45:00,2025-09-19 23:15:00,LONG,4448.83,4449.36,0.53
1715,2025-09-19 23:15:00,2025-09-20 00:00:00,SHORT,4449.36,4470.1,-20.74
1716,2025-09-20 00:00:00,2025-09-20 02:15:00,LONG,4470.1,4462.03,-8.07
1717,2025-09-20 02:15:00,2025-09-20 03:00:00,SHORT,4462.03,4463.42,-1.39
1718,2025-09-20 03:00:00,2025-09-20 04:30:00,LONG,4463.42,4473.0,9.58
1719,2025-09-20 04:30:00,2025-09-20 05:15:00,SHORT,4473.0,4476.16,-3.16
1720,2025-09-20 05:15:00,2025-09-20 06:45:00,LONG,4476.16,4473.07,-3.09
1721,2025-09-20 06:45:00,2025-09-20 10:30:00,SHORT,4473.07,4468.0,5.07
1722,2025-09-20 10:30:00,2025-09-20 12:45:00,LONG,4468.0,4465.8,-2.2
1723,2025-09-20 12:45:00,2025-09-20 13:30:00,SHORT,4465.8,4468.49,-2.69
1724,2025-09-20 13:30:00,2025-09-20 14:15:00,LONG,4468.49,4467.1,-1.39
1725,2025-09-20 14:15:00,2025-09-20 15:00:00,SHORT,4467.1,4496.99,-29.89
1726,2025-09-20 15:00:00,2025-09-20 16:30:00,LONG,4496.99,4504.22,7.23
1727,2025-09-20 16:30:00,2025-09-20 19:30:00,SHORT,4504.22,4479.57,24.65
1728,2025-09-20 19:30:00,2025-09-20 22:30:00,LONG,4479.57,4489.71,10.14
1729,2025-09-20 22:30:00,2025-09-21 00:45:00,SHORT,4489.71,4486.94,2.77
1730,2025-09-21 00:45:00,2025-09-21 03:00:00,LONG,4486.94,4477.36,-9.58
1731,2025-09-21 03:00:00,2025-09-21 06:00:00,SHORT,4477.36,4483.23,-5.87
1732,2025-09-21 06:00:00,2025-09-21 07:30:00,LONG,4483.23,4480.73,-2.5
1733,2025-09-21 07:30:00,2025-09-21 10:30:00,SHORT,4480.73,4465.03,15.7
1734,2025-09-21 10:30:00,2025-09-21 12:00:00,LONG,4465.03,4465.18,0.15
1735,2025-09-21 12:00:00,2025-09-21 13:30:00,SHORT,4465.18,4470.39,-5.21
1736,2025-09-21 13:30:00,2025-09-21 15:00:00,LONG,4470.39,4483.11,12.72
1737,2025-09-21 15:00:00,2025-09-21 15:45:00,SHORT,4483.11,4482.8,0.31
1738,2025-09-21 15:45:00,2025-09-21 17:15:00,LONG,4482.8,4472.59,-10.21
1739,2025-09-21 17:15:00,2025-09-21 18:00:00,SHORT,4472.59,4487.42,-14.83
1740,2025-09-21 18:00:00,2025-09-21 20:15:00,LONG,4487.42,4490.59,3.17
1741,2025-09-21 20:15:00,2025-09-21 21:45:00,SHORT,4490.59,4471.52,19.07
1742,2025-09-21 21:45:00,2025-09-21 22:30:00,LONG,4471.52,4466.71,-4.81
1743,2025-09-21 22:30:00,2025-09-22 04:30:00,SHORT,4466.71,4297.54,169.17
1744,2025-09-22 04:30:00,2025-09-22 05:15:00,LONG,4297.54,4296.3,-1.24
1745,2025-09-22 05:15:00,2025-09-22 07:30:00,SHORT,4296.3,4203.08,93.22
1746,2025-09-22 07:30:00,2025-09-22 09:00:00,LONG,4203.08,4184.49,-18.59
1747,2025-09-22 09:00:00,2025-09-22 10:30:00,SHORT,4184.49,4158.91,25.58
1748,2025-09-22 10:30:00,2025-09-22 12:45:00,LONG,4158.91,4192.43,33.52
1749,2025-09-22 12:45:00,2025-09-22 13:30:00,SHORT,4192.43,4181.76,10.67
1750,2025-09-22 13:30:00,2025-09-22 14:15:00,LONG,4181.76,4216.75,34.99
1751,2025-09-22 14:15:00,2025-09-22 16:30:00,SHORT,4216.75,4167.18,49.57
1752,2025-09-22 16:30:00,2025-09-22 17:15:00,LONG,4167.18,4168.14,0.96
1753,2025-09-22 17:15:00,2025-09-22 20:15:00,SHORT,4168.14,4158.9,9.24
1754,2025-09-22 20:15:00,2025-09-22 22:30:00,LONG,4158.9,4190.88,31.98
1755,2025-09-22 22:30:00,2025-09-22 23:15:00,SHORT,4190.88,4203.7,-12.82
1756,2025-09-22 23:15:00,2025-09-23 00:00:00,LONG,4203.7,4204.84,1.14
1757,2025-09-23 00:00:00,2025-09-23 01:30:00,SHORT,4204.84,4174.0,30.84
1758,2025-09-23 01:30:00,2025-09-23 03:00:00,LONG,4174.0,4137.57,-36.43
1759,2025-09-23 03:00:00,2025-09-23 03:45:00,SHORT,4137.57,4188.01,-50.44
1760,2025-09-23 03:45:00,2025-09-23 04:30:00,LONG,4188.01,4173.91,-14.1
1761,2025-09-23 04:30:00,2025-09-23 05:15:00,SHORT,4173.91,4185.51,-11.6
1762,2025-09-23 05:15:00,2025-09-23 06:00:00,LONG,4185.51,4195.06,9.55
1763,2025-09-23 06:00:00,2025-09-23 06:45:00,SHORT,4195.06,4205.56,-10.5
1764,2025-09-23 06:45:00,2025-09-23 07:30:00,LONG,4205.56,4207.72,2.16
1765,2025-09-23 07:30:00,2025-09-23 08:15:00,SHORT,4207.72,4210.48,-2.76
1766,2025-09-23 08:15:00,2025-09-23 09:00:00,LONG,4210.48,4222.56,12.08
1767,2025-09-23 09:00:00,2025-09-23 12:00:00,SHORT,4222.56,4195.7,26.86
1768,2025-09-23 12:00:00,2025-09-23 15:00:00,LONG,4195.7,4182.35,-13.35
1769,2025-09-23 15:00:00,2025-09-23 16:30:00,SHORT,4182.35,4172.49,9.86
1770,2025-09-23 16:30:00,2025-09-23 17:15:00,LONG,4172.49,4169.44,-3.05
1771,2025-09-23 17:15:00,2025-09-23 19:30:00,SHORT,4169.44,4157.47,11.97
1772,2025-09-23 19:30:00,2025-09-23 22:30:00,LONG,4157.47,4184.31,26.84
1773,2025-09-23 22:30:00,2025-09-24 00:45:00,SHORT,4184.31,4174.45,9.86
1774,2025-09-24 00:45:00,2025-09-24 02:15:00,LONG,4174.45,4174.11,-0.34
1775,2025-09-24 02:15:00,2025-09-24 04:30:00,SHORT,4174.11,4154.13,19.98
1776,2025-09-24 04:30:00,2025-09-24 07:30:00,LONG,4154.13,4176.61,22.48
1777,2025-09-24 07:30:00,2025-09-24 08:15:00,SHORT,4176.61,4169.84,6.77
1778,2025-09-24 08:15:00,2025-09-24 09:00:00,LONG,4169.84,4171.78,1.94
1779,2025-09-24 09:00:00,2025-09-24 09:45:00,SHORT,4171.78,4183.0,-11.22
1780,2025-09-24 09:45:00,2025-09-24 10:30:00,LONG,4183.0,4171.22,-11.78
1781,2025-09-24 10:30:00,2025-09-24 11:15:00,SHORT,4171.22,4187.6,-16.38
1782,2025-09-24 11:15:00,2025-09-24 12:00:00,LONG,4187.6,4179.89,-7.71
1783,2025-09-24 12:00:00,2025-09-24 12:45:00,SHORT,4179.89,4180.18,-0.29
1784,2025-09-24 12:45:00,2025-09-24 13:30:00,LONG,4180.18,4173.59,-6.59
1785,2025-09-24 13:30:00,2025-09-24 14:15:00,SHORT,4173.59,4172.73,0.86
1786,2025-09-24 14:15:00,2025-09-24 16:30:00,LONG,4172.73,4174.63,1.9
1787,2025-09-24 16:30:00,2025-09-24 17:15:00,SHORT,4174.63,4179.87,-5.24
1788,2025-09-24 17:15:00,2025-09-24 18:45:00,LONG,4179.87,4173.09,-6.78
1789,2025-09-24 18:45:00,2025-09-24 21:00:00,SHORT,4173.09,4171.87,1.22
1790,2025-09-24 21:00:00,2025-09-24 21:45:00,LONG,4171.87,4145.54,-26.33
1791,2025-09-24 21:45:00,2025-09-24 23:15:00,SHORT,4145.54,4156.0,-10.46
1792,2025-09-24 23:15:00,2025-09-25 00:00:00,LONG,4156.0,4159.4,3.4
1793,2025-09-25 00:00:00,2025-09-25 03:00:00,SHORT,4159.4,4088.99,70.41
1794,2025-09-25 03:00:00,2025-09-25 03:45:00,LONG,4088.99,4062.78,-26.21
1795,2025-09-25 03:45:00,2025-09-25 06:00:00,SHORT,4062.78,4006.1,56.68
1796,2025-09-25 06:00:00,2025-09-25 06:45:00,LONG,4006.1,3997.75,-8.35
1797,2025-09-25 06:45:00,2025-09-25 07:30:00,SHORT,3997.75,4017.96,-20.21
1798,2025-09-25 07:30:00,2025-09-25 09:00:00,LONG,4017.96,4033.2,15.24
1799,2025-09-25 09:00:00,2025-09-25 09:45:00,SHORT,4033.2,4025.17,8.03
1800,2025-09-25 09:45:00,2025-09-25 10:30:00,LONG,4025.17,4021.56,-3.61
1801,2025-09-25 10:30:00,2025-09-25 12:45:00,SHORT,4021.56,3978.51,43.05
1802,2025-09-25 12:45:00,2025-09-25 15:45:00,LONG,3978.51,4003.26,24.75
1803,2025-09-25 15:45:00,2025-09-25 18:45:00,SHORT,4003.26,3924.96,78.3
1804,2025-09-25 18:45:00,2025-09-25 20:15:00,LONG,3924.96,3906.22,-18.74
1805,2025-09-25 20:15:00,2025-09-26 01:30:00,SHORT,3906.22,3943.27,-37.05
1806,2025-09-26 01:30:00,2025-09-26 03:45:00,LONG,3943.27,3965.32,22.05
1807,2025-09-26 03:45:00,2025-09-26 05:15:00,SHORT,3965.32,3957.37,7.95
1808,2025-09-26 05:15:00,2025-09-26 06:00:00,LONG,3957.37,3930.8,-26.57
1809,2025-09-26 06:00:00,2025-09-26 06:45:00,SHORT,3930.8,3921.14,9.66
1810,2025-09-26 06:45:00,2025-09-26 07:30:00,LONG,3921.14,3908.91,-12.23
1811,2025-09-26 07:30:00,2025-09-26 08:15:00,SHORT,3908.91,3936.37,-27.46
1812,2025-09-26 08:15:00,2025-09-26 09:00:00,LONG,3936.37,3936.23,-0.14
1813,2025-09-26 09:00:00,2025-09-26 12:00:00,SHORT,3936.23,3880.46,55.77
1814,2025-09-26 12:00:00,2025-09-26 13:30:00,LONG,3880.46,3939.48,59.02
1815,2025-09-26 13:30:00,2025-09-26 15:45:00,SHORT,3939.48,3946.0,-6.52
1816,2025-09-26 15:45:00,2025-09-26 18:45:00,LONG,3946.0,4044.11,98.11
1817,2025-09-26 18:45:00,2025-09-26 20:15:00,SHORT,4044.11,4018.28,25.83
1818,2025-09-26 20:15:00,2025-09-26 21:00:00,LONG,4018.28,4016.74,-1.54
1819,2025-09-26 21:00:00,2025-09-26 22:30:00,SHORT,4016.74,4030.7,-13.96
1820,2025-09-26 22:30:00,2025-09-26 23:15:00,LONG,4030.7,4023.68,-7.02
1821,2025-09-26 23:15:00,2025-09-27 00:00:00,SHORT,4023.68,4022.95,0.73
1822,2025-09-27 00:00:00,2025-09-27 00:45:00,LONG,4022.95,4027.19,4.24
1823,2025-09-27 00:45:00,2025-09-27 02:15:00,SHORT,4027.19,4012.56,14.63
1824,2025-09-27 02:15:00,2025-09-27 03:00:00,LONG,4012.56,4012.03,-0.53
1825,2025-09-27 03:00:00,2025-09-27 03:45:00,SHORT,4012.03,4019.41,-7.38
1826,2025-09-27 03:45:00,2025-09-27 05:15:00,LONG,4019.41,4013.98,-5.43
1827,2025-09-27 05:15:00,2025-09-27 06:00:00,SHORT,4013.98,4015.0,-1.02
1828,2025-09-27 06:00:00,2025-09-27 07:30:00,LONG,4015.0,4009.05,-5.95
1829,2025-09-27 07:30:00,2025-09-27 09:45:00,SHORT,4009.05,3995.24,13.81
1830,2025-09-27 09:45:00,2025-09-27 12:00:00,LONG,3995.24,3996.76,1.52
1831,2025-09-27 12:00:00,2025-09-27 12:45:00,SHORT,3996.76,4028.92,-32.16
1832,2025-09-27 12:45:00,2025-09-27 15:00:00,LONG,4028.92,4002.85,-26.07
1833,2025-09-27 15:00:00,2025-09-27 15:45:00,SHORT,4002.85,4018.92,-16.07
1834,2025-09-27 15:45:00,2025-09-27 16:30:00,LONG,4018.92,4009.65,-9.27
1835,2025-09-27 16:30:00,2025-09-27 18:00:00,SHORT,4009.65,3996.05,13.6
1836,2025-09-27 18:00:00,2025-09-27 18:45:00,LONG,3996.05,3996.08,0.03
1837,2025-09-27 18:45:00,2025-09-27 19:30:00,SHORT,3996.08,3998.08,-2.0
1838,2025-09-27 19:30:00,2025-09-28 00:00:00,LONG,3998.08,4012.47,14.39
1839,2025-09-28 00:00:00,2025-09-28 00:45:00,SHORT,4012.47,4016.43,-3.96
1840,2025-09-28 00:45:00,2025-09-28 01:30:00,LONG,4016.43,3997.45,-18.98
1841,2025-09-28 01:30:00,2025-09-28 03:00:00,SHORT,3997.45,4005.23,-7.78
1842,2025-09-28 03:00:00,2025-09-28 03:45:00,LONG,4005.23,4002.74,-2.49
1843,2025-09-28 03:45:00,2025-09-28 05:15:00,SHORT,4002.74,4011.3,-8.56
1844,2025-09-28 05:15:00,2025-09-28 06:45:00,LONG,4011.3,4006.09,-5.21
1845,2025-09-28 06:45:00,2025-09-28 07:30:00,SHORT,4006.09,4012.8,-6.71
1846,2025-09-28 07:30:00,2025-09-28 09:00:00,LONG,4012.8,3993.23,-19.57
1847,2025-09-28 09:00:00,2025-09-28 09:45:00,SHORT,3993.23,3995.91,-2.68
1848,2025-09-28 09:45:00,2025-09-28 10:30:00,LONG,3995.91,3998.02,2.11
1849,2025-09-28 10:30:00,2025-09-28 12:00:00,SHORT,3998.02,3988.72,9.3
1850,2025-09-28 12:00:00,2025-09-28 12:45:00,LONG,3988.72,3978.11,-10.61
1851,2025-09-28 12:45:00,2025-09-28 13:30:00,SHORT,3978.11,4000.8,-22.69
1852,2025-09-28 13:30:00,2025-09-28 15:45:00,LONG,4000.8,4021.69,20.89
1853,2025-09-28 15:45:00,2025-09-28 16:30:00,SHORT,4021.69,4028.0,-6.31
1854,2025-09-28 16:30:00,2025-09-28 18:00:00,LONG,4028.0,4038.2,10.2
1855,2025-09-28 18:00:00,2025-09-28 18:45:00,SHORT,4038.2,4042.24,-4.04
1856,2025-09-28 18:45:00,2025-09-28 19:30:00,LONG,4042.24,4037.43,-4.81
1857,2025-09-28 19:30:00,2025-09-28 21:00:00,SHORT,4037.43,4053.49,-16.06
1858,2025-09-28 21:00:00,2025-09-28 21:45:00,LONG,4053.49,4049.95,-3.54
1859,2025-09-28 21:45:00,2025-09-28 22:30:00,SHORT,4049.95,4123.61,-73.66
1860,2025-09-28 22:30:00,2025-09-29 00:45:00,LONG,4123.61,4127.33,3.72
1861,2025-09-29 00:45:00,2025-09-29 06:00:00,SHORT,4127.33,4099.49,27.84
1862,2025-09-29 06:00:00,2025-09-29 07:30:00,LONG,4099.49,4106.6,7.11
1863,2025-09-29 07:30:00,2025-09-29 08:15:00,SHORT,4106.6,4121.3,-14.7
1864,2025-09-29 08:15:00,2025-09-29 09:45:00,LONG,4121.3,4134.97,13.67
1865,2025-09-29 09:45:00,2025-09-29 13:30:00,SHORT,4134.97,4147.76,-12.79
1866,2025-09-29 13:30:00,2025-09-29 15:45:00,LONG,4147.76,4164.8,17.04
1867,2025-09-29 15:45:00,2025-09-29 18:00:00,SHORT,4164.8,4149.29,15.51
1868,2025-09-29 18:00:00,2025-09-29 22:30:00,LONG,4149.29,4216.56,67.27
1869,2025-09-29 22:30:00,2025-09-30 00:45:00,SHORT,4216.56,4206.03,10.53
1870,2025-09-30 00:45:00,2025-09-30 02:15:00,LONG,4206.03,4197.43,-8.6
1871,2025-09-30 02:15:00,2025-09-30 03:45:00,SHORT,4197.43,4198.68,-1.25
1872,2025-09-30 03:45:00,2025-09-30 04:30:00,LONG,4198.68,4195.72,-2.96
1873,2025-09-30 04:30:00,2025-09-30 06:00:00,SHORT,4195.72,4190.78,4.94
1874,2025-09-30 06:00:00,2025-09-30 07:30:00,LONG,4190.78,4177.52,-13.26
1875,2025-09-30 07:30:00,2025-09-30 11:15:00,SHORT,4177.52,4161.3,16.22
1876,2025-09-30 11:15:00,2025-09-30 14:15:00,LONG,4161.3,4126.24,-35.06
1877,2025-09-30 14:15:00,2025-09-30 15:00:00,SHORT,4126.24,4118.24,8.0
1878,2025-09-30 15:00:00,2025-09-30 15:45:00,LONG,4118.24,4119.87,1.63
1879,2025-09-30 15:45:00,2025-09-30 16:30:00,SHORT,4119.87,4109.24,10.63
1880,2025-09-30 16:30:00,2025-09-30 21:45:00,LONG,4109.24,4152.74,43.5
1881,2025-09-30 21:45:00,2025-10-01 00:00:00,SHORT,4152.74,4145.84,6.9
1882,2025-10-01 00:00:00,2025-10-01 00:45:00,LONG,4145.84,4148.45,2.61
1883,2025-10-01 00:45:00,2025-10-01 01:30:00,SHORT,4148.45,4164.55,-16.1
1884,2025-10-01 01:30:00,2025-10-01 03:00:00,LONG,4164.55,4150.55,-14.0
1885,2025-10-01 03:00:00,2025-10-01 04:30:00,SHORT,4150.55,4147.04,3.51
1886,2025-10-01 04:30:00,2025-10-01 06:00:00,LONG,4147.04,4141.24,-5.8
1887,2025-10-01 06:00:00,2025-10-01 07:30:00,SHORT,4141.24,4142.74,-1.5
1888,2025-10-01 07:30:00,2025-10-01 10:30:00,LONG,4142.74,4288.76,146.02
1889,2025-10-01 10:30:00,2025-10-01 11:15:00,SHORT,4288.76,4298.98,-10.22
1890,2025-10-01 11:15:00,2025-10-01 12:45:00,LONG,4298.98,4284.39,-14.59
1891,2025-10-01 12:45:00,2025-10-01 13:30:00,SHORT,4284.39,4293.6,-9.21
1892,2025-10-01 13:30:00,2025-10-01 16:30:00,LONG,4293.6,4334.46,40.86
1893,2025-10-01 16:30:00,2025-10-01 18:45:00,SHORT,4334.46,4308.35,26.11
1894,2025-10-01 18:45:00,2025-10-01 20:15:00,LONG,4308.35,4327.36,19.01
1895,2025-10-01 20:15:00,2025-10-01 21:00:00,SHORT,4327.36,4324.28,3.08
1896,2025-10-01 21:00:00,2025-10-01 21:45:00,LONG,4324.28,4304.79,-19.49
1897,2025-10-01 21:45:00,2025-10-01 22:30:00,SHORT,4304.79,4311.77,-6.98
1898,2025-10-01 22:30:00,2025-10-02 00:45:00,LONG,4311.77,4335.15,23.38
1899,2025-10-02 00:45:00,2025-10-02 01:30:00,SHORT,4335.15,4367.44,-32.29
1900,2025-10-02 01:30:00,2025-10-02 03:45:00,LONG,4367.44,4376.3,8.86
1901,2025-10-02 03:45:00,2025-10-02 05:15:00,SHORT,4376.3,4391.19,-14.89
1902,2025-10-02 05:15:00,2025-10-02 07:30:00,LONG,4391.19,4384.48,-6.71
1903,2025-10-02 07:30:00,2025-10-02 09:00:00,SHORT,4384.48,4385.15,-0.67
1904,2025-10-02 09:00:00,2025-10-02 10:30:00,LONG,4385.15,4384.3,-0.85
1905,2025-10-02 10:30:00,2025-10-02 12:45:00,SHORT,4384.3,4406.02,-21.72
1906,2025-10-02 12:45:00,2025-10-02 13:30:00,LONG,4406.02,4398.32,-7.7
1907,2025-10-02 13:30:00,2025-10-02 15:45:00,SHORT,4398.32,4437.09,-38.77
1908,2025-10-02 15:45:00,2025-10-02 20:15:00,LONG,4437.09,4482.14,45.05
1909,2025-10-02 20:15:00,2025-10-02 21:00:00,SHORT,4482.14,4488.45,-6.31
1910,2025-10-02 21:00:00,2025-10-02 21:45:00,LONG,4488.45,4468.71,-19.74
1911,2025-10-02 21:45:00,2025-10-02 23:15:00,SHORT,4468.71,4466.96,1.75
1912,2025-10-02 23:15:00,2025-10-03 00:45:00,LONG,4466.96,4468.41,1.45
1913,2025-10-03 00:45:00,2025-10-03 02:15:00,SHORT,4468.41,4483.83,-15.42
1914,2025-10-03 02:15:00,2025-10-03 03:45:00,LONG,4483.83,4500.59,16.76
1915,2025-10-03 03:45:00,2025-10-03 09:00:00,SHORT,4500.59,4460.47,40.12
1916,2025-10-03 09:00:00,2025-10-03 11:15:00,LONG,4460.47,4479.78,19.31
1917,2025-10-03 11:15:00,2025-10-03 12:45:00,SHORT,4479.78,4482.41,-2.63
1918,2025-10-03 12:45:00,2025-10-03 14:15:00,LONG,4482.41,4466.28,-16.13
1919,2025-10-03 14:15:00,2025-10-03 15:00:00,SHORT,4466.28,4467.65,-1.37
1920,2025-10-03 15:00:00,2025-10-03 17:15:00,LONG,4467.65,4498.99,31.34
1921,2025-10-03 17:15:00,2025-10-03 18:45:00,SHORT,4498.99,4512.57,-13.58
1922,2025-10-03 18:45:00,2025-10-03 20:15:00,LONG,4512.57,4517.96,5.39
1923,2025-10-03 20:15:00,2025-10-03 21:00:00,SHORT,4517.96,4532.77,-14.81
1924,2025-10-03 21:00:00,2025-10-03 21:45:00,LONG,4532.77,4523.1,-9.67
1925,2025-10-03 21:45:00,2025-10-04 03:00:00,SHORT,4523.1,4474.38,48.72
1926,2025-10-04 03:00:00,2025-10-04 04:30:00,LONG,4474.38,4494.71,20.33
1927,2025-10-04 04:30:00,2025-10-04 05:15:00,SHORT,4494.71,4500.94,-6.23
1928,2025-10-04 05:15:00,2025-10-04 07:30:00,LONG,4500.94,4504.05,3.11
1929,2025-10-04 07:30:00,2025-10-04 09:45:00,SHORT,4504.05,4489.69,14.36
1930,2025-10-04 09:45:00,2025-10-04 11:15:00,LONG,4489.69,4491.23,1.54
1931,2025-10-04 11:15:00,2025-10-04 12:45:00,SHORT,4491.23,4479.74,11.49
1932,2025-10-04 12:45:00,2025-10-04 15:00:00,LONG,4479.74,4464.51,-15.23
1933,2025-10-04 15:00:00,2025-10-04 17:15:00,SHORT,4464.51,4472.49,-7.98
1934,2025-10-04 17:15:00,2025-10-04 18:45:00,LONG,4472.49,4454.93,-17.56
1935,2025-10-04 18:45:00,2025-10-04 19:30:00,SHORT,4454.93,4464.33,-9.4
1936,2025-10-04 19:30:00,2025-10-04 21:00:00,LONG,4464.33,4488.77,24.44
1937,2025-10-04 21:00:00,2025-10-04 21:45:00,SHORT,4488.77,4484.5,4.27
1938,2025-10-04 21:45:00,2025-10-04 22:30:00,LONG,4484.5,4491.29,6.79
1939,2025-10-04 22:30:00,2025-10-05 03:00:00,SHORT,4491.29,4553.78,-62.49
1940,2025-10-05 03:00:00,2025-10-05 04:30:00,LONG,4553.78,4547.71,-6.07
1941,2025-10-05 04:30:00,2025-10-05 05:15:00,SHORT,4547.71,4577.15,-29.44
1942,2025-10-05 05:15:00,2025-10-05 06:00:00,LONG,4577.15,4571.33,-5.82
1943,2025-10-05 06:00:00,2025-10-05 07:30:00,SHORT,4571.33,4578.21,-6.88
1944,2025-10-05 07:30:00,2025-10-05 09:00:00,LONG,4578.21,4585.95,7.74
1945,2025-10-05 09:00:00,2025-10-05 12:00:00,SHORT,4585.95,4543.52,42.43
1946,2025-10-05 12:00:00,2025-10-05 12:45:00,LONG,4543.52,4531.65,-11.87
1947,2025-10-05 12:45:00,2025-10-05 13:30:00,SHORT,4531.65,4537.21,-5.56
1948,2025-10-05 13:30:00,2025-10-05 15:00:00,LONG,4537.21,4537.08,-0.13
1949,2025-10-05 15:00:00,2025-10-05 16:30:00,SHORT,4537.08,4526.9,10.18
1950,2025-10-05 16:30:00,2025-10-05 17:15:00,LONG,4526.9,4522.32,-4.58
1951,2025-10-05 17:15:00,2025-10-05 18:45:00,SHORT,4522.32,4518.56,3.76
1952,2025-10-05 18:45:00,2025-10-05 19:30:00,LONG,4518.56,4500.73,-17.83
1953,2025-10-05 19:30:00,2025-10-05 20:15:00,SHORT,4500.73,4498.95,1.78
1954,2025-10-05 20:15:00,2025-10-05 21:00:00,LONG,4498.95,4496.0,-2.95
1955,2025-10-05 21:00:00,2025-10-05 21:45:00,SHORT,4496.0,4505.42,-9.42
1956,2025-10-05 21:45:00,2025-10-06 00:00:00,LONG,4505.42,4519.95,14.53
1957,2025-10-06 00:00:00,2025-10-06 01:30:00,SHORT,4519.95,4522.2,-2.25
1958,2025-10-06 01:30:00,2025-10-06 03:45:00,LONG,4522.2,4537.08,14.88
1959,2025-10-06 03:45:00,2025-10-06 04:30:00,SHORT,4537.08,4528.54,8.54
1960,2025-10-06 04:30:00,2025-10-06 05:15:00,LONG,4528.54,4522.44,-6.1
1961,2025-10-06 05:15:00,2025-10-06 06:00:00,SHORT,4522.44,4548.07,-25.63
1962,2025-10-06 06:00:00,2025-10-06 08:15:00,LONG,4548.07,4548.87,0.8
1963,2025-10-06 08:15:00,2025-10-06 09:00:00,SHORT,4548.87,4569.01,-20.14
1964,2025-10-06 09:00:00,2025-10-06 10:30:00,LONG,4569.01,4562.85,-6.16
1965,2025-10-06 10:30:00,2025-10-06 13:30:00,SHORT,4562.85,4605.77,-42.92
1966,2025-10-06 13:30:00,2025-10-06 15:00:00,LONG,4605.77,4655.42,49.65
1967,2025-10-06 15:00:00,2025-10-06 15:45:00,SHORT,4655.42,4673.39,-17.97
1968,2025-10-06 15:45:00,2025-10-06 16:30:00,LONG,4673.39,4681.78,8.39
1969,2025-10-06 16:30:00,2025-10-06 17:15:00,SHORT,4681.78,4709.14,-27.36
1970,2025-10-06 17:15:00,2025-10-06 18:00:00,LONG,4709.14,4695.96,-13.18
1971,2025-10-06 18:00:00,2025-10-06 19:30:00,SHORT,4695.96,4702.2,-6.24
1972,2025-10-06 19:30:00,2025-10-06 21:00:00,LONG,4702.2,4693.36,-8.84
1973,2025-10-06 21:00:00,2025-10-06 22:30:00,SHORT,4693.36,4684.73,8.63
1974,2025-10-06 22:30:00,2025-10-06 23:15:00,LONG,4684.73,4704.04,19.31
1975,2025-10-06 23:15:00,2025-10-07 03:00:00,SHORT,4704.04,4694.05,9.99
1976,2025-10-07 03:00:00,2025-10-07 06:00:00,LONG,4694.05,4702.58,8.53
1977,2025-10-07 06:00:00,2025-10-07 07:30:00,SHORT,4702.58,4674.22,28.36
1978,2025-10-07 07:30:00,2025-10-07 08:15:00,LONG,4674.22,4650.99,-23.23
1979,2025-10-07 08:15:00,2025-10-07 09:00:00,SHORT,4650.99,4678.92,-27.93
1980,2025-10-07 09:00:00,2025-10-07 11:15:00,LONG,4678.92,4696.27,17.35
1981,2025-10-07 11:15:00,2025-10-07 12:00:00,SHORT,4696.27,4704.91,-8.64
1982,2025-10-07 12:00:00,2025-10-07 14:15:00,LONG,4704.91,4630.32,-74.59
1983,2025-10-07 14:15:00,2025-10-07 20:15:00,SHORT,4630.32,4512.45,117.87
1984,2025-10-07 20:15:00,2025-10-07 21:45:00,LONG,4512.45,4493.46,-18.99
1985,2025-10-07 21:45:00,2025-10-08 00:45:00,SHORT,4493.46,4471.6,21.86
1986,2025-10-08 00:45:00,2025-10-08 03:00:00,LONG,4471.6,4463.72,-7.88
1987,2025-10-08 03:00:00,2025-10-08 04:30:00,SHORT,4463.72,4459.84,3.88
1988,2025-10-08 04:30:00,2025-10-08 05:15:00,LONG,4459.84,4433.67,-26.17
1989,2025-10-08 05:15:00,2025-10-08 06:45:00,SHORT,4433.67,4455.6,-21.93
1990,2025-10-08 06:45:00,2025-10-08 09:00:00,LONG,4455.6,4479.74,24.14
1991,2025-10-08 09:00:00,2025-10-08 09:45:00,SHORT,4479.74,4484.39,-4.65
1992,2025-10-08 09:45:00,2025-10-08 12:00:00,LONG,4484.39,4490.93,6.54
1993,2025-10-08 12:00:00,2025-10-08 14:15:00,SHORT,4490.93,4486.16,4.77
1994,2025-10-08 14:15:00,2025-10-08 15:00:00,LONG,4486.16,4458.32,-27.84
1995,2025-10-08 15:00:00,2025-10-08 16:30:00,SHORT,4458.32,4467.57,-9.25
1996,2025-10-08 16:30:00,2025-10-08 18:45:00,LONG,4467.57,4523.48,55.91
1997,2025-10-08 18:45:00,2025-10-08 21:45:00,SHORT,4523.48,4525.59,-2.11
1998,2025-10-08 21:45:00,2025-10-08 23:15:00,LONG,4525.59,4531.88,6.29
1999,2025-10-08 23:15:00,2025-10-09 03:45:00,SHORT,4531.88,4450.8,81.08
2000,2025-10-09 03:45:00,2025-10-09 05:15:00,LONG,4450.8,4447.0,-3.8
2001,2025-10-09 05:15:00,2025-10-09 06:00:00,SHORT,4447.0,4438.2,8.8
2002,2025-10-09 06:00:00,2025-10-09 06:45:00,LONG,4438.2,4429.55,-8.65
2003,2025-10-09 06:45:00,2025-10-09 11:15:00,SHORT,4429.55,4374.63,54.92
2004,2025-10-09 11:15:00,2025-10-09 14:15:00,LONG,4374.63,4341.51,-33.12
2005,2025-10-09 14:15:00,2025-10-09 15:00:00,SHORT,4341.51,4348.39,-6.88
2006,2025-10-09 15:00:00,2025-10-09 15:45:00,LONG,4348.39,4314.79,-33.6
2007,2025-10-09 15:45:00,2025-10-09 17:15:00,SHORT,4314.79,4301.68,13.11
2008,2025-10-09 17:15:00,2025-10-09 18:45:00,LONG,4301.68,4308.24,6.56
2009,2025-10-09 18:45:00,2025-10-09 19:30:00,SHORT,4308.24,4329.31,-21.07
2010,2025-10-09 19:30:00,2025-10-09 20:15:00,LONG,4329.31,4329.14,-0.17
2011,2025-10-09 20:15:00,2025-10-09 21:00:00,SHORT,4329.14,4355.52,-26.38
2012,2025-10-09 21:00:00,2025-10-09 23:15:00,LONG,4355.52,4366.32,10.8
2013,2025-10-09 23:15:00,2025-10-10 00:45:00,SHORT,4366.32,4380.7,-14.38
2014,2025-10-10 00:45:00,2025-10-10 02:15:00,LONG,4380.7,4376.5,-4.2
2015,2025-10-10 02:15:00,2025-10-10 03:45:00,SHORT,4376.5,4347.13,29.37
2016,2025-10-10 03:45:00,2025-10-10 04:30:00,LONG,4347.13,4342.13,-5.0
2017,2025-10-10 04:30:00,2025-10-10 06:00:00,SHORT,4342.13,4367.8,-25.67
2018,2025-10-10 06:00:00,2025-10-10 06:45:00,LONG,4367.8,4328.0,-39.8
2019,2025-10-10 06:45:00,2025-10-10 09:00:00,SHORT,4328.0,4339.39,-11.39
2020,2025-10-10 09:00:00,2025-10-10 09:45:00,LONG,4339.39,4322.12,-17.27
2021,2025-10-10 09:45:00,2025-10-10 11:15:00,SHORT,4322.12,4334.99,-12.87
2022,2025-10-10 11:15:00,2025-10-10 12:45:00,LONG,4334.99,4348.54,13.55
2023,2025-10-10 12:45:00,2025-10-10 13:30:00,SHORT,4348.54,4376.24,-27.7
2024,2025-10-10 13:30:00,2025-10-10 14:15:00,LONG,4376.24,4326.52,-49.72
2025,2025-10-10 14:15:00,2025-10-10 18:00:00,SHORT,4326.52,4084.71,241.81
2026,2025-10-10 18:00:00,2025-10-10 18:45:00,LONG,4084.71,4053.84,-30.87
2027,2025-10-10 18:45:00,2025-10-10 20:15:00,SHORT,4053.84,4024.4,29.44
2028,2025-10-10 20:15:00,2025-10-10 21:00:00,LONG,4024.4,3731.82,-292.58
2029,2025-10-10 21:00:00,2025-10-10 21:45:00,SHORT,3731.82,3949.99,-218.17
2030,2025-10-10 21:45:00,2025-10-10 23:15:00,LONG,3949.99,3865.51,-84.48
2031,2025-10-10 23:15:00,2025-10-11 02:15:00,SHORT,3865.51,3806.93,58.58
2032,2025-10-11 02:15:00,2025-10-11 03:45:00,LONG,3806.93,3792.26,-14.67
2033,2025-10-11 03:45:00,2025-10-11 04:30:00,SHORT,3792.26,3796.17,-3.91
2034,2025-10-11 04:30:00,2025-10-11 06:45:00,LONG,3796.17,3781.78,-14.39
2035,2025-10-11 06:45:00,2025-10-11 08:15:00,SHORT,3781.78,3800.85,-19.07
2036,2025-10-11 08:15:00,2025-10-11 11:15:00,LONG,3800.85,3823.66,22.81
2037,2025-10-11 11:15:00,2025-10-11 12:00:00,SHORT,3823.66,3829.54,-5.88
2038,2025-10-11 12:00:00,2025-10-11 12:45:00,LONG,3829.54,3823.52,-6.02
2039,2025-10-11 12:45:00,2025-10-11 15:00:00,SHORT,3823.52,3842.94,-19.42
2040,2025-10-11 15:00:00,2025-10-11 15:45:00,LONG,3842.94,3825.13,-17.81
2041,2025-10-11 15:45:00,2025-10-11 17:15:00,SHORT,3825.13,3835.21,-10.08
2042,2025-10-11 17:15:00,2025-10-11 18:00:00,LONG,3835.21,3817.03,-18.18
2043,2025-10-11 18:00:00,2025-10-11 18:45:00,SHORT,3817.03,3815.48,1.55
2044,2025-10-11 18:45:00,2025-10-11 19:30:00,LONG,3815.48,3753.08,-62.4
2045,2025-10-11 19:30:00,2025-10-11 21:45:00,SHORT,3753.08,3735.75,17.33
2046,2025-10-11 21:45:00,2025-10-11 23:15:00,LONG,3735.75,3747.24,11.49
2047,2025-10-11 23:15:00,2025-10-12 03:00:00,SHORT,3747.24,3759.11,-11.87
2048,2025-10-12 03:00:00,2025-10-12 06:00:00,LONG,3759.11,3820.42,61.31
2049,2025-10-12 06:00:00,2025-10-12 06:45:00,SHORT,3820.42,3832.84,-12.42
2050,2025-10-12 06:45:00,2025-10-12 07:30:00,LONG,3832.84,3824.03,-8.81
2051,2025-10-12 07:30:00,2025-10-12 08:15:00,SHORT,3824.03,3840.66,-16.63
2052,2025-10-12 08:15:00,2025-10-12 09:00:00,LONG,3840.66,3813.06,-27.6
2053,2025-10-12 09:00:00,2025-10-12 09:45:00,SHORT,3813.06,3843.8,-30.74
2054,2025-10-12 09:45:00,2025-10-12 10:30:00,LONG,3843.8,3824.57,-19.23
2055,2025-10-12 10:30:00,2025-10-12 11:15:00,SHORT,3824.57,3821.02,3.55
2056,2025-10-12 11:15:00,2025-10-12 12:00:00,LONG,3821.02,3838.6,17.58
2057,2025-10-12 12:00:00,2025-10-12 14:15:00,SHORT,3838.6,3832.16,6.44
2058,2025-10-12 14:15:00,2025-10-12 18:00:00,LONG,3832.16,4135.38,303.22
2059,2025-10-12 18:00:00,2025-10-12 19:30:00,SHORT,4135.38,4122.89,12.49
2060,2025-10-12 19:30:00,2025-10-12 21:00:00,LONG,4122.89,4150.55,27.66
2061,2025-10-12 21:00:00,2025-10-13 00:00:00,SHORT,4150.55,4148.22,2.33
2062,2025-10-13 00:00:00,2025-10-13 00:45:00,LONG,4148.22,4139.8,-8.42
2063,2025-10-13 00:45:00,2025-10-13 01:30:00,SHORT,4139.8,4165.51,-25.71
2064,2025-10-13 01:30:00,2025-10-13 02:15:00,LONG,4165.51,4168.43,2.92
2065,2025-10-13 02:15:00,2025-10-13 06:00:00,SHORT,4168.43,4142.16,26.27
2066,2025-10-13 06:00:00,2025-10-13 09:00:00,LONG,4142.16,4149.47,7.31
2067,2025-10-13 09:00:00,2025-10-13 12:45:00,SHORT,4149.47,4097.12,52.35
2068,2025-10-13 12:45:00,2025-10-13 15:00:00,LONG,4097.12,4115.24,18.12
2069,2025-10-13 15:00:00,2025-10-13 15:45:00,SHORT,4115.24,4135.0,-19.76
2070,2025-10-13 15:45:00,2025-10-13 21:45:00,LONG,4135.0,4258.29,123.29
2071,2025-10-13 21:45:00,2025-10-14 00:45:00,SHORT,4258.29,4242.11,16.18
2072,2025-10-14 00:45:00,2025-10-14 01:30:00,LONG,4242.11,4220.64,-21.47
2073,2025-10-14 01:30:00,2025-10-14 04:30:00,SHORT,4220.64,4123.39,97.25
2074,2025-10-14 04:30:00,2025-10-14 05:15:00,LONG,4123.39,4100.91,-22.48
2075,2025-10-14 05:15:00,2025-10-14 07:30:00,SHORT,4100.91,3987.19,113.72
2076,2025-10-14 07:30:00,2025-10-14 08:15:00,LONG,3987.19,3992.97,5.78
2077,2025-10-14 08:15:00,2025-10-14 09:00:00,SHORT,3992.97,3996.28,-3.31
2078,2025-10-14 09:00:00,2025-10-14 10:30:00,LONG,3996.28,3929.81,-66.47
2079,2025-10-14 10:30:00,2025-10-14 11:15:00,SHORT,3929.81,3969.23,-39.42
2080,2025-10-14 11:15:00,2025-10-14 12:45:00,LONG,3969.23,3941.1,-28.13
2081,2025-10-14 12:45:00,2025-10-14 13:30:00,SHORT,3941.1,3938.49,2.61
2082,2025-10-14 13:30:00,2025-10-14 15:00:00,LONG,3938.49,3963.77,25.28
2083,2025-10-14 15:00:00,2025-10-14 15:45:00,SHORT,3963.77,4085.4,-121.63
2084,2025-10-14 15:45:00,2025-10-14 18:00:00,LONG,4085.4,4129.1,43.7
2085,2025-10-14 18:00:00,2025-10-14 19:30:00,SHORT,4129.1,4057.44,71.66
2086,2025-10-14 19:30:00,2025-10-14 20:15:00,LONG,4057.44,4107.2,49.76
2087,2025-10-14 20:15:00,2025-10-14 21:00:00,SHORT,4107.2,4097.03,10.17
2088,2025-10-14 21:00:00,2025-10-15 00:00:00,LONG,4097.03,4114.09,17.06
2089,2025-10-15 00:00:00,2025-10-15 02:15:00,SHORT,4114.09,4141.71,-27.62
2090,2025-10-15 02:15:00,2025-10-15 03:00:00,LONG,4141.71,4103.31,-38.4
2091,2025-10-15 03:00:00,2025-10-15 04:30:00,SHORT,4103.31,4102.54,0.77
2092,2025-10-15 04:30:00,2025-10-15 07:30:00,LONG,4102.54,4114.52,11.98
2093,2025-10-15 07:30:00,2025-10-15 08:15:00,SHORT,4114.52,4173.82,-59.3
2094,2025-10-15 08:15:00,2025-10-15 09:45:00,LONG,4173.82,4155.87,-17.95
2095,2025-10-15 09:45:00,2025-10-15 14:15:00,SHORT,4155.87,4079.93,75.94
2096,2025-10-15 14:15:00,2025-10-15 15:00:00,LONG,4079.93,4005.63,-74.3
2097,2025-10-15 15:00:00,2025-10-15 16:30:00,SHORT,4005.63,3984.41,21.22
2098,2025-10-15 16:30:00,2025-10-15 17:15:00,LONG,3984.41,3947.22,-37.19
2099,2025-10-15 17:15:00,2025-10-15 18:00:00,SHORT,3947.22,3982.27,-35.05
2100,2025-10-15 18:00:00,2025-10-15 20:15:00,LONG,3982.27,3960.75,-21.52
2101,2025-10-15 20:15:00,2025-10-15 21:45:00,SHORT,3960.75,3954.17,6.58
2102,2025-10-15 21:45:00,2025-10-16 00:45:00,LONG,3954.17,3981.89,27.72
2103,2025-10-16 00:45:00,2025-10-16 01:30:00,SHORT,3981.89,3998.3,-16.41
2104,2025-10-16 01:30:00,2025-10-16 03:45:00,LONG,3998.3,4014.85,16.55
2105,2025-10-16 03:45:00,2025-10-16 04:30:00,SHORT,4014.85,4008.3,6.55
2106,2025-10-16 04:30:00,2025-10-16 05:15:00,LONG,4008.3,3999.22,-9.08
2107,2025-10-16 05:15:00,2025-10-16 06:45:00,SHORT,3999.22,4042.08,-42.86
2108,2025-10-16 06:45:00,2025-10-16 07:30:00,LONG,4042.08,4008.44,-33.64
2109,2025-10-16 07:30:00,2025-10-16 09:45:00,SHORT,4008.44,4030.13,-21.69
2110,2025-10-16 09:45:00,2025-10-16 11:15:00,LONG,4030.13,4038.9,8.77
2111,2025-10-16 11:15:00,2025-10-16 12:00:00,SHORT,4038.9,4047.57,-8.67
2112,2025-10-16 12:00:00,2025-10-16 13:30:00,LONG,4047.57,4053.34,5.77
2113,2025-10-16 13:30:00,2025-10-16 17:15:00,SHORT,4053.34,3946.22,107.12
2114,2025-10-16 17:15:00,2025-10-16 18:00:00,LONG,3946.22,3885.99,-60.23
2115,2025-10-16 18:00:00,2025-10-16 18:45:00,SHORT,3885.99,3904.89,-18.9
2116,2025-10-16 18:45:00,2025-10-16 19:30:00,LONG,3904.89,3862.07,-42.82
2117,2025-10-16 19:30:00,2025-10-16 21:45:00,SHORT,3862.07,3883.82,-21.75
2118,2025-10-16 21:45:00,2025-10-17 02:15:00,LONG,3883.82,3902.7,18.88
2119,2025-10-17 02:15:00,2025-10-17 03:00:00,SHORT,3902.7,3924.81,-22.11
2120,2025-10-17 03:00:00,2025-10-17 03:45:00,LONG,3924.81,3933.25,8.44
2121,2025-10-17 03:45:00,2025-10-17 09:45:00,SHORT,3933.25,3724.36,208.89
2122,2025-10-17 09:45:00,2025-10-17 10:30:00,LONG,3724.36,3697.71,-26.65
2123,2025-10-17 10:30:00,2025-10-17 11:15:00,SHORT,3697.71,3797.78,-100.07
2124,2025-10-17 11:15:00,2025-10-17 15:00:00,LONG,3797.78,3747.74,-50.04
2125,2025-10-17 15:00:00,2025-10-17 15:45:00,SHORT,3747.74,3797.75,-50.01
2126,2025-10-17 15:45:00,2025-10-17 19:30:00,LONG,3797.75,3822.0,24.25
2127,2025-10-17 19:30:00,2025-10-17 20:15:00,SHORT,3822.0,3858.19,-36.19
2128,2025-10-17 20:15:00,2025-10-17 22:30:00,LONG,3858.19,3849.19,-9.0
2129,2025-10-17 22:30:00,2025-10-18 00:45:00,SHORT,3849.19,3840.25,8.94
2130,2025-10-18 00:45:00,2025-10-18 02:15:00,LONG,3840.25,3866.91,26.66
2131,2025-10-18 02:15:00,2025-10-18 03:45:00,SHORT,3866.91,3870.57,-3.66
2132,2025-10-18 03:45:00,2025-10-18 04:30:00,LONG,3870.57,3844.1,-26.47
2133,2025-10-18 04:30:00,2025-10-18 05:15:00,SHORT,3844.1,3854.99,-10.89
2134,2025-10-18 05:15:00,2025-10-18 06:45:00,LONG,3854.99,3872.67,17.68
2135,2025-10-18 06:45:00,2025-10-18 07:30:00,SHORT,3872.67,3900.02,-27.35
2136,2025-10-18 07:30:00,2025-10-18 09:00:00,LONG,3900.02,3874.2,-25.82
2137,2025-10-18 09:00:00,2025-10-18 12:00:00,SHORT,3874.2,3886.2,-12.0
2138,2025-10-18 12:00:00,2025-10-18 12:45:00,LONG,3886.2,3883.18,-3.02
2139,2025-10-18 12:45:00,2025-10-18 15:00:00,SHORT,3883.18,3872.0,11.18
2140,2025-10-18 15:00:00,2025-10-18 16:30:00,LONG,3872.0,3854.11,-17.89
2141,2025-10-18 16:30:00,2025-10-18 17:15:00,SHORT,3854.11,3886.6,-32.49
2142,2025-10-18 17:15:00,2025-10-18 20:15:00,LONG,3886.6,3899.44,12.84
2143,2025-10-18 20:15:00,2025-10-18 21:45:00,SHORT,3899.44,3891.92,7.52
2144,2025-10-18 21:45:00,2025-10-18 23:15:00,LONG,3891.92,3886.84,-5.08
2145,2025-10-18 23:15:00,2025-10-19 00:00:00,SHORT,3886.84,3885.11,1.73
2146,2025-10-19 00:00:00,2025-10-19 00:45:00,LONG,3885.11,3869.17,-15.94
2147,2025-10-19 00:45:00,2025-10-19 01:30:00,SHORT,3869.17,3869.23,-0.06
2148,2025-10-19 01:30:00,2025-10-19 02:15:00,LONG,3869.23,3868.37,-0.86
2149,2025-10-19 02:15:00,2025-10-19 03:00:00,SHORT,3868.37,3869.01,-0.64
2150,2025-10-19 03:00:00,2025-10-19 06:00:00,LONG,3869.01,3890.17,21.16
2151,2025-10-19 06:00:00,2025-10-19 08:15:00,SHORT,3890.17,3876.03,14.14
2152,2025-10-19 08:15:00,2025-10-19 09:00:00,LONG,3876.03,3861.31,-14.72
2153,2025-10-19 09:00:00,2025-10-19 09:45:00,SHORT,3861.31,3912.81,-51.5
2154,2025-10-19 09:45:00,2025-10-19 12:00:00,LONG,3912.81,3918.09,5.28
2155,2025-10-19 12:00:00,2025-10-19 13:30:00,SHORT,3918.09,3946.5,-28.41
2156,2025-10-19 13:30:00,2025-10-19 15:45:00,LONG,3946.5,3978.65,32.15
2157,2025-10-19 15:45:00,2025-10-19 17:15:00,SHORT,3978.65,3989.53,-10.88
2158,2025-10-19 17:15:00,2025-10-19 19:30:00,LONG,3989.53,3985.23,-4.3
2159,2025-10-19 19:30:00,2025-10-19 21:00:00,SHORT,3985.23,4002.3,-17.07
2160,2025-10-19 21:00:00,2025-10-19 21:45:00,LONG,4002.3,3997.5,-4.8
2161,2025-10-19 21:45:00,2025-10-19 22:30:00,SHORT,3997.5,4022.92,-25.42
2162,2025-10-19 22:30:00,2025-10-19 23:15:00,LONG,4022.92,3994.28,-28.64
2163,2025-10-19 23:15:00,2025-10-20 01:30:00,SHORT,3994.28,3943.96,50.32
2164,2025-10-20 01:30:00,2025-10-20 02:15:00,LONG,3943.96,3946.7,2.74
2165,2025-10-20 02:15:00,2025-10-20 03:00:00,SHORT,3946.7,3956.82,-10.12
2166,2025-10-20 03:00:00,2025-10-20 07:30:00,LONG,3956.82,4060.12,103.3
2167,2025-10-20 07:30:00,2025-10-20 10:30:00,SHORT,4060.12,4039.5,20.62
2168,2025-10-20 10:30:00,2025-10-20 11:15:00,LONG,4039.5,4032.01,-7.49
2169,2025-10-20 11:15:00,2025-10-20 12:00:00,SHORT,4032.01,4028.93,3.08
2170,2025-10-20 12:00:00,2025-10-20 12:45:00,LONG,4028.93,4037.64,8.71
2171,2025-10-20 12:45:00,2025-10-20 15:00:00,SHORT,4037.64,4023.82,13.82
2172,2025-10-20 15:00:00,2025-10-20 16:30:00,LONG,4023.82,3936.78,-87.04
2173,2025-10-20 16:30:00,2025-10-20 18:00:00,SHORT,3936.78,3953.11,-16.33
2174,2025-10-20 18:00:00,2025-10-20 21:45:00,LONG,3953.11,3976.86,23.75
2175,2025-10-20 21:45:00,2025-10-21 00:45:00,SHORT,3976.86,3972.14,4.72
2176,2025-10-21 00:45:00,2025-10-21 01:30:00,LONG,3972.14,3958.3,-13.84
2177,2025-10-21 01:30:00,2025-10-21 03:45:00,SHORT,3958.3,3922.66,35.64
2178,2025-10-21 03:45:00,2025-10-21 04:30:00,LONG,3922.66,3857.97,-64.69
2179,2025-10-21 04:30:00,2025-10-21 06:00:00,SHORT,3857.97,3863.83,-5.86
2180,2025-10-21 06:00:00,2025-10-21 08:15:00,LONG,3863.83,3879.59,15.76
2181,2025-10-21 08:15:00,2025-10-21 11:15:00,SHORT,3879.59,3883.24,-3.65
2182,2025-10-21 11:15:00,2025-10-21 13:30:00,LONG,3883.24,3877.44,-5.8
2183,2025-10-21 13:30:00,2025-10-21 14:15:00,SHORT,3877.44,3914.12,-36.68
2184,2025-10-21 14:15:00,2025-10-21 17:15:00,LONG,3914.12,4007.66,93.54
2185,2025-10-21 17:15:00,2025-10-21 21:45:00,SHORT,4007.66,3945.62,62.04
2186,2025-10-21 21:45:00,2025-10-21 22:30:00,LONG,3945.62,3913.0,-32.62
2187,2025-10-21 22:30:00,2025-10-22 01:30:00,SHORT,3913.0,3862.89,50.11
2188,2025-10-22 01:30:00,2025-10-22 03:00:00,LONG,3862.89,3843.78,-19.11
2189,2025-10-22 03:00:00,2025-10-22 04:30:00,SHORT,3843.78,3878.57,-34.79
2190,2025-10-22 04:30:00,2025-10-22 05:15:00,LONG,3878.57,3849.6,-28.97
2191,2025-10-22 05:15:00,2025-10-22 06:00:00,SHORT,3849.6,3861.88,-12.28
2192,2025-10-22 06:00:00,2025-10-22 08:15:00,LONG,3861.88,3858.26,-3.62
2193,2025-10-22 08:15:00,2025-10-22 12:00:00,SHORT,3858.26,3833.19,25.07
2194,2025-10-22 12:00:00,2025-10-22 13:30:00,LONG,3833.19,3841.54,8.35
2195,2025-10-22 13:30:00,2025-10-22 15:00:00,SHORT,3841.54,3826.98,14.56
2196,2025-10-22 15:00:00,2025-10-22 17:15:00,LONG,3826.98,3827.08,0.1
2197,2025-10-22 17:15:00,2025-10-22 19:30:00,SHORT,3827.08,3805.79,21.29
2198,2025-10-22 19:30:00,2025-10-22 20:15:00,LONG,3805.79,3784.26,-21.53
2199,2025-10-22 20:15:00,2025-10-22 23:15:00,SHORT,3784.26,3795.61,-11.35
2200,2025-10-22 23:15:00,2025-10-23 01:30:00,LONG,3795.61,3824.82,29.21
2201,2025-10-23 01:30:00,2025-10-23 04:30:00,SHORT,3824.82,3844.57,-19.75
2202,2025-10-23 04:30:00,2025-10-23 07:30:00,LONG,3844.57,3883.05,38.48
2203,2025-10-23 07:30:00,2025-10-23 08:15:00,SHORT,3883.05,3896.1,-13.05
2204,2025-10-23 08:15:00,2025-10-23 09:00:00,LONG,3896.1,3875.61,-20.49
2205,2025-10-23 09:00:00,2025-10-23 10:30:00,SHORT,3875.61,3882.29,-6.68
2206,2025-10-23 10:30:00,2025-10-23 11:15:00,LONG,3882.29,3882.3,0.01
2207,2025-10-23 11:15:00,2025-10-23 15:00:00,SHORT,3882.3,3865.49,16.81
2208,2025-10-23 15:00:00,2025-10-23 17:15:00,LONG,3865.49,3887.65,22.16
2209,2025-10-23 17:15:00,2025-10-23 18:00:00,SHORT,3887.65,3894.47,-6.82
2210,2025-10-23 18:00:00,2025-10-23 18:45:00,LONG,3894.47,3870.14,-24.33
2211,2025-10-23 18:45:00,2025-10-23 22:30:00,SHORT,3870.14,3847.49,22.65
2212,2025-10-23 22:30:00,2025-10-24 01:30:00,LONG,3847.49,3876.41,28.92
2213,2025-10-24 01:30:00,2025-10-24 02:15:00,SHORT,3876.41,3875.81,0.6
2214,2025-10-24 02:15:00,2025-10-24 03:45:00,LONG,3875.81,3891.0,15.19
2215,2025-10-24 03:45:00,2025-10-24 04:30:00,SHORT,3891.0,3963.21,-72.21
2216,2025-10-24 04:30:00,2025-10-24 06:45:00,LONG,3963.21,3982.44,19.23
2217,2025-10-24 06:45:00,2025-10-24 09:00:00,SHORT,3982.44,3962.73,19.71
2218,2025-10-24 09:00:00,2025-10-24 10:30:00,LONG,3962.73,3955.51,-7.22
2219,2025-10-24 10:30:00,2025-10-24 11:15:00,SHORT,3955.51,3955.44,0.07
2220,2025-10-24 11:15:00,2025-10-24 12:00:00,LONG,3955.44,3954.38,-1.06
2221,2025-10-24 12:00:00,2025-10-24 12:45:00,SHORT,3954.38,3963.97,-9.59
2222,2025-10-24 12:45:00,2025-10-24 14:15:00,LONG,3963.97,3905.29,-58.68
2223,2025-10-24 14:15:00,2025-10-24 17:15:00,SHORT,3905.29,3901.48,3.81
2224,2025-10-24 17:15:00,2025-10-24 18:00:00,LONG,3901.48,3904.99,3.51
2225,2025-10-24 18:00:00,2025-10-24 18:45:00,SHORT,3904.99,3911.97,-6.98
2226,2025-10-24 18:45:00,2025-10-24 23:15:00,LONG,3911.97,3932.62,20.65
2227,2025-10-24 23:15:00,2025-10-25 00:00:00,SHORT,3932.62,3925.16,7.46
2228,2025-10-25 00:00:00,2025-10-25 00:45:00,LONG,3925.16,3918.4,-6.76
2229,2025-10-25 00:45:00,2025-10-25 01:30:00,SHORT,3918.4,3925.57,-7.17
2230,2025-10-25 01:30:00,2025-10-25 03:45:00,LONG,3925.57,3921.2,-4.37
2231,2025-10-25 03:45:00,2025-10-25 04:30:00,SHORT,3921.2,3925.18,-3.98
2232,2025-10-25 04:30:00,2025-10-25 05:15:00,LONG,3925.18,3922.21,-2.97
2233,2025-10-25 05:15:00,2025-10-25 06:00:00,SHORT,3922.21,3934.38,-12.17
2234,2025-10-25 06:00:00,2025-10-25 10:30:00,LONG,3934.38,3944.55,10.17
2235,2025-10-25 10:30:00,2025-10-25 12:45:00,SHORT,3944.55,3953.37,-8.82
2236,2025-10-25 12:45:00,2025-10-25 13:30:00,LONG,3953.37,3941.12,-12.25
2237,2025-10-25 13:30:00,2025-10-25 14:15:00,SHORT,3941.12,3940.8,0.32
2238,2025-10-25 14:15:00,2025-10-25 15:00:00,LONG,3940.8,3929.94,-10.86
2239,2025-10-25 15:00:00,2025-10-25 17:15:00,SHORT,3929.94,3933.49,-3.55
2240,2025-10-25 17:15:00,2025-10-25 20:15:00,LONG,3933.49,3953.1,19.61
2241,2025-10-25 20:15:00,2025-10-25 21:45:00,SHORT,3953.1,3952.49,0.61
2242,2025-10-25 21:45:00,2025-10-26 00:00:00,LONG,3952.49,3949.51,-2.98
2243,2025-10-26 00:00:00,2025-10-26 00:45:00,SHORT,3949.51,3950.27,-0.76
2244,2025-10-26 00:45:00,2025-10-26 01:30:00,LONG,3950.27,3950.01,-0.26
2245,2025-10-26 01:30:00,2025-10-26 04:30:00,SHORT,3950.01,3935.43,14.58
2246,2025-10-26 04:30:00,2025-10-26 07:30:00,LONG,3935.43,3950.46,15.03
2247,2025-10-26 07:30:00,2025-10-26 08:15:00,SHORT,3950.46,3954.88,-4.42
2248,2025-10-26 08:15:00,2025-10-26 10:30:00,LONG,3954.88,3983.52,28.64
2249,2025-10-26 10:30:00,2025-10-26 12:00:00,SHORT,3983.52,4047.79,-64.27
2250,2025-10-26 12:00:00,2025-10-26 15:00:00,LONG,4047.79,4070.52,22.73
2251,2025-10-26 15:00:00,2025-10-26 17:15:00,SHORT,4070.52,4064.26,6.26
2252,2025-10-26 17:15:00,2025-10-26 18:00:00,LONG,4064.26,4071.4,7.14
2253,2025-10-26 18:00:00,2025-10-26 18:45:00,SHORT,4071.4,4072.23,-0.83
2254,2025-10-26 18:45:00,2025-10-26 20:15:00,LONG,4072.23,4061.35,-10.88
2255,2025-10-26 20:15:00,2025-10-26 21:45:00,SHORT,4061.35,4080.6,-19.25
2256,2025-10-26 21:45:00,2025-10-27 00:00:00,LONG,4080.6,4166.94,86.34
2257,2025-10-27 00:00:00,2025-10-27 00:45:00,SHORT,4166.94,4170.54,-3.6
2258,2025-10-27 00:45:00,2025-10-27 03:45:00,LONG,4170.54,4205.08,34.54
2259,2025-10-27 03:45:00,2025-10-27 05:15:00,SHORT,4205.08,4247.49,-42.41
2260,2025-10-27 05:15:00,2025-10-27 06:45:00,LONG,4247.49,4235.21,-12.28
2261,2025-10-27 06:45:00,2025-10-27 09:45:00,SHORT,4235.21,4160.35,74.86
2262,2025-10-27 09:45:00,2025-10-27 12:45:00,LONG,4160.35,4145.86,-14.49
2263,2025-10-27 12:45:00,2025-10-27 13:30:00,SHORT,4145.86,4147.79,-1.93
2264,2025-10-27 13:30:00,2025-10-27 14:15:00,LONG,4147.79,4147.59,-0.2
2265,2025-10-27 14:15:00,2025-10-27 15:45:00,SHORT,4147.59,4172.96,-25.37
2266,2025-10-27 15:45:00,2025-10-27 18:45:00,LONG,4172.96,4215.12,42.16
2267,2025-10-27 18:45:00,2025-10-27 21:45:00,SHORT,4215.12,4116.44,98.68
2268,2025-10-27 21:45:00,2025-10-27 23:15:00,LONG,4116.44,4112.71,-3.73
2269,2025-10-27 23:15:00,2025-10-28 00:00:00,SHORT,4112.71,4120.38,-7.67
2270,2025-10-28 00:00:00,2025-10-28 00:45:00,LONG,4120.38,4115.49,-4.89
2271,2025-10-28 00:45:00,2025-10-28 01:30:00,SHORT,4115.49,4138.05,-22.56
2272,2025-10-28 01:30:00,2025-10-28 02:15:00,LONG,4138.05,4118.74,-19.31
2273,2025-10-28 02:15:00,2025-10-28 04:30:00,SHORT,4118.74,4097.6,21.14
2274,2025-10-28 04:30:00,2025-10-28 05:15:00,LONG,4097.6,4098.4,0.8
2275,2025-10-28 05:15:00,2025-10-28 06:45:00,SHORT,4098.4,4112.84,-14.44
2276,2025-10-28 06:45:00,2025-10-28 08:15:00,LONG,4112.84,4127.62,14.78
2277,2025-10-28 08:15:00,2025-10-28 09:45:00,SHORT,4127.62,4122.89,4.73
2278,2025-10-28 09:45:00,2025-10-28 11:15:00,LONG,4122.89,4120.44,-2.45
2279,2025-10-28 11:15:00,2025-10-28 12:45:00,SHORT,4120.44,4121.97,-1.53
2280,2025-10-28 12:45:00,2025-10-28 15:00:00,LONG,4121.97,4137.4,15.43
2281,2025-10-28 15:00:00,2025-10-28 16:30:00,SHORT,4137.4,4120.3,17.1
2282,2025-10-28 16:30:00,2025-10-28 18:45:00,LONG,4120.3,4115.42,-4.88
2283,2025-10-28 18:45:00,2025-10-28 21:45:00,SHORT,4115.42,3982.54,132.88
2284,2025-10-28 21:45:00,2025-10-28 23:15:00,LONG,3982.54,3980.53,-2.01
2285,2025-10-28 23:15:00,2025-10-29 02:15:00,SHORT,3980.53,3994.89,-14.36
2286,2025-10-29 02:15:00,2025-10-29 06:45:00,LONG,3994.89,4024.54,29.65
2287,2025-10-29 06:45:00,2025-10-29 07:30:00,SHORT,4024.54,4015.78,8.76
2288,2025-10-29 07:30:00,2025-10-29 08:15:00,LONG,4015.78,4018.5,2.72
2289,2025-10-29 08:15:00,2025-10-29 09:45:00,SHORT,4018.5,3997.37,21.13
2290,2025-10-29 09:45:00,2025-10-29 14:15:00,LONG,3997.37,3977.02,-20.35
2291,2025-10-29 14:15:00,2025-10-29 16:30:00,SHORT,3977.02,3970.91,6.11
2292,2025-10-29 16:30:00,2025-10-29 18:45:00,LONG,3970.91,3917.9,-53.01
2293,2025-10-29 18:45:00,2025-10-29 21:00:00,SHORT,3917.9,3931.47,-13.57
2294,2025-10-29 21:00:00,2025-10-29 22:30:00,LONG,3931.47,3939.61,8.14
2295,2025-10-29 22:30:00,2025-10-30 00:45:00,SHORT,3939.61,3922.56,17.05
2296,2025-10-30 00:45:00,2025-10-30 01:30:00,LONG,3922.56,3925.51,2.95
2297,2025-10-30 01:30:00,2025-10-30 02:15:00,SHORT,3925.51,3944.17,-18.66
2298,2025-10-30 02:15:00,2025-10-30 03:45:00,LONG,3944.17,3934.58,-9.59
2299,2025-10-30 03:45:00,2025-10-30 06:00:00,SHORT,3934.58,3906.24,28.34
2300,2025-10-30 06:00:00,2025-10-30 08:15:00,LONG,3906.24,3925.47,19.23
2301,2025-10-30 08:15:00,2025-10-30 10:30:00,SHORT,3925.47,3889.89,35.58
2302,2025-10-30 10:30:00,2025-10-30 11:15:00,LONG,3889.89,3890.67,0.78
2303,2025-10-30 11:15:00,2025-10-30 14:15:00,SHORT,3890.67,3780.07,110.6
2304,2025-10-30 14:15:00,2025-10-30 15:45:00,LONG,3780.07,3773.69,-6.38
2305,2025-10-30 15:45:00,2025-10-30 16:30:00,SHORT,3773.69,3780.19,-6.5
2306,2025-10-30 16:30:00,2025-10-30 17:15:00,LONG,3780.19,3741.87,-38.32
2307,2025-10-30 17:15:00,2025-10-30 18:00:00,SHORT,3741.87,3753.08,-11.21
2308,2025-10-30 18:00:00,2025-10-30 18:45:00,LONG,3753.08,3721.28,-31.8
2309,2025-10-30 18:45:00,2025-10-30 19:30:00,SHORT,3721.28,3701.91,19.37
2310,2025-10-30 19:30:00,2025-10-30 23:15:00,LONG,3701.91,3784.13,82.22
2311,2025-10-30 23:15:00,2025-10-31 00:00:00,SHORT,3784.13,3812.38,-28.25
2312,2025-10-31 00:00:00,2025-10-31 02:15:00,LONG,3812.38,3837.24,24.86
2313,2025-10-31 02:15:00,2025-10-31 04:30:00,SHORT,3837.24,3866.03,-28.79
2314,2025-10-31 04:30:00,2025-10-31 05:15:00,LONG,3866.03,3856.64,-9.39
2315,2025-10-31 05:15:00,2025-10-31 07:30:00,SHORT,3856.64,3826.46,30.18
2316,2025-10-31 07:30:00,2025-10-31 08:15:00,LONG,3826.46,3838.84,12.38
2317,2025-10-31 08:15:00,2025-10-31 09:00:00,SHORT,3838.84,3849.47,-10.63
2318,2025-10-31 09:00:00,2025-10-31 10:30:00,LONG,3849.47,3852.42,2.95
2319,2025-10-31 10:30:00,2025-10-31 12:00:00,SHORT,3852.42,3868.02,-15.6
2320,2025-10-31 12:00:00,2025-10-31 12:45:00,LONG,3868.02,3836.18,-31.84
2321,2025-10-31 12:45:00,2025-10-31 13:30:00,SHORT,3836.18,3835.39,0.79
2322,2025-10-31 13:30:00,2025-10-31 14:15:00,LONG,3835.39,3853.12,17.73
2323,2025-10-31 14:15:00,2025-10-31 15:00:00,SHORT,3853.12,3875.4,-22.28
2324,2025-10-31 15:00:00,2025-10-31 17:15:00,LONG,3875.4,3822.16,-53.24
2325,2025-10-31 17:15:00,2025-10-31 18:00:00,SHORT,3822.16,3828.42,-6.26
2326,2025-10-31 18:00:00,2025-10-31 21:00:00,LONG,3828.42,3843.53,15.11
2327,2025-10-31 21:00:00,2025-10-31 21:45:00,SHORT,3843.53,3862.18,-18.65
2328,2025-10-31 21:45:00,2025-10-31 22:30:00,LONG,3862.18,3856.25,-5.93
2329,2025-10-31 22:30:00,2025-11-01 01:30:00,SHORT,3856.25,3847.4,8.85
2330,2025-11-01 01:30:00,2025-11-01 02:15:00,LONG,3847.4,3847.3,-0.1
2331,2025-11-01 02:15:00,2025-11-01 03:00:00,SHORT,3847.3,3852.88,-5.58
2332,2025-11-01 03:00:00,2025-11-01 05:15:00,LONG,3852.88,3864.19,11.31
2333,2025-11-01 05:15:00,2025-11-01 07:30:00,SHORT,3864.19,3861.27,2.92
2334,2025-11-01 07:30:00,2025-11-01 09:45:00,LONG,3861.27,3875.34,14.07
2335,2025-11-01 09:45:00,2025-11-01 11:15:00,SHORT,3875.34,3872.38,2.96
2336,2025-11-01 11:15:00,2025-11-01 13:30:00,LONG,3872.38,3862.95,-9.43
2337,2025-11-01 13:30:00,2025-11-01 15:00:00,SHORT,3862.95,3893.12,-30.17
2338,2025-11-01 15:00:00,2025-11-01 16:30:00,LONG,3893.12,3898.31,5.19
2339,2025-11-01 16:30:00,2025-11-01 18:45:00,SHORT,3898.31,3880.26,18.05
2340,2025-11-01 18:45:00,2025-11-01 19:30:00,LONG,3880.26,3876.94,-3.32
2341,2025-11-01 19:30:00,2025-11-01 20:15:00,SHORT,3876.94,3889.21,-12.27
2342,2025-11-01 20:15:00,2025-11-01 21:00:00,LONG,3889.21,3876.92,-12.29
2343,2025-11-01 21:00:00,2025-11-02 00:00:00,SHORT,3876.92,3870.37,6.55
2344,2025-11-02 00:00:00,2025-11-02 00:45:00,LONG,3870.37,3866.26,-4.11
2345,2025-11-02 00:45:00,2025-11-02 01:30:00,SHORT,3866.26,3873.39,-7.13
2346,2025-11-02 01:30:00,2025-11-02 07:30:00,LONG,3873.39,3898.69,25.3
2347,2025-11-02 07:30:00,2025-11-02 08:15:00,SHORT,3898.69,3898.41,0.28
2348,2025-11-02 08:15:00,2025-11-02 09:00:00,LONG,3898.41,3899.44,1.03
2349,2025-11-02 09:00:00,2025-11-02 11:15:00,SHORT,3899.44,3881.2,18.24
2350,2025-11-02 11:15:00,2025-11-02 12:45:00,LONG,3881.2,3877.51,-3.69
2351,2025-11-02 12:45:00,2025-11-02 15:00:00,SHORT,3877.51,3857.24,20.27
2352,2025-11-02 15:00:00,2025-11-02 17:15:00,LONG,3857.24,3859.66,2.42
2353,2025-11-02 17:15:00,2025-11-02 18:00:00,SHORT,3859.66,3856.57,3.09
2354,2025-11-02 18:00:00,2025-11-02 19:30:00,LONG,3856.57,3844.9,-11.67
2355,2025-11-02 19:30:00,2025-11-02 21:00:00,SHORT,3844.9,3851.24,-6.34
2356,2025-11-02 21:00:00,2025-11-03 00:45:00,LONG,3851.24,3865.11,13.87
2357,2025-11-03 00:45:00,2025-11-03 04:30:00,SHORT,3865.11,3729.5,135.61
2358,2025-11-03 04:30:00,2025-11-03 06:00:00,LONG,3729.5,3719.65,-9.85
2359,2025-11-03 06:00:00,2025-11-03 07:30:00,SHORT,3719.65,3712.14,7.51
2360,2025-11-03 07:30:00,2025-11-03 08:15:00,LONG,3712.14,3701.58,-10.56
2361,2025-11-03 08:15:00,2025-11-03 09:00:00,SHORT,3701.58,3735.32,-33.74
2362,2025-11-03 09:00:00,2025-11-03 09:45:00,LONG,3735.32,3703.24,-32.08
2363,2025-11-03 09:45:00,2025-11-03 10:30:00,SHORT,3703.24,3703.7,-0.46
2364,2025-11-03 10:30:00,2025-11-03 12:45:00,LONG,3703.7,3709.34,5.64
2365,2025-11-03 12:45:00,2025-11-03 14:15:00,SHORT,3709.34,3722.76,-13.42
2366,2025-11-03 14:15:00,2025-11-03 15:45:00,LONG,3722.76,3588.89,-133.87
2367,2025-11-03 15:45:00,2025-11-03 16:30:00,SHORT,3588.89,3607.93,-19.04
2368,2025-11-03 16:30:00,2025-11-03 18:45:00,LONG,3607.93,3632.45,24.52
2369,2025-11-03 18:45:00,2025-11-03 21:45:00,SHORT,3632.45,3602.06,30.39
2370,2025-11-03 21:45:00,2025-11-03 22:30:00,LONG,3602.06,3586.37,-15.69
2371,2025-11-03 22:30:00,2025-11-04 00:00:00,SHORT,3586.37,3597.21,-10.84
2372,2025-11-04 00:00:00,2025-11-04 03:00:00,LONG,3597.21,3646.77,49.56
2373,2025-11-04 03:00:00,2025-11-04 03:45:00,SHORT,3646.77,3642.29,4.48
2374,2025-11-04 03:45:00,2025-11-04 04:30:00,LONG,3642.29,3628.08,-14.21
2375,2025-11-04 04:30:00,2025-11-04 09:00:00,SHORT,3628.08,3486.33,141.75
2376,2025-11-04 09:00:00,2025-11-04 10:30:00,LONG,3486.33,3482.44,-3.89
2377,2025-11-04 10:30:00,2025-11-04 11:15:00,SHORT,3482.44,3509.86,-27.42
2378,2025-11-04 11:15:00,2025-11-04 12:45:00,LONG,3509.86,3511.51,1.65
2379,2025-11-04 12:45:00,2025-11-04 15:00:00,SHORT,3511.51,3543.62,-32.11
2380,2025-11-04 15:00:00,2025-11-04 16:30:00,LONG,3543.62,3459.22,-84.4
2381,2025-11-04 16:30:00,2025-11-04 21:00:00,SHORT,3459.22,3185.28,273.94
2382,2025-11-04 21:00:00,2025-11-04 21:45:00,LONG,3185.28,3214.87,29.59
2383,2025-11-04 21:45:00,2025-11-04 22:30:00,SHORT,3214.87,3252.47,-37.6
2384,2025-11-04 22:30:00,2025-11-05 00:45:00,LONG,3252.47,3240.47,-12.0
2385,2025-11-05 00:45:00,2025-11-05 02:15:00,SHORT,3240.47,3266.99,-26.52
2386,2025-11-05 02:15:00,2025-11-05 04:30:00,LONG,3266.99,3338.59,71.6
2387,2025-11-05 04:30:00,2025-11-05 05:15:00,SHORT,3338.59,3333.78,4.81
2388,2025-11-05 05:15:00,2025-11-05 06:00:00,LONG,3333.78,3316.37,-17.41
2389,2025-11-05 06:00:00,2025-11-05 06:45:00,SHORT,3316.37,3337.13,-20.76
2390,2025-11-05 06:45:00,2025-11-05 07:30:00,LONG,3337.13,3334.93,-2.2
2391,2025-11-05 07:30:00,2025-11-05 09:45:00,SHORT,3334.93,3307.53,27.4
2392,2025-11-05 09:45:00,2025-11-05 10:30:00,LONG,3307.53,3294.58,-12.95
2393,2025-11-05 10:30:00,2025-11-05 11:15:00,SHORT,3294.58,3299.92,-5.34
2394,2025-11-05 11:15:00,2025-11-05 13:30:00,LONG,3299.92,3351.46,51.54
2395,2025-11-05 13:30:00,2025-11-05 15:00:00,SHORT,3351.46,3352.58,-1.12
2396,2025-11-05 15:00:00,2025-11-05 21:00:00,LONG,3352.58,3434.57,81.99
2397,2025-11-05 21:00:00,2025-11-05 23:15:00,SHORT,3434.57,3431.48,3.09
2398,2025-11-05 23:15:00,2025-11-06 00:00:00,LONG,3431.48,3412.36,-19.12
2399,2025-11-06 00:00:00,2025-11-06 02:15:00,SHORT,3412.36,3397.4,14.96
2400,2025-11-06 02:15:00,2025-11-06 05:15:00,LONG,3397.4,3413.11,15.71
2401,2025-11-06 05:15:00,2025-11-06 08:15:00,SHORT,3413.11,3390.06,23.05
2402,2025-11-06 08:15:00,2025-11-06 11:15:00,LONG,3390.06,3404.3,14.24
2403,2025-11-06 11:15:00,2025-11-06 12:00:00,SHORT,3404.3,3389.21,15.09
2404,2025-11-06 12:00:00,2025-11-06 12:45:00,LONG,3389.21,3349.5,-39.71
2405,2025-11-06 12:45:00,2025-11-06 13:30:00,SHORT,3349.5,3393.36,-43.86
2406,2025-11-06 13:30:00,2025-11-06 14:15:00,LONG,3393.36,3361.98,-31.38
2407,2025-11-06 14:15:00,2025-11-06 16:30:00,SHORT,3361.98,3260.57,101.41
2408,2025-11-06 16:30:00,2025-11-06 20:15:00,LONG,3260.57,3308.13,47.56
2409,2025-11-06 20:15:00,2025-11-06 21:45:00,SHORT,3308.13,3326.04,-17.91
2410,2025-11-06 21:45:00,2025-11-06 22:30:00,LONG,3326.04,3304.29,-21.75
2411,2025-11-06 22:30:00,2025-11-07 00:00:00,SHORT,3304.29,3317.38,-13.09
2412,2025-11-07 00:00:00,2025-11-07 04:30:00,LONG,3317.38,3331.14,13.76
2413,2025-11-07 04:30:00,2025-11-07 05:15:00,SHORT,3331.14,3359.54,-28.4
2414,2025-11-07 05:15:00,2025-11-07 06:45:00,LONG,3359.54,3348.02,-11.52
2415,2025-11-07 06:45:00,2025-11-07 08:15:00,SHORT,3348.02,3349.89,-1.87
2416,2025-11-07 08:15:00,2025-11-07 09:00:00,LONG,3349.89,3326.15,-23.74
2417,2025-11-07 09:00:00,2025-11-07 12:00:00,SHORT,3326.15,3248.36,77.79
2418,2025-11-07 12:00:00,2025-11-07 12:45:00,LONG,3248.36,3223.05,-25.31
2419,2025-11-07 12:45:00,2025-11-07 13:30:00,SHORT,3223.05,3233.5,-10.45
2420,2025-11-07 13:30:00,2025-11-07 15:45:00,LONG,3233.5,3297.52,64.02
2421,2025-11-07 15:45:00,2025-11-07 16:30:00,SHORT,3297.52,3318.51,-20.99
2422,2025-11-07 16:30:00,2025-11-07 19:30:00,LONG,3318.51,3446.96,128.45
2423,2025-11-07 19:30:00,2025-11-07 21:00:00,SHORT,3446.96,3460.84,-13.88
2424,2025-11-07 21:00:00,2025-11-07 22:30:00,LONG,3460.84,3449.25,-11.59
2425,2025-11-07 22:30:00,2025-11-08 00:45:00,SHORT,3449.25,3424.55,24.7
2426,2025-11-08 00:45:00,2025-11-08 03:00:00,LONG,3424.55,3447.25,22.7
2427,2025-11-08 03:00:00,2025-11-08 03:45:00,SHORT,3447.25,3454.19,-6.94
2428,2025-11-08 03:45:00,2025-11-08 04:30:00,LONG,3454.19,3473.04,18.85
2429,2025-11-08 04:30:00,2025-11-08 06:45:00,SHORT,3473.04,3445.45,27.59
2430,2025-11-08 06:45:00,2025-11-08 07:30:00,LONG,3445.45,3445.51,0.06
2431,2025-11-08 07:30:00,2025-11-08 08:15:00,SHORT,3445.51,3452.31,-6.8
2432,2025-11-08 08:15:00,2025-11-08 09:00:00,LONG,3452.31,3451.18,-1.13
2433,2025-11-08 09:00:00,2025-11-08 09:45:00,SHORT,3451.18,3439.88,11.3
2434,2025-11-08 09:45:00,2025-11-08 12:00:00,LONG,3439.88,3400.37,-39.51
2435,2025-11-08 12:00:00,2025-11-08 15:00:00,SHORT,3400.37,3396.71,3.66
2436,2025-11-08 15:00:00,2025-11-08 15:45:00,LONG,3396.71,3376.79,-19.92
2437,2025-11-08 15:45:00,2025-11-08 18:00:00,SHORT,3376.79,3397.36,-20.57
2438,2025-11-08 18:00:00,2025-11-08 19:30:00,LONG,3397.36,3383.89,-13.47
2439,2025-11-08 19:30:00,2025-11-08 21:00:00,SHORT,3383.89,3395.97,-12.08
2440,2025-11-08 21:00:00,2025-11-09 00:00:00,LONG,3395.97,3387.85,-8.12
2441,2025-11-09 00:00:00,2025-11-09 00:45:00,SHORT,3387.85,3384.77,3.08
2442,2025-11-09 00:45:00,2025-11-09 02:15:00,LONG,3384.77,3393.09,8.32
2443,2025-11-09 02:15:00,2025-11-09 04:30:00,SHORT,3393.09,3375.4,17.69
2444,2025-11-09 04:30:00,2025-11-09 07:30:00,LONG,3375.4,3416.93,41.53
2445,2025-11-09 07:30:00,2025-11-09 08:15:00,SHORT,3416.93,3413.0,3.93
2446,2025-11-09 08:15:00,2025-11-09 09:45:00,LONG,3413.0,3400.97,-12.03
2447,2025-11-09 09:45:00,2025-11-09 11:15:00,SHORT,3400.97,3420.33,-19.36
2448,2025-11-09 11:15:00,2025-11-09 15:00:00,LONG,3420.33,3524.95,104.62
2449,2025-11-09 15:00:00,2025-11-09 15:45:00,SHORT,3524.95,3515.51,9.44
2450,2025-11-09 15:45:00,2025-11-09 18:00:00,LONG,3515.51,3515.51,0.0
2451,2025-11-09 18:00:00,2025-11-09 18:45:00,SHORT,3515.51,3541.54,-26.03
2452,2025-11-09 18:45:00,2025-11-09 22:30:00,LONG,3541.54,3572.86,31.32
2453,2025-11-09 22:30:00,2025-11-09 23:15:00,SHORT,3572.86,3578.2,-5.34
2454,2025-11-09 23:15:00,2025-11-10 02:15:00,LONG,3578.2,3625.66,47.46
2455,2025-11-10 02:15:00,2025-11-10 03:00:00,SHORT,3625.66,3625.03,0.63
2456,2025-11-10 03:00:00,2025-11-10 04:30:00,LONG,3625.03,3611.01,-14.02
2457,2025-11-10 04:30:00,2025-11-10 05:15:00,SHORT,3611.01,3610.38,0.63
2458,2025-11-10 05:15:00,2025-11-10 06:00:00,LONG,3610.38,3607.1,-3.28
2459,2025-11-10 06:00:00,2025-11-10 06:45:00,SHORT,3607.1,3605.64,1.46
2460,2025-11-10 06:45:00,2025-11-10 08:15:00,LONG,3605.64,3605.96,0.32
2461,2025-11-10 08:15:00,2025-11-10 09:45:00,SHORT,3605.96,3624.36,-18.4
2462,2025-11-10 09:45:00,2025-11-10 10:30:00,LONG,3624.36,3610.67,-13.69
2463,2025-11-10 10:30:00,2025-11-10 11:15:00,SHORT,3610.67,3611.78,-1.11
2464,2025-11-10 11:15:00,2025-11-10 12:00:00,LONG,3611.78,3593.57,-18.21
2465,2025-11-10 12:00:00,2025-11-10 13:30:00,SHORT,3593.57,3614.94,-21.37
2466,2025-11-10 13:30:00,2025-11-10 14:15:00,LONG,3614.94,3604.34,-10.6
2467,2025-11-10 14:15:00,2025-11-10 15:45:00,SHORT,3604.34,3519.46,84.88
2468,2025-11-10 15:45:00,2025-11-10 16:30:00,LONG,3519.46,3516.9,-2.56
2469,2025-11-10 16:30:00,2025-11-10 17:15:00,SHORT,3516.9,3530.01,-13.11
2470,2025-11-10 17:15:00,2025-11-10 19:30:00,LONG,3530.01,3564.24,34.23
2471,2025-11-10 19:30:00,2025-11-10 20:15:00,SHORT,3564.24,3566.08,-1.84
2472,2025-11-10 20:15:00,2025-11-10 21:00:00,LONG,3566.08,3547.55,-18.53
2473,2025-11-10 21:00:00,2025-11-10 22:30:00,SHORT,3547.55,3553.46,-5.91
2474,2025-11-10 22:30:00,2025-11-11 00:00:00,LONG,3553.46,3568.81,15.35
2475,2025-11-11 00:00:00,2025-11-11 01:30:00,SHORT,3568.81,3597.34,-28.53
2476,2025-11-11 01:30:00,2025-11-11 02:15:00,LONG,3597.34,3593.97,-3.37
2477,2025-11-11 02:15:00,2025-11-11 03:00:00,SHORT,3593.97,3626.41,-32.44
2478,2025-11-11 03:00:00,2025-11-11 03:45:00,LONG,3626.41,3606.1,-20.31
2479,2025-11-11 03:45:00,2025-11-11 06:45:00,SHORT,3606.1,3557.7,48.4
2480,2025-11-11 06:45:00,2025-11-11 09:45:00,LONG,3557.7,3556.11,-1.59
2481,2025-11-11 09:45:00,2025-11-11 10:30:00,SHORT,3556.11,3558.83,-2.72
2482,2025-11-11 10:30:00,2025-11-11 12:00:00,LONG,3558.83,3580.57,21.74
2483,2025-11-11 12:00:00,2025-11-11 15:00:00,SHORT,3580.57,3497.98,82.59
2484,2025-11-11 15:00:00,2025-11-11 15:45:00,LONG,3497.98,3481.1,-16.88
2485,2025-11-11 15:45:00,2025-11-11 17:15:00,SHORT,3481.1,3476.6,4.5
2486,2025-11-11 17:15:00,2025-11-11 18:45:00,LONG,3476.6,3468.86,-7.74
2487,2025-11-11 18:45:00,2025-11-11 22:30:00,SHORT,3468.86,3430.41,38.45
2488,2025-11-11 22:30:00,2025-11-11 23:15:00,LONG,3430.41,3429.93,-0.48
2489,2025-11-11 23:15:00,2025-11-12 00:45:00,SHORT,3429.93,3418.13,11.8
2490,2025-11-12 00:45:00,2025-11-12 03:00:00,LONG,3418.13,3437.39,19.26
2491,2025-11-12 03:00:00,2025-11-12 03:45:00,SHORT,3437.39,3439.1,-1.71
2492,2025-11-12 03:45:00,2025-11-12 04:30:00,LONG,3439.1,3434.64,-4.46
2493,2025-11-12 04:30:00,2025-11-12 05:15:00,SHORT,3434.64,3449.16,-14.52
2494,2025-11-12 05:15:00,2025-11-12 06:45:00,LONG,3449.16,3439.11,-10.05
2495,2025-11-12 06:45:00,2025-11-12 09:00:00,SHORT,3439.11,3487.48,-48.37
2496,2025-11-12 09:00:00,2025-11-12 12:45:00,LONG,3487.48,3552.36,64.88
2497,2025-11-12 12:45:00,2025-11-12 13:30:00,SHORT,3552.36,3583.55,-31.19
2498,2025-11-12 13:30:00,2025-11-12 15:00:00,LONG,3583.55,3487.62,-95.93
2499,2025-11-12 15:00:00,2025-11-12 17:15:00,SHORT,3487.62,3401.47,86.15
2500,2025-11-12 17:15:00,2025-11-12 19:30:00,LONG,3401.47,3409.61,8.14
2501,2025-11-12 19:30:00,2025-11-12 20:15:00,SHORT,3409.61,3425.65,-16.04
2502,2025-11-12 20:15:00,2025-11-12 21:00:00,LONG,3425.65,3429.19,3.54
2503,2025-11-12 21:00:00,2025-11-13 00:00:00,SHORT,3429.19,3416.07,13.12
2504,2025-11-13 00:00:00,2025-11-13 02:15:00,LONG,3416.07,3427.68,11.61
2505,2025-11-13 02:15:00,2025-11-13 03:45:00,SHORT,3427.68,3452.86,-25.18
2506,2025-11-13 03:45:00,2025-11-13 05:15:00,LONG,3452.86,3485.27,32.41
2507,2025-11-13 05:15:00,2025-11-13 06:00:00,SHORT,3485.27,3532.09,-46.82
2508,2025-11-13 06:00:00,2025-11-13 08:15:00,LONG,3532.09,3543.16,11.07
2509,2025-11-13 08:15:00,2025-11-13 10:30:00,SHORT,3543.16,3505.6,37.56
2510,2025-11-13 10:30:00,2025-11-13 12:00:00,LONG,3505.6,3484.11,-21.49
2511,2025-11-13 12:00:00,2025-11-13 12:45:00,SHORT,3484.11,3501.15,-17.04
2512,2025-11-13 12:45:00,2025-11-13 13:30:00,LONG,3501.15,3439.44,-61.71
2513,2025-11-13 13:30:00,2025-11-13 15:00:00,SHORT,3439.44,3442.64,-3.2
2514,2025-11-13 15:00:00,2025-11-13 15:45:00,LONG,3442.64,3386.85,-55.79
2515,2025-11-13 15:45:00,2025-11-13 19:30:00,SHORT,3386.85,3212.2,174.65
2516,2025-11-13 19:30:00,2025-11-13 20:15:00,LONG,3212.2,3175.43,-36.77
2517,2025-11-13 20:15:00,2025-11-13 21:45:00,SHORT,3175.43,3179.74,-4.31
2518,2025-11-13 21:45:00,2025-11-14 00:00:00,LONG,3179.74,3223.04,43.3
2519,2025-11-14 00:00:00,2025-11-14 02:15:00,SHORT,3223.04,3237.06,-14.02
2520,2025-11-14 02:15:00,2025-11-14 03:45:00,LONG,3237.06,3227.93,-9.13
2521,2025-11-14 03:45:00,2025-11-14 06:00:00,SHORT,3227.93,3174.85,53.08
2522,2025-11-14 06:00:00,2025-11-14 06:45:00,LONG,3174.85,3222.42,47.57
2523,2025-11-14 06:45:00,2025-11-14 07:30:00,SHORT,3222.42,3213.11,9.31
2524,2025-11-14 07:30:00,2025-11-14 08:15:00,LONG,3213.11,3193.92,-19.19
2525,2025-11-14 08:15:00,2025-11-14 09:00:00,SHORT,3193.92,3200.01,-6.09
2526,2025-11-14 09:00:00,2025-11-14 09:45:00,LONG,3200.01,3156.43,-43.58
2527,2025-11-14 09:45:00,2025-11-14 10:30:00,SHORT,3156.43,3189.05,-32.62
2528,2025-11-14 10:30:00,2025-11-14 11:15:00,LONG,3189.05,3155.78,-33.27
2529,2025-11-14 11:15:00,2025-11-14 14:15:00,SHORT,3155.78,3134.47,21.31
2530,2025-11-14 14:15:00,2025-11-14 18:00:00,LONG,3134.47,3203.5,69.03
2531,2025-11-14 18:00:00,2025-11-14 19:30:00,SHORT,3203.5,3190.01,13.49
2532,2025-11-14 19:30:00,2025-11-14 20:15:00,LONG,3190.01,3170.22,-19.79
2533,2025-11-14 20:15:00,2025-11-14 21:45:00,SHORT,3170.22,3167.44,2.78
2534,2025-11-14 21:45:00,2025-11-14 23:15:00,LONG,3167.44,3107.0,-60.44
2535,2025-11-14 23:15:00,2025-11-15 00:45:00,SHORT,3107.0,3141.26,-34.26
2536,2025-11-15 00:45:00,2025-11-15 03:45:00,LONG,3141.26,3179.16,37.9
2537,2025-11-15 03:45:00,2025-11-15 06:00:00,SHORT,3179.16,3180.86,-1.7
2538,2025-11-15 06:00:00,2025-11-15 06:45:00,LONG,3180.86,3175.53,-5.33
2539,2025-11-15 06:45:00,2025-11-15 07:30:00,SHORT,3175.53,3173.34,2.19
2540,2025-11-15 07:30:00,2025-11-15 08:15:00,LONG,3173.34,3158.31,-15.03
2541,2025-11-15 08:15:00,2025-11-15 09:45:00,SHORT,3158.31,3152.99,5.32
2542,2025-11-15 09:45:00,2025-11-15 12:00:00,LONG,3152.99,3159.11,6.12
2543,2025-11-15 12:00:00,2025-11-15 13:30:00,SHORT,3159.11,3177.56,-18.45
2544,2025-11-15 13:30:00,2025-11-15 15:00:00,LONG,3177.56,3183.9,6.34
2545,2025-11-15 15:00:00,2025-11-15 17:15:00,SHORT,3183.9,3200.07,-16.17
2546,2025-11-15 17:15:00,2025-11-15 18:45:00,LONG,3200.07,3208.1,8.03
2547,2025-11-15 18:45:00,2025-11-15 22:30:00,SHORT,3208.1,3164.72,43.38
2548,2025-11-15 22:30:00,2025-11-16 00:00:00,LONG,3164.72,3160.21,-4.51
2549,2025-11-16 00:00:00,2025-11-16 00:45:00,SHORT,3160.21,3152.59,7.62
2550,2025-11-16 00:45:00,2025-11-16 01:30:00,LONG,3152.59,3143.78,-8.81
2551,2025-11-16 01:30:00,2025-11-16 02:15:00,SHORT,3143.78,3178.0,-34.22
2552,2025-11-16 02:15:00,2025-11-16 04:30:00,LONG,3178.0,3190.72,12.72
2553,2025-11-16 04:30:00,2025-11-16 05:15:00,SHORT,3190.72,3208.39,-17.67
2554,2025-11-16 05:15:00,2025-11-16 06:00:00,LONG,3208.39,3212.16,3.77
2555,2025-11-16 06:00:00,2025-11-16 06:45:00,SHORT,3212.16,3201.21,10.95
2556,2025-11-16 06:45:00,2025-11-16 07:30:00,LONG,3201.21,3211.4,10.19
2557,2025-11-16 07:30:00,2025-11-16 09:00:00,SHORT,3211.4,3214.69,-3.29
2558,2025-11-16 09:00:00,2025-11-16 10:30:00,LONG,3214.69,3235.41,20.72
2559,2025-11-16 10:30:00,2025-11-16 12:45:00,SHORT,3235.41,3168.99,66.42
2560,2025-11-16 12:45:00,2025-11-16 13:30:00,LONG,3168.99,3146.82,-22.17
2561,2025-11-16 13:30:00,2025-11-16 14:15:00,SHORT,3146.82,3156.28,-9.46
2562,2025-11-16 14:15:00,2025-11-16 16:30:00,LONG,3156.28,3071.03,-85.25
2563,2025-11-16 16:30:00,2025-11-16 18:00:00,SHORT,3071.03,3117.13,-46.1
2564,2025-11-16 18:00:00,2025-11-16 18:45:00,LONG,3117.13,3060.44,-56.69
2565,2025-11-16 18:45:00,2025-11-16 19:30:00,SHORT,3060.44,3099.37,-38.93
2566,2025-11-16 19:30:00,2025-11-16 21:00:00,LONG,3099.37,3072.09,-27.28
2567,2025-11-16 21:00:00,2025-11-16 22:30:00,SHORT,3072.09,3066.01,6.08
2568,2025-11-16 22:30:00,2025-11-16 23:15:00,LONG,3066.01,3091.09,25.08
2569,2025-11-16 23:15:00,2025-11-17 00:00:00,SHORT,3091.09,3094.83,-3.74
2570,2025-11-17 00:00:00,2025-11-17 05:15:00,LONG,3094.83,3190.71,95.88
2571,2025-11-17 05:15:00,2025-11-17 06:00:00,SHORT,3190.71,3176.2,14.51
2572,2025-11-17 06:00:00,2025-11-17 06:45:00,LONG,3176.2,3194.0,17.8
2573,2025-11-17 06:45:00,2025-11-17 07:30:00,SHORT,3194.0,3201.64,-7.64
2574,2025-11-17 07:30:00,2025-11-17 08:15:00,LONG,3201.64,3197.96,-3.68
2575,2025-11-17 08:15:00,2025-11-17 11:15:00,SHORT,3197.96,3208.01,-10.05
2576,2025-11-17 11:15:00,2025-11-17 12:45:00,LONG,3208.01,3183.7,-24.31
2577,2025-11-17 12:45:00,2025-11-17 15:00:00,SHORT,3183.7,3136.55,47.15
2578,2025-11-17 15:00:00,2025-11-17 15:45:00,LONG,3136.55,3121.04,-15.51
2579,2025-11-17 15:45:00,2025-11-17 17:15:00,SHORT,3121.04,3099.77,21.27
2580,2025-11-17 17:15:00,2025-11-17 18:00:00,LONG,3099.77,3057.83,-41.94
2581,2025-11-17 18:00:00,2025-11-17 21:00:00,SHORT,3057.83,3020.34,37.49
2582,2025-11-17 21:00:00,2025-11-17 21:45:00,LONG,3020.34,3009.25,-11.09
2583,2025-11-17 21:45:00,2025-11-17 22:30:00,SHORT,3009.25,3030.46,-21.21
2584,2025-11-17 22:30:00,2025-11-17 23:15:00,LONG,3030.46,3017.81,-12.65
2585,2025-11-17 23:15:00,2025-11-18 00:00:00,SHORT,3017.81,3034.54,-16.73
2586,2025-11-18 00:00:00,2025-11-18 00:45:00,LONG,3034.54,3032.85,-1.69
2587,2025-11-18 00:45:00,2025-11-18 03:45:00,SHORT,3032.85,3023.97,8.88
2588,2025-11-18 03:45:00,2025-11-18 04:30:00,LONG,3023.97,2975.29,-48.68
2589,2025-11-18 04:30:00,2025-11-18 05:15:00,SHORT,2975.29,3014.19,-38.9
2590,2025-11-18 05:15:00,2025-11-18 06:45:00,LONG,3014.19,2989.76,-24.43
2591,2025-11-18 06:45:00,2025-11-18 07:30:00,SHORT,2989.76,3025.99,-36.23
2592,2025-11-18 07:30:00,2025-11-18 11:15:00,LONG,3025.99,3063.32,37.33
2593,2025-11-18 11:15:00,2025-11-18 12:45:00,SHORT,3063.32,3049.76,13.56
2594,2025-11-18 12:45:00,2025-11-18 13:30:00,LONG,3049.76,3038.87,-10.89
2595,2025-11-18 13:30:00,2025-11-18 15:00:00,SHORT,3038.87,3079.98,-41.11
2596,2025-11-18 15:00:00,2025-11-18 17:15:00,LONG,3079.98,3125.35,45.37
2597,2025-11-18 17:15:00,2025-11-18 18:45:00,SHORT,3125.35,3160.46,-35.11
2598,2025-11-18 18:45:00,2025-11-18 20:15:00,LONG,3160.46,3147.86,-12.6
2599,2025-11-18 20:15:00,2025-11-18 22:30:00,SHORT,3147.86,3123.48,24.38
2600,2025-11-18 22:30:00,2025-11-18 23:15:00,LONG,3123.48,3118.53,-4.95
2601,2025-11-18 23:15:00,2025-11-19 00:00:00,SHORT,3118.53,3103.43,15.1
2602,2025-11-19 00:00:00,2025-11-19 03:45:00,LONG,3103.43,3073.02,-30.41
2603,2025-11-19 03:45:00,2025-11-19 06:45:00,SHORT,3073.02,3041.15,31.87
2604,2025-11-19 06:45:00,2025-11-19 09:00:00,LONG,3041.15,3067.42,26.27
2605,2025-11-19 09:00:00,2025-11-19 09:45:00,SHORT,3067.42,3088.24,-20.82
2606,2025-11-19 09:45:00,2025-11-19 12:00:00,LONG,3088.24,3087.87,-0.37
2607,2025-11-19 12:00:00,2025-11-19 12:45:00,SHORT,3087.87,3100.82,-12.95
2608,2025-11-19 12:45:00,2025-11-19 14:15:00,LONG,3100.82,3027.52,-73.3
2609,2025-11-19 14:15:00,2025-11-19 15:00:00,SHORT,3027.52,3086.29,-58.77
2610,2025-11-19 15:00:00,2025-11-19 15:45:00,LONG,3086.29,2973.16,-113.13
2611,2025-11-19 15:45:00,2025-11-19 20:15:00,SHORT,2973.16,2919.58,53.58
2612,2025-11-19 20:15:00,2025-11-20 01:30:00,LONG,2919.58,3040.83,121.25
2613,2025-11-20 01:30:00,2025-11-20 02:15:00,SHORT,3040.83,3034.07,6.76
2614,2025-11-20 02:15:00,2025-11-20 04:30:00,LONG,3034.07,3026.94,-7.13
2615,2025-11-20 04:30:00,2025-11-20 05:15:00,SHORT,3026.94,3037.37,-10.43
2616,2025-11-20 05:15:00,2025-11-20 06:00:00,LONG,3037.37,3037.25,-0.12
2617,2025-11-20 06:00:00,2025-11-20 07:30:00,SHORT,3037.25,3033.67,3.58
2618,2025-11-20 07:30:00,2025-11-20 08:15:00,LONG,3033.67,3036.24,2.57
2619,2025-11-20 08:15:00,2025-11-20 10:30:00,SHORT,3036.24,3008.91,27.33
2620,2025-11-20 10:30:00,2025-11-20 13:30:00,LONG,3008.91,3001.8,-7.11
2621,2025-11-20 13:30:00,2025-11-20 15:00:00,SHORT,3001.8,2973.07,28.73
2622,2025-11-20 15:00:00,2025-11-20 16:30:00,LONG,2973.07,2868.4,-104.67
2623,2025-11-20 16:30:00,2025-11-20 18:00:00,SHORT,2868.4,2858.8,9.6
2624,2025-11-20 18:00:00,2025-11-20 18:45:00,LONG,2858.8,2813.66,-45.14
2625,2025-11-20 18:45:00,2025-11-20 19:30:00,SHORT,2813.66,2834.51,-20.85
2626,2025-11-20 19:30:00,2025-11-20 20:15:00,LONG,2834.51,2851.56,17.05
2627,2025-11-20 20:15:00,2025-11-20 21:45:00,SHORT,2851.56,2879.65,-28.09
2628,2025-11-20 21:45:00,2025-11-20 23:15:00,LONG,2879.65,2864.45,-15.2
2629,2025-11-20 23:15:00,2025-11-21 00:45:00,SHORT,2864.45,2861.08,3.37
2630,2025-11-21 00:45:00,2025-11-21 02:15:00,LONG,2861.08,2838.19,-22.89
2631,2025-11-21 02:15:00,2025-11-21 03:45:00,SHORT,2838.19,2809.18,29.01
2632,2025-11-21 03:45:00,2025-11-21 06:00:00,LONG,2809.18,2808.64,-0.54
2633,2025-11-21 06:00:00,2025-11-21 08:15:00,SHORT,2808.64,2736.4,72.24
2634,2025-11-21 08:15:00,2025-11-21 09:45:00,LONG,2736.4,2681.42,-54.98
2635,2025-11-21 09:45:00,2025-11-21 11:15:00,SHORT,2681.42,2710.79,-29.37
2636,2025-11-21 11:15:00,2025-11-21 12:00:00,LONG,2710.79,2686.17,-24.62
2637,2025-11-21 12:00:00,2025-11-21 12:45:00,SHORT,2686.17,2727.59,-41.42
2638,2025-11-21 12:45:00,2025-11-21 14:15:00,LONG,2727.59,2727.57,-0.02
2639,2025-11-21 14:15:00,2025-11-21 15:00:00,SHORT,2727.57,2742.18,-14.61
2640,2025-11-21 15:00:00,2025-11-21 15:45:00,LONG,2742.18,2705.32,-36.86
2641,2025-11-21 15:45:00,2025-11-21 16:30:00,SHORT,2705.32,2714.61,-9.29
2642,2025-11-21 16:30:00,2025-11-21 18:00:00,LONG,2714.61,2730.29,15.68
2643,2025-11-21 18:00:00,2025-11-21 18:45:00,SHORT,2730.29,2779.15,-48.86
2644,2025-11-21 18:45:00,2025-11-21 20:15:00,LONG,2779.15,2711.28,-67.87
2645,2025-11-21 20:15:00,2025-11-21 21:00:00,SHORT,2711.28,2745.26,-33.98
2646,2025-11-21 21:00:00,2025-11-21 22:30:00,LONG,2745.26,2745.48,0.22
2647,2025-11-21 22:30:00,2025-11-22 00:00:00,SHORT,2745.48,2777.49,-32.01
2648,2025-11-22 00:00:00,2025-11-22 02:15:00,LONG,2777.49,2757.02,-20.47
2649,2025-11-22 02:15:00,2025-11-22 05:15:00,SHORT,2757.02,2737.12,19.9
2650,2025-11-22 05:15:00,2025-11-22 08:15:00,LONG,2737.12,2729.01,-8.11
2651,2025-11-22 08:15:00,2025-11-22 11:15:00,SHORT,2729.01,2736.32,-7.31
2652,2025-11-22 11:15:00,2025-11-22 12:45:00,LONG,2736.32,2721.08,-15.24
2653,2025-11-22 12:45:00,2025-11-22 14:15:00,SHORT,2721.08,2745.31,-24.23
2654,2025-11-22 14:15:00,2025-11-22 15:45:00,LONG,2745.31,2738.92,-6.39
2655,2025-11-22 15:45:00,2025-11-22 16:30:00,SHORT,2738.92,2756.25,-17.33
2656,2025-11-22 16:30:00,2025-11-22 17:15:00,LONG,2756.25,2756.49,0.24
2657,2025-11-22 17:15:00,2025-11-22 20:15:00,SHORT,2756.49,2754.72,1.77
2658,2025-11-22 20:15:00,2025-11-22 21:00:00,LONG,2754.72,2739.74,-14.98
2659,2025-11-22 21:00:00,2025-11-22 21:45:00,SHORT,2739.74,2747.5,-7.76
2660,2025-11-22 21:45:00,2025-11-23 00:00:00,LONG,2747.5,2779.09,31.59
2661,2025-11-23 00:00:00,2025-11-23 01:30:00,SHORT,2779.09,2803.23,-24.14
2662,2025-11-23 01:30:00,2025-11-23 06:45:00,LONG,2803.23,2810.33,7.1
2663,2025-11-23 06:45:00,2025-11-23 08:15:00,SHORT,2810.33,2807.14,3.19
2664,2025-11-23 08:15:00,2025-11-23 10:30:00,LONG,2807.14,2810.82,3.68
2665,2025-11-23 10:30:00,2025-11-23 12:00:00,SHORT,2810.82,2828.28,-17.46
2666,2025-11-23 12:00:00,2025-11-23 14:15:00,LONG,2828.28,2829.27,0.99
2667,2025-11-23 14:15:00,2025-11-23 15:45:00,SHORT,2829.27,2836.5,-7.23
2668,2025-11-23 15:45:00,2025-11-23 16:30:00,LONG,2836.5,2830.99,-5.51
2669,2025-11-23 16:30:00,2025-11-23 18:45:00,SHORT,2830.99,2808.87,22.12
2670,2025-11-23 18:45:00,2025-11-23 21:00:00,LONG,2808.87,2823.01,14.14
2671,2025-11-23 21:00:00,2025-11-23 22:30:00,SHORT,2823.01,2830.8,-7.79
2672,2025-11-23 22:30:00,2025-11-23 23:15:00,LONG,2830.8,2806.2,-24.6
2673,2025-11-23 23:15:00,2025-11-24 00:45:00,SHORT,2806.2,2788.34,17.86
2674,2025-11-24 00:45:00,2025-11-24 04:30:00,LONG,2788.34,2827.8,39.46
2675,2025-11-24 04:30:00,2025-11-24 05:15:00,SHORT,2827.8,2877.93,-50.13
2676,2025-11-24 05:15:00,2025-11-24 06:45:00,LONG,2877.93,2839.43,-38.5
2677,2025-11-24 06:45:00,2025-11-24 09:00:00,SHORT,2839.43,2815.44,23.99
2678,2025-11-24 09:00:00,2025-11-24 09:45:00,LONG,2815.44,2797.72,-17.72
2679,2025-11-24 09:45:00,2025-11-24 10:30:00,SHORT,2797.72,2801.73,-4.01
2680,2025-11-24 10:30:00,2025-11-24 12:45:00,LONG,2801.73,2803.86,2.13
2681,2025-11-24 12:45:00,2025-11-24 13:30:00,SHORT,2803.86,2826.95,-23.09
2682,2025-11-24 13:30:00,2025-11-24 14:15:00,LONG,2826.95,2798.36,-28.59
2683,2025-11-24 14:15:00,2025-11-24 15:00:00,SHORT,2798.36,2833.39,-35.03
2684,2025-11-24 15:00:00,2025-11-24 21:00:00,LONG,2833.39,2968.21,134.82
2685,2025-11-24 21:00:00,2025-11-24 23:15:00,SHORT,2968.21,2967.59,0.62
2686,2025-11-24 23:15:00,2025-11-25 00:00:00,LONG,2967.59,2939.54,-28.05
2687,2025-11-25 00:00:00,2025-11-25 00:45:00,SHORT,2939.54,2943.03,-3.49
2688,2025-11-25 00:45:00,2025-11-25 01:30:00,LONG,2943.03,2937.08,-5.95
2689,2025-11-25 01:30:00,2025-11-25 03:00:00,SHORT,2937.08,2924.42,12.66
2690,2025-11-25 03:00:00,2025-11-25 03:45:00,LONG,2924.42,2911.99,-12.43
2691,2025-11-25 03:45:00,2025-11-25 04:30:00,SHORT,2911.99,2931.92,-19.93
2692,2025-11-25 04:30:00,2025-11-25 05:15:00,LONG,2931.92,2921.62,-10.3
2693,2025-11-25 05:15:00,2025-11-25 09:45:00,SHORT,2921.62,2891.89,29.73
2694,2025-11-25 09:45:00,2025-11-25 12:00:00,LONG,2891.89,2921.88,29.99
2695,2025-11-25 12:00:00,2025-11-25 12:45:00,SHORT,2921.88,2927.14,-5.26
2696,2025-11-25 12:45:00,2025-11-25 14:15:00,LONG,2927.14,2913.41,-13.73
2697,2025-11-25 14:15:00,2025-11-25 15:45:00,SHORT,2913.41,2895.45,17.96
2698,2025-11-25 15:45:00,2025-11-25 18:00:00,LONG,2895.45,2945.94,50.49
2699,2025-11-25 18:00:00,2025-11-25 20:15:00,SHORT,2945.94,2931.37,14.57
2700,2025-11-25 20:15:00,2025-11-26 00:00:00,LONG,2931.37,2954.49,23.12
2701,2025-11-26 00:00:00,2025-11-26 01:30:00,SHORT,2954.49,2977.59,-23.1
2702,2025-11-26 01:30:00,2025-11-26 03:00:00,LONG,2977.59,2956.36,-21.23
2703,2025-11-26 03:00:00,2025-11-26 04:30:00,SHORT,2956.36,2934.49,21.87
2704,2025-11-26 04:30:00,2025-11-26 08:15:00,LONG,2934.49,2924.73,-9.76
2705,2025-11-26 08:15:00,2025-11-26 10:30:00,SHORT,2924.73,2912.52,12.21
2706,2025-11-26 10:30:00,2025-11-26 12:45:00,LONG,2912.52,2901.6,-10.92
2707,2025-11-26 12:45:00,2025-11-26 13:30:00,SHORT,2901.6,2923.93,-22.33
2708,2025-11-26 13:30:00,2025-11-26 15:00:00,LONG,2923.93,2927.56,3.63
2709,2025-11-26 15:00:00,2025-11-26 16:30:00,SHORT,2927.56,2949.0,-21.44
2710,2025-11-26 16:30:00,2025-11-26 17:15:00,LONG,2949.0,2975.85,26.85
2711,2025-11-26 17:15:00,2025-11-26 18:00:00,SHORT,2975.85,3038.65,-62.8
2712,2025-11-26 18:00:00,2025-11-26 18:45:00,LONG,3038.65,3034.22,-4.43
2713,2025-11-26 18:45:00,2025-11-26 21:00:00,SHORT,3034.22,3017.6,16.62
2714,2025-11-26 21:00:00,2025-11-26 22:30:00,LONG,3017.6,3021.99,4.39
2715,2025-11-26 22:30:00,2025-11-26 23:15:00,SHORT,3021.99,3018.58,3.41
2716,2025-11-26 23:15:00,2025-11-27 03:00:00,LONG,3018.58,3043.01,24.43
2717,2025-11-27 03:00:00,2025-11-27 06:45:00,SHORT,3043.01,3028.04,14.97
2718,2025-11-27 06:45:00,2025-11-27 08:15:00,LONG,3028.04,3022.93,-5.11
2719,2025-11-27 08:15:00,2025-11-27 09:00:00,SHORT,3022.93,3026.93,-4.0
2720,2025-11-27 09:00:00,2025-11-27 12:00:00,LONG,3026.93,3025.57,-1.36
2721,2025-11-27 12:00:00,2025-11-27 15:00:00,SHORT,3025.57,2992.66,32.91
2722,2025-11-27 15:00:00,2025-11-27 17:15:00,LONG,2992.66,3016.56,23.9
2723,2025-11-27 17:15:00,2025-11-27 18:00:00,SHORT,3016.56,3022.1,-5.54
2724,2025-11-27 18:00:00,2025-11-27 19:30:00,LONG,3022.1,3035.88,13.78
2725,2025-11-27 19:30:00,2025-11-27 20:15:00,SHORT,3035.88,3037.23,-1.35
2726,2025-11-27 20:15:00,2025-11-27 21:00:00,LONG,3037.23,3037.97,0.74
2727,2025-11-27 21:00:00,2025-11-27 23:15:00,SHORT,3037.97,3012.61,25.36
2728,2025-11-27 23:15:00,2025-11-28 00:45:00,LONG,3012.61,3014.62,2.01
2729,2025-11-28 00:45:00,2025-11-28 02:15:00,SHORT,3014.62,2999.28,15.34
2730,2025-11-28 02:15:00,2025-11-28 03:45:00,LONG,2999.28,3008.63,9.35
2731,2025-11-28 03:45:00,2025-11-28 04:30:00,SHORT,3008.63,3015.13,-6.5
2732,2025-11-28 04:30:00,2025-11-28 06:45:00,LONG,3015.13,3010.01,-5.12
2733,2025-11-28 06:45:00,2025-11-28 07:30:00,SHORT,3010.01,3010.52,-0.51
2734,2025-11-28 07:30:00,2025-11-28 09:45:00,LONG,3010.52,3055.27,44.75
2735,2025-11-28 09:45:00,2025-11-28 12:45:00,SHORT,3055.27,3036.08,19.19
2736,2025-11-28 12:45:00,2025-11-28 15:00:00,LONG,3036.08,3067.12,31.04
2737,2025-11-28 15:00:00,2025-11-28 18:00:00,SHORT,3067.12,3046.66,20.46
2738,2025-11-28 18:00:00,2025-11-28 20:15:00,LONG,3046.66,3053.76,7.1
2739,2025-11-28 20:15:00,2025-11-28 21:00:00,SHORT,3053.76,3053.2,0.56
2740,2025-11-28 21:00:00,2025-11-28 21:45:00,LONG,3053.2,3036.55,-16.65
2741,2025-11-28 21:45:00,2025-11-28 23:15:00,SHORT,3036.55,3037.36,-0.81
2742,2025-11-28 23:15:00,2025-11-29 00:00:00,LONG,3037.36,3034.23,-3.13
2743,2025-11-29 00:00:00,2025-11-29 00:45:00,SHORT,3034.23,3035.95,-1.72
2744,2025-11-29 00:45:00,2025-11-29 01:30:00,LONG,3035.95,3035.88,-0.07
2745,2025-11-29 01:30:00,2025-11-29 04:30:00,SHORT,3035.88,3031.21,4.67
2746,2025-11-29 04:30:00,2025-11-29 06:00:00,LONG,3031.21,3036.5,5.29
2747,2025-11-29 06:00:00,2025-11-29 08:15:00,SHORT,3036.5,3005.96,30.54
2748,2025-11-29 08:15:00,2025-11-29 09:45:00,LONG,3005.96,3002.05,-3.91
2749,2025-11-29 09:45:00,2025-11-29 10:30:00,SHORT,3002.05,3002.67,-0.62
2750,2025-11-29 10:30:00,2025-11-29 11:15:00,LONG,3002.67,2996.85,-5.82
2751,2025-11-29 11:15:00,2025-11-29 12:00:00,SHORT,2996.85,2995.06,1.79
2752,2025-11-29 12:00:00,2025-11-29 14:15:00,LONG,2995.06,2994.87,-0.19
2753,2025-11-29 14:15:00,2025-11-29 15:45:00,SHORT,2994.87,3007.41,-12.54
2754,2025-11-29 15:45:00,2025-11-29 16:30:00,LONG,3007.41,3001.83,-5.58
2755,2025-11-29 16:30:00,2025-11-29 18:45:00,SHORT,3001.83,2994.72,7.11
2756,2025-11-29 18:45:00,2025-11-29 20:15:00,LONG,2994.72,2991.11,-3.61
2757,2025-11-29 20:15:00,2025-11-29 21:00:00,SHORT,2991.11,2988.37,2.74
2758,2025-11-29 21:00:00,2025-11-29 22:30:00,LONG,2988.37,2990.45,2.08
2759,2025-11-29 22:30:00,2025-11-30 00:45:00,SHORT,2990.45,2997.31,-6.86
2760,2025-11-30 00:45:00,2025-11-30 03:00:00,LONG,2997.31,2989.8,-7.51
2761,2025-11-30 03:00:00,2025-11-30 03:45:00,SHORT,2989.8,3001.69,-11.89
2762,2025-11-30 03:45:00,2025-11-30 04:30:00,LONG,3001.69,2998.02,-3.67
2763,2025-11-30 04:30:00,2025-11-30 06:00:00,SHORT,2998.02,2989.44,8.58
2764,2025-11-30 06:00:00,2025-11-30 08:15:00,LONG,2989.44,3009.01,19.57
2765,2025-11-30 08:15:00,2025-11-30 09:45:00,SHORT,3009.01,3010.16,-1.15
2766,2025-11-30 09:45:00,2025-11-30 11:15:00,LONG,3010.16,3004.85,-5.31
2767,2025-11-30 11:15:00,2025-11-30 12:45:00,SHORT,3004.85,3025.99,-21.14
2768,2025-11-30 12:45:00,2025-11-30 15:00:00,LONG,3025.99,3030.19,4.2
2769,2025-11-30 15:00:00,2025-11-30 16:30:00,SHORT,3030.19,3044.33,-14.14
2770,2025-11-30 16:30:00,2025-11-30 17:15:00,LONG,3044.33,3035.19,-9.14
2771,2025-11-30 17:15:00,2025-11-30 18:00:00,SHORT,3035.19,3034.74,0.45
2772,2025-11-30 18:00:00,2025-11-30 18:45:00,LONG,3034.74,3036.9,2.16
2773,2025-11-30 18:45:00,2025-11-30 20:15:00,SHORT,3036.9,3029.95,6.95
2774,2025-11-30 20:15:00,2025-11-30 21:00:00,LONG,3029.95,3020.7,-9.25
2775,2025-11-30 21:00:00,2025-11-30 22:30:00,SHORT,3020.7,3026.18,-5.48
2776,2025-11-30 22:30:00,2025-11-30 23:15:00,LONG,3026.18,3008.6,-17.58
2777,2025-11-30 23:15:00,2025-12-01 02:15:00,SHORT,3008.6,2853.59,155.01
2778,2025-12-01 02:15:00,2025-12-01 03:00:00,LONG,2853.59,2825.42,-28.17
2779,2025-12-01 03:00:00,2025-12-01 03:45:00,SHORT,2825.42,2825.77,-0.35
2780,2025-12-01 03:45:00,2025-12-01 04:30:00,LONG,2825.77,2814.65,-11.12
2781,2025-12-01 04:30:00,2025-12-01 06:00:00,SHORT,2814.65,2829.6,-14.95
2782,2025-12-01 06:00:00,2025-12-01 08:15:00,LONG,2829.6,2837.75,8.15
2783,2025-12-01 08:15:00,2025-12-01 09:00:00,SHORT,2837.75,2834.46,3.29
2784,2025-12-01 09:00:00,2025-12-01 10:30:00,LONG,2834.46,2842.62,8.16
2785,2025-12-01 10:30:00,2025-12-01 14:15:00,SHORT,2842.62,2820.31,22.31
2786,2025-12-01 14:15:00,2025-12-01 15:45:00,LONG,2820.31,2745.72,-74.59
2787,2025-12-01 15:45:00,2025-12-01 20:15:00,SHORT,2745.72,2749.23,-3.51
2788,2025-12-01 20:15:00,2025-12-01 23:15:00,LONG,2749.23,2812.88,63.65
2789,2025-12-01 23:15:00,2025-12-02 01:30:00,SHORT,2812.88,2797.17,15.71
2790,2025-12-02 01:30:00,2025-12-02 03:00:00,LONG,2797.17,2802.51,5.34
2791,2025-12-02 03:00:00,2025-12-02 03:45:00,SHORT,2802.51,2804.55,-2.04
2792,2025-12-02 03:45:00,2025-12-02 05:15:00,LONG,2804.55,2799.8,-4.75
2793,2025-12-02 05:15:00,2025-12-02 06:00:00,SHORT,2799.8,2802.1,-2.3
2794,2025-12-02 06:00:00,2025-12-02 07:30:00,LONG,2802.1,2806.43,4.33
2795,2025-12-02 07:30:00,2025-12-02 09:00:00,SHORT,2806.43,2802.99,3.44
2796,2025-12-02 09:00:00,2025-12-02 09:45:00,LONG,2802.99,2798.05,-4.94
2797,2025-12-02 09:45:00,2025-12-02 10:30:00,SHORT,2798.05,2812.43,-14.38
2798,2025-12-02 10:30:00,2025-12-02 12:45:00,LONG,2812.43,2827.86,15.43
2799,2025-12-02 12:45:00,2025-12-02 13:30:00,SHORT,2827.86,2839.95,-12.09
2800,2025-12-02 13:30:00,2025-12-02 16:30:00,LONG,2839.95,2989.22,149.27
2801,2025-12-02 16:30:00,2025-12-02 19:30:00,SHORT,2989.22,3022.86,-33.64
2802,2025-12-02 19:30:00,2025-12-02 20:15:00,LONG,3022.86,2983.79,-39.07
2803,2025-12-02 20:15:00,2025-12-02 21:45:00,SHORT,2983.79,2995.45,-11.66
2804,2025-12-02 21:45:00,2025-12-02 23:15:00,LONG,2995.45,3008.15,12.7
2805,2025-12-02 23:15:00,2025-12-03 00:45:00,SHORT,3008.15,3003.2,4.95
2806,2025-12-03 00:45:00,2025-12-03 03:00:00,LONG,3003.2,3028.72,25.52
2807,2025-12-03 03:00:00,2025-12-03 04:30:00,SHORT,3028.72,3052.97,-24.25
2808,2025-12-03 04:30:00,2025-12-03 06:45:00,LONG,3052.97,3067.21,14.24
2809,2025-12-03 06:45:00,2025-12-03 09:45:00,SHORT,3067.21,3060.64,6.57
2810,2025-12-03 09:45:00,2025-12-03 11:15:00,LONG,3060.64,3070.57,9.93
2811,2025-12-03 11:15:00,2025-12-03 12:00:00,SHORT,3070.57,3073.47,-2.9
2812,2025-12-03 12:00:00,2025-12-03 14:15:00,LONG,3073.47,3074.12,0.65
2813,2025-12-03 14:15:00,2025-12-03 15:45:00,SHORT,3074.12,3086.12,-12.0
2814,2025-12-03 15:45:00,2025-12-03 19:30:00,LONG,3086.12,3120.4,34.28
2815,2025-12-03 19:30:00,2025-12-03 20:15:00,SHORT,3120.4,3126.74,-6.34
2816,2025-12-03 20:15:00,2025-12-04 01:30:00,LONG,3126.74,3218.01,91.27
2817,2025-12-04 01:30:00,2025-12-04 02:15:00,SHORT,3218.01,3213.19,4.82
2818,2025-12-04 02:15:00,2025-12-04 03:45:00,LONG,3213.19,3210.13,-3.06
2819,2025-12-04 03:45:00,2025-12-04 06:45:00,SHORT,3210.13,3205.13,5.0
2820,2025-12-04 06:45:00,2025-12-04 07:30:00,LONG,3205.13,3197.79,-7.34
2821,2025-12-04 07:30:00,2025-12-04 09:45:00,SHORT,3197.79,3200.04,-2.25
2822,2025-12-04 09:45:00,2025-12-04 10:30:00,LONG,3200.04,3193.28,-6.76
2823,2025-12-04 10:30:00,2025-12-04 13:30:00,SHORT,3193.28,3174.56,18.72
2824,2025-12-04 13:30:00,2025-12-04 15:00:00,LONG,3174.56,3180.0,5.44
2825,2025-12-04 15:00:00,2025-12-04 15:45:00,SHORT,3180.0,3208.15,-28.15
2826,2025-12-04 15:45:00,2025-12-04 17:15:00,LONG,3208.15,3162.92,-45.23
2827,2025-12-04 17:15:00,2025-12-04 20:15:00,SHORT,3162.92,3116.61,46.31
2828,2025-12-04 20:15:00,2025-12-04 23:15:00,LONG,3116.61,3137.91,21.3
2829,2025-12-04 23:15:00,2025-12-05 00:45:00,SHORT,3137.91,3146.68,-8.77
2830,2025-12-05 00:45:00,2025-12-05 03:45:00,LONG,3146.68,3170.98,24.3
2831,2025-12-05 03:45:00,2025-12-05 06:45:00,SHORT,3170.98,3169.07,1.91
2832,2025-12-05 06:45:00,2025-12-05 08:15:00,LONG,3169.07,3159.84,-9.23
2833,2025-12-05 08:15:00,2025-12-05 10:30:00,SHORT,3159.84,3145.28,14.56
2834,2025-12-05 10:30:00,2025-12-05 13:30:00,LONG,3145.28,3096.83,-48.45
2835,2025-12-05 13:30:00,2025-12-05 15:00:00,SHORT,3096.83,3141.46,-44.63
2836,2025-12-05 15:00:00,2025-12-05 16:30:00,LONG,3141.46,3015.83,-125.63
2837,2025-12-05 16:30:00,2025-12-05 18:00:00,SHORT,3015.83,3051.25,-35.42
2838,2025-12-05 18:00:00,2025-12-05 18:45:00,LONG,3051.25,3007.53,-43.72
2839,2025-12-05 18:45:00,2025-12-05 19:30:00,SHORT,3007.53,3030.39,-22.86
2840,2025-12-05 19:30:00,2025-12-05 21:00:00,LONG,3030.39,3033.73,3.34
2841,2025-12-05 21:00:00,2025-12-05 22:30:00,SHORT,3033.73,3030.9,2.83
2842,2025-12-05 22:30:00,2025-12-05 23:15:00,LONG,3030.9,3022.5,-8.4
2843,2025-12-05 23:15:00,2025-12-06 00:00:00,SHORT,3022.5,3017.08,5.42
2844,2025-12-06 00:00:00,2025-12-06 02:15:00,LONG,3017.08,3022.58,5.5
2845,2025-12-06 02:15:00,2025-12-06 03:00:00,SHORT,3022.58,3042.99,-20.41
2846,2025-12-06 03:00:00,2025-12-06 04:30:00,LONG,3042.99,3032.51,-10.48
2847,2025-12-06 04:30:00,2025-12-06 05:15:00,SHORT,3032.51,3037.8,-5.29
2848,2025-12-06 05:15:00,2025-12-06 06:45:00,LONG,3037.8,3039.43,1.63
2849,2025-12-06 06:45:00,2025-12-06 09:45:00,SHORT,3039.43,3030.0,9.43
2850,2025-12-06 09:45:00,2025-12-06 12:45:00,LONG,3030.0,3031.65,1.65
2851,2025-12-06 12:45:00,2025-12-06 13:30:00,SHORT,3031.65,3038.95,-7.3
2852,2025-12-06 13:30:00,2025-12-06 17:15:00,LONG,3038.95,3059.78,20.83
2853,2025-12-06 17:15:00,2025-12-06 18:00:00,SHORT,3059.78,3055.47,4.31
2854,2025-12-06 18:00:00,2025-12-06 18:45:00,LONG,3055.47,3042.41,-13.06
2855,2025-12-06 18:45:00,2025-12-06 20:15:00,SHORT,3042.41,3038.16,4.25
2856,2025-12-06 20:15:00,2025-12-06 23:15:00,LONG,3038.16,3030.36,-7.8
2857,2025-12-06 23:15:00,2025-12-07 00:00:00,SHORT,3030.36,3034.24,-3.88
2858,2025-12-07 00:00:00,2025-12-07 02:15:00,LONG,3034.24,3046.23,11.99
2859,2025-12-07 02:15:00,2025-12-07 03:00:00,SHORT,3046.23,3052.8,-6.57
2860,2025-12-07 03:00:00,2025-12-07 04:30:00,LONG,3052.8,3045.46,-7.34
2861,2025-12-07 04:30:00,2025-12-07 06:45:00,SHORT,3045.46,3048.34,-2.88
2862,2025-12-07 06:45:00,2025-12-07 07:30:00,LONG,3048.34,3032.87,-15.47
2863,2025-12-07 07:30:00,2025-12-07 10:30:00,SHORT,3032.87,3040.99,-8.12
2864,2025-12-07 10:30:00,2025-12-07 12:00:00,LONG,3040.99,3042.01,1.02
2865,2025-12-07 12:00:00,2025-12-07 12:45:00,SHORT,3042.01,3049.12,-7.11
2866,2025-12-07 12:45:00,2025-12-07 13:30:00,LONG,3049.12,3030.89,-18.23
2867,2025-12-07 13:30:00,2025-12-07 15:45:00,SHORT,3030.89,3027.01,3.88
2868,2025-12-07 15:45:00,2025-12-07 19:30:00,LONG,3027.01,3139.0,111.99
2869,2025-12-07 19:30:00,2025-12-08 00:00:00,SHORT,3139.0,3047.08,91.92
2870,2025-12-08 00:00:00,2025-12-08 03:45:00,LONG,3047.08,3111.01,63.93
2871,2025-12-08 03:45:00,2025-12-08 04:30:00,SHORT,3111.01,3124.9,-13.89
2872,2025-12-08 04:30:00,2025-12-08 06:00:00,LONG,3124.9,3127.21,2.31
2873,2025-12-08 06:00:00,2025-12-08 06:45:00,SHORT,3127.21,3130.53,-3.32
2874,2025-12-08 06:45:00,2025-12-08 08:15:00,LONG,3130.53,3132.24,1.71
2875,2025-12-08 08:15:00,2025-12-08 09:00:00,SHORT,3132.24,3165.39,-33.15
2876,2025-12-08 09:00:00,2025-12-08 10:30:00,LONG,3165.39,3159.39,-6.0
2877,2025-12-08 10:30:00,2025-12-08 13:30:00,SHORT,3159.39,3150.81,8.58
2878,2025-12-08 13:30:00,2025-12-08 15:00:00,LONG,3150.81,3109.9,-40.91
2879,2025-12-08 15:00:00,2025-12-08 16:30:00,SHORT,3109.9,3124.99,-15.09
2880,2025-12-08 16:30:00,2025-12-08 22:30:00,LONG,3124.99,3124.54,-0.45
2881,2025-12-08 22:30:00,2025-12-09 03:45:00,SHORT,3124.54,3129.26,-4.72
2882,2025-12-09 03:45:00,2025-12-09 05:15:00,LONG,3129.26,3105.31,-23.95
2883,2025-12-09 05:15:00,2025-12-09 07:30:00,SHORT,3105.31,3124.83,-19.52
2884,2025-12-09 07:30:00,2025-12-09 09:00:00,LONG,3124.83,3120.27,-4.56
2885,2025-12-09 09:00:00,2025-12-09 10:30:00,SHORT,3120.27,3102.52,17.75
2886,2025-12-09 10:30:00,2025-12-09 11:15:00,LONG,3102.52,3106.16,3.64
2887,2025-12-09 11:15:00,2025-12-09 12:00:00,SHORT,3106.16,3116.49,-10.33
2888,2025-12-09 12:00:00,2025-12-09 14:15:00,LONG,3116.49,3111.86,-4.63
2889,2025-12-09 14:15:00,2025-12-09 15:00:00,SHORT,3111.86,3123.96,-12.1
2890,2025-12-09 15:00:00,2025-12-09 18:00:00,LONG,3123.96,3377.72,253.76
2891,2025-12-09 18:00:00,2025-12-10 03:00:00,SHORT,3377.72,3312.92,64.8
2892,2025-12-10 03:00:00,2025-12-10 04:30:00,LONG,3312.92,3320.79,7.87
2893,2025-12-10 04:30:00,2025-12-10 05:15:00,SHORT,3320.79,3318.28,2.51
2894,2025-12-10 05:15:00,2025-12-10 07:30:00,LONG,3318.28,3320.54,2.26
2895,2025-12-10 07:30:00,2025-12-10 08:15:00,SHORT,3320.54,3327.36,-6.82
2896,2025-12-10 08:15:00,2025-12-10 09:00:00,LONG,3327.36,3319.25,-8.11
2897,2025-12-10 09:00:00,2025-12-10 09:45:00,SHORT,3319.25,3347.89,-28.64
2898,2025-12-10 09:45:00,2025-12-10 10:30:00,LONG,3347.89,3319.34,-28.55
2899,2025-12-10 10:30:00,2025-12-10 12:00:00,SHORT,3319.34,3311.52,7.82
2900,2025-12-10 12:00:00,2025-12-10 14:15:00,LONG,3311.52,3326.81,15.29
2901,2025-12-10 14:15:00,2025-12-10 16:30:00,SHORT,3326.81,3354.99,-28.18
2902,2025-12-10 16:30:00,2025-12-10 19:30:00,LONG,3354.99,3366.6,11.61
2903,2025-12-10 19:30:00,2025-12-10 20:15:00,SHORT,3366.6,3401.15,-34.55
2904,2025-12-10 20:15:00,2025-12-10 21:00:00,LONG,3401.15,3353.47,-47.68
2905,2025-12-10 21:00:00,2025-12-11 04:30:00,SHORT,3353.47,3195.4,158.07
2906,2025-12-11 04:30:00,2025-12-11 05:15:00,LONG,3195.4,3206.57,11.17
2907,2025-12-11 05:15:00,2025-12-11 06:00:00,SHORT,3206.57,3208.49,-1.92
2908,2025-12-11 06:00:00,2025-12-11 06:45:00,LONG,3208.49,3202.77,-5.72
2909,2025-12-11 06:45:00,2025-12-11 09:00:00,SHORT,3202.77,3200.6,2.17
2910,2025-12-11 09:00:00,2025-12-11 09:45:00,LONG,3200.6,3198.56,-2.04
2911,2025-12-11 09:45:00,2025-12-11 11:15:00,SHORT,3198.56,3196.5,2.06
2912,2025-12-11 11:15:00,2025-12-11 12:00:00,LONG,3196.5,3190.82,-5.68
2913,2025-12-11 12:00:00,2025-12-11 12:45:00,SHORT,3190.82,3199.14,-8.32
2914,2025-12-11 12:45:00,2025-12-11 13:30:00,LONG,3199.14,3193.53,-5.61
2915,2025-12-11 13:30:00,2025-12-11 16:30:00,SHORT,3193.53,3188.21,5.32
2916,2025-12-11 16:30:00,2025-12-11 18:00:00,LONG,3188.21,3196.19,7.98
2917,2025-12-11 18:00:00,2025-12-11 18:45:00,SHORT,3196.19,3203.47,-7.28
2918,2025-12-11 18:45:00,2025-12-11 22:30:00,LONG,3203.47,3239.9,36.43
2919,2025-12-11 22:30:00,2025-12-12 00:00:00,SHORT,3239.9,3230.46,9.44
2920,2025-12-12 00:00:00,2025-12-12 00:45:00,LONG,3230.46,3189.24,-41.22
2921,2025-12-12 00:45:00,2025-12-12 01:30:00,SHORT,3189.24,3234.61,-45.37
2922,2025-12-12 01:30:00,2025-12-12 03:45:00,LONG,3234.61,3245.49,10.88
2923,2025-12-12 03:45:00,2025-12-12 06:00:00,SHORT,3245.49,3264.08,-18.59
2924,2025-12-12 06:00:00,2025-12-12 08:15:00,LONG,3264.08,3239.04,-25.04
2925,2025-12-12 08:15:00,2025-12-12 09:00:00,SHORT,3239.04,3246.04,-7.0
2926,2025-12-12 09:00:00,2025-12-12 11:15:00,LONG,3246.04,3233.2,-12.84
2927,2025-12-12 11:15:00,2025-12-12 12:00:00,SHORT,3233.2,3238.07,-4.87
2928,2025-12-12 12:00:00,2025-12-12 12:45:00,LONG,3238.07,3247.57,9.5
2929,2025-12-12 12:45:00,2025-12-12 17:15:00,SHORT,3247.57,3063.43,184.14
2930,2025-12-12 17:15:00,2025-12-12 19:30:00,LONG,3063.43,3068.16,4.73
2931,2025-12-12 19:30:00,2025-12-12 21:00:00,SHORT,3068.16,3085.77,-17.61
2932,2025-12-12 21:00:00,2025-12-13 00:00:00,LONG,3085.77,3090.06,4.29
2933,2025-12-13 00:00:00,2025-12-13 01:30:00,SHORT,3090.06,3080.59,9.47
2934,2025-12-13 01:30:00,2025-12-13 03:00:00,LONG,3080.59,3089.25,8.66
2935,2025-12-13 03:00:00,2025-12-13 03:45:00,SHORT,3089.25,3089.85,-0.6
2936,2025-12-13 03:45:00,2025-12-13 04:30:00,LONG,3089.85,3091.15,1.3
2937,2025-12-13 04:30:00,2025-12-13 06:00:00,SHORT,3091.15,3087.43,3.72
2938,2025-12-13 06:00:00,2025-12-13 11:15:00,LONG,3087.43,3124.6,37.17
2939,2025-12-13 11:15:00,2025-12-13 14:15:00,SHORT,3124.6,3097.45,27.15
2940,2025-12-13 14:15:00,2025-12-13 15:45:00,LONG,3097.45,3109.63,12.18
2941,2025-12-13 15:45:00,2025-12-13 18:45:00,SHORT,3109.63,3101.8,7.83
2942,2025-12-13 18:45:00,2025-12-13 19:30:00,LONG,3101.8,3110.73,8.93
2943,2025-12-13 19:30:00,2025-12-13 21:45:00,SHORT,3110.73,3111.63,-0.9
2944,2025-12-13 21:45:00,2025-12-14 00:00:00,LONG,3111.63,3112.31,0.68
2945,2025-12-14 00:00:00,2025-12-14 00:45:00,SHORT,3112.31,3119.31,-7.0
2946,2025-12-14 00:45:00,2025-12-14 03:45:00,LONG,3119.31,3118.96,-0.35
2947,2025-12-14 03:45:00,2025-12-14 06:00:00,SHORT,3118.96,3111.54,7.42
2948,2025-12-14 06:00:00,2025-12-14 07:30:00,LONG,3111.54,3110.91,-0.63
2949,2025-12-14 07:30:00,2025-12-14 08:15:00,SHORT,3110.91,3117.1,-6.19
2950,2025-12-14 08:15:00,2025-12-14 09:00:00,LONG,3117.1,3111.56,-5.54
2951,2025-12-14 09:00:00,2025-12-14 10:30:00,SHORT,3111.56,3106.21,5.35
2952,2025-12-14 10:30:00,2025-12-14 11:15:00,LONG,3106.21,3093.79,-12.42
2953,2025-12-14 11:15:00,2025-12-14 12:45:00,SHORT,3093.79,3098.54,-4.75
2954,2025-12-14 12:45:00,2025-12-14 13:30:00,LONG,3098.54,3089.8,-8.74
2955,2025-12-14 13:30:00,2025-12-14 14:15:00,SHORT,3089.8,3095.66,-5.86
2956,2025-12-14 14:15:00,2025-12-14 15:00:00,LONG,3095.66,3075.38,-20.28
2957,2025-12-14 15:00:00,2025-12-14 15:45:00,SHORT,3075.38,3084.51,-9.13
2958,2025-12-14 15:45:00,2025-12-14 17:15:00,LONG,3084.51,3081.79,-2.72
2959,2025-12-14 17:15:00,2025-12-14 18:00:00,SHORT,3081.79,3089.99,-8.2
2960,2025-12-14 18:00:00,2025-12-14 21:00:00,LONG,3089.99,3084.93,-5.06
2961,2025-12-14 21:00:00,2025-12-15 00:00:00,SHORT,3084.93,3060.3,24.63
2962,2025-12-15 00:00:00,2025-12-15 00:45:00,LONG,3060.3,3074.72,14.42
2963,2025-12-15 00:45:00,2025-12-15 01:30:00,SHORT,3074.72,3106.82,-32.1
2964,2025-12-15 01:30:00,2025-12-15 03:00:00,LONG,3106.82,3120.49,13.67
2965,2025-12-15 03:00:00,2025-12-15 05:15:00,SHORT,3120.49,3122.63,-2.14
2966,2025-12-15 05:15:00,2025-12-15 07:30:00,LONG,3122.63,3124.92,2.29
2967,2025-12-15 07:30:00,2025-12-15 08:15:00,SHORT,3124.92,3139.96,-15.04
2968,2025-12-15 08:15:00,2025-12-15 11:15:00,LONG,3139.96,3159.82,19.86
2969,2025-12-15 11:15:00,2025-12-15 12:00:00,SHORT,3159.82,3149.08,10.74
2970,2025-12-15 12:00:00,2025-12-15 13:30:00,LONG,3149.08,3136.88,-12.2
2971,2025-12-15 13:30:00,2025-12-15 14:15:00,SHORT,3136.88,3130.02,6.86
2972,2025-12-15 14:15:00,2025-12-15 15:00:00,LONG,3130.02,3034.31,-95.71
2973,2025-12-15 15:00:00,2025-12-15 19:30:00,SHORT,3034.31,2946.11,88.2
2974,2025-12-15 19:30:00,2025-12-15 20:15:00,LONG,2946.11,2924.57,-21.54
2975,2025-12-15 20:15:00,2025-12-15 21:45:00,SHORT,2924.57,2946.23,-21.66
2976,2025-12-15 21:45:00,2025-12-15 22:30:00,LONG,2946.23,2941.43,-4.8
2977,2025-12-15 22:30:00,2025-12-15 23:15:00,SHORT,2941.43,2959.89,-18.46
2978,2025-12-15 23:15:00,2025-12-16 00:45:00,LONG,2959.89,2942.3,-17.59
2979,2025-12-16 00:45:00,2025-12-16 06:00:00,SHORT,2942.3,2933.83,8.47
2980,2025-12-16 06:00:00,2025-12-16 07:30:00,LONG,2933.83,2920.43,-13.4
2981,2025-12-16 07:30:00,2025-12-16 08:15:00,SHORT,2920.43,2928.91,-8.48
2982,2025-12-16 08:15:00,2025-12-16 10:30:00,LONG,2928.91,2955.73,26.82
2983,2025-12-16 10:30:00,2025-12-16 11:15:00,SHORT,2955.73,2958.27,-2.54
2984,2025-12-16 11:15:00,2025-12-16 12:45:00,LONG,2958.27,2951.95,-6.32
2985,2025-12-16 12:45:00,2025-12-16 13:30:00,SHORT,2951.95,2932.56,19.39
2986,2025-12-16 13:30:00,2025-12-16 14:15:00,LONG,2932.56,2933.37,0.81
2987,2025-12-16 14:15:00,2025-12-16 15:00:00,SHORT,2933.37,2935.67,-2.3
2988,2025-12-16 15:00:00,2025-12-16 18:00:00,LONG,2935.67,2931.06,-4.61
2989,2025-12-16 18:00:00,2025-12-16 18:45:00,SHORT,2931.06,2952.13,-21.07
2990,2025-12-16 18:45:00,2025-12-16 19:30:00,LONG,2952.13,2945.31,-6.82
2991,2025-12-16 19:30:00,2025-12-16 20:15:00,SHORT,2945.31,2951.41,-6.1
2992,2025-12-16 20:15:00,2025-12-16 21:00:00,LONG,2951.41,2942.7,-8.71
2993,2025-12-16 21:00:00,2025-12-16 21:45:00,SHORT,2942.7,2951.44,-8.74
2994,2025-12-16 21:45:00,2025-12-16 23:15:00,LONG,2951.44,2953.5,2.06
2995,2025-12-16 23:15:00,2025-12-17 00:00:00,SHORT,2953.5,2951.31,2.19
2996,2025-12-17 00:00:00,2025-12-17 00:45:00,LONG,2951.31,2949.68,-1.63
2997,2025-12-17 00:45:00,2025-12-17 01:30:00,SHORT,2949.68,2955.45,-5.77
2998,2025-12-17 01:30:00,2025-12-17 02:15:00,LONG,2955.45,2947.97,-7.48
2999,2025-12-17 02:15:00,2025-12-17 03:00:00,SHORT,2947.97,2955.65,-7.68
3000,2025-12-17 03:00:00,2025-12-17 03:45:00,LONG,2955.65,2947.8,-7.85
3001,2025-12-17 03:45:00,2025-12-17 06:00:00,SHORT,2947.8,2941.23,6.57
3002,2025-12-17 06:00:00,2025-12-17 08:15:00,LONG,2941.23,2929.99,-11.24
3003,2025-12-17 08:15:00,2025-12-17 09:45:00,SHORT,2929.99,2923.25,6.74
3004,2025-12-17 09:45:00,2025-12-17 10:30:00,LONG,2923.25,2924.09,0.84
3005,2025-12-17 10:30:00,2025-12-17 11:15:00,SHORT,2924.09,2927.89,-3.8
3006,2025-12-17 11:15:00,2025-12-17 12:45:00,LONG,2927.89,2925.36,-2.53
3007,2025-12-17 12:45:00,2025-12-17 13:30:00,SHORT,2925.36,2933.71,-8.35
3008,2025-12-17 13:30:00,2025-12-17 15:45:00,LONG,2933.71,2904.66,-29.05
3009,2025-12-17 15:45:00,2025-12-17 21:00:00,SHORT,2904.66,2826.29,78.37
3010,2025-12-17 21:00:00,2025-12-17 21:45:00,LONG,2826.29,2819.93,-6.36
3011,2025-12-17 21:45:00,2025-12-17 22:30:00,SHORT,2819.93,2830.36,-10.43
3012,2025-12-17 22:30:00,2025-12-17 23:15:00,LONG,2830.36,2825.34,-5.02
3013,2025-12-17 23:15:00,2025-12-18 00:00:00,SHORT,2825.34,2831.84,-6.5
3014,2025-12-18 00:00:00,2025-12-18 00:45:00,LONG,2831.84,2836.27,4.43
3015,2025-12-18 00:45:00,2025-12-18 02:15:00,SHORT,2836.27,2834.8,1.47
3016,2025-12-18 02:15:00,2025-12-18 03:45:00,LONG,2834.8,2832.06,-2.74
3017,2025-12-18 03:45:00,2025-12-18 04:30:00,SHORT,2832.06,2840.21,-8.15
3018,2025-12-18 04:30:00,2025-12-18 05:15:00,LONG,2840.21,2827.06,-13.15
3019,2025-12-18 05:15:00,2025-12-18 06:45:00,SHORT,2827.06,2831.35,-4.29
3020,2025-12-18 06:45:00,2025-12-18 09:00:00,LONG,2831.35,2838.63,7.28
3021,2025-12-18 09:00:00,2025-12-18 09:45:00,SHORT,2838.63,2852.72,-14.09
3022,2025-12-18 09:45:00,2025-12-18 11:15:00,LONG,2852.72,2855.26,2.54
3023,2025-12-18 11:15:00,2025-12-18 12:00:00,SHORT,2855.26,2854.48,0.78
3024,2025-12-18 12:00:00,2025-12-18 16:30:00,LONG,2854.48,2951.06,96.58
3025,2025-12-18 16:30:00,2025-12-18 18:45:00,SHORT,2951.06,2827.58,123.48
3026,2025-12-18 18:45:00,2025-12-18 19:30:00,LONG,2827.58,2792.34,-35.24
3027,2025-12-18 19:30:00,2025-12-18 20:15:00,SHORT,2792.34,2792.29,0.05
3028,2025-12-18 20:15:00,2025-12-18 21:00:00,LONG,2792.29,2806.09,13.8
3029,2025-12-18 21:00:00,2025-12-18 21:45:00,SHORT,2806.09,2829.79,-23.7
3030,2025-12-18 21:45:00,2025-12-19 00:00:00,LONG,2829.79,2828.63,-1.16
3031,2025-12-19 00:00:00,2025-12-19 03:00:00,SHORT,2828.63,2869.33,-40.7
3032,2025-12-19 03:00:00,2025-12-19 06:00:00,LONG,2869.33,2920.2,50.87
3033,2025-12-19 06:00:00,2025-12-19 06:45:00,SHORT,2920.2,2948.01,-27.81
3034,2025-12-19 06:45:00,2025-12-19 10:30:00,LONG,2948.01,2952.26,4.25
3035,2025-12-19 10:30:00,2025-12-19 11:15:00,SHORT,2952.26,2963.08,-10.82
3036,2025-12-19 11:15:00,2025-12-19 12:45:00,LONG,2963.08,2956.19,-6.89
3037,2025-12-19 12:45:00,2025-12-19 13:30:00,SHORT,2956.19,2963.7,-7.51
3038,2025-12-19 13:30:00,2025-12-19 15:45:00,LONG,2963.7,2964.99,1.29
3039,2025-12-19 15:45:00,2025-12-19 16:30:00,SHORT,2964.99,2981.84,-16.85
3040,2025-12-19 16:30:00,2025-12-19 18:00:00,LONG,2981.84,2950.0,-31.84
3041,2025-12-19 18:00:00,2025-12-19 19:30:00,SHORT,2950.0,2992.08,-42.08
3042,2025-12-19 19:30:00,2025-12-19 20:15:00,LONG,2992.08,2989.21,-2.87
3043,2025-12-19 20:15:00,2025-12-19 21:00:00,SHORT,2989.21,2986.28,2.93
3044,2025-12-19 21:00:00,2025-12-19 21:45:00,LONG,2986.28,2977.86,-8.42
3045,2025-12-19 21:45:00,2025-12-19 22:30:00,SHORT,2977.86,2990.75,-12.89
3046,2025-12-19 22:30:00,2025-12-19 23:15:00,LONG,2990.75,2985.76,-4.99
3047,2025-12-19 23:15:00,2025-12-20 01:30:00,SHORT,2985.76,2975.99,9.77
3048,2025-12-20 01:30:00,2025-12-20 02:15:00,LONG,2975.99,2978.07,2.08
3049,2025-12-20 02:15:00,2025-12-20 03:00:00,SHORT,2978.07,2982.46,-4.39
3050,2025-12-20 03:00:00,2025-12-20 04:30:00,LONG,2982.46,2985.99,3.53
3051,2025-12-20 04:30:00,2025-12-20 07:30:00,SHORT,2985.99,2980.49,5.5
3052,2025-12-20 07:30:00,2025-12-20 09:00:00,LONG,2980.49,2984.49,4.0
3053,2025-12-20 09:00:00,2025-12-20 09:45:00,SHORT,2984.49,2983.16,1.33
3054,2025-12-20 09:45:00,2025-12-20 10:30:00,LONG,2983.16,2980.33,-2.83
3055,2025-12-20 10:30:00,2025-12-20 12:00:00,SHORT,2980.33,2991.25,-10.92
3056,2025-12-20 12:00:00,2025-12-20 12:45:00,LONG,2991.25,2989.3,-1.95
3057,2025-12-20 12:45:00,2025-12-20 15:00:00,SHORT,2989.3,2978.61,10.69
3058,2025-12-20 15:00:00,2025-12-20 16:30:00,LONG,2978.61,2976.25,-2.36
3059,2025-12-20 16:30:00,2025-12-20 17:15:00,SHORT,2976.25,2979.54,-3.29
3060,2025-12-20 17:15:00,2025-12-20 18:00:00,LONG,2979.54,2976.47,-3.07
3061,2025-12-20 18:00:00,2025-12-20 19:30:00,SHORT,2976.47,2978.8,-2.33
3062,2025-12-20 19:30:00,2025-12-20 21:45:00,LONG,2978.8,2978.9,0.1
3063,2025-12-20 21:45:00,2025-12-21 00:00:00,SHORT,2978.9,2977.33,1.57
3064,2025-12-21 00:00:00,2025-12-21 01:30:00,LONG,2977.33,2965.82,-11.51
3065,2025-12-21 01:30:00,2025-12-21 02:15:00,SHORT,2965.82,2968.47,-2.65
3066,2025-12-21 02:15:00,2025-12-21 03:00:00,LONG,2968.47,2970.5,2.03
3067,2025-12-21 03:00:00,2025-12-21 03:45:00,SHORT,2970.5,2972.81,-2.31
3068,2025-12-21 03:45:00,2025-12-21 06:00:00,LONG,2972.81,2975.65,2.84
3069,2025-12-21 06:00:00,2025-12-21 07:30:00,SHORT,2975.65,2977.3,-1.65
3070,2025-12-21 07:30:00,2025-12-21 11:15:00,LONG,2977.3,2998.33,21.03
3071,2025-12-21 11:15:00,2025-12-21 14:15:00,SHORT,2998.33,2963.99,34.34
3072,2025-12-21 14:15:00,2025-12-21 21:00:00,LONG,2963.99,2988.45,24.46
3073,2025-12-21 21:00:00,2025-12-21 22:30:00,SHORT,2988.45,2990.15,-1.7
3074,2025-12-21 22:30:00,2025-12-22 02:15:00,LONG,2990.15,2998.93,8.78
3075,2025-12-22 02:15:00,2025-12-22 03:00:00,SHORT,2998.93,3015.55,-16.62
3076,2025-12-22 03:00:00,2025-12-22 05:15:00,LONG,3015.55,3027.92,12.37
3077,2025-12-22 05:15:00,2025-12-22 06:45:00,SHORT,3027.92,3024.71,3.21
3078,2025-12-22 06:45:00,2025-12-22 09:00:00,LONG,3024.71,3030.4,5.69
3079,2025-12-22 09:00:00,2025-12-22 11:15:00,SHORT,3030.4,3045.3,-14.9
3080,2025-12-22 11:15:00,2025-12-22 15:45:00,LONG,3045.3,3052.59,7.29
3081,2025-12-22 15:45:00,2025-12-22 16:30:00,SHORT,3052.59,3040.82,11.77
3082,2025-12-22 16:30:00,2025-12-22 17:15:00,LONG,3040.82,3032.38,-8.44
3083,2025-12-22 17:15:00,2025-12-22 21:45:00,SHORT,3032.38,2988.68,43.7
3084,2025-12-22 21:45:00,2025-12-23 01:30:00,LONG,2988.68,3018.95,30.27
3085,2025-12-23 01:30:00,2025-12-23 03:45:00,SHORT,3018.95,2991.8,27.15
3086,2025-12-23 03:45:00,2025-12-23 05:15:00,LONG,2991.8,2982.8,-9.0
3087,2025-12-23 05:15:00,2025-12-23 07:30:00,SHORT,2982.8,2965.37,17.43
3088,2025-12-23 07:30:00,2025-12-23 09:00:00,LONG,2965.37,2962.2,-3.17
3089,2025-12-23 09:00:00,2025-12-23 09:45:00,SHORT,2962.2,2964.0,-1.8
3090,2025-12-23 09:45:00,2025-12-23 12:45:00,LONG,2964.0,2955.54,-8.46
3091,2025-12-23 12:45:00,2025-12-23 13:30:00,SHORT,2955.54,2948.61,6.93
3092,2025-12-23 13:30:00,2025-12-23 14:15:00,LONG,2948.61,2944.73,-3.88
3093,2025-12-23 14:15:00,2025-12-23 15:45:00,SHORT,2944.73,2928.59,16.14
3094,2025-12-23 15:45:00,2025-12-23 17:15:00,LONG,2928.59,2942.22,13.63
3095,2025-12-23 17:15:00,2025-12-23 18:45:00,SHORT,2942.22,2947.25,-5.03
3096,2025-12-23 18:45:00,2025-12-23 19:30:00,LONG,2947.25,2940.0,-7.25
3097,2025-12-23 19:30:00,2025-12-23 20:15:00,SHORT,2940.0,2956.7,-16.7
3098,2025-12-23 20:15:00,2025-12-23 21:45:00,LONG,2956.7,2974.59,17.89
3099,2025-12-23 21:45:00,2025-12-24 00:45:00,SHORT,2974.59,2973.28,1.31
3100,2025-12-24 00:45:00,2025-12-24 02:15:00,LONG,2973.28,2946.28,-27.0
3101,2025-12-24 02:15:00,2025-12-24 03:45:00,SHORT,2946.28,2945.75,0.53
3102,2025-12-24 03:45:00,2025-12-24 04:30:00,LONG,2945.75,2943.41,-2.34
3103,2025-12-24 04:30:00,2025-12-24 06:45:00,SHORT,2943.41,2933.47,9.94
3104,2025-12-24 06:45:00,2025-12-24 07:30:00,LONG,2933.47,2941.67,8.2
3105,2025-12-24 07:30:00,2025-12-24 10:30:00,SHORT,2941.67,2931.51,10.16
3106,2025-12-24 10:30:00,2025-12-24 12:00:00,LONG,2931.51,2929.69,-1.82
3107,2025-12-24 12:00:00,2025-12-24 12:45:00,SHORT,2929.69,2936.39,-6.7
3108,2025-12-24 12:45:00,2025-12-24 13:30:00,LONG,2936.39,2928.19,-8.2
3109,2025-12-24 13:30:00,2025-12-24 14:15:00,SHORT,2928.19,2928.17,0.02
3110,2025-12-24 14:15:00,2025-12-24 15:00:00,LONG,2928.17,2914.19,-13.98
3111,2025-12-24 15:00:00,2025-12-24 15:45:00,SHORT,2914.19,2925.55,-11.36
3112,2025-12-24 15:45:00,2025-12-24 16:30:00,LONG,2925.55,2944.64,19.09
3113,2025-12-24 16:30:00,2025-12-24 17:15:00,SHORT,2944.64,2946.27,-1.63
3114,2025-12-24 17:15:00,2025-12-24 18:00:00,LONG,2946.27,2934.26,-12.01
3115,2025-12-24 18:00:00,2025-12-24 18:45:00,SHORT,2934.26,2941.58,-7.32
3116,2025-12-24 18:45:00,2025-12-24 21:00:00,LONG,2941.58,2946.86,5.28
3117,2025-12-24 21:00:00,2025-12-24 21:45:00,SHORT,2946.86,2950.91,-4.05
3118,2025-12-24 21:45:00,2025-12-24 22:30:00,LONG,2950.91,2959.23,8.32
3119,2025-12-24 22:30:00,2025-12-25 01:30:00,SHORT,2959.23,2948.36,10.87
3120,2025-12-25 01:30:00,2025-12-25 03:45:00,LONG,2948.36,2947.15,-1.21
3121,2025-12-25 03:45:00,2025-12-25 06:00:00,SHORT,2947.15,2938.13,9.02
3122,2025-12-25 06:00:00,2025-12-25 07:30:00,LONG,2938.13,2939.98,1.85
3123,2025-12-25 07:30:00,2025-12-25 09:00:00,SHORT,2939.98,2927.5,12.48
3124,2025-12-25 09:00:00,2025-12-25 09:45:00,LONG,2927.5,2928.29,0.79
3125,2025-12-25 09:45:00,2025-12-25 11:15:00,SHORT,2928.29,2927.55,0.74
3126,2025-12-25 11:15:00,2025-12-25 13:30:00,LONG,2927.55,2930.11,2.56
3127,2025-12-25 13:30:00,2025-12-25 14:15:00,SHORT,2930.11,2924.48,5.63
3128,2025-12-25 14:15:00,2025-12-25 17:15:00,LONG,2924.48,2947.14,22.66
3129,2025-12-25 17:15:00,2025-12-25 18:00:00,SHORT,2947.14,2957.47,-10.33
3130,2025-12-25 18:00:00,2025-12-25 19:30:00,LONG,2957.47,2956.32,-1.15
3131,2025-12-25 19:30:00,2025-12-26 01:30:00,SHORT,2956.32,2919.01,37.31
3132,2025-12-26 01:30:00,2025-12-26 03:45:00,LONG,2919.01,2964.92,45.91
3133,2025-12-26 03:45:00,2025-12-26 05:15:00,SHORT,2964.92,2969.27,-4.35
3134,2025-12-26 05:15:00,2025-12-26 08:15:00,LONG,2969.27,2963.18,-6.09
3135,2025-12-26 08:15:00,2025-12-26 09:00:00,SHORT,2963.18,2963.78,-0.6
3136,2025-12-26 09:00:00,2025-12-26 11:15:00,LONG,2963.78,2965.49,1.71
3137,2025-12-26 11:15:00,2025-12-26 12:45:00,SHORT,2965.49,2972.93,-7.44
3138,2025-12-26 12:45:00,2025-12-26 15:00:00,LONG,2972.93,2904.02,-68.91
3139,2025-12-26 15:00:00,2025-12-26 16:30:00,SHORT,2904.02,2920.49,-16.47
3140,2025-12-26 16:30:00,2025-12-26 19:30:00,LONG,2920.49,2926.75,6.26
3141,2025-12-26 19:30:00,2025-12-26 20:15:00,SHORT,2926.75,2929.0,-2.25
3142,2025-12-26 20:15:00,2025-12-26 21:45:00,LONG,2929.0,2924.96,-4.04
3143,2025-12-26 21:45:00,2025-12-26 23:15:00,SHORT,2924.96,2928.13,-3.17
3144,2025-12-26 23:15:00,2025-12-27 00:00:00,LONG,2928.13,2928.23,0.1
3145,2025-12-27 00:00:00,2025-12-27 00:45:00,SHORT,2928.23,2927.45,0.78
3146,2025-12-27 00:45:00,2025-12-27 01:30:00,LONG,2927.45,2927.66,0.21
3147,2025-12-27 01:30:00,2025-12-27 03:00:00,SHORT,2927.66,2926.19,1.47
3148,2025-12-27 03:00:00,2025-12-27 04:30:00,LONG,2926.19,2930.28,4.09
3149,2025-12-27 04:30:00,2025-12-27 06:00:00,SHORT,2930.28,2929.3,0.98
3150,2025-12-27 06:00:00,2025-12-27 09:00:00,LONG,2929.3,2936.59,7.29
3151,2025-12-27 09:00:00,2025-12-27 12:00:00,SHORT,2936.59,2929.93,6.66
3152,2025-12-27 12:00:00,2025-12-27 13:30:00,LONG,2929.93,2932.05,2.12
3153,2025-12-27 13:30:00,2025-12-27 15:00:00,SHORT,2932.05,2928.95,3.1
3154,2025-12-27 15:00:00,2025-12-27 16:30:00,LONG,2928.95,2922.78,-6.17
3155,2025-12-27 16:30:00,2025-12-27 17:15:00,SHORT,2922.78,2926.51,-3.73
3156,2025-12-27 17:15:00,2025-12-27 18:45:00,LONG,2926.51,2926.23,-0.28
3157,2025-12-27 18:45:00,2025-12-27 19:30:00,SHORT,2926.23,2928.48,-2.25
3158,2025-12-27 19:30:00,2025-12-27 21:00:00,LONG,2928.48,2931.98,3.5
3159,2025-12-27 21:00:00,2025-12-27 21:45:00,SHORT,2931.98,2935.11,-3.13
3160,2025-12-27 21:45:00,2025-12-27 23:15:00,LONG,2935.11,2941.08,5.97
3161,2025-12-27 23:15:00,2025-12-28 00:00:00,SHORT,2941.08,2947.73,-6.65
3162,2025-12-28 00:00:00,2025-12-28 01:30:00,LONG,2947.73,2944.95,-2.78
3163,2025-12-28 01:30:00,2025-12-28 03:00:00,SHORT,2944.95,2945.36,-0.41
3164,2025-12-28 03:00:00,2025-12-28 03:45:00,LONG,2945.36,2943.58,-1.78
3165,2025-12-28 03:45:00,2025-12-28 06:45:00,SHORT,2943.58,2942.68,0.9
3166,2025-12-28 06:45:00,2025-12-28 07:30:00,LONG,2942.68,2937.39,-5.29
3167,2025-12-28 07:30:00,2025-12-28 08:15:00,SHORT,2937.39,2940.89,-3.5
3168,2025-12-28 08:15:00,2025-12-28 09:00:00,LONG,2940.89,2942.42,1.53
3169,2025-12-28 09:00:00,2025-12-28 10:30:00,SHORT,2942.42,2941.43,0.99
3170,2025-12-28 10:30:00,2025-12-28 12:45:00,LONG,2941.43,2939.44,-1.99
3171,2025-12-28 12:45:00,2025-12-28 13:30:00,SHORT,2939.44,2942.17,-2.73
3172,2025-12-28 13:30:00,2025-12-28 15:00:00,LONG,2942.17,2955.58,13.41
3173,2025-12-28 15:00:00,2025-12-28 15:45:00,SHORT,2955.58,2949.46,6.12
3174,2025-12-28 15:45:00,2025-12-28 16:30:00,LONG,2949.46,2943.71,-5.75
3175,2025-12-28 16:30:00,2025-12-28 17:15:00,SHORT,2943.71,2948.95,-5.24
3176,2025-12-28 17:15:00,2025-12-28 18:00:00,LONG,2948.95,2941.5,-7.45
3177,2025-12-28 18:00:00,2025-12-28 21:45:00,SHORT,2941.5,2938.28,3.22
3178,2025-12-28 21:45:00,2025-12-28 23:15:00,LONG,2938.28,2943.73,5.45
3179,2025-12-28 23:15:00,2025-12-29 00:00:00,SHORT,2943.73,2948.49,-4.76
3180,2025-12-29 00:00:00,2025-12-29 01:30:00,LONG,2948.49,2977.67,29.18
3181,2025-12-29 01:30:00,2025-12-29 02:15:00,SHORT,2977.67,3004.93,-27.26
3182,2025-12-29 02:15:00,2025-12-29 05:15:00,LONG,3004.93,3036.57,31.64
3183,2025-12-29 05:15:00,2025-12-29 08:15:00,SHORT,3036.57,3022.87,13.7
3184,2025-12-29 08:15:00,2025-12-29 09:00:00,LONG,3022.87,3011.45,-11.42
3185,2025-12-29 09:00:00,2025-12-29 13:30:00,SHORT,3011.45,2929.31,82.14
3186,2025-12-29 13:30:00,2025-12-29 14:15:00,LONG,2929.31,2933.78,4.47
3187,2025-12-29 14:15:00,2025-12-29 15:45:00,SHORT,2933.78,2935.75,-1.97
3188,2025-12-29 15:45:00,2025-12-29 16:30:00,LONG,2935.75,2933.79,-1.96
3189,2025-12-29 16:30:00,2025-12-29 18:00:00,SHORT,2933.79,2939.4,-5.61
3190,2025-12-29 18:00:00,2025-12-29 18:45:00,LONG,2939.4,2919.81,-19.59
3191,2025-12-29 18:45:00,2025-12-29 19:30:00,SHORT,2919.81,2935.27,-15.46
3192,2025-12-29 19:30:00,2025-12-29 21:00:00,LONG,2935.27,2935.99,0.72
3193,2025-12-29 21:00:00,2025-12-29 21:45:00,SHORT,2935.99,2937.33,-1.34
3194,2025-12-29 21:45:00,2025-12-30 00:45:00,LONG,2937.33,2937.99,0.66
3195,2025-12-30 00:45:00,2025-12-30 03:45:00,SHORT,2937.99,2951.91,-13.92
3196,2025-12-30 03:45:00,2025-12-30 05:15:00,LONG,2951.91,2944.09,-7.82
3197,2025-12-30 05:15:00,2025-12-30 06:45:00,SHORT,2944.09,2945.84,-1.75
3198,2025-12-30 06:45:00,2025-12-30 07:30:00,LONG,2945.84,2950.84,5.0
3199,2025-12-30 07:30:00,2025-12-30 08:15:00,SHORT,2950.84,2976.39,-25.55
3200,2025-12-30 08:15:00,2025-12-30 10:30:00,LONG,2976.39,2983.01,6.62
3201,2025-12-30 10:30:00,2025-12-30 12:00:00,SHORT,2983.01,2983.5,-0.49
3202,2025-12-30 12:00:00,2025-12-30 12:45:00,LONG,2983.5,2980.88,-2.62
3203,2025-12-30 12:45:00,2025-12-30 13:30:00,SHORT,2980.88,2989.18,-8.3
3204,2025-12-30 13:30:00,2025-12-30 14:15:00,LONG,2989.18,2970.95,-18.23
3205,2025-12-30 14:15:00,2025-12-30 15:00:00,SHORT,2970.95,2975.6,-4.65
3206,2025-12-30 15:00:00,2025-12-30 17:15:00,LONG,2975.6,2981.44,5.84
3207,2025-12-30 17:15:00,2025-12-30 19:30:00,SHORT,2981.44,2967.74,13.7
3208,2025-12-30 19:30:00,2025-12-30 21:00:00,LONG,2967.74,2960.87,-6.87
3209,2025-12-30 21:00:00,2025-12-30 21:45:00,SHORT,2960.87,2968.63,-7.76
3210,2025-12-30 21:45:00,2025-12-31 00:45:00,LONG,2968.63,2966.4,-2.23
3211,2025-12-31 00:45:00,2025-12-31 01:30:00,SHORT,2966.4,2982.05,-15.65
3212,2025-12-31 01:30:00,2025-12-31 03:45:00,LONG,2982.05,2970.69,-11.36
3213,2025-12-31 03:45:00,2025-12-31 05:15:00,SHORT,2970.69,2979.05,-8.36
3214,2025-12-31 05:15:00,2025-12-31 06:00:00,LONG,2979.05,2977.8,-1.25
3215,2025-12-31 06:00:00,2025-12-31 08:15:00,SHORT,2977.8,2977.0,0.8
3216,2025-12-31 08:15:00,2025-12-31 09:00:00,LONG,2977.0,2974.16,-2.84
3217,2025-12-31 09:00:00,2025-12-31 09:45:00,SHORT,2974.16,2976.89,-2.73
3218,2025-12-31 09:45:00,2025-12-31 12:45:00,LONG,2976.89,2987.25,10.36
3219,2025-12-31 12:45:00,2025-12-31 13:30:00,SHORT,2987.25,2990.99,-3.74
3220,2025-12-31 13:30:00,2025-12-31 15:00:00,LONG,2990.99,2980.13,-10.86
3221,2025-12-31 15:00:00,2025-12-31 16:30:00,SHORT,2980.13,2966.7,13.43
3222,2025-12-31 16:30:00,2025-12-31 17:15:00,LONG,2966.7,2975.4,8.7
3223,2025-12-31 17:15:00,2025-12-31 18:00:00,SHORT,2975.4,2982.19,-6.79
3224,2025-12-31 18:00:00,2025-12-31 19:30:00,LONG,2982.19,2973.4,-8.79
3225,2025-12-31 19:30:00,2025-12-31 21:00:00,SHORT,2973.4,2978.08,-4.68
3226,2025-12-31 21:00:00,2025-12-31 23:15:00,LONG,2978.08,2975.64,-2.44
3227,2025-12-31 23:15:00,2026-01-01 00:45:00,SHORT,2975.64,2979.81,-4.17
3228,2026-01-01 00:45:00,2026-01-01 03:00:00,LONG,2979.81,2984.39,4.58
3229,2026-01-01 03:00:00,2026-01-01 05:15:00,SHORT,2984.39,2982.15,2.24
3230,2026-01-01 05:15:00,2026-01-01 06:45:00,LONG,2982.15,2975.89,-6.26
3231,2026-01-01 06:45:00,2026-01-01 08:15:00,SHORT,2975.89,2981.44,-5.55
3232,2026-01-01 08:15:00,2026-01-01 10:30:00,LONG,2981.44,2982.92,1.48
3233,2026-01-01 10:30:00,2026-01-01 11:15:00,SHORT,2982.92,2987.09,-4.17
3234,2026-01-01 11:15:00,2026-01-01 12:45:00,LONG,2987.09,2987.69,0.6
3235,2026-01-01 12:45:00,2026-01-01 15:00:00,SHORT,2987.69,2982.75,4.94
3236,2026-01-01 15:00:00,2026-01-01 16:30:00,LONG,2982.75,2981.77,-0.98
3237,2026-01-01 16:30:00,2026-01-01 17:15:00,SHORT,2981.77,2991.84,-10.07
3238,2026-01-01 17:15:00,2026-01-01 19:30:00,LONG,2991.84,2993.78,1.94
3239,2026-01-01 19:30:00,2026-01-01 22:30:00,SHORT,2993.78,2991.25,2.53
3240,2026-01-01 22:30:00,2026-01-02 00:45:00,LONG,2991.25,3006.14,14.89
3241,2026-01-02 00:45:00,2026-01-02 03:00:00,SHORT,3006.14,3015.92,-9.78
3242,2026-01-02 03:00:00,2026-01-02 04:30:00,LONG,3015.92,3015.28,-0.64
3243,2026-01-02 04:30:00,2026-01-02 06:00:00,SHORT,3015.28,3017.68,-2.4
3244,2026-01-02 06:00:00,2026-01-02 07:30:00,LONG,3017.68,3019.01,1.33
3245,2026-01-02 07:30:00,2026-01-02 08:15:00,SHORT,3019.01,3026.0,-6.99
3246,2026-01-02 08:15:00,2026-01-02 11:15:00,LONG,3026.0,3047.38,21.38
3247,2026-01-02 11:15:00,2026-01-02 12:45:00,SHORT,3047.38,3048.67,-1.29
3248,2026-01-02 12:45:00,2026-01-02 14:15:00,LONG,3048.67,3035.41,-13.26
3249,2026-01-02 14:15:00,2026-01-02 15:00:00,SHORT,3035.41,3075.0,-39.59
3250,2026-01-02 15:00:00,2026-01-02 18:00:00,LONG,3075.0,3123.8,48.8
3251,2026-01-02 18:00:00,2026-01-02 19:30:00,SHORT,3123.8,3125.14,-1.34
3252,2026-01-02 19:30:00,2026-01-02 21:00:00,LONG,3125.14,3120.59,-4.55
3253,2026-01-02 21:00:00,2026-01-02 21:45:00,SHORT,3120.59,3130.96,-10.37
3254,2026-01-02 21:45:00,2026-01-02 23:15:00,LONG,3130.96,3123.95,-7.01
3255,2026-01-02 23:15:00,2026-01-03 00:45:00,SHORT,3123.95,3131.0,-7.05
3256,2026-01-03 00:45:00,2026-01-03 01:30:00,LONG,3131.0,3129.97,-1.03
3257,2026-01-03 01:30:00,2026-01-03 03:00:00,SHORT,3129.97,3122.84,7.13
3258,2026-01-03 03:00:00,2026-01-03 04:30:00,LONG,3122.84,3115.65,-7.19
3259,2026-01-03 04:30:00,2026-01-03 06:00:00,SHORT,3115.65,3115.45,0.2
3260,2026-01-03 06:00:00,2026-01-03 06:45:00,LONG,3115.45,3098.34,-17.11
3261,2026-01-03 06:45:00,2026-01-03 08:15:00,SHORT,3098.34,3100.23,-1.89
3262,2026-01-03 08:15:00,2026-01-03 09:00:00,LONG,3100.23,3095.65,-4.58
3263,2026-01-03 09:00:00,2026-01-03 09:45:00,SHORT,3095.65,3100.9,-5.25
3264,2026-01-03 09:45:00,2026-01-03 11:15:00,LONG,3100.9,3094.41,-6.49
3265,2026-01-03 11:15:00,2026-01-03 12:00:00,SHORT,3094.41,3094.92,-0.51
3266,2026-01-03 12:00:00,2026-01-03 15:00:00,LONG,3094.92,3102.11,7.19
3267,2026-01-03 15:00:00,2026-01-03 15:45:00,SHORT,3102.11,3101.31,0.8
3268,2026-01-03 15:45:00,2026-01-03 17:15:00,LONG,3101.31,3107.85,6.54
3269,2026-01-03 17:15:00,2026-01-03 18:00:00,SHORT,3107.85,3107.01,0.84
3270,2026-01-03 18:00:00,2026-01-03 19:30:00,LONG,3107.01,3114.18,7.17
3271,2026-01-03 19:30:00,2026-01-03 21:00:00,SHORT,3114.18,3114.78,-0.6
3272,2026-01-03 21:00:00,2026-01-04 01:30:00,LONG,3114.78,3146.4,31.62
3273,2026-01-04 01:30:00,2026-01-04 03:45:00,SHORT,3146.4,3147.36,-0.96
3274,2026-01-04 03:45:00,2026-01-04 05:15:00,LONG,3147.36,3151.38,4.02
3275,2026-01-04 05:15:00,2026-01-04 06:00:00,SHORT,3151.38,3154.55,-3.17
3276,2026-01-04 06:00:00,2026-01-04 06:45:00,LONG,3154.55,3140.0,-14.55
3277,2026-01-04 06:45:00,2026-01-04 09:00:00,SHORT,3140.0,3137.75,2.25
3278,2026-01-04 09:00:00,2026-01-04 11:15:00,LONG,3137.75,3140.14,2.39
3279,2026-01-04 11:15:00,2026-01-04 13:30:00,SHORT,3140.14,3137.74,2.4
3280,2026-01-04 13:30:00,2026-01-04 15:00:00,LONG,3137.74,3138.97,1.23
3281,2026-01-04 15:00:00,2026-01-04 17:15:00,SHORT,3138.97,3137.73,1.24
3282,2026-01-04 17:15:00,2026-01-04 18:00:00,LONG,3137.73,3132.41,-5.32
3283,2026-01-04 18:00:00,2026-01-04 18:45:00,SHORT,3132.41,3135.03,-2.62
3284,2026-01-04 18:45:00,2026-01-04 21:45:00,LONG,3135.03,3145.44,10.41
3285,2026-01-04 21:45:00,2026-01-05 00:00:00,SHORT,3145.44,3153.81,-8.37
3286,2026-01-05 00:00:00,2026-01-05 02:15:00,LONG,3153.81,3185.23,31.42
3287,2026-01-05 02:15:00,2026-01-05 03:00:00,SHORT,3185.23,3188.52,-3.29
3288,2026-01-05 03:00:00,2026-01-05 03:45:00,LONG,3188.52,3185.86,-2.66
3289,2026-01-05 03:45:00,2026-01-05 06:45:00,SHORT,3185.86,3157.68,28.18
3290,2026-01-05 06:45:00,2026-01-05 11:15:00,LONG,3157.68,3173.44,15.76
3291,2026-01-05 11:15:00,2026-01-05 12:00:00,SHORT,3173.44,3180.89,-7.45
3292,2026-01-05 12:00:00,2026-01-05 12:45:00,LONG,3180.89,3170.5,-10.39
3293,2026-01-05 12:45:00,2026-01-05 15:00:00,SHORT,3170.5,3162.54,7.96
3294,2026-01-05 15:00:00,2026-01-05 16:30:00,LONG,3162.54,3179.72,17.18
3295,2026-01-05 16:30:00,2026-01-05 18:00:00,SHORT,3179.72,3210.56,-30.84
3296,2026-01-05 18:00:00,2026-01-05 18:45:00,LONG,3210.56,3228.3,17.74
3297,2026-01-05 18:45:00,2026-01-05 19:30:00,SHORT,3228.3,3219.73,8.57
3298,2026-01-05 19:30:00,2026-01-05 21:00:00,LONG,3219.73,3236.21,16.48
3299,2026-01-05 21:00:00,2026-01-05 21:45:00,SHORT,3236.21,3238.32,-2.11
3300,2026-01-05 21:45:00,2026-01-05 23:15:00,LONG,3238.32,3231.51,-6.81
3301,2026-01-05 23:15:00,2026-01-06 01:30:00,SHORT,3231.51,3227.69,3.82
3302,2026-01-06 01:30:00,2026-01-06 02:15:00,LONG,3227.69,3219.01,-8.68
3303,2026-01-06 02:15:00,2026-01-06 03:45:00,SHORT,3219.01,3225.1,-6.09
3304,2026-01-06 03:45:00,2026-01-06 04:30:00,LONG,3225.1,3225.26,0.16
3305,2026-01-06 04:30:00,2026-01-06 06:45:00,SHORT,3225.26,3241.15,-15.89
3306,2026-01-06 06:45:00,2026-01-06 07:30:00,LONG,3241.15,3218.82,-22.33
3307,2026-01-06 07:30:00,2026-01-06 09:00:00,SHORT,3218.82,3222.74,-3.92
3308,2026-01-06 09:00:00,2026-01-06 09:45:00,LONG,3222.74,3223.0,0.26
3309,2026-01-06 09:45:00,2026-01-06 10:30:00,SHORT,3223.0,3227.99,-4.99
3310,2026-01-06 10:30:00,2026-01-06 12:00:00,LONG,3227.99,3241.35,13.36
3311,2026-01-06 12:00:00,2026-01-06 14:15:00,SHORT,3241.35,3306.0,-64.65
3312,2026-01-06 14:15:00,2026-01-06 15:00:00,LONG,3306.0,3281.17,-24.83
3313,2026-01-06 15:00:00,2026-01-06 18:45:00,SHORT,3281.17,3218.91,62.26
3314,2026-01-06 18:45:00,2026-01-06 22:30:00,LONG,3218.91,3270.88,51.97
3315,2026-01-06 22:30:00,2026-01-06 23:15:00,SHORT,3270.88,3288.34,-17.46
3316,2026-01-06 23:15:00,2026-01-07 00:45:00,LONG,3288.34,3257.99,-30.35
3317,2026-01-07 00:45:00,2026-01-07 02:15:00,SHORT,3257.99,3250.53,7.46
3318,2026-01-07 02:15:00,2026-01-07 03:45:00,LONG,3250.53,3266.83,16.3
3319,2026-01-07 03:45:00,2026-01-07 07:30:00,SHORT,3266.83,3255.82,11.01
3320,2026-01-07 07:30:00,2026-01-07 09:00:00,LONG,3255.82,3234.74,-21.08
3321,2026-01-07 09:00:00,2026-01-07 11:15:00,SHORT,3234.74,3226.13,8.61
3322,2026-01-07 11:15:00,2026-01-07 12:00:00,LONG,3226.13,3215.15,-10.98
3323,2026-01-07 12:00:00,2026-01-07 13:30:00,SHORT,3215.15,3217.57,-2.42
3324,2026-01-07 13:30:00,2026-01-07 14:15:00,LONG,3217.57,3194.11,-23.46
3325,2026-01-07 14:15:00,2026-01-07 16:30:00,SHORT,3194.11,3166.3,27.81
3326,2026-01-07 16:30:00,2026-01-07 17:15:00,LONG,3166.3,3169.11,2.81
3327,2026-01-07 17:15:00,2026-01-07 21:00:00,SHORT,3169.11,3144.99,24.12
3328,2026-01-07 21:00:00,2026-01-08 03:00:00,LONG,3144.99,3163.0,18.01
3329,2026-01-08 03:00:00,2026-01-08 04:30:00,SHORT,3163.0,3154.09,8.91
3330,2026-01-08 04:30:00,2026-01-08 06:00:00,LONG,3154.09,3132.14,-21.95
3331,2026-01-08 06:00:00,2026-01-08 07:30:00,SHORT,3132.14,3130.37,1.77
3332,2026-01-08 07:30:00,2026-01-08 09:00:00,LONG,3130.37,3120.88,-9.49
3333,2026-01-08 09:00:00,2026-01-08 10:30:00,SHORT,3120.88,3118.51,2.37
3334,2026-01-08 10:30:00,2026-01-08 12:45:00,LONG,3118.51,3095.76,-22.75
3335,2026-01-08 12:45:00,2026-01-08 13:30:00,SHORT,3095.76,3098.99,-3.23
3336,2026-01-08 13:30:00,2026-01-08 14:15:00,LONG,3098.99,3079.08,-19.91
3337,2026-01-08 14:15:00,2026-01-08 15:00:00,SHORT,3079.08,3085.33,-6.25
3338,2026-01-08 15:00:00,2026-01-08 18:45:00,LONG,3085.33,3120.22,34.89
3339,2026-01-08 18:45:00,2026-01-08 21:00:00,SHORT,3120.22,3113.02,7.2
3340,2026-01-08 21:00:00,2026-01-09 00:00:00,LONG,3113.02,3111.48,-1.54
3341,2026-01-09 00:00:00,2026-01-09 00:45:00,SHORT,3111.48,3115.83,-4.35
3342,2026-01-09 00:45:00,2026-01-09 03:00:00,LONG,3115.83,3114.68,-1.15
3343,2026-01-09 03:00:00,2026-01-09 03:45:00,SHORT,3114.68,3119.6,-4.92
3344,2026-01-09 03:45:00,2026-01-09 07:30:00,LONG,3119.6,3115.66,-3.94
3345,2026-01-09 07:30:00,2026-01-09 09:45:00,SHORT,3115.66,3092.39,23.27
3346,2026-01-09 09:45:00,2026-01-09 12:00:00,LONG,3092.39,3089.55,-2.84
3347,2026-01-09 12:00:00,2026-01-09 13:30:00,SHORT,3089.55,3095.38,-5.83
3348,2026-01-09 13:30:00,2026-01-09 14:15:00,LONG,3095.38,3095.4,0.02
3349,2026-01-09 14:15:00,2026-01-09 15:45:00,SHORT,3095.4,3112.08,-16.68
3350,2026-01-09 15:45:00,2026-01-09 17:15:00,LONG,3112.08,3111.29,-0.79
3351,2026-01-09 17:15:00,2026-01-09 20:15:00,SHORT,3111.29,3083.54,27.75
3352,2026-01-09 20:15:00,2026-01-09 21:00:00,LONG,3083.54,3077.83,-5.71
3353,2026-01-09 21:00:00,2026-01-09 21:45:00,SHORT,3077.83,3086.1,-8.27
3354,2026-01-09 21:45:00,2026-01-10 00:00:00,LONG,3086.1,3084.77,-1.33
3355,2026-01-10 00:00:00,2026-01-10 01:30:00,SHORT,3084.77,3090.4,-5.63
3356,2026-01-10 01:30:00,2026-01-10 03:00:00,LONG,3090.4,3080.6,-9.8
3357,2026-01-10 03:00:00,2026-01-10 05:15:00,SHORT,3080.6,3084.93,-4.33
3358,2026-01-10 05:15:00,2026-01-10 08:15:00,LONG,3084.93,3089.31,4.38
3359,2026-01-10 08:15:00,2026-01-10 09:00:00,SHORT,3089.31,3089.82,-0.51
3360,2026-01-10 09:00:00,2026-01-10 12:00:00,LONG,3089.82,3099.46,9.64
3361,2026-01-10 12:00:00,2026-01-10 15:45:00,SHORT,3099.46,3095.64,3.82
3362,2026-01-10 15:45:00,2026-01-10 16:30:00,LONG,3095.64,3097.2,1.56
3363,2026-01-10 16:30:00,2026-01-10 17:15:00,SHORT,3097.2,3097.75,-0.55
3364,2026-01-10 17:15:00,2026-01-10 18:00:00,LONG,3097.75,3092.07,-5.68
3365,2026-01-10 18:00:00,2026-01-10 20:15:00,SHORT,3092.07,3091.57,0.5
3366,2026-01-10 20:15:00,2026-01-10 21:00:00,LONG,3091.57,3087.54,-4.03
3367,2026-01-10 21:00:00,2026-01-10 23:15:00,SHORT,3087.54,3087.23,0.31
3368,2026-01-10 23:15:00,2026-01-11 00:45:00,LONG,3087.23,3091.98,4.75
3369,2026-01-11 00:45:00,2026-01-11 01:30:00,SHORT,3091.98,3092.55,-0.57
3370,2026-01-11 01:30:00,2026-01-11 03:00:00,LONG,3092.55,3093.25,0.7
3371,2026-01-11 03:00:00,2026-01-11 03:45:00,SHORT,3093.25,3096.78,-3.53
3372,2026-01-11 03:45:00,2026-01-11 04:30:00,LONG,3096.78,3095.65,-1.13
3373,2026-01-11 04:30:00,2026-01-11 05:15:00,SHORT,3095.65,3097.3,-1.65
3374,2026-01-11 05:15:00,2026-01-11 06:45:00,LONG,3097.3,3097.19,-0.11
3375,2026-01-11 06:45:00,2026-01-11 08:15:00,SHORT,3097.19,3097.38,-0.19
3376,2026-01-11 08:15:00,2026-01-11 09:45:00,LONG,3097.38,3104.42,7.04
3377,2026-01-11 09:45:00,2026-01-11 10:30:00,SHORT,3104.42,3104.99,-0.57
3378,2026-01-11 10:30:00,2026-01-11 11:15:00,LONG,3104.99,3106.04,1.05
3379,2026-01-11 11:15:00,2026-01-11 12:45:00,SHORT,3106.04,3114.16,-8.12
3380,2026-01-11 12:45:00,2026-01-11 13:30:00,LONG,3114.16,3107.0,-7.16
3381,2026-01-11 13:30:00,2026-01-11 14:15:00,SHORT,3107.0,3115.25,-8.25
3382,2026-01-11 14:15:00,2026-01-11 15:45:00,LONG,3115.25,3118.22,2.97
3383,2026-01-11 15:45:00,2026-01-11 16:30:00,SHORT,3118.22,3136.2,-17.98
3384,2026-01-11 16:30:00,2026-01-11 18:00:00,LONG,3136.2,3122.26,-13.94
3385,2026-01-11 18:00:00,2026-01-11 21:00:00,SHORT,3122.26,3112.23,10.03
3386,2026-01-11 21:00:00,2026-01-11 22:30:00,LONG,3112.23,3115.42,3.19
3387,2026-01-11 22:30:00,2026-01-12 00:00:00,SHORT,3115.42,3115.64,-0.22
3388,2026-01-12 00:00:00,2026-01-12 00:45:00,LONG,3115.64,3119.9,4.26
3389,2026-01-12 00:45:00,2026-01-12 01:30:00,SHORT,3119.9,3124.03,-4.13
3390,2026-01-12 01:30:00,2026-01-12 03:45:00,LONG,3124.03,3152.55,28.52
3391,2026-01-12 03:45:00,2026-01-12 07:30:00,SHORT,3152.55,3142.77,9.78
3392,2026-01-12 07:30:00,2026-01-12 08:15:00,LONG,3142.77,3139.46,-3.31
3393,2026-01-12 08:15:00,2026-01-12 09:45:00,SHORT,3139.46,3116.31,23.15
3394,2026-01-12 09:45:00,2026-01-12 10:30:00,LONG,3116.31,3111.86,-4.45
3395,2026-01-12 10:30:00,2026-01-12 11:15:00,SHORT,3111.86,3117.4,-5.54
3396,2026-01-12 11:15:00,2026-01-12 12:45:00,LONG,3117.4,3117.17,-0.23
3397,2026-01-12 12:45:00,2026-01-12 15:00:00,SHORT,3117.17,3100.56,16.61
3398,2026-01-12 15:00:00,2026-01-12 17:15:00,LONG,3100.56,3113.76,13.2
3399,2026-01-12 17:15:00,2026-01-12 19:30:00,SHORT,3113.76,3115.25,-1.49
3400,2026-01-12 19:30:00,2026-01-12 21:00:00,LONG,3115.25,3103.77,-11.48
3401,2026-01-12 21:00:00,2026-01-13 00:00:00,SHORT,3103.77,3100.74,3.03
3402,2026-01-13 00:00:00,2026-01-13 01:30:00,LONG,3100.74,3093.52,-7.22
3403,2026-01-13 01:30:00,2026-01-13 02:15:00,SHORT,3093.52,3103.28,-9.76
3404,2026-01-13 02:15:00,2026-01-13 04:30:00,LONG,3103.28,3116.61,13.33
3405,2026-01-13 04:30:00,2026-01-13 05:15:00,SHORT,3116.61,3140.27,-23.66
3406,2026-01-13 05:15:00,2026-01-13 06:00:00,LONG,3140.27,3128.31,-11.96
3407,2026-01-13 06:00:00,2026-01-13 08:15:00,SHORT,3128.31,3126.28,2.03
3408,2026-01-13 08:15:00,2026-01-13 09:45:00,LONG,3126.28,3138.57,12.29
3409,2026-01-13 09:45:00,2026-01-13 10:30:00,SHORT,3138.57,3131.15,7.42
3410,2026-01-13 10:30:00,2026-01-13 12:00:00,LONG,3131.15,3131.05,-0.1
3411,2026-01-13 12:00:00,2026-01-13 12:45:00,SHORT,3131.05,3135.12,-4.07
3412,2026-01-13 12:45:00,2026-01-13 14:15:00,LONG,3135.12,3156.24,21.12
3413,2026-01-13 14:15:00,2026-01-13 15:45:00,SHORT,3156.24,3184.41,-28.17
3414,2026-01-13 15:45:00,2026-01-13 17:15:00,LONG,3184.41,3183.68,-0.73
3415,2026-01-13 17:15:00,2026-01-13 18:45:00,SHORT,3183.68,3201.14,-17.46
3416,2026-01-13 18:45:00,2026-01-13 21:00:00,LONG,3201.14,3206.61,5.47
3417,2026-01-13 21:00:00,2026-01-13 21:45:00,SHORT,3206.61,3209.81,-3.2
3418,2026-01-13 21:45:00,2026-01-14 00:00:00,LONG,3209.81,3332.38,122.57
3419,2026-01-14 00:00:00,2026-01-14 01:30:00,SHORT,3332.38,3329.99,2.39
3420,2026-01-14 01:30:00,2026-01-14 03:00:00,LONG,3329.99,3325.17,-4.82
3421,2026-01-14 03:00:00,2026-01-14 03:45:00,SHORT,3325.17,3351.95,-26.78
3422,2026-01-14 03:45:00,2026-01-14 05:15:00,LONG,3351.95,3328.23,-23.72
3423,2026-01-14 05:15:00,2026-01-14 06:45:00,SHORT,3328.23,3334.33,-6.1
3424,2026-01-14 06:45:00,2026-01-14 07:30:00,LONG,3334.33,3330.0,-4.33
3425,2026-01-14 07:30:00,2026-01-14 08:15:00,SHORT,3330.0,3336.88,-6.88
3426,2026-01-14 08:15:00,2026-01-14 09:00:00,LONG,3336.88,3331.32,-5.56
3427,2026-01-14 09:00:00,2026-01-14 12:45:00,SHORT,3331.32,3296.44,34.88
3428,2026-01-14 12:45:00,2026-01-14 15:45:00,LONG,3296.44,3345.81,49.37
3429,2026-01-14 15:45:00,2026-01-14 16:30:00,SHORT,3345.81,3385.37,-39.56
3430,2026-01-14 16:30:00,2026-01-14 18:00:00,LONG,3385.37,3339.75,-45.62
3431,2026-01-14 18:00:00,2026-01-14 19:30:00,SHORT,3339.75,3370.39,-30.64
3432,2026-01-14 19:30:00,2026-01-14 21:45:00,LONG,3370.39,3372.99,2.6
3433,2026-01-14 21:45:00,2026-01-14 23:15:00,SHORT,3372.99,3356.47,16.52
3434,2026-01-14 23:15:00,2026-01-15 00:00:00,LONG,3356.47,3347.98,-8.49
3435,2026-01-15 00:00:00,2026-01-15 04:30:00,SHORT,3347.98,3306.1,41.88
3436,2026-01-15 04:30:00,2026-01-15 06:45:00,LONG,3306.1,3315.99,9.89
3437,2026-01-15 06:45:00,2026-01-15 07:30:00,SHORT,3315.99,3330.07,-14.08
3438,2026-01-15 07:30:00,2026-01-15 08:15:00,LONG,3330.07,3322.13,-7.94
3439,2026-01-15 08:15:00,2026-01-15 09:00:00,SHORT,3322.13,3331.51,-9.38
3440,2026-01-15 09:00:00,2026-01-15 11:15:00,LONG,3331.51,3360.99,29.48
3441,2026-01-15 11:15:00,2026-01-15 12:45:00,SHORT,3360.99,3369.42,-8.43
3442,2026-01-15 12:45:00,2026-01-15 15:00:00,LONG,3369.42,3350.25,-19.17
3443,2026-01-15 15:00:00,2026-01-15 20:15:00,SHORT,3350.25,3286.88,63.37
3444,2026-01-15 20:15:00,2026-01-16 01:30:00,LONG,3286.88,3313.78,26.9
3445,2026-01-16 01:30:00,2026-01-16 04:30:00,SHORT,3313.78,3283.68,30.1
3446,2026-01-16 04:30:00,2026-01-16 07:30:00,LONG,3283.68,3304.28,20.6
3447,2026-01-16 07:30:00,2026-01-16 08:15:00,SHORT,3304.28,3317.23,-12.95
3448,2026-01-16 08:15:00,2026-01-16 09:00:00,LONG,3317.23,3312.92,-4.31
3449,2026-01-16 09:00:00,2026-01-16 12:00:00,SHORT,3312.92,3307.13,5.79
3450,2026-01-16 12:00:00,2026-01-16 13:30:00,LONG,3307.13,3304.4,-2.73
3451,2026-01-16 13:30:00,2026-01-16 16:30:00,SHORT,3304.4,3281.62,22.78
3452,2026-01-16 16:30:00,2026-01-16 17:15:00,LONG,3281.62,3274.13,-7.49
3453,2026-01-16 17:15:00,2026-01-16 18:00:00,SHORT,3274.13,3280.83,-6.7
3454,2026-01-16 18:00:00,2026-01-16 19:30:00,LONG,3280.83,3273.0,-7.83
3455,2026-01-16 19:30:00,2026-01-16 21:00:00,SHORT,3273.0,3290.5,-17.5
3456,2026-01-16 21:00:00,2026-01-16 22:30:00,LONG,3290.5,3287.58,-2.92
3457,2026-01-16 22:30:00,2026-01-16 23:15:00,SHORT,3287.58,3298.31,-10.73
3458,2026-01-16 23:15:00,2026-01-17 00:45:00,LONG,3298.31,3292.91,-5.4
3459,2026-01-17 00:45:00,2026-01-17 03:00:00,SHORT,3292.91,3291.33,1.58
3460,2026-01-17 03:00:00,2026-01-17 04:30:00,LONG,3291.33,3289.19,-2.14
3461,2026-01-17 04:30:00,2026-01-17 05:15:00,SHORT,3289.19,3291.44,-2.25
3462,2026-01-17 05:15:00,2026-01-17 06:00:00,LONG,3291.44,3289.56,-1.88
3463,2026-01-17 06:00:00,2026-01-17 06:45:00,SHORT,3289.56,3291.4,-1.84
3464,2026-01-17 06:45:00,2026-01-17 10:30:00,LONG,3291.4,3296.33,4.93
3465,2026-01-17 10:30:00,2026-01-17 11:15:00,SHORT,3296.33,3301.06,-4.73
3466,2026-01-17 11:15:00,2026-01-17 16:30:00,LONG,3301.06,3317.91,16.85
3467,2026-01-17 16:30:00,2026-01-17 17:15:00,SHORT,3317.91,3324.94,-7.03
3468,2026-01-17 17:15:00,2026-01-17 18:00:00,LONG,3324.94,3316.23,-8.71
3469,2026-01-17 18:00:00,2026-01-17 21:00:00,SHORT,3316.23,3314.75,1.48
3470,2026-01-17 21:00:00,2026-01-17 21:45:00,LONG,3314.75,3312.84,-1.91
3471,2026-01-17 21:45:00,2026-01-17 23:15:00,SHORT,3312.84,3305.49,7.35
3472,2026-01-17 23:15:00,2026-01-18 00:45:00,LONG,3305.49,3304.53,-0.96
3473,2026-01-18 00:45:00,2026-01-18 01:30:00,SHORT,3304.53,3300.17,4.36
3474,2026-01-18 01:30:00,2026-01-18 04:30:00,LONG,3300.17,3312.42,12.25
3475,2026-01-18 04:30:00,2026-01-18 06:00:00,SHORT,3312.42,3317.08,-4.66
3476,2026-01-18 06:00:00,2026-01-18 06:45:00,LONG,3317.08,3315.85,-1.23
3477,2026-01-18 06:45:00,2026-01-18 09:00:00,SHORT,3315.85,3316.67,-0.82
3478,2026-01-18 09:00:00,2026-01-18 10:30:00,LONG,3316.67,3324.39,7.72
3479,2026-01-18 10:30:00,2026-01-18 12:00:00,SHORT,3324.39,3319.91,4.48
3480,2026-01-18 12:00:00,2026-01-18 13:30:00,LONG,3319.91,3328.59,8.68
3481,2026-01-18 13:30:00,2026-01-18 14:15:00,SHORT,3328.59,3337.7,-9.11
3482,2026-01-18 14:15:00,2026-01-18 15:00:00,LONG,3337.7,3326.05,-11.65
3483,2026-01-18 15:00:00,2026-01-18 15:45:00,SHORT,3326.05,3333.99,-7.94
3484,2026-01-18 15:45:00,2026-01-18 16:30:00,LONG,3333.99,3336.45,2.46
3485,2026-01-18 16:30:00,2026-01-18 18:00:00,SHORT,3336.45,3342.8,-6.35
3486,2026-01-18 18:00:00,2026-01-18 19:30:00,LONG,3342.8,3350.58,7.78
3487,2026-01-18 19:30:00,2026-01-18 21:45:00,SHORT,3350.58,3341.82,8.76
3488,2026-01-18 21:45:00,2026-01-18 23:15:00,LONG,3341.82,3310.6,-31.22
3489,2026-01-18 23:15:00,2026-01-19 03:45:00,SHORT,3310.6,3212.29,98.31
3490,2026-01-19 03:45:00,2026-01-19 05:15:00,LONG,3212.29,3201.56,-10.73
3491,2026-01-19 05:15:00,2026-01-19 07:30:00,SHORT,3201.56,3204.09,-2.53
3492,2026-01-19 07:30:00,2026-01-19 08:15:00,LONG,3204.09,3209.0,4.91
3493,2026-01-19 08:15:00,2026-01-19 09:00:00,SHORT,3209.0,3210.14,-1.14
3494,2026-01-19 09:00:00,2026-01-19 09:45:00,LONG,3210.14,3209.46,-0.68
3495,2026-01-19 09:45:00,2026-01-19 10:30:00,SHORT,3209.46,3212.06,-2.6
3496,2026-01-19 10:30:00,2026-01-19 13:30:00,LONG,3212.06,3220.37,8.31
3497,2026-01-19 13:30:00,2026-01-19 15:00:00,SHORT,3220.37,3220.16,0.21
3498,2026-01-19 15:00:00,2026-01-19 18:00:00,LONG,3220.16,3213.59,-6.57
3499,2026-01-19 18:00:00,2026-01-19 18:45:00,SHORT,3213.59,3214.9,-1.31
3500,2026-01-19 18:45:00,2026-01-19 21:00:00,LONG,3214.9,3215.05,0.15
3501,2026-01-19 21:00:00,2026-01-19 21:45:00,SHORT,3215.05,3212.78,2.27
3502,2026-01-19 21:45:00,2026-01-19 22:30:00,LONG,3212.78,3201.17,-11.61
3503,2026-01-19 22:30:00,2026-01-20 00:00:00,SHORT,3201.17,3192.45,8.72
3504,2026-01-20 00:00:00,2026-01-20 02:15:00,LONG,3192.45,3184.46,-7.99
3505,2026-01-20 02:15:00,2026-01-20 03:00:00,SHORT,3184.46,3187.04,-2.58
3506,2026-01-20 03:00:00,2026-01-20 04:30:00,LONG,3187.04,3182.38,-4.66
3507,2026-01-20 04:30:00,2026-01-20 06:00:00,SHORT,3182.38,3166.09,16.29
3508,2026-01-20 06:00:00,2026-01-20 06:45:00,LONG,3166.09,3116.91,-49.18
3509,2026-01-20 06:45:00,2026-01-20 09:00:00,SHORT,3116.91,3099.63,17.28
3510,2026-01-20 09:00:00,2026-01-20 09:45:00,LONG,3099.63,3094.1,-5.53
3511,2026-01-20 09:45:00,2026-01-20 10:30:00,SHORT,3094.1,3102.53,-8.43
3512,2026-01-20 10:30:00,2026-01-20 12:45:00,LONG,3102.53,3111.3,8.77
3513,2026-01-20 12:45:00,2026-01-20 17:15:00,SHORT,3111.3,3003.88,107.42
3514,2026-01-20 17:15:00,2026-01-20 18:00:00,LONG,3003.88,3007.23,3.35
3515,2026-01-20 18:00:00,2026-01-20 21:00:00,SHORT,3007.23,3002.65,4.58
3516,2026-01-20 21:00:00,2026-01-20 21:45:00,LONG,3002.65,2993.53,-9.12
3517,2026-01-20 21:45:00,2026-01-21 00:45:00,SHORT,2993.53,2960.0,33.53
3518,2026-01-21 00:45:00,2026-01-21 03:00:00,LONG,2960.0,2969.53,9.53
3519,2026-01-21 03:00:00,2026-01-21 03:45:00,SHORT,2969.53,2981.76,-12.23
3520,2026-01-21 03:45:00,2026-01-21 06:45:00,LONG,2981.76,2980.3,-1.46
3521,2026-01-21 06:45:00,2026-01-21 07:30:00,SHORT,2980.3,2971.17,9.13
3522,2026-01-21 07:30:00,2026-01-21 08:15:00,LONG,2971.17,2967.2,-3.97
3523,2026-01-21 08:15:00,2026-01-21 09:00:00,SHORT,2967.2,2968.72,-1.52
3524,2026-01-21 09:00:00,2026-01-21 12:00:00,LONG,2968.72,2922.08,-46.64
3525,2026-01-21 12:00:00,2026-01-21 13:30:00,SHORT,2922.08,2927.8,-5.72
3526,2026-01-21 13:30:00,2026-01-21 16:30:00,LONG,2927.8,2888.98,-38.82
3527,2026-01-21 16:30:00,2026-01-21 18:00:00,SHORT,2888.98,2905.23,-16.25
3528,2026-01-21 18:00:00,2026-01-21 22:30:00,LONG,2905.23,3016.54,111.31
3529,2026-01-21 22:30:00,2026-01-21 23:15:00,SHORT,3016.54,3014.34,2.2
3530,2026-01-21 23:15:00,2026-01-22 00:00:00,LONG,3014.34,2996.4,-17.94
3531,2026-01-22 00:00:00,2026-01-22 00:45:00,SHORT,2996.4,3005.39,-8.99
3532,2026-01-22 00:45:00,2026-01-22 03:00:00,LONG,3005.39,3027.15,21.76
3533,2026-01-22 03:00:00,2026-01-22 04:30:00,SHORT,3027.15,3020.4,6.75
3534,2026-01-22 04:30:00,2026-01-22 07:30:00,LONG,3020.4,3011.39,-9.01
3535,2026-01-22 07:30:00,2026-01-22 09:00:00,SHORT,3011.39,3010.23,1.16
3536,2026-01-22 09:00:00,2026-01-22 10:30:00,LONG,3010.23,3001.8,-8.43
3537,2026-01-22 10:30:00,2026-01-22 12:45:00,SHORT,3001.8,2990.86,10.94
3538,2026-01-22 12:45:00,2026-01-22 15:00:00,LONG,2990.86,2947.73,-43.13
3539,2026-01-22 15:00:00,2026-01-22 15:45:00,SHORT,2947.73,2942.01,5.72
3540,2026-01-22 15:45:00,2026-01-22 18:45:00,LONG,2942.01,2939.53,-2.48
3541,2026-01-22 18:45:00,2026-01-22 20:15:00,SHORT,2939.53,2937.88,1.65
3542,2026-01-22 20:15:00,2026-01-22 21:00:00,LONG,2937.88,2941.85,3.97
3543,2026-01-22 21:00:00,2026-01-22 21:45:00,SHORT,2941.85,2946.4,-4.55
3544,2026-01-22 21:45:00,2026-01-22 23:15:00,LONG,2946.4,2950.04,3.64
3545,2026-01-22 23:15:00,2026-01-23 00:00:00,SHORT,2950.04,2952.86,-2.82
3546,2026-01-23 00:00:00,2026-01-23 00:45:00,LONG,2952.86,2953.61,0.75
3547,2026-01-23 00:45:00,2026-01-23 01:30:00,SHORT,2953.61,2963.07,-9.46
3548,2026-01-23 01:30:00,2026-01-23 03:00:00,LONG,2963.07,2959.03,-4.04
3549,2026-01-23 03:00:00,2026-01-23 03:45:00,SHORT,2959.03,2964.42,-5.39
3550,2026-01-23 03:45:00,2026-01-23 06:00:00,LONG,2964.42,2972.01,7.59
3551,2026-01-23 06:00:00,2026-01-23 07:30:00,SHORT,2972.01,2948.39,23.62
3552,2026-01-23 07:30:00,2026-01-23 09:00:00,LONG,2948.39,2928.0,-20.39
3553,2026-01-23 09:00:00,2026-01-23 10:30:00,SHORT,2928.0,2929.31,-1.31
3554,2026-01-23 10:30:00,2026-01-23 12:45:00,LONG,2929.31,2934.86,5.55
3555,2026-01-23 12:45:00,2026-01-23 15:45:00,SHORT,2934.86,2952.75,-17.89
3556,2026-01-23 15:45:00,2026-01-23 18:00:00,LONG,2952.75,2989.36,36.61
3557,2026-01-23 18:00:00,2026-01-23 22:30:00,SHORT,2989.36,2954.86,34.5
3558,2026-01-23 22:30:00,2026-01-23 23:15:00,LONG,2954.86,2956.13,1.27
3559,2026-01-23 23:15:00,2026-01-24 00:00:00,SHORT,2956.13,2952.93,3.2
3560,2026-01-24 00:00:00,2026-01-24 00:45:00,LONG,2952.93,2950.99,-1.94
3561,2026-01-24 00:45:00,2026-01-24 01:30:00,SHORT,2950.99,2955.89,-4.9
3562,2026-01-24 01:30:00,2026-01-24 03:45:00,LONG,2955.89,2962.72,6.83
3563,2026-01-24 03:45:00,2026-01-24 05:15:00,SHORT,2962.72,2963.93,-1.21
3564,2026-01-24 05:15:00,2026-01-24 06:00:00,LONG,2963.93,2963.42,-0.51
3565,2026-01-24 06:00:00,2026-01-24 06:45:00,SHORT,2963.42,2961.79,1.63
3566,2026-01-24 06:45:00,2026-01-24 07:30:00,LONG,2961.79,2959.0,-2.79
3567,2026-01-24 07:30:00,2026-01-24 09:00:00,SHORT,2959.0,2963.99,-4.99
3568,2026-01-24 09:00:00,2026-01-24 09:45:00,LONG,2963.99,2960.55,-3.44
3569,2026-01-24 09:45:00,2026-01-24 11:15:00,SHORT,2960.55,2962.6,-2.05
3570,2026-01-24 11:15:00,2026-01-24 12:00:00,LONG,2962.6,2960.4,-2.2
3571,2026-01-24 12:00:00,2026-01-24 12:45:00,SHORT,2960.4,2962.64,-2.24
3572,2026-01-24 12:45:00,2026-01-24 13:30:00,LONG,2962.64,2960.67,-1.97
3573,2026-01-24 13:30:00,2026-01-24 14:15:00,SHORT,2960.67,2955.54,5.13
3574,2026-01-24 14:15:00,2026-01-24 15:45:00,LONG,2955.54,2957.25,1.71
3575,2026-01-24 15:45:00,2026-01-24 17:15:00,SHORT,2957.25,2964.0,-6.75
3576,2026-01-24 17:15:00,2026-01-24 18:45:00,LONG,2964.0,2963.82,-0.18
3577,2026-01-24 18:45:00,2026-01-24 20:15:00,SHORT,2963.82,2957.88,5.94
3578,2026-01-24 20:15:00,2026-01-24 21:00:00,LONG,2957.88,2951.86,-6.02
3579,2026-01-24 21:00:00,2026-01-24 21:45:00,SHORT,2951.86,2957.95,-6.09
3580,2026-01-24 21:45:00,2026-01-24 23:15:00,LONG,2957.95,2957.38,-0.57
3581,2026-01-24 23:15:00,2026-01-25 00:45:00,SHORT,2957.38,2958.87,-1.49
3582,2026-01-25 00:45:00,2026-01-25 01:30:00,LONG,2958.87,2951.2,-7.67
3583,2026-01-25 01:30:00,2026-01-25 02:15:00,SHORT,2951.2,2953.56,-2.36
3584,2026-01-25 02:15:00,2026-01-25 03:00:00,LONG,2953.56,2951.21,-2.35
3585,2026-01-25 03:00:00,2026-01-25 04:30:00,SHORT,2951.21,2947.4,3.81
3586,2026-01-25 04:30:00,2026-01-25 09:00:00,LONG,2947.4,2932.34,-15.06
3587,2026-01-25 09:00:00,2026-01-25 09:45:00,SHORT,2932.34,2935.75,-3.41
3588,2026-01-25 09:45:00,2026-01-25 11:15:00,LONG,2935.75,2944.12,8.37
3589,2026-01-25 11:15:00,2026-01-25 12:45:00,SHORT,2944.12,2942.38,1.74
3590,2026-01-25 12:45:00,2026-01-25 13:30:00,LONG,2942.38,2941.59,-0.79
3591,2026-01-25 13:30:00,2026-01-25 21:00:00,SHORT,2941.59,2817.55,124.04
3592,2026-01-25 21:00:00,2026-01-25 21:45:00,LONG,2817.55,2818.72,1.17
3593,2026-01-25 21:45:00,2026-01-26 00:00:00,SHORT,2818.72,2833.15,-14.43
3594,2026-01-26 00:00:00,2026-01-26 02:15:00,LONG,2833.15,2880.79,47.64
3595,2026-01-26 02:15:00,2026-01-26 04:30:00,SHORT,2880.79,2863.45,17.34
3596,2026-01-26 04:30:00,2026-01-26 05:15:00,LONG,2863.45,2868.16,4.71
3597,2026-01-26 05:15:00,2026-01-26 06:00:00,SHORT,2868.16,2867.81,0.35
3598,2026-01-26 06:00:00,2026-01-26 08:15:00,LONG,2867.81,2915.92,48.11
3599,2026-01-26 08:15:00,2026-01-26 09:00:00,SHORT,2915.92,2893.95,21.97
3600,2026-01-26 09:00:00,2026-01-26 09:45:00,LONG,2893.95,2885.87,-8.08
3601,2026-01-26 09:45:00,2026-01-26 10:30:00,SHORT,2885.87,2899.75,-13.88
3602,2026-01-26 10:30:00,2026-01-26 12:00:00,LONG,2899.75,2907.13,7.38
3603,2026-01-26 12:00:00,2026-01-26 13:30:00,SHORT,2907.13,2906.91,0.22
3604,2026-01-26 13:30:00,2026-01-26 14:15:00,LONG,2906.91,2886.99,-19.92
3605,2026-01-26 14:15:00,2026-01-26 15:00:00,SHORT,2886.99,2944.91,-57.92
3606,2026-01-26 15:00:00,2026-01-26 15:45:00,LONG,2944.91,2899.32,-45.59
3607,2026-01-26 15:45:00,2026-01-26 16:30:00,SHORT,2899.32,2901.8,-2.48
3608,2026-01-26 16:30:00,2026-01-26 17:15:00,LONG,2901.8,2896.75,-5.05
3609,2026-01-26 17:15:00,2026-01-26 18:00:00,SHORT,2896.75,2918.03,-21.28
3610,2026-01-26 18:00:00,2026-01-26 18:45:00,LONG,2918.03,2932.01,13.98
3611,2026-01-26 18:45:00,2026-01-26 19:30:00,SHORT,2932.01,2932.47,-0.46
3612,2026-01-26 19:30:00,2026-01-26 20:15:00,LONG,2932.47,2917.15,-15.32
3613,2026-01-26 20:15:00,2026-01-26 21:45:00,SHORT,2917.15,2928.97,-11.82
3614,2026-01-26 21:45:00,2026-01-26 22:30:00,LONG,2928.97,2925.75,-3.22
3615,2026-01-26 22:30:00,2026-01-27 01:30:00,SHORT,2925.75,2936.44,-10.69
3616,2026-01-27 01:30:00,2026-01-27 05:15:00,LONG,2936.44,2936.51,0.07
3617,2026-01-27 05:15:00,2026-01-27 06:00:00,SHORT,2936.51,2941.96,-5.45
3618,2026-01-27 06:00:00,2026-01-27 06:45:00,LONG,2941.96,2929.0,-12.96
3619,2026-01-27 06:45:00,2026-01-27 07:30:00,SHORT,2929.0,2934.29,-5.29
3620,2026-01-27 07:30:00,2026-01-27 08:15:00,LONG,2934.29,2925.0,-9.29
3621,2026-01-27 08:15:00,2026-01-27 10:30:00,SHORT,2925.0,2905.76,19.24
3622,2026-01-27 10:30:00,2026-01-27 12:45:00,LONG,2905.76,2918.28,12.52
3623,2026-01-27 12:45:00,2026-01-27 14:15:00,SHORT,2918.28,2928.83,-10.55
3624,2026-01-27 14:15:00,2026-01-27 15:00:00,LONG,2928.83,2930.94,2.11
3625,2026-01-27 15:00:00,2026-01-27 16:30:00,SHORT,2930.94,2992.57,-61.63
3626,2026-01-27 16:30:00,2026-01-27 17:15:00,LONG,2992.57,2948.0,-44.57
3627,2026-01-27 17:15:00,2026-01-27 18:45:00,SHORT,2948.0,2978.21,-30.21
3628,2026-01-27 18:45:00,2026-01-27 21:45:00,LONG,2978.21,3015.82,37.61
3629,2026-01-27 21:45:00,2026-01-27 23:15:00,SHORT,3015.82,3025.62,-9.8
3630,2026-01-27 23:15:00,2026-01-28 00:45:00,LONG,3025.62,3024.26,-1.36
3631,2026-01-28 00:45:00,2026-01-28 06:00:00,SHORT,3024.26,3012.27,11.99
3632,2026-01-28 06:00:00,2026-01-28 06:45:00,LONG,3012.27,3014.47,2.2
3633,2026-01-28 06:45:00,2026-01-28 09:45:00,SHORT,3014.47,3017.44,-2.97
3634,2026-01-28 09:45:00,2026-01-28 11:15:00,LONG,3017.44,3020.81,3.37
3635,2026-01-28 11:15:00,2026-01-28 12:00:00,SHORT,3020.81,3027.39,-6.58
3636,2026-01-28 12:00:00,2026-01-28 12:45:00,LONG,3027.39,3031.13,3.74
3637,2026-01-28 12:45:00,2026-01-28 13:30:00,SHORT,3031.13,3042.0,-10.87
3638,2026-01-28 13:30:00,2026-01-28 14:15:00,LONG,3042.0,3025.07,-16.93
3639,2026-01-28 14:15:00,2026-01-28 15:45:00,SHORT,3025.07,3008.25,16.82
3640,2026-01-28 15:45:00,2026-01-28 18:45:00,LONG,3008.25,3015.51,7.26
3641,2026-01-28 18:45:00,2026-01-28 20:15:00,SHORT,3015.51,3032.01,-16.5
3642,2026-01-28 20:15:00,2026-01-28 21:00:00,LONG,3032.01,3016.0,-16.01
3643,2026-01-28 21:00:00,2026-01-28 21:45:00,SHORT,3016.0,3021.51,-5.51
3644,2026-01-28 21:45:00,2026-01-28 22:30:00,LONG,3021.51,3010.61,-10.9
3645,2026-01-28 22:30:00,2026-01-29 05:15:00,SHORT,3010.61,2957.64,52.97
3646,2026-01-29 05:15:00,2026-01-29 06:00:00,LONG,2957.64,2954.79,-2.85
3647,2026-01-29 06:00:00,2026-01-29 06:45:00,SHORT,2954.79,2955.97,-1.18
3648,2026-01-29 06:45:00,2026-01-29 07:30:00,LONG,2955.97,2960.36,4.39
3649,2026-01-29 07:30:00,2026-01-29 10:30:00,SHORT,2960.36,2946.62,13.74
3650,2026-01-29 10:30:00,2026-01-29 11:15:00,LONG,2946.62,2924.55,-22.07
3651,2026-01-29 11:15:00,2026-01-29 12:45:00,SHORT,2924.55,2936.34,-11.79
3652,2026-01-29 12:45:00,2026-01-29 14:15:00,LONG,2936.34,2918.69,-17.65
3653,2026-01-29 14:15:00,2026-01-29 17:15:00,SHORT,2918.69,2840.48,78.21
3654,2026-01-29 17:15:00,2026-01-29 18:00:00,LONG,2840.48,2827.49,-12.99
3655,2026-01-29 18:00:00,2026-01-29 20:15:00,SHORT,2827.49,2795.78,31.71
3656,2026-01-29 20:15:00,2026-01-29 22:30:00,LONG,2795.78,2814.84,19.06
3657,2026-01-29 22:30:00,2026-01-30 00:00:00,SHORT,2814.84,2820.43,-5.59
3658,2026-01-30 00:00:00,2026-01-30 00:45:00,LONG,2820.43,2805.0,-15.43
3659,2026-01-30 00:45:00,2026-01-30 03:00:00,SHORT,2805.0,2744.14,60.86
3660,2026-01-30 03:00:00,2026-01-30 05:15:00,LONG,2744.14,2759.25,15.11
3661,2026-01-30 05:15:00,2026-01-30 07:30:00,SHORT,2759.25,2731.02,28.23
3662,2026-01-30 07:30:00,2026-01-30 09:00:00,LONG,2731.02,2733.0,1.98
3663,2026-01-30 09:00:00,2026-01-30 10:30:00,SHORT,2733.0,2727.1,5.9
3664,2026-01-30 10:30:00,2026-01-30 12:45:00,LONG,2727.1,2740.49,13.39
3665,2026-01-30 12:45:00,2026-01-30 14:15:00,SHORT,2740.49,2733.38,7.11
3666,2026-01-30 14:15:00,2026-01-30 15:00:00,LONG,2733.38,2738.04,4.66
3667,2026-01-30 15:00:00,2026-01-30 15:45:00,SHORT,2738.04,2729.47,8.57
3668,2026-01-30 15:45:00,2026-01-30 17:15:00,LONG,2729.47,2733.65,4.18
3669,2026-01-30 17:15:00,2026-01-30 18:45:00,SHORT,2733.65,2740.27,-6.62
3670,2026-01-30 18:45:00,2026-01-30 20:15:00,LONG,2740.27,2683.31,-56.96
3671,2026-01-30 20:15:00,2026-01-30 21:45:00,SHORT,2683.31,2704.93,-21.62
3672,2026-01-30 21:45:00,2026-01-30 22:30:00,LONG,2704.93,2702.72,-2.21
3673,2026-01-30 22:30:00,2026-01-31 00:00:00,SHORT,2702.72,2708.86,-6.14
3674,2026-01-31 00:00:00,2026-01-31 01:30:00,LONG,2708.86,2705.17,-3.69
3675,2026-01-31 01:30:00,2026-01-31 03:00:00,SHORT,2705.17,2703.32,1.85
3676,2026-01-31 03:00:00,2026-01-31 03:45:00,LONG,2703.32,2695.86,-7.46
3677,2026-01-31 03:45:00,2026-01-31 04:30:00,SHORT,2695.86,2698.09,-2.23
3678,2026-01-31 04:30:00,2026-01-31 05:15:00,LONG,2698.09,2700.8,2.71
3679,2026-01-31 05:15:00,2026-01-31 09:45:00,SHORT,2700.8,2648.35,52.45
3680,2026-01-31 09:45:00,2026-01-31 11:15:00,LONG,2648.35,2648.35,0.0
3681,2026-01-31 11:15:00,2026-01-31 12:45:00,SHORT,2648.35,2633.55,14.8
3682,2026-01-31 12:45:00,2026-01-31 13:30:00,LONG,2633.55,2627.19,-6.36
3683,2026-01-31 13:30:00,2026-01-31 15:45:00,SHORT,2627.19,2534.2,92.99
3684,2026-01-31 15:45:00,2026-01-31 17:15:00,LONG,2534.2,2420.84,-113.36
3685,2026-01-31 17:15:00,2026-01-31 19:30:00,SHORT,2420.84,2388.59,32.25
3686,2026-01-31 19:30:00,2026-01-31 20:15:00,LONG,2388.59,2368.45,-20.14
3687,2026-01-31 20:15:00,2026-01-31 21:00:00,SHORT,2368.45,2387.9,-19.45
3688,2026-01-31 21:00:00,2026-02-01 00:45:00,LONG,2387.9,2452.18,64.28
3689,2026-02-01 00:45:00,2026-02-01 01:30:00,SHORT,2452.18,2436.94,15.24
3690,2026-02-01 01:30:00,2026-02-01 03:45:00,LONG,2436.94,2445.46,8.52
3691,2026-02-01 03:45:00,2026-02-01 04:30:00,SHORT,2445.46,2452.66,-7.2
3692,2026-02-01 04:30:00,2026-02-01 05:15:00,LONG,2452.66,2447.4,-5.26
3693,2026-02-01 05:15:00,2026-02-01 09:45:00,SHORT,2447.4,2432.23,15.17
3694,2026-02-01 09:45:00,2026-02-01 10:30:00,LONG,2432.23,2386.0,-46.23
3695,2026-02-01 10:30:00,2026-02-01 12:00:00,SHORT,2386.0,2406.87,-20.87
3696,2026-02-01 12:00:00,2026-02-01 12:45:00,LONG,2406.87,2396.02,-10.85
3697,2026-02-01 12:45:00,2026-02-01 15:00:00,SHORT,2396.02,2337.71,58.31
3698,2026-02-01 15:00:00,2026-02-01 15:45:00,LONG,2337.71,2315.39,-22.32
3699,2026-02-01 15:45:00,2026-02-01 16:30:00,SHORT,2315.39,2305.35,10.04
3700,2026-02-01 16:30:00,2026-02-01 19:30:00,LONG,2305.35,2338.73,33.38
3701,2026-02-01 19:30:00,2026-02-01 22:30:00,SHORT,2338.73,2321.53,17.2
3702,2026-02-01 22:30:00,2026-02-01 23:15:00,LONG,2321.53,2258.36,-63.17
3703,2026-02-01 23:15:00,2026-02-02 00:45:00,SHORT,2258.36,2293.2,-34.84
3704,2026-02-02 00:45:00,2026-02-02 02:15:00,LONG,2293.2,2294.01,0.81
3705,2026-02-02 02:15:00,2026-02-02 04:30:00,SHORT,2294.01,2255.32,38.69
3706,2026-02-02 04:30:00,2026-02-02 05:15:00,LONG,2255.32,2194.73,-60.59
3707,2026-02-02 05:15:00,2026-02-02 06:45:00,SHORT,2194.73,2227.44,-32.71
3708,2026-02-02 06:45:00,2026-02-02 11:15:00,LONG,2227.44,2283.45,56.01
3709,2026-02-02 11:15:00,2026-02-02 12:45:00,SHORT,2283.45,2311.66,-28.21
3710,2026-02-02 12:45:00,2026-02-02 14:15:00,LONG,2311.66,2316.81,5.15
3711,2026-02-02 14:15:00,2026-02-02 15:45:00,SHORT,2316.81,2372.71,-55.9
3712,2026-02-02 15:45:00,2026-02-02 18:00:00,LONG,2372.71,2344.52,-28.19
3713,2026-02-02 18:00:00,2026-02-02 18:45:00,SHORT,2344.52,2345.22,-0.7
3714,2026-02-02 18:45:00,2026-02-02 19:30:00,LONG,2345.22,2341.94,-3.28
3715,2026-02-02 19:30:00,2026-02-02 21:45:00,SHORT,2341.94,2342.04,-0.1
3716,2026-02-02 21:45:00,2026-02-03 00:00:00,LONG,2342.04,2334.07,-7.97
3717,2026-02-03 00:00:00,2026-02-03 00:45:00,SHORT,2334.07,2353.98,-19.91
3718,2026-02-03 00:45:00,2026-02-03 02:15:00,LONG,2353.98,2330.37,-23.61
3719,2026-02-03 02:15:00,2026-02-03 03:45:00,SHORT,2330.37,2344.03,-13.66
3720,2026-02-03 03:45:00,2026-02-03 04:30:00,LONG,2344.03,2353.46,9.43
3721,2026-02-03 04:30:00,2026-02-03 07:30:00,SHORT,2353.46,2328.37,25.09
3722,2026-02-03 07:30:00,2026-02-03 08:15:00,LONG,2328.37,2327.65,-0.72
3723,2026-02-03 08:15:00,2026-02-03 09:45:00,SHORT,2327.65,2292.06,35.59
3724,2026-02-03 09:45:00,2026-02-03 11:15:00,LONG,2292.06,2272.81,-19.25
3725,2026-02-03 11:15:00,2026-02-03 12:45:00,SHORT,2272.81,2301.32,-28.51
3726,2026-02-03 12:45:00,2026-02-03 15:00:00,LONG,2301.32,2258.44,-42.88
3727,2026-02-03 15:00:00,2026-02-03 15:45:00,SHORT,2258.44,2303.2,-44.76
3728,2026-02-03 15:45:00,2026-02-03 16:30:00,LONG,2303.2,2247.86,-55.34
3729,2026-02-03 16:30:00,2026-02-03 19:30:00,SHORT,2247.86,2198.39,49.47
3730,2026-02-03 19:30:00,2026-02-03 21:45:00,LONG,2198.39,2283.92,85.53
3731,2026-02-03 21:45:00,2026-02-04 00:45:00,SHORT,2283.92,2241.02,42.9
3732,2026-02-04 00:45:00,2026-02-04 03:00:00,LONG,2241.02,2276.73,35.71
3733,2026-02-04 03:00:00,2026-02-04 03:45:00,SHORT,2276.73,2283.37,-6.64
3734,2026-02-04 03:45:00,2026-02-04 04:30:00,LONG,2283.37,2275.0,-8.37
3735,2026-02-04 04:30:00,2026-02-04 05:15:00,SHORT,2275.0,2273.48,1.52
3736,2026-02-04 05:15:00,2026-02-04 06:00:00,LONG,2273.48,2274.84,1.36
3737,2026-02-04 06:00:00,2026-02-04 06:45:00,SHORT,2274.84,2277.54,-2.7
3738,2026-02-04 06:45:00,2026-02-04 08:15:00,LONG,2277.54,2270.07,-7.47
3739,2026-02-04 08:15:00,2026-02-04 09:00:00,SHORT,2270.07,2270.29,-0.22
3740,2026-02-04 09:00:00,2026-02-04 09:45:00,LONG,2270.29,2260.65,-9.64
3741,2026-02-04 09:45:00,2026-02-04 12:00:00,SHORT,2260.65,2254.99,5.66
3742,2026-02-04 12:00:00,2026-02-04 12:45:00,LONG,2254.99,2243.92,-11.07
3743,2026-02-04 12:45:00,2026-02-04 17:15:00,SHORT,2243.92,2108.66,135.26
3744,2026-02-04 17:15:00,2026-02-04 19:30:00,LONG,2108.66,2153.3,44.64
3745,2026-02-04 19:30:00,2026-02-04 20:15:00,SHORT,2153.3,2171.2,-17.9
3746,2026-02-04 20:15:00,2026-02-04 21:00:00,LONG,2171.2,2163.74,-7.46
3747,2026-02-04 21:00:00,2026-02-04 22:30:00,SHORT,2163.74,2130.0,33.74
3748,2026-02-04 22:30:00,2026-02-05 02:15:00,LONG,2130.0,2137.73,7.73
3749,2026-02-05 02:15:00,2026-02-05 05:15:00,SHORT,2137.73,2094.84,42.89
3750,2026-02-05 05:15:00,2026-02-05 06:00:00,LONG,2094.84,2093.24,-1.6
3751,2026-02-05 06:00:00,2026-02-05 07:30:00,SHORT,2093.24,2103.29,-10.05
3752,2026-02-05 07:30:00,2026-02-05 09:45:00,LONG,2103.29,2133.45,30.16
3753,2026-02-05 09:45:00,2026-02-05 10:30:00,SHORT,2133.45,2123.36,10.09
3754,2026-02-05 10:30:00,2026-02-05 11:15:00,LONG,2123.36,2069.0,-54.36
3755,2026-02-05 11:15:00,2026-02-05 14:15:00,SHORT,2069.0,2076.88,-7.88
3756,2026-02-05 14:15:00,2026-02-05 15:00:00,LONG,2076.88,1997.36,-79.52
3757,2026-02-05 15:00:00,2026-02-05 16:30:00,SHORT,1997.36,1975.19,22.17
3758,2026-02-05 16:30:00,2026-02-05 17:15:00,LONG,1975.19,1981.24,6.05
3759,2026-02-05 17:15:00,2026-02-05 22:30:00,SHORT,1981.24,1875.18,106.06
3760,2026-02-05 22:30:00,2026-02-06 00:00:00,LONG,1875.18,1769.49,-105.69
3761,2026-02-06 00:00:00,2026-02-06 00:45:00,SHORT,1769.49,1870.61,-101.12
3762,2026-02-06 00:45:00,2026-02-06 02:15:00,LONG,1870.61,1906.85,36.24
3763,2026-02-06 02:15:00,2026-02-06 04:30:00,SHORT,1906.85,1906.7,0.15
3764,2026-02-06 04:30:00,2026-02-06 06:45:00,LONG,1906.7,1908.32,1.62
3765,2026-02-06 06:45:00,2026-02-06 09:45:00,SHORT,1908.32,1919.0,-10.68
3766,2026-02-06 09:45:00,2026-02-06 12:45:00,LONG,1919.0,1920.91,1.91
3767,2026-02-06 12:45:00,2026-02-06 13:30:00,SHORT,1920.91,1951.87,-30.96
3768,2026-02-06 13:30:00,2026-02-06 14:15:00,LONG,1951.87,1949.81,-2.06
3769,2026-02-06 14:15:00,2026-02-06 15:00:00,SHORT,1949.81,1963.56,-13.75
3770,2026-02-06 15:00:00,2026-02-06 20:15:00,LONG,1963.56,2054.36,90.8
3771,2026-02-06 20:15:00,2026-02-06 22:30:00,SHORT,2054.36,2070.82,-16.46
3772,2026-02-06 22:30:00,2026-02-06 23:15:00,LONG,2070.82,2069.92,-0.9
3773,2026-02-06 23:15:00,2026-02-07 01:30:00,SHORT,2069.92,2050.9,19.02
3774,2026-02-07 01:30:00,2026-02-07 06:00:00,LONG,2050.9,2082.78,31.88
3775,2026-02-07 06:00:00,2026-02-07 11:15:00,SHORT,2082.78,2008.34,74.44
3776,2026-02-07 11:15:00,2026-02-07 15:00:00,LONG,2008.34,2039.44,31.1
3777,2026-02-07 15:00:00,2026-02-07 15:45:00,SHORT,2039.44,2052.54,-13.1
3778,2026-02-07 15:45:00,2026-02-07 17:15:00,LONG,2052.54,2055.86,3.32
3779,2026-02-07 17:15:00,2026-02-07 18:00:00,SHORT,2055.86,2066.28,-10.42
3780,2026-02-07 18:00:00,2026-02-07 20:15:00,LONG,2066.28,2096.04,29.76
3781,2026-02-07 20:15:00,2026-02-07 21:00:00,SHORT,2096.04,2105.99,-9.95
3782,2026-02-07 21:00:00,2026-02-07 21:45:00,LONG,2105.99,2100.42,-5.57
3783,2026-02-07 21:45:00,2026-02-08 00:00:00,SHORT,2100.42,2090.57,9.85
3784,2026-02-08 00:00:00,2026-02-08 00:45:00,LONG,2090.57,2084.58,-5.99
3785,2026-02-08 00:45:00,2026-02-08 02:15:00,SHORT,2084.58,2095.87,-11.29
3786,2026-02-08 02:15:00,2026-02-08 03:00:00,LONG,2095.87,2086.26,-9.61
3787,2026-02-08 03:00:00,2026-02-08 04:30:00,SHORT,2086.26,2078.43,7.83
3788,2026-02-08 04:30:00,2026-02-08 06:45:00,LONG,2078.43,2079.3,0.87
3789,2026-02-08 06:45:00,2026-02-08 08:15:00,SHORT,2079.3,2102.45,-23.15
3790,2026-02-08 08:15:00,2026-02-08 09:45:00,LONG,2102.45,2100.55,-1.9
3791,2026-02-08 09:45:00,2026-02-08 11:15:00,SHORT,2100.55,2114.46,-13.91
3792,2026-02-08 11:15:00,2026-02-08 12:45:00,LONG,2114.46,2131.43,16.97
3793,2026-02-08 12:45:00,2026-02-08 13:30:00,SHORT,2131.43,2120.01,11.42
3794,2026-02-08 13:30:00,2026-02-08 14:15:00,LONG,2120.01,2120.73,0.72
3795,2026-02-08 14:15:00,2026-02-08 15:00:00,SHORT,2120.73,2129.91,-9.18
3796,2026-02-08 15:00:00,2026-02-08 15:45:00,LONG,2129.91,2108.64,-21.27
3797,2026-02-08 15:45:00,2026-02-08 16:30:00,SHORT,2108.64,2096.21,12.43
3798,2026-02-08 16:30:00,2026-02-08 17:15:00,LONG,2096.21,2085.83,-10.38
3799,2026-02-08 17:15:00,2026-02-08 18:00:00,SHORT,2085.83,2094.9,-9.07
3800,2026-02-08 18:00:00,2026-02-08 20:15:00,LONG,2094.9,2113.9,19.0
3801,2026-02-08 20:15:00,2026-02-08 22:30:00,SHORT,2113.9,2099.17,14.73
3802,2026-02-08 22:30:00,2026-02-09 00:00:00,LONG,2099.17,2093.84,-5.33
3803,2026-02-09 00:00:00,2026-02-09 01:30:00,SHORT,2093.84,2064.97,28.87
3804,2026-02-09 01:30:00,2026-02-09 02:15:00,LONG,2064.97,2072.65,7.68
3805,2026-02-09 02:15:00,2026-02-09 03:00:00,SHORT,2072.65,2083.56,-10.91
3806,2026-02-09 03:00:00,2026-02-09 05:15:00,LONG,2083.56,2092.55,8.99
3807,2026-02-09 05:15:00,2026-02-09 06:00:00,SHORT,2092.55,2090.61,1.94
3808,2026-02-09 06:00:00,2026-02-09 06:45:00,LONG,2090.61,2081.43,-9.18
3809,2026-02-09 06:45:00,2026-02-09 12:00:00,SHORT,2081.43,2036.96,44.47
3810,2026-02-09 12:00:00,2026-02-09 14:15:00,LONG,2036.96,2025.78,-11.18
3811,2026-02-09 14:15:00,2026-02-09 15:00:00,SHORT,2025.78,2056.31,-30.53
3812,2026-02-09 15:00:00,2026-02-09 19:30:00,LONG,2056.31,2130.59,74.28
3813,2026-02-09 19:30:00,2026-02-09 20:15:00,SHORT,2130.59,2119.81,10.78
3814,2026-02-09 20:15:00,2026-02-09 21:00:00,LONG,2119.81,2117.36,-2.45
3815,2026-02-09 21:00:00,2026-02-09 22:30:00,SHORT,2117.36,2116.81,0.55
3816,2026-02-09 22:30:00,2026-02-09 23:15:00,LONG,2116.81,2109.12,-7.69
3817,2026-02-09 23:15:00,2026-02-10 01:30:00,SHORT,2109.12,2120.78,-11.66
3818,2026-02-10 01:30:00,2026-02-10 03:00:00,LONG,2120.78,2099.4,-21.38
3819,2026-02-10 03:00:00,2026-02-10 05:15:00,SHORT,2099.4,2063.25,36.15
3820,2026-02-10 05:15:00,2026-02-10 06:00:00,LONG,2063.25,2051.55,-11.7
3821,2026-02-10 06:00:00,2026-02-10 09:00:00,SHORT,2051.55,2021.63,29.92
3822,2026-02-10 09:00:00,2026-02-10 11:15:00,LONG,2021.63,2017.34,-4.29
3823,2026-02-10 11:15:00,2026-02-10 13:30:00,SHORT,2017.34,2023.44,-6.1
3824,2026-02-10 13:30:00,2026-02-10 15:00:00,LONG,2023.44,2010.85,-12.59
3825,2026-02-10 15:00:00,2026-02-10 15:45:00,SHORT,2010.85,2022.66,-11.81
3826,2026-02-10 15:45:00,2026-02-10 17:15:00,LONG,2022.66,2031.19,8.53
3827,2026-02-10 17:15:00,2026-02-10 18:00:00,SHORT,2031.19,2028.13,3.06
3828,2026-02-10 18:00:00,2026-02-10 18:45:00,LONG,2028.13,2009.44,-18.69
3829,2026-02-10 18:45:00,2026-02-10 22:30:00,SHORT,2009.44,2017.0,-7.56
3830,2026-02-10 22:30:00,2026-02-11 00:45:00,LONG,2017.0,2025.41,8.41
3831,2026-02-11 00:45:00,2026-02-11 02:15:00,SHORT,2025.41,2029.92,-4.51
3832,2026-02-11 02:15:00,2026-02-11 03:00:00,LONG,2029.92,2010.26,-19.66
3833,2026-02-11 03:00:00,2026-02-11 03:45:00,SHORT,2010.26,2009.59,0.67
3834,2026-02-11 03:45:00,2026-02-11 04:30:00,LONG,2009.59,1974.19,-35.4
3835,2026-02-11 04:30:00,2026-02-11 07:30:00,SHORT,1974.19,1955.23,18.96
3836,2026-02-11 07:30:00,2026-02-11 08:15:00,LONG,1955.23,1948.51,-6.72
3837,2026-02-11 08:15:00,2026-02-11 09:00:00,SHORT,1948.51,1951.53,-3.02
3838,2026-02-11 09:00:00,2026-02-11 09:45:00,LONG,1951.53,1947.0,-4.53
3839,2026-02-11 09:45:00,2026-02-11 10:30:00,SHORT,1947.0,1938.05,8.95
3840,2026-02-11 10:30:00,2026-02-11 12:45:00,LONG,1938.05,1952.34,14.29
3841,2026-02-11 12:45:00,2026-02-11 14:15:00,SHORT,1952.34,1987.81,-35.47
3842,2026-02-11 14:15:00,2026-02-11 15:00:00,LONG,1987.81,1917.71,-70.1
3843,2026-02-11 15:00:00,2026-02-11 15:45:00,SHORT,1917.71,1929.46,-11.75
3844,2026-02-11 15:45:00,2026-02-11 16:30:00,LONG,1929.46,1918.31,-11.15
3845,2026-02-11 16:30:00,2026-02-11 18:00:00,SHORT,1918.31,1924.29,-5.98
3846,2026-02-11 18:00:00,2026-02-11 19:30:00,LONG,1924.29,1955.96,31.67
3847,2026-02-11 19:30:00,2026-02-11 20:15:00,SHORT,1955.96,1941.93,14.03
3848,2026-02-11 20:15:00,2026-02-11 22:30:00,LONG,1941.93,1960.86,18.93
3849,2026-02-11 22:30:00,2026-02-12 00:45:00,SHORT,1960.86,1958.8,2.06
3850,2026-02-12 00:45:00,2026-02-12 02:15:00,LONG,1958.8,1962.9,4.1
3851,2026-02-12 02:15:00,2026-02-12 03:45:00,SHORT,1962.9,1968.69,-5.79
3852,2026-02-12 03:45:00,2026-02-12 04:30:00,LONG,1968.69,1971.72,3.03
3853,2026-02-12 04:30:00,2026-02-12 06:00:00,SHORT,1971.72,1971.07,0.65
3854,2026-02-12 06:00:00,2026-02-12 08:15:00,LONG,1971.07,1959.66,-11.41
3855,2026-02-12 08:15:00,2026-02-12 09:00:00,SHORT,1959.66,1969.29,-9.63
3856,2026-02-12 09:00:00,2026-02-12 12:00:00,LONG,1969.29,1986.64,17.35
3857,2026-02-12 12:00:00,2026-02-12 18:45:00,SHORT,1986.64,1918.65,67.99
3858,2026-02-12 18:45:00,2026-02-12 20:15:00,LONG,1918.65,1918.51,-0.14
3859,2026-02-12 20:15:00,2026-02-12 21:45:00,SHORT,1918.51,1923.51,-5.0
3860,2026-02-12 21:45:00,2026-02-13 00:45:00,LONG,1923.51,1933.26,9.75
3861,2026-02-13 00:45:00,2026-02-13 01:30:00,SHORT,1933.26,1946.34,-13.08
3862,2026-02-13 01:30:00,2026-02-13 04:30:00,LONG,1946.34,1947.89,1.55
3863,2026-02-13 04:30:00,2026-02-13 07:30:00,SHORT,1947.89,1933.72,14.17
3864,2026-02-13 07:30:00,2026-02-13 10:30:00,LONG,1933.72,1961.29,27.57
3865,2026-02-13 10:30:00,2026-02-13 12:00:00,SHORT,1961.29,1955.5,5.79
3866,2026-02-13 12:00:00,2026-02-13 14:15:00,LONG,1955.5,1975.67,20.17
3867,2026-02-13 14:15:00,2026-02-13 15:00:00,SHORT,1975.67,2020.94,-45.27
3868,2026-02-13 15:00:00,2026-02-13 17:15:00,LONG,2020.94,2058.12,37.18
3869,2026-02-13 17:15:00,2026-02-13 18:45:00,SHORT,2058.12,2057.4,0.72
3870,2026-02-13 18:45:00,2026-02-13 19:30:00,LONG,2057.4,2052.82,-4.58
3871,2026-02-13 19:30:00,2026-02-13 21:45:00,SHORT,2052.82,2054.02,-1.2
3872,2026-02-13 21:45:00,2026-02-13 23:15:00,LONG,2054.02,2050.29,-3.73
3873,2026-02-13 23:15:00,2026-02-14 00:45:00,SHORT,2050.29,2055.2,-4.91
3874,2026-02-14 00:45:00,2026-02-14 02:15:00,LONG,2055.2,2049.95,-5.25
3875,2026-02-14 02:15:00,2026-02-14 03:45:00,SHORT,2049.95,2054.37,-4.42
3876,2026-02-14 03:45:00,2026-02-14 05:15:00,LONG,2054.37,2055.1,0.73
3877,2026-02-14 05:15:00,2026-02-14 06:45:00,SHORT,2055.1,2053.68,1.42
3878,2026-02-14 06:45:00,2026-02-14 10:30:00,LONG,2053.68,2075.76,22.08
3879,2026-02-14 10:30:00,2026-02-14 11:15:00,SHORT,2075.76,2096.46,-20.7
3880,2026-02-14 11:15:00,2026-02-14 12:45:00,LONG,2096.46,2070.97,-25.49
3881,2026-02-14 12:45:00,2026-02-14 14:15:00,SHORT,2070.97,2071.48,-0.51
3882,2026-02-14 14:15:00,2026-02-14 16:30:00,LONG,2071.48,2079.51,8.03
3883,2026-02-14 16:30:00,2026-02-14 17:15:00,SHORT,2079.51,2084.56,-5.05
3884,2026-02-14 17:15:00,2026-02-14 18:00:00,LONG,2084.56,2082.83,-1.73
3885,2026-02-14 18:00:00,2026-02-14 18:45:00,SHORT,2082.83,2085.39,-2.56
3886,2026-02-14 18:45:00,2026-02-14 20:15:00,LONG,2085.39,2085.21,-0.18
3887,2026-02-14 20:15:00,2026-02-14 21:00:00,SHORT,2085.21,2095.21,-10.0
3888,2026-02-14 21:00:00,2026-02-14 21:45:00,LONG,2095.21,2085.87,-9.34
3889,2026-02-14 21:45:00,2026-02-14 22:30:00,SHORT,2085.87,2093.5,-7.63
3890,2026-02-14 22:30:00,2026-02-14 23:15:00,LONG,2093.5,2088.6,-4.9
3891,2026-02-14 23:15:00,2026-02-15 03:00:00,SHORT,2088.6,2057.47,31.13
3892,2026-02-15 03:00:00,2026-02-15 03:45:00,LONG,2057.47,2058.94,1.47
3893,2026-02-15 03:45:00,2026-02-15 04:30:00,SHORT,2058.94,2077.85,-18.91
3894,2026-02-15 04:30:00,2026-02-15 06:45:00,LONG,2077.85,2085.85,8.0
3895,2026-02-15 06:45:00,2026-02-15 11:15:00,SHORT,2085.85,2062.25,23.6
3896,2026-02-15 11:15:00,2026-02-15 12:45:00,LONG,2062.25,2011.0,-51.25
3897,2026-02-15 12:45:00,2026-02-15 15:00:00,SHORT,2011.0,2013.2,-2.2
3898,2026-02-15 15:00:00,2026-02-15 17:15:00,LONG,2013.2,1998.44,-14.76
3899,2026-02-15 17:15:00,2026-02-15 20:15:00,SHORT,1998.44,1949.56,48.88
3900,2026-02-15 20:15:00,2026-02-15 23:15:00,LONG,1949.56,1958.49,8.93
3901,2026-02-15 23:15:00,2026-02-16 00:00:00,SHORT,1958.49,1973.55,-15.06
3902,2026-02-16 00:00:00,2026-02-16 00:45:00,LONG,1973.55,1969.11,-4.44
3903,2026-02-16 00:45:00,2026-02-16 03:45:00,SHORT,1969.11,1958.78,10.33
3904,2026-02-16 03:45:00,2026-02-16 05:15:00,LONG,1958.78,1958.54,-0.24
3905,2026-02-16 05:15:00,2026-02-16 06:45:00,SHORT,1958.54,1966.69,-8.15
3906,2026-02-16 06:45:00,2026-02-16 08:15:00,LONG,1966.69,1974.87,8.18
3907,2026-02-16 08:15:00,2026-02-16 09:00:00,SHORT,1974.87,1986.75,-11.88
3908,2026-02-16 09:00:00,2026-02-16 10:30:00,LONG,1986.75,1980.99,-5.76
3909,2026-02-16 10:30:00,2026-02-16 12:00:00,SHORT,1980.99,1976.41,4.58
3910,2026-02-16 12:00:00,2026-02-16 13:30:00,LONG,1976.41,1974.71,-1.7
3911,2026-02-16 13:30:00,2026-02-16 15:00:00,SHORT,1974.71,1973.05,1.66
3912,2026-02-16 15:00:00,2026-02-16 15:45:00,LONG,1973.05,1956.65,-16.4
3913,2026-02-16 15:45:00,2026-02-16 16:30:00,SHORT,1956.65,1974.09,-17.44
3914,2026-02-16 16:30:00,2026-02-16 18:00:00,LONG,1974.09,1982.57,8.48
3915,2026-02-16 18:00:00,2026-02-16 20:15:00,SHORT,1982.57,1982.99,-0.42
3916,2026-02-16 20:15:00,2026-02-16 21:45:00,LONG,1982.99,1999.14,16.15
3917,2026-02-16 21:45:00,2026-02-16 23:15:00,SHORT,1999.14,1995.45,3.69
3918,2026-02-16 23:15:00,2026-02-17 03:00:00,LONG,1995.45,1992.17,-3.28
3919,2026-02-17 03:00:00,2026-02-17 04:30:00,SHORT,1992.17,1988.93,3.24
3920,2026-02-17 04:30:00,2026-02-17 05:15:00,LONG,1988.93,1974.03,-14.9
3921,2026-02-17 05:15:00,2026-02-17 06:45:00,SHORT,1974.03,1981.02,-6.99
3922,2026-02-17 06:45:00,2026-02-17 07:30:00,LONG,1981.02,1982.06,1.04
3923,2026-02-17 07:30:00,2026-02-17 08:15:00,SHORT,1982.06,1983.98,-1.92
3924,2026-02-17 08:15:00,2026-02-17 09:00:00,LONG,1983.98,1971.84,-12.14
3925,2026-02-17 09:00:00,2026-02-17 11:15:00,SHORT,1971.84,1970.49,1.35
3926,2026-02-17 11:15:00,2026-02-17 15:00:00,LONG,1970.49,1952.94,-17.55
3927,2026-02-17 15:00:00,2026-02-17 16:30:00,SHORT,1952.94,1992.63,-39.69
3928,2026-02-17 16:30:00,2026-02-17 17:15:00,LONG,1992.63,1973.82,-18.81
3929,2026-02-17 17:15:00,2026-02-17 18:45:00,SHORT,1973.82,1998.69,-24.87
3930,2026-02-17 18:45:00,2026-02-17 20:15:00,LONG,1998.69,1995.57,-3.12
3931,2026-02-17 20:15:00,2026-02-17 22:30:00,SHORT,1995.57,1999.44,-3.87
3932,2026-02-17 22:30:00,2026-02-17 23:15:00,LONG,1999.44,1992.69,-6.75
3933,2026-02-17 23:15:00,2026-02-18 02:15:00,SHORT,1992.69,1983.86,8.83
3934,2026-02-18 02:15:00,2026-02-18 04:30:00,LONG,1983.86,1994.29,10.43
3935,2026-02-18 04:30:00,2026-02-18 05:15:00,SHORT,1994.29,1998.38,-4.09
3936,2026-02-18 05:15:00,2026-02-18 06:00:00,LONG,1998.38,2000.16,1.78
3937,2026-02-18 06:00:00,2026-02-18 06:45:00,SHORT,2000.16,2002.06,-1.9
3938,2026-02-18 06:45:00,2026-02-18 07:30:00,LONG,2002.06,2012.15,10.09
3939,2026-02-18 07:30:00,2026-02-18 08:15:00,SHORT,2012.15,2030.19,-18.04
3940,2026-02-18 08:15:00,2026-02-18 09:00:00,LONG,2030.19,2019.23,-10.96
3941,2026-02-18 09:00:00,2026-02-18 09:45:00,SHORT,2019.23,2016.69,2.54
3942,2026-02-18 09:45:00,2026-02-18 10:30:00,LONG,2016.69,2000.08,-16.61
3943,2026-02-18 10:30:00,2026-02-18 12:45:00,SHORT,2000.08,1982.47,17.61
3944,2026-02-18 12:45:00,2026-02-18 14:15:00,LONG,1982.47,1965.2,-17.27
3945,2026-02-18 14:15:00,2026-02-18 15:00:00,SHORT,1965.2,1984.33,-19.13
3946,2026-02-18 15:00:00,2026-02-18 16:30:00,LONG,1984.33,1973.83,-10.5
3947,2026-02-18 16:30:00,2026-02-18 17:15:00,SHORT,1973.83,1974.77,-0.94
3948,2026-02-18 17:15:00,2026-02-18 18:00:00,LONG,1974.77,1972.67,-2.1
3949,2026-02-18 18:00:00,2026-02-18 21:45:00,SHORT,1972.67,1942.0,30.67
3950,2026-02-18 21:45:00,2026-02-18 22:30:00,LONG,1942.0,1946.3,4.3
3951,2026-02-18 22:30:00,2026-02-18 23:15:00,SHORT,1946.3,1948.74,-2.44
3952,2026-02-18 23:15:00,2026-02-19 03:00:00,LONG,1948.74,1965.34,16.6
3953,2026-02-19 03:00:00,2026-02-19 04:30:00,SHORT,1965.34,1971.62,-6.28
3954,2026-02-19 04:30:00,2026-02-19 05:15:00,LONG,1971.62,1965.81,-5.81
3955,2026-02-19 05:15:00,2026-02-19 06:00:00,SHORT,1965.81,1973.29,-7.48
3956,2026-02-19 06:00:00,2026-02-19 08:15:00,LONG,1973.29,1972.63,-0.66
3957,2026-02-19 08:15:00,2026-02-19 11:15:00,SHORT,1972.63,1960.46,12.17
3958,2026-02-19 11:15:00,2026-02-19 12:00:00,LONG,1960.46,1950.45,-10.01
3959,2026-02-19 12:00:00,2026-02-19 12:45:00,SHORT,1950.45,1947.3,3.15
3960,2026-02-19 12:45:00,2026-02-19 13:30:00,LONG,1947.3,1917.77,-29.53
3961,2026-02-19 13:30:00,2026-02-19 14:15:00,SHORT,1917.77,1927.07,-9.3
3962,2026-02-19 14:15:00,2026-02-19 16:30:00,LONG,1927.07,1926.76,-0.31
3963,2026-02-19 16:30:00,2026-02-19 17:15:00,SHORT,1926.76,1929.41,-2.65
3964,2026-02-19 17:15:00,2026-02-19 18:00:00,LONG,1929.41,1934.01,4.6
3965,2026-02-19 18:00:00,2026-02-19 18:45:00,SHORT,1934.01,1939.99,-5.98
3966,2026-02-19 18:45:00,2026-02-19 19:30:00,LONG,1939.99,1932.71,-7.28
3967,2026-02-19 19:30:00,2026-02-19 20:15:00,SHORT,1932.71,1938.68,-5.97
3968,2026-02-19 20:15:00,2026-02-19 22:30:00,LONG,1938.68,1940.87,2.19
3969,2026-02-19 22:30:00,2026-02-19 23:15:00,SHORT,1940.87,1950.15,-9.28
3970,2026-02-19 23:15:00,2026-02-20 01:30:00,LONG,1950.15,1957.68,7.53
3971,2026-02-20 01:30:00,2026-02-20 03:45:00,SHORT,1957.68,1954.85,2.83
3972,2026-02-20 03:45:00,2026-02-20 04:30:00,LONG,1954.85,1944.96,-9.89
3973,2026-02-20 04:30:00,2026-02-20 06:00:00,SHORT,1944.96,1958.77,-13.81
3974,2026-02-20 06:00:00,2026-02-20 09:00:00,LONG,1958.77,1969.66,10.89
3975,2026-02-20 09:00:00,2026-02-20 09:45:00,SHORT,1969.66,1968.15,1.51
3976,2026-02-20 09:45:00,2026-02-20 11:15:00,LONG,1968.15,1953.87,-14.28
3977,2026-02-20 11:15:00,2026-02-20 12:45:00,SHORT,1953.87,1949.82,4.05
3978,2026-02-20 12:45:00,2026-02-20 14:15:00,LONG,1949.82,1940.04,-9.78
3979,2026-02-20 14:15:00,2026-02-20 15:00:00,SHORT,1940.04,1945.94,-5.9
3980,2026-02-20 15:00:00,2026-02-20 16:30:00,LONG,1945.94,1957.67,11.73
3981,2026-02-20 16:30:00,2026-02-20 18:00:00,SHORT,1957.67,1964.77,-7.1
3982,2026-02-20 18:00:00,2026-02-20 19:30:00,LONG,1964.77,1963.36,-1.41
3983,2026-02-20 19:30:00,2026-02-20 20:15:00,SHORT,1963.36,1963.57,-0.21
3984,2026-02-20 20:15:00,2026-02-20 23:15:00,LONG,1963.57,1967.41,3.84
3985,2026-02-20 23:15:00,2026-02-21 00:00:00,SHORT,1967.41,1967.83,-0.42
3986,2026-02-21 00:00:00,2026-02-21 00:45:00,LONG,1967.83,1963.22,-4.61
3987,2026-02-21 00:45:00,2026-02-21 02:15:00,SHORT,1963.22,1969.41,-6.19
3988,2026-02-21 02:15:00,2026-02-21 03:00:00,LONG,1969.41,1960.84,-8.57
3989,2026-02-21 03:00:00,2026-02-21 04:30:00,SHORT,1960.84,1960.2,0.64
3990,2026-02-21 04:30:00,2026-02-21 06:45:00,LONG,1960.2,1961.5,1.3
3991,2026-02-21 06:45:00,2026-02-21 07:30:00,SHORT,1961.5,1961.77,-0.27
3992,2026-02-21 07:30:00,2026-02-21 12:00:00,LONG,1961.77,1974.57,12.8
3993,2026-02-21 12:00:00,2026-02-21 13:30:00,SHORT,1974.57,1977.66,-3.09
3994,2026-02-21 13:30:00,2026-02-21 16:30:00,LONG,1977.66,1988.93,11.27
3995,2026-02-21 16:30:00,2026-02-21 17:15:00,SHORT,1988.93,1986.11,2.82
3996,2026-02-21 17:15:00,2026-02-21 19:30:00,LONG,1986.11,1990.7,4.59
3997,2026-02-21 19:30:00,2026-02-21 21:45:00,SHORT,1990.7,1982.04,8.66
3998,2026-02-21 21:45:00,2026-02-21 22:30:00,LONG,1982.04,1974.61,-7.43
3999,2026-02-21 22:30:00,2026-02-22 01:30:00,SHORT,1974.61,1978.41,-3.8
4000,2026-02-22 01:30:00,2026-02-22 03:00:00,LONG,1978.41,1974.95,-3.46
4001,2026-02-22 03:00:00,2026-02-22 06:00:00,SHORT,1974.95,1975.93,-0.98
4002,2026-02-22 06:00:00,2026-02-22 07:30:00,LONG,1975.93,1977.65,1.72
4003,2026-02-22 07:30:00,2026-02-22 09:45:00,SHORT,1977.65,1975.83,1.82
4004,2026-02-22 09:45:00,2026-02-22 12:45:00,LONG,1975.83,1966.37,-9.46
4005,2026-02-22 12:45:00,2026-02-22 15:00:00,SHORT,1966.37,1949.23,17.14
4006,2026-02-22 15:00:00,2026-02-22 16:30:00,LONG,1949.23,1950.0,0.77
4007,2026-02-22 16:30:00,2026-02-22 19:30:00,SHORT,1950.0,1944.87,5.13
4008,2026-02-22 19:30:00,2026-02-22 20:15:00,LONG,1944.87,1944.65,-0.22
4009,2026-02-22 20:15:00,2026-02-22 21:45:00,SHORT,1944.65,1950.39,-5.74
4010,2026-02-22 21:45:00,2026-02-22 23:15:00,LONG,1950.39,1953.61,3.22
4011,2026-02-22 23:15:00,2026-02-23 00:00:00,SHORT,1953.61,1954.49,-0.88
4012,2026-02-23 00:00:00,2026-02-23 00:45:00,LONG,1954.49,1929.42,-25.07
4013,2026-02-23 00:45:00,2026-02-23 03:00:00,SHORT,1929.42,1866.83,62.59
4014,2026-02-23 03:00:00,2026-02-23 04:30:00,LONG,1866.83,1857.21,-9.62
4015,2026-02-23 04:30:00,2026-02-23 05:15:00,SHORT,1857.21,1867.35,-10.14
4016,2026-02-23 05:15:00,2026-02-23 07:30:00,LONG,1867.35,1885.57,18.22
4017,2026-02-23 07:30:00,2026-02-23 08:15:00,SHORT,1885.57,1882.97,2.6
4018,2026-02-23 08:15:00,2026-02-23 09:00:00,LONG,1882.97,1885.89,2.92
4019,2026-02-23 09:00:00,2026-02-23 09:45:00,SHORT,1885.89,1918.0,-32.11
4020,2026-02-23 09:45:00,2026-02-23 12:00:00,LONG,1918.0,1915.74,-2.26
4021,2026-02-23 12:00:00,2026-02-23 12:45:00,SHORT,1915.74,1919.99,-4.25
4022,2026-02-23 12:45:00,2026-02-23 15:00:00,LONG,1919.99,1904.19,-15.8
4023,2026-02-23 15:00:00,2026-02-23 16:30:00,SHORT,1904.19,1891.5,12.69
4024,2026-02-23 16:30:00,2026-02-23 17:15:00,LONG,1891.5,1857.21,-34.29
4025,2026-02-23 17:15:00,2026-02-23 18:00:00,SHORT,1857.21,1863.22,-6.01
4026,2026-02-23 18:00:00,2026-02-23 19:30:00,LONG,1863.22,1854.75,-8.47
4027,2026-02-23 19:30:00,2026-02-23 21:00:00,SHORT,1854.75,1867.35,-12.6
4028,2026-02-23 21:00:00,2026-02-23 21:45:00,LONG,1867.35,1863.59,-3.76
4029,2026-02-23 21:45:00,2026-02-23 22:30:00,SHORT,1863.59,1865.45,-1.86
4030,2026-02-23 22:30:00,2026-02-24 00:00:00,LONG,1865.45,1863.42,-2.03
4031,2026-02-24 00:00:00,2026-02-24 00:45:00,SHORT,1863.42,1867.96,-4.54
4032,2026-02-24 00:45:00,2026-02-24 01:30:00,LONG,1867.96,1847.23,-20.73
4033,2026-02-24 01:30:00,2026-02-24 04:30:00,SHORT,1847.23,1829.84,17.39
4034,2026-02-24 04:30:00,2026-02-24 08:15:00,LONG,1829.84,1830.31,0.47
4035,2026-02-24 08:15:00,2026-02-24 09:00:00,SHORT,1830.31,1827.55,2.76
4036,2026-02-24 09:00:00,2026-02-24 09:45:00,LONG,1827.55,1827.14,-0.41
4037,2026-02-24 09:45:00,2026-02-24 10:30:00,SHORT,1827.14,1822.84,4.3
4038,2026-02-24 10:30:00,2026-02-24 11:15:00,LONG,1822.84,1821.58,-1.26
4039,2026-02-24 11:15:00,2026-02-24 12:00:00,SHORT,1821.58,1827.38,-5.8
4040,2026-02-24 12:00:00,2026-02-24 12:45:00,LONG,1827.38,1823.92,-3.46
4041,2026-02-24 12:45:00,2026-02-24 15:00:00,SHORT,1823.92,1839.69,-15.77
4042,2026-02-24 15:00:00,2026-02-24 16:30:00,LONG,1839.69,1851.69,12.0
4043,2026-02-24 16:30:00,2026-02-24 17:15:00,SHORT,1851.69,1856.11,-4.42
4044,2026-02-24 17:15:00,2026-02-24 18:00:00,LONG,1856.11,1846.99,-9.12
4045,2026-02-24 18:00:00,2026-02-24 18:45:00,SHORT,1846.99,1855.08,-8.09
4046,2026-02-24 18:45:00,2026-02-24 19:30:00,LONG,1855.08,1854.0,-1.08
4047,2026-02-24 19:30:00,2026-02-24 20:15:00,SHORT,1854.0,1857.07,-3.07
4048,2026-02-24 20:15:00,2026-02-24 23:15:00,LONG,1857.07,1857.72,0.65
4049,2026-02-24 23:15:00,2026-02-25 00:45:00,SHORT,1857.72,1851.98,5.74
4050,2026-02-25 00:45:00,2026-02-25 03:00:00,LONG,1851.98,1917.44,65.46
4051,2026-02-25 03:00:00,2026-02-25 04:30:00,SHORT,1917.44,1913.51,3.93
4052,2026-02-25 04:30:00,2026-02-25 05:15:00,LONG,1913.51,1893.28,-20.23
4053,2026-02-25 05:15:00,2026-02-25 06:45:00,SHORT,1893.28,1885.05,8.23
4054,2026-02-25 06:45:00,2026-02-25 09:45:00,LONG,1885.05,1915.19,30.14
4055,2026-02-25 09:45:00,2026-02-25 11:15:00,SHORT,1915.19,1919.75,-4.56
4056,2026-02-25 11:15:00,2026-02-25 18:45:00,LONG,1919.75,2074.12,154.37
4057,2026-02-25 18:45:00,2026-02-25 21:00:00,SHORT,2074.12,2071.98,2.14
4058,2026-02-25 21:00:00,2026-02-25 22:30:00,LONG,2071.98,2090.06,18.08
4059,2026-02-25 22:30:00,2026-02-26 03:00:00,SHORT,2090.06,2050.46,39.6
4060,2026-02-26 03:00:00,2026-02-26 05:15:00,LONG,2050.46,2064.26,13.8
4061,2026-02-26 05:15:00,2026-02-26 09:00:00,SHORT,2064.26,2069.5,-5.24
4062,2026-02-26 09:00:00,2026-02-26 10:30:00,LONG,2069.5,2072.3,2.8
4063,2026-02-26 10:30:00,2026-02-26 12:45:00,SHORT,2072.3,2070.0,2.3
4064,2026-02-26 12:45:00,2026-02-26 14:15:00,LONG,2070.0,2069.37,-0.63
4065,2026-02-26 14:15:00,2026-02-26 16:30:00,SHORT,2069.37,2011.75,57.62
4066,2026-02-26 16:30:00,2026-02-26 17:15:00,LONG,2011.75,1992.35,-19.4
4067,2026-02-26 17:15:00,2026-02-26 18:45:00,SHORT,1992.35,2004.23,-11.88
4068,2026-02-26 18:45:00,2026-02-26 21:00:00,LONG,2004.23,2023.99,19.76
4069,2026-02-26 21:00:00,2026-02-27 02:15:00,SHORT,2023.99,2026.29,-2.3
4070,2026-02-27 02:15:00,2026-02-27 05:15:00,LONG,2026.29,2044.4,18.11
4071,2026-02-27 05:15:00,2026-02-27 08:15:00,SHORT,2044.4,2037.36,7.04
4072,2026-02-27 08:15:00,2026-02-27 09:00:00,LONG,2037.36,2036.35,-1.01
4073,2026-02-27 09:00:00,2026-02-27 13:30:00,SHORT,2036.35,1954.27,82.08
4074,2026-02-27 13:30:00,2026-02-27 15:00:00,LONG,1954.27,1951.3,-2.97
4075,2026-02-27 15:00:00,2026-02-27 18:00:00,SHORT,1951.3,1924.74,26.56
4076,2026-02-27 18:00:00,2026-02-27 19:30:00,LONG,1924.74,1916.25,-8.49
4077,2026-02-27 19:30:00,2026-02-27 20:15:00,SHORT,1916.25,1924.12,-7.87
4078,2026-02-27 20:15:00,2026-02-27 21:45:00,LONG,1924.12,1921.26,-2.86
4079,2026-02-27 21:45:00,2026-02-27 23:15:00,SHORT,1921.26,1930.37,-9.11
4080,2026-02-27 23:15:00,2026-02-28 01:30:00,LONG,1930.37,1926.02,-4.35
4081,2026-02-28 01:30:00,2026-02-28 02:15:00,SHORT,1926.02,1929.58,-3.56
4082,2026-02-28 02:15:00,2026-02-28 03:45:00,LONG,1929.58,1924.49,-5.09
4083,2026-02-28 03:45:00,2026-02-28 05:15:00,SHORT,1924.49,1922.92,1.57
4084,2026-02-28 05:15:00,2026-02-28 06:00:00,LONG,1922.92,1911.13,-11.79
4085,2026-02-28 06:00:00,2026-02-28 10:30:00,SHORT,1911.13,1862.51,48.62
4086,2026-02-28 10:30:00,2026-02-28 12:00:00,LONG,1862.51,1866.47,3.96
4087,2026-02-28 12:00:00,2026-02-28 12:45:00,SHORT,1866.47,1868.53,-2.06
4088,2026-02-28 12:45:00,2026-02-28 13:30:00,LONG,1868.53,1871.99,3.46
4089,2026-02-28 13:30:00,2026-02-28 14:15:00,SHORT,1871.99,1901.1,-29.11
4090,2026-02-28 14:15:00,2026-02-28 15:00:00,LONG,1901.1,1875.72,-25.38
4091,2026-02-28 15:00:00,2026-02-28 15:45:00,SHORT,1875.72,1898.88,-23.16
4092,2026-02-28 15:45:00,2026-02-28 17:15:00,LONG,1898.88,1902.77,3.89
4093,2026-02-28 17:15:00,2026-02-28 18:00:00,SHORT,1902.77,1903.4,-0.63
4094,2026-02-28 18:00:00,2026-02-28 23:15:00,LONG,1903.4,1960.78,57.38
4095,2026-02-28 23:15:00,2026-03-01 00:00:00,SHORT,1960.78,1962.32,-1.54
4096,2026-03-01 00:00:00,2026-03-01 00:45:00,LONG,1962.32,1962.66,0.34
4097,2026-03-01 00:45:00,2026-03-01 02:15:00,SHORT,1962.66,2032.36,-69.7
4098,2026-03-01 02:15:00,2026-03-01 03:45:00,LONG,2032.36,2023.29,-9.07
4099,2026-03-01 03:45:00,2026-03-01 08:15:00,SHORT,2023.29,2007.25,16.04
4100,2026-03-01 08:15:00,2026-03-01 09:00:00,LONG,2007.25,1988.53,-18.72
4101,2026-03-01 09:00:00,2026-03-01 10:30:00,SHORT,1988.53,1981.43,7.1
4102,2026-03-01 10:30:00,2026-03-01 12:00:00,LONG,1981.43,1984.89,3.46
4103,2026-03-01 12:00:00,2026-03-01 12:45:00,SHORT,1984.89,1978.2,6.69
4104,2026-03-01 12:45:00,2026-03-01 13:30:00,LONG,1978.2,1978.2,0.0
4105,2026-03-01 13:30:00,2026-03-01 14:15:00,SHORT,1978.2,2007.5,-29.3
4106,2026-03-01 14:15:00,2026-03-01 15:00:00,LONG,2007.5,2008.65,1.15
4107,2026-03-01 15:00:00,2026-03-01 15:45:00,SHORT,2008.65,1993.38,15.27
4108,2026-03-01 15:45:00,2026-03-01 17:15:00,LONG,1993.38,1965.65,-27.73
4109,2026-03-01 17:15:00,2026-03-01 18:45:00,SHORT,1965.65,1975.82,-10.17
4110,2026-03-01 18:45:00,2026-03-01 19:30:00,LONG,1975.82,1950.48,-25.34
4111,2026-03-01 19:30:00,2026-03-01 21:45:00,SHORT,1950.48,1928.98,21.5
4112,2026-03-01 21:45:00,2026-03-02 02:15:00,LONG,1928.98,1948.51,19.53
4113,2026-03-02 02:15:00,2026-03-02 03:00:00,SHORT,1948.51,1966.4,-17.89
4114,2026-03-02 03:00:00,2026-03-02 05:15:00,LONG,1966.4,1968.0,1.6
4115,2026-03-02 05:15:00,2026-03-02 09:00:00,SHORT,1968.0,1956.08,11.92
4116,2026-03-02 09:00:00,2026-03-02 11:15:00,LONG,1956.08,1938.48,-17.6
4117,2026-03-02 11:15:00,2026-03-02 12:00:00,SHORT,1938.48,1946.34,-7.86
4118,2026-03-02 12:00:00,2026-03-02 12:45:00,LONG,1946.34,1938.12,-8.22
4119,2026-03-02 12:45:00,2026-03-02 14:15:00,SHORT,1938.12,1927.72,10.4
4120,2026-03-02 14:15:00,2026-03-02 17:15:00,LONG,1927.72,2054.4,126.68
4121,2026-03-02 17:15:00,2026-03-02 19:30:00,SHORT,2054.4,2031.9,22.5
4122,2026-03-02 19:30:00,2026-03-02 20:15:00,LONG,2031.9,2037.3,5.4
4123,2026-03-02 20:15:00,2026-03-02 21:45:00,SHORT,2037.3,2043.01,-5.71
4124,2026-03-02 21:45:00,2026-03-02 23:15:00,LONG,2043.01,2037.58,-5.43
4125,2026-03-02 23:15:00,2026-03-03 00:45:00,SHORT,2037.58,2035.46,2.12
4126,2026-03-03 00:45:00,2026-03-03 01:30:00,LONG,2035.46,2030.92,-4.54
4127,2026-03-03 01:30:00,2026-03-03 03:45:00,SHORT,2030.92,2008.88,22.04
4128,2026-03-03 03:45:00,2026-03-03 04:30:00,LONG,2008.88,2004.27,-4.61
4129,2026-03-03 04:30:00,2026-03-03 05:15:00,SHORT,2004.27,2007.11,-2.84
4130,2026-03-03 05:15:00,2026-03-03 06:00:00,LONG,2007.11,1994.13,-12.98
4131,2026-03-03 06:00:00,2026-03-03 06:45:00,SHORT,1994.13,1999.27,-5.14
4132,2026-03-03 06:45:00,2026-03-03 08:15:00,LONG,1999.27,1983.82,-15.45
4133,2026-03-03 08:15:00,2026-03-03 10:30:00,SHORT,1983.82,1956.37,27.45
4134,2026-03-03 10:30:00,2026-03-03 12:45:00,LONG,1956.37,1967.57,11.2
4135,2026-03-03 12:45:00,2026-03-03 14:15:00,SHORT,1967.57,1961.96,5.61
4136,2026-03-03 14:15:00,2026-03-03 15:00:00,LONG,1961.96,1945.8,-16.16
4137,2026-03-03 15:00:00,2026-03-03 15:45:00,SHORT,1945.8,1969.22,-23.42
4138,2026-03-03 15:45:00,2026-03-03 17:15:00,LONG,1969.22,1976.27,7.05
4139,2026-03-03 17:15:00,2026-03-03 18:00:00,SHORT,1976.27,1973.66,2.61
4140,2026-03-03 18:00:00,2026-03-03 19:30:00,LONG,1973.66,1987.66,14.0
4141,2026-03-03 19:30:00,2026-03-03 22:30:00,SHORT,1987.66,1986.21,1.45
4142,2026-03-03 22:30:00,2026-03-04 00:00:00,LONG,1986.21,1980.92,-5.29
4143,2026-03-04 00:00:00,2026-03-04 01:30:00,SHORT,1980.92,1989.97,-9.05
4144,2026-03-04 01:30:00,2026-03-04 02:15:00,LONG,1989.97,1973.18,-16.79
4145,2026-03-04 02:15:00,2026-03-04 03:00:00,SHORT,1973.18,1975.98,-2.8
4146,2026-03-04 03:00:00,2026-03-04 03:45:00,LONG,1975.98,1960.9,-15.08
4147,2026-03-04 03:45:00,2026-03-04 05:15:00,SHORT,1960.9,1960.12,0.78
4148,2026-03-04 05:15:00,2026-03-04 10:30:00,LONG,1960.12,2074.03,113.91
4149,2026-03-04 10:30:00,2026-03-04 12:45:00,SHORT,2074.03,2054.33,19.7
4150,2026-03-04 12:45:00,2026-03-04 20:15:00,LONG,2054.33,2171.69,117.36
4151,2026-03-04 20:15:00,2026-03-04 22:30:00,SHORT,2171.69,2136.66,35.03
4152,2026-03-04 22:30:00,2026-03-04 23:15:00,LONG,2136.66,2125.37,-11.29
4153,2026-03-04 23:15:00,2026-03-05 00:45:00,SHORT,2125.37,2128.13,-2.76
4154,2026-03-05 00:45:00,2026-03-05 01:30:00,LONG,2128.13,2113.87,-14.26
4155,2026-03-05 01:30:00,2026-03-05 02:15:00,SHORT,2113.87,2126.75,-12.88
4156,2026-03-05 02:15:00,2026-03-05 03:45:00,LONG,2126.75,2120.15,-6.6
4157,2026-03-05 03:45:00,2026-03-05 04:30:00,SHORT,2120.15,2138.99,-18.84
4158,2026-03-05 04:30:00,2026-03-05 06:00:00,LONG,2138.99,2114.46,-24.53
4159,2026-03-05 06:00:00,2026-03-05 06:45:00,SHORT,2114.46,2128.23,-13.77
4160,2026-03-05 06:45:00,2026-03-05 08:15:00,LONG,2128.23,2096.89,-31.34
4161,2026-03-05 08:15:00,2026-03-05 09:00:00,SHORT,2096.89,2127.36,-30.47
4162,2026-03-05 09:00:00,2026-03-05 12:00:00,LONG,2127.36,2134.08,6.72
4163,2026-03-05 12:00:00,2026-03-05 14:15:00,SHORT,2134.08,2117.92,16.16
4164,2026-03-05 14:15:00,2026-03-05 15:45:00,LONG,2117.92,2086.96,-30.96
4165,2026-03-05 15:45:00,2026-03-05 17:15:00,SHORT,2086.96,2069.24,17.72
4166,2026-03-05 17:15:00,2026-03-05 18:00:00,LONG,2069.24,2069.73,0.49
4167,2026-03-05 18:00:00,2026-03-05 18:45:00,SHORT,2069.73,2076.59,-6.86
4168,2026-03-05 18:45:00,2026-03-05 19:30:00,LONG,2076.59,2078.44,1.85
4169,2026-03-05 19:30:00,2026-03-05 20:15:00,SHORT,2078.44,2087.37,-8.93
4170,2026-03-05 20:15:00,2026-03-05 21:45:00,LONG,2087.37,2080.6,-6.77
4171,2026-03-05 21:45:00,2026-03-06 02:15:00,SHORT,2080.6,2087.05,-6.45
4172,2026-03-06 02:15:00,2026-03-06 03:00:00,LONG,2087.05,2078.49,-8.56
4173,2026-03-06 03:00:00,2026-03-06 06:00:00,SHORT,2078.49,2065.26,13.23
4174,2026-03-06 06:00:00,2026-03-06 08:15:00,LONG,2065.26,2077.73,12.47
4175,2026-03-06 08:15:00,2026-03-06 10:30:00,SHORT,2077.73,2064.02,13.71
4176,2026-03-06 10:30:00,2026-03-06 12:00:00,LONG,2064.02,2043.9,-20.12
4177,2026-03-06 12:00:00,2026-03-06 13:30:00,SHORT,2043.9,2051.4,-7.5
4178,2026-03-06 13:30:00,2026-03-06 14:15:00,LONG,2051.4,2010.12,-41.28
4179,2026-03-06 14:15:00,2026-03-06 17:15:00,SHORT,2010.12,1974.2,35.92
4180,2026-03-06 17:15:00,2026-03-06 20:15:00,LONG,1974.2,1973.51,-0.69
4181,2026-03-06 20:15:00,2026-03-06 21:45:00,SHORT,1973.51,1983.77,-10.26
4182,2026-03-06 21:45:00,2026-03-07 00:00:00,LONG,1983.77,1980.15,-3.62
4183,2026-03-07 00:00:00,2026-03-07 00:45:00,SHORT,1980.15,1981.45,-1.3
4184,2026-03-07 00:45:00,2026-03-07 01:30:00,LONG,1981.45,1979.82,-1.63
4185,2026-03-07 01:30:00,2026-03-07 03:00:00,SHORT,1979.82,1995.07,-15.25
4186,2026-03-07 03:00:00,2026-03-07 03:45:00,LONG,1995.07,1980.21,-14.86
4187,2026-03-07 03:45:00,2026-03-07 05:15:00,SHORT,1980.21,1975.81,4.4
4188,2026-03-07 05:15:00,2026-03-07 09:00:00,LONG,1975.81,1983.95,8.14
4189,2026-03-07 09:00:00,2026-03-07 09:45:00,SHORT,1983.95,1986.35,-2.4
4190,2026-03-07 09:45:00,2026-03-07 10:30:00,LONG,1986.35,1984.42,-1.93
4191,2026-03-07 10:30:00,2026-03-07 11:15:00,SHORT,1984.42,1989.07,-4.65
4192,2026-03-07 11:15:00,2026-03-07 12:00:00,LONG,1989.07,1987.63,-1.44
4193,2026-03-07 12:00:00,2026-03-07 15:00:00,SHORT,1987.63,1985.37,2.26
4194,2026-03-07 15:00:00,2026-03-07 15:45:00,LONG,1985.37,1981.04,-4.33
4195,2026-03-07 15:45:00,2026-03-07 17:15:00,SHORT,1981.04,1981.07,-0.03
4196,2026-03-07 17:15:00,2026-03-07 18:00:00,LONG,1981.07,1971.47,-9.6
4197,2026-03-07 18:00:00,2026-03-07 20:15:00,SHORT,1971.47,1963.69,7.78
4198,2026-03-07 20:15:00,2026-03-07 21:45:00,LONG,1963.69,1970.63,6.94
4199,2026-03-07 21:45:00,2026-03-07 23:15:00,SHORT,1970.63,1971.63,-1.0
4200,2026-03-07 23:15:00,2026-03-08 00:00:00,LONG,1971.63,1973.91,2.28
4201,2026-03-08 00:00:00,2026-03-08 04:30:00,SHORT,1973.91,1947.52,26.39
4202,2026-03-08 04:30:00,2026-03-08 08:15:00,LONG,1947.52,1951.96,4.44
4203,2026-03-08 08:15:00,2026-03-08 09:00:00,SHORT,1951.96,1964.73,-12.77
4204,2026-03-08 09:00:00,2026-03-08 11:15:00,LONG,1964.73,1958.99,-5.74
4205,2026-03-08 11:15:00,2026-03-08 12:45:00,SHORT,1958.99,1946.29,12.7
4206,2026-03-08 12:45:00,2026-03-08 13:30:00,LONG,1946.29,1936.32,-9.97
4207,2026-03-08 13:30:00,2026-03-08 14:15:00,SHORT,1936.32,1943.37,-7.05
4208,2026-03-08 14:15:00,2026-03-08 15:45:00,LONG,1943.37,1943.32,-0.05
4209,2026-03-08 15:45:00,2026-03-08 16:30:00,SHORT,1943.32,1939.39,3.93
4210,2026-03-08 16:30:00,2026-03-08 18:00:00,LONG,1939.39,1932.52,-6.87
4211,2026-03-08 18:00:00,2026-03-08 19:30:00,SHORT,1932.52,1966.91,-34.39
4212,2026-03-08 19:30:00,2026-03-08 20:15:00,LONG,1966.91,1956.3,-10.61
4213,2026-03-08 20:15:00,2026-03-08 23:15:00,SHORT,1956.3,1951.44,4.86
4214,2026-03-08 23:15:00,2026-03-09 00:00:00,LONG,1951.44,1946.68,-4.76
4215,2026-03-09 00:00:00,2026-03-09 00:45:00,SHORT,1946.68,1950.99,-4.31
4216,2026-03-09 00:45:00,2026-03-09 02:15:00,LONG,1950.99,1944.23,-6.76
4217,2026-03-09 02:15:00,2026-03-09 03:00:00,SHORT,1944.23,1997.72,-53.49
4218,2026-03-09 03:00:00,2026-03-09 03:45:00,LONG,1997.72,1977.48,-20.24
4219,2026-03-09 03:45:00,2026-03-09 04:30:00,SHORT,1977.48,1985.77,-8.29
4220,2026-03-09 04:30:00,2026-03-09 05:15:00,LONG,1985.77,1987.95,2.18
4221,2026-03-09 05:15:00,2026-03-09 06:00:00,SHORT,1987.95,2007.3,-19.35
4222,2026-03-09 06:00:00,2026-03-09 06:45:00,LONG,2007.3,1985.0,-22.3
4223,2026-03-09 06:45:00,2026-03-09 08:15:00,SHORT,1985.0,1995.92,-10.92
4224,2026-03-09 08:15:00,2026-03-09 10:30:00,LONG,1995.92,1996.74,0.82
4225,2026-03-09 10:30:00,2026-03-09 12:00:00,SHORT,1996.74,1997.29,-0.55
4226,2026-03-09 12:00:00,2026-03-09 14:15:00,LONG,1997.29,2021.09,23.8
4227,2026-03-09 14:15:00,2026-03-09 16:30:00,SHORT,2021.09,2028.58,-7.49
4228,2026-03-09 16:30:00,2026-03-09 18:00:00,LONG,2028.58,2012.46,-16.12
4229,2026-03-09 18:00:00,2026-03-09 18:45:00,SHORT,2012.46,2012.1,0.36
4230,2026-03-09 18:45:00,2026-03-09 21:00:00,LONG,2012.1,2031.39,19.29
4231,2026-03-09 21:00:00,2026-03-10 00:45:00,SHORT,2031.39,2015.37,16.02
4232,2026-03-10 00:45:00,2026-03-10 01:30:00,LONG,2015.37,2010.48,-4.89
4233,2026-03-10 01:30:00,2026-03-10 02:15:00,SHORT,2010.48,2020.84,-10.36
4234,2026-03-10 02:15:00,2026-03-10 03:45:00,LONG,2020.84,2026.8,5.96
4235,2026-03-10 03:45:00,2026-03-10 04:30:00,SHORT,2026.8,2041.11,-14.31
4236,2026-03-10 04:30:00,2026-03-10 06:45:00,LONG,2041.11,2043.76,2.65
4237,2026-03-10 06:45:00,2026-03-10 07:30:00,SHORT,2043.76,2049.92,-6.16
4238,2026-03-10 07:30:00,2026-03-10 09:00:00,LONG,2049.92,2060.47,10.55
4239,2026-03-10 09:00:00,2026-03-10 09:45:00,SHORT,2060.47,2068.18,-7.71
4240,2026-03-10 09:45:00,2026-03-10 10:30:00,LONG,2068.18,2057.73,-10.45
4241,2026-03-10 10:30:00,2026-03-10 13:30:00,SHORT,2057.73,2030.99,26.74
4242,2026-03-10 13:30:00,2026-03-10 14:15:00,LONG,2030.99,2024.39,-6.6
4243,2026-03-10 14:15:00,2026-03-10 15:00:00,SHORT,2024.39,2068.48,-44.09
4244,2026-03-10 15:00:00,2026-03-10 17:15:00,LONG,2068.48,2072.45,3.97
4245,2026-03-10 17:15:00,2026-03-10 20:15:00,SHORT,2072.45,2045.23,27.22
4246,2026-03-10 20:15:00,2026-03-10 21:45:00,LONG,2045.23,2029.2,-16.03
4247,2026-03-10 21:45:00,2026-03-10 23:15:00,SHORT,2029.2,2033.38,-4.18
4248,2026-03-10 23:15:00,2026-03-11 00:45:00,LONG,2033.38,2037.68,4.3
4249,2026-03-11 00:45:00,2026-03-11 04:30:00,SHORT,2037.68,2033.85,3.83
4250,2026-03-11 04:30:00,2026-03-11 06:00:00,LONG,2033.85,2017.78,-16.07
4251,2026-03-11 06:00:00,2026-03-11 06:45:00,SHORT,2017.78,2024.3,-6.52
4252,2026-03-11 06:45:00,2026-03-11 07:30:00,LONG,2024.3,2011.13,-13.17
4253,2026-03-11 07:30:00,2026-03-11 09:00:00,SHORT,2011.13,2018.95,-7.82
4254,2026-03-11 09:00:00,2026-03-11 12:00:00,LONG,2018.95,2020.0,1.05
4255,2026-03-11 12:00:00,2026-03-11 13:30:00,SHORT,2020.0,2063.12,-43.12
4256,2026-03-11 13:30:00,2026-03-11 15:00:00,LONG,2063.12,2045.88,-17.24
4257,2026-03-11 15:00:00,2026-03-11 16:30:00,SHORT,2045.88,2068.4,-22.52
4258,2026-03-11 16:30:00,2026-03-11 18:00:00,LONG,2068.4,2068.17,-0.23
4259,2026-03-11 18:00:00,2026-03-11 21:45:00,SHORT,2068.17,2073.07,-4.9
4260,2026-03-11 21:45:00,2026-03-11 22:30:00,LONG,2073.07,2064.22,-8.85
4261,2026-03-11 22:30:00,2026-03-12 00:45:00,SHORT,2064.22,2055.78,8.44
4262,2026-03-12 00:45:00,2026-03-12 01:30:00,LONG,2055.78,2051.63,-4.15
4263,2026-03-12 01:30:00,2026-03-12 03:45:00,SHORT,2051.63,2023.38,28.25
4264,2026-03-12 03:45:00,2026-03-12 05:15:00,LONG,2023.38,2020.97,-2.41
4265,2026-03-12 05:15:00,2026-03-12 06:00:00,SHORT,2020.97,2029.06,-8.09
4266,2026-03-12 06:00:00,2026-03-12 12:00:00,LONG,2029.06,2059.67,30.61
4267,2026-03-12 12:00:00,2026-03-12 12:45:00,SHORT,2059.67,2065.37,-5.7
4268,2026-03-12 12:45:00,2026-03-12 13:30:00,LONG,2065.37,2068.41,3.04
4269,2026-03-12 13:30:00,2026-03-12 14:15:00,SHORT,2068.41,2058.55,9.86
4270,2026-03-12 14:15:00,2026-03-12 15:00:00,LONG,2058.55,2049.16,-9.39
4271,2026-03-12 15:00:00,2026-03-12 15:45:00,SHORT,2049.16,2072.33,-23.17
4272,2026-03-12 15:45:00,2026-03-12 16:30:00,LONG,2072.33,2071.02,-1.31
4273,2026-03-12 16:30:00,2026-03-12 17:15:00,SHORT,2071.02,2061.53,9.49
4274,2026-03-12 17:15:00,2026-03-12 18:00:00,LONG,2061.53,2057.14,-4.39
4275,2026-03-12 18:00:00,2026-03-12 19:30:00,SHORT,2057.14,2068.41,-11.27
4276,2026-03-12 19:30:00,2026-03-12 21:00:00,LONG,2068.41,2066.14,-2.27
4277,2026-03-12 21:00:00,2026-03-12 22:30:00,SHORT,2066.14,2060.54,5.6
4278,2026-03-12 22:30:00,2026-03-13 00:00:00,LONG,2060.54,2090.0,29.46
4279,2026-03-13 00:00:00,2026-03-13 00:45:00,SHORT,2090.0,2119.19,-29.19
4280,2026-03-13 00:45:00,2026-03-13 01:30:00,LONG,2119.19,2126.52,7.33
4281,2026-03-13 01:30:00,2026-03-13 03:45:00,SHORT,2126.52,2118.85,7.67
4282,2026-03-13 03:45:00,2026-03-13 04:30:00,LONG,2118.85,2113.83,-5.02
4283,2026-03-13 04:30:00,2026-03-13 07:30:00,SHORT,2113.83,2098.25,15.58
4284,2026-03-13 07:30:00,2026-03-13 08:15:00,LONG,2098.25,2098.6,0.35
4285,2026-03-13 08:15:00,2026-03-13 09:45:00,SHORT,2098.6,2113.55,-14.95
4286,2026-03-13 09:45:00,2026-03-13 11:15:00,LONG,2113.55,2125.52,11.97
4287,2026-03-13 11:15:00,2026-03-13 12:45:00,SHORT,2125.52,2146.63,-21.11
4288,2026-03-13 12:45:00,2026-03-13 15:00:00,LONG,2146.63,2159.77,13.14
4289,2026-03-13 15:00:00,2026-03-13 17:15:00,SHORT,2159.77,2121.1,38.67
4290,2026-03-13 17:15:00,2026-03-13 18:00:00,LONG,2121.1,2104.82,-16.28
4291,2026-03-13 18:00:00,2026-03-13 18:45:00,SHORT,2104.82,2100.93,3.89
4292,2026-03-13 18:45:00,2026-03-13 19:30:00,LONG,2100.93,2103.19,2.26
4293,2026-03-13 19:30:00,2026-03-13 20:15:00,SHORT,2103.19,2110.29,-7.1
4294,2026-03-13 20:15:00,2026-03-13 21:45:00,LONG,2110.29,2103.07,-7.22
4295,2026-03-13 21:45:00,2026-03-13 23:15:00,SHORT,2103.07,2091.66,11.41
4296,2026-03-13 23:15:00,2026-03-14 00:45:00,LONG,2091.66,2085.32,-6.34
4297,2026-03-14 00:45:00,2026-03-14 01:30:00,SHORT,2085.32,2090.24,-4.92
4298,2026-03-14 01:30:00,2026-03-14 05:15:00,LONG,2090.24,2092.33,2.09
4299,2026-03-14 05:15:00,2026-03-14 06:00:00,SHORT,2092.33,2088.9,3.43
4300,2026-03-14 06:00:00,2026-03-14 06:45:00,LONG,2088.9,2078.02,-10.88
4301,2026-03-14 06:45:00,2026-03-14 07:30:00,SHORT,2078.02,2079.2,-1.18
4302,2026-03-14 07:30:00,2026-03-14 09:00:00,LONG,2079.2,2077.08,-2.12
4303,2026-03-14 09:00:00,2026-03-14 11:15:00,SHORT,2077.08,2073.57,3.51
4304,2026-03-14 11:15:00,2026-03-14 12:45:00,LONG,2073.57,2075.44,1.87
4305,2026-03-14 12:45:00,2026-03-14 13:30:00,SHORT,2075.44,2079.19,-3.75
4306,2026-03-14 13:30:00,2026-03-14 14:15:00,LONG,2079.19,2078.26,-0.93
4307,2026-03-14 14:15:00,2026-03-14 16:30:00,SHORT,2078.26,2075.6,2.66
4308,2026-03-14 16:30:00,2026-03-14 18:00:00,LONG,2075.6,2073.58,-2.02
4309,2026-03-14 18:00:00,2026-03-14 18:45:00,SHORT,2073.58,2076.91,-3.33
4310,2026-03-14 18:45:00,2026-03-15 00:45:00,LONG,2076.91,2088.0,11.09
4311,2026-03-15 00:45:00,2026-03-15 02:15:00,SHORT,2088.0,2093.19,-5.19
4312,2026-03-15 02:15:00,2026-03-15 03:45:00,LONG,2093.19,2096.15,2.96
4313,2026-03-15 03:45:00,2026-03-15 04:30:00,SHORT,2096.15,2101.8,-5.65
4314,2026-03-15 04:30:00,2026-03-15 06:00:00,LONG,2101.8,2109.09,7.29
4315,2026-03-15 06:00:00,2026-03-15 08:15:00,SHORT,2109.09,2108.97,0.12
4316,2026-03-15 08:15:00,2026-03-15 09:45:00,LONG,2108.97,2117.2,8.23
4317,2026-03-15 09:45:00,2026-03-15 10:30:00,SHORT,2117.2,2120.25,-3.05
4318,2026-03-15 10:30:00,2026-03-15 11:15:00,LONG,2120.25,2116.28,-3.97
4319,2026-03-15 11:15:00,2026-03-15 12:00:00,SHORT,2116.28,2115.9,0.38
4320,2026-03-15 12:00:00,2026-03-15 12:45:00,LONG,2115.9,2109.59,-6.31
4321,2026-03-15 12:45:00,2026-03-15 15:00:00,SHORT,2109.59,2093.8,15.79
4322,2026-03-15 15:00:00,2026-03-15 16:30:00,LONG,2093.8,2093.41,-0.39
4323,2026-03-15 16:30:00,2026-03-15 17:15:00,SHORT,2093.41,2094.98,-1.57
4324,2026-03-15 17:15:00,2026-03-15 22:30:00,LONG,2094.98,2172.19,77.21
4325,2026-03-15 22:30:00,2026-03-15 23:15:00,SHORT,2172.19,2172.8,-0.61
4326,2026-03-15 23:15:00,2026-03-16 00:00:00,LONG,2172.8,2174.26,1.46
4327,2026-03-16 00:00:00,2026-03-16 01:30:00,SHORT,2174.26,2179.24,-4.98
4328,2026-03-16 01:30:00,2026-03-16 02:15:00,LONG,2179.24,2173.73,-5.51
4329,2026-03-16 02:15:00,2026-03-16 03:00:00,SHORT,2173.73,2181.56,-7.83
4330,2026-03-16 03:00:00,2026-03-16 06:45:00,LONG,2181.56,2261.7,80.14
4331,2026-03-16 06:45:00,2026-03-16 07:30:00,SHORT,2261.7,2253.39,8.31
4332,2026-03-16 07:30:00,2026-03-16 08:15:00,LONG,2253.39,2251.13,-2.26
4333,2026-03-16 08:15:00,2026-03-16 09:45:00,SHORT,2251.13,2260.51,-9.38
4334,2026-03-16 09:45:00,2026-03-16 12:00:00,LONG,2260.51,2281.53,21.02
4335,2026-03-16 12:00:00,2026-03-16 14:15:00,SHORT,2281.53,2281.11,0.42
4336,2026-03-16 14:15:00,2026-03-16 15:45:00,LONG,2281.11,2273.88,-7.23
4337,2026-03-16 15:45:00,2026-03-16 16:30:00,SHORT,2273.88,2291.47,-17.59
4338,2026-03-16 16:30:00,2026-03-16 19:30:00,LONG,2291.47,2334.54,43.07
4339,2026-03-16 19:30:00,2026-03-16 21:00:00,SHORT,2334.54,2351.11,-16.57
4340,2026-03-16 21:00:00,2026-03-16 22:30:00,LONG,2351.11,2365.91,14.8
4341,2026-03-16 22:30:00,2026-03-17 01:30:00,SHORT,2365.91,2360.54,5.37
4342,2026-03-17 01:30:00,2026-03-17 02:15:00,LONG,2360.54,2347.92,-12.62
4343,2026-03-17 02:15:00,2026-03-17 05:15:00,SHORT,2347.92,2316.05,31.87
4344,2026-03-17 05:15:00,2026-03-17 06:00:00,LONG,2316.05,2315.41,-0.64
4345,2026-03-17 06:00:00,2026-03-17 07:30:00,SHORT,2315.41,2331.03,-15.62
4346,2026-03-17 07:30:00,2026-03-17 08:15:00,LONG,2331.03,2326.52,-4.51
4347,2026-03-17 08:15:00,2026-03-17 09:45:00,SHORT,2326.52,2315.79,10.73
4348,2026-03-17 09:45:00,2026-03-17 10:30:00,LONG,2315.79,2310.24,-5.55
4349,2026-03-17 10:30:00,2026-03-17 11:15:00,SHORT,2310.24,2328.41,-18.17
4350,2026-03-17 11:15:00,2026-03-17 12:45:00,LONG,2328.41,2315.42,-12.99
4351,2026-03-17 12:45:00,2026-03-17 13:30:00,SHORT,2315.42,2332.75,-17.33
4352,2026-03-17 13:30:00,2026-03-17 15:45:00,LONG,2332.75,2315.98,-16.77
4353,2026-03-17 15:45:00,2026-03-17 16:30:00,SHORT,2315.98,2326.0,-10.02
4354,2026-03-17 16:30:00,2026-03-17 19:30:00,LONG,2326.0,2325.74,-0.26
4355,2026-03-17 19:30:00,2026-03-17 21:00:00,SHORT,2325.74,2339.29,-13.55
4356,2026-03-17 21:00:00,2026-03-17 22:30:00,LONG,2339.29,2324.76,-14.53
4357,2026-03-17 22:30:00,2026-03-17 23:15:00,SHORT,2324.76,2327.65,-2.89
4358,2026-03-17 23:15:00,2026-03-18 00:00:00,LONG,2327.65,2321.31,-6.34
4359,2026-03-18 00:00:00,2026-03-18 01:30:00,SHORT,2321.31,2330.35,-9.04
4360,2026-03-18 01:30:00,2026-03-18 03:00:00,LONG,2330.35,2330.85,0.5
4361,2026-03-18 03:00:00,2026-03-18 03:45:00,SHORT,2330.85,2340.61,-9.76
4362,2026-03-18 03:45:00,2026-03-18 04:30:00,LONG,2340.61,2329.99,-10.62
4363,2026-03-18 04:30:00,2026-03-18 08:15:00,SHORT,2329.99,2321.59,8.4
4364,2026-03-18 08:15:00,2026-03-18 11:15:00,LONG,2321.59,2295.16,-26.43
4365,2026-03-18 11:15:00,2026-03-18 17:15:00,SHORT,2295.16,2198.33,96.83
4366,2026-03-18 17:15:00,2026-03-18 18:45:00,LONG,2198.33,2181.2,-17.13
4367,2026-03-18 18:45:00,2026-03-18 19:30:00,SHORT,2181.2,2191.3,-10.1
4368,2026-03-18 19:30:00,2026-03-18 20:15:00,LONG,2191.3,2176.68,-14.62
4369,2026-03-18 20:15:00,2026-03-18 21:00:00,SHORT,2176.68,2189.01,-12.33
4370,2026-03-18 21:00:00,2026-03-18 22:30:00,LONG,2189.01,2191.58,2.57
4371,2026-03-18 22:30:00,2026-03-19 00:00:00,SHORT,2191.58,2201.38,-9.8
4372,2026-03-19 00:00:00,2026-03-19 00:45:00,LONG,2201.38,2193.34,-8.04
4373,2026-03-19 00:45:00,2026-03-19 02:15:00,SHORT,2193.34,2202.08,-8.74
4374,2026-03-19 02:15:00,2026-03-19 03:00:00,LONG,2202.08,2205.38,3.3
4375,2026-03-19 03:00:00,2026-03-19 08:15:00,SHORT,2205.38,2159.56,45.82
4376,2026-03-19 08:15:00,2026-03-19 09:00:00,LONG,2159.56,2163.95,4.39
4377,2026-03-19 09:00:00,2026-03-19 09:45:00,SHORT,2163.95,2189.42,-25.47
4378,2026-03-19 09:45:00,2026-03-19 10:30:00,LONG,2189.42,2178.17,-11.25
4379,2026-03-19 10:30:00,2026-03-19 15:00:00,SHORT,2178.17,2128.41,49.76
4380,2026-03-19 15:00:00,2026-03-19 15:45:00,LONG,2128.41,2118.81,-9.6
4381,2026-03-19 15:45:00,2026-03-19 18:00:00,SHORT,2118.81,2125.86,-7.05
4382,2026-03-19 18:00:00,2026-03-19 18:45:00,LONG,2125.86,2125.04,-0.82
4383,2026-03-19 18:45:00,2026-03-19 19:30:00,SHORT,2125.04,2145.49,-20.45
4384,2026-03-19 19:30:00,2026-03-19 21:45:00,LONG,2145.49,2149.95,4.46
4385,2026-03-19 21:45:00,2026-03-19 23:15:00,SHORT,2149.95,2142.6,7.35
4386,2026-03-19 23:15:00,2026-03-20 00:00:00,LONG,2142.6,2144.44,1.84
4387,2026-03-20 00:00:00,2026-03-20 00:45:00,SHORT,2144.44,2145.6,-1.16
4388,2026-03-20 00:45:00,2026-03-20 02:15:00,LONG,2145.6,2139.09,-6.51
4389,2026-03-20 02:15:00,2026-03-20 03:45:00,SHORT,2139.09,2151.38,-12.29
4390,2026-03-20 03:45:00,2026-03-20 06:00:00,LONG,2151.38,2139.08,-12.3
4391,2026-03-20 06:00:00,2026-03-20 07:30:00,SHORT,2139.08,2152.81,-13.73
4392,2026-03-20 07:30:00,2026-03-20 09:45:00,LONG,2152.81,2141.21,-11.6
4393,2026-03-20 09:45:00,2026-03-20 11:15:00,SHORT,2141.21,2150.0,-8.79
4394,2026-03-20 11:15:00,2026-03-20 12:00:00,LONG,2150.0,2145.86,-4.14
4395,2026-03-20 12:00:00,2026-03-20 13:30:00,SHORT,2145.86,2141.09,4.77
4396,2026-03-20 13:30:00,2026-03-20 14:15:00,LONG,2141.09,2135.52,-5.57
4397,2026-03-20 14:15:00,2026-03-20 15:45:00,SHORT,2135.52,2134.01,1.51
4398,2026-03-20 15:45:00,2026-03-20 17:15:00,LONG,2134.01,2130.92,-3.09
4399,2026-03-20 17:15:00,2026-03-20 18:00:00,SHORT,2130.92,2135.3,-4.38
4400,2026-03-20 18:00:00,2026-03-20 18:45:00,LONG,2135.3,2123.29,-12.01
4401,2026-03-20 18:45:00,2026-03-20 20:15:00,SHORT,2123.29,2130.95,-7.66
4402,2026-03-20 20:15:00,2026-03-20 23:15:00,LONG,2130.95,2146.84,15.89
4403,2026-03-20 23:15:00,2026-03-21 00:45:00,SHORT,2146.84,2153.3,-6.46
4404,2026-03-21 00:45:00,2026-03-21 02:15:00,LONG,2153.3,2151.91,-1.39
4405,2026-03-21 02:15:00,2026-03-21 03:00:00,SHORT,2151.91,2153.76,-1.85
4406,2026-03-21 03:00:00,2026-03-21 03:45:00,LONG,2153.76,2153.6,-0.16
4407,2026-03-21 03:45:00,2026-03-21 04:30:00,SHORT,2153.6,2152.1,1.5
4408,2026-03-21 04:30:00,2026-03-21 06:00:00,LONG,2152.1,2152.69,0.59
4409,2026-03-21 06:00:00,2026-03-21 06:45:00,SHORT,2152.69,2155.8,-3.11
4410,2026-03-21 06:45:00,2026-03-21 08:15:00,LONG,2155.8,2150.36,-5.44
4411,2026-03-21 08:15:00,2026-03-21 09:00:00,SHORT,2150.36,2157.62,-7.26
4412,2026-03-21 09:00:00,2026-03-21 10:30:00,LONG,2157.62,2155.24,-2.38
4413,2026-03-21 10:30:00,2026-03-21 12:00:00,SHORT,2155.24,2158.91,-3.67
4414,2026-03-21 12:00:00,2026-03-21 13:30:00,LONG,2158.91,2155.3,-3.61
4415,2026-03-21 13:30:00,2026-03-21 14:15:00,SHORT,2155.3,2161.87,-6.57
4416,2026-03-21 14:15:00,2026-03-21 15:00:00,LONG,2161.87,2153.82,-8.05
4417,2026-03-21 15:00:00,2026-03-21 18:00:00,SHORT,2153.82,2150.08,3.74
4418,2026-03-21 18:00:00,2026-03-21 22:30:00,LONG,2150.08,2151.58,1.5
4419,2026-03-21 22:30:00,2026-03-22 01:30:00,SHORT,2151.58,2084.36,67.22
4420,2026-03-22 01:30:00,2026-03-22 04:30:00,LONG,2084.36,2117.06,32.7
4421,2026-03-22 04:30:00,2026-03-22 05:15:00,SHORT,2117.06,2116.23,0.83
4422,2026-03-22 05:15:00,2026-03-22 06:00:00,LONG,2116.23,2109.76,-6.47
4423,2026-03-22 06:00:00,2026-03-22 07:30:00,SHORT,2109.76,2098.76,11.0
4424,2026-03-22 07:30:00,2026-03-22 08:15:00,LONG,2098.76,2077.61,-21.15
4425,2026-03-22 08:15:00,2026-03-22 09:00:00,SHORT,2077.61,2092.41,-14.8
4426,2026-03-22 09:00:00,2026-03-22 10:30:00,LONG,2092.41,2080.16,-12.25
4427,2026-03-22 10:30:00,2026-03-22 11:15:00,SHORT,2080.16,2076.31,3.85
4428,2026-03-22 11:15:00,2026-03-22 12:00:00,LONG,2076.31,2073.93,-2.38
4429,2026-03-22 12:00:00,2026-03-22 12:45:00,SHORT,2073.93,2082.44,-8.51
4430,2026-03-22 12:45:00,2026-03-22 14:15:00,LONG,2082.44,2080.85,-1.59
4431,2026-03-22 14:15:00,2026-03-22 15:45:00,SHORT,2080.85,2083.1,-2.25
4432,2026-03-22 15:45:00,2026-03-22 16:30:00,LONG,2083.1,2080.15,-2.95
4433,2026-03-22 16:30:00,2026-03-22 17:15:00,SHORT,2080.15,2082.23,-2.08
4434,2026-03-22 17:15:00,2026-03-22 18:00:00,LONG,2082.23,2079.92,-2.31
4435,2026-03-22 18:00:00,2026-03-22 20:15:00,SHORT,2079.92,2064.7,15.22
4436,2026-03-22 20:15:00,2026-03-22 21:00:00,LONG,2064.7,2040.17,-24.53
4437,2026-03-22 21:00:00,2026-03-22 22:30:00,SHORT,2040.17,2055.11,-14.94
4438,2026-03-22 22:30:00,2026-03-23 00:00:00,LONG,2055.11,2057.21,2.1
4439,2026-03-23 00:00:00,2026-03-23 01:30:00,SHORT,2057.21,2054.88,2.33
4440,2026-03-23 01:30:00,2026-03-23 02:15:00,LONG,2054.88,2067.78,12.9
4441,2026-03-23 02:15:00,2026-03-23 03:00:00,SHORT,2067.78,2059.11,8.67
4442,2026-03-23 03:00:00,2026-03-23 03:45:00,LONG,2059.11,2052.54,-6.57
4443,2026-03-23 03:45:00,2026-03-23 04:30:00,SHORT,2052.54,2056.04,-3.5
4444,2026-03-23 04:30:00,2026-03-23 06:45:00,LONG,2056.04,2037.3,-18.74
4445,2026-03-23 06:45:00,2026-03-23 08:15:00,SHORT,2037.3,2053.55,-16.25
4446,2026-03-23 08:15:00,2026-03-23 09:00:00,LONG,2053.55,2042.91,-10.64
4447,2026-03-23 09:00:00,2026-03-23 11:15:00,SHORT,2042.91,2167.79,-124.88
4448,2026-03-23 11:15:00,2026-03-23 12:00:00,LONG,2167.79,2117.06,-50.73
4449,2026-03-23 12:00:00,2026-03-23 12:45:00,SHORT,2117.06,2144.27,-27.21
4450,2026-03-23 12:45:00,2026-03-23 15:45:00,LONG,2144.27,2128.45,-15.82
4451,2026-03-23 15:45:00,2026-03-23 17:15:00,SHORT,2128.45,2131.52,-3.07
4452,2026-03-23 17:15:00,2026-03-23 20:15:00,LONG,2131.52,2160.31,28.79
4453,2026-03-23 20:15:00,2026-03-23 21:45:00,SHORT,2160.31,2157.7,2.61
4454,2026-03-23 21:45:00,2026-03-23 22:30:00,LONG,2157.7,2151.76,-5.94
4455,2026-03-23 22:30:00,2026-03-24 00:00:00,SHORT,2151.76,2147.18,4.58
4456,2026-03-24 00:00:00,2026-03-24 00:45:00,LONG,2147.18,2143.22,-3.96
4457,2026-03-24 00:45:00,2026-03-24 01:30:00,SHORT,2143.22,2130.9,12.32
4458,2026-03-24 01:30:00,2026-03-24 02:15:00,LONG,2130.9,2139.39,8.49
4459,2026-03-24 02:15:00,2026-03-24 03:45:00,SHORT,2139.39,2141.59,-2.2
4460,2026-03-24 03:45:00,2026-03-24 04:30:00,LONG,2141.59,2135.38,-6.21
4461,2026-03-24 04:30:00,2026-03-24 06:00:00,SHORT,2135.38,2137.78,-2.4
4462,2026-03-24 06:00:00,2026-03-24 09:00:00,LONG,2137.78,2148.09,10.31
4463,2026-03-24 09:00:00,2026-03-24 09:45:00,SHORT,2148.09,2164.97,-16.88
4464,2026-03-24 09:45:00,2026-03-24 10:30:00,LONG,2164.97,2160.65,-4.32
4465,2026-03-24 10:30:00,2026-03-24 12:00:00,SHORT,2160.65,2166.85,-6.2
4466,2026-03-24 12:00:00,2026-03-24 12:45:00,LONG,2166.85,2162.44,-4.41
4467,2026-03-24 12:45:00,2026-03-24 15:00:00,SHORT,2162.44,2136.8,25.64
4468,2026-03-24 15:00:00,2026-03-24 16:30:00,LONG,2136.8,2130.51,-6.29
4469,2026-03-24 16:30:00,2026-03-24 18:45:00,SHORT,2130.51,2118.92,11.59
4470,2026-03-24 18:45:00,2026-03-24 22:30:00,LONG,2118.92,2144.03,25.11
4471,2026-03-24 22:30:00,2026-03-24 23:15:00,SHORT,2144.03,2159.45,-15.42
4472,2026-03-24 23:15:00,2026-03-25 00:00:00,LONG,2159.45,2160.25,0.8
4473,2026-03-25 00:00:00,2026-03-25 00:45:00,SHORT,2160.25,2161.77,-1.52
4474,2026-03-25 00:45:00,2026-03-25 01:30:00,LONG,2161.77,2161.7,-0.07
4475,2026-03-25 01:30:00,2026-03-25 03:45:00,SHORT,2161.7,2158.54,3.16
4476,2026-03-25 03:45:00,2026-03-25 06:00:00,LONG,2158.54,2165.55,7.01
4477,2026-03-25 06:00:00,2026-03-25 06:45:00,SHORT,2165.55,2163.81,1.74
4478,2026-03-25 06:45:00,2026-03-25 07:30:00,LONG,2163.81,2170.53,6.72
4479,2026-03-25 07:30:00,2026-03-25 09:45:00,SHORT,2170.53,2186.64,-16.11
4480,2026-03-25 09:45:00,2026-03-25 10:30:00,LONG,2186.64,2182.51,-4.13
4481,2026-03-25 10:30:00,2026-03-25 11:15:00,SHORT,2182.51,2193.16,-10.65
4482,2026-03-25 11:15:00,2026-03-25 12:00:00,LONG,2193.16,2190.87,-2.29
4483,2026-03-25 12:00:00,2026-03-25 13:30:00,SHORT,2190.87,2188.89,1.98
4484,2026-03-25 13:30:00,2026-03-25 14:15:00,LONG,2188.89,2180.03,-8.86
4485,2026-03-25 14:15:00,2026-03-25 16:30:00,SHORT,2180.03,2177.94,2.09
4486,2026-03-25 16:30:00,2026-03-25 17:15:00,LONG,2177.94,2168.65,-9.29
4487,2026-03-25 17:15:00,2026-03-25 19:30:00,SHORT,2168.65,2171.74,-3.09
4488,2026-03-25 19:30:00,2026-03-25 20:15:00,LONG,2171.74,2161.38,-10.36
4489,2026-03-25 20:15:00,2026-03-25 21:00:00,SHORT,2161.38,2169.13,-7.75
4490,2026-03-25 21:00:00,2026-03-25 21:45:00,LONG,2169.13,2164.04,-5.09
4491,2026-03-25 21:45:00,2026-03-25 22:30:00,SHORT,2164.04,2175.17,-11.13
4492,2026-03-25 22:30:00,2026-03-26 00:00:00,LONG,2175.17,2166.84,-8.33
4493,2026-03-26 00:00:00,2026-03-26 00:45:00,SHORT,2166.84,2166.69,0.15
4494,2026-03-26 00:45:00,2026-03-26 02:15:00,LONG,2166.69,2154.16,-12.53
4495,2026-03-26 02:15:00,2026-03-26 03:45:00,SHORT,2154.16,2153.21,0.95
4496,2026-03-26 03:45:00,2026-03-26 05:15:00,LONG,2153.21,2142.44,-10.77
4497,2026-03-26 05:15:00,2026-03-26 09:00:00,SHORT,2142.44,2118.8,23.64
4498,2026-03-26 09:00:00,2026-03-26 09:45:00,LONG,2118.8,2082.64,-36.16
4499,2026-03-26 09:45:00,2026-03-26 12:45:00,SHORT,2082.64,2073.6,9.04
4500,2026-03-26 12:45:00,2026-03-26 14:15:00,LONG,2073.6,2075.83,2.23
4501,2026-03-26 14:15:00,2026-03-26 20:15:00,SHORT,2075.83,2068.63,7.2
4502,2026-03-26 20:15:00,2026-03-26 21:00:00,LONG,2068.63,2065.7,-2.93
4503,2026-03-26 21:00:00,2026-03-26 21:45:00,SHORT,2065.7,2068.37,-2.67
4504,2026-03-26 21:45:00,2026-03-26 22:30:00,LONG,2068.37,2064.69,-3.68
4505,2026-03-26 22:30:00,2026-03-27 00:45:00,SHORT,2064.69,2065.03,-0.34
4506,2026-03-27 00:45:00,2026-03-27 03:00:00,LONG,2065.03,2061.88,-3.15
4507,2026-03-27 03:00:00,2026-03-27 05:15:00,SHORT,2061.88,2058.85,3.03
4508,2026-03-27 05:15:00,2026-03-27 08:15:00,LONG,2058.85,2054.71,-4.14
4509,2026-03-27 08:15:00,2026-03-27 10:30:00,SHORT,2054.71,2011.4,43.31
4510,2026-03-27 10:30:00,2026-03-27 11:15:00,LONG,2011.4,1997.23,-14.17
4511,2026-03-27 11:15:00,2026-03-27 13:30:00,SHORT,1997.23,1987.65,9.58
4512,2026-03-27 13:30:00,2026-03-27 16:30:00,LONG,1987.65,1987.19,-0.46
4513,2026-03-27 16:30:00,2026-03-27 17:15:00,SHORT,1987.19,1983.46,3.73
4514,2026-03-27 17:15:00,2026-03-27 18:00:00,LONG,1983.46,1978.94,-4.52
4515,2026-03-27 18:00:00,2026-03-27 18:45:00,SHORT,1978.94,1984.43,-5.49
4516,2026-03-27 18:45:00,2026-03-27 21:00:00,LONG,1984.43,1990.03,5.6
4517,2026-03-27 21:00:00,2026-03-27 23:15:00,SHORT,1990.03,1988.28,1.75
4518,2026-03-27 23:15:00,2026-03-28 01:30:00,LONG,1988.28,1988.21,-0.07
4519,2026-03-28 01:30:00,2026-03-28 02:15:00,SHORT,1988.21,1985.49,2.72
4520,2026-03-28 02:15:00,2026-03-28 03:00:00,LONG,1985.49,1988.05,2.56
4521,2026-03-28 03:00:00,2026-03-28 03:45:00,SHORT,1988.05,1989.19,-1.14
4522,2026-03-28 03:45:00,2026-03-28 05:15:00,LONG,1989.19,1992.65,3.46
4523,2026-03-28 05:15:00,2026-03-28 06:00:00,SHORT,1992.65,1996.6,-3.95
4524,2026-03-28 06:00:00,2026-03-28 08:15:00,LONG,1996.6,2004.39,7.79
4525,2026-03-28 08:15:00,2026-03-28 11:15:00,SHORT,2004.39,1997.44,6.95
4526,2026-03-28 11:15:00,2026-03-28 12:45:00,LONG,1997.44,1999.67,2.23
4527,2026-03-28 12:45:00,2026-03-28 13:30:00,SHORT,1999.67,2028.06,-28.39
4528,2026-03-28 13:30:00,2026-03-28 15:00:00,LONG,2028.06,2022.55,-5.51
4529,2026-03-28 15:00:00,2026-03-28 15:45:00,SHORT,2022.55,2026.84,-4.29
4530,2026-03-28 15:45:00,2026-03-28 17:15:00,LONG,2026.84,2021.31,-5.53
4531,2026-03-28 17:15:00,2026-03-28 18:45:00,SHORT,2021.31,2021.8,-0.49
4532,2026-03-28 18:45:00,2026-03-28 19:30:00,LONG,2021.8,2019.71,-2.09
4533,2026-03-28 19:30:00,2026-03-28 20:15:00,SHORT,2019.71,2023.49,-3.78
4534,2026-03-28 20:15:00,2026-03-28 21:45:00,LONG,2023.49,2009.61,-13.88
4535,2026-03-28 21:45:00,2026-03-29 00:45:00,SHORT,2009.61,1999.16,10.45
4536,2026-03-29 00:45:00,2026-03-29 04:30:00,LONG,1999.16,2005.65,6.49
4537,2026-03-29 04:30:00,2026-03-29 06:00:00,SHORT,2005.65,2005.03,0.62
4538,2026-03-29 06:00:00,2026-03-29 08:15:00,LONG,2005.03,2004.92,-0.11
4539,2026-03-29 08:15:00,2026-03-29 11:15:00,SHORT,2004.92,2003.82,1.1
4540,2026-03-29 11:15:00,2026-03-29 12:45:00,LONG,2003.82,2001.68,-2.14
4541,2026-03-29 12:45:00,2026-03-29 14:15:00,SHORT,2001.68,1992.15,9.53
4542,2026-03-29 14:15:00,2026-03-29 15:45:00,LONG,1992.15,1992.97,0.82
4543,2026-03-29 15:45:00,2026-03-29 16:30:00,SHORT,1992.97,1997.37,-4.4
4544,2026-03-29 16:30:00,2026-03-29 17:15:00,LONG,1997.37,1990.4,-6.97
4545,2026-03-29 17:15:00,2026-03-29 18:00:00,SHORT,1990.4,1993.92,-3.52
4546,2026-03-29 18:00:00,2026-03-29 22:30:00,LONG,1993.92,1966.91,-27.01
4547,2026-03-29 22:30:00,2026-03-29 23:15:00,SHORT,1966.91,1983.29,-16.38
4548,2026-03-29 23:15:00,2026-03-30 06:00:00,LONG,1983.29,2045.39,62.1
4549,2026-03-30 06:00:00,2026-03-30 08:15:00,SHORT,2045.39,2060.0,-14.61
4550,2026-03-30 08:15:00,2026-03-30 09:45:00,LONG,2060.0,2055.16,-4.84
4551,2026-03-30 09:45:00,2026-03-30 11:15:00,SHORT,2055.16,2066.46,-11.3
4552,2026-03-30 11:15:00,2026-03-30 13:30:00,LONG,2066.46,2068.16,1.7
4553,2026-03-30 13:30:00,2026-03-30 14:15:00,SHORT,2068.16,2053.97,14.19
4554,2026-03-30 14:15:00,2026-03-30 16:30:00,LONG,2053.97,2065.01,11.04
4555,2026-03-30 16:30:00,2026-03-30 20:15:00,SHORT,2065.01,2025.62,39.39
4556,2026-03-30 20:15:00,2026-03-30 21:00:00,LONG,2025.62,2038.64,13.02
4557,2026-03-30 21:00:00,2026-03-30 21:45:00,SHORT,2038.64,2036.0,2.64
4558,2026-03-30 21:45:00,2026-03-30 22:30:00,LONG,2036.0,2035.51,-0.49
4559,2026-03-30 22:30:00,2026-03-31 00:45:00,SHORT,2035.51,2036.65,-1.14
4560,2026-03-31 00:45:00,2026-03-31 03:00:00,LONG,2036.65,2071.81,35.16
4561,2026-03-31 03:00:00,2026-03-31 06:00:00,SHORT,2071.81,2059.06,12.75
4562,2026-03-31 06:00:00,2026-03-31 06:45:00,LONG,2059.06,2062.33,3.27
4563,2026-03-31 06:45:00,2026-03-31 08:15:00,SHORT,2062.33,2054.42,7.91
4564,2026-03-31 08:15:00,2026-03-31 09:00:00,LONG,2054.42,2037.59,-16.83
4565,2026-03-31 09:00:00,2026-03-31 10:30:00,SHORT,2037.59,2023.87,13.72
4566,2026-03-31 10:30:00,2026-03-31 15:00:00,LONG,2023.87,2075.47,51.6
4567,2026-03-31 15:00:00,2026-03-31 16:30:00,SHORT,2075.47,2094.48,-19.01
4568,2026-03-31 16:30:00,2026-03-31 18:00:00,LONG,2094.48,2108.01,13.53
4569,2026-03-31 18:00:00,2026-03-31 20:15:00,SHORT,2108.01,2103.71,4.3
4570,2026-03-31 20:15:00,2026-03-31 22:30:00,LONG,2103.71,2097.4,-6.31
4571,2026-03-31 22:30:00,2026-04-01 00:00:00,SHORT,2097.4,2102.25,-4.85
4572,2026-04-01 00:00:00,2026-04-01 01:30:00,LONG,2102.25,2096.72,-5.53
4573,2026-04-01 01:30:00,2026-04-01 03:45:00,SHORT,2096.72,2102.91,-6.19
4574,2026-04-01 03:45:00,2026-04-01 07:30:00,LONG,2102.91,2139.5,36.59
4575,2026-04-01 07:30:00,2026-04-01 09:00:00,SHORT,2139.5,2133.5,6.0
4576,2026-04-01 09:00:00,2026-04-01 09:45:00,LONG,2133.5,2136.39,2.89
4577,2026-04-01 09:45:00,2026-04-01 11:15:00,SHORT,2136.39,2134.03,2.36
4578,2026-04-01 11:15:00,2026-04-01 14:15:00,LONG,2134.03,2125.43,-8.6
4579,2026-04-01 14:15:00,2026-04-01 15:00:00,SHORT,2125.43,2124.79,0.64
4580,2026-04-01 15:00:00,2026-04-01 18:00:00,LONG,2124.79,2131.29,6.5
4581,2026-04-01 18:00:00,2026-04-01 19:30:00,SHORT,2131.29,2138.89,-7.6
4582,2026-04-01 19:30:00,2026-04-01 20:15:00,LONG,2138.89,2133.89,-5.0
4583,2026-04-01 20:15:00,2026-04-01 21:00:00,SHORT,2133.89,2151.61,-17.72
4584,2026-04-01 21:00:00,2026-04-01 22:30:00,LONG,2151.61,2145.53,-6.08
4585,2026-04-01 22:30:00,2026-04-02 00:45:00,SHORT,2145.53,2156.14,-10.61
4586,2026-04-02 00:45:00,2026-04-02 01:30:00,LONG,2156.14,2092.18,-63.96
4587,2026-04-02 01:30:00,2026-04-02 06:00:00,SHORT,2092.18,2046.67,45.51
4588,2026-04-02 06:00:00,2026-04-02 06:45:00,LONG,2046.67,2050.09,3.42
4589,2026-04-02 06:45:00,2026-04-02 13:30:00,SHORT,2050.09,2020.33,29.76
4590,2026-04-02 13:30:00,2026-04-02 16:30:00,LONG,2020.33,2067.8,47.47
4591,2026-04-02 16:30:00,2026-04-02 17:15:00,SHORT,2067.8,2065.86,1.94
4592,2026-04-02 17:15:00,2026-04-02 18:00:00,LONG,2065.86,2047.31,-18.55
4593,2026-04-02 18:00:00,2026-04-02 18:45:00,SHORT,2047.31,2058.32,-11.01
4594,2026-04-02 18:45:00,2026-04-02 21:00:00,LONG,2058.32,2059.51,1.19
4595,2026-04-02 21:00:00,2026-04-03 00:00:00,SHORT,2059.51,2055.69,3.82
4596,2026-04-03 00:00:00,2026-04-03 00:45:00,LONG,2055.69,2053.01,-2.68
4597,2026-04-03 00:45:00,2026-04-03 01:30:00,SHORT,2053.01,2048.27,4.74
4598,2026-04-03 01:30:00,2026-04-03 02:15:00,LONG,2048.27,2049.0,0.73
4599,2026-04-03 02:15:00,2026-04-03 03:00:00,SHORT,2049.0,2055.73,-6.73
4600,2026-04-03 03:00:00,2026-04-03 04:30:00,LONG,2055.73,2051.78,-3.95
4601,2026-04-03 04:30:00,2026-04-03 06:00:00,SHORT,2051.78,2059.99,-8.21
4602,2026-04-03 06:00:00,2026-04-03 09:00:00,LONG,2059.99,2061.89,1.9
4603,2026-04-03 09:00:00,2026-04-03 09:45:00,SHORT,2061.89,2061.35,0.54
4604,2026-04-03 09:45:00,2026-04-03 10:30:00,LONG,2061.35,2056.8,-4.55
4605,2026-04-03 10:30:00,2026-04-03 11:15:00,SHORT,2056.8,2060.73,-3.93
4606,2026-04-03 11:15:00,2026-04-03 12:45:00,LONG,2060.73,2049.84,-10.89
4607,2026-04-03 12:45:00,2026-04-03 14:15:00,SHORT,2049.84,2053.46,-3.62
4608,2026-04-03 14:15:00,2026-04-03 15:45:00,LONG,2053.46,2051.26,-2.2
4609,2026-04-03 15:45:00,2026-04-03 16:30:00,SHORT,2051.26,2052.48,-1.22
4610,2026-04-03 16:30:00,2026-04-03 17:15:00,LONG,2052.48,2047.65,-4.83
4611,2026-04-03 17:15:00,2026-04-03 18:00:00,SHORT,2047.65,2050.07,-2.42
4612,2026-04-03 18:00:00,2026-04-03 21:00:00,LONG,2050.07,2058.78,8.71
4613,2026-04-03 21:00:00,2026-04-03 21:45:00,SHORT,2058.78,2058.42,0.36
4614,2026-04-03 21:45:00,2026-04-03 22:30:00,LONG,2058.42,2054.31,-4.11
4615,2026-04-03 22:30:00,2026-04-04 00:00:00,SHORT,2054.31,2052.6,1.71
4616,2026-04-04 00:00:00,2026-04-04 01:30:00,LONG,2052.6,2050.83,-1.77
4617,2026-04-04 01:30:00,2026-04-04 03:00:00,SHORT,2050.83,2051.69,-0.86
4618,2026-04-04 03:00:00,2026-04-04 03:45:00,LONG,2051.69,2050.05,-1.64
4619,2026-04-04 03:45:00,2026-04-04 04:30:00,SHORT,2050.05,2051.35,-1.3
4620,2026-04-04 04:30:00,2026-04-04 07:30:00,LONG,2051.35,2052.96,1.61
4621,2026-04-04 07:30:00,2026-04-04 08:15:00,SHORT,2052.96,2055.04,-2.08
4622,2026-04-04 08:15:00,2026-04-04 09:00:00,LONG,2055.04,2051.38,-3.66
4623,2026-04-04 09:00:00,2026-04-04 11:15:00,SHORT,2051.38,2052.15,-0.77
4624,2026-04-04 11:15:00,2026-04-04 12:00:00,LONG,2052.15,2050.34,-1.81
4625,2026-04-04 12:00:00,2026-04-04 13:30:00,SHORT,2050.34,2052.86,-2.52
4626,2026-04-04 13:30:00,2026-04-04 15:45:00,LONG,2052.86,2056.29,3.43
4627,2026-04-04 15:45:00,2026-04-04 16:30:00,SHORT,2056.29,2059.91,-3.62
4628,2026-04-04 16:30:00,2026-04-04 17:15:00,LONG,2059.91,2057.65,-2.26
4629,2026-04-04 17:15:00,2026-04-04 18:00:00,SHORT,2057.65,2056.83,0.82
4630,2026-04-04 18:00:00,2026-04-04 18:45:00,LONG,2056.83,2055.15,-1.68
4631,2026-04-04 18:45:00,2026-04-04 19:30:00,SHORT,2055.15,2065.18,-10.03
4632,2026-04-04 19:30:00,2026-04-04 20:15:00,LONG,2065.18,2063.82,-1.36
4633,2026-04-04 20:15:00,2026-04-04 21:45:00,SHORT,2063.82,2068.83,-5.01
4634,2026-04-04 21:45:00,2026-04-04 23:15:00,LONG,2068.83,2064.26,-4.57
4635,2026-04-04 23:15:00,2026-04-05 00:45:00,SHORT,2064.26,2062.1,2.16
4636,2026-04-05 00:45:00,2026-04-05 01:30:00,LONG,2062.1,2058.12,-3.98
4637,2026-04-05 01:30:00,2026-04-05 03:00:00,SHORT,2058.12,2060.19,-2.07
4638,2026-04-05 03:00:00,2026-04-05 03:45:00,LONG,2060.19,2056.64,-3.55
4639,2026-04-05 03:45:00,2026-04-05 04:30:00,SHORT,2056.64,2055.34,1.3
4640,2026-04-05 04:30:00,2026-04-05 05:15:00,LONG,2055.34,2052.84,-2.5
4641,2026-04-05 05:15:00,2026-04-05 07:30:00,SHORT,2052.84,2036.3,16.54
4642,2026-04-05 07:30:00,2026-04-05 11:15:00,LONG,2036.3,2042.75,6.45
4643,2026-04-05 11:15:00,2026-04-05 14:15:00,SHORT,2042.75,2039.95,2.8
4644,2026-04-05 14:15:00,2026-04-05 16:30:00,LONG,2039.95,2056.21,16.26
4645,2026-04-05 16:30:00,2026-04-05 17:15:00,SHORT,2056.21,2055.96,0.25
4646,2026-04-05 17:15:00,2026-04-05 21:45:00,LONG,2055.96,2060.01,4.05
4647,2026-04-05 21:45:00,2026-04-05 23:15:00,SHORT,2060.01,2108.21,-48.2
4648,2026-04-05 23:15:00,2026-04-06 01:30:00,LONG,2108.21,2115.71,7.5
4649,2026-04-06 01:30:00,2026-04-06 02:15:00,SHORT,2115.71,2134.88,-19.17
4650,2026-04-06 02:15:00,2026-04-06 03:45:00,LONG,2134.88,2129.35,-5.53
4651,2026-04-06 03:45:00,2026-04-06 05:15:00,SHORT,2129.35,2130.75,-1.4
4652,2026-04-06 05:15:00,2026-04-06 06:45:00,LONG,2130.75,2127.53,-3.22
4653,2026-04-06 06:45:00,2026-04-06 07:30:00,SHORT,2127.53,2131.23,-3.7
4654,2026-04-06 07:30:00,2026-04-06 11:15:00,LONG,2131.23,2150.99,19.76
4655,2026-04-06 11:15:00,2026-04-06 12:45:00,SHORT,2150.99,2143.59,7.4
4656,2026-04-06 12:45:00,2026-04-06 13:30:00,LONG,2143.59,2142.13,-1.46
4657,2026-04-06 13:30:00,2026-04-06 15:00:00,SHORT,2142.13,2167.2,-25.07
4658,2026-04-06 15:00:00,2026-04-06 16:30:00,LONG,2167.2,2162.1,-5.1
4659,2026-04-06 16:30:00,2026-04-06 18:45:00,SHORT,2162.1,2144.84,17.26
4660,2026-04-06 18:45:00,2026-04-06 21:00:00,LONG,2144.84,2146.25,1.41
4661,2026-04-06 21:00:00,2026-04-07 00:00:00,SHORT,2146.25,2115.87,30.38
4662,2026-04-07 00:00:00,2026-04-07 02:15:00,LONG,2115.87,2106.16,-9.71
4663,2026-04-07 02:15:00,2026-04-07 03:00:00,SHORT,2106.16,2106.64,-0.48
4664,2026-04-07 03:00:00,2026-04-07 04:30:00,LONG,2106.64,2113.3,6.66
4665,2026-04-07 04:30:00,2026-04-07 08:15:00,SHORT,2113.3,2109.28,4.02
4666,2026-04-07 08:15:00,2026-04-07 10:30:00,LONG,2109.28,2099.11,-10.17
4667,2026-04-07 10:30:00,2026-04-07 15:45:00,SHORT,2099.11,2080.06,19.05
4668,2026-04-07 15:45:00,2026-04-07 17:15:00,LONG,2080.06,2085.26,5.2
4669,2026-04-07 17:15:00,2026-04-07 18:00:00,SHORT,2085.26,2096.93,-11.67
4670,2026-04-07 18:00:00,2026-04-07 18:45:00,LONG,2096.93,2086.3,-10.63
4671,2026-04-07 18:45:00,2026-04-07 19:30:00,SHORT,2086.3,2094.65,-8.35
4672,2026-04-07 19:30:00,2026-04-08 00:00:00,LONG,2094.65,2243.63,148.98
4673,2026-04-08 00:00:00,2026-04-08 02:15:00,SHORT,2243.63,2236.1,7.53
4674,2026-04-08 02:15:00,2026-04-08 05:15:00,LONG,2236.1,2244.1,8.0
4675,2026-04-08 05:15:00,2026-04-08 06:45:00,SHORT,2244.1,2246.01,-1.91
4676,2026-04-08 06:45:00,2026-04-08 09:45:00,LONG,2246.01,2249.59,3.58
4677,2026-04-08 09:45:00,2026-04-08 10:30:00,SHORT,2249.59,2244.94,4.65
4678,2026-04-08 10:30:00,2026-04-08 14:15:00,LONG,2244.94,2225.69,-19.25
4679,2026-04-08 14:15:00,2026-04-08 15:45:00,SHORT,2225.69,2215.45,10.24
4680,2026-04-08 15:45:00,2026-04-08 18:45:00,LONG,2215.45,2201.41,-14.04
4681,2026-04-08 18:45:00,2026-04-08 20:15:00,SHORT,2201.41,2214.54,-13.13
4682,2026-04-08 20:15:00,2026-04-08 21:00:00,LONG,2214.54,2214.59,0.05
4683,2026-04-08 21:00:00,2026-04-08 21:45:00,SHORT,2214.59,2214.53,0.06
4684,2026-04-08 21:45:00,2026-04-08 22:30:00,LONG,2214.53,2198.01,-16.52
4685,2026-04-08 22:30:00,2026-04-09 00:00:00,SHORT,2198.01,2191.48,6.53
4686,2026-04-09 00:00:00,2026-04-09 00:45:00,LONG,2191.48,2183.03,-8.45
4687,2026-04-09 00:45:00,2026-04-09 03:00:00,SHORT,2183.03,2180.84,2.19
4688,2026-04-09 03:00:00,2026-04-09 03:45:00,LONG,2180.84,2182.49,1.65
4689,2026-04-09 03:45:00,2026-04-09 09:00:00,SHORT,2182.49,2183.06,-0.57
4690,2026-04-09 09:00:00,2026-04-09 11:15:00,LONG,2183.06,2180.5,-2.56
4691,2026-04-09 11:15:00,2026-04-09 12:45:00,SHORT,2180.5,2183.34,-2.84
4692,2026-04-09 12:45:00,2026-04-09 13:30:00,LONG,2183.34,2169.63,-13.71
4693,2026-04-09 13:30:00,2026-04-09 15:00:00,SHORT,2169.63,2185.38,-15.75
4694,2026-04-09 15:00:00,2026-04-09 16:30:00,LONG,2185.38,2202.96,17.58
4695,2026-04-09 16:30:00,2026-04-09 17:15:00,SHORT,2202.96,2215.21,-12.25
4696,2026-04-09 17:15:00,2026-04-09 18:45:00,LONG,2215.21,2206.86,-8.35
4697,2026-04-09 18:45:00,2026-04-09 20:15:00,SHORT,2206.86,2217.88,-11.02
4698,2026-04-09 20:15:00,2026-04-09 21:00:00,LONG,2217.88,2213.85,-4.03
4699,2026-04-09 21:00:00,2026-04-09 21:45:00,SHORT,2213.85,2210.78,3.07
4700,2026-04-09 21:45:00,2026-04-09 23:15:00,LONG,2210.78,2191.85,-18.93
4701,2026-04-09 23:15:00,2026-04-10 00:45:00,SHORT,2191.85,2195.17,-3.32
4702,2026-04-10 00:45:00,2026-04-10 01:30:00,LONG,2195.17,2199.5,4.33
4703,2026-04-10 01:30:00,2026-04-10 02:15:00,SHORT,2199.5,2196.2,3.3
4704,2026-04-10 02:15:00,2026-04-10 03:00:00,LONG,2196.2,2186.96,-9.24
4705,2026-04-10 03:00:00,2026-04-10 04:30:00,SHORT,2186.96,2190.4,-3.44
4706,2026-04-10 04:30:00,2026-04-10 06:00:00,LONG,2190.4,2197.17,6.77
4707,2026-04-10 06:00:00,2026-04-10 09:00:00,SHORT,2197.17,2188.09,9.08
4708,2026-04-10 09:00:00,2026-04-10 10:30:00,LONG,2188.09,2193.65,5.56
4709,2026-04-10 10:30:00,2026-04-10 11:15:00,SHORT,2193.65,2217.16,-23.51
4710,2026-04-10 11:15:00,2026-04-10 13:30:00,LONG,2217.16,2215.56,-1.6
4711,2026-04-10 13:30:00,2026-04-10 14:15:00,SHORT,2215.56,2245.25,-29.69
4712,2026-04-10 14:15:00,2026-04-10 15:45:00,LONG,2245.25,2224.27,-20.98
4713,2026-04-10 15:45:00,2026-04-10 16:30:00,SHORT,2224.27,2236.99,-12.72
4714,2026-04-10 16:30:00,2026-04-10 18:45:00,LONG,2236.99,2249.33,12.34
4715,2026-04-10 18:45:00,2026-04-10 20:15:00,SHORT,2249.33,2252.65,-3.32
4716,2026-04-10 20:15:00,2026-04-10 22:30:00,LONG,2252.65,2241.06,-11.59
4717,2026-04-10 22:30:00,2026-04-11 00:00:00,SHORT,2241.06,2241.71,-0.65
4718,2026-04-11 00:00:00,2026-04-11 00:45:00,LONG,2241.71,2238.77,-2.94
4719,2026-04-11 00:45:00,2026-04-11 01:30:00,SHORT,2238.77,2241.47,-2.7
4720,2026-04-11 01:30:00,2026-04-11 03:45:00,LONG,2241.47,2237.17,-4.3
4721,2026-04-11 03:45:00,2026-04-11 06:45:00,SHORT,2237.17,2235.66,1.51
4722,2026-04-11 06:45:00,2026-04-11 09:00:00,LONG,2235.66,2235.2,-0.46
4723,2026-04-11 09:00:00,2026-04-11 09:45:00,SHORT,2235.2,2243.83,-8.63
4724,2026-04-11 09:45:00,2026-04-11 10:30:00,LONG,2243.83,2238.91,-4.92
4725,2026-04-11 10:30:00,2026-04-11 12:00:00,SHORT,2238.91,2244.77,-5.86
4726,2026-04-11 12:00:00,2026-04-11 13:30:00,LONG,2244.77,2240.02,-4.75
4727,2026-04-11 13:30:00,2026-04-11 14:15:00,SHORT,2240.02,2241.11,-1.09
4728,2026-04-11 14:15:00,2026-04-11 16:30:00,LONG,2241.11,2263.61,22.5
4729,2026-04-11 16:30:00,2026-04-11 18:45:00,SHORT,2263.61,2305.44,-41.83
4730,2026-04-11 18:45:00,2026-04-11 20:15:00,LONG,2305.44,2303.06,-2.38
4731,2026-04-11 20:15:00,2026-04-11 22:30:00,SHORT,2303.06,2296.81,6.25
4732,2026-04-11 22:30:00,2026-04-11 23:15:00,LONG,2296.81,2287.44,-9.37
4733,2026-04-11 23:15:00,2026-04-12 01:30:00,SHORT,2287.44,2227.33,60.11
4734,2026-04-12 01:30:00,2026-04-12 02:15:00,LONG,2227.33,2224.1,-3.23
4735,2026-04-12 02:15:00,2026-04-12 06:00:00,SHORT,2224.1,2220.5,3.6
4736,2026-04-12 06:00:00,2026-04-12 06:45:00,LONG,2220.5,2216.07,-4.43
4737,2026-04-12 06:45:00,2026-04-12 10:30:00,SHORT,2216.07,2213.16,2.91
4738,2026-04-12 10:30:00,2026-04-12 11:15:00,LONG,2213.16,2205.92,-7.24
4739,2026-04-12 11:15:00,2026-04-12 12:45:00,SHORT,2205.92,2194.76,11.16
4740,2026-04-12 12:45:00,2026-04-12 13:30:00,LONG,2194.76,2190.57,-4.19
4741,2026-04-12 13:30:00,2026-04-12 15:45:00,SHORT,2190.57,2186.47,4.1
4742,2026-04-12 15:45:00,2026-04-12 20:15:00,LONG,2186.47,2197.73,11.26
4743,2026-04-12 20:15:00,2026-04-12 21:00:00,SHORT,2197.73,2207.89,-10.16
4744,2026-04-12 21:00:00,2026-04-12 22:30:00,LONG,2207.89,2196.78,-11.11
4745,2026-04-12 22:30:00,2026-04-13 00:00:00,SHORT,2196.78,2196.0,0.78
4746,2026-04-13 00:00:00,2026-04-13 02:15:00,LONG,2196.0,2201.56,5.56
4747,2026-04-13 02:15:00,2026-04-13 04:30:00,SHORT,2201.56,2196.27,5.29
4748,2026-04-13 04:30:00,2026-04-13 05:15:00,LONG,2196.27,2188.79,-7.48
4749,2026-04-13 05:15:00,2026-04-13 06:00:00,SHORT,2188.79,2195.27,-6.48
4750,2026-04-13 06:00:00,2026-04-13 07:30:00,LONG,2195.27,2186.67,-8.6
4751,2026-04-13 07:30:00,2026-04-13 09:00:00,SHORT,2186.67,2189.21,-2.54
4752,2026-04-13 09:00:00,2026-04-13 10:30:00,LONG,2189.21,2183.52,-5.69
4753,2026-04-13 10:30:00,2026-04-13 11:15:00,SHORT,2183.52,2186.55,-3.03
4754,2026-04-13 11:15:00,2026-04-13 12:45:00,LONG,2186.55,2192.25,5.7
4755,2026-04-13 12:45:00,2026-04-13 13:30:00,SHORT,2192.25,2187.84,4.41
4756,2026-04-13 13:30:00,2026-04-13 15:45:00,LONG,2187.84,2209.28,21.44
4757,2026-04-13 15:45:00,2026-04-13 16:30:00,SHORT,2209.28,2227.96,-18.68
4758,2026-04-13 16:30:00,2026-04-13 18:00:00,LONG,2227.96,2227.38,-0.58
4759,2026-04-13 18:00:00,2026-04-13 18:45:00,SHORT,2227.38,2232.23,-4.85
4760,2026-04-13 18:45:00,2026-04-13 20:15:00,LONG,2232.23,2254.05,21.82
4761,2026-04-13 20:15:00,2026-04-13 21:45:00,SHORT,2254.05,2260.07,-6.02
4762,2026-04-13 21:45:00,2026-04-14 00:00:00,LONG,2260.07,2367.56,107.49
4763,2026-04-14 00:00:00,2026-04-14 02:15:00,SHORT,2367.56,2370.51,-2.95
4764,2026-04-14 02:15:00,2026-04-14 03:00:00,LONG,2370.51,2366.75,-3.76
4765,2026-04-14 03:00:00,2026-04-14 03:45:00,SHORT,2366.75,2365.5,1.25
4766,2026-04-14 03:45:00,2026-04-14 05:15:00,LONG,2365.5,2367.0,1.5
4767,2026-04-14 05:15:00,2026-04-14 06:45:00,SHORT,2367.0,2373.08,-6.08
4768,2026-04-14 06:45:00,2026-04-14 09:45:00,LONG,2373.08,2387.14,14.06
4769,2026-04-14 09:45:00,2026-04-14 12:00:00,SHORT,2387.14,2369.7,17.44
4770,2026-04-14 12:00:00,2026-04-14 12:45:00,LONG,2369.7,2373.94,4.24
4771,2026-04-14 12:45:00,2026-04-14 15:45:00,SHORT,2373.94,2364.63,9.31
4772,2026-04-14 15:45:00,2026-04-14 16:30:00,LONG,2364.63,2350.81,-13.82
4773,2026-04-14 16:30:00,2026-04-14 18:00:00,SHORT,2350.81,2339.27,11.54
4774,2026-04-14 18:00:00,2026-04-14 18:45:00,LONG,2339.27,2313.89,-25.38
4775,2026-04-14 18:45:00,2026-04-14 20:15:00,SHORT,2313.89,2311.43,2.46
4776,2026-04-14 20:15:00,2026-04-14 22:30:00,LONG,2311.43,2312.49,1.06
4777,2026-04-14 22:30:00,2026-04-14 23:15:00,SHORT,2312.49,2319.44,-6.95
4778,2026-04-14 23:15:00,2026-04-15 01:30:00,LONG,2319.44,2338.13,18.69
4779,2026-04-15 01:30:00,2026-04-15 04:30:00,SHORT,2338.13,2331.29,6.84
4780,2026-04-15 04:30:00,2026-04-15 05:15:00,LONG,2331.29,2322.12,-9.17
4781,2026-04-15 05:15:00,2026-04-15 06:45:00,SHORT,2322.12,2317.37,4.75
4782,2026-04-15 06:45:00,2026-04-15 07:30:00,LONG,2317.37,2313.17,-4.2
4783,2026-04-15 07:30:00,2026-04-15 08:15:00,SHORT,2313.17,2324.01,-10.84
4784,2026-04-15 08:15:00,2026-04-15 09:45:00,LONG,2324.01,2319.95,-4.06
4785,2026-04-15 09:45:00,2026-04-15 11:15:00,SHORT,2319.95,2325.01,-5.06
4786,2026-04-15 11:15:00,2026-04-15 13:30:00,LONG,2325.01,2318.77,-6.24
4787,2026-04-15 13:30:00,2026-04-15 14:15:00,SHORT,2318.77,2339.99,-21.22
4788,2026-04-15 14:15:00,2026-04-15 15:45:00,LONG,2339.99,2332.04,-7.95
4789,2026-04-15 15:45:00,2026-04-15 16:30:00,SHORT,2332.04,2338.17,-6.13
4790,2026-04-15 16:30:00,2026-04-15 20:15:00,LONG,2338.17,2360.71,22.54
4791,2026-04-15 20:15:00,2026-04-15 21:45:00,SHORT,2360.71,2361.3,-0.59
4792,2026-04-15 21:45:00,2026-04-15 23:15:00,LONG,2361.3,2355.84,-5.46
4793,2026-04-15 23:15:00,2026-04-16 00:00:00,SHORT,2355.84,2353.26,2.58
4794,2026-04-16 00:00:00,2026-04-16 01:30:00,LONG,2353.26,2354.86,1.6
4795,2026-04-16 01:30:00,2026-04-16 03:45:00,SHORT,2354.86,2357.86,-3.0
4796,2026-04-16 03:45:00,2026-04-16 04:30:00,LONG,2357.86,2361.8,3.94
4797,2026-04-16 04:30:00,2026-04-16 06:00:00,SHORT,2361.8,2356.62,5.18
4798,2026-04-16 06:00:00,2026-04-16 06:45:00,LONG,2356.62,2356.01,-0.61
4799,2026-04-16 06:45:00,2026-04-16 12:00:00,SHORT,2356.01,2344.21,11.8
4800,2026-04-16 12:00:00,2026-04-16 14:15:00,LONG,2344.21,2294.97,-49.24
4801,2026-04-16 14:15:00,2026-04-16 15:00:00,SHORT,2294.97,2325.08,-30.11
4802,2026-04-16 15:00:00,2026-04-16 16:30:00,LONG,2325.08,2321.65,-3.43
4803,2026-04-16 16:30:00,2026-04-16 18:00:00,SHORT,2321.65,2327.48,-5.83
4804,2026-04-16 18:00:00,2026-04-16 21:00:00,LONG,2327.48,2351.04,23.56
4805,2026-04-16 21:00:00,2026-04-16 22:30:00,SHORT,2351.04,2344.96,6.08
4806,2026-04-16 22:30:00,2026-04-17 00:00:00,LONG,2344.96,2343.01,-1.95
4807,2026-04-17 00:00:00,2026-04-17 03:00:00,SHORT,2343.01,2328.82,14.19
4808,2026-04-17 03:00:00,2026-04-17 05:15:00,LONG,2328.82,2322.25,-6.57
4809,2026-04-17 05:15:00,2026-04-17 06:45:00,SHORT,2322.25,2331.09,-8.84
4810,2026-04-17 06:45:00,2026-04-17 09:45:00,LONG,2331.09,2359.1,28.01
4811,2026-04-17 09:45:00,2026-04-17 11:15:00,SHORT,2359.1,2352.14,6.96
4812,2026-04-17 11:15:00,2026-04-17 15:45:00,LONG,2352.14,2441.96,89.82
4813,2026-04-17 15:45:00,2026-04-17 16:30:00,SHORT,2441.96,2459.36,-17.4
4814,2026-04-17 16:30:00,2026-04-17 17:15:00,LONG,2459.36,2428.43,-30.93
4815,2026-04-17 17:15:00,2026-04-17 18:00:00,SHORT,2428.43,2419.46,8.97
4816,2026-04-17 18:00:00,2026-04-17 21:45:00,LONG,2419.46,2429.49,10.03
4817,2026-04-17 21:45:00,2026-04-17 22:30:00,SHORT,2429.49,2436.83,-7.34
4818,2026-04-17 22:30:00,2026-04-17 23:15:00,LONG,2436.83,2421.57,-15.26
4819,2026-04-17 23:15:00,2026-04-18 01:30:00,SHORT,2421.57,2420.01,1.56
4820,2026-04-18 01:30:00,2026-04-18 02:15:00,LONG,2420.01,2421.99,1.98
4821,2026-04-18 02:15:00,2026-04-18 05:15:00,SHORT,2421.99,2408.97,13.02
4822,2026-04-18 05:15:00,2026-04-18 07:30:00,LONG,2408.97,2405.34,-3.63
4823,2026-04-18 07:30:00,2026-04-18 12:00:00,SHORT,2405.34,2358.51,46.83
4824,2026-04-18 12:00:00,2026-04-18 13:30:00,LONG,2358.51,2350.32,-8.19
4825,2026-04-18 13:30:00,2026-04-18 14:15:00,SHORT,2350.32,2356.16,-5.84
4826,2026-04-18 14:15:00,2026-04-18 15:45:00,LONG,2356.16,2363.64,7.48
4827,2026-04-18 15:45:00,2026-04-18 16:30:00,SHORT,2363.64,2364.6,-0.96
4828,2026-04-18 16:30:00,2026-04-18 17:15:00,LONG,2364.6,2361.85,-2.75
4829,2026-04-18 17:15:00,2026-04-18 20:15:00,SHORT,2361.85,2348.7,13.15
4830,2026-04-18 20:15:00,2026-04-19 00:00:00,LONG,2348.7,2352.0,3.3
4831,2026-04-19 00:00:00,2026-04-19 03:45:00,SHORT,2352.0,2339.77,12.23
4832,2026-04-19 03:45:00,2026-04-19 04:30:00,LONG,2339.77,2328.48,-11.29
4833,2026-04-19 04:30:00,2026-04-19 06:45:00,SHORT,2328.48,2327.2,1.28
4834,2026-04-19 06:45:00,2026-04-19 07:30:00,LONG,2327.2,2315.44,-11.76
4835,2026-04-19 07:30:00,2026-04-19 08:15:00,SHORT,2315.44,2315.39,0.05
4836,2026-04-19 08:15:00,2026-04-19 09:45:00,LONG,2315.39,2310.24,-5.15
4837,2026-04-19 09:45:00,2026-04-19 10:30:00,SHORT,2310.24,2314.71,-4.47
4838,2026-04-19 10:30:00,2026-04-19 12:45:00,LONG,2314.71,2331.29,16.58
4839,2026-04-19 12:45:00,2026-04-19 13:30:00,SHORT,2331.29,2342.18,-10.89
4840,2026-04-19 13:30:00,2026-04-19 14:15:00,LONG,2342.18,2338.99,-3.19
4841,2026-04-19 14:15:00,2026-04-19 19:30:00,SHORT,2338.99,2297.18,41.81
4842,2026-04-19 19:30:00,2026-04-19 20:15:00,LONG,2297.18,2292.44,-4.74
4843,2026-04-19 20:15:00,2026-04-19 21:45:00,SHORT,2292.44,2276.09,16.35
4844,2026-04-19 21:45:00,2026-04-19 22:30:00,LONG,2276.09,2273.36,-2.73
4845,2026-04-19 22:30:00,2026-04-20 00:45:00,SHORT,2273.36,2280.01,-6.65
4846,2026-04-20 00:45:00,2026-04-20 02:15:00,LONG,2280.01,2277.64,-2.37
4847,2026-04-20 02:15:00,2026-04-20 03:45:00,SHORT,2277.64,2286.56,-8.92
4848,2026-04-20 03:45:00,2026-04-20 04:30:00,LONG,2286.56,2279.78,-6.78
4849,2026-04-20 04:30:00,2026-04-20 06:00:00,SHORT,2279.78,2270.56,9.22
4850,2026-04-20 06:00:00,2026-04-20 09:00:00,LONG,2270.56,2303.31,32.75
4851,2026-04-20 09:00:00,2026-04-20 09:45:00,SHORT,2303.31,2309.06,-5.75
4852,2026-04-20 09:45:00,2026-04-20 12:45:00,LONG,2309.06,2318.88,9.82
4853,2026-04-20 12:45:00,2026-04-20 15:45:00,SHORT,2318.88,2313.91,4.97
4854,2026-04-20 15:45:00,2026-04-20 16:30:00,LONG,2313.91,2306.7,-7.21
4855,2026-04-20 16:30:00,2026-04-20 17:15:00,SHORT,2306.7,2314.4,-7.7
4856,2026-04-20 17:15:00,2026-04-20 19:30:00,LONG,2314.4,2328.55,14.15
4857,2026-04-20 19:30:00,2026-04-20 21:00:00,SHORT,2328.55,2325.21,3.34
4858,2026-04-20 21:00:00,2026-04-20 21:45:00,LONG,2325.21,2321.65,-3.56
4859,2026-04-20 21:45:00,2026-04-21 00:00:00,SHORT,2321.65,2315.6,6.05
4860,2026-04-21 00:00:00,2026-04-21 02:15:00,LONG,2315.6,2310.01,-5.59
4861,2026-04-21 02:15:00,2026-04-21 03:45:00,SHORT,2310.01,2311.62,-1.61
4862,2026-04-21 03:45:00,2026-04-21 06:00:00,LONG,2311.62,2310.87,-0.75
4863,2026-04-21 06:00:00,2026-04-21 06:45:00,SHORT,2310.87,2317.36,-6.49
4864,2026-04-21 06:45:00,2026-04-21 08:15:00,LONG,2317.36,2323.0,5.64
4865,2026-04-21 08:15:00,2026-04-21 09:00:00,SHORT,2323.0,2324.23,-1.23
4866,2026-04-21 09:00:00,2026-04-21 11:15:00,LONG,2324.23,2326.72,2.49
4867,2026-04-21 11:15:00,2026-04-21 13:30:00,SHORT,2326.72,2311.15,15.57
4868,2026-04-21 13:30:00,2026-04-21 14:15:00,LONG,2311.15,2314.22,3.07
4869,2026-04-21 14:15:00,2026-04-21 16:30:00,SHORT,2314.22,2313.33,0.89
4870,2026-04-21 16:30:00,2026-04-21 17:15:00,LONG,2313.33,2295.81,-17.52
4871,2026-04-21 17:15:00,2026-04-21 18:45:00,SHORT,2295.81,2312.72,-16.91
4872,2026-04-21 18:45:00,2026-04-21 21:45:00,LONG,2312.72,2312.56,-0.16
4873,2026-04-21 21:45:00,2026-04-21 23:15:00,SHORT,2312.56,2316.16,-3.6
4874,2026-04-21 23:15:00,2026-04-22 01:30:00,LONG,2316.16,2319.73,3.57
4875,2026-04-22 01:30:00,2026-04-22 02:15:00,SHORT,2319.73,2355.17,-35.44
4876,2026-04-22 02:15:00,2026-04-22 03:45:00,LONG,2355.17,2363.62,8.45
4877,2026-04-22 03:45:00,2026-04-22 05:15:00,SHORT,2363.62,2387.83,-24.21
4878,2026-04-22 05:15:00,2026-04-22 06:45:00,LONG,2387.83,2393.37,5.54
4879,2026-04-22 06:45:00,2026-04-22 09:00:00,SHORT,2393.37,2391.78,1.59
4880,2026-04-22 09:00:00,2026-04-22 11:15:00,LONG,2391.78,2392.39,0.61
4881,2026-04-22 11:15:00,2026-04-22 12:00:00,SHORT,2392.39,2402.32,-9.93
4882,2026-04-22 12:00:00,2026-04-22 15:00:00,LONG,2402.32,2398.13,-4.19
4883,2026-04-22 15:00:00,2026-04-22 15:45:00,SHORT,2398.13,2403.83,-5.7
4884,2026-04-22 15:45:00,2026-04-22 16:30:00,LONG,2403.83,2390.52,-13.31
4885,2026-04-22 16:30:00,2026-04-22 17:15:00,SHORT,2390.52,2392.1,-1.58
4886,2026-04-22 17:15:00,2026-04-22 18:45:00,LONG,2392.1,2396.91,4.81
4887,2026-04-22 18:45:00,2026-04-22 19:30:00,SHORT,2396.91,2395.61,1.3
4888,2026-04-22 19:30:00,2026-04-22 21:00:00,LONG,2395.61,2394.05,-1.56
4889,2026-04-22 21:00:00,2026-04-22 21:45:00,SHORT,2394.05,2402.55,-8.5
4890,2026-04-22 21:45:00,2026-04-22 22:30:00,LONG,2402.55,2395.93,-6.62
4891,2026-04-22 22:30:00,2026-04-23 00:45:00,SHORT,2395.93,2372.96,22.97
4892,2026-04-23 00:45:00,2026-04-23 01:30:00,LONG,2372.96,2367.03,-5.93
4893,2026-04-23 01:30:00,2026-04-23 04:30:00,SHORT,2367.03,2346.03,21.0
4894,2026-04-23 04:30:00,2026-04-23 07:30:00,LONG,2346.03,2351.69,5.66
4895,2026-04-23 07:30:00,2026-04-23 09:00:00,SHORT,2351.69,2322.22,29.47
4896,2026-04-23 09:00:00,2026-04-23 09:45:00,LONG,2322.22,2316.25,-5.97
4897,2026-04-23 09:45:00,2026-04-23 11:15:00,SHORT,2316.25,2319.98,-3.73
4898,2026-04-23 11:15:00,2026-04-23 13:30:00,LONG,2319.98,2320.7,0.72
4899,2026-04-23 13:30:00,2026-04-23 15:00:00,SHORT,2320.7,2329.47,-8.77
4900,2026-04-23 15:00:00,2026-04-23 16:30:00,LONG,2329.47,2331.33,1.86
4901,2026-04-23 16:30:00,2026-04-23 18:00:00,SHORT,2331.33,2313.34,17.99
4902,2026-04-23 18:00:00,2026-04-23 23:15:00,LONG,2313.34,2326.9,13.56
4903,2026-04-23 23:15:00,2026-04-24 00:00:00,SHORT,2326.9,2331.65,-4.75
4904,2026-04-24 00:00:00,2026-04-24 01:30:00,LONG,2331.65,2321.64,-10.01
4905,2026-04-24 01:30:00,2026-04-24 02:15:00,SHORT,2321.64,2325.0,-3.36
4906,2026-04-24 02:15:00,2026-04-24 03:00:00,LONG,2325.0,2319.6,-5.4
4907,2026-04-24 03:00:00,2026-04-24 06:00:00,SHORT,2319.6,2315.31,4.29
4908,2026-04-24 06:00:00,2026-04-24 06:45:00,LONG,2315.31,2309.2,-6.11
4909,2026-04-24 06:45:00,2026-04-24 07:30:00,SHORT,2309.2,2312.72,-3.52
4910,2026-04-24 07:30:00,2026-04-24 08:15:00,LONG,2312.72,2316.15,3.43
4911,2026-04-24 08:15:00,2026-04-24 09:00:00,SHORT,2316.15,2308.39,7.76
4912,2026-04-24 09:00:00,2026-04-24 12:00:00,LONG,2308.39,2331.27,22.88
4913,2026-04-24 12:00:00,2026-04-24 15:00:00,SHORT,2331.27,2308.38,22.89
4914,2026-04-24 15:00:00,2026-04-24 16:30:00,LONG,2308.38,2313.64,5.26
4915,2026-04-24 16:30:00,2026-04-24 17:15:00,SHORT,2313.64,2315.34,-1.7
4916,2026-04-24 17:15:00,2026-04-24 20:15:00,LONG,2315.34,2316.94,1.6
4917,2026-04-24 20:15:00,2026-04-24 21:00:00,SHORT,2316.94,2315.6,1.34
4918,2026-04-24 21:00:00,2026-04-24 21:45:00,LONG,2315.6,2315.18,-0.42
4919,2026-04-24 21:45:00,2026-04-24 23:15:00,SHORT,2315.18,2314.8,0.38
4920,2026-04-24 23:15:00,2026-04-25 02:15:00,LONG,2314.8,2318.1,3.3
4921,2026-04-25 02:15:00,2026-04-25 03:45:00,SHORT,2318.1,2318.43,-0.33
4922,2026-04-25 03:45:00,2026-04-25 04:30:00,LONG,2318.43,2316.95,-1.48
4923,2026-04-25 04:30:00,2026-04-25 06:00:00,SHORT,2316.95,2316.69,0.26
4924,2026-04-25 06:00:00,2026-04-25 11:15:00,LONG,2316.69,2315.14,-1.55
4925,2026-04-25 11:15:00,2026-04-25 13:30:00,SHORT,2315.14,2317.34,-2.2
4926,2026-04-25 13:30:00,2026-04-25 15:00:00,LONG,2317.34,2316.44,-0.9
4927,2026-04-25 15:00:00,2026-04-25 18:45:00,SHORT,2316.44,2311.55,4.89
4928,2026-04-25 18:45:00,2026-04-25 19:30:00,LONG,2311.55,2307.31,-4.24
4929,2026-04-25 19:30:00,2026-04-25 20:15:00,SHORT,2307.31,2311.42,-4.11
4930,2026-04-25 20:15:00,2026-04-25 21:45:00,LONG,2311.42,2315.8,4.38
4931,2026-04-25 21:45:00,2026-04-25 22:30:00,SHORT,2315.8,2318.94,-3.14
4932,2026-04-25 22:30:00,2026-04-26 03:00:00,LONG,2318.94,2316.18,-2.76
4933,2026-04-26 03:00:00,2026-04-26 05:15:00,SHORT,2316.18,2330.9,-14.72
4934,2026-04-26 05:15:00,2026-04-26 07:30:00,LONG,2330.9,2328.6,-2.3
4935,2026-04-26 07:30:00,2026-04-26 08:15:00,SHORT,2328.6,2331.41,-2.81
4936,2026-04-26 08:15:00,2026-04-26 10:30:00,LONG,2331.41,2332.27,0.86
4937,2026-04-26 10:30:00,2026-04-26 11:15:00,SHORT,2332.27,2336.34,-4.07
4938,2026-04-26 11:15:00,2026-04-26 12:45:00,LONG,2336.34,2328.89,-7.45
4939,2026-04-26 12:45:00,2026-04-26 13:30:00,SHORT,2328.89,2335.0,-6.11
4940,2026-04-26 13:30:00,2026-04-26 15:45:00,LONG,2335.0,2348.05,13.05
4941,2026-04-26 15:45:00,2026-04-26 17:15:00,SHORT,2348.05,2346.33,1.72
4942,2026-04-26 17:15:00,2026-04-26 20:15:00,LONG,2346.33,2366.62,20.29
4943,2026-04-26 20:15:00,2026-04-26 22:30:00,SHORT,2366.62,2360.61,6.01
4944,2026-04-26 22:30:00,2026-04-26 23:15:00,LONG,2360.61,2361.53,0.92
4945,2026-04-26 23:15:00,2026-04-27 00:00:00,SHORT,2361.53,2366.55,-5.02
4946,2026-04-27 00:00:00,2026-04-27 03:00:00,LONG,2366.55,2395.77,29.22
4947,2026-04-27 03:00:00,2026-04-27 03:45:00,SHORT,2395.77,2394.85,0.92
4948,2026-04-27 03:45:00,2026-04-27 04:30:00,LONG,2394.85,2387.75,-7.1
4949,2026-04-27 04:30:00,2026-04-27 07:30:00,SHORT,2387.75,2320.6,67.15
4950,2026-04-27 07:30:00,2026-04-27 08:15:00,LONG,2320.6,2310.78,-9.82
4951,2026-04-27 08:15:00,2026-04-27 09:00:00,SHORT,2310.78,2321.5,-10.72
4952,2026-04-27 09:00:00,2026-04-27 10:30:00,LONG,2321.5,2319.5,-2.0
4953,2026-04-27 10:30:00,2026-04-27 12:00:00,SHORT,2319.5,2319.87,-0.37
4954,2026-04-27 12:00:00,2026-04-27 12:45:00,LONG,2319.87,2314.11,-5.76
4955,2026-04-27 12:45:00,2026-04-27 14:15:00,SHORT,2314.11,2313.43,0.68
4956,2026-04-27 14:15:00,2026-04-27 15:00:00,LONG,2313.43,2294.54,-18.89
4957,2026-04-27 15:00:00,2026-04-27 17:15:00,SHORT,2294.54,2288.02,6.52
4958,2026-04-27 17:15:00,2026-04-27 19:30:00,LONG,2288.02,2287.17,-0.85
4959,2026-04-27 19:30:00,2026-04-27 20:15:00,SHORT,2287.17,2293.08,-5.91
4960,2026-04-27 20:15:00,2026-04-27 23:15:00,LONG,2293.08,2293.58,0.5
4961,2026-04-27 23:15:00,2026-04-28 00:00:00,SHORT,2293.58,2303.94,-10.36
4962,2026-04-28 00:00:00,2026-04-28 01:30:00,LONG,2303.94,2299.21,-4.73
4963,2026-04-28 01:30:00,2026-04-28 03:45:00,SHORT,2299.21,2290.94,8.27
4964,2026-04-28 03:45:00,2026-04-28 04:30:00,LONG,2290.94,2288.61,-2.33
4965,2026-04-28 04:30:00,2026-04-28 05:15:00,SHORT,2288.61,2294.47,-5.86
4966,2026-04-28 05:15:00,2026-04-28 06:00:00,LONG,2294.47,2289.89,-4.58
4967,2026-04-28 06:00:00,2026-04-28 07:30:00,SHORT,2289.89,2282.96,6.93
4968,2026-04-28 07:30:00,2026-04-28 09:45:00,LONG,2282.96,2282.27,-0.69
4969,2026-04-28 09:45:00,2026-04-28 12:45:00,SHORT,2282.27,2278.23,4.04
4970,2026-04-28 12:45:00,2026-04-28 13:30:00,LONG,2278.23,2277.04,-1.19
4971,2026-04-28 13:30:00,2026-04-28 15:00:00,SHORT,2277.04,2274.02,3.02
4972,2026-04-28 15:00:00,2026-04-28 18:45:00,LONG,2274.02,2296.96,22.94
4973,2026-04-28 18:45:00,2026-04-28 20:15:00,SHORT,2296.96,2297.48,-0.52
4974,2026-04-28 20:15:00,2026-04-28 21:00:00,LONG,2297.48,2291.34,-6.14
4975,2026-04-28 21:00:00,2026-04-28 23:15:00,SHORT,2291.34,2286.04,5.3
4976,2026-04-28 23:15:00,2026-04-29 01:30:00,LONG,2286.04,2287.03,0.99
4977,2026-04-29 01:30:00,2026-04-29 02:15:00,SHORT,2287.03,2289.49,-2.46
4978,2026-04-29 02:15:00,2026-04-29 06:45:00,LONG,2289.49,2324.58,35.09
4979,2026-04-29 06:45:00,2026-04-29 09:00:00,SHORT,2324.58,2327.29,-2.71
4980,2026-04-29 09:00:00,2026-04-29 11:15:00,LONG,2327.29,2330.02,2.73
4981,2026-04-29 11:15:00,2026-04-29 17:15:00,SHORT,2330.02,2270.66,59.36
4982,2026-04-29 17:15:00,2026-04-29 18:45:00,LONG,2270.66,2239.41,-31.25
4983,2026-04-29 18:45:00,2026-04-29 20:15:00,SHORT,2239.41,2240.09,-0.68
4984,2026-04-29 20:15:00,2026-04-29 22:30:00,LONG,2240.09,2258.24,18.15
4985,2026-04-29 22:30:00,2026-04-29 23:15:00,SHORT,2258.24,2253.27,4.97
4986,2026-04-29 23:15:00,2026-04-30 00:00:00,LONG,2253.27,2253.27,0.0
4987,2026-04-30 00:00:00,2026-04-30 00:45:00,SHORT,2253.27,2272.46,-19.19
4988,2026-04-30 00:45:00,2026-04-30 02:15:00,LONG,2272.46,2263.01,-9.45
4989,2026-04-30 02:15:00,2026-04-30 03:45:00,SHORT,2263.01,2253.24,9.77
4990,2026-04-30 03:45:00,2026-04-30 04:30:00,LONG,2253.24,2237.51,-15.73
4991,2026-04-30 04:30:00,2026-04-30 05:15:00,SHORT,2237.51,2236.68,0.83
4992,2026-04-30 05:15:00,2026-04-30 09:00:00,LONG,2236.68,2258.98,22.3
4993,2026-04-30 09:00:00,2026-04-30 09:45:00,SHORT,2258.98,2261.86,-2.88
4994,2026-04-30 09:45:00,2026-04-30 10:30:00,LONG,2261.86,2261.19,-0.67
4995,2026-04-30 10:30:00,2026-04-30 11:15:00,SHORT,2261.19,2267.07,-5.88
4996,2026-04-30 11:15:00,2026-04-30 12:00:00,LONG,2267.07,2260.58,-6.49
4997,2026-04-30 12:00:00,2026-04-30 12:45:00,SHORT,2260.58,2265.45,-4.87
4998,2026-04-30 12:45:00,2026-04-30 13:30:00,LONG,2265.45,2271.6,6.15
4999,2026-04-30 13:30:00,2026-04-30 15:00:00,SHORT,2271.6,2265.8,5.8
5000,2026-04-30 15:00:00,2026-04-30 15:45:00,LONG,2265.8,2265.7,-0.1
5001,2026-04-30 15:45:00,2026-04-30 18:00:00,SHORT,2265.7,2256.44,9.26
5002,2026-04-30 18:00:00,2026-04-30 21:00:00,LONG,2256.44,2264.11,7.67
5003,2026-04-30 21:00:00,2026-04-30 22:30:00,SHORT,2264.11,2257.06,7.05
5004,2026-04-30 22:30:00,2026-04-30 23:15:00,LONG,2257.06,2256.32,-0.74
5005,2026-04-30 23:15:00,2026-05-01 00:00:00,SHORT,2256.32,2262.22,-5.9
5006,2026-05-01 00:00:00,2026-05-01 04:30:00,LONG,2262.22,2280.87,18.65
5007,2026-05-01 04:30:00,2026-05-01 05:15:00,SHORT,2280.87,2282.1,-1.23
5008,2026-05-01 05:15:00,2026-05-01 06:00:00,LONG,2282.1,2284.84,2.74
5009,2026-05-01 06:00:00,2026-05-01 08:15:00,SHORT,2284.84,2286.41,-1.57
5010,2026-05-01 08:15:00,2026-05-01 09:45:00,LONG,2286.41,2282.07,-4.34
5011,2026-05-01 09:45:00,2026-05-01 10:30:00,SHORT,2282.07,2280.58,1.49
5012,2026-05-01 10:30:00,2026-05-01 15:00:00,LONG,2280.58,2309.87,29.29
5013,2026-05-01 15:00:00,2026-05-01 15:45:00,SHORT,2309.87,2307.64,2.23
5014,2026-05-01 15:45:00,2026-05-01 16:30:00,LONG,2307.64,2301.47,-6.17
5015,2026-05-01 16:30:00,2026-05-01 17:15:00,SHORT,2301.47,2303.42,-1.95
5016,2026-05-01 17:15:00,2026-05-01 18:45:00,LONG,2303.42,2304.76,1.34
5017,2026-05-01 18:45:00,2026-05-01 22:30:00,SHORT,2304.76,2294.87,9.89
5018,2026-05-01 22:30:00,2026-05-01 23:15:00,LONG,2294.87,2289.29,-5.58
5019,2026-05-01 23:15:00,2026-05-02 00:00:00,SHORT,2289.29,2294.09,-4.8
5020,2026-05-02 00:00:00,2026-05-02 01:30:00,LONG,2294.09,2298.86,4.77
5021,2026-05-02 01:30:00,2026-05-02 03:00:00,SHORT,2298.86,2301.84,-2.98
5022,2026-05-02 03:00:00,2026-05-02 04:30:00,LONG,2301.84,2301.51,-0.33
5023,2026-05-02 04:30:00,2026-05-02 06:45:00,SHORT,2301.51,2305.58,-4.07
5024,2026-05-02 06:45:00,2026-05-02 08:15:00,LONG,2305.58,2302.83,-2.75
5025,2026-05-02 08:15:00,2026-05-02 09:00:00,SHORT,2302.83,2304.97,-2.14
5026,2026-05-02 09:00:00,2026-05-02 10:30:00,LONG,2304.97,2303.41,-1.56
5027,2026-05-02 10:30:00,2026-05-02 12:45:00,SHORT,2303.41,2303.52,-0.11
5028,2026-05-02 12:45:00,2026-05-02 14:15:00,LONG,2303.52,2306.4,2.88
5029,2026-05-02 14:15:00,2026-05-02 15:00:00,SHORT,2306.4,2307.73,-1.33
5030,2026-05-02 15:00:00,2026-05-02 16:30:00,LONG,2307.73,2308.26,0.53
5031,2026-05-02 16:30:00,2026-05-02 18:45:00,SHORT,2308.26,2310.3,-2.04
5032,2026-05-02 18:45:00,2026-05-02 20:15:00,LONG,2310.3,2310.58,0.28
5033,2026-05-02 20:15:00,2026-05-02 21:00:00,SHORT,2310.58,2310.79,-0.21
5034,2026-05-02 21:00:00,2026-05-02 22:30:00,LONG,2310.79,2321.64,10.85
5035,2026-05-02 22:30:00,2026-05-03 03:00:00,SHORT,2321.64,2300.65,20.99
5036,2026-05-03 03:00:00,2026-05-03 03:45:00,LONG,2300.65,2301.9,1.25
5037,2026-05-03 03:45:00,2026-05-03 04:30:00,SHORT,2301.9,2301.71,0.19
5038,2026-05-03 04:30:00,2026-05-03 06:45:00,LONG,2301.71,2304.49,2.78
5039,2026-05-03 06:45:00,2026-05-03 07:30:00,SHORT,2304.49,2310.34,-5.85
5040,2026-05-03 07:30:00,2026-05-03 09:00:00,LONG,2310.34,2308.5,-1.84
5041,2026-05-03 09:00:00,2026-05-03 09:45:00,SHORT,2308.5,2316.47,-7.97
5042,2026-05-03 09:45:00,2026-05-03 10:30:00,LONG,2316.47,2314.56,-1.91
5043,2026-05-03 10:30:00,2026-05-03 11:15:00,SHORT,2314.56,2313.56,1.0
5044,2026-05-03 11:15:00,2026-05-03 13:30:00,LONG,2313.56,2322.51,8.95
5045,2026-05-03 13:30:00,2026-05-03 14:15:00,SHORT,2322.51,2324.64,-2.13
5046,2026-05-03 14:15:00,2026-05-03 15:45:00,LONG,2324.64,2328.44,3.8
5047,2026-05-03 15:45:00,2026-05-03 16:30:00,SHORT,2328.44,2330.41,-1.97
5048,2026-05-03 16:30:00,2026-05-03 17:15:00,LONG,2330.41,2332.41,2.0
5049,2026-05-03 17:15:00,2026-05-03 18:00:00,SHORT,2332.41,2329.8,2.61
5050,2026-05-03 18:00:00,2026-05-03 18:45:00,LONG,2329.8,2330.98,1.18
5051,2026-05-03 18:45:00,2026-05-03 22:30:00,SHORT,2330.98,2346.39,-15.41
5052,2026-05-03 22:30:00,2026-05-03 23:15:00,LONG,2346.39,2326.65,-19.74
5053,2026-05-03 23:15:00,2026-05-04 01:30:00,SHORT,2326.65,2327.21,-0.56
5054,2026-05-04 01:30:00,2026-05-04 03:45:00,LONG,2327.21,2385.12,57.91
5055,2026-05-04 03:45:00,2026-05-04 04:30:00,SHORT,2385.12,2392.19,-7.07
5056,2026-05-04 04:30:00,2026-05-04 05:15:00,LONG,2392.19,2377.7,-14.49
5057,2026-05-04 05:15:00,2026-05-04 07:30:00,SHORT,2377.7,2368.04,9.66
5058,2026-05-04 07:30:00,2026-05-04 08:15:00,LONG,2368.04,2360.33,-7.71
5059,2026-05-04 08:15:00,2026-05-04 09:45:00,SHORT,2360.33,2368.71,-8.38
5060,2026-05-04 09:45:00,2026-05-04 10:30:00,LONG,2368.71,2341.46,-27.25
5061,2026-05-04 10:30:00,2026-05-04 11:15:00,SHORT,2341.46,2337.05,4.41
5062,2026-05-04 11:15:00,2026-05-04 15:45:00,LONG,2337.05,2350.1,13.05
5063,2026-05-04 15:45:00,2026-05-04 16:30:00,SHORT,2350.1,2359.32,-9.22
5064,2026-05-04 16:30:00,2026-05-04 18:45:00,LONG,2359.32,2361.41,2.09
5065,2026-05-04 18:45:00,2026-05-04 21:45:00,SHORT,2361.41,2360.89,0.52
5066,2026-05-04 21:45:00,2026-05-04 22:30:00,LONG,2360.89,2355.04,-5.85
5067,2026-05-04 22:30:00,2026-05-05 00:45:00,SHORT,2355.04,2358.83,-3.79
5068,2026-05-05 00:45:00,2026-05-05 03:00:00,LONG,2358.83,2372.84,14.01
5069,2026-05-05 03:00:00,2026-05-05 03:45:00,SHORT,2372.84,2382.43,-9.59
5070,2026-05-05 03:45:00,2026-05-05 04:30:00,LONG,2382.43,2379.18,-3.25
5071,2026-05-05 04:30:00,2026-05-05 07:30:00,SHORT,2379.18,2385.76,-6.58
5072,2026-05-05 07:30:00,2026-05-05 09:00:00,LONG,2385.76,2368.9,-16.86
5073,2026-05-05 09:00:00,2026-05-05 10:30:00,SHORT,2368.9,2376.35,-7.45
5074,2026-05-05 10:30:00,2026-05-05 13:30:00,LONG,2376.35,2389.64,13.29
5075,2026-05-05 13:30:00,2026-05-05 15:45:00,SHORT,2389.64,2381.31,8.33
5076,2026-05-05 15:45:00,2026-05-05 16:30:00,LONG,2381.31,2361.96,-19.35
5077,2026-05-05 16:30:00,2026-05-05 18:45:00,SHORT,2361.96,2372.28,-10.32
5078,2026-05-05 18:45:00,2026-05-05 21:45:00,LONG,2372.28,2375.43,3.15
5079,2026-05-05 21:45:00,2026-05-05 22:30:00,SHORT,2375.43,2361.74,13.69
5080,2026-05-05 22:30:00,2026-05-06 00:00:00,LONG,2361.74,2364.37,2.63
5081,2026-05-06 00:00:00,2026-05-06 00:45:00,SHORT,2364.37,2364.63,-0.26
5082,2026-05-06 00:45:00,2026-05-06 04:30:00,LONG,2364.63,2371.4,6.77
5083,2026-05-06 04:30:00,2026-05-06 06:00:00,SHORT,2371.4,2363.21,8.19
5084,2026-05-06 06:00:00,2026-05-06 12:00:00,LONG,2363.21,2403.01,39.8
5085,2026-05-06 12:00:00,2026-05-06 12:45:00,SHORT,2403.01,2405.11,-2.1
5086,2026-05-06 12:45:00,2026-05-06 13:30:00,LONG,2405.11,2377.37,-27.74
5087,2026-05-06 13:30:00,2026-05-06 15:45:00,SHORT,2377.37,2359.1,18.27
5088,2026-05-06 15:45:00,2026-05-06 16:30:00,LONG,2359.1,2358.89,-0.21
5089,2026-05-06 16:30:00,2026-05-06 17:15:00,SHORT,2358.89,2353.8,5.09
5090,2026-05-06 17:15:00,2026-05-06 18:00:00,LONG,2353.8,2349.46,-4.34
5091,2026-05-06 18:00:00,2026-05-06 20:15:00,SHORT,2349.46,2352.65,-3.19
5092,2026-05-06 20:15:00,2026-05-06 22:30:00,LONG,2352.65,2348.13,-4.52
5093,2026-05-06 22:30:00,2026-05-07 00:00:00,SHORT,2348.13,2350.0,-1.87
5094,2026-05-07 00:00:00,2026-05-07 00:45:00,LONG,2350.0,2329.65,-20.35
5095,2026-05-07 00:45:00,2026-05-07 03:00:00,SHORT,2329.65,2319.82,9.83
5096,2026-05-07 03:00:00,2026-05-07 08:15:00,LONG,2319.82,2337.62,17.8
5097,2026-05-07 08:15:00,2026-05-07 11:15:00,SHORT,2337.62,2328.07,9.55
5098,2026-05-07 11:15:00,2026-05-07 13:30:00,LONG,2328.07,2314.81,-13.26
5099,2026-05-07 13:30:00,2026-05-07 15:45:00,SHORT,2314.81,2294.82,19.99
5100,2026-05-07 15:45:00,2026-05-07 18:45:00,LONG,2294.82,2296.19,1.37
5101,2026-05-07 18:45:00,2026-05-07 20:15:00,SHORT,2296.19,2294.43,1.76
5102,2026-05-07 20:15:00,2026-05-07 21:00:00,LONG,2294.43,2286.46,-7.97
5103,2026-05-07 21:00:00,2026-05-07 23:15:00,SHORT,2286.46,2289.35,-2.89
5104,2026-05-07 23:15:00,2026-05-08 00:45:00,LONG,2289.35,2286.83,-2.52
5105,2026-05-08 00:45:00,2026-05-08 03:45:00,SHORT,2286.83,2278.76,8.07
5106,2026-05-08 03:45:00,2026-05-08 06:00:00,LONG,2278.76,2276.18,-2.58
5107,2026-05-08 06:00:00,2026-05-08 08:15:00,SHORT,2276.18,2281.48,-5.3
5108,2026-05-08 08:15:00,2026-05-08 09:45:00,LONG,2281.48,2284.34,2.86
5109,2026-05-08 09:45:00,2026-05-08 11:15:00,SHORT,2284.34,2292.91,-8.57
5110,2026-05-08 11:15:00,2026-05-08 12:45:00,LONG,2292.91,2284.53,-8.38
5111,2026-05-08 12:45:00,2026-05-08 14:15:00,SHORT,2284.53,2281.48,3.05
5112,2026-05-08 14:15:00,2026-05-08 19:30:00,LONG,2281.48,2315.99,34.51
5113,2026-05-08 19:30:00,2026-05-08 21:45:00,SHORT,2315.99,2314.63,1.36
5114,2026-05-08 21:45:00,2026-05-08 22:30:00,LONG,2314.63,2312.07,-2.56
5115,2026-05-08 22:30:00,2026-05-09 00:45:00,SHORT,2312.07,2308.55,3.52
5116,2026-05-09 00:45:00,2026-05-09 03:45:00,LONG,2308.55,2315.33,6.78
5117,2026-05-09 03:45:00,2026-05-09 07:30:00,SHORT,2315.33,2315.99,-0.66
5118,2026-05-09 07:30:00,2026-05-09 09:00:00,LONG,2315.99,2315.34,-0.65
5119,2026-05-09 09:00:00,2026-05-09 11:15:00,SHORT,2315.34,2315.2,0.14
5120,2026-05-09 11:15:00,2026-05-09 12:45:00,LONG,2315.2,2316.54,1.34
5121,2026-05-09 12:45:00,2026-05-09 15:45:00,SHORT,2316.54,2317.63,-1.09
5122,2026-05-09 15:45:00,2026-05-09 18:00:00,LONG,2317.63,2330.06,12.43
5123,2026-05-09 18:00:00,2026-05-09 22:30:00,SHORT,2330.06,2332.43,-2.37
5124,2026-05-09 22:30:00,2026-05-09 23:15:00,LONG,2332.43,2326.39,-6.04
5125,2026-05-09 23:15:00,2026-05-10 00:45:00,SHORT,2326.39,2323.89,2.5
5126,2026-05-10 00:45:00,2026-05-10 01:30:00,LONG,2323.89,2319.95,-3.94
5127,2026-05-10 01:30:00,2026-05-10 03:00:00,SHORT,2319.95,2328.13,-8.18
5128,2026-05-10 03:00:00,2026-05-10 05:15:00,LONG,2328.13,2328.93,0.8
5129,2026-05-10 05:15:00,2026-05-10 06:45:00,SHORT,2328.93,2329.3,-0.37
5130,2026-05-10 06:45:00,2026-05-10 09:45:00,LONG,2329.3,2328.22,-1.08
5131,2026-05-10 09:45:00,2026-05-10 12:00:00,SHORT,2328.22,2323.59,4.63
5132,2026-05-10 12:00:00,2026-05-10 14:15:00,LONG,2323.59,2327.58,3.99
5133,2026-05-10 14:15:00,2026-05-10 15:00:00,SHORT,2327.58,2335.28,-7.7
5134,2026-05-10 15:00:00,2026-05-10 17:15:00,LONG,2335.28,2355.86,20.58
5135,2026-05-10 17:15:00,2026-05-10 18:00:00,SHORT,2355.86,2365.5,-9.64
5136,2026-05-10 18:00:00,2026-05-10 18:45:00,LONG,2365.5,2358.54,-6.96
5137,2026-05-10 18:45:00,2026-05-10 19:30:00,SHORT,2358.54,2365.07,-6.53
5138,2026-05-10 19:30:00,2026-05-10 20:15:00,LONG,2365.07,2353.55,-11.52
5139,2026-05-10 20:15:00,2026-05-10 21:45:00,SHORT,2353.55,2330.8,22.75
5140,2026-05-10 21:45:00,2026-05-11 00:00:00,LONG,2330.8,2363.12,32.32
5141,2026-05-11 00:00:00,2026-05-11 01:30:00,SHORT,2363.12,2358.54,4.58
5142,2026-05-11 01:30:00,2026-05-11 02:15:00,LONG,2358.54,2350.19,-8.35
5143,2026-05-11 02:15:00,2026-05-11 04:30:00,SHORT,2350.19,2335.0,15.19
5144,2026-05-11 04:30:00,2026-05-11 06:45:00,LONG,2335.0,2333.48,-1.52
5145,2026-05-11 06:45:00,2026-05-11 08:15:00,SHORT,2333.48,2327.81,5.67
5146,2026-05-11 08:15:00,2026-05-11 09:00:00,LONG,2327.81,2336.62,8.81
5147,2026-05-11 09:00:00,2026-05-11 09:45:00,SHORT,2336.62,2336.08,0.54
5148,2026-05-11 09:45:00,2026-05-11 11:15:00,LONG,2336.08,2333.4,-2.68
5149,2026-05-11 11:15:00,2026-05-11 12:00:00,SHORT,2333.4,2330.13,3.27
5150,2026-05-11 12:00:00,2026-05-11 12:45:00,LONG,2330.13,2329.5,-0.63
5151,2026-05-11 12:45:00,2026-05-11 14:15:00,SHORT,2329.5,2313.13,16.37
5152,2026-05-11 14:15:00,2026-05-11 15:00:00,LONG,2313.13,2321.16,8.03
5153,2026-05-11 15:00:00,2026-05-11 15:45:00,SHORT,2321.16,2333.48,-12.32
5154,2026-05-11 15:45:00,2026-05-11 17:15:00,LONG,2333.48,2329.57,-3.91
5155,2026-05-11 17:15:00,2026-05-11 18:00:00,SHORT,2329.57,2340.89,-11.32
5156,2026-05-11 18:00:00,2026-05-11 18:45:00,LONG,2340.89,2335.35,-5.54
5157,2026-05-11 18:45:00,2026-05-11 21:45:00,SHORT,2335.35,2340.71,-5.36
5158,2026-05-11 21:45:00,2026-05-11 22:30:00,LONG,2340.71,2340.77,0.06
5159,2026-05-11 22:30:00,2026-05-12 00:00:00,SHORT,2340.77,2336.32,4.45
5160,2026-05-12 00:00:00,2026-05-12 00:45:00,LONG,2336.32,2333.54,-2.78
5161,2026-05-12 00:45:00,2026-05-12 02:15:00,SHORT,2333.54,2314.84,18.7
5162,2026-05-12 02:15:00,2026-05-12 06:00:00,LONG,2314.84,2311.92,-2.92
5163,2026-05-12 06:00:00,2026-05-12 09:45:00,SHORT,2311.92,2292.84,19.08
5164,2026-05-12 09:45:00,2026-05-12 10:30:00,LONG,2292.84,2284.99,-7.85
5165,2026-05-12 10:30:00,2026-05-12 12:00:00,SHORT,2284.99,2288.09,-3.1
5166,2026-05-12 12:00:00,2026-05-12 12:45:00,LONG,2288.09,2288.97,0.88
5167,2026-05-12 12:45:00,2026-05-12 14:15:00,SHORT,2288.97,2273.66,15.31
5168,2026-05-12 14:15:00,2026-05-12 15:00:00,LONG,2273.66,2272.4,-1.26
5169,2026-05-12 15:00:00,2026-05-12 16:30:00,SHORT,2272.4,2264.81,7.59
5170,2026-05-12 16:30:00,2026-05-12 21:45:00,LONG,2264.81,2285.4,20.59
5171,2026-05-12 21:45:00,2026-05-13 00:45:00,SHORT,2285.4,2281.56,3.84
5172,2026-05-13 00:45:00,2026-05-13 03:00:00,LONG,2281.56,2293.42,11.86
5173,2026-05-13 03:00:00,2026-05-13 03:45:00,SHORT,2293.42,2301.77,-8.35
5174,2026-05-13 03:45:00,2026-05-13 05:15:00,LONG,2301.77,2301.97,0.2
5175,2026-05-13 05:15:00,2026-05-13 06:45:00,SHORT,2301.97,2301.84,0.13
5176,2026-05-13 06:45:00,2026-05-13 07:30:00,LONG,2301.84,2300.94,-0.9
5177,2026-05-13 07:30:00,2026-05-13 08:15:00,SHORT,2300.94,2303.03,-2.09
5178,2026-05-13 08:15:00,2026-05-13 10:30:00,LONG,2303.03,2306.95,3.92
5179,2026-05-13 10:30:00,2026-05-13 15:00:00,SHORT,2306.95,2257.65,49.3
5180,2026-05-13 15:00:00,2026-05-13 15:45:00,LONG,2257.65,2236.49,-21.16
5181,2026-05-13 15:45:00,2026-05-13 16:30:00,SHORT,2236.49,2252.15,-15.66
5182,2026-05-13 16:30:00,2026-05-13 19:30:00,LONG,2252.15,2255.85,3.7
5183,2026-05-13 19:30:00,2026-05-13 20:15:00,SHORT,2255.85,2260.24,-4.39
5184,2026-05-13 20:15:00,2026-05-13 21:45:00,LONG,2260.24,2255.79,-4.45
5185,2026-05-13 21:45:00,2026-05-13 23:15:00,SHORT,2255.79,2257.61,-1.82
5186,2026-05-13 23:15:00,2026-05-14 01:30:00,LONG,2257.61,2262.98,5.37
5187,2026-05-14 01:30:00,2026-05-14 04:30:00,SHORT,2262.98,2253.67,9.31
5188,2026-05-14 04:30:00,2026-05-14 06:45:00,LONG,2253.67,2267.71,14.04
5189,2026-05-14 06:45:00,2026-05-14 08:15:00,SHORT,2267.71,2266.47,1.24
5190,2026-05-14 08:15:00,2026-05-14 09:00:00,LONG,2266.47,2264.48,-1.99
5191,2026-05-14 09:00:00,2026-05-14 10:30:00,SHORT,2264.48,2257.52,6.96
5192,2026-05-14 10:30:00,2026-05-14 11:15:00,LONG,2257.52,2257.0,-0.52
5193,2026-05-14 11:15:00,2026-05-14 12:45:00,SHORT,2257.0,2261.48,-4.48
5194,2026-05-14 12:45:00,2026-05-14 17:15:00,LONG,2261.48,2298.6,37.12
5195,2026-05-14 17:15:00,2026-05-14 18:00:00,SHORT,2298.6,2315.46,-16.86
5196,2026-05-14 18:00:00,2026-05-14 18:45:00,LONG,2315.46,2309.63,-5.83
5197,2026-05-14 18:45:00,2026-05-14 21:00:00,SHORT,2309.63,2293.03,16.6
5198,2026-05-14 21:00:00,2026-05-14 22:30:00,LONG,2293.03,2299.51,6.48
5199,2026-05-14 22:30:00,2026-05-15 03:00:00,SHORT,2299.51,2274.62,24.89
5200,2026-05-15 03:00:00,2026-05-15 03:45:00,LONG,2274.62,2273.34,-1.28
5201,2026-05-15 03:45:00,2026-05-15 06:45:00,SHORT,2273.34,2255.35,17.99
5202,2026-05-15 06:45:00,2026-05-15 08:15:00,LONG,2255.35,2253.98,-1.37
5203,2026-05-15 08:15:00,2026-05-15 11:15:00,SHORT,2253.98,2260.21,-6.23
5204,2026-05-15 11:15:00,2026-05-15 12:00:00,LONG,2260.21,2251.85,-8.36
5205,2026-05-15 12:00:00,2026-05-15 15:45:00,SHORT,2251.85,2222.85,29.0
5206,2026-05-15 15:45:00,2026-05-15 18:45:00,LONG,2222.85,2228.36,5.51
5207,2026-05-15 18:45:00,2026-05-15 22:30:00,SHORT,2228.36,2222.99,5.37
5208,2026-05-15 22:30:00,2026-05-16 00:00:00,LONG,2222.99,2228.35,5.36
5209,2026-05-16 00:00:00,2026-05-16 02:15:00,SHORT,2228.35,2228.62,-0.27
5210,2026-05-16 02:15:00,2026-05-16 03:45:00,LONG,2228.62,2228.01,-0.61
5211,2026-05-16 03:45:00,2026-05-16 05:15:00,SHORT,2228.01,2226.53,1.48
5212,2026-05-16 05:15:00,2026-05-16 06:00:00,LONG,2226.53,2222.79,-3.74
5213,2026-05-16 06:00:00,2026-05-16 11:15:00,SHORT,2222.79,2178.4,44.39
5214,2026-05-16 11:15:00,2026-05-16 12:00:00,LONG,2178.4,2176.94,-1.46
5215,2026-05-16 12:00:00,2026-05-16 12:45:00,SHORT,2176.94,2176.5,0.44
5216,2026-05-16 12:45:00,2026-05-16 14:15:00,LONG,2176.5,2176.71,0.21
5217,2026-05-16 14:15:00,2026-05-16 15:00:00,SHORT,2176.71,2179.08,-2.37
5218,2026-05-16 15:00:00,2026-05-16 16:30:00,LONG,2179.08,2171.96,-7.12
5219,2026-05-16 16:30:00,2026-05-16 17:15:00,SHORT,2171.96,2178.7,-6.74
5220,2026-05-16 17:15:00,2026-05-16 23:15:00,LONG,2178.7,2182.08,3.38
5221,2026-05-16 23:15:00,2026-05-17 03:00:00,SHORT,2182.08,2177.43,4.65
5222,2026-05-17 03:00:00,2026-05-17 06:00:00,LONG,2177.43,2186.92,9.49
5223,2026-05-17 06:00:00,2026-05-17 07:30:00,SHORT,2186.92,2185.84,1.08
5224,2026-05-17 07:30:00,2026-05-17 08:15:00,LONG,2185.84,2184.56,-1.28
5225,2026-05-17 08:15:00,2026-05-17 09:00:00,SHORT,2184.56,2188.8,-4.24
5226,2026-05-17 09:00:00,2026-05-17 09:45:00,LONG,2188.8,2190.23,1.43
5227,2026-05-17 09:45:00,2026-05-17 10:30:00,SHORT,2190.23,2194.61,-4.38
5228,2026-05-17 10:30:00,2026-05-17 11:15:00,LONG,2194.61,2188.61,-6.0
5229,2026-05-17 11:15:00,2026-05-17 12:00:00,SHORT,2188.61,2192.59,-3.98
5230,2026-05-17 12:00:00,2026-05-17 13:30:00,LONG,2192.59,2193.37,0.78
5231,2026-05-17 13:30:00,2026-05-17 15:45:00,SHORT,2193.37,2186.51,6.86
5232,2026-05-17 15:45:00,2026-05-17 17:15:00,LONG,2186.51,2179.61,-6.9
5233,2026-05-17 17:15:00,2026-05-17 18:00:00,SHORT,2179.61,2183.76,-4.15
5234,2026-05-17 18:00:00,2026-05-17 20:15:00,LONG,2183.76,2188.92,5.16
5235,2026-05-17 20:15:00,2026-05-17 21:45:00,SHORT,2188.92,2191.81,-2.89
5236,2026-05-17 21:45:00,2026-05-17 22:30:00,LONG,2191.81,2182.32,-9.49
5237,2026-05-17 22:30:00,2026-05-18 02:15:00,SHORT,2182.32,2120.31,62.01
5238,2026-05-18 02:15:00,2026-05-18 03:00:00,LONG,2120.31,2118.07,-2.24
5239,2026-05-18 03:00:00,2026-05-18 03:45:00,SHORT,2118.07,2118.44,-0.37
5240,2026-05-18 03:45:00,2026-05-18 04:30:00,LONG,2118.44,2122.06,3.62
5241,2026-05-18 04:30:00,2026-05-18 05:15:00,SHORT,2122.06,2124.04,-1.98
5242,2026-05-18 05:15:00,2026-05-18 06:00:00,LONG,2124.04,2118.54,-5.5
5243,2026-05-18 06:00:00,2026-05-18 06:45:00,SHORT,2118.54,2119.03,-0.49
5244,2026-05-18 06:45:00,2026-05-18 09:45:00,LONG,2119.03,2116.88,-2.15
5245,2026-05-18 09:45:00,2026-05-18 12:00:00,SHORT,2116.88,2143.91,-27.03
5246,2026-05-18 12:00:00,2026-05-18 13:30:00,LONG,2143.91,2125.78,-18.13
5247,2026-05-18 13:30:00,2026-05-18 15:45:00,SHORT,2125.78,2107.48,18.3
5248,2026-05-18 15:45:00,2026-05-18 16:30:00,LONG,2107.48,2098.73,-8.75
5249,2026-05-18 16:30:00,2026-05-18 17:15:00,SHORT,2098.73,2107.28,-8.55
5250,2026-05-18 17:15:00,2026-05-18 18:45:00,LONG,2107.28,2081.32,-25.96
5251,2026-05-18 18:45:00,2026-05-18 19:30:00,SHORT,2081.32,2116.66,-35.34
5252,2026-05-18 19:30:00,2026-05-18 21:00:00,LONG,2116.66,2121.7,5.04
5253,2026-05-18 21:00:00,2026-05-18 21:45:00,SHORT,2121.7,2137.38,-15.68
5254,2026-05-18 21:45:00,2026-05-18 23:15:00,LONG,2137.38,2132.84,-4.54
5255,2026-05-18 23:15:00,2026-05-19 00:45:00,SHORT,2132.84,2135.88,-3.04
5256,2026-05-19 00:45:00,2026-05-19 01:30:00,LONG,2135.88,2131.2,-4.68
5257,2026-05-19 01:30:00,2026-05-19 03:45:00,SHORT,2131.2,2131.3,-0.1
5258,2026-05-19 03:45:00,2026-05-19 04:30:00,LONG,2131.3,2133.38,2.08
5259,2026-05-19 04:30:00,2026-05-19 06:00:00,SHORT,2133.38,2136.23,-2.85
5260,2026-05-19 06:00:00,2026-05-19 08:15:00,LONG,2136.23,2134.14,-2.09
5261,2026-05-19 08:15:00,2026-05-19 10:30:00,SHORT,2134.14,2109.73,24.41
5262,2026-05-19 10:30:00,2026-05-19 12:00:00,LONG,2109.73,2113.95,4.22
5263,2026-05-19 12:00:00,2026-05-19 12:45:00,SHORT,2113.95,2118.49,-4.54
5264,2026-05-19 12:45:00,2026-05-19 13:30:00,LONG,2118.49,2112.8,-5.69
5265,2026-05-19 13:30:00,2026-05-19 15:45:00,SHORT,2112.8,2110.19,2.61
5266,2026-05-19 15:45:00,2026-05-19 18:00:00,LONG,2110.19,2117.95,7.76
5267,2026-05-19 18:00:00,2026-05-19 20:15:00,SHORT,2117.95,2115.61,2.34
5268,2026-05-19 20:15:00,2026-05-19 22:30:00,LONG,2115.61,2107.58,-8.03
5269,2026-05-19 22:30:00,2026-05-19 23:15:00,SHORT,2107.58,2115.85,-8.27
5270,2026-05-19 23:15:00,2026-05-20 00:00:00,LONG,2115.85,2104.96,-10.89
5271,2026-05-20 00:00:00,2026-05-20 00:45:00,SHORT,2104.96,2111.29,-6.33
5272,2026-05-20 00:45:00,2026-05-20 01:30:00,LONG,2111.29,2107.1,-4.19
5273,2026-05-20 01:30:00,2026-05-20 02:15:00,SHORT,2107.1,2112.36,-5.26
5274,2026-05-20 02:15:00,2026-05-20 03:00:00,LONG,2112.36,2107.75,-4.61
5275,2026-05-20 03:00:00,2026-05-20 03:45:00,SHORT,2107.75,2111.6,-3.85
5276,2026-05-20 03:45:00,2026-05-20 04:30:00,LONG,2111.6,2110.82,-0.78
5277,2026-05-20 04:30:00,2026-05-20 05:15:00,SHORT,2110.82,2124.22,-13.4
5278,2026-05-20 05:15:00,2026-05-20 08:15:00,LONG,2124.22,2131.49,7.27
5279,2026-05-20 08:15:00,2026-05-20 10:30:00,SHORT,2131.49,2132.59,-1.1
5280,2026-05-20 10:30:00,2026-05-20 11:15:00,LONG,2132.59,2128.11,-4.48
5281,2026-05-20 11:15:00,2026-05-20 12:00:00,SHORT,2128.11,2130.88,-2.77
5282,2026-05-20 12:00:00,2026-05-20 13:30:00,LONG,2130.88,2121.15,-9.73
5283,2026-05-20 13:30:00,2026-05-20 15:00:00,SHORT,2121.15,2129.67,-8.52
5284,2026-05-20 15:00:00,2026-05-20 16:30:00,LONG,2129.67,2135.52,5.85
5285,2026-05-20 16:30:00,2026-05-20 17:15:00,SHORT,2135.52,2145.3,-9.78
5286,2026-05-20 17:15:00,2026-05-20 18:00:00,LONG,2145.3,2137.91,-7.39
5287,2026-05-20 18:00:00,2026-05-20 19:30:00,SHORT,2137.91,2140.22,-2.31
5288,2026-05-20 19:30:00,2026-05-20 21:00:00,LONG,2140.22,2137.78,-2.44
5289,2026-05-20 21:00:00,2026-05-21 00:00:00,SHORT,2137.78,2132.56,5.22
5290,2026-05-21 00:00:00,2026-05-21 02:15:00,LONG,2132.56,2145.31,12.75
5291,2026-05-21 02:15:00,2026-05-21 03:45:00,SHORT,2145.31,2145.76,-0.45
5292,2026-05-21 03:45:00,2026-05-21 05:15:00,LONG,2145.76,2141.7,-4.06
5293,2026-05-21 05:15:00,2026-05-21 08:15:00,SHORT,2141.7,2141.48,0.22
5294,2026-05-21 08:15:00,2026-05-21 09:00:00,LONG,2141.48,2138.11,-3.37
5295,2026-05-21 09:00:00,2026-05-21 11:15:00,SHORT,2138.11,2117.96,20.15
5296,2026-05-21 11:15:00,2026-05-21 12:00:00,LONG,2117.96,2113.45,-4.51
5297,2026-05-21 12:00:00,2026-05-21 12:45:00,SHORT,2113.45,2117.22,-3.77
5298,2026-05-21 12:45:00,2026-05-21 16:30:00,LONG,2117.22,2123.93,6.71
5299,2026-05-21 16:30:00,2026-05-21 17:15:00,SHORT,2123.93,2147.41,-23.48
5300,2026-05-21 17:15:00,2026-05-21 18:45:00,LONG,2147.41,2126.87,-20.54
5301,2026-05-21 18:45:00,2026-05-21 20:15:00,SHORT,2126.87,2138.49,-11.62
5302,2026-05-21 20:15:00,2026-05-21 21:00:00,LONG,2138.49,2138.55,0.06
5303,2026-05-21 21:00:00,2026-05-22 00:00:00,SHORT,2138.55,2130.66,7.89
5304,2026-05-22 00:00:00,2026-05-22 00:45:00,LONG,2130.66,2129.33,-1.33
5305,2026-05-22 00:45:00,2026-05-22 02:15:00,SHORT,2129.33,2136.87,-7.54
5306,2026-05-22 02:15:00,2026-05-22 04:30:00,LONG,2136.87,2134.48,-2.39
5307,2026-05-22 04:30:00,2026-05-22 07:30:00,SHORT,2134.48,2130.85,3.63
5308,2026-05-22 07:30:00,2026-05-22 08:15:00,LONG,2130.85,2132.11,1.26
5309,2026-05-22 08:15:00,2026-05-22 09:45:00,SHORT,2132.11,2123.98,8.13
5310,2026-05-22 09:45:00,2026-05-22 11:15:00,LONG,2123.98,2124.61,0.63
5311,2026-05-22 11:15:00,2026-05-22 12:00:00,SHORT,2124.61,2135.42,-10.81
5312,2026-05-22 12:00:00,2026-05-22 13:30:00,LONG,2135.42,2128.37,-7.05
5313,2026-05-22 13:30:00,2026-05-22 16:30:00,SHORT,2128.37,2119.66,8.71
5314,2026-05-22 16:30:00,2026-05-22 18:00:00,LONG,2119.66,2119.7,0.04
5315,2026-05-22 18:00:00,2026-05-22 21:00:00,SHORT,2119.7,2072.7,47.0
5316,2026-05-22 21:00:00,2026-05-22 22:30:00,LONG,2072.7,2069.29,-3.41
5317,2026-05-22 22:30:00,2026-05-22 23:15:00,SHORT,2069.29,2069.11,0.18
5318,2026-05-22 23:15:00,2026-05-23 00:00:00,LONG,2069.11,2066.76,-2.35
5319,2026-05-23 00:00:00,2026-05-23 01:30:00,SHORT,2066.76,2067.42,-0.66
5320,2026-05-23 01:30:00,2026-05-23 02:15:00,LONG,2067.42,2066.51,-0.91
5321,2026-05-23 02:15:00,2026-05-23 03:00:00,SHORT,2066.51,2069.75,-3.24
5322,2026-05-23 03:00:00,2026-05-23 04:30:00,LONG,2069.75,2065.74,-4.01
5323,2026-05-23 04:30:00,2026-05-23 09:00:00,SHORT,2065.74,2028.33,37.41
5324,2026-05-23 09:00:00,2026-05-23 12:00:00,LONG,2028.33,2029.18,0.85
5325,2026-05-23 12:00:00,2026-05-23 12:45:00,SHORT,2029.18,2031.07,-1.89
5326,2026-05-23 12:45:00,2026-05-23 15:45:00,LONG,2031.07,2060.27,29.2
5327,2026-05-23 15:45:00,2026-05-23 17:15:00,SHORT,2060.27,2064.15,-3.88
5328,2026-05-23 17:15:00,2026-05-23 21:45:00,LONG,2064.15,2116.84,52.69
5329,2026-05-23 21:45:00,2026-05-23 23:15:00,SHORT,2116.84,2116.98,-0.14
5330,2026-05-23 23:15:00,2026-05-24 00:00:00,LONG,2116.98,2115.89,-1.09
5331,2026-05-24 00:00:00,2026-05-24 00:45:00,SHORT,2115.89,2119.45,-3.56
5332,2026-05-24 00:45:00,2026-05-24 03:00:00,LONG,2119.45,2123.9,4.45
5333,2026-05-24 03:00:00,2026-05-24 06:00:00,SHORT,2123.9,2122.0,1.9
5334,2026-05-24 06:00:00,2026-05-24 07:30:00,LONG,2122.0,2122.01,0.01
5335,2026-05-24 07:30:00,2026-05-24 09:45:00,SHORT,2122.01,2123.41,-1.4
5336,2026-05-24 09:45:00,2026-05-24 12:45:00,LONG,2123.41,2119.97,-3.44
5337,2026-05-24 12:45:00,2026-05-24 15:00:00,SHORT,2119.97,2099.05,20.92
5338,2026-05-24 15:00:00,2026-05-24 15:45:00,LONG,2099.05,2095.84,-3.21
5339,2026-05-24 15:45:00,2026-05-24 16:30:00,SHORT,2095.84,2098.11,-2.27
5340,2026-05-24 16:30:00,2026-05-24 18:00:00,LONG,2098.11,2103.32,5.21
5341,2026-05-24 18:00:00,2026-05-24 22:30:00,SHORT,2103.32,2091.38,11.94
5342,2026-05-24 22:30:00,2026-05-25 01:30:00,LONG,2091.38,2102.43,11.05
5343,2026-05-25 01:30:00,2026-05-25 02:15:00,SHORT,2102.43,2100.26,2.17
5344,2026-05-25 02:15:00,2026-05-25 03:00:00,LONG,2100.26,2096.02,-4.24
5345,2026-05-25 03:00:00,2026-05-25 04:30:00,SHORT,2096.02,2103.12,-7.1
5346,2026-05-25 04:30:00,2026-05-25 06:00:00,LONG,2103.12,2103.02,-0.1
5347,2026-05-25 06:00:00,2026-05-25 06:45:00,SHORT,2103.02,2108.99,-5.97
5348,2026-05-25 06:45:00,2026-05-25 07:30:00,LONG,2108.99,2110.05,1.06
5349,2026-05-25 07:30:00,2026-05-25 09:00:00,SHORT,2110.05,2118.66,-8.61
5350,2026-05-25 09:00:00,2026-05-25 10:30:00,LONG,2118.66,2116.2,-2.46
5351,2026-05-25 10:30:00,2026-05-25 12:45:00,SHORT,2116.2,2117.34,-1.14
5352,2026-05-25 12:45:00,2026-05-25 13:30:00,LONG,2117.34,2116.8,-0.54
5353,2026-05-25 13:30:00,2026-05-25 14:15:00,SHORT,2116.8,2127.77,-10.97
5354,2026-05-25 14:15:00,2026-05-25 15:45:00,LONG,2127.77,2127.12,-0.65
5355,2026-05-25 15:45:00,2026-05-25 16:30:00,SHORT,2127.12,2130.0,-2.88
5356,2026-05-25 16:30:00,2026-05-25 18:00:00,LONG,2130.0,2131.87,1.87
5357,2026-05-25 18:00:00,2026-05-25 23:15:00,SHORT,2131.87,2108.61,23.26
5358,2026-05-25 23:15:00,2026-05-26 00:45:00,LONG,2108.61,2097.75,-10.86
5359,2026-05-26 00:45:00,2026-05-26 03:45:00,SHORT,2097.75,2093.12,4.63
5360,2026-05-26 03:45:00,2026-05-26 07:30:00,LONG,2093.12,2095.83,2.71
5361,2026-05-26 07:30:00,2026-05-26 08:15:00,SHORT,2095.83,2098.62,-2.79
5362,2026-05-26 08:15:00,2026-05-26 09:00:00,LONG,2098.62,2095.53,-3.09
5363,2026-05-26 09:00:00,2026-05-26 10:30:00,SHORT,2095.53,2134.29,-38.76
5364,2026-05-26 10:30:00,2026-05-26 12:00:00,LONG,2134.29,2117.75,-16.54
5365,2026-05-26 12:00:00,2026-05-26 14:15:00,SHORT,2117.75,2138.03,-20.28
5366,2026-05-26 14:15:00,2026-05-26 15:00:00,LONG,2138.03,2110.89,-27.14
5367,2026-05-26 15:00:00,2026-05-26 17:15:00,SHORT,2110.89,2064.51,46.38
5368,2026-05-26 17:15:00,2026-05-26 18:45:00,LONG,2064.51,2068.59,4.08
5369,2026-05-26 18:45:00,2026-05-26 19:30:00,SHORT,2068.59,2075.49,-6.9
5370,2026-05-26 19:30:00,2026-05-26 22:30:00,LONG,2075.49,2068.3,-7.19
5371,2026-05-26 22:30:00,2026-05-26 23:15:00,SHORT,2068.3,2073.55,-5.25
5372,2026-05-26 23:15:00,2026-05-27 01:30:00,LONG,2073.55,2073.67,0.12
5373,2026-05-27 01:30:00,2026-05-27 03:00:00,SHORT,2073.67,2077.14,-3.47
5374,2026-05-27 03:00:00,2026-05-27 03:45:00,LONG,2077.14,2070.0,-7.14
5375,2026-05-27 03:45:00,2026-05-27 05:15:00,SHORT,2070.0,2075.87,-5.87
5376,2026-05-27 05:15:00,2026-05-27 09:00:00,LONG,2075.87,2080.71,4.84
5377,2026-05-27 09:00:00,2026-05-27 09:45:00,SHORT,2080.71,2083.36,-2.65
5378,2026-05-27 09:45:00,2026-05-27 12:00:00,LONG,2083.36,2076.42,-6.94
5379,2026-05-27 12:00:00,2026-05-27 12:45:00,SHORT,2076.42,2078.76,-2.34
5380,2026-05-27 12:45:00,2026-05-27 13:30:00,LONG,2078.76,2053.35,-25.41
5381,2026-05-27 13:30:00,2026-05-27 15:00:00,SHORT,2053.35,2066.81,-13.46
5382,2026-05-27 15:00:00,2026-05-27 16:30:00,LONG,2066.81,2065.67,-1.14
5383,2026-05-27 16:30:00,2026-05-27 18:45:00,SHORT,2065.67,2056.71,8.96
5384,2026-05-27 18:45:00,2026-05-27 21:45:00,LONG,2056.71,2021.04,-35.67
5385,2026-05-27 21:45:00,2026-05-27 23:15:00,SHORT,2021.04,2019.34,1.7
5386,2026-05-27 23:15:00,2026-05-28 01:30:00,LONG,2019.34,2019.48,0.14
5387,2026-05-28 01:30:00,2026-05-28 02:15:00,SHORT,2019.48,2017.73,1.75
5388,2026-05-28 02:15:00,2026-05-28 03:00:00,LONG,2017.73,2013.96,-3.77
5389,2026-05-28 03:00:00,2026-05-28 06:00:00,SHORT,2013.96,1979.28,34.68
5390,2026-05-28 06:00:00,2026-05-28 06:45:00,LONG,1979.28,1984.07,4.79
5391,2026-05-28 06:45:00,2026-05-28 07:30:00,SHORT,1984.07,1995.6,-11.53
5392,2026-05-28 07:30:00,2026-05-28 09:00:00,LONG,1995.6,1987.97,-7.63
5393,2026-05-28 09:00:00,2026-05-28 09:45:00,SHORT,1987.97,1994.04,-6.07
5394,2026-05-28 09:45:00,2026-05-28 10:30:00,LONG,1994.04,1994.1,0.06
5395,2026-05-28 10:30:00,2026-05-28 12:45:00,SHORT,1994.1,1991.89,2.21
5396,2026-05-28 12:45:00,2026-05-28 13:30:00,LONG,1991.89,1976.23,-15.66
5397,2026-05-28 13:30:00,2026-05-28 14:15:00,SHORT,1976.23,1989.71,-13.48
5398,2026-05-28 14:15:00,2026-05-28 20:15:00,LONG,1989.71,2019.74,30.03
5399,2026-05-28 20:15:00,2026-05-28 21:45:00,SHORT,2019.74,2020.17,-0.43
5400,2026-05-28 21:45:00,2026-05-28 22:30:00,LONG,2020.17,2006.24,-13.93
5401,2026-05-28 22:30:00,2026-05-29 00:00:00,SHORT,2006.24,2015.06,-8.82
5402,2026-05-29 00:00:00,2026-05-29 01:30:00,LONG,2015.06,2008.6,-6.46
5403,2026-05-29 01:30:00,2026-05-29 02:15:00,SHORT,2008.6,2001.56,7.04
5404,2026-05-29 02:15:00,2026-05-29 03:00:00,LONG,2001.56,2007.06,5.5
5405,2026-05-29 03:00:00,2026-05-29 04:30:00,SHORT,2007.06,2006.08,0.98
5406,2026-05-29 04:30:00,2026-05-29 07:30:00,LONG,2006.08,2004.46,-1.62
5407,2026-05-29 07:30:00,2026-05-29 09:45:00,SHORT,2004.46,2014.85,-10.39
5408,2026-05-29 09:45:00,2026-05-29 10:30:00,LONG,2014.85,2010.99,-3.86
5409,2026-05-29 10:30:00,2026-05-29 11:15:00,SHORT,2010.99,2010.2,0.79
5410,2026-05-29 11:15:00,2026-05-29 12:00:00,LONG,2010.2,2001.71,-8.49
5411,2026-05-29 12:00:00,2026-05-29 15:00:00,SHORT,2001.71,2019.93,-18.22
5412,2026-05-29 15:00:00,2026-05-29 16:30:00,LONG,2019.93,2042.21,22.28
5413,2026-05-29 16:30:00,2026-05-29 17:15:00,SHORT,2042.21,2039.86,2.35
5414,2026-05-29 17:15:00,2026-05-29 18:00:00,LONG,2039.86,2029.82,-10.04
5415,2026-05-29 18:00:00,2026-05-29 20:15:00,SHORT,2029.82,2021.01,8.81
5416,2026-05-29 20:15:00,2026-05-29 21:00:00,LONG,2021.01,2021.69,0.68
5417,2026-05-29 21:00:00,2026-05-29 22:30:00,SHORT,2021.69,2014.15,7.54
5418,2026-05-29 22:30:00,2026-05-29 23:15:00,LONG,2014.15,2009.12,-5.03
5419,2026-05-29 23:15:00,2026-05-30 00:00:00,SHORT,2009.12,2014.2,-5.08
5420,2026-05-30 00:00:00,2026-05-30 03:45:00,LONG,2014.2,2016.83,2.63
5421,2026-05-30 03:45:00,2026-05-30 05:15:00,SHORT,2016.83,2013.39,3.44
5422,2026-05-30 05:15:00,2026-05-30 08:15:00,LONG,2013.39,2015.16,1.77
5423,2026-05-30 08:15:00,2026-05-30 09:45:00,SHORT,2015.16,2016.79,-1.63
5424,2026-05-30 09:45:00,2026-05-30 11:15:00,LONG,2016.79,2016.67,-0.12
5425,2026-05-30 11:15:00,2026-05-30 13:30:00,SHORT,2016.67,2019.81,-3.14
5426,2026-05-30 13:30:00,2026-05-30 15:45:00,LONG,2019.81,2026.61,6.8
5427,2026-05-30 15:45:00,2026-05-30 18:00:00,SHORT,2026.61,2026.8,-0.19
5428,2026-05-30 18:00:00,2026-05-30 19:30:00,LONG,2026.8,2027.12,0.32
5429,2026-05-30 19:30:00,2026-05-30 20:15:00,SHORT,2027.12,2028.01,-0.89
5430,2026-05-30 20:15:00,2026-05-30 21:00:00,LONG,2028.01,2029.52,1.51
5431,2026-05-30 21:00:00,2026-05-30 21:45:00,SHORT,2029.52,2028.15,1.37
5432,2026-05-30 21:45:00,2026-05-30 22:30:00,LONG,2028.15,2020.94,-7.21
5433,2026-05-30 22:30:00,2026-05-31 00:00:00,SHORT,2020.94,2022.68,-1.74
