trade_no,entry_time,exit_time,direction,entry_price,exit_price,ideal_exit,pnl_pct,pnl_usd,fee_usd,slip_usd,equity,leverage_pnl,cum_pnl,return_pct,dd_pct,month
1,2025-05-22 19:30:00,2025-05-22 19:30:00,LONG,2579.96,2645.88,2646.41,2.555,50.95,1.65,0.53,737.15,7.67%,50.95,7.42,0.0,2025-05
2,2025-05-22 22:00:00,2025-05-22 22:00:00,SHORT,2645.88,2643.98,2643.45,0.072,-0.18,1.77,0.53,736.97,0.22%,50.77,7.4,0.02,2025-05
3,2025-05-22 22:45:00,2025-05-22 22:45:00,LONG,2643.98,2638.74,2639.27,-0.198,-6.15,1.77,0.53,730.82,-0.59%,44.62,6.5,0.86,2025-05
4,2025-05-22 23:00:00,2025-05-22 23:00:00,SHORT,2638.74,2644.5,2643.97,-0.218,-6.54,1.75,0.53,724.29,-0.65%,38.08,5.55,1.74,2025-05
5,2025-05-23 06:00:00,2025-05-23 06:00:00,LONG,2644.5,2684.09,2684.62,1.497,30.79,1.74,0.54,755.07,4.49%,68.87,10.04,0.0,2025-05
6,2025-05-23 09:15:00,2025-05-23 09:15:00,SHORT,2684.09,2682.63,2682.1,0.054,-0.59,1.81,0.54,754.49,0.16%,68.28,9.95,0.08,2025-05
7,2025-05-23 10:00:00,2025-05-23 10:00:00,LONG,2682.63,2675.58,2676.11,-0.263,-7.76,1.81,0.54,746.72,-0.79%,60.52,8.82,1.11,2025-05
8,2025-05-24 04:30:00,2025-05-24 04:30:00,SHORT,2675.58,2558.52,2558.0,4.375,96.22,1.79,0.51,842.94,13.13%,156.74,22.84,0.0,2025-05
9,2025-05-24 05:00:00,2025-05-24 05:00:00,LONG,2558.52,2553.78,2554.29,-0.185,-6.71,2.02,0.51,836.24,-0.56%,150.03,21.87,0.79,2025-05
10,2025-05-24 07:00:00,2025-05-24 07:00:00,SHORT,2553.78,2554.56,2554.05,-0.031,-2.78,2.01,0.51,833.46,-0.09%,147.25,21.46,1.12,2025-05
11,2025-05-24 07:30:00,2025-05-24 07:30:00,LONG,2554.56,2551.79,2552.3,-0.109,-4.72,2.0,0.51,828.74,-0.33%,142.53,20.77,1.68,2025-05
12,2025-05-24 08:00:00,2025-05-24 08:00:00,SHORT,2551.79,2554.09,2553.57,-0.09,-4.23,1.99,0.51,824.51,-0.27%,138.3,20.16,2.19,2025-05
13,2025-05-24 08:15:00,2025-05-24 08:15:00,LONG,2554.09,2546.99,2547.5,-0.278,-8.85,1.98,0.51,815.66,-0.83%,129.45,18.87,3.24,2025-05
14,2025-05-24 09:15:00,2025-05-24 09:15:00,SHORT,2546.99,2560.46,2559.95,-0.529,-14.9,1.96,0.51,800.76,-1.59%,114.55,16.69,5.0,2025-05
15,2025-05-24 09:45:00,2025-05-24 09:45:00,LONG,2560.46,2553.47,2553.98,-0.273,-8.48,1.92,0.51,792.28,-0.82%,106.07,15.46,6.01,2025-05
16,2025-05-24 10:15:00,2025-05-24 10:15:00,SHORT,2553.47,2558.12,2557.61,-0.182,-6.23,1.9,0.51,786.05,-0.55%,99.84,14.55,6.75,2025-05
17,2025-05-24 13:30:00,2025-05-24 13:30:00,LONG,2558.12,2550.54,2551.05,-0.296,-8.88,1.89,0.51,777.17,-0.89%,90.96,13.26,7.8,2025-05
18,2025-05-24 16:45:00,2025-05-24 16:45:00,SHORT,2550.54,2561.06,2560.55,-0.413,-11.48,1.87,0.51,765.69,-1.24%,79.48,11.58,9.16,2025-05
19,2025-05-24 18:45:00,2025-05-24 18:45:00,LONG,2561.06,2552.83,2553.34,-0.322,-9.23,1.84,0.51,756.46,-0.96%,70.25,10.24,10.26,2025-05
20,2025-05-25 12:15:00,2025-05-25 12:15:00,SHORT,2552.83,2505.53,2505.03,1.853,40.23,1.82,0.5,796.69,5.56%,110.48,16.1,5.49,2025-05
21,2025-05-25 14:30:00,2025-05-25 14:30:00,LONG,2505.53,2509.09,2509.59,0.142,1.48,1.91,0.5,798.17,0.43%,111.96,16.32,5.31,2025-05
22,2025-05-25 18:15:00,2025-05-25 18:15:00,SHORT,2509.09,2522.51,2522.01,-0.535,-14.72,1.92,0.5,783.44,-1.6%,97.24,14.17,7.06,2025-05
23,2025-05-26 10:45:00,2025-05-26 10:45:00,LONG,2522.51,2559.58,2560.09,1.469,32.66,1.88,0.51,816.1,4.41%,129.9,18.93,3.18,2025-05
24,2025-05-26 12:45:00,2025-05-26 12:45:00,SHORT,2559.58,2571.89,2571.38,-0.481,-13.74,1.96,0.51,802.36,-1.44%,116.16,16.93,4.81,2025-05
25,2025-05-26 13:45:00,2025-05-26 13:45:00,LONG,2571.89,2557.94,2558.45,-0.543,-14.99,1.93,0.51,787.37,-1.63%,101.17,14.74,6.59,2025-05
26,2025-05-26 15:30:00,2025-05-26 15:30:00,SHORT,2557.94,2563.68,2563.17,-0.225,-7.19,1.89,0.51,780.18,-0.67%,93.98,13.7,7.45,2025-05
27,2025-05-26 16:15:00,2025-05-26 16:15:00,LONG,2563.68,2555.62,2556.13,-0.314,-9.23,1.87,0.51,770.95,-0.94%,84.75,12.35,8.54,2025-05
28,2025-05-26 20:30:00,2025-05-26 20:30:00,SHORT,2555.62,2551.8,2551.29,0.15,1.61,1.85,0.51,772.56,0.45%,86.36,12.59,8.35,2025-05
29,2025-05-27 00:30:00,2025-05-27 00:30:00,LONG,2551.8,2553.25,2553.76,0.057,-0.53,1.85,0.51,772.03,0.17%,85.83,12.51,8.41,2025-05
30,2025-05-27 03:00:00,2025-05-27 03:00:00,SHORT,2553.25,2542.27,2541.76,0.43,8.11,1.85,0.51,780.14,1.29%,93.94,13.69,7.45,2025-05
31,2025-05-27 23:15:00,2025-05-27 23:15:00,LONG,2542.27,2652.71,2653.24,4.344,99.8,1.87,0.53,879.94,13.03%,193.74,28.23,0.0,2025-05
32,2025-05-27 23:30:00,2025-05-27 23:30:00,SHORT,2652.71,2660.73,2660.19,-0.302,-10.09,2.11,0.53,869.84,-0.91%,183.65,26.76,1.15,2025-05
33,2025-05-28 00:00:00,2025-05-28 00:00:00,LONG,2660.73,2653.34,2653.87,-0.278,-9.33,2.09,0.53,860.51,-0.83%,174.32,25.4,2.21,2025-05
34,2025-05-28 00:45:00,2025-05-28 00:45:00,SHORT,2653.34,2659.8,2659.26,-0.243,-8.35,2.07,0.53,852.16,-0.73%,165.97,24.19,3.16,2025-05
35,2025-05-28 01:00:00,2025-05-28 01:00:00,LONG,2659.8,2648.94,2649.47,-0.408,-12.48,2.05,0.53,839.68,-1.22%,153.49,22.37,4.58,2025-05
36,2025-05-28 11:30:00,2025-05-28 11:30:00,SHORT,2648.94,2650.62,2650.09,-0.064,-3.62,2.02,0.53,836.06,-0.19%,149.87,21.84,4.99,2025-05
37,2025-05-28 14:00:00,2025-05-28 14:00:00,LONG,2650.62,2645.01,2645.54,-0.212,-7.32,2.01,0.53,828.74,-0.64%,142.55,20.77,5.82,2025-05
38,2025-05-28 17:00:00,2025-05-28 17:00:00,SHORT,2645.01,2648.32,2647.79,-0.125,-5.1,1.99,0.53,823.64,-0.38%,137.45,20.03,6.4,2025-05
39,2025-05-28 18:45:00,2025-05-28 18:45:00,LONG,2648.32,2641.9,2642.43,-0.242,-7.96,1.98,0.53,815.68,-0.73%,129.49,18.87,7.3,2025-05
40,2025-05-28 19:00:00,2025-05-28 19:00:00,SHORT,2641.9,2645.79,2645.26,-0.147,-5.56,1.96,0.53,810.11,-0.44%,123.93,18.06,7.94,2025-05
41,2025-05-28 19:30:00,2025-05-28 19:30:00,LONG,2645.79,2627.53,2628.05,-0.69,-18.72,1.94,0.53,791.39,-2.07%,105.21,15.33,10.06,2025-05
42,2025-05-28 21:15:00,2025-05-28 21:15:00,SHORT,2627.53,2649.0,2648.47,-0.817,-21.31,1.9,0.53,770.09,-2.45%,83.9,12.23,12.48,2025-05
43,2025-05-28 22:15:00,2025-05-28 22:15:00,LONG,2649.0,2638.8,2639.32,-0.385,-10.75,1.85,0.53,759.34,-1.16%,73.15,10.66,13.71,2025-05
44,2025-05-28 23:00:00,2025-05-28 23:00:00,SHORT,2638.8,2656.88,2656.35,-0.685,-17.43,1.82,0.53,741.9,-2.06%,55.72,8.12,15.69,2025-05
45,2025-05-29 11:45:00,2025-05-29 11:45:00,LONG,2656.88,2710.69,2711.24,2.026,43.3,1.78,0.54,785.21,6.08%,99.02,14.43,10.77,2025-05
46,2025-05-30 05:30:00,2025-05-30 05:30:00,SHORT,2710.69,2643.42,2642.89,2.482,56.58,1.88,0.53,841.78,7.45%,155.6,22.67,4.34,2025-05
47,2025-05-30 06:00:00,2025-05-30 06:00:00,LONG,2643.42,2636.48,2637.01,-0.263,-8.65,2.02,0.53,833.13,-0.79%,146.95,21.41,5.32,2025-05
48,2025-05-31 10:00:00,2025-05-31 10:00:00,SHORT,2636.48,2529.58,2529.07,4.055,99.34,2.0,0.51,932.47,12.16%,246.29,35.89,0.0,2025-05
49,2025-05-31 10:15:00,2025-05-31 10:15:00,LONG,2529.58,2525.52,2526.03,-0.16,-6.73,2.24,0.51,925.75,-0.48%,239.56,34.91,0.72,2025-05
50,2025-05-31 12:00:00,2025-05-31 12:00:00,SHORT,2525.52,2526.52,2526.02,-0.04,-3.32,2.22,0.51,922.43,-0.12%,236.24,34.43,1.08,2025-05
51,2025-05-31 17:45:00,2025-05-31 17:45:00,LONG,2526.52,2530.05,2530.55,0.139,1.64,2.21,0.51,924.07,0.42%,237.88,34.66,0.9,2025-05
52,2025-05-31 18:00:00,2025-05-31 18:00:00,SHORT,2530.05,2533.14,2532.63,-0.122,-5.6,2.22,0.51,918.46,-0.37%,232.28,33.85,1.5,2025-05
53,2025-05-31 20:00:00,2025-05-31 20:00:00,LONG,2533.14,2533.22,2533.73,0.003,-2.11,2.2,0.51,916.35,0.01%,230.17,33.54,1.73,2025-05
54,2025-05-31 20:15:00,2025-05-31 20:15:00,SHORT,2533.22,2538.85,2538.34,-0.222,-8.3,2.2,0.51,908.05,-0.67%,221.87,32.33,2.62,2025-05
55,2025-05-31 22:45:00,2025-05-31 22:45:00,LONG,2538.85,2533.68,2534.19,-0.203,-7.72,2.18,0.51,900.34,-0.61%,214.15,31.21,3.45,2025-05
56,2025-05-31 23:00:00,2025-05-31 23:00:00,SHORT,2533.68,2535.95,2535.44,-0.09,-4.58,2.16,0.51,895.76,-0.27%,209.57,30.54,3.94,2025-05
57,2025-06-01 00:00:00,2025-06-01 00:00:00,LONG,2535.95,2520.33,2520.83,-0.616,-18.71,2.15,0.5,877.05,-1.85%,190.86,27.81,5.94,2025-06
58,2025-06-01 14:15:00,2025-06-01 14:15:00,SHORT,2520.33,2510.65,2510.15,0.384,8.0,2.1,0.5,885.05,1.15%,198.86,28.98,5.09,2025-06
59,2025-06-01 18:15:00,2025-06-01 18:15:00,LONG,2510.65,2522.31,2522.81,0.464,10.21,2.12,0.5,895.25,1.39%,209.07,30.46,3.99,2025-06
60,2025-06-01 18:45:00,2025-06-01 18:45:00,SHORT,2522.31,2511.81,2511.31,0.416,9.03,2.15,0.5,904.28,1.25%,218.1,31.78,3.02,2025-06
61,2025-06-02 02:00:00,2025-06-02 02:00:00,LONG,2511.81,2520.37,2520.88,0.341,7.08,2.17,0.5,911.36,1.02%,225.18,32.81,2.26,2025-06
62,2025-06-02 13:15:00,2025-06-02 13:15:00,SHORT,2520.37,2500.28,2499.78,0.797,19.6,2.19,0.5,930.96,2.39%,244.78,35.67,0.16,2025-06
63,2025-06-03 16:15:00,2025-06-03 16:15:00,LONG,2500.28,2609.11,2609.64,4.353,119.33,2.23,0.52,1050.3,13.06%,364.11,53.06,0.0,2025-06
64,2025-06-03 17:00:00,2025-06-03 17:00:00,SHORT,2609.11,2615.36,2614.84,-0.239,-10.07,2.52,0.52,1040.23,-0.72%,354.04,51.59,0.96,2025-06
65,2025-06-03 18:00:00,2025-06-03 18:00:00,LONG,2615.36,2610.49,2611.01,-0.186,-8.31,2.5,0.52,1031.92,-0.56%,345.73,50.38,1.75,2025-06
66,2025-06-03 19:00:00,2025-06-03 19:00:00,SHORT,2610.49,2625.39,2624.86,-0.571,-20.15,2.48,0.52,1011.77,-1.71%,325.58,47.45,3.67,2025-06
67,2025-06-03 20:15:00,2025-06-03 20:15:00,LONG,2625.39,2612.89,2613.41,-0.476,-16.88,2.43,0.52,994.89,-1.43%,308.7,44.99,5.28,2025-06
68,2025-06-03 20:30:00,2025-06-03 20:30:00,SHORT,2612.89,2612.47,2611.95,0.016,-1.91,2.39,0.52,992.99,0.05%,306.79,44.71,5.46,2025-06
69,2025-06-03 21:30:00,2025-06-03 21:30:00,LONG,2612.47,2600.39,2600.91,-0.462,-16.15,2.38,0.52,976.84,-1.39%,290.64,42.35,6.99,2025-06
70,2025-06-04 01:00:00,2025-06-04 01:00:00,SHORT,2600.39,2606.99,2606.47,-0.254,-9.79,2.34,0.52,967.05,-0.76%,280.85,40.93,7.93,2025-06
71,2025-06-04 12:15:00,2025-06-04 12:15:00,LONG,2606.99,2627.07,2627.59,0.77,20.02,2.32,0.53,987.07,2.31%,300.87,43.85,6.02,2025-06
72,2025-06-04 14:45:00,2025-06-04 14:45:00,SHORT,2627.07,2629.56,2629.03,-0.095,-5.17,2.37,0.53,981.89,-0.28%,295.7,43.09,6.51,2025-06
73,2025-06-04 18:45:00,2025-06-04 18:45:00,LONG,2629.56,2632.41,2632.93,0.108,0.84,2.36,0.53,982.73,0.33%,296.54,43.21,6.43,2025-06
74,2025-06-05 02:30:00,2025-06-05 02:30:00,SHORT,2632.41,2619.36,2618.84,0.495,12.25,2.36,0.52,994.98,1.49%,308.79,45.0,5.27,2025-06
75,2025-06-05 05:15:00,2025-06-05 05:15:00,LONG,2619.36,2620.1,2620.63,0.028,-1.54,2.39,0.52,993.43,0.08%,307.25,44.77,5.41,2025-06
76,2025-06-05 12:00:00,2025-06-05 12:00:00,SHORT,2620.1,2614.38,2613.86,0.218,4.12,2.38,0.52,997.56,0.66%,311.37,45.37,5.02,2025-06
77,2025-06-05 13:30:00,2025-06-05 13:30:00,LONG,2614.38,2619.94,2620.46,0.212,3.96,2.39,0.52,1001.52,0.64%,315.33,45.95,4.64,2025-06
78,2025-06-06 09:15:00,2025-06-06 09:15:00,SHORT,2619.94,2469.54,2469.04,5.741,170.08,2.4,0.49,1171.6,17.22%,485.41,70.74,0.0,2025-06
79,2025-06-06 19:45:00,2025-06-06 19:45:00,LONG,2469.54,2486.59,2487.09,0.691,21.47,2.81,0.5,1193.06,2.07%,506.88,73.86,0.0,2025-06
80,2025-06-06 20:00:00,2025-06-06 20:00:00,SHORT,2486.59,2490.94,2490.44,-0.175,-9.12,2.86,0.5,1183.94,-0.52%,497.76,72.54,0.76,2025-06
81,2025-06-06 21:00:00,2025-06-06 21:00:00,LONG,2490.94,2491.34,2491.84,0.016,-2.27,2.84,0.5,1181.67,0.05%,495.49,72.2,0.95,2025-06
82,2025-06-06 21:30:00,2025-06-06 21:30:00,SHORT,2491.34,2498.32,2497.82,-0.28,-12.76,2.84,0.5,1168.91,-0.84%,482.73,70.35,2.02,2025-06
83,2025-06-06 22:30:00,2025-06-06 22:30:00,LONG,2498.32,2482.7,2483.2,-0.625,-24.72,2.81,0.5,1144.19,-1.87%,458.01,66.74,4.1,2025-06
84,2025-06-07 03:00:00,2025-06-07 03:00:00,SHORT,2482.7,2484.65,2484.15,-0.078,-5.43,2.75,0.5,1138.75,-0.23%,452.58,65.95,4.55,2025-06
85,2025-06-07 04:00:00,2025-06-07 04:00:00,LONG,2484.65,2482.12,2482.62,-0.102,-6.21,2.73,0.5,1132.55,-0.3%,446.37,65.05,5.07,2025-06
86,2025-06-07 04:30:00,2025-06-07 04:30:00,SHORT,2482.12,2489.1,2488.6,-0.281,-12.27,2.72,0.5,1120.27,-0.84%,434.1,63.26,6.1,2025-06
87,2025-06-07 08:45:00,2025-06-07 08:45:00,LONG,2489.1,2483.22,2483.71,-0.236,-10.63,2.69,0.5,1109.64,-0.71%,423.47,61.71,6.99,2025-06
88,2025-06-07 09:00:00,2025-06-07 09:00:00,SHORT,2483.22,2487.72,2487.22,-0.181,-8.7,2.66,0.5,1100.94,-0.54%,414.77,60.44,7.72,2025-06
89,2025-06-07 09:30:00,2025-06-07 09:30:00,LONG,2487.72,2484.71,2485.2,-0.121,-6.64,2.64,0.5,1094.29,-0.36%,408.13,59.47,8.28,2025-06
90,2025-06-07 10:00:00,2025-06-07 10:00:00,SHORT,2484.71,2489.89,2489.39,-0.209,-9.48,2.63,0.5,1084.82,-0.63%,398.65,58.09,9.07,2025-06
91,2025-06-08 01:00:00,2025-06-08 01:00:00,LONG,2489.89,2513.07,2513.57,0.931,27.69,2.6,0.5,1112.51,2.79%,426.34,62.13,6.75,2025-06
92,2025-06-08 01:30:00,2025-06-08 01:30:00,SHORT,2513.07,2517.42,2516.92,-0.173,-8.45,2.67,0.5,1104.06,-0.52%,417.89,60.89,7.46,2025-06
93,2025-06-08 02:00:00,2025-06-08 02:00:00,LONG,2517.42,2513.78,2514.28,-0.145,-7.44,2.65,0.5,1096.61,-0.43%,410.45,59.81,8.08,2025-06
94,2025-06-08 04:30:00,2025-06-08 04:30:00,SHORT,2513.78,2514.98,2514.48,-0.048,-4.21,2.63,0.5,1092.4,-0.14%,406.24,59.2,8.44,2025-06
95,2025-06-08 05:00:00,2025-06-08 05:00:00,LONG,2514.98,2512.51,2513.02,-0.098,-5.84,2.62,0.5,1086.56,-0.29%,400.4,58.34,8.93,2025-06
96,2025-06-08 05:15:00,2025-06-08 05:15:00,SHORT,2512.51,2515.33,2514.83,-0.112,-6.26,2.61,0.5,1080.3,-0.34%,394.14,57.43,9.45,2025-06
97,2025-06-08 05:30:00,2025-06-08 05:30:00,LONG,2515.33,2511.15,2511.65,-0.166,-7.98,2.59,0.5,1072.32,-0.5%,386.16,56.27,10.12,2025-06
98,2025-06-08 08:00:00,2025-06-08 08:00:00,SHORT,2511.15,2517.64,2517.13,-0.258,-10.89,2.57,0.5,1061.43,-0.78%,375.27,54.68,11.03,2025-06
99,2025-06-08 09:00:00,2025-06-08 09:00:00,LONG,2517.64,2513.0,2513.5,-0.184,-8.41,2.55,0.5,1053.02,-0.55%,366.86,53.46,11.74,2025-06
100,2025-06-08 11:15:00,2025-06-08 11:15:00,SHORT,2513.0,2509.81,2509.31,0.127,1.48,2.53,0.5,1054.5,0.38%,368.34,53.67,11.61,2025-06
101,2025-06-08 12:15:00,2025-06-08 12:15:00,LONG,2509.81,2508.63,2509.13,-0.047,-4.02,2.53,0.5,1050.48,-0.14%,364.32,53.09,11.95,2025-06
102,2025-06-08 13:30:00,2025-06-08 13:30:00,SHORT,2508.63,2514.66,2514.16,-0.241,-10.1,2.52,0.5,1040.37,-0.72%,354.22,51.61,12.8,2025-06
103,2025-06-08 22:00:00,2025-06-08 22:00:00,LONG,2514.66,2532.95,2533.46,0.727,20.21,2.5,0.51,1060.58,2.18%,374.43,54.56,11.1,2025-06
104,2025-06-09 09:30:00,2025-06-09 09:30:00,SHORT,2532.95,2503.96,2503.46,1.145,33.87,2.55,0.5,1094.45,3.43%,408.3,59.49,8.27,2025-06
105,2025-06-11 08:15:00,2025-06-11 08:15:00,LONG,2503.96,2779.68,2780.24,11.011,358.91,2.63,0.56,1453.36,33.03%,767.21,111.8,0.0,2025-06
106,2025-06-11 12:00:00,2025-06-11 12:00:00,SHORT,2779.68,2779.08,2778.52,0.022,-2.54,3.49,0.56,1450.82,0.07%,764.67,111.43,0.17,2025-06
107,2025-06-11 12:15:00,2025-06-11 12:15:00,LONG,2779.08,2772.46,2773.01,-0.238,-13.85,3.48,0.55,1436.97,-0.71%,750.82,109.41,1.13,2025-06
108,2025-06-11 12:30:00,2025-06-11 12:30:00,SHORT,2772.46,2783.26,2782.71,-0.39,-20.25,3.45,0.56,1416.72,-1.17%,730.57,106.46,2.52,2025-06
109,2025-06-11 18:00:00,2025-06-11 18:00:00,LONG,2783.26,2810.3,2810.86,0.971,37.88,3.4,0.56,1454.6,2.91%,768.45,111.98,0.0,2025-06
110,2025-06-11 20:15:00,2025-06-11 20:15:00,SHORT,2810.3,2820.66,2820.1,-0.369,-19.58,3.49,0.56,1435.02,-1.11%,748.87,109.13,1.35,2025-06
111,2025-06-11 21:30:00,2025-06-11 21:30:00,LONG,2820.66,2808.48,2809.04,-0.432,-22.04,3.44,0.56,1412.99,-1.3%,726.83,105.92,2.86,2025-06
112,2025-06-12 14:00:00,2025-06-12 14:00:00,SHORT,2808.48,2761.42,2760.87,1.676,67.63,3.39,0.55,1480.62,5.03%,794.46,115.77,0.0,2025-06
113,2025-06-12 15:15:00,2025-06-12 15:15:00,LONG,2761.42,2757.88,2758.43,-0.128,-9.26,3.55,0.55,1471.36,-0.39%,785.2,114.42,0.63,2025-06
114,2025-06-12 17:15:00,2025-06-12 17:15:00,SHORT,2757.88,2760.69,2760.13,-0.102,-8.03,3.53,0.55,1463.33,-0.31%,777.17,113.25,1.17,2025-06
115,2025-06-12 18:00:00,2025-06-12 18:00:00,LONG,2760.69,2753.39,2753.94,-0.264,-15.11,3.51,0.55,1448.22,-0.79%,762.06,111.05,2.19,2025-06
116,2025-06-13 12:00:00,2025-06-13 12:00:00,SHORT,2753.39,2555.4,2554.88,7.191,308.95,3.48,0.51,1757.17,21.57%,1071.01,156.07,0.0,2025-06
117,2025-06-13 13:45:00,2025-06-13 13:45:00,LONG,2555.4,2548.41,2548.92,-0.273,-18.62,4.22,0.51,1738.55,-0.82%,1052.39,153.36,1.06,2025-06
118,2025-06-13 16:00:00,2025-06-13 16:00:00,SHORT,2548.41,2564.96,2564.44,-0.649,-38.03,4.17,0.51,1700.52,-1.95%,1014.36,147.82,3.22,2025-06
119,2025-06-13 17:45:00,2025-06-13 17:45:00,LONG,2564.96,2524.0,2524.5,-1.597,-85.55,4.08,0.5,1614.97,-4.79%,928.81,135.35,8.09,2025-06
120,2025-06-13 20:30:00,2025-06-13 20:30:00,SHORT,2524.0,2547.7,2547.2,-0.939,-49.39,3.88,0.51,1565.59,-2.82%,879.42,128.15,10.9,2025-06
121,2025-06-14 03:30:00,2025-06-14 03:30:00,LONG,2547.7,2551.98,2552.5,0.168,4.13,3.76,0.51,1569.72,0.5%,883.55,128.76,10.67,2025-06
122,2025-06-14 13:00:00,2025-06-14 13:00:00,SHORT,2551.98,2543.65,2543.14,0.327,11.62,3.77,0.51,1581.34,0.98%,895.17,130.45,10.01,2025-06
123,2025-06-14 13:30:00,2025-06-14 13:30:00,LONG,2543.65,2531.26,2531.77,-0.487,-26.89,3.8,0.51,1554.45,-1.46%,868.28,126.53,11.54,2025-06
124,2025-06-14 21:45:00,2025-06-14 21:45:00,SHORT,2531.26,2529.1,2528.59,0.086,0.26,3.73,0.51,1554.7,0.26%,868.54,126.57,11.52,2025-06
125,2025-06-14 22:30:00,2025-06-14 22:30:00,LONG,2529.1,2521.09,2521.59,-0.317,-18.5,3.73,0.5,1536.21,-0.95%,850.04,123.87,12.57,2025-06
126,2025-06-14 23:30:00,2025-06-14 23:30:00,SHORT,2521.09,2536.29,2535.78,-0.603,-31.47,3.69,0.51,1504.74,-1.81%,818.57,119.29,14.37,2025-06
127,2025-06-15 07:00:00,2025-06-15 07:00:00,LONG,2536.29,2529.47,2529.98,-0.269,-15.75,3.61,0.51,1488.99,-0.81%,802.82,116.99,15.26,2025-06
128,2025-06-15 12:45:00,2025-06-15 12:45:00,SHORT,2529.47,2526.04,2525.53,0.136,2.49,3.57,0.51,1491.48,0.41%,805.31,117.35,15.12,2025-06
129,2025-06-15 19:30:00,2025-06-15 19:30:00,LONG,2526.04,2541.81,2542.32,0.624,24.36,3.58,0.51,1515.83,1.87%,829.67,120.9,13.73,2025-06
130,2025-06-15 22:00:00,2025-06-15 22:00:00,SHORT,2541.81,2525.35,2524.85,0.647,25.8,3.64,0.5,1541.63,1.94%,855.47,124.66,12.27,2025-06
131,2025-06-16 01:00:00,2025-06-16 01:00:00,LONG,2525.35,2537.68,2538.19,0.488,18.88,3.7,0.51,1560.51,1.46%,874.35,127.41,11.19,2025-06
132,2025-06-16 01:30:00,2025-06-16 01:30:00,SHORT,2537.68,2532.84,2532.34,0.191,5.19,3.75,0.51,1565.7,0.57%,879.54,128.17,10.9,2025-06
133,2025-06-16 22:30:00,2025-06-16 22:30:00,LONG,2532.84,2648.82,2649.35,4.579,211.32,3.76,0.53,1777.02,13.74%,1090.86,158.97,0.0,2025-06
134,2025-06-17 02:45:00,2025-06-17 02:45:00,SHORT,2648.82,2583.26,2582.74,2.475,127.68,4.26,0.52,1904.7,7.43%,1218.54,177.57,0.0,2025-06
135,2025-06-17 04:15:00,2025-06-17 04:15:00,LONG,2583.26,2597.44,2597.96,0.549,26.81,4.57,0.52,1931.51,1.65%,1245.35,181.48,0.0,2025-06
136,2025-06-17 19:15:00,2025-06-17 19:15:00,SHORT,2597.44,2526.99,2526.48,2.713,152.54,4.64,0.51,2084.05,8.14%,1397.89,203.71,0.0,2025-06
137,2025-06-17 20:15:00,2025-06-17 20:15:00,LONG,2526.99,2511.03,2511.53,-0.632,-44.49,5.0,0.5,2039.56,-1.89%,1353.4,197.23,2.13,2025-06
138,2025-06-18 00:30:00,2025-06-18 00:30:00,SHORT,2511.03,2516.82,2516.32,-0.231,-19.01,4.89,0.5,2020.55,-0.69%,1334.39,194.45,3.05,2025-06
139,2025-06-18 06:45:00,2025-06-18 06:45:00,LONG,2516.82,2521.76,2522.26,0.196,7.04,4.85,0.5,2027.59,0.59%,1341.43,195.48,2.71,2025-06
140,2025-06-18 07:30:00,2025-06-18 07:30:00,SHORT,2521.76,2532.66,2532.15,-0.432,-31.16,4.87,0.51,1996.43,-1.3%,1310.27,190.94,4.2,2025-06
141,2025-06-18 09:30:00,2025-06-18 09:30:00,LONG,2532.66,2528.47,2528.98,-0.165,-14.7,4.79,0.51,1981.73,-0.5%,1295.57,188.8,4.91,2025-06
142,2025-06-18 14:00:00,2025-06-18 14:00:00,SHORT,2528.47,2516.68,2516.18,0.466,22.95,4.76,0.5,2004.68,1.4%,1318.52,192.14,3.81,2025-06
143,2025-06-18 14:45:00,2025-06-18 14:45:00,LONG,2516.68,2510.17,2510.68,-0.259,-20.37,4.81,0.5,1984.31,-0.78%,1298.15,189.17,4.79,2025-06
144,2025-06-18 20:30:00,2025-06-18 20:30:00,SHORT,2510.17,2515.59,2515.09,-0.216,-17.61,4.76,0.5,1966.71,-0.65%,1280.54,186.61,5.63,2025-06
145,2025-06-19 01:00:00,2025-06-19 01:00:00,LONG,2515.59,2518.37,2518.88,0.111,1.81,4.72,0.5,1968.51,0.33%,1282.35,186.87,5.54,2025-06
146,2025-06-19 02:30:00,2025-06-19 02:30:00,SHORT,2518.37,2521.26,2520.76,-0.115,-11.5,4.72,0.5,1957.01,-0.34%,1270.85,185.2,6.1,2025-06
147,2025-06-19 02:45:00,2025-06-19 02:45:00,LONG,2521.26,2517.94,2518.45,-0.132,-12.43,4.7,0.5,1944.58,-0.4%,1258.42,183.38,6.69,2025-06
148,2025-06-19 04:45:00,2025-06-19 04:45:00,SHORT,2517.94,2524.85,2524.35,-0.275,-20.68,4.67,0.5,1923.9,-0.82%,1237.74,180.37,7.68,2025-06
149,2025-06-19 07:45:00,2025-06-19 07:45:00,LONG,2524.85,2518.22,2518.72,-0.263,-19.79,4.62,0.5,1904.1,-0.79%,1217.95,177.48,8.63,2025-06
150,2025-06-19 08:00:00,2025-06-19 08:00:00,SHORT,2518.22,2523.48,2522.98,-0.209,-16.51,4.57,0.5,1887.59,-0.63%,1201.44,175.08,9.43,2025-06
151,2025-06-19 12:30:00,2025-06-19 12:30:00,LONG,2523.48,2528.19,2528.69,0.187,6.03,4.53,0.51,1893.63,0.56%,1207.47,175.96,9.14,2025-06
152,2025-06-19 17:30:00,2025-06-19 17:30:00,SHORT,2528.19,2503.0,2502.5,0.996,52.06,4.54,0.5,1945.68,2.99%,1259.53,183.54,6.64,2025-06
153,2025-06-19 19:00:00,2025-06-19 19:00:00,LONG,2503.0,2497.53,2498.03,-0.218,-17.42,4.67,0.5,1928.26,-0.66%,1242.11,181.01,7.48,2025-06
154,2025-06-19 20:00:00,2025-06-19 20:00:00,SHORT,2497.53,2510.5,2509.99,-0.519,-34.66,4.63,0.5,1893.6,-1.56%,1207.45,175.95,9.14,2025-06
155,2025-06-19 20:30:00,2025-06-19 20:30:00,LONG,2510.5,2504.53,2505.03,-0.238,-18.04,4.54,0.5,1875.56,-0.71%,1189.41,173.33,10.0,2025-06
156,2025-06-19 22:00:00,2025-06-19 22:00:00,SHORT,2504.53,2516.28,2515.78,-0.469,-30.89,4.5,0.5,1844.67,-1.41%,1158.52,168.82,11.49,2025-06
157,2025-06-20 02:30:00,2025-06-20 02:30:00,LONG,2516.28,2517.33,2517.83,0.042,-2.12,4.43,0.5,1842.54,0.12%,1156.4,168.51,11.59,2025-06
158,2025-06-20 03:15:00,2025-06-20 03:15:00,SHORT,2517.33,2520.51,2520.01,-0.127,-11.42,4.42,0.5,1831.12,-0.38%,1144.98,166.85,12.14,2025-06
159,2025-06-20 04:15:00,2025-06-20 04:15:00,LONG,2520.51,2514.94,2515.44,-0.221,-16.54,4.39,0.5,1814.59,-0.66%,1128.44,164.44,12.93,2025-06
160,2025-06-20 06:00:00,2025-06-20 06:00:00,SHORT,2514.94,2520.64,2520.13,-0.226,-16.68,4.36,0.5,1797.9,-0.68%,1111.76,162.01,13.73,2025-06
161,2025-06-20 13:45:00,2025-06-20 13:45:00,LONG,2520.64,2542.39,2542.9,0.863,42.24,4.31,0.51,1840.14,2.59%,1154.0,168.16,11.7,2025-06
162,2025-06-21 08:45:00,2025-06-21 08:45:00,SHORT,2542.39,2432.44,2431.95,4.325,234.33,4.42,0.49,2074.47,12.97%,1388.33,202.31,0.46,2025-06
163,2025-06-21 13:30:00,2025-06-21 13:30:00,LONG,2432.44,2437.77,2438.25,0.219,8.65,4.98,0.49,2083.12,0.66%,1396.98,203.57,0.04,2025-06
164,2025-06-22 22:00:00,2025-06-22 22:00:00,SHORT,2437.77,2194.3,2193.86,9.987,619.14,5.0,0.44,2702.26,29.96%,2016.12,293.8,0.0,2025-06
165,2025-06-23 10:30:00,2025-06-23 10:30:00,LONG,2194.3,2238.55,2239.0,2.016,156.98,6.49,0.45,2859.24,6.05%,2173.1,316.68,0.0,2025-06
166,2025-06-23 10:45:00,2025-06-23 10:45:00,SHORT,2238.55,2245.77,2245.32,-0.323,-34.54,6.86,0.45,2824.7,-0.97%,2138.56,311.64,1.21,2025-06
167,2025-06-23 16:00:00,2025-06-23 16:00:00,LONG,2245.77,2234.99,2235.43,-0.48,-47.47,6.78,0.45,2777.22,-1.44%,2091.09,304.72,2.87,2025-06
168,2025-06-23 17:15:00,2025-06-23 17:15:00,SHORT,2234.99,2268.5,2268.04,-1.499,-131.58,6.67,0.45,2645.64,-4.5%,1959.51,285.55,7.47,2025-06
169,2025-06-24 23:00:00,2025-06-24 23:00:00,LONG,2268.5,2435.51,2435.99,7.362,577.98,6.35,0.49,3223.62,22.09%,2537.49,369.78,0.0,2025-06
170,2025-06-24 23:30:00,2025-06-24 23:30:00,SHORT,2435.51,2442.8,2442.32,-0.3,-36.72,7.74,0.49,3186.89,-0.9%,2500.77,364.43,1.14,2025-06
171,2025-06-25 04:00:00,2025-06-25 04:00:00,LONG,2442.8,2437.07,2437.56,-0.235,-30.09,7.65,0.49,3156.8,-0.7%,2470.68,360.04,2.07,2025-06
172,2025-06-25 06:15:00,2025-06-25 06:15:00,SHORT,2437.07,2443.19,2442.7,-0.251,-31.35,7.58,0.49,3125.46,-0.75%,2439.33,355.47,3.05,2025-06
173,2025-06-25 08:15:00,2025-06-25 08:15:00,LONG,2443.19,2436.3,2436.79,-0.282,-33.92,7.5,0.49,3091.54,-0.85%,2405.41,350.53,4.1,2025-06
174,2025-06-25 09:00:00,2025-06-25 09:00:00,SHORT,2436.3,2447.06,2446.57,-0.441,-48.35,7.42,0.49,3043.19,-1.32%,2357.06,343.48,5.6,2025-06
175,2025-06-25 09:30:00,2025-06-25 09:30:00,LONG,2447.06,2432.96,2433.45,-0.576,-59.89,7.3,0.49,2983.3,-1.73%,2297.17,334.76,7.45,2025-06
176,2025-06-25 13:00:00,2025-06-25 13:00:00,SHORT,2432.96,2435.54,2435.05,-0.106,-16.64,7.16,0.49,2966.66,-0.32%,2280.53,332.33,7.97,2025-06
177,2025-06-25 14:15:00,2025-06-25 14:15:00,LONG,2435.54,2417.62,2418.11,-0.736,-72.58,7.12,0.48,2894.08,-2.21%,2207.95,321.75,10.22,2025-06
178,2025-06-25 19:00:00,2025-06-25 19:00:00,SHORT,2417.62,2425.65,2425.17,-0.332,-35.78,6.95,0.49,2858.29,-1.0%,2172.17,316.54,11.33,2025-06
179,2025-06-25 22:00:00,2025-06-25 22:00:00,LONG,2425.65,2420.14,2420.63,-0.227,-26.35,6.86,0.48,2831.95,-0.68%,2145.82,312.7,12.15,2025-06
180,2025-06-26 00:30:00,2025-06-26 00:30:00,SHORT,2420.14,2425.9,2425.42,-0.238,-27.02,6.8,0.49,2804.93,-0.71%,2118.8,308.76,12.99,2025-06
181,2025-06-26 09:45:00,2025-06-26 09:45:00,LONG,2425.9,2462.12,2462.61,1.493,118.89,6.73,0.49,2923.82,4.48%,2237.69,326.09,9.3,2025-06
182,2025-06-26 20:30:00,2025-06-26 20:30:00,SHORT,2462.12,2450.83,2450.34,0.458,33.19,7.02,0.49,2957.01,1.38%,2270.88,330.93,8.27,2025-06
183,2025-06-26 21:00:00,2025-06-26 21:00:00,LONG,2450.83,2436.29,2436.78,-0.593,-59.73,7.1,0.49,2897.28,-1.78%,2211.15,322.22,10.12,2025-06
184,2025-06-27 02:45:00,2025-06-27 02:45:00,SHORT,2436.29,2440.35,2439.87,-0.167,-21.45,6.95,0.49,2875.83,-0.5%,2189.7,319.1,10.79,2025-06
185,2025-06-27 12:30:00,2025-06-27 12:30:00,LONG,2440.35,2447.06,2447.55,0.275,16.82,6.9,0.49,2892.65,0.82%,2206.52,321.55,10.27,2025-06
186,2025-06-27 15:30:00,2025-06-27 15:30:00,SHORT,2447.06,2437.93,2437.44,0.373,25.47,6.94,0.49,2918.11,1.12%,2231.99,325.26,9.48,2025-06
187,2025-06-27 17:00:00,2025-06-27 17:00:00,LONG,2437.93,2426.86,2427.35,-0.454,-46.73,7.0,0.49,2871.38,-1.36%,2185.26,318.45,10.93,2025-06
188,2025-06-27 21:15:00,2025-06-27 21:15:00,SHORT,2426.86,2427.52,2427.03,-0.027,-9.22,6.89,0.49,2862.17,-0.08%,2176.04,317.1,11.21,2025-06
189,2025-06-27 21:30:00,2025-06-27 21:30:00,LONG,2427.52,2422.1,2422.59,-0.223,-26.02,6.87,0.48,2836.15,-0.67%,2150.02,313.31,12.02,2025-06
190,2025-06-28 02:15:00,2025-06-28 02:15:00,SHORT,2422.1,2420.4,2419.91,0.07,-0.81,6.81,0.48,2835.33,0.21%,2149.21,313.19,12.05,2025-06
191,2025-06-28 05:30:00,2025-06-28 05:30:00,LONG,2420.4,2420.55,2421.03,0.006,-6.27,6.8,0.48,2829.06,0.02%,2142.94,312.28,12.24,2025-06
192,2025-06-28 06:00:00,2025-06-28 06:00:00,SHORT,2420.55,2426.87,2426.38,-0.261,-28.94,6.79,0.49,2800.11,-0.78%,2114.0,308.06,13.14,2025-06
193,2025-06-28 08:00:00,2025-06-28 08:00:00,LONG,2426.87,2428.15,2428.64,0.053,-2.27,6.72,0.49,2797.85,0.16%,2111.73,307.73,13.21,2025-06
194,2025-06-28 09:30:00,2025-06-28 09:30:00,SHORT,2428.15,2427.46,2426.98,0.028,-4.33,6.71,0.49,2793.52,0.09%,2107.4,307.1,13.34,2025-06
195,2025-06-28 12:15:00,2025-06-28 12:15:00,LONG,2427.46,2424.19,2424.68,-0.135,-17.99,6.7,0.48,2775.53,-0.4%,2089.41,304.48,13.9,2025-06
196,2025-06-28 12:30:00,2025-06-28 12:30:00,SHORT,2424.19,2426.51,2426.02,-0.095,-14.61,6.66,0.49,2760.92,-0.29%,2074.8,302.35,14.35,2025-06
197,2025-06-28 13:15:00,2025-06-28 13:15:00,LONG,2426.51,2424.29,2424.78,-0.091,-14.19,6.63,0.48,2746.73,-0.27%,2060.61,300.28,14.79,2025-06
198,2025-06-28 14:00:00,2025-06-28 14:00:00,SHORT,2424.29,2425.87,2425.38,-0.065,-11.95,6.59,0.49,2734.77,-0.2%,2048.66,298.54,15.16,2025-06
199,2025-06-28 20:45:00,2025-06-28 20:45:00,LONG,2425.87,2429.63,2430.12,0.155,6.16,6.56,0.49,2740.93,0.47%,2054.82,299.44,14.97,2025-06
200,2025-06-28 21:30:00,2025-06-28 21:30:00,SHORT,2429.63,2434.99,2434.51,-0.221,-24.73,6.58,0.49,2716.2,-0.66%,2030.09,295.83,15.74,2025-06
201,2025-06-29 01:30:00,2025-06-29 01:30:00,LONG,2434.99,2429.54,2430.03,-0.224,-24.77,6.52,0.49,2691.43,-0.67%,2005.32,292.22,16.51,2025-06
202,2025-06-29 05:45:00,2025-06-29 05:45:00,SHORT,2429.54,2433.55,2433.07,-0.165,-19.79,6.46,0.49,2671.64,-0.5%,1985.53,289.34,17.12,2025-06
203,2025-06-29 14:30:00,2025-06-29 14:30:00,LONG,2433.55,2442.1,2442.59,0.351,21.76,6.41,0.49,2693.4,1.05%,2007.29,292.51,16.45,2025-06
204,2025-06-29 22:00:00,2025-06-29 22:00:00,SHORT,2442.1,2439.59,2439.1,0.103,1.87,6.46,0.49,2695.27,0.31%,2009.16,292.78,16.39,2025-06
205,2025-06-30 06:30:00,2025-06-30 06:30:00,LONG,2439.59,2494.2,2494.7,2.239,174.55,6.47,0.5,2869.82,6.72%,2183.71,318.22,10.98,2025-06
206,2025-06-30 13:15:00,2025-06-30 13:15:00,SHORT,2494.2,2468.99,2468.5,1.011,80.13,6.89,0.49,2949.96,3.03%,2263.84,329.9,8.49,2025-06
207,2025-06-30 13:30:00,2025-06-30 13:30:00,LONG,2468.99,2467.51,2468.0,-0.06,-12.41,7.08,0.49,2937.54,-0.18%,2251.43,328.09,8.87,2025-06
208,2025-06-30 15:45:00,2025-06-30 15:45:00,SHORT,2467.51,2476.81,2476.31,-0.377,-40.28,7.05,0.5,2897.27,-1.13%,2211.15,322.22,10.12,2025-06
209,2025-06-30 16:15:00,2025-06-30 16:15:00,LONG,2476.81,2463.98,2464.48,-0.518,-51.96,6.95,0.49,2845.31,-1.55%,2159.19,314.65,11.74,2025-06
210,2025-06-30 17:30:00,2025-06-30 17:30:00,SHORT,2463.98,2490.11,2489.61,-1.06,-97.33,6.83,0.5,2747.98,-3.18%,2061.86,300.46,14.75,2025-06
211,2025-06-30 23:45:00,2025-06-30 23:45:00,LONG,2490.11,2485.51,2486.01,-0.184,-21.8,6.6,0.5,2726.18,-0.55%,2040.06,297.29,15.43,2025-06
212,2025-07-01 00:00:00,2025-07-01 00:00:00,SHORT,2485.51,2490.26,2489.76,-0.191,-22.16,6.54,0.5,2704.02,-0.57%,2017.9,294.06,16.12,2025-07
213,2025-07-01 00:15:00,2025-07-01 00:15:00,LONG,2490.26,2487.81,2488.3,-0.099,-14.48,6.49,0.5,2689.54,-0.3%,2003.42,291.95,16.57,2025-07
214,2025-07-01 01:30:00,2025-07-01 01:30:00,SHORT,2487.81,2500.4,2499.9,-0.506,-47.3,6.45,0.5,2642.24,-1.52%,1956.12,285.05,18.04,2025-07
215,2025-07-01 02:30:00,2025-07-01 02:30:00,LONG,2500.4,2488.67,2489.17,-0.469,-43.53,6.34,0.5,2598.7,-1.41%,1912.59,278.71,19.39,2025-07
216,2025-07-02 03:00:00,2025-07-02 03:00:00,SHORT,2488.67,2423.3,2422.81,2.627,198.55,6.24,0.48,2797.26,7.88%,2111.14,307.65,13.23,2025-07
217,2025-07-02 12:30:00,2025-07-02 12:30:00,LONG,2423.3,2437.76,2438.25,0.597,43.38,6.71,0.49,2840.64,1.79%,2154.52,313.97,11.88,2025-07
218,2025-07-02 13:00:00,2025-07-02 13:00:00,SHORT,2437.76,2444.17,2443.69,-0.263,-29.23,6.82,0.49,2811.41,-0.79%,2125.29,309.71,12.79,2025-07
219,2025-07-03 15:00:00,2025-07-03 15:00:00,LONG,2444.17,2580.67,2581.19,5.585,464.27,6.75,0.52,3275.68,16.75%,2589.56,377.37,0.0,2025-07
220,2025-07-03 18:15:00,2025-07-03 18:15:00,SHORT,2580.67,2584.14,2583.63,-0.135,-21.08,7.86,0.52,3254.59,-0.4%,2568.48,374.29,0.64,2025-07
221,2025-07-03 23:15:00,2025-07-03 23:15:00,LONG,2584.14,2587.75,2588.27,0.139,5.81,7.81,0.52,3260.4,0.42%,2574.29,375.14,0.47,2025-07
222,2025-07-04 00:30:00,2025-07-04 00:30:00,SHORT,2587.75,2594.92,2594.4,-0.277,-34.92,7.82,0.52,3225.48,-0.83%,2539.37,370.05,1.53,2025-07
223,2025-07-04 00:45:00,2025-07-04 00:45:00,LONG,2594.92,2591.46,2591.98,-0.133,-20.64,7.74,0.52,3204.84,-0.4%,2518.73,367.04,2.16,2025-07
224,2025-07-04 01:00:00,2025-07-04 01:00:00,SHORT,2591.46,2594.98,2594.46,-0.136,-20.74,7.69,0.52,3184.1,-0.41%,2497.99,364.02,2.8,2025-07
225,2025-07-04 01:30:00,2025-07-04 01:30:00,LONG,2594.98,2588.28,2588.8,-0.258,-32.27,7.64,0.52,3151.83,-0.77%,2465.72,359.32,3.78,2025-07
226,2025-07-04 22:15:00,2025-07-04 22:15:00,SHORT,2588.28,2508.42,2507.92,3.086,284.2,7.56,0.5,3436.03,9.26%,2749.92,400.73,0.0,2025-07
227,2025-07-04 23:30:00,2025-07-04 23:30:00,LONG,2508.42,2505.47,2505.97,-0.118,-20.38,8.25,0.5,3415.65,-0.35%,2729.54,397.76,0.59,2025-07
228,2025-07-05 00:00:00,2025-07-05 00:00:00,SHORT,2505.47,2513.09,2512.59,-0.304,-39.38,8.2,0.5,3376.27,-0.91%,2690.16,392.02,1.74,2025-07
229,2025-07-05 01:00:00,2025-07-05 01:00:00,LONG,2513.09,2512.41,2512.91,-0.027,-10.83,8.1,0.5,3365.44,-0.08%,2679.33,390.45,2.05,2025-07
230,2025-07-05 01:30:00,2025-07-05 01:30:00,SHORT,2512.41,2514.06,2513.56,-0.066,-14.7,8.08,0.5,3350.74,-0.2%,2664.63,388.3,2.48,2025-07
231,2025-07-05 02:15:00,2025-07-05 02:15:00,LONG,2514.06,2507.07,2507.57,-0.278,-35.99,8.04,0.5,3314.75,-0.83%,2628.64,383.06,3.53,2025-07
232,2025-07-05 02:30:00,2025-07-05 02:30:00,SHORT,2507.07,2512.17,2511.67,-0.204,-28.2,7.96,0.5,3286.55,-0.61%,2600.44,378.95,4.35,2025-07
233,2025-07-05 08:30:00,2025-07-05 08:30:00,LONG,2512.17,2516.28,2516.78,0.164,8.24,7.89,0.5,3294.79,0.49%,2608.68,380.15,4.11,2025-07
234,2025-07-05 09:45:00,2025-07-05 09:45:00,SHORT,2516.28,2518.41,2517.91,-0.085,-16.28,7.91,0.5,3278.51,-0.25%,2592.4,377.78,4.58,2025-07
235,2025-07-05 12:00:00,2025-07-05 12:00:00,LONG,2518.41,2514.32,2514.83,-0.162,-23.84,7.87,0.5,3254.68,-0.49%,2568.56,374.3,5.28,2025-07
236,2025-07-05 13:15:00,2025-07-05 13:15:00,SHORT,2514.32,2522.07,2521.56,-0.308,-37.88,7.81,0.5,3216.8,-0.92%,2530.68,368.78,6.38,2025-07
237,2025-07-05 13:30:00,2025-07-05 13:30:00,LONG,2522.07,2516.13,2516.63,-0.235,-30.44,7.72,0.5,3186.35,-0.71%,2500.24,364.35,7.27,2025-07
238,2025-07-05 21:15:00,2025-07-05 21:15:00,SHORT,2516.13,2512.11,2511.61,0.16,7.61,7.65,0.5,3193.96,0.48%,2507.85,365.46,7.05,2025-07
239,2025-07-06 03:15:00,2025-07-06 03:15:00,LONG,2512.11,2510.96,2511.46,-0.046,-12.06,7.67,0.5,3181.9,-0.14%,2495.79,363.7,7.4,2025-07
240,2025-07-06 03:45:00,2025-07-06 03:45:00,SHORT,2510.96,2514.93,2514.43,-0.158,-22.75,7.64,0.5,3159.15,-0.47%,2473.04,360.38,8.06,2025-07
241,2025-07-06 04:15:00,2025-07-06 04:15:00,LONG,2514.93,2514.01,2514.52,-0.037,-11.05,7.58,0.5,3148.1,-0.11%,2461.99,358.77,8.38,2025-07
242,2025-07-06 06:00:00,2025-07-06 06:00:00,SHORT,2514.01,2513.05,2512.55,0.038,-3.94,7.56,0.5,3144.16,0.11%,2458.05,358.2,8.49,2025-07
243,2025-07-06 08:00:00,2025-07-06 08:00:00,LONG,2513.05,2514.65,2515.15,0.063,-1.56,7.55,0.5,3142.6,0.19%,2456.49,357.97,8.54,2025-07
244,2025-07-06 09:30:00,2025-07-06 09:30:00,SHORT,2514.65,2518.16,2517.65,-0.14,-20.71,7.54,0.5,3121.89,-0.42%,2435.78,354.95,9.14,2025-07
245,2025-07-06 09:45:00,2025-07-06 09:45:00,LONG,2518.16,2511.72,2512.22,-0.256,-31.44,7.49,0.5,3090.46,-0.77%,2404.34,350.37,10.06,2025-07
246,2025-07-06 11:45:00,2025-07-06 11:45:00,SHORT,2511.72,2516.1,2515.6,-0.174,-23.58,7.42,0.5,3066.88,-0.52%,2380.76,346.94,10.74,2025-07
247,2025-07-06 18:30:00,2025-07-06 18:30:00,LONG,2516.1,2530.99,2531.5,0.592,47.09,7.36,0.51,3113.96,1.78%,2427.85,353.8,9.37,2025-07
248,2025-07-06 19:00:00,2025-07-06 19:00:00,SHORT,2530.99,2538.38,2537.87,-0.292,-34.74,7.47,0.51,3079.22,-0.88%,2393.11,348.74,10.38,2025-07
249,2025-07-07 10:00:00,2025-07-07 10:00:00,LONG,2538.38,2566.31,2566.83,1.101,94.27,7.39,0.51,3173.49,3.3%,2487.38,362.47,7.64,2025-07
250,2025-07-07 13:45:00,2025-07-07 13:45:00,SHORT,2566.31,2564.81,2564.3,0.058,-2.05,7.62,0.51,3171.44,0.18%,2485.33,362.17,7.7,2025-07
251,2025-07-07 14:00:00,2025-07-07 14:00:00,LONG,2564.81,2554.6,2555.12,-0.398,-45.48,7.61,0.51,3125.96,-1.19%,2439.85,355.55,9.02,2025-07
252,2025-07-07 19:15:00,2025-07-07 19:15:00,SHORT,2554.6,2552.69,2552.18,0.075,-0.47,7.5,0.51,3125.5,0.23%,2439.38,355.48,9.04,2025-07
253,2025-07-07 20:00:00,2025-07-07 20:00:00,LONG,2552.69,2535.31,2535.82,-0.681,-71.32,7.5,0.51,3054.18,-2.04%,2368.06,345.09,11.11,2025-07
254,2025-07-08 00:00:00,2025-07-08 00:00:00,SHORT,2535.31,2546.2,2545.69,-0.429,-46.66,7.33,0.51,3007.52,-1.29%,2321.4,338.29,12.47,2025-07
255,2025-07-08 00:45:00,2025-07-08 00:45:00,LONG,2546.2,2547.31,2547.82,0.044,-3.29,7.22,0.51,3004.23,0.13%,2318.11,337.81,12.57,2025-07
256,2025-07-08 04:30:00,2025-07-08 04:30:00,SHORT,2547.31,2539.93,2539.43,0.289,18.88,7.21,0.51,3023.11,0.87%,2336.99,340.56,12.02,2025-07
257,2025-07-09 03:00:00,2025-07-09 03:00:00,LONG,2539.93,2597.79,2598.31,2.278,199.33,7.26,0.52,3222.44,6.83%,2536.32,369.61,6.22,2025-07
258,2025-07-09 04:30:00,2025-07-09 04:30:00,SHORT,2597.79,2599.96,2599.44,-0.084,-15.83,7.73,0.52,3206.61,-0.25%,2520.49,367.3,6.68,2025-07
259,2025-07-09 09:00:00,2025-07-09 09:00:00,LONG,2599.96,2606.9,2607.42,0.267,17.97,7.7,0.52,3224.58,0.8%,2538.46,369.92,6.15,2025-07
260,2025-07-09 09:15:00,2025-07-09 09:15:00,SHORT,2606.9,2612.8,2612.27,-0.226,-29.61,7.74,0.52,3194.97,-0.68%,2508.85,365.6,7.02,2025-07
261,2025-07-10 12:00:00,2025-07-10 12:00:00,LONG,2612.8,2773.43,2773.99,6.148,581.62,7.67,0.55,3776.59,18.44%,3090.47,450.36,0.0,2025-07
262,2025-07-10 12:15:00,2025-07-10 12:15:00,SHORT,2773.43,2774.62,2774.06,-0.043,-13.92,9.06,0.55,3762.67,-0.13%,3076.55,448.33,0.37,2025-07
263,2025-07-10 14:15:00,2025-07-10 14:15:00,LONG,2774.62,2772.25,2772.81,-0.085,-18.66,9.03,0.55,3744.01,-0.26%,3057.89,445.61,0.86,2025-07
264,2025-07-10 16:00:00,2025-07-10 16:00:00,SHORT,2772.25,2778.81,2778.25,-0.237,-35.56,8.99,0.56,3708.46,-0.71%,3022.33,440.43,1.8,2025-07
265,2025-07-11 15:00:00,2025-07-11 15:00:00,LONG,2778.81,2973.85,2974.44,7.019,771.96,8.9,0.59,4480.41,21.06%,3794.29,552.93,0.0,2025-07
266,2025-07-11 15:15:00,2025-07-11 15:15:00,SHORT,2973.85,2987.25,2986.66,-0.451,-71.36,10.75,0.6,4409.05,-1.35%,3722.93,542.53,1.59,2025-07
267,2025-07-11 15:45:00,2025-07-11 15:45:00,LONG,2987.25,2969.97,2970.56,-0.579,-87.12,10.58,0.59,4321.93,-1.74%,3635.81,529.84,3.54,2025-07
268,2025-07-11 17:15:00,2025-07-11 17:15:00,SHORT,2969.97,2998.5,2997.9,-0.961,-134.95,10.37,0.6,4186.98,-2.88%,3500.86,510.17,6.55,2025-07
269,2025-07-11 20:30:00,2025-07-11 20:30:00,LONG,2998.5,2986.91,2987.5,-0.387,-58.63,10.05,0.6,4128.35,-1.16%,3442.23,501.62,7.86,2025-07
270,2025-07-11 21:00:00,2025-07-11 21:00:00,SHORT,2986.91,2985.63,2985.03,0.043,-4.61,9.91,0.6,4123.74,0.13%,3437.62,500.95,7.96,2025-07
271,2025-07-11 21:30:00,2025-07-11 21:30:00,LONG,2985.63,2984.53,2985.13,-0.037,-14.46,9.9,0.6,4109.28,-0.11%,3423.16,498.85,8.28,2025-07
272,2025-07-12 07:00:00,2025-07-12 07:00:00,SHORT,2984.53,2966.68,2966.09,0.598,63.86,9.86,0.59,4173.14,1.79%,3487.02,508.15,6.86,2025-07
273,2025-07-12 12:00:00,2025-07-12 12:00:00,LONG,2966.68,2955.8,2956.39,-0.367,-55.93,10.02,0.59,4117.22,-1.1%,3431.09,500.0,8.11,2025-07
274,2025-07-12 23:45:00,2025-07-12 23:45:00,SHORT,2955.8,2940.2,2939.61,0.528,55.31,9.88,0.59,4172.53,1.58%,3486.4,508.06,6.87,2025-07
275,2025-07-13 02:15:00,2025-07-13 02:15:00,LONG,2940.2,2941.39,2941.98,0.041,-4.94,10.01,0.59,4167.59,0.12%,3481.46,507.34,6.98,2025-07
276,2025-07-13 02:30:00,2025-07-13 02:30:00,SHORT,2941.39,2946.58,2945.99,-0.177,-32.07,10.0,0.59,4135.52,-0.53%,3449.39,502.67,7.7,2025-07
277,2025-07-13 09:30:00,2025-07-13 09:30:00,LONG,2946.58,2947.83,2948.42,0.042,-4.67,9.93,0.59,4130.85,0.13%,3444.72,501.99,7.8,2025-07
278,2025-07-13 10:00:00,2025-07-13 10:00:00,SHORT,2947.83,2953.36,2952.77,-0.187,-33.15,9.91,0.59,4097.7,-0.56%,3411.57,497.16,8.54,2025-07
279,2025-07-13 10:30:00,2025-07-13 10:30:00,LONG,2953.36,2949.99,2950.58,-0.114,-23.85,9.83,0.59,4073.85,-0.34%,3387.72,493.68,9.07,2025-07
280,2025-07-13 11:00:00,2025-07-13 11:00:00,SHORT,2949.99,2952.96,2952.36,-0.1,-22.06,9.78,0.59,4051.8,-0.3%,3365.66,490.47,9.57,2025-07
281,2025-07-13 21:30:00,2025-07-13 21:30:00,LONG,2952.96,2977.09,2977.69,0.817,89.63,9.72,0.6,4141.43,2.45%,3455.29,503.53,7.57,2025-07
282,2025-07-14 00:15:00,2025-07-14 00:15:00,SHORT,2977.09,2985.03,2984.43,-0.267,-43.05,9.94,0.6,4098.38,-0.8%,3412.24,497.26,8.53,2025-07
283,2025-07-14 00:45:00,2025-07-14 00:45:00,LONG,2985.03,2976.63,2977.23,-0.281,-44.42,9.84,0.6,4053.96,-0.84%,3367.82,490.78,9.52,2025-07
284,2025-07-14 02:00:00,2025-07-14 02:00:00,SHORT,2976.63,2982.46,2981.87,-0.196,-33.56,9.73,0.6,4020.41,-0.59%,3334.26,485.89,10.27,2025-07
285,2025-07-14 14:30:00,2025-07-14 14:30:00,LONG,2982.46,3029.77,3030.38,1.586,181.66,9.65,0.61,4202.07,4.76%,3515.92,512.37,6.21,2025-07
286,2025-07-15 00:15:00,2025-07-15 00:15:00,SHORT,3029.77,3011.5,3010.89,0.603,65.94,10.08,0.6,4268.01,1.81%,3581.86,521.98,4.74,2025-07
287,2025-07-15 00:30:00,2025-07-15 00:30:00,LONG,3011.5,3011.33,3011.94,-0.005,-10.94,10.24,0.6,4257.07,-0.02%,3570.92,520.38,4.98,2025-07
288,2025-07-15 09:00:00,2025-07-15 09:00:00,SHORT,3011.33,2984.05,2983.45,0.906,105.51,10.22,0.6,4362.58,2.72%,3676.43,535.76,2.63,2025-07
289,2025-07-15 10:30:00,2025-07-15 10:30:00,LONG,2984.05,2969.51,2970.11,-0.487,-74.22,10.47,0.59,4288.36,-1.46%,3602.21,524.94,4.29,2025-07
290,2025-07-15 11:45:00,2025-07-15 11:45:00,SHORT,2969.51,2977.7,2977.1,-0.276,-45.76,10.29,0.6,4242.6,-0.83%,3556.45,518.27,5.31,2025-07
291,2025-07-15 14:45:00,2025-07-15 14:45:00,LONG,2977.7,2995.76,2996.35,0.606,66.99,10.18,0.6,4309.6,1.82%,3623.44,528.04,3.81,2025-07
292,2025-07-15 15:30:00,2025-07-15 15:30:00,SHORT,2995.76,3024.45,3023.84,-0.958,-134.18,10.34,0.6,4175.42,-2.87%,3489.26,508.48,6.81,2025-07
293,2025-07-17 03:15:00,2025-07-17 03:15:00,LONG,3024.45,3318.71,3319.38,9.73,1208.72,10.02,0.66,5384.14,29.19%,4697.98,684.63,0.0,2025-07
294,2025-07-17 05:15:00,2025-07-17 05:15:00,SHORT,3318.71,3351.88,3351.21,-0.999,-174.33,12.92,0.67,5209.81,-3.0%,4523.65,659.23,3.24,2025-07
295,2025-07-17 13:30:00,2025-07-17 13:30:00,LONG,3351.88,3408.87,3409.55,1.7,253.23,12.5,0.68,5463.04,5.1%,4776.88,696.13,0.0,2025-07
296,2025-07-17 15:15:00,2025-07-17 15:15:00,SHORT,3408.87,3417.62,3416.94,-0.257,-55.2,13.11,0.68,5407.84,-0.77%,4721.68,688.09,1.01,2025-07
297,2025-07-17 16:00:00,2025-07-17 16:00:00,LONG,3417.62,3403.97,3404.65,-0.399,-77.76,12.98,0.68,5330.09,-1.2%,4643.92,676.75,2.43,2025-07
298,2025-07-17 17:45:00,2025-07-17 17:45:00,SHORT,3403.97,3425.16,3424.48,-0.623,-112.34,12.79,0.68,5217.75,-1.87%,4531.58,660.38,4.49,2025-07
299,2025-07-17 19:45:00,2025-07-17 19:45:00,LONG,3425.16,3432.16,3432.85,0.204,19.46,12.52,0.69,5237.21,0.61%,4551.04,663.22,4.13,2025-07
300,2025-07-17 21:00:00,2025-07-17 21:00:00,SHORT,3432.16,3444.03,3443.34,-0.346,-66.89,12.57,0.69,5170.32,-1.04%,4484.15,653.47,5.36,2025-07
301,2025-07-18 14:15:00,2025-07-18 14:15:00,LONG,3444.03,3639.05,3639.78,5.663,865.9,12.41,0.73,6036.23,16.99%,5350.05,779.66,0.0,2025-07
302,2025-07-18 17:15:00,2025-07-18 17:15:00,SHORT,3639.05,3595.03,3594.31,1.21,204.58,14.49,0.72,6240.8,3.63%,5554.63,809.47,0.0,2025-07
303,2025-07-18 18:00:00,2025-07-18 18:00:00,LONG,3595.03,3580.83,3581.54,-0.395,-88.92,14.98,0.72,6151.88,-1.18%,5465.71,796.51,1.42,2025-07
304,2025-07-18 18:15:00,2025-07-18 18:15:00,SHORT,3580.83,3600.22,3599.5,-0.542,-114.7,14.76,0.72,6037.18,-1.62%,5351.01,779.8,3.26,2025-07
305,2025-07-18 18:45:00,2025-07-18 18:45:00,LONG,3600.22,3570.87,3571.59,-0.815,-162.12,14.49,0.71,5875.07,-2.45%,5188.89,756.17,5.86,2025-07
306,2025-07-18 22:15:00,2025-07-18 22:15:00,SHORT,3570.87,3559.99,3559.28,0.305,39.63,14.1,0.71,5914.69,0.91%,5228.52,761.95,5.23,2025-07
307,2025-07-18 22:45:00,2025-07-18 22:45:00,LONG,3559.99,3539.75,3540.46,-0.568,-115.05,14.2,0.71,5799.64,-1.71%,5113.47,745.18,7.07,2025-07
308,2025-07-19 02:30:00,2025-07-19 02:30:00,SHORT,3539.75,3564.71,3564.0,-0.705,-136.59,13.92,0.71,5663.05,-2.12%,4976.88,725.28,9.26,2025-07
309,2025-07-19 07:30:00,2025-07-19 07:30:00,LONG,3564.71,3567.15,3567.87,0.069,-1.95,13.59,0.71,5661.1,0.21%,4974.93,724.99,9.29,2025-07
310,2025-07-19 11:15:00,2025-07-19 11:15:00,SHORT,3567.15,3561.1,3560.38,0.17,15.25,13.59,0.71,5676.35,0.51%,4990.18,727.22,9.04,2025-07
311,2025-07-19 11:45:00,2025-07-19 11:45:00,LONG,3561.1,3549.95,3550.66,-0.313,-66.92,13.62,0.71,5609.43,-0.94%,4923.26,717.46,10.12,2025-07
312,2025-07-19 16:15:00,2025-07-19 16:15:00,SHORT,3549.95,3550.75,3550.04,-0.023,-17.26,13.46,0.71,5592.17,-0.07%,4906.0,714.95,10.39,2025-07
313,2025-07-19 17:00:00,2025-07-19 17:00:00,LONG,3550.75,3546.49,3547.2,-0.12,-33.54,13.42,0.71,5558.63,-0.36%,4872.46,710.06,10.93,2025-07
314,2025-07-19 19:15:00,2025-07-19 19:15:00,SHORT,3546.49,3560.8,3560.09,-0.403,-80.62,13.34,0.71,5478.01,-1.21%,4791.84,698.31,12.22,2025-07
315,2025-07-19 21:00:00,2025-07-19 21:00:00,LONG,3560.8,3553.04,3553.75,-0.218,-48.95,13.15,0.71,5429.06,-0.65%,4742.89,691.18,13.01,2025-07
316,2025-07-19 21:45:00,2025-07-19 21:45:00,SHORT,3553.04,3570.85,3570.13,-0.501,-94.64,13.03,0.71,5334.42,-1.5%,4648.25,677.39,14.52,2025-07
317,2025-07-20 22:00:00,2025-07-20 22:00:00,LONG,3570.85,3755.87,3756.62,5.182,816.42,12.8,0.75,6150.84,15.54%,5464.67,796.36,1.44,2025-07
318,2025-07-20 23:30:00,2025-07-20 23:30:00,SHORT,3755.87,3764.87,3764.11,-0.239,-58.95,14.76,0.75,6091.89,-0.72%,5405.72,787.77,2.39,2025-07
319,2025-07-21 00:00:00,2025-07-21 00:00:00,LONG,3764.87,3742.27,3743.02,-0.6,-124.31,14.62,0.75,5967.57,-1.8%,5281.41,769.65,4.38,2025-07
320,2025-07-21 00:45:00,2025-07-21 00:45:00,SHORT,3742.27,3747.73,3746.98,-0.146,-40.44,14.32,0.75,5927.13,-0.44%,5240.97,763.76,5.03,2025-07
321,2025-07-21 01:30:00,2025-07-21 01:30:00,LONG,3747.73,3711.34,3712.08,-0.971,-186.86,14.23,0.74,5740.27,-2.91%,5054.11,736.53,8.02,2025-07
322,2025-07-21 03:00:00,2025-07-21 03:00:00,SHORT,3711.34,3757.39,3756.64,-1.241,-227.45,13.78,0.75,5512.82,-3.72%,4826.66,703.38,11.66,2025-07
323,2025-07-21 09:30:00,2025-07-21 09:30:00,LONG,3757.39,3757.99,3758.75,0.016,-10.58,13.23,0.75,5502.24,0.05%,4816.08,701.84,11.83,2025-07
324,2025-07-21 10:30:00,2025-07-21 10:30:00,SHORT,3757.99,3785.2,3784.44,-0.724,-132.7,13.21,0.76,5369.54,-2.17%,4683.38,682.5,13.96,2025-07
325,2025-07-21 13:00:00,2025-07-21 13:00:00,LONG,3785.2,3797.24,3798.0,0.318,38.37,12.89,0.76,5407.91,0.95%,4721.75,688.1,13.35,2025-07
326,2025-07-21 13:30:00,2025-07-21 13:30:00,SHORT,3797.24,3805.36,3804.6,-0.214,-47.68,12.98,0.76,5360.23,-0.64%,4674.07,681.15,14.11,2025-07
327,2025-07-21 16:00:00,2025-07-21 16:00:00,LONG,3805.36,3792.44,3793.2,-0.34,-67.47,12.86,0.76,5292.76,-1.02%,4606.6,671.31,15.19,2025-07
328,2025-07-21 22:30:00,2025-07-21 22:30:00,SHORT,3792.44,3775.2,3774.44,0.455,59.49,12.7,0.75,5352.26,1.36%,4666.09,679.99,14.24,2025-07
329,2025-07-21 22:45:00,2025-07-21 22:45:00,LONG,3775.2,3767.56,3768.31,-0.202,-45.35,12.85,0.75,5306.91,-0.61%,4620.74,673.38,14.96,2025-07
330,2025-07-22 00:15:00,2025-07-22 00:15:00,SHORT,3767.56,3766.99,3766.24,0.015,-10.35,12.74,0.75,5296.56,0.04%,4610.39,671.87,15.13,2025-07
331,2025-07-22 00:30:00,2025-07-22 00:30:00,LONG,3766.99,3763.95,3764.71,-0.081,-25.53,12.71,0.75,5271.03,-0.24%,4584.86,668.15,15.54,2025-07
332,2025-07-22 01:45:00,2025-07-22 01:45:00,SHORT,3763.95,3789.31,3788.56,-0.674,-119.19,12.65,0.76,5151.84,-2.02%,4465.67,650.78,17.45,2025-07
333,2025-07-22 02:45:00,2025-07-22 02:45:00,LONG,3789.31,3745.0,3745.75,-1.169,-193.1,12.36,0.75,4958.74,-3.51%,4272.57,622.64,20.54,2025-07
334,2025-07-22 11:45:00,2025-07-22 11:45:00,SHORT,3745.0,3711.9,3711.16,0.884,119.59,11.9,0.74,5078.33,2.65%,4392.16,640.07,18.63,2025-07
335,2025-07-22 12:45:00,2025-07-22 12:45:00,LONG,3711.9,3692.13,3692.86,-0.533,-93.35,12.19,0.74,4984.98,-1.6%,4298.81,626.46,20.12,2025-07
336,2025-07-22 14:45:00,2025-07-22 14:45:00,SHORT,3692.13,3703.36,3702.61,-0.304,-57.45,11.96,0.74,4927.53,-0.91%,4241.36,618.09,21.04,2025-07
337,2025-07-22 17:00:00,2025-07-22 17:00:00,LONG,3703.36,3699.93,3700.67,-0.093,-25.51,11.83,0.74,4902.02,-0.28%,4215.85,614.37,21.45,2025-07
338,2025-07-22 18:45:00,2025-07-22 18:45:00,SHORT,3699.93,3710.66,3709.91,-0.29,-54.42,11.76,0.74,4847.6,-0.87%,4161.43,606.44,22.32,2025-07
339,2025-07-22 19:30:00,2025-07-22 19:30:00,LONG,3710.66,3690.56,3691.3,-0.542,-90.39,11.63,0.74,4757.21,-1.62%,4071.04,593.27,23.77,2025-07
340,2025-07-22 21:45:00,2025-07-22 21:45:00,SHORT,3690.56,3709.77,3709.02,-0.52,-85.68,11.42,0.74,4671.53,-1.56%,3985.36,580.78,25.15,2025-07
341,2025-07-23 05:00:00,2025-07-23 05:00:00,LONG,3709.77,3725.38,3726.12,0.421,47.76,11.21,0.75,4719.29,1.26%,4033.12,587.74,24.38,2025-07
342,2025-07-23 23:00:00,2025-07-23 23:00:00,SHORT,3725.38,3623.91,3623.19,2.724,374.28,11.33,0.72,5093.57,8.17%,4407.4,642.29,18.38,2025-07
343,2025-07-24 04:45:00,2025-07-24 04:45:00,LONG,3623.91,3604.69,3605.41,-0.53,-93.28,12.22,0.72,5000.28,-1.59%,4314.12,628.69,19.88,2025-07
344,2025-07-24 08:00:00,2025-07-24 08:00:00,SHORT,3604.69,3615.38,3614.66,-0.297,-56.49,12.0,0.72,4943.79,-0.89%,4257.63,620.46,20.78,2025-07
345,2025-07-24 10:15:00,2025-07-24 10:15:00,LONG,3615.38,3617.27,3617.99,0.052,-4.12,11.87,0.72,4939.67,0.16%,4253.51,619.86,20.85,2025-07
346,2025-07-24 11:00:00,2025-07-24 11:00:00,SHORT,3617.27,3640.68,3639.95,-0.647,-107.75,11.86,0.73,4831.92,-1.94%,4145.76,604.16,22.58,2025-07
347,2025-07-25 00:00:00,2025-07-25 00:00:00,LONG,3640.68,3692.81,3693.55,1.432,195.97,11.6,0.74,5027.89,4.3%,4341.73,632.71,19.44,2025-07
348,2025-07-25 08:15:00,2025-07-25 08:15:00,SHORT,3692.81,3667.8,3667.07,0.677,90.08,12.07,0.73,5117.97,2.03%,4431.81,645.84,17.99,2025-07
349,2025-07-25 08:30:00,2025-07-25 08:30:00,LONG,3667.8,3641.99,3642.72,-0.704,-120.31,12.28,0.73,4997.66,-2.11%,4311.5,628.31,19.92,2025-07
350,2025-07-25 08:45:00,2025-07-25 08:45:00,SHORT,3641.99,3667.71,3666.98,-0.706,-117.86,11.99,0.73,4879.8,-2.12%,4193.64,611.13,21.81,2025-07
351,2025-07-25 14:00:00,2025-07-25 14:00:00,LONG,3667.71,3685.72,3686.45,0.491,60.16,11.71,0.74,4939.96,1.47%,4253.8,619.9,20.84,2025-07
352,2025-07-25 20:15:00,2025-07-25 20:15:00,SHORT,3685.72,3655.18,3654.45,0.828,110.92,11.86,0.73,5050.88,2.49%,4364.72,636.07,19.07,2025-07
353,2025-07-26 12:00:00,2025-07-26 12:00:00,LONG,3655.18,3725.0,3725.74,1.91,277.3,12.12,0.75,5328.18,5.73%,4642.02,676.48,14.62,2025-07
354,2025-07-26 12:15:00,2025-07-26 12:15:00,SHORT,3725.0,3749.71,3748.96,-0.663,-118.84,12.79,0.75,5209.34,-1.99%,4523.18,659.16,16.53,2025-07
355,2025-07-26 14:15:00,2025-07-26 14:15:00,LONG,3749.71,3730.47,3731.21,-0.513,-92.72,12.5,0.75,5116.63,-1.54%,4430.46,645.65,18.01,2025-07
356,2025-07-26 18:30:00,2025-07-26 18:30:00,SHORT,3730.47,3740.38,3739.64,-0.266,-53.09,12.28,0.75,5063.54,-0.8%,4377.37,637.91,18.86,2025-07
357,2025-07-27 00:00:00,2025-07-27 00:00:00,LONG,3740.38,3733.8,3734.55,-0.176,-38.88,12.15,0.75,5024.66,-0.53%,4338.49,632.24,19.49,2025-07
358,2025-07-27 00:15:00,2025-07-27 00:15:00,SHORT,3733.8,3744.35,3743.6,-0.282,-54.62,12.06,0.75,4970.04,-0.85%,4283.87,624.28,20.36,2025-07
359,2025-07-27 09:45:00,2025-07-27 09:45:00,LONG,3744.35,3760.79,3761.54,0.439,53.55,11.93,0.75,5023.59,1.32%,4337.42,632.09,19.5,2025-07
360,2025-07-27 10:00:00,2025-07-27 10:00:00,SHORT,3760.79,3770.39,3769.64,-0.255,-50.55,12.06,0.75,4973.03,-0.77%,4286.87,624.72,20.31,2025-07
361,2025-07-28 09:30:00,2025-07-28 09:30:00,LONG,3770.39,3871.66,3872.43,2.686,388.74,11.94,0.77,5361.78,8.06%,4675.61,681.37,14.09,2025-07
362,2025-07-28 09:45:00,2025-07-28 09:45:00,SHORT,3871.66,3888.2,3887.43,-0.427,-81.62,12.87,0.78,5280.16,-1.28%,4593.99,669.48,15.39,2025-07
363,2025-07-28 11:00:00,2025-07-28 11:00:00,LONG,3888.2,3876.65,3877.42,-0.297,-59.75,12.67,0.78,5220.4,-0.89%,4534.24,660.77,16.35,2025-07
364,2025-07-29 05:30:00,2025-07-29 05:30:00,SHORT,3876.65,3801.71,3800.95,1.933,290.21,12.53,0.76,5510.61,5.8%,4824.45,703.06,11.7,2025-07
365,2025-07-29 11:30:00,2025-07-29 11:30:00,LONG,3801.71,3818.54,3819.3,0.443,59.96,13.23,0.76,5570.57,1.33%,4884.41,711.8,10.74,2025-07
366,2025-07-29 12:15:00,2025-07-29 12:15:00,SHORT,3818.54,3838.09,3837.32,-0.512,-98.92,13.37,0.77,5471.65,-1.54%,4785.49,697.38,12.32,2025-07
367,2025-07-29 14:00:00,2025-07-29 14:00:00,LONG,3838.09,3822.47,3823.24,-0.407,-79.92,13.13,0.76,5391.73,-1.22%,4705.57,685.74,13.61,2025-07
368,2025-07-29 23:30:00,2025-07-29 23:30:00,SHORT,3822.47,3800.83,3800.07,0.566,78.65,12.94,0.76,5470.39,1.7%,4784.22,697.2,12.34,2025-07
369,2025-07-30 00:15:00,2025-07-30 00:15:00,LONG,3800.83,3777.66,3778.41,-0.61,-113.17,13.13,0.76,5357.21,-1.83%,4671.05,680.71,14.16,2025-07
370,2025-07-30 01:30:00,2025-07-30 01:30:00,SHORT,3777.66,3785.02,3784.26,-0.195,-44.18,12.86,0.76,5313.03,-0.58%,4626.87,674.27,14.87,2025-07
371,2025-07-30 05:00:00,2025-07-30 05:00:00,LONG,3785.02,3799.29,3800.05,0.377,47.32,12.75,0.76,5360.35,1.13%,4674.19,681.16,14.11,2025-07
372,2025-07-30 05:15:00,2025-07-30 05:15:00,SHORT,3799.29,3802.74,3801.98,-0.091,-27.47,12.86,0.76,5332.88,-0.27%,4646.72,677.16,14.55,2025-07
373,2025-07-30 09:30:00,2025-07-30 09:30:00,LONG,3802.74,3784.59,3785.35,-0.477,-89.13,12.8,0.76,5243.74,-1.43%,4557.59,664.17,15.98,2025-07
374,2025-07-30 14:30:00,2025-07-30 14:30:00,SHORT,3784.59,3791.38,3790.62,-0.179,-40.78,12.58,0.76,5202.96,-0.54%,4516.81,658.23,16.63,2025-07
375,2025-07-30 18:30:00,2025-07-30 18:30:00,LONG,3791.38,3790.43,3791.18,-0.025,-16.4,12.49,0.76,5186.56,-0.08%,4500.41,655.84,16.89,2025-07
376,2025-07-30 23:00:00,2025-07-30 23:00:00,SHORT,3790.43,3775.16,3774.41,0.403,50.22,12.45,0.75,5236.78,1.21%,4550.63,663.16,16.09,2025-07
377,2025-07-31 11:15:00,2025-07-31 11:15:00,LONG,3775.16,3839.33,3840.1,1.7,254.48,12.57,0.77,5491.25,5.1%,4805.11,700.24,12.01,2025-07
378,2025-08-01 12:30:00,2025-08-01 12:30:00,SHORT,3839.33,3657.25,3656.52,4.743,768.11,13.18,0.73,6259.36,14.23%,5573.22,812.18,0.0,2025-08
379,2025-08-01 13:15:00,2025-08-01 13:15:00,LONG,3657.25,3649.68,3650.41,-0.207,-53.89,15.02,0.73,6205.47,-0.62%,5519.33,804.32,0.86,2025-08
380,2025-08-02 11:15:00,2025-08-02 11:15:00,SHORT,3649.68,3499.63,3498.93,4.111,750.46,14.89,0.7,6955.93,12.33%,6269.79,913.69,0.0,2025-08
381,2025-08-02 14:15:00,2025-08-02 14:15:00,LONG,3499.63,3492.94,3493.64,-0.191,-56.6,16.69,0.7,6899.33,-0.57%,6213.19,905.44,0.81,2025-08
382,2025-08-03 02:00:00,2025-08-03 02:00:00,SHORT,3492.94,3424.66,3423.98,1.955,388.03,16.56,0.68,7287.36,5.86%,6601.22,961.99,0.0,2025-08
383,2025-08-03 15:00:00,2025-08-03 15:00:00,LONG,3424.66,3460.8,3461.49,1.055,213.21,17.49,0.69,7500.57,3.17%,6814.43,993.06,0.0,2025-08
384,2025-08-03 16:30:00,2025-08-03 16:30:00,SHORT,3460.8,3484.83,3484.13,-0.694,-174.23,18.0,0.7,7326.34,-2.08%,6640.2,967.67,2.32,2025-08
385,2025-08-05 03:00:00,2025-08-05 03:00:00,LONG,3484.83,3671.26,3671.99,5.35,1158.23,17.58,0.73,8484.57,16.05%,7798.43,1136.46,0.0,2025-08
386,2025-08-05 06:00:00,2025-08-05 06:00:00,SHORT,3671.26,3672.43,3671.7,-0.032,-28.5,20.36,0.73,8456.08,-0.1%,7769.93,1132.31,0.34,2025-08
387,2025-08-05 06:30:00,2025-08-05 06:30:00,LONG,3672.43,3668.18,3668.92,-0.116,-49.64,20.29,0.73,8406.44,-0.35%,7720.29,1125.07,0.92,2025-08
388,2025-08-05 09:30:00,2025-08-05 09:30:00,SHORT,3668.18,3658.13,3657.4,0.274,48.91,20.18,0.73,8455.36,0.82%,7769.2,1132.2,0.34,2025-08
389,2025-08-05 12:15:00,2025-08-05 12:15:00,LONG,3658.13,3667.15,3667.88,0.246,42.21,20.29,0.73,8497.57,0.74%,7811.41,1138.35,0.0,2025-08
390,2025-08-05 23:00:00,2025-08-05 23:00:00,SHORT,3667.15,3609.27,3608.55,1.578,381.93,20.39,0.72,8879.5,4.73%,8193.34,1194.01,0.0,2025-08
391,2025-08-06 00:00:00,2025-08-06 00:00:00,LONG,3609.27,3601.99,3602.71,-0.202,-75.05,21.31,0.72,8804.45,-0.61%,8118.29,1183.07,0.85,2025-08
392,2025-08-06 05:00:00,2025-08-06 05:00:00,SHORT,3601.99,3581.1,3580.38,0.58,132.06,21.13,0.72,8936.51,1.74%,8250.35,1202.32,0.0,2025-08
393,2025-08-06 12:00:00,2025-08-06 12:00:00,LONG,3581.1,3611.35,3612.07,0.845,204.99,21.45,0.72,9141.5,2.53%,8455.34,1232.19,0.0,2025-08
394,2025-08-06 14:00:00,2025-08-06 14:00:00,SHORT,3611.35,3616.58,3615.86,-0.145,-61.69,21.94,0.72,9079.81,-0.43%,8393.65,1223.2,0.67,2025-08
395,2025-08-06 14:15:00,2025-08-06 14:15:00,LONG,3616.58,3595.03,3595.75,-0.596,-184.13,21.79,0.72,8895.67,-1.79%,8209.52,1196.37,2.69,2025-08
396,2025-08-06 14:45:00,2025-08-06 14:45:00,SHORT,3595.03,3628.03,3627.3,-0.918,-266.31,21.35,0.73,8629.36,-2.75%,7943.21,1157.56,5.6,2025-08
397,2025-08-07 04:30:00,2025-08-07 04:30:00,LONG,3628.03,3659.9,3660.63,0.879,206.73,20.71,0.73,8836.09,2.64%,8149.94,1187.68,3.34,2025-08
398,2025-08-07 05:15:00,2025-08-07 05:15:00,SHORT,3659.9,3672.92,3672.18,-0.356,-115.48,21.21,0.73,8720.6,-1.07%,8034.46,1170.85,4.6,2025-08
399,2025-08-08 08:30:00,2025-08-08 08:30:00,LONG,3672.92,3893.71,3894.49,6.011,1551.78,20.93,0.78,10272.39,18.03%,9586.24,1397.0,0.0,2025-08
400,2025-08-08 10:00:00,2025-08-08 10:00:00,SHORT,3893.71,3909.11,3908.32,-0.395,-146.47,24.65,0.78,10125.92,-1.19%,9439.77,1375.65,1.43,2025-08
401,2025-08-10 03:00:00,2025-08-10 03:00:00,LONG,3909.11,4227.66,4228.51,8.149,2451.2,24.3,0.85,12577.12,24.45%,11890.97,1732.87,0.0,2025-08
402,2025-08-10 16:30:00,2025-08-10 16:30:00,SHORT,4227.66,4241.13,4240.29,-0.319,-150.43,30.19,0.85,12426.68,-0.96%,11740.54,1710.94,1.2,2025-08
403,2025-08-10 20:15:00,2025-08-10 20:15:00,LONG,4241.13,4219.59,4220.44,-0.508,-219.19,29.82,0.84,12207.49,-1.52%,11521.35,1679.0,2.94,2025-08
404,2025-08-10 20:30:00,2025-08-10 20:30:00,SHORT,4219.59,4228.13,4227.28,-0.202,-103.39,29.3,0.85,12104.11,-0.61%,11417.96,1663.93,3.76,2025-08
405,2025-08-10 21:00:00,2025-08-10 21:00:00,LONG,4228.13,4200.59,4201.43,-0.651,-265.59,29.05,0.84,11838.52,-1.95%,11152.37,1625.23,5.87,2025-08
406,2025-08-10 21:45:00,2025-08-10 21:45:00,SHORT,4200.59,4214.13,4213.29,-0.322,-142.94,28.41,0.84,11695.58,-0.97%,11009.43,1604.4,7.01,2025-08
407,2025-08-10 22:00:00,2025-08-10 22:00:00,LONG,4214.13,4206.17,4207.01,-0.189,-94.34,28.07,0.84,11601.24,-0.57%,10915.09,1590.65,7.76,2025-08
408,2025-08-10 22:45:00,2025-08-10 22:45:00,SHORT,4206.17,4248.79,4247.94,-1.013,-380.52,27.84,0.85,11220.73,-3.04%,10534.57,1535.2,10.78,2025-08
409,2025-08-11 07:45:00,2025-08-11 07:45:00,LONG,4248.79,4268.84,4269.69,0.472,131.87,26.93,0.85,11352.6,1.42%,10666.44,1554.42,9.74,2025-08
410,2025-08-11 13:30:00,2025-08-11 13:30:00,SHORT,4268.84,4201.13,4200.29,1.586,512.91,27.25,0.84,11865.51,4.76%,11179.35,1629.16,5.66,2025-08
411,2025-08-11 19:45:00,2025-08-11 19:45:00,LONG,4201.13,4261.09,4261.94,1.427,479.51,28.48,0.85,12345.01,4.28%,11658.86,1699.04,1.85,2025-08
412,2025-08-12 00:45:00,2025-08-12 00:45:00,SHORT,4261.09,4247.51,4246.66,0.319,88.35,29.63,0.85,12433.36,0.96%,11747.21,1711.91,1.14,2025-08
413,2025-08-12 10:00:00,2025-08-12 10:00:00,LONG,4247.51,4275.11,4275.96,0.65,212.49,29.84,0.86,12645.85,1.95%,11959.7,1742.88,0.0,2025-08
414,2025-08-12 10:15:00,2025-08-12 10:15:00,SHORT,4275.11,4293.27,4292.41,-0.425,-191.5,30.35,0.86,12454.35,-1.27%,11768.2,1714.97,1.51,2025-08
415,2025-08-12 10:30:00,2025-08-12 10:30:00,LONG,4293.27,4282.61,4283.47,-0.248,-122.61,29.89,0.86,12331.74,-0.74%,11645.59,1697.11,2.48,2025-08
416,2025-08-12 11:45:00,2025-08-12 11:45:00,SHORT,4282.61,4286.67,4285.81,-0.095,-64.65,29.6,0.86,12267.1,-0.28%,11580.94,1687.69,3.0,2025-08
417,2025-08-13 14:45:00,2025-08-13 14:45:00,LONG,4286.67,4657.53,4658.46,8.651,3154.38,29.44,0.93,15421.48,25.95%,14735.32,2147.37,0.0,2025-08
418,2025-08-13 16:15:00,2025-08-13 16:15:00,SHORT,4657.53,4713.35,4712.4,-1.198,-591.46,37.01,0.94,14830.02,-3.6%,14143.86,2061.18,3.84,2025-08
419,2025-08-14 06:00:00,2025-08-14 06:00:00,LONG,4713.35,4717.26,4718.2,0.083,1.33,35.59,0.94,14831.35,0.25%,14145.19,2061.37,3.83,2025-08
420,2025-08-14 06:30:00,2025-08-14 06:30:00,SHORT,4717.26,4755.29,4754.34,-0.806,-394.3,35.6,0.95,14437.05,-2.42%,13750.89,2003.91,6.38,2025-08
421,2025-08-14 07:00:00,2025-08-14 07:00:00,LONG,4755.29,4754.76,4755.71,-0.011,-39.48,34.65,0.95,14397.57,-0.03%,13711.41,1998.16,6.64,2025-08
422,2025-08-14 09:00:00,2025-08-14 09:00:00,SHORT,4754.76,4739.36,4738.42,0.324,105.27,34.55,0.95,14502.84,0.97%,13816.68,2013.5,5.96,2025-08
423,2025-08-14 10:30:00,2025-08-14 10:30:00,LONG,4739.36,4732.72,4733.66,-0.14,-95.83,34.81,0.95,14407.01,-0.42%,13720.85,1999.54,6.58,2025-08
424,2025-08-15 01:15:00,2025-08-15 01:15:00,SHORT,4732.72,4587.59,4586.67,3.067,1290.82,34.58,0.92,15697.83,9.2%,15011.67,2187.65,0.0,2025-08
425,2025-08-15 12:15:00,2025-08-15 12:15:00,LONG,4587.59,4627.16,4628.08,0.863,368.56,37.67,0.93,16066.39,2.59%,15380.23,2241.36,0.0,2025-08
426,2025-08-15 12:30:00,2025-08-15 12:30:00,SHORT,4627.16,4629.04,4628.12,-0.041,-58.2,38.56,0.93,16008.19,-0.12%,15322.03,2232.88,0.36,2025-08
427,2025-08-15 13:00:00,2025-08-15 13:00:00,LONG,4629.04,4603.7,4604.62,-0.548,-301.38,38.42,0.92,15706.81,-1.64%,15020.65,2188.96,2.24,2025-08
428,2025-08-15 22:45:00,2025-08-15 22:45:00,SHORT,4603.7,4451.25,4450.36,3.311,1522.65,37.7,0.89,17229.46,9.93%,16543.3,2410.85,0.0,2025-08
429,2025-08-15 23:00:00,2025-08-15 23:00:00,LONG,4451.25,4454.59,4455.48,0.075,-2.54,41.35,0.89,17226.92,0.23%,16540.76,2410.48,0.01,2025-08
430,2025-08-16 00:30:00,2025-08-16 00:30:00,SHORT,4454.59,4474.49,4473.6,-0.447,-272.23,41.34,0.89,16954.69,-1.34%,16268.53,2370.81,1.59,2025-08
431,2025-08-16 02:45:00,2025-08-16 02:45:00,LONG,4474.49,4446.11,4447.0,-0.634,-363.36,40.69,0.89,16591.34,-1.9%,15905.17,2317.86,3.7,2025-08
432,2025-08-16 09:00:00,2025-08-16 09:00:00,SHORT,4446.11,4453.76,4452.87,-0.172,-125.5,39.82,0.89,16465.84,-0.52%,15779.67,2299.57,4.43,2025-08
433,2025-08-16 09:45:00,2025-08-16 09:45:00,LONG,4453.76,4441.59,4442.48,-0.273,-174.5,39.52,0.89,16291.33,-0.82%,15605.17,2274.14,5.44,2025-08
434,2025-08-16 19:15:00,2025-08-16 19:15:00,SHORT,4441.59,4424.01,4423.13,0.396,154.37,39.1,0.88,16445.7,1.19%,15759.54,2296.63,4.55,2025-08
435,2025-08-16 21:45:00,2025-08-16 21:45:00,LONG,4424.01,4413.26,4414.14,-0.243,-159.42,39.47,0.88,16286.28,-0.73%,15600.12,2273.4,5.47,2025-08
436,2025-08-16 22:15:00,2025-08-16 22:15:00,SHORT,4413.26,4423.77,4422.89,-0.238,-155.51,39.09,0.88,16130.78,-0.71%,15444.61,2250.74,6.38,2025-08
437,2025-08-16 23:15:00,2025-08-16 23:15:00,LONG,4423.77,4417.2,4418.09,-0.148,-110.58,38.71,0.88,16020.2,-0.45%,15334.03,2234.63,7.02,2025-08
438,2025-08-16 23:45:00,2025-08-16 23:45:00,SHORT,4417.2,4425.71,4424.82,-0.193,-131.01,38.45,0.88,15889.19,-0.58%,15203.02,2215.53,7.78,2025-08
439,2025-08-17 00:15:00,2025-08-17 00:15:00,LONG,4425.71,4411.06,4411.94,-0.331,-195.95,38.13,0.88,15693.24,-0.99%,15007.07,2186.98,8.92,2025-08
440,2025-08-17 00:30:00,2025-08-17 00:30:00,SHORT,4411.06,4421.92,4421.04,-0.246,-153.62,37.66,0.88,15539.62,-0.74%,14853.45,2164.59,9.81,2025-08
441,2025-08-17 00:45:00,2025-08-17 00:45:00,LONG,4421.92,4411.38,4412.26,-0.238,-148.44,37.3,0.88,15391.18,-0.72%,14705.01,2142.96,10.67,2025-08
442,2025-08-17 02:45:00,2025-08-17 02:45:00,SHORT,4411.38,4430.21,4429.32,-0.427,-234.03,36.94,0.89,15157.15,-1.28%,14470.98,2108.85,12.03,2025-08
443,2025-08-17 16:45:00,2025-08-17 16:45:00,LONG,4430.21,4515.65,4516.55,1.929,840.59,36.38,0.9,15997.75,5.79%,15311.57,2231.35,7.15,2025-08
444,2025-08-17 22:15:00,2025-08-17 22:15:00,SHORT,4515.65,4509.4,4508.5,0.138,27.98,38.39,0.9,16025.73,0.41%,15339.55,2235.43,6.99,2025-08
445,2025-08-17 23:15:00,2025-08-17 23:15:00,LONG,4509.4,4487.9,4488.8,-0.477,-267.69,38.46,0.9,15758.04,-1.43%,15071.86,2196.42,8.54,2025-08
446,2025-08-18 12:30:00,2025-08-18 12:30:00,SHORT,4487.9,4306.0,4305.14,4.053,1878.32,37.82,0.86,17636.36,12.16%,16950.18,2470.15,0.0,2025-08
447,2025-08-18 13:45:00,2025-08-18 13:45:00,LONG,4306.0,4295.79,4296.64,-0.237,-167.81,42.33,0.86,17468.55,-0.71%,16782.37,2445.69,0.95,2025-08
448,2025-08-18 14:45:00,2025-08-18 14:45:00,SHORT,4295.79,4326.29,4325.42,-0.71,-414.01,41.92,0.87,17054.54,-2.13%,16368.36,2385.36,3.3,2025-08
449,2025-08-18 16:30:00,2025-08-18 16:30:00,LONG,4326.29,4304.09,4304.96,-0.513,-303.37,40.93,0.86,16751.17,-1.54%,16064.99,2341.15,5.02,2025-08
450,2025-08-18 17:15:00,2025-08-18 17:15:00,SHORT,4304.09,4353.37,4352.5,-1.145,-615.5,40.2,0.87,16135.67,-3.43%,15449.49,2251.45,8.51,2025-08
451,2025-08-18 20:30:00,2025-08-18 20:30:00,LONG,4353.37,4338.86,4339.73,-0.333,-200.06,38.73,0.87,15935.61,-1.0%,15249.43,2222.3,9.64,2025-08
452,2025-08-18 21:45:00,2025-08-18 21:45:00,SHORT,4338.86,4348.57,4347.7,-0.224,-145.2,38.25,0.87,15790.41,-0.67%,15104.23,2201.14,10.47,2025-08
453,2025-08-18 22:45:00,2025-08-18 22:45:00,LONG,4348.57,4341.0,4341.87,-0.174,-120.26,37.9,0.87,15670.15,-0.52%,14983.97,2183.61,11.15,2025-08
454,2025-08-19 00:45:00,2025-08-19 00:45:00,SHORT,4341.0,4307.52,4306.66,0.771,325.0,37.61,0.86,15995.15,2.31%,15308.97,2230.97,9.31,2025-08
455,2025-08-19 03:00:00,2025-08-19 03:00:00,LONG,4307.52,4272.22,4273.08,-0.819,-431.59,38.39,0.85,15563.55,-2.46%,14877.38,2168.08,11.75,2025-08
456,2025-08-19 09:15:00,2025-08-19 09:15:00,SHORT,4272.22,4283.67,4282.81,-0.268,-162.4,37.35,0.86,15401.15,-0.8%,14714.98,2144.41,12.67,2025-08
457,2025-08-19 14:15:00,2025-08-19 14:15:00,LONG,4283.67,4245.24,4246.09,-0.897,-451.46,36.96,0.85,14949.7,-2.69%,14263.52,2078.62,15.23,2025-08
458,2025-08-20 03:15:00,2025-08-20 03:15:00,SHORT,4245.24,4147.14,4146.31,2.311,1000.45,35.88,0.83,15950.15,6.93%,15263.97,2224.42,9.56,2025-08
459,2025-08-20 03:30:00,2025-08-20 03:30:00,LONG,4147.14,4137.64,4138.47,-0.229,-147.88,38.28,0.83,15802.27,-0.69%,15116.09,2202.87,10.4,2025-08
460,2025-08-20 04:00:00,2025-08-20 04:00:00,SHORT,4137.64,4155.0,4154.17,-0.42,-236.85,37.93,0.83,15565.42,-1.26%,14879.24,2168.35,11.74,2025-08
461,2025-08-20 11:30:00,2025-08-20 11:30:00,LONG,4155.0,4186.39,4187.22,0.755,315.34,37.36,0.84,15880.76,2.27%,15194.58,2214.3,9.95,2025-08
462,2025-08-20 11:45:00,2025-08-20 11:45:00,SHORT,4186.39,4180.58,4179.75,0.139,27.92,38.11,0.84,15908.68,0.42%,15222.5,2218.37,9.8,2025-08
463,2025-08-20 13:00:00,2025-08-20 13:00:00,LONG,4180.58,4181.19,4182.02,0.014,-31.31,38.18,0.84,15877.37,0.04%,15191.19,2213.81,9.97,2025-08
464,2025-08-20 14:30:00,2025-08-20 14:30:00,SHORT,4181.19,4195.02,4194.18,-0.331,-195.64,38.11,0.84,15681.72,-0.99%,14995.55,2185.3,11.08,2025-08
465,2025-08-21 02:00:00,2025-08-21 02:00:00,LONG,4195.02,4316.16,4317.02,2.888,1320.92,37.64,0.86,17002.65,8.66%,16316.47,2377.8,3.59,2025-08
466,2025-08-21 03:00:00,2025-08-21 03:00:00,SHORT,4316.16,4310.78,4309.91,0.125,22.8,40.81,0.86,17025.45,0.37%,16339.27,2381.12,3.46,2025-08
467,2025-08-21 03:45:00,2025-08-21 03:45:00,LONG,4310.78,4295.6,4296.46,-0.352,-220.65,40.86,0.86,16804.79,-1.06%,16118.62,2348.96,4.72,2025-08
468,2025-08-21 06:30:00,2025-08-21 06:30:00,SHORT,4295.6,4305.46,4304.6,-0.23,-156.05,40.33,0.86,16648.74,-0.69%,15962.57,2326.22,5.6,2025-08
469,2025-08-21 07:00:00,2025-08-21 07:00:00,LONG,4305.46,4295.18,4296.03,-0.239,-159.28,39.96,0.86,16489.46,-0.72%,15803.29,2303.01,6.5,2025-08
470,2025-08-21 10:30:00,2025-08-21 10:30:00,SHORT,4295.18,4301.6,4300.74,-0.15,-113.62,39.57,0.86,16375.84,-0.45%,15689.67,2286.45,7.15,2025-08
471,2025-08-21 11:30:00,2025-08-21 11:30:00,LONG,4301.6,4288.95,4289.81,-0.294,-183.78,39.3,0.86,16192.06,-0.88%,15505.89,2259.67,8.19,2025-08
472,2025-08-21 14:00:00,2025-08-21 14:00:00,SHORT,4288.95,4285.72,4284.87,0.075,-2.29,38.86,0.86,16189.77,0.23%,15503.6,2259.34,8.2,2025-08
473,2025-08-21 14:30:00,2025-08-21 14:30:00,LONG,4285.72,4288.84,4289.7,0.073,-3.57,38.86,0.86,16186.2,0.22%,15500.03,2258.82,8.22,2025-08
474,2025-08-22 02:00:00,2025-08-22 02:00:00,SHORT,4288.84,4273.81,4272.96,0.35,131.3,38.85,0.85,16317.5,1.05%,15631.33,2277.95,7.48,2025-08
475,2025-08-22 11:00:00,2025-08-22 11:00:00,LONG,4273.81,4285.31,4286.17,0.269,92.6,39.16,0.86,16410.1,0.81%,15723.93,2291.45,6.95,2025-08
476,2025-08-22 13:30:00,2025-08-22 13:30:00,SHORT,4285.31,4282.06,4281.2,0.076,-1.97,39.38,0.86,16408.13,0.23%,15721.96,2291.16,6.96,2025-08
477,2025-08-23 02:15:00,2025-08-23 02:15:00,LONG,4282.06,4737.72,4738.67,10.641,5198.68,39.38,0.95,21606.81,31.92%,20920.64,3048.76,0.0,2025-08
478,2025-08-23 04:30:00,2025-08-23 04:30:00,SHORT,4737.72,4734.99,4734.04,0.058,-14.53,51.86,0.95,21592.28,0.17%,20906.11,3046.65,0.07,2025-08
479,2025-08-23 07:15:00,2025-08-23 07:15:00,LONG,4734.99,4731.62,4732.56,-0.071,-97.98,51.82,0.95,21494.3,-0.21%,20808.13,3032.37,0.52,2025-08
480,2025-08-23 09:30:00,2025-08-23 09:30:00,SHORT,4731.62,4734.32,4733.37,-0.057,-88.38,51.59,0.95,21405.92,-0.17%,20719.75,3019.49,0.93,2025-08
481,2025-08-23 10:15:00,2025-08-23 10:15:00,LONG,4734.32,4716.11,4717.05,-0.385,-298.35,51.37,0.94,21107.57,-1.15%,20421.4,2976.01,2.31,2025-08
482,2025-08-23 11:00:00,2025-08-23 11:00:00,SHORT,4716.11,4724.3,4723.36,-0.174,-160.64,50.66,0.94,20946.93,-0.52%,20260.76,2952.6,3.05,2025-08
483,2025-08-23 11:15:00,2025-08-23 11:15:00,LONG,4724.3,4713.6,4714.54,-0.227,-192.62,50.27,0.94,20754.31,-0.68%,20068.14,2924.53,3.95,2025-08
484,2025-08-23 12:30:00,2025-08-23 12:30:00,SHORT,4713.6,4735.1,4734.15,-0.456,-333.82,49.81,0.95,20420.48,-1.37%,19734.32,2875.88,5.49,2025-08
485,2025-08-23 12:45:00,2025-08-23 12:45:00,LONG,4735.1,4711.41,4712.36,-0.5,-355.46,49.01,0.94,20065.03,-1.5%,19378.86,2824.08,7.14,2025-08
486,2025-08-23 14:15:00,2025-08-23 14:15:00,SHORT,4711.41,4741.59,4740.64,-0.641,-433.73,48.16,0.95,19631.3,-1.92%,18945.13,2760.87,9.14,2025-08
487,2025-08-23 17:15:00,2025-08-23 17:15:00,LONG,4741.59,4738.59,4739.54,-0.063,-84.38,47.12,0.95,19546.92,-0.19%,18860.75,2748.57,9.53,2025-08
488,2025-08-23 17:30:00,2025-08-23 17:30:00,SHORT,4738.59,4742.45,4741.5,-0.081,-94.69,46.91,0.95,19452.23,-0.24%,18766.06,2734.78,9.97,2025-08
489,2025-08-23 21:15:00,2025-08-23 21:15:00,LONG,4742.45,4741.24,4742.19,-0.026,-61.57,46.69,0.95,19390.66,-0.08%,18704.49,2725.8,10.26,2025-08
490,2025-08-23 21:30:00,2025-08-23 21:30:00,SHORT,4741.24,4747.7,4746.75,-0.136,-125.73,46.54,0.95,19264.93,-0.41%,18578.76,2707.48,10.84,2025-08
491,2025-08-24 03:00:00,2025-08-24 03:00:00,LONG,4747.7,4763.93,4764.88,0.342,151.37,46.24,0.95,19416.3,1.03%,18730.13,2729.54,10.14,2025-08
492,2025-08-24 03:30:00,2025-08-24 03:30:00,SHORT,4763.93,4775.1,4774.15,-0.234,-183.17,46.6,0.95,19233.13,-0.7%,18546.96,2702.85,10.99,2025-08
493,2025-08-24 06:45:00,2025-08-24 06:45:00,LONG,4775.1,4762.09,4763.05,-0.272,-203.33,46.16,0.95,19029.8,-0.82%,18343.63,2673.21,11.93,2025-08
494,2025-08-24 08:00:00,2025-08-24 08:00:00,SHORT,4762.09,4771.66,4770.7,-0.201,-160.34,45.67,0.95,18869.47,-0.6%,18183.29,2649.85,12.67,2025-08
495,2025-08-24 09:00:00,2025-08-24 09:00:00,LONG,4771.66,4765.84,4766.79,-0.122,-114.34,45.29,0.95,18755.13,-0.37%,18068.95,2633.19,13.2,2025-08
496,2025-08-24 09:30:00,2025-08-24 09:30:00,SHORT,4765.84,4784.89,4783.94,-0.4,-269.97,45.01,0.96,18485.16,-1.2%,17798.98,2593.84,14.45,2025-08
497,2025-08-24 10:15:00,2025-08-24 10:15:00,LONG,4784.89,4755.14,4756.09,-0.622,-389.21,44.36,0.95,18095.95,-1.87%,17409.77,2537.12,16.25,2025-08
498,2025-08-24 13:00:00,2025-08-24 13:00:00,SHORT,4755.14,4766.46,4765.51,-0.238,-172.73,43.43,0.95,17923.22,-0.71%,17237.04,2511.95,17.05,2025-08
499,2025-08-24 19:45:00,2025-08-24 19:45:00,LONG,4766.46,4804.96,4805.92,0.808,391.29,43.02,0.96,18314.51,2.42%,17628.33,2568.98,15.24,2025-08
500,2025-08-25 13:15:00,2025-08-25 13:15:00,SHORT,4804.96,4657.56,4656.63,3.068,1641.5,43.95,0.93,19956.01,9.2%,19269.83,2808.19,7.64,2025-08
501,2025-08-25 13:30:00,2025-08-25 13:30:00,LONG,4657.56,4632.45,4633.38,-0.539,-370.71,47.89,0.93,19585.3,-1.62%,18899.12,2754.17,9.36,2025-08
502,2025-08-25 14:00:00,2025-08-25 14:00:00,SHORT,4632.45,4658.04,4657.11,-0.552,-371.53,47.0,0.93,19213.76,-1.66%,18527.59,2700.02,11.08,2025-08
503,2025-08-25 15:00:00,2025-08-25 15:00:00,LONG,4658.04,4627.31,4628.24,-0.66,-426.3,46.11,0.93,18787.46,-1.98%,18101.29,2637.9,13.05,2025-08
504,2025-08-26 09:15:00,2025-08-26 09:15:00,SHORT,4627.31,4440.33,4439.44,4.041,2232.46,45.09,0.89,21019.92,12.12%,20333.75,2963.24,2.72,2025-08
505,2025-08-26 09:30:00,2025-08-26 09:30:00,LONG,4440.33,4421.31,4422.2,-0.428,-320.47,50.45,0.88,20699.45,-1.28%,20013.28,2916.53,4.2,2025-08
506,2025-08-26 10:30:00,2025-08-26 10:30:00,SHORT,4421.31,4436.21,4435.32,-0.337,-258.86,49.68,0.89,20440.58,-1.01%,19754.42,2878.81,5.4,2025-08
507,2025-08-26 11:15:00,2025-08-26 11:15:00,LONG,4436.21,4428.95,4429.83,-0.164,-149.42,49.06,0.89,20291.16,-0.49%,19605.0,2857.03,6.09,2025-08
508,2025-08-26 12:30:00,2025-08-26 12:30:00,SHORT,4428.95,4434.39,4433.5,-0.123,-123.51,48.7,0.89,20167.65,-0.37%,19481.49,2839.03,6.66,2025-08
509,2025-08-27 01:15:00,2025-08-27 01:15:00,LONG,4434.39,4551.0,4551.91,2.63,1542.67,48.4,0.91,21710.33,7.89%,21024.16,3063.85,0.0,2025-08
510,2025-08-27 01:45:00,2025-08-27 01:45:00,SHORT,4551.0,4561.82,4560.91,-0.238,-206.87,52.1,0.91,21503.46,-0.71%,20817.29,3033.7,0.95,2025-08
511,2025-08-27 02:00:00,2025-08-27 02:00:00,LONG,4561.82,4546.28,4547.19,-0.341,-271.3,51.61,0.91,21232.16,-1.02%,20545.99,2994.16,2.2,2025-08
512,2025-08-27 02:15:00,2025-08-27 02:15:00,SHORT,4546.28,4567.38,4566.46,-0.464,-346.52,50.96,0.91,20885.63,-1.39%,20199.47,2943.67,3.8,2025-08
513,2025-08-27 03:15:00,2025-08-27 03:15:00,LONG,4567.38,4548.9,4549.81,-0.404,-303.56,50.13,0.91,20582.08,-1.21%,19895.91,2899.43,5.2,2025-08
514,2025-08-27 03:30:00,2025-08-27 03:30:00,SHORT,4548.9,4571.74,4570.83,-0.502,-359.39,49.4,0.91,20222.69,-1.51%,19536.52,2847.05,6.85,2025-08
515,2025-08-27 07:15:00,2025-08-27 07:15:00,LONG,4571.74,4573.53,4574.44,0.039,-24.83,48.53,0.91,20197.86,0.12%,19511.69,2843.44,6.97,2025-08
516,2025-08-27 07:45:00,2025-08-27 07:45:00,SHORT,4573.53,4580.67,4579.75,-0.156,-143.1,48.47,0.92,20054.76,-0.47%,19368.59,2822.58,7.63,2025-08
517,2025-08-27 08:15:00,2025-08-27 08:15:00,LONG,4580.67,4554.72,4555.63,-0.567,-388.98,48.13,0.91,19665.79,-1.7%,18979.61,2765.9,9.42,2025-08
518,2025-08-27 08:45:00,2025-08-27 08:45:00,SHORT,4554.72,4585.55,4584.63,-0.677,-446.55,47.2,0.92,19219.24,-2.03%,18533.06,2700.82,11.47,2025-08
519,2025-08-27 10:30:00,2025-08-27 10:30:00,LONG,4585.55,4578.06,4578.98,-0.163,-140.28,46.13,0.92,19078.96,-0.49%,18392.78,2680.38,12.12,2025-08
520,2025-08-27 11:45:00,2025-08-27 11:45:00,SHORT,4578.06,4613.33,4612.4,-0.77,-486.69,45.79,0.92,18592.27,-2.31%,17906.09,2609.45,14.36,2025-08
521,2025-08-27 19:00:00,2025-08-27 19:00:00,LONG,4613.33,4575.29,4576.2,-0.825,-504.55,44.62,0.92,18087.73,-2.47%,17401.54,2535.93,16.69,2025-08
522,2025-08-28 04:30:00,2025-08-28 04:30:00,SHORT,4575.29,4563.86,4562.95,0.25,92.11,43.41,0.91,18179.84,0.75%,17493.65,2549.35,16.26,2025-08
523,2025-08-28 13:45:00,2025-08-28 13:45:00,LONG,4563.86,4574.02,4574.93,0.223,77.76,43.63,0.91,18257.6,0.67%,17571.41,2560.68,15.9,2025-08
524,2025-08-28 14:00:00,2025-08-28 14:00:00,SHORT,4574.02,4592.15,4591.23,-0.396,-260.92,43.82,0.92,17996.68,-1.19%,17310.49,2522.66,17.11,2025-08
525,2025-08-28 14:15:00,2025-08-28 14:15:00,LONG,4592.15,4564.05,4564.97,-0.612,-373.5,43.19,0.91,17623.18,-1.84%,16936.99,2468.23,18.83,2025-08
526,2025-08-29 21:30:00,2025-08-29 21:30:00,SHORT,4564.05,4356.23,4355.36,4.554,2365.12,42.3,0.87,19988.3,13.66%,19302.11,2812.9,7.93,2025-08
527,2025-08-30 00:00:00,2025-08-30 00:00:00,LONG,4356.23,4348.86,4349.73,-0.169,-149.49,47.97,0.87,19838.81,-0.51%,19152.62,2791.11,8.62,2025-08
528,2025-08-30 03:15:00,2025-08-30 03:15:00,SHORT,4348.86,4341.09,4340.22,0.179,58.67,47.61,0.87,19897.48,0.54%,19211.29,2799.66,8.35,2025-08
529,2025-08-30 12:15:00,2025-08-30 12:15:00,LONG,4341.09,4375.46,4376.34,0.792,424.92,47.75,0.88,20322.4,2.38%,19636.21,2861.59,6.39,2025-08
530,2025-08-30 15:15:00,2025-08-30 15:15:00,SHORT,4375.46,4375.39,4374.52,0.002,-47.8,48.77,0.87,20274.6,0.0%,19588.41,2854.62,6.61,2025-08
531,2025-08-30 16:00:00,2025-08-30 16:00:00,LONG,4375.39,4366.14,4367.01,-0.212,-177.31,48.66,0.87,20097.28,-0.63%,19411.1,2828.78,7.43,2025-08
532,2025-08-30 17:00:00,2025-08-30 17:00:00,SHORT,4366.14,4371.91,4371.04,-0.132,-127.97,48.23,0.87,19969.32,-0.4%,19283.13,2810.13,8.02,2025-08
533,2025-08-30 17:30:00,2025-08-30 17:30:00,LONG,4371.91,4356.07,4356.94,-0.362,-265.08,47.93,0.87,19704.24,-1.09%,19018.05,2771.5,9.24,2025-08
534,2025-08-30 23:00:00,2025-08-30 23:00:00,SHORT,4356.07,4366.28,4365.41,-0.234,-185.88,47.29,0.87,19518.36,-0.7%,18832.17,2744.41,10.1,2025-08
535,2025-08-31 19:45:00,2025-08-31 19:45:00,LONG,4366.28,4467.92,4468.81,2.328,1316.21,46.84,0.89,20834.58,6.98%,20148.38,2936.23,4.03,2025-08
536,2025-08-31 21:00:00,2025-08-31 21:00:00,SHORT,4467.92,4466.09,4465.2,0.041,-24.41,50.0,0.89,20810.16,0.12%,20123.97,2932.67,4.15,2025-08
537,2025-08-31 22:30:00,2025-08-31 22:30:00,LONG,4466.09,4458.77,4459.66,-0.164,-152.21,49.94,0.89,20657.96,-0.49%,19971.76,2910.49,4.85,2025-08
538,2025-09-01 07:15:00,2025-09-01 07:15:00,SHORT,4458.77,4395.21,4394.33,1.426,833.92,49.58,0.88,21491.88,4.28%,20805.68,3032.01,1.01,2025-09
539,2025-09-01 10:30:00,2025-09-01 10:30:00,LONG,4395.21,4416.95,4417.83,0.495,267.31,51.58,0.88,21759.18,1.48%,21072.99,3070.97,0.0,2025-09
540,2025-09-02 01:30:00,2025-09-02 01:30:00,SHORT,4416.95,4325.93,4325.07,2.061,1292.87,52.22,0.87,23052.05,6.18%,22365.86,3259.38,0.0,2025-09
541,2025-09-02 11:45:00,2025-09-02 11:45:00,LONG,4325.93,4364.11,4364.98,0.883,555.02,55.32,0.87,23607.07,2.65%,22920.88,3340.26,0.0,2025-09
542,2025-09-02 13:45:00,2025-09-02 13:45:00,SHORT,4364.11,4375.32,4374.44,-0.257,-238.48,56.66,0.87,23368.59,-0.77%,22682.4,3305.51,1.01,2025-09
543,2025-09-02 14:00:00,2025-09-02 14:00:00,LONG,4375.32,4345.72,4346.59,-0.676,-530.29,56.08,0.87,22838.3,-2.03%,22152.11,3228.23,3.26,2025-09
544,2025-09-02 21:30:00,2025-09-02 21:30:00,SHORT,4345.72,4326.81,4325.94,0.435,243.35,54.81,0.87,23081.65,1.31%,22395.46,3263.69,2.23,2025-09
545,2025-09-02 23:15:00,2025-09-02 23:15:00,LONG,4326.81,4319.8,4320.67,-0.162,-167.49,55.4,0.86,22914.16,-0.49%,22227.97,3239.28,2.94,2025-09
546,2025-09-03 00:15:00,2025-09-03 00:15:00,SHORT,4319.8,4330.34,4329.48,-0.244,-222.69,54.99,0.87,22691.47,-0.73%,22005.28,3206.83,3.88,2025-09
547,2025-09-03 00:30:00,2025-09-03 00:30:00,LONG,4330.34,4315.61,4316.48,-0.34,-286.0,54.46,0.86,22405.47,-1.02%,21719.28,3165.15,5.09,2025-09
548,2025-09-03 01:45:00,2025-09-03 01:45:00,SHORT,4315.61,4302.48,4301.62,0.304,150.77,53.77,0.86,22556.24,0.91%,21870.05,3187.12,4.45,2025-09
549,2025-09-03 04:00:00,2025-09-03 04:00:00,LONG,4302.48,4323.52,4324.39,0.489,276.78,54.13,0.86,22833.03,1.47%,22146.83,3227.46,3.28,2025-09
550,2025-09-03 04:15:00,2025-09-03 04:15:00,SHORT,4323.52,4332.84,4331.98,-0.216,-202.5,54.8,0.87,22630.53,-0.65%,21944.33,3197.95,4.14,2025-09
551,2025-09-03 05:45:00,2025-09-03 05:45:00,LONG,4332.84,4312.94,4313.81,-0.459,-366.15,54.31,0.86,22264.38,-1.38%,21578.18,3144.59,5.69,2025-09
552,2025-09-03 08:00:00,2025-09-03 08:00:00,SHORT,4312.94,4322.81,4321.95,-0.229,-206.27,53.43,0.86,22058.11,-0.69%,21371.91,3114.53,6.56,2025-09
553,2025-09-03 08:45:00,2025-09-03 08:45:00,LONG,4322.81,4315.16,4316.02,-0.177,-170.08,52.94,0.86,21888.03,-0.53%,21201.83,3089.74,7.28,2025-09
554,2025-09-03 09:15:00,2025-09-03 09:15:00,SHORT,4315.16,4318.24,4317.38,-0.071,-99.43,52.53,0.86,21788.61,-0.21%,21102.4,3075.26,7.7,2025-09
555,2025-09-04 02:15:00,2025-09-04 02:15:00,LONG,4318.24,4449.31,4450.2,3.035,1931.72,52.29,0.89,23720.33,9.11%,23034.12,3356.77,0.0,2025-09
556,2025-09-04 10:00:00,2025-09-04 10:00:00,SHORT,4449.31,4405.23,4404.35,0.991,648.15,56.93,0.88,24368.48,2.97%,23682.27,3451.22,0.0,2025-09
557,2025-09-04 12:30:00,2025-09-04 12:30:00,LONG,4405.23,4399.15,4400.03,-0.138,-159.26,58.48,0.88,24209.21,-0.41%,23523.01,3428.01,0.65,2025-09
558,2025-09-04 12:45:00,2025-09-04 12:45:00,SHORT,4399.15,4409.74,4408.85,-0.241,-232.83,58.1,0.88,23976.39,-0.72%,23290.18,3394.08,1.61,2025-09
559,2025-09-04 13:30:00,2025-09-04 13:30:00,LONG,4409.74,4379.6,4380.48,-0.683,-549.05,57.54,0.88,23427.34,-2.05%,22741.13,3314.07,3.86,2025-09
560,2025-09-04 22:45:00,2025-09-04 22:45:00,SHORT,4379.6,4328.63,4327.76,1.164,761.79,56.23,0.87,24189.13,3.49%,23502.92,3425.08,0.74,2025-09
561,2025-09-04 23:30:00,2025-09-04 23:30:00,LONG,4328.63,4318.71,4319.58,-0.229,-224.33,58.05,0.86,23964.8,-0.69%,23278.59,3392.39,1.66,2025-09
562,2025-09-05 01:30:00,2025-09-05 01:30:00,SHORT,4318.71,4333.76,4332.89,-0.348,-308.01,57.52,0.87,23656.78,-1.05%,22970.58,3347.51,2.92,2025-09
563,2025-09-05 02:15:00,2025-09-05 02:15:00,LONG,4333.76,4313.38,4314.24,-0.47,-390.54,56.78,0.86,23266.25,-1.41%,22580.04,3290.59,4.52,2025-09
564,2025-09-05 02:45:00,2025-09-05 02:45:00,SHORT,4313.38,4324.57,4323.7,-0.259,-236.87,55.84,0.86,23029.38,-0.78%,22343.17,3256.07,5.5,2025-09
565,2025-09-05 03:00:00,2025-09-05 03:00:00,LONG,4324.57,4309.22,4310.09,-0.355,-300.37,55.27,0.86,22729.01,-1.06%,22042.8,3212.3,6.73,2025-09
566,2025-09-05 03:45:00,2025-09-05 03:45:00,SHORT,4309.22,4328.99,4328.12,-0.459,-367.25,54.55,0.87,22361.76,-1.38%,21675.55,3158.78,8.23,2025-09
567,2025-09-05 14:15:00,2025-09-05 14:15:00,LONG,4328.99,4376.94,4377.82,1.108,689.55,53.67,0.88,23051.32,3.32%,22365.1,3259.27,5.41,2025-09
568,2025-09-05 20:30:00,2025-09-05 20:30:00,SHORT,4376.94,4337.44,4336.57,0.903,568.88,55.32,0.87,23620.2,2.71%,22933.98,3342.17,3.07,2025-09
569,2025-09-05 21:00:00,2025-09-05 21:00:00,LONG,4337.44,4328.71,4329.58,-0.201,-199.26,56.69,0.87,23420.93,-0.6%,22734.72,3313.13,3.89,2025-09
570,2025-09-06 02:45:00,2025-09-06 02:45:00,SHORT,4328.71,4320.26,4319.4,0.195,80.93,56.21,0.86,23501.86,0.59%,22815.65,3324.93,3.56,2025-09
571,2025-09-06 04:00:00,2025-09-06 04:00:00,LONG,4320.26,4314.53,4315.39,-0.133,-150.01,56.4,0.86,23351.86,-0.4%,22665.64,3303.07,4.17,2025-09
572,2025-09-06 21:45:00,2025-09-06 21:45:00,SHORT,4314.53,4278.66,4277.8,0.831,526.35,56.04,0.86,23878.2,2.49%,23191.99,3379.77,2.01,2025-09
573,2025-09-06 22:00:00,2025-09-06 22:00:00,LONG,4278.66,4276.45,4277.3,-0.052,-94.33,57.31,0.86,23783.88,-0.16%,23097.66,3366.03,2.4,2025-09
574,2025-09-07 00:30:00,2025-09-07 00:30:00,SHORT,4276.45,4280.08,4279.22,-0.085,-117.63,57.08,0.86,23666.25,-0.25%,22980.03,3348.89,2.88,2025-09
575,2025-09-07 06:30:00,2025-09-07 06:30:00,LONG,4280.08,4285.81,4286.66,0.134,38.28,56.8,0.86,23704.53,0.4%,23018.31,3354.46,2.72,2025-09
576,2025-09-07 07:15:00,2025-09-07 07:15:00,SHORT,4285.81,4291.51,4290.65,-0.133,-151.5,56.89,0.86,23553.03,-0.4%,22866.81,3332.39,3.35,2025-09
577,2025-09-07 12:15:00,2025-09-07 12:15:00,LONG,4291.51,4294.86,4295.72,0.078,-1.37,56.53,0.86,23551.66,0.23%,22865.44,3332.19,3.35,2025-09
578,2025-09-07 12:30:00,2025-09-07 12:30:00,SHORT,4294.86,4302.3,4301.44,-0.173,-178.93,56.52,0.86,23372.74,-0.52%,22686.51,3306.11,4.09,2025-09
579,2025-09-07 16:00:00,2025-09-07 16:00:00,LONG,4302.3,4292.52,4293.38,-0.227,-215.42,56.09,0.86,23157.31,-0.68%,22471.09,3274.72,4.97,2025-09
580,2025-09-07 19:30:00,2025-09-07 19:30:00,SHORT,4292.52,4289.32,4288.46,0.075,-3.66,55.58,0.86,23153.65,0.22%,22467.43,3274.18,4.99,2025-09
581,2025-09-07 20:00:00,2025-09-07 20:00:00,LONG,4289.32,4285.62,4286.48,-0.086,-115.37,55.57,0.86,23038.28,-0.26%,22352.06,3257.37,5.46,2025-09
582,2025-09-07 20:45:00,2025-09-07 20:45:00,SHORT,4285.62,4294.65,4293.79,-0.211,-200.78,55.29,0.86,22837.49,-0.63%,22151.28,3228.11,6.28,2025-09
583,2025-09-07 21:15:00,2025-09-07 21:15:00,LONG,4294.65,4289.12,4289.97,-0.129,-143.01,54.81,0.86,22694.48,-0.39%,22008.27,3207.27,6.87,2025-09
584,2025-09-07 22:00:00,2025-09-07 22:00:00,SHORT,4289.12,4296.07,4295.22,-0.162,-164.92,54.47,0.86,22529.57,-0.49%,21843.35,3183.24,7.55,2025-09
585,2025-09-08 02:15:00,2025-09-08 02:15:00,LONG,4296.07,4282.85,4283.7,-0.308,-262.19,54.07,0.86,22267.37,-0.92%,21581.16,3145.03,8.62,2025-09
586,2025-09-08 02:30:00,2025-09-08 02:30:00,SHORT,4282.85,4296.53,4295.68,-0.32,-266.96,53.44,0.86,22000.42,-0.96%,21314.2,3106.12,9.72,2025-09
587,2025-09-08 05:30:00,2025-09-08 05:30:00,LONG,4296.53,4289.67,4290.53,-0.16,-158.29,52.8,0.86,21842.13,-0.48%,21155.91,3083.06,10.37,2025-09
588,2025-09-08 06:15:00,2025-09-08 06:15:00,SHORT,4289.67,4301.45,4300.59,-0.275,-232.35,52.42,0.86,21609.77,-0.82%,20923.56,3049.19,11.32,2025-09
589,2025-09-08 06:45:00,2025-09-08 06:45:00,LONG,4301.45,4293.08,4293.94,-0.194,-177.94,51.86,0.86,21431.84,-0.58%,20745.62,3023.26,12.05,2025-09
590,2025-09-08 07:15:00,2025-09-08 07:15:00,SHORT,4293.08,4305.58,4304.72,-0.291,-238.67,51.44,0.86,21193.17,-0.87%,20506.95,2988.48,13.03,2025-09
591,2025-09-08 07:30:00,2025-09-08 07:30:00,LONG,4305.58,4297.87,4298.73,-0.179,-164.7,50.86,0.86,21028.47,-0.54%,20342.25,2964.48,13.71,2025-09
592,2025-09-08 08:30:00,2025-09-08 08:30:00,SHORT,4297.87,4304.0,4303.14,-0.142,-140.35,50.47,0.86,20888.12,-0.43%,20201.9,2944.03,14.28,2025-09
593,2025-09-08 11:15:00,2025-09-08 11:15:00,LONG,4304.0,4309.34,4310.2,0.124,27.61,50.13,0.86,20915.74,0.37%,20229.51,2948.05,14.17,2025-09
594,2025-09-08 11:45:00,2025-09-08 11:45:00,SHORT,4309.34,4317.26,4316.39,-0.184,-165.52,50.2,0.86,20750.22,-0.55%,20063.99,2923.93,14.85,2025-09
595,2025-09-08 17:30:00,2025-09-08 17:30:00,LONG,4317.26,4326.95,4327.82,0.225,89.99,49.8,0.87,20840.22,0.67%,20153.98,2937.05,14.48,2025-09
596,2025-09-08 21:45:00,2025-09-08 21:45:00,SHORT,4326.95,4319.28,4318.42,0.177,60.82,50.02,0.86,20901.03,0.53%,20214.8,2945.91,14.23,2025-09
597,2025-09-08 22:30:00,2025-09-08 22:30:00,LONG,4319.28,4309.55,4310.41,-0.225,-191.5,50.16,0.86,20709.54,-0.68%,20023.3,2918.0,15.02,2025-09
598,2025-09-09 04:15:00,2025-09-09 04:15:00,SHORT,4309.55,4311.31,4310.45,-0.041,-75.19,49.7,0.86,20634.34,-0.12%,19948.11,2907.04,15.32,2025-09
599,2025-09-09 05:00:00,2025-09-09 05:00:00,LONG,4311.31,4306.04,4306.9,-0.122,-125.25,49.52,0.86,20509.09,-0.37%,19822.86,2888.79,15.84,2025-09
600,2025-09-09 05:45:00,2025-09-09 05:45:00,SHORT,4306.04,4317.96,4317.09,-0.277,-219.51,49.22,0.86,20289.58,-0.83%,19603.35,2856.8,16.74,2025-09
601,2025-09-09 13:00:00,2025-09-09 13:00:00,LONG,4317.96,4332.25,4333.12,0.331,152.84,48.69,0.87,20442.42,0.99%,19756.19,2879.08,16.11,2025-09
602,2025-09-09 13:30:00,2025-09-09 13:30:00,SHORT,4332.25,4355.43,4354.56,-0.535,-377.14,49.06,0.87,20065.27,-1.6%,19379.05,2824.11,17.66,2025-09
603,2025-09-09 14:15:00,2025-09-09 14:15:00,LONG,4355.43,4315.17,4316.03,-0.924,-604.59,48.16,0.86,19460.69,-2.77%,18774.46,2736.01,20.14,2025-09
604,2025-09-09 21:00:00,2025-09-09 21:00:00,SHORT,4315.17,4313.45,4312.58,0.04,-23.36,46.71,0.86,19437.32,0.12%,18751.1,2732.6,20.24,2025-09
605,2025-09-09 21:15:00,2025-09-09 21:15:00,LONG,4313.45,4303.57,4304.43,-0.229,-180.11,46.65,0.86,19257.21,-0.69%,18570.99,2706.36,20.97,2025-09
606,2025-09-09 22:00:00,2025-09-09 22:00:00,SHORT,4303.57,4316.19,4315.33,-0.293,-215.58,46.22,0.86,19041.64,-0.88%,18355.41,2674.94,21.86,2025-09
607,2025-09-09 23:15:00,2025-09-09 23:15:00,LONG,4316.19,4305.03,4305.89,-0.259,-193.41,45.7,0.86,18848.23,-0.78%,18162.0,2646.75,22.65,2025-09
608,2025-09-09 23:30:00,2025-09-09 23:30:00,SHORT,4305.03,4314.45,4313.59,-0.219,-168.99,45.24,0.86,18679.24,-0.66%,17993.01,2622.13,23.35,2025-09
609,2025-09-10 00:15:00,2025-09-10 00:15:00,LONG,4314.45,4304.05,4304.91,-0.241,-179.91,44.83,0.86,18499.33,-0.72%,17813.1,2595.91,24.09,2025-09
610,2025-09-10 02:00:00,2025-09-10 02:00:00,SHORT,4304.05,4312.62,4311.76,-0.199,-154.9,44.4,0.86,18344.43,-0.6%,17658.2,2573.34,24.72,2025-09
611,2025-09-10 05:45:00,2025-09-10 05:45:00,LONG,4312.62,4308.37,4309.23,-0.099,-98.26,44.03,0.86,18246.17,-0.3%,17559.94,2559.02,25.12,2025-09
612,2025-09-10 06:15:00,2025-09-10 06:15:00,SHORT,4308.37,4310.53,4309.67,-0.05,-71.3,43.79,0.86,18174.87,-0.15%,17488.64,2548.63,25.42,2025-09
613,2025-09-10 17:15:00,2025-09-10 17:15:00,LONG,4310.53,4376.14,4377.02,1.522,786.22,43.62,0.88,18961.09,4.57%,18274.86,2663.2,22.19,2025-09
614,2025-09-10 21:30:00,2025-09-10 21:30:00,SHORT,4376.14,4341.9,4341.04,0.782,399.51,45.51,0.87,19360.6,2.35%,18674.37,2721.42,20.55,2025-09
615,2025-09-11 00:00:00,2025-09-11 00:00:00,LONG,4341.9,4341.74,4342.61,-0.004,-48.69,46.47,0.87,19311.91,-0.01%,18625.68,2714.33,20.75,2025-09
616,2025-09-11 00:15:00,2025-09-11 00:15:00,SHORT,4341.74,4346.82,4345.95,-0.117,-114.17,46.35,0.87,19197.74,-0.35%,18511.51,2697.69,21.22,2025-09
617,2025-09-11 00:30:00,2025-09-11 00:30:00,LONG,4346.82,4340.33,4341.2,-0.149,-132.0,46.07,0.87,19065.75,-0.45%,18379.51,2678.45,21.76,2025-09
618,2025-09-11 00:45:00,2025-09-11 00:45:00,SHORT,4340.33,4354.75,4353.88,-0.332,-235.67,45.76,0.87,18830.08,-1.0%,18143.84,2644.11,22.73,2025-09
619,2025-09-11 13:00:00,2025-09-11 13:00:00,LONG,4354.75,4387.66,4388.54,0.756,381.81,45.19,0.88,19211.89,2.27%,18525.65,2699.75,21.16,2025-09
620,2025-09-11 13:45:00,2025-09-11 13:45:00,SHORT,4387.66,4440.39,4439.5,-1.202,-738.72,46.11,0.89,18473.17,-3.61%,17786.93,2592.1,24.19,2025-09
621,2025-09-11 14:00:00,2025-09-11 14:00:00,LONG,4440.39,4409.59,4410.47,-0.694,-428.71,44.34,0.88,18044.46,-2.08%,17358.22,2529.62,25.95,2025-09
622,2025-09-11 14:30:00,2025-09-11 14:30:00,SHORT,4409.59,4432.05,4431.16,-0.509,-318.96,43.31,0.89,17725.51,-1.53%,17039.26,2483.14,27.26,2025-09
623,2025-09-11 18:15:00,2025-09-11 18:15:00,LONG,4432.05,4413.91,4414.8,-0.409,-260.11,42.54,0.88,17465.39,-1.23%,16779.15,2445.23,28.33,2025-09
624,2025-09-11 19:15:00,2025-09-11 19:15:00,SHORT,4413.91,4424.43,4423.54,-0.238,-166.73,41.92,0.88,17298.67,-0.71%,16612.42,2420.94,29.01,2025-09
625,2025-09-11 20:00:00,2025-09-11 20:00:00,LONG,4424.43,4415.32,4416.21,-0.206,-148.29,41.52,0.88,17150.38,-0.62%,16464.13,2399.33,29.62,2025-09
626,2025-09-11 20:15:00,2025-09-11 20:15:00,SHORT,4415.32,4424.5,4423.62,-0.208,-148.12,41.16,0.88,17002.25,-0.62%,16316.01,2377.74,30.23,2025-09
627,2025-09-13 13:45:00,2025-09-13 13:45:00,LONG,4424.5,4704.16,4705.1,6.321,3183.17,40.81,0.94,20185.42,18.96%,19499.18,2841.62,17.17,2025-09
628,2025-09-13 23:45:00,2025-09-13 23:45:00,SHORT,4704.16,4666.68,4665.75,0.797,434.06,48.45,0.93,20619.49,2.39%,19933.24,2904.88,15.38,2025-09
629,2025-09-14 01:00:00,2025-09-14 01:00:00,LONG,4666.68,4660.2,4661.14,-0.139,-135.32,49.49,0.93,20484.17,-0.42%,19797.92,2885.16,15.94,2025-09
630,2025-09-14 01:45:00,2025-09-14 01:45:00,SHORT,4660.2,4676.05,4675.11,-0.34,-258.09,49.16,0.94,20226.08,-1.02%,19539.83,2847.55,17.0,2025-09
631,2025-09-14 03:45:00,2025-09-14 03:45:00,LONG,4676.05,4663.68,4664.61,-0.264,-209.01,48.54,0.93,20017.06,-0.79%,19330.82,2817.09,17.86,2025-09
632,2025-09-14 05:00:00,2025-09-14 05:00:00,SHORT,4663.68,4670.21,4669.27,-0.14,-132.09,48.04,0.93,19884.97,-0.42%,19198.73,2797.84,18.4,2025-09
633,2025-09-14 06:30:00,2025-09-14 06:30:00,LONG,4670.21,4663.79,4664.72,-0.137,-129.7,47.72,0.93,19755.28,-0.41%,19069.03,2778.94,18.93,2025-09
634,2025-09-14 09:15:00,2025-09-14 09:15:00,SHORT,4663.79,4669.45,4668.52,-0.121,-119.32,47.41,0.93,19635.96,-0.36%,18949.71,2761.55,19.42,2025-09
635,2025-09-14 11:15:00,2025-09-14 11:15:00,LONG,4669.45,4656.84,4657.77,-0.27,-206.2,47.13,0.93,19429.76,-0.81%,18743.51,2731.5,20.27,2025-09
636,2025-09-14 20:00:00,2025-09-14 20:00:00,SHORT,4656.84,4625.65,4624.73,0.67,343.75,46.63,0.92,19773.51,2.01%,19087.26,2781.6,18.86,2025-09
637,2025-09-14 20:45:00,2025-09-14 20:45:00,LONG,4625.65,4615.39,4616.31,-0.222,-179.11,47.46,0.92,19594.4,-0.67%,18908.15,2755.49,19.59,2025-09
638,2025-09-14 21:30:00,2025-09-14 21:30:00,SHORT,4615.39,4624.55,4623.63,-0.199,-163.74,47.03,0.92,19430.66,-0.6%,18744.41,2731.63,20.26,2025-09
639,2025-09-14 22:00:00,2025-09-14 22:00:00,LONG,4624.55,4618.51,4619.43,-0.131,-122.82,46.63,0.92,19307.84,-0.39%,18621.59,2713.73,20.77,2025-09
640,2025-09-14 22:30:00,2025-09-14 22:30:00,SHORT,4618.51,4631.7,4630.78,-0.286,-211.83,46.34,0.93,19096.01,-0.86%,18409.76,2682.86,21.64,2025-09
641,2025-09-14 23:00:00,2025-09-14 23:00:00,LONG,4631.7,4619.05,4619.98,-0.273,-202.3,45.83,0.92,18893.72,-0.82%,18207.46,2653.38,22.47,2025-09
642,2025-09-15 03:00:00,2025-09-15 03:00:00,SHORT,4619.05,4629.6,4628.67,-0.228,-174.72,45.34,0.93,18718.99,-0.68%,18032.74,2627.92,23.18,2025-09
643,2025-09-15 06:45:00,2025-09-15 06:45:00,LONG,4629.6,4628.89,4629.82,-0.015,-53.49,44.93,0.93,18665.51,-0.05%,17979.25,2620.13,23.4,2025-09
644,2025-09-15 21:30:00,2025-09-15 21:30:00,SHORT,4628.89,4524.14,4523.24,2.263,1222.34,44.8,0.9,19887.85,6.79%,19201.59,2798.26,18.39,2025-09
645,2025-09-15 22:30:00,2025-09-15 22:30:00,LONG,4524.14,4511.78,4512.68,-0.273,-210.83,47.73,0.9,19677.01,-0.82%,18990.76,2767.53,19.25,2025-09
646,2025-09-15 23:15:00,2025-09-15 23:15:00,SHORT,4511.78,4528.45,4527.54,-0.37,-265.38,47.22,0.91,19411.64,-1.11%,18725.38,2728.86,20.34,2025-09
647,2025-09-16 00:00:00,2025-09-16 00:00:00,LONG,4528.45,4516.42,4517.33,-0.266,-201.25,46.59,0.9,19210.39,-0.8%,18524.13,2699.53,21.17,2025-09
648,2025-09-16 01:00:00,2025-09-16 01:00:00,SHORT,4516.42,4522.53,4521.62,-0.135,-123.99,46.1,0.9,19086.4,-0.41%,18400.14,2681.46,21.68,2025-09
649,2025-09-16 01:45:00,2025-09-16 01:45:00,LONG,4522.53,4517.51,4518.41,-0.111,-109.32,45.81,0.9,18977.08,-0.33%,18290.82,2665.53,22.12,2025-09
650,2025-09-16 02:00:00,2025-09-16 02:00:00,SHORT,4517.51,4529.37,4528.46,-0.263,-194.99,45.54,0.91,18782.08,-0.79%,18095.83,2637.11,22.92,2025-09
651,2025-09-16 04:00:00,2025-09-16 04:00:00,LONG,4529.37,4514.09,4515.0,-0.337,-235.11,45.08,0.9,18546.97,-1.01%,17860.72,2602.85,23.89,2025-09
652,2025-09-16 05:00:00,2025-09-16 05:00:00,SHORT,4514.09,4529.56,4528.66,-0.343,-235.18,44.51,0.91,18311.79,-1.03%,17625.54,2568.58,24.85,2025-09
653,2025-09-16 06:15:00,2025-09-16 06:15:00,LONG,4529.56,4524.88,4525.78,-0.103,-100.74,43.95,0.91,18211.05,-0.31%,17524.8,2553.9,25.27,2025-09
654,2025-09-16 08:00:00,2025-09-16 08:00:00,SHORT,4524.88,4520.59,4519.69,0.095,8.04,43.71,0.9,18219.08,0.28%,17532.84,2555.07,25.24,2025-09
655,2025-09-16 08:15:00,2025-09-16 08:15:00,LONG,4520.59,4518.93,4519.84,-0.037,-63.8,43.73,0.9,18155.29,-0.11%,17469.04,2545.77,25.5,2025-09
656,2025-09-16 17:00:00,2025-09-16 17:00:00,SHORT,4518.93,4478.65,4477.75,0.892,442.02,43.57,0.9,18597.31,2.67%,17911.06,2610.19,23.68,2025-09
657,2025-09-16 17:45:00,2025-09-16 17:45:00,LONG,4478.65,4476.94,4477.83,-0.038,-65.91,44.63,0.9,18531.4,-0.11%,17845.15,2600.58,23.95,2025-09
658,2025-09-16 19:45:00,2025-09-16 19:45:00,SHORT,4476.94,4492.44,4491.54,-0.346,-236.96,44.48,0.9,18294.44,-1.04%,17608.19,2566.05,24.93,2025-09
659,2025-09-17 04:15:00,2025-09-17 04:15:00,LONG,4492.44,4490.24,4491.14,-0.049,-70.77,43.91,0.9,18223.68,-0.15%,17537.42,2555.74,25.22,2025-09
660,2025-09-17 05:45:00,2025-09-17 05:45:00,SHORT,4490.24,4500.31,4499.41,-0.224,-166.4,43.74,0.9,18057.28,-0.67%,17371.02,2531.49,25.9,2025-09
661,2025-09-17 08:30:00,2025-09-17 08:30:00,LONG,4500.31,4499.59,4500.49,-0.016,-52.1,43.34,0.9,18005.18,-0.05%,17318.92,2523.9,26.11,2025-09
662,2025-09-17 08:45:00,2025-09-17 08:45:00,SHORT,4499.59,4514.15,4513.25,-0.324,-218.06,43.21,0.9,17787.12,-0.97%,17100.86,2492.12,27.01,2025-09
663,2025-09-17 09:45:00,2025-09-17 09:45:00,LONG,4514.15,4495.06,4495.96,-0.423,-268.32,42.69,0.9,17518.79,-1.27%,16832.54,2453.02,28.11,2025-09
664,2025-09-17 12:15:00,2025-09-17 12:15:00,SHORT,4495.06,4497.86,4496.96,-0.062,-74.74,42.05,0.9,17444.05,-0.19%,16757.8,2442.12,28.42,2025-09
665,2025-09-17 12:30:00,2025-09-17 12:30:00,LONG,4497.86,4497.26,4498.16,-0.013,-48.79,41.87,0.9,17395.26,-0.04%,16709.01,2435.01,28.62,2025-09
666,2025-09-17 17:30:00,2025-09-17 17:30:00,SHORT,4497.26,4492.21,4491.31,0.112,16.94,41.75,0.9,17412.2,0.34%,16725.95,2437.48,28.55,2025-09
667,2025-09-17 18:30:00,2025-09-17 18:30:00,LONG,4492.21,4446.78,4447.67,-1.011,-569.99,41.79,0.89,16842.21,-3.03%,16155.96,2354.42,30.89,2025-09
668,2025-09-17 22:00:00,2025-09-17 22:00:00,SHORT,4446.78,4544.1,4543.19,-2.188,-1146.16,40.42,0.91,15696.06,-6.57%,15009.8,2187.39,35.59,2025-09
669,2025-09-18 06:00:00,2025-09-18 06:00:00,LONG,4544.1,4581.01,4581.92,0.812,344.79,37.67,0.92,16040.85,2.44%,15354.59,2237.63,34.17,2025-09
670,2025-09-18 08:00:00,2025-09-18 08:00:00,SHORT,4581.01,4582.53,4581.62,-0.033,-54.54,38.5,0.92,15986.31,-0.1%,15300.05,2229.69,34.4,2025-09
671,2025-09-18 10:15:00,2025-09-18 10:15:00,LONG,4582.53,4577.7,4578.62,-0.105,-88.93,38.37,0.92,15897.38,-0.32%,15211.12,2216.73,34.76,2025-09
672,2025-09-18 11:00:00,2025-09-18 11:00:00,SHORT,4577.7,4583.91,4583.0,-0.136,-102.86,38.15,0.92,15794.52,-0.41%,15108.26,2201.74,35.18,2025-09
673,2025-09-18 11:30:00,2025-09-18 11:30:00,LONG,4583.91,4574.73,4575.64,-0.2,-132.84,37.91,0.92,15661.68,-0.6%,14975.42,2182.38,35.73,2025-09
674,2025-09-18 13:00:00,2025-09-18 13:00:00,SHORT,4574.73,4581.16,4580.25,-0.141,-103.67,37.59,0.92,15558.02,-0.42%,14871.75,2167.27,36.16,2025-09
675,2025-09-18 13:30:00,2025-09-18 13:30:00,LONG,4581.16,4574.24,4575.15,-0.151,-107.89,37.34,0.92,15450.13,-0.45%,14763.86,2151.55,36.6,2025-09
676,2025-09-18 14:00:00,2025-09-18 14:00:00,SHORT,4574.24,4604.45,4603.53,-0.66,-343.19,37.08,0.92,15106.93,-1.98%,14420.67,2101.53,38.01,2025-09
677,2025-09-18 19:15:00,2025-09-18 19:15:00,LONG,4604.45,4597.01,4597.92,-0.162,-109.5,36.26,0.92,14997.44,-0.48%,14311.17,2085.58,38.46,2025-09
678,2025-09-18 20:30:00,2025-09-18 20:30:00,SHORT,4597.01,4602.2,4601.28,-0.113,-86.82,35.99,0.92,14910.61,-0.34%,14224.35,2072.92,38.81,2025-09
679,2025-09-18 21:00:00,2025-09-18 21:00:00,LONG,4602.2,4597.13,4598.05,-0.11,-85.03,35.79,0.92,14825.59,-0.33%,14139.32,2060.53,39.16,2025-09
680,2025-09-18 22:15:00,2025-09-18 22:15:00,SHORT,4597.13,4595.02,4594.1,0.046,-15.11,35.58,0.92,14810.48,0.14%,14124.21,2058.33,39.22,2025-09
681,2025-09-18 22:45:00,2025-09-18 22:45:00,LONG,4595.02,4592.85,4593.77,-0.047,-56.47,35.55,0.92,14754.01,-0.14%,14067.74,2050.1,39.45,2025-09
682,2025-09-19 00:15:00,2025-09-19 00:15:00,SHORT,4592.85,4598.61,4597.69,-0.125,-90.91,35.41,0.92,14663.09,-0.38%,13976.83,2036.85,39.83,2025-09
683,2025-09-19 03:15:00,2025-09-19 03:15:00,LONG,4598.61,4587.02,4587.94,-0.252,-146.09,35.19,0.92,14517.0,-0.76%,13830.74,2015.56,40.43,2025-09
684,2025-09-20 05:30:00,2025-09-20 05:30:00,SHORT,4587.02,4481.68,4480.78,2.296,965.29,34.84,0.9,15482.29,6.89%,14796.03,2156.24,36.47,2025-09
685,2025-09-20 06:00:00,2025-09-20 06:00:00,LONG,4481.68,4472.53,4473.43,-0.204,-131.96,37.16,0.89,15350.32,-0.61%,14664.07,2137.0,37.01,2025-09
686,2025-09-20 07:30:00,2025-09-20 07:30:00,SHORT,4472.53,4474.7,4473.81,-0.048,-59.17,36.84,0.89,15291.15,-0.15%,14604.9,2128.38,37.25,2025-09
687,2025-09-20 08:45:00,2025-09-20 08:45:00,LONG,4474.7,4472.02,4472.91,-0.06,-64.2,36.7,0.89,15226.95,-0.18%,14540.7,2119.03,37.51,2025-09
688,2025-09-20 14:30:00,2025-09-20 14:30:00,SHORT,4472.02,4471.16,4470.27,0.019,-27.82,36.54,0.89,15199.13,0.06%,14512.88,2114.97,37.63,2025-09
689,2025-09-20 18:45:00,2025-09-20 18:45:00,LONG,4471.16,4476.32,4477.21,0.115,16.07,36.48,0.9,15215.19,0.35%,14528.95,2117.31,37.56,2025-09
690,2025-09-20 19:15:00,2025-09-20 19:15:00,SHORT,4476.32,4484.59,4483.7,-0.185,-120.91,36.52,0.9,15094.28,-0.55%,14408.04,2099.69,38.06,2025-09
691,2025-09-20 23:15:00,2025-09-20 23:15:00,LONG,4484.59,4484.17,4485.06,-0.009,-40.52,36.23,0.9,15053.77,-0.03%,14367.52,2093.79,38.22,2025-09
692,2025-09-21 00:45:00,2025-09-21 00:45:00,SHORT,4484.17,4488.57,4487.68,-0.098,-80.51,36.13,0.9,14973.26,-0.29%,14287.01,2082.05,38.55,2025-09
693,2025-09-21 01:30:00,2025-09-21 01:30:00,LONG,4488.57,4479.72,4480.61,-0.197,-124.56,35.94,0.9,14848.69,-0.59%,14162.45,2063.9,39.07,2025-09
694,2025-09-21 02:00:00,2025-09-21 02:00:00,SHORT,4479.72,4486.09,4485.2,-0.142,-99.04,35.64,0.9,14749.65,-0.43%,14063.41,2049.47,39.47,2025-09
695,2025-09-21 02:15:00,2025-09-21 02:15:00,LONG,4486.09,4481.43,4482.32,-0.104,-81.46,35.4,0.9,14668.19,-0.31%,13981.95,2037.6,39.81,2025-09
696,2025-09-21 06:00:00,2025-09-21 06:00:00,SHORT,4481.43,4481.32,4480.42,0.002,-34.14,35.2,0.9,14634.05,0.01%,13947.81,2032.62,39.95,2025-09
697,2025-09-21 08:00:00,2025-09-21 08:00:00,LONG,4481.32,4473.23,4474.12,-0.181,-114.39,35.12,0.89,14519.66,-0.54%,13833.42,2015.95,40.42,2025-09
698,2025-09-21 13:45:00,2025-09-21 13:45:00,SHORT,4473.23,4477.15,4476.25,-0.088,-73.02,34.85,0.9,14446.64,-0.26%,13760.4,2005.31,40.72,2025-09
699,2025-09-21 16:30:00,2025-09-21 16:30:00,LONG,4477.15,4477.98,4478.88,0.019,-26.59,34.67,0.9,14420.05,0.06%,13733.81,2001.44,40.82,2025-09
700,2025-09-21 17:45:00,2025-09-21 17:45:00,SHORT,4477.98,4482.98,4482.08,-0.112,-82.88,34.61,0.9,14337.17,-0.33%,13650.93,1989.36,41.17,2025-09
701,2025-09-21 21:15:00,2025-09-21 21:15:00,LONG,4482.98,4469.11,4470.01,-0.309,-167.44,34.41,0.89,14169.72,-0.93%,13483.49,1964.95,41.85,2025-09
702,2025-09-22 23:00:00,2025-09-22 23:00:00,SHORT,4469.11,4198.46,4197.62,6.056,2540.34,34.01,0.84,16710.06,18.17%,16023.83,2335.16,31.43,2025-09
703,2025-09-23 01:00:00,2025-09-23 01:00:00,LONG,4198.46,4182.42,4183.26,-0.382,-231.66,40.1,0.84,16478.41,-1.15%,15792.17,2301.4,32.38,2025-09
704,2025-09-23 01:15:00,2025-09-23 01:15:00,SHORT,4182.42,4187.54,4186.7,-0.122,-100.06,39.55,0.84,16378.35,-0.37%,15692.11,2286.82,32.79,2025-09
705,2025-09-23 01:30:00,2025-09-23 01:30:00,LONG,4187.54,4186.01,4186.84,-0.037,-57.31,39.31,0.84,16321.04,-0.11%,15634.8,2278.47,33.02,2025-09
706,2025-09-23 06:00:00,2025-09-23 06:00:00,SHORT,4186.01,4193.63,4192.79,-0.182,-128.33,39.17,0.84,16192.7,-0.55%,15506.47,2259.76,33.55,2025-09
707,2025-09-23 11:00:00,2025-09-23 11:00:00,LONG,4193.63,4185.9,4186.74,-0.184,-128.39,38.86,0.84,16064.32,-0.55%,15378.08,2241.06,34.08,2025-09
708,2025-09-23 12:30:00,2025-09-23 12:30:00,SHORT,4185.9,4194.93,4194.09,-0.216,-142.51,38.55,0.84,15921.8,-0.65%,15235.57,2220.29,34.66,2025-09
709,2025-09-23 14:15:00,2025-09-23 14:15:00,LONG,4194.93,4183.57,4184.41,-0.271,-167.54,38.21,0.84,15754.27,-0.81%,15068.03,2195.87,35.35,2025-09
710,2025-09-23 15:15:00,2025-09-23 15:15:00,SHORT,4183.57,4201.67,4200.83,-0.432,-242.22,37.81,0.84,15512.05,-1.3%,14825.81,2160.57,36.34,2025-09
711,2025-09-23 16:00:00,2025-09-23 16:00:00,LONG,4201.67,4165.17,4166.0,-0.869,-441.48,37.23,0.83,15070.57,-2.61%,14384.33,2096.24,38.16,2025-09
712,2025-09-23 16:45:00,2025-09-23 16:45:00,SHORT,4165.17,4187.2,4186.36,-0.529,-275.36,36.17,0.84,14795.2,-1.59%,14108.97,2056.11,39.29,2025-09
713,2025-09-23 17:00:00,2025-09-23 17:00:00,LONG,4187.2,4174.8,4175.64,-0.296,-166.94,35.51,0.84,14628.27,-0.89%,13942.03,2031.78,39.97,2025-09
714,2025-09-23 21:30:00,2025-09-23 21:30:00,SHORT,4174.8,4188.02,4187.19,-0.317,-174.07,35.11,0.84,14454.2,-0.95%,13767.96,2006.41,40.68,2025-09
715,2025-09-23 22:15:00,2025-09-23 22:15:00,LONG,4188.02,4168.96,4169.8,-0.455,-232.02,34.69,0.83,14222.17,-1.37%,13535.94,1972.6,41.64,2025-09
716,2025-09-23 22:30:00,2025-09-23 22:30:00,SHORT,4168.96,4179.52,4178.68,-0.253,-142.16,34.13,0.84,14080.01,-0.76%,13393.78,1951.88,42.22,2025-09
717,2025-09-23 23:15:00,2025-09-23 23:15:00,LONG,4179.52,4172.15,4172.98,-0.176,-108.27,33.79,0.83,13971.74,-0.53%,13285.51,1936.1,42.66,2025-09
718,2025-09-24 00:15:00,2025-09-24 00:15:00,SHORT,4172.15,4182.18,4181.34,-0.24,-134.25,33.53,0.84,13837.49,-0.72%,13151.26,1916.54,43.22,2025-09
719,2025-09-24 02:00:00,2025-09-24 02:00:00,LONG,4182.18,4180.79,4181.63,-0.033,-46.96,33.21,0.84,13790.53,-0.1%,13104.3,1909.7,43.41,2025-09
720,2025-09-24 06:45:00,2025-09-24 06:45:00,SHORT,4180.79,4183.89,4183.05,-0.074,-63.77,33.1,0.84,13726.76,-0.22%,13040.53,1900.4,43.67,2025-09
721,2025-09-24 10:15:00,2025-09-24 10:15:00,LONG,4183.89,4174.47,4175.31,-0.225,-125.61,32.94,0.84,13601.15,-0.68%,12914.92,1882.1,44.19,2025-09
722,2025-09-24 10:30:00,2025-09-24 10:30:00,SHORT,4174.47,4174.97,4174.14,-0.012,-37.53,32.64,0.83,13563.61,-0.04%,12877.39,1876.63,44.34,2025-09
723,2025-09-24 13:30:00,2025-09-24 13:30:00,LONG,4174.97,4167.49,4168.33,-0.179,-105.46,32.55,0.83,13458.15,-0.54%,12771.93,1861.26,44.77,2025-09
724,2025-09-24 14:45:00,2025-09-24 14:45:00,SHORT,4167.49,4197.16,4196.32,-0.712,-319.66,32.3,0.84,13138.5,-2.14%,12452.27,1814.68,46.08,2025-09
725,2025-09-24 15:45:00,2025-09-24 15:45:00,LONG,4197.16,4180.19,4181.03,-0.404,-190.81,31.53,0.84,12947.68,-1.21%,12261.46,1786.87,46.87,2025-09
726,2025-09-24 17:00:00,2025-09-24 17:00:00,SHORT,4180.19,4185.25,4184.41,-0.121,-78.02,31.07,0.84,12869.66,-0.36%,12183.44,1775.5,47.19,2025-09
727,2025-09-24 18:00:00,2025-09-24 18:00:00,LONG,4185.25,4174.59,4175.43,-0.255,-129.2,30.89,0.84,12740.46,-0.76%,12054.24,1756.67,47.72,2025-09
728,2025-09-26 00:45:00,2025-09-26 00:45:00,SHORT,4174.59,3895.59,3894.81,6.683,2523.89,30.58,0.78,15264.35,20.05%,14578.13,2124.48,37.36,2025-09
729,2025-09-26 05:45:00,2025-09-26 05:45:00,LONG,3895.59,3932.98,3933.76,0.96,402.86,36.63,0.79,15667.21,2.88%,14980.99,2183.18,35.71,2025-09
730,2025-09-26 12:30:00,2025-09-26 12:30:00,SHORT,3932.98,3920.58,3919.8,0.315,110.49,37.6,0.78,15777.69,0.95%,15091.48,2199.28,35.25,2025-09
731,2025-09-27 07:30:00,2025-09-27 07:30:00,LONG,3920.58,4009.82,4010.62,2.276,1039.45,37.87,0.8,16817.14,6.83%,16130.93,2350.76,30.99,2025-09
732,2025-09-27 10:30:00,2025-09-27 10:30:00,SHORT,4009.82,3997.3,3996.5,0.312,117.18,40.36,0.8,16934.32,0.94%,16248.11,2367.84,30.51,2025-09
733,2025-09-27 11:30:00,2025-09-27 11:30:00,LONG,3997.3,4003.08,4003.88,0.145,32.82,40.64,0.8,16967.14,0.43%,16280.93,2372.62,30.37,2025-09
734,2025-09-27 12:30:00,2025-09-27 12:30:00,SHORT,4003.08,4003.84,4003.04,-0.019,-50.47,40.72,0.8,16916.67,-0.06%,16230.46,2365.27,30.58,2025-09
735,2025-09-27 15:00:00,2025-09-27 15:00:00,LONG,4003.84,4008.2,4009.0,0.109,14.6,40.6,0.8,16931.27,0.33%,16245.06,2367.4,30.52,2025-09
736,2025-09-27 15:15:00,2025-09-27 15:15:00,SHORT,4008.2,4010.66,4009.86,-0.061,-71.86,40.64,0.8,16859.41,-0.18%,16173.2,2356.92,30.81,2025-09
737,2025-09-27 17:00:00,2025-09-27 17:00:00,LONG,4010.66,4001.14,4001.94,-0.237,-160.56,40.46,0.8,16698.85,-0.71%,16012.64,2333.53,31.47,2025-09
738,2025-09-27 21:00:00,2025-09-27 21:00:00,SHORT,4001.14,4011.7,4010.89,-0.264,-172.25,40.08,0.8,16526.59,-0.79%,15840.39,2308.42,32.18,2025-09
739,2025-09-28 01:00:00,2025-09-28 01:00:00,LONG,4011.7,4005.36,4006.17,-0.158,-117.92,39.66,0.8,16408.68,-0.47%,15722.47,2291.24,32.66,2025-09
740,2025-09-28 05:15:00,2025-09-28 05:15:00,SHORT,4005.36,4008.81,4008.01,-0.086,-81.75,39.38,0.8,16326.92,-0.26%,15640.72,2279.32,33.0,2025-09
741,2025-09-28 06:15:00,2025-09-28 06:15:00,LONG,4008.81,4005.56,4006.36,-0.081,-78.87,39.18,0.8,16248.05,-0.24%,15561.85,2267.83,33.32,2025-09
742,2025-09-28 13:45:00,2025-09-28 13:45:00,SHORT,4005.56,4013.75,4012.95,-0.204,-138.66,39.0,0.8,16109.38,-0.61%,15423.19,2247.62,33.89,2025-09
743,2025-09-29 07:15:00,2025-09-29 07:15:00,LONG,4013.75,4088.92,4089.73,1.873,866.34,38.66,0.82,16975.72,5.62%,16289.53,2373.87,30.34,2025-09
744,2025-09-29 07:30:00,2025-09-29 07:30:00,SHORT,4088.92,4102.74,4101.92,-0.338,-212.93,40.74,0.82,16762.79,-1.01%,16076.6,2342.84,31.21,2025-09
745,2025-09-29 11:00:00,2025-09-29 11:00:00,LONG,4102.74,4108.73,4109.55,0.146,33.21,40.23,0.82,16795.99,0.44%,16109.81,2347.68,31.07,2025-09
746,2025-09-29 13:30:00,2025-09-29 13:30:00,SHORT,4108.73,4123.87,4123.05,-0.368,-225.96,40.31,0.82,16570.03,-1.11%,15883.85,2314.75,32.0,2025-09
747,2025-09-30 04:45:00,2025-09-30 04:45:00,LONG,4123.87,4189.49,4190.33,1.591,751.23,39.77,0.84,17321.26,4.77%,16635.08,2424.23,28.92,2025-09
748,2025-09-30 07:00:00,2025-09-30 07:00:00,SHORT,4189.49,4200.49,4199.65,-0.263,-177.99,41.57,0.84,17143.28,-0.79%,16457.09,2398.29,29.65,2025-09
749,2025-09-30 07:30:00,2025-09-30 07:30:00,LONG,4200.49,4182.88,4183.72,-0.419,-256.73,41.14,0.84,16886.54,-1.26%,16200.36,2360.88,30.7,2025-09
750,2025-09-30 19:45:00,2025-09-30 19:45:00,SHORT,4182.88,4145.25,4144.42,0.9,415.26,40.53,0.83,17301.8,2.7%,16615.62,2421.39,29.0,2025-09
751,2025-09-30 22:30:00,2025-09-30 22:30:00,LONG,4145.25,4143.03,4143.86,-0.053,-69.24,41.52,0.83,17232.57,-0.16%,16546.38,2411.3,29.28,2025-09
752,2025-10-01 00:45:00,2025-10-01 00:45:00,SHORT,4143.03,4135.78,4134.95,0.175,49.19,41.36,0.83,17281.75,0.53%,16595.57,2418.47,29.08,2025-10
753,2025-10-01 03:15:00,2025-10-01 03:15:00,LONG,4135.78,4143.45,4144.27,0.185,54.64,41.48,0.83,17336.39,0.56%,16650.21,2426.43,28.86,2025-10
754,2025-10-01 04:15:00,2025-10-01 04:15:00,SHORT,4143.45,4151.82,4150.99,-0.202,-146.76,41.61,0.83,17189.63,-0.61%,16503.45,2405.05,29.46,2025-10
755,2025-10-01 04:45:00,2025-10-01 04:45:00,LONG,4151.82,4136.61,4137.44,-0.366,-230.21,41.26,0.83,16959.43,-1.1%,16273.24,2371.5,30.4,2025-10
756,2025-10-01 05:00:00,2025-10-01 05:00:00,SHORT,4136.61,4151.19,4150.36,-0.352,-220.03,40.7,0.83,16739.4,-1.06%,16053.21,2339.43,31.31,2025-10
757,2025-10-01 06:15:00,2025-10-01 06:15:00,LONG,4151.19,4131.69,4132.52,-0.47,-276.07,40.17,0.83,16463.32,-1.41%,15777.14,2299.2,32.44,2025-10
758,2025-10-01 08:00:00,2025-10-01 08:00:00,SHORT,4131.69,4153.7,4152.87,-0.533,-302.66,39.51,0.83,16160.66,-1.6%,15474.48,2255.09,33.68,2025-10
759,2025-10-02 14:45:00,2025-10-02 14:45:00,LONG,4153.7,4366.84,4367.71,5.131,2448.93,38.79,0.87,18609.59,15.39%,17923.41,2611.98,23.63,2025-10
760,2025-10-02 15:00:00,2025-10-02 15:00:00,SHORT,4366.84,4395.48,4394.6,-0.656,-410.78,44.66,0.88,18198.81,-1.97%,17512.63,2552.11,25.32,2025-10
761,2025-10-03 06:45:00,2025-10-03 06:45:00,LONG,4395.48,4465.35,4466.24,1.59,824.22,43.68,0.89,19023.03,4.77%,18336.85,2672.23,21.94,2025-10
762,2025-10-03 09:15:00,2025-10-03 09:15:00,SHORT,4465.35,4474.04,4473.15,-0.195,-156.73,45.66,0.89,18866.29,-0.58%,18180.12,2649.39,22.58,2025-10
763,2025-10-03 13:00:00,2025-10-03 13:00:00,LONG,4474.04,4473.19,4474.08,-0.019,-56.04,45.28,0.89,18810.25,-0.06%,18124.08,2641.22,22.81,2025-10
764,2025-10-03 13:15:00,2025-10-03 13:15:00,SHORT,4473.19,4479.6,4478.7,-0.143,-125.99,45.14,0.9,18684.26,-0.43%,17998.09,2622.86,23.33,2025-10
765,2025-10-03 13:30:00,2025-10-03 13:30:00,LONG,4479.6,4475.89,4476.78,-0.083,-91.24,44.84,0.9,18593.02,-0.25%,17906.85,2609.56,23.7,2025-10
766,2025-10-03 15:15:00,2025-10-03 15:15:00,SHORT,4475.89,4487.46,4486.57,-0.259,-188.87,44.62,0.9,18404.15,-0.78%,17717.98,2582.04,24.48,2025-10
767,2025-10-03 17:45:00,2025-10-03 17:45:00,LONG,4487.46,4471.23,4472.13,-0.362,-243.87,44.17,0.89,18160.28,-1.09%,17474.11,2546.5,25.48,2025-10
768,2025-10-03 19:15:00,2025-10-03 19:15:00,SHORT,4471.23,4528.73,4527.82,-1.286,-744.13,43.58,0.91,17416.14,-3.86%,16729.98,2438.06,28.53,2025-10
769,2025-10-04 00:00:00,2025-10-04 00:00:00,LONG,4528.73,4504.16,4505.06,-0.542,-325.24,41.8,0.9,17090.9,-1.63%,16404.74,2390.66,29.86,2025-10
770,2025-10-04 05:00:00,2025-10-04 05:00:00,SHORT,4504.16,4502.68,4501.78,0.033,-24.18,41.02,0.9,17066.72,0.1%,16380.56,2387.13,29.96,2025-10
771,2025-10-04 07:45:00,2025-10-04 07:45:00,LONG,4502.68,4497.33,4498.23,-0.119,-101.8,40.96,0.9,16964.92,-0.36%,16278.76,2372.3,30.38,2025-10
772,2025-10-04 10:15:00,2025-10-04 10:15:00,SHORT,4497.33,4503.71,4502.81,-0.142,-112.89,40.72,0.9,16852.03,-0.43%,16165.87,2355.85,30.84,2025-10
773,2025-10-04 10:30:00,2025-10-04 10:30:00,LONG,4503.71,4494.24,4495.14,-0.21,-146.73,40.44,0.9,16705.3,-0.63%,16019.14,2334.47,31.45,2025-10
774,2025-10-04 13:00:00,2025-10-04 13:00:00,SHORT,4494.24,4487.48,4486.58,0.15,35.25,40.09,0.9,16740.55,0.45%,16054.39,2339.6,31.3,2025-10
775,2025-10-04 14:45:00,2025-10-04 14:45:00,LONG,4487.48,4490.41,4491.31,0.065,-7.43,40.18,0.9,16733.12,0.2%,16046.96,2338.52,31.33,2025-10
776,2025-10-04 20:15:00,2025-10-04 20:15:00,SHORT,4490.41,4480.14,4479.24,0.229,74.66,40.16,0.9,16807.78,0.69%,16121.62,2349.4,31.03,2025-10
777,2025-10-04 20:45:00,2025-10-04 20:45:00,LONG,4480.14,4477.43,4478.32,-0.06,-70.82,40.34,0.9,16736.96,-0.18%,16050.8,2339.08,31.32,2025-10
778,2025-10-04 21:00:00,2025-10-04 21:00:00,SHORT,4477.43,4481.68,4480.79,-0.095,-87.87,40.17,0.9,16649.09,-0.29%,15962.93,2326.27,31.68,2025-10
779,2025-10-05 00:30:00,2025-10-05 00:30:00,LONG,4481.68,4487.27,4488.17,0.125,22.32,39.96,0.9,16671.41,0.37%,15985.25,2329.53,31.59,2025-10
780,2025-10-05 02:15:00,2025-10-05 02:15:00,SHORT,4487.27,4490.21,4489.31,-0.065,-72.72,40.01,0.9,16598.68,-0.2%,15912.53,2318.93,31.88,2025-10
781,2025-10-05 10:00:00,2025-10-05 10:00:00,LONG,4490.21,4534.68,4535.58,0.99,453.34,39.84,0.91,17052.03,2.97%,16365.87,2384.99,30.02,2025-10
782,2025-10-05 11:15:00,2025-10-05 11:15:00,SHORT,4534.68,4550.61,4549.7,-0.351,-220.63,40.92,0.91,16831.39,-1.05%,16145.24,2352.84,30.93,2025-10
783,2025-10-05 12:30:00,2025-10-05 12:30:00,LONG,4550.61,4533.78,4534.68,-0.37,-227.15,40.4,0.91,16604.24,-1.11%,15918.09,2319.74,31.86,2025-10
784,2025-10-05 14:00:00,2025-10-05 14:00:00,SHORT,4533.78,4546.86,4545.95,-0.289,-183.64,39.85,0.91,16420.6,-0.87%,15734.45,2292.98,32.62,2025-10
785,2025-10-05 14:30:00,2025-10-05 14:30:00,LONG,4546.86,4540.35,4541.26,-0.143,-110.02,39.41,0.91,16310.58,-0.43%,15624.43,2276.94,33.07,2025-10
786,2025-10-05 23:00:00,2025-10-05 23:00:00,SHORT,4540.35,4522.4,4521.5,0.395,154.23,39.15,0.9,16464.81,1.19%,15778.66,2299.42,32.43,2025-10
787,2025-10-06 00:30:00,2025-10-06 00:30:00,LONG,4522.4,4500.44,4501.34,-0.486,-279.44,39.52,0.9,16185.37,-1.46%,15499.22,2258.7,33.58,2025-10
788,2025-10-06 01:15:00,2025-10-06 01:15:00,SHORT,4500.44,4523.03,4522.13,-0.502,-282.63,38.84,0.9,15902.74,-1.51%,15216.59,2217.51,34.74,2025-10
789,2025-10-06 05:00:00,2025-10-06 05:00:00,LONG,4523.03,4515.33,4516.23,-0.17,-119.39,38.17,0.9,15783.35,-0.51%,15097.2,2200.11,35.23,2025-10
790,2025-10-06 06:00:00,2025-10-06 06:00:00,SHORT,4515.33,4536.97,4536.07,-0.479,-264.83,37.88,0.91,15518.51,-1.44%,14832.37,2161.51,36.32,2025-10
791,2025-10-07 06:15:00,2025-10-07 06:15:00,LONG,4536.97,4689.54,4690.48,3.363,1528.29,37.24,0.94,17046.81,10.09%,16360.66,2384.23,30.05,2025-10
792,2025-10-07 10:00:00,2025-10-07 10:00:00,SHORT,4689.54,4690.04,4689.1,-0.011,-46.35,40.91,0.94,17000.45,-0.03%,16314.31,2377.48,30.24,2025-10
793,2025-10-07 13:30:00,2025-10-07 13:30:00,LONG,4690.04,4737.19,4738.14,1.005,471.92,40.8,0.95,17472.37,3.02%,16786.23,2446.25,28.3,2025-10
794,2025-10-08 08:30:00,2025-10-08 08:30:00,SHORT,4737.19,4484.3,4483.41,5.338,2756.24,41.93,0.9,20228.61,16.01%,19542.47,2847.92,16.99,2025-10
795,2025-10-08 08:45:00,2025-10-08 08:45:00,LONG,4484.3,4480.25,4481.14,-0.09,-103.46,48.55,0.9,20125.14,-0.27%,19439.01,2832.84,17.41,2025-10
796,2025-10-08 10:00:00,2025-10-08 10:00:00,SHORT,4480.25,4494.9,4494.0,-0.327,-245.83,48.3,0.9,19879.31,-0.98%,19193.18,2797.01,18.42,2025-10
797,2025-10-08 12:15:00,2025-10-08 12:15:00,LONG,4494.9,4480.38,4481.28,-0.323,-240.37,47.71,0.9,19638.94,-0.97%,18952.81,2761.98,19.41,2025-10
798,2025-10-08 14:00:00,2025-10-08 14:00:00,SHORT,4480.38,4494.77,4493.87,-0.321,-236.37,47.13,0.9,19402.57,-0.96%,18716.44,2727.54,20.38,2025-10
799,2025-10-08 14:30:00,2025-10-08 14:30:00,LONG,4494.77,4461.48,4462.37,-0.741,-477.69,46.57,0.89,18924.88,-2.22%,18238.75,2657.92,22.34,2025-10
800,2025-10-08 16:45:00,2025-10-08 16:45:00,SHORT,4461.48,4478.44,4477.55,-0.38,-261.26,45.42,0.9,18663.62,-1.14%,17977.49,2619.85,23.41,2025-10
801,2025-10-09 01:00:00,2025-10-09 01:00:00,LONG,4478.44,4501.24,4502.14,0.509,240.21,44.79,0.9,18903.83,1.53%,18217.7,2654.86,22.43,2025-10
802,2025-10-09 21:00:00,2025-10-09 21:00:00,SHORT,4501.24,4348.37,4347.5,3.396,1880.6,45.37,0.87,20784.43,10.19%,20098.3,2928.92,14.71,2025-10
803,2025-10-10 02:45:00,2025-10-10 02:45:00,LONG,4348.37,4355.83,4356.71,0.172,57.11,49.88,0.87,20841.53,0.51%,20155.41,2937.24,14.47,2025-10
804,2025-10-10 03:15:00,2025-10-10 03:15:00,SHORT,4355.83,4367.0,4366.12,-0.256,-210.23,50.02,0.87,20631.31,-0.77%,19945.18,2906.6,15.34,2025-10
805,2025-10-10 03:45:00,2025-10-10 03:45:00,LONG,4367.0,4371.5,4372.37,0.103,14.26,49.52,0.87,20645.57,0.31%,19959.44,2908.68,15.28,2025-10
806,2025-10-10 12:45:00,2025-10-10 12:45:00,SHORT,4371.5,4348.03,4347.16,0.537,282.9,49.55,0.87,20928.47,1.61%,20242.34,2949.91,14.12,2025-10
807,2025-10-10 14:15:00,2025-10-10 14:15:00,LONG,4348.03,4331.36,4332.23,-0.383,-290.9,50.23,0.87,20637.57,-1.15%,19951.44,2907.52,15.31,2025-10
808,2025-10-11 10:15:00,2025-10-11 10:15:00,SHORT,4331.36,3850.23,3849.46,11.108,6827.86,49.53,0.77,27465.43,33.32%,26779.3,3902.54,0.0,2025-10
809,2025-10-11 10:30:00,2025-10-11 10:30:00,LONG,3850.23,3838.43,3839.2,-0.306,-318.35,65.92,0.77,27147.08,-0.92%,26460.95,3856.15,1.16,2025-10
810,2025-10-11 15:00:00,2025-10-11 15:00:00,SHORT,3838.43,3831.43,3830.66,0.183,83.5,65.15,0.77,27230.58,0.55%,26544.45,3868.32,0.86,2025-10
811,2025-10-11 15:30:00,2025-10-11 15:30:00,LONG,3831.43,3821.81,3822.58,-0.251,-270.32,65.35,0.76,26960.26,-0.75%,26274.13,3828.92,1.84,2025-10
812,2025-10-11 16:00:00,2025-10-11 16:00:00,SHORT,3821.81,3842.47,3841.7,-0.54,-501.85,64.7,0.77,26458.41,-1.62%,25772.28,3755.79,3.67,2025-10
813,2025-10-11 16:30:00,2025-10-11 16:30:00,LONG,3842.47,3815.23,3816.0,-0.709,-626.11,63.5,0.76,25832.29,-2.13%,25146.17,3664.54,5.95,2025-10
814,2025-10-12 03:00:00,2025-10-12 03:00:00,SHORT,3815.23,3753.91,3753.16,1.607,1183.54,62.0,0.75,27015.83,4.82%,26329.71,3837.02,1.64,2025-10
815,2025-10-12 13:45:00,2025-10-12 13:45:00,LONG,3753.91,3801.79,3802.55,1.275,968.74,64.84,0.76,27984.57,3.83%,27298.45,3978.19,0.0,2025-10
816,2025-10-12 14:45:00,2025-10-12 14:45:00,SHORT,3801.79,3855.22,3854.45,-1.405,-1247.09,67.16,0.77,26737.48,-4.22%,26051.36,3796.46,4.46,2025-10
817,2025-10-13 11:00:00,2025-10-13 11:00:00,LONG,3855.22,4140.2,4141.02,7.392,5865.08,64.17,0.83,32602.56,22.18%,31916.44,4651.17,0.0,2025-10
818,2025-10-13 13:30:00,2025-10-13 13:30:00,SHORT,4140.2,4122.74,4121.92,0.422,334.12,78.25,0.82,32936.68,1.26%,32250.56,4699.87,0.0,2025-10
819,2025-10-13 14:15:00,2025-10-13 14:15:00,LONG,4122.74,4102.88,4103.7,-0.482,-555.05,79.05,0.82,32381.63,-1.45%,31695.51,4618.98,1.69,2025-10
820,2025-10-13 15:45:00,2025-10-13 15:45:00,SHORT,4102.88,4147.81,4146.99,-1.095,-1141.67,77.72,0.83,31239.96,-3.29%,30553.84,4452.6,5.15,2025-10
821,2025-10-14 01:45:00,2025-10-14 01:45:00,LONG,4147.81,4203.08,4203.92,1.332,1173.64,74.98,0.84,32413.61,4.0%,31727.48,4623.64,1.59,2025-10
822,2025-10-14 15:30:00,2025-10-14 15:30:00,SHORT,4203.08,4013.33,4012.53,4.514,4312.08,77.79,0.8,36725.69,13.54%,36039.56,5252.04,0.0,2025-10
823,2025-10-14 19:30:00,2025-10-14 19:30:00,LONG,4013.33,4113.5,4114.32,2.496,2661.75,88.14,0.82,39387.44,7.49%,38701.31,5639.94,0.0,2025-10
824,2025-10-14 19:45:00,2025-10-14 19:45:00,SHORT,4113.5,4086.19,4085.37,0.664,689.92,94.53,0.82,40077.36,1.99%,39391.23,5740.48,0.0,2025-10
825,2025-10-15 03:15:00,2025-10-15 03:15:00,LONG,4086.19,4086.18,4087.0,-0.0,-96.44,96.19,0.82,39980.93,-0.0%,39294.79,5726.43,0.24,2025-10
826,2025-10-15 04:15:00,2025-10-15 04:15:00,SHORT,4086.18,4106.09,4105.27,-0.487,-680.33,95.95,0.82,39300.59,-1.46%,38614.46,5627.28,1.94,2025-10
827,2025-10-15 06:15:00,2025-10-15 06:15:00,LONG,4106.09,4085.02,4085.84,-0.513,-699.2,94.32,0.82,38601.39,-1.54%,37915.26,5525.38,3.68,2025-10
828,2025-10-15 06:30:00,2025-10-15 06:30:00,SHORT,4085.02,4100.18,4099.36,-0.371,-522.34,92.64,0.82,38079.06,-1.11%,37392.92,5449.27,4.99,2025-10
829,2025-10-15 11:15:00,2025-10-15 11:15:00,LONG,4100.18,4098.49,4099.31,-0.041,-138.65,91.39,0.82,37940.41,-0.12%,37254.27,5429.06,5.33,2025-10
830,2025-10-16 01:45:00,2025-10-16 01:45:00,SHORT,4098.49,4011.97,4011.17,2.111,2311.68,91.06,0.8,40252.09,6.33%,39565.95,5765.94,0.0,2025-10
831,2025-10-16 04:30:00,2025-10-16 04:30:00,LONG,4011.97,4015.69,4016.49,0.093,15.47,96.61,0.8,40267.55,0.28%,39581.42,5768.19,0.0,2025-10
832,2025-10-16 05:30:00,2025-10-16 05:30:00,SHORT,4015.69,4010.63,4009.82,0.126,55.7,96.64,0.8,40323.26,0.38%,39637.12,5776.31,0.0,2025-10
833,2025-10-16 05:45:00,2025-10-16 05:45:00,LONG,4010.63,4003.81,4004.61,-0.17,-302.52,96.78,0.8,40020.73,-0.51%,39334.6,5732.23,0.75,2025-10
834,2025-10-16 06:15:00,2025-10-16 06:15:00,SHORT,4003.81,4018.77,4017.97,-0.374,-544.9,96.05,0.8,39475.84,-1.12%,38789.7,5652.82,2.1,2025-10
835,2025-10-16 07:15:00,2025-10-16 07:15:00,LONG,4018.77,4018.17,4018.97,-0.015,-112.6,94.74,0.8,39363.24,-0.05%,38677.1,5636.41,2.38,2025-10
836,2025-10-16 09:45:00,2025-10-16 09:45:00,SHORT,4018.17,4042.91,4042.1,-0.616,-821.71,94.47,0.81,38541.53,-1.85%,37855.39,5516.66,4.42,2025-10
837,2025-10-16 13:45:00,2025-10-16 13:45:00,LONG,4042.91,4038.61,4039.42,-0.106,-215.46,92.5,0.81,38326.08,-0.32%,37639.93,5485.26,4.95,2025-10
838,2025-10-16 14:30:00,2025-10-16 14:30:00,SHORT,4038.61,4023.53,4022.72,0.374,337.56,91.98,0.8,38663.63,1.12%,37977.49,5534.45,4.12,2025-10
839,2025-10-16 14:45:00,2025-10-16 14:45:00,LONG,4023.53,4021.46,4022.27,-0.051,-152.32,92.79,0.8,38511.31,-0.15%,37825.17,5512.26,4.49,2025-10
840,2025-10-17 00:30:00,2025-10-17 00:30:00,SHORT,4021.46,3926.6,3925.82,2.359,2632.79,92.43,0.79,41144.1,7.08%,40457.96,5895.93,0.0,2025-10
841,2025-10-17 01:30:00,2025-10-17 01:30:00,LONG,3926.6,3916.18,3916.97,-0.265,-426.24,98.75,0.78,40717.87,-0.8%,40031.72,5833.82,1.04,2025-10
842,2025-10-17 02:30:00,2025-10-17 02:30:00,SHORT,3916.18,3916.79,3916.0,-0.015,-116.55,97.72,0.78,40601.32,-0.05%,39915.17,5816.83,1.32,2025-10
843,2025-10-17 04:45:00,2025-10-17 04:45:00,LONG,3916.79,3910.59,3911.37,-0.158,-290.2,97.44,0.78,40311.11,-0.47%,39624.97,5774.54,2.02,2025-10
844,2025-10-17 05:15:00,2025-10-17 05:15:00,SHORT,3910.59,3919.88,3919.1,-0.238,-384.09,96.75,0.78,39927.03,-0.71%,39240.88,5718.57,2.96,2025-10
845,2025-10-17 05:30:00,2025-10-17 05:30:00,LONG,3919.88,3910.99,3911.77,-0.227,-367.45,95.82,0.78,39559.57,-0.68%,38873.43,5665.02,3.85,2025-10
846,2025-10-17 15:45:00,2025-10-17 15:45:00,SHORT,3910.99,3800.28,3799.52,2.831,3264.72,94.94,0.76,42824.29,8.49%,42138.15,6140.79,0.0,2025-10
847,2025-10-18 00:00:00,2025-10-18 00:00:00,LONG,3800.28,3823.53,3824.29,0.612,683.24,102.78,0.76,43507.53,1.84%,42821.39,6240.36,0.0,2025-10
848,2025-10-18 00:15:00,2025-10-18 00:15:00,SHORT,3823.53,3831.8,3831.03,-0.216,-386.73,104.42,0.77,43120.8,-0.65%,42434.66,6184.0,0.89,2025-10
849,2025-10-18 04:30:00,2025-10-18 04:30:00,LONG,3831.8,3846.49,3847.26,0.383,392.43,103.49,0.77,43513.23,1.15%,42827.09,6241.19,0.0,2025-10
850,2025-10-18 05:00:00,2025-10-18 05:00:00,SHORT,3846.49,3854.26,3853.49,-0.202,-368.35,104.43,0.77,43144.87,-0.61%,42458.74,6187.51,0.85,2025-10
851,2025-10-18 13:30:00,2025-10-18 13:30:00,LONG,3854.26,3864.54,3865.31,0.267,241.62,103.55,0.77,43386.49,0.8%,42700.36,6222.72,0.29,2025-10
852,2025-10-18 14:30:00,2025-10-18 14:30:00,SHORT,3864.54,3880.18,3879.4,-0.405,-630.8,104.13,0.78,42755.69,-1.21%,42069.56,6130.79,1.74,2025-10
853,2025-10-18 16:15:00,2025-10-18 16:15:00,LONG,3880.18,3868.02,3868.79,-0.313,-504.53,102.61,0.77,42251.16,-0.94%,41565.03,6057.27,2.9,2025-10
854,2025-10-18 17:15:00,2025-10-18 17:15:00,SHORT,3868.02,3880.79,3880.01,-0.33,-519.68,101.4,0.78,41731.48,-0.99%,41045.35,5981.53,4.09,2025-10
855,2025-10-19 00:30:00,2025-10-19 00:30:00,LONG,3880.79,3875.48,3876.26,-0.137,-271.14,100.16,0.78,41460.34,-0.41%,40774.21,5942.02,4.72,2025-10
856,2025-10-19 03:15:00,2025-10-19 03:15:00,SHORT,3875.48,3875.51,3874.74,-0.001,-100.38,99.5,0.77,41359.96,-0.0%,40673.83,5927.39,4.95,2025-10
857,2025-10-19 06:30:00,2025-10-19 06:30:00,LONG,3875.51,3879.3,3880.08,0.098,22.11,99.26,0.78,41382.07,0.29%,40695.94,5930.61,4.9,2025-10
858,2025-10-19 08:00:00,2025-10-19 08:00:00,SHORT,3879.3,3896.33,3895.55,-0.439,-644.21,99.32,0.78,40737.87,-1.32%,40051.73,5836.73,6.38,2025-10
859,2025-10-20 00:00:00,2025-10-20 00:00:00,LONG,3896.33,3969.17,3969.96,1.869,2186.9,97.77,0.79,42924.77,5.61%,42238.63,6155.43,1.35,2025-10
860,2025-10-20 03:30:00,2025-10-20 03:30:00,SHORT,3969.17,3975.15,3974.36,-0.151,-297.21,103.02,0.79,42627.56,-0.45%,41941.42,6112.12,2.04,2025-10
861,2025-10-20 11:00:00,2025-10-20 11:00:00,LONG,3975.15,4014.48,4015.29,0.989,1162.98,102.31,0.8,43790.54,2.97%,43104.4,6281.6,0.0,2025-10
862,2025-10-20 11:15:00,2025-10-20 11:15:00,SHORT,4014.48,4028.33,4027.52,-0.345,-558.22,105.1,0.81,43232.32,-1.03%,42546.18,6200.25,1.27,2025-10
863,2025-10-20 13:15:00,2025-10-20 13:15:00,LONG,4028.33,4020.5,4021.31,-0.194,-355.72,103.76,0.8,42876.61,-0.58%,42190.46,6148.41,2.09,2025-10
864,2025-10-20 13:30:00,2025-10-20 13:30:00,SHORT,4020.5,4036.02,4035.21,-0.386,-599.26,102.9,0.81,42277.35,-1.16%,41591.2,6061.08,3.46,2025-10
865,2025-10-20 15:45:00,2025-10-20 15:45:00,LONG,4036.02,4015.93,4016.73,-0.498,-732.81,101.47,0.8,41544.54,-1.49%,40858.39,5954.29,5.13,2025-10
866,2025-10-21 12:15:00,2025-10-21 12:15:00,SHORT,4015.93,3897.18,3896.4,2.957,3585.74,99.71,0.78,45130.27,8.87%,44444.13,6476.84,0.0,2025-10
867,2025-10-21 12:45:00,2025-10-21 12:45:00,LONG,3897.18,3903.06,3903.84,0.151,95.98,108.31,0.78,45226.25,0.45%,44540.11,6490.83,0.0,2025-10
868,2025-10-21 14:00:00,2025-10-21 14:00:00,SHORT,3903.06,3887.17,3886.39,0.407,443.69,108.54,0.78,45669.94,1.22%,44983.8,6555.49,0.0,2025-10
869,2025-10-21 20:15:00,2025-10-21 20:15:00,LONG,3887.17,3965.17,3965.97,2.007,2639.76,109.61,0.79,48309.7,6.02%,47623.56,6940.18,0.0,2025-10
870,2025-10-22 13:45:00,2025-10-22 13:45:00,SHORT,3965.17,3857.19,3856.42,2.723,3830.85,115.94,0.77,52140.55,8.17%,51454.41,7498.45,0.0,2025-10
871,2025-10-22 14:00:00,2025-10-22 14:00:00,LONG,3857.19,3853.12,3853.89,-0.106,-290.39,125.14,0.77,51850.16,-0.32%,51164.02,7456.13,0.56,2025-10
872,2025-10-23 00:45:00,2025-10-23 00:45:00,SHORT,3853.12,3820.51,3819.75,0.846,1191.88,124.44,0.76,53042.03,2.54%,52355.9,7629.82,0.0,2025-10
873,2025-10-23 12:00:00,2025-10-23 12:00:00,LONG,3820.51,3851.41,3852.18,0.809,1159.58,127.3,0.77,54201.61,2.43%,53515.48,7798.81,0.0,2025-10
874,2025-10-23 15:00:00,2025-10-23 15:00:00,SHORT,3851.41,3868.41,3867.64,-0.441,-847.9,130.08,0.77,53353.71,-1.32%,52667.58,7675.24,1.56,2025-10
875,2025-10-23 19:00:00,2025-10-23 19:00:00,LONG,3868.41,3854.51,3855.28,-0.359,-703.27,128.05,0.77,52650.44,-1.08%,51964.31,7572.75,2.86,2025-10
876,2025-10-24 00:30:00,2025-10-24 00:30:00,SHORT,3854.51,3858.11,3857.34,-0.093,-273.95,126.36,0.77,52376.5,-0.28%,51690.36,7532.83,3.37,2025-10
877,2025-10-24 13:30:00,2025-10-24 13:30:00,LONG,3858.11,3943.43,3944.21,2.211,3348.95,125.7,0.79,55725.45,6.63%,55039.31,8020.88,0.0,2025-10
878,2025-10-24 19:00:00,2025-10-24 19:00:00,SHORT,3943.43,3922.36,3921.57,0.534,759.42,133.74,0.78,56484.87,1.6%,55798.73,8131.55,0.0,2025-10
879,2025-10-25 00:00:00,2025-10-25 00:00:00,LONG,3922.36,3928.31,3929.1,0.152,121.61,135.56,0.79,56606.49,0.46%,55920.34,8149.27,0.0,2025-10
880,2025-10-25 01:15:00,2025-10-25 01:15:00,SHORT,3928.31,3930.94,3930.15,-0.067,-249.39,135.86,0.79,56357.1,-0.2%,55670.95,8112.93,0.44,2025-10
881,2025-10-25 03:45:00,2025-10-25 03:45:00,LONG,3930.94,3922.82,3923.61,-0.206,-484.19,135.26,0.78,55872.91,-0.62%,55186.76,8042.37,1.3,2025-10
882,2025-10-25 04:15:00,2025-10-25 04:15:00,SHORT,3922.82,3932.38,3931.6,-0.244,-542.61,134.09,0.79,55330.3,-0.73%,54644.15,7963.29,2.25,2025-10
883,2025-10-25 04:30:00,2025-10-25 04:30:00,LONG,3932.38,3922.07,3922.85,-0.262,-568.32,132.79,0.78,54761.97,-0.79%,54075.83,7880.47,3.26,2025-10
884,2025-10-25 05:30:00,2025-10-25 05:30:00,SHORT,3922.07,3928.18,3927.4,-0.156,-387.62,131.43,0.79,54374.36,-0.47%,53688.21,7823.98,3.94,2025-10
885,2025-10-25 15:00:00,2025-10-25 15:00:00,LONG,3928.18,3933.52,3934.3,0.136,90.97,130.5,0.79,54465.33,0.41%,53779.18,7837.24,3.78,2025-10
886,2025-10-25 17:00:00,2025-10-25 17:00:00,SHORT,3933.52,3938.17,3937.39,-0.118,-324.18,130.72,0.79,54141.15,-0.36%,53455.0,7790.0,4.36,2025-10
887,2025-10-25 17:15:00,2025-10-25 17:15:00,LONG,3938.17,3933.61,3934.39,-0.116,-318.29,129.94,0.79,53822.86,-0.35%,53136.71,7743.61,4.92,2025-10
888,2025-10-25 18:15:00,2025-10-25 18:15:00,SHORT,3933.61,3943.3,3942.51,-0.246,-527.11,129.17,0.79,53295.74,-0.74%,52609.6,7666.79,5.85,2025-10
889,2025-10-26 01:45:00,2025-10-26 01:45:00,LONG,3943.3,3943.92,3944.7,0.016,-102.97,127.91,0.79,53192.77,0.05%,52506.63,7651.79,6.03,2025-10
890,2025-10-26 06:15:00,2025-10-26 06:15:00,SHORT,3943.92,3945.22,3944.43,-0.033,-180.42,127.66,0.79,53012.35,-0.1%,52326.21,7625.5,6.35,2025-10
891,2025-10-26 07:15:00,2025-10-26 07:15:00,LONG,3945.22,3941.53,3942.32,-0.093,-275.91,127.23,0.79,52736.44,-0.28%,52050.3,7585.29,6.84,2025-10
892,2025-10-26 07:30:00,2025-10-26 07:30:00,SHORT,3941.53,3945.86,3945.07,-0.11,-300.33,126.57,0.79,52436.11,-0.33%,51749.97,7541.52,7.37,2025-10
893,2025-10-27 08:15:00,2025-10-27 08:15:00,LONG,3945.86,4173.83,4174.66,5.777,8962.46,125.85,0.83,61398.57,17.33%,60712.43,8847.62,0.0,2025-10
894,2025-10-27 08:30:00,2025-10-27 08:30:00,SHORT,4173.83,4178.01,4177.18,-0.1,-332.02,147.36,0.84,61066.56,-0.3%,60380.41,8799.24,0.54,2025-10
895,2025-10-27 08:45:00,2025-10-27 08:45:00,LONG,4178.01,4160.75,4161.59,-0.413,-903.29,146.56,0.83,60163.27,-1.24%,59477.12,8667.6,2.01,2025-10
896,2025-10-27 13:45:00,2025-10-27 13:45:00,SHORT,4160.75,4164.14,4163.31,-0.081,-291.27,144.39,0.83,59872.0,-0.24%,59185.85,8625.15,2.49,2025-10
897,2025-10-27 14:00:00,2025-10-27 14:00:00,LONG,4164.14,4157.4,4158.23,-0.162,-434.34,143.69,0.83,59437.65,-0.49%,58751.51,8561.86,3.19,2025-10
898,2025-10-27 15:45:00,2025-10-27 15:45:00,SHORT,4157.4,4177.22,4176.39,-0.477,-992.84,142.65,0.84,58444.81,-1.43%,57758.67,8417.17,4.81,2025-10
899,2025-10-27 20:00:00,2025-10-27 20:00:00,LONG,4177.22,4178.51,4179.35,0.031,-86.13,140.27,0.84,58358.68,0.09%,57672.54,8404.62,4.95,2025-10
900,2025-10-28 08:15:00,2025-10-28 08:15:00,SHORT,4178.51,4120.56,4119.73,1.387,2288.21,140.06,0.82,60646.89,4.16%,59960.75,8738.08,1.22,2025-10
901,2025-10-28 09:00:00,2025-10-28 09:00:00,LONG,4120.56,4113.41,4114.24,-0.173,-461.03,145.55,0.82,60185.87,-0.52%,59499.72,8670.89,1.98,2025-10
902,2025-10-28 09:30:00,2025-10-28 09:30:00,SHORT,4113.41,4117.81,4116.99,-0.107,-337.53,144.45,0.82,59848.34,-0.32%,59162.19,8621.71,2.52,2025-10
903,2025-10-28 10:00:00,2025-10-28 10:00:00,LONG,4117.81,4110.54,4111.36,-0.177,-460.8,143.64,0.82,59387.53,-0.53%,58701.39,8554.55,3.28,2025-10
904,2025-10-28 11:15:00,2025-10-28 11:15:00,SHORT,4110.54,4123.97,4123.14,-0.327,-724.58,142.53,0.82,58662.96,-0.98%,57976.81,8448.96,4.46,2025-10
905,2025-10-28 11:45:00,2025-10-28 11:45:00,LONG,4123.97,4113.21,4114.04,-0.261,-599.75,140.79,0.82,58063.2,-0.78%,57377.06,8361.56,5.43,2025-10
906,2025-10-28 12:45:00,2025-10-28 12:45:00,SHORT,4113.21,4124.25,4123.43,-0.268,-606.95,139.35,0.82,57456.26,-0.81%,56770.11,8273.11,6.42,2025-10
907,2025-10-28 14:30:00,2025-10-28 14:30:00,LONG,4124.25,4141.47,4142.3,0.418,581.81,137.9,0.83,58038.07,1.25%,57351.92,8357.89,5.47,2025-10
908,2025-10-28 16:45:00,2025-10-28 16:45:00,SHORT,4141.47,4137.6,4136.78,0.093,23.4,139.29,0.83,58061.46,0.28%,57375.32,8361.3,5.44,2025-10
909,2025-10-28 18:30:00,2025-10-28 18:30:00,LONG,4137.6,4111.58,4112.41,-0.629,-1234.75,139.35,0.82,56826.72,-1.89%,56140.57,8181.36,7.45,2025-10
910,2025-10-29 05:15:00,2025-10-29 05:15:00,SHORT,4111.58,4022.55,4021.75,2.165,3555.15,136.38,0.8,60381.86,6.5%,59695.72,8699.45,1.66,2025-10
911,2025-10-29 06:30:00,2025-10-29 06:30:00,LONG,4022.55,4018.35,4019.16,-0.104,-334.15,144.92,0.8,60047.71,-0.31%,59361.57,8650.76,2.2,2025-10
912,2025-10-29 06:45:00,2025-10-29 06:45:00,SHORT,4018.35,4028.57,4027.77,-0.254,-602.39,144.11,0.81,59445.33,-0.76%,58759.18,8562.97,3.18,2025-10
913,2025-10-29 07:30:00,2025-10-29 07:30:00,LONG,4028.57,4021.54,4022.35,-0.174,-453.85,142.67,0.8,58991.48,-0.52%,58305.33,8496.83,3.92,2025-10
914,2025-10-29 07:45:00,2025-10-29 07:45:00,SHORT,4021.54,4025.42,4024.61,-0.096,-312.08,141.58,0.8,58679.4,-0.29%,57993.25,8451.36,4.43,2025-10
915,2025-10-29 08:00:00,2025-10-29 08:00:00,LONG,4025.42,4015.2,4016.0,-0.254,-587.77,140.83,0.8,58091.63,-0.76%,57405.48,8365.7,5.39,2025-10
916,2025-10-29 12:45:00,2025-10-29 12:45:00,SHORT,4015.2,4018.38,4017.58,-0.079,-277.61,139.42,0.8,57814.02,-0.24%,57127.87,8325.24,5.84,2025-10
917,2025-10-29 13:30:00,2025-10-29 13:30:00,LONG,4018.38,4015.04,4015.85,-0.083,-282.86,138.75,0.8,57531.16,-0.25%,56845.01,8284.02,6.3,2025-10
918,2025-10-29 17:30:00,2025-10-29 17:30:00,SHORT,4015.04,3981.17,3980.38,0.844,1317.85,138.07,0.8,58849.01,2.53%,58162.86,8476.07,4.15,2025-10
919,2025-10-29 18:00:00,2025-10-29 18:00:00,LONG,3981.17,3997.16,3997.96,0.402,567.75,141.24,0.8,59416.76,1.2%,58730.61,8558.81,3.23,2025-10
920,2025-10-30 02:15:00,2025-10-30 02:15:00,SHORT,3997.16,3944.18,3943.4,1.325,2219.9,142.6,0.79,61636.66,3.98%,60950.51,8882.32,0.0,2025-10
921,2025-10-30 03:45:00,2025-10-30 03:45:00,LONG,3944.18,3928.38,3929.16,-0.401,-889.06,147.93,0.79,60747.61,-1.2%,60061.45,8752.76,1.44,2025-10
922,2025-10-30 07:00:00,2025-10-30 07:00:00,SHORT,3928.38,3925.81,3925.03,0.065,-26.89,145.79,0.79,60720.72,0.2%,60034.56,8748.84,1.49,2025-10
923,2025-10-30 08:45:00,2025-10-30 08:45:00,LONG,3925.81,3925.0,3925.78,-0.021,-183.44,145.73,0.79,60537.28,-0.06%,59851.12,8722.1,1.78,2025-10
924,2025-10-30 23:45:00,2025-10-30 23:45:00,SHORT,3925.0,3795.87,3795.11,3.29,5829.82,145.29,0.76,66367.11,9.87%,65680.94,9571.69,0.0,2025-10
925,2025-10-31 08:00:00,2025-10-31 08:00:00,LONG,3795.87,3822.34,3823.1,0.697,1229.38,159.28,0.76,67596.49,2.09%,66910.32,9750.84,0.0,2025-10
926,2025-10-31 08:15:00,2025-10-31 08:15:00,SHORT,3822.34,3830.86,3830.1,-0.223,-614.36,162.23,0.77,66982.13,-0.67%,66295.96,9661.31,0.91,2025-10
927,2025-10-31 13:30:00,2025-10-31 13:30:00,LONG,3830.86,3839.55,3840.32,0.227,295.07,160.76,0.77,67277.2,0.68%,66591.03,9704.31,0.47,2025-10
928,2025-10-31 13:45:00,2025-10-31 13:45:00,SHORT,3839.55,3854.92,3854.14,-0.4,-969.04,161.47,0.77,66308.16,-1.2%,65621.99,9563.1,1.91,2025-10
929,2025-10-31 16:45:00,2025-10-31 16:45:00,LONG,3854.92,3834.57,3835.34,-0.528,-1208.94,159.14,0.77,65099.22,-1.58%,64413.05,9386.92,3.69,2025-10
930,2025-10-31 18:30:00,2025-10-31 18:30:00,SHORT,3834.57,3836.89,3836.12,-0.06,-274.36,156.24,0.77,64824.86,-0.18%,64138.69,9346.93,4.1,2025-10
931,2025-10-31 21:00:00,2025-10-31 21:00:00,LONG,3836.89,3848.01,3848.78,0.29,407.87,155.58,0.77,65232.72,0.87%,64546.56,9406.37,3.5,2025-10
932,2025-11-01 01:15:00,2025-11-01 01:15:00,SHORT,3848.01,3854.95,3854.18,-0.18,-509.46,156.56,0.77,64723.26,-0.54%,64037.1,9332.13,4.25,2025-11
933,2025-11-01 01:30:00,2025-11-01 01:30:00,LONG,3854.95,3847.95,3848.72,-0.181,-507.62,155.34,0.77,64215.64,-0.54%,63529.48,9258.15,5.0,2025-11
934,2025-11-01 02:45:00,2025-11-01 02:45:00,SHORT,3847.95,3854.69,3853.92,-0.175,-491.48,154.12,0.77,63724.16,-0.53%,63038.0,9186.53,5.73,2025-11
935,2025-11-01 13:30:00,2025-11-01 13:30:00,LONG,3854.69,3870.89,3871.66,0.42,650.32,152.94,0.77,64374.48,1.26%,63688.32,9281.3,4.77,2025-11
936,2025-11-01 13:45:00,2025-11-01 13:45:00,SHORT,3870.89,3869.18,3868.41,0.044,-69.29,154.5,0.77,64305.19,0.13%,63619.03,9271.2,4.87,2025-11
937,2025-11-01 14:00:00,2025-11-01 14:00:00,LONG,3869.18,3863.08,3863.85,-0.158,-458.35,154.33,0.77,63846.84,-0.47%,63160.68,9204.41,5.55,2025-11
938,2025-11-01 14:30:00,2025-11-01 14:30:00,SHORT,3863.08,3874.81,3874.04,-0.304,-734.86,153.23,0.77,63111.98,-0.91%,62425.82,9097.32,6.63,2025-11
939,2025-11-01 17:15:00,2025-11-01 17:15:00,LONG,3874.81,3870.44,3871.21,-0.113,-365.13,151.47,0.77,62746.86,-0.34%,62060.69,9044.11,7.17,2025-11
940,2025-11-01 18:30:00,2025-11-01 18:30:00,SHORT,3870.44,3878.1,3877.33,-0.198,-523.22,150.59,0.78,62223.63,-0.59%,61537.47,8967.86,7.95,2025-11
941,2025-11-01 21:45:00,2025-11-01 21:45:00,LONG,3878.1,3870.68,3871.46,-0.191,-506.36,149.34,0.77,61717.27,-0.57%,61031.11,8894.06,8.7,2025-11
942,2025-11-02 01:15:00,2025-11-02 01:15:00,SHORT,3870.68,3871.01,3870.23,-0.008,-163.52,148.12,0.77,61553.75,-0.02%,60867.59,8870.23,8.94,2025-11
943,2025-11-02 01:45:00,2025-11-02 01:45:00,LONG,3871.01,3867.53,3868.3,-0.09,-313.77,147.73,0.77,61239.98,-0.27%,60553.82,8824.51,9.4,2025-11
944,2025-11-02 02:30:00,2025-11-02 02:30:00,SHORT,3867.53,3881.27,3880.5,-0.355,-799.97,146.98,0.78,60440.01,-1.07%,59753.85,8707.93,10.59,2025-11
945,2025-11-02 09:30:00,2025-11-02 09:30:00,LONG,3881.27,3894.18,3894.95,0.332,457.75,145.06,0.78,60897.76,1.0%,60211.6,8774.64,9.91,2025-11
946,2025-11-02 11:30:00,2025-11-02 11:30:00,SHORT,3894.18,3889.35,3888.57,0.124,80.2,146.15,0.78,60977.96,0.37%,60291.8,8786.32,9.79,2025-11
947,2025-11-02 12:15:00,2025-11-02 12:15:00,LONG,3889.35,3879.55,3880.32,-0.252,-607.42,146.35,0.78,60370.54,-0.76%,59684.38,8697.81,10.69,2025-11
948,2025-11-02 23:00:00,2025-11-02 23:00:00,SHORT,3879.55,3862.06,3861.29,0.451,671.29,144.89,0.77,61041.83,1.35%,60355.67,8795.63,9.7,2025-11
949,2025-11-03 00:45:00,2025-11-03 00:45:00,LONG,3862.06,3872.47,3873.25,0.27,347.13,146.5,0.77,61388.97,0.81%,60702.8,8846.22,9.18,2025-11
950,2025-11-04 03:00:00,2025-11-04 03:00:00,SHORT,3872.47,3638.36,3637.63,6.046,10986.85,147.33,0.73,72375.82,18.14%,71689.65,10447.34,0.0,2025-11
951,2025-11-04 04:30:00,2025-11-04 04:30:00,LONG,3638.36,3628.43,3629.16,-0.273,-765.9,173.7,0.73,71609.92,-0.82%,70923.75,10335.72,1.06,2025-11
952,2025-11-04 14:45:00,2025-11-04 14:45:00,SHORT,3628.43,3546.11,3545.4,2.269,4702.53,171.86,0.71,76312.45,6.81%,75626.28,11021.02,0.0,2025-11
953,2025-11-04 15:45:00,2025-11-04 15:45:00,LONG,3546.11,3520.44,3521.15,-0.724,-1839.82,183.15,0.7,74472.63,-2.17%,73786.46,10752.9,2.41,2025-11
954,2025-11-05 02:45:00,2025-11-05 02:45:00,SHORT,3520.44,3326.82,3326.16,5.5,12109.03,178.73,0.67,86581.66,16.5%,85895.49,12517.55,0.0,2025-11
955,2025-11-05 06:00:00,2025-11-05 06:00:00,LONG,3326.82,3310.75,3311.41,-0.483,-1462.6,207.8,0.66,85119.07,-1.45%,84432.89,12304.41,1.69,2025-11
956,2025-11-05 06:15:00,2025-11-05 06:15:00,SHORT,3310.75,3330.59,3329.92,-0.599,-1734.25,204.29,0.67,83384.82,-1.8%,82698.64,12051.68,3.69,2025-11
957,2025-11-05 08:00:00,2025-11-05 08:00:00,LONG,3330.59,3317.04,3317.71,-0.407,-1217.54,200.12,0.66,82167.28,-1.22%,81481.1,11874.25,5.1,2025-11
958,2025-11-05 11:45:00,2025-11-05 11:45:00,SHORT,3317.04,3321.1,3320.44,-0.122,-498.7,197.2,0.66,81668.57,-0.37%,80982.4,11801.57,5.67,2025-11
959,2025-11-06 00:15:00,2025-11-06 00:15:00,LONG,3321.1,3401.77,3402.45,2.429,5755.07,196.0,0.68,87423.64,7.29%,86737.47,12640.26,0.0,2025-11
960,2025-11-06 00:45:00,2025-11-06 00:45:00,SHORT,3401.77,3410.06,3409.37,-0.244,-848.8,209.82,0.68,86574.84,-0.73%,85888.67,12516.56,0.97,2025-11
961,2025-11-06 01:00:00,2025-11-06 01:00:00,LONG,3410.06,3394.64,3395.32,-0.452,-1382.19,207.78,0.68,85192.65,-1.36%,84506.48,12315.13,2.55,2025-11
962,2025-11-06 02:30:00,2025-11-06 02:30:00,SHORT,3394.64,3411.69,3411.01,-0.502,-1488.34,204.46,0.68,83704.31,-1.51%,83018.14,12098.24,4.25,2025-11
963,2025-11-06 05:15:00,2025-11-06 05:15:00,LONG,3411.69,3411.52,3412.2,-0.005,-213.38,200.89,0.68,83490.93,-0.01%,82804.76,12067.14,4.5,2025-11
964,2025-11-06 10:30:00,2025-11-06 10:30:00,SHORT,3411.52,3398.27,3397.59,0.388,772.55,200.38,0.68,84263.48,1.17%,83577.31,12179.73,3.61,2025-11
965,2025-11-06 12:15:00,2025-11-06 12:15:00,LONG,3398.27,3377.74,3378.42,-0.604,-1729.1,202.23,0.68,82534.38,-1.81%,81848.21,11927.74,5.59,2025-11
966,2025-11-06 13:15:00,2025-11-06 13:15:00,SHORT,3377.74,3383.2,3382.52,-0.162,-598.26,198.08,0.68,81936.12,-0.48%,81249.95,11840.56,6.28,2025-11
967,2025-11-06 14:00:00,2025-11-06 14:00:00,LONG,3383.2,3375.55,3376.23,-0.226,-752.44,196.65,0.68,81183.67,-0.68%,80497.51,11730.9,7.14,2025-11
968,2025-11-07 02:30:00,2025-11-07 02:30:00,SHORT,3375.55,3326.54,3325.87,1.452,3341.71,194.84,0.67,84525.38,4.36%,83839.22,12217.89,3.32,2025-11
969,2025-11-07 04:00:00,2025-11-07 04:00:00,LONG,3326.54,3332.61,3333.28,0.183,260.35,202.86,0.67,84785.73,0.55%,84099.57,12255.83,3.02,2025-11
970,2025-11-07 04:15:00,2025-11-07 04:15:00,SHORT,3332.61,3340.53,3339.86,-0.238,-807.79,203.49,0.67,83977.94,-0.71%,83291.78,12138.11,3.94,2025-11
971,2025-11-07 08:30:00,2025-11-07 08:30:00,LONG,3340.53,3338.04,3338.7,-0.075,-389.58,201.55,0.67,83588.36,-0.22%,82902.2,12081.34,4.39,2025-11
972,2025-11-07 16:15:00,2025-11-07 16:15:00,SHORT,3338.04,3304.17,3303.51,1.015,2343.56,200.61,0.66,85931.93,3.04%,85245.76,12422.87,1.71,2025-11
973,2025-11-08 11:30:00,2025-11-08 11:30:00,LONG,3304.17,3443.43,3444.12,4.215,10658.7,206.24,0.69,96590.63,12.64%,95904.46,13976.16,0.0,2025-11
974,2025-11-08 21:15:00,2025-11-08 21:15:00,SHORT,3443.43,3403.94,3403.26,1.147,3091.36,231.82,0.68,99681.98,3.44%,98995.82,14426.67,0.0,2025-11
975,2025-11-08 22:00:00,2025-11-08 22:00:00,LONG,3403.94,3399.82,3400.5,-0.121,-600.99,239.24,0.68,99080.99,-0.36%,98394.83,14339.08,0.6,2025-11
976,2025-11-08 22:15:00,2025-11-08 22:15:00,SHORT,3399.82,3405.73,3405.05,-0.174,-754.64,237.79,0.68,98326.35,-0.52%,97640.19,14229.11,1.36,2025-11
977,2025-11-08 23:45:00,2025-11-08 23:45:00,LONG,3405.73,3400.48,3401.16,-0.154,-690.68,235.98,0.68,97635.67,-0.46%,96949.51,14128.46,2.05,2025-11
978,2025-11-09 05:15:00,2025-11-09 05:15:00,SHORT,3400.48,3400.09,3399.41,0.012,-200.31,234.33,0.68,97435.36,0.03%,96749.2,14099.27,2.25,2025-11
979,2025-11-09 09:45:00,2025-11-09 09:45:00,LONG,3400.09,3405.75,3406.43,0.167,253.33,233.84,0.68,97688.69,0.5%,97002.53,14136.18,2.0,2025-11
980,2025-11-09 11:00:00,2025-11-09 11:00:00,SHORT,3405.75,3411.55,3410.86,-0.17,-733.07,234.45,0.68,96955.63,-0.51%,96269.46,14029.35,2.74,2025-11
981,2025-11-10 12:00:00,2025-11-10 12:00:00,LONG,3411.55,3601.48,3602.2,5.567,15960.9,232.69,0.72,112916.52,16.7%,112230.36,16355.34,0.0,2025-11
982,2025-11-10 13:00:00,2025-11-10 13:00:00,SHORT,3601.48,3601.64,3600.92,-0.004,-286.11,271.0,0.72,112630.42,-0.01%,111944.25,16313.64,0.25,2025-11
983,2025-11-10 14:00:00,2025-11-10 14:00:00,LONG,3601.64,3603.97,3604.69,0.065,-51.73,270.31,0.72,112578.68,0.19%,111892.52,16306.1,0.3,2025-11
984,2025-11-10 20:00:00,2025-11-10 20:00:00,SHORT,3603.97,3576.11,3575.4,0.773,2340.63,270.19,0.72,114919.31,2.32%,114233.15,16647.2,0.0,2025-11
985,2025-11-10 21:00:00,2025-11-10 21:00:00,LONG,3576.11,3556.69,3557.4,-0.543,-2147.87,275.81,0.71,112771.44,-1.63%,112085.28,16334.19,1.87,2025-11
986,2025-11-10 22:45:00,2025-11-10 22:45:00,SHORT,3556.69,3566.37,3565.66,-0.272,-1191.67,270.65,0.71,111579.78,-0.82%,110893.61,16160.53,2.91,2025-11
987,2025-11-11 05:00:00,2025-11-11 05:00:00,LONG,3566.37,3563.2,3563.91,-0.089,-565.6,267.79,0.71,111014.18,-0.27%,110328.01,16078.11,3.4,2025-11
988,2025-11-11 09:00:00,2025-11-11 09:00:00,SHORT,3563.2,3573.61,3572.89,-0.292,-1239.13,266.43,0.71,109775.04,-0.88%,109088.88,15897.53,4.48,2025-11
989,2025-11-11 09:30:00,2025-11-11 09:30:00,LONG,3573.61,3567.32,3568.03,-0.176,-843.32,263.46,0.71,108931.73,-0.53%,108245.56,15774.63,5.21,2025-11
990,2025-11-11 11:00:00,2025-11-11 11:00:00,SHORT,3567.32,3570.9,3570.19,-0.1,-589.73,261.44,0.71,108342.0,-0.3%,107655.83,15688.69,5.72,2025-11
991,2025-11-11 12:15:00,2025-11-11 12:15:00,LONG,3570.9,3569.59,3570.3,-0.037,-379.49,260.02,0.71,107962.51,-0.11%,107276.34,15633.39,6.05,2025-11
992,2025-11-12 06:15:00,2025-11-12 06:15:00,SHORT,3569.59,3457.87,3457.18,3.13,9877.16,259.11,0.69,117839.66,9.39%,117153.5,17072.79,0.0,2025-11
993,2025-11-12 06:30:00,2025-11-12 06:30:00,LONG,3457.87,3446.08,3446.77,-0.341,-1488.62,282.82,0.69,116351.05,-1.02%,115664.88,16855.85,1.26,2025-11
994,2025-11-12 08:15:00,2025-11-12 08:15:00,SHORT,3446.08,3447.99,3447.3,-0.055,-472.69,279.24,0.69,115878.36,-0.17%,115192.19,16786.97,1.66,2025-11
995,2025-11-12 14:45:00,2025-11-12 14:45:00,LONG,3447.99,3531.31,3532.01,2.416,8122.19,278.11,0.71,124000.55,7.25%,123314.38,17970.61,0.0,2025-11
996,2025-11-13 01:00:00,2025-11-13 01:00:00,SHORT,3531.31,3425.32,3424.63,3.001,10867.71,297.6,0.68,134868.26,9.0%,134182.09,19554.37,0.0,2025-11
997,2025-11-13 01:15:00,2025-11-13 01:15:00,LONG,3425.32,3427.46,3428.14,0.062,-70.91,323.68,0.69,134797.35,0.19%,134111.18,19544.03,0.05,2025-11
998,2025-11-13 01:30:00,2025-11-13 01:30:00,SHORT,3427.46,3454.64,3453.95,-0.793,-3530.89,323.51,0.69,131266.45,-2.38%,130580.29,19029.47,2.67,2025-11
999,2025-11-13 01:45:00,2025-11-13 01:45:00,LONG,3454.64,3433.47,3434.15,-0.613,-2728.93,315.04,0.69,128537.52,-1.84%,127851.36,18631.79,4.69,2025-11
1000,2025-11-13 02:30:00,2025-11-13 02:30:00,SHORT,3433.47,3445.73,3445.04,-0.357,-1685.45,308.49,0.69,126852.07,-1.07%,126165.91,18386.17,5.94,2025-11
1001,2025-11-13 03:00:00,2025-11-13 03:00:00,LONG,3445.73,3420.21,3420.9,-0.74,-3122.31,304.44,0.68,123729.76,-2.22%,123043.6,17931.15,8.26,2025-11
1002,2025-11-13 03:15:00,2025-11-13 03:15:00,SHORT,3420.21,3416.52,3415.84,0.108,103.75,296.95,0.68,123833.51,0.32%,123147.35,17946.27,8.18,2025-11
1003,2025-11-13 12:00:00,2025-11-13 12:00:00,LONG,3416.52,3492.25,3492.95,2.217,7937.5,297.2,0.7,131771.01,6.65%,131084.85,19103.0,2.3,2025-11
1004,2025-11-13 12:30:00,2025-11-13 12:30:00,SHORT,3492.25,3499.04,3498.34,-0.194,-1084.83,316.25,0.7,130686.18,-0.58%,130000.02,18944.91,3.1,2025-11
1005,2025-11-13 13:15:00,2025-11-13 13:15:00,LONG,3499.04,3478.59,3479.29,-0.584,-2604.8,313.65,0.7,128081.38,-1.75%,127395.22,18565.31,5.03,2025-11
1006,2025-11-14 14:30:00,2025-11-14 14:30:00,SHORT,3478.59,3162.92,3162.29,9.075,34561.59,307.4,0.63,162642.97,27.22%,161956.81,23601.98,0.0,2025-11
1007,2025-11-14 15:00:00,2025-11-14 15:00:00,LONG,3162.92,3161.89,3162.52,-0.033,-549.08,390.34,0.63,162093.89,-0.1%,161407.73,23521.96,0.34,2025-11
1008,2025-11-14 15:15:00,2025-11-14 15:15:00,SHORT,3161.89,3205.19,3204.55,-1.369,-7047.47,389.03,0.64,155046.43,-4.11%,154360.26,22494.93,4.67,2025-11
1009,2025-11-14 17:45:00,2025-11-14 17:45:00,LONG,3205.19,3192.56,3193.2,-0.394,-2204.99,372.11,0.64,152841.43,-1.18%,152155.27,22173.6,6.03,2025-11
1010,2025-11-14 18:00:00,2025-11-14 18:00:00,SHORT,3192.56,3199.02,3198.38,-0.203,-1295.53,366.82,0.64,151545.9,-0.61%,150859.74,21984.8,6.82,2025-11
1011,2025-11-14 18:30:00,2025-11-14 18:30:00,LONG,3199.02,3171.56,3172.2,-0.858,-4266.06,363.71,0.63,147279.84,-2.58%,146593.68,21363.11,9.45,2025-11
1012,2025-11-14 19:15:00,2025-11-14 19:15:00,SHORT,3171.56,3217.64,3217.0,-1.453,-6772.22,353.47,0.64,140507.62,-4.36%,139821.46,20376.19,13.61,2025-11
1013,2025-11-14 20:00:00,2025-11-14 20:00:00,LONG,3217.64,3186.74,3187.37,-0.96,-4385.68,337.22,0.64,136121.94,-2.88%,135435.78,19737.06,16.31,2025-11
1014,2025-11-15 01:45:00,2025-11-15 01:45:00,SHORT,3186.74,3177.43,3176.79,0.292,865.91,326.69,0.64,136987.86,0.88%,136301.69,19863.26,15.77,2025-11
1015,2025-11-15 04:30:00,2025-11-15 04:30:00,LONG,3177.43,3162.87,3163.5,-0.458,-2212.4,328.77,0.63,134775.46,-1.38%,134089.29,19540.84,17.13,2025-11
1016,2025-11-15 04:45:00,2025-11-15 04:45:00,SHORT,3162.87,3173.19,3172.56,-0.327,-1643.84,323.46,0.63,133131.62,-0.98%,132445.45,19301.29,18.14,2025-11
1017,2025-11-15 05:00:00,2025-11-15 05:00:00,LONG,3173.19,3161.98,3162.62,-0.353,-1730.66,319.52,0.63,131400.96,-1.06%,130714.79,19049.08,19.21,2025-11
1018,2025-11-15 05:15:00,2025-11-15 05:15:00,SHORT,3161.98,3174.29,3173.65,-0.389,-1849.27,315.36,0.63,129551.7,-1.17%,128865.52,18779.58,20.35,2025-11
1019,2025-11-15 08:00:00,2025-11-15 08:00:00,LONG,3174.29,3167.56,3168.19,-0.212,-1134.49,310.92,0.63,128417.21,-0.64%,127731.03,18614.25,21.04,2025-11
1020,2025-11-15 10:30:00,2025-11-15 10:30:00,SHORT,3167.56,3168.82,3168.19,-0.04,-461.66,308.2,0.63,127955.54,-0.12%,127269.37,18546.97,21.33,2025-11
1021,2025-11-15 11:45:00,2025-11-15 11:45:00,LONG,3168.82,3151.24,3151.87,-0.555,-2436.53,307.09,0.63,125519.01,-1.66%,124832.84,18191.9,22.83,2025-11
1022,2025-11-15 13:00:00,2025-11-15 13:00:00,SHORT,3151.24,3171.81,3171.18,-0.653,-2758.85,301.25,0.63,122760.17,-1.96%,122073.99,17789.85,24.52,2025-11
1023,2025-11-15 20:30:00,2025-11-15 20:30:00,LONG,3171.81,3180.56,3181.2,0.276,721.64,294.62,0.64,123481.8,0.83%,122795.63,17895.02,24.08,2025-11
1024,2025-11-16 02:15:00,2025-11-16 02:15:00,SHORT,3180.56,3172.77,3172.13,0.245,611.7,296.36,0.63,124093.5,0.74%,123407.33,17984.16,23.7,2025-11
1025,2025-11-16 11:00:00,2025-11-16 11:00:00,LONG,3172.77,3225.24,3225.88,1.654,5859.21,297.82,0.65,129952.71,4.96%,129266.54,18838.02,20.1,2025-11
1026,2025-11-17 00:15:00,2025-11-17 00:15:00,SHORT,3225.24,3122.77,3122.14,3.177,12074.58,311.89,0.62,142027.28,9.53%,141341.12,20597.65,12.68,2025-11
1027,2025-11-17 13:00:00,2025-11-17 13:00:00,LONG,3122.77,3174.73,3175.36,1.664,6748.75,340.87,0.64,148776.03,4.99%,148089.87,21581.15,8.53,2025-11
1028,2025-11-17 14:30:00,2025-11-17 14:30:00,SHORT,3174.73,3142.89,3142.26,1.003,4119.6,357.06,0.63,152895.63,3.01%,152209.47,22181.5,5.99,2025-11
1029,2025-11-17 14:45:00,2025-11-17 14:45:00,LONG,3142.89,3145.98,3146.61,0.098,84.64,366.95,0.63,152980.27,0.3%,152294.11,22193.83,5.94,2025-11
1030,2025-11-18 07:30:00,2025-11-18 07:30:00,SHORT,3145.98,3029.55,3028.94,3.701,16618.2,367.15,0.61,169598.46,11.1%,168912.31,24615.6,0.0,2025-11
1031,2025-11-18 13:30:00,2025-11-18 13:30:00,LONG,3029.55,3021.7,3022.31,-0.259,-1724.77,407.04,0.6,167873.7,-0.78%,167187.54,24364.25,1.02,2025-11
1032,2025-11-18 14:15:00,2025-11-18 14:15:00,SHORT,3021.7,3049.87,3049.26,-0.932,-5097.66,402.9,0.61,162776.04,-2.8%,162089.88,23621.37,4.02,2025-11
1033,2025-11-18 21:30:00,2025-11-18 21:30:00,LONG,3049.87,3113.55,3114.17,2.088,9805.48,390.66,0.62,172581.52,6.26%,171895.36,25050.32,0.0,2025-11
1034,2025-11-18 22:00:00,2025-11-18 22:00:00,SHORT,3113.55,3108.81,3108.18,0.152,374.59,414.2,0.62,172956.11,0.46%,172269.95,25104.91,0.0,2025-11
1035,2025-11-19 00:00:00,2025-11-19 00:00:00,LONG,3108.81,3114.88,3115.5,0.195,598.88,415.09,0.62,173554.99,0.59%,172868.83,25192.19,0.0,2025-11
1036,2025-11-19 01:15:00,2025-11-19 01:15:00,SHORT,3114.88,3104.8,3104.18,0.324,1268.98,416.53,0.62,174823.97,0.97%,174137.81,25377.12,0.0,2025-11
1037,2025-11-19 03:15:00,2025-11-19 03:15:00,LONG,3104.8,3092.9,3093.52,-0.383,-2429.26,419.58,0.62,172394.71,-1.15%,171708.55,25023.1,1.39,2025-11
1038,2025-11-19 07:45:00,2025-11-19 07:45:00,SHORT,3092.9,3086.83,3086.21,0.196,601.52,413.75,0.62,172996.22,0.59%,172310.07,25110.76,1.05,2025-11
1039,2025-11-19 09:00:00,2025-11-19 09:00:00,LONG,3086.83,3067.0,3067.62,-0.642,-3748.41,415.19,0.61,169247.81,-1.93%,168561.66,24564.5,3.19,2025-11
1040,2025-11-19 10:00:00,2025-11-19 10:00:00,SHORT,3067.0,3102.85,3102.23,-1.169,-6341.17,406.19,0.62,162906.64,-3.51%,162220.49,23640.4,6.82,2025-11
1041,2025-11-19 13:30:00,2025-11-19 13:30:00,LONG,3102.85,3084.15,3084.77,-0.603,-3336.41,390.98,0.62,159570.23,-1.81%,158884.08,23154.19,8.73,2025-11
1042,2025-11-19 15:00:00,2025-11-19 15:00:00,SHORT,3084.15,3084.13,3083.51,0.001,-378.96,382.97,0.62,159191.27,0.0%,158505.12,23098.96,8.94,2025-11
1043,2025-11-19 15:15:00,2025-11-19 15:15:00,LONG,3084.13,3059.03,3059.64,-0.814,-4268.09,382.06,0.61,154923.18,-2.44%,154237.03,22476.97,11.38,2025-11
1044,2025-11-19 23:00:00,2025-11-19 23:00:00,SHORT,3059.03,2999.85,2999.25,1.935,8619.87,371.82,0.6,163543.06,5.8%,162856.9,23733.15,6.45,2025-11
1045,2025-11-20 06:30:00,2025-11-20 06:30:00,LONG,2999.85,3020.52,3021.12,0.689,2987.84,392.5,0.6,166530.9,2.07%,165844.74,24168.57,4.74,2025-11
1046,2025-11-20 07:00:00,2025-11-20 07:00:00,SHORT,3020.52,3030.95,3030.35,-0.345,-2125.25,399.67,0.61,164405.64,-1.04%,163719.49,23858.85,5.96,2025-11
1047,2025-11-20 09:15:00,2025-11-20 09:15:00,LONG,3030.95,3020.94,3021.54,-0.33,-2024.51,394.57,0.6,162381.14,-0.99%,161694.98,23563.82,7.12,2025-11
1048,2025-11-20 12:45:00,2025-11-20 12:45:00,SHORT,3020.94,3029.36,3028.75,-0.279,-1748.06,389.71,0.61,160633.07,-0.84%,159946.92,23309.07,8.12,2025-11
1049,2025-11-20 14:00:00,2025-11-20 14:00:00,LONG,3029.36,2979.53,2980.13,-1.645,-8311.46,385.52,0.6,152321.61,-4.93%,151635.46,22097.84,12.87,2025-11
1050,2025-11-21 14:30:00,2025-11-21 14:30:00,SHORT,2979.53,2746.15,2745.6,7.833,35427.94,365.57,0.55,187749.55,23.5%,187063.4,27260.76,0.0,2025-11
1051,2025-11-21 15:00:00,2025-11-21 15:00:00,LONG,2746.15,2746.92,2747.47,0.028,-293.51,450.6,0.55,187456.04,0.08%,186769.89,27217.99,0.16,2025-11
1052,2025-11-21 16:45:00,2025-11-21 16:45:00,SHORT,2746.92,2743.28,2742.73,0.133,295.41,449.89,0.55,187751.45,0.4%,187065.3,27261.04,0.0,2025-11
1053,2025-11-21 18:00:00,2025-11-21 18:00:00,LONG,2743.28,2754.4,2754.95,0.406,1834.11,450.6,0.55,189585.56,1.22%,188899.41,27528.32,0.0,2025-11
1054,2025-11-21 18:30:00,2025-11-21 18:30:00,SHORT,2754.4,2772.64,2772.08,-0.662,-4219.81,455.01,0.55,185365.74,-1.99%,184679.6,26913.37,2.23,2025-11
1055,2025-11-21 19:30:00,2025-11-21 19:30:00,LONG,2772.64,2756.27,2756.82,-0.59,-3726.7,444.88,0.55,181639.04,-1.77%,180952.9,26370.28,4.19,2025-11
1056,2025-11-21 21:15:00,2025-11-21 21:15:00,SHORT,2756.27,2765.92,2765.37,-0.35,-2342.94,435.93,0.55,179296.1,-1.05%,178609.96,26028.84,5.43,2025-11
1057,2025-11-21 22:15:00,2025-11-21 22:15:00,LONG,2765.92,2752.78,2753.33,-0.475,-2985.01,430.31,0.55,176311.09,-1.42%,175624.95,25593.83,7.0,2025-11
1058,2025-11-21 23:15:00,2025-11-21 23:15:00,SHORT,2752.78,2746.73,2746.18,0.22,740.02,423.15,0.55,177051.11,0.66%,176364.97,25701.68,6.61,2025-11
1059,2025-11-22 02:15:00,2025-11-22 02:15:00,LONG,2746.73,2750.67,2751.22,0.143,336.6,424.92,0.55,177387.71,0.43%,176701.57,25750.73,6.43,2025-11
1060,2025-11-22 06:15:00,2025-11-22 06:15:00,SHORT,2750.67,2752.83,2752.28,-0.079,-845.11,425.73,0.55,176542.6,-0.24%,175856.46,25627.57,6.88,2025-11
1061,2025-11-22 08:00:00,2025-11-22 08:00:00,LONG,2752.83,2747.97,2748.52,-0.177,-1360.21,423.7,0.55,175182.39,-0.53%,174496.25,25429.35,7.6,2025-11
1062,2025-11-22 14:00:00,2025-11-22 14:00:00,SHORT,2747.97,2730.57,2730.02,0.633,2906.88,420.44,0.55,178089.27,1.9%,177403.13,25852.97,6.06,2025-11
1063,2025-11-22 15:30:00,2025-11-22 15:30:00,LONG,2730.57,2736.48,2737.03,0.217,729.94,427.41,0.55,178819.21,0.65%,178133.07,25959.34,5.68,2025-11
1064,2025-11-22 15:45:00,2025-11-22 15:45:00,SHORT,2736.48,2741.74,2741.19,-0.192,-1458.69,429.17,0.55,177360.52,-0.58%,176674.38,25746.77,6.45,2025-11
1065,2025-11-22 20:30:00,2025-11-22 20:30:00,LONG,2741.74,2748.91,2749.46,0.262,966.84,425.67,0.55,178327.36,0.79%,177641.22,25887.67,5.94,2025-11
1066,2025-11-22 21:15:00,2025-11-22 21:15:00,SHORT,2748.91,2746.98,2746.43,0.07,-52.31,427.99,0.55,178275.05,0.21%,177588.91,25880.04,5.97,2025-11
1067,2025-11-23 07:15:00,2025-11-23 07:15:00,LONG,2746.98,2794.9,2795.46,1.744,8901.39,427.86,0.56,187176.44,5.23%,186490.3,27177.24,1.27,2025-11
1068,2025-11-23 08:00:00,2025-11-23 08:00:00,SHORT,2794.9,2805.1,2804.54,-0.365,-2498.93,449.22,0.56,184677.51,-1.1%,183991.37,26813.07,2.59,2025-11
1069,2025-11-23 16:45:00,2025-11-23 16:45:00,LONG,2805.1,2818.89,2819.45,0.492,2280.36,443.23,0.56,186957.87,1.47%,186271.73,27145.39,1.39,2025-11
1070,2025-11-23 18:30:00,2025-11-23 18:30:00,SHORT,2818.89,2815.21,2814.65,0.13,282.55,448.7,0.56,187240.42,0.39%,186554.28,27186.57,1.24,2025-11
1071,2025-11-23 23:00:00,2025-11-23 23:00:00,LONG,2815.21,2826.9,2827.46,0.415,1882.15,449.38,0.57,189122.58,1.25%,188436.43,27460.85,0.24,2025-11
1072,2025-11-24 02:00:00,2025-11-24 02:00:00,SHORT,2826.9,2821.49,2820.93,0.191,631.67,453.89,0.56,189754.25,0.57%,189068.1,27552.91,0.0,2025-11
1073,2025-11-24 04:15:00,2025-11-24 04:15:00,LONG,2821.49,2845.74,2846.31,0.859,4436.66,455.41,0.57,194190.91,2.58%,193504.76,28199.46,0.0,2025-11
1074,2025-11-24 05:00:00,2025-11-24 05:00:00,SHORT,2845.74,2841.82,2841.25,0.138,335.72,466.06,0.57,194526.63,0.41%,193840.48,28248.39,0.0,2025-11
1075,2025-11-24 07:45:00,2025-11-24 07:45:00,LONG,2841.82,2832.74,2833.31,-0.32,-2331.46,466.86,0.57,192195.17,-0.96%,191509.02,27908.62,1.2,2025-11
1076,2025-11-24 08:45:00,2025-11-24 08:45:00,SHORT,2832.74,2838.55,2837.98,-0.205,-1642.79,461.27,0.57,190552.38,-0.61%,189866.23,27669.22,2.04,2025-11
1077,2025-11-24 09:00:00,2025-11-24 09:00:00,LONG,2838.55,2829.04,2829.6,-0.335,-2372.66,457.33,0.57,188179.72,-1.01%,187493.57,27323.45,3.26,2025-11
1078,2025-11-24 15:30:00,2025-11-24 15:30:00,SHORT,2829.04,2846.22,2845.65,-0.607,-3881.14,451.63,0.57,184298.59,-1.82%,183612.43,26757.85,5.26,2025-11
1079,2025-11-25 01:45:00,2025-11-25 01:45:00,LONG,2846.22,2926.97,2927.56,2.837,15244.32,442.32,0.59,199542.9,8.51%,198856.75,28979.41,0.0,2025-11
1080,2025-11-25 02:30:00,2025-11-25 02:30:00,SHORT,2926.97,2925.44,2924.85,0.053,-164.55,478.9,0.58,199378.35,0.16%,198692.2,28955.43,0.08,2025-11
1081,2025-11-25 03:30:00,2025-11-25 03:30:00,LONG,2925.44,2916.98,2917.56,-0.289,-2207.62,478.51,0.58,197170.73,-0.87%,196484.58,28633.71,1.19,2025-11
1082,2025-11-25 04:00:00,2025-11-25 04:00:00,SHORT,2916.98,2921.97,2921.38,-0.171,-1484.54,473.21,0.58,195686.19,-0.51%,195000.04,28417.37,1.93,2025-11
1083,2025-11-25 05:15:00,2025-11-25 05:15:00,LONG,2921.97,2919.63,2920.22,-0.08,-938.44,469.65,0.58,194747.75,-0.24%,194061.6,28280.61,2.4,2025-11
1084,2025-11-25 05:30:00,2025-11-25 05:30:00,SHORT,2919.63,2931.13,2930.54,-0.394,-2767.47,467.39,0.59,191980.28,-1.18%,191294.13,27877.31,3.79,2025-11
1085,2025-11-25 06:15:00,2025-11-25 06:15:00,LONG,2931.13,2914.94,2915.52,-0.552,-3641.5,460.75,0.58,188338.78,-1.66%,187652.63,27346.63,5.61,2025-11
1086,2025-11-25 12:00:00,2025-11-25 12:00:00,SHORT,2914.94,2898.01,2897.43,0.581,2830.36,452.01,0.58,191169.14,1.74%,190482.99,27759.1,4.2,2025-11
1087,2025-11-25 13:30:00,2025-11-25 13:30:00,LONG,2898.01,2917.24,2917.82,0.664,3347.04,458.81,0.58,194516.19,1.99%,193830.03,28246.87,2.52,2025-11
1088,2025-11-25 14:00:00,2025-11-25 14:00:00,SHORT,2917.24,2919.39,2918.81,-0.074,-897.38,466.84,0.58,193618.81,-0.22%,192932.65,28116.09,2.97,2025-11
1089,2025-11-25 14:30:00,2025-11-25 14:30:00,LONG,2919.39,2900.52,2901.1,-0.646,-4219.65,464.69,0.58,189399.16,-1.94%,188713.0,27501.16,5.08,2025-11
1090,2025-11-25 15:30:00,2025-11-25 15:30:00,SHORT,2900.52,2905.36,2904.78,-0.167,-1402.53,454.56,0.58,187996.63,-0.5%,187310.47,27296.77,5.79,2025-11
1091,2025-11-25 19:00:00,2025-11-25 19:00:00,LONG,2905.36,2911.48,2912.06,0.211,737.82,451.19,0.58,188734.46,0.63%,188048.29,27404.29,5.42,2025-11
1092,2025-11-25 21:15:00,2025-11-25 21:15:00,SHORT,2911.48,2939.16,2938.57,-0.95,-5834.72,452.96,0.59,182899.73,-2.85%,182213.57,26554.0,8.34,2025-11
1093,2025-11-25 22:00:00,2025-11-25 22:00:00,LONG,2939.16,2921.95,2922.54,-0.585,-3650.09,438.96,0.58,179249.64,-1.76%,178563.48,26022.07,10.17,2025-11
1094,2025-11-25 22:15:00,2025-11-25 22:15:00,SHORT,2921.95,2923.13,2922.55,-0.04,-647.09,430.2,0.58,178602.55,-0.12%,177916.39,25927.77,10.49,2025-11
1095,2025-11-26 03:30:00,2025-11-26 03:30:00,LONG,2923.13,2951.68,2952.27,0.977,4804.37,428.65,0.59,183406.92,2.93%,182720.76,26627.91,8.09,2025-11
1096,2025-11-26 05:15:00,2025-11-26 05:15:00,SHORT,2951.68,2945.5,2944.91,0.209,712.5,440.18,0.59,184119.41,0.63%,183433.26,26731.74,7.73,2025-11
1097,2025-11-26 06:15:00,2025-11-26 06:15:00,LONG,2945.5,2941.39,2941.98,-0.14,-1212.5,441.89,0.59,182906.91,-0.42%,182220.76,26555.04,8.34,2025-11
1098,2025-11-26 13:30:00,2025-11-26 13:30:00,SHORT,2941.39,2921.38,2920.79,0.68,3294.19,438.98,0.58,186201.1,2.04%,185514.95,27035.11,6.69,2025-11
1099,2025-11-27 08:00:00,2025-11-27 08:00:00,LONG,2921.38,3027.91,3028.52,3.647,19924.04,446.88,0.61,206125.13,10.94%,205438.99,29938.64,0.0,2025-11
1100,2025-11-27 09:15:00,2025-11-27 09:15:00,SHORT,3027.91,3033.51,3032.91,-0.185,-1638.11,494.7,0.61,204487.02,-0.55%,203800.88,29699.92,0.79,2025-11
1101,2025-11-27 12:00:00,2025-11-27 12:00:00,LONG,3033.51,3023.29,3023.9,-0.337,-2557.51,490.77,0.6,201929.51,-1.01%,201243.37,29327.21,2.04,2025-11
1102,2025-11-27 16:00:00,2025-11-27 16:00:00,SHORT,3023.29,3021.0,3020.39,0.076,-24.34,484.63,0.6,201905.17,0.23%,201219.03,29323.66,2.05,2025-11
1103,2025-11-27 22:30:00,2025-11-27 22:30:00,LONG,3021.0,3026.23,3026.84,0.173,565.27,484.57,0.61,202470.44,0.52%,201784.3,29406.04,1.77,2025-11
1104,2025-11-28 04:00:00,2025-11-28 04:00:00,SHORT,3026.23,3015.43,3014.83,0.357,1682.23,485.93,0.6,204152.67,1.07%,203466.53,29651.19,0.96,2025-11
1105,2025-11-28 06:15:00,2025-11-28 06:15:00,LONG,3015.43,3012.59,3013.19,-0.094,-1066.61,489.97,0.6,203086.06,-0.28%,202399.92,29495.75,1.47,2025-11
1106,2025-11-28 07:15:00,2025-11-28 07:15:00,SHORT,3012.59,3022.79,3022.18,-0.339,-2549.94,487.41,0.6,200536.12,-1.02%,199849.98,29124.15,2.71,2025-11
1107,2025-11-28 07:30:00,2025-11-28 07:30:00,LONG,3022.79,3014.27,3014.88,-0.282,-2175.96,481.29,0.6,198360.16,-0.85%,197674.02,28807.05,3.77,2025-11
1108,2025-11-28 08:00:00,2025-11-28 08:00:00,SHORT,3014.27,3009.99,3009.39,0.142,369.22,476.06,0.6,198729.38,0.43%,198043.24,28860.85,3.59,2025-11
1109,2025-11-28 16:15:00,2025-11-28 16:15:00,LONG,3009.99,3042.67,3043.28,1.086,5995.46,476.95,0.61,204724.84,3.26%,204038.7,29734.57,0.68,2025-11
1110,2025-11-28 18:00:00,2025-11-28 18:00:00,SHORT,3042.67,3046.4,3045.79,-0.123,-1244.72,491.34,0.61,203480.12,-0.37%,202793.98,29553.18,1.28,2025-11
1111,2025-11-28 18:15:00,2025-11-28 18:15:00,LONG,3046.4,3033.5,3034.11,-0.423,-3073.46,488.35,0.61,200406.66,-1.27%,199720.52,29105.28,2.77,2025-11
1112,2025-11-28 19:15:00,2025-11-28 19:15:00,SHORT,3033.5,3053.93,3053.32,-0.673,-4529.37,480.98,0.61,195877.29,-2.02%,195191.15,28445.22,4.97,2025-11
1113,2025-11-28 21:45:00,2025-11-28 21:45:00,LONG,3053.93,3044.1,3044.71,-0.322,-2360.83,470.11,0.61,193516.46,-0.97%,192830.32,28101.17,6.12,2025-11
1114,2025-11-29 01:00:00,2025-11-29 01:00:00,SHORT,3044.1,3041.61,3041.01,0.082,9.84,464.44,0.61,193526.3,0.25%,192840.16,28102.61,6.11,2025-11
1115,2025-11-29 01:15:00,2025-11-29 01:15:00,LONG,3041.61,3041.05,3041.66,-0.019,-572.7,464.46,0.61,192953.6,-0.06%,192267.46,28019.15,6.39,2025-11
1116,2025-11-29 04:45:00,2025-11-29 04:45:00,SHORT,3041.05,3036.37,3035.76,0.154,427.65,463.09,0.61,193381.25,0.46%,192695.11,28081.47,6.18,2025-11
1117,2025-11-29 06:15:00,2025-11-29 06:15:00,LONG,3036.37,3031.59,3032.2,-0.157,-1377.33,464.12,0.61,192003.92,-0.47%,191317.78,27880.75,6.85,2025-11
1118,2025-11-29 15:45:00,2025-11-29 15:45:00,SHORT,3031.59,3008.69,3008.09,0.755,3889.59,460.81,0.6,195893.51,2.27%,195207.37,28447.58,4.96,2025-11
1119,2025-11-29 17:00:00,2025-11-29 17:00:00,LONG,3008.69,2996.27,2996.87,-0.413,-2896.89,470.14,0.6,192996.62,-1.24%,192310.48,28025.42,6.37,2025-11
1120,2025-11-30 00:00:00,2025-11-30 00:00:00,SHORT,2996.27,2993.84,2993.24,0.081,5.4,463.19,0.6,193002.03,0.24%,192315.88,28026.21,6.37,2025-11
1121,2025-11-30 02:30:00,2025-11-30 02:30:00,LONG,2993.84,3000.56,3001.16,0.224,835.59,463.2,0.6,193837.61,0.67%,193151.47,28147.98,5.96,2025-11
1122,2025-11-30 03:30:00,2025-11-30 03:30:00,SHORT,3000.56,2994.91,2994.31,0.188,629.07,465.21,0.6,194466.69,0.56%,193780.54,28239.65,5.66,2025-11
1123,2025-11-30 05:00:00,2025-11-30 05:00:00,LONG,2994.91,2994.61,2995.21,-0.01,-526.11,466.72,0.6,193940.57,-0.03%,193254.43,28162.98,5.91,2025-11
1124,2025-11-30 06:15:00,2025-11-30 06:15:00,SHORT,2994.61,2995.72,2995.12,-0.037,-682.39,465.46,0.6,193258.18,-0.11%,192572.04,28063.54,6.24,2025-11
1125,2025-11-30 21:00:00,2025-11-30 21:00:00,LONG,2995.72,3022.83,3023.44,0.905,4782.46,463.82,0.6,198040.64,2.71%,197354.5,28760.48,3.92,2025-11
1126,2025-11-30 22:00:00,2025-11-30 22:00:00,SHORT,3022.83,3029.2,3028.59,-0.211,-1726.48,475.3,0.61,196314.15,-0.63%,195628.02,28508.88,4.76,2025-11
1127,2025-11-30 22:30:00,2025-11-30 22:30:00,LONG,3029.2,3021.68,3022.28,-0.248,-1933.24,471.15,0.6,194380.91,-0.74%,193694.78,28227.15,5.7,2025-11
1128,2025-11-30 22:45:00,2025-11-30 22:45:00,SHORT,3021.68,3033.21,3032.6,-0.382,-2692.03,466.51,0.61,191688.88,-1.14%,191002.75,27834.84,7.0,2025-11
1129,2025-11-30 23:00:00,2025-11-30 23:00:00,LONG,3033.21,3025.78,3026.39,-0.245,-1868.57,460.05,0.61,189820.31,-0.73%,189134.18,27562.53,7.91,2025-11
1130,2025-12-01 21:30:00,2025-12-01 21:30:00,SHORT,3025.78,2797.82,2797.26,7.534,42447.33,455.57,0.56,232267.64,22.6%,231581.51,33748.39,0.0,2025-12
1131,2025-12-02 03:15:00,2025-12-02 03:15:00,LONG,2797.82,2793.33,2793.88,-0.161,-1676.49,557.44,0.56,230591.15,-0.48%,229905.02,33504.07,0.72,2025-12
1132,2025-12-02 03:30:00,2025-12-02 03:30:00,SHORT,2793.33,2800.42,2799.86,-0.254,-2309.21,553.42,0.56,228281.94,-0.76%,227595.81,33167.55,1.72,2025-12
1133,2025-12-02 08:00:00,2025-12-02 08:00:00,LONG,2800.42,2801.03,2801.59,0.022,-397.18,547.88,0.56,227884.76,0.07%,227198.63,33109.67,1.89,2025-12
1134,2025-12-02 09:00:00,2025-12-02 09:00:00,SHORT,2801.03,2806.36,2805.8,-0.19,-1847.58,546.92,0.56,226037.18,-0.57%,225351.05,32840.42,2.68,2025-12
1135,2025-12-02 09:30:00,2025-12-02 09:30:00,LONG,2806.36,2796.67,2797.22,-0.345,-2885.27,542.49,0.56,223151.9,-1.04%,222465.78,32419.95,3.92,2025-12
1136,2025-12-02 10:00:00,2025-12-02 10:00:00,SHORT,2796.67,2806.21,2805.65,-0.341,-2819.95,535.56,0.56,220331.95,-1.02%,219645.83,32009.0,5.14,2025-12
1137,2025-12-03 14:00:00,2025-12-03 14:00:00,LONG,2806.21,3082.02,3082.64,9.829,64437.56,528.8,0.62,284769.52,29.49%,284083.39,41399.49,0.0,2025-12
1138,2025-12-03 14:15:00,2025-12-03 14:15:00,SHORT,3082.02,3064.56,3063.95,0.566,4154.84,683.45,0.61,288924.36,1.7%,288238.23,42004.98,0.0,2025-12
1139,2025-12-04 11:30:00,2025-12-04 11:30:00,LONG,3064.56,3184.07,3184.71,3.9,33107.13,693.42,0.64,322031.49,11.7%,321345.36,46829.68,0.0,2025-12
1140,2025-12-04 13:15:00,2025-12-04 13:15:00,SHORT,3184.07,3174.68,3174.05,0.295,2075.21,772.88,0.63,324106.69,0.88%,323420.57,47132.1,0.0,2025-12
1141,2025-12-04 13:30:00,2025-12-04 13:30:00,LONG,3174.68,3172.13,3172.76,-0.08,-1559.73,777.86,0.63,322546.97,-0.24%,321860.84,46904.8,0.48,2025-12
1142,2025-12-04 15:30:00,2025-12-04 15:30:00,SHORT,3172.13,3194.91,3194.28,-0.718,-7724.53,774.11,0.64,314822.44,-2.15%,314136.31,45779.11,2.86,2025-12
1143,2025-12-04 16:30:00,2025-12-04 16:30:00,LONG,3194.91,3186.27,3186.9,-0.271,-3311.69,755.57,0.64,311510.75,-0.81%,310824.62,45296.5,3.89,2025-12
1144,2025-12-05 01:15:00,2025-12-05 01:15:00,SHORT,3186.27,3160.3,3159.67,0.815,6867.38,747.63,0.63,318378.13,2.44%,317692.0,46297.28,1.77,2025-12
1145,2025-12-05 04:30:00,2025-12-05 04:30:00,LONG,3160.3,3161.29,3161.92,0.031,-465.9,764.11,0.63,317912.23,0.09%,317226.1,46229.38,1.91,2025-12
1146,2025-12-05 04:45:00,2025-12-05 04:45:00,SHORT,3161.29,3165.28,3164.65,-0.126,-1967.29,762.99,0.63,315944.94,-0.38%,315258.81,45942.69,2.52,2025-12
1147,2025-12-05 08:00:00,2025-12-05 08:00:00,LONG,3165.28,3166.64,3167.28,0.043,-351.28,758.27,0.63,315593.65,0.13%,314907.53,45891.5,2.63,2025-12
1148,2025-12-05 15:00:00,2025-12-05 15:00:00,SHORT,3166.64,3118.99,3118.36,1.505,13490.85,757.42,0.62,329084.51,4.51%,328398.38,47857.52,0.0,2025-12
1149,2025-12-05 15:45:00,2025-12-05 15:45:00,LONG,3118.99,3109.31,3109.94,-0.31,-3851.65,789.8,0.62,325232.86,-0.93%,324546.73,47296.22,1.17,2025-12
1150,2025-12-06 11:00:00,2025-12-06 11:00:00,SHORT,3109.31,3035.53,3034.92,2.373,22373.87,780.56,0.61,347606.73,7.12%,346920.6,50556.77,0.0,2025-12
1151,2025-12-06 15:15:00,2025-12-06 15:15:00,LONG,3035.53,3037.72,3038.32,0.072,-81.44,834.26,0.61,347525.29,0.22%,346839.16,50544.9,0.02,2025-12
1152,2025-12-06 15:30:00,2025-12-06 15:30:00,SHORT,3037.72,3048.26,3047.65,-0.347,-4452.59,834.06,0.61,343072.69,-1.04%,342386.57,49896.02,1.3,2025-12
1153,2025-12-06 18:45:00,2025-12-06 18:45:00,LONG,3048.26,3040.94,3041.55,-0.24,-3293.67,823.37,0.61,339779.02,-0.72%,339092.9,49416.03,2.25,2025-12
1154,2025-12-06 22:00:00,2025-12-06 22:00:00,SHORT,3040.94,3047.49,3046.88,-0.215,-3009.44,815.47,0.61,336769.58,-0.65%,336083.46,48977.47,3.12,2025-12
1155,2025-12-06 23:00:00,2025-12-06 23:00:00,LONG,3047.49,3036.36,3036.96,-0.365,-4499.0,808.25,0.61,332270.58,-1.1%,331584.46,48321.83,4.41,2025-12
1156,2025-12-07 00:30:00,2025-12-07 00:30:00,SHORT,3036.36,3047.68,3047.07,-0.373,-4513.82,797.45,0.61,327756.76,-1.12%,327070.64,47664.03,5.71,2025-12
1157,2025-12-07 07:00:00,2025-12-07 07:00:00,LONG,3047.68,3044.94,3045.55,-0.09,-1670.31,786.62,0.61,326086.46,-0.27%,325400.33,47420.61,6.19,2025-12
1158,2025-12-07 10:30:00,2025-12-07 10:30:00,SHORT,3044.94,3041.24,3040.63,0.122,406.51,782.61,0.61,326492.97,0.36%,325806.84,47479.86,6.07,2025-12
1159,2025-12-07 11:15:00,2025-12-07 11:15:00,LONG,3041.24,3035.02,3035.63,-0.204,-2786.11,783.58,0.61,323706.86,-0.61%,323020.73,47073.84,6.88,2025-12
1160,2025-12-07 12:00:00,2025-12-07 12:00:00,SHORT,3035.02,3040.33,3039.73,-0.175,-2477.41,776.9,0.61,321229.45,-0.53%,320543.32,46712.8,7.59,2025-12
1161,2025-12-07 13:15:00,2025-12-07 13:15:00,LONG,3040.33,3035.92,3036.53,-0.145,-2169.49,770.95,0.61,319059.96,-0.44%,318373.83,46396.64,8.21,2025-12
1162,2025-12-07 15:45:00,2025-12-07 15:45:00,SHORT,3035.92,2993.46,2992.86,1.399,12621.13,765.74,0.6,331681.09,4.2%,330994.96,48235.92,4.58,2025-12
1163,2025-12-07 16:00:00,2025-12-07 16:00:00,LONG,2993.46,3000.42,3001.02,0.232,1517.25,796.03,0.6,333198.34,0.7%,332512.21,48457.03,4.15,2025-12
1164,2025-12-07 17:15:00,2025-12-07 17:15:00,SHORT,3000.42,3056.63,3056.01,-1.873,-19524.26,799.68,0.61,313674.07,-5.62%,312987.95,45611.76,9.76,2025-12
1165,2025-12-07 22:00:00,2025-12-07 22:00:00,LONG,3056.63,3069.83,3070.45,0.432,3313.5,752.82,0.61,316987.57,1.3%,316301.45,46094.63,8.81,2025-12
1166,2025-12-08 01:00:00,2025-12-08 01:00:00,SHORT,3069.83,3077.16,3076.54,-0.239,-3030.16,760.77,0.62,313957.41,-0.72%,313271.29,45653.05,9.68,2025-12
1167,2025-12-08 12:30:00,2025-12-08 12:30:00,LONG,3077.16,3132.67,3133.29,1.804,16236.06,753.5,0.63,330193.48,5.41%,329507.35,48019.13,5.01,2025-12
1168,2025-12-08 13:00:00,2025-12-08 13:00:00,SHORT,3132.67,3140.22,3139.59,-0.241,-3181.3,792.46,0.63,327012.18,-0.72%,326326.05,47555.52,5.92,2025-12
1169,2025-12-08 14:45:00,2025-12-08 14:45:00,LONG,3140.22,3150.18,3150.81,0.317,2326.13,784.83,0.63,329338.31,0.95%,328652.18,47894.51,5.26,2025-12
1170,2025-12-08 20:45:00,2025-12-08 20:45:00,SHORT,3150.18,3138.8,3138.17,0.361,2777.91,790.41,0.63,332116.21,1.08%,331430.09,48299.33,4.46,2025-12
1171,2025-12-08 23:15:00,2025-12-08 23:15:00,LONG,3138.8,3117.88,3118.5,-0.667,-7438.29,797.08,0.62,324677.92,-2.0%,323991.8,47215.35,6.6,2025-12
1172,2025-12-09 00:15:00,2025-12-09 00:15:00,SHORT,3117.88,3138.75,3138.12,-0.669,-7300.27,779.23,0.63,317377.66,-2.01%,316691.53,46151.48,8.7,2025-12
1173,2025-12-09 00:30:00,2025-12-09 00:30:00,LONG,3138.75,3127.14,3127.77,-0.37,-4284.23,761.71,0.63,313093.42,-1.11%,312407.3,45527.14,9.93,2025-12
1174,2025-12-09 03:45:00,2025-12-09 03:45:00,SHORT,3127.14,3129.81,3129.18,-0.085,-1553.51,751.42,0.63,311539.91,-0.26%,310853.79,45300.74,10.38,2025-12
1175,2025-12-09 04:30:00,2025-12-09 04:30:00,LONG,3129.81,3116.82,3117.44,-0.415,-4628.04,747.7,0.62,306911.87,-1.25%,306225.75,44626.3,11.71,2025-12
1176,2025-12-09 07:15:00,2025-12-09 07:15:00,SHORT,3116.82,3120.18,3119.55,-0.108,-1728.98,736.59,0.62,305182.88,-0.32%,304496.77,44374.33,12.2,2025-12
1177,2025-12-09 09:30:00,2025-12-09 09:30:00,LONG,3120.18,3110.17,3110.8,-0.321,-3667.62,732.44,0.62,301515.26,-0.96%,300829.15,43839.85,13.26,2025-12
1178,2025-12-09 11:45:00,2025-12-09 11:45:00,SHORT,3110.17,3116.83,3116.21,-0.214,-2661.0,723.64,0.62,298854.26,-0.64%,298168.15,43452.06,14.03,2025-12
1179,2025-12-09 13:30:00,2025-12-09 13:30:00,LONG,3116.83,3127.58,3128.2,0.345,2373.31,717.25,0.63,301227.57,1.03%,300541.46,43797.93,13.34,2025-12
1180,2025-12-09 15:00:00,2025-12-09 15:00:00,SHORT,3127.58,3128.97,3128.34,-0.045,-1125.24,722.95,0.63,300102.33,-0.13%,299416.22,43633.94,13.67,2025-12
1181,2025-12-10 11:30:00,2025-12-10 11:30:00,LONG,3128.97,3306.43,3307.09,5.672,50340.76,720.25,0.66,350443.09,17.01%,349756.98,50970.11,0.0,2025-12
1182,2025-12-10 13:15:00,2025-12-10 13:15:00,SHORT,3306.43,3332.05,3331.39,-0.775,-8988.66,841.06,0.67,341454.43,-2.32%,340768.32,49660.19,2.56,2025-12
1183,2025-12-11 00:15:00,2025-12-11 00:15:00,LONG,3332.05,3313.58,3314.24,-0.554,-6498.63,819.49,0.66,334955.8,-1.66%,334269.69,48713.14,4.42,2025-12
1184,2025-12-11 18:30:00,2025-12-11 18:30:00,SHORT,3313.58,3215.37,3214.73,2.964,28979.66,803.89,0.64,363935.47,8.89%,363249.35,52936.36,0.0,2025-12
1185,2025-12-11 19:45:00,2025-12-11 19:45:00,LONG,3215.37,3194.58,3195.22,-0.647,-7933.03,873.45,0.64,356002.43,-1.94%,355316.32,51780.27,2.18,2025-12
1186,2025-12-11 20:00:00,2025-12-11 20:00:00,SHORT,3194.58,3216.02,3215.38,-0.671,-8021.9,854.41,0.64,347980.53,-2.01%,347294.42,50611.24,4.38,2025-12
1187,2025-12-12 00:45:00,2025-12-12 00:45:00,LONG,3216.02,3221.05,3221.7,0.157,798.78,835.15,0.64,348779.31,0.47%,348093.2,50727.65,4.16,2025-12
1188,2025-12-12 01:15:00,2025-12-12 01:15:00,SHORT,3221.05,3231.95,3231.31,-0.338,-4378.22,837.07,0.65,344401.09,-1.02%,343714.98,50089.61,5.37,2025-12
1189,2025-12-12 09:15:00,2025-12-12 09:15:00,LONG,3231.95,3238.31,3238.95,0.197,1204.53,826.56,0.65,345605.62,0.59%,344919.51,50265.14,5.04,2025-12
1190,2025-12-12 09:30:00,2025-12-12 09:30:00,SHORT,3238.31,3243.54,3242.89,-0.162,-2505.03,829.45,0.65,343100.59,-0.48%,342414.48,49900.09,5.72,2025-12
1191,2025-12-12 11:15:00,2025-12-12 11:15:00,LONG,3243.54,3233.54,3234.19,-0.308,-3996.49,823.44,0.65,339104.1,-0.92%,338417.99,49317.68,6.82,2025-12
1192,2025-12-12 12:45:00,2025-12-12 12:45:00,SHORT,3233.54,3241.93,3241.28,-0.259,-3452.22,813.85,0.65,335651.88,-0.78%,334965.77,48814.58,7.77,2025-12
1193,2025-12-12 14:00:00,2025-12-12 14:00:00,LONG,3241.93,3235.1,3235.74,-0.211,-2927.43,805.56,0.65,332724.45,-0.63%,332038.34,48387.97,8.58,2025-12
1194,2025-12-13 08:00:00,2025-12-13 08:00:00,SHORT,3235.1,3098.16,3097.54,4.233,41453.29,798.54,0.62,374177.75,12.7%,373491.63,54428.96,0.0,2025-12
1195,2025-12-13 13:15:00,2025-12-13 13:15:00,LONG,3098.16,3104.28,3104.9,0.198,1321.21,898.03,0.62,375498.95,0.59%,374812.84,54621.5,0.0,2025-12
1196,2025-12-13 15:00:00,2025-12-13 15:00:00,SHORT,3104.28,3119.92,3119.3,-0.504,-6576.48,901.2,0.62,368922.48,-1.51%,368236.36,53663.11,1.75,2025-12
1197,2025-12-13 15:45:00,2025-12-13 15:45:00,LONG,3119.92,3104.78,3105.41,-0.485,-6254.77,885.41,0.62,362667.7,-1.46%,361981.59,52751.6,3.42,2025-12
1198,2025-12-13 18:00:00,2025-12-13 18:00:00,SHORT,3104.78,3106.32,3105.7,-0.049,-1407.51,870.4,0.62,361260.19,-0.15%,360574.08,52546.49,3.79,2025-12
1199,2025-12-13 18:45:00,2025-12-13 18:45:00,LONG,3106.32,3101.72,3102.34,-0.148,-2469.54,867.02,0.62,358790.65,-0.44%,358104.54,52186.6,4.45,2025-12
1200,2025-12-13 19:30:00,2025-12-13 19:30:00,SHORT,3101.72,3108.51,3107.88,-0.219,-3214.28,861.1,0.62,355576.37,-0.66%,354890.26,51718.18,5.31,2025-12
1201,2025-12-13 20:45:00,2025-12-13 20:45:00,LONG,3108.51,3102.97,3103.59,-0.178,-2754.1,853.38,0.62,352822.27,-0.53%,352136.16,51316.83,6.04,2025-12
1202,2025-12-13 21:45:00,2025-12-13 21:45:00,SHORT,3102.97,3113.96,3113.34,-0.354,-4596.43,846.77,0.62,348225.84,-1.06%,347539.73,50646.99,7.26,2025-12
1203,2025-12-13 22:00:00,2025-12-13 22:00:00,LONG,3113.96,3102.2,3102.82,-0.377,-4779.24,835.74,0.62,343446.59,-1.13%,342760.49,49950.51,8.54,2025-12
1204,2025-12-14 00:30:00,2025-12-14 00:30:00,SHORT,3102.2,3115.95,3115.33,-0.443,-5389.13,824.27,0.62,338057.46,-1.33%,337371.36,49165.15,9.97,2025-12
1205,2025-12-14 04:30:00,2025-12-14 04:30:00,LONG,3115.95,3116.37,3117.0,0.014,-673.32,811.34,0.62,337384.14,0.04%,336698.04,49067.03,10.15,2025-12
1206,2025-12-14 07:45:00,2025-12-14 07:45:00,SHORT,3116.37,3114.37,3113.75,0.064,-160.52,809.72,0.62,337223.61,0.19%,336537.52,49043.63,10.19,2025-12
1207,2025-12-14 08:45:00,2025-12-14 08:45:00,LONG,3114.37,3112.65,3113.27,-0.055,-1370.79,809.34,0.62,335852.82,-0.17%,335166.73,48843.87,10.56,2025-12
1208,2025-12-14 16:15:00,2025-12-14 16:15:00,SHORT,3112.65,3091.62,3091.01,0.675,5998.3,806.05,0.62,341851.13,2.03%,341165.03,49718.0,8.96,2025-12
1209,2025-12-14 16:30:00,2025-12-14 16:30:00,LONG,3091.62,3090.03,3090.64,-0.052,-1350.81,820.44,0.62,340500.32,-0.16%,339814.22,49521.15,9.32,2025-12
1210,2025-12-14 18:45:00,2025-12-14 18:45:00,SHORT,3090.03,3104.04,3103.42,-0.453,-5449.39,817.2,0.62,335050.93,-1.36%,334364.83,48727.01,10.77,2025-12
1211,2025-12-14 19:00:00,2025-12-14 19:00:00,LONG,3104.04,3091.3,3091.92,-0.41,-4929.46,804.12,0.62,330121.47,-1.23%,329435.37,48008.64,12.08,2025-12
1212,2025-12-15 01:30:00,2025-12-15 01:30:00,SHORT,3091.3,3090.15,3089.53,0.037,-425.08,792.29,0.62,329696.39,0.11%,329010.29,47946.69,12.2,2025-12
1213,2025-12-15 14:15:00,2025-12-15 14:15:00,LONG,3090.15,3128.47,3129.09,1.24,11472.28,791.27,0.63,341168.67,3.72%,340482.57,49618.55,9.14,2025-12
1214,2025-12-16 10:30:00,2025-12-16 10:30:00,SHORT,3128.47,2935.85,2935.26,6.157,62198.77,818.8,0.59,403367.43,18.47%,402681.34,58682.78,0.0,2025-12
1215,2025-12-16 13:45:00,2025-12-16 13:45:00,LONG,2935.85,2914.69,2915.28,-0.721,-9687.21,968.08,0.58,393680.22,-2.16%,392994.13,57271.06,2.4,2025-12
1216,2025-12-16 15:45:00,2025-12-16 15:45:00,SHORT,2914.69,2960.28,2959.69,-1.564,-19418.62,944.83,0.59,374261.6,-4.69%,373575.51,54441.18,7.22,2025-12
1217,2025-12-16 16:30:00,2025-12-16 16:30:00,LONG,2960.28,2930.56,2931.15,-1.004,-12171.34,898.23,0.59,362090.26,-3.01%,361404.17,52667.45,10.23,2025-12
1218,2025-12-16 18:30:00,2025-12-16 18:30:00,SHORT,2930.56,2943.79,2943.2,-0.451,-5771.08,869.02,0.59,356319.19,-1.35%,355633.09,51826.43,11.66,2025-12
1219,2025-12-16 19:00:00,2025-12-16 19:00:00,LONG,2943.79,2938.52,2939.11,-0.179,-2766.27,855.17,0.59,353552.92,-0.54%,352866.82,51423.31,12.35,2025-12
1220,2025-12-16 19:30:00,2025-12-16 19:30:00,SHORT,2938.52,2945.25,2944.66,-0.229,-3276.18,848.53,0.59,350276.73,-0.69%,349590.64,50945.87,13.16,2025-12
1221,2025-12-17 00:30:00,2025-12-17 00:30:00,LONG,2945.25,2943.61,2944.2,-0.056,-1425.89,840.66,0.59,348850.84,-0.17%,348164.75,50738.07,13.52,2025-12
1222,2025-12-17 01:00:00,2025-12-17 01:00:00,SHORT,2943.61,2956.36,2955.77,-0.433,-5371.54,837.24,0.59,343479.3,-1.3%,342793.21,49955.28,14.85,2025-12
1223,2025-12-17 02:00:00,2025-12-17 02:00:00,LONG,2956.36,2945.02,2945.6,-0.384,-4779.26,824.35,0.59,338700.04,-1.15%,338013.95,49258.79,16.03,2025-12
1224,2025-12-17 07:30:00,2025-12-17 07:30:00,SHORT,2945.02,2944.67,2944.08,0.012,-692.62,812.88,0.59,338007.42,0.04%,337321.33,49157.86,16.2,2025-12
1225,2025-12-17 08:00:00,2025-12-17 08:00:00,LONG,2944.67,2941.04,2941.63,-0.123,-2061.12,811.22,0.59,335946.3,-0.37%,335260.21,48857.49,16.71,2025-12
1226,2025-12-17 13:45:00,2025-12-17 13:45:00,SHORT,2941.04,2942.4,2941.81,-0.046,-1271.53,806.27,0.59,334674.78,-0.14%,333988.68,48672.19,17.03,2025-12
1227,2025-12-17 14:30:00,2025-12-17 14:30:00,LONG,2942.4,2932.52,2933.11,-0.336,-4171.98,803.22,0.59,330502.8,-1.01%,329816.7,48064.21,18.06,2025-12
1228,2025-12-17 14:45:00,2025-12-17 14:45:00,SHORT,2932.52,2939.7,2939.11,-0.245,-3218.26,793.21,0.59,327284.54,-0.73%,326598.44,47595.21,18.86,2025-12
1229,2025-12-17 15:45:00,2025-12-17 15:45:00,LONG,2939.7,2909.11,2909.69,-1.04,-11000.08,785.48,0.58,316284.46,-3.12%,315598.36,45992.17,21.59,2025-12
1230,2025-12-18 08:15:00,2025-12-18 08:15:00,SHORT,2909.11,2843.39,2842.82,2.259,20677.03,759.08,0.57,336961.49,6.78%,336275.39,49005.43,16.46,2025-12
1231,2025-12-18 09:00:00,2025-12-18 09:00:00,LONG,2843.39,2835.51,2836.08,-0.277,-3610.31,808.71,0.57,333351.18,-0.83%,332665.08,48479.3,17.36,2025-12
1232,2025-12-18 09:15:00,2025-12-18 09:15:00,SHORT,2835.51,2845.67,2845.1,-0.358,-4382.56,800.04,0.57,328968.62,-1.07%,328282.52,47840.63,18.44,2025-12
1233,2025-12-18 17:00:00,2025-12-18 17:00:00,LONG,2845.67,2928.93,2929.52,2.926,28086.24,789.52,0.59,357054.85,8.78%,356368.76,51933.64,11.48,2025-12
1234,2025-12-19 03:00:00,2025-12-19 03:00:00,SHORT,2928.93,2845.56,2844.99,2.847,29633.99,856.93,0.57,386688.85,8.54%,386002.75,56252.21,4.13,2025-12
1235,2025-12-19 17:45:00,2025-12-19 17:45:00,LONG,2845.56,2943.85,2944.44,3.454,39142.92,928.05,0.59,425831.77,10.36%,425145.67,61956.51,0.0,2025-12
1236,2025-12-19 18:15:00,2025-12-19 18:15:00,SHORT,2943.85,2968.87,2968.27,-0.85,-11878.25,1022.0,0.59,413953.52,-2.55%,413267.42,60225.49,2.79,2025-12
1237,2025-12-20 07:00:00,2025-12-20 07:00:00,LONG,2968.87,2977.31,2977.9,0.284,2538.28,993.49,0.6,416491.8,0.85%,415805.7,60595.39,2.19,2025-12
1238,2025-12-20 07:15:00,2025-12-20 07:15:00,SHORT,2977.31,2980.49,2979.89,-0.107,-2334.35,999.58,0.6,414157.45,-0.32%,413471.35,60255.21,2.74,2025-12
1239,2025-12-20 10:15:00,2025-12-20 10:15:00,LONG,2980.49,2980.28,2980.87,-0.007,-1082.21,993.98,0.6,413075.24,-0.02%,412389.14,60097.5,3.0,2025-12
1240,2025-12-20 11:15:00,2025-12-20 11:15:00,SHORT,2980.28,2981.05,2980.45,-0.026,-1310.83,991.38,0.6,411764.41,-0.08%,411078.31,59906.47,3.3,2025-12
1241,2025-12-20 13:15:00,2025-12-20 13:15:00,LONG,2981.05,2972.77,2973.36,-0.278,-4417.36,988.23,0.59,407347.05,-0.83%,406660.95,59262.73,4.34,2025-12
1242,2025-12-20 20:30:00,2025-12-20 20:30:00,SHORT,2972.77,2982.64,2982.05,-0.332,-5036.86,977.63,0.6,402310.19,-1.0%,401624.09,58528.71,5.52,2025-12
1243,2025-12-20 21:45:00,2025-12-20 21:45:00,LONG,2982.64,2979.45,2980.05,-0.107,-2257.56,965.54,0.6,400052.63,-0.32%,399366.53,58199.71,6.05,2025-12
1244,2025-12-21 00:15:00,2025-12-21 00:15:00,SHORT,2979.45,2980.59,2979.99,-0.038,-1416.72,960.13,0.6,398635.91,-0.11%,397949.81,57993.25,6.39,2025-12
1245,2025-12-21 00:30:00,2025-12-21 00:30:00,LONG,2980.59,2977.13,2977.72,-0.116,-2344.41,956.73,0.6,396291.51,-0.35%,395605.4,57651.6,6.94,2025-12
1246,2025-12-21 04:00:00,2025-12-21 04:00:00,SHORT,2977.13,2976.74,2976.14,0.013,-795.27,951.1,0.6,395496.24,0.04%,394810.13,57535.71,7.12,2025-12
1247,2025-12-21 05:30:00,2025-12-21 05:30:00,LONG,2976.74,2973.61,2974.21,-0.105,-2193.61,949.19,0.59,393302.63,-0.31%,392616.52,57216.03,7.64,2025-12
1248,2025-12-21 06:00:00,2025-12-21 06:00:00,SHORT,2973.61,2975.81,2975.22,-0.074,-1816.03,943.93,0.6,391486.6,-0.22%,390800.49,56951.38,8.07,2025-12
1249,2025-12-21 12:30:00,2025-12-21 12:30:00,LONG,2975.81,2995.7,2996.3,0.668,6907.71,939.57,0.6,398394.31,2.0%,397708.2,57958.05,6.44,2025-12
1250,2025-12-21 16:45:00,2025-12-21 16:45:00,SHORT,2995.7,2983.99,2983.39,0.391,3715.98,956.15,0.6,402110.28,1.17%,401424.18,58499.57,5.57,2025-12
1251,2025-12-21 18:00:00,2025-12-21 18:00:00,LONG,2983.99,2977.03,2977.62,-0.233,-3777.84,965.06,0.6,398332.44,-0.7%,397646.34,57949.03,6.46,2025-12
1252,2025-12-21 18:30:00,2025-12-21 18:30:00,SHORT,2977.03,2986.06,2985.47,-0.304,-4583.55,956.0,0.6,393748.89,-0.91%,393062.79,57281.07,7.53,2025-12
1253,2025-12-21 21:30:00,2025-12-21 21:30:00,LONG,2986.06,2981.69,2982.29,-0.146,-2673.93,945.0,0.6,391074.96,-0.44%,390388.86,56891.4,8.16,2025-12
1254,2025-12-21 22:00:00,2025-12-21 22:00:00,SHORT,2981.69,2979.58,2978.98,0.071,-105.69,938.58,0.6,390969.27,0.21%,390283.17,56875.99,8.19,2025-12
1255,2025-12-22 02:00:00,2025-12-22 02:00:00,LONG,2979.58,3006.1,3006.7,0.89,9500.8,938.33,0.6,400470.07,2.67%,399783.97,58260.55,5.96,2025-12
1256,2025-12-22 04:15:00,2025-12-22 04:15:00,SHORT,3006.1,3031.77,3031.17,-0.854,-11222.57,961.13,0.61,389247.49,-2.56%,388561.4,56625.08,8.59,2025-12
1257,2025-12-22 15:00:00,2025-12-22 15:00:00,LONG,3031.77,3047.15,3047.76,0.507,4989.97,934.19,0.61,394237.46,1.52%,393551.37,57352.27,7.42,2025-12
1258,2025-12-23 00:15:00,2025-12-23 00:15:00,SHORT,3047.15,3015.4,3014.8,1.042,11378.53,946.17,0.6,405615.99,3.13%,404929.9,59010.46,4.75,2025-12
1259,2025-12-23 02:30:00,2025-12-23 02:30:00,LONG,3015.4,3004.64,3005.25,-0.357,-5313.4,973.48,0.6,400302.59,-1.07%,399616.5,58236.14,6.0,2025-12
1260,2025-12-23 20:15:00,2025-12-23 20:15:00,SHORT,3004.64,2958.74,2958.15,1.528,17386.49,960.73,0.59,417689.08,4.58%,417002.99,60769.87,1.91,2025-12
1261,2025-12-24 02:00:00,2025-12-24 02:00:00,LONG,2958.74,2957.5,2958.09,-0.042,-1528.35,1002.45,0.59,416160.73,-0.13%,415474.64,60547.15,2.27,2025-12
1262,2025-12-24 16:30:00,2025-12-24 16:30:00,SHORT,2957.5,2932.77,2932.18,0.836,9441.8,998.79,0.59,425602.53,2.51%,424916.44,61923.1,0.05,2025-12
1263,2025-12-25 00:45:00,2025-12-25 00:45:00,LONG,2932.77,2937.68,2938.27,0.168,1118.31,1021.45,0.59,426720.84,0.5%,426034.75,62086.07,0.0,2025-12
1264,2025-12-25 01:00:00,2025-12-25 01:00:00,SHORT,2937.68,2944.45,2943.86,-0.23,-3972.76,1024.13,0.59,422748.08,-0.69%,422061.99,61507.12,0.93,2025-12
1265,2025-12-25 05:00:00,2025-12-25 05:00:00,LONG,2944.45,2941.57,2942.15,-0.098,-2255.81,1014.6,0.59,420492.27,-0.29%,419806.18,61178.38,1.46,2025-12
1266,2025-12-25 14:00:00,2025-12-25 14:00:00,SHORT,2941.57,2936.13,2935.54,0.185,1323.94,1009.18,0.59,421816.2,0.55%,421130.12,61371.32,1.15,2025-12
1267,2025-12-25 14:15:00,2025-12-25 14:15:00,LONG,2936.13,2927.53,2928.11,-0.293,-4717.49,1012.36,0.59,417098.72,-0.88%,416412.63,60683.84,2.25,2025-12
1268,2025-12-25 14:45:00,2025-12-25 14:45:00,SHORT,2927.53,2935.64,2935.05,-0.277,-4467.08,1001.04,0.59,412631.64,-0.83%,411945.55,60032.85,3.3,2025-12
1269,2025-12-25 22:00:00,2025-12-25 22:00:00,LONG,2935.64,2943.64,2944.23,0.272,2382.75,990.32,0.59,415014.39,0.82%,414328.3,60380.09,2.74,2025-12
1270,2025-12-26 02:00:00,2025-12-26 02:00:00,SHORT,2943.64,2924.3,2923.72,0.657,7181.45,996.03,0.58,422195.84,1.97%,421509.75,61426.65,1.06,2025-12
1271,2025-12-26 14:30:00,2025-12-26 14:30:00,LONG,2924.3,2972.82,2973.42,1.659,20002.83,1013.27,0.59,442198.68,4.98%,441512.58,64341.66,0.0,2025-12
1272,2025-12-27 07:00:00,2025-12-27 07:00:00,SHORT,2972.82,2931.98,2931.39,1.374,17165.23,1061.28,0.59,459363.9,4.12%,458677.81,66843.15,0.0,2025-12
1273,2025-12-27 10:30:00,2025-12-27 10:30:00,LONG,2931.98,2926.81,2927.39,-0.176,-3534.01,1102.47,0.59,455829.89,-0.53%,455143.8,66328.14,0.77,2025-12
1274,2025-12-27 13:30:00,2025-12-27 13:30:00,SHORT,2926.81,2930.18,2929.6,-0.115,-2671.54,1093.99,0.59,453158.35,-0.35%,452472.26,65938.82,1.35,2025-12
1275,2025-12-27 15:00:00,2025-12-27 15:00:00,LONG,2930.18,2927.26,2927.85,-0.1,-2443.72,1087.58,0.59,450714.63,-0.3%,450028.54,65582.69,1.88,2025-12
1276,2025-12-27 19:45:00,2025-12-27 19:45:00,SHORT,2927.26,2930.32,2929.74,-0.105,-2495.64,1081.72,0.59,448218.99,-0.31%,447532.9,65219.0,2.43,2025-12
1277,2025-12-28 05:00:00,2025-12-28 05:00:00,LONG,2930.32,2935.6,2936.19,0.18,1346.37,1075.73,0.59,449565.36,0.54%,448879.27,65415.21,2.13,2025-12
1278,2025-12-28 06:00:00,2025-12-28 06:00:00,SHORT,2935.6,2939.72,2939.13,-0.14,-2972.98,1078.96,0.59,446592.38,-0.42%,445906.29,64981.96,2.78,2025-12
1279,2025-12-28 09:30:00,2025-12-28 09:30:00,LONG,2939.72,2938.84,2939.42,-0.03,-1475.48,1071.82,0.59,445116.9,-0.09%,444430.81,64766.93,3.1,2025-12
1280,2025-12-28 10:00:00,2025-12-28 10:00:00,SHORT,2938.84,2942.5,2941.92,-0.125,-2734.39,1068.28,0.59,442382.51,-0.37%,441696.42,64368.45,3.7,2025-12
1281,2025-12-28 12:30:00,2025-12-28 12:30:00,LONG,2942.5,2939.24,2939.83,-0.111,-2532.67,1061.72,0.59,439849.84,-0.33%,439163.75,63999.36,4.25,2025-12
1282,2025-12-28 13:00:00,2025-12-28 13:00:00,SHORT,2939.24,2943.57,2942.98,-0.147,-3000.04,1055.64,0.59,436849.8,-0.44%,436163.71,63562.17,4.9,2025-12
1283,2025-12-28 16:15:00,2025-12-28 16:15:00,LONG,2943.57,2944.57,2945.16,0.034,-604.39,1048.44,0.59,436245.41,0.1%,435559.32,63474.09,5.03,2025-12
1284,2025-12-28 17:00:00,2025-12-28 17:00:00,SHORT,2944.57,2948.04,2947.45,-0.118,-2589.93,1046.99,0.59,433655.48,-0.35%,432969.39,63096.66,5.6,2025-12
1285,2025-12-28 18:00:00,2025-12-28 18:00:00,LONG,2948.04,2942.69,2943.28,-0.182,-3403.33,1040.77,0.59,430252.15,-0.54%,429566.06,62600.69,6.34,2025-12
1286,2025-12-28 22:15:00,2025-12-28 22:15:00,SHORT,2942.69,2941.95,2941.36,0.025,-707.33,1032.61,0.59,429544.83,0.08%,428858.73,62497.61,6.49,2025-12
1287,2025-12-29 09:30:00,2025-12-29 09:30:00,LONG,2941.95,3001.75,3002.35,2.033,25164.18,1030.91,0.6,454709.0,6.1%,454022.91,66164.79,1.01,2025-12
1288,2025-12-30 03:15:00,2025-12-30 03:15:00,SHORT,3001.75,2930.25,2929.67,2.382,31400.35,1091.3,0.59,486109.35,7.15%,485423.26,70740.77,0.0,2025-12
1289,2025-12-30 05:30:00,2025-12-30 05:30:00,LONG,2930.25,2937.91,2938.49,0.261,2642.27,1166.66,0.59,488751.61,0.78%,488065.53,71125.82,0.0,2025-12
1290,2025-12-30 06:00:00,2025-12-30 06:00:00,SHORT,2937.91,2947.8,2947.21,-0.337,-6112.49,1173.0,0.59,482639.13,-1.01%,481953.04,70235.05,1.25,2025-12
1291,2025-12-30 18:45:00,2025-12-30 18:45:00,LONG,2947.8,2967.21,2967.8,0.658,8372.62,1158.33,0.59,491011.75,1.97%,490325.66,71455.2,0.0,2025-12
1292,2025-12-30 23:00:00,2025-12-30 23:00:00,SHORT,2967.21,2973.57,2972.98,-0.214,-4337.09,1178.43,0.59,486674.66,-0.64%,485988.57,70823.15,0.88,2025-12
1293,2025-12-31 00:00:00,2025-12-31 00:00:00,LONG,2973.57,2969.48,2970.08,-0.137,-3174.06,1168.02,0.59,483500.6,-0.41%,482814.51,70360.59,1.53,2025-12
1294,2025-12-31 01:15:00,2025-12-31 01:15:00,SHORT,2969.48,2974.81,2974.22,-0.18,-3764.12,1160.4,0.59,479736.48,-0.54%,479050.39,69812.05,2.3,2025-12
1295,2025-12-31 03:30:00,2025-12-31 03:30:00,LONG,2974.81,2969.91,2970.5,-0.165,-3525.1,1151.37,0.59,476211.39,-0.49%,475525.29,69298.34,3.01,2025-12
1296,2025-12-31 05:00:00,2025-12-31 05:00:00,SHORT,2969.91,2973.15,2972.56,-0.109,-2704.41,1142.91,0.59,473506.98,-0.33%,472820.88,68904.22,3.57,2025-12
1297,2025-12-31 08:30:00,2025-12-31 08:30:00,LONG,2973.15,2973.41,2974.0,0.009,-1014.97,1136.42,0.59,472492.01,0.03%,471805.91,68756.31,3.77,2025-12
1298,2025-12-31 09:00:00,2025-12-31 09:00:00,SHORT,2973.41,2974.04,2973.45,-0.021,-1437.41,1133.98,0.59,471054.6,-0.06%,470368.5,68546.84,4.06,2025-12
1299,2025-12-31 15:00:00,2025-12-31 15:00:00,LONG,2974.04,2980.35,2980.95,0.212,1865.45,1130.53,0.6,472920.05,0.64%,472233.95,68818.69,3.68,2025-12
1300,2025-12-31 16:15:00,2025-12-31 16:15:00,SHORT,2980.35,2996.76,2996.16,-0.55,-8944.85,1135.01,0.6,463975.2,-1.65%,463289.1,67515.16,5.51,2025-12
1301,2025-12-31 16:30:00,2025-12-31 16:30:00,LONG,2996.76,2977.54,2978.14,-0.641,-10038.87,1113.54,0.6,453936.32,-1.92%,453250.23,66052.19,7.55,2025-12
1302,2026-01-01 00:15:00,2026-01-01 00:15:00,SHORT,2977.54,2980.51,2979.91,-0.1,-2446.03,1089.45,0.6,451490.29,-0.3%,450804.2,65695.73,8.05,2026-01
1303,2026-01-01 03:45:00,2026-01-01 03:45:00,LONG,2980.51,2980.1,2980.69,-0.014,-1268.82,1083.58,0.6,450221.48,-0.04%,449535.38,65510.82,8.31,2026-01
1304,2026-01-01 07:30:00,2026-01-01 07:30:00,SHORT,2980.1,2980.29,2979.69,-0.006,-1167.13,1080.53,0.6,449054.34,-0.02%,448368.25,65340.74,8.55,2026-01
1305,2026-01-01 07:45:00,2026-01-01 07:45:00,LONG,2980.29,2977.56,2978.16,-0.092,-2311.79,1077.73,0.6,446742.56,-0.27%,446056.46,65003.84,9.02,2026-01
1306,2026-01-01 08:00:00,2026-01-01 08:00:00,SHORT,2977.56,2981.49,2980.9,-0.132,-2842.83,1072.18,0.6,443899.73,-0.4%,443213.63,64589.56,9.59,2026-01
1307,2026-01-01 14:00:00,2026-01-01 14:00:00,LONG,2981.49,2979.44,2980.04,-0.069,-1981.53,1065.36,0.6,441918.2,-0.21%,441232.1,64300.79,10.0,2026-01
1308,2026-01-01 14:45:00,2026-01-01 14:45:00,SHORT,2979.44,2985.1,2984.51,-0.19,-3580.41,1060.6,0.6,438337.78,-0.57%,437651.69,63779.01,10.73,2026-01
1309,2026-01-01 15:00:00,2026-01-01 15:00:00,LONG,2985.1,2981.01,2981.6,-0.137,-2856.94,1052.01,0.6,435480.84,-0.41%,434794.75,63362.67,11.31,2026-01
1310,2026-01-01 15:15:00,2026-01-01 15:15:00,SHORT,2981.01,2987.31,2986.72,-0.212,-3809.3,1045.15,0.6,431671.54,-0.63%,430985.45,62807.54,12.09,2026-01
1311,2026-01-03 05:30:00,2026-01-03 05:30:00,LONG,2987.31,3108.33,3108.95,4.051,51424.05,1036.01,0.62,483095.59,12.15%,482409.5,70301.57,1.61,2026-01
1312,2026-01-03 06:00:00,2026-01-03 06:00:00,SHORT,3108.33,3117.1,3116.47,-0.282,-5248.1,1159.43,0.62,477847.5,-0.85%,477161.4,69536.77,2.68,2026-01
1313,2026-01-03 06:15:00,2026-01-03 06:15:00,LONG,3117.1,3109.87,3110.49,-0.232,-4472.76,1146.83,0.62,473374.74,-0.7%,472688.64,68884.95,3.59,2026-01
1314,2026-01-03 09:30:00,2026-01-03 09:30:00,SHORT,3109.87,3106.32,3105.7,0.114,484.68,1136.1,0.62,473859.42,0.34%,473173.32,68955.58,3.49,2026-01
1315,2026-01-03 09:45:00,2026-01-03 09:45:00,LONG,3106.32,3101.2,3101.82,-0.165,-3479.24,1137.26,0.62,470380.17,-0.49%,469694.08,68448.55,4.2,2026-01
1316,2026-01-03 12:45:00,2026-01-03 12:45:00,SHORT,3101.2,3105.1,3104.48,-0.126,-2905.7,1128.91,0.62,467474.48,-0.38%,466788.38,68025.11,4.79,2026-01
1317,2026-01-03 13:00:00,2026-01-03 13:00:00,LONG,3105.1,3100.31,3100.93,-0.154,-3287.87,1121.94,0.62,464186.61,-0.46%,463500.51,67545.96,5.46,2026-01
1318,2026-01-03 13:15:00,2026-01-03 13:15:00,SHORT,3100.31,3106.07,3105.45,-0.186,-3703.18,1114.05,0.62,460483.43,-0.56%,459797.33,67006.3,6.22,2026-01
1319,2026-01-03 15:00:00,2026-01-03 15:00:00,LONG,3106.07,3100.77,3101.39,-0.171,-3465.43,1105.16,0.62,457018.0,-0.51%,456331.9,66501.28,6.92,2026-01
1320,2026-01-03 16:30:00,2026-01-03 16:30:00,SHORT,3100.77,3108.23,3107.61,-0.241,-4399.29,1096.84,0.62,452618.7,-0.72%,451932.61,65860.17,7.82,2026-01
1321,2026-01-04 08:00:00,2026-01-04 08:00:00,LONG,3108.23,3135.32,3135.95,0.871,10746.79,1086.28,0.63,463365.49,2.61%,462679.4,67426.3,5.63,2026-01
1322,2026-01-04 09:30:00,2026-01-04 09:30:00,SHORT,3135.32,3141.85,3141.22,-0.208,-4005.68,1112.08,0.63,459359.81,-0.62%,458673.72,66842.55,6.45,2026-01
1323,2026-01-04 11:30:00,2026-01-04 11:30:00,LONG,3141.85,3136.47,3137.1,-0.171,-3461.66,1102.46,0.63,455898.15,-0.51%,455212.06,66338.09,7.15,2026-01
1324,2026-01-04 12:15:00,2026-01-04 12:15:00,SHORT,3136.47,3142.54,3141.92,-0.194,-3743.36,1094.16,0.63,452154.79,-0.58%,451468.7,65792.57,7.91,2026-01
1325,2026-01-04 12:30:00,2026-01-04 12:30:00,LONG,3142.54,3139.91,3140.54,-0.084,-2223.42,1085.17,0.63,449931.38,-0.25%,449245.28,65468.55,8.37,2026-01
1326,2026-01-04 17:30:00,2026-01-04 17:30:00,SHORT,3139.91,3142.62,3141.99,-0.086,-2246.54,1079.84,0.63,447684.83,-0.26%,446998.74,65141.16,8.82,2026-01
1327,2026-01-04 18:00:00,2026-01-04 18:00:00,LONG,3142.62,3133.21,3133.83,-0.3,-5098.39,1074.44,0.63,442586.44,-0.9%,441900.35,64398.17,9.86,2026-01
1328,2026-01-04 20:00:00,2026-01-04 20:00:00,SHORT,3133.21,3139.35,3138.73,-0.196,-3667.55,1062.21,0.63,438918.89,-0.59%,438232.8,63863.7,10.61,2026-01
1329,2026-01-05 05:30:00,2026-01-05 05:30:00,LONG,3139.35,3159.13,3159.76,0.63,7242.53,1053.41,0.63,446161.42,1.89%,445475.33,64919.15,9.13,2026-01
1330,2026-01-05 08:00:00,2026-01-05 08:00:00,SHORT,3159.13,3162.03,3161.4,-0.092,-2298.52,1070.79,0.63,443862.9,-0.28%,443176.81,64584.19,9.6,2026-01
1331,2026-01-05 09:00:00,2026-01-05 09:00:00,LONG,3162.03,3157.36,3157.99,-0.148,-3031.84,1065.27,0.63,440831.05,-0.44%,440144.97,64142.36,10.22,2026-01
1332,2026-01-05 09:15:00,2026-01-05 09:15:00,SHORT,3157.36,3162.2,3161.57,-0.153,-3085.66,1057.99,0.63,437745.39,-0.46%,437059.31,63692.68,10.85,2026-01
1333,2026-01-05 13:15:00,2026-01-05 13:15:00,LONG,3162.2,3164.33,3164.96,0.067,-166.56,1050.59,0.63,437578.83,0.2%,436892.75,63668.41,10.88,2026-01
1334,2026-01-05 14:30:00,2026-01-05 14:30:00,SHORT,3164.33,3163.62,3162.98,0.023,-754.02,1050.19,0.63,436824.81,0.07%,436138.73,63558.53,11.04,2026-01
1335,2026-01-05 15:00:00,2026-01-05 15:00:00,LONG,3163.62,3152.51,3153.14,-0.351,-5649.15,1048.38,0.63,431175.66,-1.05%,430489.58,62735.28,12.19,2026-01
1336,2026-01-05 15:30:00,2026-01-05 15:30:00,SHORT,3152.51,3181.97,3181.33,-0.934,-13121.68,1034.82,0.64,418053.98,-2.8%,417367.9,60823.05,14.86,2026-01
1337,2026-01-05 17:15:00,2026-01-05 17:15:00,LONG,3181.97,3172.19,3172.83,-0.307,-4855.65,1003.33,0.63,413198.33,-0.92%,412512.25,60115.44,15.85,2026-01
1338,2026-01-05 17:30:00,2026-01-05 17:30:00,SHORT,3172.19,3178.2,3177.56,-0.189,-3338.08,991.68,0.64,409860.25,-0.57%,409174.17,59628.98,16.53,2026-01
1339,2026-01-06 00:30:00,2026-01-06 00:30:00,LONG,3178.2,3213.41,3214.06,1.108,12641.15,983.66,0.64,422501.4,3.32%,421815.32,61471.17,13.95,2026-01
1340,2026-01-06 00:45:00,2026-01-06 00:45:00,SHORT,3213.41,3215.73,3215.09,-0.072,-1928.84,1014.0,0.64,420572.56,-0.22%,419886.48,61190.08,14.35,2026-01
1341,2026-01-06 17:45:00,2026-01-06 17:45:00,LONG,3215.73,3227.55,3228.2,0.367,3626.47,1009.37,0.65,424199.02,1.1%,423512.95,61718.57,13.61,2026-01
1342,2026-01-06 20:30:00,2026-01-06 20:30:00,SHORT,3227.55,3248.36,3247.71,-0.645,-9224.16,1018.08,0.65,414974.87,-1.93%,414288.79,60374.33,15.49,2026-01
1343,2026-01-07 01:15:00,2026-01-07 01:15:00,LONG,3248.36,3256.93,3257.59,0.264,2289.61,995.94,0.65,417264.48,0.79%,416578.4,60708.0,15.02,2026-01
1344,2026-01-07 02:30:00,2026-01-07 02:30:00,SHORT,3256.93,3260.83,3260.18,-0.12,-2499.83,1001.43,0.65,414764.65,-0.36%,414078.57,60343.7,15.53,2026-01
1345,2026-01-07 05:00:00,2026-01-07 05:00:00,LONG,3260.83,3249.72,3250.37,-0.341,-5237.59,995.44,0.65,409527.06,-1.02%,408840.98,59580.42,16.6,2026-01
1346,2026-01-07 07:00:00,2026-01-07 07:00:00,SHORT,3249.72,3257.46,3256.81,-0.238,-3910.33,982.86,0.65,405616.73,-0.71%,404930.65,59010.57,17.39,2026-01
1347,2026-01-07 09:00:00,2026-01-07 09:00:00,LONG,3257.46,3248.23,3248.88,-0.283,-4419.79,973.48,0.65,401196.94,-0.85%,400510.86,58366.47,18.29,2026-01
1348,2026-01-08 00:45:00,2026-01-08 00:45:00,SHORT,3248.23,3175.0,3174.36,2.255,26174.28,962.87,0.63,427371.21,6.76%,426685.14,62180.85,12.96,2026-01
1349,2026-01-08 02:15:00,2026-01-08 02:15:00,LONG,3175.0,3174.02,3174.66,-0.031,-1418.32,1025.69,0.63,425952.89,-0.09%,425266.82,61974.16,13.25,2026-01
1350,2026-01-08 16:45:00,2026-01-08 16:45:00,SHORT,3174.02,3123.57,3122.95,1.59,19290.43,1022.29,0.62,445243.32,4.77%,444557.25,64785.36,9.32,2026-01
1351,2026-01-08 17:15:00,2026-01-08 17:15:00,LONG,3123.57,3112.87,3113.49,-0.343,-5644.13,1068.58,0.62,439599.19,-1.03%,438913.12,63962.84,10.47,2026-01
1352,2026-01-08 17:45:00,2026-01-08 17:45:00,SHORT,3112.87,3134.17,3133.54,-0.684,-10079.16,1055.04,0.63,429520.03,-2.05%,428833.96,62494.0,12.52,2026-01
1353,2026-01-08 19:15:00,2026-01-08 19:15:00,LONG,3134.17,3115.33,3115.95,-0.601,-8777.78,1030.85,0.62,420742.25,-1.8%,420056.18,61214.81,14.31,2026-01
1354,2026-01-08 21:30:00,2026-01-08 21:30:00,SHORT,3115.33,3116.14,3115.52,-0.026,-1340.72,1009.78,0.62,419401.53,-0.08%,418715.46,61019.43,14.58,2026-01
1355,2026-01-08 22:30:00,2026-01-08 22:30:00,LONG,3116.14,3114.69,3115.31,-0.047,-1593.11,1006.56,0.62,417808.43,-0.14%,417122.35,60787.27,14.91,2026-01
1356,2026-01-08 22:45:00,2026-01-08 22:45:00,SHORT,3114.69,3119.67,3119.04,-0.16,-3004.14,1002.74,0.62,414804.29,-0.48%,414118.21,60349.47,15.52,2026-01
1357,2026-01-08 23:30:00,2026-01-08 23:30:00,LONG,3119.67,3111.9,3112.52,-0.249,-4092.06,995.53,0.62,410712.22,-0.75%,410026.15,59753.14,16.35,2026-01
1358,2026-01-09 01:15:00,2026-01-09 01:15:00,SHORT,3111.9,3120.71,3120.09,-0.283,-4474.57,985.71,0.62,406237.65,-0.85%,405551.58,59101.06,17.27,2026-01
1359,2026-01-09 01:30:00,2026-01-09 01:30:00,LONG,3120.71,3128.12,3128.74,0.237,1916.95,974.97,0.63,408154.6,0.71%,407468.53,59380.41,16.87,2026-01
1360,2026-01-09 02:00:00,2026-01-09 02:00:00,SHORT,3128.12,3125.7,3125.07,0.077,-32.2,979.57,0.63,408122.4,0.23%,407436.33,59375.72,16.88,2026-01
1361,2026-01-09 03:15:00,2026-01-09 03:15:00,LONG,3125.7,3104.83,3105.45,-0.668,-9153.15,979.49,0.62,398969.25,-2.0%,398283.18,58041.83,18.75,2026-01
1362,2026-01-09 03:30:00,2026-01-09 03:30:00,SHORT,3104.83,3116.49,3115.87,-0.376,-5452.92,957.53,0.62,393516.33,-1.13%,392830.26,57247.18,19.86,2026-01
1363,2026-01-09 04:30:00,2026-01-09 04:30:00,LONG,3116.49,3114.49,3115.12,-0.064,-1702.7,944.44,0.62,391813.63,-0.19%,391127.56,56999.04,20.2,2026-01
1364,2026-01-09 06:15:00,2026-01-09 06:15:00,SHORT,3114.49,3122.69,3122.06,-0.263,-4033.39,940.35,0.62,387780.24,-0.79%,387094.17,56411.26,21.02,2026-01
1365,2026-01-09 07:30:00,2026-01-09 07:30:00,LONG,3122.69,3114.32,3114.94,-0.268,-4048.83,930.67,0.62,383731.4,-0.8%,383045.34,55821.22,21.85,2026-01
1366,2026-01-09 15:15:00,2026-01-09 15:15:00,SHORT,3114.32,3094.56,3093.94,0.634,6382.59,920.96,0.62,390113.99,1.9%,389427.93,56751.35,20.55,2026-01
1367,2026-01-09 18:15:00,2026-01-09 18:15:00,LONG,3094.56,3096.93,3097.55,0.077,-40.63,936.27,0.62,390073.36,0.23%,389387.3,56745.43,20.56,2026-01
1368,2026-01-10 07:00:00,2026-01-10 07:00:00,SHORT,3096.93,3089.66,3089.04,0.235,1810.4,936.18,0.62,391883.76,0.7%,391197.7,57009.26,20.19,2026-01
1369,2026-01-10 17:45:00,2026-01-10 17:45:00,LONG,3089.66,3094.39,3095.01,0.153,859.75,940.52,0.62,392743.51,0.46%,392057.45,57134.55,20.01,2026-01
1370,2026-01-11 00:15:00,2026-01-11 00:15:00,SHORT,3094.39,3091.67,3091.05,0.088,94.15,942.58,0.62,392837.66,0.26%,392151.6,57148.27,19.99,2026-01
1371,2026-01-11 00:30:00,2026-01-11 00:30:00,LONG,3091.67,3087.98,3088.59,-0.119,-2349.76,942.81,0.62,390487.91,-0.36%,389801.84,56805.85,20.47,2026-01
1372,2026-01-11 00:45:00,2026-01-11 00:45:00,SHORT,3087.98,3091.34,3090.72,-0.109,-2212.35,937.17,0.62,388275.56,-0.33%,387589.49,56483.44,20.92,2026-01
1373,2026-01-11 20:00:00,2026-01-11 20:00:00,LONG,3091.34,3118.61,3119.23,0.882,9344.14,931.86,0.62,397619.7,2.65%,396933.63,57845.16,19.02,2026-01
1374,2026-01-11 21:45:00,2026-01-11 21:45:00,SHORT,3118.61,3119.91,3119.29,-0.042,-1453.52,954.29,0.62,396166.17,-0.13%,395480.11,57633.34,19.32,2026-01
1375,2026-01-11 22:00:00,2026-01-11 22:00:00,LONG,3119.91,3114.67,3115.29,-0.168,-2948.03,950.8,0.62,393218.14,-0.5%,392532.08,57203.72,19.92,2026-01
1376,2026-01-12 00:15:00,2026-01-12 00:15:00,SHORT,3114.67,3126.34,3125.72,-0.375,-5363.33,943.72,0.63,387854.81,-1.12%,387168.75,56422.12,21.01,2026-01
1377,2026-01-12 00:30:00,2026-01-12 00:30:00,LONG,3126.34,3110.52,3111.15,-0.506,-6817.78,930.85,0.62,381037.03,-1.52%,380350.97,55428.57,22.4,2026-01
1378,2026-01-12 00:45:00,2026-01-12 00:45:00,SHORT,3110.52,3116.94,3116.32,-0.206,-3273.64,914.49,0.62,377763.39,-0.62%,377077.33,54951.5,23.06,2026-01
1379,2026-01-12 07:45:00,2026-01-12 07:45:00,LONG,3116.94,3135.58,3136.2,0.598,5868.69,906.63,0.63,383632.08,1.79%,382946.02,55806.74,21.87,2026-01
1380,2026-01-12 16:15:00,2026-01-12 16:15:00,SHORT,3135.58,3144.62,3143.99,-0.288,-4240.47,920.72,0.63,379391.62,-0.87%,378705.55,55188.78,22.73,2026-01
1381,2026-01-12 17:15:00,2026-01-12 17:15:00,LONG,3144.62,3115.74,3116.36,-0.919,-11365.66,910.54,0.62,368025.96,-2.76%,367339.89,53532.46,25.05,2026-01
1382,2026-01-13 03:00:00,2026-01-13 03:00:00,SHORT,3115.74,3107.15,3106.53,0.275,2157.79,883.26,0.62,370183.75,0.83%,369497.68,53846.92,24.61,2026-01
1383,2026-01-14 11:00:00,2026-01-14 11:00:00,LONG,3107.15,3303.77,3304.43,6.328,69384.07,888.44,0.66,439567.81,18.98%,438881.75,63958.26,10.48,2026-01
1384,2026-01-14 13:15:00,2026-01-14 13:15:00,SHORT,3303.77,3302.1,3301.44,0.051,-388.25,1054.96,0.66,439179.56,0.15%,438493.5,63901.68,10.56,2026-01
1385,2026-01-14 13:30:00,2026-01-14 13:30:00,LONG,3302.1,3299.13,3299.79,-0.09,-2237.17,1054.03,0.66,436942.4,-0.27%,436256.33,63575.66,11.01,2026-01
1386,2026-01-14 14:00:00,2026-01-14 14:00:00,SHORT,3299.13,3310.03,3309.37,-0.33,-5379.24,1048.66,0.66,431563.16,-0.99%,430877.09,62791.75,12.11,2026-01
1387,2026-01-14 18:30:00,2026-01-14 18:30:00,LONG,3310.03,3332.97,3333.63,0.693,7935.82,1035.75,0.67,439498.98,2.08%,438812.91,63948.23,10.49,2026-01
1388,2026-01-14 18:45:00,2026-01-14 18:45:00,SHORT,3332.97,3341.09,3340.42,-0.244,-4269.7,1054.8,0.67,435229.27,-0.73%,434543.21,63326.01,11.36,2026-01
1389,2026-01-15 00:00:00,2026-01-15 00:00:00,LONG,3341.09,3346.17,3346.84,0.152,941.3,1044.55,0.67,436170.57,0.46%,435484.51,63463.18,11.17,2026-01
1390,2026-01-15 07:15:00,2026-01-15 07:15:00,SHORT,3346.17,3323.57,3322.9,0.676,7794.59,1046.81,0.66,443965.16,2.03%,443279.1,64599.09,9.58,2026-01
1391,2026-01-15 08:00:00,2026-01-15 08:00:00,LONG,3323.57,3322.74,3323.41,-0.025,-1395.03,1065.52,0.66,442570.13,-0.07%,441884.07,64395.79,9.87,2026-01
1392,2026-01-15 08:45:00,2026-01-15 08:45:00,SHORT,3322.74,3334.94,3334.27,-0.367,-5935.09,1062.17,0.67,436635.04,-1.1%,435948.98,63530.87,11.07,2026-01
1393,2026-01-15 14:30:00,2026-01-15 14:30:00,LONG,3334.94,3355.33,3356.0,0.612,6963.05,1047.92,0.67,443598.09,1.83%,442912.03,64545.6,9.66,2026-01
1394,2026-01-15 23:45:00,2026-01-15 23:45:00,SHORT,3355.33,3319.77,3319.1,1.06,13041.96,1064.64,0.66,456640.05,3.18%,455953.99,66446.2,7.0,2026-01
1395,2026-01-16 01:00:00,2026-01-16 01:00:00,LONG,3319.77,3310.67,3311.34,-0.274,-4848.46,1095.94,0.66,451791.59,-0.82%,451105.53,65739.64,7.99,2026-01
1396,2026-01-16 05:30:00,2026-01-16 05:30:00,SHORT,3310.67,3300.33,3299.67,0.313,3151.43,1084.3,0.66,454943.02,0.94%,454256.96,66198.9,7.35,2026-01
1397,2026-01-16 07:15:00,2026-01-16 07:15:00,LONG,3300.33,3309.98,3310.65,0.293,2901.91,1091.86,0.66,457844.93,0.88%,457158.87,66621.79,6.75,2026-01
1398,2026-01-16 07:45:00,2026-01-16 07:45:00,SHORT,3309.98,3309.65,3308.98,0.01,-958.54,1098.83,0.66,456886.39,0.03%,456200.33,66482.1,6.95,2026-01
1399,2026-01-16 10:00:00,2026-01-16 10:00:00,LONG,3309.65,3303.29,3303.95,-0.192,-3730.5,1096.53,0.66,453155.89,-0.58%,452469.83,65938.46,7.71,2026-01
1400,2026-01-16 12:15:00,2026-01-16 12:15:00,SHORT,3303.29,3313.55,3312.89,-0.311,-5313.52,1087.57,0.66,447842.37,-0.93%,447156.31,65164.12,8.79,2026-01
1401,2026-01-16 13:30:00,2026-01-16 13:30:00,LONG,3313.55,3302.42,3303.08,-0.336,-5588.73,1074.82,0.66,442253.64,-1.01%,441567.58,64349.67,9.93,2026-01
1402,2026-01-16 14:15:00,2026-01-16 14:15:00,SHORT,3302.42,3310.97,3310.31,-0.259,-4497.48,1061.41,0.66,437756.16,-0.78%,437070.1,63694.25,10.85,2026-01
1403,2026-01-16 14:30:00,2026-01-16 14:30:00,LONG,3310.97,3306.52,3307.18,-0.134,-2816.26,1050.61,0.66,434939.9,-0.4%,434253.84,63283.84,11.42,2026-01
1404,2026-01-16 15:00:00,2026-01-16 15:00:00,SHORT,3306.52,3305.56,3304.89,0.029,-662.23,1043.86,0.66,434277.67,0.09%,433591.61,63187.33,11.55,2026-01
1405,2026-01-16 15:15:00,2026-01-16 15:15:00,LONG,3305.56,3294.19,3294.85,-0.344,-5521.58,1042.27,0.66,428756.09,-1.03%,428070.03,62382.67,12.68,2026-01
1406,2026-01-16 22:45:00,2026-01-16 22:45:00,SHORT,3294.19,3293.37,3292.71,0.025,-709.23,1029.01,0.66,428046.86,0.07%,427360.8,62279.32,12.82,2026-01
1407,2026-01-17 01:30:00,2026-01-17 01:30:00,LONG,3293.37,3289.43,3290.09,-0.12,-2562.63,1027.31,0.66,425484.23,-0.36%,424798.17,61905.86,13.35,2026-01
1408,2026-01-17 02:45:00,2026-01-17 02:45:00,SHORT,3289.43,3291.33,3290.67,-0.058,-1755.4,1021.16,0.66,423728.82,-0.17%,423042.77,61650.05,13.7,2026-01
1409,2026-01-17 03:30:00,2026-01-17 03:30:00,LONG,3291.33,3287.62,3288.28,-0.113,-2447.82,1016.95,0.66,421281.0,-0.34%,420594.95,61293.33,14.2,2026-01
1410,2026-01-17 04:45:00,2026-01-17 04:45:00,SHORT,3287.62,3291.95,3291.29,-0.132,-2673.87,1011.07,0.66,418607.13,-0.39%,417921.08,60903.66,14.75,2026-01
1411,2026-01-17 06:00:00,2026-01-17 06:00:00,LONG,3291.95,3288.57,3289.23,-0.103,-2292.96,1004.66,0.66,416314.16,-0.31%,415628.12,60569.51,15.21,2026-01
1412,2026-01-17 09:30:00,2026-01-17 09:30:00,SHORT,3288.57,3298.82,3298.16,-0.312,-4890.59,999.15,0.66,411423.57,-0.93%,410737.53,59856.8,16.21,2026-01
1413,2026-01-17 22:00:00,2026-01-17 22:00:00,LONG,3298.82,3309.83,3310.49,0.334,3133.07,987.42,0.66,414556.65,1.0%,413870.6,60313.39,15.57,2026-01
1414,2026-01-18 03:15:00,2026-01-18 03:15:00,SHORT,3309.83,3309.57,3308.91,0.008,-899.45,994.94,0.66,413657.2,0.02%,412971.15,60182.31,15.75,2026-01
1415,2026-01-18 07:00:00,2026-01-18 07:00:00,LONG,3309.57,3312.55,3313.22,0.09,124.08,992.78,0.66,413781.28,0.27%,413095.23,60200.39,15.73,2026-01
1416,2026-01-18 08:30:00,2026-01-18 08:30:00,SHORT,3312.55,3314.18,3313.52,-0.049,-1603.09,993.08,0.66,412178.19,-0.15%,411492.14,59966.77,16.06,2026-01
1417,2026-01-18 23:00:00,2026-01-18 23:00:00,LONG,3314.18,3344.29,3344.96,0.908,10243.93,989.23,0.67,422422.12,2.73%,421736.07,61459.62,13.97,2026-01
1418,2026-01-19 12:30:00,2026-01-19 12:30:00,SHORT,3344.29,3234.65,3234.0,3.279,40533.59,1013.81,0.65,462955.71,9.84%,462269.66,67366.59,5.71,2026-01
1419,2026-01-19 12:45:00,2026-01-19 12:45:00,LONG,3234.65,3223.28,3223.92,-0.351,-5992.45,1111.09,0.64,456963.26,-1.05%,456277.21,66493.31,6.93,2026-01
1420,2026-01-19 16:45:00,2026-01-19 16:45:00,SHORT,3223.28,3224.01,3223.37,-0.023,-1408.87,1096.71,0.64,455554.39,-0.07%,454868.34,66287.99,7.22,2026-01
1421,2026-01-19 17:30:00,2026-01-19 17:30:00,LONG,3224.01,3218.49,3219.13,-0.171,-3434.75,1093.33,0.64,452119.64,-0.51%,451433.59,65787.44,7.92,2026-01
1422,2026-01-21 05:30:00,2026-01-21 05:30:00,SHORT,3218.49,2988.33,2987.73,7.151,95909.22,1085.09,0.6,548028.86,21.45%,547342.81,79764.3,0.0,2026-01
1423,2026-01-21 06:30:00,2026-01-21 06:30:00,LONG,2988.33,2984.51,2985.11,-0.128,-3416.4,1315.27,0.6,544612.46,-0.38%,543926.41,79266.43,0.62,2026-01
1424,2026-01-21 14:00:00,2026-01-21 14:00:00,SHORT,2984.51,2940.0,2939.41,1.492,23061.67,1307.07,0.59,567674.13,4.47%,566988.08,82627.21,0.0,2026-01
1425,2026-01-21 16:15:00,2026-01-21 16:15:00,LONG,2940.0,2964.05,2964.64,0.818,12570.34,1362.42,0.59,580244.47,2.45%,579558.42,84459.09,0.0,2026-01
1426,2026-01-21 19:15:00,2026-01-21 19:15:00,SHORT,2964.05,2937.26,2936.67,0.904,14340.84,1392.59,0.59,594585.3,2.71%,593899.26,86548.98,0.0,2026-01
1427,2026-01-21 23:45:00,2026-01-21 23:45:00,LONG,2937.26,2972.2,2972.79,1.189,19788.58,1427.0,0.59,614373.89,3.57%,613687.84,89432.77,0.0,2026-01
1428,2026-01-22 00:00:00,2026-01-22 00:00:00,SHORT,2972.2,2995.93,2995.33,-0.799,-16194.39,1474.5,0.6,598179.49,-2.4%,597493.45,87072.76,2.64,2026-01
1429,2026-01-22 07:45:00,2026-01-22 07:45:00,LONG,2995.93,3005.01,3005.61,0.303,3999.51,1435.63,0.6,602179.0,0.91%,601492.96,87655.61,1.98,2026-01
1430,2026-01-22 09:30:00,2026-01-22 09:30:00,SHORT,3005.01,3013.56,3012.96,-0.285,-6589.32,1445.23,0.6,595589.68,-0.85%,594903.64,86695.35,3.06,2026-01
1431,2026-01-22 10:30:00,2026-01-22 10:30:00,LONG,3013.56,3001.71,3002.31,-0.393,-8459.27,1429.42,0.6,587130.41,-1.18%,586444.37,85462.58,4.43,2026-01
1432,2026-01-23 01:15:00,2026-01-23 01:15:00,SHORT,3001.71,2958.64,2958.05,1.435,23860.36,1409.11,0.59,610990.77,4.3%,610304.73,88939.75,0.55,2026-01
1433,2026-01-23 02:45:00,2026-01-23 02:45:00,LONG,2958.64,2952.27,2952.86,-0.215,-5415.38,1466.38,0.59,605575.38,-0.65%,604889.35,88150.57,1.43,2026-01
1434,2026-01-23 03:15:00,2026-01-23 03:15:00,SHORT,2952.27,2965.79,2965.2,-0.458,-9772.58,1453.38,0.59,595802.8,-1.37%,595116.77,86726.41,3.02,2026-01
1435,2026-01-23 06:15:00,2026-01-23 06:15:00,LONG,2965.79,2965.14,2965.74,-0.022,-1819.07,1429.93,0.59,593983.74,-0.07%,593297.7,86461.31,3.32,2026-01
1436,2026-01-23 15:45:00,2026-01-23 15:45:00,SHORT,2965.14,2958.07,2957.47,0.239,2827.09,1425.56,0.59,596810.83,0.72%,596124.79,86873.31,2.86,2026-01
1437,2026-01-23 20:30:00,2026-01-23 20:30:00,LONG,2958.07,2939.25,2939.83,-0.636,-12823.83,1432.35,0.59,583987.0,-1.91%,583300.96,85004.49,4.95,2026-01
1438,2026-01-23 23:45:00,2026-01-23 23:45:00,SHORT,2939.25,2958.18,2957.59,-0.644,-12686.73,1401.57,0.59,571300.27,-1.93%,570614.23,83155.65,7.01,2026-01
1439,2026-01-24 07:15:00,2026-01-24 07:15:00,LONG,2958.18,2957.9,2958.49,-0.01,-1535.21,1371.12,0.59,569765.06,-0.03%,569079.02,82931.92,7.26,2026-01
1440,2026-01-24 08:45:00,2026-01-24 08:45:00,SHORT,2957.9,2963.04,2962.45,-0.174,-4343.31,1367.44,0.59,565421.75,-0.52%,564735.71,82298.97,7.97,2026-01
1441,2026-01-24 13:45:00,2026-01-24 13:45:00,LONG,2963.04,2958.3,2958.89,-0.16,-4072.12,1357.01,0.59,561349.62,-0.48%,560663.59,81705.54,8.63,2026-01
1442,2026-01-24 15:00:00,2026-01-24 15:00:00,SHORT,2958.3,2965.88,2965.28,-0.256,-5658.17,1347.24,0.59,555691.46,-0.77%,555005.42,80880.98,9.55,2026-01
1443,2026-01-24 15:30:00,2026-01-24 15:30:00,LONG,2965.88,2959.67,2960.26,-0.209,-4823.99,1333.66,0.59,550867.47,-0.63%,550181.43,80177.98,10.34,2026-01
1444,2026-01-24 17:00:00,2026-01-24 17:00:00,SHORT,2959.67,2963.69,2963.1,-0.136,-3568.24,1322.08,0.59,547299.23,-0.41%,546613.19,79657.98,10.92,2026-01
1445,2026-01-24 19:00:00,2026-01-24 19:00:00,LONG,2963.69,2960.76,2961.35,-0.099,-2938.08,1313.52,0.59,544361.15,-0.3%,543675.11,79229.81,11.4,2026-01
1446,2026-01-24 22:00:00,2026-01-24 22:00:00,SHORT,2960.76,2961.4,2960.81,-0.022,-1660.82,1306.47,0.59,542700.34,-0.07%,542014.29,78987.78,11.67,2026-01
1447,2026-01-24 23:00:00,2026-01-24 23:00:00,LONG,2961.4,2959.4,2959.99,-0.067,-2400.74,1302.48,0.59,540299.6,-0.2%,539613.55,78637.92,12.06,2026-01
1448,2026-01-25 00:45:00,2026-01-25 00:45:00,SHORT,2959.4,2959.23,2958.64,0.006,-1204.28,1296.72,0.59,539095.32,0.02%,538409.27,78462.42,12.25,2026-01
1449,2026-01-25 01:00:00,2026-01-25 01:00:00,LONG,2959.23,2955.67,2956.26,-0.12,-3239.44,1293.83,0.59,535855.88,-0.36%,535169.83,77990.34,12.78,2026-01
1450,2026-01-25 10:15:00,2026-01-25 10:15:00,SHORT,2955.67,2943.24,2942.65,0.421,5475.74,1286.05,0.59,541331.61,1.26%,540645.57,78788.31,11.89,2026-01
1451,2026-01-25 10:30:00,2026-01-25 10:30:00,LONG,2943.24,2941.68,2942.27,-0.053,-2161.33,1299.2,0.59,539170.28,-0.16%,538484.24,78473.34,12.24,2026-01
1452,2026-01-26 01:00:00,2026-01-26 01:00:00,SHORT,2941.68,2854.67,2854.1,2.958,46548.89,1294.01,0.57,585719.18,8.87%,585033.13,85256.92,4.66,2026-01
1453,2026-01-26 03:15:00,2026-01-26 03:15:00,LONG,2854.67,2856.38,2856.95,0.06,-352.36,1405.73,0.57,585366.82,0.18%,584680.77,85205.57,4.72,2026-01
1454,2026-01-26 04:15:00,2026-01-26 04:15:00,SHORT,2856.38,2865.76,2865.19,-0.328,-7171.04,1404.88,0.57,578195.78,-0.99%,577509.73,84160.53,5.89,2026-01
1455,2026-01-26 14:00:00,2026-01-26 14:00:00,LONG,2865.76,2904.32,2904.9,1.346,21955.26,1387.67,0.58,600151.04,4.04%,599464.99,87360.08,2.32,2026-01
1456,2026-01-26 14:30:00,2026-01-26 14:30:00,SHORT,2904.32,2896.9,2896.32,0.256,3163.95,1440.36,0.58,603314.99,0.77%,602628.94,87821.16,1.8,2026-01
1457,2026-01-26 15:30:00,2026-01-26 15:30:00,LONG,2896.9,2898.03,2898.61,0.039,-740.06,1447.96,0.58,602574.93,0.12%,601888.88,87713.31,1.92,2026-01
1458,2026-01-26 18:45:00,2026-01-26 18:45:00,SHORT,2898.03,2927.21,2926.62,-1.007,-19648.65,1446.18,0.59,582926.28,-3.02%,582240.23,84849.91,5.12,2026-01
1459,2026-01-26 20:45:00,2026-01-26 20:45:00,LONG,2927.21,2905.27,2905.86,-0.749,-14504.06,1399.02,0.58,568422.22,-2.25%,567736.17,82736.23,7.48,2026-01
1460,2026-01-26 21:30:00,2026-01-26 21:30:00,SHORT,2905.27,2920.04,2919.46,-0.508,-10033.0,1364.21,0.58,558389.22,-1.53%,557703.17,81274.12,9.11,2026-01
1461,2026-01-27 06:30:00,2026-01-27 06:30:00,LONG,2920.04,2929.37,2929.96,0.32,4012.64,1340.13,0.59,562401.87,0.96%,561715.81,81858.89,8.46,2026-01
1462,2026-01-27 07:00:00,2026-01-27 07:00:00,SHORT,2929.37,2934.45,2933.86,-0.173,-4273.21,1349.76,0.59,558128.66,-0.52%,557442.6,81236.15,9.15,2026-01
1463,2026-01-27 07:45:00,2026-01-27 07:45:00,LONG,2934.45,2929.58,2930.16,-0.166,-4118.77,1339.51,0.59,554009.89,-0.5%,553323.83,80635.92,9.83,2026-01
1464,2026-01-27 12:15:00,2026-01-27 12:15:00,SHORT,2929.58,2926.88,2926.29,0.092,202.28,1329.62,0.59,554212.16,0.28%,553526.11,80665.4,9.79,2026-01
1465,2026-01-27 12:30:00,2026-01-27 12:30:00,LONG,2926.88,2918.25,2918.83,-0.295,-6233.03,1330.11,0.58,547979.13,-0.88%,547293.08,79757.06,10.81,2026-01
1466,2026-01-27 14:00:00,2026-01-27 14:00:00,SHORT,2918.25,2919.24,2918.66,-0.034,-1875.94,1315.15,0.58,546103.19,-0.1%,545417.14,79483.68,11.11,2026-01
1467,2026-01-27 14:30:00,2026-01-27 14:30:00,LONG,2919.24,2919.04,2919.63,-0.007,-1423.54,1310.65,0.58,544679.65,-0.02%,543993.6,79276.22,11.34,2026-01
1468,2026-01-27 15:00:00,2026-01-27 15:00:00,SHORT,2919.04,2931.98,2931.4,-0.443,-8551.54,1307.23,0.59,536128.11,-1.33%,535442.06,78030.01,12.74,2026-01
1469,2026-01-27 17:30:00,2026-01-27 17:30:00,LONG,2931.98,2929.62,2930.2,-0.081,-2584.24,1286.71,0.59,533543.87,-0.24%,532857.82,77653.41,13.16,2026-01
1470,2026-01-27 18:45:00,2026-01-27 18:45:00,SHORT,2929.62,2962.47,2961.88,-1.121,-19231.45,1280.51,0.59,514312.42,-3.36%,513626.37,74850.8,16.29,2026-01
1471,2026-01-28 08:00:00,2026-01-28 08:00:00,LONG,2962.47,2998.65,2999.25,1.221,17605.16,1234.35,0.6,531917.58,3.66%,531231.53,77416.41,13.42,2026-01
1472,2026-01-28 09:30:00,2026-01-28 09:30:00,SHORT,2998.65,3000.53,2999.94,-0.063,-2282.03,1276.6,0.6,529635.55,-0.19%,528949.5,77083.85,13.79,2026-01
1473,2026-01-28 14:45:00,2026-01-28 14:45:00,LONG,3000.53,3011.8,3012.4,0.375,4691.79,1271.13,0.6,534327.34,1.13%,533641.29,77767.58,13.03,2026-01
1474,2026-01-28 16:15:00,2026-01-28 16:15:00,SHORT,3011.8,3012.04,3011.44,-0.008,-1412.93,1282.39,0.6,532914.42,-0.02%,532228.36,77561.68,13.26,2026-01
1475,2026-01-28 16:30:00,2026-01-28 16:30:00,LONG,3012.04,3002.91,3003.51,-0.303,-6126.11,1278.99,0.6,526788.31,-0.91%,526102.25,76668.92,14.26,2026-01
1476,2026-01-28 17:30:00,2026-01-28 17:30:00,SHORT,3002.91,3015.08,3014.47,-0.405,-7667.57,1264.29,0.6,519120.74,-1.22%,518434.68,75551.52,15.5,2026-01
1477,2026-01-28 19:00:00,2026-01-28 19:00:00,LONG,3015.08,3004.1,3004.7,-0.364,-6914.41,1245.89,0.6,512206.33,-1.09%,511520.27,74543.88,16.63,2026-01
1478,2026-01-28 19:45:00,2026-01-28 19:45:00,SHORT,3004.1,3012.73,3012.13,-0.287,-5644.81,1229.3,0.6,506561.52,-0.86%,505875.46,73721.26,17.55,2026-01
1479,2026-01-29 00:00:00,2026-01-29 00:00:00,LONG,3012.73,3004.12,3004.72,-0.286,-5561.26,1215.75,0.6,501000.26,-0.86%,500314.2,72910.82,18.45,2026-01
1480,2026-01-30 11:45:00,2026-01-30 11:45:00,SHORT,3004.12,2746.38,2745.83,8.579,127746.55,1202.4,0.55,628746.8,25.74%,628060.75,91527.34,0.0,2026-01
1481,2026-01-30 12:15:00,2026-01-30 12:15:00,LONG,2746.38,2740.98,2741.53,-0.197,-5219.12,1508.99,0.55,623527.69,-0.59%,622841.63,90766.76,0.83,2026-01
1482,2026-01-30 14:30:00,2026-01-30 14:30:00,SHORT,2740.98,2745.8,2745.26,-0.176,-4788.51,1496.47,0.55,618739.18,-0.53%,618053.12,90068.93,1.59,2026-01
1483,2026-01-30 14:45:00,2026-01-30 14:45:00,LONG,2745.8,2742.64,2743.19,-0.115,-3623.01,1484.97,0.55,615116.17,-0.35%,614430.11,89540.95,2.17,2026-01
1484,2026-01-30 18:45:00,2026-01-30 18:45:00,SHORT,2742.64,2741.49,2740.94,0.042,-700.05,1476.28,0.55,614416.12,0.13%,613730.06,89438.93,2.28,2026-01
1485,2026-01-30 20:00:00,2026-01-30 20:00:00,LONG,2741.49,2722.93,2723.47,-0.677,-13955.41,1474.6,0.54,600460.71,-2.03%,599774.65,87405.2,4.5,2026-01
1486,2026-02-02 09:15:00,2026-02-02 09:15:00,SHORT,2722.93,2256.99,2256.54,17.112,306806.13,1441.11,0.45,907266.83,51.34%,906580.78,132116.09,0.0,2026-02
1487,2026-02-02 20:30:00,2026-02-02 20:30:00,LONG,2256.99,2317.44,2317.91,2.679,70731.69,2177.44,0.46,977998.53,8.04%,977312.47,142423.83,0.0,2026-02
1488,2026-02-02 21:00:00,2026-02-02 21:00:00,SHORT,2317.44,2333.07,2332.6,-0.674,-22129.32,2347.2,0.47,955869.2,-2.02%,955183.15,139198.92,2.26,2026-02
1489,2026-02-03 02:00:00,2026-02-03 02:00:00,LONG,2333.07,2345.17,2345.64,0.519,12575.55,2294.09,0.47,968444.75,1.56%,967758.7,141031.56,0.98,2026-02
1490,2026-02-03 03:45:00,2026-02-03 03:45:00,SHORT,2345.17,2344.84,2344.37,0.014,-1920.4,2324.27,0.47,966524.35,0.04%,965838.3,140751.7,1.17,2026-02
1491,2026-02-03 05:00:00,2026-02-03 05:00:00,LONG,2344.84,2332.9,2333.36,-0.509,-17090.61,2319.66,0.47,949433.74,-1.53%,948747.69,138261.08,2.92,2026-02
1492,2026-02-03 13:45:00,2026-02-03 13:45:00,SHORT,2332.9,2316.49,2316.03,0.703,17750.85,2278.64,0.46,967184.59,2.11%,966498.54,140847.91,1.11,2026-02
1493,2026-02-03 14:30:00,2026-02-03 14:30:00,LONG,2316.49,2299.24,2299.7,-0.745,-23930.04,2321.24,0.46,943254.56,-2.23%,942568.5,137360.59,3.55,2026-02
1494,2026-02-03 20:30:00,2026-02-03 20:30:00,SHORT,2299.24,2275.92,2275.47,1.014,26434.52,2263.81,0.46,969689.08,3.04%,969003.02,141212.89,0.85,2026-02
1495,2026-02-03 22:45:00,2026-02-03 22:45:00,LONG,2275.92,2238.33,2238.78,-1.652,-50379.45,2327.25,0.45,919309.63,-4.96%,918623.57,133871.09,6.0,2026-02
1496,2026-02-04 01:00:00,2026-02-04 01:00:00,SHORT,2238.33,2253.93,2253.48,-0.697,-21430.1,2206.34,0.45,897879.53,-2.09%,897193.47,130748.08,8.19,2026-02
1497,2026-02-04 02:30:00,2026-02-04 02:30:00,LONG,2253.93,2249.92,2250.37,-0.178,-6946.33,2154.91,0.45,890933.2,-0.53%,890247.14,129735.79,8.9,2026-02
1498,2026-02-04 03:00:00,2026-02-04 03:00:00,SHORT,2249.92,2264.19,2263.74,-0.634,-19091.9,2138.24,0.45,871841.3,-1.9%,871155.24,126953.53,10.85,2026-02
1499,2026-02-04 09:15:00,2026-02-04 09:15:00,LONG,2264.19,2260.85,2261.3,-0.148,-5956.47,2092.42,0.45,865884.83,-0.44%,865198.77,126085.49,11.46,2026-02
1500,2026-02-05 09:00:00,2026-02-05 09:00:00,SHORT,2260.85,2124.32,2123.9,6.039,154782.66,2078.12,0.42,1020667.48,18.12%,1019981.43,148641.98,0.0,2026-02
1501,2026-02-05 10:30:00,2026-02-05 10:30:00,LONG,2124.32,2128.77,2129.19,0.209,3953.65,2449.6,0.43,1024621.13,0.63%,1023935.08,149218.15,0.0,2026-02
1502,2026-02-06 05:00:00,2026-02-06 05:00:00,SHORT,2128.77,1920.85,1920.46,9.767,297769.38,2459.09,0.38,1322390.51,29.3%,1321704.46,192612.11,0.0,2026-02
1503,2026-02-06 06:30:00,2026-02-06 06:30:00,LONG,1920.85,1922.68,1923.07,0.095,613.64,3173.74,0.38,1323004.15,0.29%,1322318.1,192701.54,0.0,2026-02
1504,2026-02-06 09:45:00,2026-02-06 09:45:00,SHORT,1922.68,1929.08,1928.7,-0.333,-16393.73,3175.21,0.39,1306610.43,-1.0%,1305924.37,190312.48,1.24,2026-02
1505,2026-02-07 06:45:00,2026-02-07 06:45:00,LONG,1929.08,2068.4,2068.81,7.222,279943.24,3135.87,0.41,1586553.67,21.67%,1585867.61,231108.64,0.0,2026-02
1506,2026-02-07 12:00:00,2026-02-07 12:00:00,SHORT,2068.4,2026.69,2026.28,2.017,92172.56,3807.73,0.41,1678726.24,6.05%,1678040.17,244540.96,0.0,2026-02
1507,2026-02-07 13:30:00,2026-02-07 13:30:00,LONG,2026.69,2030.4,2030.81,0.183,5199.05,4028.94,0.41,1683925.29,0.55%,1683239.22,245298.61,0.0,2026-02
1508,2026-02-07 15:00:00,2026-02-07 15:00:00,SHORT,2030.4,2031.73,2031.33,-0.066,-7360.32,4041.42,0.41,1676564.97,-0.2%,1675878.9,244225.99,0.44,2026-02
1509,2026-02-08 03:45:00,2026-02-08 03:45:00,LONG,2031.73,2077.81,2078.22,2.268,110027.06,4023.76,0.42,1786592.03,6.8%,1785905.96,260260.25,0.0,2026-02
1510,2026-02-08 04:15:00,2026-02-08 04:15:00,SHORT,2077.81,2080.77,2080.35,-0.142,-11925.09,4287.82,0.42,1774666.94,-0.43%,1773980.87,258522.4,0.67,2026-02
1511,2026-02-08 07:00:00,2026-02-08 07:00:00,LONG,2080.77,2073.95,2074.37,-0.327,-21695.14,4259.2,0.41,1752971.8,-0.98%,1752285.73,255360.77,1.88,2026-02
1512,2026-02-08 08:15:00,2026-02-08 08:15:00,SHORT,2073.95,2089.09,2088.67,-0.73,-42586.46,4207.13,0.42,1710385.34,-2.19%,1709699.27,249154.64,4.27,2026-02
1513,2026-02-08 15:15:00,2026-02-08 15:15:00,LONG,2089.09,2123.62,2124.05,1.653,80721.3,4104.92,0.42,1791106.64,4.96%,1790420.57,260918.16,0.0,2026-02
1514,2026-02-08 15:30:00,2026-02-08 15:30:00,SHORT,2123.62,2112.37,2111.95,0.53,24175.13,4298.66,0.42,1815281.76,1.59%,1814595.7,264441.21,0.0,2026-02
1515,2026-02-08 16:30:00,2026-02-08 16:30:00,LONG,2112.37,2101.6,2102.02,-0.51,-32129.73,4356.68,0.42,1783152.03,-1.53%,1782465.97,259758.94,1.77,2026-02
1516,2026-02-08 18:30:00,2026-02-08 18:30:00,SHORT,2101.6,2106.14,2105.72,-0.216,-15853.73,4279.56,0.42,1767298.3,-0.65%,1766612.24,257448.57,2.64,2026-02
1517,2026-02-08 20:45:00,2026-02-08 20:45:00,LONG,2106.14,2104.44,2104.86,-0.081,-8522.56,4241.52,0.42,1758775.74,-0.24%,1758089.68,256206.58,3.11,2026-02
1518,2026-02-08 22:45:00,2026-02-08 22:45:00,SHORT,2104.44,2108.25,2107.83,-0.181,-13756.16,4221.06,0.42,1745019.58,-0.54%,1744333.52,254201.89,3.87,2026-02
1519,2026-02-08 23:15:00,2026-02-08 23:15:00,LONG,2108.25,2106.02,2106.44,-0.105,-9710.17,4188.05,0.42,1735309.41,-0.32%,1734623.35,252786.83,4.41,2026-02
1520,2026-02-09 03:45:00,2026-02-09 03:45:00,SHORT,2106.02,2103.34,2102.92,0.127,2471.45,4164.74,0.42,1737780.86,0.38%,1737094.8,253146.99,4.27,2026-02
1521,2026-02-09 04:00:00,2026-02-09 04:00:00,LONG,2103.34,2092.17,2092.58,-0.531,-31860.65,4170.67,0.42,1705920.21,-1.59%,1705234.15,248503.94,6.02,2026-02
1522,2026-02-09 15:00:00,2026-02-09 15:00:00,SHORT,2092.17,2060.37,2059.96,1.52,73683.67,4094.21,0.41,1779603.88,4.56%,1778917.82,259241.87,1.97,2026-02
1523,2026-02-09 15:15:00,2026-02-09 15:15:00,LONG,2060.37,2038.07,2038.47,-1.083,-62066.73,4271.05,0.41,1717537.15,-3.25%,1716851.09,250196.87,5.38,2026-02
1524,2026-02-09 15:30:00,2026-02-09 15:30:00,SHORT,2038.07,2057.36,2056.95,-0.947,-52892.29,4122.09,0.41,1664644.86,-2.84%,1663958.8,242488.87,8.3,2026-02
1525,2026-02-10 03:00:00,2026-02-10 03:00:00,LONG,2057.36,2101.21,2101.63,2.132,102462.06,3995.15,0.42,1767106.92,6.4%,1766420.86,257420.68,2.65,2026-02
1526,2026-02-10 16:00:00,2026-02-10 16:00:00,SHORT,2101.21,2036.5,2036.1,3.08,159023.41,4241.06,0.41,1926130.32,9.24%,1925444.27,280595.18,0.0,2026-02
1527,2026-02-10 18:00:00,2026-02-10 18:00:00,LONG,2036.5,2031.07,2031.48,-0.267,-20034.14,4622.71,0.41,1906096.18,-0.8%,1905410.13,277675.6,1.04,2026-02
1528,2026-02-10 23:30:00,2026-02-10 23:30:00,SHORT,2031.07,2019.15,2018.74,0.587,29000.36,4574.63,0.4,1935096.54,1.76%,1934410.49,281901.83,0.0,2026-02
1529,2026-02-11 01:15:00,2026-02-11 01:15:00,LONG,2019.15,2019.85,2020.25,0.035,-2632.5,4644.23,0.4,1932464.04,0.1%,1931777.99,281518.19,0.14,2026-02
1530,2026-02-11 01:30:00,2026-02-11 01:30:00,SHORT,2019.85,2024.87,2024.46,-0.249,-19047.67,4637.91,0.4,1913416.37,-0.75%,1912730.32,278742.37,1.12,2026-02
1531,2026-02-11 02:45:00,2026-02-11 02:45:00,LONG,2024.87,2016.43,2016.83,-0.417,-28516.47,4592.2,0.4,1884899.9,-1.25%,1884213.85,274586.67,2.59,2026-02
1532,2026-02-11 14:00:00,2026-02-11 14:00:00,SHORT,2016.43,1971.17,1970.77,2.244,122393.97,4523.76,0.39,2007293.87,6.73%,2006607.82,292423.15,0.0,2026-02
1533,2026-02-11 14:30:00,2026-02-11 14:30:00,LONG,1971.17,1967.71,1968.11,-0.175,-15371.78,4817.51,0.39,1991922.09,-0.53%,1991236.04,290183.02,0.77,2026-02
1534,2026-02-11 19:00:00,2026-02-11 19:00:00,SHORT,1967.71,1955.0,1954.61,0.646,33838.1,4780.61,0.39,2025760.19,1.94%,2025074.14,295114.25,0.0,2026-02
1535,2026-02-11 20:15:00,2026-02-11 20:15:00,LONG,1955.0,1945.08,1945.47,-0.507,-35677.3,4861.82,0.39,1990082.88,-1.52%,1989396.84,289914.99,1.76,2026-02
1536,2026-02-11 20:45:00,2026-02-11 20:45:00,SHORT,1945.08,1957.94,1957.55,-0.661,-44239.84,4776.2,0.39,1945843.04,-1.98%,1945157.0,283467.92,3.95,2026-02
1537,2026-02-11 22:45:00,2026-02-11 22:45:00,LONG,1957.94,1951.19,1951.58,-0.345,-24788.42,4670.02,0.39,1921054.63,-1.03%,1920368.58,279855.5,5.17,2026-02
1538,2026-02-12 00:00:00,2026-02-12 00:00:00,SHORT,1951.19,1950.87,1950.48,0.017,-3645.9,4610.53,0.39,1917408.73,0.05%,1916722.68,279324.18,5.35,2026-02
1539,2026-02-12 05:00:00,2026-02-12 05:00:00,LONG,1950.87,1958.13,1958.52,0.372,16808.22,4601.78,0.39,1934216.95,1.12%,1933530.9,281773.64,4.52,2026-02
1540,2026-02-12 06:15:00,2026-02-12 06:15:00,SHORT,1958.13,1978.9,1978.51,-1.061,-66199.84,4642.12,0.4,1868017.11,-3.18%,1867331.06,272126.33,7.79,2026-02
1541,2026-02-12 08:15:00,2026-02-12 08:15:00,LONG,1978.9,1963.72,1964.11,-0.767,-47481.47,4483.24,0.39,1820535.64,-2.3%,1819849.59,265206.86,10.13,2026-02
1542,2026-02-12 08:45:00,2026-02-12 08:45:00,SHORT,1963.72,1965.73,1965.34,-0.103,-9977.39,4369.29,0.39,1810558.25,-0.31%,1809872.2,263752.85,10.62,2026-02
1543,2026-02-12 15:00:00,2026-02-12 15:00:00,LONG,1965.73,1968.65,1969.04,0.148,3700.0,4345.34,0.39,1814258.25,0.44%,1813572.2,264292.05,10.44,2026-02
1544,2026-02-12 22:45:00,2026-02-12 22:45:00,SHORT,1968.65,1940.86,1940.48,1.411,72455.79,4354.22,0.39,1886714.04,4.23%,1886027.99,274851.04,6.86,2026-02
1545,2026-02-13 00:15:00,2026-02-13 00:15:00,LONG,1940.86,1939.67,1940.06,-0.061,-8003.2,4528.11,0.39,1878710.84,-0.18%,1878024.79,273684.73,7.26,2026-02
1546,2026-02-13 01:00:00,2026-02-13 01:00:00,SHORT,1939.67,1940.78,1940.39,-0.057,-7734.51,4508.91,0.39,1870976.33,-0.17%,1870290.28,272557.58,7.64,2026-02
1547,2026-02-13 05:00:00,2026-02-13 05:00:00,LONG,1940.78,1939.69,1940.07,-0.056,-7658.91,4490.34,0.39,1863317.42,-0.17%,1862631.37,271441.45,8.02,2026-02
1548,2026-02-13 07:00:00,2026-02-13 07:00:00,SHORT,1939.69,1943.36,1942.97,-0.189,-15060.32,4471.96,0.39,1848257.1,-0.57%,1847571.05,269246.71,8.76,2026-02
1549,2026-02-13 07:30:00,2026-02-13 07:30:00,LONG,1943.36,1939.06,1939.45,-0.221,-16698.77,4435.82,0.39,1831558.33,-0.66%,1830872.28,266813.19,9.59,2026-02
1550,2026-02-13 08:15:00,2026-02-13 08:15:00,SHORT,1939.06,1946.27,1945.88,-0.371,-24808.31,4395.74,0.39,1806750.02,-1.11%,1806063.97,263197.88,10.81,2026-02
1551,2026-02-15 00:30:00,2026-02-15 00:30:00,LONG,1946.27,2076.44,2076.86,6.689,358198.45,4336.2,0.42,2164948.47,20.07%,2164262.42,315398.17,0.0,2026-02
1552,2026-02-15 04:00:00,2026-02-15 04:00:00,SHORT,2076.44,2068.97,2068.56,0.36,18172.19,5195.88,0.41,2183120.66,1.08%,2182434.61,318046.41,0.0,2026-02
1553,2026-02-15 08:15:00,2026-02-15 08:15:00,LONG,2068.97,2077.23,2077.64,0.399,20891.08,5239.49,0.42,2204011.74,1.2%,2203325.69,321090.87,0.0,2026-02
1554,2026-02-16 07:00:00,2026-02-16 07:00:00,SHORT,2077.23,1970.74,1970.34,5.126,333674.41,5289.63,0.39,2537686.15,15.38%,2537000.1,369717.28,0.0,2026-02
1555,2026-02-16 07:30:00,2026-02-16 07:30:00,LONG,1970.74,1968.51,1968.9,-0.113,-14700.6,6090.45,0.39,2522985.55,-0.34%,2522299.5,367574.96,0.58,2026-02
1556,2026-02-16 08:15:00,2026-02-16 08:15:00,SHORT,1968.51,1976.32,1975.92,-0.397,-36086.56,6055.17,0.4,2486898.99,-1.19%,2486212.94,362316.06,2.0,2026-02
1557,2026-02-16 13:15:00,2026-02-16 13:15:00,LONG,1976.32,1997.76,1998.16,1.085,74978.55,5968.56,0.4,2561877.54,3.25%,2561191.49,373242.69,0.0,2026-02
1558,2026-02-16 17:30:00,2026-02-16 17:30:00,SHORT,1997.76,1985.23,1984.84,0.627,42053.61,6148.51,0.4,2603931.14,1.88%,2603245.1,379371.17,0.0,2026-02
1559,2026-02-16 18:45:00,2026-02-16 18:45:00,LONG,1985.23,1968.27,1968.66,-0.854,-72996.82,6249.43,0.39,2530934.32,-2.56%,2530248.28,368733.33,2.8,2026-02
1560,2026-02-16 19:30:00,2026-02-16 19:30:00,SHORT,1968.27,1977.58,1977.18,-0.473,-41985.31,6074.24,0.4,2488949.01,-1.42%,2488262.97,362614.81,4.42,2026-02
1561,2026-02-17 03:30:00,2026-02-17 03:30:00,LONG,1977.58,1985.28,1985.68,0.389,23095.76,5973.48,0.4,2512044.77,1.17%,2511358.73,365980.56,3.53,2026-02
1562,2026-02-17 04:15:00,2026-02-17 04:15:00,SHORT,1985.28,1992.34,1991.94,-0.356,-32845.9,6028.91,0.4,2479198.87,-1.07%,2478512.83,361193.92,4.79,2026-02
1563,2026-02-17 04:30:00,2026-02-17 04:30:00,LONG,1992.34,1987.16,1987.56,-0.26,-25288.98,5950.08,0.4,2453909.88,-0.78%,2453223.85,357508.55,5.76,2026-02
1564,2026-02-17 07:45:00,2026-02-17 07:45:00,SHORT,1987.16,1986.59,1986.19,0.029,-3756.43,5889.38,0.4,2450153.45,0.09%,2449467.42,356961.13,5.91,2026-02
1565,2026-02-17 08:30:00,2026-02-17 08:30:00,LONG,1986.59,1978.59,1978.99,-0.402,-35460.51,5880.37,0.4,2414692.94,-1.21%,2414006.91,351793.46,7.27,2026-02
1566,2026-02-17 13:00:00,2026-02-17 13:00:00,SHORT,1978.59,1975.14,1974.75,0.174,6829.58,5795.26,0.39,2421522.52,0.52%,2420836.49,352788.74,7.01,2026-02
1567,2026-02-17 14:45:00,2026-02-17 14:45:00,LONG,1975.14,1948.16,1948.55,-1.366,-105053.71,5811.65,0.39,2316468.8,-4.1%,2315782.78,337479.25,11.04,2026-02
1568,2026-02-17 16:00:00,2026-02-17 16:00:00,SHORT,1948.16,1981.6,1981.2,-1.716,-124841.67,5559.53,0.4,2191627.13,-5.15%,2190941.11,319286.06,15.83,2026-02
1569,2026-02-17 17:00:00,2026-02-17 17:00:00,LONG,1981.6,1965.24,1965.63,-0.826,-59538.07,5259.91,0.39,2132089.07,-2.48%,2131403.04,310609.57,18.12,2026-02
1570,2026-02-17 18:15:00,2026-02-17 18:15:00,SHORT,1965.24,1978.75,1978.35,-0.687,-49085.7,5117.01,0.4,2083003.37,-2.06%,2082317.34,303456.31,20.01,2026-02
1571,2026-02-18 00:45:00,2026-02-18 00:45:00,LONG,1978.75,1987.52,1987.92,0.443,22697.74,4999.21,0.4,2105701.1,1.33%,2105015.08,306764.05,19.13,2026-02
1572,2026-02-18 02:30:00,2026-02-18 02:30:00,SHORT,1987.52,1989.68,1989.28,-0.109,-11921.98,5053.68,0.4,2093779.12,-0.33%,2093093.1,305026.66,19.59,2026-02
1573,2026-02-18 10:30:00,2026-02-18 10:30:00,LONG,1989.68,2007.81,2008.21,0.911,52191.6,5025.07,0.4,2145970.72,2.73%,2145284.7,312632.54,17.59,2026-02
1574,2026-02-18 15:30:00,2026-02-18 15:30:00,SHORT,2007.81,1993.4,1993.0,0.717,41029.67,5150.33,0.4,2187000.39,2.15%,2186314.37,318611.8,16.01,2026-02
1575,2026-02-18 15:45:00,2026-02-18 15:45:00,LONG,1993.4,1986.88,1987.28,-0.327,-26705.34,5248.8,0.4,2160295.05,-0.98%,2159609.03,314720.03,17.04,2026-02
1576,2026-02-19 01:00:00,2026-02-19 01:00:00,SHORT,1986.88,1962.18,1961.79,1.243,75394.58,5184.71,0.39,2235689.64,3.73%,2235003.61,325707.29,14.14,2026-02
1577,2026-02-19 08:30:00,2026-02-19 08:30:00,LONG,1962.18,1967.67,1968.07,0.28,13408.75,5365.66,0.39,2249098.38,0.84%,2248412.36,327661.35,13.63,2026-02
1578,2026-02-19 09:15:00,2026-02-19 09:15:00,SHORT,1967.67,1979.36,1978.96,-0.594,-45455.94,5397.84,0.4,2203642.44,-1.78%,2202956.42,321037.05,15.37,2026-02
1579,2026-02-19 09:45:00,2026-02-19 09:45:00,LONG,1979.36,1968.71,1969.11,-0.538,-40834.43,5288.74,0.39,2162808.01,-1.61%,2162121.99,315086.24,16.94,2026-02
1580,2026-02-19 20:45:00,2026-02-19 20:45:00,SHORT,1968.71,1949.03,1948.64,1.0,59692.92,5190.74,0.39,2222500.94,3.0%,2221814.91,323785.3,14.65,2026-02
1581,2026-02-19 22:15:00,2026-02-19 22:15:00,LONG,1949.03,1941.78,1942.17,-0.372,-30114.14,5334.0,0.39,2192386.79,-1.11%,2191700.77,319396.76,15.8,2026-02
1582,2026-02-19 22:45:00,2026-02-19 22:45:00,SHORT,1941.78,1945.37,1944.98,-0.185,-17416.38,5261.73,0.39,2174970.42,-0.55%,2174284.39,316858.67,16.47,2026-02
1583,2026-02-20 04:00:00,2026-02-20 04:00:00,LONG,1945.37,1950.37,1950.76,0.257,11541.55,5219.93,0.39,2186511.96,0.77%,2185825.94,318540.62,16.03,2026-02
1584,2026-02-20 05:30:00,2026-02-20 05:30:00,SHORT,1950.37,1951.88,1951.49,-0.077,-10329.3,5247.63,0.39,2176182.66,-0.23%,2175496.64,317035.33,16.43,2026-02
1585,2026-02-20 11:00:00,2026-02-20 11:00:00,LONG,1951.88,1952.24,1952.63,0.019,-4009.78,5222.84,0.39,2172172.89,0.06%,2171486.86,316450.99,16.58,2026-02
1586,2026-02-20 15:15:00,2026-02-20 15:15:00,SHORT,1952.24,1958.43,1958.04,-0.317,-25867.34,5213.21,0.39,2146305.55,-0.95%,2145619.52,312681.34,17.57,2026-02
1587,2026-02-20 17:00:00,2026-02-20 17:00:00,LONG,1958.43,1958.4,1958.79,-0.001,-5246.04,5151.13,0.39,2141059.51,-0.0%,2140373.48,311916.83,17.78,2026-02
1588,2026-02-20 17:30:00,2026-02-20 17:30:00,SHORT,1958.4,1955.09,1954.7,0.169,5715.33,5138.54,0.39,2146774.84,0.51%,2146088.81,312749.73,17.56,2026-02
1589,2026-02-21 03:00:00,2026-02-21 03:00:00,LONG,1955.09,1962.73,1963.12,0.391,20009.74,5152.26,0.39,2166784.59,1.17%,2166098.55,315665.75,16.79,2026-02
1590,2026-02-21 06:00:00,2026-02-21 06:00:00,SHORT,1962.73,1965.2,1964.81,-0.126,-13397.51,5200.28,0.39,2153387.08,-0.38%,2152701.04,313713.33,17.3,2026-02
1591,2026-02-21 06:30:00,2026-02-21 06:30:00,LONG,1965.2,1960.88,1961.28,-0.22,-19373.15,5168.13,0.39,2134013.93,-0.66%,2133327.89,310890.08,18.05,2026-02
1592,2026-02-21 07:00:00,2026-02-21 07:00:00,SHORT,1960.88,1964.01,1963.62,-0.16,-15337.36,5121.63,0.39,2118676.57,-0.48%,2117990.53,308654.97,18.64,2026-02
1593,2026-02-21 07:30:00,2026-02-21 07:30:00,LONG,1964.01,1960.89,1961.28,-0.159,-15199.65,5084.82,0.39,2103476.92,-0.48%,2102790.88,306439.92,19.22,2026-02
1594,2026-02-21 08:00:00,2026-02-21 08:00:00,SHORT,1960.89,1965.05,1964.65,-0.212,-18436.46,5048.34,0.39,2085040.46,-0.64%,2084354.42,303753.17,19.93,2026-02
1595,2026-02-21 20:45:00,2026-02-21 20:45:00,LONG,1965.05,1980.91,1981.3,0.807,45479.13,5004.1,0.4,2130519.59,2.42%,2129833.55,310380.85,18.18,2026-02
1596,2026-02-22 02:00:00,2026-02-22 02:00:00,SHORT,1980.91,1980.75,1980.36,0.008,-4617.42,5113.25,0.4,2125902.16,0.02%,2125216.13,309707.95,18.36,2026-02
1597,2026-02-22 02:15:00,2026-02-22 02:15:00,LONG,1980.75,1977.13,1977.52,-0.183,-16777.55,5102.17,0.4,2109124.62,-0.55%,2108438.58,307262.96,19.0,2026-02
1598,2026-02-22 06:15:00,2026-02-22 06:15:00,SHORT,1977.13,1978.43,1978.04,-0.066,-9248.23,5061.9,0.4,2099876.38,-0.2%,2099190.35,305915.21,19.36,2026-02
1599,2026-02-22 08:15:00,2026-02-22 08:15:00,LONG,1978.43,1974.38,1974.78,-0.205,-17940.48,5039.7,0.39,2081935.9,-0.61%,2081249.87,303300.74,20.05,2026-02
1600,2026-02-22 10:15:00,2026-02-22 10:15:00,SHORT,1974.38,1977.24,1976.84,-0.145,-14024.5,4996.65,0.4,2067911.4,-0.43%,2067225.37,301256.95,20.59,2026-02
1601,2026-02-22 12:00:00,2026-02-22 12:00:00,LONG,1977.24,1978.2,1978.59,0.049,-1944.91,4962.99,0.4,2065966.49,0.15%,2065280.46,300973.52,20.66,2026-02
1602,2026-02-22 22:15:00,2026-02-22 22:15:00,SHORT,1978.2,1950.79,1950.4,1.386,80917.52,4958.32,0.39,2146884.01,4.16%,2146197.98,312765.64,17.55,2026-02
1603,2026-02-23 00:15:00,2026-02-23 00:15:00,LONG,1950.79,1948.67,1949.06,-0.108,-12139.92,5152.52,0.39,2134744.09,-0.33%,2134058.06,310996.49,18.02,2026-02
1604,2026-02-23 09:30:00,2026-02-23 09:30:00,SHORT,1948.67,1893.55,1893.17,2.829,176046.07,5123.39,0.38,2310790.15,8.49%,2310104.13,336651.7,11.26,2026-02
1605,2026-02-23 14:30:00,2026-02-23 14:30:00,LONG,1893.55,1908.96,1909.34,0.814,50892.84,5545.9,0.38,2361682.99,2.44%,2360996.97,344068.32,9.3,2026-02
1606,2026-02-24 14:45:00,2026-02-24 14:45:00,SHORT,1908.96,1839.53,1839.16,3.637,252025.62,5668.04,0.37,2613708.61,10.91%,2613022.59,380796.04,0.0,2026-02
1607,2026-02-25 00:00:00,2026-02-25 00:00:00,LONG,1839.53,1847.47,1847.84,0.431,27557.39,6272.9,0.37,2641266.0,1.29%,2640579.98,384811.98,0.0,2026-02
1608,2026-02-25 00:30:00,2026-02-25 00:30:00,SHORT,1847.47,1850.92,1850.55,-0.187,-21126.14,6339.04,0.37,2620139.86,-0.56%,2619453.84,381733.26,0.8,2026-02
1609,2026-02-26 07:45:00,2026-02-26 07:45:00,LONG,1850.92,2053.12,2053.54,10.925,852448.29,6288.34,0.41,3472588.15,32.77%,3471902.13,505960.65,0.0,2026-02
1610,2026-02-26 08:45:00,2026-02-26 08:45:00,SHORT,2053.12,2057.19,2056.78,-0.198,-28953.14,8334.21,0.41,3443635.01,-0.59%,3442948.99,501741.3,0.83,2026-02
1611,2026-02-26 11:45:00,2026-02-26 11:45:00,LONG,2057.19,2053.3,2053.71,-0.189,-27790.19,8264.72,0.41,3415844.81,-0.57%,3415158.8,497691.43,1.63,2026-02
1612,2026-02-26 12:00:00,2026-02-26 12:00:00,SHORT,2053.3,2063.36,2062.95,-0.49,-58404.26,8198.03,0.41,3357440.55,-1.47%,3356754.54,489180.17,3.32,2026-02
1613,2026-02-26 14:30:00,2026-02-26 14:30:00,LONG,2063.36,2061.94,2062.35,-0.069,-14980.14,8057.86,0.41,3342460.41,-0.21%,3341774.4,486997.12,3.75,2026-02
1614,2026-02-26 20:00:00,2026-02-26 20:00:00,SHORT,2061.94,2041.15,2040.74,1.009,93105.19,8021.9,0.41,3435565.6,3.03%,3434879.59,500565.35,1.07,2026-02
1615,2026-02-26 23:00:00,2026-02-26 23:00:00,LONG,2041.15,2027.78,2028.19,-0.655,-75720.25,8245.36,0.41,3359845.35,-1.96%,3359159.34,489530.63,3.25,2026-02
1616,2026-02-27 02:30:00,2026-02-27 02:30:00,SHORT,2027.78,2034.77,2034.36,-0.344,-42764.23,8063.63,0.41,3317081.12,-1.03%,3316395.11,483298.59,4.48,2026-02
1617,2026-02-27 06:15:00,2026-02-27 06:15:00,LONG,2034.77,2031.83,2032.23,-0.144,-22331.16,7960.99,0.41,3294749.96,-0.43%,3294063.95,480044.27,5.12,2026-02
1618,2026-02-27 06:30:00,2026-02-27 06:30:00,SHORT,2031.83,2038.81,2038.4,-0.344,-41885.59,7907.4,0.41,3252864.37,-1.03%,3252178.36,473940.28,6.33,2026-02
1619,2026-02-27 07:15:00,2026-02-27 07:15:00,LONG,2038.81,2030.86,2031.26,-0.39,-45872.89,7806.87,0.41,3206991.48,-1.17%,3206305.47,467255.21,7.65,2026-02
1620,2026-02-27 08:00:00,2026-02-27 08:00:00,SHORT,2030.86,2039.35,2038.95,-0.418,-47936.39,7696.78,0.41,3159055.09,-1.25%,3158369.08,460269.44,9.03,2026-02
1621,2026-02-27 09:30:00,2026-02-27 09:30:00,LONG,2039.35,2031.13,2031.54,-0.403,-45774.73,7581.73,0.41,3113280.35,-1.21%,3112594.35,453598.68,10.35,2026-02
1622,2026-02-28 13:45:00,2026-02-28 13:45:00,SHORT,2031.13,1877.57,1877.2,7.56,698659.23,7471.87,0.38,3811939.59,22.68%,3811253.58,555414.37,0.0,2026-02
1623,2026-02-28 17:30:00,2026-02-28 17:30:00,LONG,1877.57,1895.12,1895.5,0.935,97743.74,9148.66,0.38,3909683.33,2.8%,3908997.32,569658.57,0.0,2026-02
1624,2026-02-28 17:45:00,2026-02-28 17:45:00,SHORT,1895.12,1899.67,1899.29,-0.24,-37530.89,9383.24,0.38,3872152.44,-0.72%,3871466.43,564189.19,0.96,2026-02
1625,2026-03-01 08:45:00,2026-03-01 08:45:00,LONG,1899.67,1995.4,1995.8,5.039,576103.64,9293.17,0.4,4448256.08,15.12%,4447570.07,648144.84,0.0,2026-03
1626,2026-03-01 13:45:00,2026-03-01 13:45:00,SHORT,1995.4,1985.23,1984.83,0.51,57367.97,10675.81,0.4,4505624.05,1.53%,4504938.04,656505.08,0.0,2026-03
1627,2026-03-01 16:45:00,2026-03-01 16:45:00,LONG,1985.23,1989.18,1989.58,0.199,16129.44,10813.5,0.4,4521753.5,0.6%,4521067.48,658855.63,0.0,2026-03
1628,2026-03-02 00:30:00,2026-03-02 00:30:00,SHORT,1989.18,1955.47,1955.08,1.695,219085.08,10852.21,0.39,4740838.58,5.09%,4740152.56,690782.92,0.0,2026-03
1629,2026-03-02 02:00:00,2026-03-02 02:00:00,LONG,1955.47,1951.98,1952.37,-0.178,-36706.89,11378.01,0.39,4704131.69,-0.53%,4703445.67,685433.62,0.77,2026-03
1630,2026-03-02 03:00:00,2026-03-02 03:00:00,SHORT,1951.98,1966.38,1965.99,-0.738,-115385.39,11289.92,0.39,4588746.3,-2.21%,4588060.28,668618.49,3.21,2026-03
1631,2026-03-02 06:15:00,2026-03-02 06:15:00,LONG,1966.38,1960.76,1961.15,-0.286,-50377.96,11012.99,0.39,4538368.34,-0.86%,4537682.32,661276.91,4.27,2026-03
1632,2026-03-02 14:30:00,2026-03-02 14:30:00,SHORT,1960.76,1937.69,1937.3,1.177,149299.88,10892.08,0.39,4687668.22,3.53%,4686982.2,683034.4,1.12,2026-03
1633,2026-03-03 01:45:00,2026-03-03 01:45:00,LONG,1937.69,2020.76,2021.16,4.287,591609.27,11250.4,0.4,5279277.49,12.86%,5278591.47,769249.68,0.0,2026-03
1634,2026-03-03 16:00:00,2026-03-03 16:00:00,SHORT,2020.76,1984.64,1984.25,1.787,270355.89,12670.27,0.4,5549633.39,5.36%,5548947.36,808648.67,0.0,2026-03
1635,2026-03-03 16:30:00,2026-03-03 16:30:00,LONG,1984.64,1987.51,1987.91,0.145,10757.48,13319.12,0.4,5560390.87,0.43%,5559704.84,810216.36,0.0,2026-03
1636,2026-03-03 18:15:00,2026-03-03 18:15:00,SHORT,1987.51,1987.27,1986.87,0.012,-11305.08,13344.94,0.4,5549085.79,0.04%,5548399.76,808568.87,0.2,2026-03
1637,2026-03-03 21:00:00,2026-03-03 21:00:00,LONG,1987.27,1969.91,1970.31,-0.873,-158720.08,13317.81,0.39,5390365.71,-2.62%,5389679.68,785438.58,3.06,2026-03
1638,2026-03-03 22:00:00,2026-03-03 22:00:00,SHORT,1969.91,1977.29,1976.9,-0.375,-73527.32,12936.88,0.4,5316838.39,-1.12%,5316152.36,774723.43,4.38,2026-03
1639,2026-03-04 00:30:00,2026-03-04 00:30:00,LONG,1977.29,1974.73,1975.13,-0.129,-33406.73,12760.41,0.4,5283431.66,-0.39%,5282745.63,769855.07,4.98,2026-03
1640,2026-03-04 01:30:00,2026-03-04 01:30:00,SHORT,1974.73,1989.32,1988.92,-0.738,-129721.76,12680.24,0.4,5153709.91,-2.22%,5153023.87,750950.7,7.31,2026-03
1641,2026-03-04 03:00:00,2026-03-04 03:00:00,LONG,1989.32,1971.89,1972.28,-0.876,-147845.9,12368.9,0.39,5005864.01,-2.63%,5005177.97,729405.1,9.97,2026-03
1642,2026-03-04 06:30:00,2026-03-04 06:30:00,SHORT,1971.89,1974.76,1974.36,-0.146,-33885.5,12014.07,0.39,4971978.51,-0.44%,4971292.47,724466.96,10.58,2026-03
1643,2026-03-05 01:30:00,2026-03-05 01:30:00,LONG,1974.76,2117.23,2117.65,7.214,1064175.36,11932.75,0.42,6036153.86,21.64%,6035467.83,879549.35,0.0,2026-03
1644,2026-03-05 02:00:00,2026-03-05 02:00:00,SHORT,2117.23,2124.89,2124.46,-0.362,-80014.29,14486.77,0.42,5956139.57,-1.09%,5955453.54,867888.86,1.33,2026-03
1645,2026-03-05 05:15:00,2026-03-05 05:15:00,LONG,2124.89,2127.56,2127.99,0.126,8212.34,14294.73,0.43,5964351.91,0.38%,5963665.88,869085.65,1.19,2026-03
1646,2026-03-05 06:45:00,2026-03-05 06:45:00,SHORT,2127.56,2130.49,2130.07,-0.138,-38944.4,14314.44,0.43,5925407.51,-0.41%,5924721.48,863410.28,1.83,2026-03
1647,2026-03-05 07:30:00,2026-03-05 07:30:00,LONG,2130.49,2119.03,2119.45,-0.538,-109889.21,14220.98,0.42,5815518.3,-1.61%,5814832.27,847396.11,3.66,2026-03
1648,2026-03-05 09:00:00,2026-03-05 09:00:00,SHORT,2119.03,2129.03,2128.61,-0.472,-96336.32,13957.24,0.43,5719181.98,-1.42%,5718495.95,833357.01,5.25,2026-03
1649,2026-03-05 13:00:00,2026-03-05 13:00:00,LONG,2129.03,2130.49,2130.92,0.069,-1963.38,13726.04,0.43,5717218.6,0.21%,5716532.57,833070.88,5.28,2026-03
1650,2026-03-06 07:15:00,2026-03-06 07:15:00,SHORT,2130.49,2078.57,2078.15,2.437,404293.51,13721.32,0.42,6121512.11,7.31%,6120826.08,891988.62,0.0,2026-03
1651,2026-03-06 08:45:00,2026-03-06 08:45:00,LONG,2078.57,2075.54,2075.96,-0.146,-41447.41,14691.63,0.42,6080064.7,-0.44%,6079378.67,885948.48,0.68,2026-03
1652,2026-03-07 03:00:00,2026-03-07 03:00:00,SHORT,2075.54,1987.86,1987.46,4.224,755930.89,14592.16,0.4,6835995.59,12.67%,6835309.56,996110.37,0.0,2026-03
1653,2026-03-07 03:15:00,2026-03-07 03:15:00,LONG,1987.86,1989.16,1989.56,0.065,-3040.24,16406.39,0.4,6832955.35,0.2%,6832269.32,995667.32,0.04,2026-03
1654,2026-03-07 08:15:00,2026-03-07 08:15:00,SHORT,1989.16,1987.54,1987.15,0.081,245.61,16399.09,0.4,6833200.96,0.24%,6832514.93,995703.11,0.04,2026-03
1655,2026-03-07 08:30:00,2026-03-07 08:30:00,LONG,1987.54,1981.6,1982.0,-0.299,-77699.42,16399.68,0.4,6755501.53,-0.9%,6754815.51,984379.97,1.18,2026-03
1656,2026-03-07 09:00:00,2026-03-07 09:00:00,SHORT,1981.6,1982.5,1982.1,-0.045,-25395.51,16213.2,0.4,6730106.02,-0.14%,6729420.0,980679.08,1.55,2026-03
1657,2026-03-07 12:30:00,2026-03-07 12:30:00,LONG,1982.5,1984.72,1985.12,0.112,6508.35,16152.25,0.4,6736614.37,0.34%,6735928.35,981627.54,1.45,2026-03
1658,2026-03-07 14:30:00,2026-03-07 14:30:00,SHORT,1984.72,1979.6,1979.21,0.258,35968.95,16167.87,0.4,6772583.32,0.77%,6771897.3,986869.3,0.93,2026-03
1659,2026-03-07 15:30:00,2026-03-07 15:30:00,LONG,1979.6,1978.03,1978.43,-0.079,-32347.73,16254.2,0.4,6740235.59,-0.24%,6739549.57,982155.26,1.4,2026-03
1660,2026-03-08 00:00:00,2026-03-08 00:00:00,SHORT,1978.03,1973.34,1972.95,0.237,31795.41,16176.57,0.39,6772030.99,0.71%,6771344.98,986788.81,0.94,2026-03
1661,2026-03-08 00:15:00,2026-03-08 00:15:00,LONG,1973.34,1970.06,1970.45,-0.166,-50038.67,16252.87,0.39,6721992.32,-0.5%,6721306.31,979496.67,1.67,2026-03
1662,2026-03-08 09:00:00,2026-03-08 09:00:00,SHORT,1970.06,1963.89,1963.5,0.313,47047.35,16132.78,0.39,6769039.67,0.94%,6768353.66,986352.88,0.98,2026-03
1663,2026-03-08 11:00:00,2026-03-08 11:00:00,LONG,1963.89,1969.24,1969.63,0.272,39078.6,16245.7,0.39,6808118.27,0.82%,6807432.26,992047.81,0.41,2026-03
1664,2026-03-08 19:00:00,2026-03-08 19:00:00,SHORT,1969.24,1935.33,1934.95,1.722,335303.65,16339.48,0.39,7143421.92,5.17%,7142735.91,1040911.65,0.0,2026-03
1665,2026-03-08 21:00:00,2026-03-08 21:00:00,LONG,1935.33,1950.66,1951.05,0.792,152555.32,17144.21,0.39,7295977.24,2.38%,7295291.23,1063143.55,0.0,2026-03
1666,2026-03-09 00:30:00,2026-03-09 00:30:00,SHORT,1950.66,1952.94,1952.55,-0.117,-43101.82,17510.35,0.39,7252875.42,-0.35%,7252189.41,1056862.32,0.59,2026-03
1667,2026-03-09 01:45:00,2026-03-09 01:45:00,LONG,1952.94,1947.07,1947.46,-0.3,-82790.65,17406.9,0.39,7170084.77,-0.9%,7169398.76,1044797.23,1.73,2026-03
1668,2026-03-09 02:30:00,2026-03-09 02:30:00,SHORT,1947.07,1953.67,1953.28,-0.339,-90073.56,17208.2,0.39,7080011.21,-1.02%,7079325.2,1031670.8,2.96,2026-03
1669,2026-03-09 22:30:00,2026-03-09 22:30:00,LONG,1953.67,2016.94,2017.34,3.238,670865.0,16992.03,0.4,7750876.21,9.72%,7750190.2,1129436.03,0.0,2026-03
1670,2026-03-10 00:15:00,2026-03-10 00:15:00,SHORT,2016.94,2000.39,2000.0,0.82,172100.04,18602.1,0.4,7922976.26,2.46%,7922290.24,1154516.18,0.0,2026-03
1671,2026-03-10 01:15:00,2026-03-10 01:15:00,LONG,2000.39,2009.81,2010.21,0.471,92818.86,19015.14,0.4,8015795.12,1.41%,8015109.1,1168042.69,0.0,2026-03
1672,2026-03-10 01:45:00,2026-03-10 01:45:00,SHORT,2009.81,2018.3,2017.89,-0.422,-120798.46,19237.91,0.4,7894996.66,-1.27%,7894310.64,1150438.71,1.51,2026-03
1673,2026-03-10 13:30:00,2026-03-10 13:30:00,LONG,2018.3,2048.66,2049.07,1.504,337379.29,18947.99,0.41,8232375.95,4.51%,8231689.93,1199605.03,0.0,2026-03
1674,2026-03-10 14:30:00,2026-03-10 14:30:00,SHORT,2048.66,2040.19,2039.78,0.413,82310.96,19757.7,0.41,8314686.91,1.24%,8314000.89,1211600.22,0.0,2026-03
1675,2026-03-10 18:00:00,2026-03-10 18:00:00,LONG,2040.19,2061.6,2062.01,1.049,241751.01,19955.25,0.41,8556437.92,3.15%,8555751.9,1246830.62,0.0,2026-03
1676,2026-03-11 04:45:00,2026-03-11 04:45:00,SHORT,2061.6,2038.92,2038.52,1.1,261793.65,20535.45,0.41,8818231.57,3.3%,8817545.55,1284981.84,0.0,2026-03
1677,2026-03-11 05:30:00,2026-03-11 05:30:00,LONG,2038.92,2026.64,2027.05,-0.602,-180515.7,21163.76,0.41,8637715.87,-1.81%,8637029.85,1258675.27,2.05,2026-03
1678,2026-03-11 10:30:00,2026-03-11 10:30:00,SHORT,2026.64,2026.72,2026.32,-0.004,-21762.02,20730.52,0.41,8615953.85,-0.01%,8615267.83,1255503.88,2.29,2026-03
1679,2026-03-11 11:15:00,2026-03-11 11:15:00,LONG,2026.72,2027.52,2027.93,0.04,-10441.66,20678.29,0.41,8605512.19,0.12%,8604826.17,1253982.22,2.41,2026-03
1680,2026-03-11 12:15:00,2026-03-11 12:15:00,SHORT,2027.52,2026.92,2026.52,0.03,-12973.8,20653.23,0.41,8592538.39,0.09%,8591852.37,1252091.55,2.56,2026-03
1681,2026-03-11 23:45:00,2026-03-11 23:45:00,LONG,2026.92,2049.59,2050.0,1.118,267625.28,20622.09,0.41,8860163.67,3.35%,8859477.65,1291092.61,0.0,2026-03
1682,2026-03-12 07:45:00,2026-03-12 07:45:00,SHORT,2049.59,2041.53,2041.13,0.393,83156.74,21264.39,0.41,8943320.41,1.18%,8942634.39,1303211.05,0.0,2026-03
1683,2026-03-12 14:30:00,2026-03-12 14:30:00,LONG,2041.53,2040.92,2041.33,-0.03,-29519.93,21463.97,0.41,8913800.48,-0.09%,8913114.46,1298909.11,0.33,2026-03
1684,2026-03-12 15:15:00,2026-03-12 15:15:00,SHORT,2040.92,2065.4,2064.99,-1.199,-342155.02,21393.12,0.41,8571645.45,-3.6%,8570959.44,1249046.82,4.16,2026-03
1685,2026-03-12 18:15:00,2026-03-12 18:15:00,LONG,2065.4,2049.68,2050.09,-0.761,-216322.41,20571.95,0.41,8355323.04,-2.28%,8354637.03,1217522.13,6.57,2026-03
1686,2026-03-12 19:15:00,2026-03-12 19:15:00,SHORT,2049.68,2056.77,2056.36,-0.346,-106743.08,20052.78,0.41,8248579.96,-1.04%,8247893.95,1201966.45,7.77,2026-03
1687,2026-03-13 08:00:00,2026-03-13 08:00:00,LONG,2056.77,2093.0,2093.42,1.762,416154.51,19796.59,0.42,8664734.47,5.29%,8664048.46,1262612.69,3.12,2026-03
1688,2026-03-13 08:30:00,2026-03-13 08:30:00,SHORT,2093.0,2104.58,2104.16,-0.553,-164607.99,20795.36,0.42,8500126.47,-1.66%,8499440.47,1238624.35,4.96,2026-03
1689,2026-03-13 16:15:00,2026-03-13 16:15:00,LONG,2104.58,2113.42,2113.85,0.42,86703.12,20400.3,0.42,8586829.59,1.26%,8586143.59,1251259.6,3.99,2026-03
1690,2026-03-13 16:30:00,2026-03-13 16:30:00,SHORT,2113.42,2133.89,2133.46,-0.968,-270043.47,20608.39,0.43,8316786.12,-2.9%,8316100.12,1211906.14,7.01,2026-03
1691,2026-03-13 17:15:00,2026-03-13 17:15:00,LONG,2133.89,2127.57,2128.0,-0.296,-93819.05,19960.29,0.43,8222967.07,-0.89%,8222281.07,1198233.88,8.05,2026-03
1692,2026-03-14 04:00:00,2026-03-14 04:00:00,SHORT,2127.57,2104.86,2104.43,1.068,243631.03,19735.12,0.42,8466598.11,3.2%,8465912.1,1233738.26,5.33,2026-03
1693,2026-03-14 04:45:00,2026-03-14 04:45:00,LONG,2104.86,2100.54,2100.96,-0.205,-72378.86,20319.84,0.42,8394219.24,-0.61%,8393533.24,1223190.48,6.14,2026-03
1694,2026-03-14 20:15:00,2026-03-14 20:15:00,SHORT,2100.54,2080.04,2079.63,0.976,225607.83,20146.13,0.42,8619827.07,2.93%,8619141.07,1256068.33,3.62,2026-03
1695,2026-03-15 13:00:00,2026-03-15 13:00:00,LONG,2080.04,2105.63,2106.05,1.23,297444.23,20687.58,0.42,8917271.31,3.69%,8916585.3,1299414.91,0.29,2026-03
1696,2026-03-15 17:45:00,2026-03-15 17:45:00,SHORT,2105.63,2100.49,2100.07,0.244,43867.04,21401.45,0.42,8961138.35,0.73%,8960452.34,1305807.66,0.0,2026-03
1697,2026-03-15 18:45:00,2026-03-15 18:45:00,LONG,2100.49,2103.2,2103.62,0.129,13123.25,21506.73,0.42,8974261.6,0.39%,8973575.59,1307720.11,0.0,2026-03
1698,2026-03-15 19:00:00,2026-03-15 19:00:00,SHORT,2103.2,2107.4,2106.98,-0.2,-75322.61,21538.23,0.42,8898939.0,-0.6%,8898252.98,1296743.34,0.84,2026-03
1699,2026-03-17 03:30:00,2026-03-17 03:30:00,LONG,2107.4,2327.46,2327.93,10.442,2766376.28,21357.45,0.47,11665315.27,31.33%,11664629.26,1699887.65,0.0,2026-03
1700,2026-03-17 07:00:00,2026-03-17 07:00:00,SHORT,2327.46,2325.52,2325.05,0.084,1247.03,27996.76,0.47,11666562.3,0.25%,11665876.29,1700069.38,0.0,2026-03
1701,2026-03-17 08:45:00,2026-03-17 08:45:00,LONG,2325.52,2322.05,2322.52,-0.149,-80119.1,27999.75,0.46,11586443.2,-0.45%,11585757.19,1688393.62,0.69,2026-03
1702,2026-03-17 09:15:00,2026-03-17 09:15:00,SHORT,2322.05,2322.33,2321.87,-0.012,-32019.47,27807.46,0.46,11554423.73,-0.04%,11553737.72,1683727.42,0.96,2026-03
1703,2026-03-17 09:45:00,2026-03-17 09:45:00,LONG,2322.33,2311.78,2312.24,-0.455,-185317.16,27730.62,0.46,11369106.57,-1.36%,11368420.56,1656721.13,2.55,2026-03
1704,2026-03-17 11:00:00,2026-03-17 11:00:00,SHORT,2311.78,2320.71,2320.25,-0.386,-159095.61,27285.86,0.46,11210010.96,-1.16%,11209324.95,1633536.11,3.91,2026-03
1705,2026-03-17 12:30:00,2026-03-17 12:30:00,LONG,2320.71,2312.62,2313.08,-0.349,-144198.72,26904.03,0.46,11065812.24,-1.05%,11065126.23,1612522.01,5.15,2026-03
1706,2026-03-17 13:30:00,2026-03-17 13:30:00,SHORT,2312.62,2328.68,2328.22,-0.695,-257187.91,26557.95,0.47,10808624.33,-2.08%,10807938.32,1575041.99,7.35,2026-03
1707,2026-03-17 15:30:00,2026-03-17 15:30:00,LONG,2328.68,2310.29,2310.75,-0.79,-282073.08,25940.7,0.46,10526551.26,-2.37%,10525865.24,1533935.45,9.77,2026-03
1708,2026-03-17 16:15:00,2026-03-17 16:15:00,SHORT,2310.29,2331.94,2331.48,-0.937,-321281.87,25263.72,0.47,10205269.39,-2.81%,10204583.37,1487115.01,12.53,2026-03
1709,2026-03-17 19:30:00,2026-03-17 19:30:00,LONG,2331.94,2327.66,2328.13,-0.184,-80696.33,24492.65,0.47,10124573.06,-0.55%,10123887.04,1475355.12,13.22,2026-03
1710,2026-03-17 20:15:00,2026-03-17 20:15:00,SHORT,2327.66,2324.91,2324.45,0.118,11566.04,24298.98,0.46,10136139.1,0.35%,10135453.08,1477040.64,13.12,2026-03
1711,2026-03-17 22:30:00,2026-03-17 22:30:00,LONG,2324.91,2323.57,2324.04,-0.058,-41868.75,24326.73,0.46,10094270.35,-0.17%,10093584.33,1470939.11,13.48,2026-03
1712,2026-03-18 02:00:00,2026-03-18 02:00:00,SHORT,2323.57,2331.79,2331.32,-0.353,-131259.55,24226.25,0.47,9963010.8,-1.06%,9962324.78,1451810.64,14.6,2026-03
1713,2026-03-18 05:15:00,2026-03-18 05:15:00,LONG,2331.79,2325.8,2326.27,-0.257,-100627.68,23911.23,0.47,9862383.12,-0.77%,9861697.1,1437146.16,15.46,2026-03
1714,2026-03-18 06:15:00,2026-03-18 06:15:00,SHORT,2325.8,2329.46,2329.0,-0.157,-70236.6,23669.72,0.47,9792146.52,-0.47%,9791460.5,1426910.57,16.07,2026-03
1715,2026-03-18 06:30:00,2026-03-18 06:30:00,LONG,2329.46,2322.93,2323.4,-0.28,-105868.49,23501.15,0.46,9686278.02,-0.84%,9685592.01,1411482.34,16.97,2026-03
1716,2026-03-18 09:00:00,2026-03-18 09:00:00,SHORT,2322.93,2326.99,2326.53,-0.175,-74085.73,23247.07,0.47,9612192.3,-0.52%,9611506.28,1400685.82,17.61,2026-03
1717,2026-03-18 10:30:00,2026-03-18 10:30:00,LONG,2326.99,2326.31,2326.78,-0.029,-31541.32,23069.26,0.47,9580650.97,-0.09%,9579964.96,1396089.3,17.88,2026-03
1718,2026-03-19 03:15:00,2026-03-19 03:15:00,SHORT,2326.31,2212.0,2211.55,4.914,1389378.95,22993.56,0.44,10970029.92,14.74%,10969343.91,1598563.64,5.97,2026-03
1719,2026-03-19 04:00:00,2026-03-19 04:00:00,LONG,2212.0,2200.5,2200.94,-0.52,-197425.09,26328.07,0.44,10772604.83,-1.56%,10771918.82,1569792.86,7.66,2026-03
1720,2026-03-19 19:15:00,2026-03-19 19:15:00,SHORT,2200.5,2151.47,2151.04,2.228,694135.93,25854.25,0.43,11466740.77,6.68%,11466054.75,1670949.37,1.71,2026-03
1721,2026-03-19 22:30:00,2026-03-19 22:30:00,LONG,2151.47,2144.0,2144.43,-0.347,-147048.58,27520.18,0.43,11319692.19,-1.04%,11319006.17,1649519.96,2.97,2026-03
1722,2026-03-19 23:00:00,2026-03-19 23:00:00,SHORT,2144.0,2147.47,2147.04,-0.162,-82165.41,27167.26,0.43,11237526.78,-0.49%,11236840.76,1637545.99,3.68,2026-03
1723,2026-03-19 23:15:00,2026-03-19 23:15:00,LONG,2147.47,2138.95,2139.38,-0.397,-160712.15,26970.06,0.43,11076814.63,-1.19%,11076128.61,1614125.39,5.06,2026-03
1724,2026-03-20 00:00:00,2026-03-20 00:00:00,SHORT,2138.95,2144.81,2144.38,-0.274,-117675.06,26584.36,0.43,10959139.57,-0.82%,10958453.55,1596976.59,6.06,2026-03
1725,2026-03-20 02:15:00,2026-03-20 02:15:00,LONG,2144.81,2138.98,2139.4,-0.272,-115795.43,26301.93,0.43,10843344.14,-0.82%,10842658.12,1580101.71,7.06,2026-03
1726,2026-03-20 03:15:00,2026-03-20 03:15:00,SHORT,2138.98,2152.11,2151.68,-0.614,-225741.83,26024.03,0.43,10617602.31,-1.84%,10616916.29,1547204.33,8.99,2026-03
1727,2026-03-20 04:30:00,2026-03-20 04:30:00,LONG,2152.11,2148.24,2148.67,-0.18,-82769.57,25482.25,0.43,10534832.74,-0.54%,10534146.72,1535142.31,9.7,2026-03
1728,2026-03-20 04:45:00,2026-03-20 04:45:00,SHORT,2148.24,2148.01,2147.58,0.011,-21940.32,25283.6,0.43,10512892.42,0.03%,10512206.4,1531944.95,9.89,2026-03
1729,2026-03-20 05:15:00,2026-03-20 05:15:00,LONG,2148.01,2143.65,2144.08,-0.203,-89267.26,25230.94,0.43,10423625.16,-0.61%,10422939.14,1518936.02,10.65,2026-03
1730,2026-03-20 07:30:00,2026-03-20 07:30:00,SHORT,2143.65,2146.23,2145.8,-0.12,-62616.1,25016.7,0.43,10361009.05,-0.36%,10360323.04,1509810.97,11.19,2026-03
1731,2026-03-20 09:15:00,2026-03-20 09:15:00,LONG,2146.23,2145.2,2145.63,-0.048,-39765.94,24866.42,0.43,10321243.11,-0.14%,10320557.1,1504015.87,11.53,2026-03
1732,2026-03-20 10:30:00,2026-03-20 10:30:00,SHORT,2145.2,2143.72,2143.29,0.069,-3434.43,24770.98,0.43,10317808.68,0.21%,10317122.67,1503515.37,11.56,2026-03
1733,2026-03-20 11:30:00,2026-03-20 11:30:00,LONG,2143.72,2142.47,2142.9,-0.058,-42829.51,24762.74,0.43,10274979.16,-0.18%,10274293.16,1497273.82,11.93,2026-03
1734,2026-03-20 13:15:00,2026-03-20 13:15:00,SHORT,2142.47,2145.89,2145.46,-0.16,-73918.32,24659.95,0.43,10201060.84,-0.48%,10200374.84,1486501.7,12.56,2026-03
1735,2026-03-20 13:30:00,2026-03-20 13:30:00,LONG,2145.89,2139.5,2139.93,-0.298,-115641.84,24482.55,0.43,10085419.0,-0.89%,10084733.0,1469649.2,13.55,2026-03
1736,2026-03-20 21:15:00,2026-03-20 21:15:00,SHORT,2139.5,2139.27,2138.84,0.011,-20955.99,24205.01,0.43,10064463.0,0.03%,10063777.01,1466595.28,13.73,2026-03
1737,2026-03-21 08:15:00,2026-03-21 08:15:00,LONG,2139.27,2153.2,2153.63,0.651,172472.88,24154.71,0.43,10236935.88,1.95%,10236249.89,1491729.77,12.25,2026-03
1738,2026-03-21 08:30:00,2026-03-21 08:30:00,SHORT,2153.2,2154.07,2153.63,-0.04,-36898.22,24568.65,0.43,10200037.66,-0.12%,10199351.67,1486352.59,12.57,2026-03
1739,2026-03-21 14:45:00,2026-03-21 14:45:00,LONG,2154.07,2156.66,2157.09,0.12,12324.96,24480.09,0.43,10212362.62,0.36%,10211676.63,1488148.71,12.46,2026-03
1740,2026-03-21 18:30:00,2026-03-21 18:30:00,SHORT,2156.66,2154.45,2154.02,0.102,6796.83,24509.67,0.43,10219159.44,0.31%,10218473.46,1489139.21,12.41,2026-03
1741,2026-03-21 18:45:00,2026-03-21 18:45:00,LONG,2154.45,2152.21,2152.64,-0.104,-56476.66,24525.98,0.43,10162682.78,-0.31%,10161996.8,1480908.86,12.89,2026-03
1742,2026-03-21 20:15:00,2026-03-21 20:15:00,SHORT,2152.21,2154.84,2154.41,-0.122,-61673.92,24390.44,0.43,10101008.86,-0.37%,10100322.88,1471921.11,13.42,2026-03
1743,2026-03-21 22:00:00,2026-03-21 22:00:00,LONG,2154.84,2151.22,2151.65,-0.168,-75187.81,24242.42,0.43,10025821.05,-0.5%,10025135.07,1460963.98,14.06,2026-03
1744,2026-03-23 02:15:00,2026-03-23 02:15:00,SHORT,2151.22,2058.56,2058.15,4.307,1271453.52,24061.97,0.41,11297274.57,12.92%,11296588.59,1646253.04,3.17,2026-03
1745,2026-03-23 06:00:00,2026-03-23 06:00:00,LONG,2058.56,2062.58,2062.99,0.195,39133.4,27113.46,0.41,11336407.97,0.59%,11335721.99,1651955.96,2.83,2026-03
1746,2026-03-23 11:00:00,2026-03-23 11:00:00,SHORT,2062.58,2055.44,2055.03,0.346,90585.96,27207.38,0.41,11426993.93,1.04%,11426307.95,1665157.06,2.05,2026-03
1747,2026-03-24 00:30:00,2026-03-24 00:30:00,LONG,2055.44,2135.37,2135.8,3.889,1305752.09,27424.79,0.43,12732746.02,11.67%,12732060.04,1855444.45,0.0,2026-03
1748,2026-03-24 01:15:00,2026-03-24 01:15:00,SHORT,2135.37,2148.61,2148.18,-0.62,-267423.18,30558.59,0.43,12465322.84,-1.86%,12464636.86,1816472.84,2.1,2026-03
1749,2026-03-24 01:30:00,2026-03-24 01:30:00,LONG,2148.61,2139.71,2140.14,-0.415,-184934.52,29916.77,0.43,12280388.32,-1.24%,12279702.34,1789522.31,3.55,2026-03
1750,2026-03-24 04:00:00,2026-03-24 04:00:00,SHORT,2139.71,2146.34,2145.91,-0.31,-143734.21,29472.93,0.43,12136654.11,-0.93%,12135968.13,1768575.91,4.68,2026-03
1751,2026-03-24 04:15:00,2026-03-24 04:15:00,LONG,2146.34,2140.53,2140.95,-0.271,-127829.2,29127.97,0.43,12008824.91,-0.81%,12008138.93,1749947.35,5.69,2026-03
1752,2026-03-24 06:30:00,2026-03-24 06:30:00,SHORT,2140.53,2143.14,2142.71,-0.122,-72786.8,28821.18,0.43,11936038.11,-0.37%,11935352.13,1739340.12,6.26,2026-03
1753,2026-03-24 13:15:00,2026-03-24 13:15:00,LONG,2143.14,2150.58,2151.01,0.347,95709.06,28646.49,0.43,12031747.17,1.04%,12031061.19,1753287.81,5.51,2026-03
1754,2026-03-24 20:15:00,2026-03-24 20:15:00,SHORT,2150.58,2126.06,2125.64,1.14,382644.05,28876.19,0.43,12414391.22,3.42%,12413705.24,1809050.57,2.5,2026-03
1755,2026-03-25 15:00:00,2026-03-25 15:00:00,LONG,2126.06,2166.58,2167.01,1.906,679933.1,29794.54,0.43,13094324.33,5.72%,13093638.34,1908137.3,0.0,2026-03
1756,2026-03-25 16:15:00,2026-03-25 16:15:00,SHORT,2166.58,2170.09,2169.65,-0.162,-95064.39,31426.38,0.43,12999259.94,-0.49%,12998573.95,1894283.55,0.73,2026-03
1757,2026-03-25 18:30:00,2026-03-25 18:30:00,LONG,2170.09,2163.94,2164.37,-0.283,-141687.0,31198.22,0.43,12857572.94,-0.85%,12856886.95,1873635.49,1.81,2026-03
1758,2026-03-25 22:30:00,2026-03-25 22:30:00,SHORT,2163.94,2167.8,2167.36,-0.178,-99634.12,30858.18,0.43,12757938.82,-0.53%,12757252.83,1859115.8,2.57,2026-03
1759,2026-03-25 23:30:00,2026-03-25 23:30:00,LONG,2167.8,2167.15,2167.58,-0.03,-42095.01,30619.05,0.43,12715843.8,-0.09%,12715157.82,1852981.29,2.89,2026-03
1760,2026-03-27 07:00:00,2026-03-27 07:00:00,SHORT,2167.15,2066.44,2066.03,4.647,1742197.02,30518.03,0.41,14458040.83,13.94%,14457354.84,2106871.85,0.0,2026-03
1761,2026-03-27 08:15:00,2026-03-27 08:15:00,LONG,2066.44,2057.13,2057.54,-0.451,-230150.14,34699.3,0.41,14227890.68,-1.35%,14227204.7,2073332.04,1.59,2026-03
1762,2026-03-28 05:15:00,2026-03-28 05:15:00,SHORT,2057.13,1992.29,1991.89,3.152,1311168.52,34146.94,0.4,15539059.21,9.46%,15538373.22,2264408.77,0.0,2026-03
1763,2026-03-28 10:15:00,2026-03-28 10:15:00,LONG,1992.29,1997.26,1997.66,0.25,79093.87,37293.74,0.4,15618153.07,0.75%,15617467.09,2275935.13,0.0,2026-03
1764,2026-03-28 11:45:00,2026-03-28 11:45:00,SHORT,1997.26,2000.64,2000.24,-0.169,-116555.05,37483.57,0.4,15501598.02,-0.51%,15500912.04,2258949.55,0.75,2026-03
1765,2026-03-28 12:30:00,2026-03-28 12:30:00,LONG,2000.64,1999.11,1999.51,-0.076,-72593.19,37203.84,0.4,15429004.83,-0.23%,15428318.85,2248370.54,1.21,2026-03
1766,2026-03-28 12:45:00,2026-03-28 12:45:00,SHORT,1999.11,1999.92,1999.52,-0.04,-55698.65,37029.61,0.4,15373306.18,-0.12%,15372620.2,2240253.57,1.57,2026-03
1767,2026-03-28 21:45:00,2026-03-28 21:45:00,LONG,1999.92,2016.31,2016.72,0.82,341147.04,36895.93,0.4,15714453.22,2.46%,15713767.24,2289968.96,0.0,2026-03
1768,2026-03-29 02:45:00,2026-03-29 02:45:00,SHORT,2016.31,2010.18,2009.78,0.304,105638.78,37714.69,0.4,15820092.0,0.91%,15819406.02,2305363.71,0.0,2026-03
1769,2026-03-29 04:15:00,2026-03-29 04:15:00,LONG,2010.18,2008.28,2008.68,-0.095,-82902.48,37968.22,0.4,15737189.52,-0.28%,15736503.54,2293282.33,0.52,2026-03
1770,2026-03-29 16:15:00,2026-03-29 16:15:00,SHORT,2008.28,1998.5,1998.1,0.487,192005.99,37769.25,0.4,15929195.51,1.46%,15928509.53,2321263.38,0.0,2026-03
1771,2026-03-29 17:00:00,2026-03-29 17:00:00,LONG,1998.5,1993.75,1994.15,-0.238,-151893.05,38230.07,0.4,15777302.46,-0.71%,15776616.48,2299127.99,0.95,2026-03
1772,2026-03-29 18:30:00,2026-03-29 18:30:00,SHORT,1993.75,1997.74,1997.34,-0.2,-132560.12,37865.53,0.4,15644742.34,-0.6%,15644056.36,2279809.99,1.79,2026-03
1773,2026-03-29 19:30:00,2026-03-29 19:30:00,LONG,1997.74,1994.04,1994.44,-0.185,-124423.58,37547.38,0.4,15520318.75,-0.56%,15519632.78,2261677.73,2.57,2026-03
1774,2026-03-29 20:15:00,2026-03-29 20:15:00,SHORT,1994.04,2000.12,1999.72,-0.305,-179108.01,37248.77,0.4,15341210.74,-0.91%,15340524.77,2235576.3,3.69,2026-03
1775,2026-03-29 22:00:00,2026-03-29 22:00:00,LONG,2000.12,2003.7,2004.1,0.179,45529.52,36818.91,0.4,15386740.26,0.54%,15386054.29,2242211.32,3.41,2026-03
1776,2026-03-30 00:15:00,2026-03-30 00:15:00,SHORT,2003.7,1993.72,1993.32,0.498,192906.23,36928.18,0.4,15579646.49,1.49%,15578960.52,2270323.56,2.19,2026-03
1777,2026-03-30 17:15:00,2026-03-30 17:15:00,LONG,1993.72,2053.36,2053.77,2.992,1360850.46,37391.15,0.41,16940496.95,8.97%,16939810.98,2468640.45,0.0,2026-03
1778,2026-03-31 01:15:00,2026-03-31 01:15:00,SHORT,2053.36,2047.51,2047.1,0.285,104276.63,40657.19,0.41,17044773.58,0.86%,17044087.61,2483836.69,0.0,2026-03
1779,2026-03-31 07:00:00,2026-03-31 07:00:00,LONG,2047.51,2057.81,2058.23,0.503,216497.29,40907.46,0.41,17261270.88,1.51%,17260584.9,2515386.87,0.0,2026-03
1780,2026-03-31 12:15:00,2026-03-31 12:15:00,SHORT,2057.81,2045.26,2044.85,0.61,274510.0,41427.05,0.41,17535780.88,1.83%,17535094.9,2555391.24,0.0,2026-03
1781,2026-03-31 14:45:00,2026-03-31 14:45:00,LONG,2045.26,2055.67,2056.08,0.509,225696.89,42085.87,0.41,17761477.77,1.53%,17760791.79,2588282.07,0.0,2026-03
1782,2026-03-31 15:00:00,2026-03-31 15:00:00,SHORT,2055.67,2061.83,2061.42,-0.3,-202234.3,42627.55,0.41,17559243.46,-0.9%,17558557.49,2558810.44,1.14,2026-03
1783,2026-04-01 02:15:00,2026-04-01 02:15:00,LONG,2061.83,2085.77,2086.19,1.161,569539.75,42142.18,0.42,18128783.21,3.48%,18128097.24,2641809.53,0.0,2026-04
1784,2026-04-01 03:00:00,2026-04-01 03:00:00,SHORT,2085.77,2094.84,2094.42,-0.435,-279959.97,43509.08,0.42,17848823.24,-1.3%,17848137.27,2601010.94,1.54,2026-04
1785,2026-04-01 13:30:00,2026-04-01 13:30:00,LONG,2094.84,2121.3,2121.73,1.263,633645.8,42837.18,0.42,18482469.04,3.79%,18481783.07,2693352.21,0.0,2026-04
1786,2026-04-01 15:15:00,2026-04-01 15:15:00,SHORT,2121.3,2132.88,2132.46,-0.546,-347049.12,44357.93,0.43,18135419.92,-1.64%,18134733.95,2642776.7,1.88,2026-04
1787,2026-04-02 01:15:00,2026-04-02 01:15:00,LONG,2132.88,2128.94,2129.37,-0.185,-143998.84,43525.01,0.43,17991421.08,-0.55%,17990735.11,2621791.73,2.66,2026-04
1788,2026-04-02 14:30:00,2026-04-02 14:30:00,SHORT,2128.94,2049.94,2049.53,3.711,1959719.38,43179.41,0.41,19951140.45,11.13%,19950454.49,2907381.85,0.0,2026-04
1789,2026-04-02 17:45:00,2026-04-02 17:45:00,LONG,2049.94,2050.55,2050.96,0.03,-30104.28,47882.74,0.41,19921036.18,0.09%,19920350.21,2902994.75,0.15,2026-04
1790,2026-04-02 18:45:00,2026-04-02 18:45:00,SHORT,2050.55,2056.86,2056.45,-0.308,-231758.0,47810.49,0.41,19689278.18,-0.92%,19688592.21,2869220.63,1.31,2026-04
1791,2026-04-02 22:15:00,2026-04-02 22:15:00,LONG,2056.86,2056.24,2056.65,-0.03,-65048.2,47254.27,0.41,19624229.97,-0.09%,19623544.01,2859741.15,1.64,2026-04
1792,2026-04-02 22:30:00,2026-04-02 22:30:00,SHORT,2056.24,2062.25,2061.84,-0.292,-219034.12,47098.15,0.41,19405195.85,-0.88%,19404509.89,2827821.28,2.74,2026-04
1793,2026-04-03 00:00:00,2026-04-03 00:00:00,LONG,2062.25,2053.42,2053.83,-0.428,-295910.47,46572.47,0.41,19109285.38,-1.28%,19108599.42,2784698.22,4.22,2026-04
1794,2026-04-03 01:15:00,2026-04-03 01:15:00,SHORT,2053.42,2058.54,2058.12,-0.249,-188828.79,45862.28,0.41,18920456.59,-0.75%,18919770.63,2757180.18,5.17,2026-04
1795,2026-04-03 01:30:00,2026-04-03 01:30:00,LONG,2058.54,2054.72,2055.13,-0.185,-150592.97,45409.1,0.41,18769863.62,-0.56%,18769177.66,2735234.25,5.92,2026-04
1796,2026-04-03 05:30:00,2026-04-03 05:30:00,SHORT,2054.72,2057.99,2057.58,-0.159,-134539.74,45047.67,0.41,18635323.88,-0.48%,18634637.92,2715627.76,6.6,2026-04
1797,2026-04-03 10:00:00,2026-04-03 10:00:00,LONG,2057.99,2057.71,2058.12,-0.013,-52253.37,44724.78,0.41,18583070.51,-0.04%,18582384.55,2708012.87,6.86,2026-04
1798,2026-04-03 10:45:00,2026-04-03 10:45:00,SHORT,2057.71,2060.29,2059.88,-0.125,-114488.05,44599.37,0.41,18468582.46,-0.38%,18467896.5,2691328.51,7.43,2026-04
1799,2026-04-03 12:45:00,2026-04-03 12:45:00,LONG,2060.29,2051.13,2051.54,-0.445,-290611.08,44324.6,0.41,18177971.38,-1.33%,18177285.42,2648977.73,8.89,2026-04
1800,2026-04-03 21:00:00,2026-04-03 21:00:00,SHORT,2051.13,2055.08,2054.67,-0.192,-148506.89,43627.13,0.41,18029464.49,-0.58%,18028778.53,2627335.8,9.63,2026-04
1801,2026-04-03 22:45:00,2026-04-03 22:45:00,LONG,2055.08,2051.61,2052.02,-0.169,-134568.44,43270.71,0.41,17894896.05,-0.51%,17894210.09,2607725.13,10.31,2026-04
1802,2026-04-03 23:45:00,2026-04-03 23:45:00,SHORT,2051.61,2053.46,2053.05,-0.09,-91448.89,42947.75,0.41,17803447.16,-0.27%,17802761.2,2594398.27,10.76,2026-04
1803,2026-04-04 04:00:00,2026-04-04 04:00:00,LONG,2053.46,2048.53,2048.94,-0.24,-171019.5,42728.27,0.41,17632427.66,-0.72%,17631741.7,2569475.58,11.62,2026-04
1804,2026-04-04 05:15:00,2026-04-04 05:15:00,SHORT,2048.53,2052.8,2052.39,-0.208,-152546.24,42317.83,0.41,17479881.41,-0.63%,17479195.46,2547245.0,12.39,2026-04
1805,2026-04-04 08:30:00,2026-04-04 08:30:00,LONG,2052.8,2053.41,2053.82,0.03,-26426.23,41951.72,0.41,17453455.19,0.09%,17452769.23,2543393.91,12.52,2026-04
1806,2026-04-04 10:30:00,2026-04-04 10:30:00,SHORT,2053.41,2050.75,2050.34,0.129,25727.35,41888.29,0.41,17479182.54,0.39%,17478496.58,2547143.16,12.39,2026-04
1807,2026-04-04 12:30:00,2026-04-04 12:30:00,LONG,2050.75,2049.79,2050.2,-0.047,-66576.63,41950.04,0.41,17412605.91,-0.14%,17411919.95,2537440.94,12.72,2026-04
1808,2026-04-04 13:30:00,2026-04-04 13:30:00,SHORT,2049.79,2052.15,2051.74,-0.115,-101867.02,41790.25,0.41,17310738.89,-0.35%,17310052.93,2522595.85,13.23,2026-04
1809,2026-04-04 14:30:00,2026-04-04 14:30:00,LONG,2052.15,2049.83,2050.24,-0.113,-100316.93,41545.77,0.41,17210421.96,-0.34%,17209736.0,2507976.65,13.74,2026-04
1810,2026-04-04 14:45:00,2026-04-04 14:45:00,SHORT,2049.83,2052.75,2052.34,-0.143,-114905.09,41305.01,0.41,17095516.87,-0.43%,17094830.91,2491231.52,14.31,2026-04
1811,2026-04-05 01:00:00,2026-04-05 01:00:00,LONG,2052.75,2059.3,2059.72,0.319,122795.34,41029.24,0.41,17218312.21,0.96%,17217626.25,2509126.5,13.7,2026-04
1812,2026-04-05 15:15:00,2026-04-05 15:15:00,SHORT,2059.3,2045.2,2044.8,0.685,312358.39,41323.95,0.41,17530670.6,2.05%,17529984.64,2554646.52,12.13,2026-04
1813,2026-04-06 17:00:00,2026-04-06 17:00:00,LONG,2045.2,2131.76,2132.19,4.232,2183698.78,42073.61,0.43,19714369.38,12.7%,19713683.42,2872877.18,1.19,2026-04
1814,2026-04-06 18:00:00,2026-04-06 18:00:00,SHORT,2131.76,2145.65,2145.22,-0.652,-432647.41,47314.49,0.43,19281721.97,-1.95%,19281036.01,2809827.42,3.36,2026-04
1815,2026-04-06 19:00:00,2026-04-06 19:00:00,LONG,2145.65,2138.46,2138.89,-0.335,-240135.5,46276.13,0.43,19041586.47,-1.01%,19040900.51,2774832.45,4.56,2026-04
1816,2026-04-06 20:15:00,2026-04-06 20:15:00,SHORT,2138.46,2151.08,2150.65,-0.59,-382762.6,45699.81,0.43,18658823.87,-1.77%,18658137.91,2719052.41,6.48,2026-04
1817,2026-04-06 21:30:00,2026-04-06 21:30:00,LONG,2151.08,2141.77,2142.2,-0.432,-286857.65,44781.18,0.43,18371966.22,-1.3%,18371280.26,2677248.62,7.92,2026-04
1818,2026-04-07 08:30:00,2026-04-07 08:30:00,SHORT,2141.77,2114.53,2114.11,1.272,656926.74,44092.72,0.42,19028892.96,3.82%,19028207.0,2772982.62,4.62,2026-04
1819,2026-04-07 10:15:00,2026-04-07 10:15:00,LONG,2114.53,2109.47,2109.89,-0.239,-182297.31,45669.34,0.42,18846595.65,-0.72%,18845909.69,2746416.42,5.54,2026-04
1820,2026-04-07 17:30:00,2026-04-07 17:30:00,SHORT,2109.47,2090.59,2090.17,0.895,460804.94,45231.83,0.42,19307400.59,2.69%,19306714.63,2813569.57,3.23,2026-04
1821,2026-04-07 18:45:00,2026-04-07 18:45:00,LONG,2090.59,2082.33,2082.74,-0.395,-275317.34,46337.76,0.42,19032083.25,-1.19%,19031397.29,2773447.54,4.61,2026-04
1822,2026-04-07 19:15:00,2026-04-07 19:15:00,SHORT,2082.33,2093.53,2093.12,-0.538,-352943.94,45677.0,0.42,18679139.31,-1.61%,18678453.35,2722012.99,6.38,2026-04
1823,2026-04-08 13:30:00,2026-04-08 13:30:00,LONG,2093.53,2251.84,2252.29,7.562,4192529.74,44829.93,0.45,22871669.05,22.68%,22870983.09,3332990.8,0.0,2026-04
1824,2026-04-08 17:30:00,2026-04-08 17:30:00,SHORT,2251.84,2226.76,2226.32,1.114,709289.84,54892.01,0.45,23580958.9,3.34%,23580272.93,3436355.68,0.0,2026-04
1825,2026-04-08 18:15:00,2026-04-08 18:15:00,LONG,2226.76,2218.75,2219.19,-0.36,-311070.57,56594.3,0.44,23269888.33,-1.08%,23269202.36,3391023.34,1.32,2026-04
1826,2026-04-09 08:30:00,2026-04-09 08:30:00,SHORT,2218.75,2183.92,2183.49,1.57,1039915.01,55847.73,0.44,24309803.34,4.71%,24309117.37,3542570.26,0.0,2026-04
1827,2026-04-09 08:45:00,2026-04-09 08:45:00,LONG,2183.92,2184.23,2184.67,0.014,-48146.1,58343.53,0.44,24261657.24,0.04%,24260971.27,3535553.93,0.2,2026-04
1828,2026-04-09 09:45:00,2026-04-09 09:45:00,SHORT,2184.23,2191.24,2190.8,-0.321,-291875.01,58227.98,0.44,23969782.23,-0.96%,23969096.26,3493018.95,1.4,2026-04
1829,2026-04-09 11:15:00,2026-04-09 11:15:00,LONG,2191.24,2180.63,2181.07,-0.484,-405758.03,57527.48,0.44,23564024.2,-1.45%,23563338.23,3433887.79,3.07,2026-04
1830,2026-04-09 15:00:00,2026-04-09 15:00:00,SHORT,2180.63,2186.75,2186.32,-0.281,-255049.51,56553.66,0.44,23308974.69,-0.84%,23308288.72,3396719.4,4.12,2026-04
1831,2026-04-09 22:45:00,2026-04-09 22:45:00,LONG,2186.75,2201.85,2202.29,0.69,426704.19,55941.54,0.44,23735678.87,2.07%,23734992.91,3458903.04,2.36,2026-04
1832,2026-04-10 05:15:00,2026-04-10 05:15:00,SHORT,2201.85,2198.97,2198.53,0.131,36183.64,56965.63,0.44,23771862.52,0.39%,23771176.55,3464176.09,2.21,2026-04
1833,2026-04-10 06:15:00,2026-04-10 06:15:00,LONG,2198.97,2192.63,2193.07,-0.288,-262402.44,57052.47,0.44,23509460.08,-0.86%,23508774.11,3425936.15,3.29,2026-04
1834,2026-04-10 09:15:00,2026-04-10 09:15:00,SHORT,2192.63,2192.65,2192.21,-0.001,-56826.58,56422.7,0.44,23452633.5,-0.0%,23451947.53,3417654.81,3.53,2026-04
1835,2026-04-11 03:45:00,2026-04-11 03:45:00,LONG,2192.65,2242.08,2242.52,2.254,1529815.46,56286.32,0.45,24982448.96,6.76%,24981762.99,3640594.98,0.0,2026-04
1836,2026-04-11 09:15:00,2026-04-11 09:15:00,SHORT,2242.08,2237.65,2237.2,0.197,87927.93,59957.88,0.45,25070376.89,0.59%,25069690.92,3653408.73,0.0,2026-04
1837,2026-04-11 13:00:00,2026-04-11 13:00:00,LONG,2237.65,2242.47,2242.92,0.215,101787.95,60168.9,0.45,25172164.84,0.65%,25171478.87,3668242.3,0.0,2026-04
1838,2026-04-11 14:00:00,2026-04-11 14:00:00,SHORT,2242.47,2244.27,2243.82,-0.08,-120956.77,60413.2,0.45,25051208.07,-0.24%,25050522.1,3650615.25,0.48,2026-04
1839,2026-04-12 01:30:00,2026-04-12 01:30:00,LONG,2244.27,2278.83,2279.29,1.54,1097315.08,60122.9,0.46,26148523.15,4.62%,26147837.18,3810527.1,0.0,2026-04
1840,2026-04-12 20:30:00,2026-04-12 20:30:00,SHORT,2278.83,2201.55,2201.1,3.391,2597719.74,62756.46,0.44,28746242.9,10.17%,28745556.92,4189093.08,0.0,2026-04
1841,2026-04-12 22:00:00,2026-04-12 22:00:00,LONG,2201.55,2205.3,2205.74,0.171,78143.82,68990.98,0.44,28824386.71,0.51%,28823700.74,4200480.98,0.0,2026-04
1842,2026-04-13 00:45:00,2026-04-13 00:45:00,SHORT,2205.3,2205.22,2204.78,0.004,-65928.05,69178.53,0.44,28758458.66,0.01%,28757772.69,4190873.28,0.23,2026-04
1843,2026-04-13 02:00:00,2026-04-13 02:00:00,LONG,2205.22,2198.81,2199.25,-0.291,-319675.55,69020.3,0.44,28438783.11,-0.87%,28438097.14,4144286.93,1.34,2026-04
1844,2026-04-13 02:15:00,2026-04-13 02:15:00,SHORT,2198.81,2199.67,2199.24,-0.039,-101746.1,68253.08,0.44,28337037.01,-0.12%,28336351.04,4129459.46,1.69,2026-04
1845,2026-04-13 02:30:00,2026-04-13 02:30:00,LONG,2199.67,2195.72,2196.16,-0.18,-220938.6,68008.89,0.44,28116098.42,-0.54%,28115412.44,4097262.05,2.46,2026-04
1846,2026-04-13 12:45:00,2026-04-13 12:45:00,SHORT,2195.72,2184.34,2183.9,0.518,369759.41,67478.64,0.44,28485857.83,1.56%,28485171.85,4151147.13,1.17,2026-04
1847,2026-04-13 13:30:00,2026-04-13 13:30:00,LONG,2184.34,2189.0,2189.43,0.213,113979.31,68366.06,0.44,28599837.14,0.64%,28599151.16,4167757.35,0.78,2026-04
1848,2026-04-13 13:45:00,2026-04-13 13:45:00,SHORT,2189.0,2197.28,2196.84,-0.378,-393347.76,68639.61,0.44,28206489.37,-1.14%,28205803.4,4110434.74,2.14,2026-04
1849,2026-04-14 14:45:00,2026-04-14 14:45:00,LONG,2197.28,2354.34,2354.81,7.148,5980635.74,67695.57,0.47,34187125.11,21.44%,34186439.14,4981993.43,0.0,2026-04
1850,2026-04-14 15:30:00,2026-04-14 15:30:00,SHORT,2354.34,2359.62,2359.15,-0.224,-312225.66,82049.1,0.47,33874899.45,-0.67%,33874213.48,4936492.75,0.91,2026-04
1851,2026-04-14 16:15:00,2026-04-14 16:15:00,LONG,2359.62,2348.19,2348.66,-0.484,-573378.84,81299.76,0.47,33301520.61,-1.45%,33300834.64,4852934.19,2.59,2026-04
1852,2026-04-15 00:00:00,2026-04-15 00:00:00,SHORT,2348.19,2327.7,2327.23,0.873,792140.62,79923.65,0.47,34093661.23,2.62%,34092975.26,4968372.93,0.27,2026-04
1853,2026-04-15 02:15:00,2026-04-15 02:15:00,LONG,2327.7,2328.09,2328.55,0.017,-64694.73,81824.79,0.47,34028966.5,0.05%,34028280.53,4958944.96,0.46,2026-04
1854,2026-04-15 08:30:00,2026-04-15 08:30:00,SHORT,2328.09,2330.45,2329.98,-0.102,-185340.33,81669.52,0.47,33843626.17,-0.3%,33842940.2,4931935.29,1.0,2026-04
1855,2026-04-15 09:00:00,2026-04-15 09:00:00,LONG,2330.45,2320.97,2321.44,-0.407,-494056.79,81224.7,0.46,33349569.38,-1.22%,33348883.41,4859936.34,2.45,2026-04
1856,2026-04-15 11:00:00,2026-04-15 11:00:00,SHORT,2320.97,2323.56,2323.1,-0.111,-191572.61,80038.97,0.46,33157996.77,-0.33%,33157310.8,4832018.45,3.01,2026-04
1857,2026-04-15 13:30:00,2026-04-15 13:30:00,LONG,2323.56,2327.4,2327.87,0.165,84870.94,79579.19,0.47,33242867.71,0.5%,33242181.74,4844386.7,2.76,2026-04
1858,2026-04-15 13:45:00,2026-04-15 13:45:00,SHORT,2327.4,2325.42,2324.95,0.085,5228.2,79782.88,0.46,33248095.92,0.26%,33247409.94,4845148.6,2.75,2026-04
1859,2026-04-16 01:00:00,2026-04-16 01:00:00,LONG,2325.42,2354.25,2354.72,1.24,1156641.87,79795.43,0.47,34404737.79,3.72%,34404051.81,5013706.15,0.0,2026-04
1860,2026-04-16 02:15:00,2026-04-16 02:15:00,SHORT,2354.25,2359.33,2358.86,-0.216,-305603.73,82571.37,0.47,34099134.06,-0.65%,34098448.08,4969170.48,0.89,2026-04
1861,2026-04-16 04:45:00,2026-04-16 04:45:00,LONG,2359.33,2357.29,2357.77,-0.086,-170260.24,81837.92,0.47,33928873.82,-0.26%,33928187.84,4944358.44,1.38,2026-04
1862,2026-04-16 05:15:00,2026-04-16 05:15:00,SHORT,2357.29,2358.56,2358.09,-0.054,-136274.59,81429.3,0.47,33792599.23,-0.16%,33791913.25,4924499.13,1.78,2026-04
1863,2026-04-16 06:30:00,2026-04-16 06:30:00,LONG,2358.56,2351.43,2351.9,-0.303,-387935.24,81102.24,0.47,33404663.99,-0.91%,33403978.01,4867965.29,2.91,2026-04
1864,2026-04-16 13:15:00,2026-04-16 13:15:00,SHORT,2351.43,2350.96,2350.49,0.02,-60480.54,80171.19,0.47,33344183.45,0.06%,33343497.47,4859151.45,3.08,2026-04
1865,2026-04-16 13:30:00,2026-04-16 13:30:00,LONG,2350.96,2344.06,2344.53,-0.294,-373703.61,80026.04,0.47,32970479.84,-0.88%,32969793.86,4804691.58,4.17,2026-04
1866,2026-04-16 15:30:00,2026-04-16 15:30:00,SHORT,2344.06,2331.68,2331.21,0.528,443300.84,79129.15,0.47,33413780.68,1.58%,33413094.7,4869293.86,2.88,2026-04
1867,2026-04-16 16:30:00,2026-04-16 16:30:00,LONG,2331.68,2319.81,2320.27,-0.509,-590659.87,80193.07,0.46,32823120.81,-1.53%,32822434.83,4783216.94,4.6,2026-04
1868,2026-04-16 18:30:00,2026-04-16 18:30:00,SHORT,2319.81,2335.19,2334.72,-0.663,-731762.43,78775.49,0.47,32091358.38,-1.99%,32090672.4,4676577.12,6.72,2026-04
1869,2026-04-17 01:15:00,2026-04-17 01:15:00,LONG,2335.19,2339.18,2339.65,0.171,87504.32,77019.26,0.47,32178862.7,0.51%,32178176.72,4689329.13,6.47,2026-04
1870,2026-04-17 07:00:00,2026-04-17 07:00:00,SHORT,2339.18,2335.22,2334.76,0.169,86099.31,77229.27,0.47,32264962.01,0.51%,32264276.03,4701876.39,6.22,2026-04
1871,2026-04-18 00:30:00,2026-04-18 00:30:00,LONG,2335.22,2415.69,2416.18,3.446,3258075.68,77435.91,0.48,35523037.69,10.34%,35522351.71,5176676.11,0.0,2026-04
1872,2026-04-18 00:45:00,2026-04-18 00:45:00,SHORT,2415.69,2419.83,2419.35,-0.171,-267742.95,85255.29,0.48,35255294.74,-0.51%,35254608.76,5137657.9,0.75,2026-04
1873,2026-04-18 03:00:00,2026-04-18 03:00:00,LONG,2419.83,2415.69,2416.17,-0.171,-265655.67,84612.71,0.48,34989639.08,-0.51%,34988953.09,5098943.88,1.5,2026-04
1874,2026-04-19 12:00:00,2026-04-19 12:00:00,SHORT,2415.69,2334.83,2334.36,3.347,3429760.7,83975.13,0.47,38419399.78,10.04%,38418713.79,5598763.27,0.0,2026-04
1875,2026-04-19 12:15:00,2026-04-19 12:15:00,LONG,2334.83,2328.1,2328.57,-0.288,-424164.39,92206.56,0.47,37995235.39,-0.86%,37994549.4,5536949.75,1.1,2026-04
1876,2026-04-19 12:45:00,2026-04-19 12:45:00,SHORT,2328.1,2330.65,2330.19,-0.11,-216099.86,91188.56,0.47,37779135.53,-0.33%,37778449.54,5505457.49,1.67,2026-04
1877,2026-04-19 15:30:00,2026-04-19 15:30:00,LONG,2330.65,2329.01,2329.47,-0.071,-170758.64,90669.93,0.47,37608376.88,-0.21%,37607690.9,5480572.82,2.11,2026-04
1878,2026-04-20 06:30:00,2026-04-20 06:30:00,SHORT,2329.01,2280.15,2279.69,2.098,2276454.59,90260.1,0.46,39884831.47,6.29%,39884145.49,5812320.79,0.0,2026-04
1879,2026-04-20 14:00:00,2026-04-20 14:00:00,LONG,2280.15,2300.6,2301.06,0.897,977467.23,95723.6,0.46,40862298.7,2.69%,40861612.72,5954767.2,0.0,2026-04
1880,2026-04-20 14:15:00,2026-04-20 14:15:00,SHORT,2300.6,2311.04,2310.58,-0.454,-654432.89,98069.52,0.46,40207865.81,-1.36%,40207179.83,5859396.62,1.6,2026-04
1881,2026-04-20 14:45:00,2026-04-20 14:45:00,LONG,2311.04,2288.74,2289.2,-0.965,-1260511.34,96498.88,0.46,38947354.48,-2.89%,38946668.49,5675702.17,4.69,2026-04
1882,2026-04-20 15:15:00,2026-04-20 15:15:00,SHORT,2288.74,2307.68,2307.21,-0.827,-1060109.62,93473.65,0.46,37887244.85,-2.48%,37886558.87,5521212.28,7.28,2026-04
1883,2026-04-20 16:45:00,2026-04-20 16:45:00,LONG,2307.68,2299.51,2299.97,-0.354,-492911.03,90929.39,0.46,37394333.83,-1.06%,37393647.84,5449380.3,8.49,2026-04
1884,2026-04-20 17:00:00,2026-04-20 17:00:00,SHORT,2299.51,2307.18,2306.72,-0.334,-463923.55,89746.4,0.46,36930410.28,-1.0%,36929724.29,5381772.67,9.62,2026-04
1885,2026-04-20 23:00:00,2026-04-20 23:00:00,LONG,2307.18,2314.26,2314.72,0.307,251023.44,88632.98,0.46,37181433.71,0.92%,37180747.73,5418354.34,9.01,2026-04
1886,2026-04-21 00:45:00,2026-04-21 00:45:00,SHORT,2314.26,2320.71,2320.24,-0.279,-400213.45,89235.44,0.46,36781220.26,-0.84%,36780534.28,5360031.19,9.99,2026-04
1887,2026-04-21 01:45:00,2026-04-21 01:45:00,LONG,2320.71,2316.89,2317.36,-0.164,-269645.43,88274.93,0.46,36511574.83,-0.49%,36510888.85,5320735.74,10.65,2026-04
1888,2026-04-21 04:45:00,2026-04-21 04:45:00,SHORT,2316.89,2314.45,2313.99,0.105,27785.11,87627.78,0.46,36539359.94,0.32%,36538673.96,5324784.86,10.58,2026-04
1889,2026-04-21 06:00:00,2026-04-21 06:00:00,LONG,2314.45,2310.14,2310.6,-0.186,-291846.29,87694.46,0.46,36247513.65,-0.56%,36246827.67,5282254.07,11.29,2026-04
1890,2026-04-21 06:30:00,2026-04-21 06:30:00,SHORT,2310.14,2313.11,2312.65,-0.129,-226757.26,86994.03,0.46,36020756.4,-0.39%,36020070.41,5249208.71,11.85,2026-04
1891,2026-04-21 11:00:00,2026-04-21 11:00:00,LONG,2313.11,2326.71,2327.17,0.588,548719.78,86449.82,0.47,36569476.18,1.76%,36568790.19,5329173.71,10.51,2026-04
1892,2026-04-21 11:15:00,2026-04-21 11:15:00,SHORT,2326.71,2324.15,2323.68,0.11,32886.57,87766.74,0.46,36602362.75,0.33%,36601676.76,5333966.27,10.43,2026-04
1893,2026-04-21 12:30:00,2026-04-21 12:30:00,LONG,2324.15,2312.13,2312.6,-0.517,-655496.57,87845.67,0.46,35946866.18,-1.55%,35946180.19,5238440.68,12.03,2026-04
1894,2026-04-21 14:30:00,2026-04-21 14:30:00,SHORT,2312.13,2323.05,2322.58,-0.472,-595245.64,86272.48,0.46,35351620.54,-1.42%,35350934.55,5151695.47,13.49,2026-04
1895,2026-04-21 14:45:00,2026-04-21 14:45:00,LONG,2323.05,2312.26,2312.72,-0.464,-577217.99,84843.89,0.46,34774402.54,-1.39%,34773716.56,5067577.43,14.9,2026-04
1896,2026-04-21 17:30:00,2026-04-21 17:30:00,SHORT,2312.26,2305.46,2304.99,0.294,223630.92,83458.57,0.46,34998033.47,0.88%,34997347.48,5100167.19,14.35,2026-04
1897,2026-04-21 19:30:00,2026-04-21 19:30:00,LONG,2305.46,2315.54,2316.0,0.437,375123.16,83995.28,0.46,35373156.63,1.31%,35372470.64,5154833.93,13.43,2026-04
1898,2026-04-21 20:00:00,2026-04-21 20:00:00,SHORT,2315.54,2312.34,2311.88,0.138,61571.45,84895.58,0.46,35434728.08,0.41%,35434042.09,5163806.74,13.28,2026-04
1899,2026-04-21 22:15:00,2026-04-21 22:15:00,LONG,2312.34,2310.67,2311.13,-0.072,-161891.14,85043.35,0.46,35272836.94,-0.22%,35272150.95,5140214.33,13.68,2026-04
1900,2026-04-21 23:00:00,2026-04-21 23:00:00,SHORT,2310.67,2317.32,2316.86,-0.288,-389360.4,84654.81,0.46,34883476.54,-0.86%,34882790.55,5083472.8,14.63,2026-04
1901,2026-04-22 01:15:00,2026-04-22 01:15:00,LONG,2317.32,2322.47,2322.94,0.222,148833.2,83720.34,0.46,35032309.74,0.67%,35031623.75,5105162.28,14.27,2026-04
1902,2026-04-22 01:30:00,2026-04-22 01:30:00,SHORT,2322.47,2320.25,2319.79,0.096,16312.35,84077.54,0.46,35048622.1,0.29%,35047936.1,5107539.48,14.23,2026-04
1903,2026-04-22 23:15:00,2026-04-22 23:15:00,LONG,2320.25,2392.21,2392.69,3.101,3176725.3,84116.69,0.48,38225347.39,9.3%,38224661.4,5570484.0,6.45,2026-04
1904,2026-04-23 20:30:00,2026-04-23 20:30:00,SHORT,2392.21,2325.11,2324.64,2.805,3124970.85,91740.83,0.46,41350318.24,8.42%,41349632.25,6025886.34,0.0,2026-04
1905,2026-04-23 21:45:00,2026-04-23 21:45:00,LONG,2325.11,2322.91,2323.37,-0.095,-216702.36,99240.76,0.46,41133615.88,-0.28%,41132929.89,5994306.28,0.52,2026-04
1906,2026-04-23 22:00:00,2026-04-23 22:00:00,SHORT,2322.91,2326.17,2325.71,-0.141,-272265.25,98720.68,0.47,40861350.63,-0.42%,40860664.64,5954629.03,1.18,2026-04
1907,2026-04-24 01:00:00,2026-04-24 01:00:00,LONG,2326.17,2328.03,2328.5,0.08,-225.54,98067.24,0.47,40861125.09,0.24%,40860439.1,5954596.17,1.18,2026-04
1908,2026-04-24 01:45:00,2026-04-24 01:45:00,SHORT,2328.03,2326.84,2326.37,0.051,-35352.75,98066.7,0.47,40825772.35,0.15%,40825086.35,5949444.21,1.27,2026-04
1909,2026-04-24 02:45:00,2026-04-24 02:45:00,LONG,2326.84,2323.39,2323.85,-0.148,-279712.7,97981.85,0.46,40546059.65,-0.45%,40545373.65,5908681.65,1.94,2026-04
1910,2026-04-24 10:45:00,2026-04-24 10:45:00,SHORT,2323.39,2318.02,2317.55,0.231,183762.41,97310.54,0.46,40729822.07,0.69%,40729136.06,5935461.36,1.5,2026-04
1911,2026-04-24 13:45:00,2026-04-24 13:45:00,LONG,2318.02,2315.23,2315.69,-0.12,-244749.39,97751.57,0.46,40485072.68,-0.36%,40484386.67,5899794.01,2.09,2026-04
1912,2026-04-24 15:30:00,2026-04-24 15:30:00,SHORT,2315.23,2320.15,2319.68,-0.212,-355057.82,97164.17,0.46,40130014.86,-0.64%,40129328.85,5848051.39,2.95,2026-04
1913,2026-04-24 17:15:00,2026-04-24 17:15:00,LONG,2320.15,2313.48,2313.94,-0.287,-442215.82,96312.04,0.46,39687799.04,-0.86%,39687113.03,5783607.23,4.02,2026-04
1914,2026-04-24 17:45:00,2026-04-24 17:45:00,SHORT,2313.48,2320.38,2319.92,-0.298,-450476.71,95250.72,0.46,39237322.33,-0.9%,39236636.32,5717959.21,5.11,2026-04
1915,2026-04-24 20:15:00,2026-04-24 20:15:00,LONG,2320.38,2316.73,2317.19,-0.158,-279582.19,94169.57,0.46,38957740.14,-0.47%,38957054.13,5677215.67,5.79,2026-04
1916,2026-04-24 20:30:00,2026-04-24 20:30:00,SHORT,2316.73,2320.33,2319.87,-0.156,-275534.2,93498.58,0.46,38682205.95,-0.47%,38681519.93,5637062.04,6.45,2026-04
1917,2026-04-24 21:00:00,2026-04-24 21:00:00,LONG,2320.33,2322.33,2322.8,0.086,7111.74,92837.29,0.46,38689317.69,0.26%,38688631.67,5638098.44,6.44,2026-04
1918,2026-04-25 01:00:00,2026-04-25 01:00:00,SHORT,2322.33,2318.31,2317.85,0.173,108029.83,92854.36,0.46,38797347.52,0.52%,38796661.5,5653841.64,6.17,2026-04
1919,2026-04-25 03:15:00,2026-04-25 03:15:00,LONG,2318.31,2315.17,2315.63,-0.136,-250944.4,93113.63,0.46,38546403.12,-0.41%,38545717.1,5617271.48,6.78,2026-04
1920,2026-04-25 08:00:00,2026-04-25 08:00:00,SHORT,2315.17,2318.53,2318.07,-0.145,-260500.08,92511.37,0.46,38285903.04,-0.44%,38285217.02,5579308.78,7.41,2026-04
1921,2026-04-25 11:00:00,2026-04-25 11:00:00,LONG,2318.53,2318.14,2318.61,-0.017,-111222.97,91886.17,0.46,38174680.07,-0.05%,38173994.05,5563100.24,7.68,2026-04
1922,2026-04-25 13:00:00,2026-04-25 13:00:00,SHORT,2318.14,2316.38,2315.92,0.076,-4664.67,91619.23,0.46,38170015.4,0.23%,38169329.38,5562420.46,7.69,2026-04
1923,2026-04-25 15:45:00,2026-04-25 15:45:00,LONG,2316.38,2314.94,2315.41,-0.062,-162708.48,91608.04,0.46,38007306.93,-0.19%,38006620.9,5538708.94,8.08,2026-04
1924,2026-04-25 20:45:00,2026-04-25 20:45:00,SHORT,2314.94,2313.39,2312.93,0.067,-14856.4,91217.54,0.46,37992450.53,0.2%,37991764.5,5536543.91,8.12,2026-04
1925,2026-04-26 01:45:00,2026-04-26 01:45:00,LONG,2313.39,2313.15,2313.61,-0.011,-103317.12,91181.88,0.46,37889133.41,-0.03%,37888447.38,5521487.5,8.37,2026-04
1926,2026-04-26 02:00:00,2026-04-26 02:00:00,SHORT,2313.15,2316.66,2316.2,-0.152,-263461.49,90933.92,0.46,37625671.91,-0.46%,37624985.89,5483093.23,9.01,2026-04
1927,2026-04-26 03:15:00,2026-04-26 03:15:00,LONG,2316.66,2313.64,2314.1,-0.131,-237646.0,90301.61,0.46,37388025.92,-0.39%,37387339.89,5448461.05,9.58,2026-04
1928,2026-04-26 04:45:00,2026-04-26 04:45:00,SHORT,2313.64,2315.71,2315.25,-0.09,-190320.05,89731.26,0.46,37197705.86,-0.27%,37197019.84,5420725.69,10.04,2026-04
1929,2026-04-27 05:00:00,2026-04-27 05:00:00,LONG,2315.71,2377.98,2378.46,2.689,2911696.49,89274.49,0.48,40109402.35,8.07%,40108716.33,5845047.53,3.0,2026-04
1930,2026-04-27 23:30:00,2026-04-27 23:30:00,SHORT,2377.98,2296.64,2296.18,3.421,4020050.51,96262.57,0.46,44129452.86,10.26%,44128766.84,6430889.92,0.0,2026-04
1931,2026-04-28 01:30:00,2026-04-28 01:30:00,LONG,2296.64,2300.67,2301.13,0.175,126370.0,105910.69,0.46,44255822.86,0.53%,44255136.84,6449305.84,0.0,2026-04
1932,2026-04-28 16:45:00,2026-04-28 16:45:00,SHORT,2300.67,2280.04,2279.59,0.896,1083809.38,106213.97,0.46,45339632.24,2.69%,45338946.22,6607249.5,0.0,2026-04
1933,2026-04-28 23:15:00,2026-04-28 23:15:00,LONG,2280.04,2285.27,2285.73,0.229,202974.57,108815.12,0.46,45542606.81,0.69%,45541920.79,6636829.0,0.0,2026-04
1934,2026-04-28 23:45:00,2026-04-28 23:45:00,SHORT,2285.27,2289.86,2289.4,-0.201,-383453.76,109302.26,0.46,45159153.06,-0.6%,45158467.03,6580948.25,0.84,2026-04
1935,2026-04-29 01:00:00,2026-04-29 01:00:00,LONG,2289.86,2288.95,2289.41,-0.04,-161911.44,108381.97,0.46,44997241.62,-0.12%,44996555.59,6557352.87,1.2,2026-04
1936,2026-04-29 01:45:00,2026-04-29 01:45:00,SHORT,2288.95,2292.71,2292.25,-0.164,-329760.35,107993.38,0.46,44667481.26,-0.49%,44666795.24,6509296.86,1.92,2026-04
1937,2026-04-29 12:15:00,2026-04-29 12:15:00,LONG,2292.71,2315.03,2315.49,0.973,1197130.95,107201.96,0.46,45864612.22,2.92%,45863926.19,6683754.88,0.0,2026-04
1938,2026-04-30 00:45:00,2026-04-30 00:45:00,SHORT,2315.03,2270.07,2269.62,1.942,2561737.85,110075.07,0.45,48426350.07,5.83%,48425664.04,7057077.22,0.0,2026-04
1939,2026-04-30 02:15:00,2026-04-30 02:15:00,LONG,2270.07,2263.99,2264.44,-0.268,-505539.96,116223.24,0.45,47920810.12,-0.8%,47920124.08,6983404.83,1.04,2026-04
1940,2026-04-30 07:30:00,2026-04-30 07:30:00,SHORT,2263.99,2257.76,2257.31,0.275,280474.75,115009.94,0.45,48201284.86,0.83%,48200598.83,7024278.44,0.46,2026-04
1941,2026-04-30 10:15:00,2026-04-30 10:15:00,LONG,2257.76,2256.51,2256.96,-0.056,-196149.29,115683.08,0.45,48005135.58,-0.17%,48004449.54,6995693.58,0.87,2026-04
1942,2026-04-30 10:30:00,2026-04-30 10:30:00,SHORT,2256.51,2262.33,2261.88,-0.258,-486706.95,115212.33,0.45,47518428.63,-0.77%,47517742.59,6924765.73,1.87,2026-04
1943,2026-04-30 11:45:00,2026-04-30 11:45:00,LONG,2262.33,2252.56,2253.01,-0.432,-729708.03,114044.23,0.45,46788720.6,-1.3%,46788034.56,6818425.3,3.38,2026-04
1944,2026-04-30 12:15:00,2026-04-30 12:15:00,SHORT,2252.56,2266.81,2266.36,-0.633,-1000355.05,112292.93,0.45,45788365.55,-1.9%,45787679.51,6672643.45,5.45,2026-04
1945,2026-04-30 13:15:00,2026-04-30 13:15:00,LONG,2266.81,2258.76,2259.21,-0.355,-597534.79,109892.08,0.45,45190830.76,-1.06%,45190144.72,6585564.64,6.68,2026-04
1946,2026-04-30 13:30:00,2026-04-30 13:30:00,SHORT,2258.76,2264.55,2264.09,-0.256,-455717.61,108457.99,0.45,44735113.14,-0.77%,44734427.11,6519152.86,7.62,2026-04
1947,2026-04-30 14:15:00,2026-04-30 14:15:00,LONG,2264.55,2253.29,2253.74,-0.497,-774469.66,107364.27,0.45,43960643.48,-1.49%,43959957.45,6406289.32,9.22,2026-04
1948,2026-04-30 18:30:00,2026-04-30 18:30:00,SHORT,2253.29,2260.55,2260.1,-0.322,-530292.53,105505.54,0.45,43430350.95,-0.97%,43429664.92,6329009.73,10.32,2026-04
1949,2026-04-30 21:15:00,2026-04-30 21:15:00,LONG,2260.55,2261.27,2261.72,0.032,-62467.06,104232.84,0.45,43367883.89,0.1%,43367197.86,6319906.4,10.45,2026-04
1950,2026-05-01 00:00:00,2026-05-01 00:00:00,SHORT,2261.27,2260.11,2259.66,0.051,-37098.63,104082.92,0.45,43330785.27,0.15%,43330099.23,6314500.01,10.52,2026-05
1951,2026-05-01 00:45:00,2026-05-01 00:45:00,LONG,2260.11,2260.32,2260.77,0.009,-91747.93,103993.88,0.45,43239037.34,0.03%,43238351.3,6301129.57,10.71,2026-05
1952,2026-05-01 01:00:00,2026-05-01 01:00:00,SHORT,2260.32,2264.07,2263.61,-0.166,-318687.68,103773.69,0.45,42920349.66,-0.5%,42919663.62,6254687.18,11.37,2026-05
1953,2026-05-01 20:30:00,2026-05-01 20:30:00,LONG,2264.07,2296.22,2296.68,1.42,1725466.4,103008.84,0.46,44645816.05,4.26%,44645130.02,6506139.59,7.81,2026-05
1954,2026-05-02 01:30:00,2026-05-02 01:30:00,SHORT,2296.22,2300.89,2300.43,-0.204,-379982.16,107149.96,0.46,44265833.89,-0.61%,44265147.86,6450764.75,8.59,2026-05
1955,2026-05-02 06:15:00,2026-05-02 06:15:00,LONG,2300.89,2297.19,2297.65,-0.161,-319936.76,106238.0,0.46,43945897.13,-0.48%,43945211.1,6404140.33,9.25,2026-05
1956,2026-05-02 06:30:00,2026-05-02 06:30:00,SHORT,2297.19,2299.84,2299.38,-0.115,-257607.83,105470.15,0.46,43688289.3,-0.35%,43687603.27,6366599.11,9.78,2026-05
1957,2026-05-03 01:00:00,2026-05-03 01:00:00,LONG,2299.84,2309.73,2310.19,0.43,458371.51,104851.89,0.46,44146660.81,1.29%,44145974.78,6433397.64,8.84,2026-05
1958,2026-05-03 07:00:00,2026-05-03 07:00:00,SHORT,2309.73,2307.0,2306.54,0.118,50251.37,105951.99,0.46,44196912.18,0.35%,44196226.15,6440720.78,8.73,2026-05
1959,2026-05-03 21:30:00,2026-05-03 21:30:00,LONG,2307.0,2323.7,2324.17,0.724,853750.17,106072.59,0.46,45050662.35,2.17%,45049976.32,6565137.88,6.97,2026-05
1960,2026-05-03 22:00:00,2026-05-03 22:00:00,SHORT,2323.7,2331.71,2331.24,-0.345,-573774.15,108121.59,0.47,44476888.2,-1.03%,44476202.17,6481521.71,8.16,2026-05
1961,2026-05-03 23:15:00,2026-05-03 23:15:00,LONG,2331.71,2325.94,2326.41,-0.247,-436559.25,106744.53,0.47,44040328.95,-0.74%,44039642.92,6417901.89,9.06,2026-05
1962,2026-05-04 01:30:00,2026-05-04 01:30:00,SHORT,2325.94,2326.48,2326.01,-0.023,-136028.8,105696.79,0.47,43904300.15,-0.07%,43903614.12,6398078.4,9.34,2026-05
1963,2026-05-04 10:00:00,2026-05-04 10:00:00,LONG,2326.48,2363.86,2364.34,1.607,2011138.08,105370.32,0.47,45915438.23,4.82%,45914752.2,6691161.76,5.19,2026-05
1964,2026-05-04 14:30:00,2026-05-04 14:30:00,SHORT,2363.86,2353.58,2353.11,0.435,488807.45,110197.05,0.47,46404245.68,1.3%,46403559.65,6762395.73,4.18,2026-05
1965,2026-05-04 15:15:00,2026-05-04 15:15:00,LONG,2353.58,2353.64,2354.11,0.002,-108291.11,111370.19,0.47,46295954.57,0.01%,46295268.54,6746614.45,4.4,2026-05
1966,2026-05-04 16:15:00,2026-05-04 16:15:00,SHORT,2353.64,2354.45,2353.98,-0.035,-159298.83,111110.29,0.47,46136655.73,-0.1%,46135969.71,6723399.81,4.73,2026-05
1967,2026-05-04 20:15:00,2026-05-04 20:15:00,LONG,2354.45,2351.91,2352.38,-0.108,-259944.13,110727.97,0.47,45876711.61,-0.32%,45876025.58,6685518.13,5.26,2026-05
1968,2026-05-04 21:00:00,2026-05-04 21:00:00,SHORT,2351.91,2354.35,2353.88,-0.104,-252640.34,110104.11,0.47,45624071.26,-0.31%,45623385.24,6648700.82,5.79,2026-05
1969,2026-05-04 22:30:00,2026-05-04 22:30:00,LONG,2354.35,2355.69,2356.16,0.057,-31683.33,109497.77,0.47,45592387.93,0.17%,45591701.91,6644083.61,5.85,2026-05
1970,2026-05-05 00:30:00,2026-05-05 00:30:00,SHORT,2355.69,2352.59,2352.12,0.131,70243.6,109421.73,0.47,45662631.53,0.39%,45661945.51,6654320.22,5.71,2026-05
1971,2026-05-05 09:00:00,2026-05-05 09:00:00,LONG,2352.59,2371.89,2372.36,0.82,1013788.03,109590.32,0.47,46676419.57,2.46%,46675733.54,6802059.66,3.61,2026-05
1972,2026-05-05 10:15:00,2026-05-05 10:15:00,SHORT,2371.89,2374.77,2374.3,-0.122,-282483.06,112023.41,0.47,46393936.5,-0.37%,46393250.48,6760893.37,4.2,2026-05
1973,2026-05-05 14:30:00,2026-05-05 14:30:00,LONG,2374.77,2373.41,2373.88,-0.058,-191559.07,111345.45,0.47,46202377.44,-0.17%,46201691.41,6732977.45,4.59,2026-05
1974,2026-05-05 20:00:00,2026-05-05 20:00:00,SHORT,2373.41,2375.82,2375.35,-0.102,-251912.93,110885.71,0.48,45950464.51,-0.31%,45949778.48,6696266.15,5.11,2026-05
1975,2026-05-05 21:30:00,2026-05-05 21:30:00,LONG,2375.82,2370.19,2370.66,-0.237,-436989.39,110281.11,0.47,45513475.12,-0.71%,45512789.09,6632583.64,6.02,2026-05
1976,2026-05-06 01:45:00,2026-05-06 01:45:00,SHORT,2370.19,2376.03,2375.55,-0.246,-445443.06,109232.34,0.48,45068032.06,-0.74%,45067346.03,6567669.17,6.93,2026-05
1977,2026-05-06 02:15:00,2026-05-06 02:15:00,LONG,2376.03,2366.77,2367.24,-0.39,-634893.56,108163.28,0.47,44433138.5,-1.17%,44432452.47,6475146.07,8.25,2026-05
1978,2026-05-06 03:15:00,2026-05-06 03:15:00,SHORT,2366.77,2373.55,2373.08,-0.286,-488529.41,106639.53,0.47,43944609.09,-0.86%,43943923.06,6403952.62,9.25,2026-05
1979,2026-05-06 04:45:00,2026-05-06 04:45:00,LONG,2373.55,2367.54,2368.01,-0.253,-439375.27,105467.06,0.47,43505233.82,-0.76%,43504547.79,6339922.42,10.16,2026-05
1980,2026-05-06 06:30:00,2026-05-06 06:30:00,SHORT,2367.54,2370.37,2369.9,-0.12,-260537.24,104412.56,0.47,43244696.57,-0.36%,43244010.55,6301954.29,10.7,2026-05
1981,2026-05-06 13:15:00,2026-05-06 13:15:00,LONG,2370.37,2380.48,2380.95,0.426,449430.22,103787.27,0.48,43694126.79,1.28%,43693440.77,6367449.81,9.77,2026-05
1982,2026-05-07 07:00:00,2026-05-07 07:00:00,SHORT,2380.48,2342.88,2342.41,1.579,1965562.68,104865.9,0.47,45659689.47,4.74%,45659003.45,6653891.47,5.71,2026-05
1983,2026-05-07 08:15:00,2026-05-07 08:15:00,LONG,2342.88,2336.83,2337.3,-0.258,-463007.71,109583.25,0.47,45196681.76,-0.77%,45195995.74,6586417.31,6.67,2026-05
1984,2026-05-07 12:00:00,2026-05-07 12:00:00,SHORT,2336.83,2333.63,2333.16,0.137,77312.14,108472.04,0.47,45273993.9,0.41%,45273307.88,6597684.01,6.51,2026-05
1985,2026-05-07 13:00:00,2026-05-07 13:00:00,LONG,2333.63,2328.6,2329.06,-0.216,-401555.91,108657.59,0.47,44872437.99,-0.65%,44871751.97,6539165.23,7.34,2026-05
1986,2026-05-08 08:30:00,2026-05-08 08:30:00,SHORT,2328.6,2285.41,2284.96,1.855,2388947.49,107693.85,0.46,47261385.49,5.56%,47260699.46,6887306.8,2.41,2026-05
1987,2026-05-08 12:45:00,2026-05-08 12:45:00,LONG,2285.41,2285.42,2285.88,0.001,-112662.23,113427.33,0.46,47148723.25,0.0%,47148037.23,6870888.52,2.64,2026-05
1988,2026-05-08 14:30:00,2026-05-08 14:30:00,SHORT,2285.42,2288.7,2288.24,-0.143,-315651.89,113156.94,0.46,46833071.36,-0.43%,46832385.34,6824888.54,3.29,2026-05
1989,2026-05-09 13:30:00,2026-05-09 13:30:00,LONG,2288.7,2311.54,2312.0,0.998,1289829.41,112399.37,0.46,48122900.77,2.99%,48122214.75,7012855.52,0.63,2026-05
1990,2026-05-09 15:30:00,2026-05-09 15:30:00,SHORT,2311.54,2316.45,2315.98,-0.212,-422033.46,115494.96,0.46,47700867.3,-0.64%,47700181.29,6951352.54,1.5,2026-05
1991,2026-05-10 00:45:00,2026-05-10 00:45:00,LONG,2316.45,2324.41,2324.88,0.344,377621.05,114482.08,0.46,48078488.36,1.03%,48077802.34,7006383.29,0.72,2026-05
1992,2026-05-10 02:15:00,2026-05-10 02:15:00,SHORT,2324.41,2325.03,2324.56,-0.026,-153481.61,115388.37,0.46,47925006.75,-0.08%,47924320.73,6984016.4,1.04,2026-05
1993,2026-05-10 10:00:00,2026-05-10 10:00:00,LONG,2325.03,2326.06,2326.52,0.044,-51216.6,115020.02,0.47,47873790.15,0.13%,47873104.13,6976552.6,1.14,2026-05
1994,2026-05-10 13:00:00,2026-05-10 13:00:00,SHORT,2326.06,2326.31,2325.85,-0.011,-130640.36,114897.1,0.47,47743149.78,-0.03%,47742463.77,6957514.37,1.41,2026-05
1995,2026-05-10 20:30:00,2026-05-10 20:30:00,LONG,2326.31,2346.21,2346.68,0.855,1110675.71,114583.56,0.47,48853825.49,2.57%,48853139.48,7119373.26,0.0,2026-05
1996,2026-05-10 22:00:00,2026-05-10 22:00:00,SHORT,2346.21,2339.87,2339.4,0.27,279185.59,117249.18,0.47,49133011.08,0.81%,49132325.07,7160059.0,0.0,2026-05
1997,2026-05-11 02:15:00,2026-05-11 02:15:00,LONG,2339.87,2347.27,2347.74,0.316,348276.96,117919.23,0.47,49481288.04,0.95%,49480602.03,7210813.44,0.0,2026-05
1998,2026-05-11 15:15:00,2026-05-11 15:15:00,SHORT,2347.27,2329.49,2329.03,0.757,1005333.57,118755.09,0.47,50486621.61,2.27%,50485935.6,7357320.81,0.0,2026-05
1999,2026-05-11 16:30:00,2026-05-11 16:30:00,LONG,2329.49,2329.05,2329.51,-0.019,-150277.12,121167.89,0.47,50336344.48,-0.06%,50335658.48,7335420.91,0.3,2026-05
2000,2026-05-11 17:30:00,2026-05-11 17:30:00,SHORT,2329.05,2334.97,2334.5,-0.254,-504858.19,120807.23,0.47,49831486.29,-0.76%,49830800.29,7261847.87,1.3,2026-05
2001,2026-05-11 23:15:00,2026-05-11 23:15:00,LONG,2334.97,2335.34,2335.8,0.016,-96006.58,119595.57,0.47,49735479.71,0.05%,49734793.71,7247856.82,1.49,2026-05
2002,2026-05-11 23:30:00,2026-05-11 23:30:00,SHORT,2335.34,2340.08,2339.62,-0.203,-422564.04,119365.15,0.47,49312915.67,-0.61%,49312229.67,7186276.52,2.32,2026-05
2003,2026-05-12 00:00:00,2026-05-12 00:00:00,LONG,2340.08,2336.06,2336.53,-0.172,-372728.87,118351.0,0.47,48940186.8,-0.52%,48939500.8,7131958.7,3.06,2026-05
2004,2026-05-12 19:00:00,2026-05-12 19:00:00,SHORT,2336.06,2283.02,2282.56,2.27,3216101.75,117456.45,0.46,52156288.55,6.81%,52155602.55,7600641.55,0.0,2026-05
2005,2026-05-12 20:30:00,2026-05-12 20:30:00,LONG,2283.02,2282.14,2282.59,-0.039,-185557.41,125175.09,0.46,51970731.13,-0.12%,51970045.14,7573600.25,0.36,2026-05
2006,2026-05-12 22:00:00,2026-05-12 22:00:00,SHORT,2282.14,2288.34,2287.89,-0.272,-548754.97,124729.75,0.46,51421976.17,-0.82%,51421290.17,7493630.13,1.41,2026-05
2007,2026-05-12 23:00:00,2026-05-12 23:00:00,LONG,2288.34,2279.13,2279.59,-0.403,-744596.54,123412.74,0.46,50677379.63,-1.21%,50676693.63,7385120.0,2.84,2026-05
2008,2026-05-13 01:00:00,2026-05-13 01:00:00,SHORT,2279.13,2286.09,2285.63,-0.305,-585770.44,121625.71,0.46,50091609.19,-0.92%,50090923.19,7299755.61,3.96,2026-05
2009,2026-05-13 11:00:00,2026-05-13 11:00:00,LONG,2286.09,2303.82,2304.29,0.776,1045680.94,120219.86,0.46,51137290.13,2.33%,51136604.13,7452142.81,1.95,2026-05
2010,2026-05-13 11:30:00,2026-05-13 11:30:00,SHORT,2303.82,2306.67,2306.21,-0.124,-312284.76,122729.5,0.46,50825005.37,-0.37%,50824319.37,7406633.51,2.55,2026-05
2011,2026-05-13 12:15:00,2026-05-13 12:15:00,LONG,2306.67,2299.54,2300.0,-0.309,-593268.49,121980.01,0.46,50231736.88,-0.93%,50231050.88,7320176.43,3.69,2026-05
2012,2026-05-14 00:00:00,2026-05-14 00:00:00,SHORT,2299.54,2262.05,2261.6,1.63,2336277.32,120556.17,0.45,52568014.2,4.89%,52567328.2,7660642.38,0.0,2026-05
2013,2026-05-14 01:15:00,2026-05-14 01:15:00,LONG,2262.05,2261.4,2261.85,-0.029,-171806.41,126163.23,0.45,52396207.79,-0.09%,52395521.79,7635605.01,0.33,2026-05
2014,2026-05-14 05:15:00,2026-05-14 05:15:00,SHORT,2261.4,2261.31,2260.85,0.004,-119497.87,125750.9,0.45,52276709.92,0.01%,52276023.92,7618190.57,0.55,2026-05
2015,2026-05-14 09:15:00,2026-05-14 09:15:00,LONG,2261.31,2260.56,2261.01,-0.033,-177366.59,125464.1,0.45,52099343.33,-0.1%,52098657.33,7592342.92,0.89,2026-05
2016,2026-05-14 10:15:00,2026-05-14 10:15:00,SHORT,2260.56,2265.89,2265.44,-0.236,-493685.49,125038.42,0.45,51605657.84,-0.71%,51604971.84,7520398.08,1.83,2026-05
2017,2026-05-14 10:30:00,2026-05-14 10:30:00,LONG,2265.89,2258.95,2259.41,-0.306,-597719.58,123853.58,0.45,51007938.26,-0.92%,51007252.26,7433292.34,2.97,2026-05
2018,2026-05-14 14:15:00,2026-05-14 14:15:00,SHORT,2258.95,2265.12,2264.66,-0.273,-539928.04,122419.05,0.45,50468010.22,-0.82%,50467324.22,7354608.57,3.99,2026-05
2019,2026-05-14 23:45:00,2026-05-14 23:45:00,LONG,2265.12,2287.52,2287.98,0.989,1376259.64,121123.22,0.46,51844269.86,2.97%,51843583.86,7555171.04,1.38,2026-05
2020,2026-05-15 00:00:00,2026-05-15 00:00:00,SHORT,2287.52,2288.92,2288.46,-0.061,-219736.49,124426.25,0.46,51624533.37,-0.18%,51623847.37,7523148.82,1.79,2026-05
2021,2026-05-15 00:30:00,2026-05-15 00:30:00,LONG,2288.92,2287.06,2287.52,-0.081,-249933.1,123898.88,0.46,51374600.27,-0.24%,51373914.27,7486726.04,2.27,2026-05
2022,2026-05-17 00:00:00,2026-05-17 00:00:00,SHORT,2287.06,2182.62,2182.19,4.566,6914630.25,123299.04,0.44,58289230.52,13.7%,58288544.52,8494395.85,0.0,2026-05
2023,2026-05-17 00:30:00,2026-05-17 00:30:00,LONG,2182.62,2181.2,2181.64,-0.065,-253643.11,139894.15,0.44,58035587.41,-0.2%,58034901.41,8457432.41,0.44,2026-05
2024,2026-05-17 03:45:00,2026-05-17 03:45:00,SHORT,2181.2,2182.96,2182.53,-0.081,-279877.59,139285.41,0.44,57755709.82,-0.24%,57755023.82,8416645.82,0.92,2026-05
2025,2026-05-17 14:00:00,2026-05-17 14:00:00,LONG,2182.96,2188.48,2188.91,0.252,298824.51,138613.7,0.44,58054534.32,0.76%,58053848.33,8460193.55,0.4,2026-05
2026,2026-05-17 18:45:00,2026-05-17 18:45:00,SHORT,2188.48,2187.37,2186.93,0.051,-51087.66,139330.88,0.44,58003446.66,0.15%,58002760.67,8452748.54,0.49,2026-05
2027,2026-05-17 22:00:00,2026-05-17 22:00:00,LONG,2187.37,2189.47,2189.9,0.096,27782.93,139208.27,0.44,58031229.59,0.29%,58030543.6,8456797.35,0.44,2026-05
2028,2026-05-18 11:30:00,2026-05-18 11:30:00,SHORT,2189.47,2117.86,2117.43,3.271,5554623.16,139274.95,0.42,63585852.75,9.81%,63585166.76,9266273.18,0.0,2026-05
2029,2026-05-18 13:30:00,2026-05-18 13:30:00,LONG,2117.86,2136.26,2136.69,0.869,1505257.1,152606.05,0.43,65091109.85,2.61%,65090423.86,9485634.46,0.0,2026-05
2030,2026-05-18 19:45:00,2026-05-18 19:45:00,SHORT,2136.26,2127.84,2127.42,0.394,613688.61,156218.66,0.43,65704798.46,1.18%,65704112.47,9575067.37,0.0,2026-05
2031,2026-05-19 01:45:00,2026-05-19 01:45:00,LONG,2127.84,2124.76,2125.18,-0.145,-443197.15,157691.52,0.43,65261601.31,-0.43%,65260915.32,9510480.2,0.67,2026-05
2032,2026-05-19 02:15:00,2026-05-19 02:15:00,SHORT,2124.76,2132.01,2131.58,-0.341,-824615.84,156627.84,0.43,64436985.46,-1.02%,64436299.48,9390308.84,1.93,2026-05
2033,2026-05-19 09:15:00,2026-05-19 09:15:00,LONG,2132.01,2126.86,2127.28,-0.242,-621764.35,154648.77,0.43,63815221.11,-0.72%,63814535.13,9299699.05,2.88,2026-05
2034,2026-05-19 16:45:00,2026-05-19 16:45:00,SHORT,2126.86,2122.67,2122.25,0.197,223468.25,153156.53,0.42,64038689.36,0.59%,64038003.38,9332265.11,2.54,2026-05
2035,2026-05-19 17:30:00,2026-05-19 17:30:00,LONG,2122.67,2115.22,2115.64,-0.351,-828291.71,153692.85,0.42,63210397.65,-1.05%,63209711.67,9211558.07,3.8,2026-05
2036,2026-05-19 19:00:00,2026-05-19 19:00:00,SHORT,2115.22,2119.72,2119.29,-0.213,-554953.44,151704.95,0.42,62655444.21,-0.64%,62654758.23,9130684.64,4.64,2026-05
2037,2026-05-19 19:15:00,2026-05-19 19:15:00,LONG,2119.72,2117.5,2117.92,-0.105,-347226.97,150373.07,0.42,62308217.24,-0.31%,62307531.26,9080083.22,5.17,2026-05
2038,2026-05-19 23:15:00,2026-05-19 23:15:00,SHORT,2117.5,2116.02,2115.59,0.07,-18952.91,149539.72,0.42,62289264.33,0.21%,62288578.35,9077321.21,5.2,2026-05
2039,2026-05-19 23:45:00,2026-05-19 23:45:00,LONG,2116.02,2111.48,2111.9,-0.214,-550117.47,149494.23,0.42,61739146.86,-0.64%,61738460.88,8997152.53,6.04,2026-05
2040,2026-05-20 01:00:00,2026-05-20 01:00:00,SHORT,2111.48,2116.37,2115.95,-0.232,-577258.71,148173.95,0.42,61161888.15,-0.69%,61161202.17,8913028.56,6.91,2026-05
2041,2026-05-20 01:15:00,2026-05-20 01:15:00,LONG,2116.37,2109.68,2110.1,-0.316,-726947.79,146788.53,0.42,60434940.36,-0.95%,60434254.38,8807090.38,8.02,2026-05
2042,2026-05-20 01:45:00,2026-05-20 01:45:00,SHORT,2109.68,2113.34,2112.92,-0.173,-459376.37,145043.86,0.42,59975563.99,-0.52%,59974878.01,8740145.41,8.72,2026-05
2043,2026-05-20 02:30:00,2026-05-20 02:30:00,LONG,2113.34,2105.83,2106.25,-0.355,-783105.38,143941.35,0.42,59192458.61,-1.07%,59191772.63,8626023.38,9.91,2026-05
2044,2026-05-20 03:15:00,2026-05-20 03:15:00,SHORT,2105.83,2111.61,2111.19,-0.274,-629426.0,142061.9,0.42,58563032.61,-0.82%,58562346.63,8534297.06,10.87,2026-05
2045,2026-05-20 04:30:00,2026-05-20 04:30:00,LONG,2111.61,2109.62,2110.04,-0.094,-306267.47,140551.28,0.42,58256765.14,-0.28%,58256079.16,8489664.67,11.34,2026-05
2046,2026-05-20 05:00:00,2026-05-20 05:00:00,SHORT,2109.62,2116.0,2115.58,-0.302,-668415.8,139816.24,0.42,57588349.34,-0.91%,57587663.36,8392256.36,12.35,2026-05
2047,2026-05-20 13:30:00,2026-05-20 13:30:00,LONG,2116.0,2121.99,2122.41,0.283,350764.06,138212.04,0.42,57939113.4,0.85%,57938427.42,8443373.24,11.82,2026-05
2048,2026-05-20 14:15:00,2026-05-20 14:15:00,SHORT,2121.99,2130.29,2129.87,-0.391,-819497.42,139053.87,0.43,57119615.98,-1.17%,57118930.0,8323947.8,13.07,2026-05
2049,2026-05-20 16:15:00,2026-05-20 16:15:00,LONG,2130.29,2131.03,2131.45,0.034,-78267.19,137087.08,0.43,57041348.79,0.1%,57040662.81,8312541.91,13.19,2026-05
2050,2026-05-20 16:30:00,2026-05-20 16:30:00,SHORT,2131.03,2135.22,2134.79,-0.197,-473501.85,136899.24,0.43,56567846.94,-0.59%,56567160.96,8243538.43,13.91,2026-05
2051,2026-05-20 21:15:00,2026-05-20 21:15:00,LONG,2135.22,2133.41,2133.84,-0.085,-279596.76,135762.83,0.43,56288250.18,-0.25%,56287564.2,8202792.77,14.33,2026-05
2052,2026-05-21 00:00:00,2026-05-21 00:00:00,SHORT,2133.41,2132.54,2132.12,0.041,-66679.48,135091.8,0.43,56221570.7,0.12%,56220884.72,8193075.56,14.43,2026-05
2053,2026-05-21 05:45:00,2026-05-21 05:45:00,LONG,2132.54,2137.0,2137.43,0.209,217583.33,134931.77,0.43,56439154.03,0.63%,56438468.05,8224784.0,14.1,2026-05
2054,2026-05-21 08:00:00,2026-05-21 08:00:00,SHORT,2137.0,2138.85,2138.43,-0.087,-282243.57,135453.97,0.43,56156910.46,-0.26%,56156224.48,8183652.62,14.53,2026-05
2055,2026-05-21 09:30:00,2026-05-21 09:30:00,LONG,2138.85,2133.51,2133.94,-0.25,-555350.0,134776.59,0.43,55601560.46,-0.75%,55600874.48,8102721.4,15.38,2026-05
2056,2026-05-21 15:00:00,2026-05-21 15:00:00,SHORT,2133.51,2129.88,2129.46,0.17,150581.31,133443.75,0.43,55752141.78,0.51%,55751455.79,8124665.63,15.15,2026-05
2057,2026-05-21 16:30:00,2026-05-21 16:30:00,LONG,2129.88,2124.95,2125.38,-0.232,-521065.86,133805.14,0.43,55231075.92,-0.69%,55230389.93,8048730.65,15.94,2026-05
2058,2026-05-21 17:00:00,2026-05-21 17:00:00,SHORT,2124.95,2133.34,2132.91,-0.395,-786817.14,132554.58,0.43,54444258.78,-1.18%,54443572.79,7934067.7,17.14,2026-05
2059,2026-05-21 18:45:00,2026-05-21 18:45:00,LONG,2133.34,2133.57,2133.99,0.011,-113277.59,130666.22,0.43,54330981.18,0.03%,54330295.2,7917559.75,17.31,2026-05
2060,2026-05-21 19:00:00,2026-05-21 19:00:00,SHORT,2133.57,2134.25,2133.82,-0.032,-182347.47,130394.35,0.43,54148633.72,-0.1%,54147947.73,7890986.23,17.59,2026-05
2061,2026-05-21 22:30:00,2026-05-21 22:30:00,LONG,2134.25,2132.39,2132.82,-0.087,-271401.25,129956.72,0.43,53877232.47,-0.26%,53876546.48,7851434.9,18.0,2026-05
2062,2026-05-21 23:30:00,2026-05-21 23:30:00,SHORT,2132.39,2136.4,2135.98,-0.188,-433503.9,129305.36,0.43,53443728.57,-0.56%,53443042.58,7788260.33,18.66,2026-05
2063,2026-05-22 00:00:00,2026-05-22 00:00:00,LONG,2136.4,2130.14,2130.57,-0.293,-598121.54,128264.95,0.43,52845607.03,-0.88%,52844921.04,7701096.01,19.57,2026-05
2064,2026-05-22 01:00:00,2026-05-22 01:00:00,SHORT,2130.14,2132.74,2132.32,-0.122,-320527.5,126829.46,0.43,52525079.53,-0.37%,52524393.54,7654385.5,20.06,2026-05
2065,2026-05-22 01:15:00,2026-05-22 01:15:00,LONG,2132.74,2129.57,2129.99,-0.149,-360860.07,126060.19,0.43,52164219.46,-0.45%,52163533.47,7601797.33,20.61,2026-05
2066,2026-05-22 01:45:00,2026-05-22 01:45:00,SHORT,2129.57,2135.99,2135.57,-0.302,-597458.11,125194.13,0.43,51566761.36,-0.91%,51566075.36,7514729.69,21.52,2026-05
2067,2026-05-22 04:30:00,2026-05-22 04:30:00,LONG,2135.99,2135.21,2135.64,-0.037,-180595.4,123760.23,0.43,51386165.95,-0.11%,51385479.96,7488411.51,21.79,2026-05
2068,2026-05-22 11:45:00,2026-05-22 11:45:00,SHORT,2135.21,2129.14,2128.71,0.284,314854.32,123326.8,0.43,51701020.27,0.85%,51700334.28,7534295.26,21.31,2026-05
2069,2026-05-22 13:15:00,2026-05-22 13:15:00,LONG,2129.14,2129.93,2130.36,0.037,-66519.14,124082.45,0.43,51634501.13,0.11%,51633815.14,7524601.42,21.41,2026-05
2070,2026-05-22 17:15:00,2026-05-22 17:15:00,SHORT,2129.93,2128.78,2128.35,0.054,-40049.68,123922.8,0.43,51594451.45,0.16%,51593765.46,7518764.97,21.48,2026-05
2071,2026-05-22 17:45:00,2026-05-22 17:45:00,LONG,2128.78,2121.76,2122.19,-0.329,-633640.82,123826.68,0.42,50960810.63,-0.99%,50960124.64,7426424.43,22.44,2026-05
2072,2026-05-23 14:30:00,2026-05-23 14:30:00,SHORT,2121.76,2051.22,2050.81,3.325,4960546.96,122305.95,0.41,55921357.59,9.97%,55920671.6,8149325.47,14.89,2026-05
2073,2026-05-24 13:45:00,2026-05-24 13:45:00,LONG,2051.22,2115.76,2116.18,3.146,5144189.19,134211.26,0.42,61065546.78,9.44%,61064860.79,8898988.72,7.06,2026-05
2074,2026-05-24 23:30:00,2026-05-24 23:30:00,SHORT,2115.76,2098.76,2098.34,0.803,1325120.88,146557.31,0.42,62390667.66,2.41%,62389981.67,9092098.73,5.04,2026-05
2075,2026-05-25 01:45:00,2026-05-25 01:45:00,LONG,2098.76,2098.51,2098.93,-0.012,-172073.74,149737.6,0.42,62218593.93,-0.04%,62217907.93,9067022.4,5.31,2026-05
2076,2026-05-25 02:00:00,2026-05-25 02:00:00,SHORT,2098.51,2098.9,2098.48,-0.018,-183789.94,149324.63,0.42,62034803.98,-0.06%,62034117.99,9040238.67,5.59,2026-05
2077,2026-05-25 02:15:00,2026-05-25 02:15:00,LONG,2098.9,2101.42,2101.84,0.12,74641.6,148883.53,0.42,62109445.58,0.36%,62108759.59,9051116.2,5.47,2026-05
2078,2026-05-25 04:30:00,2026-05-25 04:30:00,SHORT,2101.42,2102.17,2101.75,-0.036,-215449.85,149062.67,0.42,61893995.73,-0.11%,61893309.74,9019718.67,5.8,2026-05
2079,2026-05-25 06:15:00,2026-05-25 06:15:00,LONG,2102.17,2098.99,2099.41,-0.151,-429407.16,148545.59,0.42,61464588.57,-0.45%,61463902.58,8957141.12,6.45,2026-05
2080,2026-05-25 06:30:00,2026-05-25 06:30:00,SHORT,2098.99,2104.96,2104.54,-0.285,-672217.27,147515.01,0.42,60792371.3,-0.85%,60791685.31,8859178.83,7.48,2026-05
2081,2026-05-25 19:30:00,2026-05-25 19:30:00,LONG,2104.96,2122.56,2122.98,0.836,1378467.44,145901.69,0.42,62170838.74,2.51%,62170152.75,9060063.03,5.38,2026-05
2082,2026-05-26 10:15:00,2026-05-26 10:15:00,SHORT,2122.56,2103.52,2103.1,0.897,1523494.33,149210.01,0.42,63694333.07,2.69%,63693647.08,9282082.03,3.06,2026-05
2083,2026-05-26 14:30:00,2026-05-26 14:30:00,LONG,2103.52,2129.95,2130.37,1.256,2247505.55,152866.4,0.43,65941838.62,3.77%,65941152.63,9609611.25,0.0,2026-05
2084,2026-05-27 00:45:00,2026-05-27 00:45:00,SHORT,2129.95,2083.48,2083.07,2.181,4157073.87,158260.41,0.42,70098912.49,6.54%,70098226.5,10215422.08,0.0,2026-05
2085,2026-05-27 01:15:00,2026-05-27 01:15:00,LONG,2083.48,2077.12,2077.53,-0.306,-810802.55,168237.39,0.42,69288109.94,-0.92%,69287423.95,10097263.73,1.16,2026-05
2086,2026-05-27 07:45:00,2026-05-27 07:45:00,SHORT,2077.12,2083.1,2082.69,-0.288,-765135.27,166291.46,0.42,68522974.67,-0.86%,68522288.68,9985760.49,2.25,2026-05
2087,2026-05-27 12:00:00,2026-05-27 12:00:00,LONG,2083.1,2077.02,2077.44,-0.292,-764604.52,164455.14,0.42,67758370.14,-0.88%,67757684.16,9874334.59,3.34,2026-05
2088,2026-05-27 12:15:00,2026-05-27 12:15:00,SHORT,2077.02,2080.61,2080.19,-0.173,-513775.18,162620.09,0.42,67244594.96,-0.52%,67243908.98,9799462.08,4.07,2026-05
2089,2026-05-27 12:45:00,2026-05-27 12:45:00,LONG,2080.61,2078.26,2078.68,-0.113,-389170.31,161387.03,0.42,66855424.66,-0.34%,66854738.67,9742748.25,4.63,2026-05
2090,2026-05-28 16:00:00,2026-05-28 16:00:00,SHORT,2078.26,1997.67,1997.27,3.878,7617209.56,160453.02,0.4,74472634.22,11.63%,74471948.23,10852805.02,0.0,2026-05
2091,2026-05-28 22:30:00,2026-05-28 22:30:00,LONG,1997.67,2007.9,2008.3,0.512,966040.82,178734.32,0.4,75438675.05,1.54%,75437989.05,10993586.25,0.0,2026-05
2092,2026-05-29 00:00:00,2026-05-29 00:00:00,SHORT,2007.9,2013.48,2013.07,-0.278,-809231.28,181052.82,0.4,74629443.77,-0.83%,74628757.77,10875656.89,1.07,2026-05
2093,2026-05-29 01:15:00,2026-05-29 01:15:00,LONG,2013.48,2009.34,2009.74,-0.206,-639631.26,179110.67,0.4,73989812.51,-0.62%,73989126.51,10782443.36,1.92,2026-05
2094,2026-05-29 05:00:00,2026-05-29 05:00:00,SHORT,2009.34,2011.9,2011.5,-0.128,-460624.61,177575.55,0.4,73529187.9,-0.38%,73528501.9,10715316.48,2.53,2026-05
2095,2026-05-29 07:30:00,2026-05-29 07:30:00,LONG,2011.9,2012.78,2013.18,0.044,-80087.97,176470.05,0.4,73449099.93,0.13%,73448413.93,10703645.25,2.64,2026-05
2096,2026-05-29 08:15:00,2026-05-29 08:15:00,SHORT,2012.78,2012.69,2012.29,0.004,-166982.77,176277.84,0.4,73282117.16,0.01%,73281431.16,10679310.84,2.86,2026-05
2097,2026-05-29 11:30:00,2026-05-29 11:30:00,LONG,2012.69,2007.16,2007.56,-0.275,-780407.36,175877.08,0.4,72501709.8,-0.82%,72501023.8,10565581.99,3.89,2026-05
2098,2026-05-29 15:00:00,2026-05-29 15:00:00,SHORT,2007.16,2012.64,2012.24,-0.273,-768543.13,174004.1,0.4,71733166.67,-0.82%,71732480.67,10453582.11,4.91,2026-05
2099,2026-05-29 18:45:00,2026-05-29 18:45:00,LONG,2012.64,2019.89,2020.3,0.36,603037.18,172159.6,0.4,72336203.84,1.08%,72335517.85,10541462.79,4.11,2026-05
2100,2026-05-29 19:30:00,2026-05-29 19:30:00,SHORT,2019.89,2018.31,2017.9,0.079,-3228.98,173606.89,0.4,72332974.86,0.24%,72332288.87,10540992.23,4.12,2026-05
2101,2026-05-29 21:15:00,2026-05-29 21:15:00,LONG,2018.31,2017.13,2017.53,-0.058,-300207.8,173599.14,0.4,72032767.06,-0.18%,72032081.07,10497242.91,4.51,2026-05
2102,2026-05-30 01:00:00,2026-05-30 01:00:00,SHORT,2017.13,2017.91,2017.51,-0.039,-256549.27,172878.64,0.4,71776217.78,-0.12%,71775531.8,10459855.96,4.85,2026-05
2103,2026-05-30 03:30:00,2026-05-30 03:30:00,LONG,2017.91,2017.13,2017.53,-0.039,-256083.38,172262.92,0.4,71520134.4,-0.12%,71519448.42,10422536.9,5.19,2026-05
2104,2026-05-30 06:30:00,2026-05-30 06:30:00,SHORT,2017.13,2019.37,2018.96,-0.111,-410213.45,171648.32,0.4,71109920.95,-0.33%,71109234.97,10362756.45,5.74,2026-05
2105,2026-05-30 07:30:00,2026-05-30 07:30:00,LONG,2019.37,2014.75,2015.15,-0.229,-658551.96,170663.81,0.4,70451369.0,-0.69%,70450683.01,10266785.6,6.61,2026-05
2106,2026-05-30 07:45:00,2026-05-30 07:45:00,SHORT,2014.75,2016.6,2016.19,-0.092,-362763.19,169083.29,0.4,70088605.81,-0.27%,70087919.82,10213920.08,7.09,2026-05
2107,2026-05-30 22:30:00,2026-05-30 22:30:00,LONG,2016.6,2021.56,2021.97,0.246,349462.66,168212.65,0.4,70438068.47,0.74%,70437382.48,10264847.31,6.63,2026-05
2108,2026-05-31 00:15:00,2026-05-31 00:15:00,SHORT,2021.56,2025.28,2024.88,-0.184,-558046.8,169051.36,0.4,69880021.66,-0.55%,69879335.68,10183523.09,7.37,2026-05
2109,2026-05-31 07:00:00,2026-05-31 07:00:00,LONG,2025.28,2028.22,2028.62,0.145,136280.52,167712.05,0.41,70016302.19,0.44%,70015616.2,10203383.27,7.19,2026-05
