trade_no,entry_time,exit_time,dir,entry_px,exit_px,pnl
1,2025-05-26 20:30:00,2025-05-27 01:00:00,LONG,2551.29,2544.28,-7.01
2,2025-05-27 01:00:00,2025-05-27 03:00:00,SHORT,2544.28,2541.76,2.52
3,2025-05-27 03:00:00,2025-05-27 23:15:00,LONG,2541.76,2653.24,111.48
4,2025-05-27 23:15:00,2025-05-28 11:30:00,SHORT,2653.24,2650.09,3.14
5,2025-05-28 11:30:00,2025-05-28 14:00:00,LONG,2650.09,2645.54,-4.56
6,2025-05-28 14:00:00,2025-05-28 17:00:00,SHORT,2645.54,2647.79,-2.25
7,2025-05-28 17:00:00,2025-05-28 18:45:00,LONG,2647.79,2642.43,-5.36
8,2025-05-28 18:45:00,2025-05-28 19:00:00,SHORT,2642.43,2645.26,-2.84
9,2025-05-28 19:00:00,2025-05-28 19:30:00,LONG,2645.26,2628.05,-17.21
10,2025-05-28 19:30:00,2025-05-28 21:45:00,SHORT,2628.05,2653.99,-25.94
11,2025-05-28 21:45:00,2025-05-28 22:15:00,LONG,2653.99,2639.32,-14.66
12,2025-05-28 22:15:00,2025-05-28 23:00:00,SHORT,2639.32,2656.35,-17.02
13,2025-05-28 23:00:00,2025-05-29 11:30:00,LONG,2656.35,2719.88,63.53
14,2025-05-29 11:30:00,2025-05-30 05:30:00,SHORT,2719.88,2642.89,76.98
15,2025-05-30 05:30:00,2025-05-30 06:15:00,LONG,2642.89,2630.59,-12.3
16,2025-05-30 06:15:00,2025-05-31 10:00:00,SHORT,2630.59,2529.07,101.52
17,2025-05-31 10:00:00,2025-05-31 10:30:00,LONG,2529.07,2514.26,-14.81
18,2025-05-31 10:30:00,2025-05-31 12:00:00,SHORT,2514.26,2526.02,-11.75
19,2025-05-31 12:00:00,2025-05-31 17:45:00,LONG,2526.02,2530.55,4.53
20,2025-05-31 17:45:00,2025-05-31 18:00:00,SHORT,2530.55,2532.63,-2.08
21,2025-05-31 18:00:00,2025-05-31 22:45:00,LONG,2532.63,2534.19,1.56
22,2025-05-31 22:45:00,2025-05-31 23:00:00,SHORT,2534.19,2535.44,-1.25
23,2025-05-31 23:00:00,2025-06-01 00:00:00,LONG,2535.44,2520.83,-14.61
24,2025-06-01 00:00:00,2025-06-01 14:15:00,SHORT,2520.83,2510.15,10.68
25,2025-06-01 14:15:00,2025-06-01 18:30:00,LONG,2510.15,2508.19,-1.95
26,2025-06-01 18:30:00,2025-06-01 18:45:00,SHORT,2508.19,2511.31,-3.11
27,2025-06-01 18:45:00,2025-06-02 02:00:00,LONG,2511.31,2520.88,9.57
28,2025-06-02 02:00:00,2025-06-02 13:15:00,SHORT,2520.88,2499.78,21.09
29,2025-06-02 13:15:00,2025-06-03 11:15:00,LONG,2499.78,2609.83,110.05
30,2025-06-03 11:15:00,2025-06-03 13:00:00,SHORT,2609.83,2615.52,-5.69
31,2025-06-03 13:00:00,2025-06-03 16:15:00,LONG,2615.52,2609.64,-5.89
32,2025-06-03 16:15:00,2025-06-03 17:00:00,SHORT,2609.64,2614.84,-5.2
33,2025-06-03 17:00:00,2025-06-03 18:00:00,LONG,2614.84,2611.01,-3.83
34,2025-06-03 18:00:00,2025-06-03 19:00:00,SHORT,2611.01,2624.86,-13.85
35,2025-06-03 19:00:00,2025-06-03 20:15:00,LONG,2624.86,2613.41,-11.45
36,2025-06-03 20:15:00,2025-06-04 01:15:00,SHORT,2613.41,2620.0,-6.59
37,2025-06-04 01:15:00,2025-06-04 01:30:00,LONG,2620.0,2606.78,-13.21
38,2025-06-04 01:30:00,2025-06-04 03:00:00,SHORT,2606.78,2617.37,-10.58
39,2025-06-04 03:00:00,2025-06-04 12:15:00,LONG,2617.37,2627.59,10.22
40,2025-06-04 12:15:00,2025-06-04 14:45:00,SHORT,2627.59,2629.03,-1.44
41,2025-06-04 14:45:00,2025-06-04 18:45:00,LONG,2629.03,2632.93,3.9
42,2025-06-04 18:45:00,2025-06-05 02:30:00,SHORT,2632.93,2618.84,14.09
43,2025-06-05 02:30:00,2025-06-05 05:30:00,LONG,2618.84,2616.54,-2.3
44,2025-06-05 05:30:00,2025-06-05 12:00:00,SHORT,2616.54,2613.86,2.67
45,2025-06-05 12:00:00,2025-06-05 13:45:00,LONG,2613.86,2604.18,-9.68
46,2025-06-05 13:45:00,2025-06-06 08:00:00,SHORT,2604.18,2460.79,143.38
47,2025-06-06 08:00:00,2025-06-06 19:45:00,LONG,2460.79,2487.09,26.3
48,2025-06-06 19:45:00,2025-06-06 20:00:00,SHORT,2487.09,2490.44,-3.35
49,2025-06-06 20:00:00,2025-06-06 21:00:00,LONG,2490.44,2491.84,1.4
50,2025-06-06 21:00:00,2025-06-06 21:30:00,SHORT,2491.84,2497.82,-5.98
51,2025-06-06 21:30:00,2025-06-06 21:45:00,LONG,2497.82,2490.98,-6.84
52,2025-06-06 21:45:00,2025-06-07 03:15:00,SHORT,2490.98,2491.99,-1.01
53,2025-06-07 03:15:00,2025-06-07 04:00:00,LONG,2491.99,2482.62,-9.38
54,2025-06-07 04:00:00,2025-06-07 04:30:00,SHORT,2482.62,2488.6,-5.99
55,2025-06-07 04:30:00,2025-06-07 08:45:00,LONG,2488.6,2483.71,-4.89
56,2025-06-07 08:45:00,2025-06-07 09:00:00,SHORT,2483.71,2487.22,-3.51
57,2025-06-07 09:00:00,2025-06-08 01:00:00,LONG,2487.22,2513.57,26.35
58,2025-06-08 01:00:00,2025-06-08 01:30:00,SHORT,2513.57,2516.92,-3.35
59,2025-06-08 01:30:00,2025-06-08 02:00:00,LONG,2516.92,2514.28,-2.64
60,2025-06-08 02:00:00,2025-06-08 08:00:00,SHORT,2514.28,2517.13,-2.85
61,2025-06-08 08:00:00,2025-06-08 09:00:00,LONG,2517.13,2513.5,-3.63
62,2025-06-08 09:00:00,2025-06-08 11:30:00,SHORT,2513.5,2516.33,-2.82
63,2025-06-08 11:30:00,2025-06-08 12:15:00,LONG,2516.33,2509.13,-7.2
64,2025-06-08 12:15:00,2025-06-08 13:30:00,SHORT,2509.13,2514.16,-5.03
65,2025-06-08 13:30:00,2025-06-08 22:30:00,LONG,2514.16,2509.98,-4.18
66,2025-06-08 22:30:00,2025-06-09 09:30:00,SHORT,2509.98,2503.46,6.52
67,2025-06-09 09:30:00,2025-06-11 08:15:00,LONG,2503.46,2780.24,276.78
68,2025-06-11 08:15:00,2025-06-11 12:30:00,SHORT,2780.24,2782.71,-2.47
69,2025-06-11 12:30:00,2025-06-11 20:00:00,LONG,2782.71,2802.83,20.12
70,2025-06-11 20:00:00,2025-06-11 20:15:00,SHORT,2802.83,2820.1,-17.27
71,2025-06-11 20:15:00,2025-06-11 21:30:00,LONG,2820.1,2809.04,-11.05
72,2025-06-11 21:30:00,2025-06-12 14:00:00,SHORT,2809.04,2760.87,48.17
73,2025-06-12 14:00:00,2025-06-12 15:15:00,LONG,2760.87,2758.43,-2.44
74,2025-06-12 15:15:00,2025-06-12 17:15:00,SHORT,2758.43,2760.13,-1.71
75,2025-06-12 17:15:00,2025-06-12 18:15:00,LONG,2760.13,2740.61,-19.52
76,2025-06-12 18:15:00,2025-06-13 11:30:00,SHORT,2740.61,2533.19,207.42
77,2025-06-13 11:30:00,2025-06-13 14:15:00,LONG,2533.19,2516.49,-16.69
78,2025-06-13 14:15:00,2025-06-13 14:30:00,SHORT,2516.49,2524.29,-7.79
79,2025-06-13 14:30:00,2025-06-13 18:00:00,LONG,2524.29,2530.38,6.1
80,2025-06-13 18:00:00,2025-06-13 20:00:00,SHORT,2530.38,2539.4,-9.02
81,2025-06-13 20:00:00,2025-06-14 03:45:00,LONG,2539.4,2549.42,10.02
82,2025-06-14 03:45:00,2025-06-14 21:45:00,SHORT,2549.42,2528.59,20.83
83,2025-06-14 21:45:00,2025-06-14 22:30:00,LONG,2528.59,2521.59,-7.0
84,2025-06-14 22:30:00,2025-06-14 23:30:00,SHORT,2521.59,2535.78,-14.19
85,2025-06-14 23:30:00,2025-06-15 07:30:00,LONG,2535.78,2523.04,-12.74
86,2025-06-15 07:30:00,2025-06-15 13:00:00,SHORT,2523.04,2531.47,-8.42
87,2025-06-15 13:00:00,2025-06-15 20:00:00,LONG,2531.47,2530.11,-1.36
88,2025-06-15 20:00:00,2025-06-15 22:00:00,SHORT,2530.11,2524.85,5.26
89,2025-06-15 22:00:00,2025-06-16 01:00:00,LONG,2524.85,2538.19,13.34
90,2025-06-16 01:00:00,2025-06-16 01:30:00,SHORT,2538.19,2532.34,5.86
91,2025-06-16 01:30:00,2025-06-16 22:30:00,LONG,2532.34,2649.35,117.01
92,2025-06-16 22:30:00,2025-06-18 00:00:00,SHORT,2649.35,2518.69,130.65
93,2025-06-18 00:00:00,2025-06-18 00:15:00,LONG,2518.69,2510.1,-8.59
94,2025-06-18 00:15:00,2025-06-18 00:30:00,SHORT,2510.1,2516.32,-6.22
95,2025-06-18 00:30:00,2025-06-18 07:00:00,LONG,2516.32,2518.24,1.92
96,2025-06-18 07:00:00,2025-06-18 07:15:00,SHORT,2518.24,2526.0,-7.76
97,2025-06-18 07:15:00,2025-06-18 10:00:00,LONG,2526.0,2520.67,-5.32
98,2025-06-18 10:00:00,2025-06-18 14:00:00,SHORT,2520.67,2516.18,4.49
99,2025-06-18 14:00:00,2025-06-18 14:45:00,LONG,2516.18,2510.68,-5.5
100,2025-06-18 14:45:00,2025-06-18 20:30:00,SHORT,2510.68,2515.09,-4.41
101,2025-06-18 20:30:00,2025-06-19 07:45:00,LONG,2515.09,2518.72,3.63
102,2025-06-19 07:45:00,2025-06-19 08:00:00,SHORT,2518.72,2522.98,-4.26
103,2025-06-19 08:00:00,2025-06-19 12:30:00,LONG,2522.98,2528.69,5.72
104,2025-06-19 12:30:00,2025-06-19 22:00:00,SHORT,2528.69,2515.78,12.92
105,2025-06-19 22:00:00,2025-06-20 04:15:00,LONG,2515.78,2515.44,-0.33
106,2025-06-20 04:15:00,2025-06-20 06:00:00,SHORT,2515.44,2520.13,-4.69
107,2025-06-20 06:00:00,2025-06-20 14:15:00,LONG,2520.13,2523.73,3.59
108,2025-06-20 14:15:00,2025-06-21 05:15:00,SHORT,2523.73,2423.95,99.78
109,2025-06-21 05:15:00,2025-06-21 13:45:00,LONG,2423.95,2427.1,3.15
110,2025-06-21 13:45:00,2025-06-22 11:15:00,SHORT,2427.1,2275.57,151.53
111,2025-06-22 11:15:00,2025-06-22 12:30:00,LONG,2275.57,2268.14,-7.43
112,2025-06-22 12:30:00,2025-06-22 12:45:00,SHORT,2268.14,2278.3,-10.16
113,2025-06-22 12:45:00,2025-06-22 13:00:00,LONG,2278.3,2272.0,-6.3
114,2025-06-22 13:00:00,2025-06-22 22:00:00,SHORT,2272.0,2193.86,78.13
115,2025-06-22 22:00:00,2025-06-23 10:30:00,LONG,2193.86,2239.0,45.13
116,2025-06-23 10:30:00,2025-06-23 10:45:00,SHORT,2239.0,2245.32,-6.33
117,2025-06-23 10:45:00,2025-06-23 16:00:00,LONG,2245.32,2235.43,-9.89
118,2025-06-23 16:00:00,2025-06-23 17:15:00,SHORT,2235.43,2268.04,-32.61
119,2025-06-23 17:15:00,2025-06-24 08:00:00,LONG,2268.04,2383.19,115.15
120,2025-06-24 08:00:00,2025-06-24 08:15:00,SHORT,2383.19,2397.87,-14.67
121,2025-06-24 08:15:00,2025-06-24 11:30:00,LONG,2397.87,2408.41,10.54
122,2025-06-24 11:30:00,2025-06-24 13:15:00,SHORT,2408.41,2420.23,-11.82
123,2025-06-24 13:15:00,2025-06-24 23:00:00,LONG,2420.23,2435.99,15.76
124,2025-06-24 23:00:00,2025-06-24 23:30:00,SHORT,2435.99,2442.32,-6.32
125,2025-06-24 23:30:00,2025-06-25 03:45:00,LONG,2442.32,2445.18,2.87
126,2025-06-25 03:45:00,2025-06-25 07:15:00,SHORT,2445.18,2447.84,-2.66
127,2025-06-25 07:15:00,2025-06-25 08:00:00,LONG,2447.84,2439.4,-8.45
128,2025-06-25 08:00:00,2025-06-25 13:15:00,SHORT,2439.4,2442.82,-3.43
129,2025-06-25 13:15:00,2025-06-25 13:30:00,LONG,2442.82,2432.57,-10.25
130,2025-06-25 13:30:00,2025-06-25 19:00:00,SHORT,2432.57,2425.17,7.4
131,2025-06-25 19:00:00,2025-06-25 23:00:00,LONG,2425.17,2409.98,-15.19
132,2025-06-25 23:00:00,2025-06-26 00:30:00,SHORT,2409.98,2425.42,-15.44
133,2025-06-26 00:30:00,2025-06-26 10:45:00,LONG,2425.42,2450.19,24.77
134,2025-06-26 10:45:00,2025-06-26 20:30:00,SHORT,2450.19,2450.34,-0.16
135,2025-06-26 20:30:00,2025-06-26 21:00:00,LONG,2450.34,2436.78,-13.57
136,2025-06-26 21:00:00,2025-06-27 02:45:00,SHORT,2436.78,2439.87,-3.09
137,2025-06-27 02:45:00,2025-06-27 12:30:00,LONG,2439.87,2447.55,7.69
138,2025-06-27 12:30:00,2025-06-28 02:15:00,SHORT,2447.55,2419.91,27.64
139,2025-06-28 02:15:00,2025-06-28 13:30:00,LONG,2419.91,2421.57,1.66
140,2025-06-28 13:30:00,2025-06-28 14:00:00,SHORT,2421.57,2425.38,-3.81
141,2025-06-28 14:00:00,2025-06-28 20:45:00,LONG,2425.38,2430.12,4.73
142,2025-06-28 20:45:00,2025-06-28 21:30:00,SHORT,2430.12,2434.51,-4.39
143,2025-06-28 21:30:00,2025-06-29 01:30:00,LONG,2434.51,2430.03,-4.48
144,2025-06-29 01:30:00,2025-06-29 06:45:00,SHORT,2430.03,2436.66,-6.63
145,2025-06-29 06:45:00,2025-06-29 14:30:00,LONG,2436.66,2442.59,5.94
146,2025-06-29 14:30:00,2025-06-29 22:00:00,SHORT,2442.59,2439.1,3.49
147,2025-06-29 22:00:00,2025-06-30 06:45:00,LONG,2439.1,2478.24,39.14
148,2025-06-30 06:45:00,2025-06-30 15:45:00,SHORT,2478.24,2476.31,1.92
149,2025-06-30 15:45:00,2025-06-30 16:15:00,LONG,2476.31,2464.48,-11.84
150,2025-06-30 16:15:00,2025-06-30 17:30:00,SHORT,2464.48,2489.61,-25.13
151,2025-06-30 17:30:00,2025-07-01 03:30:00,LONG,2489.61,2483.14,-6.46
152,2025-07-01 03:30:00,2025-07-02 03:00:00,SHORT,2483.14,2422.81,60.33
153,2025-07-02 03:00:00,2025-07-02 12:30:00,LONG,2422.81,2438.25,15.44
154,2025-07-02 12:30:00,2025-07-02 13:00:00,SHORT,2438.25,2443.69,-5.43
155,2025-07-02 13:00:00,2025-07-03 02:30:00,LONG,2443.69,2557.06,113.38
156,2025-07-03 02:30:00,2025-07-03 02:45:00,SHORT,2557.06,2563.86,-6.79
157,2025-07-03 02:45:00,2025-07-03 03:45:00,LONG,2563.86,2562.01,-1.84
158,2025-07-03 03:45:00,2025-07-03 05:15:00,SHORT,2562.01,2582.86,-20.85
159,2025-07-03 05:15:00,2025-07-03 15:00:00,LONG,2582.86,2581.19,-1.67
160,2025-07-03 15:00:00,2025-07-03 20:15:00,SHORT,2581.19,2594.63,-13.44
161,2025-07-03 20:15:00,2025-07-03 23:15:00,LONG,2594.63,2588.27,-6.36
162,2025-07-03 23:15:00,2025-07-04 00:30:00,SHORT,2588.27,2594.4,-6.13
163,2025-07-04 00:30:00,2025-07-04 00:45:00,LONG,2594.4,2591.98,-2.42
164,2025-07-04 00:45:00,2025-07-04 01:00:00,SHORT,2591.98,2594.46,-2.48
165,2025-07-04 01:00:00,2025-07-04 01:30:00,LONG,2594.46,2588.8,-5.65
166,2025-07-04 01:30:00,2025-07-04 22:30:00,SHORT,2588.8,2517.66,71.15
167,2025-07-04 22:30:00,2025-07-04 23:30:00,LONG,2517.66,2505.97,-11.69
168,2025-07-04 23:30:00,2025-07-05 00:00:00,SHORT,2505.97,2512.59,-6.62
169,2025-07-05 00:00:00,2025-07-05 09:00:00,LONG,2512.59,2511.97,-0.62
170,2025-07-05 09:00:00,2025-07-05 09:45:00,SHORT,2511.97,2517.91,-5.94
171,2025-07-05 09:45:00,2025-07-05 12:00:00,LONG,2517.91,2514.83,-3.08
172,2025-07-05 12:00:00,2025-07-05 13:15:00,SHORT,2514.83,2521.56,-6.74
173,2025-07-05 13:15:00,2025-07-05 13:30:00,LONG,2521.56,2516.63,-4.93
174,2025-07-05 13:30:00,2025-07-05 21:15:00,SHORT,2516.63,2511.61,5.02
175,2025-07-05 21:15:00,2025-07-06 03:15:00,LONG,2511.61,2511.46,-0.15
176,2025-07-06 03:15:00,2025-07-06 03:45:00,SHORT,2511.46,2514.43,-2.97
177,2025-07-06 03:45:00,2025-07-06 05:30:00,LONG,2514.43,2510.41,-4.03
178,2025-07-06 05:30:00,2025-07-06 06:00:00,SHORT,2510.41,2512.55,-2.14
179,2025-07-06 06:00:00,2025-07-06 08:00:00,LONG,2512.55,2515.15,2.6
180,2025-07-06 08:00:00,2025-07-06 11:45:00,SHORT,2515.15,2515.6,-0.45
181,2025-07-06 11:45:00,2025-07-06 12:00:00,LONG,2515.6,2513.59,-2.01
182,2025-07-06 12:00:00,2025-07-06 12:30:00,SHORT,2513.59,2515.16,-1.57
183,2025-07-06 12:30:00,2025-07-06 18:30:00,LONG,2515.16,2531.5,16.33
184,2025-07-06 18:30:00,2025-07-06 19:00:00,SHORT,2531.5,2537.87,-6.37
185,2025-07-06 19:00:00,2025-07-07 06:30:00,LONG,2537.87,2569.89,32.02
186,2025-07-07 06:30:00,2025-07-07 08:30:00,SHORT,2569.89,2579.39,-9.5
187,2025-07-07 08:30:00,2025-07-07 09:45:00,LONG,2579.39,2569.89,-9.5
188,2025-07-07 09:45:00,2025-07-07 23:30:00,SHORT,2569.89,2544.63,25.26
189,2025-07-07 23:30:00,2025-07-08 02:30:00,LONG,2544.63,2532.26,-12.37
190,2025-07-08 02:30:00,2025-07-08 04:30:00,SHORT,2532.26,2539.43,-7.17
191,2025-07-08 04:30:00,2025-07-09 03:00:00,LONG,2539.43,2598.31,58.88
192,2025-07-09 03:00:00,2025-07-09 05:00:00,SHORT,2598.31,2607.04,-8.73
193,2025-07-09 05:00:00,2025-07-09 09:00:00,LONG,2607.04,2607.42,0.38
194,2025-07-09 09:00:00,2025-07-09 10:30:00,SHORT,2607.42,2616.79,-9.37
195,2025-07-09 10:30:00,2025-07-10 10:00:00,LONG,2616.79,2772.81,156.02
196,2025-07-10 10:00:00,2025-07-10 10:30:00,SHORT,2772.81,2780.38,-7.57
197,2025-07-10 10:30:00,2025-07-10 11:30:00,LONG,2780.38,2775.28,-5.09
198,2025-07-10 11:30:00,2025-07-10 13:00:00,SHORT,2775.28,2784.63,-9.35
199,2025-07-10 13:00:00,2025-07-10 14:15:00,LONG,2784.63,2772.81,-11.83
200,2025-07-10 14:15:00,2025-07-10 16:15:00,SHORT,2772.81,2786.94,-14.14
201,2025-07-10 16:15:00,2025-07-11 12:15:00,LONG,2786.94,2981.83,194.88
202,2025-07-11 12:15:00,2025-07-11 12:45:00,SHORT,2981.83,2986.86,-5.03
203,2025-07-11 12:45:00,2025-07-11 14:45:00,LONG,2986.86,2986.42,-0.44
204,2025-07-11 14:45:00,2025-07-11 19:15:00,SHORT,2986.42,3003.72,-17.3
205,2025-07-11 19:15:00,2025-07-11 20:30:00,LONG,3003.72,2987.5,-16.22
206,2025-07-11 20:30:00,2025-07-11 21:15:00,SHORT,2987.5,2994.94,-7.43
207,2025-07-11 21:15:00,2025-07-11 21:30:00,LONG,2994.94,2985.13,-9.81
208,2025-07-11 21:30:00,2025-07-12 07:00:00,SHORT,2985.13,2966.09,19.04
209,2025-07-12 07:00:00,2025-07-12 07:30:00,LONG,2966.09,2963.46,-2.63
210,2025-07-12 07:30:00,2025-07-12 09:30:00,SHORT,2963.46,2973.99,-10.53
211,2025-07-12 09:30:00,2025-07-12 12:00:00,LONG,2973.99,2956.39,-17.6
212,2025-07-12 12:00:00,2025-07-12 23:45:00,SHORT,2956.39,2939.61,16.78
213,2025-07-12 23:45:00,2025-07-13 09:30:00,LONG,2939.61,2948.42,8.81
214,2025-07-13 09:30:00,2025-07-13 10:00:00,SHORT,2948.42,2952.77,-4.35
215,2025-07-13 10:00:00,2025-07-13 10:45:00,LONG,2952.77,2946.87,-5.9
216,2025-07-13 10:45:00,2025-07-13 11:00:00,SHORT,2946.87,2952.36,-5.49
217,2025-07-13 11:00:00,2025-07-13 21:30:00,LONG,2952.36,2977.69,25.32
218,2025-07-13 21:30:00,2025-07-14 00:30:00,SHORT,2977.69,2987.37,-9.68
219,2025-07-14 00:30:00,2025-07-14 00:45:00,LONG,2987.37,2977.23,-10.15
220,2025-07-14 00:45:00,2025-07-14 02:15:00,SHORT,2977.23,2989.46,-12.23
221,2025-07-14 02:15:00,2025-07-14 14:30:00,LONG,2989.46,3030.38,40.91
222,2025-07-14 14:30:00,2025-07-15 09:00:00,SHORT,3030.38,2983.45,46.93
223,2025-07-15 09:00:00,2025-07-15 10:30:00,LONG,2983.45,2970.11,-13.34
224,2025-07-15 10:30:00,2025-07-15 11:45:00,SHORT,2970.11,2977.1,-7.0
225,2025-07-15 11:45:00,2025-07-15 14:45:00,LONG,2977.1,2996.35,19.25
226,2025-07-15 14:45:00,2025-07-15 15:30:00,SHORT,2996.35,3023.84,-27.49
227,2025-07-15 15:30:00,2025-07-17 03:00:00,LONG,3023.84,3332.32,308.47
228,2025-07-17 03:00:00,2025-07-17 05:30:00,SHORT,3332.32,3362.74,-30.42
229,2025-07-17 05:30:00,2025-07-17 13:30:00,LONG,3362.74,3409.55,46.81
230,2025-07-17 13:30:00,2025-07-17 15:15:00,SHORT,3409.55,3416.94,-7.39
231,2025-07-17 15:15:00,2025-07-17 16:00:00,LONG,3416.94,3404.65,-12.28
232,2025-07-17 16:00:00,2025-07-17 18:15:00,SHORT,3404.65,3436.67,-32.01
233,2025-07-17 18:15:00,2025-07-17 19:45:00,LONG,3436.67,3432.85,-3.82
234,2025-07-17 19:45:00,2025-07-17 21:00:00,SHORT,3432.85,3443.34,-10.49
235,2025-07-17 21:00:00,2025-07-18 12:15:00,LONG,3443.34,3593.38,150.03
236,2025-07-18 12:15:00,2025-07-18 12:30:00,SHORT,3593.38,3607.68,-14.3
237,2025-07-18 12:30:00,2025-07-18 14:15:00,LONG,3607.68,3639.78,32.1
238,2025-07-18 14:15:00,2025-07-18 17:15:00,SHORT,3639.78,3594.31,45.47
239,2025-07-18 17:15:00,2025-07-18 18:00:00,LONG,3594.31,3581.54,-12.76
240,2025-07-18 18:00:00,2025-07-19 02:30:00,SHORT,3581.54,3564.0,17.55
241,2025-07-19 02:30:00,2025-07-19 08:00:00,LONG,3564.0,3563.76,-0.24
242,2025-07-19 08:00:00,2025-07-19 09:30:00,SHORT,3563.76,3567.61,-3.86
243,2025-07-19 09:30:00,2025-07-19 10:45:00,LONG,3567.61,3558.11,-9.51
244,2025-07-19 10:45:00,2025-07-19 11:15:00,SHORT,3558.11,3560.38,-2.28
245,2025-07-19 11:15:00,2025-07-19 11:45:00,LONG,3560.38,3550.66,-9.72
246,2025-07-19 11:45:00,2025-07-19 19:15:00,SHORT,3550.66,3560.09,-9.43
247,2025-07-19 19:15:00,2025-07-19 21:00:00,LONG,3560.09,3553.75,-6.34
248,2025-07-19 21:00:00,2025-07-19 21:45:00,SHORT,3553.75,3570.13,-16.38
249,2025-07-19 21:45:00,2025-07-20 20:00:00,LONG,3570.13,3738.91,168.78
250,2025-07-20 20:00:00,2025-07-20 21:15:00,SHORT,3738.91,3748.31,-9.4
251,2025-07-20 21:15:00,2025-07-20 22:00:00,LONG,3748.31,3756.62,8.31
252,2025-07-20 22:00:00,2025-07-20 23:30:00,SHORT,3756.62,3764.11,-7.49
253,2025-07-20 23:30:00,2025-07-21 00:00:00,LONG,3764.11,3743.02,-21.1
254,2025-07-21 00:00:00,2025-07-21 03:00:00,SHORT,3743.02,3756.64,-13.62
255,2025-07-21 03:00:00,2025-07-21 16:00:00,LONG,3756.64,3793.2,36.56
256,2025-07-21 16:00:00,2025-07-22 01:45:00,SHORT,3793.2,3788.56,4.64
257,2025-07-22 01:45:00,2025-07-22 02:45:00,LONG,3788.56,3745.75,-42.8
258,2025-07-22 02:45:00,2025-07-22 14:45:00,SHORT,3745.75,3702.61,43.14
259,2025-07-22 14:45:00,2025-07-22 19:30:00,LONG,3702.61,3691.3,-11.32
260,2025-07-22 19:30:00,2025-07-22 20:00:00,SHORT,3691.3,3688.62,2.68
261,2025-07-22 20:00:00,2025-07-23 05:15:00,LONG,3688.62,3714.29,25.68
262,2025-07-23 05:15:00,2025-07-23 23:00:00,SHORT,3714.29,3623.19,91.11
263,2025-07-23 23:00:00,2025-07-24 04:45:00,LONG,3623.19,3605.41,-17.78
264,2025-07-24 04:45:00,2025-07-24 08:00:00,SHORT,3605.41,3614.66,-9.25
265,2025-07-24 08:00:00,2025-07-24 10:15:00,LONG,3614.66,3617.99,3.33
266,2025-07-24 10:15:00,2025-07-24 11:00:00,SHORT,3617.99,3639.95,-21.96
267,2025-07-24 11:00:00,2025-07-25 00:00:00,LONG,3639.95,3693.55,53.6
268,2025-07-25 00:00:00,2025-07-25 08:45:00,SHORT,3693.55,3666.98,26.57
269,2025-07-25 08:45:00,2025-07-25 14:30:00,LONG,3666.98,3663.4,-3.58
270,2025-07-25 14:30:00,2025-07-25 20:30:00,SHORT,3663.4,3673.95,-10.55
271,2025-07-25 20:30:00,2025-07-26 12:00:00,LONG,3673.95,3725.74,51.79
272,2025-07-26 12:00:00,2025-07-26 12:15:00,SHORT,3725.74,3748.96,-23.22
273,2025-07-26 12:15:00,2025-07-26 13:45:00,LONG,3748.96,3745.01,-3.95
274,2025-07-26 13:45:00,2025-07-26 18:30:00,SHORT,3745.01,3739.64,5.37
275,2025-07-26 18:30:00,2025-07-26 20:00:00,LONG,3739.64,3743.69,4.06
276,2025-07-26 20:00:00,2025-07-26 20:30:00,SHORT,3743.69,3744.22,-0.53
277,2025-07-26 20:30:00,2025-07-27 00:00:00,LONG,3744.22,3734.55,-9.67
278,2025-07-27 00:00:00,2025-07-27 00:15:00,SHORT,3734.55,3743.6,-9.05
279,2025-07-27 00:15:00,2025-07-27 09:45:00,LONG,3743.6,3761.54,17.94
280,2025-07-27 09:45:00,2025-07-27 10:00:00,SHORT,3761.54,3769.64,-8.1
281,2025-07-27 10:00:00,2025-07-28 09:30:00,LONG,3769.64,3872.43,102.79
282,2025-07-28 09:30:00,2025-07-28 09:45:00,SHORT,3872.43,3887.43,-15.0
283,2025-07-28 09:45:00,2025-07-28 11:00:00,LONG,3887.43,3877.42,-10.0
284,2025-07-28 11:00:00,2025-07-29 05:00:00,SHORT,3877.42,3789.08,88.34
285,2025-07-29 05:00:00,2025-07-29 14:00:00,LONG,3789.08,3823.24,34.15
286,2025-07-29 14:00:00,2025-07-29 23:45:00,SHORT,3823.24,3794.17,29.07
287,2025-07-29 23:45:00,2025-07-30 00:15:00,LONG,3794.17,3778.41,-15.76
288,2025-07-30 00:15:00,2025-07-30 01:30:00,SHORT,3778.41,3784.26,-5.85
289,2025-07-30 01:30:00,2025-07-30 09:30:00,LONG,3784.26,3785.35,1.09
290,2025-07-30 09:30:00,2025-07-30 14:45:00,SHORT,3785.35,3809.79,-24.44
291,2025-07-30 14:45:00,2025-07-30 15:00:00,LONG,3809.79,3802.36,-7.44
292,2025-07-30 15:00:00,2025-07-30 16:15:00,SHORT,3802.36,3807.13,-4.78
293,2025-07-30 16:15:00,2025-07-30 18:30:00,LONG,3807.13,3791.18,-15.95
294,2025-07-30 18:30:00,2025-07-30 23:00:00,SHORT,3791.18,3774.41,16.78
295,2025-07-30 23:00:00,2025-07-31 11:00:00,LONG,3774.41,3848.22,73.82
296,2025-07-31 11:00:00,2025-08-01 12:30:00,SHORT,3848.22,3656.52,191.71
297,2025-08-01 12:30:00,2025-08-01 13:15:00,LONG,3656.52,3650.41,-6.11
298,2025-08-01 13:15:00,2025-08-02 11:15:00,SHORT,3650.41,3498.93,151.47
299,2025-08-02 11:15:00,2025-08-02 14:15:00,LONG,3498.93,3493.64,-5.29
300,2025-08-02 14:15:00,2025-08-03 02:00:00,SHORT,3493.64,3423.98,69.66
301,2025-08-03 02:00:00,2025-08-05 01:45:00,LONG,3423.98,3686.53,262.55
302,2025-08-05 01:45:00,2025-08-05 10:15:00,SHORT,3686.53,3670.4,16.13
303,2025-08-05 10:15:00,2025-08-05 12:15:00,LONG,3670.4,3667.88,-2.52
304,2025-08-05 12:15:00,2025-08-05 23:00:00,SHORT,3667.88,3608.55,59.33
305,2025-08-05 23:00:00,2025-08-06 00:15:00,LONG,3608.55,3592.13,-16.43
306,2025-08-06 00:15:00,2025-08-06 01:45:00,SHORT,3592.13,3593.76,-1.63
307,2025-08-06 01:45:00,2025-08-06 02:00:00,LONG,3593.76,3577.01,-16.75
308,2025-08-06 02:00:00,2025-08-06 05:00:00,SHORT,3577.01,3580.38,-3.37
309,2025-08-06 05:00:00,2025-08-06 12:00:00,LONG,3580.38,3612.07,31.68
310,2025-08-06 12:00:00,2025-08-06 14:45:00,SHORT,3612.07,3627.3,-15.23
311,2025-08-06 14:45:00,2025-08-07 04:30:00,LONG,3627.3,3660.63,33.33
312,2025-08-07 04:30:00,2025-08-07 05:15:00,SHORT,3660.63,3672.18,-11.55
313,2025-08-07 05:15:00,2025-08-08 08:30:00,LONG,3672.18,3894.49,222.31
314,2025-08-08 08:30:00,2025-08-08 11:00:00,SHORT,3894.49,3904.61,-10.12
315,2025-08-08 11:00:00,2025-08-08 12:00:00,LONG,3904.61,3910.04,5.43
316,2025-08-08 12:00:00,2025-08-08 13:15:00,SHORT,3910.04,3907.9,2.14
317,2025-08-08 13:15:00,2025-08-10 03:00:00,LONG,3907.9,4228.51,320.61
318,2025-08-10 03:00:00,2025-08-10 16:30:00,SHORT,4228.51,4240.29,-11.78
319,2025-08-10 16:30:00,2025-08-10 20:15:00,LONG,4240.29,4220.44,-19.85
320,2025-08-10 20:15:00,2025-08-10 20:30:00,SHORT,4220.44,4227.28,-6.85
321,2025-08-10 20:30:00,2025-08-10 21:00:00,LONG,4227.28,4201.43,-25.86
322,2025-08-10 21:00:00,2025-08-10 21:45:00,SHORT,4201.43,4213.29,-11.86
323,2025-08-10 21:45:00,2025-08-11 07:45:00,LONG,4213.29,4269.69,56.4
324,2025-08-11 07:45:00,2025-08-11 13:45:00,SHORT,4269.69,4279.83,-10.13
325,2025-08-11 13:45:00,2025-08-11 19:45:00,LONG,4279.83,4261.94,-17.89
326,2025-08-11 19:45:00,2025-08-12 00:45:00,SHORT,4261.94,4246.66,15.28
327,2025-08-12 00:45:00,2025-08-12 11:00:00,LONG,4246.66,4265.27,18.61
328,2025-08-12 11:00:00,2025-08-12 11:45:00,SHORT,4265.27,4285.81,-20.54
329,2025-08-12 11:45:00,2025-08-13 08:30:00,LONG,4285.81,4612.79,326.98
330,2025-08-13 08:30:00,2025-08-13 08:45:00,SHORT,4612.79,4624.36,-11.57
331,2025-08-13 08:45:00,2025-08-13 14:45:00,LONG,4624.36,4658.46,34.1
332,2025-08-13 14:45:00,2025-08-13 16:15:00,SHORT,4658.46,4712.4,-53.94
333,2025-08-13 16:15:00,2025-08-14 06:00:00,LONG,4712.4,4718.2,5.8
334,2025-08-14 06:00:00,2025-08-14 06:30:00,SHORT,4718.2,4754.34,-36.14
335,2025-08-14 06:30:00,2025-08-14 07:00:00,LONG,4754.34,4755.71,1.37
336,2025-08-14 07:00:00,2025-08-14 09:30:00,SHORT,4755.71,4757.81,-2.1
337,2025-08-14 09:30:00,2025-08-14 10:30:00,LONG,4757.81,4733.66,-24.14
338,2025-08-14 10:30:00,2025-08-15 00:30:00,SHORT,4733.66,4569.21,164.46
339,2025-08-15 00:30:00,2025-08-15 12:15:00,LONG,4569.21,4628.08,58.88
340,2025-08-15 12:15:00,2025-08-15 12:30:00,SHORT,4628.08,4628.12,-0.03
341,2025-08-15 12:30:00,2025-08-15 13:00:00,LONG,4628.12,4604.62,-23.5
342,2025-08-15 13:00:00,2025-08-16 00:30:00,SHORT,4604.62,4473.6,131.02
343,2025-08-16 00:30:00,2025-08-16 05:15:00,LONG,4473.6,4440.99,-32.61
344,2025-08-16 05:15:00,2025-08-16 09:00:00,SHORT,4440.99,4452.87,-11.88
345,2025-08-16 09:00:00,2025-08-16 09:45:00,LONG,4452.87,4442.48,-10.39
346,2025-08-16 09:45:00,2025-08-16 19:15:00,SHORT,4442.48,4423.13,19.35
347,2025-08-16 19:15:00,2025-08-16 21:45:00,LONG,4423.13,4414.14,-8.99
348,2025-08-16 21:45:00,2025-08-16 22:00:00,SHORT,4414.14,4417.0,-2.86
349,2025-08-16 22:00:00,2025-08-17 00:45:00,LONG,4417.0,4412.26,-4.74
350,2025-08-17 00:45:00,2025-08-17 02:15:00,SHORT,4412.26,4412.7,-0.43
351,2025-08-17 02:15:00,2025-08-17 16:45:00,LONG,4412.7,4516.55,103.86
352,2025-08-17 16:45:00,2025-08-17 22:30:00,SHORT,4516.55,4528.47,-11.92
353,2025-08-17 22:30:00,2025-08-17 23:00:00,LONG,4528.47,4505.43,-23.05
354,2025-08-17 23:00:00,2025-08-18 12:30:00,SHORT,4505.43,4305.14,200.29
355,2025-08-18 12:30:00,2025-08-18 13:45:00,LONG,4305.14,4296.64,-8.49
356,2025-08-18 13:45:00,2025-08-18 14:45:00,SHORT,4296.64,4325.42,-28.78
357,2025-08-18 14:45:00,2025-08-18 23:30:00,LONG,4325.42,4313.74,-11.68
358,2025-08-18 23:30:00,2025-08-19 00:45:00,SHORT,4313.74,4306.66,7.08
359,2025-08-19 00:45:00,2025-08-19 03:00:00,LONG,4306.66,4273.08,-33.58
360,2025-08-19 03:00:00,2025-08-19 09:30:00,SHORT,4273.08,4295.79,-22.72
361,2025-08-19 09:30:00,2025-08-19 14:15:00,LONG,4295.79,4246.09,-49.71
362,2025-08-19 14:15:00,2025-08-20 03:15:00,SHORT,4246.09,4146.31,99.77
363,2025-08-20 03:15:00,2025-08-20 03:30:00,LONG,4146.31,4138.47,-7.84
364,2025-08-20 03:30:00,2025-08-20 04:00:00,SHORT,4138.47,4154.17,-15.7
365,2025-08-20 04:00:00,2025-08-20 11:30:00,LONG,4154.17,4187.22,33.05
366,2025-08-20 11:30:00,2025-08-20 11:45:00,SHORT,4187.22,4179.75,7.48
367,2025-08-20 11:45:00,2025-08-20 13:00:00,LONG,4179.75,4182.02,2.27
368,2025-08-20 13:00:00,2025-08-20 14:30:00,SHORT,4182.02,4194.18,-12.15
369,2025-08-20 14:30:00,2025-08-21 02:00:00,LONG,4194.18,4317.02,122.85
370,2025-08-21 02:00:00,2025-08-21 03:00:00,SHORT,4317.02,4309.91,7.11
371,2025-08-21 03:00:00,2025-08-21 03:15:00,LONG,4309.91,4305.06,-4.86
372,2025-08-21 03:15:00,2025-08-21 14:00:00,SHORT,4305.06,4284.87,20.19
373,2025-08-21 14:00:00,2025-08-21 14:30:00,LONG,4284.87,4289.7,4.83
374,2025-08-21 14:30:00,2025-08-22 01:15:00,SHORT,4289.7,4239.7,50.0
375,2025-08-22 01:15:00,2025-08-22 11:00:00,LONG,4239.7,4286.17,46.47
376,2025-08-22 11:00:00,2025-08-22 13:30:00,SHORT,4286.17,4281.2,4.97
377,2025-08-22 13:30:00,2025-08-23 02:15:00,LONG,4281.2,4738.67,457.47
378,2025-08-23 02:15:00,2025-08-23 14:15:00,SHORT,4738.67,4740.64,-1.98
379,2025-08-23 14:15:00,2025-08-23 17:15:00,LONG,4740.64,4739.54,-1.1
380,2025-08-23 17:15:00,2025-08-23 17:30:00,SHORT,4739.54,4741.5,-1.96
381,2025-08-23 17:30:00,2025-08-24 03:00:00,LONG,4741.5,4764.88,23.38
382,2025-08-24 03:00:00,2025-08-24 03:30:00,SHORT,4764.88,4774.15,-9.26
383,2025-08-24 03:30:00,2025-08-24 06:45:00,LONG,4774.15,4763.05,-11.1
384,2025-08-24 06:45:00,2025-08-24 09:30:00,SHORT,4763.05,4783.94,-20.89
385,2025-08-24 09:30:00,2025-08-24 09:45:00,LONG,4783.94,4777.11,-6.82
386,2025-08-24 09:45:00,2025-08-24 13:15:00,SHORT,4777.11,4777.65,-0.53
387,2025-08-24 13:15:00,2025-08-24 13:30:00,LONG,4777.65,4762.01,-15.64
388,2025-08-24 13:30:00,2025-08-24 14:15:00,SHORT,4762.01,4782.44,-20.42
389,2025-08-24 14:15:00,2025-08-24 20:00:00,LONG,4782.44,4757.9,-24.53
390,2025-08-24 20:00:00,2025-08-25 14:00:00,SHORT,4757.9,4657.11,100.8
391,2025-08-25 14:00:00,2025-08-25 15:00:00,LONG,4657.11,4628.24,-28.87
392,2025-08-25 15:00:00,2025-08-26 05:30:00,SHORT,4628.24,4443.25,184.99
393,2025-08-26 05:30:00,2025-08-26 12:00:00,LONG,4443.25,4411.0,-32.25
394,2025-08-26 12:00:00,2025-08-26 12:30:00,SHORT,4411.0,4433.5,-22.5
395,2025-08-26 12:30:00,2025-08-27 01:15:00,LONG,4433.5,4551.91,118.41
396,2025-08-27 01:15:00,2025-08-27 01:45:00,SHORT,4551.91,4560.91,-8.99
397,2025-08-27 01:45:00,2025-08-27 02:00:00,LONG,4560.91,4547.19,-13.71
398,2025-08-27 02:00:00,2025-08-27 02:15:00,SHORT,4547.19,4566.46,-19.27
399,2025-08-27 02:15:00,2025-08-27 03:15:00,LONG,4566.46,4549.81,-16.65
400,2025-08-27 03:15:00,2025-08-27 03:30:00,SHORT,4549.81,4570.83,-21.01
401,2025-08-27 03:30:00,2025-08-27 06:45:00,LONG,4570.83,4583.74,12.92
402,2025-08-27 06:45:00,2025-08-27 08:45:00,SHORT,4583.74,4584.63,-0.89
403,2025-08-27 08:45:00,2025-08-27 10:30:00,LONG,4584.63,4578.98,-5.65
404,2025-08-27 10:30:00,2025-08-27 11:45:00,SHORT,4578.98,4612.4,-33.43
405,2025-08-27 11:45:00,2025-08-27 19:00:00,LONG,4612.4,4576.2,-36.2
406,2025-08-27 19:00:00,2025-08-28 04:30:00,SHORT,4576.2,4562.95,13.25
407,2025-08-28 04:30:00,2025-08-28 14:15:00,LONG,4562.95,4564.97,2.02
408,2025-08-28 14:15:00,2025-08-29 03:30:00,SHORT,4564.97,4496.36,68.6
409,2025-08-29 03:30:00,2025-08-29 04:45:00,LONG,4496.36,4476.34,-20.03
410,2025-08-29 04:45:00,2025-08-29 19:15:00,SHORT,4476.34,4360.51,115.82
411,2025-08-29 19:15:00,2025-08-30 00:30:00,LONG,4360.51,4338.94,-21.57
412,2025-08-30 00:30:00,2025-08-30 03:15:00,SHORT,4338.94,4340.22,-1.28
413,2025-08-30 03:15:00,2025-08-30 12:30:00,LONG,4340.22,4364.28,24.06
414,2025-08-30 12:30:00,2025-08-30 23:00:00,SHORT,4364.28,4365.41,-1.13
415,2025-08-30 23:00:00,2025-08-31 14:00:00,LONG,4365.41,4455.58,90.17
416,2025-08-31 14:00:00,2025-08-31 15:00:00,SHORT,4455.58,4470.5,-14.92
417,2025-08-31 15:00:00,2025-08-31 19:45:00,LONG,4470.5,4468.81,-1.69
418,2025-08-31 19:45:00,2025-08-31 21:30:00,SHORT,4468.81,4469.43,-0.62
419,2025-08-31 21:30:00,2025-08-31 21:45:00,LONG,4469.43,4467.16,-2.27
420,2025-08-31 21:45:00,2025-09-01 07:15:00,SHORT,4467.16,4394.33,72.83
421,2025-09-01 07:15:00,2025-09-01 10:30:00,LONG,4394.33,4417.83,23.5
422,2025-09-01 10:30:00,2025-09-01 13:15:00,SHORT,4417.83,4420.61,-2.78
423,2025-09-01 13:15:00,2025-09-01 13:30:00,LONG,4420.61,4403.28,-17.33
424,2025-09-01 13:30:00,2025-09-02 02:45:00,SHORT,4403.28,4355.39,47.89
425,2025-09-02 02:45:00,2025-09-02 11:45:00,LONG,4355.39,4364.98,9.59
426,2025-09-02 11:45:00,2025-09-02 13:45:00,SHORT,4364.98,4374.44,-9.46
427,2025-09-02 13:45:00,2025-09-02 14:00:00,LONG,4374.44,4346.59,-27.85
428,2025-09-02 14:00:00,2025-09-02 21:30:00,SHORT,4346.59,4325.94,20.65
429,2025-09-02 21:30:00,2025-09-03 00:45:00,LONG,4325.94,4307.31,-18.64
430,2025-09-03 00:45:00,2025-09-03 01:45:00,SHORT,4307.31,4301.62,5.68
431,2025-09-03 01:45:00,2025-09-03 05:45:00,LONG,4301.62,4313.81,12.18
432,2025-09-03 05:45:00,2025-09-03 08:00:00,SHORT,4313.81,4321.95,-8.14
433,2025-09-03 08:00:00,2025-09-03 08:45:00,LONG,4321.95,4316.02,-5.92
434,2025-09-03 08:45:00,2025-09-03 09:30:00,SHORT,4316.02,4333.34,-17.32
435,2025-09-03 09:30:00,2025-09-04 01:00:00,LONG,4333.34,4456.42,123.07
436,2025-09-04 01:00:00,2025-09-04 01:30:00,SHORT,4456.42,4471.76,-15.34
437,2025-09-04 01:30:00,2025-09-04 02:15:00,LONG,4471.76,4450.2,-21.56
438,2025-09-04 02:15:00,2025-09-04 10:30:00,SHORT,4450.2,4420.08,30.12
439,2025-09-04 10:30:00,2025-09-04 10:45:00,LONG,4420.08,4410.08,-10.0
440,2025-09-04 10:45:00,2025-09-04 11:00:00,SHORT,4410.08,4422.72,-12.65
441,2025-09-04 11:00:00,2025-09-04 12:30:00,LONG,4422.72,4400.03,-22.69
442,2025-09-04 12:30:00,2025-09-04 12:45:00,SHORT,4400.03,4408.85,-8.82
443,2025-09-04 12:45:00,2025-09-04 13:30:00,LONG,4408.85,4380.48,-28.37
444,2025-09-04 13:30:00,2025-09-04 22:45:00,SHORT,4380.48,4327.76,52.72
445,2025-09-04 22:45:00,2025-09-04 23:30:00,LONG,4327.76,4319.58,-8.19
446,2025-09-04 23:30:00,2025-09-05 01:15:00,SHORT,4319.58,4316.67,2.91
447,2025-09-05 01:15:00,2025-09-05 02:30:00,LONG,4316.67,4310.03,-6.64
448,2025-09-05 02:30:00,2025-09-05 02:45:00,SHORT,4310.03,4323.7,-13.67
449,2025-09-05 02:45:00,2025-09-05 03:00:00,LONG,4323.7,4310.09,-13.61
450,2025-09-05 03:00:00,2025-09-05 03:45:00,SHORT,4310.09,4328.12,-18.03
451,2025-09-05 03:45:00,2025-09-05 14:15:00,LONG,4328.12,4377.82,49.7
452,2025-09-05 14:15:00,2025-09-06 02:45:00,SHORT,4377.82,4319.4,58.42
453,2025-09-06 02:45:00,2025-09-06 04:00:00,LONG,4319.4,4315.39,-4.01
454,2025-09-06 04:00:00,2025-09-07 00:30:00,SHORT,4315.39,4279.22,36.17
455,2025-09-07 00:30:00,2025-09-07 15:45:00,LONG,4279.22,4298.21,18.99
456,2025-09-07 15:45:00,2025-09-07 19:30:00,SHORT,4298.21,4288.46,9.75
457,2025-09-07 19:30:00,2025-09-07 20:00:00,LONG,4288.46,4286.48,-1.98
458,2025-09-07 20:00:00,2025-09-07 20:45:00,SHORT,4286.48,4293.79,-7.31
459,2025-09-07 20:45:00,2025-09-07 21:15:00,LONG,4293.79,4289.97,-3.81
460,2025-09-07 21:15:00,2025-09-07 22:00:00,SHORT,4289.97,4295.22,-5.24
461,2025-09-07 22:00:00,2025-09-08 02:15:00,LONG,4295.22,4283.7,-11.51
462,2025-09-08 02:15:00,2025-09-08 02:30:00,SHORT,4283.7,4295.68,-11.97
463,2025-09-08 02:30:00,2025-09-08 05:30:00,LONG,4295.68,4290.53,-5.15
464,2025-09-08 05:30:00,2025-09-08 05:45:00,SHORT,4290.53,4296.48,-5.96
465,2025-09-08 05:45:00,2025-09-08 06:00:00,LONG,4296.48,4290.4,-6.08
466,2025-09-08 06:00:00,2025-09-08 06:15:00,SHORT,4290.4,4300.59,-10.18
467,2025-09-08 06:15:00,2025-09-08 06:45:00,LONG,4300.59,4293.94,-6.65
468,2025-09-08 06:45:00,2025-09-08 07:00:00,SHORT,4293.94,4298.42,-4.48
469,2025-09-08 07:00:00,2025-09-08 07:30:00,LONG,4298.42,4298.73,0.32
470,2025-09-08 07:30:00,2025-09-08 08:30:00,SHORT,4298.73,4303.14,-4.4
471,2025-09-08 08:30:00,2025-09-08 11:15:00,LONG,4303.14,4310.2,7.06
472,2025-09-08 11:15:00,2025-09-08 11:45:00,SHORT,4310.2,4316.39,-6.19
473,2025-09-08 11:45:00,2025-09-08 17:45:00,LONG,4316.39,4312.24,-4.15
474,2025-09-08 17:45:00,2025-09-09 04:15:00,SHORT,4312.24,4310.45,1.79
475,2025-09-09 04:15:00,2025-09-09 05:00:00,LONG,4310.45,4306.9,-3.55
476,2025-09-09 05:00:00,2025-09-09 05:45:00,SHORT,4306.9,4317.09,-10.19
477,2025-09-09 05:45:00,2025-09-09 14:15:00,LONG,4317.09,4316.03,-1.06
478,2025-09-09 14:15:00,2025-09-09 23:30:00,SHORT,4316.03,4313.59,2.45
479,2025-09-09 23:30:00,2025-09-10 00:15:00,LONG,4313.59,4304.91,-8.68
480,2025-09-10 00:15:00,2025-09-10 01:30:00,SHORT,4304.91,4311.4,-6.49
481,2025-09-10 01:30:00,2025-09-10 06:00:00,LONG,4311.4,4299.56,-11.84
482,2025-09-10 06:00:00,2025-09-10 06:15:00,SHORT,4299.56,4309.67,-10.11
483,2025-09-10 06:15:00,2025-09-10 17:15:00,LONG,4309.67,4377.02,67.34
484,2025-09-10 17:15:00,2025-09-11 01:00:00,SHORT,4377.02,4367.28,9.74
485,2025-09-11 01:00:00,2025-09-11 13:00:00,LONG,4367.28,4388.54,21.26
486,2025-09-11 13:00:00,2025-09-11 13:45:00,SHORT,4388.54,4439.5,-50.96
487,2025-09-11 13:45:00,2025-09-11 14:00:00,LONG,4439.5,4410.47,-29.03
488,2025-09-11 14:00:00,2025-09-11 14:30:00,SHORT,4410.47,4431.16,-20.69
489,2025-09-11 14:30:00,2025-09-11 18:15:00,LONG,4431.16,4414.8,-16.36
490,2025-09-11 18:15:00,2025-09-11 21:45:00,SHORT,4414.8,4428.18,-13.38
491,2025-09-11 21:45:00,2025-09-12 12:00:00,LONG,4428.18,4512.41,84.23
492,2025-09-12 12:00:00,2025-09-12 12:45:00,SHORT,4512.41,4527.31,-14.9
493,2025-09-12 12:45:00,2025-09-13 11:00:00,LONG,4527.31,4709.63,182.32
494,2025-09-13 11:00:00,2025-09-13 11:30:00,SHORT,4709.63,4721.41,-11.78
495,2025-09-13 11:30:00,2025-09-13 13:00:00,LONG,4721.41,4715.99,-5.42
496,2025-09-13 13:00:00,2025-09-14 00:00:00,SHORT,4715.99,4672.76,43.23
497,2025-09-14 00:00:00,2025-09-14 01:00:00,LONG,4672.76,4661.14,-11.62
498,2025-09-14 01:00:00,2025-09-14 01:45:00,SHORT,4661.14,4675.11,-13.98
499,2025-09-14 01:45:00,2025-09-14 06:30:00,LONG,4675.11,4664.72,-10.39
500,2025-09-14 06:30:00,2025-09-14 09:15:00,SHORT,4664.72,4668.52,-3.79
501,2025-09-14 09:15:00,2025-09-14 11:15:00,LONG,4668.52,4657.77,-10.74
502,2025-09-14 11:15:00,2025-09-14 21:30:00,SHORT,4657.77,4623.63,34.15
503,2025-09-14 21:30:00,2025-09-14 22:00:00,LONG,4623.63,4619.43,-4.2
504,2025-09-14 22:00:00,2025-09-14 22:30:00,SHORT,4619.43,4630.78,-11.35
505,2025-09-14 22:30:00,2025-09-14 23:00:00,LONG,4630.78,4619.98,-10.8
506,2025-09-14 23:00:00,2025-09-15 00:15:00,SHORT,4619.98,4608.18,11.8
507,2025-09-15 00:15:00,2025-09-15 00:30:00,LONG,4608.18,4603.6,-4.58
508,2025-09-15 00:30:00,2025-09-15 01:30:00,SHORT,4603.6,4619.25,-15.66
509,2025-09-15 01:30:00,2025-09-15 07:15:00,LONG,4619.25,4625.16,5.91
510,2025-09-15 07:15:00,2025-09-15 21:15:00,SHORT,4625.16,4518.96,106.2
511,2025-09-15 21:15:00,2025-09-16 00:15:00,LONG,4518.96,4510.33,-8.63
512,2025-09-16 00:15:00,2025-09-16 01:00:00,SHORT,4510.33,4521.62,-11.29
513,2025-09-16 01:00:00,2025-09-16 04:00:00,LONG,4521.62,4515.0,-6.63
514,2025-09-16 04:00:00,2025-09-16 05:00:00,SHORT,4515.0,4528.66,-13.66
515,2025-09-16 05:00:00,2025-09-16 06:30:00,LONG,4528.66,4506.15,-22.5
516,2025-09-16 06:30:00,2025-09-16 08:00:00,SHORT,4506.15,4519.69,-13.54
517,2025-09-16 08:00:00,2025-09-16 08:15:00,LONG,4519.69,4519.84,0.15
518,2025-09-16 08:15:00,2025-09-16 17:15:00,SHORT,4519.84,4505.55,14.29
519,2025-09-16 17:15:00,2025-09-16 17:30:00,LONG,4505.55,4488.54,-17.01
520,2025-09-16 17:30:00,2025-09-16 19:45:00,SHORT,4488.54,4491.54,-3.0
521,2025-09-16 19:45:00,2025-09-17 04:15:00,LONG,4491.54,4491.14,-0.4
522,2025-09-17 04:15:00,2025-09-17 05:45:00,SHORT,4491.14,4499.41,-8.28
523,2025-09-17 05:45:00,2025-09-17 08:30:00,LONG,4499.41,4500.49,1.07
524,2025-09-17 08:30:00,2025-09-17 08:45:00,SHORT,4500.49,4513.25,-12.76
525,2025-09-17 08:45:00,2025-09-17 09:45:00,LONG,4513.25,4495.96,-17.29
526,2025-09-17 09:45:00,2025-09-17 17:30:00,SHORT,4495.96,4491.31,4.65
527,2025-09-17 17:30:00,2025-09-17 18:30:00,LONG,4491.31,4447.67,-43.64
528,2025-09-17 18:30:00,2025-09-17 22:00:00,SHORT,4447.67,4543.19,-95.52
529,2025-09-17 22:00:00,2025-09-18 06:00:00,LONG,4543.19,4581.92,38.73
530,2025-09-18 06:00:00,2025-09-18 06:30:00,SHORT,4581.92,4570.62,11.3
531,2025-09-18 06:30:00,2025-09-18 10:00:00,LONG,4570.62,4589.31,18.69
532,2025-09-18 10:00:00,2025-09-18 14:00:00,SHORT,4589.31,4603.53,-14.22
533,2025-09-18 14:00:00,2025-09-18 19:15:00,LONG,4603.53,4597.92,-5.6
534,2025-09-18 19:15:00,2025-09-18 20:30:00,SHORT,4597.92,4601.28,-3.35
535,2025-09-18 20:30:00,2025-09-18 21:00:00,LONG,4601.28,4598.05,-3.23
536,2025-09-18 21:00:00,2025-09-18 22:15:00,SHORT,4598.05,4594.1,3.95
537,2025-09-18 22:15:00,2025-09-18 22:45:00,LONG,4594.1,4593.77,-0.33
538,2025-09-18 22:45:00,2025-09-19 00:15:00,SHORT,4593.77,4597.69,-3.92
539,2025-09-19 00:15:00,2025-09-19 03:15:00,LONG,4597.69,4587.94,-9.76
540,2025-09-19 03:15:00,2025-09-20 04:30:00,SHORT,4587.94,4468.54,119.39
541,2025-09-20 04:30:00,2025-09-20 08:45:00,LONG,4468.54,4472.91,4.37
542,2025-09-20 08:45:00,2025-09-20 09:00:00,SHORT,4472.91,4470.95,1.96
543,2025-09-20 09:00:00,2025-09-20 09:15:00,LONG,4470.95,4465.65,-5.3
544,2025-09-20 09:15:00,2025-09-20 10:00:00,SHORT,4465.65,4472.08,-6.44
545,2025-09-20 10:00:00,2025-09-20 11:15:00,LONG,4472.08,4465.31,-6.77
546,2025-09-20 11:15:00,2025-09-20 11:45:00,SHORT,4465.31,4470.4,-5.09
547,2025-09-20 11:45:00,2025-09-20 14:00:00,LONG,4470.4,4464.98,-5.42
548,2025-09-20 14:00:00,2025-09-20 14:30:00,SHORT,4464.98,4470.27,-5.29
549,2025-09-20 14:30:00,2025-09-20 18:45:00,LONG,4470.27,4477.21,6.94
550,2025-09-20 18:45:00,2025-09-20 19:15:00,SHORT,4477.21,4483.7,-6.48
551,2025-09-20 19:15:00,2025-09-21 00:15:00,LONG,4483.7,4479.36,-4.33
552,2025-09-21 00:15:00,2025-09-21 00:45:00,SHORT,4479.36,4487.68,-8.32
553,2025-09-21 00:45:00,2025-09-21 01:30:00,LONG,4487.68,4480.61,-7.06
554,2025-09-21 01:30:00,2025-09-21 02:00:00,SHORT,4480.61,4485.2,-4.58
555,2025-09-21 02:00:00,2025-09-21 02:15:00,LONG,4485.2,4482.32,-2.88
556,2025-09-21 02:15:00,2025-09-21 06:00:00,SHORT,4482.32,4480.42,1.9
557,2025-09-21 06:00:00,2025-09-21 07:00:00,LONG,4480.42,4479.29,-1.13
558,2025-09-21 07:00:00,2025-09-21 13:45:00,SHORT,4479.29,4476.25,3.04
559,2025-09-21 13:45:00,2025-09-21 16:30:00,LONG,4476.25,4478.88,2.63
560,2025-09-21 16:30:00,2025-09-21 17:45:00,SHORT,4478.88,4482.08,-3.21
561,2025-09-21 17:45:00,2025-09-21 21:15:00,LONG,4482.08,4470.01,-12.08
562,2025-09-21 21:15:00,2025-09-21 21:30:00,SHORT,4470.01,4473.86,-3.85
563,2025-09-21 21:30:00,2025-09-21 22:00:00,LONG,4473.86,4465.95,-7.91
564,2025-09-21 22:00:00,2025-09-22 23:00:00,SHORT,4465.95,4197.62,268.32
565,2025-09-22 23:00:00,2025-09-23 01:00:00,LONG,4197.62,4183.26,-14.37
566,2025-09-23 01:00:00,2025-09-23 01:15:00,SHORT,4183.26,4186.7,-3.45
567,2025-09-23 01:15:00,2025-09-23 01:30:00,LONG,4186.7,4186.84,0.14
568,2025-09-23 01:30:00,2025-09-23 03:15:00,SHORT,4186.84,4152.94,33.9
569,2025-09-23 03:15:00,2025-09-23 11:00:00,LONG,4152.94,4186.74,33.8
570,2025-09-23 11:00:00,2025-09-23 12:30:00,SHORT,4186.74,4194.09,-7.35
571,2025-09-23 12:30:00,2025-09-23 14:15:00,LONG,4194.09,4184.41,-9.68
572,2025-09-23 14:15:00,2025-09-23 15:15:00,SHORT,4184.41,4200.83,-16.42
573,2025-09-23 15:15:00,2025-09-23 16:00:00,LONG,4200.83,4166.0,-34.83
574,2025-09-23 16:00:00,2025-09-23 21:30:00,SHORT,4166.0,4187.19,-21.19
575,2025-09-23 21:30:00,2025-09-23 22:15:00,LONG,4187.19,4169.8,-17.39
576,2025-09-23 22:15:00,2025-09-23 22:30:00,SHORT,4169.8,4178.68,-8.89
577,2025-09-23 22:30:00,2025-09-23 23:15:00,LONG,4178.68,4172.98,-5.7
578,2025-09-23 23:15:00,2025-09-24 00:15:00,SHORT,4172.98,4181.34,-8.35
579,2025-09-24 00:15:00,2025-09-24 02:00:00,LONG,4181.34,4181.63,0.29
580,2025-09-24 02:00:00,2025-09-24 06:45:00,SHORT,4181.63,4183.05,-1.43
581,2025-09-24 06:45:00,2025-09-24 10:15:00,LONG,4183.05,4175.31,-7.74
582,2025-09-24 10:15:00,2025-09-24 10:30:00,SHORT,4175.31,4174.14,1.17
583,2025-09-24 10:30:00,2025-09-24 13:45:00,LONG,4174.14,4164.77,-9.37
584,2025-09-24 13:45:00,2025-09-24 14:45:00,SHORT,4164.77,4196.32,-31.55
585,2025-09-24 14:45:00,2025-09-24 15:45:00,LONG,4196.32,4181.03,-15.29
586,2025-09-24 15:45:00,2025-09-24 17:00:00,SHORT,4181.03,4184.41,-3.38
587,2025-09-24 17:00:00,2025-09-24 18:00:00,LONG,4184.41,4175.43,-8.99
588,2025-09-24 18:00:00,2025-09-26 00:45:00,SHORT,4175.43,3894.81,280.62
589,2025-09-26 00:45:00,2025-09-26 06:45:00,LONG,3894.81,3929.54,34.73
590,2025-09-26 06:45:00,2025-09-26 07:45:00,SHORT,3929.54,3923.98,5.57
591,2025-09-26 07:45:00,2025-09-26 09:15:00,LONG,3923.98,3927.48,3.5
592,2025-09-26 09:15:00,2025-09-26 12:30:00,SHORT,3927.48,3919.8,7.68
593,2025-09-26 12:30:00,2025-09-27 05:00:00,LONG,3919.8,4016.43,96.63
594,2025-09-27 05:00:00,2025-09-27 12:30:00,SHORT,4016.43,4003.04,13.39
595,2025-09-27 12:30:00,2025-09-27 15:00:00,LONG,4003.04,4009.0,5.96
596,2025-09-27 15:00:00,2025-09-27 15:15:00,SHORT,4009.0,4009.86,-0.86
597,2025-09-27 15:15:00,2025-09-27 17:00:00,LONG,4009.86,4001.94,-7.92
598,2025-09-27 17:00:00,2025-09-27 20:30:00,SHORT,4001.94,4007.35,-5.41
599,2025-09-27 20:30:00,2025-09-28 01:00:00,LONG,4007.35,4006.17,-1.18
600,2025-09-28 01:00:00,2025-09-28 05:15:00,SHORT,4006.17,4008.01,-1.84
601,2025-09-28 05:15:00,2025-09-28 06:15:00,LONG,4008.01,4006.36,-1.65
602,2025-09-28 06:15:00,2025-09-28 13:45:00,SHORT,4006.36,4012.95,-6.59
603,2025-09-28 13:45:00,2025-09-29 07:15:00,LONG,4012.95,4089.73,76.78
604,2025-09-29 07:15:00,2025-09-29 07:30:00,SHORT,4089.73,4101.92,-12.19
605,2025-09-29 07:30:00,2025-09-29 10:45:00,LONG,4101.92,4114.98,13.06
606,2025-09-29 10:45:00,2025-09-29 13:30:00,SHORT,4114.98,4123.05,-8.07
607,2025-09-29 13:30:00,2025-09-30 04:45:00,LONG,4123.05,4190.33,67.28
608,2025-09-30 04:45:00,2025-09-30 19:45:00,SHORT,4190.33,4144.42,45.91
609,2025-09-30 19:45:00,2025-09-30 23:00:00,LONG,4144.42,4126.69,-17.72
610,2025-09-30 23:00:00,2025-10-01 00:45:00,SHORT,4126.69,4134.95,-8.26
611,2025-10-01 00:45:00,2025-10-01 03:45:00,LONG,4134.95,4131.03,-3.92
612,2025-10-01 03:45:00,2025-10-01 04:00:00,SHORT,4131.03,4135.9,-4.87
613,2025-10-01 04:00:00,2025-10-01 04:45:00,LONG,4135.9,4137.44,1.53
614,2025-10-01 04:45:00,2025-10-01 05:00:00,SHORT,4137.44,4150.36,-12.92
615,2025-10-01 05:00:00,2025-10-01 06:15:00,LONG,4150.36,4132.52,-17.84
616,2025-10-01 06:15:00,2025-10-01 08:00:00,SHORT,4132.52,4152.87,-20.36
617,2025-10-01 08:00:00,2025-10-01 21:30:00,LONG,4152.87,4311.07,158.2
618,2025-10-01 21:30:00,2025-10-01 22:00:00,SHORT,4311.07,4316.49,-5.41
619,2025-10-01 22:00:00,2025-10-02 14:30:00,LONG,4316.49,4399.26,82.78
620,2025-10-02 14:30:00,2025-10-02 15:00:00,SHORT,4399.26,4394.6,4.67
621,2025-10-02 15:00:00,2025-10-03 06:45:00,LONG,4394.6,4466.24,71.65
622,2025-10-03 06:45:00,2025-10-03 10:15:00,SHORT,4466.24,4482.01,-15.77
623,2025-10-03 10:15:00,2025-10-03 11:00:00,LONG,4482.01,4482.71,0.7
624,2025-10-03 11:00:00,2025-10-03 12:30:00,SHORT,4482.71,4483.19,-0.48
625,2025-10-03 12:30:00,2025-10-03 13:00:00,LONG,4483.19,4474.08,-9.11
626,2025-10-03 13:00:00,2025-10-03 13:15:00,SHORT,4474.08,4478.7,-4.62
627,2025-10-03 13:15:00,2025-10-03 13:30:00,LONG,4478.7,4476.78,-1.92
628,2025-10-03 13:30:00,2025-10-03 15:15:00,SHORT,4476.78,4486.57,-9.78
629,2025-10-03 15:15:00,2025-10-03 17:45:00,LONG,4486.57,4472.13,-14.44
630,2025-10-03 17:45:00,2025-10-03 19:15:00,SHORT,4472.13,4527.82,-55.69
631,2025-10-03 19:15:00,2025-10-04 00:15:00,LONG,4527.82,4499.57,-28.25
632,2025-10-04 00:15:00,2025-10-04 06:15:00,SHORT,4499.57,4514.69,-15.12
633,2025-10-04 06:15:00,2025-10-04 07:45:00,LONG,4514.69,4498.23,-16.46
634,2025-10-04 07:45:00,2025-10-04 10:15:00,SHORT,4498.23,4502.81,-4.58
635,2025-10-04 10:15:00,2025-10-04 10:30:00,LONG,4502.81,4495.14,-7.67
636,2025-10-04 10:30:00,2025-10-04 13:00:00,SHORT,4495.14,4486.58,8.55
637,2025-10-04 13:00:00,2025-10-04 14:45:00,LONG,4486.58,4491.31,4.72
638,2025-10-04 14:45:00,2025-10-04 20:15:00,SHORT,4491.31,4479.24,12.06
639,2025-10-04 20:15:00,2025-10-04 20:45:00,LONG,4479.24,4478.32,-0.92
640,2025-10-04 20:45:00,2025-10-04 21:00:00,SHORT,4478.32,4480.79,-2.46
641,2025-10-04 21:00:00,2025-10-05 00:45:00,LONG,4480.79,4474.11,-6.68
642,2025-10-05 00:45:00,2025-10-05 01:00:00,SHORT,4474.11,4478.32,-4.21
643,2025-10-05 01:00:00,2025-10-05 12:30:00,LONG,4478.32,4534.68,56.37
644,2025-10-05 12:30:00,2025-10-06 01:15:00,SHORT,4534.68,4522.13,12.56
645,2025-10-06 01:15:00,2025-10-06 05:00:00,LONG,4522.13,4516.23,-5.89
646,2025-10-06 05:00:00,2025-10-06 05:15:00,SHORT,4516.23,4521.89,-5.66
647,2025-10-06 05:15:00,2025-10-07 01:45:00,LONG,4521.89,4674.98,153.09
648,2025-10-07 01:45:00,2025-10-07 04:15:00,SHORT,4674.98,4690.88,-15.89
649,2025-10-07 04:15:00,2025-10-07 06:15:00,LONG,4690.88,4690.48,-0.4
650,2025-10-07 06:15:00,2025-10-07 10:00:00,SHORT,4690.48,4689.1,1.38
651,2025-10-07 10:00:00,2025-10-07 13:30:00,LONG,4689.1,4738.14,49.03
652,2025-10-07 13:30:00,2025-10-08 08:15:00,SHORT,4738.14,4470.93,267.21
653,2025-10-08 08:15:00,2025-10-08 13:30:00,LONG,4470.93,4465.46,-5.47
654,2025-10-08 13:30:00,2025-10-08 13:45:00,SHORT,4465.46,4469.57,-4.11
655,2025-10-08 13:45:00,2025-10-08 14:30:00,LONG,4469.57,4462.37,-7.2
656,2025-10-08 14:30:00,2025-10-08 16:45:00,SHORT,4462.37,4477.55,-15.17
657,2025-10-08 16:45:00,2025-10-09 01:00:00,LONG,4477.55,4502.14,24.59
658,2025-10-09 01:00:00,2025-10-09 21:00:00,SHORT,4502.14,4347.5,154.64
659,2025-10-09 21:00:00,2025-10-10 05:00:00,LONG,4347.5,4328.72,-18.79
660,2025-10-10 05:00:00,2025-10-10 05:15:00,SHORT,4328.72,4345.74,-17.03
661,2025-10-10 05:15:00,2025-10-10 06:15:00,LONG,4345.74,4354.86,9.12
662,2025-10-10 06:15:00,2025-10-10 13:00:00,SHORT,4354.86,4357.36,-2.5
663,2025-10-10 13:00:00,2025-10-10 14:15:00,LONG,4357.36,4332.23,-25.13
664,2025-10-10 14:15:00,2025-10-11 09:00:00,SHORT,4332.23,3837.39,494.84
665,2025-10-11 09:00:00,2025-10-11 14:15:00,LONG,3837.39,3802.5,-34.89
666,2025-10-11 14:15:00,2025-10-11 15:00:00,SHORT,3802.5,3830.66,-28.16
667,2025-10-11 15:00:00,2025-10-11 19:00:00,LONG,3830.66,3806.73,-23.93
668,2025-10-11 19:00:00,2025-10-12 03:15:00,SHORT,3806.73,3781.33,25.4
669,2025-10-12 03:15:00,2025-10-13 04:00:00,LONG,3781.33,4127.69,346.36
670,2025-10-13 04:00:00,2025-10-13 04:45:00,SHORT,4127.69,4142.46,-14.77
671,2025-10-13 04:45:00,2025-10-13 05:00:00,LONG,4142.46,4128.42,-14.04
672,2025-10-13 05:00:00,2025-10-13 06:00:00,SHORT,4128.42,4142.74,-14.32
673,2025-10-13 06:00:00,2025-10-13 09:00:00,LONG,4142.74,4160.52,17.78
674,2025-10-13 09:00:00,2025-10-13 09:30:00,SHORT,4160.52,4162.87,-2.34
675,2025-10-13 09:30:00,2025-10-13 11:00:00,LONG,4162.87,4141.02,-21.84
676,2025-10-13 11:00:00,2025-10-13 13:45:00,SHORT,4141.02,4164.8,-23.78
677,2025-10-13 13:45:00,2025-10-13 14:00:00,LONG,4164.8,4132.68,-32.12
678,2025-10-13 14:00:00,2025-10-13 16:00:00,SHORT,4132.68,4157.07,-24.4
679,2025-10-13 16:00:00,2025-10-14 02:00:00,LONG,4157.07,4194.79,37.72
680,2025-10-14 02:00:00,2025-10-14 15:30:00,SHORT,4194.79,4012.53,182.26
681,2025-10-14 15:30:00,2025-10-15 03:15:00,LONG,4012.53,4087.0,74.47
682,2025-10-15 03:15:00,2025-10-15 04:45:00,SHORT,4087.0,4118.39,-31.39
683,2025-10-15 04:45:00,2025-10-15 05:15:00,LONG,4118.39,4104.87,-13.52
684,2025-10-15 05:15:00,2025-10-15 08:00:00,SHORT,4104.87,4132.97,-28.1
685,2025-10-15 08:00:00,2025-10-15 11:15:00,LONG,4132.97,4099.31,-33.67
686,2025-10-15 11:15:00,2025-10-16 01:00:00,SHORT,4099.31,3993.46,105.85
687,2025-10-16 01:00:00,2025-10-16 08:30:00,LONG,3993.46,3983.03,-10.42
688,2025-10-16 08:30:00,2025-10-16 09:00:00,SHORT,3983.03,4005.87,-22.84
689,2025-10-16 09:00:00,2025-10-16 09:15:00,LONG,4005.87,3990.22,-15.65
690,2025-10-16 09:15:00,2025-10-16 09:45:00,SHORT,3990.22,4042.1,-51.89
691,2025-10-16 09:45:00,2025-10-16 13:45:00,LONG,4042.1,4039.42,-2.68
692,2025-10-16 13:45:00,2025-10-16 14:30:00,SHORT,4039.42,4022.72,16.7
693,2025-10-16 14:30:00,2025-10-16 14:45:00,LONG,4022.72,4022.27,-0.46
694,2025-10-16 14:45:00,2025-10-17 01:00:00,SHORT,4022.27,3939.58,82.68
695,2025-10-17 01:00:00,2025-10-17 01:30:00,LONG,3939.58,3916.97,-22.62
696,2025-10-17 01:30:00,2025-10-17 02:30:00,SHORT,3916.97,3916.0,0.96
697,2025-10-17 02:30:00,2025-10-17 06:15:00,LONG,3916.0,3883.88,-32.13
698,2025-10-17 06:15:00,2025-10-17 16:00:00,SHORT,3883.88,3823.29,60.59
699,2025-10-17 16:00:00,2025-10-18 04:30:00,LONG,3823.29,3847.26,23.97
700,2025-10-18 04:30:00,2025-10-18 05:00:00,SHORT,3847.26,3853.49,-6.24
701,2025-10-18 05:00:00,2025-10-18 13:30:00,LONG,3853.49,3865.31,11.82
702,2025-10-18 13:30:00,2025-10-18 17:15:00,SHORT,3865.31,3880.01,-14.69
703,2025-10-18 17:15:00,2025-10-19 00:30:00,LONG,3880.01,3876.26,-3.75
704,2025-10-19 00:30:00,2025-10-19 03:15:00,SHORT,3876.26,3874.74,1.52
705,2025-10-19 03:15:00,2025-10-19 06:30:00,LONG,3874.74,3880.08,5.34
706,2025-10-19 06:30:00,2025-10-19 08:00:00,SHORT,3880.08,3895.55,-15.47
707,2025-10-19 08:00:00,2025-10-20 00:00:00,LONG,3895.55,3969.96,74.41
708,2025-10-20 00:00:00,2025-10-20 03:30:00,SHORT,3969.96,3974.36,-4.4
709,2025-10-20 03:30:00,2025-10-20 14:00:00,LONG,3974.36,4027.53,53.17
710,2025-10-20 14:00:00,2025-10-20 14:15:00,SHORT,4027.53,4038.88,-11.34
711,2025-10-20 14:15:00,2025-10-20 14:30:00,LONG,4038.88,4027.96,-10.91
712,2025-10-20 14:30:00,2025-10-21 12:15:00,SHORT,4027.96,3896.4,131.57
713,2025-10-21 12:15:00,2025-10-21 12:45:00,LONG,3896.4,3903.84,7.44
714,2025-10-21 12:45:00,2025-10-21 14:00:00,SHORT,3903.84,3886.39,17.44
715,2025-10-21 14:00:00,2025-10-21 21:15:00,LONG,3886.39,3945.38,58.99
716,2025-10-21 21:15:00,2025-10-22 13:00:00,SHORT,3945.38,3858.13,87.26
717,2025-10-22 13:00:00,2025-10-22 13:30:00,LONG,3858.13,3837.43,-20.69
718,2025-10-22 13:30:00,2025-10-22 13:45:00,SHORT,3837.43,3856.42,-18.99
719,2025-10-22 13:45:00,2025-10-22 14:00:00,LONG,3856.42,3853.89,-2.53
720,2025-10-22 14:00:00,2025-10-22 14:45:00,SHORT,3853.89,3826.81,27.07
721,2025-10-22 14:45:00,2025-10-22 16:15:00,LONG,3826.81,3815.57,-11.25
722,2025-10-22 16:15:00,2025-10-23 00:45:00,SHORT,3815.57,3819.75,-4.18
723,2025-10-23 00:45:00,2025-10-23 12:00:00,LONG,3819.75,3852.18,32.43
724,2025-10-23 12:00:00,2025-10-23 15:00:00,SHORT,3852.18,3867.64,-15.46
725,2025-10-23 15:00:00,2025-10-23 19:00:00,LONG,3867.64,3855.28,-12.36
726,2025-10-23 19:00:00,2025-10-24 00:30:00,SHORT,3855.28,3857.34,-2.06
727,2025-10-24 00:30:00,2025-10-24 13:30:00,LONG,3857.34,3944.21,86.88
728,2025-10-24 13:30:00,2025-10-24 19:15:00,SHORT,3944.21,3934.28,9.94
729,2025-10-24 19:15:00,2025-10-24 19:30:00,LONG,3934.28,3925.44,-8.84
730,2025-10-24 19:30:00,2025-10-24 20:00:00,SHORT,3925.44,3936.84,-11.41
731,2025-10-24 20:00:00,2025-10-24 21:00:00,LONG,3936.84,3931.35,-5.49
732,2025-10-24 21:00:00,2025-10-24 21:15:00,SHORT,3931.35,3933.93,-2.58
733,2025-10-24 21:15:00,2025-10-24 23:00:00,LONG,3933.93,3930.16,-3.77
734,2025-10-24 23:00:00,2025-10-24 23:15:00,SHORT,3930.16,3932.19,-2.02
735,2025-10-24 23:15:00,2025-10-25 00:45:00,LONG,3932.19,3917.0,-15.19
736,2025-10-25 00:45:00,2025-10-25 01:15:00,SHORT,3917.0,3930.15,-13.15
737,2025-10-25 01:15:00,2025-10-25 15:00:00,LONG,3930.15,3934.3,4.15
738,2025-10-25 15:00:00,2025-10-25 17:00:00,SHORT,3934.3,3937.39,-3.08
739,2025-10-25 17:00:00,2025-10-25 17:15:00,LONG,3937.39,3934.39,-2.99
740,2025-10-25 17:15:00,2025-10-25 18:15:00,SHORT,3934.39,3942.51,-8.12
741,2025-10-25 18:15:00,2025-10-26 01:45:00,LONG,3942.51,3944.7,2.19
742,2025-10-26 01:45:00,2025-10-26 07:30:00,SHORT,3944.7,3945.07,-0.37
743,2025-10-26 07:30:00,2025-10-27 08:15:00,LONG,3945.07,4174.66,229.59
744,2025-10-27 08:15:00,2025-10-27 08:30:00,SHORT,4174.66,4177.18,-2.51
745,2025-10-27 08:30:00,2025-10-27 08:45:00,LONG,4177.18,4161.59,-15.59
746,2025-10-27 08:45:00,2025-10-27 16:00:00,SHORT,4161.59,4184.6,-23.02
747,2025-10-27 16:00:00,2025-10-27 20:00:00,LONG,4184.6,4179.35,-5.25
748,2025-10-27 20:00:00,2025-10-28 08:15:00,SHORT,4179.35,4119.73,59.62
749,2025-10-28 08:15:00,2025-10-28 09:15:00,LONG,4119.73,4106.87,-12.87
750,2025-10-28 09:15:00,2025-10-28 09:30:00,SHORT,4106.87,4116.99,-10.12
751,2025-10-28 09:30:00,2025-10-28 12:15:00,LONG,4116.99,4106.87,-10.12
752,2025-10-28 12:15:00,2025-10-28 12:30:00,SHORT,4106.87,4112.08,-5.21
753,2025-10-28 12:30:00,2025-10-28 14:30:00,LONG,4112.08,4142.3,30.22
754,2025-10-28 14:30:00,2025-10-28 16:30:00,SHORT,4142.3,4132.21,10.1
755,2025-10-28 16:30:00,2025-10-28 18:30:00,LONG,4132.21,4112.41,-19.8
756,2025-10-28 18:30:00,2025-10-29 05:15:00,SHORT,4112.41,4021.75,90.66
757,2025-10-29 05:15:00,2025-10-29 09:00:00,LONG,4021.75,3998.4,-23.35
758,2025-10-29 09:00:00,2025-10-29 11:00:00,SHORT,3998.4,3996.96,1.44
759,2025-10-29 11:00:00,2025-10-29 13:30:00,LONG,3996.96,4015.85,18.89
760,2025-10-29 13:30:00,2025-10-29 17:30:00,SHORT,4015.85,3980.38,35.47
761,2025-10-29 17:30:00,2025-10-29 18:00:00,LONG,3980.38,3997.96,17.58
762,2025-10-29 18:00:00,2025-10-30 02:15:00,SHORT,3997.96,3943.4,54.57
763,2025-10-30 02:15:00,2025-10-30 03:45:00,LONG,3943.4,3929.16,-14.23
764,2025-10-30 03:45:00,2025-10-30 07:00:00,SHORT,3929.16,3925.03,4.13
765,2025-10-30 07:00:00,2025-10-30 08:45:00,LONG,3925.03,3925.78,0.76
766,2025-10-30 08:45:00,2025-10-30 23:30:00,SHORT,3925.78,3792.97,132.81
767,2025-10-30 23:30:00,2025-10-31 13:30:00,LONG,3792.97,3840.32,47.35
768,2025-10-31 13:30:00,2025-10-31 13:45:00,SHORT,3840.32,3854.14,-13.82
769,2025-10-31 13:45:00,2025-10-31 16:45:00,LONG,3854.14,3835.34,-18.81
770,2025-10-31 16:45:00,2025-10-31 18:30:00,SHORT,3835.34,3836.12,-0.79
771,2025-10-31 18:30:00,2025-10-31 21:00:00,LONG,3836.12,3848.78,12.65
772,2025-10-31 21:00:00,2025-11-01 01:15:00,SHORT,3848.78,3854.18,-5.4
773,2025-11-01 01:15:00,2025-11-01 01:30:00,LONG,3854.18,3848.72,-5.45
774,2025-11-01 01:30:00,2025-11-01 03:30:00,SHORT,3848.72,3862.56,-13.84
775,2025-11-01 03:30:00,2025-11-01 13:30:00,LONG,3862.56,3871.66,9.1
776,2025-11-01 13:30:00,2025-11-01 13:45:00,SHORT,3871.66,3868.41,3.26
777,2025-11-01 13:45:00,2025-11-01 14:00:00,LONG,3868.41,3863.85,-4.55
778,2025-11-01 14:00:00,2025-11-01 14:30:00,SHORT,3863.85,3874.04,-10.18
779,2025-11-01 14:30:00,2025-11-01 17:15:00,LONG,3874.04,3871.21,-2.82
780,2025-11-01 17:15:00,2025-11-01 18:30:00,SHORT,3871.21,3877.33,-6.11
781,2025-11-01 18:30:00,2025-11-01 21:30:00,LONG,3877.33,3877.7,0.38
782,2025-11-01 21:30:00,2025-11-02 02:30:00,SHORT,3877.7,3880.5,-2.79
783,2025-11-02 02:30:00,2025-11-02 09:30:00,LONG,3880.5,3894.95,14.46
784,2025-11-02 09:30:00,2025-11-02 11:30:00,SHORT,3894.95,3888.57,6.38
785,2025-11-02 11:30:00,2025-11-02 12:15:00,LONG,3888.57,3880.32,-8.25
786,2025-11-02 12:15:00,2025-11-02 23:00:00,SHORT,3880.32,3861.29,19.03
787,2025-11-02 23:00:00,2025-11-03 01:00:00,LONG,3861.29,3851.41,-9.88
788,2025-11-03 01:00:00,2025-11-03 14:45:00,SHORT,3851.41,3729.93,121.48
789,2025-11-03 14:45:00,2025-11-03 15:00:00,LONG,3729.93,3719.85,-10.08
790,2025-11-03 15:00:00,2025-11-04 03:00:00,SHORT,3719.85,3637.63,82.22
791,2025-11-04 03:00:00,2025-11-04 05:15:00,LONG,3637.63,3617.89,-19.74
792,2025-11-04 05:15:00,2025-11-04 14:45:00,SHORT,3617.89,3545.4,72.49
793,2025-11-04 14:45:00,2025-11-04 15:45:00,LONG,3545.4,3521.15,-24.25
794,2025-11-04 15:45:00,2025-11-05 02:45:00,SHORT,3521.15,3326.16,194.99
795,2025-11-05 02:45:00,2025-11-05 10:45:00,LONG,3326.16,3283.27,-42.89
796,2025-11-05 10:45:00,2025-11-05 11:15:00,SHORT,3283.27,3308.75,-25.48
797,2025-11-05 11:15:00,2025-11-06 00:15:00,LONG,3308.75,3402.45,93.7
798,2025-11-06 00:15:00,2025-11-06 02:45:00,SHORT,3402.45,3429.05,-26.6
799,2025-11-06 02:45:00,2025-11-06 05:00:00,LONG,3429.05,3444.52,15.47
800,2025-11-06 05:00:00,2025-11-07 01:45:00,SHORT,3444.52,3316.14,128.38
801,2025-11-07 01:45:00,2025-11-07 09:00:00,LONG,3316.14,3332.92,16.78
802,2025-11-07 09:00:00,2025-11-07 16:15:00,SHORT,3332.92,3303.51,29.41
803,2025-11-07 16:15:00,2025-11-08 07:15:00,LONG,3303.51,3428.72,125.21
804,2025-11-08 07:15:00,2025-11-08 08:30:00,SHORT,3428.72,3463.71,-34.99
805,2025-11-08 08:30:00,2025-11-08 09:45:00,LONG,3463.71,3448.99,-14.71
806,2025-11-08 09:45:00,2025-11-08 10:15:00,SHORT,3448.99,3445.35,3.64
807,2025-11-08 10:15:00,2025-11-08 11:30:00,LONG,3445.35,3444.12,-1.24
808,2025-11-08 11:30:00,2025-11-08 21:30:00,SHORT,3444.12,3409.04,35.07
809,2025-11-08 21:30:00,2025-11-08 22:00:00,LONG,3409.04,3400.5,-8.54
810,2025-11-08 22:00:00,2025-11-08 22:15:00,SHORT,3400.5,3405.05,-4.55
811,2025-11-08 22:15:00,2025-11-09 00:00:00,LONG,3405.05,3395.53,-9.52
812,2025-11-09 00:00:00,2025-11-09 05:00:00,SHORT,3395.53,3382.35,13.18
813,2025-11-09 05:00:00,2025-11-09 10:00:00,LONG,3382.35,3391.92,9.57
814,2025-11-09 10:00:00,2025-11-09 11:00:00,SHORT,3391.92,3410.86,-18.95
815,2025-11-09 11:00:00,2025-11-10 08:00:00,LONG,3410.86,3600.45,189.59
816,2025-11-10 08:00:00,2025-11-10 08:15:00,SHORT,3600.45,3610.55,-10.09
817,2025-11-10 08:15:00,2025-11-10 08:30:00,LONG,3610.55,3596.62,-13.93
818,2025-11-10 08:30:00,2025-11-10 09:15:00,SHORT,3596.62,3601.71,-5.09
819,2025-11-10 09:15:00,2025-11-10 11:45:00,LONG,3601.71,3611.81,10.1
820,2025-11-10 11:45:00,2025-11-10 13:30:00,SHORT,3611.81,3616.69,-4.88
821,2025-11-10 13:30:00,2025-11-10 14:00:00,LONG,3616.69,3604.69,-11.99
822,2025-11-10 14:00:00,2025-11-10 22:45:00,SHORT,3604.69,3565.66,39.03
823,2025-11-10 22:45:00,2025-11-11 05:00:00,LONG,3565.66,3563.91,-1.75
824,2025-11-11 05:00:00,2025-11-11 09:00:00,SHORT,3563.91,3572.89,-8.98
825,2025-11-11 09:00:00,2025-11-11 09:30:00,LONG,3572.89,3568.03,-4.86
826,2025-11-11 09:30:00,2025-11-11 11:00:00,SHORT,3568.03,3570.19,-2.16
827,2025-11-11 11:00:00,2025-11-11 11:45:00,LONG,3570.19,3572.89,2.7
828,2025-11-11 11:45:00,2025-11-11 12:00:00,SHORT,3572.89,3582.36,-9.47
829,2025-11-11 12:00:00,2025-11-11 12:15:00,LONG,3582.36,3570.3,-12.05
830,2025-11-11 12:15:00,2025-11-12 04:45:00,SHORT,3570.3,3441.25,129.06
831,2025-11-12 04:45:00,2025-11-12 06:45:00,LONG,3441.25,3439.76,-1.49
832,2025-11-12 06:45:00,2025-11-12 07:00:00,SHORT,3439.76,3444.81,-5.05
833,2025-11-12 07:00:00,2025-11-12 07:45:00,LONG,3444.81,3441.02,-3.79
834,2025-11-12 07:45:00,2025-11-12 08:00:00,SHORT,3441.02,3437.69,3.33
835,2025-11-12 08:00:00,2025-11-12 15:30:00,LONG,3437.69,3454.42,16.74
836,2025-11-12 15:30:00,2025-11-13 01:30:00,SHORT,3454.42,3453.95,0.47
837,2025-11-13 01:30:00,2025-11-13 01:45:00,LONG,3453.95,3434.15,-19.8
838,2025-11-13 01:45:00,2025-11-13 02:30:00,SHORT,3434.15,3445.04,-10.88
839,2025-11-13 02:30:00,2025-11-13 03:00:00,LONG,3445.04,3420.9,-24.14
840,2025-11-13 03:00:00,2025-11-13 03:15:00,SHORT,3420.9,3415.84,5.06
841,2025-11-13 03:15:00,2025-11-13 13:15:00,LONG,3415.84,3479.29,63.45
842,2025-11-13 13:15:00,2025-11-14 06:45:00,SHORT,3479.29,3175.06,304.23
843,2025-11-14 06:45:00,2025-11-14 09:15:00,LONG,3175.06,3182.78,7.72
844,2025-11-14 09:15:00,2025-11-14 14:30:00,SHORT,3182.78,3162.29,20.5
845,2025-11-14 14:30:00,2025-11-14 15:00:00,LONG,3162.29,3162.52,0.24
846,2025-11-14 15:00:00,2025-11-14 15:15:00,SHORT,3162.52,3204.55,-42.02
847,2025-11-14 15:15:00,2025-11-14 18:30:00,LONG,3204.55,3172.2,-32.35
848,2025-11-14 18:30:00,2025-11-14 19:15:00,SHORT,3172.2,3217.0,-44.8
849,2025-11-14 19:15:00,2025-11-14 20:30:00,LONG,3217.0,3149.96,-67.03
850,2025-11-14 20:30:00,2025-11-14 22:30:00,SHORT,3149.96,3186.78,-36.82
851,2025-11-14 22:30:00,2025-11-14 22:45:00,LONG,3186.78,3156.87,-29.91
852,2025-11-14 22:45:00,2025-11-15 01:45:00,SHORT,3156.87,3176.79,-19.92
853,2025-11-15 01:45:00,2025-11-15 04:30:00,LONG,3176.79,3163.5,-13.3
854,2025-11-15 04:30:00,2025-11-15 05:15:00,SHORT,3163.5,3173.65,-10.15
855,2025-11-15 05:15:00,2025-11-15 08:15:00,LONG,3173.65,3158.18,-15.47
856,2025-11-15 08:15:00,2025-11-15 10:30:00,SHORT,3158.18,3168.19,-10.0
857,2025-11-15 10:30:00,2025-11-15 11:45:00,LONG,3168.19,3151.87,-16.31
858,2025-11-15 11:45:00,2025-11-15 13:00:00,SHORT,3151.87,3171.18,-19.3
859,2025-11-15 13:00:00,2025-11-15 20:30:00,LONG,3171.18,3181.2,10.02
860,2025-11-15 20:30:00,2025-11-15 21:00:00,SHORT,3181.2,3183.26,-2.06
861,2025-11-15 21:00:00,2025-11-15 21:30:00,LONG,3183.26,3168.22,-15.04
862,2025-11-15 21:30:00,2025-11-16 03:15:00,SHORT,3168.22,3209.68,-41.47
863,2025-11-16 03:15:00,2025-11-16 11:15:00,LONG,3209.68,3187.8,-21.88
864,2025-11-16 11:15:00,2025-11-17 00:15:00,SHORT,3187.8,3122.14,65.66
865,2025-11-17 00:15:00,2025-11-17 13:00:00,LONG,3122.14,3175.36,53.22
866,2025-11-17 13:00:00,2025-11-18 07:30:00,SHORT,3175.36,3028.94,146.42
867,2025-11-18 07:30:00,2025-11-19 00:00:00,LONG,3028.94,3115.5,86.56
868,2025-11-19 00:00:00,2025-11-19 02:00:00,SHORT,3115.5,3117.17,-1.67
869,2025-11-19 02:00:00,2025-11-19 03:15:00,LONG,3117.17,3093.52,-23.65
870,2025-11-19 03:15:00,2025-11-19 08:15:00,SHORT,3093.52,3094.49,-0.97
871,2025-11-19 08:15:00,2025-11-19 08:30:00,LONG,3094.49,3084.54,-9.95
872,2025-11-19 08:30:00,2025-11-19 10:00:00,SHORT,3084.54,3102.23,-17.69
873,2025-11-19 10:00:00,2025-11-19 13:30:00,LONG,3102.23,3084.77,-17.46
874,2025-11-19 13:30:00,2025-11-19 15:00:00,SHORT,3084.77,3083.51,1.26
875,2025-11-19 15:00:00,2025-11-19 15:15:00,LONG,3083.51,3059.64,-23.87
876,2025-11-19 15:15:00,2025-11-19 23:00:00,SHORT,3059.64,2999.25,60.39
877,2025-11-19 23:00:00,2025-11-20 09:15:00,LONG,2999.25,3021.54,22.29
878,2025-11-20 09:15:00,2025-11-21 14:30:00,SHORT,3021.54,2745.6,275.94
879,2025-11-21 14:30:00,2025-11-21 15:00:00,LONG,2745.6,2747.47,1.86
880,2025-11-21 15:00:00,2025-11-21 16:45:00,SHORT,2747.47,2742.73,4.74
881,2025-11-21 16:45:00,2025-11-21 18:00:00,LONG,2742.73,2754.95,12.23
882,2025-11-21 18:00:00,2025-11-21 18:30:00,SHORT,2754.95,2772.08,-17.13
883,2025-11-21 18:30:00,2025-11-21 20:15:00,LONG,2772.08,2727.6,-44.48
884,2025-11-21 20:15:00,2025-11-21 20:30:00,SHORT,2727.6,2731.82,-4.21
885,2025-11-21 20:30:00,2025-11-21 22:45:00,LONG,2731.82,2733.42,1.6
886,2025-11-21 22:45:00,2025-11-21 23:15:00,SHORT,2733.42,2746.18,-12.76
887,2025-11-21 23:15:00,2025-11-22 02:30:00,LONG,2746.18,2747.07,0.89
888,2025-11-22 02:30:00,2025-11-22 06:30:00,SHORT,2747.07,2761.78,-14.71
889,2025-11-22 06:30:00,2025-11-22 08:00:00,LONG,2761.78,2748.52,-13.27
890,2025-11-22 08:00:00,2025-11-22 14:00:00,SHORT,2748.52,2730.02,18.49
891,2025-11-22 14:00:00,2025-11-22 15:30:00,LONG,2730.02,2737.03,7.01
892,2025-11-22 15:30:00,2025-11-22 15:45:00,SHORT,2737.03,2741.19,-4.16
893,2025-11-22 15:45:00,2025-11-23 07:15:00,LONG,2741.19,2795.46,54.27
894,2025-11-23 07:15:00,2025-11-23 08:00:00,SHORT,2795.46,2804.54,-9.08
895,2025-11-23 08:00:00,2025-11-23 14:45:00,LONG,2804.54,2817.71,13.17
896,2025-11-23 14:45:00,2025-11-23 15:30:00,SHORT,2817.71,2829.45,-11.74
897,2025-11-23 15:30:00,2025-11-23 16:45:00,LONG,2829.45,2819.45,-10.0
898,2025-11-23 16:45:00,2025-11-23 19:15:00,SHORT,2819.45,2821.24,-1.79
899,2025-11-23 19:15:00,2025-11-23 23:00:00,LONG,2821.24,2827.46,6.22
900,2025-11-23 23:00:00,2025-11-24 02:00:00,SHORT,2827.46,2820.93,6.54
901,2025-11-24 02:00:00,2025-11-24 04:15:00,LONG,2820.93,2846.31,25.38
902,2025-11-24 04:15:00,2025-11-24 05:00:00,SHORT,2846.31,2841.25,5.05
903,2025-11-24 05:00:00,2025-11-24 09:00:00,LONG,2841.25,2829.6,-11.65
904,2025-11-24 09:00:00,2025-11-24 15:30:00,SHORT,2829.6,2845.65,-16.05
905,2025-11-24 15:30:00,2025-11-25 03:30:00,LONG,2845.65,2917.56,71.91
906,2025-11-25 03:30:00,2025-11-25 12:00:00,SHORT,2917.56,2897.43,20.14
907,2025-11-25 12:00:00,2025-11-25 13:30:00,LONG,2897.43,2917.82,20.39
908,2025-11-25 13:30:00,2025-11-25 14:00:00,SHORT,2917.82,2918.81,-0.99
909,2025-11-25 14:00:00,2025-11-25 14:30:00,LONG,2918.81,2901.1,-17.71
910,2025-11-25 14:30:00,2025-11-25 16:15:00,SHORT,2901.1,2912.51,-11.41
911,2025-11-25 16:15:00,2025-11-25 19:00:00,LONG,2912.51,2912.06,-0.45
912,2025-11-25 19:00:00,2025-11-25 19:30:00,SHORT,2912.06,2903.06,9.01
913,2025-11-25 19:30:00,2025-11-25 22:00:00,LONG,2903.06,2922.54,19.48
914,2025-11-25 22:00:00,2025-11-25 22:15:00,SHORT,2922.54,2922.55,-0.01
915,2025-11-25 22:15:00,2025-11-26 03:30:00,LONG,2922.55,2952.27,29.72
916,2025-11-26 03:30:00,2025-11-26 06:00:00,SHORT,2952.27,2951.39,0.88
917,2025-11-26 06:00:00,2025-11-26 06:15:00,LONG,2951.39,2941.98,-9.41
918,2025-11-26 06:15:00,2025-11-26 13:45:00,SHORT,2941.98,2932.3,9.68
919,2025-11-26 13:45:00,2025-11-27 05:30:00,LONG,2932.3,3031.01,98.71
920,2025-11-27 05:30:00,2025-11-27 07:15:00,SHORT,3031.01,3035.63,-4.62
921,2025-11-27 07:15:00,2025-11-27 07:30:00,LONG,3035.63,3028.62,-7.01
922,2025-11-27 07:30:00,2025-11-27 07:45:00,SHORT,3028.62,3034.79,-6.17
923,2025-11-27 07:45:00,2025-11-27 08:00:00,LONG,3034.79,3028.52,-6.27
924,2025-11-27 08:00:00,2025-11-27 09:30:00,SHORT,3028.52,3036.39,-7.87
925,2025-11-27 09:30:00,2025-11-27 09:45:00,LONG,3036.39,3028.71,-7.68
926,2025-11-27 09:45:00,2025-11-27 18:15:00,SHORT,3028.71,3027.61,1.1
927,2025-11-27 18:15:00,2025-11-27 22:30:00,LONG,3027.61,3026.84,-0.77
928,2025-11-27 22:30:00,2025-11-28 05:00:00,SHORT,3026.84,3022.42,4.42
929,2025-11-28 05:00:00,2025-11-28 06:00:00,LONG,3022.42,3018.48,-3.93
930,2025-11-28 06:00:00,2025-11-28 07:15:00,SHORT,3018.48,3022.18,-3.7
931,2025-11-28 07:15:00,2025-11-28 07:30:00,LONG,3022.18,3014.88,-7.31
932,2025-11-28 07:30:00,2025-11-28 08:30:00,SHORT,3014.88,3027.68,-12.81
933,2025-11-28 08:30:00,2025-11-28 16:15:00,LONG,3027.68,3043.28,15.59
934,2025-11-28 16:15:00,2025-11-28 18:00:00,SHORT,3043.28,3045.79,-2.51
935,2025-11-28 18:00:00,2025-11-28 18:15:00,LONG,3045.79,3034.11,-11.69
936,2025-11-28 18:15:00,2025-11-28 19:15:00,SHORT,3034.11,3053.32,-19.21
937,2025-11-28 19:15:00,2025-11-28 20:00:00,LONG,3053.32,3042.18,-11.14
938,2025-11-28 20:00:00,2025-11-28 20:15:00,SHORT,3042.18,3051.96,-9.78
939,2025-11-28 20:15:00,2025-11-28 21:45:00,LONG,3051.96,3044.71,-7.25
940,2025-11-28 21:45:00,2025-11-29 01:00:00,SHORT,3044.71,3041.01,3.7
941,2025-11-29 01:00:00,2025-11-29 01:15:00,LONG,3041.01,3041.66,0.65
942,2025-11-29 01:15:00,2025-11-29 04:45:00,SHORT,3041.66,3035.76,5.89
943,2025-11-29 04:45:00,2025-11-29 06:15:00,LONG,3035.76,3032.2,-3.57
944,2025-11-29 06:15:00,2025-11-29 20:45:00,SHORT,3032.2,2997.49,34.7
945,2025-11-29 20:45:00,2025-11-29 21:00:00,LONG,2997.49,2991.94,-5.55
946,2025-11-29 21:00:00,2025-11-30 00:00:00,SHORT,2991.94,2993.24,-1.31
947,2025-11-30 00:00:00,2025-11-30 02:45:00,LONG,2993.24,2992.2,-1.04
948,2025-11-30 02:45:00,2025-11-30 03:30:00,SHORT,2992.2,2994.31,-2.11
949,2025-11-30 03:30:00,2025-11-30 21:00:00,LONG,2994.31,3023.44,29.12
950,2025-11-30 21:00:00,2025-11-30 22:00:00,SHORT,3023.44,3028.59,-5.16
951,2025-11-30 22:00:00,2025-11-30 22:30:00,LONG,3028.59,3022.28,-6.31
952,2025-11-30 22:30:00,2025-11-30 22:45:00,SHORT,3022.28,3032.6,-10.32
953,2025-11-30 22:45:00,2025-11-30 23:00:00,LONG,3032.6,3026.39,-6.22
954,2025-11-30 23:00:00,2025-12-01 21:30:00,SHORT,3026.39,2797.26,229.13
955,2025-12-01 21:30:00,2025-12-02 08:15:00,LONG,2797.26,2790.22,-7.04
956,2025-12-02 08:15:00,2025-12-02 08:45:00,SHORT,2790.22,2801.69,-11.48
957,2025-12-02 08:45:00,2025-12-02 09:30:00,LONG,2801.69,2797.22,-4.47
958,2025-12-02 09:30:00,2025-12-02 10:00:00,SHORT,2797.22,2805.65,-8.42
959,2025-12-02 10:00:00,2025-12-03 14:00:00,LONG,2805.65,3082.64,276.99
960,2025-12-03 14:00:00,2025-12-03 14:15:00,SHORT,3082.64,3063.95,18.68
961,2025-12-03 14:15:00,2025-12-04 08:00:00,LONG,3063.95,3179.96,116.01
962,2025-12-04 08:00:00,2025-12-04 08:30:00,SHORT,3179.96,3189.87,-9.91
963,2025-12-04 08:30:00,2025-12-04 10:45:00,LONG,3189.87,3186.19,-3.68
964,2025-12-04 10:45:00,2025-12-04 15:30:00,SHORT,3186.19,3194.28,-8.09
965,2025-12-04 15:30:00,2025-12-04 16:30:00,LONG,3194.28,3186.9,-7.37
966,2025-12-04 16:30:00,2025-12-05 01:15:00,SHORT,3186.9,3159.67,27.23
967,2025-12-05 01:15:00,2025-12-05 08:30:00,LONG,3159.67,3153.39,-6.28
968,2025-12-05 08:30:00,2025-12-06 03:00:00,SHORT,3153.39,3034.35,119.05
969,2025-12-06 03:00:00,2025-12-06 03:15:00,LONG,3034.35,3036.14,1.79
970,2025-12-06 03:15:00,2025-12-06 05:45:00,SHORT,3036.14,3038.98,-2.84
971,2025-12-06 05:45:00,2025-12-06 07:15:00,LONG,3038.98,3035.71,-3.26
972,2025-12-06 07:15:00,2025-12-06 10:15:00,SHORT,3035.71,3037.25,-1.54
973,2025-12-06 10:15:00,2025-12-06 19:30:00,LONG,3037.25,3030.57,-6.68
974,2025-12-06 19:30:00,2025-12-06 21:15:00,SHORT,3030.57,3042.98,-12.4
975,2025-12-06 21:15:00,2025-12-06 23:00:00,LONG,3042.98,3036.96,-6.01
976,2025-12-06 23:00:00,2025-12-07 00:30:00,SHORT,3036.96,3047.07,-10.1
977,2025-12-07 00:30:00,2025-12-07 01:45:00,LONG,3047.07,3043.3,-3.77
978,2025-12-07 01:45:00,2025-12-07 02:15:00,SHORT,3043.3,3048.15,-4.85
979,2025-12-07 02:15:00,2025-12-07 07:00:00,LONG,3048.15,3045.55,-2.6
980,2025-12-07 07:00:00,2025-12-07 12:45:00,SHORT,3045.55,3046.79,-1.25
981,2025-12-07 12:45:00,2025-12-07 13:00:00,LONG,3046.79,3044.72,-2.07
982,2025-12-07 13:00:00,2025-12-07 17:15:00,SHORT,3044.72,3056.01,-11.29
983,2025-12-07 17:15:00,2025-12-07 22:00:00,LONG,3056.01,3070.45,14.43
984,2025-12-07 22:00:00,2025-12-08 00:30:00,SHORT,3070.45,3070.48,-0.03
985,2025-12-08 00:30:00,2025-12-08 14:45:00,LONG,3070.48,3150.81,80.33
986,2025-12-08 14:45:00,2025-12-08 20:45:00,SHORT,3150.81,3138.17,12.63
987,2025-12-08 20:45:00,2025-12-08 23:15:00,LONG,3138.17,3118.5,-19.67
988,2025-12-08 23:15:00,2025-12-09 00:15:00,SHORT,3118.5,3138.12,-19.62
989,2025-12-09 00:15:00,2025-12-09 00:30:00,LONG,3138.12,3127.77,-10.36
990,2025-12-09 00:30:00,2025-12-09 03:30:00,SHORT,3127.77,3110.29,17.47
991,2025-12-09 03:30:00,2025-12-09 04:30:00,LONG,3110.29,3117.44,7.15
992,2025-12-09 04:30:00,2025-12-09 07:15:00,SHORT,3117.44,3119.55,-2.11
993,2025-12-09 07:15:00,2025-12-09 09:30:00,LONG,3119.55,3110.8,-8.76
994,2025-12-09 09:30:00,2025-12-09 11:45:00,SHORT,3110.8,3116.21,-5.42
995,2025-12-09 11:45:00,2025-12-09 13:30:00,LONG,3116.21,3128.2,11.99
996,2025-12-09 13:30:00,2025-12-09 14:00:00,SHORT,3128.2,3127.03,1.17
997,2025-12-09 14:00:00,2025-12-09 14:15:00,LONG,3127.03,3106.01,-21.02
998,2025-12-09 14:15:00,2025-12-09 15:00:00,SHORT,3106.01,3128.34,-22.34
999,2025-12-09 15:00:00,2025-12-10 06:00:00,LONG,3128.34,3315.63,187.29
1000,2025-12-10 06:00:00,2025-12-10 06:45:00,SHORT,3315.63,3327.77,-12.14
1001,2025-12-10 06:45:00,2025-12-10 07:00:00,LONG,3327.77,3320.89,-6.88
1002,2025-12-10 07:00:00,2025-12-10 07:45:00,SHORT,3320.89,3326.47,-5.58
1003,2025-12-10 07:45:00,2025-12-10 11:30:00,LONG,3326.47,3307.09,-19.38
1004,2025-12-10 11:30:00,2025-12-10 13:15:00,SHORT,3307.09,3331.39,-24.3
1005,2025-12-10 13:15:00,2025-12-10 14:45:00,LONG,3331.39,3309.86,-21.52
1006,2025-12-10 14:45:00,2025-12-10 15:00:00,SHORT,3309.86,3331.33,-21.47
1007,2025-12-10 15:00:00,2025-12-11 00:15:00,LONG,3331.33,3314.24,-17.09
1008,2025-12-11 00:15:00,2025-12-11 17:15:00,SHORT,3314.24,3196.76,117.48
1009,2025-12-11 17:15:00,2025-12-12 00:45:00,LONG,3196.76,3221.7,24.94
1010,2025-12-12 00:45:00,2025-12-12 01:00:00,SHORT,3221.7,3203.19,18.51
1011,2025-12-12 01:00:00,2025-12-12 08:15:00,LONG,3203.19,3243.2,40.01
1012,2025-12-12 08:15:00,2025-12-12 08:45:00,SHORT,3243.2,3246.15,-2.95
1013,2025-12-12 08:45:00,2025-12-12 09:15:00,LONG,3246.15,3238.95,-7.19
1014,2025-12-12 09:15:00,2025-12-12 09:45:00,SHORT,3238.95,3249.71,-10.75
1015,2025-12-12 09:45:00,2025-12-12 11:15:00,LONG,3249.71,3234.19,-15.52
1016,2025-12-12 11:15:00,2025-12-12 12:45:00,SHORT,3234.19,3241.28,-7.09
1017,2025-12-12 12:45:00,2025-12-12 13:15:00,LONG,3241.28,3240.58,-0.7
1018,2025-12-12 13:15:00,2025-12-13 03:15:00,SHORT,3240.58,3092.28,148.3
1019,2025-12-13 03:15:00,2025-12-13 13:15:00,LONG,3092.28,3104.9,12.63
1020,2025-12-13 13:15:00,2025-12-13 13:30:00,SHORT,3104.9,3106.14,-1.24
1021,2025-12-13 13:30:00,2025-12-13 14:15:00,LONG,3106.14,3107.87,1.73
1022,2025-12-13 14:15:00,2025-12-13 14:30:00,SHORT,3107.87,3106.88,0.99
1023,2025-12-13 14:30:00,2025-12-13 16:15:00,LONG,3106.88,3102.53,-4.35
1024,2025-12-13 16:15:00,2025-12-13 18:00:00,SHORT,3102.53,3105.7,-3.17
1025,2025-12-13 18:00:00,2025-12-13 18:45:00,LONG,3105.7,3102.34,-3.35
1026,2025-12-13 18:45:00,2025-12-13 19:30:00,SHORT,3102.34,3107.88,-5.54
1027,2025-12-13 19:30:00,2025-12-13 20:45:00,LONG,3107.88,3103.59,-4.3
1028,2025-12-13 20:45:00,2025-12-13 21:45:00,SHORT,3103.59,3113.34,-9.75
1029,2025-12-13 21:45:00,2025-12-13 22:00:00,LONG,3113.34,3102.82,-10.51
1030,2025-12-13 22:00:00,2025-12-14 00:30:00,SHORT,3102.82,3115.33,-12.5
1031,2025-12-14 00:30:00,2025-12-14 04:30:00,LONG,3115.33,3117.0,1.67
1032,2025-12-14 04:30:00,2025-12-14 05:30:00,SHORT,3117.0,3111.43,5.57
1033,2025-12-14 05:30:00,2025-12-14 06:15:00,LONG,3111.43,3107.81,-3.62
1034,2025-12-14 06:15:00,2025-12-14 07:45:00,SHORT,3107.81,3113.75,-5.94
1035,2025-12-14 07:45:00,2025-12-14 08:45:00,LONG,3113.75,3113.27,-0.48
1036,2025-12-14 08:45:00,2025-12-14 18:45:00,SHORT,3113.27,3103.42,9.85
1037,2025-12-14 18:45:00,2025-12-14 19:00:00,LONG,3103.42,3091.92,-11.5
1038,2025-12-14 19:00:00,2025-12-15 01:30:00,SHORT,3091.92,3089.53,2.38
1039,2025-12-15 01:30:00,2025-12-15 14:15:00,LONG,3089.53,3129.09,39.56
1040,2025-12-15 14:15:00,2025-12-16 06:15:00,SHORT,3129.09,2942.58,186.52
1041,2025-12-16 06:15:00,2025-12-16 07:00:00,LONG,2942.58,2937.78,-4.8
1042,2025-12-16 07:00:00,2025-12-16 10:30:00,SHORT,2937.78,2935.26,2.52
1043,2025-12-16 10:30:00,2025-12-16 13:45:00,LONG,2935.26,2915.28,-19.98
1044,2025-12-16 13:45:00,2025-12-16 15:45:00,SHORT,2915.28,2959.69,-44.42
1045,2025-12-16 15:45:00,2025-12-16 16:30:00,LONG,2959.69,2931.15,-28.54
1046,2025-12-16 16:30:00,2025-12-16 18:30:00,SHORT,2931.15,2943.2,-12.05
1047,2025-12-16 18:30:00,2025-12-16 19:00:00,LONG,2943.2,2939.11,-4.09
1048,2025-12-16 19:00:00,2025-12-16 19:30:00,SHORT,2939.11,2944.66,-5.55
1049,2025-12-16 19:30:00,2025-12-17 02:00:00,LONG,2944.66,2945.6,0.94
1050,2025-12-17 02:00:00,2025-12-17 07:30:00,SHORT,2945.6,2944.08,1.53
1051,2025-12-17 07:30:00,2025-12-17 08:00:00,LONG,2944.08,2941.63,-2.45
1052,2025-12-17 08:00:00,2025-12-17 13:45:00,SHORT,2941.63,2941.81,-0.18
1053,2025-12-17 13:45:00,2025-12-17 14:30:00,LONG,2941.81,2933.11,-8.7
1054,2025-12-17 14:30:00,2025-12-17 14:45:00,SHORT,2933.11,2939.11,-6.0
1055,2025-12-17 14:45:00,2025-12-17 15:45:00,LONG,2939.11,2909.69,-29.41
1056,2025-12-17 15:45:00,2025-12-18 04:15:00,SHORT,2909.69,2839.87,69.83
1057,2025-12-18 04:15:00,2025-12-18 05:00:00,LONG,2839.87,2833.83,-6.04
1058,2025-12-18 05:00:00,2025-12-18 05:30:00,SHORT,2833.83,2831.75,2.08
1059,2025-12-18 05:30:00,2025-12-18 05:45:00,LONG,2831.75,2826.33,-5.42
1060,2025-12-18 05:45:00,2025-12-18 06:00:00,SHORT,2826.33,2831.1,-4.77
1061,2025-12-18 06:00:00,2025-12-18 17:00:00,LONG,2831.1,2929.52,98.42
1062,2025-12-18 17:00:00,2025-12-19 03:00:00,SHORT,2929.52,2844.99,84.53
1063,2025-12-19 03:00:00,2025-12-19 17:45:00,LONG,2844.99,2944.44,99.45
1064,2025-12-19 17:45:00,2025-12-19 18:15:00,SHORT,2944.44,2968.27,-23.83
1065,2025-12-19 18:15:00,2025-12-20 07:00:00,LONG,2968.27,2977.9,9.63
1066,2025-12-20 07:00:00,2025-12-20 08:00:00,SHORT,2977.9,2985.48,-7.57
1067,2025-12-20 08:00:00,2025-12-20 10:15:00,LONG,2985.48,2980.87,-4.6
1068,2025-12-20 10:15:00,2025-12-20 11:15:00,SHORT,2980.87,2980.45,0.42
1069,2025-12-20 11:15:00,2025-12-20 13:15:00,LONG,2980.45,2973.36,-7.08
1070,2025-12-20 13:15:00,2025-12-20 20:30:00,SHORT,2973.36,2982.05,-8.68
1071,2025-12-20 20:30:00,2025-12-20 21:45:00,LONG,2982.05,2980.05,-2.0
1072,2025-12-20 21:45:00,2025-12-21 00:15:00,SHORT,2980.05,2979.99,0.06
1073,2025-12-21 00:15:00,2025-12-21 00:30:00,LONG,2979.99,2977.72,-2.27
1074,2025-12-21 00:30:00,2025-12-21 07:15:00,SHORT,2977.72,2977.96,-0.24
1075,2025-12-21 07:15:00,2025-12-21 13:00:00,LONG,2977.96,2984.46,6.5
1076,2025-12-21 13:00:00,2025-12-21 16:45:00,SHORT,2984.46,2983.39,1.07
1077,2025-12-21 16:45:00,2025-12-21 17:15:00,LONG,2983.39,2977.8,-5.59
1078,2025-12-21 17:15:00,2025-12-21 17:30:00,SHORT,2977.8,2986.5,-8.7
1079,2025-12-21 17:30:00,2025-12-21 18:00:00,LONG,2986.5,2977.62,-8.88
1080,2025-12-21 18:00:00,2025-12-21 18:30:00,SHORT,2977.62,2985.47,-7.84
1081,2025-12-21 18:30:00,2025-12-21 21:30:00,LONG,2985.47,2982.29,-3.18
1082,2025-12-21 21:30:00,2025-12-21 22:00:00,SHORT,2982.29,2978.98,3.31
1083,2025-12-21 22:00:00,2025-12-22 15:00:00,LONG,2978.98,3047.76,68.78
1084,2025-12-22 15:00:00,2025-12-23 00:30:00,SHORT,3047.76,3026.25,21.51
1085,2025-12-23 00:30:00,2025-12-23 02:30:00,LONG,3026.25,3005.25,-21.0
1086,2025-12-23 02:30:00,2025-12-23 20:15:00,SHORT,3005.25,2958.15,47.1
1087,2025-12-23 20:15:00,2025-12-24 02:00:00,LONG,2958.15,2958.09,-0.06
1088,2025-12-24 02:00:00,2025-12-24 04:00:00,SHORT,2958.09,2954.01,4.08
1089,2025-12-24 04:00:00,2025-12-24 04:15:00,LONG,2954.01,2945.48,-8.53
1090,2025-12-24 04:15:00,2025-12-24 14:00:00,SHORT,2945.48,2936.16,9.32
1091,2025-12-24 14:00:00,2025-12-24 14:15:00,LONG,2936.16,2929.58,-6.57
1092,2025-12-24 14:15:00,2025-12-24 16:30:00,SHORT,2929.58,2932.18,-2.6
1093,2025-12-24 16:30:00,2025-12-25 05:00:00,LONG,2932.18,2942.15,9.97
1094,2025-12-25 05:00:00,2025-12-25 15:15:00,SHORT,2942.15,2942.02,0.14
1095,2025-12-25 15:15:00,2025-12-25 22:00:00,LONG,2942.02,2944.23,2.21
1096,2025-12-25 22:00:00,2025-12-26 02:00:00,SHORT,2944.23,2923.72,20.51
1097,2025-12-26 02:00:00,2025-12-26 14:30:00,LONG,2923.72,2973.42,49.7
1098,2025-12-26 14:30:00,2025-12-27 03:15:00,SHORT,2973.42,2928.73,44.69
1099,2025-12-27 03:15:00,2025-12-27 10:30:00,LONG,2928.73,2927.39,-1.33
1100,2025-12-27 10:30:00,2025-12-27 13:30:00,SHORT,2927.39,2929.6,-2.2
1101,2025-12-27 13:30:00,2025-12-27 15:00:00,LONG,2929.6,2927.85,-1.75
1102,2025-12-27 15:00:00,2025-12-27 19:45:00,SHORT,2927.85,2929.74,-1.89
1103,2025-12-27 19:45:00,2025-12-28 05:15:00,LONG,2929.74,2934.9,5.16
1104,2025-12-28 05:15:00,2025-12-28 06:00:00,SHORT,2934.9,2939.13,-4.24
1105,2025-12-28 06:00:00,2025-12-28 07:15:00,LONG,2939.13,2939.01,-0.13
1106,2025-12-28 07:15:00,2025-12-28 08:00:00,SHORT,2939.01,2941.32,-2.32
1107,2025-12-28 08:00:00,2025-12-28 09:30:00,LONG,2941.32,2939.42,-1.9
1108,2025-12-28 09:30:00,2025-12-28 10:00:00,SHORT,2939.42,2941.92,-2.49
1109,2025-12-28 10:00:00,2025-12-28 11:30:00,LONG,2941.92,2942.94,1.02
1110,2025-12-28 11:30:00,2025-12-28 11:45:00,SHORT,2942.94,2944.3,-1.36
1111,2025-12-28 11:45:00,2025-12-28 12:00:00,LONG,2944.3,2941.11,-3.19
1112,2025-12-28 12:00:00,2025-12-28 13:15:00,SHORT,2941.11,2944.06,-2.95
1113,2025-12-28 13:15:00,2025-12-28 18:00:00,LONG,2944.06,2943.28,-0.78
1114,2025-12-28 18:00:00,2025-12-28 22:45:00,SHORT,2943.28,2947.77,-4.5
1115,2025-12-28 22:45:00,2025-12-28 23:00:00,LONG,2947.77,2945.43,-2.34
1116,2025-12-28 23:00:00,2025-12-29 00:15:00,SHORT,2945.43,2954.47,-9.04
1117,2025-12-29 00:15:00,2025-12-29 09:30:00,LONG,2954.47,3002.35,47.88
1118,2025-12-29 09:30:00,2025-12-29 22:30:00,SHORT,3002.35,2941.91,60.44
1119,2025-12-29 22:30:00,2025-12-29 23:15:00,LONG,2941.91,2936.09,-5.82
1120,2025-12-29 23:15:00,2025-12-30 01:45:00,SHORT,2936.09,2938.64,-2.55
1121,2025-12-30 01:45:00,2025-12-30 02:00:00,LONG,2938.64,2932.1,-6.54
1122,2025-12-30 02:00:00,2025-12-30 03:15:00,SHORT,2932.1,2929.67,2.44
1123,2025-12-30 03:15:00,2025-12-30 18:45:00,LONG,2929.67,2967.8,38.13
1124,2025-12-30 18:45:00,2025-12-31 01:15:00,SHORT,2967.8,2974.22,-6.42
1125,2025-12-31 01:15:00,2025-12-31 03:30:00,LONG,2974.22,2970.5,-3.72
1126,2025-12-31 03:30:00,2025-12-31 05:00:00,SHORT,2970.5,2972.56,-2.06
1127,2025-12-31 05:00:00,2025-12-31 08:30:00,LONG,2972.56,2974.0,1.44
1128,2025-12-31 08:30:00,2025-12-31 09:00:00,SHORT,2974.0,2973.45,0.55
1129,2025-12-31 09:00:00,2025-12-31 15:00:00,LONG,2973.45,2980.95,7.5
1130,2025-12-31 15:00:00,2025-12-31 16:15:00,SHORT,2980.95,2996.16,-15.21
1131,2025-12-31 16:15:00,2025-12-31 16:30:00,LONG,2996.16,2978.14,-18.02
1132,2025-12-31 16:30:00,2026-01-01 01:00:00,SHORT,2978.14,2983.3,-5.16
1133,2026-01-01 01:00:00,2026-01-01 04:00:00,LONG,2983.3,2977.83,-5.47
1134,2026-01-01 04:00:00,2026-01-01 05:00:00,SHORT,2977.83,2978.74,-0.91
1135,2026-01-01 05:00:00,2026-01-01 06:45:00,LONG,2978.74,2975.96,-2.78
1136,2026-01-01 06:45:00,2026-01-01 07:30:00,SHORT,2975.96,2979.69,-3.73
1137,2026-01-01 07:30:00,2026-01-01 07:45:00,LONG,2979.69,2978.16,-1.54
1138,2026-01-01 07:45:00,2026-01-01 08:00:00,SHORT,2978.16,2980.9,-2.74
1139,2026-01-01 08:00:00,2026-01-01 14:00:00,LONG,2980.9,2980.04,-0.86
1140,2026-01-01 14:00:00,2026-01-01 14:45:00,SHORT,2980.04,2984.51,-4.47
1141,2026-01-01 14:45:00,2026-01-03 04:00:00,LONG,2984.51,3121.85,137.34
1142,2026-01-03 04:00:00,2026-01-03 14:15:00,SHORT,3121.85,3110.34,11.51
1143,2026-01-03 14:15:00,2026-01-03 15:00:00,LONG,3110.34,3101.39,-8.95
1144,2026-01-03 15:00:00,2026-01-03 16:30:00,SHORT,3101.39,3107.61,-6.23
1145,2026-01-03 16:30:00,2026-01-04 08:00:00,LONG,3107.61,3135.95,28.34
1146,2026-01-04 08:00:00,2026-01-04 09:30:00,SHORT,3135.95,3141.22,-5.27
1147,2026-01-04 09:30:00,2026-01-04 11:00:00,LONG,3141.22,3143.3,2.08
1148,2026-01-04 11:00:00,2026-01-04 12:15:00,SHORT,3143.3,3141.92,1.39
1149,2026-01-04 12:15:00,2026-01-04 12:30:00,LONG,3141.92,3140.54,-1.38
1150,2026-01-04 12:30:00,2026-01-04 20:00:00,SHORT,3140.54,3138.73,1.81
1151,2026-01-04 20:00:00,2026-01-05 05:45:00,LONG,3138.73,3150.32,11.6
1152,2026-01-05 05:45:00,2026-01-05 08:00:00,SHORT,3150.32,3161.4,-11.07
1153,2026-01-05 08:00:00,2026-01-05 08:30:00,LONG,3161.4,3162.1,0.71
1154,2026-01-05 08:30:00,2026-01-05 08:45:00,SHORT,3162.1,3166.31,-4.21
1155,2026-01-05 08:45:00,2026-01-05 09:00:00,LONG,3166.31,3157.99,-8.32
1156,2026-01-05 09:00:00,2026-01-05 09:30:00,SHORT,3157.99,3169.31,-11.32
1157,2026-01-05 09:30:00,2026-01-05 12:30:00,LONG,3169.31,3167.51,-1.81
1158,2026-01-05 12:30:00,2026-01-05 14:30:00,SHORT,3167.51,3162.98,4.52
1159,2026-01-05 14:30:00,2026-01-05 14:45:00,LONG,3162.98,3157.5,-5.49
1160,2026-01-05 14:45:00,2026-01-05 15:30:00,SHORT,3157.5,3181.33,-23.83
1161,2026-01-05 15:30:00,2026-01-05 17:15:00,LONG,3181.33,3172.83,-8.5
1162,2026-01-05 17:15:00,2026-01-05 17:30:00,SHORT,3172.83,3177.56,-4.73
1163,2026-01-05 17:30:00,2026-01-06 05:30:00,LONG,3177.56,3219.0,41.44
1164,2026-01-06 05:30:00,2026-01-06 06:30:00,SHORT,3219.0,3230.01,-11.01
1165,2026-01-06 06:30:00,2026-01-06 07:15:00,LONG,3230.01,3224.63,-5.38
1166,2026-01-06 07:15:00,2026-01-06 10:00:00,SHORT,3224.63,3228.82,-4.2
1167,2026-01-06 10:00:00,2026-01-06 17:45:00,LONG,3228.82,3228.2,-0.63
1168,2026-01-06 17:45:00,2026-01-06 20:30:00,SHORT,3228.2,3247.71,-19.52
1169,2026-01-06 20:30:00,2026-01-07 01:15:00,LONG,3247.71,3257.59,9.87
1170,2026-01-07 01:15:00,2026-01-07 02:30:00,SHORT,3257.59,3260.18,-2.59
1171,2026-01-07 02:30:00,2026-01-07 05:00:00,LONG,3260.18,3250.37,-9.82
1172,2026-01-07 05:00:00,2026-01-08 00:30:00,SHORT,3250.37,3167.3,83.07
1173,2026-01-08 00:30:00,2026-01-08 02:30:00,LONG,3167.3,3160.59,-6.7
1174,2026-01-08 02:30:00,2026-01-08 04:15:00,SHORT,3160.59,3153.36,7.24
1175,2026-01-08 04:15:00,2026-01-08 05:30:00,LONG,3153.36,3148.1,-5.26
1176,2026-01-08 05:30:00,2026-01-08 16:45:00,SHORT,3148.1,3122.95,25.15
1177,2026-01-08 16:45:00,2026-01-08 17:15:00,LONG,3122.95,3113.49,-9.45
1178,2026-01-08 17:15:00,2026-01-08 17:45:00,SHORT,3113.49,3133.54,-20.05
1179,2026-01-08 17:45:00,2026-01-08 20:00:00,LONG,3133.54,3102.01,-31.53
1180,2026-01-08 20:00:00,2026-01-08 21:30:00,SHORT,3102.01,3115.52,-13.51
1181,2026-01-08 21:30:00,2026-01-09 00:15:00,LONG,3115.52,3106.15,-9.37
1182,2026-01-09 00:15:00,2026-01-09 00:30:00,SHORT,3106.15,3110.79,-4.64
1183,2026-01-09 00:30:00,2026-01-09 01:30:00,LONG,3110.79,3128.74,17.96
1184,2026-01-09 01:30:00,2026-01-09 02:00:00,SHORT,3128.74,3125.07,3.67
1185,2026-01-09 02:00:00,2026-01-09 03:15:00,LONG,3125.07,3105.45,-19.62
1186,2026-01-09 03:15:00,2026-01-09 03:30:00,SHORT,3105.45,3115.87,-10.42
1187,2026-01-09 03:30:00,2026-01-09 04:30:00,LONG,3115.87,3115.12,-0.76
1188,2026-01-09 04:30:00,2026-01-09 06:15:00,SHORT,3115.12,3122.06,-6.95
1189,2026-01-09 06:15:00,2026-01-09 07:45:00,LONG,3122.06,3111.65,-10.41
1190,2026-01-09 07:45:00,2026-01-09 15:15:00,SHORT,3111.65,3093.94,17.71
1191,2026-01-09 15:15:00,2026-01-09 18:15:00,LONG,3093.94,3097.55,3.61
1192,2026-01-09 18:15:00,2026-01-10 07:00:00,SHORT,3097.55,3089.04,8.51
1193,2026-01-10 07:00:00,2026-01-10 17:45:00,LONG,3089.04,3095.01,5.97
1194,2026-01-10 17:45:00,2026-01-11 01:45:00,SHORT,3095.01,3095.22,-0.21
1195,2026-01-11 01:45:00,2026-01-11 20:00:00,LONG,3095.22,3119.23,24.01
1196,2026-01-11 20:00:00,2026-01-11 20:45:00,SHORT,3119.23,3115.8,3.44
1197,2026-01-11 20:45:00,2026-01-11 22:00:00,LONG,3115.8,3115.29,-0.5
1198,2026-01-11 22:00:00,2026-01-12 00:15:00,SHORT,3115.29,3125.72,-10.42
1199,2026-01-12 00:15:00,2026-01-12 00:30:00,LONG,3125.72,3111.15,-14.57
1200,2026-01-12 00:30:00,2026-01-12 00:45:00,SHORT,3111.15,3116.32,-5.17
1201,2026-01-12 00:45:00,2026-01-12 07:45:00,LONG,3116.32,3136.2,19.88
1202,2026-01-12 07:45:00,2026-01-12 08:00:00,SHORT,3136.2,3142.45,-6.25
1203,2026-01-12 08:00:00,2026-01-12 08:30:00,LONG,3142.45,3131.44,-11.01
1204,2026-01-12 08:30:00,2026-01-12 16:15:00,SHORT,3131.44,3143.99,-12.55
1205,2026-01-12 16:15:00,2026-01-12 17:15:00,LONG,3143.99,3116.36,-27.63
1206,2026-01-12 17:15:00,2026-01-13 03:00:00,SHORT,3116.36,3106.53,9.83
1207,2026-01-13 03:00:00,2026-01-14 10:15:00,LONG,3106.53,3327.24,220.71
1208,2026-01-14 10:15:00,2026-01-14 14:45:00,SHORT,3327.24,3331.09,-3.85
1209,2026-01-14 14:45:00,2026-01-14 18:30:00,LONG,3331.09,3333.63,2.54
1210,2026-01-14 18:30:00,2026-01-14 18:45:00,SHORT,3333.63,3340.42,-6.79
1211,2026-01-14 18:45:00,2026-01-15 00:15:00,LONG,3340.42,3339.86,-0.56
1212,2026-01-15 00:15:00,2026-01-15 08:45:00,SHORT,3339.86,3334.27,5.59
1213,2026-01-15 08:45:00,2026-01-15 14:30:00,LONG,3334.27,3356.0,21.73
1214,2026-01-15 14:30:00,2026-01-15 14:45:00,SHORT,3356.0,3349.7,6.3
1215,2026-01-15 14:45:00,2026-01-15 15:15:00,LONG,3349.7,3331.06,-18.64
1216,2026-01-15 15:15:00,2026-01-16 00:30:00,SHORT,3331.06,3325.53,5.53
1217,2026-01-16 00:30:00,2026-01-16 00:45:00,LONG,3325.53,3320.33,-5.2
1218,2026-01-16 00:45:00,2026-01-16 05:30:00,SHORT,3320.33,3299.67,20.66
1219,2026-01-16 05:30:00,2026-01-16 10:00:00,LONG,3299.67,3303.95,4.28
1220,2026-01-16 10:00:00,2026-01-16 12:15:00,SHORT,3303.95,3312.89,-8.95
1221,2026-01-16 12:15:00,2026-01-16 13:30:00,LONG,3312.89,3303.08,-9.81
1222,2026-01-16 13:30:00,2026-01-16 14:15:00,SHORT,3303.08,3310.31,-7.23
1223,2026-01-16 14:15:00,2026-01-16 14:30:00,LONG,3310.31,3307.18,-3.13
1224,2026-01-16 14:30:00,2026-01-16 15:00:00,SHORT,3307.18,3304.89,2.29
1225,2026-01-16 15:00:00,2026-01-16 15:15:00,LONG,3304.89,3294.85,-10.05
1226,2026-01-16 15:15:00,2026-01-16 22:45:00,SHORT,3294.85,3292.71,2.14
1227,2026-01-16 22:45:00,2026-01-17 02:00:00,LONG,3292.71,3287.95,-4.76
1228,2026-01-17 02:00:00,2026-01-17 02:30:00,SHORT,3287.95,3288.62,-0.67
1229,2026-01-17 02:30:00,2026-01-17 22:00:00,LONG,3288.62,3310.49,21.87
1230,2026-01-17 22:00:00,2026-01-18 03:30:00,SHORT,3310.49,3314.91,-4.42
1231,2026-01-18 03:30:00,2026-01-18 07:00:00,LONG,3314.91,3313.22,-1.7
1232,2026-01-18 07:00:00,2026-01-18 08:15:00,SHORT,3313.22,3310.86,2.36
1233,2026-01-18 08:15:00,2026-01-18 23:00:00,LONG,3310.86,3344.96,34.1
1234,2026-01-18 23:00:00,2026-01-19 11:15:00,SHORT,3344.96,3221.91,123.05
1235,2026-01-19 11:15:00,2026-01-19 20:45:00,LONG,3221.91,3213.45,-8.45
1236,2026-01-19 20:45:00,2026-01-21 05:30:00,SHORT,3213.45,2987.73,225.72
1237,2026-01-21 05:30:00,2026-01-21 07:00:00,LONG,2987.73,2974.91,-12.83
1238,2026-01-21 07:00:00,2026-01-21 07:15:00,SHORT,2974.91,2980.28,-5.37
1239,2026-01-21 07:15:00,2026-01-21 07:30:00,LONG,2980.28,2976.34,-3.94
1240,2026-01-21 07:30:00,2026-01-21 14:00:00,SHORT,2976.34,2939.41,36.93
1241,2026-01-21 14:00:00,2026-01-21 16:15:00,LONG,2939.41,2964.64,25.23
1242,2026-01-21 16:15:00,2026-01-21 19:15:00,SHORT,2964.64,2936.67,27.97
1243,2026-01-21 19:15:00,2026-01-22 07:45:00,LONG,2936.67,3005.61,68.93
1244,2026-01-22 07:45:00,2026-01-22 09:30:00,SHORT,3005.61,3012.96,-7.35
1245,2026-01-22 09:30:00,2026-01-22 10:30:00,LONG,3012.96,3002.31,-10.65
1246,2026-01-22 10:30:00,2026-01-23 01:00:00,SHORT,3002.31,2957.98,44.33
1247,2026-01-23 01:00:00,2026-01-23 06:15:00,LONG,2957.98,2965.74,7.76
1248,2026-01-23 06:15:00,2026-01-23 15:45:00,SHORT,2965.74,2957.47,8.26
1249,2026-01-23 15:45:00,2026-01-23 20:30:00,LONG,2957.47,2939.83,-17.64
1250,2026-01-23 20:30:00,2026-01-23 21:00:00,SHORT,2939.83,2950.45,-10.62
1251,2026-01-23 21:00:00,2026-01-24 04:15:00,LONG,2950.45,2960.2,9.75
1252,2026-01-24 04:15:00,2026-01-24 06:30:00,SHORT,2960.2,2963.58,-3.38
1253,2026-01-24 06:30:00,2026-01-24 07:15:00,LONG,2963.58,2958.49,-5.09
1254,2026-01-24 07:15:00,2026-01-24 08:45:00,SHORT,2958.49,2962.45,-3.97
1255,2026-01-24 08:45:00,2026-01-24 13:45:00,LONG,2962.45,2958.89,-3.56
1256,2026-01-24 13:45:00,2026-01-24 15:00:00,SHORT,2958.89,2965.28,-6.39
1257,2026-01-24 15:00:00,2026-01-24 15:30:00,LONG,2965.28,2960.26,-5.02
1258,2026-01-24 15:30:00,2026-01-24 17:00:00,SHORT,2960.26,2963.1,-2.84
1259,2026-01-24 17:00:00,2026-01-24 19:00:00,LONG,2963.1,2961.35,-1.75
1260,2026-01-24 19:00:00,2026-01-24 22:00:00,SHORT,2961.35,2960.81,0.54
1261,2026-01-24 22:00:00,2026-01-24 23:00:00,LONG,2960.81,2959.99,-0.81
1262,2026-01-24 23:00:00,2026-01-26 01:00:00,SHORT,2959.99,2854.1,105.9
1263,2026-01-26 01:00:00,2026-01-26 03:30:00,LONG,2854.1,2844.64,-9.45
1264,2026-01-26 03:30:00,2026-01-26 04:00:00,SHORT,2844.64,2858.53,-13.89
1265,2026-01-26 04:00:00,2026-01-26 14:00:00,LONG,2858.53,2904.9,46.37
1266,2026-01-26 14:00:00,2026-01-26 14:30:00,SHORT,2904.9,2896.32,8.59
1267,2026-01-26 14:30:00,2026-01-26 20:45:00,LONG,2896.32,2905.86,9.54
1268,2026-01-26 20:45:00,2026-01-26 21:30:00,SHORT,2905.86,2919.46,-13.6
1269,2026-01-26 21:30:00,2026-01-27 06:30:00,LONG,2919.46,2929.96,10.5
1270,2026-01-27 06:30:00,2026-01-27 07:00:00,SHORT,2929.96,2933.86,-3.9
1271,2026-01-27 07:00:00,2026-01-27 07:45:00,LONG,2933.86,2930.16,-3.7
1272,2026-01-27 07:45:00,2026-01-27 14:15:00,SHORT,2930.16,2934.39,-4.22
1273,2026-01-27 14:15:00,2026-01-27 14:30:00,LONG,2934.39,2919.63,-14.76
1274,2026-01-27 14:30:00,2026-01-27 15:00:00,SHORT,2919.63,2931.4,-11.77
1275,2026-01-27 15:00:00,2026-01-27 17:30:00,LONG,2931.4,2930.2,-1.19
1276,2026-01-27 17:30:00,2026-01-27 18:45:00,SHORT,2930.2,2961.88,-31.68
1277,2026-01-27 18:45:00,2026-01-28 08:00:00,LONG,2961.88,2999.25,37.36
1278,2026-01-28 08:00:00,2026-01-28 09:30:00,SHORT,2999.25,2999.94,-0.69
1279,2026-01-28 09:30:00,2026-01-28 14:45:00,LONG,2999.94,3012.4,12.46
1280,2026-01-28 14:45:00,2026-01-28 16:15:00,SHORT,3012.4,3011.44,0.96
1281,2026-01-28 16:15:00,2026-01-28 16:30:00,LONG,3011.44,3003.51,-7.93
1282,2026-01-28 16:30:00,2026-01-28 17:45:00,SHORT,3003.51,3024.55,-21.04
1283,2026-01-28 17:45:00,2026-01-28 19:00:00,LONG,3024.55,3004.7,-19.85
1284,2026-01-28 19:00:00,2026-01-28 19:45:00,SHORT,3004.7,3012.13,-7.43
1285,2026-01-28 19:45:00,2026-01-28 20:30:00,LONG,3012.13,3017.77,5.64
1286,2026-01-28 20:30:00,2026-01-28 22:45:00,SHORT,3017.77,3018.02,-0.24
1287,2026-01-28 22:45:00,2026-01-29 00:00:00,LONG,3018.02,3004.72,-13.3
1288,2026-01-29 00:00:00,2026-01-30 11:45:00,SHORT,3004.72,2745.83,258.89
1289,2026-01-30 11:45:00,2026-01-30 12:15:00,LONG,2745.83,2741.53,-4.3
1290,2026-01-30 12:15:00,2026-01-30 14:30:00,SHORT,2741.53,2745.26,-3.73
1291,2026-01-30 14:30:00,2026-01-30 14:45:00,LONG,2745.26,2743.19,-2.07
1292,2026-01-30 14:45:00,2026-01-30 18:45:00,SHORT,2743.19,2740.94,2.25
1293,2026-01-30 18:45:00,2026-01-30 20:00:00,LONG,2740.94,2723.47,-17.47
1294,2026-01-30 20:00:00,2026-02-01 02:00:00,SHORT,2723.47,2457.86,265.61
1295,2026-02-01 02:00:00,2026-02-01 06:30:00,LONG,2457.86,2424.75,-33.1
1296,2026-02-01 06:30:00,2026-02-01 07:30:00,SHORT,2424.75,2419.97,4.78
1297,2026-02-01 07:30:00,2026-02-01 07:45:00,LONG,2419.97,2414.18,-5.8
1298,2026-02-01 07:45:00,2026-02-02 09:15:00,SHORT,2414.18,2256.54,157.64
1299,2026-02-02 09:15:00,2026-02-02 20:30:00,LONG,2256.54,2317.91,61.37
1300,2026-02-02 20:30:00,2026-02-02 21:00:00,SHORT,2317.91,2332.6,-14.7
1301,2026-02-02 21:00:00,2026-02-03 00:00:00,LONG,2332.6,2338.99,6.38
1302,2026-02-03 00:00:00,2026-02-03 00:15:00,SHORT,2338.99,2344.14,-5.16
1303,2026-02-03 00:15:00,2026-02-03 02:00:00,LONG,2344.14,2345.64,1.49
1304,2026-02-03 02:00:00,2026-02-03 04:30:00,SHORT,2345.64,2348.08,-2.44
1305,2026-02-03 04:30:00,2026-02-03 05:00:00,LONG,2348.08,2333.36,-14.72
1306,2026-02-03 05:00:00,2026-02-03 20:30:00,SHORT,2333.36,2275.47,57.9
1307,2026-02-03 20:30:00,2026-02-03 22:45:00,LONG,2275.47,2238.78,-36.69
1308,2026-02-03 22:45:00,2026-02-04 01:00:00,SHORT,2238.78,2253.48,-14.7
1309,2026-02-04 01:00:00,2026-02-04 09:15:00,LONG,2253.48,2261.3,7.82
1310,2026-02-04 09:15:00,2026-02-05 01:00:00,SHORT,2261.3,2161.83,99.47
1311,2026-02-05 01:00:00,2026-02-05 02:00:00,LONG,2161.83,2129.95,-31.88
1312,2026-02-05 02:00:00,2026-02-05 02:30:00,SHORT,2129.95,2159.74,-29.79
1313,2026-02-05 02:30:00,2026-02-05 02:45:00,LONG,2159.74,2139.12,-20.62
1314,2026-02-05 02:45:00,2026-02-05 09:00:00,SHORT,2139.12,2123.9,15.22
1315,2026-02-05 09:00:00,2026-02-05 10:30:00,LONG,2123.9,2129.19,5.29
1316,2026-02-05 10:30:00,2026-02-06 04:15:00,SHORT,2129.19,1915.57,213.62
1317,2026-02-06 04:15:00,2026-02-06 08:15:00,LONG,1915.57,1888.24,-27.33
1318,2026-02-06 08:15:00,2026-02-06 09:15:00,SHORT,1888.24,1902.33,-14.09
1319,2026-02-06 09:15:00,2026-02-07 06:45:00,LONG,1902.33,2068.81,166.48
1320,2026-02-07 06:45:00,2026-02-07 12:15:00,SHORT,2068.81,2051.37,17.44
1321,2026-02-07 12:15:00,2026-02-07 12:30:00,LONG,2051.37,2039.93,-11.44
1322,2026-02-07 12:30:00,2026-02-07 15:15:00,SHORT,2039.93,2053.13,-13.21
1323,2026-02-07 15:15:00,2026-02-08 03:45:00,LONG,2053.13,2078.22,25.09
1324,2026-02-08 03:45:00,2026-02-08 04:45:00,SHORT,2078.22,2086.49,-8.27
1325,2026-02-08 04:45:00,2026-02-08 06:00:00,LONG,2086.49,2079.29,-7.2
1326,2026-02-08 06:00:00,2026-02-08 08:15:00,SHORT,2079.29,2088.67,-9.38
1327,2026-02-08 08:15:00,2026-02-08 16:30:00,LONG,2088.67,2102.02,13.35
1328,2026-02-08 16:30:00,2026-02-08 18:30:00,SHORT,2102.02,2105.72,-3.71
1329,2026-02-08 18:30:00,2026-02-08 20:45:00,LONG,2105.72,2104.86,-0.86
1330,2026-02-08 20:45:00,2026-02-08 23:00:00,SHORT,2104.86,2116.23,-11.37
1331,2026-02-08 23:00:00,2026-02-08 23:15:00,LONG,2116.23,2106.44,-9.79
1332,2026-02-08 23:15:00,2026-02-09 03:45:00,SHORT,2106.44,2102.92,3.53
1333,2026-02-09 03:45:00,2026-02-09 04:00:00,LONG,2102.92,2092.58,-10.33
1334,2026-02-09 04:00:00,2026-02-09 15:30:00,SHORT,2092.58,2056.95,35.64
1335,2026-02-09 15:30:00,2026-02-10 03:00:00,LONG,2056.95,2101.63,44.69
1336,2026-02-10 03:00:00,2026-02-10 16:00:00,SHORT,2101.63,2036.1,65.54
1337,2026-02-10 16:00:00,2026-02-10 18:15:00,LONG,2036.1,2018.95,-17.14
1338,2026-02-10 18:15:00,2026-02-10 19:30:00,SHORT,2018.95,2022.2,-3.25
1339,2026-02-10 19:30:00,2026-02-10 20:00:00,LONG,2022.2,2008.3,-13.9
1340,2026-02-10 20:00:00,2026-02-10 23:30:00,SHORT,2008.3,2018.74,-10.44
1341,2026-02-10 23:30:00,2026-02-11 01:15:00,LONG,2018.74,2020.25,1.51
1342,2026-02-11 01:15:00,2026-02-11 01:30:00,SHORT,2020.25,2024.46,-4.21
1343,2026-02-11 01:30:00,2026-02-11 02:45:00,LONG,2024.46,2016.83,-7.63
1344,2026-02-11 02:45:00,2026-02-11 14:00:00,SHORT,2016.83,1970.77,46.06
1345,2026-02-11 14:00:00,2026-02-11 14:30:00,LONG,1970.77,1968.11,-2.67
1346,2026-02-11 14:30:00,2026-02-11 19:00:00,SHORT,1968.11,1954.61,13.5
1347,2026-02-11 19:00:00,2026-02-11 20:15:00,LONG,1954.61,1945.47,-9.13
1348,2026-02-11 20:15:00,2026-02-11 20:45:00,SHORT,1945.47,1957.55,-12.08
1349,2026-02-11 20:45:00,2026-02-11 23:15:00,LONG,1957.55,1938.34,-19.21
1350,2026-02-11 23:15:00,2026-02-12 00:00:00,SHORT,1938.34,1950.48,-12.14
1351,2026-02-12 00:00:00,2026-02-12 08:15:00,LONG,1950.48,1964.11,13.63
1352,2026-02-12 08:15:00,2026-02-12 08:45:00,SHORT,1964.11,1965.34,-1.23
1353,2026-02-12 08:45:00,2026-02-12 15:00:00,LONG,1965.34,1969.04,3.7
1354,2026-02-12 15:00:00,2026-02-12 23:15:00,SHORT,1969.04,1949.47,19.57
1355,2026-02-12 23:15:00,2026-02-13 00:15:00,LONG,1949.47,1940.06,-9.41
1356,2026-02-13 00:15:00,2026-02-13 01:00:00,SHORT,1940.06,1940.39,-0.33
1357,2026-02-13 01:00:00,2026-02-13 05:45:00,LONG,1940.39,1937.86,-2.53
1358,2026-02-13 05:45:00,2026-02-13 06:45:00,SHORT,1937.86,1935.7,2.16
1359,2026-02-13 06:45:00,2026-02-13 07:30:00,LONG,1935.7,1939.45,3.75
1360,2026-02-13 07:30:00,2026-02-13 08:00:00,SHORT,1939.45,1942.65,-3.19
1361,2026-02-13 08:00:00,2026-02-14 04:45:00,LONG,1942.65,2054.92,112.27
1362,2026-02-14 04:45:00,2026-02-14 07:45:00,SHORT,2054.92,2057.77,-2.85
1363,2026-02-14 07:45:00,2026-02-15 00:00:00,LONG,2057.77,2082.46,24.69
1364,2026-02-15 00:00:00,2026-02-15 04:00:00,SHORT,2082.46,2068.56,13.9
1365,2026-02-15 04:00:00,2026-02-15 08:15:00,LONG,2068.56,2077.64,9.08
1366,2026-02-15 08:15:00,2026-02-16 04:45:00,SHORT,2077.64,1970.57,107.07
1367,2026-02-16 04:45:00,2026-02-16 05:00:00,LONG,1970.57,1968.13,-2.44
1368,2026-02-16 05:00:00,2026-02-16 06:30:00,SHORT,1968.13,1964.3,3.82
1369,2026-02-16 06:30:00,2026-02-16 15:30:00,LONG,1964.3,1954.94,-9.36
1370,2026-02-16 15:30:00,2026-02-16 17:30:00,SHORT,1954.94,1984.84,-29.89
1371,2026-02-16 17:30:00,2026-02-16 18:45:00,LONG,1984.84,1968.66,-16.17
1372,2026-02-16 18:45:00,2026-02-16 19:30:00,SHORT,1968.66,1977.18,-8.52
1373,2026-02-16 19:30:00,2026-02-17 05:15:00,LONG,1977.18,1977.77,0.58
1374,2026-02-17 05:15:00,2026-02-17 13:15:00,SHORT,1977.77,1987.43,-9.66
1375,2026-02-17 13:15:00,2026-02-17 14:45:00,LONG,1987.43,1948.55,-38.88
1376,2026-02-17 14:45:00,2026-02-17 16:00:00,SHORT,1948.55,1981.2,-32.65
1377,2026-02-17 16:00:00,2026-02-17 17:00:00,LONG,1981.2,1965.63,-15.57
1378,2026-02-17 17:00:00,2026-02-17 18:15:00,SHORT,1965.63,1978.35,-12.72
1379,2026-02-17 18:15:00,2026-02-18 00:45:00,LONG,1978.35,1987.92,9.56
1380,2026-02-18 00:45:00,2026-02-18 02:30:00,SHORT,1987.92,1989.28,-1.37
1381,2026-02-18 02:30:00,2026-02-18 11:00:00,LONG,1989.28,1991.73,2.45
1382,2026-02-18 11:00:00,2026-02-18 15:30:00,SHORT,1991.73,1993.0,-1.27
1383,2026-02-18 15:30:00,2026-02-18 15:45:00,LONG,1993.0,1987.28,-5.72
1384,2026-02-18 15:45:00,2026-02-19 01:00:00,SHORT,1987.28,1961.79,25.49
1385,2026-02-19 01:00:00,2026-02-19 09:45:00,LONG,1961.79,1969.11,7.32
1386,2026-02-19 09:45:00,2026-02-19 20:45:00,SHORT,1969.11,1948.64,20.47
1387,2026-02-19 20:45:00,2026-02-19 22:15:00,LONG,1948.64,1942.17,-6.47
1388,2026-02-19 22:15:00,2026-02-19 22:45:00,SHORT,1942.17,1944.98,-2.81
1389,2026-02-19 22:45:00,2026-02-20 04:15:00,LONG,1944.98,1942.71,-2.27
1390,2026-02-20 04:15:00,2026-02-20 04:30:00,SHORT,1942.71,1945.23,-2.52
1391,2026-02-20 04:30:00,2026-02-20 04:45:00,LONG,1945.23,1937.95,-7.28
1392,2026-02-20 04:45:00,2026-02-20 05:30:00,SHORT,1937.95,1951.49,-13.54
1393,2026-02-20 05:30:00,2026-02-20 11:00:00,LONG,1951.49,1952.63,1.14
1394,2026-02-20 11:00:00,2026-02-20 15:15:00,SHORT,1952.63,1958.04,-5.41
1395,2026-02-20 15:15:00,2026-02-20 17:00:00,LONG,1958.04,1958.79,0.75
1396,2026-02-20 17:00:00,2026-02-20 17:30:00,SHORT,1958.79,1954.7,4.09
1397,2026-02-20 17:30:00,2026-02-21 03:00:00,LONG,1954.7,1963.12,8.42
1398,2026-02-21 03:00:00,2026-02-21 08:30:00,SHORT,1963.12,1966.2,-3.08
1399,2026-02-21 08:30:00,2026-02-21 20:45:00,LONG,1966.2,1981.3,15.11
1400,2026-02-21 20:45:00,2026-02-22 07:30:00,SHORT,1981.3,1978.56,2.74
1401,2026-02-22 07:30:00,2026-02-22 08:15:00,LONG,1978.56,1974.78,-3.78
1402,2026-02-22 08:15:00,2026-02-22 10:15:00,SHORT,1974.78,1976.84,-2.06
1403,2026-02-22 10:15:00,2026-02-22 12:00:00,LONG,1976.84,1978.59,1.75
1404,2026-02-22 12:00:00,2026-02-22 22:30:00,SHORT,1978.59,1959.06,19.53
1405,2026-02-22 22:30:00,2026-02-23 00:15:00,LONG,1959.06,1949.06,-10.0
1406,2026-02-23 00:15:00,2026-02-23 09:30:00,SHORT,1949.06,1893.17,55.89
1407,2026-02-23 09:30:00,2026-02-23 16:00:00,LONG,1893.17,1886.02,-7.15
1408,2026-02-23 16:00:00,2026-02-23 16:15:00,SHORT,1886.02,1893.7,-7.68
1409,2026-02-23 16:15:00,2026-02-23 17:00:00,LONG,1893.7,1875.24,-18.46
1410,2026-02-23 17:00:00,2026-02-24 14:30:00,SHORT,1875.24,1822.88,52.35
1411,2026-02-24 14:30:00,2026-02-26 02:00:00,LONG,1822.88,2050.44,227.55
1412,2026-02-26 02:00:00,2026-02-26 04:30:00,SHORT,2050.44,2071.09,-20.65
1413,2026-02-26 04:30:00,2026-02-26 05:00:00,LONG,2071.09,2067.13,-3.96
1414,2026-02-26 05:00:00,2026-02-26 06:00:00,SHORT,2067.13,2073.07,-5.94
1415,2026-02-26 06:00:00,2026-02-26 06:15:00,LONG,2073.07,2065.07,-8.0
1416,2026-02-26 06:15:00,2026-02-26 09:00:00,SHORT,2065.07,2061.95,3.12
1417,2026-02-26 09:00:00,2026-02-26 11:15:00,LONG,2061.95,2058.1,-3.85
1418,2026-02-26 11:15:00,2026-02-26 12:00:00,SHORT,2058.1,2062.95,-4.85
1419,2026-02-26 12:00:00,2026-02-26 14:30:00,LONG,2062.95,2062.35,-0.59
1420,2026-02-26 14:30:00,2026-02-26 22:30:00,SHORT,2062.35,2034.98,27.38
1421,2026-02-26 22:30:00,2026-02-26 22:45:00,LONG,2034.98,2031.43,-3.55
1422,2026-02-26 22:45:00,2026-02-27 02:15:00,SHORT,2031.43,2029.41,2.02
1423,2026-02-27 02:15:00,2026-02-27 07:30:00,LONG,2029.41,2024.86,-4.55
1424,2026-02-27 07:30:00,2026-02-27 07:45:00,SHORT,2024.86,2030.73,-5.87
1425,2026-02-27 07:45:00,2026-02-27 09:30:00,LONG,2030.73,2031.54,0.81
1426,2026-02-27 09:30:00,2026-02-28 00:00:00,SHORT,2031.54,1935.53,96.01
1427,2026-02-28 00:00:00,2026-02-28 00:15:00,LONG,1935.53,1931.13,-4.4
1428,2026-02-28 00:15:00,2026-02-28 04:30:00,SHORT,1931.13,1925.47,5.66
1429,2026-02-28 04:30:00,2026-02-28 05:30:00,LONG,1925.47,1917.12,-8.35
1430,2026-02-28 05:30:00,2026-02-28 13:45:00,SHORT,1917.12,1877.2,39.92
1431,2026-02-28 13:45:00,2026-03-01 08:45:00,LONG,1877.2,1995.8,118.6
1432,2026-03-01 08:45:00,2026-03-01 13:45:00,SHORT,1995.8,1984.83,10.97
1433,2026-03-01 13:45:00,2026-03-01 15:45:00,LONG,1984.83,2005.74,20.91
1434,2026-03-01 15:45:00,2026-03-01 16:00:00,SHORT,2005.74,2001.57,4.17
1435,2026-03-01 16:00:00,2026-03-01 16:45:00,LONG,2001.57,1989.58,-11.99
1436,2026-03-01 16:45:00,2026-03-02 01:00:00,SHORT,1989.58,1970.51,19.07
1437,2026-03-02 01:00:00,2026-03-02 02:00:00,LONG,1970.51,1952.37,-18.14
1438,2026-03-02 02:00:00,2026-03-02 03:00:00,SHORT,1952.37,1965.99,-13.61
1439,2026-03-02 03:00:00,2026-03-02 06:15:00,LONG,1965.99,1961.15,-4.84
1440,2026-03-02 06:15:00,2026-03-02 14:30:00,SHORT,1961.15,1937.3,23.85
1441,2026-03-02 14:30:00,2026-03-03 01:45:00,LONG,1937.3,2021.16,83.86
1442,2026-03-03 01:45:00,2026-03-03 16:00:00,SHORT,2021.16,1984.25,36.91
1443,2026-03-03 16:00:00,2026-03-03 16:30:00,LONG,1984.25,1987.91,3.66
1444,2026-03-03 16:30:00,2026-03-03 18:15:00,SHORT,1987.91,1986.87,1.04
1445,2026-03-03 18:15:00,2026-03-04 00:30:00,LONG,1986.87,1975.13,-11.74
1446,2026-03-04 00:30:00,2026-03-04 00:45:00,SHORT,1975.13,1971.93,3.2
1447,2026-03-04 00:45:00,2026-03-04 03:00:00,LONG,1971.93,1972.28,0.35
1448,2026-03-04 03:00:00,2026-03-04 06:30:00,SHORT,1972.28,1974.36,-2.08
1449,2026-03-04 06:30:00,2026-03-05 01:15:00,LONG,1974.36,2128.15,153.79
1450,2026-03-05 01:15:00,2026-03-05 10:15:00,SHORT,2128.15,2136.04,-7.89
1451,2026-03-05 10:15:00,2026-03-05 13:15:00,LONG,2136.04,2118.22,-17.82
1452,2026-03-05 13:15:00,2026-03-06 01:30:00,SHORT,2118.22,2072.05,46.17
1453,2026-03-06 01:30:00,2026-03-06 03:00:00,LONG,2072.05,2077.07,5.02
1454,2026-03-06 03:00:00,2026-03-06 03:15:00,SHORT,2077.07,2085.34,-8.28
1455,2026-03-06 03:15:00,2026-03-06 04:30:00,LONG,2085.34,2069.84,-15.51
1456,2026-03-06 04:30:00,2026-03-06 07:15:00,SHORT,2069.84,2078.15,-8.32
1457,2026-03-06 07:15:00,2026-03-06 08:45:00,LONG,2078.15,2075.96,-2.2
1458,2026-03-06 08:45:00,2026-03-07 02:45:00,SHORT,2075.96,1977.78,98.17
1459,2026-03-07 02:45:00,2026-03-07 04:00:00,LONG,1977.78,1973.7,-4.08
1460,2026-03-07 04:00:00,2026-03-07 07:45:00,SHORT,1973.7,1982.16,-8.46
1461,2026-03-07 07:45:00,2026-03-07 08:45:00,LONG,1982.16,1978.42,-3.74
1462,2026-03-07 08:45:00,2026-03-07 09:00:00,SHORT,1978.42,1982.1,-3.68
1463,2026-03-07 09:00:00,2026-03-07 13:30:00,LONG,1982.1,1978.64,-3.46
1464,2026-03-07 13:30:00,2026-03-07 14:30:00,SHORT,1978.64,1979.21,-0.57
1465,2026-03-07 14:30:00,2026-03-07 15:30:00,LONG,1979.21,1978.43,-0.78
1466,2026-03-07 15:30:00,2026-03-08 09:00:00,SHORT,1978.43,1963.5,14.93
1467,2026-03-08 09:00:00,2026-03-08 11:00:00,LONG,1963.5,1969.63,6.14
1468,2026-03-08 11:00:00,2026-03-08 19:15:00,SHORT,1969.63,1953.89,15.74
1469,2026-03-08 19:15:00,2026-03-08 21:00:00,LONG,1953.89,1951.05,-2.84
1470,2026-03-08 21:00:00,2026-03-09 00:00:00,SHORT,1951.05,1945.51,5.54
1471,2026-03-09 00:00:00,2026-03-09 00:15:00,LONG,1945.51,1937.47,-8.04
1472,2026-03-09 00:15:00,2026-03-09 00:30:00,SHORT,1937.47,1952.55,-15.08
1473,2026-03-09 00:30:00,2026-03-09 22:30:00,LONG,1952.55,2017.34,64.79
1474,2026-03-09 22:30:00,2026-03-10 02:30:00,SHORT,2017.34,2028.44,-11.1
1475,2026-03-10 02:30:00,2026-03-10 13:30:00,LONG,2028.44,2049.07,20.63
1476,2026-03-10 13:30:00,2026-03-10 14:45:00,SHORT,2049.07,2062.74,-13.67
1477,2026-03-10 14:45:00,2026-03-10 18:00:00,LONG,2062.74,2062.01,-0.73
1478,2026-03-10 18:00:00,2026-03-11 10:30:00,SHORT,2062.01,2026.32,35.69
1479,2026-03-11 10:30:00,2026-03-11 11:15:00,LONG,2026.32,2027.93,1.61
1480,2026-03-11 11:15:00,2026-03-11 12:15:00,SHORT,2027.93,2026.52,1.41
1481,2026-03-11 12:15:00,2026-03-11 23:45:00,LONG,2026.52,2050.0,23.48
1482,2026-03-11 23:45:00,2026-03-12 09:30:00,SHORT,2050.0,2046.83,3.17
1483,2026-03-12 09:30:00,2026-03-12 18:15:00,LONG,2046.83,2050.09,3.26
1484,2026-03-12 18:15:00,2026-03-12 19:15:00,SHORT,2050.09,2056.36,-6.27
1485,2026-03-12 19:15:00,2026-03-12 21:15:00,LONG,2056.36,2061.61,5.25
1486,2026-03-12 21:15:00,2026-03-12 22:45:00,SHORT,2061.61,2064.6,-3.0
1487,2026-03-12 22:45:00,2026-03-13 08:00:00,LONG,2064.6,2093.42,28.82
1488,2026-03-13 08:00:00,2026-03-13 08:30:00,SHORT,2093.42,2104.16,-10.74
1489,2026-03-13 08:30:00,2026-03-13 16:15:00,LONG,2104.16,2113.85,9.68
1490,2026-03-13 16:15:00,2026-03-13 16:30:00,SHORT,2113.85,2133.46,-19.61
1491,2026-03-13 16:30:00,2026-03-13 17:15:00,LONG,2133.46,2128.0,-5.46
1492,2026-03-13 17:15:00,2026-03-14 04:00:00,SHORT,2128.0,2104.43,23.56
1493,2026-03-14 04:00:00,2026-03-14 04:45:00,LONG,2104.43,2100.96,-3.47
1494,2026-03-14 04:45:00,2026-03-14 18:30:00,SHORT,2100.96,2075.71,25.25
1495,2026-03-14 18:30:00,2026-03-15 13:00:00,LONG,2075.71,2106.05,30.34
1496,2026-03-15 13:00:00,2026-03-15 17:45:00,SHORT,2106.05,2100.07,5.98
1497,2026-03-15 17:45:00,2026-03-15 18:45:00,LONG,2100.07,2103.62,3.55
1498,2026-03-15 18:45:00,2026-03-15 19:00:00,SHORT,2103.62,2106.98,-3.36
1499,2026-03-15 19:00:00,2026-03-17 03:30:00,LONG,2106.98,2327.93,220.95
1500,2026-03-17 03:30:00,2026-03-17 13:30:00,SHORT,2327.93,2328.22,-0.29
1501,2026-03-17 13:30:00,2026-03-17 15:30:00,LONG,2328.22,2310.75,-17.47
1502,2026-03-17 15:30:00,2026-03-17 16:15:00,SHORT,2310.75,2331.48,-20.73
1503,2026-03-17 16:15:00,2026-03-17 19:30:00,LONG,2331.48,2328.13,-3.35
1504,2026-03-17 19:30:00,2026-03-17 20:15:00,SHORT,2328.13,2324.45,3.68
1505,2026-03-17 20:15:00,2026-03-17 22:30:00,LONG,2324.45,2324.04,-0.41
1506,2026-03-17 22:30:00,2026-03-18 02:00:00,SHORT,2324.04,2331.32,-7.28
1507,2026-03-18 02:00:00,2026-03-18 05:15:00,LONG,2331.32,2326.27,-5.05
1508,2026-03-18 05:15:00,2026-03-18 09:00:00,SHORT,2326.27,2326.53,-0.26
1509,2026-03-18 09:00:00,2026-03-18 10:30:00,LONG,2326.53,2326.78,0.25
1510,2026-03-18 10:30:00,2026-03-19 01:30:00,SHORT,2326.78,2198.73,128.04
1511,2026-03-19 01:30:00,2026-03-19 06:00:00,LONG,2198.73,2184.19,-14.55
1512,2026-03-19 06:00:00,2026-03-19 19:15:00,SHORT,2184.19,2151.04,33.14
1513,2026-03-19 19:15:00,2026-03-19 22:30:00,LONG,2151.04,2144.43,-6.62
1514,2026-03-19 22:30:00,2026-03-19 23:00:00,SHORT,2144.43,2147.04,-2.61
1515,2026-03-19 23:00:00,2026-03-19 23:30:00,LONG,2147.04,2135.59,-11.45
1516,2026-03-19 23:30:00,2026-03-20 00:00:00,SHORT,2135.59,2144.38,-8.79
1517,2026-03-20 00:00:00,2026-03-20 06:15:00,LONG,2144.38,2133.58,-10.81
1518,2026-03-20 06:15:00,2026-03-20 07:30:00,SHORT,2133.58,2145.8,-12.22
1519,2026-03-20 07:30:00,2026-03-20 09:15:00,LONG,2145.8,2145.63,-0.17
1520,2026-03-20 09:15:00,2026-03-20 10:30:00,SHORT,2145.63,2143.29,2.34
1521,2026-03-20 10:30:00,2026-03-20 11:30:00,LONG,2143.29,2142.9,-0.39
1522,2026-03-20 11:30:00,2026-03-20 21:15:00,SHORT,2142.9,2138.84,4.05
1523,2026-03-20 21:15:00,2026-03-21 14:45:00,LONG,2138.84,2157.09,18.25
1524,2026-03-21 14:45:00,2026-03-21 18:30:00,SHORT,2157.09,2154.02,3.07
1525,2026-03-21 18:30:00,2026-03-21 18:45:00,LONG,2154.02,2152.64,-1.38
1526,2026-03-21 18:45:00,2026-03-21 20:30:00,SHORT,2152.64,2156.17,-3.54
1527,2026-03-21 20:30:00,2026-03-21 21:45:00,LONG,2156.17,2153.19,-2.98
1528,2026-03-21 21:45:00,2026-03-23 02:15:00,SHORT,2153.19,2058.15,95.05
1529,2026-03-23 02:15:00,2026-03-23 06:00:00,LONG,2058.15,2062.99,4.85
1530,2026-03-23 06:00:00,2026-03-23 08:00:00,SHORT,2062.99,2054.35,8.64
1531,2026-03-23 08:00:00,2026-03-23 09:00:00,LONG,2054.35,2041.51,-12.84
1532,2026-03-23 09:00:00,2026-03-23 11:00:00,SHORT,2041.51,2055.03,-13.52
1533,2026-03-23 11:00:00,2026-03-23 23:00:00,LONG,2055.03,2147.07,92.05
1534,2026-03-23 23:00:00,2026-03-24 07:00:00,SHORT,2147.07,2149.72,-2.65
1535,2026-03-24 07:00:00,2026-03-24 14:00:00,LONG,2149.72,2128.12,-21.6
1536,2026-03-24 14:00:00,2026-03-24 20:30:00,SHORT,2128.12,2150.53,-22.42
1537,2026-03-24 20:30:00,2026-03-25 15:00:00,LONG,2150.53,2167.01,16.48
1538,2026-03-25 15:00:00,2026-03-25 16:15:00,SHORT,2167.01,2169.65,-2.64
1539,2026-03-25 16:15:00,2026-03-25 18:30:00,LONG,2169.65,2164.37,-5.28
1540,2026-03-25 18:30:00,2026-03-25 22:30:00,SHORT,2164.37,2167.36,-2.99
1541,2026-03-25 22:30:00,2026-03-25 23:30:00,LONG,2167.36,2167.58,0.22
1542,2026-03-25 23:30:00,2026-03-26 21:15:00,SHORT,2167.58,2075.56,92.02
1543,2026-03-26 21:15:00,2026-03-26 22:15:00,LONG,2075.56,2064.04,-11.51
1544,2026-03-26 22:15:00,2026-03-27 00:00:00,SHORT,2064.04,2064.51,-0.46
1545,2026-03-27 00:00:00,2026-03-27 00:15:00,LONG,2064.51,2061.63,-2.88
1546,2026-03-27 00:15:00,2026-03-27 01:00:00,SHORT,2061.63,2070.56,-8.93
1547,2026-03-27 01:00:00,2026-03-27 03:00:00,LONG,2070.56,2064.73,-5.84
1548,2026-03-27 03:00:00,2026-03-27 05:00:00,SHORT,2064.73,2058.37,6.36
1549,2026-03-27 05:00:00,2026-03-27 08:15:00,LONG,2058.37,2057.54,-0.83
1550,2026-03-27 08:15:00,2026-03-27 23:15:00,SHORT,2057.54,1988.72,68.82
1551,2026-03-27 23:15:00,2026-03-28 01:00:00,LONG,1988.72,1990.22,1.5
1552,2026-03-28 01:00:00,2026-03-28 04:15:00,SHORT,1990.22,1990.24,-0.02
1553,2026-03-28 04:15:00,2026-03-28 21:45:00,LONG,1990.24,2016.72,26.47
1554,2026-03-28 21:45:00,2026-03-29 16:15:00,SHORT,2016.72,1998.1,18.61
1555,2026-03-29 16:15:00,2026-03-29 17:00:00,LONG,1998.1,1994.15,-3.95
1556,2026-03-29 17:00:00,2026-03-29 18:30:00,SHORT,1994.15,1997.34,-3.19
1557,2026-03-29 18:30:00,2026-03-29 19:30:00,LONG,1997.34,1994.44,-2.9
1558,2026-03-29 19:30:00,2026-03-29 20:15:00,SHORT,1994.44,1999.72,-5.28
1559,2026-03-29 20:15:00,2026-03-29 22:00:00,LONG,1999.72,2004.1,4.38
1560,2026-03-29 22:00:00,2026-03-30 00:15:00,SHORT,2004.1,1993.32,10.78
1561,2026-03-30 00:15:00,2026-03-30 17:15:00,LONG,1993.32,2053.77,60.45
1562,2026-03-30 17:15:00,2026-03-31 01:15:00,SHORT,2053.77,2047.1,6.68
1563,2026-03-31 01:15:00,2026-03-31 08:30:00,LONG,2047.1,2049.24,2.14
1564,2026-03-31 08:30:00,2026-03-31 12:15:00,SHORT,2049.24,2044.85,4.39
1565,2026-03-31 12:15:00,2026-03-31 12:45:00,LONG,2044.85,2048.68,3.83
1566,2026-03-31 12:45:00,2026-03-31 13:00:00,SHORT,2048.68,2055.95,-7.27
1567,2026-03-31 13:00:00,2026-03-31 14:45:00,LONG,2055.95,2056.08,0.13
1568,2026-03-31 14:45:00,2026-03-31 15:00:00,SHORT,2056.08,2061.42,-5.33
1569,2026-03-31 15:00:00,2026-04-01 02:15:00,LONG,2061.42,2086.19,24.77
1570,2026-04-01 02:15:00,2026-04-01 03:00:00,SHORT,2086.19,2094.42,-8.23
1571,2026-04-01 03:00:00,2026-04-01 13:30:00,LONG,2094.42,2121.73,27.31
1572,2026-04-01 13:30:00,2026-04-01 15:15:00,SHORT,2121.73,2132.46,-10.73
1573,2026-04-01 15:15:00,2026-04-01 16:00:00,LONG,2132.46,2128.11,-4.35
1574,2026-04-01 16:00:00,2026-04-01 16:15:00,SHORT,2128.11,2133.94,-5.83
1575,2026-04-01 16:15:00,2026-04-01 18:00:00,LONG,2133.94,2127.81,-6.14
1576,2026-04-01 18:00:00,2026-04-01 19:15:00,SHORT,2127.81,2137.44,-9.63
1577,2026-04-01 19:15:00,2026-04-02 01:15:00,LONG,2137.44,2129.37,-8.07
1578,2026-04-02 01:15:00,2026-04-02 14:30:00,SHORT,2129.37,2049.53,79.84
1579,2026-04-02 14:30:00,2026-04-03 01:30:00,LONG,2049.53,2055.13,5.6
1580,2026-04-03 01:30:00,2026-04-03 05:30:00,SHORT,2055.13,2057.58,-2.44
1581,2026-04-03 05:30:00,2026-04-03 12:45:00,LONG,2057.58,2051.54,-6.03
1582,2026-04-03 12:45:00,2026-04-03 21:00:00,SHORT,2051.54,2054.67,-3.12
1583,2026-04-03 21:00:00,2026-04-03 22:45:00,LONG,2054.67,2052.02,-2.65
1584,2026-04-03 22:45:00,2026-04-03 23:45:00,SHORT,2052.02,2053.05,-1.03
1585,2026-04-03 23:45:00,2026-04-04 04:00:00,LONG,2053.05,2048.94,-4.11
1586,2026-04-04 04:00:00,2026-04-04 05:15:00,SHORT,2048.94,2052.39,-3.45
1587,2026-04-04 05:15:00,2026-04-04 08:30:00,LONG,2052.39,2053.82,1.43
1588,2026-04-04 08:30:00,2026-04-04 10:30:00,SHORT,2053.82,2050.34,3.47
1589,2026-04-04 10:30:00,2026-04-04 12:30:00,LONG,2050.34,2050.2,-0.14
1590,2026-04-04 12:30:00,2026-04-04 13:30:00,SHORT,2050.2,2051.74,-1.54
1591,2026-04-04 13:30:00,2026-04-04 14:30:00,LONG,2051.74,2050.24,-1.5
1592,2026-04-04 14:30:00,2026-04-04 14:45:00,SHORT,2050.24,2052.34,-2.1
1593,2026-04-04 14:45:00,2026-04-05 02:00:00,LONG,2052.34,2054.94,2.61
1594,2026-04-05 02:00:00,2026-04-05 15:15:00,SHORT,2054.94,2044.8,10.15
1595,2026-04-05 15:15:00,2026-04-06 17:00:00,LONG,2044.8,2132.19,87.39
1596,2026-04-06 17:00:00,2026-04-06 20:15:00,SHORT,2132.19,2150.65,-18.46
1597,2026-04-06 20:15:00,2026-04-06 21:30:00,LONG,2150.65,2142.2,-8.44
1598,2026-04-06 21:30:00,2026-04-07 08:30:00,SHORT,2142.2,2114.11,28.09
1599,2026-04-07 08:30:00,2026-04-07 10:15:00,LONG,2114.11,2109.89,-4.22
1600,2026-04-07 10:15:00,2026-04-07 17:30:00,SHORT,2109.89,2090.17,19.72
1601,2026-04-07 17:30:00,2026-04-07 18:45:00,LONG,2090.17,2082.74,-7.43
1602,2026-04-07 18:45:00,2026-04-07 19:15:00,SHORT,2082.74,2093.12,-10.37
1603,2026-04-07 19:15:00,2026-04-08 11:30:00,LONG,2093.12,2248.14,155.02
1604,2026-04-08 11:30:00,2026-04-08 13:00:00,SHORT,2248.14,2262.32,-14.18
1605,2026-04-08 13:00:00,2026-04-08 13:30:00,LONG,2262.32,2252.29,-10.03
1606,2026-04-08 13:30:00,2026-04-09 08:30:00,SHORT,2252.29,2183.49,68.8
1607,2026-04-09 08:30:00,2026-04-09 08:45:00,LONG,2183.49,2184.67,1.18
1608,2026-04-09 08:45:00,2026-04-09 09:45:00,SHORT,2184.67,2190.8,-6.14
1609,2026-04-09 09:45:00,2026-04-09 11:15:00,LONG,2190.8,2181.07,-9.74
1610,2026-04-09 11:15:00,2026-04-09 12:15:00,SHORT,2181.07,2185.16,-4.09
1611,2026-04-09 12:15:00,2026-04-09 13:00:00,LONG,2185.16,2178.45,-6.71
1612,2026-04-09 13:00:00,2026-04-09 15:00:00,SHORT,2178.45,2186.32,-7.87
1613,2026-04-09 15:00:00,2026-04-09 22:45:00,LONG,2186.32,2202.29,15.97
1614,2026-04-09 22:45:00,2026-04-10 10:45:00,SHORT,2202.29,2196.59,5.7
1615,2026-04-10 10:45:00,2026-04-11 00:15:00,LONG,2196.59,2238.95,42.37
1616,2026-04-11 00:15:00,2026-04-11 01:45:00,SHORT,2238.95,2244.71,-5.75
1617,2026-04-11 01:45:00,2026-04-11 03:45:00,LONG,2244.71,2242.52,-2.18
1618,2026-04-11 03:45:00,2026-04-11 09:15:00,SHORT,2242.52,2237.2,5.32
1619,2026-04-11 09:15:00,2026-04-11 10:00:00,LONG,2237.2,2239.78,2.57
1620,2026-04-11 10:00:00,2026-04-11 11:30:00,SHORT,2239.78,2241.6,-1.82
1621,2026-04-11 11:30:00,2026-04-11 13:00:00,LONG,2241.6,2242.92,1.32
1622,2026-04-11 13:00:00,2026-04-11 14:00:00,SHORT,2242.92,2243.82,-0.9
1623,2026-04-11 14:00:00,2026-04-12 01:30:00,LONG,2243.82,2279.29,35.47
1624,2026-04-12 01:30:00,2026-04-12 18:30:00,SHORT,2279.29,2205.83,73.45
1625,2026-04-12 18:30:00,2026-04-12 19:45:00,LONG,2205.83,2197.91,-7.92
1626,2026-04-12 19:45:00,2026-04-12 20:30:00,SHORT,2197.91,2201.1,-3.19
1627,2026-04-12 20:30:00,2026-04-12 22:00:00,LONG,2201.1,2205.74,4.64
1628,2026-04-12 22:00:00,2026-04-13 00:15:00,SHORT,2205.74,2201.94,3.81
1629,2026-04-13 00:15:00,2026-04-13 02:00:00,LONG,2201.94,2199.25,-2.69
1630,2026-04-13 02:00:00,2026-04-13 02:15:00,SHORT,2199.25,2199.24,0.02
1631,2026-04-13 02:15:00,2026-04-13 02:30:00,LONG,2199.24,2196.16,-3.08
1632,2026-04-13 02:30:00,2026-04-13 12:45:00,SHORT,2196.16,2183.9,12.26
1633,2026-04-13 12:45:00,2026-04-13 13:30:00,LONG,2183.9,2189.43,5.54
1634,2026-04-13 13:30:00,2026-04-13 13:45:00,SHORT,2189.43,2196.84,-7.41
1635,2026-04-13 13:45:00,2026-04-14 11:15:00,LONG,2196.84,2369.36,172.52
1636,2026-04-14 11:15:00,2026-04-14 11:45:00,SHORT,2369.36,2377.02,-7.66
1637,2026-04-14 11:45:00,2026-04-14 12:00:00,LONG,2377.02,2370.21,-6.81
1638,2026-04-14 12:00:00,2026-04-14 13:00:00,SHORT,2370.21,2378.77,-8.57
1639,2026-04-14 13:00:00,2026-04-14 14:45:00,LONG,2378.77,2354.81,-23.97
1640,2026-04-14 14:45:00,2026-04-15 04:00:00,SHORT,2354.81,2333.64,21.16
1641,2026-04-15 04:00:00,2026-04-15 05:15:00,LONG,2333.64,2325.05,-8.6
1642,2026-04-15 05:15:00,2026-04-15 08:30:00,SHORT,2325.05,2329.98,-4.94
1643,2026-04-15 08:30:00,2026-04-15 09:00:00,LONG,2329.98,2321.44,-8.55
1644,2026-04-15 09:00:00,2026-04-15 11:00:00,SHORT,2321.44,2323.1,-1.66
1645,2026-04-15 11:00:00,2026-04-15 13:30:00,LONG,2323.1,2327.87,4.77
1646,2026-04-15 13:30:00,2026-04-15 13:45:00,SHORT,2327.87,2324.95,2.91
1647,2026-04-15 13:45:00,2026-04-16 04:45:00,LONG,2324.95,2357.77,32.81
1648,2026-04-16 04:45:00,2026-04-16 13:15:00,SHORT,2357.77,2350.49,7.27
1649,2026-04-16 13:15:00,2026-04-16 13:30:00,LONG,2350.49,2344.53,-5.96
1650,2026-04-16 13:30:00,2026-04-16 18:45:00,SHORT,2344.53,2341.44,3.09
1651,2026-04-16 18:45:00,2026-04-17 01:15:00,LONG,2341.44,2339.65,-1.79
1652,2026-04-17 01:15:00,2026-04-17 07:00:00,SHORT,2339.65,2334.76,4.89
1653,2026-04-17 07:00:00,2026-04-17 07:15:00,LONG,2334.76,2335.2,0.45
1654,2026-04-17 07:15:00,2026-04-17 08:15:00,SHORT,2335.2,2341.56,-6.35
1655,2026-04-17 08:15:00,2026-04-18 00:30:00,LONG,2341.56,2416.18,74.62
1656,2026-04-18 00:30:00,2026-04-18 22:45:00,SHORT,2416.18,2357.88,58.3
1657,2026-04-18 22:45:00,2026-04-18 23:45:00,LONG,2357.88,2350.04,-7.83
1658,2026-04-18 23:45:00,2026-04-19 12:00:00,SHORT,2350.04,2334.36,15.69
1659,2026-04-19 12:00:00,2026-04-19 12:15:00,LONG,2334.36,2328.57,-5.79
1660,2026-04-19 12:15:00,2026-04-19 12:45:00,SHORT,2328.57,2330.19,-1.62
1661,2026-04-19 12:45:00,2026-04-19 15:30:00,LONG,2330.19,2329.47,-0.72
1662,2026-04-19 15:30:00,2026-04-20 06:30:00,SHORT,2329.47,2279.69,49.78
1663,2026-04-20 06:30:00,2026-04-20 14:45:00,LONG,2279.69,2289.2,9.5
1664,2026-04-20 14:45:00,2026-04-20 15:15:00,SHORT,2289.2,2307.21,-18.02
1665,2026-04-20 15:15:00,2026-04-20 23:00:00,LONG,2307.21,2314.72,7.51
1666,2026-04-20 23:00:00,2026-04-21 00:45:00,SHORT,2314.72,2320.24,-5.52
1667,2026-04-21 00:45:00,2026-04-21 01:45:00,LONG,2320.24,2317.36,-2.89
1668,2026-04-21 01:45:00,2026-04-21 06:30:00,SHORT,2317.36,2312.65,4.71
1669,2026-04-21 06:30:00,2026-04-21 07:00:00,LONG,2312.65,2312.77,0.13
1670,2026-04-21 07:00:00,2026-04-21 07:15:00,SHORT,2312.77,2319.53,-6.75
1671,2026-04-21 07:15:00,2026-04-21 12:30:00,LONG,2319.53,2312.6,-6.93
1672,2026-04-21 12:30:00,2026-04-21 14:30:00,SHORT,2312.6,2322.58,-9.99
1673,2026-04-21 14:30:00,2026-04-21 14:45:00,LONG,2322.58,2312.72,-9.86
1674,2026-04-21 14:45:00,2026-04-21 19:00:00,SHORT,2312.72,2319.82,-7.09
1675,2026-04-21 19:00:00,2026-04-21 19:30:00,LONG,2319.82,2316.0,-3.82
1676,2026-04-21 19:30:00,2026-04-21 20:00:00,SHORT,2316.0,2311.88,4.12
1677,2026-04-21 20:00:00,2026-04-21 22:15:00,LONG,2311.88,2311.13,-0.75
1678,2026-04-21 22:15:00,2026-04-21 23:00:00,SHORT,2311.13,2316.86,-5.73
1679,2026-04-21 23:00:00,2026-04-22 19:00:00,LONG,2316.86,2390.94,74.09
1680,2026-04-22 19:00:00,2026-04-22 19:15:00,SHORT,2390.94,2400.57,-9.62
1681,2026-04-22 19:15:00,2026-04-22 19:30:00,LONG,2400.57,2398.35,-2.22
1682,2026-04-22 19:30:00,2026-04-22 21:30:00,SHORT,2398.35,2401.04,-2.7
1683,2026-04-22 21:30:00,2026-04-22 22:15:00,LONG,2401.04,2398.21,-2.83
1684,2026-04-22 22:15:00,2026-04-23 20:30:00,SHORT,2398.21,2324.64,73.57
1685,2026-04-23 20:30:00,2026-04-24 02:45:00,LONG,2324.64,2323.85,-0.79
1686,2026-04-24 02:45:00,2026-04-24 11:00:00,SHORT,2323.85,2320.01,3.84
1687,2026-04-24 11:00:00,2026-04-24 14:00:00,LONG,2320.01,2311.41,-8.61
1688,2026-04-24 14:00:00,2026-04-24 14:30:00,SHORT,2311.41,2313.62,-2.21
1689,2026-04-24 14:30:00,2026-04-24 15:00:00,LONG,2313.62,2305.79,-7.82
1690,2026-04-24 15:00:00,2026-04-24 15:30:00,SHORT,2305.79,2319.68,-13.89
1691,2026-04-24 15:30:00,2026-04-24 17:15:00,LONG,2319.68,2313.94,-5.74
1692,2026-04-24 17:15:00,2026-04-24 17:45:00,SHORT,2313.94,2319.92,-5.98
1693,2026-04-24 17:45:00,2026-04-24 20:15:00,LONG,2319.92,2317.19,-2.73
1694,2026-04-24 20:15:00,2026-04-24 20:30:00,SHORT,2317.19,2319.87,-2.68
1695,2026-04-24 20:30:00,2026-04-24 21:00:00,LONG,2319.87,2322.8,2.93
1696,2026-04-24 21:00:00,2026-04-25 01:00:00,SHORT,2322.8,2317.85,4.95
1697,2026-04-25 01:00:00,2026-04-25 03:15:00,LONG,2317.85,2315.63,-2.22
1698,2026-04-25 03:15:00,2026-04-25 08:00:00,SHORT,2315.63,2318.07,-2.44
1699,2026-04-25 08:00:00,2026-04-25 11:15:00,LONG,2318.07,2315.43,-2.64
1700,2026-04-25 11:15:00,2026-04-25 14:00:00,SHORT,2315.43,2317.69,-2.26
1701,2026-04-25 14:00:00,2026-04-25 15:45:00,LONG,2317.69,2315.41,-2.28
1702,2026-04-25 15:45:00,2026-04-25 21:00:00,SHORT,2315.41,2315.0,0.41
1703,2026-04-25 21:00:00,2026-04-26 01:45:00,LONG,2315.0,2313.61,-1.38
1704,2026-04-26 01:45:00,2026-04-26 02:00:00,SHORT,2313.61,2316.2,-2.58
1705,2026-04-26 02:00:00,2026-04-26 03:15:00,LONG,2316.2,2314.1,-2.1
1706,2026-04-26 03:15:00,2026-04-26 04:45:00,SHORT,2314.1,2315.25,-1.15
1707,2026-04-26 04:45:00,2026-04-27 05:00:00,LONG,2315.25,2378.46,63.21
1708,2026-04-27 05:00:00,2026-04-27 23:30:00,SHORT,2378.46,2296.18,82.28
1709,2026-04-27 23:30:00,2026-04-28 02:15:00,LONG,2296.18,2295.28,-0.89
1710,2026-04-28 02:15:00,2026-04-28 05:15:00,SHORT,2295.28,2294.45,0.84
1711,2026-04-28 05:15:00,2026-04-28 05:30:00,LONG,2294.45,2288.89,-5.55
1712,2026-04-28 05:30:00,2026-04-28 16:45:00,SHORT,2288.89,2279.59,9.3
1713,2026-04-28 16:45:00,2026-04-29 01:00:00,LONG,2279.59,2289.41,9.82
1714,2026-04-29 01:00:00,2026-04-29 01:30:00,SHORT,2289.41,2286.28,3.12
1715,2026-04-29 01:30:00,2026-04-29 12:15:00,LONG,2286.28,2315.49,29.21
1716,2026-04-29 12:15:00,2026-04-30 00:45:00,SHORT,2315.49,2269.62,45.87
1717,2026-04-30 00:45:00,2026-04-30 02:30:00,LONG,2269.62,2256.77,-12.85
1718,2026-04-30 02:30:00,2026-04-30 07:30:00,SHORT,2256.77,2257.31,-0.54
1719,2026-04-30 07:30:00,2026-04-30 17:15:00,LONG,2257.31,2252.08,-5.23
1720,2026-04-30 17:15:00,2026-04-30 18:30:00,SHORT,2252.08,2260.1,-8.02
1721,2026-04-30 18:30:00,2026-04-30 21:15:00,LONG,2260.1,2261.72,1.63
1722,2026-04-30 21:15:00,2026-05-01 00:00:00,SHORT,2261.72,2259.66,2.07
1723,2026-05-01 00:00:00,2026-05-01 00:45:00,LONG,2259.66,2260.77,1.12
1724,2026-05-01 00:45:00,2026-05-01 01:00:00,SHORT,2260.77,2263.61,-2.84
1725,2026-05-01 01:00:00,2026-05-01 20:30:00,LONG,2263.61,2296.68,33.06
1726,2026-05-01 20:30:00,2026-05-02 02:45:00,SHORT,2296.68,2301.11,-4.44
1727,2026-05-02 02:45:00,2026-05-02 05:00:00,LONG,2301.11,2299.26,-1.85
1728,2026-05-02 05:00:00,2026-05-02 06:00:00,SHORT,2299.26,2301.28,-2.02
1729,2026-05-02 06:00:00,2026-05-02 06:15:00,LONG,2301.28,2297.65,-3.63
1730,2026-05-02 06:15:00,2026-05-02 06:30:00,SHORT,2297.65,2299.38,-1.73
1731,2026-05-02 06:30:00,2026-05-03 01:00:00,LONG,2299.38,2310.19,10.81
1732,2026-05-03 01:00:00,2026-05-03 07:15:00,SHORT,2310.19,2310.34,-0.15
1733,2026-05-03 07:15:00,2026-05-03 21:30:00,LONG,2310.34,2324.17,13.83
1734,2026-05-03 21:30:00,2026-05-03 22:00:00,SHORT,2324.17,2331.24,-7.07
1735,2026-05-03 22:00:00,2026-05-03 23:15:00,LONG,2331.24,2326.41,-4.83
1736,2026-05-03 23:15:00,2026-05-04 01:45:00,SHORT,2326.41,2334.7,-8.29
1737,2026-05-04 01:45:00,2026-05-04 10:00:00,LONG,2334.7,2364.34,29.64
1738,2026-05-04 10:00:00,2026-05-04 14:45:00,SHORT,2364.34,2361.49,2.84
1739,2026-05-04 14:45:00,2026-05-04 15:15:00,LONG,2361.49,2354.11,-7.39
1740,2026-05-04 15:15:00,2026-05-04 16:15:00,SHORT,2354.11,2353.98,0.13
1741,2026-05-04 16:15:00,2026-05-04 20:30:00,LONG,2353.98,2348.14,-5.84
1742,2026-05-04 20:30:00,2026-05-04 21:00:00,SHORT,2348.14,2353.88,-5.74
1743,2026-05-04 21:00:00,2026-05-04 23:00:00,LONG,2353.88,2350.63,-3.25
1744,2026-05-04 23:00:00,2026-05-05 00:30:00,SHORT,2350.63,2352.12,-1.49
1745,2026-05-05 00:30:00,2026-05-05 09:30:00,LONG,2352.12,2366.95,14.83
1746,2026-05-05 09:30:00,2026-05-05 10:15:00,SHORT,2366.95,2374.3,-7.35
1747,2026-05-05 10:15:00,2026-05-05 14:30:00,LONG,2374.3,2373.88,-0.42
1748,2026-05-05 14:30:00,2026-05-05 20:00:00,SHORT,2373.88,2375.35,-1.47
1749,2026-05-05 20:00:00,2026-05-05 21:30:00,LONG,2375.35,2370.66,-4.68
1750,2026-05-05 21:30:00,2026-05-06 03:15:00,SHORT,2370.66,2373.08,-2.41
1751,2026-05-06 03:15:00,2026-05-06 04:45:00,LONG,2373.08,2368.01,-5.06
1752,2026-05-06 04:45:00,2026-05-06 06:30:00,SHORT,2368.01,2369.9,-1.88
1753,2026-05-06 06:30:00,2026-05-06 13:45:00,LONG,2369.9,2368.12,-1.77
1754,2026-05-06 13:45:00,2026-05-07 07:00:00,SHORT,2368.12,2342.41,25.71
1755,2026-05-07 07:00:00,2026-05-07 09:15:00,LONG,2342.41,2330.92,-11.49
1756,2026-05-07 09:15:00,2026-05-07 12:00:00,SHORT,2330.92,2333.16,-2.24
1757,2026-05-07 12:00:00,2026-05-07 13:00:00,LONG,2333.16,2329.06,-4.1
1758,2026-05-07 13:00:00,2026-05-08 08:30:00,SHORT,2329.06,2284.96,44.11
1759,2026-05-08 08:30:00,2026-05-08 13:00:00,LONG,2284.96,2278.5,-6.46
1760,2026-05-08 13:00:00,2026-05-08 14:30:00,SHORT,2278.5,2288.24,-9.74
1761,2026-05-08 14:30:00,2026-05-09 07:00:00,LONG,2288.24,2311.5,23.26
1762,2026-05-09 07:00:00,2026-05-09 07:15:00,SHORT,2311.5,2316.19,-4.69
1763,2026-05-09 07:15:00,2026-05-09 09:15:00,LONG,2316.19,2313.24,-2.95
1764,2026-05-09 09:15:00,2026-05-09 10:30:00,SHORT,2313.24,2313.89,-0.65
1765,2026-05-09 10:30:00,2026-05-09 13:15:00,LONG,2313.89,2313.63,-0.26
1766,2026-05-09 13:15:00,2026-05-09 17:00:00,SHORT,2313.63,2323.52,-9.89
1767,2026-05-09 17:00:00,2026-05-10 01:15:00,LONG,2323.52,2319.41,-4.12
1768,2026-05-10 01:15:00,2026-05-10 02:15:00,SHORT,2319.41,2324.56,-5.16
1769,2026-05-10 02:15:00,2026-05-10 03:15:00,LONG,2324.56,2325.45,0.88
1770,2026-05-10 03:15:00,2026-05-10 03:30:00,SHORT,2325.45,2328.25,-2.8
1771,2026-05-10 03:30:00,2026-05-10 06:15:00,LONG,2328.25,2327.47,-0.77
1772,2026-05-10 06:15:00,2026-05-10 06:30:00,SHORT,2327.47,2328.23,-0.76
1773,2026-05-10 06:30:00,2026-05-10 10:00:00,LONG,2328.23,2326.52,-1.7
1774,2026-05-10 10:00:00,2026-05-10 13:00:00,SHORT,2326.52,2325.85,0.68
1775,2026-05-10 13:00:00,2026-05-10 20:30:00,LONG,2325.85,2346.68,20.84
1776,2026-05-10 20:30:00,2026-05-10 22:00:00,SHORT,2346.68,2339.4,7.28
1777,2026-05-10 22:00:00,2026-05-11 02:15:00,LONG,2339.4,2347.74,8.34
1778,2026-05-11 02:15:00,2026-05-11 15:15:00,SHORT,2347.74,2329.03,18.71
1779,2026-05-11 15:15:00,2026-05-11 16:30:00,LONG,2329.03,2329.51,0.48
1780,2026-05-11 16:30:00,2026-05-11 17:30:00,SHORT,2329.51,2334.5,-4.99
1781,2026-05-11 17:30:00,2026-05-12 01:00:00,LONG,2334.5,2330.56,-3.94
1782,2026-05-12 01:00:00,2026-05-12 19:00:00,SHORT,2330.56,2282.56,48.0
1783,2026-05-12 19:00:00,2026-05-12 23:30:00,LONG,2282.56,2280.24,-2.32
1784,2026-05-12 23:30:00,2026-05-13 00:15:00,SHORT,2280.24,2281.26,-1.03
1785,2026-05-13 00:15:00,2026-05-13 12:15:00,LONG,2281.26,2300.0,18.74
1786,2026-05-13 12:15:00,2026-05-14 00:00:00,SHORT,2300.0,2261.6,38.4
1787,2026-05-14 00:00:00,2026-05-14 02:45:00,LONG,2261.6,2257.45,-4.15
1788,2026-05-14 02:45:00,2026-05-14 05:15:00,SHORT,2257.45,2260.85,-3.4
1789,2026-05-14 05:15:00,2026-05-14 09:30:00,LONG,2260.85,2258.15,-2.7
1790,2026-05-14 09:30:00,2026-05-14 10:00:00,SHORT,2258.15,2261.49,-3.34
1791,2026-05-14 10:00:00,2026-05-14 10:30:00,LONG,2261.49,2259.41,-2.08
1792,2026-05-14 10:30:00,2026-05-14 10:45:00,SHORT,2259.41,2262.42,-3.01
1793,2026-05-14 10:45:00,2026-05-14 12:15:00,LONG,2262.42,2248.91,-13.5
1794,2026-05-14 12:15:00,2026-05-14 14:15:00,SHORT,2248.91,2264.66,-15.75
1795,2026-05-14 14:15:00,2026-05-14 23:45:00,LONG,2264.66,2287.98,23.31
1796,2026-05-14 23:45:00,2026-05-15 00:00:00,SHORT,2287.98,2288.46,-0.49
1797,2026-05-15 00:00:00,2026-05-15 00:30:00,LONG,2288.46,2287.52,-0.95
1798,2026-05-15 00:30:00,2026-05-16 00:00:00,SHORT,2287.52,2226.34,61.18
1799,2026-05-16 00:00:00,2026-05-16 01:15:00,LONG,2226.34,2226.07,-0.27
1800,2026-05-16 01:15:00,2026-05-16 01:45:00,SHORT,2226.07,2226.74,-0.67
1801,2026-05-16 01:45:00,2026-05-16 04:30:00,LONG,2226.74,2223.57,-3.18
1802,2026-05-16 04:30:00,2026-05-16 04:45:00,SHORT,2223.57,2225.86,-2.29
1803,2026-05-16 04:45:00,2026-05-16 06:00:00,LONG,2225.86,2223.18,-2.68
1804,2026-05-16 06:00:00,2026-05-16 20:00:00,SHORT,2223.18,2181.56,41.62
1805,2026-05-16 20:00:00,2026-05-17 00:45:00,LONG,2181.56,2179.01,-2.55
1806,2026-05-17 00:45:00,2026-05-17 01:00:00,SHORT,2179.01,2180.83,-1.83
1807,2026-05-17 01:00:00,2026-05-17 01:15:00,LONG,2180.83,2177.54,-3.29
1808,2026-05-17 01:15:00,2026-05-17 03:30:00,SHORT,2177.54,2180.74,-3.2
1809,2026-05-17 03:30:00,2026-05-17 15:15:00,LONG,2180.74,2182.7,1.96
1810,2026-05-17 15:15:00,2026-05-17 18:45:00,SHORT,2182.7,2186.93,-4.23
1811,2026-05-17 18:45:00,2026-05-17 22:00:00,LONG,2186.93,2189.9,2.97
1812,2026-05-17 22:00:00,2026-05-18 11:30:00,SHORT,2189.9,2117.43,72.47
1813,2026-05-18 11:30:00,2026-05-18 14:15:00,LONG,2117.43,2115.93,-1.5
1814,2026-05-18 14:15:00,2026-05-18 19:45:00,SHORT,2115.93,2127.42,-11.49
1815,2026-05-18 19:45:00,2026-05-19 09:15:00,LONG,2127.42,2127.28,-0.13
1816,2026-05-19 09:15:00,2026-05-19 19:00:00,SHORT,2127.28,2119.29,7.99
1817,2026-05-19 19:00:00,2026-05-19 19:15:00,LONG,2119.29,2117.92,-1.37
1818,2026-05-19 19:15:00,2026-05-19 23:15:00,SHORT,2117.92,2115.59,2.33
1819,2026-05-19 23:15:00,2026-05-19 23:45:00,LONG,2115.59,2111.9,-3.69
1820,2026-05-19 23:45:00,2026-05-20 01:00:00,SHORT,2111.9,2115.95,-4.05
1821,2026-05-20 01:00:00,2026-05-20 01:15:00,LONG,2115.95,2110.1,-5.85
1822,2026-05-20 01:15:00,2026-05-20 01:45:00,SHORT,2110.1,2112.92,-2.81
1823,2026-05-20 01:45:00,2026-05-20 02:30:00,LONG,2112.92,2106.25,-6.66
1824,2026-05-20 02:30:00,2026-05-20 03:15:00,SHORT,2106.25,2111.19,-4.94
1825,2026-05-20 03:15:00,2026-05-20 04:30:00,LONG,2111.19,2110.04,-1.15
1826,2026-05-20 04:30:00,2026-05-20 05:00:00,SHORT,2110.04,2115.58,-5.54
1827,2026-05-20 05:00:00,2026-05-20 13:30:00,LONG,2115.58,2122.41,6.84
1828,2026-05-20 13:30:00,2026-05-20 14:15:00,SHORT,2122.41,2129.87,-7.46
1829,2026-05-20 14:15:00,2026-05-20 16:15:00,LONG,2129.87,2131.45,1.58
1830,2026-05-20 16:15:00,2026-05-20 16:30:00,SHORT,2131.45,2134.79,-3.34
1831,2026-05-20 16:30:00,2026-05-20 21:15:00,LONG,2134.79,2133.84,-0.96
1832,2026-05-20 21:15:00,2026-05-21 00:45:00,SHORT,2133.84,2139.79,-5.96
1833,2026-05-21 00:45:00,2026-05-21 05:45:00,LONG,2139.79,2137.43,-2.36
1834,2026-05-21 05:45:00,2026-05-21 08:00:00,SHORT,2137.43,2138.43,-1.0
1835,2026-05-21 08:00:00,2026-05-21 09:30:00,LONG,2138.43,2133.94,-4.48
1836,2026-05-21 09:30:00,2026-05-21 15:00:00,SHORT,2133.94,2129.46,4.49
1837,2026-05-21 15:00:00,2026-05-21 16:30:00,LONG,2129.46,2125.38,-4.08
1838,2026-05-21 16:30:00,2026-05-21 17:00:00,SHORT,2125.38,2132.91,-7.54
1839,2026-05-21 17:00:00,2026-05-21 18:45:00,LONG,2132.91,2133.99,1.08
1840,2026-05-21 18:45:00,2026-05-21 19:00:00,SHORT,2133.99,2133.82,0.17
1841,2026-05-21 19:00:00,2026-05-21 23:00:00,LONG,2133.82,2129.47,-4.35
1842,2026-05-21 23:00:00,2026-05-21 23:15:00,SHORT,2129.47,2131.99,-2.52
1843,2026-05-21 23:15:00,2026-05-22 01:15:00,LONG,2131.99,2129.99,-2.0
1844,2026-05-22 01:15:00,2026-05-22 01:45:00,SHORT,2129.99,2135.57,-5.57
1845,2026-05-22 01:45:00,2026-05-22 04:30:00,LONG,2135.57,2135.64,0.07
1846,2026-05-22 04:30:00,2026-05-22 11:45:00,SHORT,2135.64,2128.71,6.92
1847,2026-05-22 11:45:00,2026-05-22 13:15:00,LONG,2128.71,2130.36,1.64
1848,2026-05-22 13:15:00,2026-05-22 17:15:00,SHORT,2130.36,2128.35,2.0
1849,2026-05-22 17:15:00,2026-05-22 17:45:00,LONG,2128.35,2122.19,-6.16
1850,2026-05-22 17:45:00,2026-05-23 14:30:00,SHORT,2122.19,2050.81,71.38
1851,2026-05-23 14:30:00,2026-05-24 12:15:00,LONG,2050.81,2121.37,70.56
1852,2026-05-24 12:15:00,2026-05-24 12:30:00,SHORT,2121.37,2121.6,-0.22
1853,2026-05-24 12:30:00,2026-05-24 13:45:00,LONG,2121.6,2116.18,-5.41
1854,2026-05-24 13:45:00,2026-05-24 23:30:00,SHORT,2116.18,2098.34,17.84
1855,2026-05-24 23:30:00,2026-05-25 01:45:00,LONG,2098.34,2098.93,0.59
1856,2026-05-25 01:45:00,2026-05-25 02:00:00,SHORT,2098.93,2098.48,0.45
1857,2026-05-25 02:00:00,2026-05-25 19:30:00,LONG,2098.48,2122.98,24.5
1858,2026-05-25 19:30:00,2026-05-26 10:00:00,SHORT,2122.98,2099.58,23.4
1859,2026-05-26 10:00:00,2026-05-26 15:15:00,LONG,2099.58,2099.45,-0.14
1860,2026-05-26 15:15:00,2026-05-27 05:15:00,SHORT,2099.45,2077.37,22.08
1861,2026-05-27 05:15:00,2026-05-27 12:00:00,LONG,2077.37,2077.44,0.07
1862,2026-05-27 12:00:00,2026-05-27 12:15:00,SHORT,2077.44,2080.19,-2.76
1863,2026-05-27 12:15:00,2026-05-27 13:00:00,LONG,2080.19,2072.29,-7.9
1864,2026-05-27 13:00:00,2026-05-28 14:00:00,SHORT,2072.29,1987.94,84.35
1865,2026-05-28 14:00:00,2026-05-29 01:15:00,LONG,1987.94,2009.74,21.8
1866,2026-05-29 01:15:00,2026-05-29 05:45:00,SHORT,2009.74,2012.42,-2.69
1867,2026-05-29 05:45:00,2026-05-29 07:30:00,LONG,2012.42,2013.18,0.75
1868,2026-05-29 07:30:00,2026-05-29 09:00:00,SHORT,2013.18,2009.41,3.77
1869,2026-05-29 09:00:00,2026-05-29 11:30:00,LONG,2009.41,2007.56,-1.85
1870,2026-05-29 11:30:00,2026-05-29 15:00:00,SHORT,2007.56,2012.24,-4.68
1871,2026-05-29 15:00:00,2026-05-29 18:45:00,LONG,2012.24,2020.3,8.06
1872,2026-05-29 18:45:00,2026-05-29 19:30:00,SHORT,2020.3,2017.9,2.39
1873,2026-05-29 19:30:00,2026-05-29 21:15:00,LONG,2017.9,2017.53,-0.37
1874,2026-05-29 21:15:00,2026-05-30 01:00:00,SHORT,2017.53,2017.51,0.03
1875,2026-05-30 01:00:00,2026-05-30 02:15:00,LONG,2017.51,2017.41,-0.1
1876,2026-05-30 02:15:00,2026-05-30 02:30:00,SHORT,2017.41,2020.18,-2.78
1877,2026-05-30 02:30:00,2026-05-30 03:15:00,LONG,2020.18,2020.51,0.32
1878,2026-05-30 03:15:00,2026-05-30 06:30:00,SHORT,2020.51,2018.96,1.54
1879,2026-05-30 06:30:00,2026-05-30 07:30:00,LONG,2018.96,2015.15,-3.81
1880,2026-05-30 07:30:00,2026-05-30 07:45:00,SHORT,2015.15,2016.19,-1.04
1881,2026-05-30 07:45:00,2026-05-30 22:30:00,LONG,2016.19,2021.97,5.77
1882,2026-05-30 22:30:00,2026-05-31 00:15:00,SHORT,2021.97,2024.88,-2.91
